nom,RA,Dec,Tmag,n_candidats,periodes,snr_max,verdict_auto,raisons_auto,n_secteurs,secondes,status
TIC 469811127,300.1501,-72.9114,4.0,0,,,,,10,13.0,ok
TIC 149988523,90.5391,-60.0968,4.0,0,,,,,44,10.6,ok
TIC 368561968,267.885,-40.7729,4.03,0,,,,,4,5.0,ok
TIC 149185599,265.713,-36.9457,4.05,0,,,,,3,4.0,ok
TIC 140692280,73.7974,-74.9364,4.07,0,,,,,42,12.2,ok
TIC 402750321,224.4686,-76.6628,4.08,0,,,,,8,10.4,ok
TIC 74742533,265.8289,-57.724,4.11,0,,,,,8,10.4,ok
TIC 278987417,101.8279,-55.5398,4.14,0,,,,,37,11.5,ok
TIC 188405014,258.6152,-39.7667,4.14,0,,,,,4,5.6,ok
TIC 149542947,86.1927,-65.7355,4.14,0,,,,,33,12.3,ok
TIC 318179763,309.5776,-81.2893,4.14,0,,,,,8,10.3,ok
TIC 167088607,95.66,-69.9838,4.15,0,,,,,40,11.6,ok
TIC 402453271,247.7055,-61.6336,4.15,0,,,,,8,10.4,ok
TIC 303696290,272.1454,-63.6699,4.16,0,,,,,9,11.5,ok
TIC 447097898,238.8732,-68.603,4.18,0,,,,,8,10.1,ok
TIC 451606344,283.6902,-87.6068,4.19,0,,,,,7,9.0,ok
TIC 170602411,253.501,-57.9104,4.21,0,,,,,4,5.5,ok
TIC 323350946,131.4787,-79.5038,4.22,0,,,,,10,13.4,ok
TIC 381949122,76.3773,-57.4719,4.22,0,,,,,45,11.8,ok
TIC 301404113,256.1402,-68.2789,4.22,0,,,,,8,10.2,ok
TIC 141280255,82.9744,-76.339,4.23,0,,,,,42,11.2,ok
TIC 260605873,97.3682,-56.8525,4.24,0,,,,,44,11.3,ok
TIC 382018068,257.676,-44.5582,4.26,0,,,,,6,7.9,ok
TIC 214455108,261.5003,-50.6335,4.28,0,,,,,6,8.3,ok
TIC 410255832,358.0246,-82.0189,4.29,0,,,,,8,10.8,ok
TIC 382198789,81.5801,-58.9123,4.32,0,,,,,43,11.6,ok
TIC 406098838,283.1656,-52.1081,4.33,0,,,,,4,5.3,ok
TIC 342682604,254.4592,-39.1157,4.35,0,,,,,4,5.4,ok
TIC 383715654,218.8595,-89.7718,4.35,0,,,,,8,10.2,ok
TIC 96745915,265.1004,-49.4168,4.35,0,,,,,6,7.4,ok
TIC 376669357,292.796,-68.434,4.35,0,,,,,10,12.8,ok
TIC 401821273,352.0185,-87.4821,4.37,0,,,,,7,8.7,ok
TIC 375232307,283.0543,-62.1877,4.37,0,,,,,9,11.3,ok
TIC 426665045,235.668,-65.9247,4.38,0,,,,,9,11.9,ok
TIC 362747897,247.1214,-70.0836,4.38,0,,,,,6,8.0,ok
TIC 255686390,98.744,-52.9755,4.38,0,,,,,23,12.0,ok
TIC 38680734,65.4735,-63.3851,4.38,0,,,,,45,11.6,ok
TIC 108848226,265.7786,-33.0513,4.38,0,,,,,5,6.8,ok
TIC 198257590,260.6634,-37.8046,4.39,0,,,,,4,5.9,ok
TIC 357366411,184.5852,-79.3122,4.4,0,,,,,7,9.3,ok
TIC 278202079,111.4077,-79.0942,4.41,0,,,,,23,12.1,ok
TIC 141810080,92.5636,-74.7545,4.43,0,,,,,45,11.6,ok
TIC 340411624,253.7438,-41.1509,4.43,0,,,,,5,6.8,ok
TIC 299800007,37.9234,-79.1098,4.43,0,,,,,11,12.2,ok
TIC 149304313,83.2489,-64.2275,4.45,0,,,,,40,11.1,ok
TIC 30762159,75.6791,-71.3142,4.46,0,,,,,42,11.5,ok
TIC 237948257,101.4738,-52.4096,4.47,0,,,,,20,12.2,ok
TIC 25858367,276.2548,-30.7571,4.47,0,,,,,5,6.9,ok
TIC 464139856,267.5463,-40.0904,4.48,0,,,,,4,5.9,ok
TIC 150320620,95.7558,-63.683,4.5,1,2.2113,17.0,rejete,variabilite_continue;eclipse_secondaire;compagnon_trop_gros_8.6Rjup,40,17.1,ok
TIC 38574220,63.7022,-62.1911,4.5,0,,,,,42,12.3,ok
TIC 38699658,66.272,-61.238,4.5,0,,,,,44,11.9,ok
TIC 262822171,229.8707,-71.7921,4.51,0,,,,,9,11.7,ok
TIC 45344564,257.8209,-32.3252,4.51,0,,,,,5,6.5,ok
TIC 362661163,266.0361,-51.8354,4.51,0,,,,,5,6.4,ok
TIC 382276084,287.4733,-68.4248,4.52,0,,,,,10,12.6,ok
TIC 167126852,96.369,-69.6889,4.53,0,,,,,42,12.9,ok
TIC 102643159,263.6771,-32.5817,4.53,0,,,,,6,8.1,ok
TIC 363268904,248.5803,-70.9882,4.53,0,,,,,7,9.2,ok
TIC 35279602,253.9908,-33.5068,4.53,0,,,,,5,6.5,ok
TIC 291560156,279.1066,-35.4473,4.53,0,,,,,2,3.0,ok
TIC 381925942,76.2525,-54.4074,4.54,0,,,,,21,11.9,ok
TIC 306829961,121.9819,-68.6169,4.55,0,,,,,38,10.9,ok
TIC 418654329,208.9106,-82.6664,4.56,0,,,,,7,9.4,ok
TIC 406850268,226.195,-83.0384,4.56,0,,,,,6,8.2,ok
TIC 91240021,277.9843,-43.5074,4.56,0,,,,,4,5.4,ok
TIC 88440946,273.9734,-44.2064,4.57,0,,,,,4,5.7,ok
TIC 41026067,256.2056,-34.1229,4.58,0,,,,,5,6.7,ok
TIC 90913281,277.4834,-47.2206,4.6,0,,,,,4,5.3,ok
TIC 265435357,316.1798,-77.0264,4.61,0,,,,,9,11.3,ok
TIC 224564019,246.7959,-47.5549,4.62,0,,,,,5,6.5,ok
TIC 464405850,281.3626,-64.8723,4.62,0,,,,,7,9.2,ok
TIC 453221781,146.5885,-76.7765,4.63,0,,,,,10,12.4,ok
TIC 108589181,265.8583,-35.2977,4.65,0,,,,,3,4.0,ok
TIC 360541225,240.3551,-66.8488,4.65,0,,,,,8,10.3,ok
TIC 79260448,251.6997,-39.3772,4.66,0,,,,,5,6.5,ok
TIC 394821434,161.4443,-80.5401,4.66,0,,,,,8,10.5,ok
TIC 220424200,72.2697,-56.6664,4.66,0,,,,,29,12.0,ok
TIC 392772420,327.7312,-82.7191,4.67,0,,,,,7,8.1,ok
TIC 59784707,275.8702,-36.238,4.68,0,,,,,4,5.5,ok
TIC 122112329,255.1348,-45.4518,4.68,0,,,,,6,7.6,ok
TIC 256228210,268.3478,-34.8952,4.69,0,,,,,4,5.1,ok
TIC 282326777,214.557,-81.0082,4.69,0,,,,,8,10.5,ok
TIC 412825055,263.0437,-51.0741,4.69,0,,,,,5,6.7,ok
TIC 324134227,276.7251,-48.1176,4.7,0,,,,,4,5.2,ok
TIC 30136789,249.2854,-52.3819,4.7,0,,,,,5,6.9,ok
TIC 402797577,248.9373,-65.4956,4.7,0,,,,,8,11.5,ok
TIC 464381648,281.2984,-61.0954,4.71,0,,,,,8,10.1,ok
TIC 303015196,261.9899,-52.2977,4.71,0,,,,,6,8.2,ok
TIC 318125360,308.3239,-80.965,4.73,0,,,,,8,11.0,ok
TIC 260507093,96.767,-58.0022,4.74,0,,,,,43,12.6,ok
TIC 36588473,250.0662,-48.3078,4.74,0,,,,,5,6.7,ok
TIC 426286197,241.4818,-72.4004,4.74,0,,,,,8,10.8,ok
TIC 367137925,259.8021,-59.6947,4.75,0,,,,,7,9.3,ok
TIC 319433485,100.2177,-52.4333,4.75,0,,,,,21,12.3,ok
TIC 260372062,95.4196,-56.3624,4.76,0,,,,,41,12.2,ok
TIC 142108949,99.4236,-77.5384,4.76,0,,,,,42,12.1,ok
TIC 303843296,277.8434,-62.2786,4.76,0,,,,,8,9.8,ok
TIC 323007607,126.0761,-80.9126,4.76,0,,,,,10,12.9,ok
TIC 365557584,273.9186,-63.0555,4.77,0,,,,,9,11.3,ok
TIC 30110465,73.3771,-66.6753,4.77,0,,,,,42,12.3,ok
TIC 226037847,247.4263,-46.2433,4.78,0,,,,,5,6.7,ok
TIC 343720260,272.8163,-75.8936,4.79,0,,,,,9,11.7,ok
TIC 221192014,247.4384,-57.7563,4.79,0,,,,,6,8.0,ok
TIC 43968907,251.1655,-53.1524,4.8,0,,,,,5,6.8,ok
TIC 394808852,161.3182,-80.4698,4.8,0,,,,,8,10.9,ok
TIC 217157387,259.7766,-46.6355,4.8,0,,,,,6,7.9,ok
TIC 103765591,264.0422,-33.4946,4.81,0,,,,,4,5.5,ok
TIC 374018378,167.168,-86.2309,4.82,0,,,,,8,10.8,ok
TIC 114135190,267.2937,-31.7033,4.82,0,,,,,5,6.8,ok
TIC 412539031,261.8899,-53.2225,4.83,0,,,,,6,7.7,ok
TIC 325525016,359.3858,-82.17,4.83,0,,,,,7,9.4,ok
TIC 406807534,225.4628,-83.2273,4.83,0,,,,,7,9.5,ok
TIC 212317204,255.7862,-53.238,4.84,0,,,,,6,8.0,ok
TIC 213700945,258.0609,-53.3762,4.84,0,,,,,6,7.8,ok
TIC 405479191,24.3695,-84.7694,4.86,0,,,,,9,11.8,ok
TIC 349647610,112.2143,-64.5099,4.86,0,,,,,44,12.0,ok
TIC 380869584,257.1836,-46.4234,4.86,0,,,,,6,7.8,ok
TIC 447230221,250.7017,-62.554,4.87,0,,,,,8,10.8,ok
TIC 453771869,159.7875,-77.956,4.87,0,,,,,7,9.3,ok
TIC 228529130,248.5209,-44.0453,4.87,0,,,,,4,5.8,ok
TIC 445000048,268.0824,-34.4169,4.88,0,,,,,5,6.5,ok
TIC 424995989,337.9025,-85.9668,4.88,0,,,,,7,8.7,ok
TIC 255560740,96.2015,-52.8062,4.89,0,,,,,20,12.7,ok
TIC 38759751,66.9416,-62.5212,4.89,0,,,,,43,12.2,ok
TIC 396170579,298.8414,-71.5465,4.89,0,,,,,10,12.6,ok
TIC 273651959,338.8625,-78.7716,4.89,0,,,,,8,10.4,ok
TIC 418338130,198.5719,-78.4475,4.89,0,,,,,8,10.3,ok
TIC 390814789,280.8424,-45.7815,4.89,0,,,,,5,7.4,ok
TIC 119625675,277.4871,-57.5233,4.89,0,,,,,4,5.9,ok
TIC 260972404,75.0545,-78.3,4.89,0,,,,,36,12.2,ok
TIC 197857091,260.5955,-41.7448,4.9,0,,,,,5,6.7,ok
TIC 293972244,106.7,-58.3809,4.9,0,,,,,42,13.0,ok
TIC 217684685,260.9732,-46.2769,4.9,0,,,,,6,8.0,ok
TIC 271973682,114.0176,-77.634,4.9,0,,,,,27,13.3,ok
TIC 370327409,64.4981,-80.2136,4.9,0,,,,,18,12.4,ok
TIC 323816015,141.0323,-80.7859,4.9,0,,,,,9,12.4,ok
TIC 350136745,52.495,-78.352,4.9,0,,,,,16,12.8,ok
TIC 38828538,68.3896,-62.8238,4.91,0,,,,,42,13.5,ok
TIC 357040925,179.9051,-78.2219,4.91,0,,,,,7,9.5,ok
TIC 120196764,279.9528,-59.3017,4.92,0,,,,,5,7.2,ok
TIC 340617430,238.3455,-62.6067,4.92,0,,,,,9,11.5,ok
TIC 303704858,272.6078,-62.0006,4.92,0,,,,,8,10.7,ok
TIC 367899500,260.7798,-56.5255,4.92,0,,,,,6,7.7,ok
TIC 221193587,247.2701,-57.5308,4.92,0,,,,,6,7.6,ok
TIC 307325401,267.8978,-60.1642,4.92,0,,,,,8,10.6,ok
TIC 383268078,180.579,-85.6317,4.92,0,,,,,4,5.6,ok
TIC 112917492,269.7321,-36.8583,4.92,0,,,,,5,6.8,ok
TIC 118322787,272.4895,-59.0402,4.92,0,,,,,7,9.3,ok
TIC 208640009,245.1055,-55.1398,4.93,0,,,,,5,6.7,ok
TIC 301690351,258.3216,-67.1972,4.93,0,,,,,8,9.9,ok
TIC 160136631,261.733,-31.0916,4.93,0,,,,,6,8.0,ok
TIC 276798745,271.3633,-81.4869,4.94,0,,,,,9,12.7,ok
TIC 292750423,275.0683,-77.6719,4.94,0,,,,,9,11.3,ok
TIC 418356777,200.4886,-78.1785,4.94,0,,,,,8,11.0,ok
TIC 464375439,280.9058,-64.5518,4.95,0,,,,,8,10.7,ok
TIC 367904430,260.73,-58.0104,4.95,0,,,,,7,9.0,ok
TIC 456542899,281.349,-56.8821,4.95,0,,,,,6,8.5,ok
TIC 176960513,101.2315,-70.4337,4.95,0,,,,,41,12.4,ok
TIC 276967365,277.3322,-80.2332,4.95,0,,,,,10,12.8,ok
TIC 79122245,251.7096,-41.481,4.96,0,,,,,5,7.1,ok
TIC 350856014,246.9898,-64.0578,4.96,0,,,,,6,8.2,ok
TIC 396651131,214.4304,-76.0883,4.97,0,,,,,7,9.5,ok
TIC 222174960,250.3314,-55.2978,4.97,0,,,,,5,7.8,ok
TIC 313585374,302.4049,-81.4414,4.97,0,,,,,9,12.3,ok
TIC 324204807,276.7676,-53.1101,4.97,0,,,,,5,7.7,ok
TIC 202689848,262.2337,-36.7783,4.98,0,,,,,4,5.4,ok
TIC 360221915,262.2589,-59.0325,4.98,0,,,,,8,10.1,ok
TIC 295071039,72.6837,-69.8313,4.98,0,,,,,43,12.6,ok
TIC 402616547,223.3071,-73.1899,4.99,0,,,,,9,11.7,ok
TIC 282163444,202.365,-79.1177,4.99,0,,,,,9,13.5,ok
TIC 317099286,348.0535,-80.9128,4.99,0,,,,,8,11.6,ok
TIC 198268077,260.7283,-37.2211,4.99,0,,,,,4,5.6,ok
TIC 255951262,268.2051,-34.1149,5.0,0,,,,,5,6.6,ok
TIC 37987849,255.1541,-35.9346,5.0,0,,,,,4,5.3,ok
TIC 85919898,271.5653,-46.476,5.0,0,,,,,5,7.0,ok
TIC 154385728,259.7478,-34.9906,5.0,0,,,,,4,5.5,ok
TIC 383391443,193.7505,-85.1232,5.0,0,,,,,6,9.2,ok
TIC 363913149,89.31,-53.4257,5.0,0,,,,,29,12.3,ok
TIC 360318045,262.1622,-55.1698,5.0,0,,,,,4,6.4,ok
TIC 263772098,231.5637,-68.3091,5.01,0,,,,,9,13.2,ok
TIC 218102429,261.7932,-46.7163,5.01,0,,,,,6,8.2,ok
TIC 402808611,225.0466,-77.1606,5.01,0,,,,,8,10.6,ok
TIC 194724413,271.2098,-35.9017,5.02,0,,,,,5,7.4,ok
TIC 91246422,277.9393,-45.915,5.03,0,,,,,3,5.2,ok
TIC 401768101,217.4033,-76.7293,5.03,0,,,,,8,10.5,ok
TIC 453101438,116.0032,-67.2018,5.03,0,,,,,43,12.5,ok
TIC 323445628,72.2623,-88.2711,5.04,0,,,,,9,11.9,ok
TIC 89252898,275.1183,-44.077,5.04,0,,,,,4,5.4,ok
TIC 260971201,74.7121,-82.4705,5.04,0,,,,,13,13.4,ok
TIC 261230415,226.7844,-71.905,5.04,0,,,,,9,11.9,ok
TIC 229832439,249.094,-42.8589,5.05,0,,,,,4,5.4,ok
TIC 464480679,284.228,-62.8019,5.05,0,,,,,8,10.1,ok
TIC 344073005,278.2308,-73.9662,5.05,0,,,,,9,11.5,ok
TIC 238925893,94.4657,-52.733,5.05,0,,,,,22,12.5,ok
TIC 261746757,26.2426,-80.1855,5.06,0,,,,,8,10.3,ok
TIC 152449405,259.2644,-32.6632,5.06,0,,,,,5,6.6,ok
TIC 343486483,269.4237,-76.178,5.07,0,,,,,9,12.0,ok
TIC 35510373,254.1576,-30.5801,5.07,0,,,,,5,7.4,ok
TIC 294960851,269.0861,-70.3623,5.07,0,,,,,9,11.2,ok
TIC 196372628,260.2593,-41.881,5.08,0,,,,,5,7.0,ok
TIC 261289662,226.7644,-69.476,5.08,0,,,,,8,11.2,ok
TIC 393196479,163.1189,-79.5594,5.08,0,,,,,7,9.4,ok
TIC 87260967,272.7683,-47.5133,5.08,0,,,,,5,7.8,ok
TIC 118525927,272.9299,-55.3619,5.09,0,,,,,6,8.9,ok
TIC 364423809,69.5903,-77.6561,5.1,0,,,,,38,12.9,ok
TIC 265184287,299.008,-81.3498,5.11,0,,,,,9,11.4,ok
TIC 220414802,71.0886,-59.7325,5.11,0,,39.6,rejete,variabilite_continue;eclipse_secondaire,41,17.0,ok
TIC 447006109,233.7093,-68.8891,5.11,0,,,,,8,10.5,ok
TIC 261136679,84.3045,-80.4617,5.11,1,3.1337,16.7,rejete,variabilite_continue;eclipse_secondaire,24,17.2,ok
TIC 431380163,48.994,-77.388,5.11,0,,,,,15,12.2,ok
TIC 350094361,115.1369,-64.3233,5.11,0,,,,,44,11.7,ok
TIC 384484766,251.4749,-83.24,5.11,0,,,,,7,9.3,ok
TIC 404777477,278.6295,-52.8918,5.11,0,,,,,5,6.3,ok
TIC 197667960,260.5541,-41.1214,5.12,0,,,,,3,4.8,ok
TIC 350765991,89.2001,-59.4222,5.12,0,,,,,43,12.3,ok
TIC 118984288,274.585,-54.3325,5.12,0,,,,,5,6.7,ok
TIC 346821476,253.6315,-49.7108,5.13,0,,,,,6,8.4,ok
TIC 313477209,278.0892,-39.7043,5.13,0,,,,,4,5.4,ok
TIC 38978965,255.4693,-32.1439,5.13,0,,,,,5,6.8,ok
TIC 469447969,269.7939,-38.5736,5.13,0,,,,,5,6.6,ok
TIC 41331819,92.1834,-68.8433,5.13,0,,,,,33,12.4,ok
TIC 389012309,134.1597,-85.6629,5.13,0,,,,,11,13.7,ok
TIC 95853888,263.5486,-48.4687,5.14,0,,,,,5,8.2,ok
TIC 421217840,215.5963,-80.1091,5.14,0,,,,,7,9.1,ok
TIC 217774047,261.0545,-44.1628,5.16,0,,,,,5,7.0,ok
TIC 103138689,263.8585,-33.6481,5.16,0,,,,,5,7.0,ok
TIC 467969559,285.0151,-66.6539,5.17,0,,,,,7,9.7,ok
TIC 352228274,288.2884,-77.864,5.17,0,,,,,10,13.9,ok
TIC 365435260,273.5676,-63.6901,5.18,0,,,,,9,11.3,ok
TIC 255759158,99.5959,-52.9319,5.18,0,,,,,23,12.3,ok
TIC 364164093,251.6664,-67.1098,5.18,1,3.7603,13.8,rejete,variabilite_continue;eclipse_secondaire,8,15.8,ok
TIC 468184895,317.2056,-88.9565,5.18,0,,21.8,rejete,variabilite_continue;eclipse_secondaire;compagnon_trop_gros_2.7Rjup,7,13.2,ok
TIC 394779757,28.9262,-84.7511,5.18,0,,,,,9,12.1,ok
TIC 339565401,253.5076,-41.8064,5.18,0,,,,,5,7.0,ok
TIC 314941318,279.0744,-38.1426,5.18,0,,,,,4,6.8,ok
TIC 461050210,232.3154,-65.8905,5.18,0,,,,,9,12.4,ok
TIC 468191145,323.0152,-84.8103,5.18,0,,,,,8,11.4,ok
TIC 74984562,266.233,-57.5456,5.19,0,,,,,8,11.7,ok
TIC 149219496,82.3222,-62.3144,5.19,0,,,,,38,11.9,ok
TIC 452408828,138.0528,-76.6633,5.19,0,,,,,11,13.4,ok
TIC 425813582,234.824,-77.9189,5.19,0,,,,,8,11.7,ok
TIC 423240775,297.3556,-72.5033,5.2,0,,,,,10,13.9,ok
TIC 279573219,106.0765,-56.7497,5.2,0,,,,,35,12.4,ok
TIC 76812373,270.9328,-56.2697,5.2,0,,,,,6,10.3,ok
TIC 197110837,277.7702,-32.9894,5.2,0,,,,,5,7.0,ok
TIC 111978546,269.2332,-40.3056,5.2,0,,,,,5,6.7,ok
TIC 91246038,278.0081,-45.7575,5.2,0,,,,,3,4.9,ok
TIC 410256121,358.4642,-83.0067,5.2,0,,,,,8,11.2,ok
TIC 229029465,248.7819,-45.2448,5.21,0,,,,,5,7.7,ok
TIC 167572319,101.3551,-65.0443,5.21,0,,,,,39,12.9,ok
TIC 376670273,292.6053,-69.7927,5.21,0,,,,,9,11.6,ok
TIC 421251930,216.4773,-78.4577,5.22,0,,,,,8,11.3,ok
TIC 232209565,250.1089,-44.5739,5.22,0,,,,,5,7.4,ok
TIC 426455625,241.0258,-59.1762,5.22,0,,,,,9,13.4,ok
TIC 423770016,235.5073,-64.1803,5.22,0,,,,,8,11.9,ok
TIC 364420283,253.0728,-67.682,5.23,0,,,,,8,10.8,ok
TIC 231038324,249.4989,-46.1546,5.23,0,,,,,5,7.5,ok
TIC 464407479,281.718,-65.2496,5.23,0,,,,,7,10.3,ok
TIC 379405328,283.9406,-56.4234,5.23,0,,,,,7,9.8,ok
TIC 339565205,253.5149,-41.7916,5.24,0,,,,,5,6.9,ok
TIC 390143543,269.253,-49.801,5.24,0,,,,,6,9.0,ok
TIC 337793038,252.8905,-41.2305,5.24,0,,,,,5,7.2,ok
TIC 230689778,249.417,-42.9513,5.24,0,,,,,5,8.0,ok
TIC 363225389,266.4867,-48.9343,5.24,0,,,,,5,8.4,ok
TIC 193298662,265.4959,-33.5038,5.24,0,,,,,5,7.1,ok
TIC 380773545,269.4993,-63.6335,5.25,0,,,,,7,9.7,ok
TIC 300244770,109.8113,-67.1872,5.25,0,,,,,43,13.2,ok
TIC 323968843,143.4708,-80.9412,5.25,0,,,,,9,12.4,ok
TIC 410397673,291.0225,-68.3711,5.25,0,,,,,9,12.2,ok
TIC 396653520,214.2296,-77.6642,5.25,0,,,,,8,12.2,ok
TIC 260926702,226.1977,-71.6064,5.25,0,,,,,10,15.3,ok
TIC 261724825,23.4121,-78.5058,5.26,0,,,,,10,14.5,ok
TIC 468189765,320.7773,-85.6387,5.26,0,,,,,8,11.0,ok
TIC 369718807,130.5353,-89.4606,5.26,0,,,,,9,12.8,ok
TIC 464527084,285.2708,-62.8653,5.27,0,,,,,9,12.1,ok
TIC 350655963,88.0844,-57.1567,5.27,0,,,,,42,13.2,ok
TIC 306725314,265.8786,-63.8491,5.28,0,,,,,9,13.6,ok
TIC 60454397,276.34,-35.992,5.28,0,,,,,4,6.5,ok
TIC 287867700,128.1727,-73.3563,5.28,0,,,,,16,14.0,ok
TIC 300015238,107.1767,-70.4963,5.28,0,,,,,42,14.5,ok
TIC 287638396,125.5178,-73.3998,5.29,0,,,,,23,13.9,ok
TIC 21999706,267.9358,-45.6008,5.29,0,,,,,4,5.2,ok
TIC 350298145,83.7613,-58.871,5.29,0,,,,,44,12.7,ok
TIC 380394028,258.0841,-70.7216,5.3,0,,,,,8,11.0,ok
TIC 394678798,54.1251,-78.323,5.3,0,,,,,16,13.0,ok
TIC 279359927,104.6648,-55.7297,5.3,0,,,,,32,13.3,ok
TIC 200176410,279.6318,-48.721,5.3,0,,,,,4,5.1,ok
TIC 346701818,296.2276,-80.0889,5.3,0,,,,,9,12.0,ok
TIC 218586391,262.9546,-46.0368,5.3,0,,,,,4,5.5,ok
TIC 394234013,24.4886,-82.9741,5.3,0,,,,,12,13.2,ok
TIC 357311049,183.4851,-78.5741,5.31,0,,,,,7,9.4,ok
TIC 408784428,265.1269,-41.6304,5.31,0,,,,,5,6.9,ok
TIC 426275434,240.1947,-72.4632,5.31,0,,,,,7,9.4,ok
TIC 303538037,271.9513,-64.5506,5.31,0,,,,,6,8.0,ok
TIC 86024408,271.6518,-43.6275,5.32,0,,,,,5,6.7,ok
TIC 269794986,68.2368,-78.128,5.32,0,,,,,32,12.8,ok
TIC 292333486,280.7948,-71.2885,5.32,0,,,,,9,11.3,ok
TIC 118842700,274.2813,-56.0234,5.32,0,,,,,6,7.8,ok
TIC 330018518,271.9247,-39.9255,5.33,0,,,,,5,7.4,ok
TIC 259592543,72.7294,-53.461,5.33,0,,,,,12,11.9,ok
TIC 261427053,304.6125,-72.9796,5.33,0,,,,,8,11.3,ok
TIC 424714330,236.7504,-65.7332,5.34,0,,,,,9,11.4,ok
TIC 356814061,175.2519,-83.0999,5.34,0,,,,,6,8.0,ok
TIC 217667184,260.8169,-47.4683,5.34,0,,,,,6,8.1,ok
TIC 452468565,139.3544,-74.8941,5.34,0,,,,,12,13.2,ok
TIC 58065870,275.2299,-37.4877,5.35,0,,,,,4,5.6,ok
TIC 234422202,250.7649,-46.0703,5.35,0,,,,,6,7.8,ok
TIC 328312772,271.1066,-40.0225,5.36,0,,,,,5,7.1,ok
TIC 382151113,285.8733,-68.7556,5.37,0,,,,,11,14.1,ok
TIC 464126648,267.6117,-41.6485,5.37,0,,,,,4,6.1,ok
TIC 211745140,255.1122,-48.6483,5.37,0,,,,,5,6.5,ok
TIC 277982164,104.1436,-79.4202,5.37,0,,,,,23,12.9,ok
TIC 382389727,289.3011,-66.6611,5.38,0,,,,,10,12.4,ok
TIC 383479819,200.1264,-85.8732,5.38,0,,,,,6,8.3,ok
TIC 189182069,258.8258,-39.6486,5.38,0,,,,,4,5.6,ok
TIC 272863795,278.4907,-33.0166,5.38,0,,,,,3,4.1,ok
TIC 38828619,68.387,-63.0291,5.38,0,,,,,31,12.0,ok
TIC 329574145,271.5998,-36.0197,5.39,0,,,,,5,6.6,ok
TIC 384828170,262.7282,-81.6116,5.39,0,,,,,7,9.3,ok
TIC 272319474,118.8386,-76.4975,5.39,0,,,,,25,13.6,ok
TIC 260131665,92.5746,-54.9686,5.39,0,,,,,43,12.8,ok
TIC 192390692,259.5497,-39.691,5.39,0,,,,,4,5.2,ok
TIC 383312656,186.4088,-86.1507,5.4,0,,,,,4,5.4,ok
TIC 324759802,245.7251,-75.9748,5.4,0,,,,,7,8.8,ok
TIC 302107568,260.5244,-70.1233,5.4,0,,,,,9,11.7,ok
TIC 86140963,271.708,-43.426,5.41,0,,,,,5,7.1,ok
TIC 270558473,100.0118,-80.8132,5.41,0,,,,,19,13.0,ok
TIC 348762920,46.8868,-78.9888,5.41,0,,,,,12,13.6,ok
TIC 76445598,269.9081,-56.2556,5.41,0,,,,,7,9.8,ok
TIC 260416268,95.7321,-56.3701,5.41,0,,,,,41,13.0,ok
TIC 112642190,266.8676,-35.7013,5.41,0,,,,,3,4.3,ok
TIC 100060587,262.9473,-33.7034,5.42,0,,,,,6,8.1,ok
TIC 207511576,243.3433,-55.5412,5.42,0,,,,,7,15.7,ok
TIC 225272295,258.0692,-38.8229,5.42,0,,,,,4,5.6,ok
TIC 89975465,276.076,-44.1104,5.42,0,,,,,4,5.5,ok
TIC 323423878,67.3204,-84.8052,5.42,0,,,,,9,12.1,ok
TIC 189458206,258.8982,-38.5968,5.42,0,,,,,4,6.1,ok
TIC 393031938,65.2425,-81.579,5.43,0,,,,,14,14.3,ok
TIC 383528582,205.2227,-85.7862,5.43,0,,,,,5,6.9,ok
TIC 421217371,215.6577,-79.7158,5.43,0,,,,,7,9.3,ok
TIC 276963807,276.5714,-79.9275,5.43,0,,,,,10,12.8,ok
TIC 171737767,255.2319,-56.4802,5.43,0,,,,,5,6.8,ok
TIC 311291807,258.5674,-74.1487,5.43,0,,,,,9,12.0,ok
TIC 263431099,270.0179,-35.9276,5.43,0,,,,,5,7.1,ok
TIC 307291318,124.9536,-71.5146,5.43,0,,,,,29,12.7,ok
TIC 44092395,257.3448,-34.7546,5.43,0,,,,,3,4.3,ok
TIC 394817660,34.8552,-84.6002,5.44,0,,,,,10,12.9,ok
TIC 364208162,252.1803,-67.0832,5.44,0,,,,,8,10.3,ok
TIC 263313986,234.1174,-66.5452,5.44,0,,,,,9,12.4,ok
TIC 311461627,317.1974,-76.2126,5.45,0,,,,,8,10.2,ok
TIC 218585950,262.9859,-46.0921,5.45,0,,,,,5,6.9,ok
TIC 323999777,275.7211,-36.6697,5.45,0,,,,,4,6.3,ok
TIC 227596323,247.9978,-44.8868,5.45,0,,,,,4,6.7,ok
TIC 260041674,91.278,-56.2329,5.46,0,,,,,44,13.2,ok
TIC 95853590,263.5699,-48.5265,5.46,0,,,,,5,6.8,ok
TIC 271520227,288.3885,-62.9231,5.46,0,,,,,9,11.9,ok
TIC 348700562,254.5746,-50.6415,5.46,0,,,,,5,7.2,ok
TIC 245739252,252.161,-44.8915,5.46,0,,,,,5,6.6,ok
TIC 76922197,271.1119,-59.1779,5.47,0,,,,,7,9.5,ok
TIC 158064206,280.3777,-48.0955,5.47,0,,,,,5,6.5,ok
TIC 346528615,253.523,-49.9251,5.47,0,,,,,6,7.9,ok
TIC 282216837,203.0438,-79.6609,5.47,0,,,,,9,11.7,ok
TIC 78982940,251.4801,-39.8769,5.47,0,,,,,4,5.7,ok
TIC 343757899,273.1397,-73.6742,5.47,0,,,,,9,12.2,ok
TIC 343886954,275.902,-75.0441,5.47,0,,,,,10,12.0,ok
TIC 396255306,212.1066,-74.849,5.47,0,,,,,10,12.8,ok
TIC 290409509,235.8306,-84.4646,5.47,0,,,,,6,8.7,ok
TIC 464420341,282.1573,-65.0782,5.48,0,,,,,7,9.0,ok
TIC 280684074,342.5959,-80.1239,5.48,0,,,,,7,8.9,ok
TIC 256543727,268.302,-32.0324,5.49,0,,,,,5,6.8,ok
TIC 33833289,63.6293,-75.808,5.49,0,,,,,38,12.7,ok
TIC 57483650,272.4999,-32.7207,5.49,0,,,,,?,1.2,erreur
TIC 220457904,74.5082,-58.2083,5.5,0,,,,,44,12.6,ok
TIC 171480466,255.0261,-54.5977,5.5,0,,,,,5,6.5,ok
TIC 225104653,246.9962,-46.2511,5.5,0,,,,,5,6.6,ok
TIC 208411338,244.7159,-57.8998,5.5,0,,,,,5,6.4,ok
TIC 141151953,80.6342,-73.8013,5.5,0,,,,,42,13.0,ok
TIC 453322830,148.8912,-77.2877,5.51,0,,,,,9,11.3,ok
TIC 356257320,156.5583,-84.3482,5.51,0,,,,,5,6.4,ok
TIC 207857392,243.9573,-57.9127,5.51,0,,,,,5,6.4,ok
TIC 349677777,112.2851,-63.2456,5.51,0,,,,,44,12.7,ok
TIC 75846415,268.2162,-56.155,5.52,0,,,,,7,9.1,ok
TIC 401975722,218.8722,-73.6944,5.52,0,,,,,10,13.0,ok
TIC 50010670,251.8673,-48.3195,5.52,0,,,,,6,7.7,ok
TIC 41230564,91.7105,-67.2833,5.52,0,,,,,27,11.7,ok
TIC 380321932,257.4259,-40.3813,5.52,0,,,,,4,5.4,ok
TIC 347465421,255.9631,-38.1528,5.52,0,,,,,4,5.3,ok
TIC 176873735,100.9034,-73.1189,5.52,0,,,,,41,12.3,ok
TIC 394242338,25.3419,-79.148,5.53,0,,,,,10,12.2,ok
TIC 220873834,246.3242,-56.5054,5.53,0,,,,,5,6.8,ok
TIC 346692265,253.7316,-48.1028,5.53,0,,,,,6,8.0,ok
TIC 167813113,104.7804,-60.8421,5.53,0,,,,,44,12.5,ok
TIC 394279598,150.1811,-82.2144,5.53,0,,,,,8,10.4,ok
TIC 359898905,186.1164,-77.2147,5.54,0,,,,,7,9.2,ok
TIC 261205462,87.5698,-79.3609,5.54,0,,64.8,rejete,variabilite_continue;eclipse_secondaire,32,17.7,ok
TIC 317130136,349.7872,-79.4723,5.54,0,,,,,8,11.1,ok
TIC 425657630,232.8785,-73.3897,5.54,0,,,,,8,11.5,ok
TIC 41792209,256.6182,-35.4511,5.54,0,,,,,3,4.3,ok
TIC 370227780,85.6709,-75.2504,5.54,0,,,,,44,12.0,ok
TIC 177075997,102.8625,-70.9632,5.54,0,,,,,43,12.4,ok
TIC 175610463,262.7762,-35.9003,5.55,0,,,,,4,5.0,ok
TIC 380527368,268.3254,-65.4891,5.55,0,,,,,9,11.6,ok
TIC 74828497,266.0387,-58.0101,5.55,0,,,,,8,11.7,ok
TIC 35302284,249.7899,-52.85,5.55,0,,,,,5,7.5,ok
TIC 315085718,279.3151,-40.8039,5.55,0,,,,,4,5.6,ok
TIC 312274666,277.113,-38.996,5.55,0,,,,,4,5.3,ok
TIC 327303945,310.5181,-76.1807,5.55,0,,,,,9,11.7,ok
TIC 41533313,93.728,-71.6559,5.55,0,,,,,41,13.4,ok
TIC 330650099,272.2219,-39.4945,5.55,0,,,,,4,5.7,ok
TIC 212226603,255.805,-48.3366,5.55,0,,,,,5,6.7,ok
TIC 377016448,78.1081,-81.5414,5.56,0,,,,,17,13.5,ok
TIC 384464473,250.7204,-79.0243,5.56,0,,,,,8,10.9,ok
TIC 343960640,286.0045,-57.9599,5.56,0,,,,,7,9.1,ok
TIC 60163857,276.2409,-38.5751,5.56,0,,,,,4,5.5,ok
TIC 397030925,267.7434,-50.2909,5.56,0,,,,,6,7.8,ok
TIC 55478023,71.2411,-63.2297,5.56,0,,,,,44,12.9,ok
TIC 381718221,269.9895,-52.4734,5.56,0,,,,,6,8.1,ok
TIC 63417378,271.0372,-47.7202,5.56,0,,,,,5,7.9,ok
TIC 453102450,116.1824,-66.0716,5.57,0,,,,,34,13.9,ok
TIC 213158282,257.0344,-48.884,5.57,0,,,,,6,7.9,ok
TIC 90812613,277.3036,-43.8458,5.57,0,,,,,4,5.6,ok
TIC 344984627,276.9975,-64.3132,5.57,0,,,,,8,10.3,ok
TIC 304430794,259.7145,-62.8747,5.57,0,,,,,8,10.1,ok
TIC 323246065,130.3302,-78.9632,5.57,0,,39.5,rejete,variabilite_continue;eclipse_secondaire,11,17.7,ok
TIC 458290992,250.7425,-38.7113,5.57,0,,,,,5,6.4,ok
TIC 176876294,100.2405,-71.7755,5.57,0,,,,,44,12.1,ok
TIC 149347992,83.7392,-61.1762,5.57,0,,,,,43,12.9,ok
TIC 464001996,261.9224,-37.1857,5.57,0,,,,,4,6.0,ok
TIC 331893210,272.7735,-41.3594,5.58,0,,,,,3,4.4,ok
TIC 380426501,257.305,-41.1938,5.58,0,,,,,2,2.9,ok
TIC 376629907,292.3727,-70.6691,5.58,0,,,,,9,11.3,ok
TIC 445088250,268.071,-31.3283,5.58,0,,,,,5,6.5,ok
TIC 352080579,284.8627,-75.3901,5.59,0,,,,,9,11.6,ok
TIC 300290824,110.2287,-71.5324,5.59,0,,,,,42,12.7,ok
TIC 343156261,240.717,-63.131,5.59,0,,,,,8,10.5,ok
TIC 299943748,106.5598,-68.8376,5.59,0,,,,,42,12.4,ok
TIC 356816293,175.7337,-79.3065,5.59,0,,,,,5,6.7,ok
TIC 465395329,263.815,-36.1436,5.59,0,,,,,3,4.3,ok
TIC 167720039,103.4345,-65.9138,5.6,0,,,,,44,12.2,ok
TIC 290837273,250.5822,-55.3848,5.6,0,,,,,5,6.4,ok
TIC 342361818,239.8999,-62.815,5.61,0,,,,,9,11.4,ok
TIC 389433788,85.9446,-67.6996,5.61,0,,,,,31,13.1,ok
TIC 294292672,265.1846,-67.8543,5.61,0,,,,,9,11.3,ok
TIC 447653415,254.488,-62.5667,5.61,0,,,,,8,10.3,ok
TIC 369176330,273.3029,-41.3362,5.61,0,,,,,3,3.8,ok
TIC 167121012,95.9932,-68.6008,5.62,0,,,,,35,12.2,ok
TIC 171295065,254.7366,-58.8274,5.62,0,,,,,7,9.3,ok
TIC 465163595,263.4511,-38.094,5.62,0,,,,,4,5.4,ok
TIC 306895522,122.2369,-71.7218,5.62,0,,,,,33,12.4,ok
TIC 39654517,250.3351,-48.763,5.63,0,,,,,5,6.9,ok
TIC 1698462156,271.708,-43.4255,5.63,0,,,,,4,5.3,ok
TIC 151897383,259.089,-35.7527,5.63,0,,,,,4,5.4,ok
TIC 173372579,257.789,-58.0256,5.63,0,,,,,7,9.6,ok
TIC 424988021,328.5909,-85.0335,5.63,0,,,,,7,9.3,ok
TIC 397149515,131.178,-74.788,5.63,0,,,,,14,12.7,ok
TIC 340670370,253.9076,-39.505,5.63,0,,,,,4,5.5,ok
TIC 200226408,279.8098,-47.9097,5.63,0,,,,,4,5.2,ok
TIC 206815368,242.3271,-57.9347,5.63,0,,,,,7,9.9,ok
TIC 141482069,86.9504,-72.7021,5.63,0,,,,,42,11.9,ok
TIC 279214471,103.1959,-54.0903,5.64,0,,,,,25,12.8,ok
TIC 423675568,235.4397,-64.4291,5.64,0,,,,,8,10.7,ok
TIC 375034557,99.5008,-61.5329,5.64,0,,,,,39,13.6,ok
TIC 221170984,247.0629,-58.6,5.64,0,,,,,7,9.4,ok
TIC 365725318,274.9178,-63.8885,5.65,0,,,,,9,13.2,ok
TIC 172633559,256.3477,-58.0766,5.65,0,,,,,7,9.3,ok
TIC 294747615,70.7667,-70.9308,5.65,0,,,,,43,12.3,ok
TIC 311174169,257.7136,-73.6805,5.65,0,,,,,9,11.7,ok
TIC 192390788,259.6383,-39.5417,5.65,0,,,,,4,5.7,ok
TIC 86888970,272.4681,-47.6142,5.65,0,,,,,4,5.4,ok
TIC 410417579,81.5259,-86.3881,5.65,0,,,,,9,11.7,ok
TIC 181793033,280.9976,-47.2482,5.65,0,,,,,5,6.5,ok
TIC 238198771,57.5803,-75.8956,5.65,0,,,,,29,12.5,ok
TIC 167554964,101.1841,-61.2242,5.66,0,,,,,39,12.5,ok
TIC 404829287,278.6748,-50.7217,5.66,0,,,,,4,5.5,ok
TIC 349371980,109.8845,-61.1449,5.66,0,,,,,44,13.4,ok
TIC 396963417,267.6203,-48.2857,5.67,0,,,,,5,6.8,ok
TIC 447551851,253.6384,-63.4557,5.67,0,,,,,8,10.2,ok
TIC 344237828,251.8318,-58.3416,5.67,0,,,,,7,8.9,ok
TIC 88140945,273.6843,-45.5953,5.67,0,,,,,4,5.9,ok
TIC 358501433,60.74,-79.845,5.67,0,,,,,17,13.3,ok
TIC 65254802,275.6028,-32.2143,5.67,0,,,,,5,6.5,ok
TIC 396211656,300.4153,-74.7639,5.67,0,,,,,10,14.4,ok
TIC 425869619,235.0886,-73.4469,5.67,0,,,,,9,13.2,ok
TIC 282092032,135.021,-75.7256,5.67,0,,,,,12,14.0,ok
TIC 31929199,53.971,-69.1929,5.67,0,,,,,21,12.6,ok
TIC 225263020,258.0674,-39.5075,5.67,0,,,,,4,5.5,ok
TIC 31879447,265.8629,-43.7677,5.67,0,,,,,4,5.5,ok
TIC 22295632,268.2204,-41.9979,5.68,0,,,,,5,6.8,ok
TIC 411191624,244.2447,-53.697,5.68,0,,,,,5,9.6,ok
TIC 167656187,102.5043,-60.2484,5.68,0,,,,,40,13.8,ok
TIC 237940785,59.7177,-65.8814,5.68,0,,,,,38,22.1,ok
TIC 288863013,232.0041,-75.9296,5.68,0,,,,,8,11.2,ok
TIC 228237373,248.4625,-46.5587,5.68,0,,,,,5,6.8,ok
TIC 237948122,101.3586,-52.2009,5.68,0,,,,,20,12.4,ok
TIC 91076576,277.7657,-47.8254,5.68,0,,,,,4,5.5,ok
TIC 220436223,73.7224,-58.5472,5.69,0,,,,,44,12.2,ok
TIC 383713115,219.0263,-84.1484,5.69,0,,,,,6,8.3,ok
TIC 313942295,278.3464,-38.7261,5.69,0,,,,,4,5.6,ok
TIC 287868987,127.9358,-74.855,5.69,0,,,,,18,12.6,ok
TIC 280096428,46.249,-74.3194,5.69,0,,,,,16,12.7,ok
TIC 42208475,250.7921,-48.877,5.69,0,,,,,6,8.1,ok
TIC 262871257,218.443,-79.9553,5.69,0,,,,,8,10.7,ok
TIC 424412802,236.3648,-65.7498,5.7,0,,,,,9,13.2,ok
TIC 465445319,263.7761,-38.7993,5.7,0,,,,,3,4.4,ok
TIC 303009878,262.093,-53.5,5.7,0,,,,,6,8.2,ok
TIC 406730617,223.2842,-82.6825,5.7,0,,,,,6,7.8,ok
TIC 396212145,300.234,-74.0127,5.7,0,,,,,10,11.6,ok
TIC 367478595,260.1112,-57.2481,5.7,0,,,,,6,7.7,ok
TIC 411983347,291.1066,-63.3616,5.7,0,,,,,9,12.1,ok
TIC 256086522,268.2401,-35.6247,5.7,0,,,,,3,4.8,ok
TIC 247459453,253.9078,-45.1033,5.71,0,,,,,6,8.2,ok
TIC 337659418,274.3239,-38.1777,5.71,0,,,,,4,5.3,ok
TIC 150431920,97.4175,-61.2419,5.71,0,,,,,43,11.7,ok
TIC 32462792,266.1273,-43.9051,5.71,0,,,,,3,4.1,ok
TIC 354944747,324.7377,-79.4428,5.71,0,,,,,9,11.2,ok
TIC 294344593,265.9598,-67.4032,5.71,0,,,,,9,12.1,ok
TIC 217540881,260.6936,-45.6143,5.71,0,,,,,5,6.4,ok
TIC 91245968,277.9793,-45.7248,5.71,0,,,,,3,4.4,ok
TIC 123172979,255.5783,-44.4475,5.71,0,,,,,5,7.6,ok
TIC 120197271,279.9488,-58.8692,5.71,0,,,,,5,6.9,ok
TIC 261748427,26.9406,-80.1767,5.72,0,,,,,8,10.9,ok
TIC 310054248,250.1981,-72.2994,5.72,0,,,,,7,8.9,ok
TIC 276646863,265.8594,-78.6929,5.72,0,,,,,8,10.7,ok
TIC 151695424,258.881,-33.1042,5.72,0,,,,,5,6.6,ok
TIC 50381965,33.5794,-76.3574,5.72,0,,,,,12,13.4,ok
TIC 358500970,60.6177,-78.6332,5.72,0,,,,,21,12.6,ok
TIC 298058420,242.2125,-61.8006,5.72,0,,,,,7,9.3,ok
TIC 305272585,261.9321,-63.2636,5.72,0,,,,,8,10.8,ok
TIC 279476396,105.2705,-58.9389,5.72,0,,,,,43,18.6,ok
TIC 342704420,240.2946,-63.7766,5.72,0,,,,,5,6.6,ok
TIC 194177942,271.0383,-34.0531,5.72,0,,,,,7,16.8,ok
TIC 341478268,239.0241,-60.483,5.73,0,,,,,9,12.1,ok
TIC 21527567,248.3012,-49.5893,5.73,0,,,,,5,6.6,ok
TIC 344232719,251.9309,-58.9237,5.73,0,,,,,7,9.8,ok
TIC 330029358,271.8564,-38.2091,5.73,0,,,,,5,7.3,ok
TIC 394274870,28.9642,-78.3482,5.73,0,,,,,10,17.2,ok
TIC 208496290,244.8213,-58.0913,5.74,0,,,,,5,6.9,ok
TIC 163989351,262.8664,-34.0516,5.74,0,,,,,6,8.0,ok
TIC 119153371,275.3714,-55.7163,5.74,0,,,,,5,6.9,ok
TIC 307291308,125.0018,-71.5051,5.74,0,,,,,28,13.0,ok
TIC 193417458,259.7506,-37.4633,5.74,0,,,,,4,17.8,ok
TIC 346630890,293.7493,-81.7529,5.75,0,,,,,10,14.1,ok
TIC 193431686,259.8149,-37.3593,5.75,0,,,,,4,7.2,ok
TIC 256302510,258.9773,-87.5674,5.75,0,,,,,8,10.3,ok
TIC 278960800,101.673,-54.6949,5.75,0,,,,,21,12.5,ok
TIC 158060596,280.3372,-50.473,5.75,0,,,,,4,6.8,ok
TIC 78357288,251.1774,-40.8398,5.75,0,,,,,5,8.0,ok
TIC 150392584,96.6382,-60.5573,5.75,0,,,,,44,13.3,ok
TIC 39177520,250.4176,-49.6516,5.75,0,,,,,5,7.1,ok
TIC 279510954,105.5071,-59.4606,5.75,0,,,,,43,12.3,ok
TIC 276734709,270.277,-78.3803,5.75,0,,,,,8,10.9,ok
TIC 41232189,91.5393,-66.0394,5.75,0,,,,,27,15.0,ok
TIC 372850543,98.193,-61.8276,5.75,0,,,,,28,12.4,ok
TIC 263665054,231.2007,-71.3234,5.75,0,,,,,9,12.1,ok
TIC 403273614,228.9089,-72.3986,5.76,0,,,,,9,12.3,ok
TIC 208286471,244.4674,-55.2117,5.76,0,,,,,6,7.9,ok
TIC 394335634,151.0275,-81.5651,5.76,0,,,,,7,9.1,ok
TIC 317250749,122.5276,-84.4447,5.76,0,,,,,11,13.4,ok
TIC 218094872,261.7165,-45.8432,5.76,0,,,,,5,7.0,ok
TIC 391901960,115.7163,-71.5418,5.76,0,,,,,43,12.6,ok
TIC 339570292,253.548,-41.642,5.76,0,,,,,5,6.5,ok
TIC 260301896,94.5927,-54.4039,5.77,0,,,,,34,12.8,ok
TIC 267305813,263.2808,-41.1731,5.77,0,,,,,2,3.1,ok
TIC 464491480,284.6196,-64.002,5.77,0,,,,,8,10.1,ok
TIC 55501960,72.196,-60.259,5.78,0,,,,,40,12.3,ok
TIC 343647193,272.1449,-75.1056,5.78,0,,,,,9,11.3,ok
TIC 346704014,297.0414,-78.7268,5.78,0,,,,,9,11.8,ok
TIC 38469670,61.8432,-64.22,5.78,0,,,,,42,13.2,ok
TIC 140690428,73.2724,-72.4058,5.78,0,,,,,42,12.9,ok
TIC 412566009,261.8019,-50.6304,5.78,0,,,,,6,7.9,ok
TIC 447179213,250.2112,-60.447,5.79,0,,,,,8,10.5,ok
TIC 49542953,273.8612,-48.8514,5.79,0,,,,,3,4.2,ok
TIC 421252164,216.8151,-78.6206,5.79,0,,,,,8,10.4,ok
TIC 453100169,116.2226,-68.7567,5.79,0,,,,,43,12.6,ok
TIC 287954622,128.9476,-77.0008,5.79,0,,,,,11,13.5,ok
TIC 396903513,267.6183,-53.6125,5.79,0,,,,,6,8.6,ok
TIC 292297198,279.1273,-69.8851,5.79,0,,,,,9,11.8,ok
TIC 307435661,125.8555,-70.2486,5.79,0,,,,,26,12.2,ok
TIC 299940359,106.146,-68.2485,5.79,0,,,,,42,12.9,ok
TIC 307492324,126.5112,-71.0769,5.79,0,,,,,24,12.9,ok
TIC 119820859,278.3731,-58.7095,5.79,0,,,,,5,6.9,ok
TIC 463934889,261.6229,-37.1123,5.79,0,,,,,4,5.3,ok
TIC 304663241,260.306,-63.5824,5.79,0,,,,,8,10.8,ok
TIC 123513438,255.7001,-44.8541,5.8,0,,,,,5,6.8,ok
TIC 339686338,253.5493,-40.4529,5.8,0,,,,,3,5.5,ok
TIC 260192754,93.4185,-56.9185,5.8,0,,,,,42,12.9,ok
TIC 255784686,99.9057,-52.8325,5.8,0,,,,,22,13.0,ok
TIC 382274013,287.5344,-71.5485,5.8,0,,,,,10,13.2,ok
TIC 323169512,128.3984,-80.1587,5.8,0,,,,,10,13.3,ok
TIC 31123761,265.3178,-46.9219,5.8,0,,,,,5,6.7,ok
TIC 375228785,134.2326,-73.9218,5.8,0,,,,,12,13.2,ok
TIC 350346371,84.6071,-54.9542,5.81,0,,,,,?,1.0,erreur
TIC 313723578,278.2546,-39.8926,5.81,0,,,,,4,5.8,ok
TIC 21466698,267.7154,-42.3306,5.81,0,,,,,4,5.7,ok
TIC 37058275,250.1858,-48.7562,5.81,0,,,,,4,5.7,ok
TIC 220402024,69.5312,-58.2036,5.81,0,,,,,35,12.2,ok
TIC 150359260,96.0572,-60.2811,5.81,0,,,,,43,13.1,ok
TIC 260640910,97.9929,-58.7538,5.81,0,,,,,44,13.0,ok
TIC 342230156,239.7421,-65.0376,5.81,0,,,,,9,12.6,ok
TIC 102755663,263.7102,-34.2768,5.81,0,,,,,5,6.9,ok
TIC 305004624,261.0784,-60.6739,5.81,0,,,,,6,8.3,ok
TIC 100701385,263.1025,-34.2796,5.81,1,1.4514,12.4,rejete,variabilite_continue;eclipse_secondaire;compagnon_trop_gros_3.0Rjup,6,11.7,ok
TIC 294159692,107.9808,-56.1552,5.82,0,,,,,31,13.3,ok
TIC 55825239,273.4208,-41.1272,5.82,0,,,,,3,4.3,ok
TIC 394490709,154.549,-82.9109,5.82,0,,,,,6,8.4,ok
TIC 217030393,259.6992,-44.1299,5.82,0,,,,,5,8.2,ok
TIC 75472079,267.1583,-55.4015,5.82,0,,,,,6,9.6,ok
TIC 280912523,102.4716,-82.7247,5.82,0,,,,,13,12.7,ok
TIC 162889283,262.5652,-32.1217,5.82,0,,,,,6,10.5,ok
TIC 58070555,275.1656,-36.7753,5.82,0,,,,,4,5.7,ok
TIC 98311478,252.3882,-31.6515,5.82,0,,,,,5,6.7,ok
TIC 171746129,255.2954,-54.9038,5.82,0,,,,,5,8.4,ok
TIC 290826942,250.6164,-56.8003,5.82,0,,,,,6,8.0,ok
TIC 100304455,263.0297,-31.5491,5.82,0,,,,,5,11.5,ok
TIC 200955016,261.6492,-40.2076,5.82,0,,,,,4,5.6,ok
TIC 300328258,110.7773,-70.6364,5.82,0,,,,,41,13.8,ok
TIC 215614387,245.4035,-51.7516,5.82,0,,,,,4,5.7,ok
TIC 23240716,248.3997,-53.2006,5.83,0,,,,,5,6.5,ok
TIC 420629395,251.5884,-58.5037,5.83,0,,,,,7,9.2,ok
TIC 323292655,130.7998,-79.0699,5.83,0,,,,,10,20.4,ok
TIC 451607620,284.4227,-85.5655,5.83,0,,,,,8,11.7,ok
TIC 315974151,279.9335,-39.3931,5.83,0,,,,,3,4.3,ok
TIC 305176519,261.6499,-62.9232,5.83,0,,,,,8,10.6,ok
TIC 304904153,261.0045,-62.8642,5.83,0,,,,,8,11.2,ok
TIC 196902810,277.4372,-34.2688,5.83,0,,,,,5,7.2,ok
TIC 324112050,146.8518,-81.0611,5.83,0,,,,,9,11.8,ok
TIC 172317034,256.1029,-57.7123,5.83,0,,,,,6,8.1,ok
TIC 466095512,294.8507,-69.3379,5.83,0,,,,,10,12.5,ok
TIC 279321185,104.2755,-55.0474,5.83,0,,,,,29,12.4,ok
TIC 151300497,258.8302,-33.5484,5.83,0,,,,,5,6.6,ok
TIC 25725534,276.1536,-32.2912,5.83,0,,,,,4,7.9,ok
TIC 345176811,281.9538,-77.8672,5.84,0,,,,,9,11.3,ok
TIC 300865934,117.4208,-66.196,5.84,0,,,,,40,26.8,ok
TIC 324654011,312.9432,-82.5362,5.84,0,,,,,8,10.4,ok
TIC 32461070,266.2608,-44.1246,5.84,0,,,,,4,7.5,ok
TIC 154198517,259.7427,-32.9655,5.84,0,,,,,5,6.6,ok
TIC 364489881,253.4226,-69.0548,5.84,0,,,,,8,10.3,ok
TIC 124916068,256.4522,-44.1049,5.85,0,,,,,6,13.6,ok
TIC 361861044,244.2717,-67.9419,5.85,0,,,,,8,10.2,ok
TIC 381949031,76.3481,-57.1951,5.85,0,,,,,43,12.7,ok
TIC 13173449,247.3445,-51.5685,5.85,0,,,,,5,6.8,ok
TIC 217139649,259.8832,-44.7087,5.85,0,,,,,4,5.3,ok
TIC 447464613,252.5841,-60.2674,5.85,0,,,,,6,7.6,ok
TIC 118273470,272.0673,-55.6913,5.86,0,,,,,6,7.9,ok
TIC 323973835,144.5849,-81.7093,5.86,0,,,,,9,12.6,ok
TIC 447233389,250.6624,-61.785,5.86,0,,,,,7,9.2,ok
TIC 221804193,249.2384,-54.9852,5.86,0,,,,,4,5.4,ok
TIC 342050102,239.6826,-60.7074,5.86,0,,,,,9,11.9,ok
TIC 372880279,259.8772,-50.064,5.86,0,,,,,6,8.7,ok
TIC 347454620,256.0214,-39.0718,5.86,0,,,,,4,5.6,ok
TIC 207560497,243.5229,-58.0389,5.86,0,,,,,7,9.3,ok
TIC 61648669,274.0552,-35.2409,5.86,0,,,,,3,4.2,ok
TIC 389672830,86.8427,-67.7581,5.87,0,,,,,30,13.2,ok
TIC 281924940,129.6537,-74.0731,5.87,0,,,,,15,12.8,ok
TIC 177116244,103.9207,-68.5054,5.87,0,,,,,41,12.4,ok
TIC 30722080,75.3867,-68.0285,5.87,0,,,,,31,12.3,ok
TIC 365368118,273.2202,-63.6158,5.87,0,,,,,8,10.2,ok
TIC 7475132,246.5944,-53.4324,5.87,0,,,,,4,5.4,ok
TIC 150357613,96.1106,-63.4296,5.87,0,,,,,40,13.6,ok
TIC 463661856,261.1794,-36.4596,5.87,0,,,,,4,5.9,ok
TIC 388833092,263.4626,-52.7568,5.88,0,,,,,4,5.2,ok
TIC 176930969,100.4258,-71.2176,5.88,0,,,,,29,12.6,ok
TIC 212516077,256.118,-48.4551,5.88,0,,,,,5,6.8,ok
TIC 230793632,249.6094,-43.3986,5.88,0,,,,,5,6.4,ok
TIC 31324818,265.5994,-43.5736,5.88,0,,,,,4,5.4,ok
TIC 102633056,263.663,-31.8724,5.88,0,,,,,6,7.8,ok
TIC 404778189,278.724,-52.388,5.88,0,,,,,4,5.3,ok
TIC 150547637,266.0234,-38.8061,5.88,0,,,,,4,5.3,ok
TIC 342980046,254.7179,-37.6208,5.89,0,,,,,4,5.3,ok
TIC 389945876,262.6256,-39.6698,5.89,0,,,,,3,4.2,ok
TIC 328623457,271.3087,-37.7193,5.89,0,,,,,5,7.2,ok
TIC 384341333,246.7525,-82.56,5.89,0,,,,,7,9.2,ok
TIC 208816059,245.3416,-56.8199,5.89,0,,,,,?,2.5,erreur
TIC 49452040,273.5335,-52.8414,5.89,0,,,,,5,6.4,ok
TIC 260266504,94.0776,-59.2157,5.89,0,,,,,39,12.4,ok
TIC 294327531,108.9149,-58.8055,5.89,0,,,,,31,12.5,ok
TIC 350295877,83.4357,-54.9022,5.89,0,,,,,39,12.4,ok
TIC 300039724,107.82,-70.1188,5.89,0,,,,,41,16.2,ok
TIC 160991902,276.1384,-49.6539,5.9,0,,,,,4,9.3,ok
TIC 412556742,261.8248,-52.604,5.9,0,,,,,6,7.4,ok
TIC 349803519,274.4192,-50.7222,5.9,0,,,,,3,4.5,ok
TIC 342557546,254.5268,-40.3525,5.9,0,,,,,3,4.0,ok
TIC 337563331,274.3716,-39.0832,5.9,0,,,,,4,5.5,ok
TIC 247701325,254.0413,-47.0719,5.9,0,,,,,5,8.0,ok
TIC 119950180,278.7889,-55.5826,5.9,0,,,,,4,7.7,ok
TIC 260731787,269.284,-31.3134,5.9,0,,,,,6,8.2,ok
TIC 32687020,266.3622,-43.6078,5.91,0,,,,,3,4.3,ok
TIC 220418532,71.7788,-59.137,5.91,0,,,,,44,13.0,ok
TIC 54724220,252.5004,-49.9481,5.91,0,,,,,6,8.2,ok
TIC 406935352,228.8646,-79.1368,5.91,0,,25.2,rejete,variabilite_continue;eclipse_secondaire,8,16.3,ok
TIC 33219103,252.9962,-35.4592,5.91,0,,,,,3,4.6,ok
TIC 198460187,260.6587,-35.9101,5.91,0,,,,,4,5.8,ok
TIC 85583323,271.2045,-45.5836,5.91,0,,,,,4,5.3,ok
TIC 177077420,103.153,-70.5098,5.91,0,,,,,31,12.9,ok
TIC 290543478,4.0703,-79.8516,5.91,0,,,,,7,9.0,ok
TIC 452468734,139.3641,-74.7343,5.92,0,,,,,12,14.2,ok
TIC 365996589,276.3818,-63.0223,5.92,0,,,,,9,14.3,ok
TIC 74274184,264.9425,-54.3565,5.92,0,,,,,5,8.5,ok
TIC 28728680,278.1386,-35.3497,5.92,0,,,,,3,8.1,ok
TIC 338356559,253.1502,-37.5997,5.92,0,,,,,4,5.6,ok
TIC 328943456,271.3869,-37.4721,5.92,0,,,,,5,7.0,ok
TIC 380595719,269.1026,-65.724,5.92,0,,,,,9,12.3,ok
TIC 177354054,104.3344,-75.9877,5.92,0,,,,,31,12.6,ok
TIC 378101447,256.5841,-37.2278,5.92,0,,,,,3,4.6,ok
TIC 447579702,253.853,-63.2698,5.92,0,,,,,8,11.2,ok
TIC 276326382,253.1451,-57.841,5.92,0,,,,,5,8.0,ok
TIC 280911834,101.9168,-81.0651,5.92,0,,,,,13,14.4,ok
TIC 404932577,85.3123,-68.7702,5.93,0,,,,,26,38.8,ok
TIC 290732717,255.9438,-62.9562,5.93,0,,,,,8,10.5,ok
TIC 304792964,279.6765,-70.2355,5.93,0,,,,,9,12.0,ok
TIC 452531544,141.2514,-77.2522,5.93,0,,,,,7,9.3,ok
TIC 381950979,76.6023,-56.2314,5.93,0,,,,,36,13.4,ok
TIC 313002372,277.7623,-41.9141,5.93,0,,,,,4,5.3,ok
TIC 327303574,310.4381,-75.3519,5.93,0,,,,,9,11.7,ok
TIC 290289018,227.7869,-84.7879,5.93,0,,,,,6,8.5,ok
TIC 177034802,102.605,-69.9863,5.93,0,,,,,37,12.6,ok
TIC 341512659,254.1499,-40.8235,5.94,0,,,,,3,4.2,ok
TIC 259050713,268.8933,-31.9565,5.94,0,,,,,5,6.9,ok
TIC 447503899,253.1345,-61.0786,5.94,0,,,,,7,9.0,ok
TIC 343577503,269.8392,-77.8239,5.94,0,,,,,9,12.2,ok
TIC 86970099,272.4977,-45.4135,5.94,0,,,,,4,5.5,ok
TIC 246403601,268.7835,-36.4757,5.94,0,,,,,5,6.8,ok
TIC 76229610,269.305,-55.3814,5.94,0,,,,,6,7.8,ok
TIC 278684936,99.0643,-55.8629,5.94,0,,,,,42,12.5,ok
TIC 238156722,106.3404,-52.6095,5.94,0,,,,,9,11.0,ok
TIC 150322340,95.6288,-60.2182,5.94,0,,,,,43,12.5,ok
TIC 301098674,254.8912,-69.2682,5.94,0,,,,,8,17.6,ok
TIC 363748801,250.346,-68.2962,5.94,0,,,,,6,7.6,ok
TIC 402749789,224.5335,-77.0697,5.95,0,,,,,8,10.2,ok
TIC 318235184,315.1361,-83.1466,5.95,0,,,,,7,9.3,ok
TIC 451495562,240.2147,-68.6785,5.95,0,,,,,8,10.7,ok
TIC 383629369,213.3873,-84.5446,5.95,0,,,,,4,5.3,ok
TIC 158781686,261.306,-34.4304,5.95,0,,,,,5,6.5,ok
TIC 140580875,68.5643,-73.2084,5.95,0,,,,,35,14.5,ok
TIC 447734030,255.387,-64.2501,5.96,0,,,,,7,9.8,ok
TIC 150393390,96.7998,-60.7285,5.96,0,,,,,44,12.4,ok
TIC 309704722,79.6829,-62.985,5.96,0,,,,,30,12.1,ok
TIC 350334336,84.0902,-57.4576,5.96,0,,,,,31,13.1,ok
TIC 119727109,277.6266,-59.2923,5.96,0,,,,,4,5.4,ok
TIC 150437899,97.5126,-65.5678,5.96,0,,,,,38,12.6,ok
TIC 401862221,217.9586,-76.274,5.96,0,,,,,8,10.6,ok
TIC 404968457,85.374,-70.0337,5.97,0,,,,,27,12.4,ok
TIC 217265464,259.9451,-42.0306,5.97,0,,,,,4,5.3,ok
TIC 46747774,258.244,-32.4383,5.97,0,,,,,5,6.2,ok
TIC 216526626,258.8086,-46.5304,5.97,0,,,,,5,6.5,ok
TIC 259592542,72.7344,-53.4591,5.97,0,,,,,12,12.7,ok
TIC 61197299,273.9835,-31.7591,5.97,0,,,,,4,5.3,ok
TIC 279511712,105.8128,-59.178,5.97,0,,,,,43,12.2,ok
TIC 318087025,306.2302,-83.3106,5.97,0,,,,,10,12.8,ok
TIC 150274386,94.9993,-61.3291,5.97,0,,,,,43,12.7,ok
TIC 56222648,272.0794,-31.0063,5.97,0,,,,,4,5.1,ok
TIC 300739338,115.126,-69.846,5.97,0,,,,,32,12.7,ok
TIC 425878192,235.4775,-76.0823,5.98,0,,,,,8,11.0,ok
TIC 37887026,250.1851,-51.4773,5.98,0,,,,,5,6.7,ok
TIC 461736510,84.9944,-85.9143,5.98,0,,,,,8,10.3,ok
TIC 96350098,251.3291,-30.8067,5.98,0,,,,,5,6.8,ok
TIC 305321139,262.0199,-64.9512,5.98,0,,,,,6,8.3,ok
TIC 148191164,265.5641,-40.4623,5.98,0,,,,,4,5.3,ok
TIC 360464126,262.6962,-56.8636,5.98,0,,,,,5,7.3,ok
TIC 376077639,262.847,-56.921,5.98,0,,,,,6,8.3,ok
TIC 361958918,196.5346,-77.1076,5.99,0,,,,,7,9.3,ok
TIC 84028475,249.7717,-37.2177,5.99,0,,,,,4,5.3,ok
TIC 323521281,134.8521,-78.0925,5.99,0,,,,,7,9.1,ok
TIC 120034982,279.1726,-56.2275,5.99,0,,,,,5,6.5,ok
TIC 257266102,268.4782,-34.7528,5.99,0,,,,,5,6.8,ok
TIC 49223792,272.7649,-48.3041,5.99,0,,,,,4,5.3,ok
TIC 118804306,274.0293,-56.6512,5.99,0,,,,,5,7.1,ok
TIC 394679100,54.1036,-79.0989,6.0,0,,,,,13,13.0,ok
TIC 103764820,263.9848,-33.4324,6.0,0,,,,,4,5.7,ok
TIC 149250753,82.5662,-63.9273,6.0,0,,81.0,rejete,variabilite_continue;eclipse_secondaire,43,17.7,ok
TIC 304410431,276.423,-70.8155,6.0,0,,,,,7,10.3,ok
TIC 444972713,268.0569,-34.7992,6.0,0,,,,,5,6.7,ok
TIC 451565878,270.3921,-85.2159,6.0,0,,,,,8,10.7,ok
TIC 257720503,78.3273,-59.5855,6.0,0,,,,,32,12.7,ok
TIC 85915504,271.5156,-47.6891,6.0,0,,,,,3,4.3,ok
TIC 32052027,57.2515,-69.8786,6.0,0,,,,,38,12.3,ok
TIC 410338728,45.8058,-85.6394,6.0,0,,,,,8,10.1,ok
TIC 301956407,260.0519,-70.0468,6.01,1,1.8314,22.5,rejete,variabilite_continue;eclipse_secondaire,8,14.0,ok
TIC 394728064,160.464,-79.7832,6.01,0,,,,,8,10.8,ok
TIC 403198068,228.1412,-72.7707,6.01,0,,21.2,rejete,variabilite_continue;eclipse_secondaire,9,16.2,ok
TIC 363874696,250.8425,-67.4326,6.01,0,,,,,6,8.0,ok
TIC 424717049,236.9705,-65.4425,6.01,0,,,,,9,12.0,ok
TIC 317089497,347.1029,-79.4809,6.02,0,,,,,7,9.3,ok
TIC 257544390,268.613,-34.4668,6.03,0,,,,,5,7.4,ok
TIC 277130983,282.992,-83.3165,6.04,0,,,,,7,9.1,ok
TIC 78253491,251.1774,-39.3941,6.04,0,,,,,1,2.1,ok
TIC 261136000,83.9009,-78.8207,6.04,0,,48.8,rejete,variabilite_continue;eclipse_secondaire;compagnon_trop_gros_2.5Rjup,27,17.6,ok
TIC 347773211,254.1195,-52.284,6.04,0,,,,,5,6.5,ok
TIC 123717205,255.9237,-47.1605,6.04,0,,,,,4,5.3,ok
TIC 418716757,210.1362,-78.59,6.05,0,,,,,7,9.0,ok
TIC 394947052,203.2948,-77.5705,6.05,0,,,,,7,10.0,ok
TIC 397039557,267.7962,-53.1303,6.06,0,,,,,4,5.4,ok
TIC 41533357,93.7747,-71.7024,6.07,0,,,,,41,13.3,ok
TIC 397712476,250.94,-41.1194,6.07,0,,,,,4,5.5,ok
TIC 256056579,266.0823,-72.2202,6.08,0,,,,,9,12.0,ok
TIC 337250361,252.7501,-37.5146,6.08,0,,,,,3,4.6,ok
TIC 382384315,289.1194,-69.191,6.09,0,,,,,9,11.7,ok
TIC 279360385,104.6512,-56.3951,6.09,0,,,,,36,13.7,ok
TIC 167814656,104.9962,-61.3343,6.1,0,,,,,44,12.4,ok
TIC 412409409,259.9638,-48.5508,6.1,0,,,,,4,5.4,ok
TIC 349804329,274.2538,-51.0683,6.11,0,,,,,4,5.3,ok
TIC 158778489,261.2611,-34.6962,6.11,0,,,,,4,5.3,ok
TIC 34276326,253.6501,-30.5874,6.11,0,,,,,4,5.4,ok
TIC 402180616,220.4719,-75.1396,6.11,0,,,,,9,12.3,ok
TIC 149248196,82.1875,-65.4475,6.11,0,,,,,36,12.6,ok
TIC 350466558,246.3419,-63.1252,6.12,0,,,,,7,9.1,ok
TIC 397821668,250.9482,-38.1567,6.12,0,,,,,4,5.5,ok
TIC 447489245,252.9745,-65.3756,6.12,0,,,,,7,9.1,ok
TIC 347665026,254.0367,-50.6749,6.14,0,,14.7,rejete,variabilite_continue;eclipse_secondaire;compagnon_trop_gros_7.0Rjup,5,9.0,ok
TIC 341034233,238.7193,-60.7437,6.15,0,,,,,8,10.6,ok
TIC 141411201,84.2619,-73.7001,6.15,0,,,,,42,12.7,ok
TIC 389644839,277.7338,-48.015,6.16,0,,,,,3,4.9,ok
TIC 171895762,255.4474,-58.9583,6.16,0,,,,,5,6.7,ok
TIC 212028722,255.443,-51.1314,6.17,0,,,,,6,8.2,ok
TIC 1112343918,236.9712,-65.4429,6.17,0,,,,,8,10.8,ok
TIC 422703551,234.0723,-65.6137,6.17,0,,,,,9,11.6,ok
TIC 382147200,80.5922,-56.1342,6.19,0,,,,,29,12.7,ok
TIC 142085842,98.51,-77.6881,6.19,0,,,,,42,13.1,ok
TIC 467933738,282.4322,-72.9958,6.19,0,,,,,10,13.1,ok
TIC 464344675,280.5942,-64.6433,6.2,1,1.5848,10.1,rejete,variabilite_continue,7,12.3,ok
TIC 412559619,261.735,-51.9489,6.2,0,,,,,6,8.3,ok
TIC 453099404,116.0533,-69.8215,6.21,0,,,,,44,13.0,ok
TIC 262457542,228.8089,-70.5208,6.21,0,,,,,10,13.3,ok
TIC 153803859,259.5854,-32.5532,6.21,0,,,,,4,5.1,ok
TIC 410418820,82.5574,-84.7848,6.21,0,,,,,10,13.6,ok
TIC 272427921,119.8155,-73.2443,6.22,0,,,,,29,12.5,ok
TIC 402995680,249.7196,-60.9906,6.22,0,,,,,6,8.6,ok
TIC 256230093,268.3317,-34.7308,6.22,0,,,,,5,7.2,ok
TIC 397712527,250.9752,-41.1135,6.22,0,,,,,4,5.7,ok
TIC 29987134,72.8354,-68.0692,6.22,0,,,,,43,12.8,ok
TIC 374861869,88.5497,-64.4818,6.23,0,,,,,25,12.8,ok
TIC 394911942,164.7982,-81.5556,6.23,0,,,,,6,7.8,ok
TIC 404376186,323.4786,-82.6831,6.23,0,,,,,7,10.0,ok
TIC 376135345,292.0257,-69.6313,6.23,0,,,,,5,6.3,ok
TIC 402805529,224.9822,-75.0328,6.24,0,,,,,9,12.4,ok
TIC 124584703,256.2721,-45.5024,6.24,0,,,,,6,7.9,ok
TIC 62280889,274.401,-34.1073,6.24,0,,,,,4,5.2,ok
TIC 344963729,255.3042,-38.2033,6.24,0,,,,,2,3.5,ok
TIC 158158265,281.7463,-50.0949,6.25,0,,,,,5,6.7,ok
TIC 86519789,272.1254,-45.7671,6.25,0,,,,,4,5.8,ok
TIC 374859347,88.5169,-60.0239,6.25,0,,,,,42,13.1,ok
TIC 311401333,259.1479,-74.5334,6.26,0,,,,,9,12.4,ok
TIC 307233427,267.6058,-61.9244,6.27,0,,,,,5,7.2,ok
TIC 305325015,262.0326,-63.0364,6.27,0,,,,,8,10.7,ok
TIC 376986714,76.831,-83.8589,6.27,0,,,,,10,13.2,ok
TIC 217786583,261.1794,-45.008,6.28,0,,,,,4,5.4,ok
TIC 358290717,66.0495,-57.0719,6.28,0,,,,,19,12.5,ok
TIC 313942325,278.3462,-38.7202,6.28,0,,,,,3,4.0,ok
TIC 140893238,76.5392,-73.0372,6.28,0,,245.6,rejete,variabilite_continue;eclipse_secondaire,43,16.4,ok
TIC 419666736,341.3835,-88.8185,6.28,0,,,,,6,7.8,ok
TIC 343048490,240.7182,-62.5418,6.29,0,,,,,8,10.3,ok
TIC 279159916,103.1892,-59.3409,6.29,0,,,,,29,12.1,ok
TIC 150442264,97.7942,-61.8795,6.29,0,,61.8,rejete,variabilite_continue;eclipse_secondaire,39,17.7,ok
TIC 57997895,272.7307,-33.8001,6.3,0,,,,,5,6.9,ok
TIC 373916957,81.749,-68.6227,6.3,0,,,,,38,13.4,ok
TIC 149176305,81.9118,-60.4167,6.3,0,,,,,41,12.5,ok
TIC 326419771,270.4512,-36.378,6.3,0,,,,,4,11.7,ok
TIC 206828302,242.4266,-56.4428,6.3,0,,,,,7,17.0,ok
TIC 395186118,204.7994,-75.6839,6.31,0,,,,,7,14.7,ok
TIC 38586082,64.088,-60.9483,6.31,0,,,,,33,16.5,ok
TIC 273945912,30.2424,-78.8707,6.31,0,,,,,10,12.4,ok
TIC 76922247,271.1747,-59.2099,6.31,0,,,,,7,8.9,ok
TIC 389069291,262.357,-38.5169,6.32,0,,,,,3,4.6,ok
TIC 257266512,268.4396,-34.7861,6.32,0,,,,,5,6.5,ok
TIC 367828264,260.6251,-54.2863,6.33,0,,,,,5,6.4,ok
TIC 88984406,274.9213,-45.7001,6.34,0,,,,,3,4.2,ok
TIC 453258688,147.0844,-75.7772,6.34,0,,,,,9,11.5,ok
TIC 295649670,274.5039,-68.2294,6.34,0,,,,,7,8.8,ok
TIC 357040880,180.0198,-78.193,6.35,0,,,,,5,7.0,ok
TIC 86519791,272.1241,-45.7672,6.35,0,,,,,4,5.3,ok
TIC 150150734,93.0472,-65.5301,6.35,0,,,,,28,12.2,ok
TIC 26201081,276.4775,-33.9458,6.35,0,,,,,4,4.8,ok
TIC 340630839,238.237,-65.1524,6.36,0,,,,,6,7.2,ok
TIC 303658933,257.5261,-61.6755,6.37,0,,,,,7,8.6,ok
TIC 141026903,78.8529,-73.5884,6.37,0,,,,,32,12.0,ok
TIC 282406261,216.0911,-82.8483,6.37,0,,,,,6,8.0,ok
TIC 32035258,56.3494,-71.6578,6.37,0,,,,,24,12.7,ok
TIC 257267031,268.4923,-34.8311,6.37,0,,,,,5,6.8,ok
TIC 157921708,261.0365,-34.7997,6.37,0,,,,,4,5.4,ok
TIC 345173268,281.5639,-72.8141,6.38,0,,,,,6,7.8,ok
TIC 150357404,96.2324,-63.8281,6.38,0,,,,,39,12.2,ok
TIC 350295056,83.394,-57.0828,6.38,0,,,,,21,12.3,ok
TIC 351920521,280.5608,-81.8082,6.38,0,,,,,8,10.3,ok
TIC 260420061,95.9457,-58.5437,6.38,0,,,,,44,12.4,ok
TIC 406098569,283.3,-51.9315,6.38,0,,,,,4,5.4,ok
TIC 277103567,84.229,-66.5602,6.38,0,,,,,29,11.9,ok
TIC 401701660,317.3499,-82.0276,6.39,0,,,,,9,11.3,ok
TIC 358071115,47.5819,-74.2951,6.39,0,,,,,18,12.1,ok
TIC 263789026,235.0473,-70.2283,6.39,0,,,,,7,9.0,ok
TIC 300329283,111.1549,-71.4704,6.4,0,,,,,31,12.9,ok
TIC 220456828,74.2811,-58.0689,6.4,0,,,,,42,12.6,ok
TIC 233438010,250.4581,-45.3694,6.41,0,,,,,4,5.1,ok
TIC 220476607,75.5704,-56.0754,6.41,0,,,,,34,12.1,ok
TIC 217134952,259.8526,-44.2231,6.42,0,,,,,4,5.7,ok
TIC 40653725,256.1929,-31.3628,6.42,0,,,,,2,2.8,ok
TIC 119340944,276.3203,-57.0956,6.43,0,,,,,5,6.2,ok
TIC 171644414,255.1297,-57.2992,6.43,0,,,,,6,8.4,ok
TIC 222012610,249.7642,-58.2602,6.43,0,,,,,7,9.3,ok
TIC 238069953,104.4392,-52.6511,6.43,0,,,,,19,12.1,ok
TIC 310855822,255.2267,-76.2199,6.44,0,,,,,7,8.7,ok
TIC 469102557,266.7803,-38.1124,6.44,0,,,,,4,5.7,ok
TIC 238869865,38.3214,-75.8933,6.44,0,,,,,14,13.2,ok
TIC 167005517,94.8129,-69.7841,6.45,0,,,,,41,12.4,ok
TIC 458319418,250.6943,-37.3432,6.46,0,,,,,4,5.9,ok
TIC 112584039,269.4907,-39.1367,6.46,0,,,,,4,5.6,ok
TIC 338627888,253.1141,-40.7233,6.47,0,,,,,1,1.6,ok
TIC 208585373,244.8387,-54.5143,6.47,0,,,,,4,5.6,ok
TIC 404351212,323.3391,-80.0395,6.47,0,,,,,7,8.6,ok
TIC 73924781,263.5497,-54.8979,6.48,0,,,,,3,4.4,ok
TIC 465608542,263.9293,-37.4401,6.49,0,,,,,2,3.0,ok
TIC 383473544,198.8232,-87.5618,6.49,0,,,,,5,6.7,ok
TIC 452518444,140.8449,-77.888,6.5,0,,,,,10,12.6,ok
TIC 340411626,253.742,-41.151,6.51,0,,,,,4,5.6,ok
TIC 1523651765,261.7157,-45.8434,6.51,0,,,,,4,5.9,ok
TIC 341258182,254.0217,-40.3493,6.52,0,,,,,5,6.8,ok
TIC 257721857,78.3669,-55.5696,6.52,0,,,,,33,13.0,ok
TIC 25078674,60.1825,-71.1666,6.53,0,,,,,21,14.3,ok
TIC 303655974,257.5442,-60.7246,6.53,0,,,,,7,9.1,ok
TIC 263018409,230.1689,-67.4816,6.53,0,,,,,9,11.6,ok
TIC 256079641,268.2324,-35.0189,6.54,0,,,,,3,4.4,ok
TIC 293975288,107.0274,-57.3309,6.54,0,,,,,36,12.0,ok
TIC 150394126,96.9526,-62.1497,6.54,0,,28.4,rejete,variabilite_continue;eclipse_secondaire,40,21.9,ok
TIC 77929282,251.0624,-38.9441,6.55,0,,,,,5,6.6,ok
TIC 245838702,252.2464,-47.719,6.55,0,,,,,4,5.7,ok
TIC 95822197,250.9113,-32.1061,6.55,0,,,,,4,5.9,ok
TIC 113403971,266.988,-34.0229,6.55,0,,,,,5,6.3,ok
TIC 287717402,126.2521,-74.9119,6.55,0,,,,,18,12.9,ok
TIC 454961439,179.6454,-77.8255,6.56,0,,,,,7,8.8,ok
TIC 269742895,65.7119,-82.899,6.57,0,,21.2,rejete,variabilite_continue,13,18.0,ok
TIC 220405047,70.0744,-58.9427,6.57,0,,,,,16,12.6,ok
TIC 293973218,106.8177,-59.7164,6.57,0,,,,,44,12.5,ok
TIC 294327312,108.8709,-58.5426,6.58,0,,107.3,rejete,variabilite_continue;eclipse_secondaire;compagnon_trop_gros_5.0Rjup,23,17.3,ok
TIC 361082817,242.3017,-71.0724,6.58,0,,,,,4,5.9,ok
TIC 214519665,261.594,-48.615,6.58,0,,,,,5,6.3,ok
TIC 327303570,310.4442,-75.3476,6.58,0,,,,,9,11.8,ok
TIC 330957772,272.3437,-36.6726,6.58,0,,,,,3,4.3,ok
TIC 424621975,236.7522,-62.7959,6.58,0,,,,,7,8.9,ok
TIC 337438474,270.7642,-51.6496,6.59,0,,,,,6,7.3,ok
TIC 173552927,257.8166,-56.6812,6.59,0,,,,,4,5.7,ok
TIC 306988730,266.9416,-63.5631,6.59,0,,,,,8,10.5,ok
TIC 300604036,113.3408,-68.7686,6.59,0,,,,,21,12.4,ok
TIC 141828072,93.6748,-73.6263,6.59,0,,,,,29,13.4,ok
TIC 118840289,274.1191,-57.4473,6.6,0,,,,,6,7.4,ok
TIC 38909679,69.7053,-62.3783,6.6,0,,,,,21,11.8,ok
TIC 96462143,251.3986,-33.851,6.6,0,,,,,4,5.4,ok
TIC 38510324,62.531,-61.5995,6.62,0,,,,,32,12.7,ok
TIC 358290716,66.047,-57.0724,6.62,0,,,,,19,12.5,ok
TIC 312537446,277.32,-38.8514,6.63,0,,,,,3,4.0,ok
TIC 357208862,182.2805,-78.7814,6.63,1,1.4717,26.1,rejete,variabilite_continue;eclipse_secondaire,7,12.6,ok
TIC 141186075,81.3263,-75.6946,6.64,0,,,,,42,12.6,ok
TIC 90997363,277.5183,-43.8351,6.65,0,,,,,3,4.5,ok
TIC 217148592,259.8746,-45.64,6.66,0,,,,,2,3.0,ok
TIC 300160320,109.2388,-71.7492,6.66,0,,,,,41,12.0,ok
TIC 365362195,273.2829,-60.143,6.66,0,,,,,8,11.0,ok
TIC 96834078,265.2105,-49.9596,6.67,0,,,,,4,5.2,ok
TIC 370041241,65.9833,-66.7367,6.67,0,,,,,23,12.3,ok
TIC 300088321,108.0772,-67.7842,6.67,0,,,,,43,12.0,ok
TIC 89142278,275.048,-45.9233,6.67,0,,,,,4,5.5,ok
TIC 261137158,83.9128,-81.6117,6.67,0,,,,,18,13.2,ok
TIC 281982207,130.3447,-72.5882,6.68,0,,,,,14,12.0,ok
TIC 410355565,55.6386,-85.2618,6.68,0,,,,,9,11.8,ok
TIC 392706770,327.4069,-82.4344,6.69,0,,,,,7,8.9,ok
TIC 381987118,284.2375,-67.2334,6.69,0,,,,,8,9.6,ok
TIC 140898575,76.6534,-77.5704,6.7,0,,,,,43,13.5,ok
TIC 207556694,243.441,-57.5805,6.7,0,,,,,7,10.3,ok
TIC 274144464,143.3181,-86.0102,6.7,0,,,,,10,12.8,ok
TIC 349897131,274.4477,-52.0403,6.71,0,,,,,4,5.1,ok
TIC 295545756,273.6004,-70.7513,6.71,0,,,,,7,8.6,ok
TIC 171632238,254.9786,-59.3304,6.71,0,,,,,5,6.5,ok
TIC 469638222,270.0766,-39.2503,6.72,0,,,,,4,5.3,ok
TIC 349190908,108.5921,-61.0697,6.72,0,,,,,42,12.2,ok
TIC 382259669,82.6858,-57.1601,6.73,0,,,,,33,11.6,ok
TIC 287770635,126.8899,-75.3582,6.73,0,,14.8,rejete,variabilite_continue;eclipse_secondaire,18,20.2,ok
TIC 238196350,57.0495,-74.6939,6.74,0,,,,,31,12.3,ok
TIC 369102387,273.2467,-39.1629,6.75,0,,,,,3,4.2,ok
TIC 278684081,99.114,-57.5388,6.76,0,,,,,42,11.9,ok
TIC 374858533,88.3113,-61.8394,6.76,0,,,,,30,12.7,ok
TIC 453096328,114.0801,-69.0564,6.76,0,,,,,30,12.0,ok
TIC 176935619,100.6061,-67.8428,6.76,0,,,,,39,12.2,ok
TIC 401677048,216.7334,-76.5193,6.77,0,,,,,6,7.8,ok
TIC 300448625,111.7724,-68.6148,6.77,0,,,,,41,12.1,ok
TIC 342041655,239.4184,-60.201,6.77,0,,,,,9,11.7,ok
TIC 220405048,70.0765,-58.9427,6.77,0,,,,,34,11.8,ok
TIC 246331478,268.6016,-38.6274,6.77,0,,,,,2,3.0,ok
TIC 57269920,252.9706,-49.1152,6.78,0,,,,,5,6.2,ok
TIC 140596513,68.6464,-72.7334,6.79,0,,61.1,rejete,variabilite_continue;eclipse_secondaire,21,17.6,ok
TIC 402595813,248.2661,-63.8436,6.8,0,,,,,7,10.1,ok
TIC 431479801,49.7399,-73.9869,6.81,0,,,,,20,12.4,ok
TIC 372819370,67.8489,-59.7668,6.81,0,,,,,19,12.1,ok
TIC 271972463,113.9039,-75.5443,6.81,0,,,,,41,12.1,ok
TIC 306739463,120.8379,-69.9715,6.81,0,,,,,28,12.7,ok
TIC 2025820827,327.7376,-82.7187,6.81,0,,,,,6,7.5,ok
TIC 141811261,92.6101,-77.1055,6.82,0,,,,,21,12.3,ok
TIC 464415840,282.0267,-62.2303,6.82,0,,,,,8,10.8,ok
TIC 340786513,292.0458,-73.0911,6.83,0,,,,,10,12.2,ok
TIC 54733295,252.6503,-50.0449,6.83,0,,,,,5,6.9,ok
TIC 279249351,103.9717,-56.938,6.83,0,,,,,43,12.4,ok
TIC 39645962,250.331,-48.7632,6.83,0,,,,,5,6.8,ok
TIC 423241700,297.8095,-72.7956,6.85,0,,,,,6,7.5,ok
TIC 41487605,93.4207,-66.6796,6.85,0,,,,,29,12.6,ok
TIC 32001054,56.195,-70.0273,6.86,0,,,,,35,12.8,ok
TIC 167415800,99.4102,-70.6041,6.86,0,,,,,40,12.4,ok
TIC 175732679,262.8321,-39.0179,6.87,0,,,,,4,5.5,ok
TIC 381952089,76.8921,-54.9886,6.87,0,,,,,27,12.2,ok
TIC 86882963,272.3649,-45.9393,6.87,0,,,,,2,3.0,ok
TIC 273228569,320.572,-80.1147,6.88,0,,,,,3,4.2,ok
TIC 246664608,253.1328,-42.992,6.88,0,,,,,5,6.7,ok
TIC 167889542,105.2708,-65.706,6.88,0,,,,,44,13.0,ok
TIC 276676383,269.5385,-81.4542,6.89,0,,,,,9,11.8,ok
TIC 149479101,85.4896,-62.9137,6.9,0,,,,,29,12.2,ok
TIC 118142755,271.7213,-54.1807,6.9,0,,,,,2,2.9,ok
TIC 55501315,71.8412,-61.4763,6.9,0,,,,,42,11.8,ok
TIC 339559354,253.4623,-41.3103,6.92,0,,,,,3,5.0,ok
TIC 220412945,70.8076,-54.5948,6.92,0,,,,,12,12.3,ok
TIC 382823015,257.9629,-45.8751,6.93,0,,,,,4,5.6,ok
TIC 154048450,259.8192,-31.362,6.93,0,,,,,3,3.9,ok
TIC 306980677,266.649,-62.7546,6.93,0,,,,,6,7.4,ok
TIC 83824229,249.6288,-39.1525,6.94,0,,,,,2,2.9,ok
TIC 406870701,227.5795,-79.6128,6.94,0,,,,,8,10.7,ok
TIC 33770773,63.2798,-72.8205,6.95,0,,,,,42,12.0,ok
TIC 309433928,138.1006,-81.7684,6.96,0,,,,,9,11.5,ok
TIC 280726888,345.7217,-82.709,6.96,0,,,,,7,8.7,ok
TIC 338637736,253.2393,-41.5652,6.96,0,,,,,4,5.2,ok
TIC 350858713,90.2309,-54.9513,6.96,0,,,,,42,12.3,ok
TIC 382276154,287.4803,-68.3,6.96,0,,,,,6,7.7,ok
TIC 447088034,238.7024,-65.9011,6.96,0,,,,,8,11.1,ok
TIC 300703532,114.56,-67.4481,6.97,0,,,,,43,12.1,ok
TIC 271638135,108.8786,-75.8642,6.98,0,,,,,40,12.7,ok
TIC 293208492,249.1194,-40.3032,6.98,0,,,,,3,4.0,ok
TIC 294754816,71.497,-66.0785,6.99,0,,,,,42,11.9,ok
TIC 79601647,251.7569,-39.534,6.99,0,,,,,1,1.7,ok
TIC 349273907,109.1557,-64.1242,6.99,0,,,,,44,12.7,ok
TIC 261580100,227.202,-70.7108,7.0,0,,,,,8,32.2,ok
TIC 287870438,128.0588,-76.9278,7.01,0,,,,,17,12.4,ok
TIC 389368692,85.6741,-67.1391,7.01,0,,,,,29,13.0,ok
TIC 35306400,249.9469,-51.9945,7.01,0,,,,,5,6.6,ok
TIC 298941139,243.092,-61.9293,7.02,0,,,,,7,9.2,ok
TIC 34404183,253.6099,-33.4756,7.02,0,,23.3,rejete,variabilite_continue;eclipse_secondaire,5,9.2,ok
TIC 341516367,254.2278,-40.5123,7.02,0,,,,,3,4.3,ok
TIC 290493086,242.5389,-84.2318,7.03,0,,,,,7,9.8,ok
TIC 32001057,56.2563,-70.0248,7.03,0,,,,,36,13.3,ok
TIC 350518530,86.0566,-55.6952,7.04,0,,,,,40,12.9,ok
TIC 464547765,285.6513,-64.9273,7.04,0,,,,,8,10.0,ok
TIC 397231463,101.5577,-83.9911,7.04,0,,,,,13,13.8,ok
TIC 231074032,67.5507,-67.8746,7.05,0,,,,,43,12.6,ok
TIC 364107753,251.3629,-71.8394,7.05,0,,16.3,rejete,variabilite_continue;eclipse_secondaire,6,11.1,ok
TIC 86321809,271.8589,-46.8996,7.05,0,,,,,4,5.6,ok
TIC 317383399,65.3309,-87.8125,7.06,0,,,,,9,12.3,ok
TIC 377021911,151.4037,-84.0889,7.06,0,,,,,8,10.7,ok
TIC 350342269,84.4511,-54.5635,7.07,0,,,,,16,12.7,ok
TIC 451558465,267.9669,-84.1112,7.07,0,,,,,9,11.4,ok
TIC 257653274,292.2316,-84.7207,7.07,0,,,,,8,20.2,ok
TIC 87418452,273.0904,-43.4478,7.07,0,,,,,4,10.0,ok
TIC 216912112,259.5057,-43.5779,7.08,0,,,,,1,7.0,ok
TIC 469828125,302.2662,-74.2206,7.09,0,,,,,6,17.4,ok
TIC 271971626,113.8402,-74.2748,7.09,0,,,,,42,24.3,ok
TIC 370101728,69.99,-71.5059,7.1,0,,,,,41,22.1,ok
TIC 150143137,92.7206,-61.4996,7.1,0,,,,,38,19.6,ok
TIC 376987652,77.6088,-80.4073,7.1,0,,,,,22,18.5,ok
TIC 394630088,157.9646,-81.921,7.11,0,,,,,5,20.1,ok
TIC 379146745,257.137,-36.6436,7.11,0,,,,,2,9.4,ok
TIC 404224395,355.982,-82.5091,7.11,0,,,,,8,13.4,ok
TIC 327305219,310.8097,-76.5485,7.12,0,,,,,8,11.2,ok
TIC 287636970,125.2876,-71.9681,7.12,0,,,,,20,14.4,ok
TIC 451538080,264.8441,-86.8852,7.12,0,,,,,7,9.1,ok
TIC 161988269,262.3039,-31.5343,7.12,0,,,,,6,7.7,ok
TIC 263585910,269.9852,-33.4083,7.12,0,,,,,5,6.8,ok
TIC 375057127,99.6602,-60.183,7.12,0,,95.6,rejete,variabilite_continue;eclipse_secondaire,30,15.9,ok
TIC 279317755,104.0975,-57.5775,7.13,0,,,,,42,12.6,ok
TIC 42426528,256.7715,-35.759,7.13,0,,,,,3,4.0,ok
TIC 370222613,73.3667,-72.7649,7.13,0,,,,,22,12.0,ok
TIC 336431824,252.4358,-36.4063,7.13,0,,,,,1,1.9,ok
TIC 176931266,100.2607,-70.6507,7.13,0,,,,,19,12.5,ok
TIC 323685105,136.9485,-82.325,7.14,0,,,,,8,10.0,ok
TIC 75684348,267.6256,-54.7309,7.14,0,,,,,3,4.3,ok
TIC 214419569,261.275,-50.4503,7.15,0,,,,,5,6.7,ok
TIC 300811971,116.5761,-71.7199,7.15,0,,,,,41,13.5,ok
TIC 140827588,75.4836,-76.6294,7.15,0,,,,,42,12.6,ok
TIC 299901449,106.4047,-71.2704,7.16,0,,,,,43,12.8,ok
TIC 260542710,97.076,-59.6179,7.16,0,,,,,41,14.2,ok
TIC 218263393,262.1724,-46.9014,7.16,0,,,,,6,8.6,ok
TIC 349764112,112.8501,-64.3719,7.16,0,,,,,42,11.9,ok
TIC 177309385,103.3171,-74.7239,7.16,0,,,,,42,12.0,ok
TIC 150165182,93.1342,-61.474,7.17,0,,,,,27,11.9,ok
TIC 260474813,96.2741,-55.7248,7.17,0,,,,,41,12.6,ok
TIC 34288801,253.6691,-32.1904,7.17,0,,,,,5,6.5,ok
TIC 306668068,120.3859,-70.0231,7.17,0,,,,,40,12.8,ok
TIC 308087983,130.0754,-71.8767,7.17,0,,,,,15,12.7,ok
TIC 166972537,94.5865,-69.1627,7.18,0,,,,,41,12.2,ok
TIC 214083934,260.3292,-51.123,7.19,0,,,,,4,5.3,ok
TIC 349679418,112.487,-61.25,7.19,0,,,,,38,11.6,ok
TIC 217302172,260.2108,-45.4211,7.2,0,,,,,6,7.6,ok
TIC 224564015,246.7918,-47.5492,7.2,0,,,,,1,2.6,ok
TIC 55497281,71.7184,-60.6026,7.2,0,,,,,43,12.8,ok
TIC 279477956,105.4451,-56.6214,7.21,0,,,,,34,11.8,ok
TIC 193064299,265.3149,-34.9695,7.21,0,,,,,3,4.1,ok
TIC 55272404,76.5465,-62.7874,7.22,0,,,,,40,12.4,ok
TIC 369897885,171.3202,-84.9545,7.22,0,,,,,8,10.4,ok
TIC 284194255,105.7981,-66.8886,7.22,0,,,,,38,12.0,ok
TIC 280867290,101.2889,-82.8958,7.22,0,,,,,13,12.0,ok
TIC 464013520,261.8399,-38.0615,7.23,0,,,,,4,5.2,ok
TIC 260655847,98.1444,-55.6492,7.23,0,,,,,43,11.9,ok
TIC 357165560,181.7715,-78.7412,7.23,0,,,,,7,9.2,ok
TIC 140828939,75.2897,-74.3408,7.24,0,,,,,28,12.0,ok
TIC 90158634,276.3227,-44.5929,7.24,0,,,,,2,3.3,ok
TIC 372908110,98.0401,-65.315,7.25,0,,,,,38,12.0,ok
TIC 323246150,130.4351,-79.0479,7.25,0,,,,,10,14.9,ok
TIC 407621805,71.0243,-76.3048,7.25,0,,,,,43,26.0,ok
TIC 29832209,66.444,-69.9936,7.26,0,,,,,42,13.5,ok
TIC 97090051,265.6947,-50.0021,7.26,0,,,,,3,4.0,ok
TIC 418383992,200.7334,-81.3112,7.26,0,,,,,7,8.9,ok
TIC 167303815,97.9622,-68.1202,7.27,0,,,,,20,12.1,ok
TIC 237933846,58.9584,-65.1861,7.27,0,,,,,34,12.9,ok
TIC 26710806,248.8334,-53.6473,7.27,0,,,,,3,3.9,ok
TIC 149253686,82.9003,-61.541,7.27,0,,,,,29,11.8,ok
TIC 30631031,75.1644,-70.6238,7.28,0,,47.9,rejete,variabilite_continue;eclipse_secondaire,32,20.8,ok
TIC 337243296,252.6896,-38.2566,7.28,0,,,,,1,1.9,ok
TIC 409883397,293.7904,-69.9768,7.28,0,,,,,6,7.6,ok
TIC 300443794,111.66,-69.5762,7.29,0,,,,,44,12.3,ok
TIC 150064391,91.4243,-61.7485,7.29,0,,,,,37,12.4,ok
TIC 260266502,94.0637,-59.2207,7.29,0,,,,,38,12.3,ok
TIC 463807707,261.2112,-41.5002,7.29,0,,,,,3,4.5,ok
TIC 395066279,204.2384,-76.5083,7.3,0,,,,,7,9.4,ok
TIC 391901095,115.8335,-70.0649,7.3,0,,,,,42,12.1,ok
TIC 217355682,260.0937,-47.9322,7.3,0,,,,,4,5.3,ok
TIC 273651895,338.8136,-78.6143,7.3,0,,,,,6,8.0,ok
TIC 466134845,296.2917,-70.0169,7.3,0,,,,,10,11.8,ok
TIC 167119619,96.0086,-70.1867,7.31,0,,,,,38,11.7,ok
TIC 222212046,250.461,-54.7507,7.31,0,,,,,4,5.0,ok
TIC 458283753,250.756,-39.5091,7.33,0,,,,,4,5.4,ok
TIC 141127435,80.6869,-72.3382,7.33,1,3.2381,31.2,rejete,variabilite_continue;eclipse_secondaire,29,16.1,ok
TIC 287327575,109.613,-57.3519,7.33,0,,,,,24,11.6,ok
TIC 280053409,46.1528,-77.1665,7.33,0,,,,,14,13.1,ok
TIC 343257744,240.845,-63.3675,7.34,0,,,,,6,7.6,ok
TIC 359986604,223.9141,-78.8832,7.34,0,,,,,6,7.7,ok
TIC 341660109,254.1783,-39.1376,7.34,0,,,,,3,4.1,ok
TIC 331889674,272.5861,-41.7583,7.34,0,,,,,2,2.9,ok
TIC 467966544,285.0033,-69.9456,7.35,0,,,,,5,6.8,ok
TIC 389506883,86.1265,-70.1348,7.35,0,,,,,42,12.1,ok
TIC 83245109,249.2609,-38.6764,7.36,0,,,,,3,4.3,ok
TIC 140689653,73.0158,-72.9946,7.36,0,,,,,41,11.8,ok
TIC 149120726,80.9416,-62.5822,7.36,0,,,,,40,11.4,ok
TIC 382198917,81.5181,-58.5614,7.36,0,,,,,21,12.2,ok
TIC 381949148,76.447,-57.553,7.36,0,,,,,44,11.5,ok
TIC 55383814,77.4057,-63.7768,7.36,0,,,,,39,12.5,ok
TIC 234639339,251.0351,-47.4693,7.36,0,,,,,5,6.3,ok
TIC 220396592,68.8682,-54.8909,7.37,0,,,,,11,11.7,ok
TIC 453095415,114.1499,-67.6138,7.37,0,,,,,42,12.0,ok
TIC 231729308,81.4281,-53.4802,7.37,0,,,,,21,11.8,ok
TIC 343110556,254.7277,-39.557,7.37,0,,,,,3,3.9,ok
TIC 394923504,165.7567,-81.6214,7.39,0,,,,,6,7.6,ok
TIC 177286026,102.7823,-77.6738,7.39,0,,,,,19,11.9,ok
TIC 300242735,109.8746,-70.2087,7.39,0,,,,,41,12.2,ok
TIC 41591173,93.9145,-66.2922,7.4,0,,,,,21,12.3,ok
TIC 260078030,91.8938,-55.7057,7.4,0,,,,,43,12.5,ok
TIC 349156177,108.316,-64.8734,7.4,0,,,,,32,12.6,ok
TIC 159803421,261.645,-32.9704,7.41,0,,,,,6,7.4,ok
TIC 238229227,59.3025,-76.5105,7.41,0,,,,,30,12.5,ok
TIC 220796311,246.067,-56.0546,7.41,0,,,,,4,6.1,ok
TIC 220432921,73.4018,-57.3322,7.42,0,,,,,40,12.7,ok
TIC 90661277,277.1376,-46.7489,7.42,0,,,,,2,3.0,ok
TIC 349310293,109.6616,-63.3866,7.42,0,,,,,30,12.6,ok
TIC 401700343,317.3872,-79.2736,7.42,0,,,,,6,8.1,ok
TIC 272322827,119.0375,-71.9849,7.42,0,,,,,41,13.0,ok
TIC 375063320,100.3749,-65.4691,7.42,0,,,,,38,14.0,ok
TIC 179305185,79.5599,-69.2503,7.42,0,,,,,32,12.2,ok
TIC 287273024,109.4129,-59.2619,7.42,0,,,,,31,12.7,ok
TIC 279056282,102.5102,-55.9036,7.43,0,,,,,26,12.6,ok
TIC 219380984,76.9124,-53.5568,7.43,0,,,,,15,12.6,ok
TIC 259589304,72.406,-53.8799,7.43,0,,,,,12,13.0,ok
TIC 263003176,12.5503,-83.7437,7.44,0,,,,,9,11.2,ok
TIC 407883810,290.2036,-72.6293,7.44,0,,,,,6,7.7,ok
TIC 27877625,277.1808,-33.6284,7.44,0,,,,,3,4.1,ok
TIC 377963169,256.6211,-39.3053,7.44,0,,,,,2,3.1,ok
TIC 398449624,299.067,-72.3664,7.44,0,,,,,6,8.2,ok
TIC 155832758,260.3572,-31.5822,7.45,0,,,,,2,2.8,ok
TIC 220457967,74.4918,-57.9674,7.45,0,,,,,21,13.5,ok
TIC 447638968,254.2754,-64.1891,7.45,0,,,,,3,4.3,ok
TIC 290486299,2.5191,-79.0019,7.45,0,,,,,8,10.3,ok
TIC 350519062,86.0837,-56.9159,7.46,0,,,,,21,12.6,ok
TIC 306932279,123.0681,-71.2667,7.46,0,,,,,32,12.1,ok
TIC 279246287,103.7136,-55.2605,7.46,0,,,,,29,12.8,ok
TIC 55500825,71.8137,-62.8292,7.47,0,,,,,42,12.1,ok
TIC 411977728,290.9007,-63.1929,7.47,0,,,,,9,11.1,ok
TIC 247347473,253.7769,-44.9893,7.47,0,,,,,3,4.4,ok
TIC 468150691,307.1054,-87.4726,7.48,0,,,,,6,8.2,ok
TIC 279050066,102.161,-54.014,7.48,0,,38.8,rejete,variabilite_continue;eclipse_secondaire,20,16.7,ok
TIC 294981037,72.2405,-67.7142,7.48,0,,,,,31,13.0,ok
TIC 421287414,261.9629,-54.5462,7.49,0,,,,,2,3.1,ok
TIC 395744004,208.8316,-76.271,7.49,0,,,,,9,11.7,ok
TIC 410399074,291.2858,-66.4671,7.49,0,,,,,5,6.3,ok
TIC 38634217,65.0795,-63.1738,7.49,1,1.7211,20.3,rejete,variabilite_continue;eclipse_secondaire,43,16.4,ok
TIC 149390710,83.9069,-62.0525,7.5,0,,,,,42,12.1,ok
TIC 66389641,276.0428,-34.3851,7.5,0,,,,,4,5.7,ok
TIC 293936044,106.628,-57.7784,7.51,0,,17.8,rejete,variabilite_continue;eclipse_secondaire,21,20.5,ok
TIC 372463808,249.4482,-65.0465,7.51,0,,,,,3,4.3,ok
TIC 150431791,97.328,-61.0054,7.51,0,,,,,43,12.7,ok
TIC 277295979,84.4936,-69.9563,7.51,0,,,,,35,12.8,ok
TIC 31509222,89.3101,-69.4774,7.51,0,,,,,35,12.0,ok
TIC 370228164,85.5667,-75.8306,7.51,0,,,,,33,12.3,ok
TIC 293271232,98.6952,-63.2622,7.51,0,,,,,30,12.5,ok
TIC 300139852,108.7352,-68.0721,7.52,0,,,,,41,11.7,ok
TIC 167303382,97.9853,-68.713,7.52,0,,,,,40,12.5,ok
TIC 402802683,225.0255,-73.5352,7.54,0,,,,,6,8.1,ok
TIC 220397769,68.9224,-57.4257,7.54,0,,,,,24,12.8,ok
TIC 273272710,321.6454,-80.6824,7.54,0,,,,,6,7.6,ok
TIC 384387706,249.3293,-83.5465,7.54,0,,,,,5,6.9,ok
TIC 33910267,66.2177,-77.6851,7.54,0,,,,,30,13.2,ok
TIC 235044245,82.437,-53.2657,7.54,0,,,,,22,12.0,ok
TIC 177258735,102.2203,-73.299,7.54,0,,,,,41,12.1,ok
TIC 409883979,293.8187,-69.0947,7.55,0,,,,,6,7.6,ok
TIC 152909970,259.3308,-32.0666,7.55,0,,,,,5,6.6,ok
TIC 383429933,197.0862,-87.2187,7.55,0,,,,,5,6.7,ok
TIC 262498404,109.8875,-57.4488,7.55,0,,,,,29,11.5,ok
TIC 323246698,130.0853,-79.6745,7.55,0,,,,,10,12.8,ok
TIC 451599528,279.7268,-85.7093,7.56,0,,,,,8,9.9,ok
TIC 340502494,253.8729,-40.979,7.56,0,,,,,3,4.0,ok
TIC 351096548,247.3543,-62.8983,7.56,0,,,,,3,4.0,ok
TIC 270677372,87.8698,-53.656,7.56,0,,,,,22,13.5,ok
TIC 149101226,80.253,-64.3315,7.56,0,,,,,40,12.2,ok
TIC 410389503,72.6428,-85.3754,7.56,0,,,,,9,11.0,ok
TIC 464650107,287.7722,-64.2909,7.57,0,,,,,4,5.2,ok
TIC 421260513,217.3568,-80.1033,7.57,0,,,,,6,8.0,ok
TIC 309651717,248.0723,-76.5114,7.58,0,,,,,7,9.0,ok
TIC 33774193,267.0065,-43.4432,7.58,0,,,,,3,3.9,ok
TIC 260160453,92.7082,-59.7998,7.58,0,,103.2,rejete,variabilite_continue;eclipse_secondaire,39,16.8,ok
TIC 294780563,71.2833,-68.0207,7.58,0,,,,,41,12.0,ok
TIC 150250617,94.4575,-64.0301,7.58,0,,,,,29,12.2,ok
TIC 278291931,113.1051,-78.0858,7.58,0,,,,,26,11.7,ok
TIC 260656168,98.2006,-55.0803,7.59,0,,,,,37,12.0,ok
TIC 370236914,105.2381,-72.5605,7.59,0,,,,,44,11.9,ok
TIC 140578304,67.9837,-75.6816,7.59,0,,,,,43,12.3,ok
TIC 55293744,76.6603,-63.1487,7.59,0,,,,,31,12.4,ok
TIC 38583375,63.5914,-64.9682,7.6,0,,,,,36,11.8,ok
TIC 220409133,70.5438,-56.1184,7.6,0,,,,,19,11.9,ok
TIC 314865991,53.558,-72.8452,7.6,0,,,,,25,11.6,ok
TIC 398420416,286.6383,-82.492,7.61,0,,,,,8,10.6,ok
TIC 216466217,245.6388,-53.9049,7.61,0,,,,,3,3.8,ok
TIC 340515783,238.3445,-61.3623,7.61,0,,,,,4,5.3,ok
TIC 141943941,95.3335,-75.128,7.62,0,,,,,41,11.8,ok
TIC 55622372,252.6952,-49.2114,7.62,0,,,,,6,7.4,ok
TIC 31104764,76.4957,-68.4163,7.62,0,,,,,41,11.8,ok
TIC 315875866,279.8316,-37.7036,7.62,0,,,,,2,2.9,ok
TIC 55741018,74.5899,-63.2137,7.63,0,,,,,43,11.8,ok
TIC 379348964,283.4895,-54.9075,7.63,0,,,,,4,5.5,ok
TIC 55451918,70.5879,-63.2154,7.63,0,,,,,31,11.4,ok
TIC 259472757,70.3316,-52.6273,7.63,0,,,,,9,11.4,ok
TIC 350083732,245.748,-61.691,7.63,0,,,,,4,5.7,ok
TIC 260043481,91.5115,-59.5484,7.64,0,,,,,43,11.9,ok
TIC 383314790,187.3057,-85.579,7.64,0,,,,,4,5.4,ok
TIC 177174590,105.1879,-71.3959,7.64,0,,,,,41,11.8,ok
TIC 279157426,103.0538,-56.5091,7.64,0,,,,,40,12.0,ok
TIC 33861444,64.753,-75.718,7.64,0,,,,,42,11.6,ok
TIC 319289907,72.0237,-80.779,7.64,0,,,,,18,12.3,ok
TIC 349973705,114.5658,-63.5741,7.65,0,,,,,34,11.5,ok
TIC 271576444,105.8803,-77.943,7.65,0,,,,,32,11.6,ok
TIC 217372512,260.2754,-45.9821,7.65,0,,,,,6,7.1,ok
TIC 227586141,248.1481,-43.7342,7.66,0,,,,,1,1.8,ok
TIC 318009249,303.3228,-82.0283,7.66,0,,,,,7,11.5,ok
TIC 453079732,113.6404,-70.3818,7.66,0,,,,,41,11.7,ok
TIC 219183080,92.0565,-53.2823,7.66,0,,,,,26,12.3,ok
TIC 38698083,66.3648,-65.8129,7.67,0,,,,,42,11.5,ok
TIC 32053388,57.6532,-66.3441,7.67,0,,,,,24,11.9,ok
TIC 323838188,142.3739,-81.2223,7.67,0,,25.0,rejete,variabilite_continue;eclipse_secondaire,9,18.1,ok
TIC 381925156,76.3284,-56.7816,7.68,0,,,,,31,11.7,ok
TIC 424717936,237.1439,-65.2353,7.69,0,,,,,5,8.2,ok
TIC 141865875,93.8019,-77.0522,7.69,0,,37.5,rejete,variabilite_continue;eclipse_secondaire,45,16.3,ok
TIC 38587180,64.1642,-64.3153,7.7,0,,41.9,rejete,variabilite_continue;eclipse_secondaire,32,16.8,ok
TIC 451603829,282.286,-86.1958,7.7,0,,,,,8,11.8,ok
TIC 167814517,105.1799,-61.1417,7.7,0,,,,,32,17.5,ok
TIC 262578140,116.3648,-64.1941,7.7,0,,,,,21,14.2,ok
TIC 246552414,252.8966,-44.4933,7.7,0,,,,,3,6.3,ok
TIC 41364284,92.8391,-69.7598,7.7,0,,,,,28,13.7,ok
TIC 140894354,76.4886,-73.593,7.71,0,,,,,41,12.8,ok
TIC 141268467,82.5143,-76.2487,7.71,0,,,,,40,12.1,ok
TIC 151704157,258.9095,-33.8341,7.71,0,,,,,5,6.2,ok
TIC 278867391,100.9661,-54.5662,7.71,0,,,,,25,11.8,ok
TIC 234752466,250.9262,-45.4626,7.71,0,,,,,4,4.8,ok
TIC 84756974,249.9912,-39.7891,7.71,0,,,,,4,5.0,ok
TIC 118837336,274.1034,-59.404,7.71,0,,,,,3,4.2,ok
TIC 38972283,255.4042,-32.6478,7.71,0,,,,,2,2.9,ok
TIC 358109985,51.7176,-73.1326,7.71,0,,,,,23,11.7,ok
TIC 44476593,257.5234,-30.838,7.71,0,,,,,3,4.2,ok
TIC 150062447,91.314,-62.2935,7.71,0,,,,,36,11.6,ok
TIC 307091504,123.7101,-69.6226,7.71,0,,,,,30,11.6,ok
TIC 33910266,66.2303,-77.684,7.72,0,,,,,30,11.8,ok
TIC 368866492,273.1076,-37.7527,7.72,0,,,,,3,3.9,ok
TIC 38699545,66.3037,-61.6214,7.72,0,,,,,43,11.8,ok
TIC 278730120,99.6107,-58.3377,7.72,0,,,,,43,11.7,ok
TIC 293347978,98.9783,-64.8807,7.72,0,,,,,39,11.7,ok
TIC 391887389,82.6904,-70.9188,7.73,0,,,,,28,12.3,ok
TIC 374912345,89.0305,-61.4469,7.74,0,,,,,42,12.0,ok
TIC 220408612,70.4774,-58.0208,7.74,0,,,,,34,12.1,ok
TIC 245926717,252.3787,-43.945,7.74,0,,,,,1,1.8,ok
TIC 271693199,109.7677,-76.4159,7.74,0,,,,,40,12.0,ok
TIC 324048193,147.2865,-78.2819,7.74,0,,,,,3,4.1,ok
TIC 216875138,259.4987,-42.0607,7.74,0,,30.0,rejete,variabilite_continue;eclipse_secondaire;compagnon_trop_gros_14.1Rjup,5,9.5,ok
TIC 293480995,50.3582,-82.4779,7.74,0,,,,,12,12.7,ok
TIC 38602419,64.3211,-63.0968,7.74,0,,,,,42,11.9,ok
TIC 234869424,251.0878,-44.3789,7.75,0,,,,,4,5.8,ok
TIC 41239170,256.2343,-31.3729,7.75,1,3.7051,15.8,rejete,variabilite_continue,4,7.1,ok
TIC 238069161,104.4008,-53.6119,7.75,0,,,,,20,13.0,ok
TIC 26702488,248.9584,-53.7587,7.75,0,,,,,4,5.6,ok
TIC 464646604,287.7412,-60.2729,7.76,1,2.2316,15.2,rejete,variabilite_continue;eclipse_secondaire,7,11.3,ok
TIC 403450168,230.5552,-75.5778,7.76,0,,,,,1,1.8,ok
TIC 447764108,255.5672,-61.5697,7.76,0,,,,,3,3.9,ok
TIC 309614870,78.6027,-63.5408,7.77,0,,,,,39,12.3,ok
TIC 260304277,94.6196,-56.9999,7.77,0,,31.4,rejete,variabilite_continue;eclipse_secondaire,19,15.9,ok
TIC 284196481,105.7926,-70.5417,7.77,0,,,,,22,12.8,ok
TIC 142105308,98.5195,-72.27,7.77,0,,,,,33,12.3,ok
TIC 464559887,286.3383,-61.6895,7.77,0,,,,,5,6.4,ok
TIC 292628778,270.7696,-74.3117,7.77,0,,,,,4,5.4,ok
TIC 346630628,294.0685,-81.2464,7.78,0,,,,,8,9.9,ok
TIC 270677079,87.6557,-53.4174,7.78,0,,,,,21,12.2,ok
TIC 74600313,265.2474,-57.8936,7.78,0,,,,,4,5.0,ok
TIC 139370701,67.2684,-69.6122,7.79,0,,,,,34,12.1,ok
TIC 294748147,70.6015,-71.4959,7.79,0,,,,,41,11.9,ok
TIC 218263229,262.1294,-46.8729,7.79,0,,,,,1,1.7,ok
TIC 97014510,265.4543,-50.7249,7.79,0,,,,,5,6.2,ok
TIC 151690342,258.8907,-32.6897,7.79,0,,,,,4,5.0,ok
TIC 38760904,67.0891,-65.711,7.79,0,,,,,34,11.9,ok
TIC 260949184,73.0939,-82.475,7.8,0,,,,,13,12.9,ok
TIC 350715999,88.3988,-56.6709,7.8,0,,,,,34,11.9,ok
TIC 364873540,271.6128,-49.5136,7.8,0,,,,,3,4.0,ok
TIC 85638476,271.2243,-44.6622,7.8,0,,,,,3,4.2,ok
TIC 150187916,93.7146,-62.2834,7.8,0,,,,,39,13.4,ok
TIC 468144799,305.0959,-75.5768,7.8,0,,,,,5,6.0,ok
TIC 294884819,268.2683,-71.0118,7.8,0,,,,,9,11.7,ok
TIC 261417533,95.2489,-78.4124,7.8,0,,,,,41,11.8,ok
TIC 55649929,73.7932,-63.9588,7.8,0,,,,,40,12.8,ok
TIC 339879655,253.5915,-38.0987,7.81,0,,,,,4,5.5,ok
TIC 295644702,274.079,-70.0858,7.81,0,,,,,4,5.4,ok
TIC 261205435,87.6763,-79.3,7.81,0,,,,,30,12.5,ok
TIC 15644631,263.5175,-46.6005,7.81,0,,,,,3,3.9,ok
TIC 167748771,103.5499,-62.4635,7.82,0,,,,,41,11.3,ok
TIC 431380369,49.0335,-73.5488,7.82,0,,,,,13,12.1,ok
TIC 125857387,256.7609,-47.0032,7.82,0,,,,,5,6.2,ok
TIC 306512813,119.0659,-69.6449,7.83,0,,,,,44,12.1,ok
TIC 194726726,271.4285,-35.68,7.83,0,,,,,3,4.4,ok
TIC 364952416,271.7824,-49.814,7.83,0,,,,,3,3.8,ok
TIC 359897851,185.8688,-77.6809,7.83,0,,,,,5,6.9,ok
TIC 364592454,86.1924,-72.6632,7.83,0,,,,,30,12.4,ok
TIC 167797285,104.5429,-60.2962,7.83,0,,,,,41,12.5,ok
TIC 260507598,96.6816,-59.0254,7.83,0,,,,,41,12.1,ok
TIC 76609499,270.1265,-54.3583,7.84,0,,,,,3,4.3,ok
TIC 114130098,267.319,-31.255,7.84,1,2.658,34.3,rejete,variabilite_continue;eclipse_secondaire,5,8.8,ok
TIC 167889402,105.1152,-65.9078,7.84,0,,,,,42,11.7,ok
TIC 167796443,104.36,-60.8512,7.85,0,,,,,44,11.6,ok
TIC 389570196,86.5231,-67.7097,7.85,0,,,,,24,12.0,ok
TIC 260297096,94.4104,-58.5258,7.85,0,,,,,30,13.1,ok
TIC 260418789,95.9078,-56.109,7.86,0,,,,,40,11.9,ok
TIC 149972207,89.9754,-62.8087,7.86,0,,,,,31,11.9,ok
TIC 292824951,274.8588,-81.1463,7.86,0,,,,,7,8.7,ok
TIC 167009292,94.8424,-66.0612,7.86,0,,,,,34,11.6,ok
TIC 219150008,89.7247,-53.8013,7.86,0,,,,,22,11.6,ok
TIC 278823382,100.0911,-59.1231,7.87,0,,,,,31,12.3,ok
TIC 287718001,125.9079,-74.1659,7.87,0,,,,,15,12.1,ok
TIC 377022512,151.8265,-85.073,7.87,0,,,,,6,7.9,ok
TIC 260303793,94.5259,-56.4439,7.87,0,,,,,33,13.6,ok
TIC 55663264,74.3708,-61.2872,7.87,0,,,,,39,12.2,ok
TIC 287298969,82.3553,-66.439,7.88,0,,,,,37,11.8,ok
TIC 397820078,250.9853,-38.3339,7.88,0,,,,,3,4.2,ok
TIC 418716257,210.2711,-78.2163,7.88,0,,,,,6,7.8,ok
TIC 391927456,107.6249,-72.3427,7.88,0,,,,,31,11.6,ok
TIC 458060904,250.5323,-39.8101,7.88,0,,,,,4,5.1,ok
TIC 83820161,249.6122,-39.652,7.88,0,,,,,4,4.8,ok
TIC 167526213,100.5954,-61.224,7.88,0,,,,,39,12.3,ok
TIC 162883794,262.5477,-31.6984,7.88,0,,,,,3,3.8,ok
TIC 150360766,96.3533,-62.4222,7.89,0,,,,,38,11.8,ok
TIC 350522196,86.3126,-55.7249,7.89,0,,,,,41,11.9,ok
TIC 260967812,74.6289,-78.1858,7.89,0,,,,,36,13.1,ok
TIC 340849155,293.3642,-75.2128,7.89,0,,,,,5,6.9,ok
TIC 260370233,95.2584,-54.9353,7.89,0,,,,,38,11.7,ok
TIC 302987775,62.9816,-83.6016,7.89,0,,,,,12,12.1,ok
TIC 47154431,258.366,-33.3402,7.9,0,,,,,4,4.8,ok
TIC 167602961,102.0392,-60.8331,7.9,0,,,,,21,12.3,ok
TIC 379241420,283.0088,-54.3022,7.9,0,,,,,4,5.0,ok
TIC 149347480,83.6093,-60.104,7.9,0,,,,,42,11.8,ok
TIC 259841594,224.0668,-71.3581,7.9,0,,,,,4,5.6,ok
TIC 162118382,262.3569,-33.7611,7.9,0,,,,,6,7.7,ok
TIC 339570153,253.6229,-41.6542,7.9,1,3.1743,32.9,a_verifier,,4,7.2,ok
TIC 257670476,268.5994,-33.6198,7.9,0,,,,,4,5.0,ok
TIC 369021303,262.5437,-51.6383,7.91,0,,,,,4,5.1,ok
TIC 220430912,73.1177,-55.697,7.91,0,,,,,24,12.1,ok
TIC 389750989,87.0809,-70.3462,7.91,0,,,,,38,11.5,ok
TIC 406348031,330.9155,-85.9023,7.91,0,,,,,8,9.5,ok
TIC 412468074,260.0455,-49.9179,7.91,0,,,,,6,7.7,ok
TIC 119277778,275.9161,-54.8193,7.91,0,,,,,3,4.1,ok
TIC 140576174,67.4944,-72.2755,7.91,0,,,,,32,11.4,ok
TIC 276861788,83.288,-65.9421,7.91,0,,,,,34,11.2,ok
TIC 394232171,48.1323,-77.9147,7.91,0,,,,,14,12.1,ok
TIC 220421191,71.9532,-58.361,7.91,0,,,,,32,11.5,ok
TIC 255759613,99.6103,-53.6519,7.92,0,,,,,25,12.2,ok
TIC 120711688,254.533,-45.9824,7.92,0,,,,,6,7.4,ok
TIC 453650192,156.5321,-76.4514,7.92,0,,,,,9,11.4,ok
TIC 256051802,266.2299,-77.3536,7.92,0,,,,,8,9.8,ok
TIC 427899068,241.3674,-59.2142,7.92,0,,,,,4,5.5,ok
TIC 228232191,248.3813,-45.7904,7.92,0,,,,,3,4.1,ok
TIC 89910284,275.9626,-45.141,7.92,0,,,,,2,2.9,ok
TIC 40405143,77.3582,-69.7138,7.92,0,,,,,40,12.1,ok
TIC 217183175,260.0097,-46.1701,7.92,0,,,,,3,4.0,ok
TIC 181345316,280.7877,-45.9023,7.93,0,,,,,4,5.2,ok
TIC 404763926,84.8986,-67.0418,7.93,0,,,,,29,12.9,ok
TIC 318273824,303.4522,-87.8238,7.93,0,,,,,7,8.8,ok
TIC 290461077,238.3552,-84.6759,7.94,0,,,,,3,4.5,ok
TIC 306511307,119.1375,-67.7721,7.94,0,,,,,39,11.9,ok
TIC 271598242,108.8574,-77.03,7.94,0,,,,,40,12.1,ok
TIC 260371000,95.3447,-54.3513,7.94,0,,,,,25,11.8,ok
TIC 300653260,114.2304,-68.5106,7.94,0,,,,,43,12.1,ok
TIC 451534813,263.8712,-84.6968,7.94,0,,,,,7,8.7,ok
TIC 208687691,245.0902,-58.2784,7.94,0,,,,,4,10.0,ok
TIC 382073690,285.2752,-66.1954,7.94,0,,,,,4,9.5,ok
TIC 407090552,233.9143,-80.2043,7.95,0,,,,,5,7.2,ok
TIC 454960088,178.9864,-77.0084,7.95,0,,,,,4,5.1,ok
TIC 352006621,283.5679,-75.8174,7.95,0,,,,,6,7.3,ok
TIC 394660660,159.0007,-80.297,7.95,0,,,,,8,10.0,ok
TIC 397809370,250.9226,-39.4857,7.96,0,,,,,3,4.0,ok
TIC 349483715,110.9825,-60.8378,7.96,0,,,,,21,11.6,ok
TIC 343453923,269.0869,-72.3125,7.96,0,,,,,3,3.8,ok
TIC 199580196,260.9301,-40.2096,7.96,0,,,,,4,5.3,ok
TIC 350764186,88.9564,-56.5285,7.96,0,,,,,29,11.7,ok
TIC 221970504,249.6309,-57.4698,7.97,0,,,,,4,5.9,ok
TIC 357105301,180.4114,-78.9881,7.97,0,,,,,5,6.5,ok
TIC 279477561,105.2852,-57.1918,7.97,0,,,,,29,11.8,ok
TIC 175810647,262.8154,-39.9751,7.97,0,,,,,4,5.2,ok
TIC 167526477,100.3881,-60.6875,7.97,0,,,,,38,11.4,ok
TIC 272187783,116.7108,-74.0904,7.98,0,,42.3,rejete,variabilite_continue;eclipse_secondaire,20,16.4,ok
TIC 177349900,104.2659,-72.0373,7.98,0,,,,,20,12.3,ok
TIC 389070884,262.3352,-38.6462,7.98,0,,,,,4,5.2,ok
TIC 2743109,246.2429,-48.6016,7.98,0,,28.5,rejete,variabilite_continue;eclipse_secondaire,5,8.5,ok
TIC 279430029,105.0432,-56.9069,7.98,1,1.1207,59.0,rejete,variabilite_continue;eclipse_secondaire,40,15.3,ok
TIC 55274956,76.5883,-65.9669,7.98,0,,,,,9,12.4,ok
TIC 392705273,327.1244,-78.4324,7.99,0,,,,,6,7.6,ok
TIC 391949880,79.5201,-80.9643,7.99,1,4.9408,21.3,rejete,variabilite_continue,20,16.4,ok
TIC 350144504,115.4416,-65.7901,7.99,0,,,,,35,11.4,ok
TIC 150144415,92.8411,-60.06,7.99,0,,,,,30,12.1,ok
TIC 234203018,250.7968,-43.653,7.99,0,,,,,4,5.1,ok
TIC 403133445,227.8809,-73.1534,7.99,0,,,,,4,5.4,ok
TIC 364115836,289.4584,-74.3249,7.99,0,,,,,10,11.7,ok
TIC 55402208,78.0425,-62.0397,7.99,0,,,,,39,12.3,ok
TIC 255640029,98.3526,-52.4843,7.99,0,,,,,20,11.9,ok
TIC 25428659,248.8553,-48.6993,7.99,0,,,,,3,4.2,ok
TIC 29778225,64.8193,-65.9666,7.99,0,,,,,44,12.0,ok
TIC 167248140,97.6154,-68.9476,7.99,0,,,,,28,11.6,ok
TIC 277122829,281.5509,-79.226,8.0,0,,,,,10,13.0,ok
TIC 232321924,249.9902,-42.2193,8.0,0,,,,,4,5.5,ok
TIC 447469406,252.9024,-60.5638,8.0,0,,,,,5,5.8,ok
TIC 55401680,77.9797,-60.655,8.0,0,,,,,31,11.5,ok
TIC 63523812,271.1595,-44.0772,8.0,0,,,,,4,5.2,ok
TIC 330361507,272.0593,-38.7957,8.0,0,,,,,3,3.9,ok
TIC 444928992,267.8887,-35.2996,8.0,0,,,,,3,4.3,ok
TIC 257462965,287.759,-70.0819,8.0,0,,29.2,rejete,variabilite_continue;eclipse_secondaire,10,15.6,ok
TIC 352077779,284.1079,-75.8482,8.0,0,,,,,7,9.1,ok
TIC 382145521,80.3228,-56.2451,8.0,0,,56.7,rejete,variabilite_continue;eclipse_secondaire,42,15.9,ok
TIC 290604408,247.7346,-88.5854,8.0,0,,,,,7,8.6,ok
TIC 300658296,114.6477,-68.2707,8.0,0,,,,,43,12.2,ok
TIC 363743662,250.2522,-66.4096,8.0,0,,,,,4,4.9,ok
TIC 401727043,334.4005,-80.4581,8.0,0,,,,,6,7.5,ok
TIC 349269343,108.9713,-61.8623,8.0,0,,,,,30,11.6,ok
TIC 300241371,109.4016,-71.3341,8.0,0,,,,,30,11.7,ok
TIC 394756166,25.0408,-86.6891,8.0,0,,,,,6,7.3,ok
TIC 237933451,58.8262,-65.2842,8.0,0,,,,,34,11.8,ok
TIC 150063627,91.4257,-60.1056,8.0,0,,,,,29,12.1,ok
TIC 150357935,96.1954,-62.8363,8.0,0,,12.0,rejete,variabilite_continue;eclipse_secondaire,40,16.3,ok
TIC 76440647,269.8192,-54.1835,8.0,0,,,,,5,6.2,ok
TIC 456570941,281.8105,-58.7215,8.0,0,,,,,5,5.9,ok
TIC 159377113,261.4964,-32.7407,8.0,0,,,,,5,7.1,ok
TIC 303013329,261.9639,-52.7015,8.0,0,,,,,5,6.5,ok
TIC 303979490,258.376,-60.5112,8.0,0,,,,,6,7.7,ok
TIC 78625295,251.3206,-38.8096,8.0,0,,,,,2,3.1,ok
TIC 379727757,257.1721,-40.4499,8.0,0,,,,,3,4.1,ok
TIC 31106039,76.2779,-68.0864,8.0,0,,,,,29,12.5,ok
TIC 276675653,269.812,-80.3712,8.01,0,,,,,7,9.2,ok
TIC 390435271,278.8209,-44.953,8.01,0,,,,,2,3.0,ok
TIC 42932949,256.9935,-31.9772,8.01,0,,,,,2,2.8,ok
TIC 74998547,266.3832,-59.6824,8.01,0,,,,,8,9.7,ok
TIC 49536011,273.8213,-52.0993,8.01,0,,,,,4,5.0,ok
TIC 278777070,99.7439,-58.836,8.01,0,,,,,45,11.7,ok
TIC 75470846,267.1037,-55.7914,8.01,0,,,,,6,7.2,ok
TIC 379402513,283.9001,-59.1335,8.01,0,,,,,6,7.2,ok
TIC 167415965,99.4575,-70.9305,8.01,1,9.2772,15.2,rejete,variabilite_continue,40,15.9,ok
TIC 55478693,71.2144,-64.9763,8.01,0,,,,,32,11.8,ok
TIC 464342656,280.452,-62.7746,8.01,0,,,,,5,6.0,ok
TIC 365557279,274.0116,-63.2875,8.01,0,,,,,8,10.5,ok
TIC 364486973,253.3316,-67.6624,8.01,0,,,,,6,7.4,ok
TIC 383046553,258.271,-44.4007,8.01,0,,,,,5,6.1,ok
TIC 278775103,99.7408,-55.2986,8.01,0,,,,,26,11.6,ok
TIC 402092726,219.416,-75.5496,8.01,0,,36.9,rejete,variabilite_continue;eclipse_secondaire;compagnon_trop_gros_3.4Rjup,9,15.2,ok
TIC 194402192,271.0638,-31.645,8.01,0,,,,,5,6.4,ok
TIC 401777570,333.2829,-86.4792,8.01,0,,,,,3,3.9,ok
TIC 150141471,92.7644,-63.2742,8.01,0,,,,,27,11.3,ok
TIC 382471461,291.8885,-66.5227,8.01,0,,,,,9,10.2,ok
TIC 220412239,70.8468,-57.0927,8.01,0,,,,,20,12.6,ok
TIC 394358667,43.6532,-81.5592,8.01,0,,,,,9,10.4,ok
TIC 88448275,274.0566,-46.1096,8.01,0,,,,,3,4.0,ok
TIC 272088627,115.5212,-74.9482,8.01,0,,,,,29,12.4,ok
TIC 85359003,250.3317,-38.7244,8.01,0,,,,,4,5.7,ok
TIC 273307549,321.9425,-81.9656,8.01,0,,,,,8,9.9,ok
TIC 29986479,72.8589,-68.4397,8.01,0,,,,,30,11.9,ok
TIC 360402898,188.43,-77.6411,8.01,0,,,,,5,6.7,ok
TIC 309580113,140.3474,-81.7163,8.01,0,,,,,5,7.4,ok
TIC 467905411,275.5435,-73.6076,8.01,0,,,,,7,8.2,ok
TIC 220477045,75.5281,-57.4833,8.01,0,,,,,29,12.2,ok
TIC 287774787,127.1335,-73.1539,8.01,0,,,,,13,12.0,ok
TIC 293439813,48.9342,-80.8173,8.01,0,,,,,8,9.5,ok
TIC 150393049,96.7989,-60.1051,8.01,0,,,,,31,11.6,ok
TIC 279324004,104.2197,-59.3788,8.01,0,,,,,30,12.0,ok
TIC 260709282,98.5248,-57.086,8.01,0,,,,,28,11.2,ok
TIC 464277375,279.2195,-59.9738,8.01,0,,,,,4,5.5,ok
TIC 260656935,98.4145,-54.1171,8.01,0,,,,,29,11.4,ok
TIC 364326091,101.7985,-61.8132,8.01,0,,,,,39,12.2,ok
TIC 169768539,252.2171,-59.8401,8.01,0,,,,,5,6.2,ok
TIC 314566687,278.7524,-40.9557,8.01,0,,,,,3,4.1,ok
TIC 261580883,227.3622,-70.4218,8.01,0,,,,,9,10.9,ok
TIC 231729342,81.4601,-53.5823,8.01,0,,,,,23,11.9,ok
TIC 378877496,256.8734,-38.1385,8.01,0,,,,,2,2.9,ok
TIC 46138335,251.3088,-52.7253,8.02,0,,,,,4,4.8,ok
TIC 329100885,271.4056,-39.6013,8.02,0,,,,,4,5.4,ok
TIC 291416779,261.1842,-54.457,8.02,0,,,,,5,6.1,ok
TIC 290605911,6.7157,-83.1391,8.02,0,,,,,9,10.5,ok
TIC 41488282,93.284,-66.0456,8.02,0,,,,,20,11.4,ok
TIC 292291029,278.6567,-67.6404,8.02,0,,,,,8,9.7,ok
TIC 150440362,97.5378,-61.2657,8.02,0,,,,,26,11.7,ok
TIC 287426689,122.8887,-74.9994,8.02,0,,,,,20,11.7,ok
TIC 38515329,62.7588,-62.4473,8.02,0,,,,,29,11.2,ok
TIC 282086296,132.7481,-74.0839,8.02,0,,,,,14,13.0,ok
TIC 292623716,271.0485,-72.314,8.02,0,,,,,6,7.1,ok
TIC 407260845,238.4692,-78.1587,8.02,0,,,,,6,7.5,ok
TIC 91071707,277.5633,-45.9491,8.02,0,,,,,2,2.7,ok
TIC 367670848,260.4034,-59.1709,8.02,0,,,,,6,7.2,ok
TIC 394594927,157.3681,-80.5115,8.02,0,,,,,6,7.6,ok
TIC 220391375,68.1287,-56.2254,8.02,0,,,,,20,11.5,ok
TIC 350717211,88.4022,-54.056,8.02,0,,,,,23,11.4,ok
TIC 369324314,289.1398,-81.8529,8.02,0,,,,,8,9.6,ok
TIC 326596788,268.9604,-52.0489,8.02,0,,,,,1,1.7,ok
TIC 303266320,263.311,-49.2721,8.02,0,,,,,4,4.9,ok
TIC 426479938,243.7202,-76.689,8.02,0,,,,,7,8.5,ok
TIC 174189647,258.8669,-58.9502,8.02,0,,,,,6,7.4,ok
TIC 25443511,248.7186,-47.9898,8.02,0,,,,,4,5.3,ok
TIC 361576492,243.5566,-67.8877,8.02,0,,,,,7,8.7,ok
TIC 358994100,180.8502,-77.2805,8.02,0,,,,,5,6.3,ok
TIC 140800765,74.7115,-72.1251,8.02,0,,,,,30,11.8,ok
TIC 287723398,126.2897,-76.0465,8.02,0,,,,,13,12.4,ok
TIC 370327326,64.1486,-79.9933,8.02,0,,,,,13,11.8,ok
TIC 364786999,271.3857,-49.8079,8.02,0,,,,,4,5.2,ok
TIC 382388897,289.2298,-67.6582,8.02,0,,,,,7,8.9,ok
TIC 403515235,230.9333,-72.4769,8.02,0,,,,,8,10.0,ok
TIC 171898698,255.3454,-59.7607,8.02,0,,,,,6,8.3,ok
TIC 142110261,99.272,-74.796,8.02,0,,,,,29,12.3,ok
TIC 38811498,67.3874,-65.3774,8.02,0,,,,,44,12.3,ok
TIC 212807086,256.6507,-52.5813,8.02,0,,,,,5,6.1,ok
TIC 208207964,244.3817,-57.6625,8.02,0,,,,,5,6.8,ok
TIC 212231684,255.8002,-48.6018,8.02,0,,,,,4,5.6,ok
TIC 214221288,260.7404,-51.4292,8.02,0,,,,,5,6.8,ok
TIC 28133905,277.8468,-34.7503,8.02,0,,,,,1,1.7,ok
TIC 26292113,248.8507,-51.1113,8.02,0,,,,,4,5.5,ok
TIC 311249049,257.9771,-73.879,8.02,0,,,,,7,9.5,ok
TIC 311560002,260.2229,-74.3569,8.02,0,,,,,6,7.9,ok
TIC 377022695,151.5789,-85.3839,8.02,0,,,,,5,6.6,ok
TIC 307398612,268.1703,-64.6209,8.03,0,,,,,6,7.9,ok
TIC 312774555,277.4278,-36.8009,8.03,0,,,,,3,4.1,ok
TIC 29832379,66.6763,-70.3811,8.03,0,,,,,29,12.5,ok
TIC 305510727,262.3773,-65.9566,8.03,0,,,,,5,6.2,ok
TIC 464416167,281.8959,-62.5258,8.03,0,,,,,7,8.6,ok
TIC 278270821,111.982,-81.4155,8.03,0,,,,,10,12.3,ok
TIC 382200572,81.654,-54.0039,8.03,0,,,,,19,12.1,ok
TIC 365959130,276.4515,-65.727,8.03,0,,,,,7,8.4,ok
TIC 141945095,95.6582,-73.3449,8.03,0,,,,,26,12.6,ok
TIC 91446309,278.3559,-47.4955,8.03,0,,,,,3,4.2,ok
TIC 38633493,64.9986,-61.0057,8.03,0,,,,,25,11.9,ok
TIC 38976349,255.409,-32.2842,8.03,0,,,,,4,4.9,ok
TIC 404778721,278.7446,-52.0345,8.03,0,,,,,2,2.7,ok
TIC 426540399,245.1533,-72.6922,8.03,0,,,,,4,5.3,ok
TIC 425695184,233.4033,-76.7821,8.03,0,,,,,8,10.0,ok
TIC 300872489,245.2915,-62.2299,8.03,0,,,,,7,9.1,ok
TIC 220471131,75.0572,-57.6076,8.03,0,,53.1,rejete,variabilite_continue;eclipse_secondaire,13,15.8,ok
TIC 324317807,276.7849,-50.6525,8.03,0,,,,,3,3.9,ok
TIC 303476775,256.9568,-60.1898,8.03,0,,,,,5,6.3,ok
TIC 263951758,231.8603,-70.4708,8.03,0,,,,,7,8.9,ok
TIC 45261947,251.394,-48.8012,8.03,0,,,,,5,6.4,ok
TIC 357783091,189.4249,-83.4936,8.03,0,,,,,5,6.5,ok
TIC 288104349,136.6309,-74.7539,8.03,0,,,,,12,12.6,ok
TIC 276874981,274.2727,-78.4905,8.03,0,,,,,8,10.4,ok
TIC 257463588,287.7538,-69.2182,8.03,0,,,,,10,11.6,ok
TIC 405459469,12.2258,-88.4146,8.03,0,,,,,4,5.3,ok
TIC 300325379,110.7053,-66.5387,8.03,0,,,,,39,11.7,ok
TIC 149879070,265.9048,-39.0281,8.03,0,,,,,4,5.0,ok
TIC 344131894,279.5271,-76.783,8.03,0,,,,,8,10.3,ok
TIC 340849137,293.449,-75.2536,8.03,0,,,,,8,9.9,ok
TIC 193593061,265.669,-33.2754,8.03,0,,,,,5,6.7,ok
TIC 279053000,102.1496,-58.4673,8.03,1,0.996,18.0,rejete,variabilite_continue;eclipse_secondaire,43,15.9,ok
TIC 426158940,238.6482,-75.6745,8.03,0,,,,,7,8.8,ok
TIC 456589682,282.0874,-54.5683,8.03,0,,,,,5,5.9,ok
TIC 32152605,59.4453,-69.5254,8.03,0,,,,,44,11.2,ok
TIC 76522780,270.0604,-59.8058,8.03,0,,,,,7,8.5,ok
TIC 375089268,100.2399,-62.7231,8.03,0,,,,,30,11.2,ok
TIC 469105367,266.8801,-37.8466,8.03,0,,,,,4,5.0,ok
TIC 470221359,267.193,-40.031,8.03,0,,,,,4,5.1,ok
TIC 25132314,62.1286,-68.7022,8.03,0,,,,,43,11.2,ok
TIC 363128716,266.5895,-50.5344,8.03,0,,,,,5,6.5,ok
TIC 140527781,66.8969,-71.9958,8.03,0,,,,,31,12.1,ok
TIC 388131027,65.3619,-69.6155,8.03,0,,,,,44,11.8,ok
TIC 387135600,291.5906,-65.1964,8.03,0,,,,,10,11.8,ok
TIC 388237166,144.0717,-78.3445,8.03,0,,,,,8,10.1,ok
TIC 98096260,252.2416,-34.867,8.03,0,,,,,3,4.7,ok
TIC 304477615,276.7646,-69.3813,8.03,0,,,,,7,8.3,ok
TIC 167205241,97.3487,-71.5065,8.03,0,,,,,42,12.2,ok
TIC 55604274,73.5677,-59.9433,8.04,0,,,,,32,11.4,ok
TIC 348899264,106.1815,-60.808,8.04,0,,,,,44,11.9,ok
TIC 401574080,312.3587,-77.6039,8.04,0,,,,,8,9.3,ok
TIC 142109251,99.1913,-76.8026,8.04,0,,,,,29,11.4,ok
TIC 368749230,273.0952,-40.03,8.04,0,,,,,3,4.0,ok
TIC 31511890,89.3424,-67.4283,8.04,0,,,,,18,13.4,ok
TIC 379505475,284.4323,-55.4821,8.04,0,,,,,7,8.6,ok
TIC 44957701,257.7124,-33.0592,8.04,0,,,,,3,3.9,ok
TIC 268750437,280.2097,-71.3655,8.04,0,,,,,8,10.3,ok
TIC 343599693,271.6893,-74.6173,8.04,0,,,,,7,8.5,ok
TIC 59823814,253.3578,-48.0039,8.04,0,,,,,5,6.2,ok
TIC 258728013,268.9316,-35.0264,8.04,0,,,,,3,4.0,ok
TIC 301452641,256.2851,-70.8052,8.04,0,,,,,6,7.8,ok
TIC 311963159,264.212,-73.7466,8.04,0,,,,,7,9.4,ok
TIC 364164688,251.8254,-66.8806,8.04,0,,,,,6,7.2,ok
TIC 261749149,26.7077,-82.673,8.04,0,,44.5,rejete,variabilite_continue;eclipse_secondaire,12,17.1,ok
TIC 426234513,239.6106,-73.148,8.04,0,,,,,7,8.9,ok
TIC 172317707,255.9895,-57.5631,8.04,0,,,,,5,6.5,ok
TIC 304369934,279.2233,-48.9386,8.04,0,,,,,3,3.8,ok
TIC 304938022,282.6104,-52.7069,8.04,0,,,,,5,7.5,ok
TIC 216920098,259.4495,-44.3772,8.04,0,,,,,5,6.2,ok
TIC 217153888,259.8396,-46.2165,8.04,0,,,,,5,6.0,ok
TIC 118144179,271.9133,-54.3391,8.04,0,,28.3,rejete,variabilite_continue;eclipse_secondaire;compagnon_trop_gros_2.3Rjup,5,8.5,ok
TIC 260127606,92.0672,-57.9323,8.04,0,,,,,44,12.0,ok
TIC 103760920,263.972,-33.1488,8.04,0,,,,,4,5.3,ok
TIC 27472040,276.9849,-33.7266,8.04,0,,,,,3,4.6,ok
TIC 469075240,266.8306,-39.4211,8.04,0,,,,,4,5.4,ok
TIC 453082318,113.6843,-66.6419,8.04,0,,,,,29,12.0,ok
TIC 318613764,321.6484,-85.7232,8.04,0,,,,,7,8.8,ok
TIC 362621554,246.3053,-68.4683,8.04,0,,,,,7,9.4,ok
TIC 260949692,73.3153,-78.1456,8.04,0,,,,,36,11.9,ok
TIC 466098985,294.9324,-67.4571,8.04,0,,,,,8,10.0,ok
TIC 306892385,266.7654,-61.5858,8.04,0,,,,,7,8.4,ok
TIC 317097514,347.0356,-81.2604,8.04,0,,,,,5,6.5,ok
TIC 464527551,285.3428,-63.35,8.04,0,,,,,8,9.9,ok
TIC 363796388,250.2118,-69.8834,8.04,0,,,,,8,9.9,ok
TIC 279361762,104.7667,-58.5147,8.04,0,,,,,34,12.0,ok
TIC 380458062,268.3739,-60.4801,8.04,0,,,,,7,8.3,ok
TIC 62725787,270.3286,-45.6164,8.04,0,,,,,4,5.4,ok
TIC 382274223,287.4695,-71.204,8.05,0,,,,,?,264.9,timeout
TIC 59816984,253.3697,-48.6933,8.05,0,,,,,5,7.3,ok
TIC 406017181,279.6299,-46.3569,8.05,0,,,,,3,4.1,ok
TIC 246073693,252.401,-45.0778,8.05,0,,,,,4,5.3,ok
TIC 110530353,266.2719,-34.4539,8.05,0,,,,,5,8.6,ok
TIC 97009571,265.3813,-51.9025,8.05,0,,,,,5,6.8,ok
TIC 325376866,332.6601,-83.9132,8.05,0,,,,,6,8.2,ok
TIC 406774654,223.423,-79.623,8.05,0,,,,,6,7.9,ok
TIC 63495256,274.9557,-32.0355,8.05,0,,,,,3,5.0,ok
TIC 86973093,272.5969,-44.6846,8.05,0,,,,,4,5.6,ok
TIC 126176565,256.9506,-42.9768,8.05,0,,,,,4,5.8,ok
TIC 49443153,273.5327,-48.5404,8.05,0,,,,,3,3.9,ok
TIC 467963650,285.8331,-64.5622,8.05,0,,,,,8,9.6,ok
TIC 363404600,266.7678,-52.5022,8.05,0,,,,,5,7.2,ok
TIC 384297060,246.5081,-79.1877,8.05,0,,,,,6,7.5,ok
TIC 260984889,76.6092,-78.4085,8.05,0,,,,,26,12.0,ok
TIC 16233564,263.6997,-47.3669,8.05,0,,,,,4,5.4,ok
TIC 363221678,266.6217,-49.6116,8.05,0,,,,,5,6.9,ok
TIC 46748806,258.2264,-32.3479,8.05,0,,,,,2,2.8,ok
TIC 407261690,238.732,-78.8322,8.05,0,,,,,6,7.3,ok
TIC 101471054,263.4371,-31.1449,8.05,0,,,,,2,3.2,ok
TIC 38469560,61.9717,-64.604,8.05,0,,,,,30,13.0,ok
TIC 396170076,298.5071,-71.5326,8.05,0,,,,,8,9.8,ok
TIC 293271686,98.8083,-62.5028,8.05,0,,,,,30,12.8,ok
TIC 395400225,207.0972,-75.795,8.05,0,,,,,7,9.2,ok
TIC 194648924,271.2467,-33.4506,8.05,0,,,,,5,6.4,ok
TIC 294609312,267.0195,-67.3836,8.05,0,,,,,7,9.0,ok
TIC 347880054,256.1597,-38.4907,8.05,0,,,,,1,2.2,ok
TIC 122975411,255.6236,-46.5849,8.05,0,,,,,5,7.1,ok
TIC 260880449,269.2576,-33.4085,8.05,0,,,,,5,7.0,ok
TIC 310054398,250.0385,-72.2186,8.05,0,,,,,7,9.2,ok
TIC 221724023,248.7662,-58.8532,8.05,0,,,,,6,8.2,ok
TIC 120392933,280.7347,-56.529,8.05,0,,,,,5,6.5,ok
TIC 260079513,92.0713,-55.2383,8.05,0,,,,,43,12.9,ok
TIC 381975243,77.1218,-56.9873,8.05,0,,,,,28,12.5,ok
TIC 349411267,110.3439,-60.253,8.05,0,,,,,30,13.9,ok
TIC 401669307,315.9938,-80.4738,8.05,0,,,,,7,9.1,ok
TIC 349628419,273.9494,-50.1816,8.05,0,,,,,4,5.8,ok
TIC 211833297,255.1949,-53.331,8.05,0,,,,,5,7.3,ok
TIC 38825397,68.122,-64.8535,8.05,0,,,,,19,13.4,ok
TIC 394334049,151.3235,-79.6628,8.05,0,,,,,6,8.3,ok
TIC 453079811,113.755,-70.2432,8.06,0,,,,,22,12.7,ok
TIC 454681339,174.5113,-77.5198,8.06,0,,,,,2,4.8,ok
TIC 456594562,282.2791,-57.3358,8.06,0,,,,,4,5.9,ok
TIC 262576911,116.3782,-65.7218,8.06,0,,,,,31,11.5,ok
TIC 63096770,270.5704,-46.2995,8.06,0,,,,,3,4.0,ok
TIC 76529217,270.1467,-56.3517,8.06,0,,,,,4,5.4,ok
TIC 177119085,104.2109,-67.227,8.06,0,,,,,28,11.3,ok
TIC 425796306,234.1636,-71.9818,8.06,0,,,,,8,9.7,ok
TIC 290287775,226.5824,-87.2418,8.06,0,,,,,5,6.1,ok
TIC 264792311,270.3419,-31.9081,8.06,0,,,,,5,6.8,ok
TIC 410398278,291.2965,-67.5207,8.06,0,,,,,8,9.6,ok
TIC 35395227,254.0831,-31.3817,8.06,0,,,,,4,5.1,ok
TIC 220411786,70.8635,-58.7895,8.06,0,,,,,43,11.4,ok
TIC 256092067,266.6087,-74.854,8.06,0,,,,,7,8.6,ok
TIC 350859255,90.2849,-56.0816,8.06,0,,,,,29,11.6,ok
TIC 389674742,86.8045,-66.6996,8.06,0,,,,,16,11.5,ok
TIC 406945246,229.809,-79.0134,8.06,0,,,,,7,8.7,ok
TIC 300011376,106.7439,-67.2936,8.06,0,,,,,29,11.6,ok
TIC 246484236,268.7764,-41.3662,8.06,0,,,,,3,3.9,ok
TIC 246126150,252.4203,-47.6729,8.06,0,,,,,5,6.8,ok
TIC 29831118,66.4705,-67.5722,8.06,0,,,,,30,13.2,ok
TIC 314943552,279.1655,-38.6935,8.06,0,,,,,3,4.9,ok
TIC 238195769,56.8385,-76.4211,8.06,0,,,,,22,12.1,ok
TIC 120202141,279.9726,-55.2973,8.06,0,,,,,4,5.0,ok
TIC 306739511,120.7379,-70.0301,8.06,0,,,,,28,12.3,ok
TIC 383296934,184.3817,-84.2905,8.06,0,,,,,7,9.0,ok
TIC 394660156,158.6976,-79.8077,8.06,0,,,,,6,7.5,ok
TIC 401667048,311.555,-81.2094,8.06,0,,,,,7,8.6,ok
TIC 294206429,108.0422,-59.8393,8.06,0,,,,,34,12.5,ok
TIC 294205275,108.076,-58.4032,8.06,0,,,,,44,12.0,ok
TIC 281631335,115.9742,-64.6231,8.06,0,,,,,32,11.4,ok
TIC 317300584,125.3599,-86.3762,8.06,0,,,,,10,12.1,ok
TIC 362375966,245.8552,-70.465,8.06,0,,,,,6,7.3,ok
TIC 221100311,247.1149,-54.0289,8.06,0,,,,,5,6.2,ok
TIC 381529583,257.5682,-47.0608,8.06,0,,,,,4,5.1,ok
TIC 360918475,283.0113,-63.499,8.06,0,,,,,8,9.4,ok
TIC 33241809,266.7628,-45.3463,8.07,0,,,,,4,6.3,ok
TIC 260472262,96.1102,-56.6369,8.07,0,,,,,30,12.7,ok
TIC 32897802,266.4783,-47.3708,8.07,0,,,,,4,5.2,ok
TIC 350711249,88.1114,-57.9008,8.07,0,,,,,40,11.3,ok
TIC 347741358,256.1225,-37.0015,8.07,0,,,,,4,5.2,ok
TIC 196644380,260.3966,-40.3597,8.07,0,,,,,4,5.1,ok
TIC 30319402,74.4275,-69.0012,8.07,0,,,,,40,12.6,ok
TIC 260606533,97.3503,-55.5113,8.07,0,,,,,42,11.9,ok
TIC 300447314,111.9724,-66.9837,8.07,0,,,,,22,11.6,ok
TIC 300560731,112.7634,-67.545,8.07,0,,,,,21,12.0,ok
TIC 257573215,291.8964,-78.2209,8.07,0,,,,,9,11.9,ok
TIC 41464373,93.1624,-69.24,8.07,0,,,,,37,12.3,ok
TIC 260075032,91.7292,-57.0984,8.07,0,,,,,29,12.1,ok
TIC 393489565,67.3061,-54.4066,8.07,0,,,,,7,9.0,ok
TIC 304660206,260.3221,-62.2647,8.07,0,,,,,7,9.1,ok
TIC 407883882,290.1368,-72.7236,8.07,0,,,,,7,9.0,ok
TIC 327855227,359.3937,-84.3322,8.07,0,,,,,5,6.1,ok
TIC 339680203,253.5692,-40.9831,8.07,0,,31.2,rejete,eclipse_secondaire,3,5.8,ok
TIC 278077329,106.2361,-81.1714,8.07,0,,,,,16,12.9,ok
TIC 121689850,254.9872,-43.2208,8.07,0,,,,,5,6.1,ok
TIC 278992159,102.0622,-56.086,8.07,0,,,,,42,12.5,ok
TIC 90159483,276.3739,-44.8493,8.07,0,,,,,3,3.8,ok
TIC 290331632,229.9256,-85.6796,8.07,0,,,,,6,7.7,ok
TIC 271595936,108.3439,-74.0541,8.07,0,,,,,29,11.7,ok
TIC 422137585,280.6847,-72.4839,8.07,0,,,,,6,7.9,ok
TIC 381978020,77.5358,-54.2778,8.07,0,,,,,16,12.2,ok
TIC 266709699,263.0137,-36.2194,8.07,0,,,,,3,4.4,ok
TIC 218643719,262.9274,-43.2465,8.07,0,,,,,4,6.8,ok
TIC 119771607,277.9239,-54.1786,8.07,0,,,,,3,3.7,ok
TIC 167089430,95.7825,-70.9446,8.07,0,,,,,41,16.7,ok
TIC 221117575,247.148,-55.835,8.07,0,,,,,4,5.8,ok
TIC 278023852,105.0134,-79.3368,8.07,0,,,,,17,15.2,ok
TIC 349480752,110.8602,-64.692,8.07,0,,,,,44,15.5,ok
TIC 323728541,137.8834,-80.6663,8.07,0,,,,,5,7.1,ok
TIC 382074000,285.401,-66.0283,8.07,0,,,,,6,13.3,ok
TIC 278899461,101.1777,-57.4399,8.07,0,,,,,45,21.6,ok
TIC 418211195,195.2629,-82.9571,8.07,0,,,,,5,6.4,ok
TIC 290409985,235.7474,-85.1246,8.07,0,,60.3,rejete,eclipse_secondaire;compagnon_trop_gros_16.8Rjup,4,11.4,ok
TIC 22306518,268.2629,-43.4038,8.07,0,,,,,4,6.0,ok
TIC 25116373,61.2365,-65.95,8.07,0,,,,,29,11.8,ok
TIC 350444342,85.3599,-59.7668,8.07,0,,,,,43,16.2,ok
TIC 397135261,130.9008,-77.0495,8.07,0,,,,,15,14.7,ok
TIC 395746133,208.9621,-77.8026,8.07,0,,,,,7,13.6,ok
TIC 261137717,84.2672,-83.292,8.07,0,,,,,11,12.2,ok
TIC 465153077,263.486,-37.2356,8.07,0,,,,,3,3.7,ok
TIC 423673189,235.3619,-63.9567,8.07,0,,,,,3,4.0,ok
TIC 299943844,106.5159,-69.0078,8.07,0,,,,,41,11.8,ok
TIC 346345758,255.6934,-40.9126,8.07,0,,,,,1,1.7,ok
TIC 454291762,167.0131,-77.6548,8.07,0,,,,,3,3.8,ok
TIC 318042295,305.3104,-81.6171,8.07,0,,,,,3,3.9,ok
TIC 4871550,246.3631,-50.6984,8.07,0,,,,,3,3.7,ok
TIC 407068771,232.6905,-83.3714,8.07,0,,,,,5,6.5,ok
TIC 261107827,83.5471,-79.8289,8.07,0,,,,,20,11.6,ok
TIC 407047520,232.156,-80.9979,8.07,0,,,,,5,6.9,ok
TIC 150249155,94.3374,-61.2461,8.07,0,,,,,41,11.9,ok
TIC 388243049,117.9484,-85.0318,8.07,0,,,,,8,9.7,ok
TIC 363233310,266.6599,-48.2035,8.07,0,,,,,4,5.4,ok
TIC 161075532,276.3671,-47.9881,8.07,0,,,,,3,3.7,ok
TIC 363269442,248.6477,-71.3018,8.07,0,,,,,7,8.5,ok
TIC 349784936,113.1788,-63.3245,8.08,0,,35.0,rejete,variabilite_continue;eclipse_secondaire,43,16.3,ok
TIC 271639931,108.9224,-72.7413,8.08,0,,,,,42,12.3,ok
TIC 323879143,142.8758,-81.6742,8.08,0,,,,,9,11.3,ok
TIC 27966954,251.1176,-83.9484,8.08,0,,,,,2,2.8,ok
TIC 425658925,232.7577,-74.124,8.08,0,,,,,8,10.8,ok
TIC 173895463,258.3616,-58.2902,8.08,0,,,,,5,6.1,ok
TIC 454328325,167.3268,-77.7946,8.08,0,,,,,7,9.5,ok
TIC 405475261,14.591,-84.1757,8.08,0,,,,,4,4.9,ok
TIC 341956882,254.387,-36.8393,8.08,0,,,,,3,5.7,ok
TIC 409590182,268.3098,-53.9477,8.08,0,,,,,5,6.1,ok
TIC 389176778,262.3151,-40.7469,8.08,0,,,,,4,5.9,ok
TIC 255701070,98.9023,-52.5349,8.08,0,,,,,13,11.3,ok
TIC 247702525,254.0673,-47.1951,8.08,0,,,,,4,5.1,ok
TIC 369369855,294.6333,-86.4901,8.08,0,,,,,5,6.4,ok
TIC 364415868,253.1311,-69.9843,8.08,0,,,,,5,6.7,ok
TIC 373604254,81.1833,-67.8974,8.08,0,,,,,29,11.7,ok
TIC 418467846,205.0018,-80.9804,8.08,0,,,,,5,6.2,ok
TIC 418427131,203.9794,-79.7304,8.08,0,,,,,7,8.6,ok
TIC 260542038,96.9866,-58.1444,8.08,0,,,,,30,11.0,ok
TIC 41631023,256.5352,-35.9077,8.08,0,,,,,2,2.6,ok
TIC 33836359,64.0615,-75.3439,8.08,0,,,,,45,11.6,ok
TIC 60354816,276.3493,-39.506,8.08,0,,,,,3,3.8,ok
TIC 55478222,71.2127,-63.7798,8.08,0,,,,,42,11.6,ok
TIC 300448273,111.981,-68.1552,8.08,0,,,,,27,11.5,ok
TIC 121577936,254.8608,-45.4023,8.08,0,,,,,3,3.9,ok
TIC 294198241,264.9411,-68.1656,8.08,0,,,,,9,11.0,ok
TIC 149930673,89.5607,-62.7551,8.08,0,,,,,30,11.9,ok
TIC 151298209,258.7482,-33.7457,8.08,0,,,,,3,3.8,ok
TIC 74929690,265.841,-54.2961,8.08,0,,,,,5,5.9,ok
TIC 171295897,254.7663,-58.6037,8.08,0,,,,,5,6.2,ok
TIC 85763378,271.3627,-42.3573,8.08,0,,,,,4,4.8,ok
TIC 279319721,104.1985,-54.7954,8.08,0,,,,,18,11.7,ok
TIC 84634678,250.0286,-36.4823,8.08,0,,,,,3,3.8,ok
TIC 149972211,90.1513,-62.8122,8.09,0,,,,,39,11.3,ok
TIC 74521998,265.3381,-56.3003,8.09,0,,,,,5,6.5,ok
TIC 389570470,86.43,-67.8644,8.09,0,,,,,29,11.3,ok
TIC 267304504,263.246,-41.3266,8.09,0,,,,,3,3.7,ok
TIC 150029538,90.7415,-60.6441,8.09,0,,,,,43,11.2,ok
TIC 280909705,101.6242,-82.1857,8.09,0,,,,,15,12.7,ok
TIC 390777144,280.8615,-42.623,8.09,0,,,,,1,1.6,ok
TIC 324042890,145.661,-82.7883,8.09,0,,,,,5,6.4,ok
TIC 278415582,117.569,-80.1692,8.09,0,,,,,13,11.9,ok
TIC 262497025,109.9812,-59.2949,8.09,0,,,,,31,11.1,ok
TIC 287496048,124.135,-73.0178,8.09,0,,,,,25,12.1,ok
TIC 260002453,91.0697,-59.8223,8.09,0,,,,,43,11.3,ok
TIC 265424097,270.4115,-34.4122,8.09,0,,,,,6,18.3,ok
TIC 349761928,112.6494,-64.5573,8.09,0,,,,,30,10.9,ok
TIC 278779899,99.9019,-55.6096,8.09,0,,,,,41,11.9,ok
TIC 236838052,251.8931,-42.8768,8.09,0,,,,,5,6.0,ok
TIC 310961046,255.8745,-75.5077,8.09,0,,,,,7,8.3,ok
TIC 469827520,302.2867,-75.3661,8.09,0,,,,,7,8.5,ok
TIC 279514056,105.8143,-55.6425,8.09,0,,,,,29,11.7,ok
TIC 379725706,256.7952,-67.3127,8.09,0,,,,,8,9.8,ok
TIC 47848180,251.428,-48.0327,8.09,0,,,,,5,6.6,ok
TIC 76386508,269.6142,-57.7928,8.09,0,,,,,7,8.4,ok
TIC 261138245,84.6683,-78.6479,8.09,0,,,,,37,11.4,ok
TIC 231744961,78.0995,-67.9479,8.09,0,,,,,42,12.6,ok
TIC 231815570,86.0019,-53.3779,8.09,0,,,,,21,12.1,ok
TIC 407218660,237.2209,-82.0286,8.09,0,,,,,6,7.2,ok
TIC 447784424,255.7148,-63.6024,8.09,0,,,,,6,7.3,ok
TIC 363407524,266.7414,-53.2624,8.09,0,,,,,4,4.8,ok
TIC 452438795,138.6443,-75.2956,8.09,0,,,,,11,12.3,ok
TIC 119624569,277.5496,-58.2775,8.09,0,,,,,5,6.2,ok
TIC 329861713,271.9628,-40.471,8.09,0,,,,,5,5.9,ok
TIC 444509908,267.5732,-34.4761,8.09,0,,,,,5,5.8,ok
TIC 271698614,109.9831,-76.692,8.09,0,,,,,29,11.4,ok
TIC 150185581,93.4831,-65.5221,8.09,0,,,,,31,12.2,ok
TIC 213843753,258.388,-53.4625,8.09,0,,,,,6,7.5,ok
TIC 276674747,269.4935,-79.1061,8.09,0,,,,,6,7.3,ok
TIC 160989874,276.0764,-48.728,8.09,0,,,,,3,3.7,ok
TIC 277029529,278.5377,-82.8479,8.09,0,,,,,8,9.5,ok
TIC 77917030,251.0719,-40.2531,8.09,0,,,,,2,3.0,ok
TIC 467935503,282.6304,-72.9046,8.09,1,3.6703,19.2,rejete,variabilite_continue;eclipse_secondaire,9,14.2,ok
TIC 231122278,69.5552,-68.8116,8.09,0,,,,,43,11.5,ok
TIC 464641303,287.6507,-61.637,8.09,0,,,,,9,10.5,ok
TIC 78637385,251.4219,-38.115,8.09,0,,,,,4,5.0,ok
TIC 307784098,128.1854,-71.7953,8.09,0,,,,,21,11.0,ok
TIC 174293995,258.9227,-56.3041,8.09,0,,,,,4,5.0,ok
TIC 228242326,248.3175,-46.5329,8.1,0,,,,,3,3.7,ok
TIC 37463935,250.2453,-50.8395,8.1,0,,,,,5,6.0,ok
TIC 232214350,250.0664,-43.8025,8.1,0,,,,,5,5.9,ok
TIC 349523628,111.3987,-63.0604,8.1,0,,,,,43,11.9,ok
TIC 247000760,253.5282,-43.765,8.1,0,,,,,4,5.0,ok
TIC 259675295,73.7102,-52.9153,8.1,0,,60.3,rejete,variabilite_continue;eclipse_secondaire,11,16.5,ok
TIC 398403185,284.8501,-81.422,8.1,0,,,,,7,8.4,ok
TIC 398462325,299.2428,-76.9104,8.1,0,,,,,7,7.8,ok
TIC 262947445,269.8148,-31.442,8.1,0,,,,,6,7.3,ok
TIC 238194921,56.6401,-76.7159,8.1,0,,,,,22,12.3,ok
TIC 261397368,94.1327,-79.4443,8.1,0,,,,,23,13.0,ok
TIC 310733587,254.5901,-73.5868,8.1,0,,,,,7,9.3,ok
TIC 383714481,218.6322,-85.8328,8.1,0,,,,,4,5.1,ok
TIC 217396496,260.2684,-43.948,8.1,0,,,,,4,5.2,ok
TIC 278326347,113.6117,-79.2949,8.1,0,,,,,15,11.7,ok
TIC 220396914,68.9944,-54.1946,8.1,0,,,,,9,11.1,ok
TIC 407774530,274.6951,-69.5991,8.1,0,,,,,8,9.5,ok
TIC 294053203,107.1365,-58.0735,8.1,0,,,,,21,11.6,ok
TIC 177282306,102.1595,-72.2219,8.1,0,,,,,31,11.7,ok
TIC 418187858,194.9278,-79.9468,8.1,0,,,,,5,6.3,ok
TIC 30762052,75.8561,-71.4138,8.1,0,,,,,29,11.6,ok
TIC 421356478,262.0097,-59.6982,8.1,0,,,,,6,7.0,ok
TIC 403204565,228.2724,-76.289,8.1,0,,,,,6,7.5,ok
TIC 278055081,106.2882,-78.4217,8.1,0,,,,,27,11.3,ok
TIC 349409806,110.3717,-61.9925,8.1,0,,,,,24,11.2,ok
TIC 261446008,259.4632,-50.2964,8.1,0,,,,,5,5.9,ok
TIC 370227221,85.5473,-74.5674,8.1,0,,,,,31,11.7,ok
TIC 364545901,253.6677,-71.838,8.1,0,,,,,7,8.7,ok
TIC 372664279,259.6057,-52.1961,8.1,0,,,,,4,5.0,ok
TIC 260189950,93.0654,-56.6793,8.1,0,,,,,41,12.9,ok
TIC 453099619,116.0861,-69.5104,8.1,0,,,,,44,11.0,ok
TIC 364589559,85.8903,-76.7663,8.1,0,,,,,33,11.0,ok
TIC 238188583,55.296,-73.9291,8.1,0,,12.7,rejete,variabilite_continue;eclipse_secondaire,31,15.9,ok
TIC 402720452,224.0455,-73.5253,8.1,0,,,,,7,9.0,ok
TIC 291093075,250.9178,-55.4571,8.1,0,,,,,4,4.9,ok
TIC 29829265,66.2761,-69.3894,8.1,0,,,,,30,11.2,ok
TIC 323517227,134.181,-80.1381,8.11,0,,,,,9,10.7,ok
TIC 409934330,302.1478,-71.5524,8.11,1,2.4898,19.9,rejete,variabilite_continue;eclipse_secondaire,7,11.3,ok
TIC 349766265,112.968,-61.6921,8.11,0,,,,,41,12.3,ok
TIC 402615104,223.4777,-72.6483,8.11,0,,,,,9,11.4,ok
TIC 260046328,91.8062,-54.6641,8.11,0,,,,,34,11.2,ok
TIC 300556816,112.4282,-70.338,8.11,0,,,,,29,11.8,ok
TIC 213932115,258.6366,-49.2143,8.11,0,,,,,5,6.1,ok
TIC 280052879,45.6084,-76.8681,8.11,0,,,,,11,11.3,ok
TIC 381293498,257.9503,-65.5011,8.11,0,,,,,8,9.5,ok
TIC 150440079,97.5652,-61.7886,8.11,0,,,,,31,11.6,ok
TIC 407773481,274.6563,-70.7327,8.11,0,,,,,8,9.4,ok
TIC 325608401,90.1653,-85.6821,8.11,0,,,,,10,12.4,ok
TIC 255909819,258.7519,-67.2338,8.11,0,,,,,3,3.6,ok
TIC 401980914,218.6623,-76.389,8.11,0,,,,,7,8.5,ok
TIC 119945362,278.8026,-58.9551,8.11,0,,,,,4,4.9,ok
TIC 263615701,234.6991,-66.8136,8.11,0,,,,,8,9.8,ok
TIC 304549502,280.769,-52.4691,8.11,0,,,,,4,5.0,ok
TIC 261869591,227.8413,-71.6448,8.11,0,,,,,8,9.3,ok
TIC 271642609,109.3679,-75.6807,8.11,0,,,,,42,11.8,ok
TIC 348993107,106.7215,-64.0038,8.11,0,,,,,40,11.4,ok
TIC 290559343,246.1202,-84.4562,8.11,0,,,,,5,6.3,ok
TIC 238891740,40.4747,-75.2381,8.11,0,,,,,13,11.4,ok
TIC 30853028,75.7767,-66.9099,8.11,0,,,,,40,11.2,ok
TIC 306577335,119.3053,-67.6934,8.11,0,,,,,40,11.1,ok
TIC 369379212,300.1897,-84.3839,8.11,0,,,,,6,6.9,ok
TIC 261089147,81.7065,-81.5847,8.11,0,,,,,17,12.1,ok
TIC 6286534,282.7621,-50.1642,8.11,0,,,,,4,5.0,ok
TIC 303846392,277.7218,-59.9912,8.11,0,,,,,4,4.6,ok
TIC 324654727,313.2764,-78.4101,8.11,0,,,,,8,9.2,ok
TIC 324129509,268.5847,-48.8994,8.11,0,,,,,5,6.1,ok
TIC 46974096,251.5334,-50.3298,8.11,0,,,,,4,5.5,ok
TIC 318041780,305.285,-80.8972,8.11,0,,,,,8,9.4,ok
TIC 300654054,114.3702,-69.6002,8.11,0,,,,,32,11.9,ok
TIC 360542991,240.4888,-66.4141,8.11,0,,,,,7,8.6,ok
TIC 287722500,126.3083,-74.8306,8.11,0,,,,,18,11.4,ok
TIC 309436331,138.9693,-79.5377,8.11,0,,,,,10,11.6,ok
TIC 306521411,265.458,-63.7628,8.11,0,,,,,7,8.1,ok
TIC 23817498,269.4196,-46.6978,8.12,0,,,,,4,4.9,ok
TIC 170681072,253.5348,-56.8431,8.12,0,,,,,4,4.8,ok
TIC 466695111,296.7677,-74.9104,8.12,0,,,,,8,9.4,ok
TIC 262866088,217.7351,-80.7505,8.12,0,,,,,7,8.9,ok
TIC 160791902,275.5087,-51.4266,8.12,0,,,,,4,4.9,ok
TIC 220473999,75.292,-59.5789,8.12,0,,,,,32,11.2,ok
TIC 163898014,262.8204,-33.3464,8.12,0,,,,,6,7.0,ok
TIC 305589124,262.876,-60.4404,8.12,0,,,,,5,6.5,ok
TIC 409888199,294.2403,-68.6246,8.12,0,,,,,10,11.4,ok
TIC 207603413,243.5398,-59.5583,8.12,0,,,,,6,7.3,ok
TIC 324426174,285.5452,-76.5951,8.12,0,,,,,9,10.2,ok
TIC 343798568,241.3751,-62.3255,8.12,0,,,,,7,8.3,ok
TIC 216967067,259.447,-46.8858,8.12,0,,,,,6,7.4,ok
TIC 216653768,258.9839,-41.9619,8.12,0,,,,,3,3.8,ok
TIC 278865342,100.7742,-56.7052,8.12,0,,,,,45,11.5,ok
TIC 447096910,239.0979,-68.2497,8.12,0,,14.2,rejete,variabilite_continue;eclipse_secondaire,8,13.5,ok
TIC 382076457,285.3942,-68.9154,8.12,0,,,,,8,9.5,ok
TIC 278987334,101.9314,-55.3904,8.12,0,,,,,33,11.4,ok
TIC 261726676,23.7477,-78.5905,8.12,0,,,,,10,11.5,ok
TIC 276533856,263.8389,-78.0657,8.12,0,,,,,6,7.2,ok
TIC 322953678,124.6643,-82.07,8.12,0,,,,,11,11.6,ok
TIC 141868836,93.7407,-72.4968,8.12,0,,,,,41,11.1,ok
TIC 118915740,274.3278,-54.1699,8.12,0,,,,,6,7.9,ok
TIC 218573570,262.9026,-47.8734,8.12,0,,,,,6,16.6,ok
TIC 260004064,91.1724,-55.9463,8.12,0,,,,,22,13.2,ok
TIC 90814211,277.231,-44.4065,8.12,0,,,,,4,4.9,ok
TIC 382036911,284.5956,-70.8121,8.12,0,,,,,9,10.7,ok
TIC 238079902,104.8898,-53.3607,8.12,0,,,,,18,11.9,ok
TIC 323423638,67.6269,-84.3009,8.12,0,,,,,7,8.4,ok
TIC 55746206,74.7276,-61.1081,8.12,0,,,,,33,12.2,ok
TIC 365439024,273.3982,-61.2159,8.12,0,,,,,7,8.3,ok
TIC 263002995,12.575,-83.1168,8.12,0,,,,,9,10.3,ok
TIC 277291895,84.3617,-70.6849,8.12,0,,,,,39,11.3,ok
TIC 89146571,275.081,-47.3735,8.12,0,,,,,3,3.9,ok
TIC 155829579,260.3574,-31.3486,8.12,0,,,,,5,5.8,ok
TIC 64762926,275.4983,-30.7031,8.12,0,,,,,4,5.5,ok
TIC 383471758,199.0347,-84.4633,8.12,0,,,,,6,7.5,ok
TIC 364114903,289.2854,-75.5672,8.12,0,,,,,9,10.8,ok
TIC 304551402,277.0544,-70.2803,8.12,0,,,,,7,8.2,ok
TIC 141823041,93.1772,-75.9292,8.12,0,,,,,21,11.3,ok
TIC 220419648,71.6162,-54.8708,8.12,0,,,,,15,11.3,ok
TIC 181340978,280.8032,-45.0302,8.12,0,,,,,5,6.1,ok
TIC 294097225,107.5988,-55.4255,8.12,0,,,,,24,11.2,ok
TIC 331679394,306.491,-74.3182,8.12,0,,,,,9,11.0,ok
TIC 348842808,98.9169,-56.0077,8.12,0,,,,,42,11.5,ok
TIC 310099038,250.5858,-74.3037,8.13,0,,,,,7,8.6,ok
TIC 220436129,73.7246,-58.8373,8.13,0,,,,,43,11.5,ok
TIC 365836278,275.3007,-61.577,8.13,0,,,,,7,7.9,ok
TIC 30630877,75.1355,-70.6991,8.13,0,,,,,41,11.6,ok
TIC 149423433,84.6103,-61.1668,8.13,0,,,,,40,11.6,ok
TIC 402948120,249.7847,-61.7846,8.13,0,,,,,7,8.8,ok
TIC 447484195,252.9381,-64.5841,8.13,0,,,,,6,7.0,ok
TIC 358457606,60.3644,-78.5484,8.13,0,,,,,20,13.2,ok
TIC 365086472,272.1272,-53.3663,8.13,0,,,,,6,8.3,ok
TIC 357363195,183.7764,-81.8988,8.13,0,,,,,6,8.0,ok
TIC 306633087,119.8215,-71.433,8.13,0,,,,,40,12.1,ok
TIC 171738813,255.2294,-56.2468,8.13,0,,,,,4,5.8,ok
TIC 337884646,274.9943,-40.9572,8.13,0,,,,,3,5.3,ok
TIC 464317121,280.1696,-64.6493,8.13,0,,,,,8,9.4,ok
TIC 313551384,301.4911,-78.03,8.13,0,,,,,8,10.6,ok
TIC 28387038,277.9265,-30.9087,8.13,0,,,,,2,3.0,ok
TIC 112907750,269.6657,-37.8538,8.13,0,,,,,4,5.0,ok
TIC 167085242,95.6653,-66.3129,8.13,0,,,,,37,12.7,ok
TIC 113152490,277.0652,-38.7083,8.13,0,,,,,3,6.3,ok
TIC 263867827,235.3125,-69.3821,8.13,0,,,,,7,8.6,ok
TIC 89058830,275.0478,-43.4448,8.13,0,,,,,4,5.4,ok
TIC 364540782,85.2322,-72.2747,8.13,0,,,,,43,12.7,ok
TIC 41173667,91.3987,-69.9151,8.13,0,,,,,38,12.0,ok
TIC 452406568,137.3672,-76.5204,8.13,0,,,,,11,12.4,ok
TIC 149121385,80.9201,-63.615,8.13,0,,,,,43,11.7,ok
TIC 402420157,222.3767,-76.6491,8.13,0,,,,,8,10.8,ok
TIC 55913501,273.4185,-39.1211,8.13,0,,,,,4,4.9,ok
TIC 279512574,105.7828,-57.7287,8.13,0,,,,,39,11.9,ok
TIC 394273833,27.9952,-81.0193,8.13,0,,,,,10,13.9,ok
TIC 271597672,108.5413,-77.5634,8.13,0,,,,,35,11.9,ok
TIC 447027197,233.9322,-67.7939,8.13,0,,,,,8,10.3,ok
TIC 300871376,117.6961,-70.7779,8.13,0,,,,,33,12.0,ok
TIC 141526547,87.1268,-76.5434,8.13,0,,,,,43,12.1,ok
TIC 295039858,269.1609,-68.7775,8.14,0,,,,,8,9.9,ok
TIC 213758559,258.1907,-50.9308,8.14,0,,,,,6,8.4,ok
TIC 255632493,97.9589,-53.2612,8.14,0,,,,,19,12.2,ok
TIC 369363340,292.6432,-84.3844,8.14,0,,,,,8,10.2,ok
TIC 324822966,280.5974,-53.6664,8.14,0,,,,,4,5.5,ok
TIC 176958231,101.2218,-66.8661,8.14,0,,,,,33,12.3,ok
TIC 260368525,95.2411,-58.352,8.14,0,,,,,41,12.8,ok
TIC 176935006,100.4395,-66.9474,8.14,0,,,,,39,13.3,ok
TIC 405477643,16.8948,-85.2947,8.14,0,,,,,5,7.0,ok
TIC 257415989,268.551,-35.8835,8.14,0,,96.8,rejete,eclipse_secondaire,4,9.6,ok
TIC 412661382,261.8884,-48.3599,8.14,0,,,,,5,7.4,ok
TIC 362173115,245.3754,-69.7236,8.14,0,,,,,8,12.7,ok
TIC 302925037,40.1584,-79.0719,8.14,0,,,,,10,15.3,ok
TIC 123506165,255.796,-44.2581,8.14,0,,,,,4,5.7,ok
TIC 141281495,83.2485,-75.2367,8.14,0,,,,,41,13.3,ok
TIC 369769825,144.2811,-86.5118,8.14,0,,,,,10,13.6,ok
TIC 343809119,241.5555,-60.6123,8.14,0,,,,,9,11.9,ok
TIC 278268494,111.4892,-83.2132,8.14,0,,,,,10,13.0,ok
TIC 287435694,82.2872,-70.8254,8.14,0,,,,,31,13.6,ok
TIC 300939409,117.7361,-70.0879,8.14,0,,,,,44,15.1,ok
TIC 350094458,115.088,-64.4829,8.14,0,,,,,33,14.0,ok
TIC 260196460,224.7022,-71.8628,8.14,0,,,,,10,14.3,ok
TIC 346722548,296.988,-82.6651,8.14,0,,,,,10,13.6,ok
TIC 300039874,107.6087,-70.3487,8.14,0,,,,,36,12.1,ok
TIC 394625581,157.8734,-83.4234,8.14,0,,,,,5,7.6,ok
TIC 394232135,47.8078,-77.8053,8.14,0,,,,,14,13.0,ok
TIC 86624937,272.0413,-47.9459,8.14,0,,,,,4,6.0,ok
TIC 49297078,273.0014,-51.6535,8.14,0,,,,,4,5.7,ok
TIC 357566970,187.6055,-78.389,8.14,0,,,,,7,10.9,ok
TIC 465443624,263.8598,-38.6404,8.14,0,,,,,3,5.0,ok
TIC 140892453,76.5013,-72.6702,8.14,0,,,,,30,15.4,ok
TIC 196862970,260.3042,-38.6227,8.14,0,,,,,3,5.6,ok
TIC 175734169,262.6932,-39.1604,8.15,0,,,,,4,6.0,ok
TIC 220478230,75.8744,-58.4462,8.15,0,,,,,43,13.2,ok
TIC 38587665,64.2061,-65.6298,8.15,0,,,,,44,14.0,ok
TIC 447488713,253.1324,-65.5703,8.15,0,,,,,8,10.1,ok
TIC 118925045,274.4602,-59.7231,8.15,0,,,,,5,6.5,ok
TIC 167524278,100.5792,-65.1343,8.15,0,,,,,37,14.5,ok
TIC 300136653,108.3789,-70.5333,8.15,0,,,,,21,13.4,ok
TIC 324895531,282.4047,-48.4329,8.15,0,,,,,4,7.1,ok
TIC 315525276,244.7981,-53.2541,8.15,0,,,,,6,8.5,ok
TIC 25133052,62.1405,-71.6391,8.15,0,,,,,31,14.3,ok
TIC 370328324,64.1894,-82.997,8.15,0,,,,,12,18.4,ok
TIC 467934911,282.8222,-72.187,8.15,0,,,,,7,9.4,ok
TIC 78872931,251.5705,-39.2728,8.15,0,,,,,5,6.5,ok
TIC 261088377,81.4551,-79.7624,8.15,0,,,,,25,13.0,ok
TIC 17524877,247.8232,-53.0805,8.15,0,,,,,5,8.0,ok
TIC 191688650,252.8387,-32.1037,8.15,0,,,,,4,6.8,ok
TIC 260128701,92.4076,-59.5219,8.15,0,,26.5,rejete,variabilite_continue;eclipse_secondaire,42,17.2,ok
TIC 159008256,261.2737,-31.6382,8.15,0,,,,,4,6.5,ok
TIC 383293512,181.7506,-86.7601,8.15,0,,,,,6,7.7,ok
TIC 410404354,75.4109,-87.3913,8.15,0,,,,,8,11.9,ok
TIC 294768095,267.5289,-71.3096,8.15,0,,,,,8,9.5,ok
TIC 122967034,255.6182,-47.4966,8.15,0,,,,,5,6.6,ok
TIC 304445782,279.9201,-52.1218,8.15,0,,,,,3,4.4,ok
TIC 88354828,274.0301,-43.2679,8.15,0,,,,,4,5.0,ok
TIC 141152931,80.5865,-75.0103,8.15,0,,,,,43,12.0,ok
TIC 339874912,253.6393,-38.5646,8.15,0,,,,,3,4.4,ok
TIC 287531789,124.3594,-77.2575,8.15,0,,,,,16,12.2,ok
TIC 396042448,297.2763,-70.1882,8.15,0,,,,,9,11.1,ok
TIC 421252572,216.553,-78.8928,8.15,0,,,,,8,10.3,ok
TIC 367376441,259.8869,-57.1258,8.15,0,,,,,5,6.2,ok
TIC 33632923,249.599,-49.7662,8.15,0,,,,,5,6.9,ok
TIC 331435869,272.4785,-37.7914,8.15,0,,,,,3,3.9,ok
TIC 260949316,73.1323,-82.9481,8.16,0,,,,,12,13.9,ok
TIC 306723157,265.8429,-65.2309,8.16,0,,,,,8,12.0,ok
TIC 383221782,176.7466,-85.1076,8.16,0,,,,,4,5.5,ok
TIC 382436277,117.1425,-64.8223,8.16,0,,,,,33,14.5,ok
TIC 402645539,248.2868,-61.1721,8.16,0,,,,,8,10.2,ok
TIC 271903890,113.5808,-75.0731,8.16,0,,,,,22,11.8,ok
TIC 292777606,274.7061,-79.29,8.16,0,,,,,8,10.0,ok
TIC 350433903,85.0495,-56.5068,8.16,0,,,,,31,12.1,ok
TIC 323242564,129.7783,-79.9833,8.16,0,,,,,10,13.4,ok
TIC 230950102,287.1923,-59.5741,8.16,0,,,,,1,1.7,ok
TIC 55450888,70.5834,-61.619,8.16,0,,,,,34,12.2,ok
TIC 418353753,198.9498,-80.9665,8.16,0,,,,,7,10.0,ok
TIC 394677476,52.1953,-80.1709,8.16,0,,,,,11,14.1,ok
TIC 350742475,88.5479,-59.7715,8.16,0,,,,,42,14.2,ok
TIC 310182523,251.5046,-75.1883,8.16,0,,,,,8,11.7,ok
TIC 317181516,77.8506,-85.0471,8.16,0,,,,,8,11.4,ok
TIC 32036692,56.7999,-67.3906,8.16,0,,,,,34,14.0,ok
TIC 152545328,259.1929,-34.0724,8.16,0,,,,,5,6.7,ok
TIC 364880006,271.628,-51.5154,8.16,0,,,,,4,5.4,ok
TIC 38954456,70.2612,-60.8458,8.16,0,,,,,42,12.7,ok
TIC 38516267,62.5915,-65.3302,8.16,0,,,,,43,13.3,ok
TIC 34276757,253.6169,-30.6469,8.16,0,,,,,5,6.6,ok
TIC 406773217,223.561,-78.2965,8.16,0,,,,,8,12.0,ok
TIC 375300940,290.0822,-63.4785,8.16,0,,,,,9,12.1,ok
TIC 119438520,276.7738,-54.7959,8.16,0,,,,,5,6.6,ok
TIC 201460245,262.022,-38.0749,8.16,0,,,,,4,6.0,ok
TIC 216298844,258.5841,-47.1388,8.16,0,,,,,3,5.6,ok
TIC 357786960,190.249,-79.1178,8.16,0,,,,,5,7.4,ok
TIC 357361953,183.8992,-80.451,8.16,0,,,,,6,7.5,ok
TIC 357102886,179.5104,-82.5236,8.16,0,,,,,6,8.0,ok
TIC 348996104,107.0206,-62.8204,8.16,0,,,,,40,13.8,ok
TIC 402804150,225.1262,-74.2441,8.16,0,,,,,9,12.4,ok
TIC 298728705,243.0383,-65.8797,8.16,0,,,,,8,10.5,ok
TIC 32091606,58.7224,-66.4486,8.16,0,,,,,35,15.1,ok
TIC 76809451,270.9175,-57.8748,8.16,0,,,,,6,7.8,ok
TIC 469355762,268.0775,-37.7506,8.16,0,,,,,4,5.3,ok
TIC 84403234,249.8887,-39.6093,8.16,0,,,,,5,6.3,ok
TIC 323686038,137.9703,-78.0875,8.17,0,,,,,10,14.7,ok
TIC 238198708,57.1904,-75.7007,8.17,0,,,,,29,15.3,ok
TIC 88149898,273.9185,-47.5406,8.17,0,,,,,4,6.0,ok
TIC 282086012,132.6665,-74.4267,8.17,0,,,,,6,8.8,ok
TIC 284195833,105.581,-69.3525,8.17,0,,,,,41,13.4,ok
TIC 293272754,98.7282,-60.7139,8.17,0,,,,,?,0.7,erreur
TIC 141770198,91.8755,-76.6904,8.17,0,,,,,45,13.8,ok
TIC 260605506,97.2312,-57.603,8.17,1,1.7182,18.2,rejete,variabilite_continue;eclipse_secondaire,32,19.9,ok
TIC 350024659,114.5233,-63.9462,8.17,0,,,,,32,13.3,ok
TIC 270342006,33.3273,-82.8937,8.17,0,,,,,12,14.2,ok
TIC 467960339,285.7885,-61.1144,8.17,0,,,,,9,12.3,ok
TIC 167795786,104.3913,-61.8695,8.17,0,,,,,45,13.8,ok
TIC 426154732,238.4417,-76.5095,8.17,0,,,,,8,11.3,ok
TIC 147501247,265.5822,-36.9414,8.17,0,,,,,?,221.6,timeout
