nom,RA,Dec,Tmag,n_candidats,periodes,snr_max,verdict_auto,raisons_auto,n_secteurs,secondes,status
TIC 302029006,329.6826,-21.183,4.02,0,,,,,5,11.5,ok
TIC 140692280,73.7973,-74.9365,4.05,0,,,,,42,18.5,ok
TIC 40716679,78.4397,-67.1851,4.1,0,,,,,37,18.6,ok
TIC 469933293,351.0555,-51.8914,4.1,0,,,,,?,0.5,erreur
TIC 141280255,82.9737,-76.3396,4.11,0,,,,,42,18.8,ok
TIC 234997609,350.7374,-60.0559,4.11,0,,,,,5,9.7,ok
TIC 278634692,333.9042,-41.3466,4.13,0,,,,,4,8.4,ok
TIC 177179102,104.9603,-67.9151,4.13,0,,,,,43,18.3,ok
TIC 165109591,323.0247,-41.1792,4.15,0,,,,,4,8.3,ok
TIC 410255832,358.0252,-82.0189,4.16,0,,,,,8,15.8,ok
TIC 215114682,342.7592,-39.1569,4.17,0,,,,,5,10.2,ok
TIC 52194638,18.9479,-68.8752,4.18,0,,,,,8,16.2,ok
TIC 167088607,95.6599,-69.9839,4.18,0,,,,,40,18.5,ok
TIC 234524385,15.6789,-65.4561,4.19,0,,,,,8,19.6,ok
TIC 394007775,329.48,-54.9927,4.21,0,,,,,7,13.2,ok
TIC 281703963,10.8384,-57.463,4.21,0,,26.2,rejete,variabilite_continue;eclipse_secondaire,10,25.8,ok
TIC 381949122,76.3775,-57.4721,4.22,0,,,,,45,18.8,ok
TIC 262529098,313.4178,-39.8104,4.24,0,,,,,4,8.1,ok
TIC 389471549,312.7531,-37.9134,4.25,0,,,,,3,6.6,ok
TIC 358466601,119.0776,-60.5264,4.25,0,,,,,22,18.7,ok
TIC 234309613,35.4366,-68.6594,4.26,0,,,,,?,0.6,erreur
TIC 149542947,86.1929,-65.7355,4.26,0,,,,,33,18.8,ok
TIC 309401053,124.5787,-65.6131,4.28,0,,,,,22,19.3,ok
TIC 80081010,330.8199,-31.4453,4.28,0,,,,,3,6.2,ok
TIC 204451102,326.2369,-33.0262,4.28,0,,,,,4,8.2,ok
TIC 231622072,316.3096,-54.7272,4.29,0,,,,,6,11.6,ok
TIC 260605873,97.3684,-56.8526,4.29,0,,,,,44,17.9,ok
TIC 326327761,325.5034,-23.2634,4.32,0,,,,,4,8.1,ok
TIC 308844962,122.2511,-61.3039,4.33,0,,,,,19,18.4,ok
TIC 161167878,339.1626,-48.306,4.34,0,,,,,5,10.1,ok
TIC 115108198,316.6066,-41.386,4.35,0,,,,,4,8.5,ok
TIC 382198789,81.5803,-58.9123,4.36,0,,,,,43,18.1,ok
TIC 44625967,341.4197,-46.5474,4.38,0,,,,,5,9.4,ok
TIC 253923638,337.8768,-32.3462,4.38,0,,,,,4,8.0,ok
TIC 278664109,334.1106,-41.6273,4.38,0,,,,,3,6.7,ok
TIC 92730897,316.6028,-32.3416,4.39,0,,,,,4,8.2,ok
TIC 469906369,336.8341,-64.9663,4.39,0,,,,,10,18.9,ok
TIC 219323708,331.4632,-59.6363,4.39,0,,,,,10,18.7,ok
TIC 97402436,332.5392,-32.5484,4.41,0,,,,,4,8.0,ok
TIC 259862349,39.8987,-68.2669,4.41,0,,,,,12,18.7,ok
TIC 38680734,65.4731,-63.3855,4.43,0,,,,,45,18.6,ok
TIC 299800007,37.9223,-79.1097,4.44,0,,,,,11,19.1,ok
TIC 289950895,318.3227,-27.6199,4.45,0,,,,,5,9.9,ok
TIC 92566327,315.3227,-32.2578,4.45,0,,,,,4,7.8,ok
TIC 234293880,357.4928,-61.1353,4.46,0,,,,,8,15.0,ok
TIC 30762159,75.6791,-71.3143,4.46,0,,,,,42,19.0,ok
TIC 441387330,310.0827,-33.4316,4.46,0,,,,,4,8.1,ok
TIC 161383245,345.2823,-50.9501,4.47,0,,,,,7,13.1,ok
TIC 237906898,21.2723,-64.3696,4.48,0,,,,,8,16.0,ok
TIC 271503437,7.8905,-62.9658,4.49,0,,,,,10,19.1,ok
TIC 410118760,327.6962,-69.6294,4.49,0,,,,,10,18.9,ok
TIC 232074535,28.7349,-67.6469,4.5,0,,,,,4,8.1,ok
TIC 270678026,87.7217,-52.1092,4.5,0,,,,,17,19.1,ok
TIC 316934780,356.08,-54.4361,4.52,0,,,,,10,19.6,ok
TIC 382630542,118.6226,-61.8716,4.52,0,,,,,27,19.5,ok
TIC 306829961,121.9823,-68.6169,4.53,0,,,,,38,19.0,ok
TIC 219120679,340.2044,-57.4224,4.53,0,,,,,7,13.6,ok
TIC 262843771,52.3488,-62.9356,4.54,0,,,,,12,19.3,ok
TIC 167126852,96.3693,-69.6892,4.55,0,,,,,42,19.5,ok
TIC 229057867,332.0964,-32.9886,4.55,0,,,,,?,0.6,erreur
TIC 50308940,30.4682,-74.4458,4.56,0,,,,,12,20.1,ok
TIC 141810080,92.5628,-74.7542,4.56,0,,,,,45,19.8,ok
TIC 290495172,2.5086,-82.2242,4.57,0,,,,,4,9.2,ok
TIC 234547938,16.8286,-61.7753,4.57,0,,,,,10,18.9,ok
TIC 350222083,356.0504,-64.4042,4.58,0,,,,,7,13.5,ok
TIC 214659089,340.8762,-40.129,4.58,0,,,,,4,8.0,ok
TIC 39082723,13.7515,-69.5273,4.59,0,,,,,9,17.2,ok
TIC 281763691,12.4842,-57.3862,4.59,0,,,,,10,19.5,ok
TIC 219140650,342.5043,-55.2342,4.6,0,,,,,5,10.1,ok
TIC 149304313,83.2487,-64.2276,4.61,0,,,,,40,19.0,ok
TIC 349647610,112.2143,-64.5099,4.62,0,,,,,44,19.8,ok
TIC 271503441,7.8871,-62.9585,4.62,0,,,,,10,19.5,ok
TIC 197692262,329.8249,-38.395,4.64,0,,,,,4,8.2,ok
TIC 38574220,63.7023,-62.1913,4.64,0,,,,,42,19.1,ok
TIC 301892354,328.9096,-21.1401,4.64,0,,,,,5,9.9,ok
TIC 142108949,99.4239,-77.5384,4.65,0,,,,,42,18.8,ok
TIC 267091211,5.3705,-77.4269,4.68,0,,,,,6,12.5,ok
TIC 38699658,66.272,-61.2381,4.68,0,,,,,44,19.2,ok
TIC 350094361,115.137,-64.3233,4.69,0,,,,,44,19.6,ok
TIC 219327907,333.5111,-57.2184,4.69,0,,,,,7,14.2,ok
TIC 402311665,33.8698,-67.7464,4.69,0,,,,,8,15.3,ok
TIC 260972404,75.0547,-78.3001,4.7,0,,,,,36,19.4,ok
TIC 295071039,72.6836,-69.8314,4.7,0,,,,,43,19.8,ok
TIC 159734053,318.9451,-36.211,4.7,0,,,,,2,4.4,ok
TIC 152875656,337.1637,-39.1327,4.7,0,,,,,4,8.1,ok
TIC 403150483,334.0344,-57.5681,4.71,0,,,,,7,13.5,ok
TIC 389662055,323.3479,-44.8487,4.71,0,,,,,4,8.0,ok
TIC 237881358,19.3963,-65.2118,4.72,0,,,,,8,15.7,ok
TIC 350563801,86.8056,-54.3607,4.72,0,,,,,32,18.9,ok
TIC 231709307,351.813,-58.4758,4.72,0,,,,,6,11.4,ok
TIC 266586474,319.4849,-32.1727,4.73,0,,,,,4,7.9,ok
TIC 129649472,321.5964,-37.8295,4.75,0,,,,,4,7.9,ok
TIC 38759751,66.9417,-62.5212,4.75,0,,,,,43,19.2,ok
TIC 38828538,68.3902,-62.8238,4.76,0,,,,,42,18.8,ok
TIC 355653322,359.9797,-65.5772,4.76,0,,,,,6,12.5,ok
TIC 425904893,359.7691,-56.5757,4.77,0,,,,,11,18.7,ok
TIC 160070294,345.9987,-41.4787,4.77,0,,,,,6,12.0,ok
TIC 160070136,345.9275,-40.817,4.77,0,,,,,5,10.3,ok
TIC 355765312,3.5869,-62.7719,4.78,0,,,,,9,16.8,ok
TIC 80085234,331.177,-35.6963,4.78,0,,,,,3,6.3,ok
TIC 270038123,311.6675,-27.2335,4.79,0,,,,,4,8.0,ok
TIC 406320735,327.5005,-64.7127,4.79,0,,,,,9,16.6,ok
TIC 229058393,332.0809,-34.5564,4.79,0,,,,,4,7.8,ok
TIC 350136745,52.4951,-78.352,4.8,0,,,,,16,19.3,ok
TIC 279649049,49.5684,-62.503,4.8,0,,,,,11,19.4,ok
TIC 317019578,336.1759,-72.2589,4.8,0,,,,,?,0.6,erreur
TIC 29388651,313.5274,-27.9252,4.8,0,,,,,4,8.2,ok
TIC 53991812,331.0994,-29.9165,4.8,0,,,,,4,8.5,ok
TIC 404223181,356.1715,-78.7914,4.82,0,,,,,7,13.9,ok
TIC 370327409,64.4981,-80.2137,4.82,0,,,,,18,18.9,ok
TIC 197951792,346.7894,-49.6062,4.82,0,,,,,8,16.0,ok
TIC 260372062,95.4197,-56.3624,4.84,0,,,,,41,19.8,ok
TIC 115015109,315.7413,-38.632,4.84,0,,,,,?,0.6,erreur
TIC 89004350,337.9936,-43.548,4.85,0,,,,,4,8.2,ok
TIC 238925893,94.4657,-52.733,4.85,0,,,,,22,18.9,ok
TIC 139730235,323.3234,-52.7378,4.85,0,,,,,7,14.3,ok
TIC 231842161,25.45,-60.7895,4.86,0,,,,,8,15.6,ok
TIC 144002706,336.4426,-49.8259,4.87,0,,,,,6,13.7,ok
TIC 259291108,336.2367,-57.7992,4.87,0,,,,,6,11.8,ok
TIC 259902074,41.3868,-67.6164,4.87,0,,,,,12,20.3,ok
TIC 260507093,96.7671,-58.0022,4.88,0,,,,,43,19.9,ok
TIC 319244608,351.3319,-56.8491,4.89,0,,,,,7,13.7,ok
TIC 159672173,318.264,-39.4256,4.89,0,,,,,4,8.1,ok
TIC 388201470,62.3988,-81.8548,4.89,0,,,,,3,7.5,ok
TIC 382577618,118.4767,-60.5836,4.9,0,,,,,21,19.2,ok
TIC 159834975,320.1907,-40.8094,4.9,0,,,,,4,8.1,ok
TIC 115011683,315.6142,-38.5319,4.9,0,,,,,4,7.8,ok
TIC 197980430,326.0754,-55.4733,4.9,0,,,,,9,16.7,ok
TIC 129646354,321.3683,-41.702,4.9,0,,,,,4,8.1,ok
TIC 260971201,74.7126,-82.4705,4.91,0,,,,,13,19.9,ok
TIC 363913149,89.3099,-53.4257,4.91,0,,,,,29,19.0,ok
TIC 79405480,320.3191,-49.939,4.91,0,,,,,6,11.8,ok
TIC 394779757,28.9264,-84.7512,4.92,0,,,,,9,18.2,ok
TIC 273651959,338.8622,-78.7717,4.94,0,,,,,8,15.9,ok
TIC 253934781,339.1475,-31.664,4.94,0,,,,,4,8.3,ok
TIC 293972244,106.7,-58.3809,4.95,0,,,,,42,18.7,ok
TIC 232080070,29.9219,-66.0665,4.95,0,,,,,7,14.5,ok
TIC 265612457,333.2346,-55.945,4.95,0,,,,,6,12.0,ok
TIC 167572319,101.3553,-65.0442,4.95,0,,,,,39,19.0,ok
TIC 300244770,109.8113,-67.1873,4.96,0,,,,,43,19.7,ok
TIC 410256121,358.4625,-83.0067,4.97,0,,,,,?,0.6,erreur
TIC 229059741,332.2251,-32.4933,4.97,0,,,,,3,6.1,ok
TIC 316968340,356.7136,-55.8093,4.97,0,,,,,8,14.9,ok
TIC 234498449,10.6188,-65.4678,4.97,0,,,,,10,20.4,ok
TIC 97402066,332.482,-34.0148,4.97,0,,,,,4,8.4,ok
TIC 234497281,10.6775,-60.2631,4.97,0,,,,,10,19.3,ok
TIC 231267777,334.569,-53.6303,4.99,0,,,,,7,14.2,ok
TIC 232083010,30.3008,-66.3486,4.99,0,,,,,6,11.8,ok
TIC 318515879,325.8904,-68.0646,4.99,0,,,,,10,20.5,ok
TIC 92708166,316.505,-30.1255,4.99,0,,,,,4,8.6,ok
TIC 280793949,359.3971,-64.2986,5.0,0,,13.5,rejete,variabilite_continue;eclipse_secondaire,5,13.5,ok
TIC 308395911,120.0832,-63.5674,5.01,0,,,,,28,18.8,ok
TIC 204500565,326.9337,-30.8984,5.02,0,,,,,4,9.0,ok
TIC 394633233,351.7807,-66.581,5.02,0,,,,,9,18.5,ok
TIC 161267453,341.6732,-51.0502,5.02,0,,,,,6,12.4,ok
TIC 325525016,359.3864,-82.17,5.03,0,,,,,7,13.8,ok
TIC 139349673,349.1658,-44.4892,5.03,0,,,,,6,12.4,ok
TIC 279649057,49.4574,-62.572,5.03,0,,,,,11,19.8,ok
TIC 237934406,59.0175,-63.4635,5.03,0,,,,,29,19.2,ok
TIC 267116011,42.185,-73.8413,5.04,0,,,,,12,19.7,ok
TIC 350298145,83.7614,-58.8711,5.04,0,,,,,44,19.6,ok
TIC 316991247,335.3012,-74.9676,5.04,0,,,,,?,0.6,erreur
TIC 260131665,92.5746,-54.9686,5.04,0,,,,,43,18.9,ok
TIC 197572805,326.1233,-38.5533,5.04,0,,,,,3,6.1,ok
TIC 405479191,24.3691,-84.7695,5.05,0,,,,,9,18.1,ok
TIC 209394833,325.5178,-25.8601,5.05,0,,,,,3,6.3,ok
TIC 212351289,310.3511,-26.0,5.06,0,,,,,3,6.4,ok
TIC 159732098,318.8106,-40.506,5.06,0,,,,,4,7.8,ok
TIC 220559249,44.6995,-64.0713,5.06,0,,,,,9,18.3,ok
TIC 237886201,20.5887,-61.3293,5.07,0,,,,,9,18.1,ok
TIC 319258493,59.9975,-61.8948,5.07,0,,,,,?,0.9,erreur
TIC 89261161,312.6964,-32.0549,5.07,0,,,,,3,6.3,ok
TIC 220517490,41.3648,-63.7046,5.08,0,,,,,11,18.8,ok
TIC 350765991,89.2001,-59.4223,5.08,0,,,,,43,19.4,ok
TIC 197989685,335.1515,-57.5098,5.08,0,,,,,6,11.7,ok
TIC 159746875,319.2919,-38.8733,5.09,0,,,,,4,8.1,ok
TIC 289842172,317.5249,-29.7211,5.09,0,,,,,4,8.2,ok
TIC 50440486,35.7166,-73.6457,5.09,0,,,,,12,19.0,ok
TIC 261136679,84.3009,-80.4637,5.1,0,,,,,?,1027.1,timeout
TIC 441186077,334.1563,-25.8982,5.1,0,,,,,4,8.4,ok
TIC 290403648,330.9827,-72.7419,5.1,0,,,,,10,19.7,ok
TIC 219338027,354.5521,-56.4512,5.1,0,,,,,8,16.1,ok
TIC 273476652,347.1486,-73.5861,5.1,0,,,,,10,19.8,ok
TIC 220414802,71.0885,-59.7325,5.11,0,,39.6,rejete,variabilite_continue;eclipse_secondaire,41,24.7,ok
TIC 277911545,354.6016,-76.8697,5.11,0,,,,,8,16.1,ok
TIC 309476845,125.2817,-64.1061,5.12,0,,,,,18,18.9,ok
TIC 364423809,69.5905,-77.656,5.12,0,,,,,38,19.5,ok
TIC 41331819,92.1837,-68.8433,5.12,0,,,,,33,19.5,ok
TIC 469974193,8.1839,-63.0317,5.12,0,,,,,10,19.7,ok
TIC 259885176,40.7108,-71.2044,5.13,0,,,,,12,19.3,ok
TIC 261746757,26.2431,-80.1856,5.13,0,,,,,8,16.3,ok
TIC 394817660,34.8553,-84.6003,5.14,0,,,,,10,19.2,ok
TIC 441162150,333.4356,-25.1808,5.14,0,,,,,4,8.1,ok
TIC 260852919,349.5839,-67.4711,5.15,0,,,,,10,18.7,ok
TIC 290401889,330.5312,-75.6792,5.16,0,,,,,6,11.7,ok
TIC 126916326,318.3728,-47.5507,5.16,0,,,,,4,8.1,ok
TIC 220526882,43.08,-62.9095,5.16,0,,,,,11,18.6,ok
TIC 79111499,316.0591,-50.4354,5.17,0,,,,,?,0.6,erreur
TIC 325393424,337.4623,-78.2132,5.17,0,,,,,7,14.3,ok
TIC 91451212,313.941,-44.5758,5.17,0,,,,,5,10.3,ok
TIC 206594461,334.2497,-23.1405,5.18,0,,,,,3,6.4,ok
TIC 214368082,339.7315,-38.4774,5.18,0,,,,,4,8.0,ok
TIC 317099286,348.0534,-80.9127,5.18,0,,,,,8,16.2,ok
TIC 126819791,317.3009,-46.7679,5.18,0,,,,,4,7.8,ok
TIC 273511930,347.6903,-76.4631,5.19,0,,,,,9,17.5,ok
TIC 259847500,39.7218,-70.6798,5.2,0,,,,,11,19.2,ok
TIC 453101438,116.0033,-67.2019,5.2,0,,,,,43,19.2,ok
TIC 394678798,54.1253,-78.3231,5.21,0,,,,,16,19.4,ok
TIC 425907353,2.4225,-63.59,5.21,0,,,,,9,25.3,ok
TIC 309146836,123.816,-62.9156,5.21,0,,,,,?,1024.0,timeout
TIC 355365289,349.0184,-51.8721,5.21,0,,,,,7,14.1,ok
TIC 234498473,10.6726,-65.6086,5.21,0,,,,,9,17.0,ok
TIC 431380163,48.9931,-77.3881,5.21,0,,,,,15,19.4,ok
TIC 220522615,42.2574,-62.8064,5.22,0,,,,,10,20.6,ok
TIC 270535673,324.8331,-30.3044,5.22,0,,,,,4,8.2,ok
TIC 33833289,63.6291,-75.808,5.22,0,,,,,38,19.2,ok
TIC 147407292,327.0669,-47.3052,5.23,0,,,,,4,8.2,ok
TIC 372908550,119.4233,-65.9086,5.23,0,,,,,37,18.7,ok
TIC 92313158,313.3542,-30.719,5.23,0,,,,,4,8.0,ok
TIC 197600208,327.3988,-36.697,5.23,0,,,,,4,8.0,ok
TIC 382299907,324.097,-40.3303,5.24,0,,,,,4,7.9,ok
TIC 471011143,49.5651,-62.503,5.24,0,,,,,0,4.9,aucune_donnee
TIC 197691162,329.6254,-41.721,5.24,0,,,,,4,8.8,ok
TIC 234500678,11.2279,-63.1968,5.24,0,,,,,10,19.0,ok
TIC 197980131,325.9781,-54.5,5.25,0,,,,,9,17.5,ok
TIC 79015105,315.0889,-51.2646,5.26,0,,,,,6,11.5,ok
TIC 150392584,96.6382,-60.5573,5.26,0,,,,,44,19.0,ok
TIC 355587549,325.1406,-55.7379,5.26,0,,,,,10,18.9,ok
TIC 159690250,318.3292,-36.4235,5.27,0,,,,,2,4.5,ok
TIC 139878414,326.3287,-49.4985,5.27,0,,,,,5,9.5,ok
TIC 389865251,87.4729,-66.9011,5.27,0,,,,,26,18.7,ok
TIC 299753136,341.8982,-65.5603,5.27,0,,,,,11,18.9,ok
TIC 144048277,337.1253,-51.788,5.27,0,,,,,7,13.3,ok
TIC 167720039,103.4345,-65.9138,5.27,0,,,,,44,18.7,ok
TIC 25299762,327.7354,-20.1888,5.28,0,,,,,3,6.2,ok
TIC 141151953,80.6343,-73.8014,5.28,0,,,,,42,18.8,ok
TIC 161265576,341.6186,-49.6872,5.29,0,,,,,?,0.5,erreur
TIC 394008336,329.5267,-56.7058,5.29,0,,,,,8,15.8,ok
TIC 375092757,88.7086,-52.6343,5.29,0,,,,,?,159.0,timeout
TIC 382420372,335.7857,-45.929,5.29,0,,,,,4,8.3,ok
TIC 197617428,328.0619,-37.3262,5.29,0,,,,,4,7.7,ok
TIC 139679488,322.2512,-53.7061,5.29,0,,,,,9,17.4,ok
TIC 300015238,107.1769,-70.4966,5.29,0,,,,,42,19.2,ok
TIC 147113185,321.7565,-42.5479,5.3,0,,,,,4,8.4,ok
TIC 167813113,104.7804,-60.8421,5.3,0,,,,,44,19.3,ok
TIC 41533313,93.7281,-71.656,5.3,0,,,,,41,19.3,ok
TIC 234300677,32.9536,-71.484,5.3,0,,,,,9,17.7,ok
TIC 55852584,75.986,-65.0121,5.31,0,,,,,40,20.7,ok
TIC 355476572,351.6526,-52.7209,5.31,0,,,,,8,15.1,ok
TIC 277836910,344.8208,-71.8367,5.32,0,,,,,10,19.0,ok
TIC 325279209,334.46,-77.5115,5.33,0,,,,,6,13.5,ok
TIC 381915829,350.8418,-55.5535,5.33,0,,,,,8,15.2,ok
TIC 302301248,320.4547,-29.1662,5.34,0,,,,,4,8.3,ok
TIC 394234013,24.4867,-82.9743,5.34,0,,,,,12,19.2,ok
TIC 370227780,85.6709,-75.2505,5.34,0,,,,,44,18.7,ok
TIC 220526765,42.8996,-63.5408,5.35,0,,,,,9,17.8,ok
TIC 277982164,104.1436,-79.4202,5.35,0,,,,,23,18.9,ok
TIC 79327789,319.4688,-48.7187,5.35,0,,,,,4,8.0,ok
TIC 261724825,23.4124,-78.5054,5.36,0,,,,,10,20.9,ok
TIC 206362352,356.8168,-50.2265,5.36,0,,,,,?,0.6,erreur
TIC 197644690,328.5796,-36.0617,5.36,0,,,,,4,8.5,ok
TIC 270244621,332.6777,-75.8816,5.36,0,,,,,6,12.0,ok
TIC 277874564,353.0957,-74.2018,5.37,0,,,,,10,19.3,ok
TIC 281667171,10.116,-59.4524,5.37,0,,,,,10,19.4,ok
TIC 350222730,355.9573,-61.7299,5.37,0,,,,,7,13.4,ok
TIC 99637007,321.0329,-22.7471,5.37,0,,,,,3,6.1,ok
TIC 55478023,71.2411,-63.2296,5.38,0,,,,,44,18.4,ok
TIC 147206199,323.5712,-42.9247,5.38,0,,,,,4,7.9,ok
TIC 126874570,317.4337,-44.2098,5.38,0,,,,,2,4.3,ok
TIC 234489900,9.1575,-65.1245,5.39,0,,,,,9,18.0,ok
TIC 238198771,57.5802,-75.8957,5.39,0,,,,,29,19.4,ok
TIC 139258210,347.4866,-42.8615,5.39,0,,,,,6,11.6,ok
TIC 197682684,329.0947,-37.2537,5.39,0,,,,,4,7.9,ok
TIC 389089359,333.4303,-68.1263,5.39,0,,,,,11,18.8,ok
TIC 370010028,46.9535,-69.2648,5.39,0,,,,,13,19.2,ok
TIC 237886661,20.9865,-60.629,5.39,0,,,,,9,18.0,ok
TIC 161173191,339.8677,-50.6816,5.39,0,,,,,6,11.2,ok
TIC 320964222,324.976,-37.9868,5.4,0,,,,,4,8.2,ok
TIC 393031938,65.2424,-81.5793,5.4,0,,,,,14,19.1,ok
TIC 355738164,1.9024,-62.3151,5.4,0,,,,,9,17.8,ok
TIC 176876294,100.2404,-71.7754,5.4,0,,,,,44,18.6,ok
TIC 152272693,328.9821,-30.6061,5.4,0,,,,,3,6.4,ok
TIC 237940785,59.7179,-65.8815,5.41,0,,,,,38,19.1,ok
TIC 270676778,87.6201,-52.7678,5.41,0,,,,,23,19.5,ok
TIC 184137021,21.9375,-75.0434,5.41,0,,,,,?,0.6,erreur
TIC 79513950,322.0442,-52.3025,5.41,0,,,,,7,13.4,ok
TIC 234524844,15.8275,-64.3633,5.42,0,,,,,10,19.2,ok
TIC 212347841,310.2182,-28.5493,5.42,0,,,,,?,0.5,erreur
TIC 299943748,106.5599,-68.8375,5.42,0,,,,,42,19.0,ok
TIC 441021158,323.8169,-23.4544,5.42,0,,,,,5,10.4,ok
TIC 235004484,351.79,-62.7371,5.42,0,,,,,7,13.4,ok
TIC 452358088,88.1023,-52.0553,5.42,0,,,,,18,18.7,ok
TIC 348762920,46.8861,-78.9888,5.42,0,,,,,12,19.1,ok
TIC 441193734,334.8328,-28.2086,5.43,0,,,,,4,8.5,ok
TIC 317021841,336.4643,-75.0156,5.43,0,,,,,8,15.2,ok
TIC 231712871,352.3205,-54.5013,5.43,0,,,,,8,15.3,ok
TIC 405410684,337.1591,-67.4894,5.43,0,,,,,11,19.0,ok
TIC 364322720,87.8461,-64.0335,5.43,0,,,,,36,18.8,ok
TIC 382509773,117.3033,-60.2829,5.43,0,,,,,27,19.0,ok
TIC 79104313,315.881,-52.8891,5.43,0,,,,,6,12.0,ok
TIC 281727592,11.6473,-58.0485,5.43,0,,,,,9,16.9,ok
TIC 350655963,88.0843,-57.1566,5.44,0,,,,,42,18.7,ok
TIC 302455483,322.6084,-25.1934,5.44,0,,,,,5,10.4,ok
TIC 270558473,100.0121,-80.8133,5.44,0,,,,,19,20.5,ok
TIC 220565276,45.9024,-65.5284,5.44,0,,,,,9,18.6,ok
TIC 159670453,318.0576,-40.2705,5.44,0,,,,,5,10.5,ok
TIC 220538050,43.2275,-65.4554,5.45,0,,,,,10,19.4,ok
TIC 269831848,310.2068,-25.0497,5.45,0,,,,,3,7.2,ok
TIC 232084963,30.657,-70.4193,5.45,0,,,,,11,20.5,ok
TIC 278614418,333.665,-41.3858,5.45,0,,,,,?,0.6,erreur
TIC 161176007,340.2628,-51.4589,5.45,0,,,,,6,12.9,ok
TIC 201289521,2.2604,-54.0019,5.46,0,,,,,10,18.4,ok
TIC 299754951,342.09,-61.6844,5.46,0,,,,,7,13.5,ok
TIC 266637354,319.7629,-32.3562,5.46,0,,,,,4,8.0,ok
TIC 394242338,25.3409,-79.1481,5.47,0,,,,,10,19.1,ok
TIC 261526008,336.2962,-70.4319,5.47,0,,,,,10,19.3,ok
TIC 44577692,340.6538,-47.2125,5.47,0,,,,,5,9.8,ok
TIC 260416268,95.7323,-56.3701,5.47,0,,,,,41,18.7,ok
TIC 152221976,312.3205,-30.1923,5.48,0,,,,,3,6.3,ok
TIC 260751444,346.2182,-68.8199,5.48,0,,,,,10,19.0,ok
TIC 299940359,106.1461,-68.2484,5.49,0,,,,,42,19.1,ok
TIC 206536202,332.7606,-21.233,5.49,0,,,,,6,11.4,ok
TIC 403288575,332.8488,-64.0143,5.49,0,,,,,11,18.8,ok
TIC 280096428,46.2485,-74.3195,5.49,0,,,,,?,0.6,erreur
TIC 270245797,332.9778,-76.1162,5.49,0,,,,,6,11.9,ok
TIC 237324472,345.4797,-63.0854,5.5,0,,,,,8,15.0,ok
TIC 453100169,116.2226,-68.7567,5.5,0,,,,,43,18.8,ok
TIC 139825840,324.9987,-52.359,5.5,0,,,,,?,1020.6,timeout
TIC 260301896,94.5927,-54.404,5.5,0,,,,,34,19.9,ok
TIC 220538497,43.5866,-64.4355,5.5,0,,,,,11,18.3,ok
TIC 393891675,330.672,-27.3676,5.51,0,,,,,?,0.6,erreur
TIC 177075997,102.8626,-70.9633,5.51,0,,,,,43,19.3,ok
TIC 147425848,327.5081,-47.7253,5.51,0,,,,,4,7.7,ok
TIC 269992160,311.3047,-27.2473,5.52,0,,,,,4,7.9,ok
TIC 139131968,344.199,-47.9694,5.52,0,,,,,6,11.4,ok
TIC 441354986,309.5388,-30.9779,5.52,0,,,,,4,8.2,ok
TIC 259961168,42.7178,-67.5224,5.52,0,,,,,13,19.2,ok
TIC 262956415,11.148,-78.0822,5.52,0,,,,,?,0.6,erreur
TIC 279510954,105.5071,-59.4606,5.52,0,,,,,43,19.2,ok
TIC 214874883,341.7881,-41.6918,5.53,0,,,,,?,0.5,erreur
TIC 139282432,347.8382,-42.9778,5.53,0,,,,,6,12.2,ok
TIC 219155952,90.2047,-51.2158,5.53,0,,,,,17,18.5,ok
TIC 441182258,333.5783,-27.7669,5.53,0,,,,,4,9.0,ok
TIC 441205252,336.1937,-26.8601,5.54,0,,,,,4,7.9,ok
TIC 358500970,60.6173,-78.6331,5.54,0,,,,,21,19.5,ok
TIC 50381965,33.5793,-76.3574,5.54,0,,,,,12,20.1,ok
TIC 441110063,324.0464,-26.1716,5.54,0,,,,,5,10.2,ok
TIC 469979458,342.1353,-70.9334,5.54,0,,,,,11,19.5,ok
TIC 260041674,91.2781,-56.233,5.54,0,,,,,44,18.6,ok
TIC 30110465,73.3772,-66.6754,5.55,0,,,,,42,18.9,ok
TIC 261205462,87.5698,-79.361,5.55,0,,64.8,rejete,variabilite_continue;eclipse_secondaire,32,26.3,ok
TIC 29495621,314.1977,-26.2968,5.55,0,,,,,5,10.3,ok
TIC 269794986,68.2371,-78.128,5.55,0,,,,,32,19.2,ok
TIC 161314759,343.4097,-48.5988,5.55,0,,,,,?,0.5,erreur
TIC 140041127,329.0146,-52.4639,5.55,0,,,,,6,12.2,ok
TIC 290132638,319.7245,-28.7661,5.56,0,,,,,4,8.2,ok
TIC 280684074,342.5957,-80.1239,5.57,0,,,,,7,13.7,ok
TIC 220506705,346.9594,-56.1434,5.57,0,,,,,5,9.9,ok
TIC 266997506,3.5183,-74.9119,5.57,0,,,,,8,16.0,ok
TIC 277890728,353.3322,-77.3853,5.57,0,,,,,8,15.3,ok
TIC 382581130,35.9751,-65.3358,5.57,0,,,,,9,17.4,ok
TIC 393977332,322.7516,-56.8847,5.57,0,,,,,9,16.9,ok
TIC 234305624,34.561,-67.7886,5.57,0,,,,,8,15.5,ok
TIC 234968549,349.2422,-62.0013,5.57,0,,,,,7,13.8,ok
TIC 32052027,57.2515,-69.8786,5.58,0,,,,,38,19.2,ok
TIC 31799975,51.401,-69.3361,5.58,0,,,,,22,19.7,ok
TIC 79283165,318.9414,-53.2632,5.58,0,,31.5,rejete,variabilite_continue;eclipse_secondaire,6,15.2,ok
TIC 60646102,334.2918,-34.761,5.58,0,,,,,4,8.2,ok
TIC 372913375,119.5401,-60.8168,5.59,0,,,,,22,18.8,ok
TIC 99647776,321.4524,-23.8222,5.59,0,,,,,?,0.5,erreur
TIC 88244980,332.8634,-43.8424,5.59,0,,,,,4,8.3,ok
TIC 270219259,330.2095,-28.4538,5.59,0,,,,,4,8.2,ok
TIC 206500312,332.3709,-23.6591,5.59,0,,,,,4,8.3,ok
TIC 115175339,316.9777,-41.6374,5.59,0,,,,,4,8.2,ok
TIC 25375770,328.8635,-23.2894,5.6,0,,,,,5,9.8,ok
TIC 394586941,341.0689,-60.4994,5.6,0,,,,,5,9.9,ok
TIC 410464609,320.4417,-64.4097,5.6,0,,,,,8,15.4,ok
TIC 278564051,333.1247,-40.2035,5.6,0,,,,,4,8.3,ok
TIC 277774779,343.6639,-70.0733,5.62,0,,,,,10,19.3,ok
TIC 381950979,76.6023,-56.2315,5.62,0,,,,,36,19.0,ok
TIC 260192754,93.4187,-56.9185,5.63,0,,,,,42,19.4,ok
TIC 355788466,29.4719,-65.4248,5.63,0,,,,,7,13.6,ok
TIC 197710927,330.2464,-36.5565,5.63,0,,,,,3,6.0,ok
TIC 294747615,70.7666,-70.9309,5.63,0,,,,,43,19.1,ok
TIC 308616873,121.6503,-63.5156,5.63,0,,,,,23,18.8,ok
TIC 259886108,40.8529,-69.1596,5.63,0,,,,,11,18.8,ok
TIC 260795727,347.5545,-66.8575,5.63,0,,,,,?,0.5,erreur
TIC 220518620,41.4555,-62.7243,5.64,0,,,,,10,20.0,ok
TIC 406345664,328.798,-61.8871,5.64,0,,,,,11,19.8,ok
TIC 300328258,110.7777,-70.6365,5.64,0,,,,,41,19.0,ok
TIC 114988852,315.461,-36.5742,5.64,0,,,,,4,8.0,ok
TIC 50377750,32.723,-75.9589,5.64,0,,,,,10,19.6,ok
TIC 421893475,339.0931,-72.7131,5.64,0,,,,,11,19.6,ok
TIC 70442570,339.7145,-33.0813,5.64,0,,,,,5,10.0,ok
TIC 394595576,341.1557,-62.5485,5.65,0,,,,,9,17.3,ok
TIC 55501960,72.1959,-60.2589,5.66,0,,,,,40,19.3,ok
TIC 149347992,83.7393,-61.1762,5.66,0,,,,,43,20.1,ok
TIC 79281046,318.7586,-49.0976,5.66,0,,,,,5,10.1,ok
TIC 280051467,45.5648,-71.9024,5.66,0,,,,,13,19.5,ok
TIC 215113338,342.8348,-41.5821,5.67,0,,,,,4,8.1,ok
TIC 373916957,81.7493,-68.6227,5.67,0,,,,,38,19.9,ok
TIC 144070566,337.8888,-53.3826,5.67,0,,,,,7,13.7,ok
TIC 181655818,13.7516,-74.3017,5.68,0,,,,,6,12.0,ok
TIC 253929725,338.3214,-35.1388,5.68,0,,,,,4,8.1,ok
TIC 141482069,86.9505,-72.7021,5.69,0,,,,,42,19.4,ok
TIC 389727478,349.9991,-47.5401,5.69,0,,,,,7,14.0,ok
TIC 391901960,115.7166,-71.5418,5.69,0,,,,,43,18.8,ok
TIC 220560148,44.9274,-63.628,5.7,0,,,,,9,18.6,ok
TIC 139114943,319.8356,-47.0548,5.7,0,,,,,4,8.4,ok
TIC 229804573,329.6253,-59.012,5.7,0,,,,,8,16.2,ok
TIC 177116244,103.9208,-68.5055,5.7,0,,,,,41,18.8,ok
TIC 358501433,60.7397,-79.8451,5.71,0,,,,,17,19.9,ok
TIC 220554203,43.6997,-64.0016,5.71,0,,,,,10,21.7,ok
TIC 327856894,1.1727,-71.437,5.71,0,,,,,8,15.5,ok
TIC 300039724,107.8202,-70.119,5.72,0,,,,,41,19.2,ok
TIC 197686459,329.2595,-37.6588,5.72,0,,,,,?,0.6,erreur
TIC 147285823,324.9668,-43.132,5.72,0,,,,,4,8.8,ok
TIC 406319088,326.5829,-62.5499,5.72,0,,,,,11,19.4,ok
TIC 149630160,87.402,-60.6763,5.72,0,,,,,38,19.1,ok
TIC 278684936,99.0643,-55.8629,5.72,0,,,,,42,18.9,ok
TIC 260640910,97.9929,-58.7538,5.72,0,,,,,44,19.4,ok
TIC 382262019,323.6667,-36.6471,5.72,0,,,,,4,9.0,ok
TIC 279476396,105.2708,-58.9391,5.72,0,,,,,43,18.8,ok
TIC 114916975,314.9994,-36.1299,5.73,0,,,,,4,8.3,ok
TIC 389076668,333.4898,-61.4488,5.73,0,,,,,1,2.8,ok
TIC 209374489,325.4425,-25.1015,5.73,0,,,,,5,9.9,ok
TIC 370137810,46.6799,-72.0248,5.73,0,,,,,14,19.4,ok
TIC 381949031,76.348,-57.1951,5.73,0,,,,,43,19.6,ok
TIC 220436223,73.722,-58.5473,5.74,0,,,,,44,20.0,ok
TIC 139756492,323.7194,-51.8275,5.74,0,,,,,7,13.7,ok
TIC 290543478,4.0655,-79.8515,5.74,0,,,,,7,13.5,ok
TIC 61454702,335.1851,-34.5168,5.74,0,,,,,4,8.5,ok
TIC 92729808,316.5999,-34.6288,5.74,0,,,,,4,7.8,ok
TIC 70459329,339.9925,-35.1749,5.74,0,,,,,5,10.9,ok
TIC 259862594,40.1681,-69.2331,5.75,0,,,,,11,19.1,ok
TIC 121487860,343.315,-45.1477,5.75,0,,,,,4,8.3,ok
TIC 38469670,61.8424,-64.2207,5.75,0,,,,,42,19.4,ok
TIC 92233366,313.0215,-33.8819,5.75,0,,,,,1,2.8,ok
TIC 364398342,119.7105,-60.8244,5.75,0,,,,,22,19.0,ok
TIC 259886730,40.8622,-66.7147,5.75,0,,,,,10,19.0,ok
TIC 220418532,71.7787,-59.137,5.75,0,,,,,44,19.7,ok
TIC 349677777,112.2851,-63.2458,5.76,0,,,,,44,20.0,ok
TIC 152819773,343.977,-41.0967,5.76,0,,,,,5,10.1,ok
TIC 231711783,352.2049,-59.4367,5.76,0,,,,,6,11.5,ok
TIC 350295877,83.4355,-54.9023,5.76,0,,,,,39,18.9,ok
TIC 273854939,31.7457,-65.9458,5.76,0,,,,,6,11.6,ok
TIC 114950426,315.2218,-36.0536,5.76,0,,,,,4,8.0,ok
TIC 234500531,11.1331,-62.4976,5.76,0,,,,,10,19.2,ok
TIC 441183643,333.7819,-25.648,5.77,0,,,,,1,2.8,ok
TIC 253928234,338.6127,-34.6753,5.77,0,,,,,4,8.5,ok
TIC 394274870,28.9631,-78.3482,5.77,0,,,,,10,19.4,ok
TIC 147422354,327.4396,-46.6111,5.77,0,,,,,4,8.1,ok
TIC 150274386,94.9993,-61.3292,5.78,0,,,,,43,19.2,ok
TIC 150393390,96.7999,-60.7286,5.78,0,,,,,44,19.4,ok
TIC 261748427,26.9412,-80.1767,5.78,0,,,,,8,16.6,ok
TIC 349371980,109.8846,-61.1449,5.78,0,,,,,44,19.3,ok
TIC 237881567,20.0532,-60.0743,5.78,0,,,,,?,0.5,erreur
TIC 231693006,321.5644,-54.6603,5.79,0,,,,,8,15.2,ok
TIC 150359260,96.0574,-60.2812,5.79,0,,,,,43,19.1,ok
TIC 350346371,84.6071,-54.9542,5.79,0,,,,,39,19.1,ok
TIC 326444554,326.2522,-26.4907,5.79,0,,,,,1,2.5,ok
TIC 402046099,352.3581,-52.6786,5.79,0,,,,,9,17.4,ok
TIC 197951576,346.8112,-50.6868,5.8,0,,,,,7,13.1,ok
TIC 237338062,347.7947,-63.1899,5.8,0,,,,,6,11.8,ok
TIC 317130136,349.7867,-79.4723,5.8,0,,,,,8,15.2,ok
TIC 300038390,107.749,-67.9614,5.8,0,,,,,12,18.2,ok
TIC 279511712,105.8129,-59.178,5.8,0,,,,,43,19.3,ok
TIC 231636215,317.8931,-56.5173,5.81,0,,,,,8,15.1,ok
TIC 325096436,339.0281,-70.9638,5.81,0,,,,,1,2.6,ok
TIC 126584063,314.4133,-44.1344,5.81,0,,,,,5,9.9,ok
TIC 53992729,331.1253,-25.8832,5.82,0,,,,,4,8.0,ok
TIC 300865934,117.4208,-66.196,5.82,0,,,,,40,19.0,ok
TIC 220457904,74.5083,-58.2082,5.82,0,,,,,44,19.0,ok
TIC 370325449,341.5194,-55.0636,5.82,0,,,,,7,13.0,ok
TIC 235007556,352.2545,-63.1107,5.82,0,,,,,7,13.5,ok
TIC 220481536,342.937,-59.8814,5.82,0,,,,,6,11.3,ok
TIC 140690428,73.2727,-72.4064,5.83,0,,,,,42,19.5,ok
TIC 211336288,320.4329,-30.1488,5.83,0,,,,,4,8.4,ok
TIC 129636548,321.1036,-41.0067,5.84,0,,,,,?,1020.3,timeout
TIC 269832851,310.1496,-26.6453,5.84,0,,,,,4,14.2,ok
TIC 152867947,337.0555,-39.0893,5.84,0,,,,,4,14.6,ok
TIC 115178586,317.3433,-36.7065,5.85,0,,,,,2,4.8,ok
TIC 31867144,52.7156,-66.4897,5.85,0,,,,,19,19.7,ok
TIC 79425183,320.6887,-48.4582,5.85,0,,,,,5,9.4,ok
TIC 214203655,339.2455,-40.5914,5.85,0,,,,,4,8.0,ok
TIC 150431920,97.4175,-61.2419,5.85,0,,,,,43,19.0,ok
TIC 318567328,332.3528,-70.904,5.85,0,,,,,10,19.7,ok
TIC 382473600,0.1435,-53.0978,5.86,0,,,,,11,19.1,ok
TIC 197686479,329.259,-37.7468,5.86,0,,,,,?,0.5,erreur
TIC 176873735,100.9034,-73.1187,5.86,0,,,,,41,18.9,ok
TIC 38847248,8.3485,-71.2663,5.86,0,,,,,7,13.3,ok
TIC 441156819,332.8632,-27.1526,5.86,0,,,,,4,7.7,ok
TIC 426019151,43.2698,-77.8633,5.87,0,,,,,2,4.7,ok
TIC 326395505,319.9367,-26.3547,5.88,0,,,,,5,9.5,ok
TIC 469933721,350.9778,-53.8089,5.88,0,,,,,8,15.4,ok
TIC 55384162,77.5372,-64.3178,5.89,0,,,,,12,19.5,ok
TIC 412049595,337.232,-60.054,5.89,0,,,,,1,2.9,ok
TIC 281779224,12.8487,-59.6295,5.9,0,,,,,10,19.0,ok
TIC 31798594,51.01,-69.6245,5.9,0,,26.5,rejete,variabilite_continue;eclipse_secondaire;compagnon_trop_gros_2.7Rjup,19,25.9,ok
TIC 279254898,331.518,-43.9664,5.9,0,,,,,1,2.8,ok
TIC 280794284,359.3339,-62.9565,5.91,0,,,,,8,15.3,ok
TIC 231269344,334.7868,-48.0351,5.91,0,,,,,1,2.8,ok
TIC 197572123,326.2501,-40.7433,5.92,0,,,,,4,7.8,ok
TIC 306735869,120.6279,-66.0216,5.92,0,,,,,34,19.3,ok
TIC 425884418,359.6298,-57.2809,5.92,0,,,,,11,18.6,ok
TIC 327724621,331.8388,-68.7201,5.92,0,,,,,?,0.5,erreur
TIC 270070443,312.3235,-25.7813,5.92,0,,,,,4,8.0,ok
TIC 234501204,11.1656,-65.6534,5.92,0,,,,,10,19.4,ok
TIC 471013491,351.0553,-51.8912,5.93,0,,,,,5,10.2,ok
TIC 31747041,49.4969,-66.9268,5.94,0,,,,,16,18.7,ok
TIC 150322340,95.6289,-60.2183,5.94,0,,,,,43,19.8,ok
TIC 92141443,333.8779,-43.6347,5.94,0,,,,,1,7.1,ok
TIC 394086684,339.0152,-65.1194,5.95,0,,,,,11,22.8,ok
TIC 260266504,94.0777,-59.2151,5.95,0,,,,,39,19.3,ok
TIC 201230466,359.0305,-52.7881,5.96,0,,,,,2,4.6,ok
TIC 394679100,54.1036,-79.0988,5.96,0,,,,,13,18.8,ok
TIC 150437899,97.5126,-65.568,5.96,0,,,,,38,19.3,ok
TIC 267000601,3.9785,-75.9116,6.0,0,,,,,8,15.8,ok
TIC 149250753,82.5662,-63.9274,6.0,0,,81.0,rejete,variabilite_continue;eclipse_secondaire,43,26.0,ok
TIC 197640900,328.3113,-36.8969,6.0,0,,,,,1,2.7,ok
TIC 317089497,347.1019,-79.4809,6.01,0,,,,,7,14.3,ok
TIC 410441676,319.69,-61.3549,6.01,0,,,,,6,11.9,ok
TIC 126702952,315.5536,-43.0027,6.01,0,,,,,4,7.9,ok
TIC 161265414,341.5352,-48.9791,6.02,0,,,,,6,12.4,ok
TIC 197981077,325.9949,-57.3255,6.02,0,,,,,7,14.2,ok
TIC 212296912,309.4681,-25.1094,6.03,0,,,,,3,6.3,ok
TIC 231642144,318.8227,-58.93,6.03,0,,,,,1,2.9,ok
TIC 29671013,315.4387,-26.8811,6.04,0,,,,,5,10.2,ok
TIC 92253544,312.9949,-33.178,6.04,0,,,,,3,6.1,ok
TIC 441161288,333.2394,-26.328,6.04,0,,,,,4,8.2,ok
TIC 403224147,338.9714,-57.8838,6.05,0,,,,,7,13.9,ok
TIC 149248196,82.1875,-65.4479,6.05,0,,,,,36,20.0,ok
TIC 214299836,339.4488,-39.8571,6.06,0,,,,,2,4.8,ok
TIC 53992133,331.1631,-28.4349,6.07,0,,,,,1,2.8,ok
TIC 277913391,354.9082,-72.726,6.07,0,,,,,9,17.7,ok
TIC 41533357,93.7749,-71.7025,6.07,0,,,,,41,18.9,ok
TIC 260795404,347.4363,-67.8765,6.07,0,,,,,10,19.5,ok
TIC 167814656,104.9968,-61.3348,6.08,0,,,,,44,19.8,ok
TIC 234349272,39.4938,-67.301,6.08,0,,,,,?,0.5,erreur
TIC 389689344,328.9797,-46.9283,6.09,0,,,,,4,8.0,ok
TIC 234298029,358.4156,-65.9467,6.09,0,,,,,7,13.7,ok
TIC 231824922,86.617,-53.2201,6.1,0,,,,,26,20.3,ok
TIC 53992511,331.1533,-26.8224,6.1,0,,,,,4,8.3,ok
TIC 89004293,338.0478,-43.263,6.11,0,,,,,1,2.8,ok
TIC 234282954,335.2682,-62.5485,6.11,0,,,,,7,13.5,ok
TIC 38425450,60.6161,-61.3565,6.12,0,,,,,21,19.4,ok
TIC 161269173,342.0172,-51.5127,6.12,0,,,,,?,0.5,erreur
TIC 38602305,64.4179,-63.2552,6.13,0,,,,,43,19.7,ok
TIC 141411201,84.2609,-73.6999,6.14,0,,,,,42,20.3,ok
TIC 79404795,320.3473,-51.7531,6.14,0,,,,,6,11.8,ok
TIC 389658670,321.0872,-46.6148,6.14,0,,,,,5,9.9,ok
TIC 229059574,332.1777,-33.1256,6.15,0,,,,,4,8.1,ok
TIC 234518259,14.5931,-60.6961,6.16,0,,,,,10,18.8,ok
TIC 318566416,331.9733,-70.2857,6.16,0,,,,,10,19.4,ok
TIC 441422527,311.2988,-35.1665,6.16,0,,,,,2,4.5,ok
TIC 39071103,13.1023,-69.5041,6.18,0,,,,,9,17.6,ok
TIC 160037874,339.1224,-40.5831,6.18,0,,,,,4,8.0,ok
TIC 147335048,325.7605,-43.4965,6.18,0,,,,,4,8.0,ok
TIC 142085842,98.5101,-77.688,6.19,0,,,,,42,18.8,ok
TIC 441120034,324.7945,-27.307,6.19,0,,,,,4,8.4,ok
TIC 139112038,319.6153,-43.3346,6.19,0,,,,,5,10.1,ok
TIC 80080066,330.6372,-32.1337,6.19,0,,,,,4,8.3,ok
TIC 234300790,32.9797,-70.9509,6.2,0,,,,,2,4.8,ok
TIC 453099404,116.0536,-69.8215,6.2,0,,,,,44,20.1,ok
TIC 279637399,48.7957,-64.4442,6.2,0,,,,,4,9.3,ok
TIC 161335014,343.8149,-48.4915,6.2,0,,,,,7,13.5,ok
TIC 260823248,348.5372,-70.0577,6.21,0,,,,,7,48.5,ok
TIC 259901124,41.4052,-71.2359,6.21,0,,,,,13,19.6,ok
TIC 29760003,64.1933,-69.7267,6.21,0,,,,,7,14.1,ok
TIC 29987134,72.8358,-68.0694,6.21,0,,,,,43,19.1,ok
TIC 278805095,336.1644,-41.4405,6.21,0,,,,,4,7.7,ok
TIC 201306559,3.5612,-55.0698,6.22,0,,,,,10,18.9,ok
TIC 126803030,316.9358,-45.3795,6.22,0,,,,,1,2.6,ok
TIC 144068704,337.7506,-49.4343,6.24,0,,,,,6,11.4,ok
TIC 376986714,76.8295,-83.8593,6.25,0,,,,,10,19.4,ok
TIC 140893238,76.539,-73.0373,6.26,0,,245.6,rejete,variabilite_continue;eclipse_secondaire,43,24.9,ok
TIC 265592045,331.9135,-59.3206,6.26,0,,,,,3,7.2,ok
TIC 214913675,341.9461,-38.2225,6.27,0,,,,,5,10.1,ok
TIC 139770629,324.1753,-50.8464,6.27,0,,,,,6,12.4,ok
TIC 231665881,318.9216,-57.6315,6.27,0,,,,,1,2.5,ok
TIC 374859347,88.517,-60.0238,6.27,0,,,,,42,19.6,ok
TIC 117510145,339.1795,-43.471,6.29,0,,,,,4,8.2,ok
TIC 232076433,28.9691,-68.3919,6.29,0,,,,,2,4.6,ok
TIC 326396699,323.139,-24.5904,6.29,0,,,,,5,10.3,ok
TIC 234522993,15.3301,-60.8597,6.29,0,,,,,10,18.7,ok
TIC 150442264,97.7942,-61.8795,6.29,0,,61.8,rejete,variabilite_continue;eclipse_secondaire,39,24.6,ok
TIC 52195664,19.2662,-66.3977,6.29,0,,,,,8,16.3,ok
TIC 38586082,64.0877,-60.9484,6.3,0,,,,,33,20.0,ok
TIC 269885278,310.8164,-29.4249,6.3,0,,,,,4,8.8,ok
TIC 262824793,348.8484,-56.692,6.3,0,,,,,1,2.8,ok
TIC 262874982,52.7192,-62.0079,6.3,0,,,,,12,19.1,ok
TIC 149176305,81.9123,-60.4165,6.3,0,,,,,41,19.0,ok
TIC 266968029,2.6627,-73.2243,6.3,0,,,,,7,13.8,ok
TIC 469979280,342.323,-70.3478,6.3,0,,,,,11,18.5,ok
TIC 355477670,351.7882,-50.1572,6.31,0,,,,,?,0.5,erreur
TIC 273945912,30.2414,-78.8706,6.31,0,,,,,10,19.2,ok
TIC 32199952,332.5008,-28.2923,6.33,0,,,,,4,8.6,ok
TIC 238871118,38.4348,-72.3492,6.33,0,,,,,12,19.6,ok
TIC 231700251,330.8946,-55.9774,6.34,0,,,,,7,14.3,ok
TIC 147285571,324.9271,-42.4456,6.34,0,,,,,1,2.6,ok
TIC 161172103,339.785,-52.692,6.34,0,,26.3,rejete,variabilite_continue;eclipse_secondaire;compagnon_trop_gros_2.5Rjup,7,17.2,ok
TIC 52287279,21.9124,-71.7038,6.34,0,,,,,2,4.8,ok
TIC 394234095,24.6055,-83.2479,6.35,0,,,,,2,4.6,ok
TIC 50377999,32.6036,-76.6237,6.35,0,,,,,2,4.7,ok
TIC 44628526,341.6824,-46.9393,6.35,0,,,,,5,9.8,ok
TIC 261643880,351.0782,-72.1654,6.36,0,,,,,9,18.2,ok
TIC 281656710,9.7978,-57.968,6.37,0,,,,,7,13.4,ok
TIC 141026903,78.853,-73.5884,6.37,0,,,,,32,18.9,ok
TIC 319246766,353.7585,-56.8254,6.37,0,,,,,?,0.5,erreur
TIC 25300818,327.8544,-23.271,6.38,0,,,,,3,6.4,ok
TIC 207074616,323.8073,-34.3303,6.38,0,,,,,4,7.9,ok
TIC 31741586,48.7392,-69.7827,6.38,0,,,,,3,6.7,ok
TIC 29255834,312.6252,-24.9834,6.38,0,,,,,2,4.6,ok
TIC 358512601,30.4595,-63.6224,6.38,0,,,,,5,9.8,ok
TIC 278660127,328.8934,-70.0685,6.38,0,,,,,6,11.6,ok
TIC 260420061,95.9456,-58.5438,6.38,0,,,,,44,18.8,ok
TIC 308748912,122.1026,-63.8007,6.38,0,,,,,24,19.4,ok
TIC 52194662,18.7589,-68.8185,6.38,0,,,,,5,11.1,ok
TIC 267094769,41.6363,-76.1933,6.39,0,,,,,3,7.1,ok
TIC 350295056,83.394,-57.0829,6.39,0,,,,,?,425.3,timeout
TIC 290496412,2.9026,-80.1736,6.39,0,,,,,1,7.7,ok
TIC 358071115,47.5816,-74.2956,6.39,0,,,,,18,23.9,ok
TIC 197981057,326.0004,-57.2834,6.39,0,,,,,10,21.8,ok
TIC 220456828,74.2812,-58.0691,6.39,0,,,,,42,23.0,ok
TIC 231827609,22.8175,-65.1179,6.39,0,,,,,6,19.6,ok
TIC 233967252,37.0187,-64.2997,6.39,0,,,,,10,22.3,ok
TIC 300329283,111.1548,-71.4704,6.4,0,,,,,31,25.1,ok
TIC 220492758,344.4985,-59.0897,6.4,0,,,,,2,7.2,ok
TIC 234302530,33.9679,-69.4318,6.4,0,,,,,2,8.5,ok
TIC 327724364,331.8715,-68.0238,6.42,0,,,,,11,28.6,ok
TIC 32035258,56.3493,-71.6579,6.42,0,,,,,24,25.8,ok
TIC 149990865,90.4735,-64.8608,6.43,0,,,,,14,27.4,ok
TIC 237916869,56.2838,-63.7294,6.44,0,,,,,4,12.5,ok
TIC 238169432,356.848,-68.3941,6.44,0,,,,,10,20.9,ok
TIC 234516451,14.0922,-63.9576,6.44,0,,,,,8,17.0,ok
TIC 238869865,38.3207,-75.8934,6.44,0,,,,,14,21.9,ok
TIC 52246613,20.4941,-69.7187,6.44,0,,,,,6,16.7,ok
TIC 211401599,321.3157,-34.8572,6.45,0,,,,,4,12.1,ok
TIC 167005517,94.8131,-69.7842,6.45,0,,,,,41,22.9,ok
TIC 441419703,311.3493,-30.4783,6.46,0,,,,,?,0.7,erreur
TIC 220572999,47.2105,-64.5648,6.46,0,,,,,5,10.1,ok
TIC 234340300,37.7971,-67.968,6.46,0,,,,,2,4.6,ok
TIC 231626393,316.9638,-54.2169,6.47,0,,,,,6,11.4,ok
TIC 388131924,51.9945,-77.6132,6.48,0,,,,,2,4.8,ok
TIC 201293664,3.2082,-57.9124,6.49,0,,,,,11,19.2,ok
TIC 79225651,317.8449,-52.3392,6.51,0,,,,,1,2.7,ok
TIC 388105350,55.8768,-61.6262,6.51,0,,,,,4,8.2,ok
TIC 369457005,311.584,-39.1994,6.51,0,,,,,5,9.6,ok
TIC 211432414,322.2657,-31.2386,6.52,0,,,,,4,7.8,ok
TIC 394231075,47.8703,-74.6654,6.52,0,,,,,4,8.2,ok
TIC 402066136,352.7646,-69.0774,6.52,0,,,,,6,11.9,ok
TIC 126763848,316.1339,-46.256,6.53,0,,,,,4,8.3,ok
TIC 262828433,349.1068,-55.5268,6.53,0,,,,,7,13.2,ok
TIC 25078674,60.1823,-71.1666,6.53,0,,,,,21,19.1,ok
TIC 52195943,19.123,-67.4309,6.54,0,,,,,8,15.5,ok
TIC 150394126,96.9526,-62.1498,6.54,0,,28.4,rejete,variabilite_continue;eclipse_secondaire,40,24.8,ok
TIC 325178933,354.5318,-70.9032,6.54,0,,,,,3,6.7,ok
TIC 92498124,314.8721,-33.6174,6.54,0,,,,,3,6.1,ok
TIC 140069652,330.4026,-53.0962,6.55,0,,,,,7,13.5,ok
TIC 394045568,334.5087,-62.8115,6.55,0,,,,,1,2.8,ok
TIC 394275950,29.1597,-81.4991,6.55,0,,,,,10,19.6,ok
TIC 161335008,343.8155,-48.4654,6.55,0,,,,,3,6.3,ok
TIC 238182521,54.4197,-74.8226,6.56,0,,,,,12,19.3,ok
TIC 304093921,26.6578,-74.7382,6.56,0,,,,,3,6.8,ok
TIC 234511278,13.1507,-63.741,6.56,0,,,,,8,15.1,ok
TIC 197951574,346.8075,-50.6875,6.56,0,,,,,7,13.5,ok
TIC 325207730,355.8219,-70.8178,6.56,0,,,,,1,2.7,ok
TIC 269742895,65.7123,-82.899,6.56,0,,21.2,rejete,variabilite_continue,13,25.7,ok
TIC 262885414,53.604,-65.7641,6.57,0,,,,,20,18.8,ok
TIC 281598439,9.0045,-59.7173,6.57,0,,,,,?,0.5,erreur
TIC 52242834,19.9391,-68.8976,6.58,0,,,,,9,17.8,ok
TIC 419667736,338.0397,-69.108,6.58,0,,,,,7,13.7,ok
TIC 300604036,113.3408,-68.7686,6.58,0,,,,,21,18.6,ok
TIC 261745953,25.7326,-83.3674,6.58,0,,,,,?,0.6,erreur
TIC 409698623,332.7088,-55.4578,6.58,0,,,,,4,8.3,ok
TIC 237338677,347.6135,-60.5645,6.58,0,,,,,4,7.8,ok
TIC 293973218,106.8178,-59.7164,6.58,0,,,,,44,19.4,ok
TIC 270034306,311.6142,-26.8688,6.59,0,,,,,4,8.6,ok
TIC 38909679,69.7053,-62.3784,6.59,0,,,,,21,18.8,ok
TIC 270582021,337.3148,-30.0226,6.6,0,,,,,2,4.5,ok
TIC 441181339,333.6971,-24.0047,6.6,0,,,,,4,7.8,ok
TIC 259719464,322.7014,-62.168,6.6,0,,,,,9,17.0,ok
TIC 165096889,322.6767,-38.6384,6.6,0,,,,,4,8.4,ok
TIC 197740634,331.0953,-38.8765,6.62,0,,,,,3,6.1,ok
TIC 231831130,23.4989,-62.4762,6.62,0,,,,,4,8.6,ok
TIC 55404385,78.0132,-65.1754,6.62,0,,17.8,rejete,eclipse_secondaire,39,24.3,ok
TIC 38510324,62.531,-61.5994,6.62,0,,,,,32,19.4,ok
TIC 278660115,328.8654,-70.1155,6.63,0,,,,,6,11.5,ok
TIC 29281339,312.9013,-27.9953,6.63,0,,,,,1,2.7,ok
TIC 237334931,347.1541,-63.8726,6.63,0,,,,,8,14.8,ok
TIC 141186075,81.3273,-75.694,6.63,0,,,,,42,19.2,ok
TIC 29260474,312.9111,-29.4425,6.63,0,,,,,?,0.5,erreur
TIC 358108310,51.1527,-76.7467,6.64,0,,,,,6,12.7,ok
TIC 300088321,108.0762,-67.7838,6.65,0,,,,,43,19.5,ok
TIC 121421711,341.8611,-44.9651,6.65,0,,,,,4,8.6,ok
TIC 421918385,342.4234,-77.051,6.65,0,,,,,7,13.9,ok
TIC 278525792,332.6561,-37.7501,6.65,0,,,,,3,6.3,ok
TIC 147113992,321.7573,-44.8077,6.66,0,,,,,4,8.2,ok
TIC 261137158,83.9133,-81.6117,6.66,0,,,,,18,18.9,ok
TIC 238171952,357.3881,-66.258,6.66,0,,,,,7,13.6,ok
TIC 99384278,316.766,-23.1487,6.67,0,,,,,3,6.2,ok
TIC 300160320,109.2391,-71.7493,6.67,0,,,,,41,18.5,ok
TIC 25155664,63.3132,-70.4201,6.67,0,,53.3,rejete,variabilite_continue;eclipse_secondaire,12,24.0,ok
TIC 364395684,116.5963,-61.4287,6.67,0,,,,,34,18.9,ok
TIC 115014847,315.7349,-39.0966,6.67,0,,,,,2,4.5,ok
TIC 201295243,3.4721,-56.9995,6.67,0,,,,,9,16.9,ok
TIC 261462443,334.7075,-68.3141,6.68,0,,,,,11,18.7,ok
TIC 294870403,71.6562,-68.5458,6.68,0,,,,,12,19.0,ok
TIC 140898575,76.652,-77.5697,6.68,0,,,,,43,19.5,ok
TIC 139754153,323.3911,-49.0132,6.68,0,,,,,5,10.0,ok
TIC 147114436,321.6552,-46.0679,6.69,0,,,,,4,8.3,ok
TIC 370041241,65.9832,-66.7368,6.69,0,,,,,23,19.3,ok
TIC 79153687,316.5715,-48.5266,6.69,0,,,,,5,10.9,ok
TIC 349190908,108.5925,-61.0697,6.71,0,,,,,42,18.5,ok
TIC 139699247,322.3109,-50.317,6.71,0,,,,,6,11.9,ok
TIC 92591774,315.3578,-32.8956,6.71,0,,,,,1,2.6,ok
TIC 52244725,20.4529,-66.3842,6.72,0,,,,,2,4.4,ok
TIC 403153647,336.8381,-58.0006,6.72,0,,19.7,rejete,eclipse_secondaire,5,12.8,ok
TIC 289952026,318.5089,-29.6638,6.72,0,,,,,4,8.3,ok
TIC 147269502,324.4298,-45.5866,6.73,0,,,,,3,6.1,ok
TIC 389659987,321.3479,-45.162,6.73,0,,,,,1,2.7,ok
TIC 382259669,82.686,-57.1601,6.74,0,,,,,33,19.2,ok
TIC 238196350,57.0491,-74.694,6.74,0,,,,,31,18.9,ok
TIC 237321214,344.9353,-62.7722,6.75,0,,,,,5,10.2,ok
TIC 31780245,50.2616,-68.533,6.75,0,,,,,10,19.6,ok
TIC 79170658,316.9745,-48.9403,6.75,0,,,,,1,3.0,ok
TIC 441420236,311.2914,-31.3428,6.75,0,,,,,3,6.4,ok
TIC 39071101,13.1183,-69.5033,6.76,0,,,,,9,17.9,ok
TIC 231836962,24.473,-60.5115,6.76,0,,,,,9,17.9,ok
TIC 50472223,36.05,-74.436,6.76,0,,,,,3,6.3,ok
TIC 374858533,88.3114,-61.8394,6.76,0,,,,,30,18.3,ok
TIC 212262393,308.9775,-26.7734,6.77,0,,,,,4,8.2,ok
TIC 278684081,99.1139,-57.5389,6.77,0,,,,,42,18.3,ok
TIC 238815210,328.0411,-62.0529,6.77,0,,,,,11,19.3,ok
TIC 181233908,13.2872,-74.6515,6.77,0,,,,,4,8.4,ok
TIC 267433369,9.6689,-73.1377,6.77,0,,,,,7,14.1,ok
TIC 139197566,345.6139,-45.304,6.78,0,,,,,5,9.7,ok
TIC 300448625,111.7726,-68.615,6.78,0,,,,,41,19.3,ok
TIC 278804454,336.1574,-39.1271,6.78,0,,,,,2,4.7,ok
TIC 176935619,100.6062,-67.8429,6.78,0,,,,,39,19.3,ok
TIC 92749735,316.9388,-31.0563,6.78,0,,,,,4,8.5,ok
TIC 394339087,38.7587,-82.2367,6.79,0,,,,,9,17.1,ok
TIC 38898850,9.5364,-66.0425,6.79,0,,,,,2,4.7,ok
TIC 279249351,103.9717,-56.9392,6.79,0,,,,,43,19.1,ok
TIC 165076924,322.4566,-37.6929,6.79,0,,,,,4,8.9,ok
TIC 220491897,344.3419,-56.8752,6.8,0,,,,,?,1015.5,timeout
TIC 394701331,64.776,-79.5208,6.8,0,,,,,5,30.2,ok
TIC 235037790,353.8045,-64.689,6.8,0,,,,,5,10.1,ok
TIC 290305042,328.6848,-73.4408,6.8,0,,,,,7,14.4,ok
TIC 140596513,68.6462,-72.7335,6.8,0,,,,,?,160.6,timeout
TIC 141811261,92.6104,-77.1055,6.81,0,,,,,?,290.5,timeout
TIC 431479801,49.7399,-73.9867,6.81,0,,,,,20,20.3,ok
TIC 220538394,43.5061,-64.8995,6.81,0,,,,,8,16.2,ok
TIC 271972463,113.9049,-75.5442,6.81,0,,,,,41,18.5,ok
TIC 231866127,5.9306,-62.4246,6.81,0,,,,,?,0.6,erreur
TIC 144046368,336.8555,-49.3677,6.81,0,,,,,6,11.7,ok
TIC 80080623,330.8219,-29.9047,6.82,0,,,,,4,8.0,ok
TIC 372819370,67.8488,-59.7668,6.82,0,,,,,19,19.3,ok
TIC 55501315,71.8411,-61.4762,6.82,0,,,,,42,20.0,ok
TIC 220496357,345.2549,-58.4375,6.82,0,,,,,4,8.5,ok
TIC 271971626,113.8409,-74.275,6.83,0,,,,,42,19.3,ok
TIC 372913233,119.4384,-60.9264,6.83,0,,,,,22,19.2,ok
TIC 167251167,97.8007,-70.5158,6.83,0,,,,,12,19.0,ok
TIC 41487605,93.4207,-66.6797,6.84,0,,,,,29,19.3,ok
TIC 209404113,326.1355,-24.9109,6.85,0,,,,,5,9.7,ok
TIC 32001054,56.1951,-70.0271,6.86,0,,,,,35,19.7,ok
TIC 167415800,99.4103,-70.604,6.86,0,,,,,40,19.7,ok
TIC 238812562,327.1838,-65.5028,6.86,0,,,,,2,4.8,ok
TIC 220514768,40.8975,-62.9194,6.86,0,,,,,5,9.9,ok
TIC 394595940,341.1412,-63.954,6.87,0,,,,,1,2.6,ok
TIC 382322852,320.2112,-45.8109,6.87,0,,,,,5,10.7,ok
TIC 270101561,329.895,-27.6306,6.87,0,,,,,2,4.3,ok
TIC 167889542,105.2714,-65.7061,6.87,0,,,,,44,19.1,ok
TIC 381207211,31.1493,-65.1363,6.87,0,,,,,7,13.8,ok
TIC 234281360,334.1213,-63.3385,6.87,0,,,,,7,14.1,ok
TIC 350843761,90.149,-58.1019,6.88,0,,,,,12,19.1,ok
TIC 165076764,322.3795,-38.0861,6.88,0,,,,,4,8.5,ok
TIC 355636245,358.1184,-58.5501,6.88,0,,,,,2,4.6,ok
TIC 144443779,335.8526,-46.6685,6.88,0,,,,,1,2.7,ok
TIC 261592170,350.1553,-75.6327,6.88,0,,,,,10,19.4,ok
TIC 63038063,336.8799,-31.5544,6.89,0,,,,,1,3.0,ok
TIC 266905680,1.1273,-72.8976,6.89,0,,,,,8,15.9,ok
TIC 32176627,331.9346,-28.1476,6.9,0,,,,,2,4.4,ok
TIC 231844926,26.1376,-61.0188,6.9,0,,,,,2,4.9,ok
TIC 219196118,92.3654,-51.3892,6.91,0,,,,,17,19.3,ok
TIC 369705637,32.5385,-64.355,6.91,0,,,,,8,15.6,ok
TIC 257711125,29.9007,-65.4478,6.91,0,,,,,5,10.3,ok
TIC 92442460,314.2173,-33.9984,6.91,0,,,,,4,8.2,ok
TIC 139469490,337.6789,-44.0936,6.91,0,,,,,1,2.6,ok
TIC 382579369,118.4508,-62.3798,6.92,0,,,,,7,14.0,ok
TIC 304092654,26.3499,-77.3569,6.92,0,,,,,2,4.7,ok
TIC 121474901,343.0772,-47.5752,6.92,0,,,,,4,7.9,ok
TIC 206408544,330.1762,-23.2976,6.92,0,,,,,1,2.5,ok
TIC 279674387,50.1452,-65.7854,6.93,0,,,,,6,12.4,ok
TIC 266995561,349.6548,-58.3072,6.93,0,,,,,6,11.6,ok
TIC 284073790,342.7269,-62.8147,6.93,0,,,,,5,9.8,ok
TIC 129636999,321.0149,-40.0303,6.93,0,,,,,4,8.0,ok
TIC 214912529,342.0298,-37.7567,6.94,0,,,,,5,9.7,ok
TIC 231631019,317.6068,-54.5739,6.94,0,,,,,6,11.5,ok
TIC 267092279,0.1609,-66.6833,6.94,0,,,,,8,15.7,ok
TIC 425934574,4.6099,-63.4778,6.94,0,,,,,9,17.3,ok
TIC 161403043,345.6323,-49.6978,6.94,0,,,,,7,13.5,ok
TIC 350858713,90.2308,-54.9513,6.95,0,,,,,42,20.2,ok
TIC 279741379,51.7509,-63.5004,6.95,0,,,,,15,19.5,ok
TIC 469934028,351.1753,-52.7027,6.95,0,,,,,2,4.8,ok
TIC 207077159,320.8435,-41.5533,6.95,0,,,,,4,8.5,ok
TIC 267435281,9.5718,-73.9633,6.95,0,,,,,8,15.7,ok
TIC 270101243,329.9489,-28.6189,6.95,0,,,,,3,6.7,ok
TIC 279649845,49.7519,-65.8884,6.96,0,,,,,12,18.8,ok
TIC 300703532,114.5599,-67.4481,6.96,0,,,,,43,19.3,ok
TIC 270483647,324.2426,-35.8842,6.96,0,,,,,2,4.3,ok
TIC 197686484,329.3334,-37.7642,6.96,0,,,,,4,8.1,ok
TIC 269944018,311.1476,-28.2047,6.97,0,,,,,1,2.6,ok
TIC 349273907,109.1555,-64.1246,6.97,0,,,,,44,19.2,ok
TIC 370229296,319.1059,-54.8562,6.97,0,,,,,3,6.6,ok
TIC 139842723,325.5919,-50.0936,6.97,0,,,,,4,8.4,ok
TIC 32197339,332.1912,-25.7705,6.97,0,,,,,1,2.5,ok
TIC 139898417,326.9812,-52.9311,6.97,0,,,,,7,13.5,ok
TIC 220378915,320.9175,-55.5438,6.97,0,,,,,6,12.1,ok
TIC 29666185,315.2638,-29.7288,6.97,0,,,,,1,2.6,ok
TIC 267081284,359.469,-67.0062,6.98,0,,,,,7,13.5,ok
TIC 294754816,71.4969,-66.0786,6.98,0,,,,,42,19.0,ok
TIC 421950985,329.8236,-22.8717,6.98,0,,,,,?,145.6,timeout
TIC 349409844,110.421,-61.9513,6.98,0,,,,,12,19.5,ok
TIC 271638135,108.8784,-75.8643,6.99,0,,,,,40,19.4,ok
TIC 139468902,337.5658,-42.2911,6.99,0,,,,,?,1017.5,timeout
TIC 421940749,343.6172,-74.8649,6.99,0,,,,,?,146.9,timeout
TIC 233964479,36.5522,-62.9185,6.99,0,,,,,2,4.9,ok
TIC 389368692,85.674,-67.139,6.99,0,,,,,29,21.7,ok
TIC 79249818,318.1983,-51.5138,6.99,0,,,,,5,10.7,ok
TIC 79422455,320.5184,-51.8755,6.99,0,,,,,1,4.0,ok
TIC 115177591,317.1722,-37.2427,7.0,0,,,,,4,8.7,ok
TIC 31870141,53.2475,-67.4199,7.0,0,,,,,15,19.2,ok
TIC 234525773,15.8234,-60.098,7.0,0,,,,,4,8.9,ok
TIC 201292966,3.0226,-58.5259,7.0,0,,,,,6,12.5,ok
TIC 97407616,332.6349,-33.8276,7.0,0,,,,,4,8.7,ok
TIC 139233830,346.8003,-45.8428,7.01,0,,,,,1,4.6,ok
TIC 233961272,31.7995,-60.9826,7.01,0,,,,,6,12.0,ok
TIC 32001057,56.2563,-70.0246,7.01,0,,,,,36,29.7,ok
TIC 220507581,347.1574,-59.7369,7.01,0,,,,,7,18.4,ok
TIC 220401810,69.7255,-58.9805,7.02,0,,,,,12,19.2,ok
TIC 350518530,86.0567,-55.6953,7.02,0,,,,,40,19.6,ok
TIC 61709833,335.4901,-34.5201,7.02,0,,,,,4,8.2,ok
TIC 231826813,22.9054,-61.2493,7.03,0,,,,,8,16.7,ok
TIC 441079957,323.3803,-27.8906,7.03,0,,,,,2,4.9,ok
TIC 201286585,1.868,-56.0113,7.03,0,,,,,4,8.2,ok
TIC 350342269,84.4512,-54.5637,7.03,0,,,,,16,45.9,ok
TIC 259861796,39.9634,-66.1187,7.03,0,,,,,8,20.4,ok
TIC 231074032,67.5496,-67.8754,7.04,0,,,,,43,19.7,ok
TIC 159746942,319.3203,-39.0493,7.04,0,,,,,4,10.0,ok
TIC 79104262,315.7769,-52.7685,7.04,0,,,,,1,3.0,ok
TIC 161378573,344.626,-51.1271,7.04,0,,,,,3,6.3,ok
TIC 161382878,345.1987,-49.4517,7.04,0,,,,,2,4.5,ok
TIC 260795451,347.4163,-67.7339,7.04,0,,,,,7,14.5,ok
TIC 237309999,343.3177,-63.7651,7.05,0,,,,,5,15.1,ok
TIC 280833104,45.2197,-67.1029,7.05,0,,,,,3,6.8,ok
TIC 262884527,53.3945,-62.6401,7.05,0,,,,,8,15.4,ok
TIC 290484105,2.0013,-78.5987,7.05,0,,,,,2,4.6,ok
TIC 53841400,327.4748,-27.404,7.05,0,,,,,1,2.8,ok
TIC 92562474,315.3046,-35.1845,7.05,0,,,,,3,6.5,ok
TIC 139149551,344.6525,-45.5191,7.05,0,,,,,5,9.8,ok
TIC 410187303,353.6449,-70.9628,7.06,0,,,,,10,19.9,ok
TIC 425865767,320.6496,-55.7837,7.06,0,,,,,6,12.7,ok
TIC 25285075,327.7118,-20.5409,7.06,0,,,,,1,3.0,ok
TIC 350622984,87.5497,-55.0808,7.06,0,,,,,37,19.4,ok
TIC 403151606,334.3121,-54.3214,7.06,0,,,,,1,2.9,ok
TIC 220500123,345.8817,-56.4987,7.07,0,,,,,2,5.3,ok
TIC 355636177,358.2239,-58.8382,7.07,0,,,,,3,7.1,ok
TIC 231631020,317.6083,-54.5746,7.07,0,,,,,6,12.4,ok
TIC 139356318,349.373,-45.232,7.07,0,,,,,4,8.9,ok
TIC 214990792,342.5414,-41.4911,7.07,0,,,,,4,8.8,ok
TIC 302753887,322.964,-25.4128,7.07,0,,,,,2,4.6,ok
TIC 139127400,343.9845,-42.5523,7.08,0,,,,,2,36.9,ok
TIC 403265769,331.0768,-61.8729,7.08,0,,,,,1,3.3,ok
TIC 238854840,342.7876,-71.4251,7.08,0,,,,,1,2.9,ok
TIC 207080350,320.9192,-39.779,7.09,0,,,,,3,7.0,ok
TIC 389722785,329.1989,-46.4802,7.09,0,,,,,2,4.5,ok
TIC 234294089,357.3406,-60.0724,7.09,0,,,,,3,7.6,ok
TIC 259863352,40.3665,-71.4628,7.09,0,,,,,8,16.5,ok
TIC 183641919,19.838,-76.149,7.09,0,,,,,6,11.9,ok
TIC 180205840,11.0341,-74.2655,7.09,0,,,,,8,16.3,ok
TIC 376987652,77.6083,-80.4074,7.09,0,,,,,22,21.1,ok
TIC 277688819,329.2365,-61.8464,7.09,0,,,,,7,13.7,ok
TIC 139232645,346.6628,-43.5039,7.09,0,,,,,5,10.7,ok
TIC 140827588,75.4839,-76.6292,7.09,0,,,,,42,19.5,ok
TIC 161381531,345.0363,-51.7014,7.09,0,,,,,1,3.0,ok
TIC 270067755,311.8336,-26.4152,7.09,0,,,,,1,2.8,ok
TIC 404224395,355.9841,-82.509,7.1,0,,,,,8,15.6,ok
TIC 91447759,313.7058,-46.6014,7.1,0,,,,,3,7.5,ok
TIC 278704172,334.5708,-36.5958,7.1,0,,,,,2,5.4,ok
TIC 389023278,331.1605,-64.7287,7.1,0,,,,,5,9.9,ok
TIC 152927676,338.5564,-36.6711,7.1,0,,,,,1,3.2,ok
TIC 234525772,15.8256,-60.0988,7.1,0,,,,,8,16.1,ok
TIC 61709837,335.5192,-34.4888,7.11,0,,,,,2,4.5,ok
TIC 143897365,332.5912,-51.9606,7.11,0,,,,,4,8.5,ok
TIC 206545643,333.1943,-20.8909,7.11,0,,,,,5,10.8,ok
TIC 24265755,318.3551,-22.7619,7.11,0,,,,,2,4.3,ok
TIC 139128121,343.876,-46.3282,7.12,0,,,,,2,4.7,ok
TIC 176931266,100.2608,-70.6509,7.12,0,,,,,19,19.6,ok
TIC 394584352,340.2707,-62.9432,7.12,0,,,,,6,12.1,ok
TIC 139831197,325.1793,-48.7165,7.12,0,,,,,4,8.0,ok
TIC 279317755,104.0974,-57.5772,7.12,0,,,,,42,20.3,ok
TIC 259902846,41.7604,-67.2777,7.12,0,,,,,12,20.2,ok
TIC 326395178,319.9644,-27.2091,7.13,0,,,,,1,3.2,ok
TIC 183645350,20.0592,-72.7492,7.13,0,,,,,4,9.0,ok
TIC 273605663,358.2027,-72.3995,7.13,0,,,,,7,14.4,ok
TIC 126658169,314.9912,-43.0155,7.13,0,,,,,1,2.9,ok
TIC 300811971,116.5761,-71.72,7.13,0,,,,,41,20.9,ok
TIC 316968412,356.7541,-55.4083,7.13,0,,,,,9,17.7,ok
TIC 277774028,343.6669,-67.6123,7.13,0,,,,,?,143.2,timeout
TIC 260542710,97.0759,-59.6179,7.13,0,,,,,41,19.1,ok
TIC 266907710,1.8078,-76.7309,7.14,0,,,,,8,16.4,ok
TIC 370222613,73.3666,-72.7649,7.14,0,,,,,22,18.9,ok
TIC 53938218,328.4251,-28.6718,7.14,0,,,,,3,6.9,ok
TIC 375092128,88.7517,-50.9886,7.14,0,,,,,16,18.7,ok
TIC 394137592,4.4472,-66.359,7.14,1,11.5367,45.9,rejete,variabilite_continue;eclipse_secondaire,5,14.0,ok
TIC 253928127,338.38,-35.4452,7.14,0,,,,,4,8.4,ok
TIC 55661424,74.2773,-65.0157,7.15,0,,,,,20,18.8,ok
TIC 79183127,317.4303,-50.9107,7.15,0,,,,,5,10.6,ok
TIC 349764112,112.8502,-64.372,7.16,0,,,,,42,18.8,ok
TIC 364399376,119.761,-61.5834,7.16,0,,80.0,rejete,variabilite_continue;eclipse_secondaire;compagnon_trop_gros_6.6Rjup,24,25.1,ok
TIC 31870361,53.1931,-66.7295,7.16,0,,,,,5,10.8,ok
TIC 389047458,332.7152,-63.0995,7.16,0,,,,,7,14.1,ok
TIC 306668068,120.3858,-70.0234,7.16,0,,,,,40,19.2,ok
TIC 219332123,338.578,-54.298,7.16,0,,,,,?,0.5,erreur
TIC 237932348,58.8482,-60.9071,7.16,0,,,,,18,19.8,ok
TIC 177309385,103.3175,-74.7243,7.16,0,,,,,42,20.2,ok
TIC 139191168,345.4445,-44.8411,7.17,0,,,,,5,10.0,ok
TIC 77290248,314.3215,-23.846,7.17,0,,,,,2,4.4,ok
TIC 349679418,112.4869,-61.2498,7.17,0,,,,,38,19.3,ok
TIC 92656030,316.2702,-32.8262,7.17,0,,,,,?,0.6,erreur
TIC 260474813,96.2742,-55.7249,7.18,0,,,,,41,20.3,ok
TIC 389920950,87.7524,-69.9029,7.18,0,,,,,37,19.6,ok
TIC 38602307,64.4179,-63.2544,7.18,0,,,,,13,19.4,ok
TIC 79423914,320.7614,-51.9425,7.18,0,,,,,4,8.5,ok
TIC 166972537,94.5865,-69.1626,7.18,0,,,,,41,19.8,ok
TIC 257735550,30.1249,-62.7622,7.18,0,,,,,?,0.6,erreur
TIC 55497281,71.7183,-60.6028,7.19,0,,,,,43,19.1,ok
TIC 139187460,344.8119,-45.1892,7.19,0,,,,,2,4.7,ok
TIC 220500424,345.818,-55.169,7.19,0,,,,,6,12.8,ok
TIC 159835781,320.194,-38.7812,7.2,0,,,,,4,8.0,ok
TIC 55272404,76.5466,-62.788,7.2,0,,,,,40,19.3,ok
TIC 206586982,334.0303,-23.0093,7.2,0,,,,,2,4.7,ok
TIC 219338374,354.4931,-58.1888,7.2,0,,,,,4,7.8,ok
TIC 212352650,310.4448,-28.7616,7.2,0,,,,,2,4.6,ok
TIC 279649882,49.7905,-65.728,7.2,0,,,,,3,6.7,ok
TIC 270582341,337.7547,-31.0259,7.2,1,1.0018,10.1,rejete,variabilite_continue;eclipse_secondaire,2,13.9,ok
TIC 260655847,98.1441,-55.649,7.2,0,,,,,43,21.7,ok
TIC 234997178,350.673,-61.4252,7.2,0,,,,,1,8.3,ok
TIC 284194255,105.7983,-66.8887,7.21,0,,,,,38,17.7,ok
TIC 393889922,329.259,-26.4798,7.21,0,,,,,3,12.1,ok
TIC 79020743,315.3429,-49.3513,7.21,0,,,,,4,11.8,ok
TIC 273417145,341.5967,-75.4221,7.21,0,,,,,2,12.0,ok
TIC 389659494,321.4248,-46.7225,7.21,0,,,,,1,8.4,ok
TIC 370240932,327.5996,-58.3055,7.21,0,,,,,6,18.2,ok
TIC 139699256,322.4277,-50.3422,7.21,0,,,,,2,7.3,ok
TIC 234548714,17.0179,-61.8717,7.21,0,,,,,4,14.4,ok
TIC 237920961,57.0088,-64.8361,7.21,0,,,,,28,21.6,ok
TIC 265613590,333.1619,-54.2914,7.21,0,,,,,4,12.2,ok
TIC 32050788,56.9203,-69.8888,7.22,0,,,,,9,23.8,ok
TIC 369715812,34.8569,-61.9373,7.22,0,,,,,8,18.8,ok
TIC 278523703,332.3952,-41.2253,7.22,0,,,,,3,13.6,ok
TIC 29832209,66.4431,-69.9936,7.22,0,,,,,42,31.2,ok
TIC 29389596,313.4825,-26.3204,7.22,0,,,,,1,11.0,ok
TIC 425884396,359.5563,-57.1967,7.22,0,,,,,4,19.5,ok
TIC 231839456,25.1009,-60.9991,7.23,0,,,,,8,18.8,ok
TIC 150143137,92.7206,-61.4997,7.24,0,,,,,38,25.8,ok
TIC 53724460,326.3902,-28.7249,7.24,0,,,,,2,12.2,ok
TIC 267193828,51.9557,-84.7152,7.24,0,,,,,3,11.9,ok
TIC 139199620,345.8689,-43.0791,7.25,0,,,,,5,16.0,ok
TIC 237933846,58.9577,-65.1863,7.25,0,,,,,34,27.8,ok
TIC 372908110,98.0405,-65.3152,7.25,0,,,,,38,28.7,ok
TIC 231848236,26.6633,-61.3911,7.25,1,1.463,22.2,rejete,variabilite_continue;eclipse_secondaire,8,27.4,ok
TIC 441117607,324.6314,-27.894,7.25,0,,,,,3,15.1,ok
TIC 278564554,333.0095,-38.303,7.25,0,,,,,2,13.3,ok
TIC 441200937,335.8124,-25.8428,7.25,0,,,,,2,11.0,ok
TIC 317057430,336.8808,-77.7184,7.25,0,,,,,6,20.6,ok
TIC 348772511,47.4739,-83.5314,7.25,0,,42.7,rejete,variabilite_continue;eclipse_secondaire;compagnon_trop_gros_3.2Rjup,6,22.7,ok
TIC 167303815,97.9624,-68.12,7.25,0,,,,,20,22.0,ok
TIC 261463435,335.0119,-66.8863,7.26,0,,,,,3,11.5,ok
TIC 327597288,326.6583,-67.5965,7.26,0,,,,,1,6.8,ok
TIC 469981586,342.5202,-66.0505,7.26,0,,,,,9,21.1,ok
TIC 149120726,80.9415,-62.5821,7.26,0,,,,,40,20.0,ok
TIC 262818224,348.7926,-56.7287,7.27,0,,,,,4,19.0,ok
TIC 300443794,111.6605,-69.5762,7.27,0,,,,,44,29.0,ok
TIC 211356362,320.779,-30.8115,7.27,0,,,,,2,14.0,ok
TIC 425866529,320.7161,-57.7678,7.27,0,,,,,2,17.4,ok
TIC 38698692,66.2874,-64.0784,7.28,0,,,,,38,21.0,ok
TIC 260266502,94.0636,-59.2203,7.28,0,,,,,38,21.0,ok
TIC 150064391,91.4244,-61.7485,7.28,0,,,,,37,23.7,ok
TIC 273651895,338.8141,-78.6142,7.28,0,,,,,6,18.2,ok
TIC 394586557,340.9273,-60.7243,7.28,0,,,,,3,9.3,ok
TIC 391901095,115.8334,-70.0647,7.29,0,,,,,42,20.3,ok
TIC 70440127,339.5095,-33.4705,7.29,0,,,,,2,8.2,ok
TIC 389506883,86.1285,-70.1372,7.29,0,,,,,42,20.0,ok
TIC 197683308,329.013,-39.3094,7.29,0,,,,,4,11.3,ok
TIC 302966630,61.6841,-80.7374,7.29,0,,,,,11,21.4,ok
TIC 79395729,319.9525,-50.2753,7.3,0,,,,,2,9.7,ok
TIC 358049328,34.1846,-63.3921,7.3,0,,,,,8,16.3,ok
TIC 273570263,356.7773,-73.0992,7.3,0,,,,,7,15.7,ok
TIC 201253941,1.3406,-56.9558,7.3,0,,,,,7,14.8,ok
TIC 355096765,314.5954,-40.9937,7.3,0,,,,,2,7.4,ok
TIC 139200569,345.7991,-47.2557,7.3,0,,,,,6,13.8,ok
TIC 403266307,330.9279,-60.4374,7.3,0,,,,,8,15.6,ok
TIC 231865506,5.7685,-65.1214,7.3,0,,,,,3,10.9,ok
TIC 167119619,96.0085,-70.1867,7.3,0,,,,,38,22.9,ok
TIC 280053409,46.1521,-77.1664,7.31,0,,,,,14,20.9,ok
TIC 231864288,5.6431,-61.0348,7.31,0,,,,,5,10.0,ok
TIC 403285071,332.0696,-63.5052,7.31,0,,,,,5,11.2,ok
TIC 238870817,38.2742,-72.4436,7.31,0,,,,,11,19.6,ok
TIC 316830331,323.9186,-59.6933,7.31,0,,,,,4,11.1,ok
TIC 253923637,337.8781,-32.3546,7.31,0,,,,,3,8.0,ok
TIC 152962952,338.8952,-38.7244,7.31,0,,,,,4,10.4,ok
TIC 52121796,17.6981,-66.1888,7.31,0,,,,,8,19.1,ok
TIC 231716612,352.8365,-58.2098,7.31,0,,,,,4,7.1,ok
TIC 410446733,118.0304,-64.2941,7.31,0,,,,,12,16.6,ok
TIC 197647472,328.8137,-38.9953,7.31,0,,,,,2,3.9,ok
TIC 234288479,335.9812,-65.3539,7.31,0,,,,,3,5.7,ok
TIC 139917188,327.2428,-51.3664,7.32,0,,,,,3,5.6,ok
TIC 141127435,80.6868,-72.3383,7.32,1,3.2381,31.2,rejete,variabilite_continue;eclipse_secondaire,29,21.6,ok
TIC 150356406,96.0732,-65.676,7.32,0,,,,,10,17.2,ok
TIC 271890182,112.801,-74.6909,7.32,0,,,,,14,16.6,ok
TIC 238190023,55.8527,-74.0086,7.32,0,,,,,8,14.6,ok
TIC 290750058,84.4149,-53.5353,7.32,0,,,,,7,11.9,ok
TIC 63280198,337.1763,-33.7705,7.33,0,,,,,3,6.3,ok
TIC 382625142,118.4208,-63.6465,7.33,0,,,,,37,17.4,ok
TIC 277774506,343.7674,-69.1044,7.33,0,,,,,?,263.1,timeout
TIC 206615548,22.6936,-59.6595,7.33,0,,,,,8,15.0,ok
TIC 115105140,316.4954,-36.2595,7.34,0,,,,,3,6.4,ok
TIC 161135421,338.5805,-50.8037,7.34,0,,,,,2,4.2,ok
TIC 235011055,352.8286,-64.3715,7.34,0,,,,,3,7.7,ok
TIC 220567625,46.2088,-65.1845,7.34,1,4.8567,20.9,rejete,variabilite_continue;eclipse_secondaire,9,21.0,ok
TIC 453095415,114.1497,-67.6137,7.34,0,,,,,42,18.7,ok
TIC 140689653,73.0152,-72.9948,7.34,0,,,,,41,18.0,ok
TIC 92254406,313.0764,-31.3965,7.34,0,,,,,3,6.0,ok
TIC 55383814,77.4057,-63.7769,7.35,0,,,,,39,17.7,ok
TIC 267046689,5.0694,-77.2225,7.35,0,,,,,6,11.0,ok
TIC 60112433,333.4713,-34.7598,7.35,0,,,,,2,4.0,ok
TIC 260078030,91.8942,-55.7056,7.35,0,,,,,43,17.1,ok
TIC 279675528,50.3508,-61.4884,7.35,0,,,,,12,17.5,ok
TIC 469936356,355.5544,-53.4233,7.35,0,,,,,7,12.4,ok
TIC 139148616,344.4935,-45.1585,7.36,0,,,,,2,4.6,ok
TIC 403289680,332.8184,-60.5481,7.36,0,,,,,3,5.7,ok
TIC 403224672,338.9835,-59.8649,7.36,0,,23.8,rejete,variabilite_continue,7,15.6,ok
TIC 382198917,81.518,-58.5615,7.36,0,,,,,21,17.7,ok
TIC 273398705,341.086,-74.8208,7.36,0,,,,,8,14.7,ok
TIC 381949148,76.4471,-57.5532,7.36,0,,,,,44,17.5,ok
TIC 237324767,345.5671,-64.2982,7.37,0,,,,,6,10.6,ok
TIC 177286026,102.7822,-77.674,7.37,0,,,,,19,16.9,ok
TIC 302751922,322.9163,-25.3012,7.37,0,,,,,5,9.0,ok
TIC 62221758,336.1616,-33.2699,7.37,0,,,,,4,7.3,ok
TIC 349828641,113.5298,-60.2432,7.37,0,,,,,32,18.6,ok
TIC 267041899,353.3764,-57.0536,7.37,0,,,,,2,4.9,ok
TIC 201175419,357.6445,-51.706,7.37,0,,,,,4,7.1,ok
TIC 407621805,71.0236,-76.305,7.37,0,,,,,43,17.8,ok
TIC 115108199,316.6539,-41.3848,7.38,0,,,,,4,8.1,ok
TIC 265589229,331.1438,-56.2999,7.38,0,,,,,2,4.3,ok
TIC 375063320,100.3749,-65.469,7.38,0,,,,,38,17.1,ok
TIC 139188326,345.0119,-46.4923,7.38,0,,,,,2,4.7,ok
TIC 183494752,19.7599,-77.0306,7.38,0,,,,,8,15.2,ok
TIC 300242735,109.8745,-70.2087,7.38,0,,,,,41,17.6,ok
TIC 99734092,322.0511,-21.7276,7.38,0,,,,,3,6.2,ok
TIC 289839102,317.4648,-24.4006,7.39,0,,,,,3,6.5,ok
TIC 206554876,333.5279,-21.4114,7.39,0,,,,,1,2.5,ok
TIC 201235046,359.8844,-52.8436,7.39,0,,,,,8,13.6,ok
TIC 262826499,349.0414,-59.7808,7.39,0,,,,,5,8.6,ok
TIC 161401705,345.4247,-51.4688,7.4,0,,,,,4,7.2,ok
TIC 29755993,315.9511,-24.3224,7.4,0,,,,,2,3.9,ok
TIC 38703606,5.3897,-66.3047,7.4,0,,,,,2,4.1,ok
TIC 441398770,310.4645,-32.4373,7.4,0,,,,,3,5.6,ok
TIC 139825582,324.9202,-51.5727,7.4,0,,,,,3,5.5,ok
TIC 266923465,1.858,-77.4943,7.4,0,,,,,1,2.3,ok
TIC 314829324,52.5332,-74.5939,7.4,0,,,,,5,9.2,ok
TIC 278536554,332.7574,-39.5481,7.4,0,,,,,4,7.2,ok
TIC 277941465,355.8856,-74.2148,7.4,0,,,,,4,7.3,ok
TIC 234508705,12.6023,-64.0677,7.41,0,,,,,8,13.7,ok
TIC 52366167,23.376,-70.8679,7.41,0,,,,,8,13.8,ok
TIC 150299167,95.2299,-62.3542,7.41,0,,,,,12,16.9,ok
TIC 50492150,37.521,-75.7844,7.41,0,,,,,6,11.0,ok
TIC 88246882,332.9209,-44.7492,7.41,0,,,,,2,3.8,ok
TIC 89041197,338.6991,-45.7844,7.41,0,,,,,2,4.1,ok
TIC 147114002,321.6488,-44.8467,7.42,0,,,,,4,7.1,ok
TIC 197761293,326.6498,-57.7081,7.42,0,,,,,1,2.5,ok
TIC 212319204,309.7615,-28.4253,7.42,0,,,,,4,7.3,ok
TIC 441183550,333.7952,-25.9669,7.42,0,,,,,1,2.2,ok
TIC 272322827,119.0377,-71.9852,7.42,0,,,,,41,16.8,ok
TIC 270035511,311.6322,-24.9145,7.42,0,,,,,1,2.3,ok
TIC 220432921,73.4017,-57.3322,7.42,0,,,,,40,17.2,ok
TIC 320952706,324.8381,-37.1414,7.42,0,,,,,4,7.0,ok
TIC 238229227,59.3025,-76.5106,7.42,0,,,,,30,17.6,ok
TIC 355767583,4.4221,-60.7993,7.42,0,,,,,5,8.8,ok
TIC 279056282,102.5102,-55.9036,7.43,0,,,,,26,16.9,ok
TIC 273396009,340.6499,-73.2438,7.43,0,,,,,8,13.9,ok
TIC 287273024,109.413,-59.262,7.43,0,,,,,31,17.0,ok
TIC 263003176,12.5478,-83.7438,7.43,0,,,,,9,15.8,ok
TIC 421873120,338.7933,-72.551,7.43,0,,,,,8,13.8,ok
TIC 161172358,339.6909,-53.7315,7.43,0,,,,,2,3.9,ok
TIC 207076528,320.0911,-40.4658,7.43,0,,,,,2,4.1,ok
TIC 270067012,311.8192,-27.6985,7.44,0,,,,,2,4.2,ok
TIC 270500463,324.1992,-30.7248,7.44,0,,,,,4,7.1,ok
TIC 29583588,314.8786,-27.0255,7.44,0,,,,,4,7.2,ok
TIC 231709033,351.7136,-59.6448,7.44,0,,,,,2,4.0,ok
TIC 407584737,352.7744,-74.1344,7.45,0,,,,,6,10.9,ok
TIC 149631289,87.5775,-62.0804,7.45,0,,,,,34,17.1,ok
TIC 267083739,0.1673,-69.6763,7.45,0,,,,,7,12.2,ok
TIC 369706069,32.4743,-62.2662,7.45,0,,,,,5,8.7,ok
TIC 92562585,315.2702,-34.9646,7.45,0,,,,,1,2.5,ok
TIC 32176648,331.9255,-28.061,7.45,0,,,,,1,2.3,ok
TIC 273792220,30.5511,-62.5917,7.45,0,,,,,7,12.5,ok
TIC 149390710,83.9068,-62.0525,7.45,0,,,,,42,17.1,ok
TIC 375093089,88.6931,-53.5754,7.45,0,,,,,7,12.1,ok
TIC 339578652,359.3675,-58.9645,7.45,0,,,,,3,5.4,ok
TIC 441199214,335.6995,-29.62,7.46,0,,,,,1,2.5,ok
TIC 219194201,92.2023,-52.1352,7.46,0,,,,,18,17.9,ok
TIC 238189546,55.9272,-72.609,7.46,0,,,,,2,4.3,ok
TIC 389020089,339.2629,-59.5589,7.46,0,,,,,4,7.1,ok
TIC 231912157,7.0841,-64.7297,7.46,0,,,,,2,4.1,ok
TIC 220457967,74.4919,-57.9675,7.46,0,,,,,21,16.7,ok
TIC 306773428,121.1306,-67.208,7.46,0,,21.7,rejete,variabilite_continue;eclipse_secondaire,29,22.0,ok
TIC 425936552,4.9555,-60.9121,7.46,0,,,,,7,12.4,ok
TIC 234306483,34.8919,-67.7001,7.46,0,,,,,8,14.3,ok
TIC 55500825,71.8138,-62.8292,7.46,0,,,,,42,17.1,ok
TIC 394005654,329.2616,-59.4755,7.46,0,,,,,3,5.5,ok
TIC 234514305,13.6668,-65.4603,7.46,0,,,,,8,13.7,ok
TIC 355366989,349.2428,-51.32,7.46,0,,,,,1,2.4,ok
TIC 441106197,323.8236,-25.318,7.47,0,,,,,2,4.0,ok
TIC 52121469,17.6007,-67.442,7.47,0,,,,,8,14.3,ok
TIC 350519062,86.0838,-56.916,7.47,0,,,,,21,16.8,ok
TIC 149161075,81.6728,-64.3242,7.47,0,,,,,12,16.9,ok
TIC 421893750,339.4352,-73.4326,7.47,0,,,,,6,10.6,ok
TIC 159834108,319.8712,-41.0528,7.48,0,,,,,2,3.9,ok
TIC 364423010,119.6145,-65.0053,7.48,0,,,,,34,17.6,ok
TIC 206490223,331.9632,-21.5932,7.48,0,,,,,2,4.0,ok
TIC 327857282,1.2456,-70.2129,7.48,0,,,,,7,12.2,ok
TIC 89426339,322.9563,-31.5477,7.48,0,,,,,3,5.7,ok
TIC 167303382,97.9856,-68.7123,7.48,0,,,,,40,16.8,ok
TIC 144069014,337.7456,-48.3159,7.48,0,,,,,1,2.4,ok
TIC 294981037,72.2406,-67.7141,7.48,0,,,,,31,17.0,ok
TIC 277295979,84.4933,-69.9566,7.48,0,,,,,35,17.1,ok
TIC 261562268,349.6118,-74.5164,7.49,0,,,,,6,10.7,ok
TIC 197648687,329.0877,-36.8143,7.49,0,,,,,2,4.0,ok
TIC 150431791,97.3282,-61.0055,7.49,0,,,,,43,16.8,ok
TIC 32176064,331.7233,-29.6135,7.49,0,,,,,4,7.5,ok
TIC 441398530,310.5239,-32.0468,7.49,0,,,,,4,9.1,ok
TIC 229057855,332.1086,-32.9469,7.49,0,,,,,2,5.5,ok
TIC 24265684,318.3628,-22.5463,7.49,0,,,,,2,7.7,ok
TIC 147086494,321.4615,-43.7784,7.5,0,,,,,3,9.0,ok
TIC 279255042,331.5137,-44.537,7.5,0,,,,,2,8.7,ok
TIC 469970988,1.5707,-64.2404,7.5,0,,,,,2,6.9,ok
TIC 382507922,117.1983,-61.1623,7.5,0,,,,,31,22.6,ok
TIC 350222188,355.9181,-63.9614,7.5,0,,,,,3,11.4,ok
TIC 152283270,329.2315,-35.3597,7.5,1,12.4823,14.1,rejete,variabilite_continue,3,12.0,ok
TIC 290605911,6.7151,-83.139,7.5,0,,,,,9,20.0,ok
TIC 293936044,106.628,-57.7784,7.5,0,,17.8,rejete,variabilite_continue;eclipse_secondaire,21,32.0,ok
TIC 197979974,325.9529,-53.9772,7.5,0,,,,,6,14.3,ok
TIC 89433321,323.4126,-34.9472,7.5,0,,,,,2,7.9,ok
TIC 147339266,326.1866,-42.1295,7.5,0,,,,,4,10.7,ok
TIC 300139852,108.7349,-68.0718,7.5,0,,,,,41,21.0,ok
TIC 38634217,65.0794,-63.1738,7.5,1,1.7211,20.3,rejete,variabilite_continue;eclipse_secondaire,43,25.1,ok
TIC 293526000,351.7793,-72.8817,7.5,0,,,,,6,11.1,ok
TIC 182078289,14.8909,-75.8147,7.51,0,,,,,8,14.2,ok
TIC 31509222,89.3098,-69.4775,7.51,0,,,,,35,17.9,ok
TIC 278611926,333.3502,-37.4842,7.51,0,,,,,2,4.0,ok
TIC 139757119,323.7076,-49.7936,7.51,0,,,,,5,8.8,ok
TIC 29719050,315.6313,-24.8753,7.51,0,,,,,3,5.5,ok
TIC 277649549,329.0412,-60.2295,7.51,0,,,,,10,17.0,ok
TIC 381853243,321.947,-59.3637,7.51,0,,,,,1,2.4,ok
TIC 370228164,85.5667,-75.8307,7.51,0,,,,,33,17.2,ok
TIC 29755072,315.8244,-25.0742,7.52,0,,,,,1,2.2,ok
TIC 304033639,25.2473,-76.2429,7.52,0,,,,,6,10.9,ok
TIC 265566844,330.4162,-54.1573,7.52,0,,,,,3,5.5,ok
TIC 441453170,311.8202,-35.1545,7.52,0,,,,,4,7.3,ok
TIC 88328948,333.5883,-42.3187,7.52,0,,,,,2,4.3,ok
TIC 144444082,335.8308,-45.3155,7.52,0,,,,,2,4.1,ok
TIC 280051640,45.7144,-72.4566,7.53,0,,,,,15,17.5,ok
TIC 327724630,331.5956,-68.7416,7.53,0,,,,,2,4.1,ok
TIC 280803137,359.7166,-61.5869,7.53,0,,,,,4,7.1,ok
TIC 177258735,102.2211,-73.2993,7.53,0,,,,,41,17.2,ok
TIC 389726435,329.6574,-45.7433,7.53,0,,,,,2,4.3,ok
TIC 441117027,324.6012,-29.6404,7.53,0,,,,,1,2.3,ok
TIC 141808675,92.6773,-73.0129,7.53,0,,,,,14,17.1,ok
TIC 61179783,335.0174,-33.6878,7.53,0,,,,,2,3.9,ok
TIC 211412634,321.9168,-31.7955,7.53,0,,,,,3,5.4,ok
TIC 182729795,16.3266,-72.5546,7.54,0,,,,,8,14.3,ok
TIC 348717439,45.0598,-81.0882,7.54,0,,,,,9,15.9,ok
TIC 141943941,95.3335,-75.128,7.54,0,,,,,41,17.1,ok
TIC 152808277,343.6334,-41.8285,7.54,0,,,,,3,5.7,ok
TIC 269833435,310.1472,-27.5866,7.54,0,,,,,2,4.0,ok
TIC 149101226,80.2533,-64.3319,7.54,0,,,,,40,17.9,ok
TIC 219316126,320.1615,-57.8487,7.54,0,,,,,4,7.5,ok
TIC 79271642,318.365,-49.7945,7.54,0,,,,,6,10.4,ok
TIC 33910267,66.2181,-77.6851,7.54,0,,,,,30,17.8,ok
TIC 139700906,322.5211,-52.1352,7.55,0,,,,,1,3.6,ok
TIC 265610638,333.2742,-59.6917,7.55,0,,,,,6,10.4,ok
TIC 235006936,352.368,-60.7486,7.55,0,,,,,2,4.0,ok
TIC 270677372,87.8698,-53.6559,7.56,0,,,,,22,16.9,ok
TIC 204584365,327.9935,-30.3164,7.56,0,,,,,2,4.0,ok
TIC 260269822,94.2694,-55.4147,7.56,0,,,,,11,17.4,ok
TIC 52121848,17.65,-65.9216,7.56,0,,,,,8,13.7,ok
TIC 139825198,324.96,-50.492,7.56,0,,,,,1,2.3,ok
TIC 441114676,324.3919,-24.4528,7.56,0,,,,,4,7.1,ok
TIC 350622733,87.5408,-55.6145,7.56,0,,,,,12,16.6,ok
TIC 237339895,348.0703,-61.333,7.56,0,,,,,4,7.3,ok
TIC 147406068,326.9813,-44.9953,7.56,0,,,,,1,2.3,ok
TIC 140578304,67.9836,-75.6815,7.56,0,,,,,43,16.7,ok
TIC 152272780,328.9994,-30.9233,7.56,0,,,,,2,3.8,ok
TIC 31746672,49.4342,-68.1597,7.56,0,,,,,15,17.4,ok
TIC 304134062,28.4139,-72.2517,7.57,0,,,,,2,4.2,ok
TIC 238810124,326.7756,-62.2157,7.57,0,,,,,3,5.8,ok
TIC 53753284,326.5541,-24.8173,7.57,0,,,,,1,2.3,ok
TIC 403220708,338.4023,-58.2141,7.57,0,,,,,2,4.0,ok
TIC 260043481,91.5124,-59.547,7.57,0,,,,,43,17.5,ok
TIC 327595236,326.4343,-69.3638,7.57,0,,,,,3,6.1,ok
TIC 293271232,98.6953,-63.2622,7.57,0,,,,,30,17.2,ok
TIC 355706675,1.2916,-62.8452,7.58,0,,,,,9,15.3,ok
TIC 38422739,60.2082,-64.4219,7.58,0,,,,,10,18.0,ok
TIC 260656168,98.2006,-55.0801,7.58,0,,,,,37,17.2,ok
TIC 55293744,76.6602,-63.1487,7.58,0,,,,,31,17.4,ok
TIC 370236914,105.2382,-72.5605,7.58,0,,,,,44,17.4,ok
TIC 294780563,71.2831,-68.0208,7.58,0,,,,,41,16.8,ok
TIC 260160453,92.7082,-59.8,7.58,0,,103.2,rejete,variabilite_continue;eclipse_secondaire,39,21.8,ok
TIC 33861444,64.753,-75.718,7.58,0,,,,,42,17.6,ok
TIC 235002901,351.6153,-63.2368,7.58,0,,,,,4,7.4,ok
TIC 394242686,25.4097,-80.0522,7.59,0,,,,,2,4.2,ok
TIC 325093686,327.7345,-68.4894,7.59,0,,,,,4,7.5,ok
TIC 31104764,76.4957,-68.4164,7.59,0,,,,,41,16.9,ok
TIC 25356194,328.4439,-20.0064,7.59,0,,,,,2,4.1,ok
TIC 38583375,63.5916,-64.9681,7.59,0,,,,,36,17.0,ok
TIC 349973705,114.5654,-63.5739,7.59,0,,,,,34,18.7,ok
TIC 220504623,346.3633,-58.8992,7.59,0,,,,,4,7.7,ok
TIC 260795850,347.4162,-66.4718,7.59,0,,,,,4,7.2,ok
TIC 220501097,345.9976,-55.698,7.59,0,,,,,4,7.5,ok
TIC 51938503,15.0418,-70.1767,7.6,0,,,,,4,7.2,ok
TIC 167304218,97.8141,-67.5808,7.6,0,,14.5,rejete,variabilite_continue;eclipse_secondaire,12,24.7,ok
TIC 280793604,359.401,-65.7757,7.6,0,,,,,4,7.6,ok
TIC 220573558,47.3475,-64.8547,7.6,0,,,,,8,14.0,ok
TIC 219323877,331.4035,-58.961,7.61,0,,,,,5,8.8,ok
TIC 214992249,342.4417,-37.8557,7.61,0,,,,,5,8.8,ok
TIC 99837626,323.0964,-20.9581,7.61,0,,,,,3,5.6,ok
TIC 299754439,341.7789,-60.076,7.61,0,,,,,1,2.4,ok
TIC 220521199,42.0039,-62.9646,7.61,0,,,,,6,10.5,ok
TIC 441423288,311.4035,-35.3753,7.61,0,,,,,3,5.6,ok
TIC 267182905,5.8178,-76.7241,7.61,0,,,,,5,9.1,ok
TIC 271576444,105.8808,-77.9431,7.61,0,,,,,32,16.8,ok
TIC 279157426,103.0539,-56.509,7.62,0,,,,,40,17.5,ok
TIC 441203726,336.0278,-26.3734,7.62,0,,,,,2,3.8,ok
TIC 278615769,333.697,-36.5555,7.62,0,,,,,2,4.0,ok
TIC 55741018,74.5901,-63.2137,7.62,0,,,,,43,16.9,ok
TIC 143858644,332.0729,-50.1053,7.62,0,,,,,1,2.4,ok
TIC 279314081,331.6957,-45.3938,7.62,0,,,,,4,7.3,ok
TIC 278705352,334.677,-39.5537,7.62,0,,,,,2,4.0,ok
TIC 369966028,5.2302,-65.1137,7.62,0,,,,,6,10.6,ok
TIC 139327615,348.8653,-43.6053,7.62,0,,,,,4,7.3,ok
TIC 159745622,319.1586,-36.1734,7.63,0,,,,,2,4.2,ok
TIC 141626634,89.725,-75.1586,7.63,0,,,,,32,16.9,ok
TIC 349059448,107.544,-64.459,7.63,0,,,,,12,16.5,ok
TIC 262885659,53.6388,-64.7092,7.63,0,,,,,5,9.2,ok
TIC 55451918,70.5878,-63.2154,7.63,0,,,,,31,17.1,ok
TIC 269792989,67.7909,-78.6328,7.63,0,,,,,13,17.3,ok
TIC 219155856,90.145,-51.4681,7.63,0,,,,,11,17.3,ok
TIC 177174590,105.1882,-71.396,7.63,0,,,,,41,17.0,ok
TIC 44626145,341.5188,-45.8418,7.63,0,,,,,2,3.8,ok
TIC 238194217,56.6547,-74.5076,7.63,0,,,,,12,17.2,ok
TIC 197594519,327.0009,-40.2579,7.64,0,,,,,4,7.3,ok
TIC 237318706,344.5955,-65.3717,7.64,0,,,,,1,2.3,ok
TIC 117518557,340.2132,-45.2046,7.64,0,,,,,2,4.0,ok
TIC 266642859,320.0691,-30.8426,7.64,0,,,,,2,3.9,ok
TIC 306637962,119.8407,-66.1616,7.64,0,,,,,16,21.0,ok
TIC 270627594,87.2348,-53.462,7.64,0,,,,,26,16.9,ok
TIC 269884915,310.7602,-28.7702,7.65,0,,,,,3,5.5,ok
TIC 165109941,323.0478,-40.1991,7.65,0,,,,,3,5.7,ok
TIC 314828080,52.772,-72.3738,7.65,0,,,,,11,17.7,ok
TIC 389127784,337.7082,-67.3035,7.65,0,,,,,3,6.2,ok
TIC 139201113,346.0253,-46.0011,7.65,0,,,,,3,5.6,ok
TIC 372913684,119.5121,-60.6147,7.65,0,,,,,22,16.7,ok
TIC 79396290,320.0368,-48.8143,7.65,0,,,,,2,4.2,ok
TIC 53952985,328.9254,-29.7071,7.65,0,,,,,3,5.6,ok
TIC 206464379,331.0414,-21.7799,7.65,0,,,,,2,4.1,ok
TIC 219183080,92.0565,-53.2824,7.65,0,,,,,26,17.0,ok
TIC 394585454,340.8716,-64.8121,7.65,0,,,,,7,12.0,ok
TIC 197617029,328.181,-36.0001,7.65,0,,,,,2,4.0,ok
TIC 441081454,323.5387,-27.9015,7.65,0,,,,,4,7.3,ok
TIC 389522289,313.1567,-38.9064,7.66,0,,,,,1,2.4,ok
TIC 234996217,350.6064,-65.2617,7.66,0,,,,,3,5.5,ok
TIC 39018622,12.1467,-67.5318,7.66,0,,,,,6,11.1,ok
TIC 139120863,320.0213,-42.6788,7.66,0,,,,,4,7.1,ok
TIC 369683383,18.5141,-61.0095,7.66,0,,,,,6,10.7,ok
TIC 405457933,11.6305,-84.014,7.66,0,,,,,3,9.4,ok
TIC 179213914,79.5137,-68.4657,7.66,0,,,,,12,17.0,ok
TIC 325341243,337.6033,-76.6835,7.66,0,,,,,3,6.1,ok
TIC 270300001,330.9719,-24.8464,7.66,0,,,,,1,2.4,ok
TIC 238179321,358.4574,-70.6791,7.66,0,,,,,5,8.7,ok
TIC 453079732,113.6406,-70.3818,7.66,0,,,,,41,17.2,ok
TIC 425940518,8.7723,-63.6979,7.66,0,,,,,8,13.8,ok
TIC 141865875,93.8021,-77.0522,7.67,0,,37.5,rejete,variabilite_continue;eclipse_secondaire,45,22.4,ok
TIC 410073292,326.9252,-66.8057,7.67,0,,,,,1,2.6,ok
TIC 381925156,76.3284,-56.7816,7.67,0,,,,,31,16.4,ok
TIC 53753906,326.7482,-25.0739,7.67,0,,,,,3,5.8,ok
TIC 142083629,98.2583,-73.7513,7.67,0,,,,,11,16.7,ok
TIC 32053388,57.6531,-66.3442,7.67,0,,,,,24,17.6,ok
TIC 304032067,24.9735,-74.9833,7.67,0,,,,,7,12.4,ok
TIC 235004082,351.8705,-61.1872,7.67,0,,,,,4,7.3,ok
TIC 370232736,325.5679,-57.6129,7.67,0,,,,,6,10.7,ok
TIC 339577583,359.1472,-55.4833,7.67,0,,,,,4,7.2,ok
TIC 260795157,347.5866,-68.8372,7.67,0,,,,,9,15.7,ok
TIC 197950729,346.7373,-52.7804,7.68,0,,,,,1,2.5,ok
TIC 394276911,30.9266,-78.6965,7.68,0,,,,,4,7.3,ok
TIC 220500948,346.0503,-55.0242,7.68,0,,,,,1,2.4,ok
TIC 207079661,320.8923,-37.7287,7.68,0,,,,,1,2.4,ok
TIC 382451092,350.5102,-46.8837,7.68,0,,,,,8,13.7,ok
TIC 270247907,333.5502,-73.4104,7.68,0,,,,,4,7.5,ok
TIC 394136313,4.3935,-69.8784,7.68,0,,,,,8,14.1,ok
TIC 38698083,66.3649,-65.8128,7.68,0,,,,,42,17.4,ok
TIC 140894354,76.4888,-73.5933,7.68,0,,,,,41,17.4,ok
TIC 38807028,6.705,-67.7214,7.68,0,,,,,4,7.4,ok
TIC 38602419,64.3215,-63.0966,7.68,0,,,,,42,16.8,ok
TIC 284073126,342.6988,-65.7138,7.69,0,,,,,1,2.4,ok
TIC 278730120,99.6107,-58.3378,7.69,0,,,,,43,18.1,ok
TIC 279647684,49.4193,-63.0775,7.69,0,,,,,10,17.1,ok
TIC 425907418,2.5102,-63.297,7.69,0,,,,,4,7.5,ok
TIC 41364284,92.8391,-69.7599,7.69,0,,,,,28,17.5,ok
TIC 38587180,64.1641,-64.3154,7.69,0,,41.9,rejete,variabilite_continue;eclipse_secondaire,32,22.1,ok
TIC 141268467,82.514,-76.2487,7.69,0,,,,,40,19.0,ok
TIC 370137704,46.9091,-72.3219,7.69,0,,,,,15,17.2,ok
TIC 234991587,349.7715,-60.5209,7.69,0,,,,,4,7.7,ok
TIC 364323133,87.8791,-63.5312,7.69,0,,,,,26,17.1,ok
TIC 231695199,323.248,-59.7002,7.7,0,,,,,1,2.4,ok
TIC 126946438,318.7643,-44.5362,7.7,0,,,,,2,4.1,ok
TIC 167167306,96.8459,-68.274,7.7,0,,,,,11,17.1,ok
TIC 38963368,11.1313,-71.1686,7.7,0,,,,,3,5.7,ok
TIC 231825363,22.6489,-65.1173,7.7,0,,,,,4,7.7,ok
TIC 231668630,319.9022,-54.559,7.7,0,,,,,2,4.1,ok
TIC 293347978,98.9783,-64.8808,7.7,0,,,,,39,18.4,ok
TIC 262578140,116.3648,-64.1942,7.7,0,,,,,21,17.1,ok
TIC 33910266,66.2308,-77.684,7.71,0,,,,,30,17.2,ok
TIC 375064476,100.3168,-64.3597,7.71,0,,,,,31,17.4,ok
TIC 231831964,23.9353,-60.9665,7.71,0,,,,,2,4.1,ok
TIC 391887389,82.6906,-70.9188,7.71,0,,,,,28,17.1,ok
TIC 374912345,89.0304,-61.447,7.71,0,,,,,42,16.9,ok
TIC 469849622,314.5369,-48.2052,7.71,0,,,,,5,8.8,ok
TIC 265568587,330.5366,-59.2086,7.71,0,,,,,2,4.2,ok
TIC 38699545,66.3034,-61.6216,7.72,0,,,,,43,17.4,ok
TIC 97432834,333.079,-32.0621,7.72,0,,,,,2,3.9,ok
TIC 402046482,352.2851,-51.0195,7.72,0,,,,,2,4.2,ok
TIC 382473334,0.0092,-51.8935,7.72,0,,,,,4,7.2,ok
TIC 234334438,36.3734,-67.7687,7.72,0,,,,,2,4.4,ok
TIC 140051677,330.0318,-52.3033,7.72,0,,,,,4,7.1,ok
TIC 204452012,326.1676,-35.6163,7.72,0,,,,,4,7.3,ok
TIC 382582811,36.2056,-61.4604,7.72,0,,,,,5,9.3,ok
TIC 32033224,56.0774,-66.6963,7.72,0,,,,,27,17.0,ok
TIC 265609592,332.1796,-56.4362,7.72,0,,,,,1,2.4,ok
TIC 370230471,321.7498,-56.1246,7.72,0,,,,,5,8.9,ok
TIC 392756613,327.2798,-72.1039,7.73,0,,,,,5,9.0,ok
TIC 262815737,348.2778,-55.1066,7.73,0,,,,,3,5.6,ok
TIC 24704862,25.3155,-67.6793,7.73,0,,,,,7,12.3,ok
TIC 161313535,343.1587,-52.2256,7.73,0,,,,,1,2.3,ok
TIC 265466558,320.9681,-64.4049,7.73,0,,,,,2,4.0,ok
TIC 284196481,105.7926,-70.5417,7.74,0,,,,,22,17.0,ok
TIC 121490734,343.5682,-45.8889,7.74,0,,,,,4,7.2,ok
TIC 267183222,6.0558,-75.6799,7.74,0,,,,,3,5.6,ok
TIC 139994847,328.554,-53.125,7.74,0,,,,,5,8.8,ok
TIC 350559515,86.5961,-55.9368,7.74,0,,,,,19,17.1,ok
TIC 308850625,122.6919,-62.8956,7.74,0,,,,,12,18.0,ok
TIC 231867122,6.2428,-62.2064,7.74,0,,,,,4,7.2,ok
TIC 301795354,322.1718,-25.6441,7.75,0,,,,,1,2.3,ok
TIC 309614870,78.6026,-63.5409,7.75,0,,,,,39,17.9,ok
TIC 89260686,312.6741,-31.2626,7.75,0,,,,,2,4.2,ok
TIC 326394389,320.0006,-29.3491,7.75,0,,,,,2,4.1,ok
TIC 150062447,91.314,-62.2935,7.75,0,,,,,36,16.7,ok
TIC 403284438,332.0579,-61.6409,7.75,0,,,,,3,5.6,ok
TIC 220575230,47.5359,-62.3582,7.75,0,,,,,6,10.3,ok
TIC 238870740,38.248,-72.6864,7.75,0,,,,,11,17.5,ok
TIC 139700730,322.5909,-52.7381,7.75,0,,,,,1,2.4,ok
TIC 201293055,2.8905,-58.9099,7.75,0,,,,,7,11.9,ok
TIC 204543786,327.3035,-35.6392,7.75,0,,,,,3,5.4,ok
TIC 327668334,329.4559,-67.1231,7.75,0,,,,,2,4.0,ok
TIC 32091606,58.7223,-66.4488,7.76,0,,,,,35,17.0,ok
TIC 261205435,87.6757,-79.3001,7.76,0,,,,,30,17.2,ok
TIC 206285533,352.9353,-53.7702,7.76,0,,,,,6,10.9,ok
TIC 382260898,323.6737,-39.5282,7.76,0,,,,,1,2.3,ok
TIC 406243638,325.04,-62.8063,7.76,0,,,,,2,4.1,ok
TIC 232059033,339.2692,-65.8582,7.76,0,,,,,7,12.1,ok
TIC 24292848,318.6375,-22.8782,7.76,0,,,,,3,5.6,ok
TIC 167889402,105.1154,-65.9081,7.76,0,,,,,42,17.4,ok
TIC 53842804,327.6364,-27.3373,7.76,0,,,,,1,2.4,ok
TIC 183799419,20.8599,-76.6119,7.76,0,,,,,8,14.0,ok
TIC 271693199,109.7681,-76.4162,7.76,0,,,,,40,17.2,ok
TIC 139878735,326.2995,-50.447,7.76,0,,,,,5,8.9,ok
TIC 234283544,335.2325,-60.4305,7.76,0,,,,,3,5.5,ok
TIC 293568265,359.2899,-74.3013,7.77,0,,,,,8,14.3,ok
TIC 267060520,353.382,-59.9191,7.77,0,,,,,1,2.5,ok
TIC 410214986,354.9157,-69.1961,7.77,1,2.864,10.1,rejete,variabilite_continue;eclipse_secondaire,10,21.7,ok
TIC 261376796,93.0066,-81.5493,7.77,0,,,,,10,17.5,ok
TIC 29497299,314.4163,-24.4893,7.77,0,,,,,2,4.2,ok
TIC 39082407,13.8429,-68.6279,7.77,0,,,,,2,4.1,ok
TIC 260949184,73.092,-82.4753,7.77,0,,,,,13,17.7,ok
TIC 79110869,316.097,-51.8955,7.77,0,,,,,2,4.3,ok
TIC 126802858,316.9205,-45.769,7.77,0,,,,,3,5.6,ok
TIC 260304277,94.6196,-56.9999,7.78,0,,31.4,rejete,variabilite_continue;eclipse_secondaire,19,21.6,ok
TIC 139700604,322.5639,-53.1493,7.78,0,,,,,3,5.8,ok
TIC 161360551,344.2182,-48.8064,7.78,0,,,,,1,2.3,ok
TIC 261417533,95.2493,-78.4123,7.78,0,,,,,41,17.1,ok
TIC 389447270,312.2579,-36.7812,7.78,0,,,,,2,4.2,ok
TIC 269901428,71.3591,-80.6414,7.78,0,,,,,19,16.8,ok
TIC 317128611,349.0692,-80.5122,7.78,0,,,,,5,8.8,ok
TIC 38760904,67.089,-65.7112,7.78,0,,,,,?,257.4,timeout
TIC 350182638,115.7984,-61.9012,7.78,0,,,,,?,278.2,timeout
TIC 88327071,333.4426,-46.7438,7.79,0,,,,,3,6.1,ok
TIC 92628706,315.7432,-32.5882,7.79,0,,,,,4,7.2,ok
TIC 412064386,0.3221,-68.3713,7.79,0,,,,,7,12.2,ok
TIC 270536278,324.7284,-31.9094,7.79,0,,,,,2,3.9,ok
TIC 238877488,39.5796,-72.8664,7.79,0,,,,,9,15.5,ok
TIC 238870744,38.3494,-72.6718,7.79,0,,,,,11,18.2,ok
TIC 152825519,344.5757,-41.8576,7.79,0,,,,,5,9.0,ok
TIC 260297096,94.4101,-58.5258,7.79,0,,,,,30,17.1,ok
TIC 214428425,339.7616,-37.0427,7.79,0,,,,,2,3.9,ok
TIC 326396542,323.1543,-24.1551,7.79,0,,,,,2,3.9,ok
TIC 219326123,331.4953,-56.4724,7.79,0,,,,,5,8.7,ok
TIC 139370701,67.2684,-69.6122,7.79,0,,,,,34,17.1,ok
TIC 260507598,96.6816,-59.0251,7.79,0,,,,,41,16.9,ok
TIC 165076644,322.4185,-38.3457,7.79,0,,,,,2,4.0,ok
TIC 150187916,93.7145,-62.2836,7.79,0,,,,,39,17.2,ok
TIC 167748771,103.5498,-62.4634,7.79,0,,,,,41,17.2,ok
TIC 219149521,89.6714,-52.7924,7.79,0,,,,,8,14.2,ok
TIC 141609430,88.7251,-75.4584,7.79,0,,,,,40,17.9,ok
TIC 139201076,345.9995,-46.1677,7.8,0,,,,,3,6.0,ok
TIC 201291918,2.677,-54.4002,7.8,0,,,,,2,4.1,ok
TIC 29348570,313.3346,-28.0243,7.8,0,,,,,2,4.0,ok
TIC 350715999,88.3989,-56.6708,7.8,0,,,,,34,16.7,ok
TIC 141545616,88.3911,-75.3439,7.8,0,,,,,40,17.1,ok
TIC 92706840,316.2977,-32.3445,7.8,0,,,,,1,2.3,ok
TIC 389450629,312.3712,-41.7114,7.8,0,,,,,2,4.1,ok
TIC 370010237,46.8569,-68.4524,7.8,0,,,,,8,13.6,ok
TIC 214709500,341.1073,-38.5555,7.8,0,,,,,3,5.7,ok
TIC 270039281,311.6976,-29.3546,7.8,0,,,,,1,2.4,ok
TIC 167797285,104.5429,-60.2961,7.8,0,,,,,41,16.9,ok
TIC 425826751,316.347,-45.2419,7.8,0,,,,,2,3.9,ok
TIC 55649929,73.7934,-63.9589,7.8,0,,,,,40,17.0,ok
TIC 469946168,341.9349,-54.4964,7.8,0,,,,,6,10.5,ok
TIC 159780236,319.6423,-39.255,7.81,0,,,,,3,5.7,ok
TIC 394019417,334.4385,-65.0186,7.81,0,,,,,4,7.1,ok
TIC 259886044,40.8599,-69.3826,7.81,0,,,,,11,17.1,ok
TIC 279314677,331.6047,-42.9734,7.81,0,,,,,2,4.0,ok
TIC 270677079,87.6558,-53.4174,7.81,0,,,,,21,17.1,ok
TIC 139226061,346.5693,-44.5594,7.81,0,,,,,1,2.4,ok
TIC 319258261,60.0574,-62.9017,7.82,0,,,,,20,17.4,ok
TIC 29758639,316.0497,-29.1491,7.82,0,,,,,4,7.1,ok
TIC 306512813,119.0665,-69.6452,7.82,0,,,,,44,17.1,ok
TIC 80056984,330.6105,-35.8352,7.82,0,,,,,1,2.3,ok
TIC 234505253,12.2186,-60.3696,7.82,0,,,,,4,7.2,ok
TIC 364592454,86.1922,-72.663,7.82,0,,,,,30,17.2,ok
TIC 219170912,91.0499,-52.8936,7.82,0,,,,,20,17.0,ok
TIC 406280339,326.2527,-61.8487,7.82,0,,,,,3,5.6,ok
TIC 206470944,331.1068,-20.4122,7.82,0,,,,,2,3.8,ok
TIC 382415393,335.7431,-44.0623,7.82,0,,,,,1,2.4,ok
TIC 391927456,107.6249,-72.3426,7.82,0,,,,,31,17.0,ok
TIC 201251549,0.9163,-57.1645,7.82,0,,,,,6,10.3,ok
TIC 389659651,321.4207,-46.1703,7.83,0,,,,,2,4.0,ok
TIC 355480244,351.8423,-52.3043,7.83,0,,,,,6,10.4,ok
TIC 165062589,322.3305,-38.8276,7.83,0,,,,,3,5.7,ok
TIC 290081384,319.5219,-29.5141,7.83,0,,,,,3,5.7,ok
TIC 147424478,327.5322,-43.4311,7.83,0,,,,,1,2.5,ok
TIC 293480995,50.3574,-82.478,7.83,0,,,,,12,17.1,ok
TIC 204441021,325.5025,-31.2612,7.83,0,,,,,2,4.0,ok
TIC 167009292,94.8428,-66.0609,7.83,0,,,,,34,17.3,ok
TIC 260418789,95.908,-56.109,7.84,0,,,,,40,17.3,ok
TIC 394137288,4.3531,-66.5671,7.84,0,,,,,4,7.3,ok
TIC 167796443,104.3599,-60.8513,7.84,0,,,,,44,17.1,ok
TIC 77433644,315.4283,-23.7995,7.84,0,,,,,3,5.5,ok
TIC 30728476,75.3948,-69.4963,7.84,0,,,,,12,16.6,ok
TIC 431591384,50.3457,-74.5942,7.84,0,,,,,4,7.4,ok
TIC 394005299,329.0841,-59.3511,7.84,0,,,,,4,7.1,ok
TIC 267436524,9.3475,-75.6068,7.84,0,,,,,2,4.1,ok
TIC 143980902,335.6507,-50.813,7.84,0,,,,,4,7.1,ok
TIC 117545811,340.2782,-47.6053,7.84,0,,,,,2,4.0,ok
TIC 91369724,312.6363,-42.4886,7.84,0,,,,,2,4.1,ok
TIC 219150008,89.7246,-53.8013,7.84,0,,,,,22,17.3,ok
TIC 167524563,100.5307,-64.5238,7.84,0,,,,,38,16.8,ok
TIC 319289907,72.0231,-80.779,7.85,0,,,,,18,17.4,ok
TIC 167602961,102.0391,-60.8333,7.85,0,,,,,21,16.9,ok
TIC 149972207,89.9754,-62.8088,7.85,0,,,,,31,17.8,ok
TIC 41032824,90.3312,-70.0125,7.85,0,,28.7,rejete,variabilite_continue;eclipse_secondaire,13,22.2,ok
TIC 55663264,74.3712,-61.2874,7.85,0,,,,,39,17.0,ok
TIC 402104884,358.4639,-75.6345,7.85,0,,,,,8,14.1,ok
TIC 201230210,358.9077,-51.3747,7.85,0,,,,,6,10.2,ok
TIC 140066924,330.1399,-51.4922,7.85,0,,,,,2,3.8,ok
TIC 147084891,321.1941,-41.996,7.85,0,,,,,1,2.4,ok
TIC 152808505,343.7503,-40.9263,7.86,0,,,,,4,7.0,ok
TIC 31383649,88.7143,-70.508,7.86,0,,,,,28,17.2,ok
TIC 348962987,106.637,-59.9969,7.86,0,,,,,12,17.1,ok
TIC 369249505,314.347,-41.0821,7.86,0,,,,,2,4.1,ok
TIC 38850724,9.1503,-69.4322,7.86,0,,,,,1,2.5,ok
TIC 79405861,320.4566,-48.7969,7.86,0,,,,,1,2.5,ok
TIC 302987775,62.9817,-83.6017,7.86,0,,,,,12,17.8,ok
TIC 149160778,81.6877,-64.6053,7.86,0,,,,,16,17.1,ok
TIC 55650481,73.7785,-62.795,7.86,0,,,,,12,18.0,ok
TIC 161168483,339.4441,-50.0668,7.86,0,,,,,2,3.9,ok
TIC 300871376,117.696,-70.7781,7.86,0,,,,,33,16.8,ok
TIC 126766627,316.4238,-46.5072,7.86,0,,,,,2,4.0,ok
TIC 260604507,97.3712,-59.7674,7.87,0,,,,,10,17.1,ok
TIC 394232171,48.1321,-77.9148,7.87,0,,,,,14,17.4,ok
TIC 234510670,13.2535,-61.077,7.87,0,,,,,6,10.4,ok
TIC 273513941,347.8479,-72.525,7.87,0,,,,,6,10.8,ok
TIC 260303793,94.5259,-56.4439,7.87,0,,,,,33,16.9,ok
TIC 149347480,83.6092,-60.104,7.88,0,,,,,42,17.4,ok
TIC 394015919,329.9037,-59.7535,7.88,0,,,,,7,12.3,ok
TIC 143851312,331.3602,-48.7188,7.88,0,,,,,2,4.0,ok
TIC 143949310,333.4316,-52.2534,7.88,0,,,,,2,3.9,ok
TIC 150360766,96.3534,-62.4224,7.88,0,,,,,38,17.0,ok
TIC 350522196,86.3127,-55.7249,7.88,0,,,,,41,17.5,ok
TIC 260370233,95.2584,-54.9351,7.88,0,,,,,38,17.2,ok
TIC 394045518,334.5468,-63.007,7.88,0,,,,,5,9.1,ok
TIC 441387674,310.1071,-32.8515,7.88,0,,,,,3,5.6,ok
TIC 160037421,336.7468,-41.2983,7.88,0,,,,,1,2.3,ok
TIC 287298969,82.3553,-66.439,7.88,0,,,,,37,17.3,ok
TIC 280096830,46.3421,-75.6955,7.88,0,,,,,10,17.3,ok
TIC 139723131,322.8836,-50.109,7.88,0,,,,,1,2.3,ok
TIC 80085363,331.276,-35.1827,7.88,0,,,,,3,5.6,ok
TIC 260947689,73.2605,-78.4015,7.88,0,,,,,9,15.6,ok
TIC 394124025,348.0647,-61.4874,7.88,0,,,,,2,4.2,ok
TIC 325340115,334.9517,-76.1222,7.88,0,,,,,2,4.1,ok
TIC 150390619,96.513,-64.3304,7.89,0,,,,,35,17.1,ok
TIC 278782057,335.6869,-38.7542,7.89,0,,,,,2,3.8,ok
TIC 469942964,341.7596,-54.4122,7.89,0,,,,,3,5.7,ok
TIC 267089153,5.6447,-73.0326,7.89,0,,,,,7,12.0,ok
TIC 220536421,42.9723,-61.6173,7.89,0,,,,,11,17.0,ok
TIC 238874577,39.2462,-72.6819,7.89,0,,,,,11,17.6,ok
TIC 276861788,83.2879,-65.9422,7.89,0,,,,,34,17.6,ok
TIC 260967812,74.6287,-78.1859,7.89,0,,,,,36,17.6,ok
TIC 143895032,332.3591,-51.8899,7.89,0,,,,,1,2.4,ok
TIC 389750989,87.0808,-70.3461,7.89,0,,,,,38,17.4,ok
TIC 220421191,71.9532,-58.3611,7.89,0,,,,,32,17.2,ok
TIC 152253226,328.6741,-34.1368,7.89,0,,,,,2,4.0,ok
TIC 318569322,332.7681,-66.3414,7.9,0,,,,,7,11.8,ok
TIC 293480942,50.0467,-82.2654,7.9,0,,,,,6,10.9,ok
TIC 391949880,79.5209,-80.9644,7.9,1,4.9408,21.3,rejete,variabilite_continue,20,22.6,ok
TIC 325340243,334.9793,-76.4951,7.9,0,,,,,5,9.4,ok
TIC 300326496,110.8686,-68.0218,7.9,0,,,,,12,16.8,ok
TIC 355738548,1.8951,-60.642,7.9,0,,,,,7,12.2,ok
TIC 290486155,2.4855,-78.5907,7.9,0,,,,,2,4.0,ok
TIC 206552731,333.4685,-22.2649,7.9,0,,,,,2,3.8,ok
TIC 425085686,82.9053,-66.6781,7.9,0,,,,,37,17.6,ok
TIC 139113365,319.7822,-44.1989,7.91,0,,,,,3,5.9,ok
TIC 144068444,337.7679,-50.3962,7.91,0,,,,,2,4.1,ok
TIC 52367945,23.7803,-67.1362,7.91,0,,,,,2,3.9,ok
TIC 25245922,327.2794,-22.8184,7.91,0,,,,,4,7.3,ok
TIC 278772999,335.5569,-39.8213,7.91,0,,,,,4,7.2,ok
TIC 300653260,114.2304,-68.5106,7.91,0,,,,,43,17.2,ok
TIC 40405143,77.358,-69.7139,7.91,0,,,,,40,17.7,ok
TIC 121421690,341.7176,-45.0513,7.91,0,,,,,2,4.2,ok
TIC 183495016,18.3442,-74.2776,7.91,0,,,,,6,11.0,ok
TIC 261746618,26.0499,-79.7419,7.91,0,,,,,3,6.0,ok
TIC 121425792,342.2441,-44.6048,7.91,0,,,,,1,2.4,ok
TIC 197963166,348.6757,-48.5781,7.91,0,,,,,5,8.9,ok
TIC 404763926,84.8986,-67.0418,7.92,0,,,,,29,17.2,ok
TIC 260840344,349.0388,-69.9046,7.92,0,,,,,3,5.8,ok
TIC 62221706,336.0303,-33.7234,7.92,0,,,,,3,5.5,ok
TIC 269886717,310.9788,-27.9142,7.92,0,,,,,1,2.5,ok
TIC 141610050,88.6954,-76.8075,7.92,0,,,,,39,17.3,ok
TIC 355209512,329.621,-44.7559,7.92,0,,,,,2,4.5,ok
TIC 231264957,334.2282,-53.8202,7.92,0,,,,,1,2.4,ok
TIC 271598242,108.8557,-77.0299,7.92,0,,,,,40,17.0,ok
TIC 139149564,344.7592,-45.4561,7.92,0,,,,,2,3.8,ok
TIC 260852224,349.327,-66.94,7.92,0,,,,,10,17.2,ok
TIC 89428620,323.1586,-34.344,7.92,0,,,,,2,4.1,ok
TIC 306511307,119.1376,-67.7723,7.93,0,,,,,39,17.6,ok
TIC 24696180,25.1378,-69.987,7.93,0,,,,,5,9.0,ok
TIC 290405947,0.1176,-79.0623,7.93,0,,,,,6,10.7,ok
TIC 60912947,334.4788,-32.4799,7.93,0,,,,,4,7.3,ok
TIC 238809626,326.9474,-63.9239,7.93,0,,,,,6,10.3,ok
TIC 308397121,120.0986,-64.8432,7.93,0,,39.1,rejete,variabilite_continue;eclipse_secondaire,15,21.8,ok
TIC 29781099,65.0003,-68.7007,7.93,0,,,,,14,17.1,ok
TIC 115114717,316.8087,-38.9041,7.93,0,,,,,1,2.4,ok
TIC 273849585,34.4128,-62.7393,7.93,0,,,,,5,9.2,ok
TIC 273550296,352.4392,-76.3251,7.93,0,,,,,4,7.3,ok
TIC 231712332,352.2054,-56.8784,7.93,0,,,,,4,7.4,ok
TIC 139721086,322.7641,-50.8471,7.93,0,,,,,6,10.4,ok
TIC 159729576,318.6941,-37.1484,7.94,0,,,,,1,2.4,ok
TIC 289839756,317.5341,-24.8233,7.94,0,,,,,5,8.7,ok
TIC 262829638,349.3245,-54.9351,7.94,0,,,,,2,4.3,ok
TIC 272187783,116.7109,-74.0904,7.94,0,,42.3,rejete,variabilite_continue;eclipse_secondaire,20,21.4,ok
TIC 99494336,317.6701,-23.3121,7.94,0,,,,,2,4.1,ok
TIC 260371000,95.3447,-54.3514,7.94,0,,,,,25,16.9,ok
TIC 469850178,316.8142,-48.9701,7.94,0,,,,,2,4.0,ok
TIC 327857196,1.2461,-70.4926,7.94,0,,,,,3,6.4,ok
TIC 238867738,343.2032,-66.7299,7.95,0,,,,,7,12.5,ok
TIC 369219815,314.1181,-37.3372,7.95,0,,,,,2,4.2,ok
TIC 237333869,347.0527,-63.6285,7.95,0,,,,,3,5.7,ok
TIC 62763555,336.4791,-35.6613,7.95,0,,,,,4,7.0,ok
TIC 279430029,105.0432,-56.9069,7.95,1,1.1207,59.0,rejete,variabilite_continue;eclipse_secondaire,40,21.1,ok
TIC 349483715,110.9826,-60.8378,7.95,0,,,,,21,17.8,ok
TIC 260419879,95.888,-58.1788,7.95,0,,,,,43,17.4,ok
TIC 441156341,332.7954,-25.3699,7.95,0,,,,,1,2.4,ok
TIC 277715787,329.819,-62.4768,7.95,0,,,,,5,9.1,ok
TIC 259719785,322.6622,-63.107,7.95,0,,,,,3,5.5,ok
TIC 167415965,99.4583,-70.9311,7.96,1,9.2772,15.2,rejete,variabilite_continue,40,21.7,ok
TIC 92451314,314.6242,-31.7058,7.96,0,,,,,1,2.4,ok
TIC 181230103,13.4229,-73.8694,7.96,0,,,,,4,7.4,ok
TIC 231704229,335.5659,-54.5594,7.96,0,,,,,4,7.1,ok
TIC 29860196,316.7238,-25.5625,7.96,0,,,,,1,2.3,ok
TIC 260796911,347.71,-69.032,7.96,0,,,,,3,5.8,ok
TIC 231828422,23.1301,-62.8436,7.96,0,,,,,8,14.1,ok
TIC 147249160,323.7583,-44.9989,7.96,0,,,,,3,5.6,ok
TIC 219307129,316.8234,-57.0328,7.96,0,,,,,1,2.3,ok
TIC 263176563,17.9462,-80.112,7.96,0,,,,,3,5.6,ok
TIC 394015973,329.9487,-59.5699,7.96,0,,,,,3,5.6,ok
TIC 211414316,322.1138,-32.2211,7.96,0,,,,,2,3.8,ok
TIC 32207638,332.5348,-27.6747,7.96,0,,,,,4,7.0,ok
TIC 177349900,104.2659,-72.0371,7.96,0,,,,,20,16.7,ok
TIC 320940221,324.673,-41.0478,7.96,0,,,,,1,2.7,ok
TIC 139992781,328.4335,-49.1734,7.96,0,,,,,2,4.0,ok
TIC 167526477,100.3882,-60.6876,7.96,0,,,,,38,17.0,ok
TIC 237933451,58.8262,-65.2843,7.97,0,,,,,34,17.1,ok
TIC 403317394,343.0061,-64.4979,7.97,0,,,,,3,5.4,ok
TIC 370324466,341.246,-56.695,7.97,0,,,,,3,5.4,ok
TIC 270250508,330.4201,-24.8657,7.97,0,,,,,2,3.9,ok
TIC 394580364,338.5071,-60.1436,7.97,0,,,,,4,7.4,ok
TIC 270537714,324.9841,-35.8426,7.97,0,,,,,2,4.0,ok
TIC 177165867,104.4446,-66.9852,7.97,0,,,,,12,16.9,ok
TIC 410211720,353.6901,-70.0703,7.97,0,,,,,3,6.0,ok
TIC 115105263,316.3971,-36.4656,7.97,0,,,,,5,9.0,ok
TIC 350144504,115.4415,-65.7901,7.97,0,,,,,35,17.2,ok
TIC 220564723,45.6244,-63.8686,7.97,0,,,,,3,5.6,ok
TIC 150144415,92.8412,-60.06,7.97,0,,,,,30,17.2,ok
TIC 237329910,346.415,-60.0802,7.97,0,,,,,3,5.8,ok
TIC 147421966,327.3522,-47.9794,7.97,0,,,,,1,2.4,ok
TIC 29778225,64.8193,-65.9666,7.98,0,,,,,44,16.8,ok
TIC 139933931,327.3646,-49.1185,7.98,0,,,,,2,4.2,ok
TIC 281598849,9.1155,-58.2091,7.98,0,,,,,4,7.1,ok
TIC 279616114,48.4242,-65.8301,7.98,0,,,,,9,15.3,ok
TIC 279738571,51.2298,-62.5629,7.98,0,,,,,4,7.2,ok
TIC 235015462,353.4753,-61.6543,7.98,0,,,,,2,3.9,ok
TIC 355653467,0.2157,-65.6468,7.98,0,,,,,6,11.1,ok
TIC 99647872,321.3687,-23.5824,7.98,0,,,,,3,5.6,ok
TIC 143823987,331.1081,-52.213,7.98,0,,,,,2,3.9,ok
TIC 211433151,322.3622,-30.6346,7.98,0,,,,,1,2.7,ok
TIC 200645081,320.6281,-44.1456,7.98,0,,,,,3,5.6,ok
TIC 278727749,99.3625,-58.1815,7.98,0,,20.8,rejete,variabilite_continue,12,21.5,ok
TIC 55402208,78.0421,-62.0398,7.98,0,,,,,39,17.3,ok
TIC 237312349,343.5954,-65.0829,7.98,0,,,,,7,11.9,ok
TIC 273987248,351.3382,-80.5119,7.98,0,,,,,2,4.2,ok
TIC 259717418,322.3769,-63.5401,7.99,0,,,,,8,13.8,ok
TIC 144201262,328.1726,-42.8454,7.99,0,,,,,2,3.9,ok
TIC 402104026,17.5333,-77.2065,7.99,0,,,,,4,7.2,ok
TIC 29580928,314.7729,-25.382,7.99,0,,,,,2,3.9,ok
TIC 389129108,337.7849,-71.2393,7.99,0,,,,,2,4.1,ok
TIC 260079513,92.0713,-55.2385,7.99,0,,,,,43,16.8,ok
TIC 278709638,335.2326,-41.4301,7.99,0,,,,,4,7.3,ok
TIC 79403675,320.2084,-53.0347,7.99,0,,,,,6,10.4,ok
TIC 406272866,325.4196,-64.1438,7.99,0,,,,,9,15.5,ok
TIC 79301758,318.8883,-51.0127,7.99,0,,,,,6,10.1,ok
TIC 220376840,317.2691,-55.2934,7.99,0,,,,,2,3.9,ok
TIC 60648127,334.2865,-30.1543,7.99,0,,,,,1,2.4,ok
TIC 144065713,337.3898,-48.5305,7.99,0,,,,,2,3.9,ok
TIC 303909512,22.9698,-76.9139,7.99,0,,,,,8,13.8,ok
TIC 55478222,71.2128,-63.7797,8.0,0,,,,,42,17.0,ok
TIC 139256639,347.358,-47.761,8.0,0,,,,,3,6.0,ok
TIC 402063857,352.1606,-66.0857,8.0,0,,,,,9,15.4,ok
TIC 289936539,318.2663,-26.1253,8.0,0,,,,,1,2.5,ok
TIC 31814318,51.2205,-68.3344,8.0,0,,,,,20,16.9,ok
TIC 300560731,112.7636,-67.5449,8.0,0,,,,,21,17.1,ok
TIC 269835262,310.6993,-29.1323,8.0,0,,,,,1,2.2,ok
TIC 150357935,96.1953,-62.8364,8.0,0,,12.0,rejete,variabilite_continue;eclipse_secondaire,40,22.0,ok
TIC 394134281,3.9451,-66.9241,8.0,0,,,,,1,2.5,ok
TIC 211335296,320.2434,-32.0235,8.0,0,,,,,4,7.1,ok
TIC 300658296,114.6478,-68.2706,8.0,0,,,,,43,17.4,ok
TIC 211433060,322.3514,-30.4116,8.0,0,,,,,3,5.6,ok
TIC 394584686,340.2864,-64.148,8.0,0,,,,,9,15.1,ok
TIC 219327284,333.52,-59.4946,8.0,0,,,,,9,15.5,ok
TIC 139208534,346.4183,-47.8743,8.0,0,,,,,2,3.9,ok
TIC 92566472,315.4144,-32.5251,8.0,0,,,,,3,5.5,ok
TIC 290463663,0.9057,-80.5113,8.0,0,,,,,7,12.5,ok
TIC 294053203,107.1365,-58.0735,8.0,0,,,,,21,16.8,ok
TIC 220515953,41.1689,-63.2381,8.0,0,,,,,9,15.9,ok
TIC 159837822,320.3443,-38.1744,8.0,0,,,,,4,7.1,ok
TIC 231744961,78.0996,-67.9478,8.0,0,,,,,42,17.3,ok
TIC 441185178,334.01,-25.3768,8.0,0,,,,,4,7.2,ok
TIC 278777070,99.744,-58.8359,8.0,0,,,,,45,17.1,ok
TIC 235000061,351.0651,-62.3685,8.0,0,,,,,1,2.3,ok
TIC 302297226,320.2216,-26.6153,8.0,0,,,,,5,8.7,ok
TIC 237907292,21.0679,-62.4469,8.0,0,,,,,9,15.5,ok
TIC 382145521,80.3227,-56.2452,8.0,0,,56.7,rejete,variabilite_continue;eclipse_secondaire,42,21.5,ok
TIC 167205241,97.3487,-71.5065,8.0,0,,,,,42,17.2,ok
TIC 316935835,356.2484,-59.4192,8.0,0,,,,,2,4.2,ok
TIC 232065298,340.3053,-65.5438,8.0,0,,,,,3,5.5,ok
TIC 38825397,68.1219,-64.8535,8.0,0,,,,,19,16.9,ok
TIC 197613880,327.8509,-37.4088,8.0,0,,,,,4,7.1,ok
TIC 231631884,317.4613,-56.9312,8.0,0,,,,,5,9.0,ok
TIC 231627272,316.9732,-56.636,8.0,0,,,,,4,7.3,ok
TIC 259886373,41.0167,-68.1488,8.0,0,,,,,12,16.9,ok
TIC 355705451,0.9336,-63.6006,8.0,0,,,,,4,7.5,ok
TIC 382426322,350.1999,-46.4993,8.0,0,,,,,7,12.3,ok
TIC 260754520,346.9832,-70.0399,8.01,0,,,,,3,5.6,ok
TIC 121489136,343.3956,-44.8739,8.01,0,,,,,4,7.3,ok
TIC 121475494,343.1507,-44.9673,8.01,0,,,,,1,2.2,ok
TIC 259902437,41.4821,-66.3176,8.01,0,,,,,10,17.3,ok
TIC 231703102,335.5312,-58.4788,8.01,0,,,,,7,12.2,ok
TIC 260127606,92.067,-57.9321,8.01,0,,,,,44,17.1,ok
TIC 99467030,317.4172,-22.6312,8.01,0,,,,,1,2.2,ok
TIC 259785592,323.5878,-63.6437,8.01,0,,,,,2,4.0,ok
TIC 290303700,328.3393,-73.7261,8.01,0,,,,,3,5.8,ok
TIC 140068194,330.3379,-48.211,8.01,0,,,,,4,7.5,ok
TIC 220507474,346.9014,-59.6337,8.01,0,,,,,2,3.9,ok
TIC 290485374,1.6015,-82.1958,8.01,0,,,,,4,7.5,ok
TIC 152282527,329.2969,-32.4609,8.01,0,,,,,2,4.2,ok
TIC 92313821,313.3189,-30.164,8.01,0,,,,,4,7.1,ok
TIC 80081053,330.8609,-31.6051,8.01,0,,,,,2,3.8,ok
TIC 410153599,340.461,-69.2986,8.01,0,,,,,11,16.7,ok
TIC 234342846,38.108,-69.6053,8.01,0,,,,,2,4.1,ok
TIC 262577454,116.1923,-65.0146,8.01,0,,,,,12,17.2,ok
TIC 348842808,98.9169,-56.0077,8.01,0,,,,,42,17.1,ok
TIC 220436129,73.7246,-58.8374,8.01,0,,,,,43,16.9,ok
TIC 261089147,81.7066,-81.5849,8.01,0,,,,,17,17.5,ok
TIC 150440362,97.5377,-61.2656,8.01,0,,,,,26,16.8,ok
TIC 143981396,335.5094,-49.0506,8.01,0,,,,,6,10.2,ok
TIC 211409865,321.8254,-32.3707,8.01,0,,,,,2,4.0,ok
TIC 30319402,74.4274,-69.0013,8.01,0,,,,,40,17.9,ok
TIC 234526680,16.0088,-64.1446,8.01,0,,,,,2,4.5,ok
TIC 267548593,10.3994,-74.1771,8.01,0,,,,,8,14.0,ok
TIC 364326091,101.7985,-61.8131,8.01,0,,,,,39,16.8,ok
TIC 25132314,62.1283,-68.7022,8.01,0,,,,,43,17.4,ok
TIC 279727421,50.5677,-63.5575,8.01,0,,,,,12,16.8,ok
TIC 453082318,113.6845,-66.6423,8.01,0,,,,,29,17.1,ok
TIC 306577335,119.3054,-67.6933,8.01,0,,,,,40,17.1,ok
TIC 234500881,11.1956,-63.9604,8.01,0,,,,,10,17.2,ok
TIC 300577607,321.3342,-27.6815,8.01,0,,,,,1,2.4,ok
TIC 209302254,336.5279,-27.124,8.01,0,,,,,4,7.1,ok
TIC 214912513,342.0483,-38.0475,8.01,0,,,,,5,8.8,ok
TIC 31705248,48.4741,-67.1846,8.01,0,,,,,16,17.0,ok
TIC 263002995,12.5749,-83.1168,8.01,0,,,,,9,16.2,ok
TIC 38823638,7.4853,-66.1644,8.01,0,,,,,7,12.2,ok
TIC 302925037,40.1584,-79.0719,8.01,0,,,,,10,17.7,ok
TIC 260189950,93.0653,-56.6793,8.02,0,,,,,41,17.1,ok
TIC 229013861,329.6602,-32.3555,8.02,0,,,,,3,5.7,ok
TIC 300325379,110.7054,-66.5388,8.02,0,,,,,39,17.4,ok
TIC 278634046,333.8199,-39.1408,8.02,0,,,,,4,7.1,ok
TIC 141526547,87.1266,-76.5434,8.02,0,,,,,43,17.5,ok
TIC 270299990,330.9645,-24.82,8.02,0,,,,,2,4.0,ok
TIC 200643254,320.4154,-46.1222,8.02,0,,,,,5,8.6,ok
TIC 348993107,106.7216,-64.0039,8.02,0,,,,,40,17.2,ok
TIC 260949692,73.3152,-78.1457,8.02,0,,,,,36,17.1,ok
TIC 139455526,336.7047,-45.6191,8.02,0,,,,,5,8.9,ok
TIC 38811498,67.3873,-65.3775,8.02,0,,,,,44,16.9,ok
TIC 277802792,344.476,-71.7182,8.02,0,,,,,5,8.9,ok
TIC 358577149,38.5708,-63.9128,8.02,0,,,,,8,14.1,ok
TIC 31408736,88.6752,-66.4879,8.02,0,,,,,15,17.4,ok
TIC 261138245,84.6683,-78.6479,8.02,0,,,,,37,18.0,ok
TIC 53941148,328.6446,-28.837,8.02,0,,,,,2,4.1,ok
TIC 349523628,111.3986,-63.0604,8.02,0,,,,,43,17.1,ok
TIC 388131027,65.3618,-69.6155,8.02,0,,,,,44,17.6,ok
TIC 201251679,0.9768,-57.8308,8.02,0,,,,,2,4.1,ok
TIC 279053000,102.1497,-58.4673,8.02,1,0.996,18.0,rejete,variabilite_continue;eclipse_secondaire,43,22.1,ok
TIC 149305070,83.3081,-65.022,8.02,0,,,,,30,17.7,ok
TIC 129647366,321.4285,-39.2126,8.02,0,,,,,1,2.4,ok
TIC 182909257,16.3806,-77.5847,8.02,0,,,,,2,4.2,ok
TIC 139845816,325.767,-48.1896,8.02,0,,,,,2,4.0,ok
TIC 394232135,47.8077,-77.8053,8.02,0,,,,,14,18.0,ok
TIC 209396388,325.7026,-25.9975,8.02,0,,,,,3,5.7,ok
TIC 394168066,5.2448,-66.9182,8.02,0,,,,,7,12.1,ok
TIC 262818763,348.6851,-54.5098,8.02,0,,,,,6,10.3,ok
TIC 234291977,357.099,-62.008,8.02,0,,,,,8,13.9,ok
TIC 403237036,330.6278,-62.0487,8.02,0,,,,,10,17.6,ok
TIC 349791471,113.4656,-60.7499,8.02,0,,,,,36,16.7,ok
TIC 278957439,101.4675,-58.8963,8.02,0,,,,,10,16.9,ok
TIC 204544744,327.3895,-33.6398,8.02,0,,,,,2,3.9,ok
TIC 234520902,15.1328,-60.6979,8.02,0,,,,,2,3.9,ok
TIC 159732916,318.7644,-38.4356,8.02,0,,,,,3,5.4,ok
TIC 197598203,327.2365,-40.3469,8.02,0,,,,,3,5.6,ok
TIC 441399632,310.4605,-33.888,8.02,0,,,,,4,7.3,ok
TIC 147085268,321.6019,-46.9857,8.02,0,,,,,3,5.6,ok
TIC 278665478,334.3088,-37.4104,8.02,0,,,,,4,6.9,ok
TIC 139250483,347.2095,-42.4524,8.03,0,,,,,3,5.5,ok
TIC 278865342,100.7742,-56.7052,8.03,0,,,,,45,17.0,ok
TIC 425931249,2.7441,-61.7464,8.03,0,,,,,7,12.6,ok
TIC 280794907,359.2635,-60.4035,8.03,0,,,,,8,13.8,ok
TIC 261499941,335.2389,-68.3295,8.03,0,,,,,11,16.7,ok
TIC 271642609,109.3678,-75.6806,8.03,0,,,,,42,16.9,ok
TIC 349480752,110.8602,-64.692,8.03,0,,,,,44,17.2,ok
TIC 370009047,33.3752,-70.7913,8.03,0,,,,,10,16.7,ok
TIC 271597672,108.5413,-77.5634,8.03,0,,,,,35,17.2,ok
TIC 235006943,352.2904,-60.7832,8.03,0,,,,,5,8.9,ok
TIC 211411166,321.791,-35.9382,8.03,0,,,,,2,4.3,ok
TIC 306736615,120.7969,-66.6054,8.03,0,,,,,36,16.9,ok
TIC 370249636,55.2078,-81.788,8.03,0,,,,,3,5.7,ok
TIC 260606533,97.3503,-55.5114,8.03,0,,,,,42,16.9,ok
TIC 234298182,358.2544,-65.1286,8.03,0,,,,,6,10.6,ok
TIC 38808861,6.9095,-71.8827,8.03,0,,,,,3,5.7,ok
TIC 115014739,315.6678,-39.2809,8.03,0,,,,,4,7.2,ok
TIC 452358322,88.2326,-51.526,8.03,0,,,,,9,16.1,ok
TIC 309780483,126.2312,-63.1122,8.03,0,,,,,14,17.0,ok
TIC 139728222,323.0662,-48.8538,8.03,0,,,,,1,2.9,ok
TIC 79271943,318.4184,-50.594,8.03,0,,,,,2,4.0,ok
TIC 277291895,84.3619,-70.6849,8.03,0,,,,,39,17.0,ok
TIC 317128664,349.0961,-80.671,8.03,0,,,,,3,5.7,ok
TIC 349273158,109.3431,-63.0216,8.03,0,,,,,32,18.1,ok
TIC 304103851,27.9378,-75.9914,8.03,0,,,,,9,15.4,ok
TIC 99739128,322.1176,-23.618,8.03,0,,,,,5,9.2,ok
TIC 234522714,15.413,-62.1623,8.03,0,,,,,10,17.3,ok
TIC 316787200,323.4482,-55.8264,8.03,0,,,,,10,17.4,ok
TIC 32152605,59.4453,-69.5254,8.03,0,,,,,44,17.2,ok
TIC 350711249,88.1115,-57.9009,8.03,0,,,,,40,17.1,ok
TIC 139350006,349.0983,-45.8758,8.04,0,,,,,7,12.0,ok
TIC 53994275,331.5444,-28.0247,8.04,0,,,,,4,7.2,ok
TIC 30853028,75.7767,-66.91,8.04,0,,,,,40,17.2,ok
TIC 139765633,324.113,-48.0553,8.04,0,,,,,4,7.3,ok
TIC 306741000,121.094,-71.7772,8.04,0,,,,,12,17.4,ok
TIC 121470291,342.4632,-44.4236,8.04,0,,,,,4,7.5,ok
TIC 231240670,330.7887,-49.3297,8.04,0,,,,,6,10.1,ok
TIC 159732516,318.9007,-39.4528,8.04,0,,,,,1,2.3,ok
TIC 29284027,313.0763,-24.1588,8.04,0,,,,,3,5.6,ok
TIC 348899264,106.1815,-60.8079,8.04,0,,,,,44,18.0,ok
TIC 350620310,87.3268,-58.6712,8.04,0,,,,,39,17.0,ok
TIC 253928368,338.5068,-32.8635,8.04,0,,,,,5,8.9,ok
TIC 79305024,319.1124,-53.0046,8.04,0,,,,,6,11.0,ok
TIC 126804554,316.945,-42.2454,8.04,0,,,,,4,7.2,ok
TIC 152273437,328.9952,-33.1982,8.04,0,,,,,2,4.1,ok
TIC 280804030,44.5425,-67.3761,8.04,0,,,,,14,17.3,ok
TIC 233961805,32.198,-61.4366,8.04,0,,,,,7,11.9,ok
TIC 317019189,336.2607,-72.9007,8.04,0,,,,,10,17.5,ok
TIC 61708139,335.3985,-35.9367,8.04,0,,,,,4,7.3,ok
TIC 327667965,329.465,-68.2144,8.04,1,1.3006,80.8,rejete,variabilite_continue;eclipse_secondaire,9,19.6,ok
TIC 441112491,324.2546,-28.6853,8.04,0,,,,,4,7.5,ok
TIC 141868836,93.7406,-72.4968,8.04,0,,,,,41,16.8,ok
TIC 261749149,26.7073,-82.6729,8.04,0,,44.5,rejete,variabilite_continue;eclipse_secondaire,12,21.2,ok
TIC 261137717,84.2669,-83.2918,8.04,0,,,,,11,19.8,ok
TIC 389723412,329.233,-44.3129,8.04,0,,,,,4,7.3,ok
TIC 167524278,100.5792,-65.1342,8.04,0,,,,,37,17.2,ok
TIC 92594505,315.4694,-33.485,8.04,0,,,,,4,7.0,ok
TIC 197692450,329.7105,-37.7398,8.04,0,,,,,4,7.2,ok
TIC 219137548,342.0308,-55.7911,8.04,0,,,,,5,8.8,ok
TIC 469902224,330.31,-69.4459,8.04,0,,,,,2,4.0,ok
TIC 32197094,332.2499,-26.6767,8.04,0,,,,,4,7.1,ok
TIC 167795786,104.3913,-61.8695,8.05,0,,,,,45,17.4,ok
TIC 41173667,91.3989,-69.9151,8.05,0,,,,,38,21.3,ok
TIC 220411786,70.8635,-58.7895,8.05,0,,,,,43,17.0,ok
TIC 167089430,95.7827,-70.9447,8.05,0,,,,,41,17.0,ok
TIC 88329701,333.796,-44.2023,8.05,0,,,,,2,3.8,ok
TIC 348996104,107.0207,-62.8205,8.05,0,,,,,40,17.3,ok
TIC 290045925,319.0935,-28.2706,8.05,0,,,,,4,7.3,ok
TIC 273739354,341.792,-78.914,8.05,0,,,,,2,4.5,ok
TIC 301795382,322.0332,-25.2859,8.05,0,,,,,5,9.0,ok
TIC 350154173,52.9925,-81.5225,8.05,0,,,,,9,15.3,ok
TIC 302336025,320.6354,-26.8302,8.05,0,,,,,1,2.3,ok
TIC 269832033,310.0794,-25.3195,8.05,0,,,,,3,5.9,ok
TIC 294205275,108.0762,-58.4033,8.05,0,,,,,44,17.2,ok
TIC 149121385,80.9201,-63.615,8.05,0,,,,,43,17.9,ok
TIC 50314726,31.3707,-75.5334,8.05,0,,,,,3,6.3,ok
TIC 281727553,11.5855,-58.2674,8.05,0,,,,,10,17.6,ok
TIC 139283644,347.8421,-45.6251,8.05,0,,,,,6,10.2,ok
TIC 453079811,113.7552,-70.2432,8.05,0,,,,,22,17.3,ok
TIC 281599082,9.1356,-57.0951,8.05,0,,,,,11,17.3,ok
TIC 389126891,336.6651,-67.1119,8.05,0,,,,,3,5.6,ok
TIC 238891740,40.4746,-75.2381,8.05,0,,,,,13,16.9,ok
TIC 350825116,89.6051,-55.2044,8.05,0,,,,,42,17.3,ok
TIC 270501383,324.5352,-31.7379,8.05,0,,,,,4,7.3,ok
TIC 159695626,318.4682,-40.7078,8.05,0,,,,,2,4.1,ok
TIC 219200215,92.5076,-52.7993,8.05,0,,,,,23,16.9,ok
TIC 421920604,342.7646,-73.3075,8.05,0,,,,,10,17.2,ok
TIC 260004064,91.1723,-55.9464,8.05,0,,,,,22,16.7,ok
TIC 394585107,340.0775,-65.7777,8.05,0,,,,,11,16.7,ok
TIC 234301836,32.8519,-66.3531,8.05,0,,,,,8,14.3,ok
TIC 273365294,338.3935,-74.6653,8.05,0,,,,,9,15.5,ok
TIC 278899461,101.178,-57.44,8.05,0,,,,,45,17.4,ok
TIC 381206990,31.0186,-63.9582,8.05,0,,,,,4,7.1,ok
TIC 469883176,329.612,-68.2609,8.05,0,,,,,2,3.9,ok
TIC 88267762,333.1869,-42.5343,8.05,0,,,,,3,5.6,ok
TIC 55523561,72.0655,-62.4282,8.05,0,,,,,39,17.8,ok
TIC 355765896,3.4539,-65.2527,8.05,0,,,,,5,8.9,ok
TIC 402047030,352.3572,-48.4001,8.05,0,,,,,9,15.4,ok
TIC 269940893,310.8925,-24.6918,8.05,0,,,,,3,5.7,ok
TIC 350716053,88.507,-56.5547,8.05,0,,,,,40,17.2,ok
TIC 231834793,24.2947,-61.9349,8.05,0,,,,,8,13.8,ok
TIC 29495056,314.218,-27.2529,8.05,0,,,,,4,7.2,ok
TIC 150249155,94.3374,-61.2462,8.05,0,,,,,41,17.3,ok
TIC 278992159,102.0622,-56.086,8.05,0,,,,,42,18.0,ok
TIC 259762205,323.0446,-64.3304,8.05,0,,,,,9,15.5,ok
TIC 299943844,106.5162,-69.0081,8.05,0,,,,,41,18.0,ok
TIC 259886581,40.9295,-67.2826,8.05,0,,,,,9,15.7,ok
TIC 317100332,348.3598,-78.3464,8.05,0,,,,,7,12.1,ok
TIC 207072484,323.6879,-32.6253,8.05,0,,,,,3,5.7,ok
TIC 309402974,124.8515,-64.494,8.06,0,,,,,18,17.3,ok
TIC 212296170,309.4482,-26.4295,8.06,0,,,,,3,5.5,ok
TIC 52192438,18.5955,-71.0391,8.06,0,,,,,2,4.1,ok
TIC 271903890,113.5808,-75.0731,8.06,0,,,,,22,17.4,ok
TIC 79225710,317.9002,-52.163,8.06,0,,,,,6,10.5,ok
TIC 280046713,82.1124,-70.8975,8.06,0,,,,,13,16.8,ok
TIC 237919436,56.8711,-61.1745,8.06,0,,,,,16,18.0,ok
TIC 260949316,73.1323,-82.9481,8.06,0,,,,,12,17.5,ok
TIC 265610450,332.1109,-59.4879,8.06,0,,,,,7,12.3,ok
TIC 71314259,330.4728,-46.3869,8.06,0,,,,,4,7.1,ok
TIC 382420474,335.6989,-46.1653,8.06,0,,20.9,rejete,variabilite_continue;eclipse_secondaire,5,11.9,ok
TIC 114953179,315.1702,-41.1792,8.06,0,,,,,4,7.3,ok
TIC 302374907,320.7135,-25.8515,8.06,0,,,,,4,7.2,ok
TIC 302751745,322.9857,-26.8411,8.06,0,,,,,4,7.4,ok
TIC 350477148,85.6825,-54.6452,8.06,0,,,,,34,17.7,ok
TIC 301980959,329.5741,-20.7372,8.06,0,,,,,5,9.4,ok
TIC 350444342,85.3598,-59.7669,8.06,0,,,,,43,17.4,ok
TIC 197951752,346.8138,-49.7963,8.06,0,,,,,7,12.0,ok
TIC 197963087,348.6967,-48.9961,8.06,0,,,,,7,12.3,ok
TIC 394045029,334.5863,-64.5575,8.06,0,,,,,10,16.8,ok
TIC 364589559,85.8894,-76.7667,8.06,0,,,,,33,17.3,ok
TIC 350519682,86.0947,-58.275,8.06,0,,,,,40,16.8,ok
TIC 260002453,91.0697,-59.8222,8.06,0,,,,,43,16.9,ok
TIC 300938638,117.868,-69.1277,8.06,0,,,,,21,17.5,ok
TIC 409141063,312.1391,-26.994,8.06,0,,,,,5,8.9,ok
TIC 281596326,8.6985,-58.8857,8.06,0,,,,,10,17.3,ok
TIC 441031736,324.5025,-22.5772,8.06,0,,,,,2,4.0,ok
TIC 40719527,78.4021,-68.0217,8.06,0,,,,,13,17.0,ok
TIC 289824588,317.2924,-24.7834,8.06,0,,,,,5,9.0,ok
TIC 32158376,331.7891,-28.0477,8.06,0,,,,,1,2.3,ok
TIC 278055081,106.2881,-78.4216,8.06,0,,,,,27,17.7,ok
TIC 278523157,332.3862,-39.12,8.06,0,,,,,1,2.3,ok
TIC 300447314,111.9725,-66.9837,8.06,0,,,,,22,16.9,ok
TIC 453099619,116.0861,-69.5106,8.06,0,,,,,44,18.1,ok
TIC 229806104,352.4565,-71.6632,8.07,0,,,,,9,15.2,ok
TIC 237879881,19.3494,-61.58,8.07,0,,,,,4,7.4,ok
TIC 403135431,333.721,-58.6699,8.07,0,,,,,8,13.8,ok
TIC 300515532,112.3953,-68.156,8.07,0,,,,,12,16.6,ok
TIC 150029538,90.7414,-60.6441,8.07,0,,,,,43,16.9,ok
TIC 99648636,321.4224,-21.6629,8.07,0,,,,,3,5.6,ok
TIC 349784936,113.1789,-63.3246,8.07,0,,35.0,rejete,variabilite_continue;eclipse_secondaire,43,21.9,ok
TIC 29189156,312.6333,-28.8258,8.07,0,,,,,1,2.5,ok
TIC 159734479,318.9345,-37.1834,8.07,0,,,,,4,7.4,ok
TIC 204543724,327.3195,-35.4852,8.07,0,,,,,4,7.0,ok
TIC 382298360,324.0831,-36.0163,8.07,0,,,,,4,7.1,ok
TIC 234968587,349.2067,-61.8611,8.07,0,,,,,7,12.0,ok
TIC 349766265,112.9677,-61.6922,8.07,0,,,,,41,17.1,ok
TIC 382067256,79.5189,-55.7071,8.07,0,,,,,39,17.2,ok
TIC 219325050,331.4015,-54.9537,8.07,0,,,,,8,13.5,ok
TIC 391892842,115.3885,-67.6786,8.07,0,,16.3,rejete,variabilite_continue;eclipse_secondaire,12,21.3,ok
TIC 270073058,329.4555,-29.1171,8.07,0,,,,,2,4.1,ok
TIC 219338105,354.5752,-56.8353,8.07,0,,,,,8,13.2,ok
TIC 41464373,93.1624,-69.24,8.07,0,,,,,37,17.2,ok
TIC 139845588,325.8843,-48.8561,8.07,0,,,,,4,7.4,ok
TIC 238198708,57.1905,-75.7006,8.07,0,,,,,29,17.0,ok
TIC 260001669,44.2322,-68.8842,8.07,0,,,,,13,17.3,ok
TIC 31508240,89.1375,-70.2895,8.07,0,,,,,38,16.8,ok
TIC 238169256,356.8719,-67.72,8.07,0,,,,,8,13.5,ok
TIC 270507908,98.4969,-80.9272,8.07,0,,,,,19,17.7,ok
TIC 394677476,52.195,-80.171,8.07,0,,,,,11,17.4,ok
TIC 214567611,340.8608,-35.97,8.07,0,,,,,5,8.7,ok
TIC 410134488,339.4728,-69.2833,8.07,0,,,,,3,5.8,ok
TIC 421920232,342.8685,-72.2514,8.07,0,,,,,3,5.7,ok
TIC 266997586,3.4725,-74.6886,8.07,0,,,,,8,13.7,ok
TIC 271639931,108.9226,-72.7413,8.07,0,,,,,42,17.4,ok
TIC 63280289,337.0426,-32.266,8.07,0,,,,,4,7.3,ok
TIC 302966629,62.1898,-80.7337,8.07,0,,,,,3,5.7,ok
TIC 253917376,337.5534,-30.439,8.07,0,,,,,2,3.9,ok
TIC 159641988,317.936,-35.8986,8.07,0,,,,,4,7.0,ok
TIC 441191069,334.6101,-26.0194,8.07,0,,,,,1,2.5,ok
TIC 410449843,118.0378,-60.8032,8.07,0,,,,,11,17.3,ok
TIC 278705443,334.7222,-39.9259,8.07,0,,,,,2,4.3,ok
TIC 253934491,339.2115,-35.4568,8.07,0,,,,,2,3.9,ok
TIC 261260905,90.7269,-78.5206,8.07,0,,,,,39,17.1,ok
TIC 231907114,6.2778,-65.3991,8.07,0,,,,,8,13.8,ok
TIC 309066741,123.5018,-61.6568,8.07,0,,,,,20,16.9,ok
TIC 394273833,27.9942,-81.0193,8.07,0,,,,,10,17.9,ok
TIC 32036692,56.7998,-67.3907,8.07,0,,,,,34,17.3,ok
TIC 369964729,4.2996,-61.2584,8.07,0,,,,,9,16.1,ok
TIC 358069236,38.3511,-65.6394,8.07,0,,,,,10,16.8,ok
TIC 389079188,333.632,-65.9318,8.07,0,,,,,1,2.2,ok
TIC 306893839,121.9636,-69.8992,8.07,0,,,,,12,17.1,ok
TIC 231122278,69.5552,-68.8116,8.07,0,,,,,43,17.6,ok
TIC 220570421,46.7636,-65.4491,8.07,0,,,,,9,15.7,ok
TIC 220571386,46.8534,-62.1841,8.07,0,,,,,11,17.3,ok
TIC 231695443,327.8922,-59.421,8.07,0,,,,,3,5.5,ok
TIC 270245472,332.9844,-77.1452,8.07,0,,,,,7,12.0,ok
TIC 235040315,354.1322,-62.7553,8.07,0,,,,,4,7.3,ok
TIC 469943599,341.6526,-56.5999,8.07,0,,,,,7,12.0,ok
TIC 306473635,118.8432,-71.865,8.08,0,,,,,12,17.2,ok
TIC 293272754,98.7282,-60.714,8.08,0,,,,,41,17.4,ok
TIC 220538788,43.5962,-63.0058,8.08,0,,,,,10,17.5,ok
TIC 277691038,329.5284,-60.8896,8.08,0,,,,,9,15.4,ok
TIC 149972211,90.1513,-62.8122,8.08,0,,,,,39,16.7,ok
TIC 410120539,336.8068,-69.7049,8.08,0,,,,,11,17.3,ok
TIC 115074549,316.0358,-37.5292,8.08,0,,,,,4,7.3,ok
TIC 266996987,349.9454,-54.7179,8.08,0,,,,,4,7.4,ok
TIC 278779899,99.9032,-55.6096,8.08,0,,,,,41,17.5,ok
TIC 31816240,51.5923,-69.6057,8.08,0,,,,,23,16.9,ok
TIC 140070819,330.4888,-50.7751,8.08,0,,,,,1,2.3,ok
TIC 314830254,52.8031,-76.4001,8.08,0,,,,,21,17.7,ok
TIC 382604704,39.3686,-63.0656,8.08,0,,,,,11,16.8,ok
TIC 220558792,44.6041,-61.7946,8.08,0,,,,,4,7.3,ok
TIC 358463026,119.0601,-62.1178,8.08,0,,,,,25,17.0,ok
TIC 267084318,5.1773,-73.977,8.08,0,,,,,8,13.9,ok
TIC 88244880,332.7629,-43.4586,8.08,0,,,,,4,6.9,ok
TIC 441027044,324.1754,-21.8284,8.08,0,,,,,3,5.6,ok
TIC 231819720,86.1362,-52.6048,8.08,0,,10.5,rejete,variabilite_continue;eclipse_secondaire,22,22.8,ok
TIC 238188583,55.296,-73.9292,8.08,0,,12.7,rejete,variabilite_continue;eclipse_secondaire,31,23.0,ok
TIC 350336553,84.2807,-56.4954,8.08,0,,,,,12,16.7,ok
TIC 31814200,51.3306,-68.708,8.08,0,,,,,7,12.1,ok
TIC 265529944,330.2244,-56.4712,8.08,0,,,,,5,8.7,ok
TIC 38937420,10.1923,-68.1864,8.08,0,,17.1,rejete,variabilite_continue;eclipse_secondaire;compagnon_trop_gros_2.4Rjup,3,7.6,ok
TIC 53812109,327.1158,-26.2357,8.08,0,,,,,3,5.6,ok
TIC 269793513,67.9072,-79.871,8.08,0,,,,,15,17.1,ok
TIC 277982283,104.0243,-79.6262,8.08,0,,,,,7,12.7,ok
TIC 289936278,318.1997,-26.7031,8.08,0,,,,,5,8.6,ok
TIC 237326769,346.0369,-60.1161,8.08,0,,,,,2,4.0,ok
TIC 88276273,333.3429,-43.6687,8.09,0,,,,,2,3.8,ok
TIC 270342006,33.3268,-82.8937,8.09,0,,,,,12,18.0,ok
TIC 229061843,332.4025,-34.7756,8.09,0,,,,,4,7.3,ok
TIC 229042207,330.2495,-35.4576,8.09,0,,,,,4,7.2,ok
TIC 79180181,317.3666,-48.4416,8.09,0,,,,,4,6.9,ok
TIC 38952079,10.8227,-68.64,8.09,0,,,,,8,14.0,ok
TIC 261726676,23.747,-78.5906,8.09,0,,,,,10,17.6,ok
TIC 229056956,331.9096,-29.9874,8.09,0,,,,,4,7.3,ok
TIC 308537204,120.8364,-61.4078,8.09,0,,,,,8,14.1,ok
TIC 267192489,6.2597,-72.618,8.09,0,,,,,7,12.2,ok
TIC 308456810,120.7813,-62.1327,8.09,0,,,,,24,17.2,ok
TIC 358466708,119.2278,-60.5984,8.09,0,,,,,21,16.8,ok
TIC 197763087,326.9336,-55.6555,8.09,0,,,,,1,2.4,ok
TIC 142050046,97.312,-73.5895,8.09,0,,,,,23,17.0,ok
TIC 33836359,64.0614,-75.344,8.09,0,,,,,45,16.9,ok
TIC 260046328,91.806,-54.6643,8.09,0,,,,,34,17.1,ok
TIC 350273912,356.7372,-64.0375,8.09,0,,,,,1,2.3,ok
TIC 55746206,74.728,-61.1078,8.09,0,,,,,33,17.5,ok
TIC 139285666,347.9675,-45.1368,8.09,0,,,,,5,9.2,ok
TIC 38516267,62.5913,-65.3303,8.09,0,,,,,43,17.5,ok
TIC 89305963,318.5603,-35.3741,8.09,0,,,,,4,7.4,ok
TIC 152927388,338.6622,-35.9681,8.09,0,,,,,4,7.2,ok
TIC 29253938,312.6655,-27.9769,8.09,0,,,,,5,9.2,ok
TIC 88328317,333.5515,-44.7143,8.09,0,,,,,4,7.2,ok
TIC 147284977,324.8788,-43.0303,8.09,0,,,,,3,5.7,ok
TIC 382636263,55.1083,-65.2851,8.09,0,,,,,22,17.8,ok
TIC 393977934,322.7967,-55.2817,8.09,0,,,,,3,5.6,ok
TIC 233966810,36.9449,-61.9845,8.09,0,,,,,7,12.0,ok
TIC 389050387,333.3071,-65.6723,8.09,0,,,,,10,17.3,ok
TIC 469974742,8.1171,-60.6729,8.09,0,,,,,9,15.5,ok
TIC 278613604,333.5885,-39.7482,8.09,0,,,,,3,5.7,ok
TIC 327918216,2.1947,-66.7595,8.1,0,,,,,8,13.9,ok
TIC 325490376,357.9748,-79.1619,8.1,0,,,,,7,12.1,ok
TIC 267492210,10.0034,-73.7619,8.1,0,,,,,5,8.9,ok
TIC 234339041,37.4504,-70.6854,8.1,0,,,,,11,17.1,ok
TIC 53783180,327.0457,-24.0553,8.1,0,,,,,5,8.9,ok
TIC 410413679,319.5728,-55.1297,8.1,0,,,,,7,12.0,ok
TIC 261237964,89.0095,-80.1105,8.1,0,,,,,9,15.7,ok
TIC 382319010,318.3441,-45.6437,8.1,0,,,,,4,7.4,ok
TIC 197575514,326.3486,-41.9843,8.1,0,,,,,4,7.2,ok
TIC 278661555,328.9386,-66.1565,8.1,0,,,,,8,13.5,ok
TIC 234989679,349.5159,-65.057,8.1,0,,,,,7,12.0,ok
TIC 237332597,346.8291,-60.8764,8.1,1,2.951,19.7,rejete,variabilite_continue;eclipse_secondaire,3,7.3,ok
TIC 139933139,327.2798,-48.9969,8.1,0,,,,,4,7.2,ok
TIC 38632722,64.8391,-61.2625,8.1,0,,,,,20,16.5,ok
TIC 261061538,81.3405,-78.1385,8.1,0,,,,,39,17.3,ok
TIC 53940519,328.6186,-26.6356,8.1,0,,,,,4,10.9,ok
TIC 197954428,347.1663,-48.9952,8.1,0,,,,,8,13.7,ok
TIC 267322856,7.7796,-74.167,8.1,0,,,,,7,12.5,ok
TIC 267115100,41.6686,-72.9315,8.1,0,,,,,12,17.6,ok
TIC 38587665,64.2061,-65.6298,8.1,0,,,,,44,17.2,ok
TIC 425863973,352.1288,-46.714,8.1,0,,,,,10,17.2,ok
TIC 350094458,115.0882,-64.483,8.1,0,,,,,33,17.0,ok
TIC 259930203,42.2902,-70.2185,8.1,0,,,,,2,4.1,ok
TIC 262956098,9.8143,-83.0329,8.1,0,,,,,4,7.5,ok
TIC 350580827,86.8899,-55.0365,8.1,0,,,,,37,17.3,ok
TIC 167085242,95.6652,-66.3128,8.1,0,,,,,37,17.3,ok
TIC 339960404,112.6176,-59.5584,8.1,0,,,,,35,16.8,ok
TIC 253931639,338.7324,-31.9744,8.1,0,,,,,5,8.9,ok
TIC 234517584,14.3437,-62.245,8.1,0,,,,,4,7.2,ok
TIC 278784031,335.8203,-37.9876,8.1,0,,,,,4,7.2,ok
TIC 281639246,9.4889,-58.062,8.1,0,,,,,10,16.9,ok
TIC 452377786,88.2671,-52.5122,8.11,0,,,,,19,17.3,ok
TIC 469854402,321.2963,-47.9069,8.11,0,,,,,5,8.8,ok
TIC 25133052,62.1402,-71.6393,8.11,0,,,,,31,16.5,ok
TIC 238870892,38.0741,-72.1809,8.11,0,,,,,11,17.1,ok
TIC 405411672,337.1401,-70.4161,8.11,0,,,,,10,17.0,ok
TIC 33835925,64.1494,-74.2874,8.11,0,,,,,38,17.1,ok
TIC 117518457,340.201,-45.5664,8.11,0,,,,,5,9.0,ok
TIC 358457606,60.3644,-78.5484,8.11,0,,,,,20,17.8,ok
TIC 177023289,102.4435,-69.3294,8.11,0,,,,,42,16.8,ok
TIC 278704274,334.554,-36.261,8.11,0,,,,,4,7.1,ok
TIC 89424869,322.9516,-35.5686,8.11,0,,,,,1,2.4,ok
TIC 349311517,109.7568,-65.2256,8.11,0,,,,,40,17.0,ok
TIC 355688890,0.8788,-65.8274,8.11,0,,,,,1,2.4,ok
TIC 355579354,321.101,-54.5782,8.11,0,,,,,7,12.7,ok
TIC 231626584,316.9932,-54.7404,8.11,0,,,,,6,10.7,ok
TIC 382436277,117.1427,-64.8224,8.11,0,,,,,33,17.0,ok
TIC 394560743,338.1312,-62.7374,8.11,0,,,,,1,2.4,ok
TIC 300940126,117.8871,-71.0949,8.11,0,,,,,39,17.0,ok
TIC 181229779,13.0067,-74.8702,8.11,0,,,,,6,10.4,ok
TIC 214710750,341.1543,-38.807,8.11,0,,,,,4,7.1,ok
TIC 349409806,110.3716,-61.9925,8.11,0,,,,,24,17.0,ok
TIC 426018576,43.1933,-75.6831,8.11,0,,,,,14,17.5,ok
TIC 150440079,97.5652,-61.7886,8.11,0,,,,,31,16.8,ok
TIC 209402808,326.0717,-28.3354,8.11,0,,,,,3,5.3,ok
TIC 139256883,347.2708,-46.7257,8.11,0,,,,,6,10.5,ok
TIC 53992917,331.1842,-25.1207,8.11,0,,,,,4,7.4,ok
TIC 301510161,321.8961,-28.6088,8.11,0,,,,,3,5.4,ok
TIC 300939409,117.7362,-70.088,8.11,0,,,,,44,17.2,ok
TIC 147147526,322.291,-46.3637,8.11,0,,,,,4,7.4,ok
TIC 299897380,10.3641,-61.5163,8.11,0,,,,,9,15.5,ok
TIC 206497582,332.1745,-21.689,8.11,0,,,,,5,8.9,ok
TIC 238194921,56.64,-76.7159,8.11,0,,,,,22,17.4,ok
TIC 271976400,114.327,-73.7109,8.11,0,,,,,43,17.6,ok
TIC 140890028,76.3932,-72.106,8.11,0,,,,,20,16.8,ok
TIC 197736345,330.6372,-37.098,8.11,0,,,,,2,3.8,ok
TIC 220508128,347.0254,-57.1251,8.11,0,,,,,6,10.3,ok
TIC 140997242,78.1139,-75.1449,8.11,0,,,,,43,16.7,ok
TIC 278515459,332.1927,-39.4637,8.11,0,,,,,3,5.5,ok
TIC 260415628,95.6192,-57.5921,8.11,0,,,,,40,17.2,ok
TIC 441079063,323.4014,-25.7658,8.11,0,,,,,5,8.8,ok
TIC 382300028,324.1003,-40.6796,8.11,0,,,,,3,5.6,ok
TIC 31853965,52.4263,-67.2157,8.11,0,,,,,21,17.2,ok
TIC 349372072,110.0004,-61.035,8.12,0,,,,,42,16.8,ok
TIC 394017228,329.9203,-55.7245,8.12,0,,,,,7,12.2,ok
TIC 300136653,108.3791,-70.5333,8.12,0,,,,,21,17.6,ok
TIC 231098685,69.168,-67.2333,8.12,0,,,,,39,17.0,ok
TIC 300323829,110.3463,-67.2925,8.12,0,,,,,41,16.9,ok
TIC 232084837,30.6958,-70.8634,8.12,0,,,,,10,16.9,ok
TIC 281541027,6.7392,-58.9106,8.12,0,,,,,2,4.2,ok
TIC 382415461,335.691,-44.3248,8.12,0,,,,,4,7.1,ok
TIC 261088377,81.4549,-79.7625,8.12,0,,,,,25,17.4,ok
TIC 273418879,343.9184,-75.4642,8.12,0,,,,,8,14.2,ok
TIC 262471695,313.4408,-36.7138,8.12,0,,,,,3,5.5,ok
TIC 50441632,35.7358,-75.7698,8.12,0,,,,,12,18.1,ok
TIC 219140493,342.6061,-55.8204,8.12,0,,,,,3,5.5,ok
TIC 304135281,28.8831,-73.3616,8.12,0,,,,,12,17.1,ok
TIC 389011181,339.2846,-57.7683,8.12,0,,,,,1,2.2,ok
TIC 159876749,331.8036,-38.9337,8.12,0,,,,,1,2.4,ok
TIC 260368525,95.2411,-58.352,8.12,0,,,,,41,17.0,ok
TIC 160037420,336.7472,-41.2973,8.12,0,,,,,1,2.4,ok
TIC 181886553,14.2005,-73.0679,8.12,0,,,,,1,2.4,ok
TIC 204445438,325.7293,-30.3879,8.12,0,,,,,4,7.1,ok
TIC 272089457,115.6304,-76.2177,8.12,0,,,,,31,17.4,ok
TIC 92325639,313.5599,-31.971,8.12,0,,,,,4,6.9,ok
TIC 381858244,322.5202,-55.1379,8.12,0,,,,,1,2.3,ok
TIC 89040100,338.546,-43.0675,8.12,0,,,,,2,4.0,ok
TIC 211353887,320.5646,-35.0012,8.12,0,,,,,4,7.0,ok
TIC 369248379,314.22,-40.4612,8.12,0,,,,,1,2.3,ok
TIC 469978750,342.2327,-68.8063,8.12,0,,,,,5,8.9,ok
TIC 260369855,95.2016,-55.6753,8.12,0,,,,,41,16.8,ok
TIC 389529907,325.4592,-37.9639,8.12,0,,,,,4,7.3,ok
TIC 88330374,333.798,-46.5313,8.12,0,,,,,1,2.4,ok
TIC 38697412,66.0539,-64.1895,8.12,0,,,,,39,17.0,ok
TIC 167719377,103.1768,-64.7079,8.12,0,,,,,22,17.9,ok
TIC 263078117,17.6868,-78.7025,8.12,0,,,,,4,7.6,ok
TIC 25375915,328.8472,-23.7353,8.12,0,,,,,5,8.7,ok
TIC 259887769,41.3577,-69.1854,8.12,0,,,,,5,9.0,ok
TIC 229039308,330.1097,-33.7504,8.12,0,,,,,3,5.7,ok
TIC 300653642,114.3006,-69.0448,8.12,0,,,,,21,17.0,ok
TIC 234502511,11.466,-60.0053,8.12,0,,,,,10,17.2,ok
TIC 220509935,347.3419,-59.0078,8.12,0,,,,,4,7.3,ok
TIC 382184098,312.5864,-38.1389,8.12,0,,,,,1,2.3,ok
TIC 38943971,70.2054,-62.8006,8.13,0,,,,,43,17.2,ok
TIC 349411828,110.6253,-60.2493,8.13,0,,,,,11,17.0,ok
TIC 265438107,320.7326,-60.2498,8.13,0,,,,,3,5.4,ok
TIC 92141603,333.8994,-42.9768,8.13,0,,,,,3,6.1,ok
TIC 238852470,341.5667,-67.7036,8.13,0,,,,,2,4.1,ok
TIC 265491202,321.8979,-60.863,8.13,0,,,,,1,2.2,ok
TIC 306633087,119.8217,-71.4331,8.13,0,,,,,40,16.8,ok
TIC 50379749,32.9706,-74.0874,8.13,0,,,,,12,17.8,ok
TIC 262470499,312.0971,-37.3634,8.13,0,,,,,2,4.0,ok
TIC 24706893,25.9831,-71.4666,8.13,0,,,,,9,15.2,ok
TIC 273984891,30.1946,-80.5335,8.13,0,,,,,5,9.0,ok
TIC 261261527,90.3196,-79.8715,8.13,0,,,,,19,17.3,ok
TIC 425952950,17.4858,-64.3592,8.13,0,,,,,9,15.6,ok
TIC 149423433,84.6103,-61.1668,8.13,0,,,,,40,17.3,ok
TIC 176958231,101.222,-66.866,8.13,0,,,,,33,17.2,ok
TIC 370328324,64.1896,-82.997,8.13,0,,,,,12,17.7,ok
TIC 300010961,106.9456,-67.9368,8.13,0,,,,,43,16.9,ok
TIC 197733707,330.4885,-37.1762,8.13,0,,,,,2,4.0,ok
TIC 233967143,36.9437,-63.6242,8.13,0,,,,,8,13.7,ok
TIC 152286602,329.5096,-35.0578,8.13,0,,,,,3,5.6,ok
TIC 293464355,49.3903,-78.5002,8.13,0,,,,,13,17.2,ok
TIC 364540782,85.2324,-72.2748,8.13,0,,,,,43,16.6,ok
TIC 238814023,327.3882,-61.4635,8.13,0,,,,,10,17.2,ok
TIC 238811095,327.1038,-60.8347,8.13,0,,,,,1,2.7,ok
TIC 441419997,311.3089,-30.956,8.13,0,,,,,2,4.0,ok
TIC 301891139,328.899,-19.4061,8.13,0,,,,,1,2.5,ok
TIC 273733875,341.0455,-78.0192,8.13,0,,,,,7,12.3,ok
TIC 325338668,335.019,-72.2766,8.13,0,,,,,10,17.7,ok
TIC 206472881,331.2136,-22.2884,8.13,0,,,,,3,5.8,ok
TIC 232058719,338.6749,-61.125,8.13,0,,,,,8,14.0,ok
TIC 60371524,333.9603,-32.7048,8.13,0,,,,,1,2.2,ok
TIC 364421326,119.573,-63.1315,8.13,0,,,,,27,16.7,ok
TIC 231714827,352.735,-58.1124,8.13,0,,,,,2,4.2,ok
TIC 219158670,90.413,-50.7023,8.13,0,,,,,5,8.6,ok
TIC 126893829,317.99,-47.799,8.13,0,,,,,3,5.5,ok
TIC 141121793,80.3434,-76.2983,8.13,0,,,,,38,17.1,ok
TIC 141610759,89.1511,-77.2231,8.13,0,,,,,12,17.4,ok
TIC 220523818,42.5302,-64.0195,8.13,0,,,,,11,17.1,ok
TIC 279088395,102.7471,-56.2397,8.13,0,,,,,34,17.2,ok
TIC 421937408,342.7445,-76.7897,8.13,0,,,,,7,11.8,ok
TIC 316914181,355.8778,-59.7791,8.13,0,,,,,2,4.1,ok
TIC 206594720,334.3875,-23.7061,8.13,0,,,,,1,2.2,ok
TIC 235038511,354.1105,-64.2238,8.13,0,,,,,6,10.5,ok
TIC 52120817,17.5568,-69.659,8.13,0,,,,,6,10.6,ok
TIC 289951419,318.3442,-28.783,8.13,0,,,,,4,7.4,ok
TIC 266927338,2.5137,-77.4804,8.13,0,,,,,8,13.9,ok
TIC 32177749,331.9226,-23.9454,8.13,0,,,,,3,5.6,ok
TIC 382187278,81.2631,-57.2353,8.13,0,,,,,42,17.3,ok
TIC 55450888,70.5834,-61.6194,8.13,0,,,,,34,17.3,ok
TIC 235037404,353.8294,-63.1718,8.14,0,,,,,7,11.9,ok
TIC 140045538,329.4214,-51.0082,8.14,0,,,,,5,8.9,ok
TIC 79325855,319.2611,-52.1073,8.14,0,,,,,6,10.4,ok
TIC 231832850,23.9209,-65.294,8.14,0,,,,,6,10.5,ok
TIC 261593636,350.8509,-74.8452,8.14,0,,,,,6,10.9,ok
TIC 260605506,97.2312,-57.603,8.14,1,1.7182,18.2,rejete,variabilite_continue;eclipse_secondaire,32,21.8,ok
TIC 92451349,314.7459,-31.6436,8.14,0,,,,,4,8.1,ok
TIC 266586207,319.5179,-32.8634,8.14,0,,,,,4,7.4,ok
TIC 52310361,22.5098,-71.8141,8.14,0,,,,,2,4.0,ok
TIC 147115399,321.8405,-47.1585,8.14,0,,,,,5,8.9,ok
TIC 377018771,77.9317,-83.1718,8.14,0,,,,,6,10.7,ok
TIC 219175812,91.3788,-51.3027,8.14,0,,,,,16,17.7,ok
TIC 263079387,17.804,-82.5499,8.14,0,,,,,5,9.8,ok
TIC 38762657,67.3523,-61.2187,8.14,0,,,,,43,17.2,ok
TIC 220378886,320.7535,-55.4428,8.14,0,,,,,7,12.3,ok
TIC 141281495,83.2486,-75.2367,8.14,0,,,,,41,16.9,ok
TIC 234305155,34.7217,-69.8868,8.14,0,,,,,2,4.3,ok
TIC 266968250,2.8441,-72.6052,8.14,0,,,,,8,13.8,ok
TIC 92222300,335.1462,-43.705,8.14,0,,,,,2,3.9,ok
TIC 141155264,81.0946,-75.6205,8.14,0,,,,,40,17.2,ok
TIC 139113397,319.7623,-44.2802,8.14,0,,,,,5,9.0,ok
TIC 293527488,352.3676,-75.9437,8.14,0,,,,,9,15.8,ok
TIC 141823041,93.1772,-75.9292,8.14,0,,,,,21,17.1,ok
TIC 219176630,91.4206,-53.1329,8.14,0,,,,,24,17.2,ok
TIC 253923427,337.5885,-35.4955,8.14,0,,,,,3,5.5,ok
TIC 257735470,30.0784,-62.4208,8.14,0,,,,,7,12.3,ok
TIC 302966371,62.0475,-79.9818,8.14,0,,,,,4,7.5,ok
TIC 89018471,337.9468,-45.9803,8.14,0,,,,,4,7.5,ok
TIC 303910380,22.8724,-74.6113,8.14,0,,,,,6,11.1,ok
TIC 308994213,123.2109,-63.9776,8.14,0,,,,,23,17.6,ok
TIC 281461437,6.1576,-57.0367,8.14,0,,,,,11,17.0,ok
TIC 141770198,91.8756,-76.6905,8.14,0,,,,,45,17.1,ok
TIC 182521194,15.5521,-75.8003,8.14,0,,,,,8,14.1,ok
TIC 336733992,312.3521,-26.9381,8.14,0,,,,,1,2.3,ok
TIC 402105389,358.6351,-73.9534,8.14,0,,,,,2,4.2,ok
TIC 262815962,348.2334,-54.1868,8.14,0,,,,,7,12.8,ok
TIC 261259521,90.1421,-81.121,8.14,0,,,,,16,17.3,ok
TIC 260507500,96.6828,-58.833,8.15,0,,,,,36,16.7,ok
TIC 115151541,316.9727,-39.078,8.15,0,,,,,2,4.1,ok
TIC 299899403,106.0803,-68.722,8.15,0,,,,,4,7.2,ok
TIC 441382660,309.9086,-30.9235,8.15,0,,,,,4,7.1,ok
TIC 140067092,330.1986,-50.9577,8.15,0,,,,,1,2.3,ok
TIC 53939120,328.4834,-25.777,8.15,0,,,,,4,7.3,ok
TIC 207079467,320.9084,-37.1109,8.15,0,,,,,4,7.3,ok
TIC 453097891,114.1033,-71.7117,8.15,0,,,,,41,16.8,ok
TIC 267549604,10.341,-75.8128,8.15,0,,,,,5,8.8,ok
TIC 183306127,18.3038,-75.1042,8.15,0,,,,,6,10.6,ok
TIC 38938821,10.2495,-71.6194,8.15,0,,,,,1,2.5,ok
TIC 403235919,339.3856,-58.7655,8.15,0,,,,,1,2.3,ok
TIC 140892938,76.5815,-72.8801,8.15,0,,,,,12,17.0,ok
TIC 140755216,73.8535,-73.7617,8.15,0,,,,,42,17.2,ok
TIC 265438551,321.1115,-60.6755,8.15,0,,,,,7,12.2,ok
TIC 38678868,65.4048,-62.1219,8.15,0,,,,,41,17.6,ok
TIC 231668062,319.7169,-56.0624,8.15,0,,,,,8,14.2,ok
TIC 260128701,92.4076,-59.522,8.15,0,,26.5,rejete,variabilite_continue;eclipse_secondaire,42,21.5,ok
TIC 234279113,333.9689,-64.8127,8.15,0,,,,,7,12.3,ok
TIC 290402323,330.5277,-74.4988,8.15,0,,,,,7,11.7,ok
TIC 139898940,326.8092,-51.1998,8.15,0,,,,,6,10.8,ok
TIC 279088861,102.6969,-56.9525,8.15,0,,,,,40,16.9,ok
TIC 214301313,339.394,-36.5087,8.15,0,,,,,4,7.2,ok
TIC 381857833,322.5175,-56.2779,8.15,0,,15.4,rejete,variabilite_continue;eclipse_secondaire,8,17.5,ok
TIC 55402580,77.8438,-62.8175,8.15,0,,,,,41,18.0,ok
TIC 410338174,46.0931,-84.5206,8.15,0,,,,,3,5.7,ok
TIC 53895723,328.1519,-26.0273,8.15,0,,,,,3,5.7,ok
TIC 220428894,72.9119,-59.0108,8.15,0,,,,,42,16.9,ok
TIC 403190983,337.1242,-57.6977,8.15,0,,,,,6,10.4,ok
TIC 350138611,115.2043,-60.9007,8.15,0,,,,,14,16.7,ok
TIC 441410194,310.9666,-32.7754,8.15,0,,,,,1,2.3,ok
TIC 33734517,61.7672,-77.5662,8.15,0,,,,,25,17.4,ok
TIC 382515629,117.3766,-62.0877,8.15,0,,,,,7,12.1,ok
TIC 60369861,334.0412,-32.0372,8.15,0,,,,,4,7.4,ok
TIC 303980842,24.7554,-73.1627,8.16,0,,,,,11,17.2,ok
TIC 364538492,71.1732,-74.3226,8.16,0,,,,,42,17.2,ok
TIC 270273049,333.6984,-74.9955,8.16,0,,,,,2,4.2,ok
TIC 139250626,347.1456,-43.0148,8.16,0,,,,,6,10.4,ok
TIC 232068489,27.4208,-66.5757,8.16,0,,,,,6,10.7,ok
TIC 142086812,98.424,-75.6284,8.16,0,,,,,40,17.7,ok
TIC 293506035,351.1105,-68.3924,8.16,0,,,,,9,15.2,ok
TIC 70441438,339.6203,-32.2179,8.16,0,,,,,2,4.0,ok
TIC 425931703,2.6586,-63.6344,8.16,0,,,,,9,15.5,ok
TIC 306668692,120.1597,-70.8416,8.16,0,,,,,19,17.1,ok
TIC 234510319,12.8618,-60.4424,8.16,0,,,,,10,17.0,ok
TIC 355547387,320.992,-58.4237,8.16,0,,,,,8,13.9,ok
TIC 38954456,70.2612,-60.8459,8.16,0,,,,,42,17.1,ok
TIC 382517621,117.6034,-63.8722,8.16,0,,,,,42,17.6,ok
TIC 278659314,328.3471,-71.067,8.16,0,,,,,2,4.5,ok
TIC 260352227,94.7857,-56.6806,8.16,0,,,,,41,18.3,ok
TIC 369250964,314.2953,-37.9633,8.16,0,,,,,3,5.8,ok
TIC 41532123,93.7557,-70.4603,8.16,0,,,,,36,17.3,ok
TIC 197570902,326.032,-39.2316,8.16,0,,,,,4,7.1,ok
TIC 139368904,349.8456,-47.2294,8.16,0,,,,,6,10.4,ok
TIC 149390585,84.1056,-62.3199,8.16,0,,,,,7,12.8,ok
TIC 139301814,348.2528,-46.9048,8.16,0,,,,,6,10.4,ok
TIC 441123005,325.0442,-24.6927,8.16,0,,,,,1,2.3,ok
TIC 141152931,80.5866,-75.0102,8.16,0,,,,,43,17.4,ok
TIC 270250297,330.4525,-25.4613,8.16,0,,,,,4,7.3,ok
TIC 370137710,46.7219,-72.3024,8.16,0,,,,,14,17.2,ok
TIC 139130598,344.0308,-43.1444,8.16,0,,,,,5,8.9,ok
TIC 269944614,311.1652,-29.2766,8.16,0,,,,,1,2.5,ok
TIC 32196958,332.2402,-27.1957,8.16,0,,,,,1,2.3,ok
TIC 231838661,24.9457,-64.5714,8.16,0,,,,,2,4.1,ok
TIC 325341091,337.8234,-77.1113,8.16,0,,,,,7,12.0,ok
TIC 220561845,45.0969,-63.515,8.16,0,,,,,4,7.7,ok
TIC 279727206,50.5575,-62.6786,8.16,0,,,,,10,17.9,ok
TIC 394699687,58.2562,-81.123,8.16,0,,,,,13,17.9,ok
TIC 273986610,351.5775,-78.9917,8.16,0,,,,,8,14.4,ok
TIC 350742475,88.5479,-59.7715,8.16,0,,,,,42,16.9,ok
TIC 355689206,0.7291,-64.4167,8.17,0,,,,,5,8.8,ok
TIC 31961002,55.0759,-68.4183,8.17,0,,,,,32,17.6,ok
TIC 255586960,96.7239,-53.5819,8.17,0,,,,,28,17.1,ok
TIC 159844964,320.45,-36.4172,8.17,0,,,,,4,7.2,ok
TIC 469850360,316.704,-49.4145,8.17,0,,,,,2,4.1,ok
TIC 92324595,313.5494,-32.8509,8.17,0,,,,,4,7.1,ok
TIC 260077376,91.8324,-57.1762,8.17,0,,,,,21,17.2,ok
TIC 266994864,349.6733,-55.1673,8.17,0,,,,,6,10.3,ok
TIC 309861203,126.8193,-62.0876,8.17,0,,,,,6,11.9,ok
TIC 441201947,335.8858,-29.6943,8.17,0,,,,,4,6.9,ok
TIC 204572114,327.881,-32.5339,8.17,0,,,,,3,5.6,ok
TIC 231739745,67.3407,-75.6256,8.17,0,,,,,40,16.8,ok
TIC 374911986,89.1033,-60.5828,8.17,0,,,,,41,17.4,ok
TIC 270071198,312.2271,-27.0144,8.17,0,,,,,1,2.3,ok
TIC 293618559,0.1881,-72.3182,8.17,0,,,,,8,14.1,ok
TIC 293438694,48.2618,-83.4883,8.17,0,,,,,12,17.6,ok
TIC 231806026,85.182,-53.0739,8.17,0,,18.5,rejete,variabilite_continue;eclipse_secondaire,18,21.6,ok
TIC 469902594,330.2835,-70.5708,8.17,0,,,,,2,4.3,ok
TIC 150391988,96.498,-61.6245,8.17,0,,,,,43,17.3,ok
TIC 300330109,111.1149,-70.1266,8.17,0,,,,,21,17.9,ok
TIC 231239894,330.6557,-52.3333,8.17,0,,,,,4,7.2,ok
TIC 33770863,63.4186,-73.04,8.17,0,,,,,43,17.6,ok
TIC 29344151,313.1601,-26.9207,8.18,0,,,,,4,7.2,ok
TIC 404853236,85.1865,-68.9411,8.18,0,,,,,11,17.2,ok
TIC 50475841,37.1135,-74.506,8.18,0,,,,,3,6.1,ok
TIC 403136832,333.8343,-53.9815,8.18,0,,,,,7,12.0,ok
TIC 355707036,1.3696,-61.2263,8.18,0,,,,,3,5.7,ok
TIC 8196058,311.3688,-38.0655,8.18,0,,,,,2,3.9,ok
TIC 314864767,53.2474,-75.1321,8.18,0,,,,,11,17.4,ok
TIC 290049665,319.1166,-28.5108,8.18,0,,,,,1,2.5,ok
TIC 141805180,92.1469,-74.3934,8.18,0,,,,,45,17.3,ok
TIC 302028439,329.7121,-19.6103,8.18,0,,,,,3,5.6,ok
TIC 350563576,86.8253,-54.841,8.18,0,,,,,32,16.8,ok
TIC 267082653,359.878,-70.0501,8.18,0,,,,,9,15.7,ok
TIC 394778327,28.2438,-85.0348,8.18,0,,,,,8,14.3,ok
TIC 278991349,102.0585,-57.4844,8.18,0,,,,,33,17.8,ok
TIC 290647199,7.9129,-83.5585,8.18,0,,,,,4,7.5,ok
TIC 126946283,318.7468,-44.2195,8.18,0,,,,,4,7.2,ok
TIC 278827695,336.3074,-41.7661,8.18,0,,,,,4,7.3,ok
TIC 278729421,99.5017,-59.7735,8.18,0,,,,,31,17.1,ok
TIC 140580482,68.5289,-73.9512,8.18,0,,,,,43,17.1,ok
TIC 304032638,24.6888,-76.4997,8.18,0,,,,,2,3.9,ok
TIC 206473439,331.3312,-23.439,8.18,0,,,,,5,8.7,ok
TIC 144002630,336.5133,-49.5655,8.18,0,,,,,6,10.4,ok
TIC 263073934,16.2057,-78.2977,8.18,0,,,,,3,6.0,ok
TIC 402294760,33.7834,-71.5203,8.18,0,,,,,9,16.0,ok
TIC 237913294,22.4126,-61.2222,8.18,0,,,,,3,5.7,ok
TIC 55366779,77.2654,-63.9412,8.18,0,,,,,41,16.7,ok
TIC 55298271,76.8636,-62.7502,8.18,1,1.5384,26.0,rejete,variabilite_continue;eclipse_secondaire,38,21.5,ok
TIC 278515786,332.1964,-38.0802,8.18,0,,,,,3,5.7,ok
TIC 30403921,74.5298,-70.1492,8.18,0,,,,,31,17.1,ok
TIC 304133090,28.3093,-74.627,8.18,0,,,,,8,14.0,ok
TIC 231694736,323.3715,-58.2054,8.18,0,,,,,9,15.4,ok
TIC 290129797,319.5755,-25.7111,8.18,0,,,,,5,8.8,ok
TIC 237312965,343.9161,-64.3773,8.18,0,,,,,8,13.5,ok
TIC 469906999,336.917,-64.7432,8.18,0,,,,,9,15.2,ok
TIC 280096648,46.5548,-75.0969,8.19,0,,,,,10,16.9,ok
TIC 393030999,65.6854,-78.7144,8.19,0,,,,,26,17.6,ok
TIC 273654237,18.9183,-78.3813,8.19,0,,,,,8,14.3,ok
TIC 197734527,330.5233,-40.1544,8.19,0,,,,,4,7.3,ok
TIC 150356903,96.1942,-64.7692,8.19,0,,,,,19,16.9,ok
TIC 89041616,338.6571,-47.5968,8.19,0,,,,,1,3.0,ok
TIC 303952677,23.6515,-75.6966,8.19,0,,,,,4,7.5,ok
TIC 260505542,96.7452,-55.0331,8.19,0,,,,,32,17.0,ok
TIC 24695711,25.1693,-67.7993,8.19,0,,,,,1,2.3,ok
TIC 235013826,353.3914,-63.5591,8.19,0,,,,,1,2.2,ok
TIC 55497082,71.5509,-60.0176,8.19,0,,,,,40,17.3,ok
TIC 370008580,33.4181,-68.7063,8.19,0,,,,,11,17.0,ok
TIC 261061652,81.1476,-78.3443,8.19,0,,17.4,rejete,variabilite_continue;eclipse_secondaire,12,21.3,ok
TIC 349056430,107.4062,-62.3047,8.19,0,,,,,34,17.8,ok
TIC 320938965,324.6057,-39.3128,8.19,0,,,,,3,5.6,ok
TIC 358510596,119.1379,-64.1733,8.19,0,,,,,12,17.5,ok
TIC 139089310,319.466,-42.0468,8.19,0,,,,,4,7.2,ok
TIC 350274059,356.6331,-64.5737,8.19,0,,,,,7,12.2,ok
TIC 29821613,316.1186,-26.7351,8.19,0,,,,,5,8.8,ok
TIC 271503364,7.723,-63.2752,8.19,0,,,,,10,17.4,ok
TIC 412050960,337.1671,-64.5873,8.19,0,,,,,3,5.7,ok
TIC 350433501,85.1964,-57.5265,8.19,0,,,,,41,17.5,ok
TIC 381950542,76.6564,-57.5523,8.19,0,,,,,12,17.1,ok
TIC 403137725,333.8768,-56.8676,8.19,0,,,,,8,13.7,ok
TIC 350844714,90.1377,-56.1615,8.19,0,,,,,33,17.0,ok
TIC 350559756,86.4913,-56.4515,8.19,0,,,,,41,17.3,ok
TIC 234511396,13.2622,-64.1636,8.19,0,,,,,9,15.5,ok
TIC 403190647,337.0733,-56.5119,8.19,0,,,,,5,9.3,ok
TIC 260242697,93.8257,-54.5585,8.19,0,,,,,34,17.1,ok
TIC 238900351,93.7713,-53.1552,8.19,0,,,,,24,18.2,ok
TIC 29825720,316.2634,-29.1557,8.19,0,,,,,4,7.3,ok
TIC 382186942,81.2126,-58.1691,8.19,0,,,,,43,17.6,ok
TIC 161135636,338.4623,-49.7892,8.19,0,,,,,6,10.9,ok
TIC 201292718,2.9004,-57.4729,8.2,0,,,,,4,7.4,ok
TIC 425977043,18.3105,-63.7604,8.2,0,,,,,9,15.8,ok
TIC 99743049,322.281,-21.9585,8.2,0,,,,,3,5.8,ok
TIC 327725538,331.6475,-71.0941,8.2,0,,,,,3,6.1,ok
TIC 79449320,321.5183,-51.814,8.2,0,,,,,7,12.1,ok
TIC 369251636,314.2942,-36.5662,8.2,0,,,,,3,5.5,ok
TIC 25247445,327.4146,-20.5079,8.2,0,,,,,3,5.7,ok
TIC 126783395,316.6631,-46.2793,8.2,0,,,,,2,3.9,ok
TIC 238203650,58.1842,-77.8622,8.2,0,,,,,21,17.7,ok
TIC 61454861,334.952,-32.4509,8.2,0,,,,,4,7.1,ok
TIC 234343957,38.6267,-66.624,8.2,0,,,,,9,15.6,ok
TIC 319246375,353.5768,-59.0806,8.2,0,,,,,6,10.6,ok
TIC 161403090,345.5902,-49.8644,8.2,0,,,,,6,10.8,ok
TIC 38808065,6.7284,-71.2377,8.2,0,,,,,7,12.5,ok
TIC 393978566,329.012,-54.3337,8.2,0,,,,,1,2.3,ok
TIC 410305336,9.6541,-84.087,8.2,0,,,,,5,9.2,ok
TIC 441031514,324.4896,-23.0687,8.2,0,,,,,1,2.3,ok
TIC 149347534,83.4977,-59.9505,8.2,0,,,,,41,18.0,ok
TIC 267081681,359.8032,-66.3772,8.2,0,,,,,8,14.2,ok
TIC 206534861,17.3495,-59.5174,8.2,0,,,,,1,2.3,ok
TIC 126641296,314.9522,-47.1262,8.2,0,,,,,5,8.8,ok
TIC 370206856,319.1177,-58.7717,8.2,0,,,,,1,2.4,ok
TIC 150028806,90.8916,-62.1985,8.2,0,,,,,38,17.6,ok
TIC 161112323,338.409,-48.2686,8.2,0,,,,,3,5.5,ok
TIC 52244325,19.9716,-66.2087,8.2,0,,,,,7,12.4,ok
TIC 89426632,322.8859,-30.813,8.2,0,,,,,1,2.3,ok
TIC 410442002,319.8543,-62.1529,8.2,0,,,,,3,5.5,ok
TIC 231262089,334.0395,-53.5532,8.2,0,,,,,1,2.4,ok
TIC 469905944,336.8357,-63.6881,8.2,0,,,,,11,17.0,ok
TIC 273852690,31.4851,-69.7187,8.2,0,,,,,2,4.6,ok
TIC 393906953,333.5163,-23.9242,8.2,0,,,,,3,5.6,ok
TIC 25155698,63.4129,-70.5068,8.2,0,,,,,44,17.1,ok
TIC 350273041,356.6474,-60.7577,8.2,0,,,,,1,2.6,ok
TIC 71317544,330.9242,-47.1373,8.21,0,,,,,4,7.0,ok
TIC 261204279,86.7157,-82.4284,8.21,0,,,,,13,18.5,ok
TIC 141184207,81.2618,-73.3735,8.21,0,,,,,41,17.2,ok
TIC 209401010,325.9988,-26.5174,8.21,0,,,,,1,2.6,ok
TIC 279743325,51.9923,-64.2387,8.21,0,,,,,4,7.5,ok
TIC 317019234,336.1234,-72.837,8.21,0,,,,,1,2.3,ok
TIC 320963401,325.01,-40.4936,8.21,0,,,,,1,2.3,ok
TIC 281562495,6.9811,-57.2447,8.21,0,,,,,1,2.3,ok
TIC 441201358,335.7275,-27.5532,8.21,0,,,,,2,4.0,ok
TIC 370236000,105.2594,-74.0175,8.21,0,,,,,42,17.3,ok
TIC 394733153,23.7502,-84.286,8.21,0,,,,,10,17.9,ok
TIC 370005656,38.7744,-62.3993,8.21,0,,,,,9,16.3,ok
TIC 441186962,334.2283,-29.3211,8.21,0,,,,,1,2.4,ok
TIC 381975295,77.0249,-56.7927,8.21,0,,,,,19,17.0,ok
TIC 389450214,312.3983,-40.8898,8.21,0,,,,,5,9.3,ok
TIC 220508771,346.9706,-54.075,8.21,0,,,,,6,10.6,ok
TIC 197759518,331.521,-40.2427,8.21,0,,,,,4,7.3,ok
TIC 29640214,315.2221,-27.9135,8.21,0,,,,,1,2.3,ok
TIC 53894867,328.2335,-28.7658,8.21,0,,,,,1,2.4,ok
TIC 253923495,337.6168,-34.5373,8.21,0,,,,,3,5.5,ok
TIC 220565780,45.8503,-63.3752,8.21,0,,,,,10,33.2,ok
TIC 161303459,342.7797,-50.3926,8.21,0,,,,,6,20.3,ok
TIC 126944775,318.5806,-42.7989,8.21,0,,,,,2,5.6,ok
TIC 234306168,35.0267,-66.3773,8.21,0,,,,,8,14.8,ok
TIC 139913910,326.9824,-49.59,8.21,0,,,,,3,5.8,ok
TIC 152926769,338.4581,-37.3535,8.21,0,,,,,4,7.3,ok
TIC 306774665,121.4794,-65.8872,8.21,0,,,,,31,18.1,ok
TIC 141823020,93.2124,-75.9583,8.21,0,,,,,21,17.6,ok
TIC 214515931,340.3356,-39.3487,8.21,0,,,,,3,5.5,ok
TIC 260657210,98.4084,-54.5897,8.21,0,,,,,26,17.0,ok
TIC 237310691,343.4243,-60.9947,8.21,0,,,,,7,12.5,ok
TIC 287329624,109.6282,-59.7357,8.21,0,,,,,22,17.3,ok
TIC 177284199,102.4188,-74.5569,8.21,0,,,,,45,17.3,ok
TIC 260296875,94.4459,-58.809,8.21,0,,,,,25,17.3,ok
TIC 92980022,318.4555,-30.1956,8.21,0,,,,,4,7.1,ok
TIC 260855442,350.0262,-67.3227,8.21,0,,,,,10,17.9,ok
TIC 126818017,317.0946,-44.8471,8.21,0,,,,,4,7.1,ok
TIC 389656016,313.0373,-44.1175,8.21,0,,,,,2,4.0,ok
TIC 139207284,346.1135,-42.0744,8.22,0,,,,,5,8.7,ok
TIC 38507902,62.2585,-62.2232,8.22,0,,,,,10,17.4,ok
TIC 121474589,342.9631,-46.777,8.22,0,,,,,1,2.5,ok
TIC 231089952,68.6066,-66.1934,8.22,0,,,,,43,17.2,ok
TIC 441404443,310.559,-30.2308,8.22,0,,,,,1,2.3,ok
TIC 382160146,81.0013,-58.0951,8.22,0,,,,,33,17.3,ok
TIC 326356701,325.5969,-21.7628,8.22,0,,,,,4,7.6,ok
TIC 207075973,320.0749,-38.7532,8.22,0,,,,,1,2.3,ok
TIC 394288476,38.6601,-79.6095,8.22,0,,,,,3,5.7,ok
TIC 261524320,335.9728,-66.928,8.22,0,,,,,1,2.7,ok
TIC 92709778,316.456,-33.424,8.22,0,,,,,4,7.2,ok
TIC 39080180,13.545,-70.1174,8.22,0,,,,,7,12.2,ok
TIC 144065724,337.349,-48.5059,8.22,0,,,,,2,4.2,ok
TIC 339862761,111.7811,-58.9991,8.22,0,,,,,3,6.0,ok
TIC 273696213,339.9226,-78.1,8.22,0,,,,,3,5.9,ok
TIC 52365925,23.4166,-70.1352,8.22,0,,,,,2,4.0,ok
TIC 70441350,339.5643,-32.6602,8.22,0,,,,,4,7.4,ok
TIC 177350315,104.1216,-72.6458,8.22,0,,,,,41,17.8,ok
TIC 277803472,344.4617,-69.4524,8.22,0,,,,,2,4.0,ok
TIC 278866220,100.8264,-55.2299,8.22,0,,,,,32,17.1,ok
TIC 389725493,329.3512,-46.8517,8.22,0,,,,,2,4.0,ok
TIC 304093214,26.9166,-76.7803,8.22,0,,,,,8,14.6,ok
TIC 149628632,87.39,-63.7037,8.22,0,,,,,10,18.4,ok
TIC 212259262,308.8679,-27.3525,8.22,0,,,,,3,5.8,ok
TIC 389126398,336.4532,-68.5646,8.22,0,,,,,2,4.0,ok
TIC 389308200,310.5534,-36.1328,8.22,0,,,,,1,2.4,ok
TIC 325393324,337.5457,-78.0048,8.22,0,,,,,3,5.5,ok
TIC 266926314,2.2881,-74.4216,8.22,0,,,,,8,14.0,ok
TIC 382260143,82.5421,-58.5432,8.22,0,,,,,43,16.6,ok
TIC 469935712,355.6172,-50.6995,8.22,0,,,,,10,17.1,ok
TIC 270424243,95.4819,-78.7163,8.22,0,,,,,11,16.8,ok
TIC 349273478,109.2762,-63.4789,8.22,0,,,,,21,17.9,ok
TIC 144000467,336.2638,-53.8111,8.23,0,,,,,6,10.6,ok
TIC 212357654,311.113,-27.2129,8.23,0,,,,,4,8.2,ok
TIC 302116223,322.5551,-25.8169,8.23,0,,,,,1,2.4,ok
TIC 280793137,359.1701,-64.2774,8.23,0,,,,,5,9.0,ok
TIC 304056146,26.1626,-73.9887,8.23,0,,,,,11,17.6,ok
TIC 141093693,79.668,-72.6943,8.23,0,,,,,41,17.2,ok
TIC 234506637,12.3665,-65.0046,8.23,0,,,,,10,17.7,ok
TIC 441404265,310.5694,-30.5604,8.23,0,,,,,2,4.0,ok
TIC 294779080,71.4829,-66.5173,8.23,0,,,,,32,17.3,ok
TIC 232079133,29.6559,-69.5545,8.23,0,,,,,11,17.3,ok
TIC 403284457,332.2639,-61.7111,8.23,0,,,,,9,15.6,ok
TIC 271812702,112.1749,-75.4081,8.23,0,,,,,34,18.2,ok
TIC 201249058,0.5208,-56.515,8.23,0,,,,,11,17.2,ok
TIC 325491896,357.8115,-83.4729,8.23,0,,,,,2,4.3,ok
TIC 150440176,97.6862,-61.6086,8.23,0,,,,,39,17.4,ok
TIC 277716959,329.8836,-60.9335,8.23,0,,,,,3,5.8,ok
TIC 276943440,83.6692,-70.939,8.23,0,,,,,40,17.1,ok
TIC 441407954,310.7119,-35.4189,8.23,0,,,,,1,2.3,ok
TIC 316936115,356.2584,-59.1754,8.23,0,,,,,8,13.6,ok
TIC 269855919,70.8319,-79.1262,8.23,0,,,,,19,17.4,ok
TIC 232060678,339.4626,-60.0947,8.23,0,,,,,6,10.4,ok
TIC 117509447,339.1548,-46.4597,8.23,0,,,,,5,8.9,ok
TIC 55384838,77.332,-65.1289,8.23,0,,,,,30,17.7,ok
TIC 369682539,18.6212,-64.896,8.23,0,,,,,8,14.3,ok
TIC 53849347,327.7379,-25.3175,8.23,0,,,,,4,7.3,ok
TIC 388107420,62.6569,-71.6914,8.23,0,,,,,43,17.6,ok
TIC 212294682,309.4474,-28.8257,8.23,0,,,,,5,8.9,ok
TIC 55664116,74.4822,-60.9409,8.23,0,,,,,41,18.2,ok
TIC 31944460,54.373,-66.5243,8.23,0,,,,,22,18.0,ok
TIC 238172405,357.4131,-67.9446,8.23,0,,,,,1,2.5,ok
TIC 260854590,349.8739,-70.3233,8.23,0,,,,,3,5.5,ok
TIC 206408374,330.2825,-22.6646,8.23,0,,,,,4,7.5,ok
TIC 355476798,351.712,-52.1871,8.23,0,,,,,2,4.1,ok
TIC 350221833,355.9884,-65.4908,8.23,0,,,,,1,2.3,ok
TIC 219310077,318.5698,-58.5241,8.23,0,,,,,1,2.5,ok
TIC 260659557,98.2459,-59.0398,8.23,0,,,,,43,17.0,ok
TIC 469850267,316.8161,-49.1569,8.23,0,,,,,5,9.0,ok
TIC 269992894,311.3648,-25.9536,8.24,0,,,,,1,2.4,ok
TIC 260749554,346.1568,-68.3792,8.24,0,,,,,10,17.1,ok
TIC 308454245,120.9581,-64.6291,8.24,0,,,,,30,17.3,ok
TIC 211402128,321.3905,-35.5846,8.24,0,,,,,2,3.9,ok
TIC 306579787,119.6347,-66.7744,8.24,0,,,,,21,17.0,ok
TIC 55849142,75.8263,-61.4153,8.24,0,,,,,43,16.9,ok
TIC 29433169,313.789,-25.702,8.24,0,,,,,5,9.2,ok
TIC 179638714,80.6513,-67.358,8.24,0,,,,,13,16.6,ok
TIC 382604316,39.2952,-61.608,8.24,0,,,,,5,9.0,ok
TIC 426030159,44.4885,-72.545,8.24,0,,,,,14,17.9,ok
TIC 407661867,83.0771,-72.8325,8.24,0,,,,,41,17.3,ok
TIC 91430444,313.3318,-45.318,8.24,0,,,,,2,4.0,ok
TIC 273568902,356.8153,-77.2351,8.24,0,,,,,8,14.1,ok
TIC 406318812,326.6135,-61.8163,8.24,0,,,,,1,2.4,ok
TIC 176875517,101.0229,-76.4082,8.24,0,,,,,22,17.2,ok
TIC 167811761,104.8256,-62.9067,8.24,0,,,,,39,17.0,ok
TIC 280794577,359.3647,-61.7618,8.24,0,,,,,1,2.4,ok
TIC 53993782,331.5255,-26.173,8.24,0,,,,,4,7.2,ok
TIC 61456487,334.9472,-32.2639,8.24,0,,,,,1,2.2,ok
TIC 234497780,10.7709,-62.766,8.24,0,,,,,9,15.5,ok
TIC 38587771,64.141,-65.9113,8.24,0,,,,,31,16.7,ok
TIC 350477233,85.8328,-54.8194,8.24,0,,,,,29,17.2,ok
TIC 441432457,311.8115,-31.4563,8.24,0,,,,,2,4.0,ok
TIC 30031439,73.1007,-69.4039,8.24,1,1.5993,17.3,rejete,variabilite_continue,12,22.4,ok
TIC 382263711,323.8074,-39.7126,8.24,0,,,,,3,5.7,ok
TIC 393491292,67.4844,-58.9246,8.24,0,,,,,3,5.5,ok
TIC 197575748,326.4587,-41.2299,8.24,0,,,,,1,2.4,ok
TIC 376985587,77.1759,-80.2682,8.25,0,,,,,23,17.1,ok
TIC 71314712,330.6327,-47.6775,8.25,0,,,,,2,3.9,ok
TIC 350744678,88.7508,-55.2315,8.25,0,,,,,34,17.2,ok
TIC 237935160,58.9215,-60.7836,8.25,0,,,,,19,16.9,ok
TIC 91449342,313.7016,-43.1109,8.25,0,,,,,5,9.1,ok
TIC 328027864,3.4043,-68.1977,8.25,0,,,,,7,11.8,ok
TIC 277714912,329.7071,-65.5589,8.25,0,,,,,2,3.9,ok
TIC 277751710,330.4149,-63.3611,8.25,0,,,,,10,17.1,ok
TIC 38424405,60.4109,-61.9585,8.25,0,,,,,23,17.3,ok
TIC 441029961,324.2878,-21.0393,8.25,0,,,,,3,5.5,ok
TIC 269762577,66.2988,-82.2544,8.25,0,,,,,7,12.4,ok
TIC 265568297,330.6233,-58.2952,8.25,0,,,,,3,5.6,ok
TIC 279639176,49.068,-63.2806,8.25,0,,,,,8,13.7,ok
TIC 370246235,42.3074,-82.6232,8.25,0,,,,,12,17.3,ok
TIC 147112674,321.5467,-42.7988,8.25,0,,,,,4,7.2,ok
TIC 31925538,53.3076,-69.8699,8.25,0,,,,,21,17.3,ok
TIC 63281363,337.226,-33.8999,8.25,0,,,,,2,4.0,ok
TIC 375038128,99.7238,-63.4645,8.25,0,,,,,32,17.4,ok
TIC 80083771,331.1147,-30.392,8.25,0,,,,,1,2.4,ok
TIC 375062809,100.037,-65.9367,8.25,0,,,,,39,17.8,ok
TIC 161378663,344.606,-50.7989,8.25,0,,,,,7,12.1,ok
TIC 327723603,331.8238,-65.8827,8.25,0,,,,,1,2.2,ok
TIC 394231269,47.7853,-75.233,8.25,0,,,,,11,17.3,ok
TIC 176875890,101.1089,-77.2452,8.25,0,,,,,32,17.0,ok
TIC 50272813,29.748,-77.0641,8.25,0,,,,,9,15.7,ok
TIC 159671085,318.1366,-41.8076,8.25,0,,,,,4,7.4,ok
TIC 289795863,317.1179,-26.5,8.25,0,,,,,1,2.3,ok
TIC 271900960,112.9418,-75.5276,8.25,0,,,,,34,17.9,ok
TIC 229806012,329.6374,-53.9875,8.25,0,,,,,8,13.5,ok
TIC 32072196,58.2352,-68.9648,8.25,0,,,,,38,17.0,ok
TIC 441155514,332.757,-25.8405,8.25,0,,,,,4,7.4,ok
TIC 260353507,94.7664,-53.9733,8.25,0,,17.1,rejete,variabilite_continue;eclipse_secondaire,34,22.1,ok
TIC 92594211,315.5384,-34.0519,8.25,0,,,,,1,2.9,ok
TIC 389086775,333.3325,-68.7037,8.25,0,,,,,1,2.4,ok
TIC 38573641,63.7258,-60.3737,8.25,0,,,,,29,17.5,ok
TIC 150098542,91.6834,-62.6817,8.26,0,,,,,29,17.4,ok
TIC 279639108,48.9527,-62.9859,8.26,0,,,,,10,17.8,ok
TIC 220563149,45.3973,-62.4473,8.26,0,,,,,11,16.9,ok
TIC 389378986,311.8405,-41.5346,8.26,0,,,,,2,3.9,ok
TIC 269833029,310.2059,-26.9319,8.26,0,,,,,1,2.4,ok
TIC 265567103,330.5671,-54.4928,8.26,0,,,,,3,5.8,ok
TIC 309067801,123.4974,-62.4356,8.26,0,,,,,21,16.8,ok
TIC 270269890,330.8285,-29.1547,8.26,0,,,,,3,5.6,ok
TIC 126745610,315.7837,-45.7528,8.26,0,,,,,4,7.6,ok
TIC 147333786,325.7449,-47.3862,8.26,0,,,,,4,7.3,ok
TIC 273827258,33.609,-62.969,8.26,0,,,,,8,13.7,ok
TIC 369771333,35.3846,-61.895,8.26,0,,,,,10,16.7,ok
TIC 348762356,45.9993,-83.069,8.26,0,,,,,3,5.8,ok
TIC 121486946,343.1355,-42.7883,8.26,0,,,,,1,2.3,ok
TIC 439360240,319.1747,-22.8102,8.26,0,,,,,1,2.4,ok
TIC 406272641,325.4176,-64.747,8.26,0,,,,,1,2.2,ok
TIC 39080548,13.5725,-69.0867,8.26,0,,,,,10,17.3,ok
TIC 150390490,96.5365,-64.5532,8.26,0,,,,,36,17.3,ok
TIC 279571832,106.1393,-58.8296,8.26,0,,,,,43,16.9,ok
TIC 355636696,358.1156,-56.6428,8.26,0,,,,,8,13.8,ok
TIC 382372903,329.8703,-45.2166,8.26,0,,,,,4,7.4,ok
TIC 394124583,348.3428,-60.4458,8.26,0,,,,,7,12.2,ok
TIC 394634263,351.7944,-70.3845,8.26,0,,,,,1,2.5,ok
TIC 177082055,103.5473,-68.158,8.26,0,,,,,42,17.3,ok
TIC 260981689,75.227,-81.3789,8.26,0,,,,,16,17.4,ok
TIC 233967362,36.9265,-64.7782,8.26,0,,,,,10,17.3,ok
TIC 238874890,39.4678,-73.7936,8.26,0,,,,,12,17.9,ok
TIC 121422618,341.9606,-43.3747,8.26,0,,,,,1,2.5,ok
TIC 33717073,60.9143,-77.9156,8.27,0,,,,,21,17.5,ok
TIC 231910954,6.8853,-60.0606,8.27,0,,,,,3,5.6,ok
TIC 370247585,55.4815,-78.7698,8.27,0,,,,,14,17.9,ok
TIC 369682510,18.4168,-65.0388,8.27,0,,,,,2,4.1,ok
TIC 388128620,63.5964,-69.5458,8.27,0,,,,,33,16.9,ok
TIC 51991640,15.3356,-68.5708,8.27,0,,,,,9,15.5,ok
TIC 406342407,327.7684,-64.9786,8.27,0,,,,,2,4.4,ok
TIC 279255886,331.5213,-47.935,8.27,0,,,,,1,2.3,ok
TIC 31815637,51.5793,-67.616,8.27,0,,,,,21,17.1,ok
TIC 206473269,331.207,-23.7295,8.27,0,,,,,3,5.6,ok
TIC 206480280,331.4773,-18.9307,8.27,0,,,,,4,7.0,ok
TIC 270342707,33.9398,-79.0261,8.27,0,,,,,10,17.2,ok
TIC 44624757,341.2921,-45.5849,8.27,0,,,,,1,2.3,ok
TIC 260351540,94.804,-58.0541,8.27,0,,,,,41,17.2,ok
TIC 261264993,91.3499,-81.9905,8.27,0,,,,,12,17.2,ok
TIC 219331254,336.9724,-56.66,8.27,0,,,,,2,4.3,ok
TIC 394008752,329.4479,-58.0352,8.27,0,,,,,6,10.2,ok
TIC 79054590,315.5765,-52.291,8.27,0,,,,,2,4.1,ok
TIC 92788373,317.2763,-30.8637,8.27,0,,,,,1,2.3,ok
TIC 269882704,310.8647,-25.228,8.27,0,,,,,1,2.3,ok
TIC 29861079,316.8087,-27.3838,8.27,0,,,,,4,7.2,ok
TIC 278660474,328.7914,-69.0219,8.27,0,,,,,2,4.1,ok
TIC 271811957,112.3815,-74.2621,8.27,0,,,,,21,17.4,ok
TIC 144457947,336.1388,-46.9274,8.27,0,,,,,5,8.5,ok
TIC 349154160,108.2419,-61.6133,8.27,0,,,,,41,16.8,ok
TIC 403121294,324.3149,-65.0393,8.27,0,,,,,4,7.6,ok
TIC 183979262,21.6506,-72.7489,8.27,1,1.7153,32.2,rejete,variabilite_continue;eclipse_secondaire,6,14.3,ok
TIC 238167433,356.617,-71.0745,8.27,0,,,,,9,15.8,ok
TIC 38835654,8.1242,-69.4964,8.27,0,,,,,8,13.5,ok
TIC 306470369,118.4768,-67.4551,8.27,0,,,,,41,17.1,ok
TIC 266971294,3.5394,-76.2587,8.27,0,,,,,3,5.6,ok
TIC 204543521,327.357,-34.8245,8.28,0,,,,,1,2.3,ok
TIC 392761279,328.0619,-72.806,8.28,0,,,,,6,10.6,ok
TIC 204586890,328.2901,-34.8658,8.28,0,,,,,4,7.2,ok
TIC 234997844,350.917,-61.0174,8.28,0,,,,,7,12.0,ok
TIC 270557659,99.6306,-79.2083,8.28,0,,,,,31,18.1,ok
TIC 412050620,337.3629,-63.4047,8.28,0,,,,,1,2.4,ok
TIC 126639048,314.8757,-43.9528,8.28,0,,,,,4,7.0,ok
TIC 389423271,311.9376,-36.5951,8.28,0,,20.0,rejete,variabilite_continue;eclipse_secondaire,2,5.2,ok
TIC 316915351,356.0226,-54.207,8.28,0,,,,,10,16.6,ok
TIC 80081853,330.8224,-34.7792,8.28,0,,,,,1,2.2,ok
TIC 141210448,81.7891,-74.7554,8.28,0,,,,,41,17.3,ok
TIC 349967099,114.207,-63.3004,8.28,0,,,,,24,16.8,ok
TIC 60369729,334.0626,-33.7881,8.28,0,,,,,4,7.2,ok
TIC 147349525,326.2157,-42.2859,8.28,0,,,,,3,5.9,ok
TIC 141765836,91.6243,-72.5146,8.28,0,,,,,32,17.5,ok
TIC 214875225,341.606,-36.1408,8.28,0,,,,,1,2.3,ok
TIC 211378474,320.8867,-33.6708,8.28,0,,,,,2,3.9,ok
TIC 302923993,34.9587,-63.5446,8.28,0,,,,,8,14.0,ok
TIC 231912596,7.3174,-65.2559,8.28,0,,,,,6,10.6,ok
TIC 277889967,353.3422,-74.8563,8.28,0,,,,,10,16.8,ok
TIC 38833347,7.9064,-67.701,8.28,0,,,,,9,15.7,ok
TIC 410228347,353.762,-82.3361,8.28,0,,,,,4,7.5,ok
TIC 63281483,337.1859,-31.5057,8.28,0,,,,,4,6.9,ok
TIC 261236136,88.3725,-81.9478,8.28,0,,,,,16,17.6,ok
TIC 290132834,319.6586,-29.256,8.28,0,,,,,4,7.1,ok
TIC 97433004,332.989,-31.3857,8.28,0,,,,,3,5.5,ok
TIC 237316813,344.231,-61.6739,8.28,0,,,,,6,10.6,ok
TIC 231077890,67.8313,-71.2332,8.28,0,,,,,43,17.1,ok
TIC 219321172,326.3773,-55.2806,8.28,0,,,,,8,13.6,ok
TIC 99738616,322.022,-22.9309,8.28,0,,,,,4,7.2,ok
TIC 159858551,325.5841,-41.2095,8.28,0,,,,,2,4.4,ok
TIC 350221848,355.9073,-65.4312,8.28,0,,,,,6,10.7,ok
TIC 260267208,93.9122,-57.7013,8.28,0,,,,,31,17.3,ok
TIC 393892772,333.4531,-28.6682,8.28,0,,,,,3,5.6,ok
TIC 260267074,93.9867,-58.0007,8.28,0,,,,,41,17.0,ok
TIC 25134377,62.5145,-67.3262,8.29,0,,,,,33,16.9,ok
TIC 50308200,30.3186,-72.3639,8.29,0,,,,,10,16.9,ok
TIC 320965223,325.177,-37.0784,8.29,0,,,,,4,7.8,ok
TIC 219205475,92.9596,-51.5976,8.29,0,,,,,18,17.4,ok
TIC 348771456,47.2027,-79.8917,8.29,0,,,,,13,17.4,ok
TIC 302753973,322.8978,-24.4405,8.29,0,,,,,5,8.8,ok
TIC 389424817,311.9375,-39.6808,8.29,0,,,,,5,8.6,ok
