nom,RA,Dec,Tmag,n_candidats,periodes,snr_max,verdict_auto,raisons_auto,n_secteurs,secondes,status
TIC 149988523,90.5391,-60.0968,4.0,0,,,,,44,19.8,ok
TIC 184398869,29.2929,-47.3852,4.06,0,,,,,8,16.0,ok
TIC 140692280,73.7973,-74.9365,4.07,0,,,,,42,18.1,ok
TIC 199733788,22.3773,-46.7563,4.09,0,,,,,8,14.3,ok
TIC 149542947,86.1928,-65.7355,4.14,0,,,,,33,18.1,ok
TIC 278987417,101.8279,-55.5398,4.14,0,,,,,37,17.9,ok
TIC 167088607,95.6599,-69.9838,4.15,0,,,,,40,18.5,ok
TIC 140477430,20.8789,-30.9459,4.17,0,,,,,4,8.4,ok
TIC 290170765,32.1902,-17.7793,4.18,0,,,,,3,6.7,ok
TIC 244178877,7.5099,-3.9574,4.18,0,,,,,5,9.6,ok
TIC 381949122,76.3774,-57.472,4.22,0,,,,,45,18.0,ok
TIC 141280255,82.9736,-76.3394,4.23,0,,,,,42,18.0,ok
TIC 260605873,97.3683,-56.8526,4.24,0,,,,,44,18.3,ok
TIC 382419388,34.9764,-55.9447,4.28,0,,,,,7,13.8,ok
TIC 651236339,44.568,-40.3046,4.29,0,,,,,3,6.3,ok
TIC 382198789,81.5802,-58.9123,4.32,0,,,,,43,17.9,ok
TIC 262843771,52.3493,-62.9354,4.33,0,,,,,?,0.6,erreur
TIC 63812368,13.9815,-27.7759,4.34,0,,,,,2,4.4,ok
TIC 54071353,23.9958,-15.4001,4.34,0,,,,,3,6.6,ok
TIC 32354173,25.5354,-32.327,4.35,0,,,,,4,8.5,ok
TIC 63921344,13.1695,-24.0056,4.35,0,,,,,2,4.2,ok
TIC 38680734,65.4733,-63.3854,4.38,0,,,,,45,17.4,ok
TIC 24910738,27.3954,-10.6869,4.39,0,,,,,3,6.6,ok
TIC 178154701,42.6684,-35.6762,4.39,0,,,,,5,10.1,ok
TIC 142163992,36.7465,-47.7039,4.39,0,,,,,6,12.0,ok
TIC 269570953,15.7599,-4.8372,4.41,0,,,,,6,11.5,ok
TIC 278202079,111.4079,-79.0942,4.41,0,,,,,23,19.0,ok
TIC 140497146,21.742,-32.5434,4.42,0,,,,,4,8.4,ok
TIC 408015562,13.9266,-7.3474,4.42,0,,,,,4,8.5,ok
TIC 141810080,92.563,-74.7543,4.43,0,,,,,45,18.4,ok
TIC 149304313,83.2488,-64.2275,4.45,0,,,,,40,18.5,ok
TIC 10763364,12.3574,-13.5619,4.45,0,,,,,2,4.2,ok
TIC 197831580,54.4358,-55.3963,4.45,0,,,,,9,17.3,ok
TIC 30762159,75.6791,-71.3142,4.46,0,,,,,42,18.6,ok
TIC 259477845,70.6931,-50.4811,4.46,0,,,,,?,0.5,erreur
TIC 40048460,6.7768,-6.6048,4.49,0,,,,,4,7.8,ok
TIC 63835332,14.6516,-29.3574,4.5,0,,,,,3,5.9,ok
TIC 38574220,63.7022,-62.1912,4.5,0,,,,,42,18.6,ok
TIC 150320620,95.7558,-63.683,4.5,1,2.2113,17.0,rejete,variabilite_continue;eclipse_secondaire;compagnon_trop_gros_8.6Rjup,40,25.1,ok
TIC 38699658,66.272,-61.2381,4.5,0,,,,,44,18.0,ok
TIC 398570220,15.1684,-1.6587,4.5,0,,,,,5,10.2,ok
TIC 213014743,11.3507,-4.629,4.51,0,,,,,6,11.9,ok
TIC 41863903,21.1701,-41.4928,4.51,0,,,,,6,11.3,ok
TIC 64031281,37.6367,-22.5455,4.52,0,,,,,3,6.7,ok
TIC 167126852,96.3691,-69.6891,4.53,0,,,,,42,18.2,ok
TIC 123322772,30.3106,-30.0025,4.54,0,,,,,4,8.4,ok
TIC 381925942,76.2525,-54.4074,4.54,0,,,,,21,18.4,ok
TIC 306829961,121.982,-68.6169,4.55,0,,,,,38,18.5,ok
TIC 114502163,11.9303,-18.0611,4.56,0,,,,,?,0.5,erreur
TIC 201922554,41.0615,-54.3012,4.57,0,,,,,7,13.7,ok
TIC 167458584,17.8221,-13.5033,4.57,0,,,,,2,4.8,ok
TIC 41976025,23.2336,-36.8653,4.58,0,,,,,4,8.4,ok
TIC 142206468,38.7489,-42.113,4.6,0,,,,,4,8.6,ok
TIC 279342892,35.6368,-23.8168,4.6,0,,,,,4,8.3,ok
TIC 610713314,8.8138,-3.5929,4.6,0,,,,,4,7.4,ok
TIC 237340839,60.0648,-51.5649,4.61,0,,,,,5,9.9,ok
TIC 423749203,29.8795,-13.8724,4.62,0,,,,,3,6.6,ok
TIC 279649049,49.57,-62.5026,4.64,0,,,,,11,18.8,ok
TIC 114472728,11.5502,-22.5221,4.66,0,,,,,2,4.4,ok
TIC 220424200,72.2697,-56.6664,4.66,0,,,,,29,18.8,ok
TIC 248355362,17.9309,-2.2512,4.66,0,,,,,6,11.6,ok
TIC 92982886,27.9422,-15.6475,4.66,0,,,,,3,6.6,ok
TIC 207149774,45.8684,-58.9331,4.67,0,,,,,7,13.9,ok
TIC 142268253,39.9508,-42.8918,4.67,0,,,,,4,8.6,ok
TIC 184533614,29.9113,-42.0311,4.67,0,,,,,4,8.1,ok
TIC 248386767,19.1506,-2.5007,4.68,0,,,,,6,11.9,ok
TIC 3962869,12.5303,-10.6457,4.68,0,,,,,3,6.5,ok
TIC 146731630,45.733,-46.975,4.69,0,,,,,4,8.3,ok
TIC 115284458,26.8197,-41.7596,4.69,0,,,,,4,8.3,ok
TIC 260507093,96.767,-58.0021,4.74,0,,,,,43,19.0,ok
TIC 142108949,99.4236,-77.5384,4.76,0,,,,,42,18.6,ok
TIC 129766612,35.7774,-37.5763,4.76,0,,,,,?,0.8,erreur
TIC 153066978,49.3607,-47.7515,4.76,0,,,,,5,10.1,ok
TIC 260372062,95.4197,-56.3623,4.76,0,,,,,41,18.4,ok
TIC 313936958,22.5957,-26.2078,4.76,0,,,,,3,6.7,ok
TIC 207149599,45.9026,-59.7381,4.76,0,,,,,7,13.8,ok
TIC 30110465,73.3771,-66.6753,4.77,0,,,,,42,17.8,ok
TIC 231286390,43.5269,-50.8714,4.77,0,,,,,4,8.5,ok
TIC 399702910,20.6544,1.7261,4.77,0,,,,,6,11.5,ok
TIC 241630725,25.9782,-4.7657,4.77,0,,,,,3,6.6,ok
TIC 259902074,41.387,-67.6164,4.78,0,,,,,12,18.4,ok
TIC 7219876,32.2883,-43.5169,4.78,0,,,,,4,8.4,ok
TIC 24208171,14.6826,-11.3801,4.78,0,,,,,3,6.4,ok
TIC 201884817,40.1654,-54.5499,4.79,0,,,,,7,13.5,ok
TIC 241392984,24.4671,-3.4407,4.8,0,,,,,3,6.5,ok
TIC 423398081,31.5239,-10.2127,4.81,0,,,,,3,6.8,ok
TIC 219405754,78.4722,-52.0308,4.81,0,,,,,14,18.3,ok
TIC 35119324,35.5208,-17.6625,4.83,0,,,,,3,6.8,ok
TIC 32257224,22.93,-30.2833,4.83,0,,,,,4,8.6,ok
TIC 72586907,31.1227,-29.2967,4.85,0,,,,,4,8.6,ok
TIC 212957673,8.8144,-3.5931,4.85,0,,,,,5,9.6,ok
TIC 500931215,22.9302,-30.2834,4.86,0,,,,,3,6.5,ok
TIC 349647610,112.2143,-64.5099,4.86,0,,,,,44,18.2,ok
TIC 63958035,36.6473,-20.042,4.86,0,,,,,?,0.6,erreur
TIC 408131298,34.5358,-14.1336,4.86,0,,,,,3,6.8,ok
TIC 220559249,44.6995,-64.0713,4.87,0,,,,,9,17.9,ok
TIC 166853853,40.6425,-50.799,4.88,0,,,,,6,12.5,ok
TIC 302382936,32.8899,-17.743,4.88,0,,,,,3,6.6,ok
TIC 114435313,11.1846,-22.0057,4.88,0,,,,,2,4.3,ok
TIC 122541607,39.0385,-30.045,4.88,0,,,,,4,8.2,ok
TIC 166808854,39.3525,-52.5432,4.88,0,,,,,7,13.7,ok
TIC 38759751,66.9416,-62.5212,4.89,0,,,,,43,18.5,ok
TIC 271973682,114.0176,-77.634,4.9,0,,,,,27,18.6,ok
TIC 293972244,106.6999,-58.3809,4.9,0,,,,,42,18.8,ok
TIC 279649057,49.4591,-62.5716,4.9,0,,,,,11,19.1,ok
TIC 101039305,56.3161,-47.3595,4.91,0,,,,,5,10.4,ok
TIC 350563801,86.8056,-54.3607,4.91,0,,,,,32,18.1,ok
TIC 231279752,42.4204,-52.7586,4.92,0,,,,,7,13.9,ok
TIC 220517490,41.3647,-63.7046,4.92,0,,,,,11,19.2,ok
TIC 406449768,31.0523,-11.8598,4.93,0,,,,,2,4.9,ok
TIC 213004473,10.1765,-4.3519,4.94,0,,,,,6,11.7,ok
TIC 176960513,101.2316,-70.4337,4.95,0,,,,,41,18.5,ok
TIC 212381865,27.566,-12.8869,4.96,0,,,,,3,6.6,ok
TIC 220526882,43.08,-62.9096,4.96,0,,,,,11,19.1,ok
TIC 295071039,72.6837,-69.8313,4.98,0,,,,,43,18.8,ok
TIC 382582555,36.2238,-60.3127,4.99,0,,,,,?,0.6,erreur
TIC 631592084,39.3524,-52.5433,4.99,0,,,,,2,4.6,ok
TIC 299135660,21.945,-10.9015,4.99,0,,,,,3,6.7,ok
TIC 268804144,33.2545,-20.9999,5.0,0,,,,,3,6.6,ok
TIC 122506121,38.2791,-34.6501,5.03,0,,,,,4,8.3,ok
TIC 65291439,38.4612,-28.2324,5.04,0,,,,,4,8.7,ok
TIC 42056775,24.6144,-36.529,5.04,0,,,,,4,8.4,ok
TIC 257484148,30.7442,-15.3059,5.05,0,,,,,3,6.4,ok
TIC 244167769,6.137,-4.6478,5.05,0,,,,,4,7.5,ok
TIC 229142326,26.5273,-53.5217,5.05,0,,,,,7,13.5,ok
TIC 97467784,23.5974,-28.2368,5.06,0,,,,,4,8.3,ok
TIC 201938311,41.9376,-59.051,5.07,0,,,,,7,13.7,ok
TIC 63905972,12.3086,-24.137,5.08,0,,,,,2,4.0,ok
TIC 92225029,10.9587,-12.013,5.08,0,,,,,2,4.0,ok
TIC 138740189,33.6329,-41.1669,5.09,0,,,,,3,6.8,ok
TIC 372908550,119.4233,-65.9087,5.09,0,,,,,37,18.4,ok
TIC 91529289,37.0072,-33.811,5.09,0,,,,,4,8.5,ok
TIC 439468853,20.8396,-17.9339,5.11,0,,,,,3,6.6,ok
TIC 339672887,110.4402,-56.253,5.11,0,,,,,22,18.4,ok
TIC 380882089,15.1267,-12.1959,5.11,0,,,,,?,0.6,erreur
TIC 350094361,115.1369,-64.3233,5.11,0,,,,,44,19.1,ok
TIC 220414802,71.0885,-59.7325,5.11,0,,,,,?,1027.0,timeout
TIC 382424067,52.0719,-57.8823,5.12,0,,,,,9,18.4,ok
TIC 354654467,25.0267,-48.7612,5.12,0,,,,,8,15.0,ok
TIC 350765991,89.2001,-59.4223,5.12,0,,,,,43,19.1,ok
TIC 439500072,22.4009,-21.6293,5.12,0,,,,,3,6.8,ok
TIC 41331819,92.1836,-68.8433,5.13,0,,,,,33,18.0,ok
TIC 266787865,30.7153,-23.8868,5.13,0,,,,,?,0.5,erreur
TIC 111363395,31.5598,-39.539,5.14,0,,,,,4,8.6,ok
TIC 115378668,28.3475,-38.5945,5.15,0,,,,,3,6.7,ok
TIC 248382514,18.5621,-2.1795,5.15,0,,,,,5,9.8,ok
TIC 200723490,47.6137,-48.7343,5.15,0,,,,,4,7.7,ok
TIC 209405817,44.7557,-34.1891,5.15,0,,,,,5,10.0,ok
TIC 178153166,42.562,-35.8435,5.16,0,,,,,6,11.9,ok
TIC 122542393,39.1924,-35.829,5.16,0,,,,,5,10.3,ok
TIC 33491978,26.2397,-28.727,5.16,0,,,,,4,8.3,ok
TIC 241807468,27.4777,-4.8597,5.17,0,,,,,2,5.2,ok
TIC 229099027,28.5915,-42.4971,5.17,0,,,,,4,8.6,ok
TIC 32268449,23.7111,-31.8926,5.17,0,,,,,4,8.8,ok
TIC 122555698,39.2441,-34.5795,5.18,0,,,,,5,10.3,ok
TIC 29845542,23.4295,-7.0258,5.18,0,,,,,2,4.2,ok
TIC 220522615,42.2574,-62.8064,5.18,0,,,,,10,20.0,ok
TIC 257722735,37.1474,-31.1025,5.19,0,,,,,3,7.0,ok
TIC 149219496,82.3222,-62.3144,5.19,0,,,,,38,18.3,ok
TIC 279573219,106.0764,-56.7497,5.2,0,,,,,35,18.6,ok
TIC 167572319,101.3552,-65.0443,5.21,0,,,,,39,18.6,ok
TIC 237934406,59.0175,-63.4635,5.21,0,,,,,29,18.6,ok
TIC 423700466,21.7149,-13.0565,5.21,0,,,,,3,6.6,ok
TIC 308226686,40.5277,-38.3836,5.22,0,,,,,5,10.4,ok
TIC 326184661,16.5319,-23.9927,5.22,0,,,,,2,4.8,ok
TIC 398704220,16.4035,-9.9795,5.22,0,,,,,2,4.8,ok
TIC 369554427,26.1497,3.2236,5.22,0,,,,,5,10.1,ok
TIC 257500475,31.1946,-17.2876,5.23,0,,,,,3,6.7,ok
TIC 389865251,87.4727,-66.9011,5.23,0,,,,,26,19.6,ok
TIC 441498355,23.715,-23.6996,5.25,0,,,,,3,6.7,ok
TIC 262573254,114.6556,-56.2293,5.25,0,,,,,20,18.1,ok
TIC 248383125,18.7048,-0.9726,5.26,0,,,,,?,0.7,erreur
TIC 340784974,33.8551,-41.0688,5.26,0,,,,,3,6.9,ok
TIC 197845877,54.9136,-56.2345,5.26,0,,,,,9,16.9,ok
TIC 350655963,88.0844,-57.1566,5.27,0,,,,,42,19.3,ok
TIC 300015238,107.1767,-70.4965,5.28,0,,,,,42,19.0,ok
TIC 35666218,23.7139,-3.5241,5.28,0,,,,,4,8.3,ok
TIC 268863859,34.7242,-19.5348,5.28,0,,,,,3,6.8,ok
TIC 401867535,26.9079,-46.2573,5.28,0,,,,,9,17.3,ok
TIC 215336148,42.7759,-40.9632,5.29,0,,,,,5,10.7,ok
TIC 408048143,16.9434,-9.7855,5.29,0,,,,,3,6.6,ok
TIC 259443859,69.768,-51.6727,5.29,0,,,,,8,16.3,ok
TIC 350298145,83.7613,-58.871,5.29,0,,,,,44,19.2,ok
TIC 287638396,125.518,-73.3998,5.29,0,,,,,23,18.7,ok
TIC 268531775,14.6827,-19.6328,5.29,0,,,,,2,4.2,ok
TIC 70525154,33.2271,-30.7238,5.3,0,,,,,4,8.3,ok
TIC 140476743,20.8219,-33.548,5.3,0,,,,,4,8.8,ok
TIC 279359927,104.6649,-55.7296,5.3,0,,,,,32,18.6,ok
TIC 164772696,26.912,-20.8454,5.3,0,,,,,?,0.6,erreur
TIC 340458436,115.7219,-58.2298,5.3,0,,,,,21,18.2,ok
TIC 199729842,21.1746,-44.5287,5.3,0,,,,,8,15.0,ok
TIC 32433365,27.3315,-31.0725,5.31,0,,,,,4,8.5,ok
TIC 630063233,25.4371,-11.3265,5.31,0,,,,,2,4.8,ok
TIC 319258493,59.9975,-61.8948,5.32,0,,,,,23,18.7,ok
TIC 160196569,27.5851,-47.8161,5.32,0,,,,,?,0.6,erreur
TIC 257485686,30.9745,-17.5137,5.32,0,,,,,3,6.7,ok
TIC 398671433,13.5734,-8.7409,5.32,0,,,,,3,6.9,ok
TIC 220538497,43.5867,-64.4356,5.33,0,,,,,11,18.9,ok
TIC 248952314,21.2029,-2.8487,5.33,0,,,,,?,0.6,erreur
TIC 248957130,21.6142,-0.3991,5.33,0,,,,,6,11.8,ok
TIC 139485032,36.084,-25.8474,5.33,0,,,,,4,8.4,ok
TIC 259592543,72.7296,-53.4611,5.33,0,,,,,12,18.2,ok
TIC 248955798,21.4685,-3.9275,5.35,0,,,,,3,5.7,ok
TIC 142275448,40.5353,-46.525,5.35,0,,,,,4,8.7,ok
TIC 24925021,27.9075,-6.8742,5.36,0,,,,,3,6.6,ok
TIC 32553282,21.1665,-15.6606,5.36,0,,,,,2,4.8,ok
TIC 220017951,32.6274,-50.8201,5.36,0,,,,,8,15.5,ok
TIC 122556844,39.5784,-30.1945,5.37,0,,,,,4,8.6,ok
TIC 765832822,117.303,-60.2828,5.37,0,,,,,7,13.1,ok
TIC 340215551,114.0065,-55.8876,5.37,0,,,,,18,18.2,ok
TIC 100992702,55.0816,-43.2409,5.37,0,,,,,5,10.2,ok
TIC 77112042,34.8532,-41.8482,5.37,0,,,,,4,8.4,ok
TIC 279368535,35.7409,-18.3558,5.38,0,,,,,3,7.3,ok
TIC 38828619,68.3869,-63.0291,5.38,0,,,,,31,18.8,ok
TIC 65452015,42.4761,-27.9419,5.38,0,,,,,2,4.2,ok
TIC 260131665,92.5746,-54.9686,5.39,0,,,,,43,19.5,ok
TIC 272319474,118.8387,-76.4976,5.39,0,,,,,25,18.7,ok
TIC 49618099,38.0619,-36.4272,5.39,0,,,,,3,6.8,ok
TIC 248944100,20.144,-3.247,5.39,0,,,,,6,11.6,ok
TIC 268858663,33.8989,-23.3689,5.41,0,,,,,3,7.4,ok
TIC 260416268,95.7322,-56.3701,5.41,0,,,,,41,18.7,ok
TIC 268752025,31.7177,-19.1391,5.43,0,,,,,3,6.6,ok
TIC 197880592,56.1414,-54.2736,5.43,0,,,,,7,13.9,ok
TIC 219410336,78.9119,-52.1821,5.43,0,,,,,14,18.6,ok
TIC 382509773,117.3032,-60.2829,5.43,0,,,,,27,18.7,ok
TIC 11688606,22.4287,-25.6177,5.43,0,,,,,?,0.5,erreur
TIC 206467013,56.8319,-50.7543,5.44,0,,,,,5,10.4,ok
TIC 393483049,35.5494,-43.1996,5.44,0,,,,,3,6.4,ok
TIC 326095780,15.8231,-29.526,5.45,0,,,,,2,4.2,ok
TIC 10784960,15.4114,-16.2661,5.46,0,,,,,3,6.7,ok
TIC 67545826,15.6107,-31.5519,5.46,0,,,,,3,6.2,ok
TIC 260041674,91.278,-56.2329,5.46,0,,,,,44,18.3,ok
TIC 241671685,26.3395,-3.169,5.47,0,,,,,2,5.0,ok
TIC 24979702,29.6921,-11.3015,5.47,0,,,,,3,6.8,ok
TIC 115318198,26.949,-37.1594,5.48,0,,,,,4,8.7,ok
TIC 122504826,38.0479,-32.6063,5.48,0,,,,,4,8.2,ok
TIC 33833289,63.6292,-75.808,5.49,0,,,,,38,19.6,ok
TIC 439496453,21.8471,-22.3387,5.5,0,,,,,2,4.8,ok
TIC 220457904,74.5082,-58.2083,5.5,0,,,,,44,18.6,ok
TIC 41898588,21.7424,-41.7475,5.5,0,,,,,6,11.4,ok
TIC 339962335,112.5747,-57.2103,5.5,0,,,,,25,18.0,ok
TIC 141151953,80.6343,-73.8014,5.5,0,,,,,42,18.2,ok
TIC 349677777,112.2851,-63.2457,5.51,0,,,,,44,19.0,ok
TIC 215480963,43.3937,-38.4368,5.51,0,,,,,6,12.2,ok
TIC 284081258,17.5496,-8.9064,5.52,0,,,,,3,6.5,ok
TIC 299099679,21.0856,-6.9146,5.52,0,,,,,3,6.6,ok
TIC 176873735,100.9034,-73.1188,5.52,0,,,,,41,18.9,ok
TIC 41230564,91.7105,-67.2833,5.52,0,,,,,?,0.7,erreur
TIC 42013785,23.9953,-36.4537,5.52,0,,,,,4,8.3,ok
TIC 423664438,9.0128,-14.9734,5.52,0,,,,,2,4.2,ok
TIC 146732878,45.9802,-43.8979,5.52,0,,,,,5,10.4,ok
TIC 92984630,28.2174,-16.9296,5.53,0,,,,,3,6.5,ok
TIC 167813113,104.7804,-60.8421,5.53,0,,,,,44,18.3,ok
TIC 115349676,27.8599,-39.8361,5.53,0,,,,,?,0.5,erreur
TIC 7244910,32.9761,-47.1706,5.53,0,,,,,6,12.0,ok
TIC 248942618,19.9513,-0.5091,5.53,0,,,,,6,11.7,ok
TIC 262883439,53.2157,-61.0166,5.54,0,,,,,12,18.4,ok
TIC 177075997,102.8625,-70.9633,5.54,0,,,,,43,18.2,ok
TIC 370227780,85.6709,-75.2504,5.54,0,,,,,44,19.0,ok
TIC 7222091,32.5205,-43.8156,5.54,0,,,,,4,8.5,ok
TIC 32283664,24.0362,-29.9069,5.54,0,,,,,4,8.4,ok
TIC 67566957,16.1354,-33.5329,5.54,0,,,,,4,7.7,ok
TIC 207208685,48.7215,-59.5135,5.55,0,,,,,8,15.7,ok
TIC 79531376,50.3894,-47.7767,5.55,0,,,,,5,10.1,ok
TIC 41533313,93.7281,-71.656,5.55,0,,,,,41,18.1,ok
TIC 92983281,27.9169,-13.2338,5.55,0,,,,,?,0.5,erreur
TIC 333557762,11.9038,-2.3218,5.55,0,,,,,6,11.7,ok
TIC 32307244,24.8398,-33.5648,5.55,0,,,,,4,8.2,ok
TIC 220526765,42.8996,-63.5408,5.55,0,,,,,9,17.3,ok
TIC 41955938,22.2074,-36.8331,5.56,0,,,,,4,8.3,ok
TIC 241539111,25.4026,-3.1229,5.56,0,,,,,3,6.9,ok
TIC 41861271,20.7603,-37.7024,5.56,0,,,,,3,6.0,ok
TIC 401912252,52.4793,-42.6343,5.56,0,,,,,5,10.3,ok
TIC 149347992,83.7392,-61.1762,5.57,0,,,,,43,18.4,ok
TIC 176876294,100.2404,-71.7754,5.57,0,,,,,44,19.2,ok
TIC 92226990,11.3693,-12.882,5.57,0,,,,,2,4.3,ok
TIC 453102450,116.1825,-66.0717,5.57,0,,,,,34,17.8,ok
TIC 31799975,51.401,-69.3361,5.57,0,,,,,22,19.4,ok
TIC 340216929,114.0149,-57.2955,5.58,0,,,,,23,19.1,ok
TIC 3838130,10.5612,-11.805,5.58,0,,,,,2,4.2,ok
TIC 364322720,87.8461,-64.0335,5.59,0,,,,,36,18.2,ok
TIC 129888334,56.0268,-40.6608,5.59,0,,,,,4,8.6,ok
TIC 300290824,110.2287,-71.5324,5.59,0,,,,,42,18.4,ok
TIC 299943748,106.5597,-68.8376,5.59,0,,,,,42,18.8,ok
TIC 248948571,20.6453,-0.4497,5.59,0,,,,,5,9.5,ok
TIC 299121767,21.8681,-9.2973,5.59,0,,,,,3,7.1,ok
TIC 167720039,103.4345,-65.9138,5.6,0,,,,,44,18.5,ok
TIC 24207200,14.6906,-5.8833,5.6,0,,,,,4,8.4,ok
TIC 54003409,23.658,-15.6764,5.6,0,,,,,3,6.5,ok
TIC 398704910,16.5216,-9.8393,5.6,0,,,,,3,6.6,ok
TIC 439495292,21.7635,-20.4915,5.6,0,,,,,3,6.8,ok
TIC 33547560,27.4899,-29.041,5.6,0,,,,,4,8.4,ok
TIC 24247955,15.3932,-6.7995,5.6,0,,,,,4,8.2,ok
TIC 31798594,51.01,-69.6245,5.61,0,,26.5,rejete,variabilite_continue;eclipse_secondaire;compagnon_trop_gros_2.7Rjup,19,25.7,ok
TIC 369604133,21.8723,-45.8461,5.61,0,,,,,8,15.0,ok
TIC 389433788,85.9445,-67.6996,5.61,0,,,,,31,18.2,ok
TIC 152972531,48.1077,-44.4213,5.61,0,,,,,5,10.7,ok
TIC 55852584,75.9859,-65.0121,5.61,0,,,,,40,19.5,ok
TIC 167121012,95.9931,-68.6008,5.62,0,,,,,35,18.9,ok
TIC 229159785,29.2532,-51.7648,5.62,0,,,,,?,0.7,erreur
TIC 62423348,29.3174,-17.6769,5.62,0,,,,,3,6.7,ok
TIC 306895522,122.2369,-71.7218,5.62,0,,,,,33,18.3,ok
TIC 220538050,43.2276,-65.4554,5.62,0,,,,,10,18.9,ok
TIC 49593774,37.0676,-36.3407,5.62,0,,,,,4,8.7,ok
TIC 212378678,27.1536,-14.7653,5.63,0,,,,,3,6.6,ok
TIC 231273588,41.2357,-48.6697,5.63,0,,,,,2,5.1,ok
TIC 632179318,24.0362,-29.9071,5.63,0,,,,,1,2.5,ok
TIC 198004546,59.679,-57.1023,5.63,0,,,,,9,17.1,ok
TIC 141482069,86.9504,-72.7021,5.63,0,,,,,42,18.7,ok
TIC 122608292,40.4142,-30.0609,5.63,0,,,,,4,8.5,ok
TIC 369381439,12.0046,-21.7226,5.64,0,,,,,2,4.2,ok
TIC 262845475,24.5831,2.5861,5.64,0,,,,,5,10.2,ok
TIC 375034557,99.5009,-61.533,5.64,0,,,,,39,18.7,ok
TIC 206456219,56.2105,-48.0617,5.64,0,,,,,4,8.8,ok
TIC 122575441,40.0102,-30.634,5.64,0,,,,,4,8.8,ok
TIC 308265697,51.8957,-39.8806,5.65,0,,,,,5,10.2,ok
TIC 299102346,21.48,-8.5045,5.65,0,,,,,3,6.5,ok
TIC 72748794,34.7424,-25.9431,5.65,0,,,,,3,6.7,ok
TIC 323283392,52.5565,-41.3709,5.65,0,,,,,5,10.4,ok
TIC 294747615,70.7667,-70.9308,5.65,0,,,,,43,18.8,ok
TIC 344301251,23.2454,0.127,5.65,0,,,,,6,12.1,ok
TIC 349371980,109.8846,-61.1449,5.66,0,,,,,44,18.6,ok
TIC 111243506,30.117,-41.7757,5.66,0,,,,,4,8.3,ok
TIC 167554964,101.1841,-61.2242,5.66,0,,,,,39,18.6,ok
TIC 92192174,10.1193,-16.5169,5.67,0,,,,,1,2.6,ok
TIC 241484680,25.1932,-2.6222,5.67,0,,,,,4,8.2,ok
TIC 31929199,53.971,-69.1929,5.67,0,,,,,21,19.1,ok
TIC 122669366,41.8903,-35.5508,5.67,0,,,,,5,10.3,ok
TIC 40086064,7.6696,-9.4078,5.67,0,,,,,3,6.6,ok
TIC 373916957,81.7493,-68.6228,5.67,0,,,,,38,19.5,ok
TIC 123270975,29.1445,-32.1383,5.68,0,,,,,4,8.2,ok
TIC 237940785,59.7178,-65.8814,5.68,0,,,,,38,18.6,ok
TIC 24978373,29.2879,-10.2438,5.68,0,,,,,?,0.5,erreur
TIC 273881029,35.3073,-19.9154,5.68,0,,,,,3,6.7,ok
TIC 38314851,13.4228,-4.5256,5.68,0,,,,,5,10.2,ok
TIC 231053750,30.0711,-55.0128,5.68,0,,,,,7,13.1,ok
TIC 167656187,102.5043,-60.2485,5.68,0,,,,,40,18.9,ok
TIC 220436223,73.7221,-58.5473,5.69,0,,,,,44,18.2,ok
TIC 183595451,18.19,-37.8567,5.69,0,,,,,4,8.1,ok
TIC 287868987,127.9358,-74.855,5.69,0,,,,,18,19.0,ok
TIC 207144580,44.7846,-55.5656,5.69,0,,,,,5,10.2,ok
TIC 220560148,44.9274,-63.6281,5.69,0,,,,,9,17.2,ok
TIC 423358225,14.4594,-1.766,5.7,0,,,,,6,12.1,ok
TIC 259961168,42.7177,-67.5224,5.7,0,,,,,13,18.9,ok
TIC 344370064,30.1766,-24.4223,5.7,0,,,,,3,6.6,ok
TIC 184533570,29.7359,-42.9492,5.71,0,,,,,4,8.3,ok
TIC 150431920,97.4175,-61.2419,5.71,0,,,,,43,18.2,ok
TIC 339890862,112.0476,-58.0728,5.71,0,,17.3,rejete,variabilite_continue;eclipse_secondaire,28,24.2,ok
TIC 219239739,64.6672,-52.8597,5.71,0,,,,,7,14.1,ok
TIC 91541563,36.9971,-30.4411,5.72,0,,,,,2,4.5,ok
TIC 279476396,105.2707,-58.9391,5.72,0,,,,,43,19.3,ok
TIC 651045772,48.1078,-44.4198,5.72,0,,,,,?,0.6,erreur
TIC 91591144,44.2018,-35.3778,5.73,0,,,,,5,10.1,ok
TIC 201883910,40.0068,-57.6683,5.73,0,,,,,4,8.7,ok
TIC 268687574,17.7576,-18.805,5.73,0,,,,,3,6.6,ok
TIC 115272975,25.5123,-36.8324,5.73,0,,,,,4,8.4,ok
TIC 219989778,30.5639,-49.4093,5.74,0,,,,,8,15.9,ok
TIC 3837741,10.5052,-9.6478,5.74,0,,,,,2,4.9,ok
TIC 257516353,31.5841,-15.4464,5.74,0,,,,,3,6.8,ok
TIC 166787777,38.4774,-51.0937,5.75,0,,,,,7,14.9,ok
TIC 41232189,91.5393,-66.0395,5.75,0,,,,,27,18.6,ok
TIC 372850543,98.193,-61.8277,5.75,0,,,,,28,21.8,ok
TIC 166698220,35.728,-51.0917,5.75,0,,,,,8,15.3,ok
TIC 279510954,105.5071,-59.4606,5.75,0,,,,,43,19.1,ok
TIC 10879648,26.182,-6.7661,5.75,0,,,,,?,0.5,erreur
TIC 150392584,96.6382,-60.5573,5.75,0,,,,,44,18.9,ok
TIC 259886730,40.8624,-66.7148,5.75,0,,,,,?,0.6,erreur
TIC 220565276,45.9023,-65.5284,5.76,0,,,,,9,17.3,ok
TIC 391901960,115.7164,-71.5418,5.76,0,,,,,43,19.3,ok
TIC 88347117,44.3037,-29.8553,5.76,0,,,,,4,8.7,ok
TIC 97467706,23.5227,-28.7835,5.77,0,,,,,4,8.4,ok
TIC 165145322,46.6406,-39.78,5.77,0,,,,,5,10.9,ok
TIC 55501960,72.196,-60.259,5.78,0,,,,,40,18.1,ok
TIC 140690428,73.2726,-72.4061,5.78,0,,,,,42,19.4,ok
TIC 40083683,7.2937,-11.5979,5.78,0,,,,,1,2.7,ok
TIC 229150702,27.7264,-50.2062,5.78,0,,,,,?,1018.0,timeout
TIC 439496994,21.9977,-22.0369,5.78,0,,,,,?,276.6,timeout
TIC 38469670,61.8426,-64.2204,5.78,0,,,,,42,18.3,ok
TIC 101015833,56.0778,-41.8977,5.78,0,,,,,?,0.5,erreur
TIC 287954622,128.9478,-77.0008,5.79,0,,,,,11,19.2,ok
TIC 207132108,42.7827,-57.1925,5.79,0,,,,,6,12.1,ok
TIC 453100169,116.2226,-68.7567,5.79,0,,,,,43,18.3,ok
TIC 299940359,106.146,-68.2485,5.79,0,,,,,42,18.6,ok
TIC 65416379,41.0923,-29.2066,5.8,0,,,,,5,10.1,ok
TIC 207144236,44.8939,-53.9085,5.8,0,,,,,6,12.1,ok
TIC 268785954,32.8845,-18.9769,5.8,0,,,,,3,6.4,ok
TIC 237925364,57.6248,-60.4276,5.8,0,,,,,16,18.1,ok
TIC 123404506,32.237,-31.7455,5.8,0,,,,,3,6.5,ok
TIC 115271591,25.3642,-38.1325,5.8,0,,,,,4,8.5,ok
TIC 260192754,93.4185,-56.9184,5.8,0,,,,,42,18.3,ok
TIC 79531640,50.5388,-46.7638,5.8,0,,,,,5,9.9,ok
TIC 279511712,105.8128,-59.178,5.8,0,,,,,43,18.3,ok
TIC 290168275,31.7388,-15.7058,5.81,0,,,,,3,6.6,ok
TIC 423432430,31.7609,-8.6065,5.81,0,,,,,3,6.7,ok
TIC 423360102,14.7628,-2.4535,5.81,0,,,,,6,11.9,ok
TIC 244178032,7.3726,-3.4692,5.81,0,,,,,4,12.1,ok
TIC 150359260,96.0573,-60.2811,5.81,0,,,,,43,18.7,ok
TIC 350346371,84.6071,-54.9542,5.81,0,,,,,39,18.4,ok
TIC 220402024,69.5312,-58.2036,5.81,0,,,,,35,18.5,ok
TIC 260640910,97.9929,-58.7538,5.81,0,,,,,?,0.6,erreur
TIC 300328258,110.7775,-70.6365,5.82,0,,,,,41,19.2,ok
TIC 10839729,25.4372,-11.3271,5.82,0,,,,,3,9.7,ok
TIC 219231889,63.7726,-53.0091,5.82,0,,,,,7,17.4,ok
TIC 33594761,28.7681,-24.8896,5.82,0,,,,,2,11.8,ok
TIC 70552338,33.217,-34.5387,5.82,0,,,,,4,14.8,ok
TIC 294159692,107.9808,-56.1552,5.82,0,,,,,31,17.8,ok
TIC 33493217,26.3883,-26.3971,5.82,0,,,,,3,9.6,ok
TIC 101016100,56.0553,-43.2362,5.83,0,,,,,5,14.3,ok
TIC 140493740,21.1686,-34.1397,5.84,0,,,,,4,12.6,ok
TIC 300865934,117.4208,-66.196,5.84,0,,,,,40,18.6,ok
TIC 146246251,34.334,-35.9827,5.84,0,,,,,4,12.0,ok
TIC 32257259,22.875,-29.9848,5.84,0,,,,,4,11.5,ok
TIC 31867144,52.7157,-66.4897,5.84,0,,,,,19,26.6,ok
TIC 381949031,76.3481,-57.1951,5.85,0,,,,,43,18.3,ok
TIC 159895008,48.3158,-41.3798,5.85,0,,,,,5,15.1,ok
TIC 259593290,72.8626,-51.7255,5.85,0,,,,,9,18.1,ok
TIC 207203428,48.0071,-56.4013,5.86,0,,,,,8,15.4,ok
TIC 200781561,50.7627,-51.5546,5.86,0,,,,,3,6.0,ok
TIC 64105644,39.4351,-22.9917,5.86,0,,,,,4,8.5,ok
TIC 207202159,47.6636,-57.8098,5.86,0,,,,,8,15.6,ok
TIC 146250001,34.9175,-33.6195,5.86,0,,,,,4,8.3,ok
TIC 220563964,45.7332,-60.7977,5.86,0,,,,,7,13.8,ok
TIC 164720678,25.6491,-20.1726,5.87,0,,,,,2,5.5,ok
TIC 139482969,35.8473,-26.9957,5.87,0,,,,,2,5.0,ok
TIC 30722080,75.3867,-68.0286,5.87,0,,,,,31,18.3,ok
TIC 115347503,27.4536,-38.4012,5.87,0,,,,,3,7.3,ok
TIC 737163462,96.1106,-63.4295,5.87,0,,,,,9,16.6,ok
TIC 177116244,103.9207,-68.5055,5.87,0,,,,,41,18.6,ok
TIC 389672830,86.8427,-67.7581,5.87,0,,,,,30,18.2,ok
TIC 401913504,52.6545,-47.375,5.87,0,,,,,5,10.5,ok
TIC 144120662,59.8347,-43.9175,5.88,0,,,,,3,6.8,ok
TIC 201795342,35.0949,-56.7841,5.88,0,,,,,7,14.9,ok
TIC 220554203,43.6999,-64.0016,5.88,0,,,,,10,19.3,ok
TIC 176930969,100.4258,-71.2176,5.88,0,,,,,29,18.9,ok
TIC 72644360,32.4288,-29.0069,5.88,0,,,,,2,5.0,ok
TIC 220518620,41.4555,-62.7243,5.88,0,,,,,10,19.1,ok
TIC 201897664,40.403,-56.2973,5.88,0,,,,,4,8.0,ok
TIC 150357613,96.1106,-63.4295,5.88,0,,,,,40,19.3,ok
TIC 300039724,107.8201,-70.1189,5.89,0,,,,,41,18.8,ok
TIC 32284043,24.2035,-32.2972,5.89,0,,,,,3,6.5,ok
TIC 350295877,83.4355,-54.9022,5.89,0,,,,,39,18.4,ok
TIC 322737077,37.6557,-31.2781,5.89,0,,,,,2,5.0,ok
TIC 294327531,108.9149,-58.8055,5.89,0,,,,,31,18.9,ok
TIC 70552979,33.3772,-33.3352,5.9,0,,,,,3,6.7,ok
TIC 140496768,21.77,-30.2361,5.9,0,,,,,?,144.6,timeout
TIC 177077420,103.1531,-70.5099,5.91,0,,,,,31,18.7,ok
TIC 178155732,42.9852,-30.8139,5.91,1,3.592,14.2,rejete,variabilite_continue;eclipse_secondaire,4,12.0,ok
TIC 220418532,71.7788,-59.137,5.91,0,,,,,44,18.8,ok
TIC 290170830,32.1869,-17.3914,5.92,0,,,,,3,7.0,ok
TIC 177354054,104.3344,-75.9877,5.92,0,,,,,31,20.0,ok
TIC 381950979,76.6023,-56.2314,5.93,0,,,,,36,19.2,ok
TIC 146636025,42.2462,-45.0901,5.93,0,,,,,5,10.5,ok
TIC 165193011,47.991,-39.366,5.93,0,,,,,3,7.1,ok
TIC 10803442,20.3231,-6.1597,5.93,0,,,,,2,5.1,ok
TIC 404932577,85.3123,-68.7702,5.93,0,,,,,26,18.9,ok
TIC 160220653,27.8606,-45.4712,5.93,0,,,,,8,16.7,ok
TIC 177034802,102.6051,-69.9863,5.93,0,,,,,37,18.7,ok
TIC 31747041,49.497,-66.9268,5.93,0,,,,,16,19.1,ok
TIC 150322340,95.6288,-60.2183,5.94,0,,,,,43,19.5,ok
TIC 122670952,42.1289,-33.7833,5.94,0,,,,,5,11.6,ok
TIC 439463373,20.0219,-20.4709,5.94,0,,,,,3,7.4,ok
TIC 237355959,60.7493,-48.3687,5.94,0,,,,,6,11.8,ok
TIC 278684936,99.0643,-55.8629,5.94,0,,,,,42,20.3,ok
TIC 140459480,20.4131,-33.2323,5.95,0,,,,,3,7.2,ok
TIC 89044739,47.6152,-33.0497,5.95,0,,,,,3,6.8,ok
TIC 321067241,44.1844,-36.6995,5.95,0,,,,,4,8.6,ok
TIC 268768437,32.2699,-22.99,5.95,0,,,,,2,13.2,ok
TIC 140580875,68.5643,-73.2085,5.95,0,,,,,35,35.5,ok
TIC 350334336,84.0902,-57.4577,5.96,0,,,,,31,25.0,ok
TIC 309704722,79.6829,-62.985,5.96,0,,,,,30,21.8,ok
TIC 149630160,87.402,-60.6762,5.96,0,,,,,38,25.9,ok
TIC 206385591,54.4403,-49.0055,5.96,0,,,,,5,14.2,ok
TIC 150437899,97.5126,-65.5679,5.96,0,,,,,38,22.8,ok
TIC 3988388,12.9057,-8.8183,5.96,0,,,,,2,10.3,ok
TIC 150393390,96.7999,-60.7285,5.96,0,,,,,44,24.9,ok
TIC 300739338,115.126,-69.8461,5.97,0,,,,,32,27.6,ok
TIC 766092864,105.8128,-59.178,5.97,0,,,,,10,30.1,ok
TIC 150274386,94.9993,-61.3292,5.97,0,,,,,43,28.2,ok
TIC 259592542,72.7346,-53.4592,5.97,0,,,,,12,24.9,ok
TIC 339769900,111.0381,-58.4912,5.97,0,,,,,33,22.6,ok
TIC 72587179,31.3179,-28.5584,5.97,0,,,,,2,10.6,ok
TIC 197843523,54.5219,-57.2853,5.97,0,,,,,6,16.5,ok
TIC 398704710,16.5265,-10.9856,5.97,0,,,,,2,19.1,ok
TIC 42055006,24.3865,-38.1346,5.97,0,,,,,3,13.5,ok
TIC 404968457,85.374,-70.0337,5.97,0,,,,,27,22.5,ok
TIC 166745012,37.0454,-50.3026,5.98,0,,,,,8,24.1,ok
TIC 159897819,48.8614,-39.762,5.98,0,,,,,3,18.3,ok
TIC 91638523,39.6043,-37.9909,5.99,0,,,,,?,1023.7,timeout
TIC 339728935,110.7365,-55.5765,5.99,0,,,,,?,422.4,timeout
TIC 259862015,39.8942,-66.9574,5.99,0,,,,,?,288.3,timeout
TIC 220571639,47.0348,-61.1497,6.0,0,,,,,8,15.8,ok
TIC 10838265,21.0116,-8.0078,6.0,0,,,,,3,7.7,ok
TIC 149250753,82.5662,-63.9273,6.0,0,,,,,?,434.7,timeout
TIC 32052027,57.2515,-69.8786,6.0,0,,,,,?,290.2,timeout
TIC 65484424,43.1324,-27.9576,6.0,0,,,,,?,0.6,erreur
TIC 248387672,19.2474,-2.28,6.0,0,,,,,6,12.1,ok
TIC 268784417,32.7851,-19.3073,6.0,0,,,,,2,4.8,ok
TIC 257720503,78.3273,-59.5855,6.0,0,,,,,32,18.9,ok
TIC 33494267,26.505,-27.3491,6.01,0,,,,,4,8.6,ok
TIC 42013007,23.9604,-39.9474,6.01,0,,,,,5,10.4,ok
TIC 101003375,55.5405,-45.9578,6.01,0,,,,,5,10.8,ok
TIC 439466970,20.6267,-19.0816,6.04,0,,,,,2,4.8,ok
TIC 41533357,93.7748,-71.7024,6.07,0,,,,,41,18.8,ok
TIC 160004049,50.8974,-40.0762,6.08,0,,,,,5,10.8,ok
TIC 67629576,18.0975,-30.8025,6.08,0,,,,,3,5.7,ok
TIC 349096525,108.0083,-63.1901,6.08,0,,,,,26,18.5,ok
TIC 100918613,32.4523,-40.8666,6.08,0,,,,,2,4.5,ok
TIC 231061242,31.1473,-54.8818,6.08,0,,,,,8,15.5,ok
TIC 279360385,104.6513,-56.395,6.09,0,,,,,36,18.8,ok
TIC 167814656,104.9966,-61.3347,6.1,0,,,,,44,19.2,ok
TIC 231272524,41.0438,-52.5707,6.11,0,,,,,7,14.1,ok
TIC 38425450,60.6165,-61.3564,6.12,0,,,,,21,18.7,ok
TIC 199737439,22.9124,-45.5757,6.13,0,,,,,8,14.5,ok
TIC 63788376,13.3026,-24.7766,6.13,0,,,,,2,4.1,ok
TIC 3838520,10.7113,-9.9218,6.14,0,,,,,2,4.2,ok
TIC 220016898,32.4402,-51.7306,6.15,0,,,,,5,9.3,ok
TIC 326194064,16.8043,-23.9965,6.15,0,,,,,2,4.1,ok
TIC 32268776,23.7554,-29.9097,6.15,0,,,,,2,4.2,ok
TIC 24910401,27.3463,-10.704,6.15,0,,,,,3,6.8,ok
TIC 38602305,64.4179,-63.2552,6.16,0,,,,,43,19.0,ok
TIC 114503167,12.3892,-23.3622,6.16,0,,,,,1,2.4,ok
TIC 32533653,19.991,-15.8146,6.17,0,,,,,2,4.2,ok
TIC 651069894,50.8974,-40.0762,6.17,0,,,,,2,4.4,ok
TIC 382147200,80.5922,-56.1343,6.19,0,,,,,29,19.0,ok
TIC 153027837,48.7755,-45.664,6.19,0,,,,,5,10.0,ok
TIC 142085842,98.5101,-77.688,6.19,0,,,,,42,18.5,ok
TIC 439499498,22.2399,-17.9374,6.2,0,,,,,2,4.2,ok
TIC 122613463,41.0857,-32.5248,6.2,0,,,,,4,8.3,ok
TIC 453099404,116.0535,-69.8216,6.21,0,,,,,44,19.2,ok
TIC 92230848,11.4238,-16.4243,6.21,0,,,,,?,0.6,erreur
TIC 632180060,23.7553,-29.9097,6.21,0,,,,,1,3.0,ok
TIC 29987134,72.8356,-68.0693,6.22,0,,,,,43,18.9,ok
TIC 272427921,119.8156,-73.2443,6.22,0,,,,,?,0.6,erreur
TIC 152507325,63.5417,-46.133,6.22,0,,,,,4,8.0,ok
TIC 70503081,32.3948,-24.346,6.23,0,,,,,3,6.4,ok
TIC 374861869,88.5497,-64.4819,6.23,0,,,,,25,17.9,ok
TIC 10787084,20.0126,-9.8842,6.24,0,,,,,3,11.2,ok
TIC 374859347,88.5171,-60.0238,6.25,0,,,,,42,22.6,ok
TIC 401871213,51.9328,-43.8557,6.25,0,,,,,4,12.2,ok
TIC 70489756,22.181,-33.7642,6.26,0,,,,,4,13.2,ok
TIC 212960381,9.009,-5.5713,6.27,0,,,,,5,16.3,ok
TIC 152473055,62.1417,-45.8647,6.27,0,,,,,4,10.9,ok
TIC 55857787,23.3176,-24.1789,6.28,0,,,,,2,8.4,ok
TIC 120932152,37.5577,-25.1863,6.28,0,,,,,?,554.8,timeout
TIC 140893238,76.5391,-73.0373,6.28,0,,,,,?,538.5,timeout
TIC 358290717,66.0497,-57.0718,6.28,0,,,,,?,540.7,timeout
TIC 262874982,52.7192,-62.0078,6.29,0,,,,,?,540.7,timeout
TIC 279159916,103.1892,-59.341,6.29,0,,,,,?,540.7,timeout
TIC 150442264,97.7942,-61.8795,6.29,0,,,,,?,540.7,timeout
TIC 149176305,81.9122,-60.4165,6.3,0,,,,,?,540.7,timeout
TIC 730543928,81.749,-68.6226,6.3,0,,,,,?,540.7,timeout
TIC 358050165,38.4658,-60.9826,6.3,0,,,,,?,540.7,timeout
TIC 308244519,51.5492,-41.6368,6.3,0,,,,,?,540.7,timeout
TIC 206491848,58.6418,-52.6907,6.31,0,,,,,?,540.7,timeout
TIC 313940354,30.6177,-29.6656,6.31,0,,,,,?,540.7,timeout
TIC 209406979,44.9097,-32.5071,6.32,0,,,,,?,540.7,timeout
TIC 140492866,21.0524,-31.8124,6.32,0,,,,,?,540.7,timeout
TIC 100102390,24.6278,-42.928,6.33,0,,,,,?,540.7,timeout
TIC 215256883,42.6995,-39.9323,6.33,0,,,,,?,540.7,timeout
TIC 333606239,12.7967,-5.04,6.35,0,,,,,6,13.1,ok
TIC 150150734,93.0471,-65.5303,6.35,0,,,,,28,19.8,ok
TIC 176780031,48.2562,-35.9436,6.35,0,,,,,5,11.1,ok
TIC 32035258,56.3493,-71.6579,6.37,0,,,,,24,19.5,ok
TIC 141026903,78.853,-73.5884,6.37,0,,,,,32,19.7,ok
TIC 262809788,23.7048,0.9432,6.38,0,,,,,5,10.7,ok
TIC 150357404,96.2324,-63.8281,6.38,0,,,,,39,19.6,ok
TIC 260420061,95.9456,-58.5437,6.38,0,,,,,44,22.2,ok
TIC 3810734,9.9314,-11.1515,6.38,0,,,,,2,5.3,ok
TIC 65416950,41.0619,-25.4951,6.38,0,,,,,5,11.0,ok
TIC 277103567,84.229,-66.5602,6.38,0,,,,,29,20.4,ok
TIC 40081879,7.139,-11.2373,6.39,0,,,,,2,4.8,ok
TIC 139472130,35.81,-29.87,6.39,0,,,,,2,5.4,ok
TIC 233967252,37.0187,-64.2997,6.39,0,,,,,10,19.3,ok
TIC 423431660,31.545,-10.2764,6.4,0,,,,,2,4.6,ok
TIC 220456828,74.2811,-58.0691,6.4,0,,,,,42,19.5,ok
TIC 3988251,12.8327,-9.4055,6.41,0,,,,,?,0.6,erreur
TIC 220476607,75.5705,-56.0764,6.41,0,,,,,34,20.1,ok
TIC 197807986,53.6793,-54.322,6.42,0,,,,,9,18.2,ok
TIC 166835573,39.7822,-52.9345,6.43,0,,,,,7,14.6,ok
TIC 369395755,12.3648,-23.2117,6.44,0,,,,,2,4.2,ok
TIC 167005517,94.813,-69.7842,6.45,0,,,,,41,18.9,ok
TIC 321068946,44.386,-38.1909,6.45,0,,,,,7,14.4,ok
TIC 38381642,8.6128,-6.5044,6.45,0,,,,,4,8.5,ok
TIC 129781038,36.1085,-37.3616,6.45,0,,,,,2,4.1,ok
TIC 220572999,47.2106,-64.5648,6.46,0,,,,,5,10.1,ok
TIC 41860807,20.5386,-37.0516,6.46,0,,,,,3,6.0,ok
TIC 219217424,61.714,-49.6284,6.46,0,,,,,4,7.6,ok
TIC 3816118,10.1979,-7.2331,6.46,0,,,,,3,6.2,ok
TIC 206412735,55.7711,-50.6402,6.46,0,,,,,5,10.7,ok
TIC 439496110,21.8549,-20.3517,6.46,0,,,,,2,4.4,ok
TIC 120931911,37.3939,-24.1037,6.47,0,,,,,3,6.3,ok
TIC 209462216,47.1768,-35.4335,6.47,0,,,,,3,6.7,ok
TIC 339635291,110.0954,-56.2943,6.47,0,,,,,23,19.9,ok
TIC 38350889,24.3173,-0.3507,6.48,0,,,,,2,4.7,ok
TIC 340358640,115.5425,-58.6309,6.49,0,,,,,19,18.9,ok
TIC 229117257,25.4216,-50.0387,6.51,0,,,,,7,13.7,ok
TIC 340705975,16.6112,-35.6608,6.51,0,,,,,7,13.8,ok
TIC 257721857,78.3668,-55.5695,6.52,0,,,,,33,19.5,ok
TIC 54071627,23.9728,-17.5336,6.53,0,,,,,3,7.3,ok
TIC 165191661,47.9697,-39.0234,6.54,0,,,,,6,12.7,ok
TIC 150394126,96.9526,-62.1498,6.54,0,,28.4,rejete,variabilite_continue;eclipse_secondaire,40,26.1,ok
TIC 231048083,28.9515,-55.0722,6.54,0,,25.0,rejete,variabilite_continue;eclipse_secondaire;compagnon_trop_gros_3.9Rjup,5,12.8,ok
TIC 293975288,107.0274,-57.3309,6.54,0,,,,,36,20.0,ok
TIC 24921603,27.5657,-6.7039,6.54,0,,,,,?,0.7,erreur
TIC 201799970,35.8985,-55.6164,6.54,0,,,,,6,12.3,ok
TIC 115319029,27.0889,-41.4942,6.55,0,,,,,5,10.8,ok
TIC 287717402,126.252,-74.912,6.55,0,,,,,18,18.8,ok
TIC 219234564,63.9947,-53.3075,6.55,0,,,,,7,14.3,ok
TIC 439405961,18.5053,-13.475,6.55,0,,,,,2,4.5,ok
TIC 268858501,33.7591,-23.541,6.56,0,,,,,2,4.5,ok
TIC 206402844,54.9277,-52.9164,6.57,0,,,,,5,10.4,ok
TIC 293973218,106.8177,-59.7164,6.57,0,,,,,44,19.2,ok
TIC 197844066,54.543,-59.7761,6.57,0,,,,,?,0.6,erreur
TIC 262885414,53.6041,-65.7641,6.58,0,,,,,20,19.8,ok
TIC 308241590,42.1591,-37.4007,6.59,0,,,,,?,0.6,erreur
TIC 300997818,30.9829,-45.4126,6.59,0,,,,,7,14.5,ok
TIC 141828072,93.6748,-73.6264,6.59,0,,,,,29,19.7,ok
TIC 64009547,37.4811,-22.6832,6.61,0,,,,,3,6.9,ok
TIC 469969840,22.8914,-19.0232,6.61,0,,,,,3,6.8,ok
TIC 382635688,39.8825,-64.2816,6.61,0,,,,,7,15.0,ok
TIC 38510324,62.531,-61.5994,6.62,0,,,,,32,20.5,ok
TIC 358290716,66.0472,-57.0723,6.62,0,,,,,19,19.8,ok
TIC 340459410,115.6496,-59.2965,6.62,0,,,,,25,19.4,ok
TIC 54018090,23.861,-13.3808,6.63,0,,,,,3,7.7,ok
TIC 29836061,23.2648,-9.0146,6.65,0,,,,,3,6.9,ok
TIC 300160320,109.239,-71.7493,6.66,0,,,,,41,19.3,ok
TIC 64008907,37.3305,-21.0382,6.66,0,,,,,2,4.4,ok
TIC 299099849,21.2525,-5.9465,6.67,0,,,,,3,6.9,ok
TIC 40102926,7.7494,-10.0848,6.67,0,,,,,2,4.4,ok
TIC 300088321,108.0765,-67.7839,6.67,0,,,,,43,20.1,ok
TIC 302382413,32.7669,-15.0711,6.69,0,,,,,1,3.1,ok
TIC 274016986,34.0116,-52.8887,6.69,0,,,,,6,12.0,ok
TIC 262531735,20.6022,-43.6024,6.7,0,,,,,4,7.8,ok
TIC 364395684,116.5963,-61.4285,6.7,0,,,,,34,18.8,ok
TIC 152308886,29.3513,-36.0573,6.72,0,,,,,5,10.7,ok
TIC 159895674,48.4587,-38.8096,6.72,0,,,,,?,1016.7,timeout
TIC 349190908,108.5924,-61.0697,6.72,0,,,,,42,32.8,ok
TIC 382259669,82.6859,-57.1601,6.73,0,,,,,33,20.4,ok
TIC 287770635,126.8901,-75.3583,6.73,0,,14.8,rejete,variabilite_continue;eclipse_secondaire,18,30.7,ok
TIC 301049767,48.2258,-47.1553,6.73,0,,,,,6,13.1,ok
TIC 32452164,27.8124,-30.9024,6.73,0,,,,,2,5.1,ok
TIC 248381643,18.4675,-4.8477,6.73,0,,29.6,rejete,variabilite_continue;eclipse_secondaire,4,12.8,ok
TIC 147426184,40.8347,-40.5276,6.74,0,,,,,4,8.3,ok
TIC 31780245,50.2618,-68.5329,6.74,0,,,,,10,19.7,ok
TIC 248959865,22.0047,-2.0355,6.74,0,,,,,2,4.8,ok
TIC 209429132,45.2687,-33.1098,6.74,0,,,,,4,8.8,ok
TIC 97475280,24.7083,-25.0222,6.75,0,,,,,4,16.2,ok
TIC 374858533,88.3114,-61.8394,6.76,0,,,,,30,19.6,ok
TIC 453096328,114.0802,-69.0565,6.76,0,,,,,30,23.8,ok
TIC 278684081,99.1139,-57.5389,6.76,0,,,,,42,20.1,ok
TIC 176935619,100.6061,-67.8429,6.76,0,,,,,39,21.1,ok
TIC 220597120,58.6561,-46.4169,6.76,0,,,,,3,8.6,ok
TIC 111245241,30.1372,-40.7337,6.77,0,,,,,5,11.7,ok
TIC 220405048,70.0764,-58.9429,6.77,0,,,,,34,20.4,ok
TIC 300448625,111.7725,-68.6149,6.77,0,,,,,41,20.2,ok
TIC 294392620,108.9885,-55.7327,6.77,0,,,,,22,21.2,ok
TIC 259539733,71.4068,-50.0762,6.79,0,,,,,5,11.6,ok
TIC 399732990,21.3342,1.4605,6.79,0,,,,,5,9.9,ok
TIC 220538394,43.5061,-64.8994,6.8,0,,,,,8,15.1,ok
TIC 333541953,11.669,-4.4285,6.8,0,,,,,3,6.0,ok
TIC 271972463,113.9045,-75.5443,6.81,0,,,,,41,19.5,ok
TIC 79611815,53.9577,-43.7163,6.81,0,,,,,4,7.9,ok
TIC 306739463,120.838,-69.9715,6.81,0,,,,,28,18.9,ok
TIC 266748633,29.7278,-21.1323,6.82,0,,,,,2,4.5,ok
TIC 287167103,27.902,-2.638,6.82,0,,,,,1,2.5,ok
TIC 146725387,44.7465,-43.7493,6.82,0,,,,,6,12.8,ok
TIC 257422924,22.4211,-13.2243,6.82,0,,,,,2,4.3,ok
TIC 423724413,22.9036,-12.2582,6.83,0,,,,,2,4.1,ok
TIC 328159699,28.2748,-1.329,6.83,0,,,,,1,3.0,ok
TIC 358068593,38.3902,-62.5866,6.83,0,,,,,6,12.5,ok
TIC 271971626,113.8409,-74.275,6.83,0,,,,,42,20.1,ok
TIC 398570795,15.2573,-4.6487,6.83,0,,,,,3,6.2,ok
TIC 279249351,103.9717,-56.9388,6.83,0,,,,,43,19.5,ok
TIC 241486185,25.0294,-0.2423,6.84,0,,,,,4,8.1,ok
TIC 183596451,18.3616,-39.5399,6.84,0,,,,,6,11.8,ok
TIC 92230819,11.4971,-16.6524,6.84,0,,,,,2,4.1,ok
TIC 164720249,25.5655,-17.8887,6.85,0,,,,,3,7.1,ok
TIC 167415800,99.4103,-70.604,6.86,0,,,,,40,19.3,ok
TIC 32001054,56.195,-70.0272,6.86,0,,,,,35,20.4,ok
TIC 439410069,19.1016,-12.097,6.86,0,,,,,2,4.6,ok
TIC 273879617,34.5158,-23.6281,6.86,0,,,,,2,4.2,ok
TIC 248345334,16.7962,-1.7321,6.86,0,,,,,5,10.7,ok
TIC 10864129,26.1067,-11.2975,6.87,0,,,,,2,4.8,ok
TIC 381952089,76.8922,-54.9887,6.87,0,,,,,27,19.2,ok
TIC 152478727,62.7626,-46.942,6.87,0,,,,,3,6.8,ok
TIC 167889542,105.2712,-65.7061,6.88,0,,,,,44,19.6,ok
TIC 220514768,40.8975,-62.9194,6.88,0,,,,,5,12.4,ok
TIC 122506764,38.4618,-29.9328,6.88,0,,,,,3,6.2,ok
TIC 328101985,27.8714,-4.2205,6.89,0,,,,,1,2.7,ok
TIC 439406797,18.727,-15.819,6.89,0,,,,,1,3.0,ok
TIC 213010660,10.758,-3.8563,6.89,0,,,,,5,10.1,ok
TIC 3811994,10.1024,-7.6572,6.9,0,,,,,3,6.6,ok
TIC 55501315,71.8411,-61.4763,6.9,0,,,,,42,19.6,ok
TIC 241392829,24.6858,-5.7357,6.9,0,,,,,3,7.1,ok
TIC 149479101,85.4897,-62.9137,6.9,0,,,,,29,19.3,ok
TIC 111227964,29.6172,-41.1702,6.91,0,,,,,2,4.9,ok
TIC 220412945,70.8075,-54.5946,6.92,0,,,,,12,19.7,ok
TIC 629960122,20.1262,-19.9504,6.92,0,,,,,1,4.3,ok
TIC 248352770,17.6791,-4.8421,6.92,0,,,,,2,5.0,ok
TIC 115350793,27.9677,-37.0417,6.92,0,,,,,2,5.6,ok
TIC 231019255,27.5275,-54.4652,6.92,0,,,,,4,8.5,ok
TIC 423386617,15.0158,-2.0193,6.92,0,,,,,5,9.9,ok
TIC 176832633,49.1366,-35.6912,6.93,0,,,,,4,9.6,ok
TIC 167460086,17.8835,-12.8435,6.93,0,,,,,2,5.1,ok
TIC 408017216,14.0346,-8.0237,6.94,0,,,,,2,5.0,ok
TIC 100101337,24.5675,-47.9347,6.94,0,,,,,4,8.3,ok
TIC 279674387,50.1453,-65.7854,6.94,0,,,,,6,12.5,ok
TIC 29900813,24.3988,-6.761,6.94,0,,,,,3,7.4,ok
TIC 441492130,23.0318,-23.649,6.95,0,,,,,2,5.5,ok
TIC 33770773,63.2795,-72.8205,6.95,0,,,,,42,19.4,ok
TIC 469969357,20.1261,-19.9504,6.95,0,,,,,2,5.1,ok
TIC 279649845,49.7519,-65.8885,6.95,0,,,,,12,19.4,ok
TIC 166760533,37.5951,-51.3777,6.96,0,,,,,8,17.2,ok
TIC 248381971,18.6212,-5.0482,6.96,0,,,,,3,6.8,ok
TIC 350858713,90.2309,-54.9513,6.96,0,,,,,42,19.7,ok
TIC 300703532,114.5599,-67.4481,6.97,0,,,,,43,19.7,ok
TIC 266680498,28.2107,-19.5075,6.98,0,,,,,2,5.2,ok
TIC 271638135,108.8786,-75.8643,6.98,0,,,,,40,20.2,ok
TIC 349273907,109.1556,-64.1245,6.99,0,,,,,44,20.1,ok
TIC 279741379,51.7513,-63.5005,6.99,0,,,,,15,20.4,ok
TIC 439460736,19.6057,-23.0134,6.99,0,,,,,2,5.1,ok
TIC 294754816,71.4969,-66.0785,6.99,0,,,,,42,19.4,ok
TIC 31870141,53.2474,-67.4199,7.0,0,,,,,15,20.7,ok
TIC 380908091,25.4716,2.7044,7.0,0,,,,,4,8.7,ok
TIC 389368692,85.674,-67.1391,7.01,0,,,,,29,20.7,ok
TIC 287870438,128.0599,-76.928,7.01,0,,,,,17,20.4,ok
TIC 632326039,35.8101,-29.8699,7.01,0,,,,,1,2.6,ok
TIC 259861796,39.9635,-66.1187,7.01,0,,,,,8,16.5,ok
TIC 7220880,32.3911,-45.467,7.02,0,,,,,3,6.6,ok
TIC 152319089,34.0078,-36.4725,7.02,0,,,,,5,11.0,ok
TIC 28054967,13.0525,-22.6184,7.03,0,,,,,2,4.9,ok
TIC 268617503,16.2058,-20.7325,7.03,0,,,,,2,5.3,ok
TIC 3900330,11.5566,-11.4526,7.03,0,,,,,2,4.4,ok
TIC 257396815,22.0246,-17.2615,7.03,0,,,,,2,4.7,ok
TIC 200723869,47.5175,-50.8322,7.03,0,,,,,4,8.8,ok
TIC 241711918,26.7663,-3.1156,7.03,0,,,,,1,2.8,ok
TIC 219256496,66.2107,-50.623,7.03,0,,,,,8,16.8,ok
TIC 32001057,56.2563,-70.0247,7.03,0,,,,,36,19.9,ok
TIC 266769521,29.7514,-22.9183,7.04,0,,,,,2,4.8,ok
TIC 257500129,31.126,-16.2175,7.04,0,,,,,3,9.7,ok
TIC 287493162,123.6769,-73.8069,7.04,0,,11.7,rejete,variabilite_continue;eclipse_secondaire,7,24.5,ok
TIC 219995397,31.398,-51.991,7.04,0,,,,,6,12.0,ok
TIC 350518530,86.0567,-55.6952,7.04,0,,,,,40,19.2,ok
TIC 262884527,53.3945,-62.64,7.05,0,,,,,8,15.8,ok
TIC 122522167,38.5508,-33.118,7.05,0,,,,,5,10.3,ok
TIC 350622984,87.5497,-55.0808,7.05,0,,,,,37,19.0,ok
TIC 231074032,67.55,-67.8751,7.05,0,,,,,43,20.6,ok
TIC 166739782,36.6581,-51.7044,7.06,0,,,,,6,11.3,ok
TIC 257500724,31.2473,-15.6784,7.06,0,,,,,2,4.5,ok
TIC 160009706,51.3037,-37.1527,7.07,0,,,,,4,8.9,ok
TIC 144070764,59.0218,-47.7738,7.07,0,,,,,4,8.0,ok
TIC 336873776,13.7983,-16.9727,7.08,0,,,,,2,4.3,ok
TIC 147469587,41.4223,-38.1572,7.08,0,,,,,6,12.5,ok
TIC 41841553,19.8891,-39.3623,7.08,0,,,,,5,10.1,ok
TIC 92225284,11.1158,-13.416,7.09,0,,,,,2,5.1,ok
TIC 198075709,63.547,-56.1764,7.09,0,,,,,10,19.5,ok
TIC 91528642,36.9266,-33.8965,7.09,0,,,,,2,4.2,ok
TIC 100029967,23.363,-43.901,7.09,0,,,,,4,8.3,ok
TIC 122575742,40.1278,-31.4675,7.1,0,,,,,5,10.4,ok
TIC 370101728,69.9903,-71.5058,7.1,0,,,,,41,19.5,ok
TIC 375057127,99.6602,-60.183,7.12,0,,95.6,rejete,variabilite_continue;eclipse_secondaire,30,24.1,ok
TIC 97484026,24.8193,-29.0224,7.12,0,,,,,2,4.5,ok
TIC 178155533,42.8447,-30.4377,7.12,0,,,,,4,8.2,ok
TIC 279317755,104.0974,-57.5773,7.13,0,,,,,42,20.3,ok
TIC 146690261,43.464,-44.6054,7.13,0,,,,,?,0.6,erreur
TIC 302381748,32.6898,-12.9267,7.13,0,,,,,3,7.4,ok
TIC 200729359,48.718,-50.5521,7.13,0,,,,,3,6.4,ok
TIC 200806355,53.0092,-52.4742,7.14,0,,,,,4,8.7,ok
TIC 248949728,20.9613,-5.8201,7.14,0,,,,,2,4.5,ok
TIC 77481104,12.7763,-12.9277,7.14,0,,,,,1,2.7,ok
TIC 284120070,18.1274,-9.2238,7.14,0,,,,,3,7.0,ok
TIC 212381783,27.6203,-12.3427,7.14,0,,,,,2,4.6,ok
TIC 333607566,12.8863,-3.1432,7.14,0,,,,,1,2.7,ok
TIC 259902846,41.7604,-67.2777,7.14,0,,,,,12,20.9,ok
TIC 293469369,27.2515,1.3315,7.14,0,,,,,3,7.1,ok
TIC 300811971,116.576,-71.72,7.15,0,,,,,41,19.6,ok
TIC 65344368,39.1984,-25.0242,7.15,0,,,,,4,9.0,ok
TIC 140827588,75.4837,-76.6292,7.15,0,,,,,42,20.0,ok
TIC 165143508,46.3263,-40.9842,7.15,0,,,,,?,0.7,erreur
TIC 299901449,106.4048,-71.2707,7.16,0,,,,,43,19.5,ok
TIC 260542710,97.0759,-59.6179,7.16,0,,,,,41,20.0,ok
TIC 115320394,27.1692,-38.6581,7.16,0,,,,,2,5.0,ok
TIC 349764112,112.8501,-64.372,7.16,0,,,,,42,20.7,ok
TIC 177309385,103.3173,-74.7241,7.16,0,,,,,42,20.8,ok
TIC 63942870,36.351,-21.8104,7.17,0,,,,,2,4.9,ok
TIC 260474813,96.2741,-55.7249,7.17,0,,,,,41,20.2,ok
TIC 237357165,60.9196,-52.9289,7.17,0,,,,,5,11.1,ok
TIC 306668068,120.3859,-70.0233,7.17,0,,,,,40,21.6,ok
TIC 237932348,58.8483,-60.9071,7.17,0,,,,,18,19.5,ok
TIC 28054706,13.0546,-21.1083,7.17,0,,,,,2,4.4,ok
TIC 206410703,55.4557,-48.2397,7.18,0,,,,,4,7.9,ok
TIC 166972537,94.5865,-69.1626,7.18,0,,,,,41,18.9,ok
TIC 41862035,20.9056,-41.2702,7.18,0,,,,,?,0.6,erreur
TIC 321067308,44.218,-36.2975,7.19,0,,,,,4,8.0,ok
TIC 299100030,21.2041,-6.9863,7.19,0,,,,,2,4.6,ok
TIC 349679418,112.4869,-61.2499,7.19,0,,,,,38,18.4,ok
TIC 268717346,18.1424,-20.4588,7.19,0,,,,,2,4.8,ok
TIC 147459425,41.4374,-39.7168,7.19,0,,,,,6,12.2,ok
TIC 328161122,14.4321,-15.7872,7.2,0,,,,,2,4.3,ok
TIC 166853638,40.6742,-49.7296,7.2,0,,,,,4,8.8,ok
TIC 55497281,71.7183,-60.6028,7.2,0,,,,,43,19.0,ok
TIC 268637611,16.9297,-19.3134,7.2,0,,,,,2,4.3,ok
TIC 146246989,34.3598,-30.7225,7.2,0,,,,,1,2.5,ok
TIC 423360672,14.8355,-0.6748,7.2,0,,,,,4,7.9,ok
TIC 279477956,105.4451,-56.6214,7.21,0,,,,,34,19.1,ok
TIC 439460803,19.5795,-23.5004,7.21,0,,,,,?,0.5,erreur
TIC 122615835,41.4806,-30.4813,7.21,0,,,,,4,8.4,ok
TIC 65289930,38.1253,-27.0031,7.21,0,,,,,5,10.4,ok
TIC 72689780,33.5816,-27.9082,7.21,0,,,,,2,4.9,ok
TIC 55272404,76.5466,-62.7878,7.22,0,,,,,40,18.9,ok
TIC 200851505,53.7574,-48.4174,7.22,0,,,,,?,0.6,erreur
TIC 321067454,44.3029,-36.4329,7.22,0,,,,,4,8.1,ok
TIC 266680951,28.2102,-22.4349,7.22,0,,,,,2,4.4,ok
TIC 284194255,105.7982,-66.8887,7.22,0,,,,,38,21.1,ok
TIC 3922529,11.9901,-9.3453,7.22,0,,,,,3,6.6,ok
TIC 244178486,7.3165,-5.9118,7.23,0,,,,,5,9.4,ok
TIC 260655847,98.1441,-55.6491,7.23,0,,,,,43,19.2,ok
TIC 11650843,22.0312,-28.0509,7.24,0,,,,,4,8.5,ok
TIC 28054692,13.1342,-20.9968,7.24,0,,,,,2,4.3,ok
TIC 140828939,75.2896,-74.3408,7.24,0,,,,,28,20.2,ok
TIC 407621805,71.0236,-76.3049,7.25,0,,,,,43,19.5,ok
TIC 372908110,98.0403,-65.3151,7.25,0,,,,,38,19.2,ok
TIC 237920961,57.0092,-64.836,7.25,0,,,,,?,0.8,erreur
TIC 369715812,34.8572,-61.9372,7.25,0,,,,,8,15.9,ok
TIC 159966765,49.849,-36.5645,7.25,0,,,,,4,8.7,ok
TIC 122522387,38.5437,-31.524,7.26,0,,,,,3,6.2,ok
TIC 29832209,66.4435,-69.9937,7.26,0,,,,,42,18.8,ok
TIC 197792776,51.8047,-58.3231,7.27,0,,,,,?,0.6,erreur
TIC 149253686,82.9003,-61.5411,7.27,0,,,,,29,18.9,ok
TIC 248957280,21.7582,-0.1596,7.27,0,,,,,5,9.4,ok
TIC 146635812,42.2184,-46.3468,7.27,0,,,,,4,8.7,ok
TIC 166679618,35.2237,-52.9638,7.27,0,,,,,6,11.6,ok
TIC 237933846,58.958,-65.1862,7.27,0,,,,,34,19.3,ok
TIC 219373714,76.2122,-52.1812,7.27,0,,,,,10,19.1,ok
TIC 219985655,29.9231,-48.6139,7.27,0,,,,,5,10.1,ok
TIC 248391508,19.6737,-0.869,7.27,0,,,,,4,8.6,ok
TIC 35704767,23.9213,-5.0772,7.27,0,,,,,2,4.4,ok
TIC 262883563,53.184,-60.5739,7.27,0,,,,,9,18.7,ok
TIC 165901981,31.1028,-43.5077,7.28,0,,,,,5,10.7,ok
TIC 229103665,30.5451,-45.8356,7.28,0,,,,,3,6.2,ok
TIC 30631031,75.1644,-70.6238,7.28,0,,47.9,rejete,variabilite_continue;eclipse_secondaire,32,29.3,ok
TIC 262924920,54.0016,-61.5421,7.28,0,,,,,10,19.0,ok
TIC 38698692,66.2873,-64.0782,7.29,0,,,,,38,19.4,ok
TIC 150064391,91.4244,-61.7485,7.29,0,,,,,37,21.1,ok
TIC 207171620,46.2284,-57.1664,7.29,0,,,,,5,9.9,ok
TIC 408017296,14.0559,-7.5778,7.29,0,,,,,2,4.8,ok
TIC 300443794,111.6604,-69.5762,7.29,0,,,,,44,19.3,ok
TIC 29923117,24.9789,-9.9717,7.3,0,,,,,?,0.7,erreur
TIC 139470481,35.4968,-29.3531,7.3,0,,,,,2,4.6,ok
TIC 7244844,33.0859,-46.8168,7.3,0,,,,,4,7.8,ok
TIC 219239743,64.5643,-52.9019,7.3,0,,,,,6,12.3,ok
TIC 391901095,115.8334,-70.0647,7.3,0,,,,,42,19.3,ok
TIC 302413455,33.3296,-14.9076,7.3,0,,,,,2,4.3,ok
TIC 42073674,25.1524,-36.4845,7.3,0,,,,,2,4.4,ok
TIC 287222049,30.2736,-11.0487,7.3,0,,,,,1,2.7,ok
TIC 164699594,25.5083,-19.1927,7.3,1,1.4282,10.7,rejete,variabilite_continue;eclipse_secondaire,2,5.5,ok
TIC 147455347,40.8572,-37.9289,7.3,0,,,,,6,12.4,ok
TIC 404746288,15.617,-21.6108,7.31,0,,,,,2,4.4,ok
TIC 178170409,43.085,-33.4506,7.31,0,,,,,4,8.1,ok
TIC 167119619,96.0086,-70.1867,7.31,0,,,,,38,18.5,ok
TIC 201885566,40.1814,-58.1377,7.32,0,,,,,5,10.1,ok
TIC 7319369,35.0959,-46.9241,7.32,0,,,,,7,14.3,ok
TIC 160192236,27.3984,-46.7681,7.32,0,,,,,6,11.6,ok
TIC 32550957,20.7528,-16.4885,7.32,0,,,,,2,4.2,ok
TIC 178199109,43.5153,-35.9057,7.32,0,,,,,4,8.0,ok
TIC 159897979,48.8491,-38.9996,7.33,0,,,,,4,8.3,ok
TIC 287327575,109.613,-57.3519,7.33,0,,,,,24,18.9,ok
TIC 64070385,39.0038,-23.5212,7.34,0,,,,,3,6.8,ok
TIC 146729223,45.4703,-47.559,7.34,0,,,,,5,10.6,ok
TIC 79548760,51.0725,-45.0966,7.34,0,,,,,4,8.1,ok
TIC 382625142,118.4206,-63.6465,7.34,0,,,,,37,19.7,ok
TIC 380908024,25.5432,2.3081,7.34,0,,,,,1,3.2,ok
TIC 391474315,53.5188,-41.3384,7.35,0,,,,,6,13.1,ok
TIC 206405140,55.1687,-53.7383,7.35,0,,,,,6,11.8,ok
TIC 220567625,46.2088,-65.1845,7.35,1,4.8567,21.0,rejete,variabilite_continue;eclipse_secondaire,9,23.0,ok
TIC 123320112,29.9264,-35.4197,7.35,0,,,,,1,2.7,ok
TIC 389506883,86.1277,-70.1364,7.35,0,,,,,42,19.0,ok
TIC 349828641,113.5297,-60.2432,7.36,0,,,,,32,19.1,ok
TIC 381949148,76.447,-57.5531,7.36,0,,,,,44,19.3,ok
TIC 262878239,24.8545,0.6122,7.36,0,,,,,1,2.4,ok
TIC 140689653,73.0154,-72.9947,7.36,0,,,,,41,19.3,ok
TIC 248960154,21.9807,-3.5735,7.36,0,,,,,?,0.6,erreur
TIC 29938070,24.8382,-17.7935,7.36,0,,,,,2,4.4,ok
TIC 55383814,77.4057,-63.7769,7.36,0,,,,,39,19.0,ok
TIC 149120726,80.9416,-62.5822,7.36,0,,,,,40,18.9,ok
TIC 268529817,14.4912,-20.6764,7.37,0,,,,,2,4.1,ok
TIC 439399848,13.2823,-17.6518,7.37,0,,,,,2,4.2,ok
TIC 279675528,50.3507,-61.4884,7.37,0,,,,,12,18.8,ok
TIC 231729308,81.428,-53.4803,7.37,0,,,,,?,0.6,erreur
TIC 220396592,68.8681,-54.891,7.37,0,,,,,11,19.2,ok
TIC 453095415,114.1498,-67.6137,7.37,0,,,,,42,19.1,ok
TIC 651231484,40.8572,-37.9289,7.37,0,,,,,1,3.1,ok
TIC 241711938,26.8906,-2.9124,7.38,0,,,,,1,2.6,ok
TIC 313939371,30.5478,-24.0396,7.38,0,,,,,2,4.2,ok
TIC 308227406,41.6895,-40.9589,7.38,0,,,,,6,12.2,ok
TIC 198005341,59.9758,-54.161,7.38,0,,,,,5,9.5,ok
TIC 237928695,57.9284,-60.3602,7.38,0,,,,,16,19.2,ok
TIC 248388327,19.3459,-5.6327,7.38,0,,,,,2,4.3,ok
TIC 111267648,30.6263,-40.5203,7.39,0,,,,,2,4.2,ok
TIC 300242735,109.8746,-70.2087,7.39,0,,,,,41,18.6,ok
TIC 423752904,30.0225,-13.5462,7.39,0,,,,,?,0.5,erreur
TIC 219234328,63.8568,-53.602,7.39,0,,,,,6,12.2,ok
TIC 32397921,26.2579,-31.386,7.39,0,,,,,5,10.2,ok
TIC 160031935,51.3966,-38.3124,7.39,0,,,,,3,6.2,ok
TIC 391475573,60.4864,-50.5079,7.39,0,,,,,2,4.2,ok
TIC 97470730,24.2878,-29.3937,7.39,0,,,,,2,4.4,ok
TIC 136842430,22.8082,-10.8963,7.39,0,,,,,2,4.2,ok
TIC 365003235,17.4002,-11.6786,7.4,0,,,,,2,4.4,ok
TIC 349156177,108.316,-64.8734,7.4,0,,,,,32,17.9,ok
TIC 220459128,74.6351,-54.1723,7.4,0,,,,,10,18.7,ok
TIC 41591173,93.9145,-66.2922,7.4,0,,,,,21,19.1,ok
TIC 260078030,91.8941,-55.7056,7.4,0,,,,,43,18.8,ok
TIC 268534259,15.1175,-19.3897,7.41,0,,,,,3,6.8,ok
TIC 212982947,9.9101,-3.0834,7.41,0,,,,,5,9.5,ok
TIC 311403797,35.9985,-47.9183,7.41,0,,,,,3,6.0,ok
TIC 306343907,14.5397,-15.6842,7.41,0,,,,,2,4.2,ok
TIC 336873081,13.8776,-12.5522,7.42,0,,,,,2,4.2,ok
TIC 349310293,109.6616,-63.3866,7.42,0,,,,,30,18.5,ok
TIC 72669302,33.4003,-24.79,7.42,0,,,,,2,4.4,ok
TIC 439500641,22.5003,-22.5245,7.42,0,,,,,2,4.7,ok
TIC 179305185,79.5598,-69.2503,7.42,0,,,,,32,19.7,ok
TIC 272322827,119.0376,-71.9851,7.42,0,,,,,41,18.9,ok
TIC 375063320,100.3749,-65.469,7.42,0,,,,,38,19.2,ok
TIC 220432921,73.4018,-57.3322,7.42,0,,,,,40,19.0,ok
TIC 79591249,53.7044,-44.6433,7.43,0,,,,,?,0.7,erreur
TIC 259589304,72.4057,-53.8802,7.43,0,,,,,12,18.9,ok
TIC 200780177,50.7197,-51.312,7.43,0,,,,,4,7.8,ok
TIC 219380984,76.9124,-53.5569,7.43,0,,,,,15,19.1,ok
TIC 166787220,38.4214,-48.3898,7.43,0,,,,,6,12.5,ok
TIC 40048671,6.7821,-7.8759,7.43,0,,,,,2,4.5,ok
TIC 340637365,116.561,-59.8132,7.43,0,,,,,24,18.6,ok
TIC 369533533,25.2772,3.7145,7.44,0,,,,,4,7.9,ok
TIC 268858674,33.8179,-23.2813,7.44,0,,,,,2,4.4,ok
TIC 266746662,29.4547,-21.9018,7.44,0,,,,,2,4.2,ok
TIC 122575581,40.1654,-30.135,7.45,0,,,,,3,6.1,ok
TIC 139524304,36.1908,-28.6517,7.46,0,,,,,4,8.6,ok
TIC 149631289,87.5774,-62.0804,7.46,0,,,,,34,18.7,ok
TIC 279741942,51.8203,-61.2589,7.46,0,,,,,?,0.8,erreur
TIC 306932279,123.0679,-71.2666,7.46,0,,,,,32,20.1,ok
TIC 159937499,49.1859,-41.2708,7.46,0,,,,,6,12.4,ok
TIC 206477008,57.7488,-48.5268,7.47,0,,,,,3,6.2,ok
TIC 33526324,27.1796,-23.8697,7.47,0,,,,,2,4.6,ok
TIC 55500825,71.8137,-62.8292,7.47,0,,,,,42,19.1,ok
TIC 198034174,60.9705,-55.3999,7.47,0,,,,,7,14.1,ok
TIC 40059648,6.8361,-8.6588,7.47,0,,,,,3,6.2,ok
TIC 199737261,22.8727,-44.6563,7.47,0,,,,,?,279.7,timeout
TIC 632519155,33.9421,-18.2389,7.48,0,,,,,1,2.5,ok
TIC 129840634,55.3468,-41.7532,7.48,0,,,,,5,10.6,ok
TIC 294981037,72.2405,-67.7142,7.48,0,,,,,31,18.4,ok
TIC 219994278,31.2807,-49.6816,7.48,0,,,,,8,16.4,ok
TIC 63943173,36.4705,-23.8423,7.48,0,,,,,2,4.5,ok
TIC 290168477,31.6431,-14.4645,7.48,0,,,,,2,4.5,ok
TIC 206494544,58.9166,-51.7989,7.48,0,,,,,4,7.9,ok
TIC 38634217,65.0794,-63.1738,7.49,0,,,,,?,158.3,timeout
TIC 220406995,70.2035,-56.0306,7.49,0,,16.4,rejete,variabilite_continue;eclipse_secondaire,11,24.6,ok
TIC 299178501,22.4836,-10.5659,7.49,0,,,,,2,4.6,ok
TIC 149390710,83.9068,-62.0525,7.5,0,,,,,42,18.6,ok
TIC 164752884,25.81,-21.6198,7.5,0,,,,,?,0.6,erreur
TIC 300139852,108.7349,-68.0719,7.5,0,,,,,41,19.9,ok
TIC 293271232,98.6953,-63.2622,7.51,0,,,,,30,19.0,ok
TIC 370228164,85.5667,-75.8307,7.51,0,,,,,33,18.9,ok
TIC 150431791,97.3281,-61.0055,7.51,0,,,,,43,19.7,ok
TIC 152972958,48.1134,-46.4906,7.51,0,,,,,4,8.1,ok
TIC 142241625,39.364,-46.6462,7.51,0,,,,,2,4.3,ok
TIC 630147124,21.5794,-4.6747,7.51,0,,,,,1,2.6,ok
TIC 31509222,89.3099,-69.4775,7.51,0,,,,,35,19.6,ok
TIC 382507922,117.1982,-61.1622,7.51,0,,,,,31,19.4,ok
TIC 277295979,84.4934,-69.9565,7.51,0,,,,,35,19.6,ok
TIC 144149848,60.7429,-44.3927,7.52,0,,,,,5,10.8,ok
TIC 441495748,23.4666,-21.0349,7.52,0,,,,,2,4.4,ok
TIC 167303382,97.9855,-68.7125,7.52,0,,,,,40,18.9,ok
TIC 100975890,54.6099,-46.2439,7.52,0,,,,,4,8.0,ok
TIC 364423010,119.6145,-65.0052,7.52,0,,,,,34,20.0,ok
TIC 201791716,34.4187,-56.2522,7.52,0,,,,,5,10.5,ok
TIC 200781244,50.8238,-49.9904,7.52,0,,,,,3,6.2,ok
TIC 231285037,43.4163,-51.5075,7.52,0,,,,,4,8.4,ok
TIC 29939962,25.1489,-16.2934,7.53,0,,,,,2,4.4,ok
TIC 248386350,19.1243,-4.8622,7.53,0,,,,,3,6.7,ok
TIC 268534037,15.1601,-18.1191,7.54,0,,,,,1,2.8,ok
TIC 77529154,13.1623,-12.9367,7.54,0,,,,,2,5.0,ok
TIC 235044245,82.437,-53.2657,7.54,0,,,,,22,19.0,ok
TIC 64008666,37.2796,-19.2889,7.54,0,,,,,2,4.3,ok
TIC 64008164,37.1742,-19.7989,7.54,0,,,,,2,4.3,ok
TIC 24941798,28.7022,-6.5925,7.54,0,,,,,1,2.6,ok
TIC 164766633,26.093,-20.5979,7.54,0,,,,,2,4.4,ok
TIC 408049590,17.1115,-6.1752,7.54,0,,,,,2,4.2,ok
TIC 29781865,65.2202,-66.2406,7.54,0,,,,,12,19.3,ok
TIC 220397769,68.9223,-57.4257,7.54,0,,,,,24,19.3,ok
TIC 177258735,102.2209,-73.2991,7.54,0,,,,,41,19.7,ok
TIC 268766159,32.0006,-21.3475,7.54,0,,,,,?,0.6,erreur
TIC 262498404,109.8875,-57.4488,7.55,0,,,,,29,19.5,ok
TIC 166839389,40.1328,-51.7888,7.55,0,,,,,5,10.4,ok
TIC 241578958,25.6053,-2.1606,7.55,0,,,,,3,5.9,ok
TIC 122521250,38.4828,-32.1969,7.56,0,,,,,5,10.7,ok
TIC 220022156,33.1778,-53.7437,7.56,0,,,,,9,18.0,ok
TIC 149101226,80.2532,-64.3318,7.56,0,,,,,40,19.3,ok
TIC 101017502,56.1973,-45.9259,7.57,0,,,,,4,8.2,ok
TIC 31746672,49.4342,-68.1597,7.57,0,,,,,15,18.9,ok
TIC 136842674,22.7964,-9.3126,7.57,0,,,,,2,4.3,ok
TIC 25004746,30.4751,-11.822,7.57,0,,,,,1,2.5,ok
TIC 266724047,28.9546,-20.5635,7.57,0,,,,,2,4.2,ok
TIC 201859867,37.9089,-58.8705,7.58,0,,,,,4,7.9,ok
TIC 260160453,92.7082,-59.7999,7.58,0,,103.2,rejete,variabilite_continue;eclipse_secondaire,39,25.5,ok
TIC 278291931,113.1051,-78.0858,7.58,0,,,,,26,19.8,ok
TIC 219982513,29.3723,-52.2006,7.58,0,,,,,5,10.1,ok
TIC 294780563,71.2832,-68.0208,7.58,0,,,,,41,19.0,ok
TIC 340705880,16.5727,-34.7978,7.58,0,,,,,3,6.2,ok
TIC 150250617,94.4575,-64.0301,7.58,0,,,,,29,19.0,ok
TIC 55293744,76.6603,-63.1487,7.59,0,,,,,31,19.4,ok
TIC 260656168,98.2006,-55.0802,7.59,0,,,,,?,0.7,erreur
TIC 140578304,67.9836,-75.6815,7.59,0,,,,,43,19.6,ok
TIC 29847695,23.5808,-8.4582,7.59,1,4.9988,10.0,a_verifier,,2,6.1,ok
TIC 178171970,43.3204,-34.4881,7.59,0,,,,,4,7.9,ok
TIC 370236914,105.2382,-72.5605,7.59,0,,,,,44,19.1,ok
TIC 314865991,53.5576,-72.8452,7.6,0,,,,,25,19.5,ok
TIC 399702726,20.7089,0.7107,7.6,0,,,,,5,10.9,ok
TIC 64109026,39.9755,-23.9299,7.6,0,,,,,5,10.6,ok
TIC 237356930,60.9073,-51.9317,7.6,0,,,,,5,9.9,ok
TIC 322737380,37.5626,-33.1083,7.6,0,,,,,2,4.3,ok
TIC 220573558,47.3475,-64.8547,7.6,0,,,,,8,15.4,ok
TIC 259698709,74.078,-51.0483,7.6,0,,,,,6,12.2,ok
TIC 220409133,70.5437,-56.1185,7.6,0,,,,,19,19.4,ok
TIC 198008979,60.4396,-57.2044,7.6,0,,,,,9,16.8,ok
TIC 38583375,63.5915,-64.9681,7.6,0,,,,,36,19.0,ok
TIC 152470489,61.7764,-46.2978,7.61,0,,,,,?,0.6,erreur
TIC 268861974,34.2964,-19.9969,7.61,0,,,,,2,4.5,ok
TIC 244203455,7.8812,-4.2831,7.61,0,,,,,3,6.3,ok
TIC 146653341,42.6724,-44.0829,7.61,0,,,,,?,276.2,timeout
TIC 290171023,32.2305,-16.0095,7.61,0,,,,,2,4.5,ok
TIC 333604051,12.6318,-5.3142,7.61,0,,,,,4,7.8,ok
TIC 231280977,42.6796,-48.874,7.62,0,,,,,2,4.7,ok
TIC 141943941,95.3334,-75.128,7.62,0,,,,,41,19.7,ok
TIC 31104764,76.4957,-68.4164,7.62,0,,,,,41,19.4,ok
TIC 101101478,57.7631,-44.3648,7.62,0,,,,,2,4.4,ok
TIC 101039421,56.577,-47.8943,7.62,0,,,,,3,6.4,ok
TIC 11645778,21.3753,-24.7203,7.62,0,,,,,2,4.5,ok
TIC 200700424,47.1686,-48.0166,7.62,0,,,,,4,8.1,ok
TIC 33626839,29.4736,-28.8458,7.62,0,,,,,2,4.4,ok
TIC 685356872,61.8731,-52.5728,7.62,0,,,,,2,4.4,ok
TIC 55741018,74.5901,-63.2137,7.63,0,,,,,43,19.2,ok
TIC 220521199,42.0037,-62.9647,7.63,0,,,,,6,12.1,ok
TIC 122686610,42.3573,-30.8127,7.63,0,,,,,?,303.8,timeout
TIC 28053245,12.8956,-22.9117,7.63,0,,,,,?,272.8,timeout
TIC 259291898,67.4587,-52.9856,7.63,0,,,,,7,13.6,ok
TIC 632431613,37.2608,-19.9776,7.63,0,,,,,1,2.5,ok
TIC 259472757,70.3317,-52.627,7.63,0,,,,,9,17.0,ok
TIC 314828080,52.772,-72.3739,7.64,0,,,,,11,19.3,ok
TIC 177174590,105.1881,-71.396,7.64,0,,,,,41,19.6,ok
TIC 260043481,91.5121,-59.5475,7.64,0,,,,,43,19.2,ok
TIC 33861444,64.7529,-75.718,7.64,0,,,,,42,19.4,ok
TIC 100916963,32.3767,-41.3871,7.64,0,,,,,2,4.4,ok
TIC 279157426,103.0538,-56.509,7.64,0,,,,,40,19.3,ok
TIC 349973705,114.5656,-63.574,7.65,0,,,,,34,18.9,ok
TIC 100014454,23.3167,-47.3049,7.65,0,,,,,?,0.6,erreur
TIC 122574949,39.949,-33.9023,7.65,0,,,,,3,6.1,ok
TIC 271576444,105.8805,-77.943,7.65,0,,,,,32,18.6,ok
TIC 115350487,27.9753,-38.8837,7.65,0,,,,,2,4.2,ok
TIC 11637943,21.2071,-27.8406,7.65,0,,,,,2,4.4,ok
TIC 67685916,19.8276,-34.4902,7.65,0,,,,,2,4.3,ok
TIC 268587295,15.4471,-19.4203,7.66,0,,,,,2,4.3,ok
TIC 144102528,59.0738,-43.618,7.66,0,,,,,2,4.4,ok
TIC 115355998,28.051,-39.6747,7.66,0,,,,,2,4.2,ok
TIC 10879626,26.183,-6.6691,7.66,0,,,,,1,2.5,ok
TIC 29918417,24.7508,-10.4985,7.66,0,,,,,2,4.5,ok
TIC 207239763,50.3242,-59.6397,7.66,0,,,,,6,11.6,ok
TIC 10756658,9.2343,-6.5645,7.66,0,,,,,5,9.8,ok
TIC 184241576,29.2098,-43.1782,7.66,0,,,,,3,6.0,ok
TIC 336875715,17.7549,-11.3836,7.66,0,,,,,2,4.3,ok
TIC 453079732,113.6405,-70.3818,7.66,0,,,,,41,19.0,ok
TIC 41977370,23.3212,-38.2452,7.66,0,,,,,3,6.1,ok
TIC 141626634,89.7251,-75.1586,7.67,0,,,,,32,19.0,ok
TIC 248343096,16.6076,-0.7497,7.67,0,,,,,?,0.5,erreur
TIC 166768386,38.3052,-51.9373,7.67,0,,,,,4,8.1,ok
TIC 122522574,38.6349,-29.9497,7.67,0,,,,,3,6.4,ok
TIC 220536846,43.1103,-59.933,7.67,0,,,,,6,11.7,ok
TIC 38698083,66.3649,-65.8129,7.67,0,,,,,42,19.2,ok
TIC 28093107,14.0153,-20.7018,7.67,0,,,,,2,4.2,ok
TIC 165162477,47.1099,-37.8516,7.67,0,,,,,4,8.0,ok
TIC 32053388,57.6532,-66.3441,7.67,0,,,,,24,19.0,ok
TIC 24940997,28.7251,-11.5113,7.67,0,,,,,2,5.0,ok
TIC 11558313,19.6858,-26.5006,7.67,0,,,,,2,4.4,ok
TIC 200852735,53.9281,-53.2063,7.67,0,,,,,5,9.4,ok
TIC 262878692,24.9332,3.4555,7.67,0,,,,,4,8.1,ok
TIC 150320178,95.7155,-64.5427,7.68,0,,,,,33,19.2,ok
TIC 198051324,62.9377,-59.1697,7.68,0,,,,,19,19.6,ok
TIC 299138035,22.2772,-6.8479,7.68,0,,,,,2,4.4,ok
TIC 381925156,76.3285,-56.7816,7.68,0,,,,,31,19.1,ok
TIC 11598971,20.4448,-24.1279,7.68,0,,,,,2,4.3,ok
TIC 308245986,51.7749,-37.8901,7.68,0,,,,,4,8.4,ok
TIC 259514327,71.1979,-51.2791,7.69,0,,,,,?,560.7,timeout
TIC 259590119,72.5996,-51.0568,7.69,0,,,,,?,541.1,timeout
TIC 123255131,28.2616,-33.3143,7.69,0,,,,,?,540.7,timeout
TIC 266769592,29.8571,-23.4361,7.69,0,,,,,?,540.7,timeout
TIC 231022037,28.0261,-55.7597,7.69,0,,,,,?,540.7,timeout
TIC 141865875,93.802,-77.0523,7.69,0,,,,,?,540.7,timeout
TIC 122617131,41.6421,-32.5349,7.69,0,,,,,?,540.7,timeout
TIC 65325217,39.0321,-28.2184,7.69,0,,,,,?,540.7,timeout
TIC 176776592,47.6525,-34.5668,7.69,0,,,,,?,540.7,timeout
TIC 139472258,35.7976,-29.0361,7.7,0,,,,,?,540.7,timeout
TIC 167814517,105.1799,-61.1417,7.7,0,,,,,?,540.7,timeout
TIC 380882885,15.3336,-16.2948,7.7,0,,,,,?,540.7,timeout
TIC 67655560,19.3241,-34.664,7.7,0,,,,,?,281.2,timeout
TIC 199737119,22.8867,-43.8466,7.7,0,,,,,4,11.2,ok
TIC 41364284,92.8391,-69.7599,7.7,0,,,,,28,20.4,ok
TIC 38587180,64.1641,-64.3154,7.7,0,,,,,?,0.8,erreur
TIC 425083216,83.104,-67.6982,7.7,0,,,,,?,563.2,timeout
TIC 72587964,31.4257,-24.3765,7.7,0,,,,,?,540.5,timeout
TIC 219989588,30.5693,-50.4925,7.7,0,,,,,?,540.7,timeout
TIC 423385685,14.9213,-4.4619,7.7,0,,,,,?,540.7,timeout
TIC 175517571,45.6423,-40.2442,7.7,0,,,,,?,540.7,timeout
TIC 299886628,46.5229,-48.7969,7.71,0,,,,,?,540.7,timeout
TIC 41973613,22.685,-37.7893,7.71,0,,,,,?,540.7,timeout
TIC 141268467,82.5141,-76.2487,7.71,0,,,,,?,540.7,timeout
TIC 201937547,41.7829,-57.4369,7.71,0,,,,,?,540.7,timeout
TIC 290172842,32.3846,-16.9626,7.71,0,,,,,2,10.3,ok
TIC 241766939,26.9182,-3.2367,7.71,0,,,,,1,4.2,ok
TIC 207133243,43.0517,-56.9876,7.71,0,,,,,5,12.4,ok
TIC 150062447,91.314,-62.2936,7.71,0,,,,,36,23.2,ok
TIC 140894354,76.4887,-73.5932,7.71,0,,,,,41,26.5,ok
TIC 207131617,42.8411,-55.0746,7.71,0,,,,,5,11.1,ok
TIC 123255201,28.299,-32.8059,7.71,0,,,,,2,7.9,ok
TIC 281576629,114.1383,-58.3772,7.71,0,,,,,13,19.7,ok
TIC 408015687,13.9189,-8.0534,7.71,0,,,,,1,4.9,ok
TIC 72638232,32.0577,-24.6956,7.71,0,,,,,2,9.7,ok
TIC 200745217,49.6437,-51.2971,7.72,0,,,,,3,9.7,ok
TIC 293347978,98.9783,-64.8808,7.72,0,,,,,39,17.8,ok
TIC 266855794,31.4973,-22.1504,7.72,0,,,,,2,6.0,ok
TIC 268587249,15.5296,-19.67,7.72,0,,,,,2,5.0,ok
TIC 278730120,99.6107,-58.3378,7.72,0,,,,,43,21.8,ok
TIC 200748029,50.0482,-52.0324,7.73,0,,,,,5,8.7,ok
TIC 70556112,33.7985,-35.1177,7.73,0,,,,,2,6.7,ok
TIC 33596741,29.0753,-25.281,7.73,0,,,,,2,6.8,ok
TIC 391887389,82.6905,-70.9188,7.73,0,,,,,28,15.3,ok
TIC 300561691,112.7205,-66.3487,7.73,0,,,,,12,18.5,ok
TIC 79569274,53.272,-46.7792,7.73,0,,,,,4,6.6,ok
TIC 339598319,45.9604,-51.4092,7.73,0,,,,,3,7.8,ok
TIC 220475913,75.3185,-54.0084,7.73,0,,,,,11,14.0,ok
TIC 287533413,124.6853,-75.0147,7.73,0,,,,,11,15.8,ok
TIC 40103277,7.8829,-11.2734,7.74,0,,,,,2,5.9,ok
TIC 220408612,70.4773,-58.0208,7.74,0,,,,,34,17.8,ok
TIC 374912345,89.0304,-61.4469,7.74,0,,,,,42,16.0,ok
TIC 40103287,7.8349,-11.2241,7.74,0,,,,,2,5.1,ok
TIC 32033224,56.0775,-66.6963,7.74,0,,,,,27,15.2,ok
TIC 38602419,64.3213,-63.0967,7.74,0,,,,,42,15.8,ok
TIC 382582811,36.2056,-61.4603,7.74,0,,,,,5,11.7,ok
TIC 650694461,57.1965,-53.1823,7.74,0,,,,,2,8.5,ok
TIC 271693199,109.768,-76.4161,7.74,0,,,,,40,15.2,ok
TIC 375064476,100.3168,-64.3598,7.74,0,,,,,31,13.5,ok
TIC 279638227,48.73,-60.6354,7.75,0,,,,,3,7.5,ok
TIC 231045561,28.4526,-54.7614,7.75,0,,,,,5,11.9,ok
TIC 165194481,48.257,-36.9668,7.75,0,,,,,4,9.6,ok
TIC 364323133,87.879,-63.5312,7.75,0,,,,,26,14.1,ok
TIC 279647684,49.4192,-63.0776,7.75,0,,,,,10,15.0,ok
TIC 11648750,21.7054,-29.4761,7.75,0,,,,,2,4.4,ok
TIC 200746541,49.8228,-50.8751,7.76,0,,,,,3,6.6,ok
TIC 29928131,24.6115,-15.4624,7.76,0,,,,,2,6.1,ok
TIC 321055375,44.1421,-39.4477,7.76,0,,,,,7,12.4,ok
TIC 67566495,16.1561,-30.4881,7.76,0,,,,,?,1.4,erreur
TIC 439501096,22.5044,-19.6056,7.76,0,,,,,2,6.9,ok
TIC 231282037,42.928,-52.5601,7.76,0,,,,,6,10.8,ok
TIC 115347569,27.5051,-38.8312,7.76,0,,,,,2,5.0,ok
TIC 33594643,28.799,-24.1537,7.76,0,,,,,2,4.1,ok
TIC 100990000,54.8194,-42.7632,7.76,1,9.573,22.7,rejete,variabilite_continue,5,12.9,ok
TIC 101101072,57.6494,-42.5619,7.77,0,,,,,3,8.1,ok
TIC 209406565,44.9484,-30.173,7.77,0,,,,,3,6.4,ok
TIC 166738041,36.4666,-52.9647,7.77,0,,,,,6,10.0,ok
TIC 309614870,78.6026,-63.5409,7.77,0,,,,,39,14.3,ok
TIC 350182638,115.7983,-61.9012,7.77,0,,,,,39,15.8,ok
TIC 308226780,40.4823,-38.8736,7.77,0,,,,,3,4.9,ok
TIC 200767510,50.3506,-52.8544,7.77,0,,,,,6,9.4,ok
TIC 142105308,98.5196,-72.2699,7.77,0,,,,,33,16.6,ok
TIC 144162606,60.9375,-44.4821,7.77,0,,,,,4,6.0,ok
TIC 212381363,27.4183,-14.233,7.77,0,,,,,2,4.5,ok
TIC 231284313,43.1179,-52.8884,7.78,0,,,,,4,10.7,ok
TIC 72730521,34.4967,-28.3732,7.78,0,,,,,2,6.8,ok
TIC 326150843,16.3941,-26.9554,7.78,0,,,,,2,4.7,ok
TIC 220391207,68.1799,-55.5961,7.78,0,,,,,9,16.5,ok
TIC 220575230,47.5357,-62.3583,7.78,0,,,,,6,9.8,ok
TIC 197866780,55.4794,-57.9993,7.78,0,,,,,6,9.3,ok
TIC 311883977,66.8507,-53.4042,7.78,0,,,,,7,16.9,ok
TIC 11568630,19.871,-24.9519,7.78,0,,,,,2,9.3,ok
TIC 88338809,44.0824,-28.9505,7.78,0,,,,,3,7.5,ok
TIC 231293910,44.7141,-52.096,7.79,0,,,,,3,5.9,ok
TIC 213008216,10.5415,-3.0572,7.79,0,,,,,5,7.6,ok
TIC 139370701,67.2684,-69.6122,7.79,0,,,,,34,20.8,ok
TIC 207202125,47.7083,-57.7022,7.79,0,,,,,6,10.8,ok
TIC 98672854,9.7096,-18.8682,7.79,0,,,,,2,5.5,ok
TIC 97470196,24.2903,-25.0151,7.79,0,,,,,2,7.0,ok
TIC 65348276,39.7777,-24.339,7.79,0,,,,,3,6.5,ok
TIC 294748147,70.6016,-71.4959,7.79,0,,,,,41,16.5,ok
TIC 38760904,67.0891,-65.7111,7.79,0,,,,,34,14.5,ok
TIC 150187916,93.7145,-62.2835,7.8,0,,,,,39,17.4,ok
TIC 350715999,88.3989,-56.6708,7.8,0,,,,,34,16.8,ok
TIC 261417533,95.2492,-78.4123,7.8,0,,,,,41,17.9,ok
TIC 262820103,23.983,1.2754,7.8,0,,,,,4,7.0,ok
TIC 349155285,108.2761,-63.3416,7.81,0,,,,,35,19.3,ok
TIC 219226636,62.9843,-52.4239,7.81,0,,,,,6,9.6,ok
TIC 370010237,46.8569,-68.4524,7.81,0,,,,,8,20.3,ok
TIC 259587096,72.1989,-49.8857,7.81,0,,,,,5,10.9,ok
TIC 326196992,17.216,-29.6227,7.81,0,,,,,2,7.8,ok
TIC 136844341,23.1295,-10.2976,7.81,0,,,,,2,7.2,ok
TIC 72705973,33.9479,-24.772,7.82,0,,,,,2,8.3,ok
TIC 10864081,26.165,-11.6562,7.82,0,,,,,2,8.2,ok
TIC 311864665,66.6618,-53.7039,7.82,0,,,,,8,20.1,ok
TIC 167748771,103.5499,-62.4635,7.82,0,,,,,41,17.8,ok
TIC 141609430,88.7251,-75.4583,7.82,0,,,,,40,24.4,ok
TIC 141545616,88.391,-75.3439,7.82,0,,,,,40,15.4,ok
TIC 198036154,61.3805,-58.4782,7.82,0,,,,,8,19.2,ok
TIC 167797285,104.5429,-60.2962,7.83,0,,,,,41,16.9,ok
TIC 248957126,21.6052,-0.4441,7.83,0,,,,,4,9.4,ok
TIC 159966592,49.7209,-36.1271,7.83,0,,,,,4,9.0,ok
TIC 260507598,96.6816,-59.0252,7.83,0,,,,,41,17.4,ok
TIC 268634445,16.4506,-23.5928,7.83,0,,,,,2,5.8,ok
TIC 55855898,23.0796,-26.5531,7.83,0,,,,,4,10.2,ok
TIC 92995279,28.6579,-13.9138,7.83,0,,,,,2,6.1,ok
TIC 306512813,119.0663,-69.6451,7.83,0,,,,,44,15.8,ok
TIC 259472857,70.4261,-52.3119,7.83,0,,,,,6,10.7,ok
TIC 167889402,105.1153,-65.908,7.84,0,,,,,42,16.2,ok
TIC 220563774,45.7357,-59.9995,7.84,0,,,,,4,8.8,ok
TIC 41977519,23.3195,-37.3144,7.84,0,,,,,2,4.8,ok
TIC 401839949,26.3332,-45.0816,7.84,0,,,,,5,11.1,ok
TIC 423360793,14.9021,-1.3264,7.85,0,,,,,6,11.9,ok
TIC 164775259,27.274,-18.4774,7.85,0,,,,,2,5.9,ok
TIC 184688793,30.2203,-43.8314,7.85,0,,,,,3,8.2,ok
TIC 279834734,35.1303,-62.2476,7.85,0,,,,,7,12.7,ok
TIC 408047845,16.9539,-8.2336,7.85,0,,,,,2,5.2,ok
TIC 219235969,64.2198,-48.5156,7.85,0,,,,,6,9.6,ok
TIC 152359413,44.7841,-40.7238,7.85,0,,,,,4,7.0,ok
TIC 358247323,52.948,-58.0997,7.85,0,,,,,6,15.8,ok
TIC 167524563,100.5307,-64.5238,7.85,0,,,,,38,15.7,ok
TIC 215335181,42.9553,-38.0765,7.85,0,,,,,3,8.3,ok
TIC 167796443,104.36,-60.8512,7.85,0,,,,,44,15.7,ok
TIC 206404910,55.1398,-52.6981,7.85,0,,,,,4,6.5,ok
TIC 389570196,86.5232,-67.7097,7.85,0,,,,,24,18.5,ok
TIC 183636566,18.9398,-39.9528,7.86,0,,,,,2,7.3,ok
TIC 241537481,25.2445,-5.4038,7.86,0,,,,,3,8.9,ok
TIC 149972207,89.9754,-62.8087,7.86,0,,,,,31,15.7,ok
TIC 260418789,95.9079,-56.109,7.86,0,,,,,40,16.4,ok
TIC 300871376,117.6959,-70.7781,7.86,0,,,,,33,18.0,ok
TIC 167009292,94.8426,-66.061,7.86,0,,,,,34,15.1,ok
TIC 259675399,73.6392,-52.5237,7.86,0,,,,,9,14.8,ok
TIC 31383649,88.7143,-70.508,7.87,0,,,,,28,16.4,ok
TIC 55663264,74.371,-61.2874,7.87,0,,,,,39,16.8,ok
TIC 319258261,60.0576,-62.9017,7.87,0,,,,,20,15.0,ok
TIC 287530364,124.2177,-76.4262,7.87,0,,,,,11,15.7,ok
TIC 336893636,18.1325,0.9801,7.87,0,,,,,5,10.9,ok
TIC 287718001,125.9081,-74.1659,7.87,0,,,,,15,14.8,ok
TIC 152361083,45.0823,-37.4543,7.87,0,,,,,4,11.4,ok
TIC 219414862,79.2264,-52.4527,7.87,0,,,,,9,15.4,ok
TIC 278823382,100.0911,-59.1231,7.87,0,,,,,31,14.8,ok
TIC 439468361,20.7223,-20.7363,7.87,0,,,,,1,7.4,ok
TIC 408017457,14.1178,-6.7209,7.88,0,,,,,2,8.0,ok
TIC 11613065,20.5313,-26.8944,7.88,0,,,,,2,4.3,ok
TIC 326197647,17.1909,-25.8609,7.88,0,,,,,2,8.4,ok
TIC 198008281,60.2667,-54.4062,7.88,0,,,,,6,13.6,ok
TIC 287298969,82.3553,-66.439,7.88,0,,,,,37,16.0,ok
TIC 32522691,28.048,-32.5399,7.88,0,,,,,4,8.2,ok
TIC 391927456,107.6249,-72.3427,7.88,0,,,,,31,20.7,ok
TIC 167526213,100.5957,-61.2242,7.88,0,,,,,39,18.1,ok
TIC 344300996,23.0772,1.572,7.88,0,,,,,4,11.1,ok
TIC 369533064,25.2171,1.6286,7.88,0,,,,,4,9.9,ok
TIC 404462906,25.5214,-12.6424,7.88,0,,,,,2,10.4,ok
TIC 248921666,19.9051,-5.325,7.88,0,,,,,3,7.5,ok
TIC 152974004,48.3875,-45.9157,7.88,0,,,,,4,7.0,ok
TIC 219997529,31.7499,-50.6376,7.89,0,,,,,7,16.4,ok
TIC 160191521,27.1533,-44.1036,7.89,0,,,,,3,8.6,ok
TIC 159897969,48.7767,-39.0516,7.89,0,,,,,4,10.8,ok
TIC 201883033,39.7547,-58.187,7.89,0,,,,,5,13.8,ok
TIC 3903969,11.6152,-6.6851,7.89,0,,,,,3,14.1,ok
TIC 150360766,96.3534,-62.4223,7.89,0,,,,,38,18.1,ok
TIC 350522196,86.3126,-55.7249,7.89,0,,,,,41,23.6,ok
TIC 70502995,22.4221,-30.0463,7.89,0,,,,,1,9.5,ok
TIC 257499753,31.1299,-13.8132,7.89,0,,,,,2,7.5,ok
TIC 149347480,83.6092,-60.104,7.9,0,,,,,42,18.1,ok
TIC 165160416,47.0022,-39.3063,7.9,0,,,,,4,9.4,ok
TIC 308241027,41.7638,-37.7396,7.91,0,,,,,3,8.6,ok
TIC 150390619,96.5129,-64.3303,7.91,0,,,,,35,17.6,ok
TIC 166675170,34.511,-50.8183,7.91,0,,,,,6,13.2,ok
TIC 248353970,17.8032,-1.2745,7.91,0,,,,,2,6.4,ok
TIC 220421191,71.9532,-58.361,7.91,0,,,,,32,15.8,ok
TIC 140576174,67.4944,-72.2755,7.91,0,,,,,32,16.5,ok
TIC 146732137,45.8552,-44.0537,7.91,0,,,,,2,5.4,ok
TIC 220430912,73.1177,-55.697,7.91,0,,,,,24,16.6,ok
TIC 164753256,25.8852,-19.4034,7.91,0,,,,,2,5.7,ok
TIC 215476767,43.4662,-40.1941,7.91,0,,,,,6,11.3,ok
TIC 32532571,19.9575,-14.9138,7.92,0,,,,,2,5.6,ok
TIC 439410249,19.249,-17.087,7.92,0,,,,,1,3.6,ok
TIC 178171112,43.1729,-31.5616,7.92,0,,,,,4,14.9,ok
TIC 40405143,77.358,-69.7139,7.92,0,,,,,40,14.0,ok
TIC 220554214,43.7268,-64.0438,7.92,0,,,,,2,8.7,ok
TIC 138732285,33.251,-40.0069,7.92,0,,,,,1,3.7,ok
TIC 259513932,71.0685,-52.6281,7.92,0,,,,,6,9.3,ok
TIC 111270036,30.8861,-37.2001,7.92,0,,,,,1,2.1,ok
TIC 24251525,15.7393,-9.8611,7.92,0,,,,,1,5.4,ok
TIC 206405700,55.4344,-51.4255,7.93,0,,,,,2,3.8,ok
TIC 10756718,9.238,-6.1122,7.93,0,,,,,5,8.6,ok
TIC 219256433,66.2657,-50.9058,7.93,0,,,,,6,9.4,ok
TIC 404763926,84.8986,-67.0418,7.93,0,,,,,29,14.3,ok
TIC 24270027,16.1593,-7.6736,7.93,0,,,,,2,5.1,ok
TIC 67628751,17.9571,-34.7977,7.93,0,,,,,4,6.3,ok
TIC 306511307,119.1376,-67.7722,7.94,0,,,,,39,18.6,ok
TIC 271598242,108.8564,-77.0299,7.94,0,,,,,40,18.2,ok
TIC 369988770,37.7082,-59.8972,7.94,0,,,,,8,15.4,ok
TIC 301050698,48.2361,-42.3738,7.94,0,,,,,4,9.1,ok
TIC 300653260,114.2304,-68.5106,7.94,0,,,,,43,16.7,ok
TIC 219989868,30.5877,-48.903,7.95,0,,,,,2,7.6,ok
TIC 260419879,95.888,-58.1788,7.95,0,,,,,43,15.9,ok
TIC 166841803,40.2803,-51.4402,7.95,0,,,,,6,12.9,ok
TIC 336872109,13.7748,-17.4428,7.95,0,,,,,1,4.6,ok
TIC 257505374,31.2781,-17.6156,7.95,0,,,,,3,10.8,ok
TIC 146653016,42.6036,-42.2283,7.95,0,,,,,3,9.2,ok
TIC 139524482,36.2038,-29.8632,7.95,0,,,,,1,4.2,ok
TIC 344333445,26.3198,-15.8967,7.95,0,,,,,2,9.6,ok
TIC 40102925,7.7715,-10.0841,7.95,0,,,,,1,9.8,ok
TIC 323295849,52.6744,-40.1196,7.95,0,,,,,3,7.9,ok
TIC 397135218,130.7359,-77.1177,7.96,0,,21.7,rejete,variabilite_continue;eclipse_secondaire,7,22.0,ok
TIC 339962133,112.5894,-57.4455,7.96,0,,,,,25,17.5,ok
TIC 3989045,12.9361,-6.1001,7.96,0,,,,,2,6.2,ok
TIC 231288941,43.865,-51.2607,7.96,0,,,,,2,6.8,ok
TIC 423668484,9.4686,-16.6722,7.96,0,,,,,1,3.7,ok
TIC 219393128,77.5122,-52.651,7.96,0,,,,,7,16.9,ok
TIC 24910771,27.4306,-10.3744,7.96,0,,,,,2,10.8,ok
TIC 401841075,26.5496,-45.2913,7.96,0,,,,,4,16.0,ok
TIC 146280732,35.5871,-32.952,7.96,0,,,,,2,10.1,ok
TIC 229140778,26.1918,-49.4917,7.96,0,,,,,5,14.7,ok
TIC 350764186,88.9565,-56.5284,7.96,0,,,,,29,21.5,ok
TIC 382437069,117.1608,-63.6888,7.97,0,,,,,29,18.3,ok
TIC 220536421,42.9725,-61.6172,7.97,0,,,,,11,18.3,ok
TIC 167526477,100.3881,-60.6876,7.97,0,,,,,38,17.7,ok
TIC 28117238,23.8383,-21.2015,7.97,0,,,,,2,7.9,ok
TIC 279477561,105.2852,-57.1918,7.97,0,,,,,29,18.0,ok
TIC 439456192,18.9267,-18.4165,7.97,0,,,,,1,6.2,ok
TIC 212378099,26.9296,-13.198,7.97,0,,,,,2,8.5,ok
TIC 147459155,41.4063,-41.2323,7.97,0,,,,,3,6.2,ok
TIC 149665755,87.6626,-65.26,7.97,0,,,,,24,18.4,ok
TIC 279430029,105.0432,-56.9069,7.98,1,1.1207,59.0,rejete,variabilite_continue;eclipse_secondaire,40,25.3,ok
TIC 197907308,58.7155,-54.448,7.98,0,,,,,6,16.1,ok
TIC 72647210,32.7488,-25.4583,7.98,0,,,,,2,11.2,ok
TIC 279616114,48.4241,-65.8302,7.98,0,,,,,9,16.7,ok
TIC 122555477,39.3493,-33.0759,7.98,0,,,,,3,7.4,ok
TIC 311924816,54.8493,-60.077,7.98,0,,,,,8,15.4,ok
TIC 65361503,39.9858,-24.4816,7.99,0,,,,,3,9.9,ok
TIC 273849585,34.4126,-62.7392,7.99,0,,,,,5,9.6,ok
TIC 200805843,52.9913,-49.8874,7.99,0,,,,,2,7.5,ok
TIC 333607238,12.9542,-4.0868,7.99,0,,,,,4,11.9,ok
TIC 206412587,55.679,-51.2862,7.99,0,,,,,4,12.4,ok
TIC 29855434,24.2045,-7.4516,7.99,0,,,,,2,11.5,ok
TIC 209429123,45.2956,-33.1826,7.99,0,,,,,3,10.1,ok
TIC 350144504,115.4415,-65.7901,7.99,0,,,,,35,17.9,ok
TIC 167248140,97.6155,-68.9476,7.99,0,,,,,28,18.4,ok
TIC 55402208,78.0423,-62.0398,7.99,0,,,,,39,21.2,ok
TIC 141610050,88.6954,-76.8075,7.99,0,,,,,39,18.8,ok
TIC 349765573,112.8071,-62.5133,7.99,2,12.7346;2.3883,36.2,rejete,variabilite_continue,10,27.3,ok
TIC 29778225,64.8193,-65.9666,7.99,0,,,,,44,18.9,ok
TIC 100918065,32.5178,-37.3798,7.99,0,,,,,2,11.1,ok
TIC 55401680,77.9797,-60.655,8.0,0,,,,,31,16.8,ok
TIC 349269343,108.9713,-61.8623,8.0,0,,,,,30,17.8,ok
TIC 382145521,80.3227,-56.2452,8.0,0,,56.7,rejete,variabilite_continue;eclipse_secondaire,42,23.8,ok
TIC 92223247,10.8397,-12.087,8.0,0,,,,,1,7.7,ok
TIC 150357935,96.1953,-62.8364,8.0,0,,12.0,rejete,variabilite_continue;eclipse_secondaire,40,24.6,ok
TIC 31106039,76.2779,-68.0864,8.0,0,,,,,29,16.3,ok
TIC 290170018,31.8972,-16.3115,8.0,0,,,,,2,5.9,ok
TIC 33648575,29.5142,-28.8153,8.0,0,,,,,2,5.2,ok
TIC 300658296,114.6477,-68.2706,8.0,0,,,,,43,23.9,ok
TIC 423387652,29.0817,-4.1771,8.0,0,,,,,2,5.9,ok
TIC 300241371,109.4017,-71.3342,8.0,0,,,,,30,18.5,ok
TIC 237933451,58.8262,-65.2843,8.0,0,,,,,34,15.1,ok
TIC 150063627,91.4257,-60.1056,8.0,0,,,,,29,14.8,ok
TIC 38394477,8.9279,-8.2096,8.0,0,,,,,5,7.9,ok
TIC 167415965,99.4581,-70.9309,8.01,1,9.2772,15.2,rejete,variabilite_continue,40,22.8,ok
TIC 139525924,36.4256,-27.1442,8.01,0,,,,,3,9.0,ok
TIC 29986479,72.8589,-68.4398,8.01,0,,,,,30,15.0,ok
TIC 146654383,42.8039,-45.9942,8.01,0,,52.7,rejete,variabilite_continue;eclipse_secondaire,5,12.4,ok
TIC 91515492,36.4053,-31.7984,8.01,0,,,,,3,8.6,ok
TIC 209430622,45.5247,-35.1394,8.01,0,,,,,2,6.7,ok
TIC 123267854,28.4616,-30.3022,8.01,0,,,,,4,11.7,ok
TIC 241632478,25.9997,-0.1689,8.01,0,,,,,5,10.9,ok
TIC 364326091,101.7985,-61.8131,8.01,0,,,,,39,17.3,ok
TIC 220523140,42.2271,-65.239,8.01,0,,,,,7,13.4,ok
TIC 150393049,96.7989,-60.1051,8.01,0,,,,,31,16.4,ok
TIC 32453448,28.0119,-32.9798,8.01,0,,,,,4,12.1,ok
TIC 111269580,30.9445,-40.4688,8.01,0,,,,,2,13.1,ok
TIC 278777070,99.744,-58.836,8.01,0,,,,,45,15.6,ok
TIC 101101415,57.7454,-44.0713,8.01,0,,,,,5,8.5,ok
TIC 28106722,14.1265,-19.4438,8.01,0,,,,,2,9.7,ok
TIC 423672066,21.5689,-13.8935,8.01,0,,,,,2,7.6,ok
TIC 278775103,99.7408,-55.2986,8.01,0,,,,,26,16.2,ok
TIC 150141471,92.7644,-63.2742,8.01,0,,,,,27,17.3,ok
TIC 55478693,71.2144,-64.9763,8.01,0,,,,,32,15.9,ok
TIC 231297873,45.1567,-48.2108,8.01,0,,,,,3,8.5,ok
TIC 279324004,104.2197,-59.3788,8.01,0,,,,,30,16.5,ok
TIC 231729342,81.4601,-53.5824,8.01,0,,,,,23,17.7,ok
TIC 220477045,75.5281,-57.4834,8.01,0,,,,,29,15.3,ok
TIC 272088627,115.5212,-74.9482,8.01,0,,,,,29,16.2,ok
TIC 260709282,98.5248,-57.086,8.01,0,,,,,28,16.6,ok
TIC 248985160,22.7299,-2.921,8.02,0,,,,,2,5.7,ok
TIC 123366634,31.2622,-31.8004,8.02,0,,,,,4,9.1,ok
TIC 140800765,74.7115,-72.1251,8.02,0,,,,,30,18.2,ok
TIC 287723398,126.2897,-76.0465,8.02,0,,,,,13,17.3,ok
TIC 388104889,55.9867,-63.527,8.02,0,,,,,14,14.8,ok
TIC 150440362,97.5377,-61.2656,8.02,0,,,,,26,20.0,ok
TIC 632011518,34.9489,-35.4453,8.02,0,,,,,4,10.4,ok
TIC 229157718,28.9248,-52.1418,8.02,0,,,,,6,9.5,ok
TIC 229156385,28.6403,-50.6215,8.02,0,,,,,6,11.2,ok
TIC 28116853,23.7864,-23.4471,8.02,0,,,,,2,6.4,ok
TIC 220391375,68.1286,-56.2256,8.02,0,,,,,20,15.2,ok
TIC 350717211,88.4022,-54.056,8.02,0,,,,,23,13.9,ok
TIC 354654335,25.0955,-47.9127,8.02,0,,,,,7,10.1,ok
TIC 63841413,14.9598,-24.5524,8.02,0,,,,,1,3.8,ok
TIC 354777099,47.9129,-50.2723,8.02,0,,,,,3,5.7,ok
TIC 65348719,39.9738,-26.3209,8.02,0,,32.2,rejete,variabilite_continue;eclipse_secondaire;compagnon_trop_gros_6.1Rjup,4,10.0,ok
TIC 311237365,38.807,-34.9818,8.02,0,,,,,4,7.4,ok
TIC 287426689,122.8886,-74.9993,8.02,0,,,,,20,15.2,ok
TIC 184729629,11.9721,-13.3386,8.02,0,,,,,1,7.2,ok
TIC 20925762,10.1616,-17.8868,8.02,0,,,,,1,6.2,ok
TIC 24921430,27.5063,-6.1761,8.02,0,,,,,2,3.9,ok
TIC 63957451,36.5636,-23.8892,8.02,0,,,,,3,7.4,ok
TIC 29920336,24.2708,-15.5166,8.02,0,,,,,2,7.7,ok
TIC 328101272,14.3178,-16.0086,8.02,0,,,,,3,9.8,ok
TIC 439456824,19.0462,-21.4828,8.02,0,,,,,2,10.1,ok
TIC 41488282,93.284,-66.0456,8.02,0,,,,,20,17.4,ok
TIC 55857159,23.2698,-29.0923,8.02,0,,,,,3,7.4,ok
TIC 38515329,62.7588,-62.4473,8.02,0,,,,,29,14.5,ok
TIC 142110261,99.272,-74.796,8.02,0,,,,,29,15.0,ok
TIC 38811498,67.3874,-65.3774,8.02,0,,,,,44,16.5,ok
TIC 100107808,25.3973,-46.0074,8.02,0,,,,,9,13.3,ok
TIC 166678790,35.2025,-50.8853,8.02,0,,,,,7,11.0,ok
TIC 111362929,31.4308,-41.1807,8.02,0,,,,,5,8.3,ok
TIC 393483115,35.5444,-43.6135,8.02,0,,,,,4,7.6,ok
TIC 212384268,27.8692,-16.741,8.02,0,,,,,2,4.7,ok
TIC 31814318,51.2205,-68.3343,8.02,0,,,,,20,16.2,ok
TIC 266769531,29.7619,-22.9893,8.03,0,,,,,2,6.9,ok
TIC 382419353,34.9403,-56.115,8.03,0,,,,,6,11.6,ok
TIC 10838592,25.3175,-6.0373,8.03,0,,,,,2,5.6,ok
TIC 164792342,27.9778,-23.1495,8.03,0,,,,,2,5.6,ok
TIC 29832379,66.6763,-70.3811,8.03,0,,,,,29,16.4,ok
TIC 32152605,59.4453,-69.5254,8.03,0,,,,,44,15.5,ok
TIC 167205241,97.3487,-71.5065,8.03,0,,,,,42,14.5,ok
TIC 114500631,11.76,-19.7727,8.03,0,,,,,1,3.7,ok
TIC 3804928,9.4873,-5.998,8.03,0,,,,,5,9.0,ok
TIC 279053000,102.1496,-58.4673,8.03,1,0.996,18.0,rejete,variabilite_continue;eclipse_secondaire,43,19.6,ok
TIC 220565588,46.0116,-64.2122,8.03,0,,,,,7,12.9,ok
TIC 375089268,100.2399,-62.7232,8.03,0,,,,,30,14.4,ok
TIC 167720983,103.3031,-64.0493,8.03,0,,,,,28,15.2,ok
TIC 152966470,47.1334,-44.3142,8.03,0,,,,,4,7.8,ok
TIC 380907442,19.6176,0.9709,8.03,0,,,,,4,7.6,ok
TIC 231300748,45.6798,-49.8647,8.03,0,,,,,4,7.1,ok
TIC 3959220,12.4956,-8.0995,8.03,0,,,,,3,6.0,ok
TIC 398668857,13.3892,-11.861,8.03,0,,,,,2,7.2,ok
TIC 40181653,8.4934,-6.2307,8.03,0,,,,,4,6.1,ok
TIC 382200572,81.6542,-54.0038,8.03,0,,,,,19,16.9,ok
TIC 11558204,19.6589,-25.8988,8.03,0,,,,,2,4.6,ok
TIC 129836151,54.9263,-40.0478,8.03,0,,,,,3,5.8,ok
TIC 369534703,25.8211,3.7709,8.03,0,,,,,5,10.7,ok
TIC 153723399,66.0869,-47.4518,8.03,0,,,,,5,9.0,ok
TIC 388131027,65.3618,-69.6155,8.03,0,,,,,44,15.7,ok
TIC 140527781,66.8969,-71.9959,8.03,0,,,,,31,14.5,ok
TIC 439404906,18.4502,-15.3465,8.03,0,,,,,1,5.6,ok
TIC 7245573,33.1994,-45.2158,8.03,0,,,,,3,6.2,ok
TIC 25132314,62.1285,-68.7022,8.03,0,,,,,43,13.0,ok
TIC 300325379,110.7053,-66.5388,8.03,0,,,,,39,14.4,ok
TIC 260127606,92.067,-57.9322,8.04,0,,,,,44,13.1,ok
TIC 237926568,57.7436,-63.7832,8.04,0,,,,,20,14.9,ok
TIC 453082318,113.6844,-66.6422,8.04,0,,,,,29,17.0,ok
TIC 33596593,29.0737,-24.1315,8.04,0,,,,,3,6.2,ok
TIC 141606660,88.9284,-72.4065,8.04,0,,,,,28,13.5,ok
TIC 101016472,56.0828,-44.8367,8.04,0,,,,,3,7.2,ok
TIC 229159361,29.1772,-49.4086,8.04,0,,,,,4,8.5,ok
TIC 215480877,43.4328,-41.2521,8.04,0,,,,,6,8.5,ok
TIC 63812126,14.0272,-26.3469,8.04,0,,,,,1,2.2,ok
TIC 97473479,24.4597,-24.03,8.04,0,,,,,2,4.4,ok
TIC 257439445,24.0842,-16.0167,8.04,0,,,,,2,4.1,ok
TIC 219237485,64.3983,-52.4838,8.04,0,,,,,4,6.9,ok
TIC 279361762,104.7668,-58.5147,8.04,0,,,,,34,13.3,ok
TIC 248382312,18.5772,-3.3097,8.04,0,,,,,5,10.7,ok
TIC 439406558,18.6308,-14.2736,8.04,0,,,,,2,5.3,ok
TIC 55604274,73.5677,-59.9433,8.04,0,,,,,32,15.7,ok
TIC 142109251,99.1913,-76.8026,8.04,0,,,,,29,15.0,ok
TIC 4007712,13.0482,-6.0009,8.04,0,,,,,6,12.9,ok
TIC 287222264,30.1973,-9.5989,8.04,0,,,,,2,6.5,ok
TIC 197933923,59.3913,-54.3574,8.04,0,,,,,6,10.8,ok
TIC 348899264,106.1815,-60.808,8.04,0,,,,,44,15.0,ok
TIC 369554290,26.08,2.6153,8.04,0,,,,,1,7.2,ok
TIC 153077619,49.6613,-42.6421,8.04,0,,,,,4,9.8,ok
TIC 423360768,14.8967,-1.191,8.04,0,,,,,4,6.4,ok
TIC 340356526,115.2108,-58.8707,8.05,0,,55.6,rejete,variabilite_continue;eclipse_secondaire,22,18.9,ok
TIC 142169429,37.1208,-45.0229,8.05,0,,,,,4,8.5,ok
TIC 166765288,37.7366,-52.0002,8.05,0,,,,,8,15.5,ok
TIC 349411267,110.3439,-60.2531,8.05,0,,,,,30,15.4,ok
TIC 149305070,83.3082,-65.0219,8.05,0,,,,,30,15.8,ok
TIC 159937910,49.3454,-40.47,8.05,0,,,,,6,10.7,ok
TIC 206403094,54.9783,-51.6871,8.05,0,,,,,5,13.5,ok
TIC 349273158,109.3431,-63.0216,8.05,0,,,,,32,15.3,ok
TIC 269504859,13.9447,-0.7949,8.05,0,,,,,4,11.0,ok
TIC 38469560,61.9716,-64.604,8.05,0,,,,,30,20.5,ok
TIC 339599994,46.3823,-48.6279,8.05,0,,,,,3,15.5,ok
TIC 293271686,98.8083,-62.5028,8.05,0,,,,,30,16.6,ok
TIC 241445923,24.7759,-0.4396,8.05,0,,,,,5,13.0,ok
TIC 260079513,92.0713,-55.2384,8.05,0,,,,,43,17.4,ok
TIC 381975243,77.1218,-56.9873,8.05,0,,,,,28,17.1,ok
TIC 219998026,31.8261,-53.1992,8.05,0,,21.1,rejete,variabilite_continue;eclipse_secondaire,9,24.4,ok
TIC 323297738,52.9683,-40.3845,8.05,0,,,,,4,15.7,ok
TIC 200850611,53.6238,-52.1238,8.05,0,,,,,3,10.3,ok
TIC 201753670,33.3894,-57.3451,8.05,0,,,,,7,12.8,ok
TIC 344242752,21.8492,0.0577,8.05,0,,,,,4,10.8,ok
TIC 259886581,40.9297,-67.2826,8.05,0,,,,,9,16.3,ok
TIC 259373313,68.0289,-48.8057,8.05,0,,,,,5,12.4,ok
TIC 279741177,51.8501,-64.3308,8.05,0,,,,,12,17.2,ok
TIC 54016731,23.7568,-12.0852,8.05,0,,,,,2,12.1,ok
TIC 280804030,44.5424,-67.3761,8.05,0,,,,,14,17.6,ok
TIC 281631335,115.9742,-64.6232,8.06,0,,,,,32,16.7,ok
TIC 321067350,44.1006,-36.0159,8.06,0,,,,,4,13.3,ok
TIC 423662217,7.9944,-13.3094,8.06,0,,,,,1,6.1,ok
TIC 241445772,24.9117,-2.517,8.06,0,,,,,3,8.7,ok
TIC 220571983,47.0959,-60.1718,8.06,0,,,,,8,15.3,ok
TIC 423703387,22.8836,-16.5103,8.06,0,,,,,2,7.8,ok
TIC 273879812,34.5546,-22.5858,8.06,0,,,,,3,8.8,ok
TIC 141628215,89.8005,-77.2712,8.06,0,,,,,29,16.5,ok
TIC 306739511,120.738,-70.0301,8.06,0,,,,,28,18.5,ok
TIC 213006761,10.3773,-4.2328,8.06,0,,,,,6,16.2,ok
TIC 299120835,21.6973,-8.587,8.06,0,,,,,3,15.7,ok
TIC 219257923,66.4749,-51.6849,8.06,0,,,,,5,18.8,ok
TIC 344319053,13.5445,-16.4348,8.06,0,,,,,1,9.4,ok
TIC 262576911,116.3782,-65.7219,8.06,0,,,,,31,22.4,ok
TIC 38350427,24.258,-3.2872,8.06,0,,,,,4,12.0,ok
TIC 326186412,16.6636,-25.1355,8.06,0,,,,,1,10.6,ok
TIC 231286084,43.4982,-49.3609,8.06,0,,,,,2,8.4,ok
TIC 142315312,41.47,-45.6077,8.06,0,,,,,5,15.5,ok
TIC 142304592,41.2671,-45.3653,8.06,0,,,,,5,15.5,ok
TIC 350859255,90.2848,-56.0817,8.06,0,,,,,29,21.9,ok
TIC 219220277,62.0039,-50.509,8.06,0,,,,,3,9.8,ok
TIC 40104905,8.0077,-11.455,8.06,0,,,,,1,6.5,ok
TIC 65399082,40.6027,-25.8908,8.06,0,,,,,4,7.7,ok
TIC 72706345,34.0056,-25.5249,8.06,0,,,,,2,11.5,ok
TIC 389674742,86.8045,-66.6996,8.06,0,,,,,16,20.7,ok
TIC 294206429,108.0422,-59.8394,8.06,0,,,,,34,17.4,ok
TIC 408016281,13.9134,-11.0605,8.06,0,,,,,3,6.9,ok
TIC 206401175,54.7212,-48.6834,8.06,0,,,,,3,14.3,ok
TIC 294205275,108.0761,-58.4033,8.06,0,,,,,44,17.3,ok
TIC 55854133,22.8143,-28.1002,8.06,0,,,,,4,8.7,ok
TIC 29831118,66.4705,-67.5722,8.06,0,,,,,30,18.1,ok
TIC 7243312,32.8717,-45.3508,8.06,0,,,,,2,8.4,ok
TIC 197793057,51.8634,-57.1384,8.06,0,,,,,6,14.9,ok
TIC 260001669,44.2323,-68.8841,8.06,0,,,,,13,18.9,ok
TIC 166801868,38.9083,-49.5643,8.06,0,,,,,6,14.5,ok
TIC 398570236,15.2823,-1.7067,8.06,0,,,,,4,18.6,ok
TIC 266735160,29.0486,-23.4212,8.06,0,,,,,3,15.7,ok
TIC 10821149,20.6678,-9.5864,8.06,0,,,,,2,15.8,ok
TIC 220411786,70.8635,-58.7895,8.06,0,,,,,43,26.9,ok
TIC 123318795,29.6952,-32.2223,8.07,0,,,,,5,22.6,ok
TIC 397135261,130.9009,-77.0495,8.07,0,,,,,15,32.2,ok
TIC 328117157,28.1965,-3.1181,8.07,0,,,,,2,18.4,ok
TIC 101098749,57.4322,-43.0826,8.07,0,,,,,3,19.0,ok
TIC 278899461,101.1779,-57.44,8.07,0,,,,,45,22.0,ok
TIC 197934579,59.439,-56.2503,8.07,0,,23.3,rejete,variabilite_continue;eclipse_secondaire,9,27.9,ok
TIC 381978020,77.5357,-54.2778,8.07,0,,,,,16,22.3,ok
TIC 237935915,59.1474,-61.7081,8.07,0,,,,,13,23.6,ok
TIC 271595936,108.3439,-74.0541,8.07,0,,,,,29,27.1,ok
TIC 150249155,94.3374,-61.2461,8.07,0,,,,,41,25.3,ok
TIC 299943844,106.5161,-69.008,8.07,0,,,,,41,22.2,ok
TIC 30319402,74.4275,-69.0012,8.07,0,,,,,40,21.8,ok
TIC 140495832,21.4826,-35.7509,8.07,0,,,,,2,13.0,ok
TIC 260472262,96.1102,-56.6369,8.07,0,,,,,30,18.2,ok
TIC 350444342,85.3598,-59.7669,8.07,0,,,,,43,19.6,ok
TIC 152318830,29.4244,-36.9773,8.07,0,,,,,4,10.7,ok
TIC 7317423,34.8615,-45.6651,8.07,0,,,,,3,11.8,ok
TIC 393489565,67.306,-54.4067,8.07,0,,,,,7,17.0,ok
TIC 41956780,22.3267,-41.8324,8.07,0,,,,,4,13.8,ok
TIC 260606533,97.3503,-55.5113,8.07,0,,,,,42,19.5,ok
TIC 200805290,52.8976,-48.876,8.07,0,,,,,3,14.9,ok
TIC 25116373,61.2365,-65.95,8.07,0,,,,,29,23.1,ok
TIC 281634912,117.0799,-62.6768,8.07,0,,,,,29,31.3,ok
TIC 349480752,110.8602,-64.692,8.07,0,,,,,44,23.4,ok
TIC 260075032,91.7292,-57.0984,8.07,0,,,,,29,29.4,ok
TIC 122669243,41.8193,-34.7875,8.07,0,,,,,3,17.4,ok
TIC 350711249,88.1115,-57.9009,8.07,0,,,,,40,21.2,ok
TIC 231282093,42.7784,-52.9138,8.07,0,,,,,3,14.9,ok
TIC 167089430,95.7825,-70.9446,8.07,0,,,,,41,21.0,ok
TIC 300560731,112.7634,-67.5449,8.07,0,,,,,21,22.8,ok
TIC 278992159,102.0622,-56.086,8.07,0,,,,,42,18.2,ok
TIC 41464373,93.1624,-69.24,8.07,0,,,,,37,17.3,ok
TIC 299100968,21.3951,-10.9848,8.08,0,,,,,3,8.3,ok
TIC 220519286,41.7161,-60.15,8.08,0,,,,,5,11.6,ok
TIC 144148638,60.5687,-44.6628,8.08,0,,,,,4,8.1,ok
TIC 122522061,38.6106,-33.8474,8.08,0,,,,,6,8.8,ok
TIC 349784936,113.1789,-63.3246,8.08,0,,35.0,rejete,variabilite_continue;eclipse_secondaire,43,23.2,ok
TIC 220571386,46.8534,-62.184,8.08,0,,,,,11,17.5,ok
TIC 33836359,64.0614,-75.344,8.08,0,,,,,45,16.9,ok
TIC 260542038,96.9866,-58.1444,8.08,0,,,,,30,18.3,ok
TIC 29829265,66.2758,-69.3894,8.08,0,,,,,30,19.2,ok
TIC 65346708,39.705,-25.3658,8.08,0,,,,,5,12.3,ok
TIC 79547762,50.801,-44.2314,8.08,0,,,,,6,12.2,ok
TIC 339858488,111.4648,-55.3633,8.08,0,,,,,20,16.9,ok
TIC 55478222,71.2127,-63.7797,8.08,0,,,,,42,23.9,ok
TIC 63788498,13.3987,-24.0315,8.08,0,,,,,2,5.4,ok
TIC 31705248,48.4743,-67.1846,8.08,0,,,,,16,17.1,ok
TIC 32353360,25.3647,-31.8093,8.08,0,,,,,2,7.1,ok
TIC 149930673,89.5606,-62.755,8.08,0,,,,,30,21.6,ok
TIC 373604254,81.1833,-67.8974,8.08,0,,,,,29,20.5,ok
TIC 144122067,59.8396,-46.7565,8.08,0,,,,,4,13.0,ok
TIC 271639931,108.9225,-72.7413,8.08,0,,,,,42,22.3,ok
TIC 150029538,90.7415,-60.6441,8.09,0,,,,,43,23.8,ok
TIC 423748550,29.8246,-11.897,8.09,0,,,,,3,14.3,ok
TIC 260002453,91.0697,-59.8223,8.09,0,,,,,43,26.5,ok
TIC 111267568,30.689,-40.9512,8.09,0,,,,,2,10.3,ok
TIC 150185581,93.4831,-65.5222,8.09,0,,,,,31,22.3,ok
TIC 72779475,35.4046,-29.6101,8.09,0,,,,,4,12.9,ok
TIC 262614074,116.6363,-61.9345,8.09,0,,,,,24,25.5,ok
TIC 111245923,30.4591,-39.3163,8.09,0,,,,,5,20.1,ok
TIC 340179086,113.8536,-56.1338,8.09,0,,,,,20,23.2,ok
TIC 401838998,26.2289,-43.6456,8.09,0,,,,,6,20.1,ok
TIC 231744961,78.0995,-67.9478,8.09,0,,,,,42,32.5,ok
TIC 92983952,28.1345,-14.5421,8.09,0,,,,,3,22.6,ok
TIC 302463428,34.0208,-14.7142,8.09,0,,,,,2,23.3,ok
TIC 389570470,86.43,-67.8644,8.09,0,,,,,29,28.3,ok
TIC 257460434,30.2044,-12.8743,8.09,0,,,,,2,17.8,ok
TIC 429051445,25.1957,2.7048,8.09,0,,,,,5,22.6,ok
TIC 220556072,44.3059,-61.1754,8.09,0,,,,,8,40.3,ok
TIC 349761928,112.6495,-64.5573,8.09,0,,,,,30,43.8,ok
TIC 231122278,69.5551,-68.8116,8.09,0,,,,,43,24.3,ok
TIC 271698614,109.9832,-76.6921,8.09,0,,,,,29,28.6,ok
TIC 278779899,99.9028,-55.6096,8.09,0,,,,,41,29.5,ok
TIC 138740090,33.6868,-40.7002,8.09,0,,,,,3,14.4,ok
TIC 201877735,38.7834,-57.9275,8.09,0,,,,,4,21.7,ok
TIC 159894075,48.2842,-36.48,8.09,0,,,,,5,35.5,ok
TIC 279514056,105.8144,-55.6426,8.09,0,,,,,29,35.1,ok
TIC 160263882,28.425,-46.0345,8.09,0,,,,,7,25.0,ok
TIC 212955663,8.5656,-5.7428,8.09,0,,,,,2,8.7,ok
TIC 149972211,90.1513,-62.8122,8.09,0,,,,,39,28.6,ok
TIC 146692203,43.8346,-46.2053,8.09,0,,,,,4,12.2,ok
TIC 287496048,124.1351,-73.0178,8.09,0,,,,,25,23.0,ok
TIC 233966810,36.9449,-61.9845,8.09,0,,,,,7,19.9,ok
TIC 262497025,109.9813,-59.2949,8.09,0,,,,,31,23.8,ok
TIC 152966205,47.0585,-42.8892,8.1,0,,,,,4,16.8,ok
TIC 349523628,111.3987,-63.0604,8.1,0,,,,,43,21.5,ok
TIC 177282306,102.1595,-72.2219,8.1,0,,,,,31,24.0,ok
TIC 262885069,53.5544,-64.6614,8.1,0,,,,,13,28.7,ok
TIC 364589559,85.8897,-76.7666,8.1,0,,,,,33,28.0,ok
TIC 220396914,68.9943,-54.1946,8.1,0,,,,,9,22.8,ok
TIC 32551452,20.8877,-16.2221,8.1,0,,,,,3,8.5,ok
TIC 200743856,49.3205,-49.9683,8.1,0,,,,,4,10.8,ok
TIC 370227221,85.5473,-74.5674,8.1,0,,,,,31,23.0,ok
TIC 349409806,110.3716,-61.9925,8.1,0,,,,,24,22.1,ok
TIC 268533978,14.9911,-18.0616,8.1,0,,,,,3,13.6,ok
TIC 259675295,73.7102,-52.9153,8.1,0,,60.3,rejete,variabilite_continue;eclipse_secondaire,11,28.9,ok
TIC 146708855,43.9653,-43.2529,8.1,0,,,,,5,16.6,ok
TIC 238188583,55.296,-73.9292,8.1,0,,12.7,rejete,variabilite_continue;eclipse_secondaire,31,32.9,ok
TIC 423724935,23.0529,-14.4925,8.1,0,,,,,3,14.2,ok
TIC 278055081,106.2881,-78.4217,8.1,0,,,,,27,24.1,ok
TIC 401841366,26.5013,-43.9132,8.1,0,,,,,4,19.3,ok
TIC 453099619,116.0861,-69.5105,8.1,0,,,,,44,20.0,ok
TIC 380882240,15.3859,-12.4063,8.1,0,,,,,2,6.6,ok
TIC 257500629,31.1687,-16.2876,8.1,0,,,,,2,12.3,ok
TIC 299120460,21.7557,-6.3491,8.1,0,,,,,3,12.3,ok
TIC 29928567,24.755,-17.9507,8.1,0,,,,,3,14.5,ok
TIC 65325205,38.9254,-28.312,8.1,0,,,,,3,10.4,ok
TIC 260189950,93.0653,-56.6793,8.1,0,,,,,41,21.7,ok
TIC 198037452,61.5738,-55.2441,8.1,0,,,,,9,21.5,ok
TIC 269593000,16.1012,-5.3024,8.11,0,,,,,1,4.7,ok
TIC 259902437,41.4821,-66.3176,8.11,0,,,,,10,24.2,ok
TIC 306577335,119.3053,-67.6934,8.11,0,,,,,40,23.0,ok
TIC 300654054,114.3702,-69.6002,8.11,0,,,,,32,23.7,ok
TIC 300556816,112.4283,-70.338,8.11,0,,,,,29,24.3,ok
TIC 369481465,23.5123,1.9792,8.11,0,,,,,5,27.4,ok
TIC 150440079,97.5652,-61.7886,8.11,0,,,,,31,23.8,ok
TIC 97469225,24.0416,-29.3923,8.11,0,,,,,4,18.8,ok
TIC 30853028,75.7767,-66.9099,8.11,0,,,,,40,24.5,ok
TIC 67643907,18.4344,-33.3656,8.11,0,,,,,3,16.1,ok
TIC 271642609,109.3678,-75.6807,8.11,0,,,,,42,22.5,ok
TIC 176780019,48.0846,-35.8092,8.11,0,,,,,4,15.2,ok
TIC 139484333,35.9276,-29.2424,8.11,0,,,,,2,14.6,ok
TIC 123370003,31.9143,-33.0453,8.11,0,,,,,4,19.6,ok
TIC 287722500,126.3083,-74.8306,8.11,0,,,,,18,23.6,ok
TIC 358577149,38.5708,-63.9128,8.11,0,,,,,8,24.8,ok
TIC 237340542,60.0655,-52.7121,8.11,0,,,,,2,18.2,ok
TIC 273879592,34.4648,-23.7225,8.11,0,,,,,3,14.7,ok
TIC 311885176,66.9174,-48.9912,8.11,0,,,,,8,21.8,ok
TIC 146728657,45.2212,-45.2801,8.11,0,,,,,6,18.4,ok
TIC 259373626,68.0191,-49.9478,8.11,0,,34.5,rejete,variabilite_continue;eclipse_secondaire,8,26.5,ok
TIC 149629077,87.3747,-63.0209,8.11,0,,,,,29,20.8,ok
TIC 260046328,91.8061,-54.6642,8.11,0,,,,,34,23.6,ok
TIC 349766265,112.9678,-61.6921,8.11,0,,,,,41,20.5,ok
TIC 220473999,75.292,-59.5789,8.12,0,,,,,32,22.1,ok
TIC 350580827,86.8899,-55.0365,8.12,0,,,,,37,24.1,ok
TIC 294097225,107.5988,-55.4255,8.12,0,,,,,24,19.1,ok
TIC 122556717,39.4432,-30.5721,8.12,0,,,,,5,16.3,ok
TIC 209457341,46.6443,-32.6672,8.12,0,,,,,5,12.0,ok
TIC 144141491,60.3274,-47.837,8.12,0,,,,,4,13.5,ok
TIC 197908104,58.6794,-57.9394,8.12,0,,,,,12,21.3,ok
TIC 277291895,84.3617,-70.6849,8.12,0,,,,,39,18.4,ok
TIC 206474937,57.3557,-50.4129,8.12,0,,,,,5,16.1,ok
TIC 388810146,18.2561,1.0779,8.12,0,,,,,6,13.4,ok
TIC 55746206,74.7278,-61.1079,8.12,0,,,,,33,22.3,ok
TIC 213008788,10.5601,-5.6311,8.12,0,,,,,6,15.0,ok
TIC 278987334,101.9314,-55.3904,8.12,0,,,,,33,20.9,ok
TIC 65322009,38.3978,-25.5782,8.12,0,,,,,4,13.7,ok
TIC 207200144,47.6113,-58.828,8.12,0,,,,,6,19.3,ok
TIC 201801867,36.0969,-54.9164,8.12,0,,,,,7,17.6,ok
TIC 348842808,98.9169,-56.0077,8.12,0,,,,,42,23.6,ok
TIC 220538788,43.5962,-63.0059,8.12,0,,,,,10,36.1,ok
TIC 382636263,55.1082,-65.2851,8.12,0,,,,,22,18.6,ok
TIC 382625239,118.3884,-63.7697,8.12,0,,,,,31,22.9,ok
TIC 401868338,27.0203,-42.1359,8.12,0,,,,,5,18.2,ok
TIC 220419648,71.6163,-54.8707,8.12,0,,,,,15,23.6,ok
TIC 278865342,100.7743,-56.7052,8.12,0,,,,,45,22.8,ok
TIC 141868836,93.7407,-72.4968,8.12,0,,,,,41,18.3,ok
TIC 207132816,42.9951,-59.26,8.13,0,,,,,5,11.4,ok
TIC 149423433,84.6103,-61.1668,8.13,0,,,,,40,17.2,ok
TIC 423669324,9.6618,-14.2333,8.13,0,,,,,2,13.6,ok
TIC 212384020,27.9091,-15.1543,8.13,0,,,,,2,8.7,ok
TIC 41173667,91.3987,-69.9151,8.13,0,,,,,38,19.1,ok
TIC 306633087,119.8216,-71.4331,8.13,0,,,,,40,24.1,ok
TIC 220523818,42.5303,-64.0195,8.13,0,,,,,11,23.4,ok
TIC 350620310,87.3268,-58.6712,8.13,0,,,,,39,18.9,ok
TIC 70513361,32.5351,-31.0709,8.13,1,11.1451,12.9,rejete,variabilite_continue,5,19.6,ok
TIC 266679787,28.1056,-20.6112,8.13,0,,,,,3,5.7,ok
TIC 219222584,62.4411,-49.1373,8.13,0,,,,,6,15.2,ok
TIC 149121385,80.9201,-63.615,8.13,0,,,,,43,18.3,ok
TIC 32396775,26.1212,-33.8431,8.13,0,,,,,2,5.3,ok
TIC 271597672,108.5414,-77.5634,8.13,0,,,,,35,20.0,ok
TIC 370139723,73.3729,-77.5364,8.13,0,,,,,6,16.1,ok
TIC 35650212,23.2859,-1.7916,8.13,0,,,,,6,17.0,ok
TIC 7218781,32.0955,-46.3732,8.13,0,,,,,7,16.8,ok
TIC 220436129,73.7246,-58.8374,8.13,0,,,,,43,23.0,ok
TIC 340174734,113.6793,-58.6575,8.13,0,,,,,28,20.5,ok
TIC 340255470,114.8432,-57.2584,8.13,0,,,,,20,17.9,ok
TIC 382423333,45.0036,-58.2402,8.13,0,,,,,4,13.3,ok
TIC 279512574,105.7828,-57.7288,8.13,0,,,,,39,26.5,ok
TIC 29918917,24.7947,-7.2779,8.13,0,,,,,3,13.0,ok
TIC 198077325,63.9223,-56.5232,8.13,0,,,,,8,18.8,ok
TIC 72668676,33.3561,-28.6896,8.13,0,,,,,3,14.2,ok
TIC 167085242,95.6652,-66.3128,8.13,0,,,,,37,24.4,ok
TIC 141526547,87.1267,-76.5434,8.13,0,,,,,43,23.9,ok
TIC 30630877,75.1355,-70.6991,8.13,0,,,,,41,32.4,ok
TIC 231277305,42.1297,-51.5677,8.13,0,,,,,6,25.7,ok
TIC 300939409,117.7362,-70.088,8.14,0,,,,,44,24.5,ok
TIC 142298067,40.5496,-44.4788,8.14,0,,,,,4,15.1,ok
TIC 142266756,39.8211,-43.8017,8.14,0,,,,,2,9.0,ok
TIC 237919436,56.8711,-61.1745,8.14,0,,,,,16,24.5,ok
TIC 287435694,82.2872,-70.8254,8.14,0,,,,,31,29.5,ok
TIC 220570421,46.7636,-65.4492,8.14,0,,,,,9,23.1,ok
TIC 122555414,39.2352,-32.6908,8.14,0,,,,,3,22.5,ok
TIC 350094458,115.0881,-64.483,8.14,0,,,,,33,24.2,ok
TIC 248956758,21.6378,-2.4963,8.14,0,,,,,5,15.3,ok
TIC 140892453,76.5012,-72.6702,8.14,0,,,,,30,26.1,ok
TIC 141281495,83.2485,-75.2367,8.14,0,,,,,41,23.6,ok
TIC 31508240,89.1374,-70.2894,8.14,0,,,,,38,27.4,ok
TIC 176958231,101.2219,-66.8661,8.14,0,,,,,33,28.4,ok
TIC 340638483,116.727,-58.9066,8.14,0,,,,,8,22.2,ok
TIC 300039874,107.6088,-70.3487,8.14,0,,,,,36,26.1,ok
TIC 260368525,95.2412,-58.352,8.14,0,,,,,41,23.1,ok
TIC 429051305,25.1588,1.9142,8.14,0,,,,,5,14.5,ok
TIC 184533481,29.831,-44.7419,8.14,0,,,,,6,17.6,ok
TIC 3899410,11.5674,-6.5662,8.14,0,,,,,6,15.4,ok
TIC 201856318,37.1723,-56.436,8.14,0,,,,,7,13.4,ok
TIC 201898664,40.608,-56.1211,8.15,0,,,,,5,11.8,ok
TIC 114500157,11.7434,-18.9105,8.15,0,,,,,2,10.2,ok
TIC 302378656,32.7353,-15.3148,8.15,0,,,,,1,14.4,ok
TIC 369481062,23.391,0.4629,8.15,0,,,,,5,10.2,ok
TIC 220014931,32.0885,-53.491,8.15,0,,,,,9,19.5,ok
TIC 339672106,110.422,-57.2802,8.15,0,,,,,26,22.7,ok
TIC 244168279,6.2106,-4.2686,8.15,0,,,,,4,11.7,ok
TIC 152983471,48.3964,-47.1933,8.15,0,,,,,5,15.2,ok
TIC 63798876,13.9272,-25.9813,8.15,0,,,,,2,6.8,ok
TIC 25133052,62.1404,-71.6392,8.15,0,,,,,31,18.6,ok
TIC 207206545,48.4731,-56.9201,8.15,0,,,,,5,14.8,ok
TIC 364264979,62.7864,-54.0392,8.15,0,,,,,6,14.7,ok
TIC 302437646,33.4895,-16.5611,8.15,0,,,,,2,8.5,ok
TIC 268638709,17.0188,-21.6163,8.15,0,,,,,3,10.4,ok
TIC 100974442,54.3682,-42.4695,8.15,0,,,,,6,15.7,ok
TIC 38587665,64.2061,-65.6298,8.15,0,,,,,44,20.3,ok
TIC 122555448,39.2922,-32.9062,8.15,0,,,,,5,10.8,ok
TIC 167524278,100.5792,-65.1343,8.15,0,,,,,37,21.8,ok
TIC 115271947,25.4085,-40.4043,8.15,0,,,,,5,18.9,ok
TIC 220478230,75.8744,-58.4462,8.15,0,,,,,43,17.9,ok
TIC 287531789,124.3595,-77.2575,8.15,0,,,,,16,18.1,ok
TIC 274017287,34.0026,-50.7722,8.15,0,,,,,9,18.1,ok
TIC 260128701,92.4076,-59.522,8.15,0,,26.5,rejete,variabilite_continue;eclipse_secondaire,42,24.1,ok
TIC 197844078,54.6373,-59.8206,8.15,0,,,,,10,24.4,ok
TIC 248945350,20.3277,-4.1279,8.15,0,,,,,4,11.8,ok
TIC 215258001,42.6464,-38.7459,8.15,0,,,,,5,9.1,ok
TIC 152504097,63.1826,-47.5656,8.15,0,,,,,7,18.2,ok
TIC 122669969,42.0039,-32.2861,8.16,0,,,,,6,15.2,ok
TIC 229147944,27.1872,-48.4138,8.16,0,,,,,9,16.0,ok
TIC 257434075,23.1225,-12.6348,8.16,0,,,,,3,10.8,ok
TIC 348996104,107.0207,-62.8205,8.16,0,,,,,40,15.3,ok
TIC 115282972,26.4614,-38.6371,8.16,0,,,,,5,8.1,ok
TIC 207206762,48.4232,-56.0647,8.16,0,,,,,8,18.6,ok
TIC 38954456,70.2612,-60.8458,8.16,0,,,,,42,18.8,ok
TIC 350742475,88.5479,-59.7715,8.16,0,,,,,42,18.5,ok
TIC 198011827,60.7071,-57.4594,8.16,0,,13.1,rejete,variabilite_continue;eclipse_secondaire,9,22.2,ok
TIC 350433903,85.0495,-56.5068,8.16,0,,,,,31,18.5,ok
TIC 266734906,28.9865,-21.8256,8.16,0,,,,,3,8.4,ok
TIC 266735031,28.9725,-22.5778,8.16,0,,,,,3,13.2,ok
TIC 100921768,54.3087,-44.472,8.16,0,,,,,3,9.1,ok
TIC 38516267,62.5913,-65.3302,8.16,0,,,,,43,18.9,ok
TIC 55450888,70.5834,-61.6193,8.16,0,,,,,34,19.4,ok
TIC 33465383,25.271,-28.009,8.16,0,,,,,3,8.2,ok
TIC 24909374,27.0579,-9.2404,8.16,0,,,,,3,8.2,ok
TIC 129740274,35.346,-37.0081,8.16,0,,,,,2,4.2,ok
TIC 339859805,111.5254,-56.956,8.16,0,,13.7,rejete,variabilite_continue;eclipse_secondaire,25,21.2,ok
TIC 97469729,24.0451,-25.9215,8.16,0,,,,,3,9.7,ok
TIC 382436277,117.1425,-64.8224,8.16,0,,,,,33,18.6,ok
TIC 32091606,58.7223,-66.4487,8.16,0,,,,,35,19.4,ok
TIC 63942577,36.2869,-19.8301,8.16,0,,,,,3,5.5,ok
TIC 220515953,41.1689,-63.238,8.16,0,,,,,9,17.3,ok
TIC 79563383,51.1576,-44.6984,8.16,0,,,,,4,7.4,ok
TIC 11569869,20.1024,-29.5999,8.16,0,,,,,4,12.7,ok
TIC 32036692,56.7999,-67.3906,8.16,0,,,,,34,18.2,ok
TIC 91555460,44.0514,-35.1639,8.16,0,,,,,6,17.6,ok
TIC 358069236,38.3512,-65.6394,8.16,0,,,,,10,17.0,ok
TIC 349791471,113.4655,-60.7499,8.16,0,,,,,36,20.9,ok
TIC 248963902,22.5361,-0.3219,8.16,0,,,,,6,18.6,ok
TIC 41858253,20.3726,-40.9714,8.16,0,,,,,6,12.9,ok
TIC 146687419,42.9362,-47.2037,8.16,0,,,,,5,16.5,ok
TIC 3899738,11.5546,-8.3316,8.17,0,,,,,4,10.5,ok
TIC 3815618,10.2242,-9.9601,8.17,0,,,,,2,11.3,ok
TIC 28044509,12.7267,-20.8767,8.17,0,,,,,2,12.9,ok
TIC 55402580,77.8438,-62.8175,8.17,0,,,,,41,21.1,ok
TIC 197787143,51.1228,-59.8483,8.17,0,,,,,10,25.6,ok
TIC 4008360,13.2496,-9.2841,8.17,0,,,,,3,12.1,ok
TIC 350716053,88.5071,-56.5547,8.17,0,,,,,40,20.7,ok
TIC 101001806,55.4499,-42.7646,8.17,0,,,,,5,11.5,ok
TIC 439495617,21.7626,-18.3478,8.17,0,,,,,3,8.1,ok
TIC 284195833,105.581,-69.3525,8.17,0,,,,,41,25.5,ok
TIC 219221580,62.1815,-51.4757,8.17,0,,,,,6,14.4,ok
TIC 206435532,56.1053,-52.1935,8.17,0,,,,,5,12.6,ok
TIC 279088395,102.7471,-56.2397,8.17,0,,,,,34,25.6,ok
TIC 237342147,60.2873,-50.4214,8.17,0,,,,,6,17.5,ok
TIC 293272754,98.7282,-60.7139,8.17,0,,,,,41,16.9,ok
TIC 152310131,29.3846,-40.6362,8.17,0,,,,,5,13.7,ok
TIC 136846603,8.2098,-13.2579,8.17,0,,,,,2,12.9,ok
TIC 160220441,27.7813,-44.1146,8.17,0,,,,,7,19.3,ok
TIC 250380204,29.4814,-3.7126,8.17,0,,,,,2,10.0,ok
TIC 350024659,114.5233,-63.9462,8.17,0,,,,,32,19.1,ok
TIC 439400854,13.4278,-12.7958,8.17,0,,,,,3,9.3,ok
TIC 248946257,20.4519,-1.9971,8.17,0,,,,,6,13.6,ok
TIC 31816240,51.5924,-69.6057,8.17,0,,,,,23,21.5,ok
TIC 140755216,73.8534,-73.7617,8.17,0,,,,,42,15.6,ok
TIC 10785357,15.474,-14.1309,8.17,0,,,,,3,9.6,ok
TIC 364265585,62.8927,-56.948,8.17,0,,,,,10,23.9,ok
TIC 260605506,97.2312,-57.603,8.17,1,1.7182,18.2,rejete,variabilite_continue;eclipse_secondaire,32,37.5,ok
TIC 141770198,91.8755,-76.6905,8.17,0,,,,,45,28.6,ok
TIC 115275287,25.9678,-37.1309,8.17,0,,,,,5,19.0,ok
TIC 268634095,16.4632,-21.5663,8.17,0,,,,,2,8.5,ok
TIC 167795786,104.3913,-61.8695,8.17,0,,,,,45,21.6,ok
TIC 281637522,117.0102,-59.9051,8.18,0,,,,,?,8.7,erreur
TIC 340313069,115.0266,-59.2298,8.18,0,,,,,21,23.2,ok
TIC 183618947,18.6353,-40.5493,8.18,0,,,,,8,16.1,ok
TIC 206384792,54.3433,-50.7412,8.18,0,,,,,4,18.5,ok
TIC 257723089,37.1456,-32.929,8.18,0,,,,,5,11.4,ok
TIC 55298271,76.8636,-62.7501,8.18,1,1.5384,26.0,rejete,variabilite_continue;eclipse_secondaire,38,35.6,ok
TIC 111242351,29.7288,-37.0172,8.18,0,,,,,3,14.7,ok
TIC 350519682,86.0947,-58.275,8.18,0,,,,,40,25.2,ok
TIC 272235353,117.4267,-72.357,8.18,0,,,,,31,21.3,ok
TIC 300010961,106.9457,-67.9368,8.18,0,,,,,43,23.5,ok
TIC 4008174,13.1947,-8.3244,8.18,0,,,,,3,10.8,ok
TIC 350825116,89.605,-55.2044,8.18,0,,,,,42,24.4,ok
TIC 207141131,44.2619,-56.1918,8.18,1,4.1373,17.2,rejete,variabilite_continue,6,20.3,ok
TIC 408084295,18.7855,-7.4164,8.18,0,,,,,3,14.0,ok
TIC 146249749,34.9482,-35.4456,8.18,0,,,,,5,10.9,ok
TIC 207234280,49.4691,-59.6084,8.18,0,,,,,8,16.9,ok
TIC 206493069,58.739,-49.0815,8.18,0,,,,,5,10.7,ok
TIC 404746428,15.6718,-20.5365,8.18,0,,,,,3,8.6,ok
TIC 120916069,37.1503,-29.2733,8.18,0,,,,,3,11.4,ok
TIC 294396282,109.1617,-55.9365,8.18,0,,,,,21,19.9,ok
TIC 237920279,56.827,-64.328,8.18,0,,,,,20,21.1,ok
TIC 197843622,54.5827,-57.6411,8.18,0,,,,,6,16.4,ok
TIC 231289805,44.0982,-52.286,8.18,0,,,,,6,13.4,ok
TIC 166839052,40.1182,-52.8091,8.18,0,,,,,6,15.5,ok
TIC 77486203,12.8212,-13.1145,8.18,0,,,,,3,10.6,ok
TIC 38396389,60.1242,-60.3547,8.18,0,,,,,17,20.0,ok
TIC 24925751,28.0659,-9.7304,8.18,0,,,,,1,10.4,ok
TIC 72729435,34.2843,-24.0647,8.18,0,,,,,2,6.8,ok
TIC 101016202,56.1075,-43.7016,8.18,0,,,,,5,11.7,ok
TIC 33493389,26.3861,-27.4112,8.18,0,,,,,4,8.3,ok
TIC 167574667,101.528,-60.6741,8.18,0,,,,,39,20.2,ok
TIC 220428894,72.9119,-59.0109,8.18,0,,,,,42,18.4,ok
TIC 41898948,21.8391,-39.4627,8.19,0,,,,,6,15.2,ok
TIC 231284590,43.4447,-53.7308,8.19,0,,,,,5,12.6,ok
TIC 207131482,42.8055,-54.4431,8.19,0,,,,,5,17.3,ok
TIC 38382128,8.6606,-8.2978,8.19,0,,,,,2,13.1,ok
TIC 140432638,20.2756,-35.6084,8.19,0,,,,,5,16.0,ok
TIC 339598472,45.9498,-52.2485,8.19,0,,,,,6,19.7,ok
TIC 160004409,50.8792,-38.3777,8.19,0,,,,,5,13.9,ok
TIC 300940126,117.8871,-71.0949,8.19,0,,,,,39,29.8,ok
TIC 24910593,27.4387,-11.9059,8.19,0,,,,,3,24.1,ok
TIC 307214209,124.6619,-71.9773,8.19,0,,34.1,rejete,variabilite_continue;eclipse_secondaire,28,32.7,ok
TIC 268765764,31.9961,-18.9128,8.19,0,,,,,2,12.3,ok
TIC 231098685,69.168,-67.2333,8.19,0,,,,,39,37.4,ok
TIC 262878706,24.8917,3.5507,8.19,0,,,,,5,20.2,ok
TIC 37775599,5.7541,-6.37,8.19,0,,,,,4,15.0,ok
TIC 404747310,33.0209,-21.5575,8.19,0,,,,,3,13.8,ok
TIC 300969869,118.1508,-69.033,8.19,0,,,,,30,28.4,ok
TIC 198051596,63.0964,-57.8064,8.19,0,,,,,15,26.2,ok
TIC 41832541,19.4692,-36.5291,8.19,0,,,,,5,13.9,ok
TIC 271976400,114.327,-73.7108,8.19,0,,,,,43,27.4,ok
TIC 219240217,64.7581,-52.9448,8.19,0,,,,,6,14.2,ok
TIC 114436148,11.2481,-19.298,8.19,0,,,,,2,10.5,ok
TIC 340065168,113.1887,-57.3748,8.19,0,,30.6,rejete,variabilite_continue;eclipse_secondaire;compagnon_trop_gros_3.5Rjup,23,40.6,ok
TIC 65347956,39.7914,-26.3201,8.19,0,,,,,3,9.1,ok
TIC 200745710,49.5993,-48.9965,8.19,0,,,,,5,18.1,ok
TIC 30403921,74.5298,-70.1492,8.19,0,,,,,31,28.7,ok
TIC 65345479,39.421,-29.3235,8.19,0,,,,,4,19.8,ok
TIC 166802566,38.9124,-52.8766,8.19,0,,,,,7,27.0,ok
TIC 350477148,85.6825,-54.6452,8.19,0,,,,,34,35.9,ok
TIC 29919831,24.8585,-10.8062,8.19,0,,,,,2,11.1,ok
TIC 28074449,13.1905,-18.5772,8.19,0,,,,,2,14.3,ok
TIC 278991349,102.0586,-57.4844,8.2,0,,,,,33,25.7,ok
TIC 209462643,47.3185,-33.9316,8.2,0,,,,,3,14.9,ok
TIC 287769002,126.8259,-77.729,8.2,0,,,,,11,26.4,ok
TIC 140997242,78.1137,-75.1449,8.2,0,,,,,43,27.8,ok
TIC 11488935,17.9378,-29.9344,8.2,0,,,,,2,8.6,ok
TIC 32290739,24.2929,-33.5065,8.2,0,,,,,5,20.4,ok
TIC 200863732,53.8382,-48.115,8.2,0,,,,,5,22.0,ok
TIC 123335909,30.6137,-33.4648,8.2,0,,,,,5,21.6,ok
TIC 350559756,86.4913,-56.4514,8.2,0,,,,,41,27.6,ok
TIC 281495893,112.0915,-58.5362,8.2,0,,,,,30,41.4,ok
TIC 49618208,37.9681,-36.9262,8.2,0,,,,,4,17.1,ok
TIC 201856148,37.1652,-55.6112,8.2,0,,,,,7,31.9,ok
TIC 31853965,52.4264,-67.2157,8.2,0,,,,,21,31.1,ok
TIC 349056430,107.4061,-62.3047,8.2,0,,,,,34,33.5,ok
TIC 142086812,98.4234,-75.6284,8.2,0,,,,,40,33.1,ok
TIC 166744141,36.8984,-49.8905,8.2,0,,,,,8,32.9,ok
TIC 374911986,89.1033,-60.5827,8.2,0,,,,,41,31.3,ok
TIC 197934692,59.4772,-56.7638,8.2,0,,,,,4,29.1,ok
TIC 326197695,17.2606,-25.5366,8.2,0,,,,,2,11.2,ok
TIC 398673798,13.817,-6.3381,8.2,0,,,,,5,31.1,ok
TIC 198052877,63.2895,-55.4952,8.2,0,,,,,10,44.6,ok
TIC 176842135,49.2183,-35.7128,8.2,0,,,,,4,14.8,ok
TIC 177023289,102.4435,-69.3294,8.2,0,,,,,42,30.7,ok
TIC 152969181,47.5508,-43.7211,8.2,0,,,,,5,12.2,ok
TIC 423669935,9.7801,-13.2554,8.2,0,,,,,2,7.4,ok
TIC 198076334,63.6505,-59.0896,8.21,0,,130.6,rejete,variabilite_continue;eclipse_secondaire;compagnon_trop_gros_2.4Rjup,23,31.9,ok
TIC 370236000,105.2593,-74.0174,8.21,0,,,,,42,27.5,ok
TIC 149346163,83.6124,-62.8385,8.21,0,,,,,38,25.3,ok
TIC 63898520,15.1969,-27.215,8.21,0,,,,,2,14.2,ok
TIC 333565163,12.3575,-3.4048,8.21,0,,,,,6,26.7,ok
TIC 372848396,67.7025,-57.4498,8.21,0,,,,,23,25.5,ok
TIC 268533482,15.0211,-21.0609,8.21,0,,,,,1,19.5,ok
TIC 439497052,22.0299,-21.5578,8.21,0,,,,,3,22.3,ok
TIC 152966451,47.1649,-44.2215,8.21,0,,,,,4,14.3,ok
TIC 260505542,96.7452,-55.0331,8.21,0,,,,,32,33.2,ok
TIC 248343011,16.5644,-0.2654,8.21,0,,,,,5,28.0,ok
TIC 25062534,30.9267,-8.4997,8.21,0,,,,,3,19.2,ok
TIC 354776586,47.8999,-52.8905,8.21,0,,,,,6,25.7,ok
TIC 399724647,20.9824,2.2984,8.21,0,,,,,6,31.6,ok
TIC 142050046,97.3119,-73.5895,8.21,0,,,,,23,31.6,ok
TIC 176957187,100.8214,-66.501,8.21,0,,,,,29,43.7,ok
TIC 260415628,95.6192,-57.5921,8.21,0,,,,,40,22.9,ok
TIC 219986012,29.9561,-50.5667,8.21,0,,,,,9,24.5,ok
TIC 65325436,38.9345,-26.697,8.21,0,,,,,5,7.9,ok
TIC 63957607,36.6925,-22.9693,8.21,0,,,,,4,17.3,ok
TIC 382604704,39.3686,-63.0656,8.21,0,,,,,11,18.7,ok
TIC 159898381,48.8216,-37.0417,8.21,0,,,,,5,14.5,ok
TIC 140496111,21.6904,-34.1612,8.21,0,,,,,5,16.5,ok
TIC 38678868,65.4048,-62.1219,8.21,0,,,,,41,20.6,ok
TIC 261260905,90.727,-78.5206,8.21,0,,,,,39,18.3,ok
TIC 278729421,99.5017,-59.7735,8.21,0,,,,,31,18.1,ok
TIC 38396079,9.0309,-6.8131,8.21,0,,,,,5,8.3,ok
TIC 165940297,31.5325,-45.235,8.21,0,,,,,7,15.2,ok
TIC 72651897,32.8064,-29.1747,8.21,0,,,,,3,6.7,ok
TIC 382187278,81.2631,-57.2353,8.21,0,,,,,42,16.8,ok
TIC 382186942,81.2126,-58.1691,8.21,0,,,,,43,19.5,ok
TIC 382160146,81.0013,-58.0951,8.21,0,,,,,33,17.0,ok
TIC 72639071,32.1426,-28.5502,8.21,0,,,,,4,12.4,ok
TIC 311401544,35.803,-47.1408,8.21,0,,,,,2,11.9,ok
TIC 123319998,29.8358,-35.739,8.21,0,,,,,4,10.7,ok
TIC 91596513,38.7794,-39.9951,8.21,0,,,,,5,12.6,ok
TIC 294330174,109.0868,-57.6408,8.21,0,,,,,36,16.5,ok
TIC 279088861,102.6969,-56.9525,8.21,0,,,,,40,16.0,ok
TIC 349964939,114.342,-65.8453,8.21,0,,,,,31,19.8,ok
TIC 333640055,13.2231,-2.6449,8.21,0,,,,,5,11.0,ok
TIC 339960404,112.6176,-59.5584,8.21,0,,,,,35,16.7,ok
TIC 350563576,86.8252,-54.841,8.21,0,,,,,32,16.5,ok
TIC 212384324,27.8775,-16.9892,8.22,0,,,,,3,6.8,ok
TIC 212379488,27.2714,-15.582,8.22,0,,,,,2,5.4,ok
TIC 115350571,27.9016,-38.3558,8.22,0,,,,,5,9.5,ok
TIC 219990936,30.6458,-52.5324,8.22,0,,,,,9,16.1,ok
TIC 408108431,19.6877,-7.6343,8.22,0,,,,,2,6.6,ok
TIC 152537370,63.9405,-45.9702,8.22,0,,,,,5,11.6,ok
TIC 349311517,109.7568,-65.2256,8.22,0,,,,,40,16.4,ok
TIC 220565780,45.8502,-63.3752,8.22,0,,,,,10,18.3,ok
TIC 398734889,32.4103,-9.6427,8.22,0,,,,,3,8.8,ok
TIC 72623068,31.8035,-27.8192,8.22,0,,,,,2,8.8,ok
TIC 33835925,64.1494,-74.2875,8.22,0,,,,,38,17.4,ok
TIC 381974270,76.9305,-59.4849,8.22,0,,,,,31,16.8,ok
TIC 129782747,53.8028,-39.9455,8.22,0,,38.9,rejete,variabilite_continue;eclipse_secondaire;compagnon_trop_gros_2.3Rjup,5,17.2,ok
TIC 38394873,9.0117,-10.3508,8.22,0,,,,,2,9.4,ok
TIC 248351846,17.5243,-1.5997,8.22,0,,,,,4,15.9,ok
TIC 144119516,59.6846,-44.2907,8.22,0,,,,,3,10.9,ok
TIC 70523408,32.9303,-31.3983,8.22,0,,,,,4,12.0,ok
TIC 266787533,30.5051,-21.7285,8.22,0,,,,,3,13.8,ok
TIC 401890432,52.4483,-47.3923,8.22,0,,,,,4,12.1,ok
TIC 209408331,45.0536,-31.6405,8.22,0,,,,,5,12.4,ok
TIC 140431282,19.9275,-33.7212,8.22,0,,,,,3,10.6,ok
TIC 41994005,23.6234,-40.8315,8.22,0,,,,,7,17.1,ok
TIC 24954856,28.8846,-8.6017,8.22,0,,,,,3,8.6,ok
TIC 55523561,72.0654,-62.4282,8.22,0,,,,,39,17.2,ok
TIC 3898553,11.3635,-9.5443,8.22,0,,,,,3,9.2,ok
TIC 114501316,11.8998,-23.5261,8.22,0,,,,,2,7.8,ok
TIC 40104615,8.0112,-9.4107,8.23,0,,,,,2,5.8,ok
TIC 92199622,10.6502,-16.7032,8.23,0,,,,,2,9.0,ok
TIC 65348249,39.7808,-24.5069,8.23,0,,,,,5,13.2,ok
TIC 142163951,36.8495,-47.4719,8.23,0,,,,,2,9.1,ok
TIC 213012817,10.9584,-3.0795,8.23,0,,,,,6,13.6,ok
TIC 350844714,90.1379,-56.1615,8.23,0,,,,,33,17.1,ok
TIC 129764433,35.4793,-37.9167,8.23,0,,,,,5,12.9,ok
TIC 241486154,25.1125,-1.6017,8.23,0,,,,,6,14.5,ok
TIC 197905813,58.4595,-59.7,8.23,0,,,,,14,20.1,ok
TIC 308267142,52.0587,-39.6987,8.23,0,,,,,4,8.5,ok
TIC 79565219,52.7713,-46.6149,8.23,0,,,,,4,9.8,ok
TIC 220454990,74.2749,-55.6125,8.23,0,,14.6,rejete,variabilite_continue;eclipse_secondaire,28,22.5,ok
TIC 231089952,68.6066,-66.1934,8.23,0,,,,,43,23.0,ok
TIC 233967143,36.9437,-63.6241,8.23,0,,,,,8,16.0,ok
TIC 33591202,28.1753,-27.2455,8.23,0,,,,,3,9.7,ok
TIC 349372072,110.0004,-61.035,8.23,0,,,,,42,20.4,ok
TIC 439401143,13.496,-14.6309,8.23,0,,,,,3,10.1,ok
TIC 65398159,40.486,-28.5467,8.23,0,,,,,5,11.9,ok
TIC 398716817,31.9109,-10.4837,8.23,0,,,,,3,10.7,ok
TIC 41954053,21.9547,-37.668,8.23,0,,,,,5,15.5,ok
TIC 197805988,53.0621,-56.4721,8.23,0,,,,,9,18.1,ok
TIC 184688874,30.1987,-42.2576,8.23,0,,,,,4,11.0,ok
TIC 33525005,26.8361,-28.0074,8.23,0,,,,,4,10.5,ok
TIC 302458918,33.9554,-15.8937,8.23,0,,,,,2,7.3,ok
TIC 259701242,74.4665,-53.818,8.23,0,,,,,16,19.9,ok
TIC 259592530,72.8348,-53.4054,8.23,0,,,,,7,15.3,ok
TIC 260507500,96.6828,-58.833,8.24,0,,,,,36,22.5,ok
TIC 231274037,41.3801,-50.1308,8.24,0,,,,,6,15.8,ok
TIC 268731286,18.4165,-20.0132,8.24,0,,,,,3,10.6,ok
TIC 152501933,62.8981,-45.2263,8.24,0,,,,,2,9.4,ok
TIC 358335307,77.3435,-54.241,8.24,0,,,,,17,20.0,ok
TIC 149390282,83.9331,-62.7958,8.24,0,,,,,11,17.2,ok
TIC 164774734,27.1042,-20.6434,8.24,0,,,,,3,10.5,ok
TIC 72667052,33.0803,-26.6402,8.24,0,,,,,4,8.7,ok
TIC 370005656,38.7744,-62.3993,8.24,0,,,,,9,20.1,ok
TIC 219992932,31.0745,-51.1541,8.24,0,,,,,9,16.7,ok
TIC 32267583,23.5648,-34.3237,8.24,0,,,,,5,15.9,ok
TIC 272089457,115.6303,-76.2177,8.24,0,,,,,31,24.4,ok
TIC 212960150,9.0318,-4.2119,8.24,0,,,,,5,14.8,ok
TIC 393483683,35.5274,-47.1485,8.24,0,,,,,4,17.8,ok
TIC 111363649,31.5443,-37.8107,8.24,0,,,,,1,10.6,ok
TIC 429051149,25.1095,1.1057,8.24,0,,,,,5,16.3,ok
TIC 248948050,20.7133,-3.0155,8.24,0,,,,,6,10.1,ok
TIC 278866220,100.8265,-55.2298,8.24,0,,,,,32,17.5,ok
TIC 122609480,40.5067,-34.8329,8.24,0,,,,,6,12.9,ok
TIC 28076763,13.539,-18.0327,8.24,0,,,,,2,10.8,ok
TIC 220424315,72.3325,-57.1005,8.24,0,,,,,32,18.0,ok
TIC 160004227,50.8578,-39.1641,8.24,0,,,,,5,8.6,ok
TIC 200787477,51.7811,-50.6425,8.24,0,,,,,4,11.1,ok
TIC 201795552,35.0632,-57.8497,8.24,0,,,,,6,11.6,ok
TIC 279250316,103.9618,-58.4105,8.24,0,,,,,40,18.9,ok
TIC 70489829,22.2585,-33.349,8.24,0,,,,,5,14.5,ok
TIC 241673139,26.3794,-2.2322,8.24,0,,,,,3,10.4,ok
TIC 364538492,71.173,-74.3226,8.24,0,,,,,42,19.5,ok
TIC 31925538,53.3077,-69.8699,8.25,0,,,,,21,23.1,ok
TIC 92226311,11.1782,-15.3866,8.25,0,,,,,2,8.3,ok
TIC 388816797,18.632,0.1524,8.25,0,,,,,6,11.3,ok
TIC 29902035,24.3675,-10.3315,8.25,0,,,,,2,5.5,ok
TIC 439457765,19.1794,-20.106,8.25,0,,,,,3,6.8,ok
TIC 326150890,16.4554,-26.6627,8.25,0,,,,,2,6.1,ok
TIC 177284199,102.4187,-74.5569,8.25,0,,,,,45,17.0,ok
TIC 219242158,64.9114,-50.9563,8.25,0,,,,,6,12.2,ok
TIC 271812702,112.1748,-75.4081,8.25,0,,,,,34,18.6,ok
TIC 64105494,39.3401,-23.7225,8.25,0,,,,,5,13.5,ok
TIC 261061538,81.3406,-78.1385,8.25,0,,,,,39,17.5,ok
TIC 350477233,85.8328,-54.8194,8.25,0,,,,,29,17.4,ok
TIC 262820364,23.8948,2.6447,8.25,0,,,,,5,13.7,ok
TIC 29845237,23.2935,-5.9755,8.25,0,,,,,3,7.7,ok
TIC 38382172,8.6788,-8.482,8.25,0,,,,,5,12.9,ok
TIC 262498136,109.9286,-57.7788,8.25,0,,,,,32,18.2,ok
TIC 41532123,93.7556,-70.4603,8.25,0,,,,,36,19.3,ok
TIC 55849142,75.8263,-61.4154,8.25,0,,,,,43,17.7,ok
TIC 31944460,54.3731,-66.5243,8.25,0,,,,,22,18.5,ok
TIC 160221362,27.9672,-45.7706,8.25,0,,,,,3,5.6,ok
TIC 207241679,50.6385,-56.2814,8.25,0,,,,,8,16.8,ok
TIC 220015232,32.3188,-52.6337,8.25,0,,,,,9,19.8,ok
TIC 630082786,28.8846,-8.6016,8.25,0,,,,,1,10.2,ok
TIC 219393398,77.5338,-53.521,8.25,0,,,,,18,20.5,ok
TIC 407661867,83.0771,-72.8325,8.25,0,,,,,41,20.7,ok
TIC 279727206,50.5575,-62.6786,8.25,0,,,,,10,22.1,ok
TIC 273847957,33.6295,-60.1615,8.26,0,,,,,7,17.7,ok
TIC 144070878,59.0603,-47.2851,8.26,0,,,,,4,14.4,ok
TIC 268859820,33.9779,-19.1374,8.26,0,,,,,3,8.7,ok
TIC 201792848,34.554,-57.8191,8.26,0,,,,,5,16.3,ok
TIC 67545636,15.6007,-30.392,8.26,0,,,,,3,11.3,ok
TIC 38762657,67.3523,-61.2187,8.26,0,,,,,43,20.4,ok
TIC 271900960,112.9419,-75.5276,8.26,0,,,,,34,22.6,ok
TIC 65481072,42.7446,-28.1324,8.26,0,,,,,5,13.9,ok
TIC 142218811,39.0335,-46.2546,8.26,0,,,,,5,14.7,ok
TIC 231048207,29.0379,-54.4029,8.26,0,,,,,6,12.7,ok
TIC 220391964,68.1408,-58.6551,8.26,0,,,,,31,17.7,ok
TIC 149575726,86.769,-64.7627,8.26,0,,,,,36,16.5,ok
TIC 33476602,25.956,-29.8114,8.26,0,,,,,3,6.2,ok
TIC 150391988,96.4981,-61.6245,8.26,0,,,,,43,19.2,ok
TIC 147470159,41.6087,-36.9094,8.26,0,,,,,3,5.6,ok
TIC 38424405,60.4108,-61.9584,8.26,0,,,,,23,19.9,ok
TIC 164696761,25.1036,-21.0119,8.26,0,,,,,2,5.9,ok
TIC 349059928,107.6221,-63.632,8.26,0,,,,,2,6.1,ok
TIC 287326898,109.7046,-56.6435,8.26,0,,,,,25,17.0,ok
TIC 123322094,30.196,-34.4208,8.26,0,,,,,4,9.3,ok
TIC 176875890,101.109,-77.2452,8.26,0,,,,,32,18.4,ok
TIC 38587771,64.141,-65.9113,8.26,0,,,,,31,17.1,ok
TIC 268635135,16.563,-20.0604,8.26,0,,,,,3,8.2,ok
TIC 300997574,30.9995,-43.9999,8.26,0,,,,,4,8.9,ok
TIC 179201407,79.3173,-70.2596,8.27,0,,,,,42,14.0,ok
TIC 257720377,78.285,-59.9823,8.27,0,,,,,34,13.6,ok
TIC 25000587,29.7869,-10.186,8.27,0,,,,,1,3.8,ok
TIC 453097891,114.1032,-71.7117,8.27,0,,,,,41,20.4,ok
TIC 32268779,23.7686,-29.8754,8.27,0,,,,,1,11.2,ok
TIC 271903417,113.4998,-75.7851,8.27,0,,,,,26,17.8,ok
TIC 66551180,16.9234,-16.4868,8.27,0,,,,,3,10.6,ok
TIC 350184174,115.6692,-60.3032,8.27,0,,,,,23,16.9,ok
TIC 279571832,106.1392,-58.8296,8.27,0,,,,,43,15.8,ok
TIC 307157616,124.0854,-71.2763,8.27,0,,,,,29,19.5,ok
TIC 287271497,32.0676,-12.3359,8.27,0,,,,,2,8.2,ok
TIC 160221083,28.0621,-47.5117,8.27,0,,,,,7,10.9,ok
TIC 11518255,18.193,-25.2355,8.27,0,,,,,2,5.2,ok
TIC 241445794,24.7798,-2.276,8.27,0,,,,,3,8.2,ok
TIC 28075365,13.3971,-22.2041,8.27,0,,,,,2,6.5,ok
TIC 237935160,58.9216,-60.7836,8.27,0,,,,,19,15.2,ok
TIC 54017570,23.864,-17.3989,8.27,0,,,,,2,4.7,ok
TIC 37775971,5.8107,-8.6177,8.27,0,,,,,2,5.9,ok
TIC 91643239,40.7634,-41.2371,8.27,0,,,,,4,14.5,ok
TIC 350744678,88.7508,-55.2316,8.27,0,,,,,34,15.8,ok
TIC 165165033,47.236,-39.6156,8.27,0,,,,,5,13.7,ok
TIC 150440176,97.6862,-61.6086,8.27,0,,,,,39,18.7,ok
TIC 32556675,21.1053,-12.7617,8.27,0,,,,,1,5.7,ok
TIC 129767096,35.8932,-37.1105,8.27,0,,,,,5,10.7,ok
TIC 375038128,99.7237,-63.4644,8.27,0,,,,,32,20.3,ok
TIC 439401687,17.995,-17.8142,8.27,0,,,,,3,7.3,ok
TIC 300443831,111.7549,-69.5154,8.27,0,,,,,35,17.8,ok
TIC 197889689,57.7605,-56.5068,8.27,0,,,,,7,12.3,ok
TIC 231739745,67.3408,-75.6256,8.27,0,,,,,40,19.7,ok
TIC 101101786,57.7527,-45.9109,8.27,0,,,,,5,11.3,ok
TIC 55856062,23.0901,-25.3026,8.27,0,,,,,2,6.3,ok
TIC 212952843,8.3541,-4.0442,8.27,0,,,,,5,8.4,ok
TIC 294779080,71.483,-66.5172,8.27,0,,,,,32,15.6,ok
TIC 306338897,14.1376,-14.6651,8.27,0,,,,,2,5.6,ok
TIC 423385799,14.8886,-5.101,8.28,0,,,,,6,13.4,ok
TIC 220399820,69.1285,-54.621,8.28,0,,,,,8,14.1,ok
TIC 144109644,59.4354,-43.502,8.28,0,,,,,3,10.3,ok
TIC 65398804,40.5367,-27.3606,8.28,0,,,,,3,6.6,ok
TIC 93017596,28.8297,-14.1049,8.28,0,,,,,3,6.8,ok
TIC 382517621,117.6033,-63.8721,8.28,0,,,,,42,14.6,ok
TIC 30760646,75.5308,-71.337,8.28,0,,,,,12,22.1,ok
TIC 439408999,18.9483,-17.3846,8.28,0,,,,,3,9.5,ok
TIC 276943440,83.6694,-70.9389,8.28,0,,,,,40,16.4,ok
TIC 146686867,42.9373,-43.9359,8.28,0,,,,,5,11.5,ok
TIC 290177703,32.4606,-13.2083,8.28,0,,,,,2,6.3,ok
TIC 41956930,22.4558,-41.188,8.28,0,,,,,4,10.3,ok
TIC 354655848,33.7869,-51.4826,8.28,0,,,,,9,15.9,ok
TIC 279516815,105.8631,-55.8101,8.28,0,,,,,29,19.3,ok
TIC 423357754,14.4715,-4.244,8.28,0,,,,,6,11.7,ok
TIC 293936969,106.6187,-56.646,8.28,0,,,,,35,16.5,ok
TIC 260351540,94.804,-58.0541,8.28,0,,,,,41,15.8,ok
TIC 207201506,47.7819,-54.8885,8.28,0,,,,,8,17.8,ok
TIC 33770863,63.4185,-73.04,8.28,0,,,,,43,15.9,ok
TIC 248964429,22.4562,-3.3363,8.28,0,,,,,4,8.6,ok
TIC 142218258,39.1574,-43.2823,8.28,0,,,,,5,10.9,ok
TIC 290172468,32.2635,-16.6485,8.28,0,,,,,2,6.5,ok
TIC 177082055,103.5474,-68.1579,8.28,0,,,,,42,20.7,ok
TIC 201938583,42.0634,-57.6615,8.28,0,,,,,4,10.4,ok
TIC 41898667,21.8057,-41.2485,8.28,0,,,,,7,16.2,ok
TIC 55366779,77.2654,-63.9412,8.28,0,,,,,41,20.2,ok
TIC 55497082,71.5509,-60.0176,8.28,0,,,,,40,17.1,ok
TIC 101070347,57.1436,-45.1732,8.28,0,,,,,4,9.0,ok
TIC 3922848,12.0165,-10.868,8.28,0,,,,,3,6.7,ok
TIC 55384838,77.3319,-65.1288,8.28,0,,,,,30,17.8,ok
TIC 167459966,17.965,-13.6941,8.28,0,,,,,2,6.4,ok
TIC 272317789,118.5376,-76.5673,8.28,0,,,,,25,19.6,ok
TIC 29853290,23.8275,-7.5795,8.28,0,,,,,3,12.0,ok
TIC 272195570,117.2091,-76.7734,8.28,0,,,,,21,20.3,ok
TIC 350433501,85.1964,-57.5265,8.28,0,,,,,41,29.7,ok
TIC 150390490,96.5365,-64.5532,8.28,0,,,,,36,21.4,ok
TIC 42013134,23.9368,-39.2453,8.28,0,,,,,6,17.0,ok
TIC 439496950,22.0134,-22.3374,8.28,0,,,,,2,12.3,ok
TIC 201879180,39.0582,-55.5176,8.29,0,,,,,7,18.8,ok
TIC 229150662,27.8238,-49.9741,8.29,0,,,,,8,15.8,ok
TIC 31961002,55.076,-68.4182,8.29,0,,,,,32,17.0,ok
TIC 41993482,23.4176,-39.912,8.29,0,,,,,6,11.7,ok
TIC 122522501,38.5971,-30.6984,8.29,0,,,,,5,12.4,ok
TIC 201923647,41.3519,-57.7258,8.29,0,,,,,4,11.1,ok
TIC 120888213,36.5869,-29.1429,8.29,0,,,,,2,8.5,ok
TIC 229147081,27.2834,-53.0114,8.29,0,,,,,8,14.8,ok
TIC 201923077,41.3859,-55.5437,8.29,0,,,,,4,12.7,ok
TIC 349907707,114.1051,-61.8738,8.29,0,,13.6,rejete,variabilite_continue;eclipse_secondaire;compagnon_trop_gros_3.3Rjup,31,22.5,ok
TIC 92191984,10.17,-15.326,8.29,0,,,,,1,8.2,ok
TIC 33590609,28.0743,-24.2993,8.29,0,,,,,3,12.5,ok
TIC 349154160,108.242,-61.6134,8.29,0,,,,,41,18.8,ok
TIC 266723961,28.8749,-20.8066,8.29,0,,,,,2,8.6,ok
TIC 100918210,32.5175,-38.2229,8.29,0,,,,,5,17.1,ok
TIC 92232314,11.5933,-17.2098,8.29,0,,,,,2,8.1,ok
TIC 67645039,18.6296,-31.3418,8.29,0,,,,,3,6.9,ok
TIC 231063412,31.3756,-54.2551,8.29,0,,,,,9,13.6,ok
TIC 375061989,99.9234,-65.2743,8.29,0,,,,,35,18.5,ok
TIC 25155698,63.4129,-70.5068,8.29,0,,,,,44,18.5,ok
TIC 404463096,25.6243,-12.3206,8.29,0,,,,,2,5.3,ok
TIC 231065613,31.7795,-55.1504,8.29,0,,,,,9,20.3,ok
TIC 287956356,129.1182,-76.2781,8.29,0,,,,,12,18.2,ok
TIC 200787516,51.8096,-50.4633,8.29,0,,,,,3,12.7,ok
TIC 67654959,19.2643,-30.9178,8.29,0,,,,,3,7.4,ok
TIC 111267827,30.6542,-39.4195,8.29,0,,,,,2,6.9,ok
TIC 358510596,119.1379,-64.1733,8.29,0,,,,,12,22.2,ok
TIC 279477819,105.3096,-56.8251,8.29,0,,,,,36,21.5,ok
TIC 141805180,92.147,-74.3934,8.29,0,,,,,45,16.6,ok
TIC 207137122,43.5271,-56.7963,8.29,0,,,,,6,12.2,ok
TIC 207235278,49.6031,-55.8226,8.29,0,,,,,9,16.1,ok
TIC 149347534,83.4977,-59.9505,8.29,0,,,,,41,17.3,ok
TIC 123405803,32.4351,-30.7474,8.29,0,,,,,2,10.1,ok
TIC 259407892,69.5096,-49.8124,8.29,0,,,,,8,14.4,ok
TIC 150028806,90.8916,-62.1985,8.29,0,,,,,38,16.9,ok
TIC 41860240,20.5584,-40.4739,8.29,0,,,,,7,13.9,ok
TIC 259594997,73.2088,-50.8004,8.29,0,,,,,8,12.2,ok
TIC 91556441,44.1759,-30.8602,8.29,0,,,,,5,11.3,ok
TIC 197931808,59.1436,-56.3252,8.3,0,,,,,7,17.1,ok
TIC 77480742,12.7408,-15.1676,8.3,0,,,,,2,5.8,ok
TIC 67590521,17.2744,-33.6084,8.3,0,,,,,4,8.2,ok
TIC 287204371,29.8767,-8.0105,8.3,0,,,,,2,6.9,ok
TIC 259543590,71.7953,-52.6811,8.3,0,,,,,?,4.1,erreur
TIC 257395606,34.8788,-20.6122,8.3,0,,,,,4,8.9,ok
TIC 388128620,63.5963,-69.5458,8.3,0,,,,,33,17.8,ok
TIC 382260143,82.5422,-58.5432,8.3,0,,,,,43,19.5,ok
TIC 140580482,68.5288,-73.9511,8.3,0,,,,,43,14.8,ok
TIC 31815637,51.5795,-67.6159,8.3,0,,,,,21,17.0,ok
TIC 439407033,18.694,-17.2398,8.3,0,,,,,2,10.2,ok
TIC 177350315,104.1215,-72.6458,8.3,0,,,,,41,17.7,ok
TIC 176780257,48.2841,-34.3754,8.3,0,,,,,5,10.8,ok
TIC 177388502,104.9873,-75.207,8.3,0,,,,,42,18.8,ok
TIC 260540898,97.1905,-55.9171,8.3,0,,,,,32,16.1,ok
TIC 201920117,40.9677,-54.7904,8.3,0,,,,,5,8.9,ok
TIC 38699825,66.3975,-60.7568,8.3,0,,,,,34,18.1,ok
TIC 272431788,120.0893,-75.5035,8.3,0,,,,,28,18.8,ok
TIC 306470369,118.4768,-67.4551,8.3,0,,,,,41,15.3,ok
TIC 201923913,41.3692,-58.8908,8.3,0,,,,,4,9.7,ok
TIC 408037920,16.6784,-8.6977,8.3,0,,,,,3,5.4,ok
TIC 177173234,104.8054,-71.2564,8.3,0,,,,,42,14.1,ok
TIC 333604659,12.6981,-1.9224,8.3,0,,,,,5,13.4,ok
TIC 248953598,21.2636,-4.1579,8.3,0,,,,,4,7.1,ok
TIC 272550198,121.8219,-74.1817,8.3,0,,,,,28,13.6,ok
TIC 259542176,71.6838,-50.3942,8.3,0,,,,,7,12.8,ok
TIC 28053861,13.0137,-19.4233,8.3,0,,,,,2,3.6,ok
TIC 176778397,47.9296,-34.4682,8.3,0,,,,,4,8.3,ok
TIC 164777035,27.429,-18.936,8.3,0,,,,,3,10.7,ok
TIC 129815484,54.9839,-41.5314,8.31,0,,,,,5,10.0,ok
TIC 219380533,76.658,-52.8117,8.31,0,,,,,14,15.2,ok
TIC 141765836,91.6243,-72.5149,8.31,0,,,,,32,15.6,ok
TIC 220430530,73.1445,-54.3267,8.31,0,,,,,16,16.3,ok
TIC 164775178,27.2864,-17.994,8.31,0,,,,,3,6.7,ok
TIC 340795327,36.7679,-36.1704,8.31,0,,,,,5,12.7,ok
TIC 55664116,74.4822,-60.9409,8.31,0,,,,,41,15.4,ok
TIC 302923993,34.9587,-63.5446,8.31,0,,,,,8,11.7,ok
TIC 200701308,47.2409,-52.9012,8.31,0,,,,,6,13.1,ok
TIC 62381039,29.001,-16.959,8.31,0,,,,,3,5.4,ok
TIC 262531697,20.6656,-43.4318,8.31,0,,,,,9,13.4,ok
TIC 206467068,56.7415,-50.4928,8.31,0,,,,,4,8.2,ok
TIC 349829477,113.6764,-61.0828,8.31,0,,,,,39,14.0,ok
TIC 40104611,7.9604,-9.3895,8.31,0,,,,,3,7.1,ok
TIC 146246612,34.4272,-33.3823,8.31,0,,,,,5,16.3,ok
TIC 279639176,49.068,-63.2806,8.31,0,,,,,8,19.9,ok
TIC 439467067,20.5803,-19.5787,8.31,0,,,,,2,6.9,ok
TIC 167459833,17.9762,-14.5546,8.31,0,,,,,2,6.8,ok
TIC 166767473,38.1319,-51.2876,8.31,0,,,,,8,18.9,ok
TIC 257720280,77.8086,-59.6788,8.31,0,,,,,43,15.7,ok
TIC 277185072,84.5674,-71.6494,8.31,0,,,,,1,2.5,ok
TIC 248380404,18.3273,-1.8626,8.31,0,,,,,3,6.0,ok
TIC 375062809,100.037,-65.9367,8.31,0,,,,,39,14.4,ok
TIC 31927660,53.8361,-67.3394,8.31,0,,,,,4,5.6,ok
TIC 70553159,33.4786,-32.0443,8.31,0,,,,,2,6.5,ok
TIC 373917816,81.6889,-68.8313,8.31,0,,,,,11,17.5,ok
TIC 92982762,27.9197,-16.3197,8.32,0,,,,,2,5.7,ok
TIC 260659557,98.2459,-59.0398,8.32,0,,,,,43,15.2,ok
TIC 278865766,100.7113,-56.016,8.32,0,,,,,40,15.2,ok
TIC 382146576,80.4807,-54.5081,8.32,0,,,,,27,16.3,ok
TIC 92994199,28.5943,-15.7248,8.32,0,,,,,3,9.6,ok
TIC 160008457,51.1461,-41.2022,8.32,0,,,,,6,10.3,ok
TIC 67545837,15.5536,-31.6233,8.32,0,,,,,3,5.3,ok
TIC 388107420,62.6569,-71.6915,8.32,0,,,,,43,15.4,ok
TIC 165144579,46.3852,-37.6309,8.32,0,,,,,7,16.1,ok
TIC 429051032,25.2137,0.4104,8.32,0,,,,,4,8.6,ok
TIC 25134377,62.5145,-67.3262,8.32,0,,,,,33,17.4,ok
TIC 344370235,30.1574,-25.3162,8.32,0,,,,,3,5.4,ok
TIC 120896927,36.8678,-27.6364,8.32,0,,13.2,rejete,variabilite_continue,5,18.1,ok
TIC 33590498,28.0865,-25.0449,8.32,0,,,,,3,9.1,ok
TIC 207149009,45.631,-57.3769,8.32,0,,,,,5,14.8,ok
TIC 408109266,19.7486,-8.9421,8.32,0,,,,,2,9.2,ok
TIC 115275931,26.0479,-41.3496,8.32,0,,,,,6,13.2,ok
TIC 299135916,21.9425,-11.9544,8.32,0,,,,,3,8.9,ok
TIC 398669153,13.2799,-10.0721,8.32,0,,,,,3,10.8,ok
TIC 333606285,12.8035,-5.1836,8.32,0,,,,,6,13.8,ok
TIC 33649994,29.7553,-27.2516,8.32,0,,,,,3,5.5,ok
TIC 229145358,26.8152,-49.4283,8.32,0,,,,,8,10.4,ok
TIC 3837071,10.5483,-6.2468,8.32,0,,,,,5,7.8,ok
TIC 41956559,22.2397,-40.6475,8.32,0,,,,,6,9.1,ok
TIC 35705915,24.0517,-0.8177,8.32,0,,,,,6,9.8,ok
TIC 404467625,25.8514,-13.699,8.33,0,,,,,2,7.6,ok
TIC 401837776,26.0985,-45.612,8.33,0,,,,,4,7.7,ok
TIC 308305775,52.3833,-38.4167,8.33,0,,,,,4,10.7,ok
TIC 250362820,29.4179,-5.2346,8.33,0,,,,,1,3.5,ok
TIC 164696275,25.0637,-23.8462,8.33,0,,,,,1,4.2,ok
TIC 237937700,59.4378,-64.0216,8.33,0,,,,,32,17.3,ok
TIC 300869037,117.2681,-69.823,8.33,0,,,,,2,7.3,ok
TIC 404462163,25.4978,-17.1795,8.33,0,,,,,3,5.3,ok
TIC 32532850,19.8736,-13.3358,8.33,0,,,,,2,8.3,ok
TIC 219984873,29.8136,-51.3266,8.33,0,,,,,8,16.6,ok
TIC 93017155,28.8768,-12.6591,8.33,0,,,,,2,8.9,ok
TIC 33766654,62.5543,-73.7584,8.33,0,,,,,34,14.1,ok
TIC 72747400,34.6401,-29.6711,8.33,1,0.9409,24.0,rejete,eclipse_secondaire,1,8.2,ok
TIC 100993643,55.1232,-47.9246,8.33,0,,,,,5,9.4,ok
TIC 201878303,39.1722,-59.402,8.33,0,,,,,7,15.2,ok
TIC 166852967,40.4464,-49.575,8.33,0,,,,,6,13.9,ok
TIC 24250134,15.6017,-6.7058,8.33,0,,,,,4,7.9,ok
TIC 369771333,35.3847,-61.8949,8.33,0,,,,,10,16.7,ok
TIC 70557348,37.7709,-25.2594,8.33,0,,,,,3,6.4,ok
TIC 350857661,90.1312,-55.0858,8.33,0,,,,,40,20.0,ok
TIC 67654818,19.2894,-29.9831,8.33,0,,,,,4,5.9,ok
TIC 300656986,114.491,-70.0679,8.33,0,,,,,34,14.7,ok
TIC 269505917,14.0069,-5.4628,8.33,0,,,,,5,10.3,ok
TIC 159967884,50.0563,-41.7114,8.33,0,,,,,6,13.1,ok
TIC 340219007,114.0547,-59.6153,8.33,0,,,,,33,15.1,ok
TIC 382067256,79.519,-55.7071,8.34,0,,,,,39,16.0,ok
TIC 266716692,28.5595,-18.7797,8.34,0,,,,,2,6.3,ok
TIC 32306516,24.7583,-33.4687,8.34,0,,,,,2,5.0,ok
TIC 141184207,81.2618,-73.3735,8.34,0,,,,,41,17.0,ok
TIC 423664678,9.0258,-16.643,8.34,0,,,,,2,7.5,ok
TIC 272002791,115.2121,-77.2704,8.34,0,,,,,22,16.7,ok
TIC 279639108,48.9527,-62.9859,8.34,0,,,,,10,18.3,ok
TIC 24979688,29.6359,-11.3694,8.34,0,,,,,2,5.1,ok
TIC 206412853,55.7096,-50.0839,8.34,0,,,,,3,8.2,ok
TIC 175532926,45.9991,-40.1064,8.34,0,,,,,6,10.7,ok
TIC 209453255,46.0614,-34.4082,8.34,0,,,,,5,8.3,ok
TIC 350344317,84.4866,-59.7764,8.34,0,,,,,33,16.1,ok
TIC 220459451,74.8877,-54.6634,8.34,0,,,,,20,16.6,ok
TIC 231053620,30.0326,-54.4229,8.34,0,,,,,4,9.1,ok
TIC 408050281,17.22,-9.4488,8.34,0,,,,,1,2.5,ok
TIC 423664575,8.9677,-15.9742,8.34,0,,,,,1,2.8,ok
TIC 167247077,97.6388,-67.6025,8.34,0,,,,,37,14.7,ok
TIC 100103909,24.8511,-47.081,8.34,0,,,,,9,13.8,ok
TIC 152966636,47.0321,-45.1277,8.34,0,,,,,6,9.4,ok
TIC 220577959,48.061,-62.2876,8.34,0,,,,,10,14.8,ok
TIC 248346556,16.9231,-2.7434,8.34,0,,,,,5,9.4,ok
TIC 399671028,19.9292,0.1059,8.34,0,,,,,5,11.0,ok
TIC 439498499,22.1229,-23.4631,8.35,0,,,,,2,4.9,ok
TIC 11649826,21.9008,-25.3327,8.35,0,,,,,3,6.6,ok
TIC 24250351,15.6147,-8.0257,8.35,0,,,,,2,8.4,ok
TIC 262925465,53.9038,-62.6317,8.35,0,,,,,12,14.7,ok
TIC 141093693,79.6681,-72.6942,8.35,0,,,,,41,18.0,ok
TIC 167811761,104.8255,-62.9067,8.35,0,,,,,39,20.4,ok
TIC 33648289,29.4927,-26.9362,8.35,0,,,,,2,4.8,ok
TIC 248942571,20.006,-0.8235,8.35,0,,,,,6,13.4,ok
TIC 300444376,111.4781,-68.7373,8.35,0,,,,,32,15.5,ok
TIC 326185137,16.4819,-26.729,8.35,0,,,,,2,6.3,ok
TIC 149388265,84.0907,-65.1795,8.35,0,,,,,38,14.8,ok
TIC 220563149,45.3973,-62.4473,8.35,0,,,,,11,15.2,ok
TIC 152359244,44.7005,-39.8932,8.35,0,,,,,7,15.3,ok
TIC 425085686,82.9054,-66.6781,8.35,0,,,,,37,15.1,ok
TIC 268533278,15.0415,-22.198,8.35,0,,,,,2,5.7,ok
TIC 369495686,25.3218,0.7426,8.35,0,,,,,3,9.9,ok
TIC 350560804,86.5672,-58.7748,8.35,0,,,,,31,16.3,ok
TIC 212383776,27.8444,-13.4418,8.35,0,,,,,3,11.7,ok
TIC 91642293,40.2723,-36.9378,8.35,0,,,,,5,9.5,ok
TIC 11529003,18.6122,-27.8089,8.35,0,,,,,3,7.4,ok
TIC 152358667,44.7961,-36.8674,8.35,0,,,,,7,10.3,ok
TIC 122608780,40.3934,-33.1032,8.35,0,,,,,5,9.0,ok
TIC 241577591,25.6049,-1.037,8.35,0,,,,,5,8.1,ok
TIC 79546846,50.7424,-46.6607,8.35,0,,,,,5,10.0,ok
TIC 262499894,109.8289,-55.6151,8.35,0,,,,,12,16.3,ok
TIC 167415960,99.2898,-70.9176,8.35,0,,,,,39,14.3,ok
TIC 176872401,100.4971,-73.0212,8.35,0,,,,,42,13.9,ok
TIC 233967362,36.9264,-64.7782,8.35,0,,,,,10,14.6,ok
TIC 199730239,21.1365,-42.4258,8.36,0,,,,,8,13.7,ok
TIC 302437744,33.4908,-15.9883,8.36,0,,,,,2,4.1,ok
TIC 300867625,117.313,-68.1085,8.36,0,,,,,42,13.4,ok
TIC 142170717,37.3754,-42.9364,8.36,0,,,,,2,6.8,ok
TIC 11558794,19.7427,-29.188,8.36,0,,,,,2,4.0,ok
TIC 146245819,34.2353,-32.9971,8.36,0,,,,,3,6.7,ok
TIC 144161335,60.8649,-46.0975,8.36,0,,,,,4,6.5,ok
TIC 321011736,43.5478,-38.4306,8.36,0,,,,,7,14.0,ok
TIC 398732845,32.1771,-10.0887,8.36,0,,,,,2,5.6,ok
TIC 381978657,77.6836,-55.5206,8.36,0,,,,,34,14.7,ok
TIC 201881045,39.5716,-59.0158,8.36,0,,,,,4,13.4,ok
TIC 369490526,23.5316,2.4457,8.36,0,,,,,3,8.5,ok
TIC 72644210,32.4395,-28.6078,8.36,0,,,,,2,5.7,ok
TIC 63940120,35.9155,-21.8076,8.36,0,,,,,4,9.4,ok
TIC 28107384,14.1575,-23.6559,8.36,0,,,,,2,5.3,ok
TIC 70556711,37.6192,-26.7509,8.36,0,,,,,5,9.6,ok
TIC 129767247,35.8487,-37.9269,8.36,0,,,,,2,3.9,ok
TIC 140608230,71.5296,-77.0205,8.36,0,,,,,43,16.8,ok
TIC 401869636,51.8242,-46.9671,8.36,0,,,,,5,10.8,ok
TIC 259574637,72.1274,-52.6278,8.36,0,,,,,7,12.1,ok
TIC 149664423,87.6482,-63.5812,8.36,0,,,,,34,15.3,ok
TIC 55659357,74.0216,-64.5807,8.36,0,,,,,40,17.7,ok
TIC 149990098,90.5412,-63.5453,8.36,0,,,,,37,15.9,ok
TIC 281630320,115.9333,-63.2921,8.37,0,,,,,34,14.1,ok
TIC 41863376,21.0838,-38.9172,8.37,0,,,,,6,8.4,ok
TIC 231283890,43.2606,-50.5765,8.37,0,,,,,4,7.8,ok
TIC 149971828,90.0787,-61.9995,8.37,0,,,,,41,16.0,ok
TIC 122609268,40.4416,-35.6025,8.37,0,,,,,6,11.7,ok
TIC 123334512,30.4313,-35.2134,8.37,0,,,,,4,6.8,ok
TIC 70513478,32.5169,-29.9964,8.37,0,,,,,4,8.5,ok
TIC 92992944,28.5068,-15.9873,8.37,0,,,,,3,9.9,ok
TIC 248957172,21.5941,-0.2211,8.37,0,,,,,6,10.1,ok
TIC 32072196,58.2352,-68.9648,8.37,0,,,,,38,14.9,ok
TIC 271973774,113.9864,-77.8037,8.37,0,,,,,27,13.4,ok
TIC 152475602,62.4432,-45.3534,8.37,0,,,,,2,4.6,ok
TIC 146709950,44.1996,-46.7237,8.37,0,,,,,4,7.7,ok
TIC 469968513,19.1837,-16.712,8.37,0,,,,,2,5.6,ok
TIC 141154669,81.1062,-76.8956,8.37,0,,,,,5,7.7,ok
TIC 10862194,25.8347,-11.077,8.37,0,,,,,3,5.9,ok
TIC 231077890,67.8313,-71.2332,8.37,0,,,,,43,14.9,ok
TIC 7263621,33.8879,-43.6752,8.37,0,,,,,5,10.0,ok
TIC 348897250,106.0056,-64.3697,8.37,0,,,,,2,4.7,ok
TIC 201859801,37.8477,-59.1489,8.37,0,,,,,5,8.9,ok
TIC 207203310,47.9256,-56.9779,8.37,0,,,,,2,3.7,ok
TIC 65482411,42.8711,-27.6334,8.37,0,,,,,2,4.9,ok
TIC 164680951,24.5143,-22.4254,8.37,0,,,,,3,8.2,ok
TIC 349055837,107.2455,-61.4353,8.37,0,,,,,32,16.1,ok
TIC 293458637,27.0299,1.5087,8.37,0,,,,,4,6.3,ok
TIC 306470809,118.4404,-68.0092,8.37,0,,,,,32,18.2,ok
TIC 149174494,81.6192,-63.1827,8.37,0,,,,,31,17.3,ok
TIC 257482804,30.4525,-12.008,8.37,0,,,,,2,3.7,ok
TIC 290170195,31.9466,-15.346,8.38,0,,38.9,rejete,variabilite_continue;eclipse_secondaire,3,7.5,ok
TIC 423671794,21.554,-12.215,8.38,0,,,,,2,7.6,ok
TIC 167120830,96.2159,-68.8032,8.38,0,,,,,27,15.1,ok
TIC 344298746,22.8038,2.8873,8.38,0,,,,,6,9.0,ok
TIC 300657526,114.6184,-69.3261,8.38,0,,,,,34,21.2,ok
TIC 382419215,34.8806,-56.9314,8.38,0,,,,,6,11.4,ok
TIC 179120455,79.0108,-70.4561,8.38,0,,27.2,rejete,variabilite_continue;eclipse_secondaire,33,23.2,ok
TIC 65451641,42.3092,-29.5572,8.38,0,,,,,4,9.4,ok
TIC 41957882,22.5096,-36.4249,8.38,0,,,,,1,3.3,ok
TIC 65517357,43.3099,-29.8327,8.38,0,,,,,5,9.5,ok
TIC 220563659,45.3504,-60.3321,8.38,0,,,,,8,13.8,ok
TIC 201799652,36.065,-54.0577,8.38,0,,,,,8,12.5,ok
TIC 49623960,38.2656,-39.3416,8.38,0,,,,,5,9.3,ok
TIC 29927671,24.6613,-12.6398,8.38,0,,,,,3,6.1,ok
TIC 42056880,24.587,-37.1255,8.38,0,,,,,5,11.3,ok
TIC 33523696,26.7326,-27.6696,8.38,0,,,,,2,3.2,ok
TIC 380907942,25.4833,1.9016,8.38,0,,,,,1,4.1,ok
TIC 197880458,55.9664,-54.0715,8.38,0,,,,,6,9.5,ok
TIC 382198673,81.5633,-59.1928,8.39,0,,,,,42,13.9,ok
TIC 287776397,127.1279,-74.9547,8.39,0,,,,,18,14.7,ok
TIC 382306185,11.0818,-4.3992,8.39,0,,,,,6,8.0,ok
TIC 70523565,33.0052,-32.3287,8.39,0,,,,,1,4.4,ok
TIC 140938247,77.1778,-74.8468,8.39,0,,,,,33,15.3,ok
TIC 241767165,27.1702,-0.3615,8.39,0,,,,,4,10.4,ok
TIC 33866571,65.7919,-76.1855,8.39,0,,,,,31,18.0,ok
TIC 439409473,18.9879,-15.5761,8.39,0,,,,,2,4.7,ok
TIC 279091621,102.8897,-58.3282,8.39,0,,,,,29,15.3,ok
TIC 150164875,93.2441,-62.0716,8.39,0,,,,,42,13.7,ok
TIC 149540525,86.3013,-62.9169,8.39,0,,,,,38,13.6,ok
TIC 209451929,45.898,-32.9298,8.39,0,,,,,4,8.6,ok
TIC 287769668,126.8521,-76.7411,8.39,0,,,,,16,16.3,ok
TIC 382510066,117.1424,-60.1669,8.39,0,,,,,21,14.5,ok
TIC 100015126,23.2137,-44.0281,8.39,0,,,,,8,12.3,ok
TIC 11649919,21.8632,-25.9377,8.39,0,,,,,2,5.5,ok
TIC 374859230,88.4689,-60.0881,8.39,0,,,,,39,17.2,ok
TIC 340705588,16.6098,-32.6255,8.39,0,,,,,4,7.3,ok
TIC 272469224,120.9255,-72.4562,8.39,0,,,,,26,15.2,ok
TIC 301051609,50.0757,-45.8284,8.39,0,,,,,6,10.8,ok
TIC 349059821,107.4199,-63.8104,8.39,0,,,,,41,17.0,ok
TIC 266725019,29.0609,-18.6175,8.39,0,,,,,3,8.6,ok
TIC 149154927,81.0848,-59.9546,8.39,0,,,,,40,15.7,ok
TIC 248961470,22.1676,-1.055,8.4,0,,,,,6,9.0,ok
TIC 350299588,83.9101,-57.1387,8.4,0,,,,,44,13.8,ok
TIC 311410920,33.5792,-49.8628,8.4,0,,,,,4,6.4,ok
TIC 439404461,18.3886,-12.4037,8.4,0,,,,,2,5.3,ok
TIC 55604441,73.6271,-60.4143,8.4,0,,,,,34,13.3,ok
TIC 38460465,61.2662,-61.4825,8.4,0,,,,,21,17.2,ok
TIC 358579652,54.4921,-61.8974,8.4,0,,,,,13,14.6,ok
TIC 67589720,17.2429,-30.9299,8.4,0,,,,,2,5.6,ok
TIC 25000323,29.7917,-8.3631,8.4,0,,,,,1,7.5,ok
TIC 63919616,12.9592,-25.1921,8.4,0,,,,,2,5.2,ok
TIC 271723952,110.7062,-71.9584,8.4,0,,,,,43,15.8,ok
TIC 29930110,24.8687,-14.7071,8.4,0,,,,,3,5.5,ok
TIC 63976452,37.2327,-21.197,8.4,0,,,,,2,7.0,ok
TIC 220478950,75.8778,-56.1675,8.4,0,,,,,36,22.9,ok
TIC 33664799,30.1197,-26.2221,8.4,0,,,,,2,5.7,ok
TIC 231287949,43.8139,-49.6594,8.4,0,,,,,2,7.3,ok
TIC 212955844,8.7218,-5.1744,8.4,0,,,,,5,11.5,ok
TIC 201897982,40.3946,-54.8711,8.4,0,,,,,7,11.9,ok
TIC 276866031,83.4633,-67.9394,8.4,0,,,,,29,15.0,ok
TIC 33594839,28.814,-25.3671,8.4,0,,,,,3,7.2,ok
TIC 268716351,18.0555,-22.6656,8.4,0,,,,,3,6.2,ok
TIC 266748675,29.6761,-20.8473,8.4,0,,,,,2,7.3,ok
TIC 32051091,56.9161,-70.9219,8.4,0,,,,,35,14.0,ok
TIC 279328531,43.5915,-28.8506,8.4,0,,,,,4,7.3,ok
TIC 115319748,27.1126,-36.8525,8.4,0,,,,,5,12.4,ok
TIC 294392274,109.0971,-56.1065,8.4,0,,,,,11,49.3,ok
TIC 167417444,99.5538,-70.0943,8.4,0,,,,,40,16.1,ok
TIC 184550249,11.7083,-15.9872,8.4,0,,,,,1,4.7,ok
TIC 439498652,22.2226,-23.3991,8.4,0,,,,,1,4.2,ok
TIC 38600576,64.4306,-65.71,8.41,0,,,,,44,15.3,ok
TIC 38696264,66.1215,-60.6585,8.41,0,,,,,24,15.8,ok
TIC 382032570,78.9837,-56.4499,8.41,0,,,,,42,17.4,ok
TIC 257499512,31.0291,-12.306,8.41,0,,,,,1,4.8,ok
TIC 31013214,76.3697,-71.3301,8.41,0,,,,,12,16.4,ok
TIC 55523592,72.1309,-62.4835,8.41,0,,,,,21,14.4,ok
TIC 257485988,30.8932,-15.4733,8.41,0,,,,,2,7.0,ok
TIC 40048553,6.7819,-7.312,8.41,0,,,,,4,8.4,ok
TIC 41035485,90.4306,-67.8638,8.41,0,,,,,21,17.0,ok
TIC 358247398,52.9248,-58.3884,8.41,0,,,,,9,14.9,ok
TIC 164767496,26.1946,-20.1513,8.41,0,,,,,1,8.5,ok
TIC 7219322,32.2499,-46.3702,8.41,0,,,,,3,9.9,ok
TIC 11614357,20.6805,-25.4202,8.41,0,,,,,2,9.6,ok
TIC 268731357,18.4639,-20.5132,8.41,0,,,,,2,12.1,ok
TIC 313937691,30.3954,-25.6344,8.41,0,,,,,2,9.7,ok
TIC 220459813,74.7309,-55.8767,8.41,0,,,,,24,17.2,ok
TIC 382635027,39.9028,-61.5331,8.41,0,,,,,1,4.4,ok
TIC 219985096,29.8031,-50.1504,8.41,0,,,,,4,11.4,ok
TIC 333564869,12.3244,-1.6258,8.41,0,,,,,1,5.9,ok
TIC 160191386,27.1902,-43.2356,8.41,0,,,,,6,10.9,ok
TIC 300157797,108.8714,-68.0433,8.41,0,,,,,30,16.5,ok
TIC 382307962,18.1752,-8.8437,8.41,0,,,,,3,9.1,ok
TIC 339634305,110.0938,-57.6476,8.41,0,,,,,21,18.7,ok
TIC 300329728,110.9664,-70.7725,8.41,0,,,,,42,19.4,ok
TIC 248987739,22.9486,-4.959,8.41,0,,,,,2,4.8,ok
TIC 241630798,26.1323,-3.4739,8.41,0,,,,,3,6.4,ok
TIC 279090824,102.8782,-59.7094,8.41,0,,,,,40,16.7,ok
TIC 100915828,31.9934,-36.4271,8.41,0,,,,,5,10.4,ok
TIC 259513779,71.1348,-53.261,8.41,0,,,,,10,17.5,ok
TIC 231023810,28.1539,-55.3105,8.42,0,,,,,8,14.1,ok
TIC 160196097,27.4364,-44.8031,8.42,0,,,,,8,18.3,ok
TIC 272550324,121.7313,-74.3229,8.42,0,,,,,27,18.8,ok
TIC 294982517,72.2822,-66.5612,8.42,0,,,,,42,18.5,ok
TIC 354655660,33.8577,-52.2679,8.42,0,,,,,8,17.0,ok
TIC 29781308,65.0573,-68.0735,8.42,0,,,,,41,19.3,ok
TIC 272196057,117.1369,-77.1513,8.42,0,,,,,25,17.9,ok
TIC 206469702,57.153,-50.1064,8.42,0,,,,,4,12.2,ok
TIC 111242889,29.9704,-38.1263,8.42,0,,,,,4,12.4,ok
TIC 419013654,16.2932,-14.9056,8.42,0,,,,,3,15.5,ok
TIC 120917003,37.2152,-24.8123,8.42,0,,,,,4,6.6,ok
TIC 55400261,70.5409,-62.3849,8.42,0,,,,,38,19.9,ok
TIC 268862275,34.2676,-21.8473,8.42,0,,,,,2,16.8,ok
TIC 41259424,92.2639,-71.5062,8.42,0,,,,,42,18.8,ok
TIC 165182835,47.3952,-40.4367,8.42,0,,,,,6,14.6,ok
TIC 213006077,10.2569,-4.096,8.42,0,,,,,4,7.5,ok
TIC 24921351,27.5044,-6.7165,8.42,0,,,,,3,8.7,ok
TIC 149572723,86.3167,-60.5276,8.42,0,,,,,41,16.1,ok
