nom,RA,Dec,Tmag,n_candidats,periodes,snr_max,verdict_auto,raisons_auto,n_secteurs,secondes,status
TIC 149988523,90.5391,-60.0968,4.0,0,,,,,44,8.9,ok
TIC 467274664,168.15,-60.3176,4.01,0,,,,,7,6.8,ok
TIC 458395117,159.7476,-58.8168,4.02,0,,,,,7,6.2,ok
TIC 379121408,180.7542,-63.3129,4.03,0,,,,,8,7.7,ok
TIC 451860101,172.9419,-59.4421,4.03,0,,,,,6,5.9,ok
TIC 378313764,155.0899,-60.4544,4.04,0,,,,,5,4.8,ok
TIC 145006683,193.3596,-40.179,4.05,0,,,,,4,3.9,ok
TIC 415840068,197.2635,-23.1183,4.06,0,,,,,3,3.1,ok
TIC 437327038,207.4672,-18.1344,4.08,0,,,,,2,2.0,ok
TIC 272159436,187.4759,-56.5249,4.08,0,,,,,8,7.2,ok
TIC 458105162,159.085,-59.5646,4.08,0,,,,,7,6.3,ok
TIC 379546066,181.2381,-60.9683,4.08,0,,,,,7,6.6,ok
TIC 464732822,156.8519,-57.6388,4.09,0,,,,,8,7.4,ok
TIC 309401053,124.5787,-65.6131,4.1,0,,,,,22,8.7,ok
TIC 162092833,168.3111,-44.3722,4.12,0,,,,,7,6.5,ok
TIC 334217681,182.9126,-52.3685,4.13,0,,,,,7,6.3,ok
TIC 102310237,196.2008,-41.1964,4.14,0,,,,,6,5.4,ok
TIC 167088607,95.6599,-69.9838,4.15,0,,,,,40,8.4,ok
TIC 21165132,187.0096,-50.2307,4.16,0,,,,,6,5.5,ok
TIC 357639411,137.8192,-62.3169,4.17,0,,,,,10,9.3,ok
TIC 274911740,149.5199,-58.8611,4.17,0,,,,,7,6.9,ok
TIC 319506938,174.2494,-61.2834,4.2,0,,,,,7,6.6,ok
TIC 302720622,135.2857,-68.6839,4.21,0,,,,,10,9.1,ok
TIC 261863003,193.6481,-57.178,4.21,0,,,,,7,6.6,ok
TIC 30293512,198.0104,-37.8027,4.21,0,,,,,5,4.8,ok
TIC 323350946,131.4789,-79.5039,4.22,0,,,,,10,9.2,ok
TIC 381949122,76.3774,-57.472,4.22,0,,,,,45,8.3,ok
TIC 453776506,199.1325,-44.7044,4.23,0,,,,,5,4.9,ok
TIC 242082921,201.5338,-39.7554,4.23,0,,,,,5,4.7,ok
TIC 141280255,82.9737,-76.3393,4.23,0,,,,,42,8.3,ok
TIC 140176216,151.8867,-53.2601,4.24,0,,,,,7,6.7,ok
TIC 260605873,97.3683,-56.8526,4.24,0,,,,,44,8.5,ok
TIC 464670890,156.7037,-54.8773,4.24,0,,,,,8,7.7,ok
TIC 290022685,192.4459,-15.0789,4.24,0,,,,,5,4.6,ok
TIC 341193607,119.2122,-59.1257,4.24,0,,,,,17,8.9,ok
TIC 309537028,184.6088,-64.0031,4.25,0,,,,,8,7.3,ok
TIC 465507504,163.6234,-61.8266,4.25,0,,,,,7,7.0,ok
TIC 146999446,161.4209,-47.4598,4.26,0,,,,,8,7.5,ok
TIC 320855910,174.8728,-65.3978,4.26,0,,153.9,rejete,eclipse_secondaire,8,12.6,ok
TIC 454082369,176.6175,-40.498,4.27,0,,,,,8,7.5,ok
TIC 124771255,200.7858,-33.1899,4.27,0,,,,,4,3.9,ok
TIC 9331851,191.002,-28.3242,4.29,0,,,,,4,4.1,ok
TIC 308844962,122.2508,-61.3041,4.29,0,,,,,19,9.1,ok
TIC 124567694,199.2216,-31.5065,4.3,0,,,,,5,4.8,ok
TIC 382198789,81.5802,-58.9123,4.32,0,,,,,43,8.3,ok
TIC 258906153,197.8458,-43.3687,4.33,0,,,,,5,4.7,ok
TIC 466325776,165.7756,-60.9107,4.33,0,,,,,8,8.1,ok
TIC 358466601,119.0776,-60.5264,4.36,0,,,,,22,8.7,ok
TIC 38680734,65.4733,-63.3853,4.38,0,,,,,45,8.5,ok
TIC 447823435,157.8367,-53.7142,4.4,0,,,,,8,7.4,ok
TIC 278202079,111.4078,-79.0942,4.41,0,,,,,23,8.5,ok
TIC 242089966,201.7337,-41.4976,4.41,0,,,,,4,4.0,ok
TIC 141810080,92.563,-74.7543,4.43,0,,,,,45,8.3,ok
TIC 385840548,138.5746,-55.5695,4.43,0,,,,,8,7.5,ok
TIC 453796356,159.8158,-74.4934,4.43,0,,,,,8,7.5,ok
TIC 458559498,160.3229,-59.6769,4.44,0,,,,,7,6.6,ok
TIC 316496087,171.7485,-61.3693,4.44,0,,,,,6,6.1,ok
TIC 460445901,157.6635,-61.3564,4.44,0,,,,,8,7.5,ok
TIC 149304313,83.2488,-64.2275,4.45,0,,,,,40,8.3,ok
TIC 165898498,204.9519,-40.052,4.46,0,,,,,6,5.6,ok
TIC 338012707,156.1056,-60.1914,4.46,0,,,,,6,6.0,ok
TIC 30762159,75.6791,-71.3142,4.46,0,,,,,42,8.6,ok
TIC 163621376,174.391,-47.7472,4.47,0,,,,,7,6.6,ok
TIC 73304453,190.3452,-46.1452,4.47,0,,,,,4,3.9,ok
TIC 400258622,165.7608,-67.127,4.47,0,,,,,6,6.1,ok
TIC 411618966,185.4892,-56.3744,4.47,0,,,,,7,6.5,ok
TIC 390558214,190.307,-27.9082,4.48,0,,,,,3,3.0,ok
TIC 38574220,63.7022,-62.1912,4.5,0,,,,,42,8.4,ok
TIC 38699658,66.272,-61.2381,4.5,0,,,,,44,8.2,ok
TIC 341188017,118.7214,-57.3026,4.5,0,,,,,14,8.5,ok
TIC 150320620,95.7558,-63.683,4.5,1,2.2113,17.0,rejete,variabilite_continue;eclipse_secondaire;compagnon_trop_gros_8.6Rjup,40,13.9,ok
TIC 357513372,200.7543,-17.7354,4.51,0,,,,,4,4.0,ok
TIC 244903149,196.7274,-49.9063,4.51,0,,,,,7,6.2,ok
TIC 460340926,157.2664,-65.176,4.52,0,,,,,7,7.0,ok
TIC 325170579,177.4208,-63.7885,4.53,0,,,,,8,7.6,ok
TIC 167126852,96.3691,-69.6891,4.53,0,,,,,42,8.1,ok
TIC 464509446,156.5651,-53.8914,4.53,0,,,,,8,7.5,ok
TIC 45297854,130.1542,-59.761,4.53,0,,,,,11,8.8,ok
TIC 358276819,147.8007,-59.426,4.53,0,,,,,7,7.2,ok
TIC 304178155,141.7743,-71.6014,4.54,0,,,,,10,9.1,ok
TIC 203358933,198.5446,-19.93,4.54,0,,,,,3,3.2,ok
TIC 9277748,190.8045,-24.9906,4.55,0,,,,,4,3.8,ok
TIC 451959707,172.9532,-59.5156,4.56,0,,,,,6,5.7,ok
TIC 80840548,166.1305,-51.222,4.56,0,,,,,4,3.8,ok
TIC 308210818,198.0154,-16.2003,4.56,0,,,,,5,4.9,ok
TIC 181163751,174.3859,-39.3589,4.57,0,,,,,8,7.3,ok
TIC 459005094,161.461,-59.4887,4.57,0,,,,,7,7.2,ok
TIC 453654783,156.7046,-73.1679,4.58,0,,,,,5,5.0,ok
TIC 361834361,144.837,-61.3279,4.58,0,,,,,6,6.1,ok
TIC 310764588,129.3283,-62.8536,4.59,0,,,,,11,8.7,ok
TIC 92693315,173.7353,-49.1354,4.59,0,,,,,7,6.6,ok
TIC 453588998,155.1143,-72.1301,4.6,0,,,,,7,6.5,ok
TIC 82017300,168.414,-53.2316,4.61,0,,,,,7,7.2,ok
TIC 141973945,178.2268,-33.9081,4.62,0,,,,,6,5.7,ok
TIC 380695266,182.103,-60.8471,4.62,0,,,,,7,6.6,ok
TIC 453221781,146.5881,-76.7765,4.63,0,,,,,10,9.0,ok
TIC 333670665,182.0215,-50.6613,4.64,0,,,,,6,5.5,ok
TIC 466289471,165.3989,-61.0488,4.65,0,,,,,8,7.8,ok
TIC 464028809,155.2282,-56.0432,4.66,0,,,,,8,7.4,ok
TIC 131311326,191.6927,-33.3157,4.66,0,,,,,4,4.0,ok
TIC 280393898,144.3025,-53.6685,4.66,0,,,,,8,7.6,ok
TIC 404417508,196.0551,-52.8958,4.67,0,,,,,6,5.7,ok
TIC 447275571,157.0089,-49.4061,4.68,0,,,,,7,6.2,ok
TIC 454043454,175.8631,-37.1903,4.68,0,,,,,7,6.4,ok
TIC 30023898,196.6465,-41.5885,4.69,0,,,,,5,4.6,ok
TIC 204719664,185.8398,-24.8408,4.69,0,,,,,5,4.6,ok
TIC 144395071,189.9686,-39.9875,4.7,0,,,,,4,4.0,ok
TIC 452163402,173.6897,-54.264,4.7,0,,,,,5,4.6,ok
TIC 111835484,207.9564,-32.9943,4.71,0,,,,,4,3.8,ok
TIC 72646441,208.8301,-26.433,4.71,0,,,,,3,3.0,ok
TIC 390670978,160.9677,-60.1178,4.71,0,,,,,7,6.7,ok
TIC 453689120,157.5844,-71.993,4.71,0,,,,,5,4.9,ok
TIC 315568090,171.4255,-63.9729,4.72,0,,,,,7,6.7,ok
TIC 46028220,131.6772,-56.7697,4.72,0,,,,,9,8.0,ok
TIC 468135835,170.0259,-65.252,4.72,0,,,,,8,7.7,ok
TIC 162208836,168.7254,-43.7337,4.72,0,,,,,7,6.5,ok
TIC 459134597,161.9099,-57.4674,4.75,0,,,,,7,7.2,ok
TIC 405148007,180.9174,-42.4347,4.75,0,,,,,7,6.6,ok
TIC 372888660,152.5434,-71.0698,4.75,0,,,,,7,6.6,ok
TIC 356771041,135.1905,-60.9638,4.76,0,,,,,9,8.2,ok
TIC 448641178,175.053,-34.7447,4.76,0,,,,,7,6.7,ok
TIC 449491402,161.0416,-72.0645,4.76,0,,,,,5,5.0,ok
TIC 142108949,99.4236,-77.5384,4.76,0,,,,,42,8.3,ok
TIC 260372062,95.4197,-56.3624,4.76,0,,,,,?,144.3,timeout
TIC 412749918,193.2663,-54.9524,4.76,0,,,,,7,6.8,ok
TIC 162484935,169.8381,-45.0933,4.76,0,,,,,7,6.6,ok
TIC 277556255,164.3155,-75.0997,4.77,0,,,,,4,4.1,ok
TIC 30110465,73.3771,-66.6753,4.77,0,,,,,42,8.5,ok
TIC 261993378,193.6629,-59.1468,4.78,0,,,,,8,7.7,ok
TIC 271506863,186.8701,-58.3164,4.78,0,,,,,7,6.6,ok
TIC 170657104,185.9494,-30.3355,4.78,0,,,,,5,4.8,ok
TIC 419788368,191.5943,-56.4889,4.78,0,,,,,7,6.3,ok
TIC 383518546,134.8487,-59.082,4.79,0,,,,,10,9.3,ok
TIC 131081098,189.7642,-30.4224,4.79,0,,,,,4,3.9,ok
TIC 390226317,183.7488,-54.8203,4.79,0,,,,,5,4.8,ok
TIC 385461878,138.2319,-59.4138,4.79,0,,,,,8,7.6,ok
TIC 436272277,193.4222,-60.3494,4.79,0,,,,,8,7.2,ok
TIC 375627282,178.611,-56.9698,4.8,0,,,,,7,6.3,ok
TIC 9439380,192.1084,-27.5978,4.81,0,,,,,4,3.9,ok
TIC 302962039,136.4098,-70.5384,4.82,0,,,,,10,9.1,ok
TIC 363774571,200.2398,-46.8799,4.82,0,,,,,6,5.6,ok
TIC 317046099,172.313,-63.5539,4.83,0,,,,,6,5.7,ok
TIC 379339467,181.0798,-63.1657,4.83,0,,,,,8,7.7,ok
TIC 101775388,200.833,-24.6557,4.83,0,,,,,3,3.3,ok
TIC 272588795,187.9179,-59.4239,4.84,0,,,,,6,6.3,ok
TIC 404340264,195.8883,-49.5273,4.84,0,,,,,7,6.6,ok
TIC 72500833,187.5016,-42.9296,4.84,0,,,,,5,4.7,ok
TIC 111880742,208.3022,-31.9277,4.86,0,,,,,3,3.0,ok
TIC 374677824,150.7058,-62.1566,4.86,0,,,,,6,5.8,ok
TIC 349647610,112.2143,-64.5099,4.86,0,,,,,44,8.7,ok
TIC 244866914,196.5693,-48.4634,4.87,0,,,,,5,4.8,ok
TIC 433936219,190.7093,-63.0586,4.88,0,,,,,7,6.6,ok
TIC 441226198,145.26,-57.2598,4.88,0,,,,,9,8.7,ok
TIC 319508664,174.2371,-61.1828,4.88,0,,,,,7,7.1,ok
TIC 25425217,192.6713,-33.9994,4.89,0,,,,,5,4.8,ok
TIC 382630542,118.6226,-61.8717,4.89,0,,,,,27,8.6,ok
TIC 38759751,66.9416,-62.5212,4.89,0,,,,,43,8.9,ok
TIC 220103183,209.3653,-23.0226,4.89,0,,,,,4,3.8,ok
TIC 293972244,106.7,-58.3809,4.9,0,,,,,42,8.7,ok
TIC 465185147,162.6095,-59.9824,4.9,0,,,,,7,6.7,ok
TIC 271973682,114.0176,-77.634,4.9,0,,,,,27,8.7,ok
TIC 466911307,167.1416,-61.9472,4.91,0,,,,,8,8.1,ok
TIC 38828538,68.3899,-62.8238,4.91,0,,,,,42,9.3,ok
TIC 405520863,190.4854,-59.6858,4.91,0,,,,,6,5.7,ok
TIC 304425262,177.963,-65.2059,4.91,0,,,,,8,7.6,ok
TIC 350563801,86.8056,-54.3607,4.91,0,,,,,32,8.5,ok
TIC 464293053,155.9607,-57.954,4.92,0,,,,,8,7.6,ok
TIC 458231448,159.3627,-58.7333,4.92,0,,,,,7,6.6,ok
TIC 245166595,198.6793,-48.9575,4.92,0,,,,,7,6.7,ok
TIC 58535868,202.0078,-26.4023,4.92,0,,,,,2,2.6,ok
TIC 144219989,188.9389,-41.0219,4.92,0,,,,,5,5.5,ok
TIC 287607394,198.4891,-43.139,4.92,0,,,,,5,4.9,ok
TIC 443341302,146.7932,-57.3454,4.92,0,,,,,6,5.9,ok
TIC 378037836,154.925,-65.1372,4.93,0,,,,,7,7.1,ok
TIC 390955053,161.0286,-63.961,4.94,0,,,,,8,7.5,ok
TIC 302134539,132.6465,-66.7924,4.94,0,,,,,13,9.4,ok
TIC 272807849,188.0363,-56.1295,4.94,0,,,,,8,7.4,ok
TIC 467450857,168.3748,-60.0913,4.95,0,,,,,7,7.3,ok
TIC 280666903,173.0833,-66.9618,4.95,0,,,,,8,8.1,ok
TIC 176960513,101.2316,-70.4337,4.95,0,,,,,41,8.8,ok
TIC 260777057,189.0511,-52.4178,4.95,0,,,,,6,5.9,ok
TIC 360383548,142.1954,-62.273,4.96,0,,,,,8,7.5,ok
TIC 390441711,160.5586,-64.4664,4.96,0,,,,,7,7.2,ok
TIC 309920793,152.2342,-51.8113,4.96,0,,,,,6,5.6,ok
TIC 397127102,157.5322,-70.8879,4.96,0,,,,,5,5.0,ok
TIC 399148111,163.1928,-68.2102,4.98,0,,,,,6,6.2,ok
TIC 460693058,158.5529,-60.9876,4.98,0,,,,,8,7.7,ok
TIC 306384457,166.6219,-58.675,4.98,0,,,,,8,7.7,ok
TIC 260646994,186.632,-51.4507,4.98,0,,,,,6,5.6,ok
TIC 295071039,72.6837,-69.8313,4.98,0,,,,,43,8.7,ok
TIC 332354219,179.7951,-51.6968,4.98,0,,,,,5,4.7,ok
TIC 405183807,183.9813,-54.0569,4.98,0,,,,,4,4.0,ok
TIC 308395911,120.0832,-63.5673,4.98,0,,,,,28,8.9,ok
TIC 405091166,185.5301,-67.5221,4.99,0,,82.3,rejete,variabilite_continue;eclipse_secondaire,7,30.5,ok
TIC 303606981,139.3201,-68.6898,4.99,0,,,,,10,9.5,ok
TIC 363913149,89.31,-53.4257,5.0,0,,,,,29,9.0,ok
TIC 290533249,173.7126,-60.7861,5.0,0,,,,,6,5.9,ok
TIC 204650822,184.98,-26.737,5.0,0,,,,,5,5.1,ok
TIC 443623692,186.3267,-27.749,5.0,0,,,,,4,4.1,ok
TIC 303609983,139.4651,-67.0508,5.01,0,,,,,10,9.7,ok
TIC 391421181,161.7132,-64.3834,5.02,0,,,,,8,7.7,ok
TIC 371240328,146.7273,-69.5032,5.02,0,,,,,9,9.0,ok
TIC 410905076,160.5382,-53.7204,5.03,0,,,,,8,7.7,ok
TIC 101828455,206.1899,-25.5011,5.03,0,,,,,3,3.2,ok
TIC 259761784,153.3448,-51.233,5.03,0,,38.5,rejete,variabilite_continue;eclipse_secondaire,7,11.2,ok
TIC 381040922,182.3466,-63.8203,5.03,0,,,,,8,7.9,ok
TIC 453101438,116.0032,-67.2018,5.03,0,,,,,43,8.8,ok
TIC 163450908,173.9819,-47.6419,5.04,0,,,,,6,6.0,ok
TIC 374062307,149.9653,-60.2183,5.04,0,,,,,7,6.7,ok
TIC 451256144,170.9859,-57.8805,5.04,0,,,,,7,6.6,ok
TIC 359560031,140.8637,-60.3023,5.04,0,,,,,7,6.9,ok
TIC 303225294,164.0677,-58.0533,5.05,0,,,,,7,6.9,ok
TIC 428698700,195.9431,-20.5835,5.05,0,,,,,3,3.4,ok
TIC 372914091,119.4517,-60.3024,5.05,0,,,,,20,9.0,ok
TIC 465505600,163.5259,-62.0424,5.06,0,,,,,7,6.9,ok
TIC 360703026,142.6054,-64.0858,5.07,0,,,,,8,7.6,ok
TIC 459637433,163.1285,-57.2404,5.07,0,,,,,8,7.5,ok
TIC 392200642,174.4503,-67.6204,5.08,0,,,,,7,7.2,ok
TIC 60709182,189.4267,-27.1395,5.08,0,,,,,4,4.1,ok
TIC 144568325,190.8758,-41.3217,5.08,0,,,,,4,4.1,ok
TIC 372908550,119.4233,-65.9087,5.09,0,,,,,37,8.6,ok
TIC 359737516,141.0229,-61.6492,5.09,0,,,,,9,8.8,ok
TIC 401347848,167.8728,-71.4362,5.09,0,,,,,4,4.5,ok
TIC 441226729,145.177,-57.9835,5.1,0,,,,,7,7.1,ok
TIC 344404782,155.7419,-66.9014,5.1,0,,,,,3,3.4,ok
TIC 458076646,158.9322,-58.245,5.11,0,,,,,6,5.9,ok
TIC 350094361,115.1369,-64.3233,5.11,0,,,,,44,8.8,ok
TIC 383287220,134.2433,-59.2293,5.11,0,,,,,11,9.9,ok
TIC 81169950,166.8921,-48.6399,5.11,0,,,,,8,7.6,ok
TIC 5970086,193.6257,-20.098,5.11,0,,,,,4,3.9,ok
TIC 72593986,208.5682,-28.57,5.11,0,,,,,4,4.0,ok
TIC 397399433,158.1596,-66.1815,5.11,0,,,,,7,7.0,ok
TIC 220414802,71.0885,-59.7325,5.11,0,,39.6,rejete,variabilite_continue;eclipse_secondaire,41,13.6,ok
TIC 450826873,187.1068,-61.7949,5.12,0,,,,,8,7.7,ok
TIC 350765991,89.2001,-59.4223,5.12,0,,,,,43,8.8,ok
TIC 41331819,92.1836,-68.8433,5.13,0,,,,,33,8.9,ok
TIC 309033091,184.4406,-63.6162,5.13,0,,,,,7,6.7,ok
TIC 310198518,127.6279,-63.082,5.13,0,,,,,13,8.9,ok
TIC 101690885,200.2697,-24.4702,5.14,0,,,,,3,3.1,ok
TIC 459577774,162.9934,-55.1383,5.14,0,,,,,7,6.8,ok
TIC 309854901,126.4648,-64.6005,5.14,0,,,,,14,9.0,ok
TIC 304355898,165.0664,-57.5604,5.14,0,,,,,7,6.8,ok
TIC 297543669,180.6557,-70.8593,5.15,0,,,,,8,7.9,ok
TIC 357126143,136.532,-64.4997,5.16,0,,,,,11,9.5,ok
TIC 319809753,174.5294,-61.8264,5.16,0,,,,,7,6.7,ok
TIC 458704469,160.669,-59.2157,5.16,0,,,,,7,6.8,ok
TIC 101905319,201.4918,-35.0759,5.17,0,,,,,5,4.6,ok
TIC 272642183,161.433,-53.6286,5.17,0,,,,,7,7.0,ok
TIC 463274841,153.3426,-56.5867,5.17,0,,,,,8,7.6,ok
TIC 72814920,188.676,-44.6742,5.17,0,,,,,5,4.9,ok
TIC 453240313,146.4918,-72.2105,5.17,0,,,,,9,8.5,ok
TIC 311846145,181.5829,-68.6514,5.18,0,,,,,6,6.0,ok
TIC 464534525,156.4428,-54.9884,5.18,0,,,,,8,7.7,ok
TIC 354997544,129.6162,-62.8432,5.18,0,,,,,11,8.6,ok
TIC 382577618,118.4767,-60.5836,5.18,0,,,,,21,8.6,ok
TIC 166310851,206.7347,-36.252,5.18,0,,,,,4,3.8,ok
TIC 311072421,153.095,-52.163,5.18,0,,,,,7,6.5,ok
TIC 142141870,179.8428,-30.0608,5.18,0,,,,,6,5.7,ok
TIC 308086497,129.7718,-70.387,5.19,0,,,,,18,8.8,ok
TIC 405237290,184.0699,-56.286,5.19,0,,,,,7,6.6,ok
TIC 459065293,161.7393,-56.7572,5.19,0,,,,,6,5.9,ok
TIC 149219496,82.3222,-62.3144,5.19,0,,,,,38,8.1,ok
TIC 452408828,138.0526,-76.6633,5.19,0,,,,,11,9.1,ok
TIC 279573219,106.0764,-56.7497,5.2,0,,,,,35,9.0,ok
TIC 415822569,185.0442,-22.1759,5.2,0,,,,,4,4.0,ok
TIC 167572319,101.3552,-65.0443,5.21,0,,,,,39,8.6,ok
TIC 309146836,123.816,-62.9157,5.21,0,,17.1,rejete,variabilite_continue;eclipse_secondaire,20,13.8,ok
TIC 237934406,59.0175,-63.4635,5.21,0,,,,,29,9.0,ok
TIC 383801487,135.2138,-57.9169,5.22,0,,,,,8,7.4,ok
TIC 410996127,160.7542,-49.0568,5.23,0,,,,,8,7.3,ok
TIC 290022877,192.4403,-15.8833,5.23,0,,,,,5,4.6,ok
TIC 25489613,192.9362,-31.0837,5.23,0,,,,,4,3.7,ok
TIC 71834059,166.8189,-42.6384,5.23,0,,,,,5,4.6,ok
TIC 389865251,87.4727,-66.9011,5.23,0,,,,,26,9.0,ok
TIC 458199516,159.5124,-56.8172,5.23,0,,,,,7,7.1,ok
TIC 81919107,168.2361,-49.7361,5.24,0,,,,,8,7.5,ok
TIC 135246293,186.1858,-41.3847,5.25,0,,,,,5,4.9,ok
TIC 444093913,147.166,-56.4118,5.25,0,,,,,7,6.7,ok
TIC 300244770,109.8112,-67.1873,5.25,0,,,,,43,9.0,ok
TIC 457427613,157.3973,-57.9664,5.25,0,,,,,7,7.1,ok
TIC 312700722,182.7551,-68.2611,5.25,0,,,,,6,5.7,ok
TIC 304164760,177.9288,-61.1584,5.25,0,,,,,7,7.1,ok
TIC 93844598,176.3024,-49.0698,5.25,0,,,,,7,6.5,ok
TIC 261862960,193.6534,-57.1687,5.26,0,,,,,7,6.5,ok
TIC 321656644,175.4558,-63.4146,5.26,0,,,,,7,6.7,ok
TIC 462197287,150.4914,-57.3497,5.26,0,,,,,7,6.7,ok
TIC 81854295,168.1368,-49.1008,5.26,0,,,,,8,7.7,ok
TIC 300295060,160.2612,-52.0858,5.26,0,,,,,9,8.3,ok
TIC 459714042,163.389,-56.4205,5.26,0,,,,,8,7.5,ok
TIC 334496224,183.2737,-50.2067,5.26,0,,,,,5,4.7,ok
TIC 461029064,159.5295,-60.5489,5.26,0,,,,,8,7.8,ok
TIC 453742854,158.8527,-76.3089,5.27,0,,,,,7,6.8,ok
TIC 461265726,203.023,-38.399,5.27,0,,,,,5,4.5,ok
TIC 350655963,88.0844,-57.1567,5.27,0,,,,,42,8.8,ok
TIC 423528378,185.1395,-22.2161,5.27,0,,,,,5,4.9,ok
TIC 165290320,178.9787,-39.6896,5.27,0,,,,,7,6.6,ok
TIC 169468632,194.2678,-51.1988,5.27,0,,,,,6,5.4,ok
TIC 91830175,171.6965,-53.1598,5.27,0,,,,,7,6.5,ok
TIC 300015238,107.1767,-70.4964,5.28,0,,,,,42,8.8,ok
TIC 287867700,128.1729,-73.3564,5.28,0,,,,,16,8.9,ok
TIC 15525527,185.444,-49.9489,5.28,0,,,,,6,5.7,ok
TIC 350298145,83.7613,-58.871,5.29,0,,,,,44,9.0,ok
TIC 72772992,209.4955,-25.9981,5.29,0,,,,,3,3.1,ok
TIC 322229213,175.6559,-60.4207,5.29,0,,,,,7,6.7,ok
TIC 287638396,125.5179,-73.3998,5.29,0,,,,,23,9.2,ok
TIC 72777874,209.6295,-24.9724,5.29,0,,,,,3,3.2,ok
TIC 290678703,174.1092,-61.3194,5.29,0,,,,,7,7.1,ok
TIC 81086852,166.581,-50.4476,5.3,0,,,,,8,7.4,ok
TIC 309476845,125.2817,-64.1061,5.3,0,,,,,18,8.7,ok
TIC 258907375,197.7864,-42.233,5.3,0,,,,,5,4.8,ok
TIC 340458436,115.7219,-58.2298,5.3,0,,,,,21,8.6,ok
TIC 304080910,141.1538,-70.0758,5.3,0,,,,,8,7.4,ok
TIC 290681168,173.9372,-61.5781,5.3,0,,,,,7,7.0,ok
TIC 465416044,163.2132,-62.0091,5.3,0,,,,,7,7.0,ok
TIC 321299050,175.2062,-60.9805,5.3,0,,,,,7,6.8,ok
TIC 459290360,162.2482,-56.6025,5.3,0,,,,,7,7.0,ok
TIC 391421890,161.623,-64.2632,5.3,0,,,,,8,7.6,ok
TIC 390395323,184.4802,-57.8502,5.31,0,,,,,7,6.8,ok
TIC 438748592,142.6152,-55.2321,5.31,0,,,,,8,7.5,ok
TIC 287605404,198.2116,-42.6997,5.31,0,,,,,4,4.0,ok
TIC 465864363,164.5624,-62.8672,5.31,0,,,,,8,7.6,ok
TIC 280514622,170.8387,-64.9545,5.31,0,,,,,8,7.6,ok
TIC 272443295,154.3665,-50.0972,5.31,0,,,,,6,5.9,ok
TIC 72850868,209.9992,-25.011,5.32,0,,,,,3,3.1,ok
TIC 305751503,178.7548,-62.5777,5.32,0,,,,,7,6.6,ok
TIC 463445156,153.7922,-55.657,5.32,0,,,,,8,7.8,ok
TIC 162626006,170.5959,-44.6461,5.32,0,,,,,7,6.5,ok
TIC 467341330,168.1877,-64.1697,5.32,0,,,,,7,6.9,ok
TIC 167215719,193.1023,-53.8299,5.32,0,,,,,6,5.6,ok
TIC 130943601,188.3415,-34.6632,5.33,0,,,,,4,3.9,ok
TIC 271701447,187.1375,-56.4092,5.33,0,,,,,8,7.7,ok
TIC 80312692,165.1502,-53.1117,5.33,0,,,,,7,6.7,ok
TIC 315994085,171.6474,-61.1152,5.33,0,,,,,7,6.7,ok
TIC 996707033,193.742,-44.1533,5.33,0,,,,,1,1.5,ok
TIC 458860659,161.1875,-59.5652,5.34,0,,,,,6,5.9,ok
TIC 30490789,198.7891,-36.3715,5.34,0,,,,,4,3.8,ok
TIC 435684037,192.8248,-60.3298,5.34,0,,,,,6,6.0,ok
TIC 452468565,139.3545,-74.8941,5.34,0,,,,,12,9.5,ok
TIC 463794734,154.6554,-56.1097,5.35,0,,,,,8,7.5,ok
TIC 333666707,182.061,-48.6926,5.35,0,,,,,6,5.7,ok
TIC 134871830,183.8742,-41.9143,5.36,0,,,,,5,4.8,ok
TIC 46265415,132.1953,-57.4869,5.36,0,,,,,10,9.3,ok
TIC 81085692,166.6141,-50.9567,5.36,0,,,,,8,7.4,ok
TIC 152315703,170.9665,-40.509,5.37,0,,,,,6,5.6,ok
TIC 181062415,173.4042,-40.5865,5.37,0,,,,,7,6.4,ok
TIC 402186784,168.7274,-68.3278,5.37,0,,,,,6,5.9,ok
TIC 157321602,176.7797,-35.907,5.37,0,,,,,6,5.9,ok
TIC 248127641,193.7418,-44.1532,5.37,0,,,,,5,4.9,ok
TIC 277982164,104.1436,-79.4202,5.37,0,,,,,23,8.9,ok
TIC 765832822,117.3029,-60.2827,5.37,0,,,,,7,6.5,ok
TIC 406050497,193.988,-56.8358,5.38,0,,,,,7,6.5,ok
TIC 131432644,203.6812,-33.3109,5.38,0,,,,,4,3.8,ok
TIC 305127595,165.5453,-55.9129,5.38,0,,,,,6,5.8,ok
TIC 38828619,68.387,-63.0291,5.38,0,,,,,31,8.4,ok
TIC 452732774,194.3877,-22.7536,5.38,0,,,,,4,3.9,ok
TIC 253398821,196.5649,-55.6117,5.38,0,,,,,7,6.5,ok
TIC 444093070,147.1681,-55.4953,5.38,0,,,,,5,4.9,ok
TIC 272319474,118.8387,-76.4976,5.39,0,,,,,25,8.5,ok
TIC 411229704,178.9304,-68.5493,5.39,0,,,,,7,6.6,ok
TIC 260131665,92.5746,-54.9686,5.39,0,,,,,43,8.4,ok
TIC 452039722,173.5566,-54.5557,5.39,0,,,,,6,6.2,ok
TIC 389301327,183.8927,-31.6902,5.39,0,,,,,4,4.0,ok
TIC 357530228,203.8544,-22.6189,5.39,0,,,,,2,2.2,ok
TIC 272638098,161.044,-53.0939,5.4,0,,,,,8,7.6,ok
TIC 61542962,176.4328,-45.6901,5.4,0,,,,,6,5.5,ok
TIC 303884894,177.6136,-62.6494,5.4,0,,,,,6,5.5,ok
TIC 170654459,185.8973,-35.4127,5.4,0,,,,,4,4.0,ok
TIC 311374627,181.0372,-69.522,5.4,0,,,,,7,6.8,ok
TIC 466541437,166.1214,-62.9621,5.4,0,,,,,8,7.6,ok
TIC 178712494,166.0517,-45.7405,5.41,0,,,,,7,6.7,ok
TIC 287027906,206.982,-18.5727,5.41,0,,,,,2,2.1,ok
TIC 260416268,95.7322,-56.3701,5.41,0,,,,,41,8.7,ok
TIC 118413949,128.8146,-58.2247,5.41,0,,,,,9,8.2,ok
TIC 297541952,180.6175,-71.4889,5.41,0,,,,,8,7.7,ok
TIC 307160124,124.0005,-68.4722,5.42,0,,,,,27,8.9,ok
TIC 402131888,182.8892,-27.0708,5.42,0,,,,,5,4.8,ok
TIC 412872277,194.0772,-55.5611,5.42,0,,,,,7,6.6,ok
TIC 454587376,172.619,-74.6087,5.42,0,,,,,6,5.8,ok
TIC 370956772,145.6503,-68.4382,5.42,0,,,,,9,8.6,ok
TIC 307291318,124.9537,-71.5147,5.43,0,,,,,29,9.5,ok
TIC 458564349,160.5231,-59.5574,5.43,0,,,,,7,6.8,ok
TIC 382509773,117.3032,-60.2828,5.43,0,,,,,27,8.8,ok
TIC 386072621,138.8945,-57.5777,5.43,0,,,,,9,8.8,ok
TIC 178709675,166.129,-47.6789,5.43,0,,,,,7,6.4,ok
TIC 379783522,181.5951,-65.7095,5.43,0,,,,,6,5.8,ok
TIC 181862541,190.3168,-13.0149,5.43,0,,,,,5,4.7,ok
TIC 391346342,161.5687,-64.5145,5.44,0,,,,,?,979.7,timeout
TIC 142039824,178.547,-30.907,5.44,0,,,,,7,7.1,ok
TIC 344496352,156.0583,-69.9177,5.45,0,,,,,6,5.6,ok
TIC 450507176,186.3221,-65.7704,5.45,0,,,,,7,6.5,ok
TIC 374094863,159.9921,-49.2795,5.45,0,,,,,8,7.1,ok
TIC 181915442,190.949,-12.0143,5.45,0,,,,,4,3.8,ok
TIC 81008547,166.5239,-51.2133,5.45,0,,,,,6,5.8,ok
TIC 162798862,170.9846,-44.6728,5.45,0,,,,,7,7.2,ok
TIC 178535942,165.0645,-44.9107,5.45,0,,,,,8,7.5,ok
TIC 145005999,193.3054,-39.3902,5.46,0,,,,,4,3.8,ok
TIC 260041674,91.278,-56.2329,5.46,0,,,,,44,8.6,ok
TIC 181862539,190.3158,-13.0139,5.46,0,,,,,6,5.5,ok
TIC 83153075,188.7347,-20.8364,5.46,0,,,,,4,3.9,ok
TIC 376555515,180.7544,-57.2601,5.47,0,,,,,6,5.7,ok
TIC 386567366,139.6036,-57.273,5.47,0,,,,,6,5.6,ok
TIC 378712246,155.5311,-61.8503,5.47,0,,,,,7,6.7,ok
TIC 436276871,193.3412,-60.3285,5.47,0,,,,,8,7.6,ok
TIC 306794731,179.6985,-64.3396,5.47,0,,,,,8,7.4,ok
TIC 5911169,188.1358,-21.2124,5.47,0,,,,,4,4.1,ok
TIC 334683390,183.6318,-51.5326,5.47,0,,,,,7,6.3,ok
TIC 316504931,171.9294,-60.4958,5.47,0,,,,,6,5.8,ok
TIC 49333614,205.3633,-26.5314,5.47,0,,,,,2,2.3,ok
TIC 408528541,194.7407,-21.5469,5.47,0,,,,,4,3.9,ok
TIC 412365759,190.8672,-58.9027,5.47,0,,,,,7,6.5,ok
TIC 163486329,173.9038,-47.1683,5.49,0,,,,,6,5.8,ok
TIC 309292175,124.23,-60.5505,5.49,0,,,,,16,9.0,ok
TIC 220457904,74.5082,-58.2083,5.5,0,,,,,44,8.6,ok
TIC 339962335,112.5747,-57.2103,5.5,0,,,,,25,8.6,ok
TIC 20547360,200.9876,-20.9247,5.5,0,,,,,3,3.0,ok
TIC 398316266,179.5632,-56.3173,5.5,0,,,,,6,5.6,ok
TIC 400481181,166.5482,-68.782,5.5,0,,,,,6,5.8,ok
TIC 345942372,193.2448,-14.6207,5.5,0,,,,,5,4.7,ok
TIC 412244837,190.5267,-54.7608,5.5,0,,,,,7,6.5,ok
TIC 67801852,185.7056,-57.6762,5.5,0,,,,,8,7.3,ok
TIC 141151953,80.6343,-73.8014,5.5,0,,,,,42,8.6,ok
TIC 453322830,148.8913,-77.2878,5.51,0,,,,,9,8.7,ok
TIC 163252251,172.8978,-44.7384,5.51,0,,,,,5,4.6,ok
TIC 49291873,205.0361,-27.5779,5.51,0,,,,,3,3.0,ok
TIC 349677777,112.2851,-63.2457,5.51,0,,,,,44,9.0,ok
TIC 41230564,91.7105,-67.2833,5.52,0,,,,,27,8.7,ok
TIC 176873735,100.9034,-73.1188,5.52,0,,,,,41,8.7,ok
TIC 242088840,201.8109,-40.1626,5.52,0,,,,,5,5.0,ok
TIC 454502643,171.0459,-72.2566,5.52,0,,,,,6,5.9,ok
TIC 453895689,153.6585,-68.2326,5.52,0,,,,,8,7.6,ok
TIC 91785988,171.5508,-51.3606,5.52,0,,,,,7,7.2,ok
TIC 167813113,104.7804,-60.8421,5.53,0,,,,,44,8.7,ok
TIC 297024771,186.956,-16.6318,5.53,0,,,,,5,5.1,ok
TIC 286507416,185.7962,-67.63,5.53,0,,,,,8,7.4,ok
TIC 220351632,155.12,-51.4498,5.53,0,,,,,6,5.6,ok
TIC 135371083,187.0934,-39.0412,5.53,0,,,,,5,5.0,ok
TIC 49194909,204.2013,-26.4951,5.53,0,,,,,2,2.3,ok
TIC 370227780,85.6709,-75.2504,5.54,0,,,,,44,8.4,ok
TIC 371686280,148.5357,-69.6232,5.54,0,,,,,8,7.8,ok
TIC 910280575,170.8388,-64.9547,5.54,0,,,,,1,1.6,ok
TIC 177075997,102.8625,-70.9633,5.54,0,,,,,43,8.7,ok
TIC 301005579,178.0417,-56.9875,5.54,0,,,,,6,5.8,ok
TIC 334220146,182.8793,-51.3597,5.54,0,,,,,6,5.6,ok
TIC 142324512,181.2997,-34.209,5.54,0,,,,,6,5.9,ok
TIC 261205462,87.5698,-79.361,5.54,0,,64.8,rejete,variabilite_continue;eclipse_secondaire,32,14.4,ok
TIC 324847564,177.3522,-60.4258,5.55,0,,,,,7,7.2,ok
TIC 41533313,93.728,-71.656,5.55,0,,,,,41,8.9,ok
TIC 397361078,175.3318,-43.0956,5.55,0,,,,,8,7.6,ok
TIC 258314976,182.2238,-44.3262,5.55,0,,,,,6,5.7,ok
TIC 467957174,169.8143,-64.5822,5.55,0,,,,,7,6.8,ok
TIC 30072900,196.7282,-37.5499,5.56,0,,,,,4,3.9,ok
TIC 464110897,155.5429,-58.2654,5.56,0,,,,,8,7.7,ok
TIC 468236215,170.4123,-60.9912,5.56,0,,,,,6,5.9,ok
TIC 454668455,173.9344,-72.8417,5.56,0,,,,,6,5.9,ok
TIC 335041228,201.5262,-16.8582,5.56,0,,,,,3,2.8,ok
TIC 55478023,71.2411,-63.2297,5.56,0,,,,,44,8.8,ok
TIC 453102450,116.1825,-66.0716,5.57,0,,,,,34,8.4,ok
TIC 176876294,100.2404,-71.7754,5.57,0,,,,,44,8.8,ok
TIC 323246065,130.3304,-78.9632,5.57,0,,39.5,rejete,variabilite_continue;eclipse_secondaire,11,15.6,ok
TIC 356302647,134.0713,-60.4719,5.57,0,,,,,10,9.1,ok
TIC 130722760,186.7153,-32.8303,5.57,0,,,,,4,4.0,ok
TIC 149347992,83.7392,-61.1762,5.57,0,,,,,43,8.6,ok
TIC 31799975,51.401,-69.336,5.57,0,,,,,22,8.9,ok
TIC 180172954,188.8692,-61.842,5.57,0,,,,,8,7.7,ok
TIC 99141741,183.7765,-29.2374,5.57,0,,,,,5,4.6,ok
TIC 307573730,126.8195,-70.0932,5.58,0,,,,,22,9.0,ok
TIC 270676778,87.6201,-52.7678,5.58,0,,,,,23,8.7,ok
TIC 340216929,114.0149,-57.2955,5.58,0,,,,,23,8.6,ok
TIC 372913375,119.5401,-60.8168,5.58,0,,,,,22,8.8,ok
TIC 107250426,204.2106,-34.468,5.58,0,,,,,4,3.8,ok
TIC 458834083,161.0834,-58.0648,5.58,0,,,,,7,7.1,ok
TIC 9438270,191.925,-29.7952,5.59,0,,,,,4,3.9,ok
TIC 364322720,87.8461,-64.0335,5.59,0,,,,,36,8.4,ok
TIC 405916953,192.6602,-58.1661,5.59,0,,,,,8,7.5,ok
TIC 463627948,154.2909,-55.9225,5.59,0,,,,,6,6.1,ok
TIC 405567801,191.8528,-59.6947,5.59,0,,13.7,rejete,variabilite_continue;eclipse_secondaire;compagnon_trop_gros_103.0Rjup,6,9.3,ok
TIC 305892425,178.7499,-63.2793,5.59,0,,,,,7,6.6,ok
TIC 300290824,110.2287,-71.5324,5.59,0,,,,,42,8.6,ok
TIC 332076204,179.2725,-52.1004,5.59,0,,,,,6,5.7,ok
TIC 73174531,189.7062,-42.4485,5.59,0,,,,,5,5.1,ok
TIC 167720039,103.4345,-65.9138,5.6,0,,,,,44,8.6,ok
TIC 381946417,183.0915,-62.9508,5.6,0,,,,,7,6.7,ok
TIC 55852584,75.9859,-65.0121,5.61,0,,,,,40,9.2,ok
TIC 998909912,195.1355,-33.5058,5.61,0,,,,,1,1.5,ok
TIC 389433788,85.9445,-67.6996,5.61,0,,,,,31,8.9,ok
TIC 457766442,158.1991,-58.6667,5.61,0,,,,,6,6.1,ok
TIC 423660485,202.372,-18.7292,5.61,0,,,,,4,3.7,ok
TIC 6079610,200.1881,-23.7637,5.61,0,,,,,3,3.0,ok
TIC 134653865,182.2274,-41.2316,5.61,0,,,,,6,5.5,ok
TIC 458533793,160.221,-57.9356,5.61,0,,,,,6,5.9,ok
TIC 462876889,152.4145,-56.6542,5.61,0,,,,,8,7.4,ok
TIC 457803940,158.3557,-58.1901,5.62,0,,,,,6,5.5,ok
TIC 162683152,170.6845,-42.948,5.62,0,,,,,7,7.0,ok
TIC 464459950,156.2467,-58.5763,5.62,0,,,,,7,6.5,ok
TIC 166236309,192.7409,-52.7875,5.62,1,3.1627,28.5,rejete,variabilite_continue;eclipse_secondaire,6,8.9,ok
TIC 167121012,95.9931,-68.6008,5.62,0,,,,,35,8.6,ok
TIC 464531488,156.5663,-54.5215,5.62,0,,,,,8,7.6,ok
TIC 306895522,122.2369,-71.7218,5.62,0,,,,,33,8.7,ok
TIC 380691628,182.119,-61.2507,5.62,0,,,,,8,7.7,ok
TIC 103916828,195.1355,-33.5057,5.62,0,,,,,5,4.9,ok
TIC 466739789,166.7563,-63.1187,5.62,0,,,,,8,7.8,ok
TIC 94017750,176.5581,-48.2098,5.63,0,,,,,6,5.6,ok
TIC 305693987,166.012,-54.1978,5.63,0,,,,,7,6.8,ok
TIC 461233317,202.7244,-41.6614,5.63,0,,,,,4,4.0,ok
TIC 375879953,152.3401,-61.5486,5.63,0,,,,,5,5.1,ok
TIC 439609547,143.4445,-54.0397,5.63,0,,,,,7,6.7,ok
TIC 124308044,197.8766,-35.1299,5.63,0,,,,,4,3.8,ok
TIC 124151115,196.7264,-35.8625,5.63,0,,,,,5,4.6,ok
TIC 363237221,145.9253,-53.8911,5.63,0,,,,,8,7.8,ok
TIC 461200033,181.554,-38.6757,5.63,0,,,,,5,5.0,ok
TIC 73301828,190.2895,-44.1012,5.63,0,,,,,5,5.0,ok
TIC 452314602,174.2896,-55.4636,5.63,0,,,,,6,6.4,ok
TIC 397149515,131.178,-74.788,5.63,0,,,,,14,9.2,ok
TIC 141482069,86.9504,-72.7021,5.63,0,,,,,42,8.7,ok
TIC 386905827,140.3253,-58.6827,5.64,0,,,,,8,8.0,ok
TIC 400631549,166.7075,-70.8779,5.64,0,,,,,5,5.5,ok
TIC 408555194,195.2947,-18.1225,5.64,0,,,,,5,4.7,ok
TIC 462035504,150.1433,-56.946,5.64,0,,,,,7,7.5,ok
TIC 375034557,99.5009,-61.533,5.64,0,,,,,39,8.0,ok
TIC 382510863,117.4781,-60.0514,5.64,0,,,,,23,8.6,ok
TIC 419693778,191.5226,-54.6122,5.64,0,,,,,7,6.6,ok
TIC 310539654,128.8197,-63.4414,5.65,0,,,,,11,9.2,ok
TIC 415783554,184.611,-20.8098,5.65,0,,,,,5,4.8,ok
TIC 458858205,161.2388,-59.9351,5.65,0,,,,,8,8.3,ok
TIC 437279730,141.3304,-54.4638,5.65,0,,,,,8,8.1,ok
TIC 151941232,168.8719,-41.0572,5.65,0,,,,,5,5.0,ok
TIC 21113446,186.6948,-48.9137,5.65,0,,,,,5,4.9,ok
TIC 286910068,190.4547,-19.759,5.65,0,,,,,4,4.1,ok
TIC 273314616,185.6944,-52.2931,5.65,0,,,,,4,4.0,ok
TIC 464907793,160.0474,-65.1001,5.65,0,,,,,7,7.5,ok
TIC 371240230,146.8494,-69.572,5.65,0,,,,,9,8.4,ok
TIC 294747615,70.7667,-70.9308,5.65,0,,,,,43,8.9,ok
TIC 309151373,123.9359,-60.0571,5.66,0,,,,,15,8.7,ok
TIC 170659914,186.05,-35.6338,5.66,0,,,,,3,3.2,ok
TIC 167554964,101.1841,-61.2242,5.66,0,,,,,39,8.7,ok
TIC 349371980,109.8846,-61.1449,5.66,0,,,,,44,8.7,ok
TIC 163653342,191.348,-48.1704,5.66,0,,,,,7,6.5,ok
TIC 138998040,151.5295,-52.1878,5.66,0,,,,,6,5.8,ok
TIC 374426637,150.5003,-60.4209,5.67,0,,,,,7,6.9,ok
TIC 311372693,181.2513,-70.0022,5.67,0,,,,,7,6.9,ok
TIC 459774409,163.655,-55.619,5.67,0,,,,,7,6.9,ok
TIC 282092032,135.0211,-75.7256,5.67,0,,,,,12,9.1,ok
TIC 259850442,153.3661,-51.7558,5.67,0,,,,,7,6.8,ok
TIC 31929199,53.971,-69.1929,5.67,0,,,,,21,9.1,ok
TIC 306415958,179.3575,-61.1234,5.67,0,,,,,7,7.3,ok
TIC 458856474,161.1405,-59.7376,5.67,0,,,,,6,5.8,ok
TIC 373916957,81.7493,-68.6228,5.67,0,,,,,38,9.5,ok
TIC 359822522,141.362,-61.9502,5.67,0,,,,,9,8.6,ok
TIC 147188238,162.1721,-47.7497,5.68,0,,,,,8,7.2,ok
TIC 434362356,191.0672,-61.9392,5.68,0,,,,,7,7.2,ok
TIC 317937518,172.8126,-61.2785,5.68,0,,,,,4,4.2,ok
TIC 381628679,182.7698,-61.2775,5.68,0,,,,,8,7.3,ok
TIC 167656187,102.5043,-60.2485,5.68,0,,,,,40,8.8,ok
TIC 82102591,168.522,-48.6005,5.68,0,,,,,8,7.7,ok
TIC 237940785,59.7178,-65.8814,5.68,0,,,,,38,8.9,ok
TIC 9561716,193.1846,-26.0034,5.68,0,,,,,4,4.0,ok
TIC 72593890,208.5668,-28.7433,5.68,0,,,,,3,3.1,ok
TIC 451346424,171.1003,-55.138,5.68,0,,,,,6,6.2,ok
TIC 459004497,161.4338,-59.4078,5.68,0,,,,,6,5.8,ok
TIC 273394199,186.2869,-48.3091,5.69,0,,,,,6,5.7,ok
TIC 220436223,73.7221,-58.5473,5.69,0,,,,,44,8.9,ok
TIC 453782421,199.308,-43.9795,5.69,0,,,,,5,5.4,ok
TIC 287868987,127.9358,-74.855,5.69,0,,,,,18,8.8,ok
TIC 319935087,174.5412,-63.1968,5.7,0,,,,,5,5.0,ok
TIC 22029931,182.762,-45.4229,5.7,0,,,,,6,5.6,ok
TIC 463445768,153.7804,-55.5492,5.7,0,,,,,8,8.1,ok
TIC 321457468,175.5786,-60.9618,5.7,0,,,,,7,7.8,ok
TIC 434513165,189.6851,-18.25,5.7,0,,,,,4,4.3,ok
TIC 181861664,190.15,-14.0998,5.7,0,,,,,6,5.5,ok
TIC 122091954,132.902,-57.6335,5.7,0,,,,,10,9.0,ok
TIC 178887276,195.0128,-36.1824,5.71,0,,,,,5,5.1,ok
TIC 245074237,198.0295,-50.0666,5.71,0,,,,,8,7.5,ok
TIC 165904594,192.4648,-50.3239,5.71,0,,,,,6,5.8,ok
TIC 339890862,112.0476,-58.0728,5.71,0,,,,,?,149.6,timeout
TIC 150431920,97.4175,-61.2419,5.71,0,,,,,43,8.5,ok
TIC 454789862,176.218,-73.1505,5.71,0,,,,,5,5.3,ok
TIC 179486821,187.9832,-63.5058,5.71,0,,,,,7,6.8,ok
TIC 164293200,191.6904,-49.2684,5.71,0,,,,,7,6.4,ok
TIC 438692243,202.4246,-46.1836,5.72,0,,,,,6,6.2,ok
TIC 415839463,197.1632,-23.1068,5.72,0,,,,,3,3.1,ok
TIC 390760531,160.9632,-64.2491,5.72,0,,,,,7,7.0,ok
TIC 279476396,105.2707,-58.9391,5.72,0,,,,,43,8.9,ok
TIC 356837591,135.3283,-64.9241,5.72,0,,,,,11,9.8,ok
TIC 437328114,207.5613,-20.8693,5.72,0,,,,,3,3.0,ok
TIC 463103957,152.9435,-58.0605,5.72,0,,,,,8,7.5,ok
TIC 460874627,158.9681,-60.04,5.73,0,,,,,6,5.9,ok
TIC 15633716,185.5937,-52.9918,5.73,0,,,,,5,4.9,ok
TIC 309523447,184.5702,-62.6409,5.73,0,,,,,8,7.4,ok
TIC 102174732,195.4415,-39.616,5.73,0,,,,,4,3.8,ok
TIC 335630673,199.3821,-15.5484,5.74,0,,,,,3,3.2,ok
TIC 306548914,179.4164,-62.4488,5.74,0,,,,,7,7.1,ok
TIC 294377819,169.0328,-68.1983,5.74,0,,,,,6,6.2,ok
TIC 307291308,125.0019,-71.5052,5.74,0,,,,,28,9.3,ok
TIC 911984593,160.9631,-64.249,5.75,0,,,,,1,1.5,ok
TIC 41232189,91.5393,-66.0395,5.75,0,,,,,27,9.3,ok
TIC 461203071,181.6575,-37.8601,5.75,0,,,,,5,4.9,ok
TIC 303810866,164.5202,-55.7838,5.75,0,,,,,8,7.6,ok
TIC 469247903,148.6412,-58.4213,5.75,0,,,,,5,5.0,ok
TIC 279510954,105.5071,-59.4606,5.75,0,,,,,43,8.9,ok
TIC 219956968,208.6324,-22.2455,5.75,0,,,,,3,2.9,ok
TIC 150392584,96.6382,-60.5573,5.75,0,,,,,44,8.7,ok
TIC 319500462,174.1451,-61.6098,5.75,0,,,,,5,5.0,ok
TIC 372850543,98.193,-61.8277,5.75,0,,,,,28,8.8,ok
TIC 391901960,115.7164,-71.5418,5.76,0,,,,,43,8.9,ok
TIC 310883625,185.3379,-62.2816,5.76,0,,,,,8,7.2,ok
TIC 411469734,179.5187,-70.4516,5.76,0,,,,,6,5.9,ok
TIC 429358056,183.9537,-22.0558,5.76,0,,,,,5,4.7,ok
TIC 376564001,180.7612,-55.1953,5.76,0,,,,,7,6.5,ok
TIC 120856811,164.2823,-50.7649,5.76,0,,19.6,rejete,variabilite_continue;eclipse_secondaire;compagnon_trop_gros_2.1Rjup,8,13.1,ok
TIC 73649979,191.9914,-45.1733,5.76,0,,,,,2,2.3,ok
TIC 398627604,180.1589,-57.6182,5.76,0,,,,,7,6.7,ok
TIC 917747168,175.1541,-62.5681,5.77,0,,,,,2,2.5,ok
TIC 453472305,188.0414,-27.5662,5.77,0,,,,,4,4.0,ok
TIC 72510218,207.8309,-24.3922,5.77,0,,,,,3,3.1,ok
TIC 140690428,73.2726,-72.4061,5.78,0,,,,,42,8.7,ok
TIC 302591641,134.2856,-71.0169,5.78,0,,,,,7,6.8,ok
TIC 55501960,72.196,-60.259,5.78,0,,,,,40,8.6,ok
TIC 38469670,61.8427,-64.2204,5.78,0,,,,,42,9.0,ok
TIC 244934834,196.9091,-53.4599,5.78,0,,,,,6,5.8,ok
TIC 385354234,196.465,-14.1121,5.78,0,,,,,4,3.8,ok
TIC 119922044,162.5716,-49.1124,5.78,0,,,,,6,5.9,ok
TIC 384769074,136.8276,-57.4636,5.78,0,,,,,6,5.8,ok
TIC 243177869,202.844,-42.4648,5.78,0,,,,,4,4.0,ok
TIC 408554358,195.3066,-20.7776,5.78,0,,,,,3,3.1,ok
TIC 442654378,146.4809,-58.7934,5.79,0,,,,,7,6.9,ok
TIC 130710969,186.3401,-35.1865,5.79,0,,,,,3,3.1,ok
TIC 457349679,157.1999,-57.2329,5.79,0,,,,,7,6.6,ok
TIC 287954622,128.9477,-77.0008,5.79,0,,,,,11,9.5,ok
TIC 307435661,125.8555,-70.2486,5.79,0,,,,,26,9.1,ok
TIC 245177563,198.6802,-53.28,5.79,0,,,,,5,4.6,ok
TIC 307492324,126.5113,-71.0769,5.79,0,,,,,24,8.8,ok
TIC 454710006,174.8542,-72.5602,5.79,0,,,,,6,6.1,ok
TIC 437297481,191.4691,-21.7683,5.79,0,,,,,4,3.9,ok
TIC 451119853,170.565,-58.3863,5.79,0,,,,,7,6.7,ok
TIC 372959857,152.8025,-67.8923,5.79,0,,,,,7,6.5,ok
TIC 181240055,174.9933,-38.1085,5.79,0,,,,,7,6.3,ok
TIC 998618819,186.3403,-35.1865,5.79,0,,,,,1,1.5,ok
TIC 25485058,192.9865,-35.0824,5.8,0,,,,,5,4.7,ok
TIC 287675512,198.5829,-42.8524,5.8,0,,,,,4,4.0,ok
TIC 307697238,179.9536,-62.8316,5.8,0,,,,,7,6.7,ok
TIC 436267716,193.4538,-60.3762,5.8,0,,,,,8,7.4,ok
TIC 279511712,105.8128,-59.178,5.8,0,,,,,43,9.2,ok
TIC 320723172,175.0673,-62.4324,5.8,0,,,,,5,5.0,ok
TIC 30992795,201.096,-38.0335,5.8,0,,,,,4,3.9,ok
TIC 297549444,180.4359,-69.198,5.8,0,,,,,6,5.8,ok
TIC 253394683,196.6573,-54.5059,5.8,0,,,,,6,5.6,ok
TIC 146758127,160.5916,-47.2204,5.8,0,,,,,7,6.6,ok
TIC 260192754,93.4185,-56.9185,5.8,0,,,,,42,9.1,ok
TIC 376380463,179.3911,-57.9481,5.8,0,,,,,5,4.9,ok
TIC 375228785,134.2327,-73.9218,5.8,0,,,,,12,9.5,ok
TIC 130790372,187.2843,-34.8346,5.8,0,,,,,4,4.0,ok
TIC 323169512,128.3987,-80.1587,5.8,0,,,,,10,9.4,ok
TIC 130867823,187.9111,-30.9819,5.8,0,,,,,4,3.8,ok
TIC 92702180,173.764,-53.2421,5.8,0,,,,,5,5.1,ok
TIC 228760810,194.1871,-27.3819,5.8,0,,,,,3,3.0,ok
TIC 459164984,162.0224,-59.9191,5.81,0,,,,,8,7.4,ok
TIC 449486081,161.1094,-72.4432,5.81,0,,,,,5,5.1,ok
TIC 308616873,121.6502,-63.5156,5.81,0,,,,,23,9.2,ok
TIC 101872152,206.4032,-26.1161,5.81,0,,,,,3,3.0,ok
TIC 361741243,144.7079,-64.4889,5.81,0,,,,,9,8.2,ok
TIC 350346371,84.6071,-54.9542,5.81,0,,,,,39,8.6,ok
TIC 260640910,97.9929,-58.7538,5.81,0,,,,,44,8.8,ok
TIC 300328258,110.7775,-70.6365,5.82,0,,,,,41,8.7,ok
TIC 412434568,192.8993,-58.4846,5.82,0,,,,,8,8.4,ok
TIC 399779605,165.1579,-66.0301,5.82,0,,,,,4,4.3,ok
TIC 379547687,181.2854,-61.1797,5.82,0,,,,,7,6.7,ok
TIC 458924632,161.3731,-55.7914,5.83,0,,,,,7,6.7,ok
TIC 453804199,160.2727,-73.2834,5.83,0,,,,,3,3.4,ok
TIC 372813812,152.3756,-68.6827,5.83,0,,,,,7,6.8,ok
TIC 375128898,151.4343,-61.1723,5.83,0,,,,,6,6.2,ok
TIC 72760821,188.4127,-44.184,5.83,0,,,,,4,4.0,ok
TIC 393474846,167.7086,-45.5844,5.83,0,,,,,7,6.7,ok
TIC 448695689,182.0805,-34.6749,5.83,0,,,,,6,5.7,ok
TIC 244871504,196.6353,-51.0495,5.83,0,,,,,6,5.7,ok
TIC 323292655,130.8,-79.0699,5.83,0,,,,,10,9.4,ok
TIC 917004504,178.7499,-63.2792,5.84,0,,,,,1,1.6,ok
TIC 178357965,164.407,-45.8759,5.84,0,,,,,6,5.6,ok
TIC 124148366,196.6575,-31.6121,5.84,0,,,,,5,4.8,ok
TIC 134971152,184.3945,-40.0045,5.84,0,,,,,4,4.1,ok
TIC 300865934,117.4208,-66.196,5.84,0,,,,,40,8.9,ok
TIC 438572733,142.4023,-58.299,5.84,0,,,,,7,6.7,ok
TIC 355379702,131.1239,-65.8248,5.84,0,,,,,13,9.8,ok
TIC 32146574,203.0111,-18.729,5.84,0,,,,,4,4.0,ok
TIC 412187339,190.5886,-58.4685,5.84,0,,,,,6,5.9,ok
TIC 31867144,52.7157,-66.4897,5.84,0,,,,,19,9.5,ok
TIC 6177637,210.9711,-22.4216,5.85,0,,,,,4,3.6,ok
TIC 381949031,76.3481,-57.1951,5.85,0,,,,,43,8.5,ok
TIC 219427489,80.3464,-51.5751,5.85,0,,,,,13,8.7,ok
TIC 373943437,149.7738,-63.3456,5.85,0,,,,,8,7.5,ok
TIC 282048639,132.4587,-72.5512,5.85,0,,,,,13,9.2,ok
TIC 83207850,188.9952,-20.5278,5.85,0,,,,,4,3.9,ok
TIC 457835140,158.3129,-55.3869,5.85,0,,,,,7,6.8,ok
TIC 243237779,203.661,-42.2848,5.85,0,,,,,6,5.9,ok
TIC 307259792,179.8255,-61.2536,5.85,0,,,,,6,5.8,ok
TIC 411307910,183.217,-59.6553,5.85,0,,,,,8,7.4,ok
TIC 443790063,147.1126,-57.6586,5.85,0,,,,,5,4.9,ok
TIC 449943819,168.3782,-59.6193,5.85,0,,,,,7,6.5,ok
TIC 410585410,176.9225,-67.6923,5.85,0,,,,,7,6.6,ok
TIC 57795673,174.9395,-34.9821,5.86,0,,,,,7,6.5,ok
TIC 253319385,195.9035,-56.6453,5.86,0,,,,,8,7.4,ok
TIC 450441713,186.1765,-60.9041,5.86,0,,,,,7,6.5,ok
TIC 356095496,133.4526,-60.3539,5.86,0,,,,,?,964.9,timeout
TIC 463472968,153.8116,-54.4783,5.86,0,,,,,?,278.1,timeout
TIC 737163462,96.1106,-63.4295,5.87,0,,,,,9,8.3,ok
TIC 152597296,172.4256,-38.4569,5.87,0,,,,,8,7.4,ok
TIC 306410072,179.4424,-60.4513,5.87,0,,,,,?,143.3,timeout
TIC 131003697,189.0337,-33.7462,5.87,0,,,,,?,275.4,timeout
TIC 275591731,179.1819,-47.0722,5.87,0,,,,,6,5.6,ok
TIC 163353565,173.27,-44.7706,5.87,0,,,,,4,4.0,ok
TIC 389672830,86.8427,-67.7581,5.87,0,,,,,30,8.9,ok
TIC 281924940,129.6536,-74.0733,5.87,0,,,,,15,9.2,ok
TIC 163081394,172.2315,-43.4793,5.87,0,,,,,6,5.7,ok
TIC 30722080,75.3867,-68.0286,5.87,0,,,,,31,8.5,ok
TIC 176930969,100.4258,-71.2176,5.88,0,,,,,29,8.7,ok
TIC 46107485,132.0582,-57.6583,5.88,0,,,,,10,8.7,ok
TIC 97970603,199.5971,-28.333,5.88,0,,,,,2,2.5,ok
TIC 150357613,96.1106,-63.4295,5.88,0,,,,,40,9.4,ok
TIC 135225667,185.936,-38.9115,5.88,0,,,,,5,5.1,ok
TIC 9524429,192.9906,-26.7381,5.88,0,,,,,2,2.5,ok
TIC 425433239,200.969,-47.8907,5.88,0,,,,,6,5.8,ok
TIC 377948572,154.7352,-61.3827,5.88,0,,,,,7,6.5,ok
TIC 306844182,166.9888,-58.2906,5.88,0,,,,,6,6.1,ok
TIC 459704279,163.2846,-57.822,5.89,0,,,,,8,7.5,ok
TIC 350295877,83.4355,-54.9022,5.89,0,,,,,39,8.6,ok
TIC 300039724,107.8201,-70.1189,5.89,0,,,,,41,8.8,ok
TIC 204699050,185.75,-24.871,5.89,0,,,,,5,6.2,ok
TIC 260266504,94.0777,-59.2154,5.89,0,,,,,39,8.4,ok
TIC 294327531,108.9149,-58.8055,5.89,0,,,,,31,8.9,ok
TIC 951649596,192.9905,-26.7381,5.89,0,,,,,1,1.7,ok
TIC 383514377,134.5928,-59.2198,5.9,0,,,,,8,7.4,ok
TIC 253182472,195.0836,-58.8777,5.9,0,,,,,8,7.7,ok
TIC 134812686,183.3541,-38.9293,5.9,0,,,,,6,6.3,ok
TIC 362668826,146.232,-64.6534,5.9,0,,,,,5,5.1,ok
TIC 178450817,164.9969,-43.8071,5.91,0,,,,,7,6.5,ok
TIC 349188091,205.4333,-19.1365,5.91,0,,,,,3,3.0,ok
TIC 303301814,159.6787,-49.7421,5.91,0,,,,,6,6.1,ok
TIC 73081785,189.6868,-45.2463,5.91,0,,,,,4,4.9,ok
TIC 134754537,182.6413,-37.8705,5.91,0,,,,,6,6.2,ok
TIC 371379078,147.4771,-68.4192,5.91,0,,,,,9,8.2,ok
TIC 454543924,172.0762,-72.474,5.91,0,,,,,6,5.7,ok
TIC 451090601,170.5615,-56.6027,5.91,0,,,,,6,5.8,ok
TIC 220418532,71.7788,-59.137,5.91,0,,,,,44,8.6,ok
TIC 177077420,103.153,-70.5099,5.91,0,,,,,31,8.9,ok
TIC 177354054,104.3344,-75.9877,5.92,0,,,,,31,8.9,ok
TIC 322994618,176.1628,-60.8506,5.92,0,,,,,5,5.0,ok
TIC 452468734,139.3642,-74.7344,5.92,0,,,,,12,9.2,ok
TIC 399025895,198.347,-50.6999,5.92,0,,,,,8,24.7,ok
TIC 405619285,191.1785,-17.7785,5.92,0,,,,,3,18.3,ok
TIC 2455538,193.7792,-13.4528,5.92,0,,,,,4,12.3,ok
TIC 72749322,209.3212,-28.6352,5.92,0,,,,,3,12.6,ok
TIC 124450683,198.7261,-34.6318,5.92,0,,,,,4,10.9,ok
TIC 317534639,172.6674,-62.7865,5.92,0,,,,,5,8.7,ok
TIC 31747041,49.497,-66.9268,5.93,0,,,,,16,8.9,ok
TIC 304302401,141.9529,-71.7809,5.93,0,,,,,10,9.3,ok
TIC 177034802,102.6051,-69.9863,5.93,0,,,,,37,8.6,ok
TIC 452531544,141.2516,-77.2522,5.93,0,,,,,7,13.4,ok
TIC 450719149,186.8532,-63.789,5.93,0,,,,,8,18.1,ok
TIC 360199591,141.6829,-64.9293,5.93,0,,,,,?,965.4,timeout
TIC 319638864,174.5873,-60.6541,5.93,0,,,,,?,146.1,timeout
TIC 404932577,85.3123,-68.7702,5.93,0,,,,,26,20.4,ok
TIC 381950979,76.6023,-56.2314,5.93,0,,,,,36,19.1,ok
TIC 364398342,119.7106,-60.8244,5.93,0,,,,,22,11.3,ok
TIC 290676048,174.093,-61.0524,5.93,0,,,,,7,18.4,ok
TIC 228697180,193.7951,-24.9557,5.93,0,,,,,3,13.2,ok
TIC 333292021,181.2639,-51.1914,5.94,0,,,,,5,8.3,ok
TIC 81699853,167.8643,-48.8516,5.94,0,,,,,7,9.0,ok
TIC 437676607,141.7221,-54.3517,5.94,0,,,,,?,151.5,timeout
TIC 170459141,184.3734,-34.5051,5.94,0,,,,,?,143.2,timeout
TIC 144771989,192.3433,-40.7751,5.94,0,,,,,4,9.0,ok
TIC 296692636,176.3308,-65.9925,5.94,0,,,,,6,8.7,ok
TIC 460199632,156.8542,-65.7045,5.95,0,,,,,6,8.2,ok
TIC 466578432,166.1627,-65.5726,5.95,0,,,,,5,9.2,ok
TIC 410978510,178.218,-69.8841,5.95,0,,,,,6,11.4,ok
TIC 46267191,132.1125,-58.2269,5.95,0,,,,,10,13.3,ok
TIC 355540181,131.736,-65.2468,5.95,0,,,,,9,10.3,ok
TIC 451132596,187.8838,-61.1163,5.95,0,,,,,7,9.5,ok
TIC 140580875,68.5643,-73.2084,5.95,0,,,,,35,12.2,ok
TIC 306996173,178.6051,-37.7486,5.95,0,,,,,6,5.7,ok
TIC 267521367,176.0609,-58.4414,5.95,0,,16.6,rejete,variabilite_continue;eclipse_secondaire;compagnon_trop_gros_19.1Rjup,4,6.5,ok
TIC 235061209,83.6033,-52.6288,5.95,0,,,,,13,8.8,ok
TIC 150393390,96.7999,-60.7285,5.96,0,,,,,44,8.8,ok
TIC 150437899,97.5126,-65.5679,5.96,0,,,,,38,8.7,ok
TIC 93225610,174.8458,-51.4246,5.96,0,,,,,5,5.1,ok
TIC 22457387,186.8112,-18.4117,5.96,0,,,,,5,4.9,ok
TIC 381750385,182.8116,-64.4368,5.96,0,,,,,7,7.3,ok
TIC 125421794,209.7656,-18.6229,5.96,0,,,,,3,2.8,ok
TIC 350334336,84.0902,-57.4577,5.96,0,,,,,31,8.8,ok
TIC 464881703,159.8566,-61.085,5.96,0,,,,,6,6.2,ok
TIC 378035923,154.7703,-64.676,5.96,0,,,,,8,8.9,ok
TIC 83113252,188.3425,-19.7926,5.96,0,,,,,5,4.8,ok
TIC 149630160,87.402,-60.6762,5.96,0,,,,,38,9.1,ok
TIC 309704722,79.6829,-62.985,5.96,0,,,,,30,8.9,ok
TIC 356527812,134.6919,-64.5305,5.96,0,,,,,11,9.3,ok
TIC 97974794,199.742,-28.785,5.96,0,,,,,2,2.3,ok
TIC 163089822,172.5029,-44.6907,5.97,0,,,,,5,4.9,ok
TIC 204698580,185.6105,-24.2366,5.97,0,,,,,4,4.0,ok
TIC 461269698,203.2093,-36.8536,5.97,0,,,,,4,4.0,ok
TIC 144111199,188.1928,-38.077,5.97,0,,,,,2,2.4,ok
TIC 766092864,105.8128,-59.178,5.97,0,,,,,10,8.9,ok
TIC 467275307,168.0994,-60.3787,5.97,0,,,,,5,5.1,ok
TIC 333922671,182.4442,-51.7839,5.97,0,,,,,5,6.7,ok
TIC 300739338,115.126,-69.846,5.97,0,,,,,32,11.8,ok
TIC 339769900,111.0381,-58.4911,5.97,0,,,,,33,11.3,ok
TIC 165323000,179.4293,-37.6507,5.98,0,,,,,6,6.8,ok
TIC 297549461,180.6564,-69.1923,5.98,0,,,,,6,6.9,ok
TIC 245254490,199.0534,-52.415,5.98,0,,,,,7,8.3,ok
TIC 397726678,159.2551,-71.6914,5.98,0,,,,,6,6.7,ok
TIC 273049537,170.7278,-50.7867,5.98,0,,,,,6,7.3,ok
TIC 453483931,195.121,-43.0884,5.98,0,,,,,3,3.8,ok
TIC 438638623,202.089,-44.2799,5.99,0,,,,,5,5.9,ok
TIC 323521281,134.8521,-78.0925,5.99,0,,,,,7,10.1,ok
TIC 67208897,181.6552,-55.0708,5.99,0,,,,,6,7.2,ok
TIC 397268374,174.6988,-47.8513,5.99,0,,,,,6,7.4,ok
TIC 21106378,186.7442,-52.703,5.99,0,,,,,5,6.0,ok
TIC 458856322,161.0432,-59.7197,5.99,0,,,,,7,8.3,ok
TIC 458339405,159.7911,-54.8612,5.99,0,,,,,5,6.1,ok
TIC 375629423,178.5478,-57.4102,5.99,0,,,,,6,6.8,ok
TIC 425587465,206.3192,-33.2735,5.99,0,,,,,3,4.1,ok
TIC 405663562,191.6259,-15.4405,5.99,0,,,,,5,6.0,ok
TIC 72687414,209.1304,-27.6381,5.99,0,,,,,3,3.7,ok
TIC 361060107,143.4322,-60.6276,6.0,0,,,,,7,8.6,ok
TIC 149250753,82.5662,-63.9273,6.0,0,,81.0,rejete,variabilite_continue;eclipse_secondaire,43,16.1,ok
TIC 297060389,178.6862,-66.3766,6.0,0,,,,,6,7.6,ok
TIC 165377279,179.584,-40.9471,6.0,0,,,,,6,6.8,ok
TIC 451832923,172.6065,-59.6273,6.0,0,,,,,6,7.3,ok
TIC 333290117,181.3338,-50.2706,6.0,0,,,,,5,5.8,ok
TIC 32052027,57.2515,-69.8786,6.0,0,,,,,38,11.5,ok
TIC 374690426,150.7497,-60.1787,6.0,0,,,,,7,8.4,ok
TIC 257720503,78.3273,-59.5855,6.0,0,,,,,32,11.3,ok
TIC 308745715,122.0537,-61.0773,6.0,0,,,,,14,11.5,ok
TIC 459206534,162.1607,-57.6729,6.01,0,,,,,3,3.7,ok
TIC 58715528,203.1431,-29.5652,6.01,0,,,,,3,3.5,ok
TIC 940976828,173.4043,-40.5865,6.02,0,,,,,2,2.6,ok
TIC 342503860,124.4817,-59.167,6.02,0,,,,,13,11.3,ok
TIC 80302288,165.0339,-51.8178,6.02,0,,,,,8,9.0,ok
TIC 437327743,207.6439,-19.8979,6.03,0,,,,,3,3.7,ok
TIC 458202449,159.5108,-57.2563,6.03,2,2.893;2.9046,15.7,rejete,variabilite_continue;eclipse_secondaire,7,12.5,ok
TIC 311380607,181.1614,-68.329,6.03,0,,,,,6,8.0,ok
TIC 261136000,83.9009,-78.8207,6.04,0,,48.8,rejete,variabilite_continue;eclipse_secondaire;compagnon_trop_gros_2.5Rjup,27,15.3,ok
TIC 453750774,196.2773,-47.1171,6.05,0,,,,,2,3.0,ok
TIC 450784713,187.0797,-64.3411,6.05,0,,,,,6,8.0,ok
TIC 142328358,181.5211,-32.9624,6.05,0,,,,,3,3.7,ok
TIC 322422655,175.9703,-62.8784,6.05,0,,,,,6,7.5,ok
TIC 149248196,82.1875,-65.4478,6.05,0,,,,,36,11.5,ok
TIC 122258932,133.2655,-56.6493,6.06,0,,,,,10,11.6,ok
TIC 111834730,208.0038,-31.6193,6.06,0,,,,,4,4.7,ok
TIC 342754262,125.3004,-57.9732,6.06,0,,,,,12,11.7,ok
TIC 308769611,184.2757,-65.693,6.07,0,,,,,8,9.4,ok
TIC 41533357,93.7748,-71.7024,6.07,0,,,,,41,11.4,ok
TIC 120229621,162.973,-49.1579,6.07,0,,,,,7,7.9,ok
TIC 412298784,190.707,-55.947,6.08,0,,,,,7,8.4,ok
TIC 412300810,190.7879,-56.1763,6.08,0,,,,,7,8.4,ok
TIC 349096525,108.0083,-63.1901,6.08,0,,,,,26,12.0,ok
TIC 463556278,154.013,-59.9033,6.08,0,,18.7,rejete,variabilite_continue,7,13.2,ok
TIC 462744207,152.0755,-58.1987,6.08,0,,,,,7,8.2,ok
TIC 231824922,86.617,-53.2202,6.08,0,,,,,26,11.3,ok
TIC 228758232,194.1256,-26.4604,6.09,0,,,,,3,3.9,ok
TIC 124401411,198.183,-31.8752,6.09,0,,,,,5,6.7,ok
TIC 279360385,104.6513,-56.395,6.09,0,,,,,36,11.7,ok
TIC 167814656,104.9966,-61.3346,6.1,0,,,,,44,12.2,ok
TIC 144921815,192.987,-39.6805,6.11,0,,,,,4,5.6,ok
TIC 135176716,185.9029,-39.3023,6.11,0,,13.0,rejete,variabilite_continue;eclipse_secondaire,4,6.6,ok
TIC 733027940,82.1875,-65.4477,6.11,0,,,,,10,11.0,ok
TIC 386016946,138.8233,-58.3884,6.12,0,,,,,10,11.9,ok
TIC 372651864,151.7485,-71.4782,6.12,0,,,,,8,10.8,ok
TIC 459329261,162.3516,-59.3238,6.12,0,,,,,7,8.2,ok
TIC 135165545,185.688,-39.1786,6.12,0,,,,,5,6.2,ok
TIC 463230082,153.2546,-59.9181,6.13,0,,,,,5,6.6,ok
TIC 142006351,178.3611,-35.0668,6.13,0,,,,,6,7.4,ok
TIC 22102358,182.8705,-44.2831,6.13,0,,,,,6,7.0,ok
TIC 379870355,181.4733,-65.5469,6.13,0,,,,,5,6.2,ok
TIC 453628517,156.1849,-73.9717,6.13,0,,,,,5,6.1,ok
TIC 80937975,166.2668,-49.3922,6.13,0,,,,,6,7.0,ok
TIC 180173870,188.8742,-61.7409,6.14,0,,,,,5,6.6,ok
TIC 441435570,145.4496,-55.2137,6.15,0,,,,,8,9.6,ok
TIC 846550616,146.778,-65.0728,6.15,0,,,,,3,4.1,ok
TIC 101969923,205.2688,-34.4651,6.15,0,,,,,4,5.0,ok
TIC 141411201,84.2613,-73.7,6.15,0,,,,,42,11.9,ok
TIC 6115428,200.3736,-19.4893,6.16,0,,,,,4,4.8,ok
TIC 38602305,64.4179,-63.2552,6.16,0,,,,,43,11.1,ok
TIC 2471579,193.9717,-15.327,6.18,0,,,,,4,5.0,ok
TIC 134977626,184.4466,-36.094,6.18,0,,,,,5,6.1,ok
TIC 398765285,180.371,-57.5039,6.19,0,,,,,7,8.1,ok
TIC 142085842,98.5101,-77.688,6.19,0,,,,,42,11.1,ok
TIC 382147200,80.5922,-56.1343,6.19,0,,,,,29,11.8,ok
TIC 245338260,199.6451,-51.2859,6.19,0,,18.4,rejete,variabilite_continue;eclipse_secondaire,6,9.5,ok
TIC 384261503,136.1996,-57.8524,6.19,0,,61.6,rejete,variabilite_continue;eclipse_secondaire;compagnon_trop_gros_2.0Rjup,5,7.8,ok
TIC 142392159,181.8963,-31.4112,6.19,0,,,,,5,6.3,ok
TIC 429357696,183.9444,-23.3541,6.2,0,,,,,5,6.1,ok
TIC 243215335,203.3717,-43.4229,6.2,0,,,,,5,6.3,ok
TIC 144506852,190.8596,-40.1779,6.2,0,,,,,4,5.0,ok
TIC 165558925,180.8989,-39.0093,6.2,0,,,,,2,2.6,ok
TIC 397177642,157.5363,-66.9846,6.2,0,,,,,3,3.6,ok
TIC 303519120,164.4507,-59.7322,6.21,0,,,,,8,9.9,ok
TIC 453099404,116.0535,-69.8216,6.21,0,,,,,44,11.1,ok
TIC 29987134,72.8356,-68.0693,6.22,0,,,,,43,11.6,ok
TIC 231725691,81.1928,-52.3164,6.22,0,,,,,11,11.4,ok
TIC 272427921,119.8156,-73.2443,6.22,0,,,,,29,11.6,ok
TIC 441834730,207.5268,-29.0815,6.23,0,,,,,4,5.0,ok
TIC 30701850,199.9903,-41.1906,6.23,0,,,,,3,3.5,ok
TIC 290532163,173.8049,-60.8947,6.23,0,,,,,4,5.3,ok
TIC 374861869,88.5497,-64.4819,6.23,0,,,,,25,11.3,ok
TIC 384642833,136.6417,-55.8024,6.23,0,,,,,6,7.1,ok
TIC 165909249,192.5808,-48.4595,6.23,0,,,,,5,6.2,ok
TIC 181152530,174.1695,-37.2372,6.24,0,,,,,7,8.5,ok
TIC 310555052,185.117,-65.8427,6.25,0,,,,,8,9.6,ok
TIC 374859347,88.517,-60.0238,6.25,0,,,,,42,11.3,ok
TIC 142110847,179.2652,-33.3155,6.25,0,,,,,5,5.9,ok
TIC 132916101,149.2955,-52.6388,6.25,0,,,,,5,6.0,ok
TIC 358509793,119.3031,-63.2967,6.25,0,,,,,21,10.9,ok
TIC 72855589,210.1503,-26.2674,6.26,0,,,,,3,3.7,ok
TIC 162261928,169.1141,-45.8796,6.26,0,,,,,7,8.9,ok
TIC 288529330,191.6268,-11.8122,6.26,0,,,,,4,5.0,ok
TIC 391522539,161.5706,-60.6028,6.26,0,,,,,5,6.1,ok
TIC 332167674,179.5639,-47.9776,6.26,0,,,,,6,7.3,ok
TIC 382515892,183.5704,-64.4085,6.26,0,,,,,7,8.4,ok
TIC 433365142,182.9094,-54.4176,6.27,0,,,,,3,4.1,ok
TIC 103916576,195.1388,-33.0517,6.27,0,,,,,2,2.6,ok
TIC 278056525,178.3202,-36.5776,6.28,0,,,,,2,2.7,ok
TIC 140893238,76.5391,-73.0373,6.28,0,,245.6,rejete,variabilite_continue;eclipse_secondaire,43,14.5,ok
TIC 454015615,175.3606,-41.019,6.29,0,,,,,7,7.9,ok
TIC 142375417,181.4859,-35.6939,6.29,0,,,,,6,7.1,ok
TIC 150442264,97.7942,-61.8795,6.29,0,,61.8,rejete,variabilite_continue;eclipse_secondaire,39,15.0,ok
TIC 130869600,188.0181,-32.5338,6.29,0,,,,,3,3.5,ok
TIC 279159916,103.1892,-59.341,6.29,0,,,,,29,11.1,ok
TIC 308542383,121.1788,-62.8363,6.29,0,,,,,22,11.2,ok
TIC 465946911,164.8081,-61.3207,6.3,0,,,,,6,7.4,ok
TIC 847861543,154.7707,-64.6762,6.3,0,,,,,2,2.7,ok
TIC 371863313,149.2489,-69.1017,6.3,0,,,,,7,8.6,ok
TIC 149176305,81.9122,-60.4165,6.3,0,,,,,41,11.8,ok
TIC 80144740,164.7675,-53.5391,6.3,0,,,,,5,6.2,ok
TIC 166563438,193.0222,-48.0943,6.3,0,,,,,5,6.1,ok
TIC 730543928,81.749,-68.6226,6.3,0,,,,,10,11.6,ok
TIC 466585876,166.6004,-64.84,6.3,0,,,,,4,5.0,ok
TIC 287609748,198.4667,-45.1865,6.31,0,,,,,5,6.1,ok
TIC 272482277,187.8197,-57.0815,6.31,0,,,,,4,5.3,ok
TIC 454443619,169.9017,-75.1425,6.31,0,,20.1,rejete,variabilite_continue;eclipse_secondaire,5,8.4,ok
TIC 162802706,171.0918,-42.6691,6.32,0,,,,,6,7.4,ok
TIC 229680033,197.9128,-26.5517,6.32,0,,,,,2,3.0,ok
TIC 435101754,192.549,-60.4006,6.32,1,1.0482,25.6,rejete,variabilite_continue;eclipse_secondaire,5,8.2,ok
TIC 386704780,188.9277,-16.826,6.32,0,,,,,3,3.8,ok
TIC 374753420,150.8919,-61.884,6.32,0,,,,,6,6.9,ok
TIC 134730105,150.4195,-53.3641,6.33,0,,,,,5,6.5,ok
TIC 463469705,153.8192,-54.9742,6.34,0,,,,,8,9.4,ok
TIC 453258688,147.085,-75.7773,6.34,0,,,,,9,11.7,ok
TIC 410451090,119.917,-60.2073,6.34,0,,,,,?,277.9,timeout
TIC 107143473,183.4034,-33.7931,6.34,0,,,,,6,7.8,ok
TIC 380353942,181.8143,-64.6817,6.34,0,,,,,5,6.4,ok
TIC 315311759,171.1618,-61.6471,6.34,0,,,,,3,5.3,ok
TIC 446758311,156.278,-50.1069,6.35,0,,,,,6,7.7,ok
TIC 332165043,179.3334,-49.3602,6.35,0,,,,,2,3.2,ok
TIC 454464152,170.0167,-71.9943,6.35,0,,,,,4,5.1,ok
TIC 150150734,93.0471,-65.5303,6.35,0,,,,,28,12.5,ok
TIC 306735869,120.6276,-66.0217,6.37,0,,,,,34,12.1,ok
TIC 450643352,169.2508,-54.7774,6.37,0,,,,,7,8.6,ok
TIC 32035258,56.3493,-71.6579,6.37,0,,,,,24,11.6,ok
TIC 142212315,180.4408,-34.6502,6.37,0,,,,,3,5.1,ok
TIC 150357404,96.2324,-63.8281,6.38,0,,,,,39,12.2,ok
TIC 448807110,182.5103,-34.7048,6.38,0,,,,,6,7.3,ok
TIC 355084100,129.8045,-60.3173,6.38,0,,55.3,rejete,variabilite_continue;eclipse_secondaire,7,11.6,ok
TIC 386753850,139.8852,-55.1864,6.38,0,,,,,6,7.8,ok
TIC 260420061,95.9456,-58.5437,6.38,0,,,,,44,11.9,ok
TIC 308748912,122.1026,-63.8008,6.38,0,,,,,24,11.5,ok
TIC 277103567,84.229,-66.5602,6.38,0,,,,,29,12.1,ok
TIC 464253921,155.7243,-59.6245,6.39,0,,,,,4,6.2,ok
TIC 399195694,163.4245,-70.7203,6.39,0,,,,,4,5.6,ok
TIC 905806736,163.4248,-70.7203,6.39,0,,,,,1,2.2,ok
TIC 157331891,177.0151,-35.2257,6.4,0,,,,,4,6.8,ok
TIC 220456828,74.2811,-58.0691,6.4,0,,,,,42,11.9,ok
TIC 80681409,165.9256,-51.3525,6.4,0,,,,,2,3.4,ok
TIC 450827144,187.0712,-61.7668,6.4,0,,,,,8,10.9,ok
TIC 220476607,75.5705,-56.0763,6.41,0,,,,,34,13.3,ok
TIC 58677742,202.8877,-28.1127,6.42,0,,,,,2,3.4,ok
TIC 45192367,130.1811,-57.5454,6.42,0,,,,,9,12.1,ok
TIC 229811530,198.6142,-24.2842,6.42,0,,,,,2,2.9,ok
TIC 321659597,175.4082,-63.8294,6.42,0,,,,,2,2.9,ok
TIC 458861722,161.1964,-59.4134,6.42,0,,,,,3,4.3,ok
TIC 308633483,184.1575,-63.1979,6.42,0,,,,,5,6.1,ok
TIC 333670854,182.02,-50.7637,6.43,0,,,,,6,8.0,ok
TIC 425432046,200.7607,-48.5628,6.43,0,,,,,6,8.4,ok
TIC 976001213,184.1574,-63.1979,6.43,0,,,,,1,1.8,ok
TIC 122499093,133.7249,-58.2396,6.44,0,,,,,8,10.8,ok
TIC 286961903,206.8046,-19.2559,6.44,0,,,,,1,2.6,ok
TIC 131431998,203.8004,-32.2126,6.44,0,,,,,4,6.0,ok
TIC 391050404,161.151,-60.0913,6.44,0,,,,,6,8.1,ok
TIC 443621408,186.3072,-25.9861,6.45,0,,,,,4,5.4,ok
TIC 161162087,190.0914,-49.4013,6.45,0,,,,,7,9.6,ok
TIC 371809314,149.0403,-71.3893,6.45,0,,,,,6,7.4,ok
TIC 847861519,154.7694,-64.6757,6.45,0,,,,,6,7.7,ok
TIC 167005517,94.813,-69.7841,6.45,0,,,,,41,13.0,ok
TIC 49194911,204.2008,-26.4979,6.46,0,,,,,1,2.2,ok
TIC 81245679,167.0557,-52.4015,6.46,0,,,,,4,5.6,ok
TIC 152057161,169.3092,-41.9344,6.46,0,,,,,2,3.5,ok
TIC 450491293,186.4403,-64.0224,6.48,0,,,,,7,9.0,ok
TIC 340358640,115.5425,-58.6309,6.49,0,,,,,19,11.7,ok
TIC 452518444,140.8463,-77.8884,6.5,0,,,,,10,12.2,ok
TIC 462426434,151.2577,-56.8978,6.5,0,,,,,4,5.1,ok
TIC 118457056,129.0424,-56.7126,6.5,0,,,,,10,12.5,ok
TIC 253085110,194.2422,-54.5874,6.51,0,,,,,7,9.3,ok
TIC 361219467,144.0211,-64.95,6.51,0,,,,,8,11.2,ok
TIC 257721857,78.3668,-55.5695,6.52,0,,,,,33,15.6,ok
TIC 376732513,153.338,-61.6588,6.53,0,,,,,5,7.3,ok
TIC 152056666,169.2932,-41.3903,6.54,0,,,,,3,4.3,ok
TIC 293975288,107.0274,-57.3309,6.54,0,,,,,36,12.2,ok
TIC 30843137,200.4872,-38.8548,6.54,0,,,,,3,3.7,ok
TIC 150394126,96.9526,-62.1498,6.54,0,,28.4,rejete,variabilite_continue;eclipse_secondaire,40,16.2,ok
TIC 363877653,200.7189,-47.9432,6.54,0,,,,,5,6.0,ok
TIC 349185912,205.3785,-23.4498,6.55,0,,,,,2,2.7,ok
TIC 386646447,139.8335,-58.9294,6.55,0,,,,,9,10.6,ok
TIC 287717402,126.252,-74.912,6.55,0,,,,,18,11.9,ok
TIC 469251162,148.7203,-57.7273,6.56,0,,,,,2,3.7,ok
TIC 162581678,170.1249,-45.7289,6.56,0,,,,,2,5.3,ok
TIC 951062671,183.4034,-33.793,6.57,0,,,,,1,2.7,ok
TIC 293973218,106.8177,-59.7164,6.57,0,,,,,44,14.6,ok
TIC 310026926,127.182,-60.1226,6.57,0,,,,,6,8.7,ok
TIC 458830388,161.1361,-57.5654,6.57,0,,,,,2,2.7,ok
TIC 181151732,174.1475,-36.1213,6.58,0,,,,,3,3.7,ok
TIC 419575080,191.1454,-57.287,6.58,0,,,,,6,7.3,ok
TIC 262885414,53.6041,-65.7641,6.58,0,,,,,20,12.6,ok
TIC 976942547,187.0712,-61.7667,6.59,0,,,,,1,1.7,ok
TIC 141828072,93.6748,-73.6264,6.59,0,,,,,29,11.5,ok
TIC 102041504,205.4397,-33.5974,6.59,0,,,,,4,5.4,ok
TIC 82018471,168.4616,-52.8562,6.6,0,,,,,3,4.0,ok
TIC 71739520,166.583,-44.3738,6.61,0,,,,,7,8.9,ok
TIC 428714820,196.4405,-18.2597,6.61,0,,,,,4,4.8,ok
TIC 408509461,194.5401,-23.0552,6.61,0,,,,,2,2.5,ok
TIC 55404385,78.0133,-65.1754,6.61,0,,17.8,rejete,eclipse_secondaire,39,15.3,ok
TIC 405501056,202.3365,-35.5714,6.62,0,,,,,5,8.1,ok
TIC 437319605,191.837,-19.0045,6.62,0,,,,,3,3.9,ok
TIC 398476730,179.8485,-57.168,6.62,0,,,,,6,7.1,ok
TIC 355941506,132.8631,-61.362,6.62,0,,,,,10,12.6,ok
TIC 458856514,161.1347,-59.7419,6.62,0,,,,,6,7.7,ok
TIC 340459410,115.6496,-59.2965,6.62,0,,,,,25,12.0,ok
TIC 58596146,202.1258,-27.3906,6.63,0,,,,,3,3.8,ok
TIC 375841183,178.7577,-56.0972,6.63,0,,,,,4,6.1,ok
TIC 437873486,141.8802,-58.0946,6.64,0,,,,,5,7.1,ok
TIC 357533284,203.881,-22.0248,6.64,0,,,,,2,2.5,ok
TIC 311727594,181.5358,-69.1252,6.64,0,,,,,5,8.0,ok
TIC 61941944,177.8045,-43.9331,6.64,0,,,,,6,7.2,ok
TIC 141186075,81.3268,-75.6942,6.64,0,,,,,42,11.7,ok
TIC 101732968,200.6137,-25.8408,6.66,0,,,,,3,4.0,ok
TIC 358467471,119.0656,-61.0994,6.66,0,,,,,20,12.3,ok
TIC 280773136,173.3553,-70.1948,6.66,0,,,,,5,7.4,ok
TIC 119720012,162.1446,-48.3503,6.66,0,,,,,3,4.3,ok
TIC 910280576,170.8376,-64.9542,6.66,0,,,,,6,8.6,ok
TIC 181915184,190.9832,-13.142,6.66,0,,,,,3,3.9,ok
TIC 142116609,179.5146,-31.6512,6.66,0,,,,,6,7.4,ok
TIC 300160320,109.239,-71.7493,6.66,0,,,,,41,12.1,ok
TIC 111834564,207.9092,-31.32,6.67,0,,,,,4,5.5,ok
TIC 300088321,108.0766,-67.784,6.67,0,,,,,43,11.7,ok
TIC 165661146,203.6394,-38.9095,6.67,0,,,,,3,4.3,ok
TIC 469136370,148.2503,-55.3732,6.67,0,,,,,6,7.5,ok
TIC 163946606,191.4253,-50.1804,6.68,0,,,,,4,5.3,ok
TIC 141908244,177.6739,-33.1412,6.68,0,,,,,5,6.0,ok
TIC 101937206,201.5335,-32.5474,6.68,0,,,,,1,1.7,ok
TIC 281982207,130.345,-72.5883,6.68,0,,,,,14,11.9,ok
TIC 272581419,187.9682,-58.2906,6.69,0,,,,,6,8.1,ok
TIC 140898575,76.6527,-77.57,6.7,0,,,,,43,13.1,ok
TIC 415843217,197.4283,-22.1946,6.7,0,,,,,3,3.9,ok
TIC 364395684,116.5962,-61.4285,6.7,0,,,,,34,12.3,ok
TIC 405576310,191.9129,-58.2977,6.71,0,,,,,7,8.4,ok
TIC 316792722,171.9869,-62.8051,6.71,0,,,,,4,5.4,ok
TIC 349190908,108.5924,-61.0697,6.72,0,,,,,42,12.1,ok
TIC 6116592,200.3483,-22.794,6.73,0,,,,,3,3.9,ok
TIC 382259669,82.6859,-57.1601,6.73,0,,,,,33,12.9,ok
TIC 287770635,126.8901,-75.3583,6.73,0,,14.8,rejete,variabilite_continue;eclipse_secondaire,18,21.3,ok
TIC 58719427,203.2243,-26.5877,6.74,0,,,,,1,1.6,ok
TIC 31780245,50.2618,-68.5329,6.74,0,,,,,10,12.6,ok
TIC 386704864,188.9139,-17.1506,6.75,0,,,,,4,4.6,ok
TIC 408532923,194.9504,-20.2919,6.75,0,,,,,3,4.2,ok
TIC 49254058,204.5971,-29.8387,6.75,0,,,,,1,1.7,ok
TIC 390670669,161.0006,-60.0861,6.75,0,,,,,6,8.7,ok
TIC 30287172,207.6673,-31.2067,6.75,0,,,,,3,4.5,ok
TIC 107289258,204.45,-35.065,6.76,0,,,,,3,3.7,ok
TIC 278684081,99.1139,-57.5389,6.76,0,,,,,42,11.5,ok
TIC 374858533,88.3114,-61.8394,6.76,0,,,,,30,11.8,ok
TIC 442653596,146.419,-57.186,6.76,0,,,,,4,4.8,ok
TIC 220405048,70.0764,-58.9429,6.77,0,,,,,34,11.9,ok
TIC 6118924,200.4426,-18.7422,6.77,0,,,,,3,7.4,ok
TIC 454246767,165.5059,-73.4879,6.77,0,,,,,6,9.5,ok
TIC 403843641,188.3179,-50.6504,6.78,0,,,,,4,5.0,ok
TIC 146535008,159.0724,-47.8498,6.8,0,,,,,5,6.1,ok
TIC 308182007,197.7721,-17.09,6.8,0,,11.6,rejete,variabilite_continue;eclipse_secondaire,2,3.6,ok
TIC 21864252,181.8454,-43.2465,6.8,0,,,,,3,3.8,ok
TIC 130979616,188.5485,-32.0927,6.8,0,,,,,2,3.1,ok
TIC 71704392,166.4403,-47.4423,6.81,0,,,,,6,7.9,ok
TIC 83135166,188.5402,-18.1955,6.81,0,,,,,4,5.5,ok
TIC 306739463,120.838,-69.9715,6.81,0,,,,,28,13.2,ok
TIC 271972463,113.9045,-75.5443,6.81,0,,,,,41,13.3,ok
TIC 267519701,176.2095,-58.7041,6.82,0,,,,,4,5.2,ok
TIC 358379437,147.9221,-54.6603,6.83,0,,,,,5,6.6,ok
TIC 372913233,119.4384,-60.9264,6.83,0,,,,,22,12.4,ok
TIC 466675723,166.5241,-59.9499,6.83,0,,,,,8,11.0,ok
TIC 279249351,103.9717,-56.9387,6.83,0,,,,,43,11.3,ok
TIC 271971626,113.8409,-74.275,6.83,0,,,,,42,11.3,ok
TIC 229044780,195.4031,-24.6665,6.83,0,,,,,2,2.7,ok
TIC 120770766,164.1694,-50.6081,6.84,0,,,,,5,6.5,ok
TIC 99143516,183.6736,-24.7754,6.84,0,,,,,4,4.8,ok
TIC 124172843,196.7332,-34.1225,6.84,0,,,,,4,5.0,ok
TIC 131001807,188.8881,-34.8827,6.85,0,,,,,3,3.6,ok
TIC 41487605,93.4207,-66.6797,6.85,0,,,,,29,11.1,ok
TIC 446369965,155.7789,-50.5269,6.86,0,,,,,5,6.0,ok
TIC 32001054,56.195,-70.0272,6.86,0,,,,,35,12.3,ok
TIC 167415800,99.4103,-70.604,6.86,0,,,,,40,11.9,ok
TIC 264765942,117.3646,-59.3821,6.86,0,,,,,21,11.2,ok
TIC 357607316,204.2937,-23.6164,6.86,0,,,,,1,1.6,ok
TIC 360830784,143.1328,-60.5234,6.86,0,,,,,7,8.5,ok
TIC 381952089,76.8922,-54.9887,6.87,0,,,,,27,10.6,ok
TIC 454710462,174.6582,-72.3689,6.87,0,,,,,2,2.7,ok
TIC 302372658,133.8205,-67.2653,6.87,0,,,,,3,3.7,ok
TIC 167889542,105.2711,-65.7061,6.88,0,,,,,44,11.1,ok
TIC 433276798,182.6749,-56.4424,6.88,0,,,,,7,7.9,ok
TIC 436811829,140.5673,-55.9602,6.88,0,,,,,5,6.2,ok
TIC 134871040,183.7367,-41.1399,6.88,0,,,,,3,3.7,ok
TIC 308339884,180.1929,-63.849,6.88,0,,,,,6,7.5,ok
TIC 429143728,174.5451,-45.7495,6.89,0,,12.0,rejete,variabilite_continue;eclipse_secondaire;compagnon_trop_gros_2.7Rjup,2,3.4,ok
TIC 357534718,137.5319,-65.4891,6.89,0,,,,,9,9.9,ok
TIC 467065657,167.6751,-60.3845,6.89,0,,,,,3,4.0,ok
TIC 58536474,202.1107,-25.2128,6.89,0,,,,,3,3.7,ok
TIC 5969274,193.501,-18.0376,6.89,0,,,,,4,5.2,ok
TIC 277963311,177.9457,-41.2472,6.89,0,,,,,3,3.7,ok
TIC 2473207,194.107,-14.95,6.89,0,,,,,1,1.5,ok
TIC 453819990,199.6035,-45.7648,6.9,0,,,,,5,6.1,ok
TIC 450711878,169.3102,-59.7697,6.9,0,,,,,7,8.4,ok
TIC 149479101,85.4897,-62.9137,6.9,0,,,,,29,11.0,ok
TIC 248164352,194.1644,-47.6863,6.91,0,,,,,3,3.6,ok
TIC 144511638,190.9233,-37.7094,6.91,0,,,,,3,3.9,ok
TIC 463038319,152.7622,-57.8038,6.92,0,,,,,2,2.9,ok
TIC 162147997,168.6344,-42.8532,6.92,0,,,,,3,3.6,ok
TIC 335657555,199.6893,-17.1337,6.92,0,,,,,4,4.8,ok
TIC 437320619,191.765,-22.1293,6.93,0,,,,,3,3.6,ok
TIC 72670776,188.1827,-45.46,6.93,0,,,,,4,4.6,ok
TIC 381941359,183.0423,-63.4542,6.93,0,,,,,7,8.1,ok
TIC 162211294,168.8763,-42.6123,6.93,0,,,,,5,5.7,ok
TIC 437325588,207.4255,-22.114,6.94,0,,,,,3,3.7,ok
TIC 307993483,129.086,-70.6766,6.94,0,,38.8,rejete,variabilite_continue;eclipse_secondaire,18,14.9,ok
TIC 229255044,196.2922,-28.5176,6.94,0,,,,,3,3.8,ok
TIC 419575434,191.3078,-57.3588,6.94,0,,,,,4,4.9,ok
TIC 33770773,63.2796,-72.8205,6.95,0,,,,,42,11.5,ok
TIC 350858713,90.2309,-54.9513,6.96,0,,,,,42,10.6,ok
TIC 289989388,192.135,-15.7193,6.96,0,,,,,2,2.7,ok
TIC 425579966,205.5864,-33.9803,6.97,0,,,,,3,3.9,ok
TIC 92173551,172.447,-51.6625,6.97,0,,,,,5,5.7,ok
TIC 22030964,182.7422,-46.321,6.97,0,,,,,3,3.5,ok
TIC 300703532,114.5599,-67.4481,6.97,0,,,,,43,11.0,ok
TIC 229181083,195.8417,-29.6633,6.98,0,,,,,4,4.7,ok
TIC 372161587,150.3257,-70.728,6.98,0,,,,,7,8.4,ok
TIC 71735726,166.4183,-43.1185,6.98,0,,,,,4,4.5,ok
TIC 271638135,108.8786,-75.8643,6.98,0,,,,,40,10.6,ok
TIC 441744335,145.6681,-55.8315,6.98,0,,,,,5,6.1,ok
TIC 45889557,131.273,-58.7243,6.98,0,,,,,8,9.8,ok
TIC 359159250,140.1325,-61.993,6.99,0,,,,,4,4.6,ok
TIC 452591868,142.8534,-73.7469,6.99,0,,,,,8,9.3,ok
TIC 449491578,160.7696,-72.1948,6.99,0,,,,,5,5.9,ok
TIC 294754816,71.4969,-66.0785,6.99,0,,,,,42,11.6,ok
TIC 349273907,109.1556,-64.1244,6.99,0,,,,,44,11.4,ok
TIC 355840538,132.4074,-62.5087,6.99,0,,,,,11,11.6,ok
TIC 80384789,165.2086,-49.0202,6.99,0,,,,,8,9.1,ok
TIC 952325096,192.1351,-15.7193,7.0,0,,,,,1,1.5,ok
TIC 31870141,53.2473,-67.4199,7.0,0,,,,,15,11.5,ok
TIC 303315098,137.9489,-69.2034,7.0,0,,,,,10,11.2,ok
TIC 287870438,128.0598,-76.9279,7.01,0,,,,,17,12.3,ok
TIC 170462343,184.6008,-31.4956,7.01,0,,,,,3,3.6,ok
TIC 389368692,85.674,-67.1391,7.01,0,,,,,29,11.4,ok
TIC 423591233,186.009,-19.5722,7.01,0,,,,,4,4.6,ok
TIC 370881475,145.4052,-68.505,7.01,0,,,,,6,7.2,ok
TIC 93466877,175.4378,-50.6252,7.01,0,,,,,3,3.7,ok
TIC 142312635,181.1434,-31.1877,7.01,0,,,,,5,6.0,ok
TIC 124568215,199.219,-30.592,7.02,0,,,,,1,1.4,ok
TIC 280859200,173.3002,-67.0547,7.02,0,,,,,6,6.8,ok
TIC 103919894,195.2791,-33.4804,7.03,0,,,,,3,3.7,ok
TIC 454295971,167.1132,-73.9756,7.03,0,,,,,7,8.2,ok
TIC 32001057,56.2563,-70.0247,7.03,0,,,,,36,11.5,ok
TIC 423590058,185.9156,-20.0885,7.03,0,,,,,4,6.2,ok
TIC 357020772,135.7973,-62.3513,7.03,0,,,,,7,7.9,ok
TIC 370433916,142.9396,-70.4696,7.03,0,,,,,4,4.6,ok
TIC 287493162,123.6769,-73.8069,7.04,0,,11.7,rejete,variabilite_continue;eclipse_secondaire,7,11.0,ok
TIC 376651377,180.9485,-54.7151,7.04,0,,,,,7,8.2,ok
TIC 350518530,86.0567,-55.6952,7.04,0,,,,,40,10.9,ok
TIC 350622984,87.5497,-55.0808,7.05,0,,,,,37,11.3,ok
TIC 45889555,131.2709,-58.7239,7.05,0,,,,,8,10.2,ok
TIC 460150885,156.7919,-62.0193,7.05,0,,,,,7,64.6,ok
TIC 231074032,67.5501,-67.8751,7.05,0,,,,,43,11.0,ok
TIC 30443459,198.8091,-40.3888,7.05,0,,,,,3,3.5,ok
TIC 319936228,174.4517,-63.3232,7.05,1,9.6455,10.9,rejete,eclipse_secondaire,7,10.7,ok
TIC 142098919,179.1751,-32.2682,7.06,0,,,,,6,6.7,ok
TIC 454005387,192.5812,-30.577,7.06,0,,,,,3,4.2,ok
TIC 178344145,164.2966,-44.8097,7.06,0,,28.5,rejete,variabilite_continue;eclipse_secondaire,5,8.1,ok
TIC 335043178,184.9823,-48.3166,7.07,0,,,,,1,1.6,ok
TIC 990104098,189.5298,-55.9313,7.07,0,,,,,2,2.5,ok
TIC 258519867,196.6488,-46.034,7.07,0,,,,,2,2.8,ok
TIC 410794488,177.8366,-68.8607,7.07,0,,,,,7,9.3,ok
TIC 453394882,150.2721,-72.3179,7.08,0,,,,,7,8.2,ok
TIC 381942100,182.9991,-63.3809,7.08,0,,,,,6,6.9,ok
TIC 9593439,193.5665,-27.9597,7.08,0,,,,,3,4.0,ok
TIC 370101728,69.9903,-71.5058,7.1,0,,,,,41,11.7,ok
TIC 443669848,186.8596,-28.7162,7.1,0,,,,,2,2.4,ok
TIC 150143137,92.7206,-61.4996,7.1,0,,,,,38,11.1,ok
TIC 58680763,202.9641,-26.1144,7.1,0,,,,,2,2.8,ok
TIC 181160602,174.3713,-36.7268,7.1,0,,,,,6,6.6,ok
TIC 25996592,195.1053,-13.8921,7.11,0,,,,,3,3.5,ok
TIC 432196369,187.9549,-15.7159,7.11,0,,,,,1,1.5,ok
TIC 375057127,99.6602,-60.183,7.12,0,,95.6,rejete,variabilite_continue;eclipse_secondaire,30,15.0,ok
TIC 287636970,125.2878,-71.9681,7.12,0,,,,,20,12.1,ok
TIC 843283157,142.853,-73.7468,7.12,0,,,,,1,1.9,ok
TIC 30809039,200.4568,-36.1124,7.12,0,,,,,5,5.5,ok
TIC 445968442,147.1925,-52.6143,7.13,0,,,,,8,10.0,ok
TIC 279317755,104.0974,-57.5773,7.13,0,,,,,42,11.0,ok
TIC 372811413,152.624,-67.8413,7.13,0,,,,,3,3.9,ok
TIC 390294856,160.4984,-63.5072,7.13,0,,,,,4,5.0,ok
TIC 203331489,198.3625,-18.8252,7.14,0,,,,,3,3.6,ok
TIC 399637637,164.2619,-68.6673,7.14,0,,,,,5,6.1,ok
TIC 30444949,198.6694,-38.6515,7.14,0,,,,,2,3.1,ok
TIC 140827588,75.4837,-76.6293,7.15,0,,,,,42,12.2,ok
TIC 300811971,116.5761,-71.72,7.15,0,,,,,41,11.5,ok
TIC 135079202,185.0186,-37.8042,7.15,0,,,,,5,5.9,ok
TIC 228760545,194.3325,-28.8675,7.15,0,,,,,2,2.5,ok
TIC 294028147,155.1689,-53.664,7.15,0,,,,,5,6.4,ok
TIC 6078255,200.1276,-20.8813,7.16,0,,,,,2,2.9,ok
TIC 295917789,172.0861,-71.1176,7.16,0,,,,,4,5.4,ok
TIC 299901449,106.4048,-71.2707,7.16,0,,,,,43,11.3,ok
TIC 349764112,112.8501,-64.372,7.16,0,,,,,42,11.8,ok
TIC 177309385,103.3173,-74.7241,7.16,0,,,,,42,11.1,ok
TIC 454046120,175.9482,-38.9201,7.16,0,,,,,4,4.9,ok
TIC 260542710,97.0759,-59.6179,7.16,0,,,,,41,11.6,ok
TIC 454332296,167.8108,-74.4635,7.17,0,,,,,6,7.1,ok
TIC 306668068,120.3859,-70.0233,7.17,0,,,,,40,11.1,ok
TIC 260474813,96.2741,-55.7249,7.17,0,,,,,41,11.6,ok
TIC 308087983,130.075,-71.8768,7.17,0,,,,,15,12.0,ok
TIC 150165182,93.1342,-61.474,7.17,0,,,,,27,11.9,ok
TIC 376562826,180.6427,-55.5347,7.17,0,,,,,4,5.0,ok
TIC 98993377,181.3072,-28.7197,7.17,0,,,,,4,4.6,ok
TIC 245173340,198.7307,-51.805,7.17,0,,,,,3,3.9,ok
TIC 411125654,178.5084,-67.669,7.18,0,,,,,5,6.3,ok
TIC 389920950,87.7523,-69.9028,7.18,0,,,,,37,12.1,ok
TIC 364399376,119.761,-61.5834,7.18,0,,80.0,rejete,variabilite_continue;eclipse_secondaire;compagnon_trop_gros_6.6Rjup,24,14.3,ok
TIC 243198273,203.1633,-44.4504,7.18,0,,,,,6,7.3,ok
TIC 390356435,160.3962,-64.1063,7.18,0,,,,,5,6.9,ok
TIC 400125084,165.8868,-71.6295,7.18,0,,,,,2,3.0,ok
TIC 345942287,193.2896,-14.9654,7.18,0,,,,,5,6.2,ok
TIC 467231845,168.0421,-61.7549,7.18,0,,,,,4,5.3,ok
TIC 398785689,162.4237,-71.654,7.18,0,,,,,5,6.4,ok
TIC 166972537,94.5865,-69.1626,7.18,0,,,,,41,11.6,ok
TIC 170498514,184.8838,-32.5888,7.19,0,,,,,1,1.6,ok
TIC 304020770,177.7706,-60.1763,7.19,0,,,,,5,6.3,ok
TIC 9586648,193.4275,-27.4045,7.19,0,,,,,3,3.7,ok
TIC 57795530,174.9008,-35.2323,7.19,0,,,,,4,5.5,ok
TIC 349679418,112.4869,-61.2499,7.19,0,,,,,38,11.9,ok
TIC 319935128,174.5948,-63.2008,7.2,0,,,,,5,6.3,ok
TIC 55497281,71.7183,-60.6028,7.2,0,,,,,43,11.3,ok
TIC 178819302,194.5124,-39.2673,7.2,0,,,,,2,2.8,ok
TIC 142098917,179.1812,-32.2675,7.2,0,,,,,6,7.6,ok
TIC 458896064,161.2661,-58.1487,7.21,0,,,,,5,6.4,ok
TIC 384722208,136.9162,-59.1846,7.21,0,,,,,8,10.0,ok
TIC 443624058,186.3996,-26.8117,7.21,0,,,,,4,5.1,ok
TIC 58678954,202.7811,-25.6571,7.21,0,,,,,2,2.9,ok
TIC 229544558,197.6922,-24.1794,7.21,0,,,,,3,3.8,ok
TIC 454278691,165.9942,-74.2479,7.21,0,,,,,5,6.1,ok
TIC 279477956,105.4451,-56.6214,7.21,0,,,,,34,11.4,ok
TIC 857861362,145.6686,-55.8316,7.22,0,,,,,2,2.8,ok
TIC 284194255,105.7982,-66.8887,7.22,0,,,,,38,11.6,ok
TIC 349188147,205.4696,-18.9849,7.22,0,,,,,2,3.1,ok
TIC 289944868,191.929,-12.5803,7.22,0,,,,,3,4.1,ok
TIC 401143496,186.0431,-57.9185,7.22,0,,,,,8,10.8,ok
TIC 1727745,195.9119,-16.3367,7.22,0,,,,,4,5.1,ok
TIC 433276686,182.7741,-56.4014,7.23,0,,,,,7,8.5,ok
TIC 58761688,203.5754,-25.3802,7.23,0,,,,,1,2.0,ok
TIC 454435313,169.6744,-74.1907,7.24,0,,,,,2,2.9,ok
TIC 124403080,198.2248,-30.7109,7.24,0,,,,,3,4.0,ok
TIC 118266430,128.7198,-58.7964,7.24,0,,,,,6,7.5,ok
TIC 407621805,71.0237,-76.3049,7.25,0,,,,,43,13.3,ok
TIC 237920961,57.0094,-64.836,7.25,0,,,,,28,11.4,ok
TIC 412178509,180.7121,-68.5848,7.25,0,,,,,4,5.4,ok
TIC 372908110,98.0403,-65.3151,7.25,0,,,,,38,11.2,ok
TIC 323246150,130.4353,-79.048,7.25,0,,,,,10,11.9,ok
TIC 376336306,152.9575,-61.5419,7.25,0,,,,,3,3.9,ok
TIC 304084556,141.2382,-67.9208,7.26,0,,,,,7,8.8,ok
TIC 441832283,207.363,-26.3501,7.26,0,,,,,3,4.1,ok
TIC 67696009,182.4112,-58.3497,7.26,0,,,,,8,10.1,ok
TIC 451764763,172.4857,-55.2644,7.26,0,,,,,3,4.2,ok
TIC 29832209,66.4435,-69.9937,7.26,0,,,,,42,12.2,ok
TIC 144786529,192.2158,-37.0419,7.26,0,,,,,3,4.8,ok
TIC 152484511,171.8722,-39.8766,7.27,0,,,,,6,7.7,ok
TIC 72863803,189.0263,-42.8527,7.27,0,,,,,3,4.1,ok
TIC 149253686,82.9003,-61.5411,7.27,0,,,,,29,12.5,ok
TIC 237933846,58.958,-65.1862,7.27,0,,,,,34,12.7,ok
TIC 124339546,198.1311,-34.7497,7.27,0,,,,,2,2.6,ok
TIC 466582212,166.5716,-65.5098,7.28,0,,,,,3,3.9,ok
TIC 61832548,177.6072,-46.4693,7.28,0,,,,,3,3.6,ok
TIC 311589488,185.9253,-63.8701,7.28,0,,,,,7,9.5,ok
TIC 458442958,160.1322,-57.1808,7.28,0,,,,,6,20.7,ok
TIC 332351556,179.6619,-52.7688,7.28,0,,,,,6,8.4,ok
TIC 280943537,173.9262,-70.2073,7.28,0,,,,,4,5.4,ok
TIC 30631031,75.1644,-70.6238,7.28,0,,47.9,rejete,variabilite_continue;eclipse_secondaire,32,18.3,ok
TIC 300443794,111.6603,-69.5762,7.29,0,,,,,44,11.5,ok
TIC 204670738,184.9981,-28.5257,7.29,0,,,,,3,7.8,ok
TIC 357982928,138.5426,-63.6924,7.29,0,,,,,9,11.0,ok
TIC 38698692,66.2873,-64.0782,7.29,0,,,,,38,11.9,ok
TIC 287029682,207.1297,-22.1557,7.29,0,,,,,3,4.2,ok
TIC 1729435,196.9123,-14.188,7.29,0,,,,,2,2.6,ok
TIC 150064391,91.4244,-61.7485,7.29,0,,,,,37,11.7,ok
TIC 278048893,178.1755,-37.9868,7.29,0,,,,,2,2.7,ok
TIC 260266502,94.0637,-59.2205,7.29,0,,,,,38,11.8,ok
TIC 391901095,115.8334,-70.0648,7.3,0,,,,,42,11.6,ok
TIC 453482589,188.1554,-24.201,7.3,0,,,,,3,4.6,ok
TIC 453216716,146.1281,-73.9003,7.3,0,,,,,8,9.8,ok
TIC 107251863,204.1947,-32.4036,7.3,0,,,,,3,3.6,ok
TIC 21168651,187.0342,-52.0754,7.3,0,,,,,4,5.2,ok
TIC 72008370,167.4321,-43.3328,7.3,0,,,,,5,6.0,ok
TIC 334400037,183.1488,-52.7776,7.31,0,,,,,7,8.4,ok
TIC 167119619,96.0086,-70.1867,7.31,0,,,,,38,11.7,ok
TIC 457595913,157.6918,-57.5995,7.32,0,,,,,3,4.0,ok
TIC 101775359,200.7904,-24.7341,7.32,0,,,,,3,4.2,ok
TIC 157321937,176.7952,-35.3969,7.32,0,,,,,3,4.2,ok
TIC 93083249,174.4484,-52.8917,7.32,0,,,,,3,4.4,ok
TIC 229181580,195.9624,-25.8018,7.32,0,,,,,3,3.8,ok
TIC 403761151,180.0371,-44.8605,7.33,0,,,,,3,3.7,ok
TIC 124532590,199.2223,-34.5984,7.33,0,,,,,2,2.7,ok
TIC 358818468,139.2315,-63.7751,7.33,0,,,,,7,8.4,ok
TIC 135430097,187.3371,-39.6553,7.33,0,,,,,3,3.8,ok
TIC 287327575,109.613,-57.3519,7.33,0,,,,,24,11.8,ok
TIC 382625142,118.4205,-63.6465,7.34,0,,,,,37,11.5,ok
TIC 433842707,190.7618,-61.1491,7.34,0,,,,,3,4.1,ok
TIC 341112091,118.5544,-58.5753,7.34,0,,,,,11,12.3,ok
TIC 277550936,163.8321,-75.1923,7.34,0,,,,,4,5.0,ok
TIC 124175489,196.9128,-30.435,7.34,0,,,,,3,3.8,ok
TIC 124449251,198.604,-35.4401,7.35,0,,,,,3,3.8,ok
TIC 389506883,86.1276,-70.1362,7.35,0,,,,,42,11.5,ok
TIC 163030755,172.1552,-45.1411,7.35,0,,,,,6,7.4,ok
TIC 461277699,203.2523,-39.9724,7.35,0,,,,,2,2.7,ok
TIC 149120726,80.9416,-62.5822,7.36,0,,,,,40,12.7,ok
TIC 349828641,113.5297,-60.2432,7.36,0,,,,,32,11.9,ok
TIC 381949148,76.447,-57.5531,7.36,0,,,,,44,12.5,ok
TIC 144720116,191.8633,-38.8221,7.36,0,,,,,1,1.8,ok
TIC 140689653,73.0155,-72.9947,7.36,0,,,,,41,13.4,ok
TIC 451798625,172.6398,-57.1337,7.36,0,,,,,3,6.5,ok
TIC 453095415,114.1498,-67.6137,7.37,0,,,,,42,12.9,ok
TIC 231729308,81.428,-53.4803,7.37,0,,,,,21,13.3,ok
TIC 443619246,186.1355,-28.3155,7.37,0,,,,,2,3.2,ok
TIC 390472975,184.4712,-55.9756,7.37,0,,,,,7,9.3,ok
TIC 405448680,190.3714,-56.3045,7.37,0,,,,,3,4.8,ok
TIC 165317801,179.2134,-38.8495,7.37,0,,,,,5,6.7,ok
TIC 296586666,176.3827,-71.2452,7.38,0,,,,,4,6.4,ok
TIC 390233221,183.6941,-56.7791,7.38,0,,,,,5,6.4,ok
TIC 258322219,182.4758,-46.2089,7.38,0,,,,,3,6.4,ok
TIC 135046802,184.7263,-40.1282,7.38,0,,,,,3,4.3,ok
TIC 162097444,168.3961,-47.8241,7.38,0,,,,,4,5.1,ok
TIC 466353921,165.7903,-61.7687,7.39,0,,,,,7,9.5,ok
TIC 300242735,109.8746,-70.2087,7.39,0,,,,,41,11.9,ok
TIC 122336360,133.3625,-56.5194,7.39,0,,,,,6,7.5,ok
TIC 465540856,163.5217,-60.3528,7.39,0,,,,,5,6.6,ok
TIC 451797322,172.7267,-56.8988,7.39,0,,,,,3,4.4,ok
TIC 307073167,166.3227,-43.5423,7.4,0,,,,,3,4.0,ok
TIC 349156177,108.316,-64.8734,7.4,0,,,,,32,13.0,ok
TIC 452746839,195.7601,-19.0777,7.4,0,,,,,2,3.1,ok
TIC 453521272,153.4819,-72.679,7.4,0,,,,,7,9.6,ok
TIC 453361260,149.772,-72.7887,7.4,0,,,,,2,2.9,ok
TIC 260078030,91.894,-55.7056,7.4,0,,,,,43,12.5,ok
TIC 310891144,185.4322,-61.5391,7.4,0,,,,,3,4.5,ok
TIC 41591173,93.9145,-66.2922,7.4,0,,,,,21,13.9,ok
TIC 243140378,202.5158,-44.7127,7.41,0,,,,,5,7.5,ok
TIC 83207888,188.9531,-20.466,7.41,0,,,,,3,4.8,ok
TIC 272322827,119.0376,-71.9851,7.42,0,,,,,41,11.9,ok
TIC 181150811,174.0467,-37.0655,7.42,0,,,,,7,8.9,ok
TIC 248225113,195.0738,-42.5008,7.42,0,,,,,3,4.0,ok
TIC 179305185,79.5599,-69.2503,7.42,0,,,,,32,12.4,ok
TIC 349310293,109.6616,-63.3866,7.42,0,,,,,30,15.3,ok
TIC 425505324,201.248,-37.0361,7.42,0,,,,,2,2.8,ok
TIC 267399515,175.8757,-58.0048,7.42,0,,,,,4,5.6,ok
TIC 22759400,185.7087,-45.6591,7.42,0,,,,,5,6.7,ok
TIC 220432921,73.4018,-57.3322,7.42,0,,,,,40,10.7,ok
TIC 852704494,150.8918,-61.8837,7.42,0,,,,,5,6.7,ok
TIC 375063320,100.3749,-65.469,7.42,0,,,,,38,12.8,ok
TIC 340637365,116.561,-59.8132,7.43,0,,,,,24,11.7,ok
TIC 49207107,204.2759,-27.6522,7.43,0,,,,,1,1.9,ok
TIC 437330385,207.7368,-20.985,7.43,0,,,,,1,2.2,ok
TIC 9468894,192.355,-25.2968,7.43,0,,,,,3,4.4,ok
TIC 165775281,204.3239,-40.898,7.43,0,,,,,4,5.6,ok
TIC 458859364,161.3008,-59.7501,7.44,0,,,,,8,10.7,ok
TIC 20542562,200.6807,-18.0311,7.44,0,,,,,4,5.5,ok
TIC 307717502,127.7687,-66.8648,7.44,0,,,,,9,10.9,ok
TIC 446456685,155.8505,-50.3481,7.44,0,,,,,6,9.4,ok
TIC 454075905,176.3628,-37.6225,7.44,0,,,,,3,5.5,ok
TIC 453892563,153.8153,-69.6364,7.44,0,,,,,2,2.9,ok
TIC 2490883,194.3957,-17.395,7.44,0,,,,,3,4.8,ok
TIC 466463101,166.056,-60.9799,7.44,0,,,,,3,4.5,ok
TIC 419855341,191.5928,-59.1247,7.45,0,,,,,3,5.2,ok
TIC 460179837,156.6849,-64.3516,7.45,0,,,,,7,10.1,ok
TIC 386687697,188.6538,-16.3543,7.45,0,,,,,2,3.2,ok
TIC 273279406,188.4924,-56.5708,7.45,0,,,,,7,10.5,ok
TIC 258236059,182.3348,-42.8385,7.45,0,,,,,6,7.4,ok
TIC 460793411,158.7351,-64.1339,7.46,0,,,,,5,6.0,ok
TIC 9350281,191.4352,-24.9767,7.46,0,,,,,3,3.6,ok
TIC 453501949,153.1197,-76.0776,7.46,0,,,,,3,3.9,ok
TIC 294302344,203.8794,-16.9241,7.46,0,,,,,3,3.8,ok
TIC 320732668,174.9581,-63.4788,7.46,0,,,,,7,8.4,ok
TIC 149631289,87.5774,-62.0804,7.46,0,,,,,34,11.8,ok
TIC 306932279,123.0679,-71.2666,7.46,0,,,,,32,12.1,ok
TIC 72745825,209.2191,-27.6622,7.46,0,,,,,3,4.1,ok
TIC 30175418,206.9263,-32.4302,7.46,0,,,,,2,2.9,ok
TIC 305746628,178.8698,-62.1965,7.46,0,,,,,4,5.1,ok
TIC 454044475,176.0077,-36.3008,7.46,0,,,,,5,5.6,ok
TIC 163340846,191.2144,-52.7559,7.46,0,,,,,3,3.7,ok
TIC 467234901,167.9669,-61.4287,7.47,0,,,,,2,3.3,ok
TIC 462010295,150.0784,-59.0135,7.47,0,,,,,5,6.3,ok
TIC 385349011,196.0795,-17.2371,7.47,0,,,,,3,3.9,ok
TIC 306773428,121.1305,-67.2081,7.47,0,,21.7,rejete,variabilite_continue;eclipse_secondaire,29,15.8,ok
TIC 55500825,71.8137,-62.8292,7.47,0,,,,,42,11.9,ok
TIC 400066956,165.4777,-66.0123,7.48,0,,52.5,rejete,variabilite_continue;eclipse_secondaire,5,8.4,ok
TIC 204719068,185.841,-26.4716,7.48,0,,,,,4,5.3,ok
TIC 452501166,140.5246,-73.544,7.48,0,,,,,10,32.3,ok
TIC 103938984,195.3882,-32.5591,7.48,0,,,,,2,3.2,ok
TIC 458156631,159.2782,-55.1951,7.48,0,,,,,5,6.1,ok
TIC 392467406,205.2111,-17.7927,7.48,0,,,,,2,2.5,ok
TIC 103913841,195.043,-32.0427,7.48,0,,,,,2,2.6,ok
TIC 294981037,72.2405,-67.7142,7.48,0,,,,,31,11.5,ok
TIC 102309758,196.1876,-40.6826,7.48,0,,,,,3,4.0,ok
TIC 38634217,65.0794,-63.1738,7.49,1,1.7211,20.3,rejete,variabilite_continue;eclipse_secondaire,43,14.2,ok
TIC 139313308,151.7867,-52.534,7.49,0,,,,,3,4.0,ok
TIC 391050772,161.046,-60.056,7.49,0,,,,,6,7.7,ok
TIC 385352011,196.2585,-17.6787,7.49,0,,,,,4,25.0,ok
TIC 303021887,155.0783,-66.0635,7.49,0,,,,,4,5.2,ok
TIC 405149487,180.9437,-44.1227,7.49,0,,,,,4,5.5,ok
TIC 370494046,143.6239,-66.1222,7.49,0,,,,,5,6.8,ok
TIC 162246786,168.8725,-44.3953,7.49,0,,,,,7,8.4,ok
TIC 451445219,171.5056,-59.3529,7.49,0,,,,,3,4.1,ok
TIC 452035938,173.2729,-54.3246,7.5,0,,,,,6,7.4,ok
TIC 405565109,190.3584,-59.7942,7.5,0,,,,,2,2.8,ok
TIC 163620695,174.3817,-47.3047,7.5,0,,,,,1,1.6,ok
TIC 300139852,108.7349,-68.0719,7.5,0,,,,,41,11.9,ok
TIC 320997982,175.1222,-64.4644,7.5,0,,,,,6,7.2,ok
TIC 149390710,83.9068,-62.0525,7.5,0,,,,,42,12.0,ok
TIC 308337111,180.4056,-63.5634,7.5,0,,,,,8,9.5,ok
TIC 451140671,187.8022,-61.9088,7.5,0,,,,,8,9.3,ok
TIC 412377654,192.8867,-59.2822,7.5,0,,,,,5,6.2,ok
TIC 280941418,174.0995,-70.996,7.51,0,,,,,5,6.1,ok
TIC 382507922,117.1982,-61.1622,7.51,0,,,,,31,11.8,ok
TIC 370228164,85.5667,-75.8306,7.51,0,,,,,33,11.6,ok
TIC 293271232,98.6952,-63.2622,7.51,0,,,,,30,11.6,ok
TIC 150431791,97.3281,-61.0055,7.51,0,,,,,43,12.8,ok
TIC 15367231,185.0805,-51.2186,7.51,0,,,,,7,8.3,ok
TIC 92623536,173.4837,-48.8199,7.51,0,,,,,5,6.6,ok
TIC 302368715,133.4771,-66.8003,7.51,0,,,,,12,12.3,ok
TIC 31509222,89.31,-69.4775,7.51,0,,,,,35,11.6,ok
TIC 288375338,192.6063,-47.2225,7.51,0,,,,,3,4.0,ok
TIC 167303382,97.9855,-68.7125,7.52,0,,,,,40,11.5,ok
TIC 462119483,150.3074,-56.6691,7.52,0,,,,,7,9.4,ok
TIC 334034005,182.5256,-49.1811,7.52,0,,,,,3,3.8,ok
TIC 364423010,119.6145,-65.0052,7.52,0,,,,,34,12.0,ok
TIC 442127965,145.9721,-57.6365,7.53,0,,,,,6,11.7,ok
TIC 72937948,210.6138,-24.6656,7.53,0,,,,,2,8.7,ok
TIC 355374784,131.1044,-62.5253,7.54,0,,,,,8,15.0,ok
TIC 454667303,174.1613,-73.3537,7.54,0,,,,,1,4.4,ok
TIC 177258735,102.2209,-73.2991,7.54,0,,,,,41,14.7,ok
TIC 102219915,195.9024,-38.9685,7.54,0,,,,,1,4.9,ok
TIC 45687531,131.1009,-57.7687,7.54,0,,,,,7,10.6,ok
TIC 163587609,174.4039,-46.7095,7.54,0,,,,,4,11.6,ok
TIC 384947603,137.054,-57.5554,7.54,0,,,,,7,9.3,ok
TIC 248220524,194.7803,-45.9621,7.54,0,,,,,2,2.5,ok
TIC 29781865,65.2202,-66.2406,7.54,0,,,,,12,11.1,ok
TIC 438598966,201.4359,-47.8191,7.54,0,,,,,6,7.5,ok
TIC 235044245,82.437,-53.2657,7.54,0,,,,,22,12.7,ok
TIC 262498404,109.8875,-57.4488,7.55,0,,,,,29,12.0,ok
TIC 135162188,185.4995,-41.0599,7.55,0,,,,,3,3.7,ok
TIC 448641598,177.429,-32.4437,7.55,0,,,,,3,3.8,ok
TIC 72863287,189.0214,-42.3095,7.55,0,,,,,3,4.1,ok
TIC 323246698,130.0843,-79.6744,7.55,0,,,,,10,11.6,ok
TIC 270677372,87.8698,-53.6559,7.56,0,,,,,22,11.2,ok
TIC 461125245,159.7602,-64.9749,7.56,0,,,,,7,8.7,ok
TIC 458859916,161.2647,-59.6845,7.56,0,,,,,7,8.4,ok
TIC 111840813,208.0739,-30.785,7.56,0,,,,,1,1.6,ok
TIC 386576264,139.5893,-59.6462,7.56,0,,,,,5,6.0,ok
TIC 20540964,200.6345,-22.9527,7.56,0,,,,,2,3.2,ok
TIC 422434964,199.0244,-21.9177,7.57,0,,,,,2,2.8,ok
TIC 361157755,143.7348,-64.9992,7.57,1,2.5449,11.3,rejete,variabilite_continue;eclipse_secondaire,6,10.5,ok
TIC 97973318,199.7427,-25.5957,7.57,0,,,,,3,3.9,ok
TIC 457801419,158.2951,-58.4986,7.57,0,,,,,3,3.6,ok
TIC 31746672,49.4342,-68.1597,7.57,0,,,,,15,10.6,ok
TIC 302529168,134.3432,-69.6416,7.57,0,,,,,11,12.6,ok
TIC 437298023,191.3863,-20.1457,7.57,0,,,,,1,1.4,ok
TIC 30278488,197.7149,-39.493,7.57,0,,,,,1,1.5,ok
TIC 272909259,188.3327,-54.9812,7.57,0,,,,,8,9.0,ok
TIC 454360693,168.1,-74.2094,7.58,0,,,,,2,2.5,ok
TIC 457332854,157.0701,-59.3502,7.58,0,,,,,2,2.8,ok
TIC 203361362,204.5557,-23.6884,7.58,0,,,,,2,3.1,ok
TIC 278291931,113.1051,-78.0858,7.58,0,,,,,26,11.5,ok
TIC 260160453,92.7082,-59.7999,7.58,0,,103.2,rejete,variabilite_continue;eclipse_secondaire,39,14.0,ok
TIC 390759555,160.8726,-64.0684,7.58,0,,,,,7,8.2,ok
TIC 390440616,160.6598,-64.6779,7.58,0,,,,,7,8.4,ok
TIC 150250617,94.4575,-64.0301,7.58,0,,,,,29,10.7,ok
TIC 60645844,189.2322,-24.1501,7.58,0,,,,,3,3.8,ok
TIC 332166162,179.3143,-48.7436,7.58,0,,,,,3,3.9,ok
TIC 294780563,71.2832,-68.0208,7.58,0,,,,,41,11.3,ok
TIC 147416725,163.1387,-46.2172,7.58,0,,,,,4,4.8,ok
TIC 131042293,189.3128,-35.1017,7.58,0,,,,,2,2.5,ok
TIC 140578304,67.9836,-75.6816,7.59,0,,,,,43,11.4,ok
TIC 286865755,190.1793,-19.728,7.59,0,,,,,2,2.4,ok
TIC 219889925,208.4592,-21.2186,7.59,0,,,,,4,4.8,ok
TIC 397330244,174.9432,-45.9783,7.59,0,,,,,1,1.7,ok
TIC 311645436,181.3795,-67.8519,7.59,0,,,,,3,3.6,ok
TIC 30178988,197.2948,-39.8737,7.59,0,,,,,1,1.6,ok
TIC 370236914,105.2382,-72.5605,7.59,0,,,,,44,11.1,ok
TIC 998591771,189.3126,-35.1017,7.59,0,,,,,1,1.7,ok
TIC 303771326,139.9601,-71.0095,7.59,0,,,,,3,3.4,ok
TIC 220628281,155.5235,-49.5313,7.59,0,,,,,4,4.8,ok
TIC 142391542,181.8449,-32.6619,7.6,0,,,,,3,4.0,ok
TIC 371447996,147.6312,-67.1395,7.6,0,,,,,3,3.6,ok
TIC 144289338,189.317,-40.8122,7.6,0,,,,,4,5.3,ok
TIC 443620362,186.0894,-25.2114,7.6,0,,,,,2,2.9,ok
TIC 405604881,202.0535,-31.5522,7.6,0,,,,,2,2.7,ok
TIC 357633579,137.9747,-60.3025,7.6,0,,,,,5,6.2,ok
TIC 462686632,151.7206,-53.9133,7.6,0,,,,,5,6.4,ok
TIC 411813368,189.6004,-57.9881,7.6,0,,,,,4,5.7,ok
TIC 38583375,63.5915,-64.9682,7.6,0,,,,,36,11.2,ok
TIC 49321840,205.1959,-28.2419,7.6,0,,,,,3,3.8,ok
TIC 286960229,206.6895,-20.8518,7.61,0,,,,,2,2.5,ok
TIC 142171923,180.1008,-30.3366,7.61,0,,,,,4,4.6,ok
TIC 401366903,192.0262,-35.7026,7.61,0,,,,,2,2.6,ok
TIC 450555880,168.9455,-58.8873,7.61,0,,,,,3,3.7,ok
TIC 372096094,150.0153,-66.2762,7.61,0,,,,,4,4.7,ok
TIC 73486122,191.083,-42.0798,7.61,0,,,,,2,2.5,ok
TIC 219767118,192.5454,-20.366,7.61,0,,,,,3,4.6,ok
TIC 375222834,133.9554,-76.2491,7.61,0,,,,,7,8.1,ok
TIC 170497893,184.7733,-33.7454,7.61,0,,,,,1,1.5,ok
TIC 141943941,95.3334,-75.128,7.62,0,,,,,41,11.2,ok
TIC 376333988,152.8838,-61.2393,7.62,0,,,,,6,7.3,ok
TIC 204695468,185.4099,-27.2731,7.62,0,,,,,3,3.6,ok
TIC 31104764,76.4957,-68.4164,7.62,0,,,,,41,10.5,ok
TIC 92998040,174.2079,-47.9946,7.63,0,,,,,1,2.0,ok
TIC 286909791,190.3776,-20.6168,7.63,0,,,,,2,2.6,ok
TIC 450975851,170.2155,-58.4865,7.63,0,,,,,3,3.9,ok
TIC 458908660,161.2347,-56.2895,7.63,0,,,,,3,3.5,ok
TIC 55451918,70.5878,-63.2154,7.63,0,,,,,31,11.2,ok
TIC 55741018,74.59,-63.2137,7.63,0,,,,,43,11.3,ok
TIC 60612220,188.7537,-26.7127,7.64,0,,,,,2,2.9,ok
TIC 130845934,187.7841,-31.6357,7.64,0,,,,,2,2.6,ok
TIC 135097390,185.2894,-38.3028,7.64,0,,,,,4,4.4,ok
TIC 33861444,64.7529,-75.718,7.64,0,,,,,42,10.9,ok
TIC 279157426,103.0538,-56.509,7.64,0,,,,,40,11.1,ok
TIC 261754710,185.8951,-59.5421,7.64,0,,,,,4,5.4,ok
TIC 177174590,105.1881,-71.396,7.64,0,,,,,41,11.6,ok
TIC 332638752,180.2032,-48.4036,7.64,0,,,,,2,2.6,ok
TIC 359267128,140.0488,-60.4863,7.64,0,,,,,4,25.7,ok
TIC 347752831,198.54,-16.5596,7.64,0,,,,,5,7.3,ok
TIC 372913684,119.5121,-60.6147,7.64,0,,,,,22,12.5,ok
TIC 287670422,198.6662,-46.8576,7.64,0,,13.9,rejete,variabilite_continue;eclipse_secondaire,6,9.0,ok
TIC 260043481,91.512,-59.5476,7.64,0,,,,,43,12.3,ok
TIC 30070099,206.5737,-30.4746,7.64,0,,,,,3,3.9,ok
TIC 349973705,114.5656,-63.574,7.65,0,,,,,34,12.5,ok
TIC 465107704,162.6915,-64.4794,7.65,0,,,,,8,10.5,ok
TIC 271576444,105.8805,-77.943,7.65,0,,,,,32,11.3,ok
TIC 453363900,150.0476,-72.5597,7.65,0,,,,,4,4.8,ok
TIC 181229199,174.8722,-37.4315,7.65,0,,,,,4,5.0,ok
TIC 453079732,113.6405,-70.3818,7.66,0,,,,,41,11.3,ok
TIC 384722301,136.85,-59.1497,7.66,0,,,,,8,9.3,ok
TIC 447283834,157.0762,-52.5614,7.66,0,,,,,6,7.6,ok
TIC 389257862,182.5697,-35.0567,7.66,0,,,,,2,2.7,ok
TIC 448807213,182.4486,-33.4876,7.66,0,,,,,6,6.7,ok
TIC 359271092,140.3966,-60.2809,7.67,0,,,,,7,8.2,ok
TIC 141626634,89.7251,-75.1585,7.67,0,,,,,32,10.9,ok
TIC 38698083,66.3649,-65.8129,7.67,0,,,,,42,11.7,ok
TIC 400331358,166.0878,-69.9289,7.67,0,,,,,4,5.1,ok
TIC 32053388,57.6532,-66.3441,7.67,0,,,,,24,11.2,ok
TIC 441827144,207.2218,-29.6613,7.67,0,,,,,2,2.9,ok
TIC 272806460,188.0677,-56.4679,7.67,0,,,,,4,5.0,ok
TIC 152113400,169.8137,-40.2828,7.67,0,,,,,4,4.7,ok
TIC 438079607,142.0588,-53.9208,7.67,0,,,,,7,8.6,ok
TIC 103830557,194.5796,-32.8243,7.68,0,,,,,2,2.7,ok
TIC 405606523,202.0624,-33.7069,7.68,0,,,,,3,3.6,ok
TIC 419848241,191.6061,-57.9504,7.68,0,,,,,3,4.0,ok
TIC 381925156,76.3284,-56.7816,7.68,0,,,,,31,11.8,ok
TIC 150320178,95.7155,-64.5427,7.68,0,,,,,33,11.2,ok
TIC 389936573,182.592,-55.1286,7.68,0,,,,,3,3.5,ok
TIC 287676188,198.6487,-42.2026,7.68,1,3.3745,22.3,rejete,variabilite_continue;eclipse_secondaire,2,3.4,ok
TIC 270627594,87.2348,-53.462,7.68,0,,,,,26,11.2,ok
TIC 120776072,164.1226,-48.332,7.68,0,,,,,5,5.7,ok
TIC 309476899,125.1774,-64.0648,7.68,0,,,,,9,9.7,ok
TIC 1668722,188.4105,-17.7939,7.68,0,,,,,4,5.0,ok
TIC 141865875,93.802,-77.0523,7.69,0,,37.5,rejete,variabilite_continue;eclipse_secondaire,45,14.7,ok
TIC 398009169,160.2585,-66.0958,7.69,0,,,,,6,7.5,ok
TIC 219887403,208.4849,-19.1683,7.69,0,,,,,1,1.5,ok
TIC 371375715,147.3083,-70.0753,7.69,0,,,,,5,6.3,ok
TIC 231726168,81.2366,-50.9757,7.7,0,,,,,12,11.6,ok
TIC 166242190,192.663,-51.9127,7.7,0,,,,,2,2.6,ok
TIC 301219220,178.2688,-58.2535,7.7,0,,,,,3,4.0,ok
TIC 93761300,175.983,-52.5988,7.7,0,,,,,2,2.8,ok
TIC 467480241,168.5985,-61.1595,7.7,0,,65.5,rejete,variabilite_continue;eclipse_secondaire,5,8.0,ok
TIC 41364284,92.8391,-69.7599,7.7,0,,,,,28,12.0,ok
TIC 167814517,105.1799,-61.1417,7.7,0,,,,,32,11.4,ok
TIC 5911482,188.1051,-22.1711,7.7,0,,,,,2,2.8,ok
TIC 433838033,190.8138,-61.6489,7.7,0,,107.3,rejete,variabilite_continue;eclipse_secondaire,7,10.6,ok
TIC 38587180,64.1641,-64.3154,7.7,0,,41.9,rejete,variabilite_continue;eclipse_secondaire,32,16.0,ok
TIC 181823066,189.5732,-14.0596,7.7,0,,,,,3,3.9,ok
TIC 425083216,83.104,-67.6982,7.7,1,3.3687,13.4,rejete,variabilite_continue;eclipse_secondaire,11,15.0,ok
TIC 150062447,91.314,-62.2935,7.71,0,,,,,36,12.2,ok
TIC 272406021,187.7124,-55.3413,7.71,0,,,,,8,9.2,ok
TIC 281576629,114.1383,-58.3772,7.71,0,,,,,13,10.9,ok
TIC 405575602,191.9239,-58.4322,7.71,0,,,,,4,4.7,ok
TIC 141268467,82.5141,-76.2487,7.71,0,,,,,40,11.4,ok
TIC 307091504,123.7101,-69.6226,7.71,0,,,,,30,11.2,ok
TIC 391051806,161.1884,-59.9115,7.72,0,,,,,6,7.1,ok
TIC 341040849,118.0927,-59.493,7.72,0,,,,,19,10.9,ok
TIC 454109915,176.9988,-40.2917,7.72,0,,,,,5,6.1,ok
TIC 244860691,196.3188,-50.8566,7.72,0,,,,,3,4.1,ok
TIC 162208751,168.7132,-43.8129,7.72,0,,,,,2,2.9,ok
TIC 452734608,195.4726,-19.7749,7.72,0,,,,,3,4.1,ok
TIC 467059272,167.5097,-60.0951,7.72,0,,,,,6,7.2,ok
TIC 437294620,191.1199,-18.5012,7.72,0,,,,,2,2.9,ok
TIC 270419305,206.759,-17.8279,7.72,0,,,,,2,2.9,ok
TIC 293347978,98.9783,-64.8808,7.72,0,,,,,39,11.7,ok
TIC 38699545,66.3036,-61.6215,7.72,0,,,,,43,11.5,ok
TIC 170586096,185.5187,-31.947,7.72,0,,,,,3,4.1,ok
TIC 278730120,99.6107,-58.3378,7.72,0,,,,,43,11.5,ok
TIC 165895758,204.934,-37.1915,7.72,0,,,,,3,3.8,ok
TIC 398923450,162.7236,-68.3623,7.73,0,,,,,6,7.6,ok
TIC 300561691,112.7205,-66.3487,7.73,0,,,,,12,11.9,ok
TIC 378996846,180.8859,-61.0983,7.73,0,,,,,4,5.4,ok
TIC 394393984,153.7479,-78.2828,7.73,0,,10.4,rejete,variabilite_continue;eclipse_secondaire,5,8.7,ok
TIC 93326464,175.1605,-49.5092,7.73,0,,,,,7,8.8,ok
TIC 245431214,200.1114,-49.2238,7.73,0,,11.6,rejete,variabilite_continue;eclipse_secondaire,7,11.3,ok
TIC 9281587,190.9531,-28.7025,7.73,0,,,,,3,4.1,ok
TIC 320560289,174.8721,-61.1625,7.73,0,,,,,5,6.0,ok
TIC 82378373,169.2697,-52.6573,7.73,0,,,,,5,6.1,ok
TIC 287533413,124.6853,-75.0147,7.73,0,,,,,11,12.0,ok
TIC 452479048,139.8498,-77.643,7.73,0,,,,,9,11.7,ok
TIC 452578516,142.73,-74.7699,7.73,0,,,,,9,11.1,ok
TIC 467773371,169.4919,-64.0426,7.74,0,,,,,7,9.6,ok
TIC 271693199,109.768,-76.416,7.74,0,,,,,40,12.9,ok
TIC 374912345,89.0304,-61.4469,7.74,0,,,,,42,12.5,ok
TIC 32086680,202.7516,-18.5175,7.74,0,,,,,3,4.1,ok
TIC 454041982,175.8022,-39.4384,7.74,0,,,,,5,7.3,ok
TIC 45303105,130.2918,-57.4785,7.74,0,,,,,5,6.5,ok
TIC 375064476,100.3168,-64.3598,7.74,0,,,,,31,12.1,ok
TIC 386081718,139.0051,-55.5581,7.74,0,,,,,4,5.5,ok
TIC 161739878,190.3885,-50.1833,7.74,0,,,,,2,3.6,ok
TIC 465107391,162.5013,-64.5414,7.74,0,,,,,3,5.5,ok
TIC 38602419,64.3213,-63.0967,7.74,0,,,,,42,13.2,ok
TIC 32033224,56.0775,-66.6963,7.74,0,,,,,27,11.9,ok
TIC 439138655,143.0547,-56.0049,7.74,0,,,,,6,7.8,ok
TIC 275455212,178.7516,-42.3364,7.75,0,,,,,1,2.0,ok
TIC 994691031,182.8114,-52.2176,7.75,0,,,,,1,1.7,ok
TIC 295032503,169.9691,-70.6184,7.75,0,,,,,6,7.1,ok
TIC 457425111,157.2968,-57.6134,7.75,0,,,,,3,3.7,ok
TIC 244869034,196.6425,-49.6868,7.75,0,,,,,3,3.7,ok
TIC 428714646,196.4419,-18.8259,7.75,0,,,,,5,6.7,ok
TIC 267285863,175.8939,-55.1955,7.75,0,,,,,2,3.0,ok
TIC 391798719,161.7879,-64.2646,7.75,0,,,,,6,8.0,ok
TIC 464152511,155.5767,-55.052,7.75,0,,13.1,rejete,variabilite_continue;eclipse_secondaire,8,12.5,ok
TIC 30100264,206.6195,-33.7743,7.75,0,,,,,2,2.8,ok
TIC 462296459,150.7701,-58.6114,7.75,0,,,,,4,4.9,ok
TIC 364323133,87.879,-63.5312,7.75,0,,,,,26,11.2,ok
TIC 278017333,178.064,-37.7526,7.75,0,,,,,1,15.1,ok
TIC 308850625,122.6917,-62.8956,7.75,0,,,,,12,12.3,ok
TIC 357993299,138.6191,-59.9663,7.76,0,,,,,4,5.1,ok
TIC 248171008,194.2082,-41.914,7.76,0,,,,,2,3.2,ok
TIC 461230237,202.6595,-38.8823,7.76,0,,,,,2,3.2,ok
TIC 355701388,132.3135,-64.7977,7.76,0,,,,,4,4.8,ok
TIC 144492645,190.7118,-39.5023,7.76,0,,,,,3,4.3,ok
TIC 20540966,200.6428,-22.9513,7.76,0,,,,,1,2.6,ok
TIC 124234835,197.2513,-34.3481,7.77,0,,,,,2,3.6,ok
TIC 178711988,166.1798,-46.0992,7.77,0,,13.1,rejete,variabilite_continue;eclipse_secondaire,4,7.5,ok
TIC 144493077,190.5823,-39.9367,7.77,0,,,,,3,4.4,ok
TIC 2492183,194.3973,-12.813,7.77,0,,,,,3,17.2,ok
TIC 376743314,180.9104,-57.5919,7.77,0,,,,,6,7.5,ok
TIC 92244691,172.5469,-49.6493,7.77,0,,,,,3,4.6,ok
TIC 142105308,98.5196,-72.27,7.77,0,,,,,33,11.8,ok
TIC 350182638,115.7983,-61.9012,7.77,0,,,,,39,11.9,ok
TIC 270677079,87.6558,-53.4174,7.78,0,,,,,21,12.5,ok
TIC 389257778,182.586,-35.2354,7.78,0,,,,,2,5.5,ok
TIC 160828197,189.7164,-52.7507,7.78,0,,,,,3,5.2,ok
TIC 297060174,178.815,-66.4095,7.78,0,,,,,4,7.7,ok
TIC 355540615,131.8069,-64.9437,7.78,0,,,,,10,14.4,ok
TIC 391345891,161.541,-64.5955,7.78,0,,,,,7,8.6,ok
TIC 22557251,184.651,-44.1454,7.78,0,,,,,3,4.2,ok
TIC 342888057,125.6915,-57.8885,7.79,0,,,,,9,10.6,ok
TIC 147217908,162.4538,-47.7661,7.79,0,,,,,3,3.8,ok
TIC 462320181,151.0365,-59.3813,7.79,0,,,,,7,8.9,ok
TIC 139370701,67.2684,-69.6122,7.79,0,,,,,34,12.8,ok
TIC 38760904,67.0891,-65.7111,7.79,0,,,,,34,12.2,ok
TIC 204650599,184.8643,-26.108,7.79,0,,,,,3,4.1,ok
TIC 460372891,157.4948,-62.7125,7.79,0,,,,,5,6.1,ok
TIC 72404620,187.2513,-43.2342,7.79,0,,,,,3,4.1,ok
TIC 160529369,189.7039,-51.2156,7.79,0,,,,,4,5.1,ok
TIC 294748147,70.6016,-71.4959,7.79,0,,,,,41,12.3,ok
TIC 384169931,135.8461,-57.7663,7.79,0,,,,,6,8.1,ok
TIC 6080398,200.273,-21.8058,7.8,0,,,,,2,3.1,ok
TIC 22562087,184.8189,-47.8301,7.8,0,,,,,6,7.5,ok
TIC 350715999,88.3989,-56.6708,7.8,0,,,,,34,11.9,ok
TIC 144491271,190.6335,-37.9028,7.8,0,,,,,2,3.2,ok
TIC 55649929,73.7933,-63.9589,7.8,0,,,,,40,11.9,ok
TIC 341112260,118.6561,-58.7322,7.8,0,,,,,14,11.9,ok
TIC 261417533,95.2491,-78.4123,7.8,0,,,,,41,12.3,ok
TIC 124284776,197.5873,-34.7792,7.8,0,,,,,1,1.8,ok
TIC 349155285,108.276,-63.3415,7.81,0,,,,,35,12.1,ok
TIC 451280762,170.9706,-59.3048,7.81,0,,,,,6,8.1,ok
TIC 410654298,177.0051,-66.1139,7.81,0,,,,,8,9.7,ok
TIC 130731636,186.8693,-30.0852,7.81,0,,,,,2,2.7,ok
TIC 91474697,170.9625,-52.8421,7.81,0,,,,,3,3.6,ok
TIC 124306858,197.6649,-35.0567,7.81,0,,,,,2,3.3,ok
TIC 375896125,179.0865,-53.8999,7.81,0,,,,,1,1.8,ok
TIC 261205435,87.6758,-79.3,7.81,0,,,,,30,12.4,ok
TIC 5914520,193.3146,-18.5269,7.81,0,,,,,3,3.9,ok
TIC 313392144,183.4625,-69.0598,7.81,0,,,,,5,6.8,ok
TIC 141545616,88.391,-75.3439,7.82,0,,,,,40,11.3,ok
TIC 170459990,184.4877,-35.8322,7.82,0,,,,,3,4.2,ok
TIC 124307241,197.6838,-35.6412,7.82,0,,,,,2,2.8,ok
TIC 83133371,188.4551,-23.5164,7.82,0,,,,,2,3.2,ok
TIC 83136506,188.5556,-21.7242,7.82,0,,,,,3,3.9,ok
TIC 122093026,132.9666,-57.2936,7.82,0,,,,,10,12.0,ok
TIC 124338495,197.9377,-35.619,7.82,0,,,,,2,2.8,ok
TIC 167748771,103.5499,-62.4635,7.82,0,,,,,41,12.0,ok
TIC 99180309,183.9998,-26.5647,7.82,0,,,,,3,3.9,ok
TIC 141609430,88.7251,-75.4583,7.82,0,,,,,40,11.6,ok
TIC 273452369,186.248,-50.1919,7.82,0,,,,,3,3.9,ok
TIC 411616567,185.4846,-57.0487,7.83,0,,,,,4,5.2,ok
TIC 167797285,104.5429,-60.2962,7.83,0,,,,,41,11.8,ok
TIC 386899832,139.9329,-59.4782,7.83,0,,,,,7,8.8,ok
TIC 306512813,119.0662,-69.6451,7.83,0,,,,,44,11.6,ok
TIC 344752834,156.916,-67.3673,7.83,0,,,,,4,5.2,ok
TIC 421184842,175.4987,-45.6491,7.83,0,,,,,1,1.5,ok
TIC 364592454,86.1922,-72.6631,7.83,0,,,,,30,11.4,ok
TIC 334972033,184.738,-53.8723,7.83,0,,,,,1,1.5,ok
TIC 390322552,183.8865,-59.1834,7.83,0,,,,,5,6.2,ok
TIC 357615546,204.2634,-21.854,7.84,0,,,,,2,2.5,ok
TIC 437327600,207.6196,-19.4108,7.84,0,,,,,3,4.4,ok
TIC 371716837,148.4578,-67.3198,7.84,0,,,,,3,3.8,ok
TIC 167889402,105.1153,-65.9079,7.84,0,,,,,42,11.3,ok
TIC 103917233,195.159,-34.1724,7.84,0,,,,,3,4.2,ok
TIC 390071999,183.5073,-59.3969,7.84,0,,,,,4,5.5,ok
TIC 462636723,151.8791,-57.55,7.84,0,,,,,2,3.0,ok
TIC 304654031,165.3407,-54.5841,7.84,0,,,,,2,2.8,ok
TIC 453734715,158.1338,-72.4285,7.84,0,,,,,5,6.0,ok
TIC 22316553,183.7345,-47.9486,7.84,0,,,,,5,6.3,ok
TIC 304142124,164.8551,-56.6238,7.84,0,,,,,6,8.0,ok
TIC 219959873,208.712,-21.5068,7.84,0,,,,,2,2.7,ok
TIC 383346621,183.8268,-63.4251,7.84,0,,,,,8,10.1,ok
TIC 442653458,146.4436,-57.0011,7.84,0,,,,,4,5.3,ok
TIC 167796443,104.36,-60.8512,7.85,0,,,,,44,12.0,ok
TIC 405630003,191.377,-15.5083,7.85,0,,,,,3,3.8,ok
TIC 91633988,171.4191,-53.5717,7.85,0,,,,,2,2.9,ok
TIC 30098276,206.5439,-35.1728,7.85,0,,,,,2,2.6,ok
TIC 314457370,184.7662,-66.6597,7.85,0,,,,,3,3.9,ok
TIC 260297096,94.4102,-58.5258,7.85,0,,,,,30,12.0,ok
TIC 301226897,178.2829,-56.7273,7.85,0,,,,,7,8.9,ok
TIC 151916374,168.3828,-41.6573,7.85,0,,,,,3,3.8,ok
TIC 228760934,194.1292,-26.5864,7.85,0,,,,,3,3.6,ok
TIC 167524563,100.5307,-64.5238,7.85,0,,,,,38,11.2,ok
TIC 405603265,201.9366,-30.7838,7.85,0,,,,,1,1.5,ok
TIC 161162039,189.9422,-49.1989,7.85,0,,,,,7,8.7,ok
TIC 389570196,86.5232,-67.7097,7.85,0,,,,,24,12.3,ok
TIC 453813834,199.3703,-42.9331,7.85,0,,,,,5,6.5,ok
TIC 124841256,201.2949,-31.1989,7.86,0,,,,,2,2.6,ok
TIC 454459867,169.8716,-74.0055,7.86,0,,,,,4,5.5,ok
TIC 452579325,142.7491,-74.1531,7.86,0,,,,,5,6.0,ok
TIC 178889932,195.1845,-39.2953,7.86,0,,,,,2,3.0,ok
TIC 167009292,94.8426,-66.061,7.86,0,,,,,34,12.3,ok
TIC 219150008,89.7247,-53.8013,7.86,0,,,,,22,12.2,ok
TIC 260418789,95.9079,-56.109,7.86,0,,,,,40,12.4,ok
TIC 380135953,180.754,-43.3361,7.86,0,,,,,4,4.8,ok
TIC 315836258,171.2739,-60.7346,7.86,0,,,,,3,3.8,ok
TIC 149972207,89.9754,-62.8087,7.86,0,,,,,31,11.8,ok
TIC 300871376,117.6959,-70.7781,7.86,0,,,,,33,12.1,ok
TIC 467049852,167.5169,-60.9791,7.86,0,,,,,2,2.8,ok
TIC 165457537,180.2004,-37.4791,7.86,0,,,,,2,3.1,ok
TIC 311588504,185.9498,-63.986,7.87,0,,,,,3,3.9,ok
TIC 453933881,153.9096,-70.2632,7.87,0,,,,,4,5.3,ok
TIC 219414862,79.2264,-52.4527,7.87,0,,,,,9,11.6,ok
TIC 144573137,191.0591,-37.2374,7.87,0,,,,,3,4.0,ok
TIC 287530364,124.2177,-76.4262,7.87,0,,,,,11,11.8,ok
TIC 55663264,74.371,-61.2874,7.87,0,,,,,39,11.4,ok
TIC 31383649,88.7143,-70.5079,7.87,0,,,,,28,12.4,ok
TIC 278823382,100.0911,-59.1231,7.87,0,,,,,31,12.2,ok
TIC 260303793,94.5259,-56.4439,7.87,0,,,,,33,12.0,ok
TIC 454010595,175.1711,-38.576,7.87,0,,,,,3,4.0,ok
TIC 287718001,125.9081,-74.1659,7.87,0,,,,,15,13.6,ok
TIC 58493240,201.7599,-24.2908,7.88,0,,,,,3,4.0,ok
TIC 268472260,176.9175,-58.331,7.88,0,,,,,3,4.1,ok
TIC 355243817,130.5993,-65.2382,7.88,0,,,,,4,18.6,ok
TIC 229889130,198.8345,-24.0006,7.88,0,,,,,2,2.6,ok
TIC 375895280,178.9311,-54.1807,7.88,0,,,,,7,9.2,ok
TIC 320229746,174.84,-63.2809,7.88,0,,,,,5,6.4,ok
TIC 286962307,206.82,-20.287,7.88,0,,,,,3,3.9,ok
TIC 394592297,157.7626,-78.1642,7.88,0,,,,,7,10.4,ok
TIC 167526213,100.5957,-61.2241,7.88,0,,,,,39,13.6,ok
TIC 391927456,107.6249,-72.3427,7.88,0,,,,,31,12.0,ok
TIC 332260693,179.5782,-51.5159,7.88,0,,,,,3,3.8,ok
TIC 373035884,153.0771,-68.0678,7.88,0,,,,,7,9.3,ok
TIC 437371531,141.1644,-58.689,7.88,0,,,,,4,4.8,ok
TIC 411425345,183.4689,-55.2072,7.88,0,,,,,4,5.1,ok
TIC 287298969,82.3553,-66.439,7.88,0,,,,,37,12.9,ok
TIC 378419727,155.2079,-63.4477,7.89,0,,,,,3,3.9,ok
TIC 458726973,160.7965,-59.7392,7.89,0,,,,,7,9.2,ok
TIC 391345783,161.6675,-64.6158,7.89,0,,,,,?,1.1,erreur
TIC 350522196,86.3126,-55.7249,7.89,0,,,,,41,12.6,ok
TIC 162308238,169.2445,-46.5329,7.89,0,,,,,2,3.1,ok
TIC 290715364,84.1373,-51.7749,7.89,0,,,,,9,11.3,ok
TIC 145016539,193.603,-39.4771,7.89,0,,,,,2,3.0,ok
TIC 260370233,95.2583,-54.9352,7.89,0,,,,,38,13.2,ok
TIC 422289714,202.7749,-16.3528,7.89,0,,,,,2,2.9,ok
TIC 295882266,171.7448,-69.0468,7.89,0,,,,,7,8.6,ok
TIC 150360766,96.3534,-62.4223,7.89,0,,,,,38,12.4,ok
TIC 422327572,203.1921,-17.7593,7.89,0,,,,,2,2.7,ok
TIC 149347480,83.6093,-60.104,7.9,0,,,,,42,11.8,ok
TIC 72643856,208.7589,-29.0911,7.9,0,,,,,3,3.9,ok
TIC 151940781,168.8691,-41.5103,7.9,0,,,,,1,1.8,ok
TIC 377374093,154.1665,-62.3057,7.91,0,,,,,4,5.2,ok
TIC 220421191,71.9532,-58.361,7.91,0,,,,,32,12.3,ok
TIC 107018422,182.8406,-32.6325,7.91,0,,,,,4,5.3,ok
TIC 170439134,184.4425,-31.2027,7.91,0,,,,,1,1.5,ok
TIC 102186563,195.4655,-36.1148,7.91,0,,,,,2,2.8,ok
TIC 276861788,83.2879,-65.9421,7.91,0,,,,,34,12.9,ok
TIC 358817580,139.3919,-63.3871,7.91,0,,,,,10,12.3,ok
TIC 310024075,127.2803,-61.8733,7.91,0,,,,,8,9.7,ok
TIC 447283466,157.0984,-51.7055,7.91,0,,,,,6,7.7,ok
TIC 140576174,67.4944,-72.2755,7.91,0,,,,,32,12.0,ok
TIC 389750989,87.0809,-70.3461,7.91,0,,,,,38,12.7,ok
TIC 308902903,184.5042,-64.1864,7.91,0,,,,,2,2.6,ok
TIC 458859990,161.2746,-59.6683,7.91,0,,,,,6,7.2,ok
TIC 150390619,96.5129,-64.3303,7.91,0,,,,,35,12.2,ok
TIC 306146030,166.4131,-56.8623,7.91,0,,,,,2,2.8,ok
TIC 453650192,156.5326,-76.4515,7.92,0,,,,,9,11.2,ok
TIC 21165290,186.9495,-50.3358,7.92,0,,,,,3,3.6,ok
TIC 466880470,167.1669,-60.7144,7.92,0,,,,,1,1.8,ok
TIC 315717614,171.304,-61.3691,7.92,1,3.212,11.3,rejete,variabilite_continue;eclipse_secondaire;compagnon_trop_gros_18.5Rjup,4,7.0,ok
TIC 309484693,139.4734,-78.4284,7.92,0,,,,,6,8.0,ok
TIC 40405143,77.3581,-69.7139,7.92,0,,,,,40,12.3,ok
TIC 30073069,196.7456,-37.745,7.92,0,,,,,2,2.8,ok
TIC 134810229,183.3051,-41.8026,7.93,0,,,,,2,2.8,ok
TIC 286912002,190.4786,-21.7936,7.93,0,,,,,2,2.8,ok
TIC 58465153,201.6626,-24.2938,7.93,0,,,,,3,3.6,ok
TIC 404763926,84.8986,-67.0418,7.93,0,,,,,29,12.6,ok
TIC 453481812,152.8551,-74.4598,7.93,0,,,,,5,6.9,ok
TIC 454078395,176.5288,-38.1483,7.93,0,,,,,4,4.8,ok
TIC 454578103,172.4831,-73.3754,7.93,0,,,,,4,5.1,ok
TIC 322238379,176.014,-60.4593,7.93,0,,,,,4,5.4,ok
TIC 444676711,147.5611,-58.0458,7.94,0,,,,,6,7.3,ok
TIC 392505916,175.2793,-71.167,7.94,0,,,,,3,4.1,ok
TIC 306511307,119.1376,-67.7722,7.94,0,,,,,39,12.4,ok
TIC 951944313,199.3492,-21.538,7.94,0,,,,,1,1.7,ok
TIC 345943668,193.4255,-13.6446,7.94,0,,,,,4,4.9,ok
TIC 300653260,114.2304,-68.5106,7.94,0,,,,,43,12.0,ok
TIC 451056341,187.6301,-61.8179,7.94,0,,13.0,rejete,variabilite_continue;eclipse_secondaire,2,3.7,ok
TIC 342607485,124.9234,-58.8904,7.94,0,,,,,6,7.5,ok
TIC 169785944,194.3402,-48.636,7.94,0,,,,,2,3.0,ok
TIC 271598242,108.8565,-77.0299,7.94,0,,,,,40,12.3,ok
TIC 316367014,171.8622,-63.6186,7.94,0,,,,,4,4.8,ok
TIC 359654387,141.0967,-63.7188,7.94,0,,,,,5,6.6,ok
TIC 401369356,192.1629,-31.41,7.94,0,,,,,3,4.0,ok
TIC 229465753,197.3378,-27.728,7.94,0,,,,,2,2.6,ok
TIC 422417191,198.8057,-19.2054,7.95,0,,,,,3,3.7,ok
TIC 130866502,187.8963,-33.6705,7.95,0,,,,,2,2.6,ok
TIC 260419879,95.888,-58.1788,7.95,0,,,,,43,11.8,ok
TIC 437299331,191.4936,-20.0753,7.95,0,,,,,1,1.5,ok
TIC 5967427,193.4245,-23.1092,7.95,0,,,,,2,2.9,ok
TIC 303117779,164.0035,-59.5213,7.95,0,,,,,3,4.2,ok
TIC 303610721,139.4378,-66.6908,7.96,0,,,,,6,7.2,ok
TIC 339962133,112.5894,-57.4454,7.96,0,,,,,25,11.6,ok
TIC 134956715,184.207,-41.0695,7.96,0,,,,,2,2.6,ok
TIC 318377553,173.0417,-65.4198,7.96,0,,,,,2,3.0,ok
TIC 286942732,206.57,-18.0083,7.96,0,,,,,1,1.9,ok
TIC 244868276,196.6161,-49.2541,7.96,0,,,,,2,2.7,ok
TIC 131061409,189.4641,-32.4518,7.96,0,,,,,3,3.9,ok
TIC 397135218,130.7359,-77.1177,7.96,0,,21.7,rejete,variabilite_continue;eclipse_secondaire,7,11.2,ok
TIC 452385066,137.5521,-71.9791,7.96,0,,,,,10,12.4,ok
TIC 350764186,88.9565,-56.5284,7.96,0,,,,,29,11.2,ok
TIC 465246256,162.8493,-62.1426,7.96,0,,,,,5,5.9,ok
TIC 273056165,178.7602,-48.7402,7.96,0,,,,,2,3.0,ok
TIC 309555787,125.4429,-60.3758,7.96,0,,,,,8,9.4,ok
TIC 334682915,183.715,-51.7313,7.97,0,,,,,2,2.8,ok
TIC 149665755,87.6626,-65.26,7.97,0,,,,,24,11.9,ok
TIC 80782043,166.1852,-49.1042,7.97,0,,,,,2,2.6,ok
TIC 279477561,105.2852,-57.1918,7.97,0,,,,,29,11.2,ok
TIC 382437069,117.1608,-63.6888,7.97,0,,,,,29,11.3,ok
TIC 405628765,191.2583,-16.0433,7.97,0,,,,,1,1.6,ok
TIC 440647911,144.5236,-56.9609,7.97,0,,,,,7,8.1,ok
TIC 464972160,162.0975,-62.5638,7.97,0,,,,,4,5.4,ok
TIC 167526477,100.3881,-60.6876,7.97,0,,,,,38,11.3,ok
TIC 375863000,152.2887,-60.4161,7.97,0,,,,,5,6.9,ok
TIC 463720627,154.4098,-59.3549,7.97,0,,,,,2,2.7,ok
TIC 162362584,169.348,-43.8845,7.98,0,,,,,4,4.9,ok
TIC 162482662,169.9233,-43.1553,7.98,0,,,,,4,4.8,ok
TIC 318670307,173.325,-63.1045,7.98,0,,,,,7,11.3,ok
TIC 333572849,181.8194,-52.7042,7.98,0,,,,,1,1.6,ok
TIC 441839901,207.6897,-28.3127,7.98,0,,,,,3,4.2,ok
TIC 279430029,105.0432,-56.9069,7.98,1,1.1207,59.0,rejete,variabilite_continue;eclipse_secondaire,40,14.2,ok
TIC 390229606,183.711,-55.7899,7.98,0,,,,,5,6.6,ok
TIC 363236260,146.0298,-53.7453,7.98,0,,,,,6,7.2,ok
TIC 287610404,198.3645,-45.7364,7.98,0,,,,,2,2.6,ok
TIC 163354882,173.2813,-43.7391,7.98,0,,,,,2,2.8,ok
TIC 310645192,129.2195,-63.6276,7.98,0,,,,,11,11.3,ok
TIC 453551017,154.218,-74.4271,7.98,0,,,,,5,6.6,ok
TIC 29778225,64.8193,-65.9666,7.99,0,,,,,44,10.9,ok
TIC 290023226,192.3625,-17.1458,7.99,0,,,,,1,1.6,ok
TIC 144155897,188.7011,-41.2342,7.99,0,,,,,3,3.9,ok
TIC 349765573,112.8071,-62.5133,7.99,2,12.7346;2.3883,36.2,rejete,variabilite_continue,10,16.5,ok
TIC 58715647,203.1455,-29.2957,7.99,0,,,,,1,1.8,ok
TIC 162701530,190.8772,-53.3034,7.99,0,,,,,2,3.1,ok
TIC 151769080,167.7674,-41.5872,7.99,0,,,,,3,3.8,ok
TIC 170571108,185.1395,-30.4385,7.99,0,,,,,3,4.2,ok
TIC 141610050,88.6954,-76.8075,7.99,0,,,,,39,12.1,ok
TIC 167248140,97.6155,-68.9476,7.99,0,,,,,28,11.5,ok
TIC 163377017,173.4052,-46.319,7.99,0,,,,,4,5.5,ok
TIC 466886542,167.098,-61.2849,7.99,0,,,,,5,6.4,ok
TIC 55402208,78.0423,-62.0398,7.99,0,,,,,39,12.1,ok
TIC 22510427,184.6392,-43.0617,7.99,0,,,,,1,1.7,ok
TIC 144371890,189.7925,-40.3687,7.99,0,,,,,2,2.9,ok
TIC 150144415,92.8412,-60.06,7.99,0,,,,,30,11.6,ok
TIC 350144504,115.4415,-65.7901,7.99,0,,,,,35,12.1,ok
TIC 378327941,155.3457,-61.0741,8.0,0,,,,,3,10.5,ok
TIC 309220009,168.1837,-56.9357,8.0,0,,,,,6,7.8,ok
TIC 237933451,58.8262,-65.2843,8.0,0,,,,,34,12.2,ok
TIC 349269343,108.9713,-61.8623,8.0,0,,,,,30,11.9,ok
TIC 163377314,173.4333,-46.5332,8.0,0,,,,,2,2.8,ok
TIC 310028784,127.5038,-60.715,8.0,0,,,,,8,10.5,ok
TIC 357617744,204.4558,-20.1641,8.0,0,,,,,2,2.7,ok
TIC 150357935,96.1953,-62.8364,8.0,0,,12.0,rejete,variabilite_continue;eclipse_secondaire,40,15.8,ok
TIC 391333587,161.3912,-64.7038,8.0,0,,,,,7,9.0,ok
TIC 300241371,109.4017,-71.3341,8.0,0,,,,,30,11.9,ok
TIC 124836842,201.2208,-35.7889,8.0,0,,,,,4,4.8,ok
TIC 303866507,140.223,-69.4164,8.0,0,,,,,7,8.3,ok
TIC 382145521,80.3227,-56.2451,8.0,0,,56.7,rejete,variabilite_continue;eclipse_secondaire,42,15.7,ok
TIC 150063627,91.4257,-60.1056,8.0,0,,,,,29,12.0,ok
TIC 204619086,184.2571,-25.9752,8.0,0,,,,,4,5.1,ok
TIC 228840468,194.5106,-27.1078,8.0,0,,,,,2,2.6,ok
TIC 122326071,133.2347,-59.8377,8.0,0,,113.8,rejete,variabilite_continue;eclipse_secondaire,10,15.5,ok
TIC 458334796,159.8162,-53.8982,8.0,0,,,,,6,7.2,ok
TIC 467666275,169.1193,-60.5676,8.0,0,,19.8,rejete,variabilite_continue;eclipse_secondaire,7,11.5,ok
TIC 55401680,77.9797,-60.655,8.0,0,,,,,31,11.1,ok
TIC 359559917,140.6811,-60.2734,8.0,0,,,,,5,5.7,ok
TIC 266514825,175.2211,-58.4443,8.0,0,,,,,4,4.9,ok
TIC 359569731,140.8305,-63.0563,8.0,0,,,,,6,8.0,ok
TIC 390476282,184.3164,-55.0857,8.0,0,,,,,5,6.0,ok
TIC 363105784,147.0992,-60.1971,8.0,0,,,,,5,6.2,ok
TIC 131411936,203.4101,-34.7141,8.0,0,,,,,3,3.6,ok
TIC 441226365,145.197,-57.1213,8.0,0,,,,,7,8.6,ok
TIC 450816953,169.8453,-56.9713,8.0,0,,,,,1,1.6,ok
TIC 344493250,155.9471,-71.7155,8.0,0,,,,,2,2.8,ok
TIC 49332532,205.4315,-28.7623,8.0,0,,,,,4,4.9,ok
TIC 300658296,114.6477,-68.2706,8.0,0,,,,,43,11.1,ok
TIC 398549160,180.029,-55.2549,8.0,0,,,,,3,3.7,ok
TIC 166558099,192.8142,-50.2669,8.0,0,,,,,2,2.7,ok
TIC 31106039,76.2779,-68.0864,8.0,0,,,,,29,12.3,ok
TIC 61877025,177.7018,-44.9578,8.0,0,,,,,7,8.6,ok
TIC 278777070,99.744,-58.836,8.01,0,,,,,45,11.2,ok
TIC 377493375,154.4683,-60.7916,8.01,0,,,,,5,6.0,ok
TIC 364326091,101.7985,-61.8131,8.01,0,,,,,39,11.1,ok
TIC 32181206,203.5939,-19.1094,8.01,0,,,,,4,4.6,ok
TIC 448695678,181.9771,-34.7905,8.01,0,,,,,5,6.5,ok
TIC 25995719,195.1693,-15.3586,8.01,0,,,,,4,4.6,ok
TIC 287774787,127.1335,-73.1539,8.01,0,,,,,13,11.5,ok
TIC 356358845,134.0346,-62.2209,8.01,0,,,,,7,7.8,ok
TIC 178568588,165.4274,-44.626,8.01,0,,,,,2,2.5,ok
TIC 305200869,178.3804,-64.7884,8.01,0,,,,,6,7.5,ok
TIC 30662199,199.6059,-41.8373,8.01,0,,,,,3,4.0,ok
TIC 130999478,188.866,-30.3088,8.01,0,,,,,2,2.8,ok
TIC 29986479,72.8589,-68.4398,8.01,0,,,,,30,11.8,ok
TIC 454041906,175.7578,-39.5449,8.01,0,,,,,6,7.6,ok
TIC 454333711,167.6206,-73.6595,8.01,0,,,,,4,4.9,ok
TIC 22026413,182.6771,-42.0314,8.01,0,,,,,4,4.7,ok
TIC 163143363,172.4442,-45.4907,8.01,0,,,,,7,8.0,ok
TIC 463685811,154.5738,-57.444,8.01,0,,,,,2,2.6,ok
TIC 272088627,115.5212,-74.9482,8.01,0,,,,,29,12.0,ok
TIC 231729342,81.4601,-53.5824,8.01,0,,,,,23,11.5,ok
TIC 150393049,96.7989,-60.1051,8.01,0,,,,,31,11.4,ok
TIC 170317926,194.6288,-50.6302,8.01,0,,,,,6,7.2,ok
TIC 22394712,186.2518,-21.6633,8.01,0,,,,,4,5.2,ok
TIC 382619435,183.44,-62.9316,8.01,0,,,,,6,9.5,ok
TIC 55478693,71.2144,-64.9763,8.01,0,,,,,32,13.1,ok
TIC 220628997,155.6715,-51.6138,8.01,0,,,,,6,7.2,ok
TIC 30100895,206.6283,-32.7361,8.01,0,,,,,2,2.9,ok
TIC 162808761,171.1048,-47.5058,8.01,0,,,,,6,7.5,ok
TIC 147321342,162.7531,-45.6811,8.01,0,,,,,6,7.5,ok
TIC 25484487,192.8008,-35.9003,8.01,0,,,,,4,5.0,ok
TIC 323172376,129.0904,-78.4952,8.01,0,,,,,7,8.2,ok
TIC 372448825,151.3572,-66.1522,8.01,0,,,,,8,9.0,ok
TIC 449618267,161.4771,-74.5927,8.01,0,,,,,5,6.2,ok
TIC 220477045,75.5281,-57.4834,8.01,0,,,,,29,12.2,ok
TIC 279324004,104.2197,-59.3788,8.01,0,,,,,30,11.8,ok
TIC 363543467,147.704,-65.4465,8.01,0,,,,,7,8.1,ok
TIC 299021914,143.4429,-53.8222,8.01,0,,,,,5,6.3,ok
TIC 309931476,127.0342,-61.5634,8.01,0,,,,,6,8.4,ok
TIC 22512580,184.6957,-43.0237,8.01,0,,,,,4,6.9,ok
TIC 400810093,178.2232,-48.2689,8.01,0,,,,,6,8.6,ok
TIC 107140803,183.224,-31.3049,8.01,0,,,,,5,5.9,ok
TIC 167415965,99.458,-70.9308,8.01,1,9.2772,15.2,rejete,variabilite_continue,40,14.8,ok
TIC 270051339,205.697,-34.928,8.01,0,,,,,3,3.9,ok
TIC 449536470,160.8687,-76.5808,8.01,0,,,,,5,5.6,ok
TIC 152366330,171.1801,-39.0068,8.01,0,,,,,6,8.6,ok
TIC 405089751,185.7005,-67.8142,8.01,0,,,,,8,14.5,ok
TIC 402109184,182.5908,-26.9335,8.01,0,,,,,4,5.0,ok
TIC 1758607,197.2688,-17.6765,8.02,0,,,,,5,6.3,ok
TIC 73229004,190.1747,-44.0058,8.02,0,,,,,4,5.0,ok
TIC 397341795,175.1611,-44.886,8.02,0,,,,,6,7.4,ok
TIC 228697178,194.0339,-25.0021,8.02,0,,,,,3,3.7,ok
TIC 264871967,117.7464,-59.1806,8.02,0,,,,,14,11.7,ok
TIC 228883011,195.0674,-24.117,8.02,0,,,,,3,4.0,ok
TIC 453433668,151.282,-72.0743,8.02,0,,,,,5,6.1,ok
TIC 2518982,194.5437,-16.7721,8.02,0,,,,,5,6.0,ok
TIC 45637272,130.8922,-58.8805,8.02,0,,,,,8,9.9,ok
TIC 162304910,169.2912,-43.8187,8.02,0,,,,,6,6.8,ok
TIC 41488282,93.284,-66.0456,8.02,0,,,,,20,11.9,ok
TIC 342957725,125.7472,-57.133,8.02,0,,,,,3,3.7,ok
TIC 124766750,200.6704,-33.9599,8.02,0,,,,,4,5.0,ok
TIC 450733803,186.9379,-65.3674,8.02,0,,,,,6,7.5,ok
TIC 398944182,190.6321,-31.7094,8.02,0,,,,,3,4.1,ok
TIC 131004153,189.0353,-32.9384,8.02,0,,,,,2,2.7,ok
TIC 165904466,192.6336,-50.1627,8.02,0,,,,,5,5.9,ok
TIC 376276556,179.3942,-54.8148,8.02,0,,,,,5,6.5,ok
TIC 140800765,74.7115,-72.1251,8.02,0,,,,,30,11.0,ok
TIC 375998991,178.9791,-56.5726,8.02,0,,,,,1,1.6,ok
TIC 453503115,195.2901,-46.4751,8.02,0,,,,,5,5.9,ok
TIC 142110261,99.272,-74.796,8.02,0,,,,,29,11.3,ok
TIC 72592698,208.381,-29.0121,8.02,0,,,,,4,5.5,ok
TIC 294728026,169.9233,-71.2484,8.02,0,,,,,4,5.2,ok
TIC 30875397,200.6354,-38.6952,8.02,0,,,,,4,5.1,ok
TIC 82191712,168.6681,-53.5304,8.02,0,,,,,3,3.9,ok
TIC 452580027,142.4743,-73.649,8.02,0,,,,,7,16.0,ok
TIC 437320676,191.7904,-22.3531,8.02,0,,,,,3,3.9,ok
TIC 350717211,88.4022,-54.056,8.02,0,,,,,23,15.1,ok
TIC 103626477,193.3988,-33.3705,8.02,0,,,,,4,6.9,ok
TIC 282086296,132.7483,-74.084,8.02,0,,,,,14,14.0,ok
TIC 38811498,67.3874,-65.3774,8.02,0,,,,,44,15.4,ok
TIC 461250383,202.9122,-37.593,8.02,0,,,,,4,7.2,ok
TIC 150440362,97.5377,-61.2657,8.02,0,,,,,26,15.2,ok
TIC 94014283,176.4229,-49.5653,8.02,0,,,,,6,7.7,ok
TIC 309787691,126.3761,-61.3487,8.02,0,,,,,7,9.2,ok
TIC 452148591,173.5853,-57.4749,8.02,0,,,,,4,5.6,ok
TIC 120303110,163.1589,-49.9821,8.02,0,,,,,6,7.7,ok
TIC 460628841,158.3688,-65.3684,8.02,0,,,,,5,6.2,ok
TIC 305617737,178.5378,-60.9347,8.02,0,,,,,5,13.2,ok
TIC 287723398,126.2897,-76.0465,8.02,0,,,,,13,13.1,ok
TIC 429360323,183.9885,-22.5001,8.02,0,,,,,2,2.5,ok
TIC 384956142,137.2687,-59.5574,8.02,0,,,,,8,10.1,ok
TIC 321934356,175.707,-64.0839,8.02,0,,,,,6,7.1,ok
TIC 38515329,62.7588,-62.4473,8.02,0,,,,,29,12.4,ok
TIC 462662599,151.7942,-55.2409,8.02,0,,,,,6,7.2,ok
TIC 169156185,193.9759,-53.1053,8.02,0,,,,,3,4.2,ok
TIC 333192137,181.185,-52.3544,8.02,0,,,,,5,6.1,ok
TIC 92906059,174.2445,-51.9705,8.02,0,,,,,5,6.5,ok
TIC 305210764,178.6728,-65.5273,8.02,0,,,,,6,7.4,ok
TIC 92571745,173.0955,-50.9324,8.02,0,,,,,5,5.8,ok
TIC 469219698,148.4597,-59.7692,8.02,0,,,,,5,6.7,ok
TIC 31814318,51.2205,-68.3343,8.02,0,,,,,20,12.5,ok
TIC 181063793,173.4458,-38.8985,8.02,0,,,,,7,8.4,ok
TIC 388237166,144.0721,-78.3446,8.03,0,,,,,8,9.9,ok
TIC 245228772,199.043,-48.4651,8.03,0,,,,,6,8.0,ok
TIC 451060670,187.6519,-61.3993,8.03,0,,,,,8,10.4,ok
TIC 272309839,187.6924,-58.1881,8.03,0,,,,,6,7.6,ok
TIC 454101656,176.6667,-39.8457,8.03,0,,,,,5,6.2,ok
TIC 334995011,200.9341,-17.0067,8.03,0,,,,,3,3.8,ok
TIC 287669279,198.6575,-47.6346,8.03,0,,,,,6,7.1,ok
TIC 462877348,152.4558,-56.748,8.03,0,,,,,8,9.4,ok
TIC 30805042,200.287,-40.3371,8.03,0,,,,,5,5.6,ok
TIC 181823402,189.5446,-15.5585,8.03,0,,,,,6,7.2,ok
TIC 167720983,103.3031,-64.0493,8.03,0,,,,,28,11.3,ok
TIC 167205241,97.3487,-71.5065,8.03,0,,,,,42,12.9,ok
TIC 392029675,174.3321,-70.4797,8.03,0,,,,,2,2.9,ok
TIC 389312149,188.3294,-25.2677,8.03,0,,,,,5,5.5,ok
TIC 22481324,187.1327,-18.2983,8.03,0,,,,,2,2.6,ok
TIC 457479295,157.4937,-59.5102,8.03,0,,,,,6,7.2,ok
TIC 461117438,159.6647,-63.5728,8.03,0,,,,,4,5.2,ok
TIC 140527781,66.8969,-71.9959,8.03,0,,,,,31,11.5,ok
TIC 357728580,138.0043,-65.9152,8.03,0,,,,,7,8.5,ok
TIC 412071421,190.0285,-58.4698,8.03,0,,,,,6,9.0,ok
TIC 80217578,165.0178,-49.7816,8.03,0,,,,,7,9.6,ok
TIC 359050452,139.8808,-61.6698,8.03,0,,,,,7,9.3,ok
TIC 375089268,100.2399,-62.7232,8.03,0,,,,,30,11.9,ok
TIC 229676917,198.1425,-27.568,8.03,0,,,,,3,4.2,ok
TIC 288104349,136.6309,-74.7539,8.03,0,,,,,12,12.1,ok
TIC 73459507,191.1548,-45.904,8.03,0,,,,,5,6.1,ok
TIC 382200572,81.6541,-54.0038,8.03,0,,,,,19,11.1,ok
TIC 29832379,66.6763,-70.3811,8.03,0,,,,,29,11.0,ok
TIC 72568000,187.7521,-42.8948,8.03,0,,,,,4,5.3,ok
TIC 279053000,102.1496,-58.4673,8.03,1,0.996,18.0,rejete,variabilite_continue;eclipse_secondaire,43,14.5,ok
TIC 32152605,59.4453,-69.5254,8.03,0,,,,,44,11.2,ok
TIC 388131027,65.3618,-69.6155,8.03,0,,,,,44,11.1,ok
TIC 438588762,201.3781,-41.8809,8.03,0,,,,,4,5.0,ok
TIC 25132314,62.1285,-68.7022,8.03,0,,,,,43,11.5,ok
TIC 425536846,200.9762,-46.2001,8.03,0,,,,,3,3.7,ok
TIC 242096315,202.0149,-37.8972,8.03,0,,,,,4,5.1,ok
TIC 141945095,95.6582,-73.3449,8.03,0,,,,,26,11.3,ok
TIC 290655383,83.9055,-51.7318,8.03,0,,,,,8,11.7,ok
TIC 466845856,166.918,-60.6634,8.03,0,,,,,6,7.9,ok
TIC 300325379,110.7053,-66.5388,8.03,0,,,,,39,11.8,ok
TIC 49333117,205.394,-27.6122,8.03,0,,,,,2,2.6,ok
TIC 355318476,130.9354,-60.5773,8.03,0,,,,,7,8.1,ok
TIC 82940156,170.2216,-52.2254,8.03,0,,,,,6,7.0,ok
TIC 429233688,184.1421,-49.1636,8.03,0,,,,,5,6.0,ok
TIC 321164489,175.2438,-62.6925,8.03,0,,,,,3,4.1,ok
TIC 260127606,92.0671,-57.9322,8.04,0,,,,,44,11.8,ok
TIC 258839982,197.7586,-45.8696,8.04,0,,,,,2,2.7,ok
TIC 339178334,190.1677,-63.4084,8.04,0,,,,,6,7.4,ok
TIC 141606660,88.9284,-72.4065,8.04,0,,,,,28,11.0,ok
TIC 55604274,73.5677,-59.9433,8.04,0,,,,,32,11.4,ok
TIC 390067546,182.5701,-59.7842,8.04,0,,,,,6,7.2,ok
TIC 423605813,201.7822,-22.3651,8.04,0,,,,,2,2.5,ok
TIC 170463110,184.7011,-29.9611,8.04,0,,,,,3,3.6,ok
TIC 422435599,199.0621,-23.5489,8.04,0,,,,,2,2.8,ok
TIC 142314623,181.2153,-34.7803,8.04,0,,,,,4,4.9,ok
TIC 279361762,104.7668,-58.5147,8.04,0,,,,,34,11.4,ok
TIC 144918085,192.9818,-37.4232,8.04,0,,,,,3,3.8,ok
TIC 363622039,199.7113,-45.6832,8.04,0,,,,,3,3.9,ok
TIC 142109251,99.1913,-76.8026,8.04,0,,,,,29,11.3,ok
TIC 253068000,194.3162,-58.3371,8.04,0,,,,,7,8.9,ok
TIC 107245976,204.0094,-31.0288,8.04,0,,,,,2,2.6,ok
TIC 469162359,148.3618,-54.2893,8.04,0,,,,,5,6.3,ok
TIC 344742418,156.7437,-67.556,8.04,0,,,,,4,4.7,ok
TIC 131308706,191.6091,-31.7994,8.04,0,,,,,3,3.9,ok
TIC 348899264,106.1815,-60.808,8.04,0,,,,,44,14.3,ok
TIC 306743678,166.7557,-55.0587,8.04,0,,,,,6,7.0,ok
TIC 371808865,148.9357,-71.1155,8.04,0,,,,,8,9.5,ok
TIC 399970383,165.3704,-69.1,8.04,0,,,,,4,5.1,ok
TIC 453082318,113.6844,-66.6421,8.04,0,,,,,29,11.5,ok
TIC 380233550,181.7659,-62.2575,8.04,0,,,,,4,4.7,ok
TIC 454424668,169.2712,-74.5838,8.04,0,,,,,4,5.1,ok
TIC 310556491,185.2875,-65.8359,8.04,0,,,,,8,9.3,ok
TIC 248096949,193.3423,-44.6624,8.04,0,,,,,4,4.9,ok
TIC 280562557,170.9129,-65.8344,8.04,0,,,,,7,8.4,ok
TIC 356619347,134.817,-61.8702,8.04,0,,,,,9,10.3,ok
TIC 939273908,176.1591,-49.4177,8.04,0,,,,,1,1.5,ok
TIC 1653125,188.4958,-14.6388,8.04,0,,,,,1,1.6,ok
TIC 134634767,182.1616,-37.7395,8.04,0,,,,,5,6.1,ok
TIC 147572433,163.6633,-46.6653,8.04,0,,,,,5,6.1,ok
TIC 420200378,192.3752,-59.5509,8.04,0,,,,,7,8.6,ok
TIC 457744438,158.2104,-57.5095,8.04,0,,,,,6,6.9,ok
TIC 356931603,136.0099,-61.0207,8.04,0,,,,,3,3.9,ok
TIC 320725097,174.8711,-62.6381,8.04,0,,,,,5,5.9,ok
TIC 287528930,123.9686,-74.4541,8.04,0,,,,,4,5.0,ok
TIC 229544020,197.4992,-28.4466,8.04,0,,,,,2,2.6,ok
TIC 323148296,176.4195,-60.1217,8.04,0,,,,,5,6.1,ok
TIC 277639554,164.5841,-73.4024,8.04,0,,,,,7,8.5,ok
TIC 454040583,175.7559,-41.3281,8.04,0,,,,,7,8.4,ok
TIC 349411267,110.3439,-60.2531,8.05,0,,,,,30,10.9,ok
TIC 124336291,198.0534,-32.4531,8.05,0,,,,,5,5.9,ok
TIC 316373804,171.7642,-62.9424,8.05,0,,,,,5,6.0,ok
TIC 453217522,146.2453,-74.5654,8.05,0,,,,,5,5.8,ok
TIC 453941112,154.2688,-69.3686,8.05,0,,,,,6,7.6,ok
TIC 301867609,130.8795,-67.8522,8.05,0,,,,,9,11.0,ok
TIC 405500503,202.3372,-34.8546,8.05,0,,,,,3,3.8,ok
TIC 219956981,208.6089,-21.9886,8.05,0,,,,,3,3.6,ok
TIC 386855764,139.9975,-57.1671,8.05,0,,,,,5,6.5,ok
TIC 253141415,194.6871,-55.1873,8.05,0,,,,,6,7.6,ok
TIC 386739884,189.2304,-16.7556,8.05,0,,,,,4,5.6,ok
TIC 383518653,134.9016,-59.0403,8.05,0,,,,,8,10.2,ok
TIC 451112995,187.8802,-60.885,8.05,1,9.3062,30.6,rejete,variabilite_continue,5,8.9,ok
TIC 451072731,170.3154,-55.359,8.05,0,,,,,5,6.4,ok
TIC 332531383,180.035,-48.7714,8.05,0,,,,,4,5.1,ok
TIC 449739849,162.5027,-75.3571,8.05,0,,,,,2,2.8,ok
TIC 103625404,193.3962,-35.2115,8.05,0,,,,,4,5.3,ok
TIC 277556813,164.1706,-74.6757,8.05,0,,,,,2,2.6,ok
TIC 260079513,92.0713,-55.2384,8.05,0,,,,,43,11.6,ok
TIC 411679817,189.4389,-55.2115,8.05,0,,,,,6,7.5,ok
TIC 357618734,204.4446,-22.7648,8.05,0,,,,,2,6.5,ok
TIC 429234939,184.0489,-49.9074,8.05,0,,,,,4,8.4,ok
TIC 303942557,140.5687,-68.6388,8.05,0,,,,,7,12.9,ok
TIC 390584123,199.7829,-34.5851,8.05,0,,,,,4,6.3,ok
TIC 131134827,190.3249,-33.4444,8.05,0,,,,,2,6.1,ok
TIC 349273158,109.3431,-63.0216,8.05,0,,,,,32,14.8,ok
TIC 421191140,182.1301,-29.3734,8.05,0,,,,,4,8.3,ok
TIC 295675339,171.6522,-68.8622,8.05,0,,,,,5,7.6,ok
TIC 296336450,172.895,-67.7319,8.05,0,,,,,7,12.3,ok
TIC 340356526,115.2108,-58.8707,8.05,0,,55.6,rejete,variabilite_continue;eclipse_secondaire,22,15.9,ok
TIC 381975243,77.1218,-56.9873,8.05,0,,,,,28,16.6,ok
TIC 20614554,201.4084,-18.5862,8.05,0,,,,,3,6.6,ok
TIC 38469560,61.9716,-64.604,8.05,0,,,,,30,11.9,ok
TIC 145054120,193.8228,-39.9374,8.05,0,,,,,3,4.1,ok
TIC 458038392,159.1033,-55.3669,8.05,0,,,,,6,8.9,ok
TIC 361352074,144.0813,-61.1326,8.05,0,,,,,6,7.6,ok
TIC 462007989,150.2442,-59.4237,8.05,0,,,,,5,6.4,ok
TIC 462357558,151.0048,-55.9082,8.05,0,,,,,8,9.4,ok
TIC 458370594,159.8435,-57.3204,8.05,0,,,,,6,7.5,ok
TIC 91534584,170.9771,-50.2277,8.05,0,,,,,6,8.1,ok
TIC 293271686,98.8083,-62.5028,8.05,0,,,,,30,12.7,ok
TIC 438376282,142.3669,-54.8986,8.05,0,,,,,6,7.5,ok
TIC 22511044,184.6237,-42.4281,8.05,0,,,,,2,3.1,ok
TIC 372644485,151.7505,-68.1369,8.05,0,,,,,5,6.7,ok
TIC 374844826,150.8403,-62.7169,8.06,0,,,,,4,5.7,ok
TIC 134832204,183.4099,-38.7992,8.06,0,,,,,5,6.4,ok
TIC 181201448,174.516,-41.053,8.06,0,,,,,7,8.7,ok
TIC 177119085,104.2108,-67.2271,8.06,0,,,,,28,11.8,ok
TIC 220411786,70.8635,-58.7895,8.06,0,,,,,43,13.0,ok
TIC 457560493,157.7148,-54.0132,8.06,0,,,,,8,10.1,ok
TIC 357636366,137.9615,-61.2092,8.06,0,,,,,7,9.3,ok
TIC 130825131,187.4331,-31.1489,8.06,0,,,,,4,5.8,ok
TIC 362157419,145.0055,-53.3847,8.06,0,,25.3,rejete,variabilite_continue;eclipse_secondaire,8,13.5,ok
TIC 389674742,86.8045,-66.6996,8.06,0,,,,,16,12.2,ok
TIC 350859255,90.2848,-56.0816,8.06,0,,,,,29,12.2,ok
TIC 389303586,188.2373,-29.6844,8.06,0,,,,,3,4.2,ok
TIC 94554742,177.5297,-49.5432,8.06,0,,,,,6,7.7,ok
TIC 144823282,192.6321,-41.6966,8.06,0,,,,,4,5.4,ok
TIC 83152944,188.7401,-21.2154,8.06,0,,,,,4,4.8,ok
TIC 441828881,207.2869,-27.255,8.06,0,,,,,2,3.2,ok
TIC 408566822,195.3776,-22.4348,8.06,0,,,,,3,4.1,ok
TIC 273274163,188.5701,-57.6644,8.06,0,,,,,5,6.2,ok
TIC 58460736,201.3351,-27.4738,8.06,0,,,,,1,1.7,ok
TIC 390361527,160.3446,-65.1019,8.06,0,,,,,5,7.1,ok
TIC 29831118,66.4705,-67.5722,8.06,0,,,,,30,11.9,ok
TIC 411539955,185.4443,-59.7665,8.06,0,,,,,6,8.4,ok
TIC 98992581,181.1795,-29.1848,8.06,0,,,,,4,6.3,ok
TIC 294206429,108.0422,-59.8394,8.06,0,,,,,34,12.2,ok
TIC 294205275,108.0761,-58.4033,8.06,0,,,,,44,13.0,ok
TIC 30540538,198.985,-38.4905,8.06,0,,,,,5,6.5,ok
TIC 307080375,166.2634,-46.6939,8.06,0,,,,,6,7.6,ok
TIC 371243284,146.9002,-68.0556,8.06,0,,,,,7,8.5,ok
TIC 294255225,159.4848,-47.6318,8.06,0,,,,,4,5.0,ok
TIC 82580956,169.6293,-53.714,8.06,0,,,,,7,9.1,ok
TIC 422327929,203.1444,-16.6186,8.06,0,,,,,2,2.5,ok
TIC 281631335,115.9742,-64.6232,8.06,0,,,,,32,12.4,ok
TIC 288218261,187.2794,-53.6241,8.06,0,,,,,5,6.3,ok
TIC 467238286,168.0187,-61.0953,8.06,0,,,,,7,8.7,ok
TIC 399421090,163.8298,-68.1426,8.06,0,,,,,4,5.6,ok
TIC 355853506,132.7293,-65.6189,8.06,0,,,,,9,11.0,ok
TIC 141628215,89.8005,-77.2712,8.06,0,,,,,29,12.8,ok
TIC 445976787,147.2162,-53.5851,8.06,0,,,,,8,10.2,ok
TIC 286866372,190.157,-18.0173,8.06,0,,,,,?,340.6,timeout
TIC 306739511,120.738,-70.0301,8.06,0,,,,,28,13.7,ok
TIC 165424163,179.9377,-39.1975,8.06,0,,,,,7,8.2,ok
TIC 300011376,106.7439,-67.2936,8.06,0,,,,,29,11.6,ok
TIC 447284092,157.1342,-51.0719,8.06,0,,,,,7,8.9,ok
TIC 244980951,197.4762,-53.4125,8.06,0,,,,,2,3.9,ok
TIC 262576911,116.3782,-65.7219,8.06,0,,,,,31,12.0,ok
TIC 5984440,193.8494,-21.7496,8.07,0,,,,,4,5.0,ok
TIC 181014443,172.9217,-40.1808,8.07,0,,,,,7,8.5,ok
TIC 458852827,161.0816,-59.283,8.07,0,,,,,7,9.0,ok
TIC 181915915,191.0882,-13.7058,8.07,0,,,,,5,7.0,ok
TIC 464901555,159.8539,-63.778,8.07,0,,,,,7,9.3,ok
TIC 204700146,185.6785,-27.7619,8.07,0,,,,,3,4.2,ok
TIC 371016311,145.7812,-69.3517,8.07,0,,,,,3,4.8,ok
TIC 457264385,158.7734,-48.8931,8.07,0,,,,,5,6.7,ok
TIC 310889486,185.2877,-61.7043,8.07,0,,,,,7,9.2,ok
TIC 371715802,148.5885,-67.7206,8.07,0,,,,,9,11.6,ok
TIC 448415222,158.7511,-49.7949,8.07,0,,,,,2,3.7,ok
TIC 350444342,85.3598,-59.7669,8.07,0,,,,,43,12.3,ok
TIC 72822284,209.6887,-26.671,8.07,0,,,,,3,5.0,ok
TIC 142391849,181.8376,-32.0573,8.07,0,,,,,5,6.9,ok
TIC 25116373,61.2365,-65.95,8.07,0,,,,,29,12.0,ok
TIC 41464373,93.1624,-69.24,8.07,0,,,,,37,12.8,ok
TIC 357725483,137.8277,-64.6145,8.07,0,,,,,8,10.5,ok
TIC 281634912,117.0799,-62.6768,8.07,0,,,,,29,12.2,ok
TIC 287800304,184.8188,-58.6575,8.07,0,,,,,5,7.0,ok
TIC 260606533,97.3503,-55.5113,8.07,0,,,,,42,12.2,ok
TIC 130924645,188.2,-35.4821,8.07,0,,,,,3,4.4,ok
TIC 60709683,189.3798,-28.4167,8.07,0,,,,,3,4.5,ok
TIC 349480752,110.8602,-64.692,8.07,0,,,,,44,13.7,ok
TIC 383416345,184.0079,-65.1926,8.07,0,,,,,6,8.3,ok
TIC 229814009,198.6453,-28.5356,8.07,0,,,,,4,5.2,ok
TIC 278992159,102.0622,-56.086,8.07,0,,,,,42,11.9,ok
TIC 278899461,101.1779,-57.44,8.07,0,,,,,?,2.0,erreur
TIC 162432383,169.4912,-46.0984,8.07,0,,81.0,rejete,variabilite_continue;eclipse_secondaire,8,13.6,ok
TIC 410931340,178.1733,-68.4913,8.07,0,,,,,6,7.5,ok
TIC 411127335,178.2952,-67.3741,8.07,0,,,,,5,6.4,ok
TIC 287561676,198.1721,-43.9572,8.07,0,,,,,4,5.1,ok
TIC 287560195,198.1384,-42.5523,8.07,0,,,,,4,4.7,ok
TIC 423529214,185.1929,-19.8964,8.07,0,,,,,2,2.4,ok
TIC 167089430,95.7825,-70.9446,8.07,0,,,,,41,12.0,ok
TIC 260472262,96.1102,-56.6369,8.07,0,,,,,30,11.3,ok
TIC 372886967,152.479,-70.227,8.07,0,,,,,6,7.0,ok
TIC 30392474,198.4315,-35.9464,8.07,0,,,,,5,6.2,ok
TIC 362931512,146.6387,-64.7593,8.07,0,,,,,8,9.2,ok
TIC 278023852,105.0134,-79.3368,8.07,0,,,,,17,11.7,ok
TIC 169995754,194.4904,-52.6152,8.07,0,,,,,5,6.5,ok
TIC 260075032,91.7292,-57.0984,8.07,0,,,,,29,11.3,ok
TIC 20613974,201.3426,-20.4067,8.07,0,,,,,2,2.8,ok
TIC 245009455,197.4609,-48.0521,8.07,0,,,,,7,8.6,ok
TIC 299943844,106.5161,-69.008,8.07,0,,,,,41,12.3,ok
TIC 459096432,161.8845,-54.691,8.07,0,,,,,3,3.9,ok
TIC 350711249,88.1115,-57.9009,8.07,0,,,,,40,11.2,ok
TIC 451060094,187.5137,-61.4561,8.07,0,,,,,3,3.9,ok
TIC 259652265,153.282,-51.5457,8.07,0,,,,,5,6.2,ok
TIC 30319402,74.4275,-69.0012,8.07,0,,,,,40,11.3,ok
TIC 288456177,192.6104,-42.5169,8.07,0,,,,,3,3.7,ok
TIC 419500655,191.15,-54.5516,8.07,0,,,,,6,7.1,ok
TIC 300499348,173.3097,-52.7169,8.07,0,,,,,5,6.2,ok
TIC 244911218,196.9165,-50.3514,8.07,0,,,,,2,2.6,ok
TIC 271595936,108.3439,-74.0541,8.07,0,,,,,29,11.7,ok
TIC 82629956,169.8101,-48.879,8.07,0,,,,,8,9.9,ok
TIC 178346262,164.3817,-46.4358,8.07,0,,,,,5,5.8,ok
TIC 310251314,152.4248,-52.8759,8.07,0,,,,,5,6.0,ok
TIC 404387237,195.988,-49.9722,8.07,0,,,,,5,6.0,ok
TIC 397135261,130.9009,-77.0495,8.07,0,,,,,15,11.2,ok
TIC 381978020,77.5357,-54.2778,8.07,0,,,,,16,11.3,ok
TIC 404418843,196.0727,-53.3949,8.08,0,,,,,7,8.1,ok
TIC 156583885,190.547,-11.1854,8.08,0,,,,,1,2.2,ok
TIC 271639931,108.9225,-72.7413,8.08,0,,,,,42,12.2,ok
TIC 107222252,183.6946,-35.1465,8.08,0,,,,,5,6.6,ok
TIC 300448273,111.9811,-68.1553,8.08,0,,,,,27,12.1,ok
TIC 124286087,197.5808,-32.8056,8.08,0,,,,,2,3.0,ok
TIC 349784936,113.1789,-63.3246,8.08,0,,35.0,rejete,variabilite_continue;eclipse_secondaire,43,16.0,ok
TIC 135366441,186.8436,-39.3622,8.08,0,,,,,4,5.8,ok
TIC 164594379,191.885,-53.1225,8.08,0,,,,,4,5.3,ok
TIC 15530655,185.4387,-52.4343,8.08,0,,,,,4,5.4,ok
TIC 390161224,183.5874,-55.8044,8.08,0,,,,,5,5.7,ok
TIC 333195768,181.2125,-50.8537,8.08,0,,,,,6,7.5,ok
TIC 33836359,64.0614,-75.344,8.08,0,,,,,45,13.0,ok
TIC 451829276,172.5924,-59.1711,8.08,0,,,,,4,5.3,ok
TIC 68174928,193.4262,-57.6559,8.08,0,,,,,3,4.2,ok
TIC 452734312,195.4609,-20.6855,8.08,0,,,,,2,2.8,ok
TIC 6179488,211.0303,-21.3135,8.08,0,,,,,4,4.9,ok
TIC 464938239,162.1746,-63.833,8.08,0,,,,,5,6.9,ok
TIC 229541470,197.5926,-25.0292,8.08,0,,,,,3,4.3,ok
TIC 55478222,71.2127,-63.7797,8.08,0,,,,,42,12.5,ok
TIC 31705248,48.4743,-67.1846,8.08,0,,,,,16,13.0,ok
TIC 373604254,81.1833,-67.8974,8.08,0,,,,,29,12.2,ok
TIC 231721925,80.8392,-51.2349,8.08,0,,,,,10,12.8,ok
TIC 383946834,135.4684,-56.8411,8.08,0,,,,,9,11.3,ok
TIC 363665244,147.8482,-60.6401,8.08,0,,,,,4,5.2,ok
TIC 102077060,182.0063,-39.29,8.08,0,,,,,4,5.6,ok
TIC 280769122,172.9333,-71.9286,8.08,0,,,,,6,7.7,ok
TIC 30385924,198.4751,-39.7636,8.08,0,,,,,4,6.1,ok
TIC 422290301,203.0107,-17.5693,8.08,0,,,,,2,3.2,ok
TIC 29829265,66.2758,-69.3894,8.08,0,,,,,30,12.3,ok
TIC 372370605,151.1311,-71.2798,8.08,0,,,,,6,8.2,ok
TIC 1695296,195.7243,-14.587,8.08,0,,,,,2,3.2,ok
TIC 260002453,91.0697,-59.8223,8.09,0,,,,,43,12.0,ok
TIC 370442570,143.2147,-67.6428,8.09,0,,,,,6,8.5,ok
TIC 349230740,205.7543,-19.9105,8.09,0,,,,,3,3.6,ok
TIC 349761928,112.6495,-64.5573,8.09,0,,,,,30,11.1,ok
TIC 303870255,140.6497,-71.6809,8.09,0,,,,,8,10.2,ok
TIC 103578831,193.2483,-34.1244,8.09,0,,,,,4,5.2,ok
TIC 30752217,200.0022,-36.3106,8.09,0,,,,,5,6.3,ok
TIC 30697060,199.7857,-37.6679,8.09,0,,,,,5,6.3,ok
TIC 287496048,124.1351,-73.0178,8.09,0,,,,,25,12.4,ok
TIC 261138245,84.6683,-78.6479,8.09,0,,,,,37,16.8,ok
TIC 231122278,69.5552,-68.8116,8.09,0,,,,,43,14.4,ok
TIC 61983733,178.0038,-43.9584,8.09,0,,,,,5,8.5,ok
TIC 72774636,209.4611,-29.0619,8.09,0,,,,,2,4.0,ok
TIC 150185581,93.4831,-65.5222,8.09,0,,,,,31,12.9,ok
TIC 384029310,135.7834,-57.5324,8.09,0,,,,,4,8.6,ok
TIC 309710741,126.0576,-60.6494,8.09,0,,,,,13,12.5,ok
TIC 385224945,137.7341,-57.6655,8.09,0,,,,,8,10.9,ok
TIC 135370187,187.0699,-37.8416,8.09,0,,,,,4,6.5,ok
TIC 150029538,90.7415,-60.6441,8.09,0,,,,,43,13.6,ok
TIC 149972211,90.1513,-62.8122,8.09,0,,,,,39,15.2,ok
TIC 278415582,117.5689,-80.1693,8.09,0,,,,,13,15.0,ok
TIC 461198437,181.428,-40.8146,8.09,0,,,,,5,10.0,ok
TIC 389570470,86.43,-67.8644,8.09,0,,,,,29,14.3,ok
TIC 273274753,188.5096,-57.5312,8.09,0,,,,,5,7.0,ok
TIC 452438795,138.6444,-75.2956,8.09,0,,,,,11,14.3,ok
TIC 344175907,154.8144,-71.8614,8.09,0,,,,,7,10.0,ok
TIC 310478750,128.5429,-64.8283,8.09,0,,,,,7,11.1,ok
TIC 355806059,132.4031,-61.9648,8.09,0,,,,,7,11.9,ok
TIC 278779899,99.9027,-55.6096,8.09,0,,,,,41,14.6,ok
TIC 262614074,116.6363,-61.9345,8.09,0,,,,,24,16.6,ok
TIC 454004654,192.3921,-30.8141,8.09,0,,,,,4,8.2,ok
TIC 404235138,195.4229,-49.0144,8.09,0,,,,,5,6.7,ok
TIC 401061100,186.066,-59.7598,8.09,0,,,,,3,6.7,ok
TIC 399061433,163.0087,-68.543,8.09,0,,,,,4,12.7,ok
TIC 345926308,193.0371,-14.036,8.09,0,,,,,5,11.1,ok
TIC 271698614,109.9832,-76.6921,8.09,0,,,,,29,15.7,ok
TIC 103944219,195.6332,-35.1148,8.09,0,,,,,5,6.2,ok
TIC 411257840,179.0819,-69.6989,8.09,0,,,,,6,7.2,ok
TIC 104022191,196.0417,-31.5294,8.09,0,,,,,5,9.6,ok
TIC 392116188,174.33,-66.898,8.09,0,,,,,8,11.0,ok
TIC 375489029,152.0226,-60.9334,8.09,0,,,,,6,8.1,ok
TIC 80784605,166.1636,-50.3161,8.09,0,,,,,8,9.7,ok
TIC 428699487,195.8457,-18.0921,8.09,0,,,,,5,6.8,ok
TIC 355540736,131.8602,-64.8739,8.09,0,,,,,9,11.9,ok
TIC 231744961,78.0995,-67.9479,8.09,0,,,,,42,11.5,ok
TIC 231815570,86.0019,-53.3779,8.09,0,,,,,21,11.7,ok
TIC 135254999,186.2584,-37.3554,8.09,0,,,,,5,5.9,ok
TIC 231819720,86.1362,-52.6048,8.09,0,,10.5,rejete,variabilite_continue;eclipse_secondaire,22,16.2,ok
TIC 308150469,197.3368,-14.3713,8.09,0,,,,,3,8.0,ok
TIC 307784098,128.1854,-71.7953,8.09,0,,,,,21,13.7,ok
TIC 307785290,128.2167,-70.4312,8.09,0,,,,,12,17.4,ok
TIC 952352003,194.431,-14.4634,8.09,0,,,,,1,4.9,ok
TIC 308457039,120.8182,-61.9085,8.09,0,,,,,15,11.3,ok
TIC 344331260,155.4192,-66.1127,8.09,0,,,,,5,8.9,ok
TIC 262497025,109.9813,-59.2949,8.09,0,,,,,31,11.4,ok
TIC 404382375,195.8969,-48.3875,8.09,0,,,,,1,4.0,ok
TIC 309816155,184.9902,-65.014,8.1,0,,,,,3,5.8,ok
TIC 135350167,186.6954,-38.6244,8.1,0,,,,,5,6.1,ok
TIC 458230570,159.3428,-58.623,8.1,0,,,,,6,9.6,ok
TIC 437325903,207.5532,-21.2678,8.1,0,,,,,3,6.5,ok
TIC 400413340,166.1702,-70.7886,8.1,0,,,,,5,11.1,ok
TIC 177282306,102.1595,-72.2219,8.1,0,,,,,31,11.2,ok
TIC 5869755,187.6968,-21.6422,8.1,0,,,,,5,7.6,ok
TIC 349409806,110.3716,-61.9925,8.1,0,,,,,24,11.9,ok
TIC 390072759,183.5875,-59.2596,8.1,0,,,,,6,7.5,ok
TIC 163354930,173.2201,-43.6954,8.1,0,,,,,2,8.6,ok
TIC 170571646,185.2021,-30.5779,8.1,0,,,,,4,6.5,ok
TIC 364589559,85.8897,-76.7665,8.1,0,,,,,33,13.7,ok
TIC 58599770,202.2955,-25.7282,8.1,0,,,,,1,3.1,ok
TIC 97935109,199.4724,-24.3203,8.1,0,,,,,3,6.3,ok
TIC 30762052,75.8561,-71.4139,8.1,0,,,,,29,19.6,ok
TIC 278055081,106.2881,-78.4217,8.1,0,,,,,27,11.9,ok
TIC 286962317,206.919,-20.3246,8.1,0,,,,,3,4.0,ok
TIC 349523628,111.3987,-63.0604,8.1,0,,,,,43,11.9,ok
TIC 124078721,196.2116,-33.1375,8.1,0,,,,,5,7.0,ok
TIC 144949446,193.1863,-41.1846,8.1,0,,,,,4,5.0,ok
TIC 260189950,93.0653,-56.6793,8.1,0,,,,,41,11.6,ok
TIC 363851443,200.5842,-44.7421,8.1,0,,,,,2,3.6,ok
TIC 459325631,162.2635,-58.8954,8.1,0,,,,,7,14.8,ok
TIC 450688287,186.8403,-62.437,8.1,0,,,,,6,8.8,ok
TIC 383738872,135.0358,-58.6681,8.1,0,,,,,2,6.7,ok
TIC 370227221,85.5473,-74.5674,8.1,0,,,,,31,14.9,ok
TIC 304217972,141.9905,-66.1027,8.1,0,,,,,4,6.1,ok
TIC 384089241,135.6982,-55.609,8.1,0,,,,,7,11.1,ok
TIC 463755706,154.6427,-58.632,8.1,0,,,,,6,10.4,ok
TIC 453099619,116.0861,-69.5105,8.1,0,,,,,44,13.3,ok
TIC 391238449,161.3906,-62.3935,8.1,0,,,,,5,9.5,ok
TIC 120925652,164.516,-51.1648,8.1,0,,,,,7,12.1,ok
TIC 9467408,192.2942,-28.8552,8.1,0,,,,,3,4.5,ok
TIC 132545409,148.7177,-53.4766,8.1,0,,,,,6,7.4,ok
TIC 385624852,138.4022,-55.1979,8.1,0,,,,,6,7.9,ok
TIC 132914779,149.2175,-52.8662,8.1,0,,,,,4,6.5,ok
TIC 334221439,182.9948,-50.7702,8.1,0,,,,,6,7.8,ok
TIC 384724557,136.86,-58.4235,8.1,0,,,,,5,6.6,ok
TIC 303445195,138.6941,-67.9884,8.1,0,,,,,7,9.7,ok
TIC 220032637,209.196,-20.7706,8.1,0,,,,,4,7.2,ok
TIC 467126883,167.591,-62.7292,8.1,0,,,,,6,8.8,ok
TIC 261397368,94.1328,-79.4443,8.1,0,,,,,23,15.6,ok
TIC 347810485,198.9495,-16.2755,8.1,0,,,,,4,5.9,ok
TIC 81013336,166.4715,-52.9605,8.1,0,,,,,7,13.2,ok
TIC 278326347,113.6118,-79.2949,8.1,0,,,,,15,12.9,ok
TIC 305896243,178.8401,-63.7036,8.1,0,,,,,7,10.7,ok
TIC 308456810,120.7813,-62.1327,8.1,0,,,,,24,16.7,ok
TIC 9334938,191.1489,-26.9054,8.1,0,,,,,4,8.4,ok
TIC 345899372,192.8825,-15.0893,8.1,0,,,,,4,7.7,ok
TIC 358466708,119.2278,-60.5984,8.1,0,,,,,21,15.7,ok
TIC 401137605,186.0758,-58.9765,8.1,0,,,,,6,14.1,ok
TIC 5870216,187.7616,-20.3143,8.1,0,,,,,5,10.0,ok
TIC 178536753,165.1304,-44.18,8.11,0,,,,,7,12.4,ok
TIC 2470248,193.9607,-13.6124,8.11,0,,,,,2,4.4,ok
TIC 469246367,148.6418,-58.7272,8.11,0,,,,,4,10.0,ok
TIC 401184301,186.0334,-54.9491,8.11,0,,,,,6,16.5,ok
TIC 442239738,145.9451,-56.3416,8.11,0,,,,,8,16.2,ok
TIC 460680743,191.5216,-60.8888,8.11,0,,,,,7,14.6,ok
TIC 392467554,205.1352,-17.3438,8.11,0,,,,,3,6.0,ok
TIC 309780483,126.2311,-63.1122,8.11,0,,,,,14,12.1,ok
TIC 150440079,97.5652,-61.7886,8.11,0,,,,,31,17.0,ok
TIC 348993107,106.7215,-64.0038,8.11,0,,,,,40,12.6,ok
TIC 162799334,171.0808,-44.2617,8.11,0,,,,,5,12.3,ok
TIC 162627650,170.554,-46.0029,8.11,0,,,,,4,9.5,ok
TIC 72677338,188.3066,-44.4368,8.11,0,,,,,5,7.7,ok
TIC 204645414,184.6562,-24.1315,8.11,0,,,,,5,7.8,ok
TIC 290021816,192.2807,-12.1626,8.11,0,,,,,4,6.9,ok
TIC 124232576,197.097,-34.1189,8.11,0,,,,,5,7.4,ok
TIC 376349330,152.9508,-63.8227,8.11,0,,,,,7,8.8,ok
TIC 163386233,173.6317,-42.65,8.11,0,,,,,6,8.1,ok
TIC 149629077,87.3747,-63.0209,8.11,0,,,,,29,13.8,ok
TIC 422446672,199.3361,-21.0253,8.11,0,,,,,3,7.1,ok
TIC 306491594,166.8866,-59.9635,8.11,0,,,,,8,13.4,ok
TIC 30853028,75.7767,-66.9099,8.11,0,,,,,40,12.8,ok
TIC 379870683,181.4855,-65.4919,8.11,0,,,,,5,6.6,ok
TIC 309436331,138.9693,-79.5376,8.11,0,,,,,10,16.8,ok
TIC 460416229,157.4981,-59.9244,8.11,0,,,,,3,6.5,ok
TIC 147143741,162.0498,-46.7005,8.11,0,,,,,8,14.2,ok
TIC 91913015,171.9459,-52.4956,8.11,0,,,,,5,6.7,ok
TIC 453491157,195.3527,-47.2859,8.11,0,,,,,4,7.9,ok
TIC 356460514,134.4341,-61.2691,8.11,0,,,,,1,3.2,ok
TIC 80779606,165.9652,-47.9938,8.11,0,,,,,7,9.5,ok
TIC 181061572,173.4685,-41.582,8.11,0,,,,,7,8.9,ok
TIC 411885590,189.838,-55.6541,8.11,0,,,,,7,8.8,ok
TIC 319354825,174.3506,-63.2758,8.11,0,,,,,4,6.5,ok
TIC 30119875,197.1213,-39.9155,8.11,0,,,,,5,8.2,ok
TIC 271642609,109.3678,-75.6807,8.11,0,,,,,42,15.1,ok
TIC 323517227,134.1812,-80.1382,8.11,0,,,,,9,18.5,ok
TIC 152019744,169.1351,-41.4941,8.11,0,,,,,5,7.4,ok
TIC 300654054,114.3702,-69.6002,8.11,0,,,,,32,15.4,ok
TIC 306577335,119.3053,-67.6934,8.11,0,,,,,40,12.0,ok
TIC 405616790,202.145,-33.4817,8.11,0,,,,,4,5.1,ok
TIC 287722500,126.3083,-74.8306,8.11,0,,,,,18,14.2,ok
TIC 349766265,112.9679,-61.6921,8.11,0,,,,,41,18.9,ok
TIC 260046328,91.8061,-54.6642,8.11,0,,,,,34,20.9,ok
TIC 428714603,196.3692,-18.9793,8.11,0,,,,,5,18.1,ok
TIC 300556816,112.4283,-70.338,8.11,0,,,,,29,22.6,ok
TIC 282087670,132.8957,-72.5855,8.12,0,,,,,10,21.2,ok
TIC 9389532,191.8031,-25.993,8.12,0,,,,,3,7.3,ok
TIC 317787249,172.6925,-64.1319,8.12,0,,,,,7,10.9,ok
TIC 344403913,155.9047,-66.6459,8.12,0,,,,,4,13.1,ok
TIC 454329780,167.7157,-76.1109,8.12,0,,,,,5,7.5,ok
TIC 382625239,118.3884,-63.7697,8.12,0,,,,,31,20.4,ok
TIC 439040577,143.217,-59.1301,8.12,0,,,,,5,14.1,ok
TIC 382636263,55.1082,-65.2851,8.12,0,,,,,22,14.5,ok
TIC 383051469,133.7652,-56.8512,8.12,0,,,,,6,11.7,ok
TIC 6127479,210.8273,-19.6119,8.12,0,,,,,2,10.4,ok
TIC 99053300,181.8719,-27.5457,8.12,0,,,,,4,7.0,ok
TIC 81170265,166.8274,-48.8175,8.12,0,,,,,4,10.5,ok
TIC 460150366,156.8379,-61.9335,8.12,0,,,,,7,16.3,ok
TIC 26023045,195.4428,-13.1704,8.12,0,,,,,4,10.8,ok
TIC 81550238,167.6423,-49.2734,8.12,0,,,,,8,14.6,ok
TIC 350580827,86.8899,-55.0365,8.12,0,,,,,37,16.6,ok
TIC 102171374,195.3375,-40.4858,8.12,0,,,,,5,12.2,ok
TIC 447439505,157.1529,-51.7851,8.12,0,,,,,1,7.1,ok
TIC 124605573,199.6574,-33.0911,8.12,0,,,,,5,9.5,ok
TIC 272797514,161.7762,-53.7223,8.12,0,,,,,3,7.0,ok
TIC 258522080,196.679,-47.5267,8.12,0,,,,,6,11.1,ok
TIC 258838968,197.8274,-46.6019,8.12,0,,,,,5,8.3,ok
TIC 278865342,100.7742,-56.7052,8.12,0,,,,,45,16.5,ok
TIC 142260776,180.4284,-32.6253,8.12,0,,,,,6,9.3,ok
TIC 131193769,190.8123,-34.9748,8.12,0,,,,,4,7.1,ok
TIC 220473999,75.292,-59.5789,8.12,0,,,,,32,15.2,ok
TIC 440928120,144.7818,-56.1064,8.12,0,,,,,4,6.8,ok
TIC 462651796,151.8103,-57.0624,8.12,0,,,,,6,10.9,ok
TIC 55746206,74.7278,-61.1079,8.12,0,,,,,33,15.1,ok
TIC 220359766,155.0541,-52.1942,8.12,0,,86.7,rejete,eclipse_secondaire,6,13.3,ok
TIC 294390722,168.8989,-70.2167,8.12,0,,,,,4,8.1,ok
TIC 438565911,201.1838,-47.5997,8.12,0,,,,,6,8.7,ok
TIC 437865646,141.9282,-59.9089,8.12,0,,,,,7,12.1,ok
TIC 389214310,179.6106,-41.9236,8.12,0,,,,,2,5.5,ok
TIC 389315309,189.8154,-32.7265,8.12,0,,,,,4,9.6,ok
TIC 141868836,93.7407,-72.4968,8.12,0,,,,,41,14.0,ok
TIC 58716980,203.1316,-26.6575,8.12,0,,,,,1,5.3,ok
TIC 403762821,179.9131,-43.1199,8.12,0,,,,,7,9.7,ok
TIC 45691605,131.2316,-56.227,8.12,0,,,,,2,3.7,ok
TIC 297142626,201.8198,-17.1269,8.12,0,,,,,3,5.3,ok
TIC 451390982,171.3331,-57.9751,8.12,0,,,,,7,10.4,ok
TIC 405551391,201.6098,-31.1934,8.12,0,,,,,3,6.3,ok
TIC 130722201,186.6213,-31.6287,8.12,0,,,,,5,11.7,ok
TIC 261256082,89.2397,-79.3866,8.12,0,,,,,21,15.9,ok
TIC 397341792,158.0696,-71.3984,8.13,0,,,,,6,10.0,ok
TIC 306633087,119.8216,-71.4331,8.13,0,,,,,40,14.2,ok
TIC 149423433,84.6103,-61.1668,8.13,0,,,,,40,19.7,ok
TIC 446604183,156.2213,-52.5516,8.13,0,,,,,7,12.3,ok
TIC 306736615,120.7969,-66.6054,8.13,0,,,,,36,19.1,ok
TIC 398625382,180.0388,-57.1173,8.13,0,,,,,6,10.9,ok
TIC 271597672,108.5414,-77.5634,8.13,0,,,,,35,17.7,ok
TIC 398545099,180.0797,-53.923,8.13,0,,,,,1,2.1,ok
TIC 141526547,87.1267,-76.5434,8.13,0,,,,,43,15.0,ok
TIC 452746413,195.7383,-20.49,8.13,0,,,,,2,5.4,ok
TIC 340255470,114.8432,-57.2584,8.13,0,,,,,20,12.2,ok
TIC 452406568,137.3673,-76.5204,8.13,0,,,,,11,12.8,ok
TIC 167085242,95.6652,-66.3128,8.13,0,,,,,37,13.4,ok
TIC 306052346,166.4526,-58.031,8.13,0,,,,,7,11.0,ok
TIC 452241682,174.1755,-59.5651,8.13,0,,,,,3,5.5,ok
TIC 220436129,73.7246,-58.8374,8.13,0,,,,,43,17.7,ok
TIC 30494227,198.868,-39.6935,8.13,0,,,,,3,5.8,ok
TIC 350620310,87.3268,-58.6712,8.13,0,,,,,39,15.2,ok
TIC 340174734,113.6794,-58.6575,8.13,0,,,,,28,18.5,ok
TIC 305738446,206.0412,-31.8166,8.13,0,,,,,2,5.4,ok
TIC 411502344,183.3427,-56.8933,8.13,0,,,,,8,12.7,ok
TIC 279512574,105.7828,-57.7288,8.13,0,,,,,39,14.7,ok
TIC 465275968,163.1399,-64.4141,8.13,0,,,,,6,10.2,ok
TIC 405663813,191.628,-14.5229,8.13,0,,,,,4,10.4,ok
TIC 38943971,70.2054,-62.8006,8.13,0,,,,,43,13.6,ok
TIC 405817393,192.2212,-56.853,8.13,0,,,,,6,14.9,ok
TIC 41173667,91.3987,-69.9151,8.13,0,,,,,38,14.1,ok
TIC 363667170,147.8312,-60.3307,8.13,0,,,,,5,10.2,ok
TIC 390558073,190.3494,-27.5117,8.13,0,,,,,3,5.7,ok
TIC 333293114,181.3616,-51.6657,8.13,0,,,,,3,7.6,ok
TIC 253275342,195.796,-56.1107,8.13,0,,,,,6,10.3,ok
TIC 364540782,85.2322,-72.2747,8.13,0,,,,,43,13.1,ok
TIC 370139723,73.3729,-77.5364,8.13,0,,,,,6,11.2,ok
TIC 149121385,80.9201,-63.615,8.13,0,,,,,43,14.9,ok
TIC 371017146,146.0459,-69.7934,8.13,0,,,,,3,5.5,ok
TIC 454037605,175.7106,-38.5803,8.13,0,,,,,6,8.4,ok
TIC 5915144,193.2909,-20.2147,8.13,0,,,,,4,6.5,ok
TIC 141281495,83.2485,-75.2367,8.14,0,,,,,41,14.1,ok
TIC 452495510,140.1597,-74.2371,8.14,0,,,,,10,16.2,ok
TIC 165295412,179.1717,-36.4961,8.14,0,,,,,5,7.8,ok
TIC 452607509,143.2778,-72.139,8.14,0,,,,,9,13.5,ok
TIC 461201882,181.6662,-35.9209,8.14,0,,,,,6,11.6,ok
TIC 300039874,107.6088,-70.3487,8.14,0,,,,,36,14.0,ok
TIC 318265232,173.0162,-62.3576,8.14,0,,,,,7,10.2,ok
TIC 458929318,161.2028,-54.8908,8.14,0,,,,,8,12.5,ok
TIC 280670080,173.1642,-67.5867,8.14,0,,,,,7,14.7,ok
TIC 423536971,185.3716,-22.4364,8.14,0,,,,,3,5.5,ok
TIC 130945054,188.5396,-34.735,8.14,0,,,,,4,7.5,ok
TIC 389314777,189.856,-33.8142,8.14,0,,,,,4,8.8,ok
TIC 166882294,192.8745,-48.7841,8.14,0,,,,,5,16.8,ok
TIC 372739482,152.0741,-69.1113,8.14,0,,,,,5,12.9,ok
TIC 31508240,89.1374,-70.2894,8.14,0,,,,,38,18.5,ok
TIC 164917437,192.0365,-52.1187,8.14,0,,,,,7,13.2,ok
TIC 181860841,190.1342,-17.066,8.14,0,,,,,4,11.9,ok
TIC 457804063,158.301,-58.1704,8.14,0,,,,,6,9.6,ok
TIC 288024745,135.9229,-72.6291,8.14,0,,,,,9,13.7,ok
TIC 448118773,158.2819,-52.9673,8.14,0,,,,,7,9.8,ok
TIC 5982485,193.7774,-19.4751,8.14,0,,,,,4,9.3,ok
TIC 176935006,100.4395,-66.9474,8.14,0,,,,,39,13.5,ok
TIC 350094458,115.0881,-64.483,8.14,0,,,,,?,2.5,erreur
TIC 322234284,175.9766,-60.0072,8.14,0,,,,,3,4.5,ok
TIC 61992085,178.2694,-45.4834,8.14,0,,,,,2,4.9,ok
TIC 179644015,188.2424,-65.702,8.14,0,,,,,4,8.1,ok
TIC 397431606,187.9042,-28.5127,8.14,0,,,,,3,7.8,ok
TIC 439331136,143.2841,-57.15,8.14,0,,,,,7,11.8,ok
TIC 20581680,201.2266,-23.35,8.14,0,,,,,3,7.5,ok
TIC 364757920,177.2345,-70.4533,8.14,0,,,,,3,6.8,ok
TIC 140892453,76.5012,-72.6702,8.14,0,,,,,30,13.7,ok
TIC 260368525,95.2412,-58.352,8.14,0,,,,,41,14.6,ok
TIC 92241508,172.4301,-47.9134,8.14,0,,,,,6,12.2,ok
TIC 361698116,144.5626,-63.7875,8.14,0,,34.7,rejete,variabilite_continue;eclipse_secondaire,5,12.6,ok
TIC 61643969,176.9425,-46.602,8.14,0,,,,,7,16.6,ok
TIC 460860963,158.9869,-61.4272,8.14,0,,,,,8,14.0,ok
TIC 133498785,149.7698,-52.2556,8.14,0,,,,,4,9.2,ok
TIC 176958231,101.2219,-66.8661,8.14,0,,,,,33,21.4,ok
TIC 399247270,163.6379,-70.0551,8.14,0,,,,,3,9.6,ok
TIC 22908615,185.9486,-47.5458,8.14,0,,,,,6,13.0,ok
TIC 309986086,184.8306,-62.9541,8.14,0,,,,,6,11.6,ok
TIC 443671790,186.9824,-25.665,8.14,0,,,,,4,8.9,ok
TIC 147569266,163.6443,-44.6874,8.14,0,,,,,8,12.8,ok
TIC 300939409,117.7362,-70.088,8.14,0,,,,,44,14.1,ok
TIC 458593861,160.405,-58.267,8.15,0,,,,,6,11.6,ok
TIC 363729290,200.2734,-43.8127,8.15,0,,,,,5,7.2,ok
TIC 311838560,181.8182,-70.3912,8.15,0,,,,,7,10.1,ok
TIC 144661978,191.5014,-40.0408,8.15,0,,,,,4,6.2,ok
TIC 287531789,124.3595,-77.2575,8.15,0,,,,,16,12.4,ok
TIC 460720830,158.3834,-60.0657,8.15,0,,,,,6,8.7,ok
TIC 320851362,174.9428,-64.7015,8.15,0,,17.2,rejete,variabilite_continue;eclipse_secondaire,8,19.1,ok
TIC 25133052,62.1404,-71.6392,8.15,0,,,,,31,12.7,ok
TIC 38587665,64.2061,-65.6298,8.15,0,,,,,44,11.5,ok
TIC 438741113,142.734,-55.6356,8.15,0,,,,,4,7.5,ok
TIC 120371200,163.4463,-53.9191,8.15,0,,,,,8,10.2,ok
TIC 93315865,174.9994,-50.4376,8.15,0,,,,,6,8.3,ok
TIC 136833589,150.8691,-53.0528,8.15,0,,,,,7,11.0,ok
TIC 179490977,188.1395,-63.9528,8.15,0,,,,,6,9.4,ok
TIC 141152931,80.5866,-75.0102,8.15,0,,,,,43,12.4,ok
TIC 132643834,148.9121,-52.306,8.15,0,,11.7,rejete,variabilite_continue;eclipse_secondaire,4,12.0,ok
TIC 339672106,110.422,-57.2802,8.15,0,,,,,26,12.5,ok
TIC 339733451,110.9054,-58.0971,8.15,0,,,,,21,13.3,ok
TIC 130984243,188.7206,-31.4155,8.15,0,,,,,4,7.6,ok
TIC 378687599,180.5621,-63.8024,8.15,0,,,,,8,11.7,ok
TIC 308994213,123.2109,-63.9776,8.15,0,,,,,23,11.6,ok
TIC 45638784,130.9709,-59.5873,8.15,0,,,,,5,8.9,ok
TIC 152597583,172.461,-38.0913,8.15,0,,,,,8,11.8,ok
TIC 30281683,197.8483,-41.008,8.15,0,,,,,4,5.3,ok
TIC 397870693,159.7719,-67.7843,8.15,0,,,,,2,7.5,ok
TIC 167524278,100.5792,-65.1343,8.15,0,,,,,37,14.8,ok
TIC 231737189,82.214,-51.5768,8.15,0,,,,,13,16.3,ok
TIC 370822765,144.9978,-69.1983,8.15,0,,,,,7,11.9,ok
TIC 260128701,92.4076,-59.522,8.15,0,,26.5,rejete,variabilite_continue;eclipse_secondaire,42,18.8,ok
TIC 378894504,180.5861,-59.9879,8.15,0,,,,,4,6.7,ok
TIC 220478230,75.8744,-58.4462,8.15,0,,,,,43,17.2,ok
TIC 341490108,120.3675,-58.1188,8.15,0,,,,,13,14.9,ok
TIC 341043418,118.4407,-58.001,8.15,0,,,,,12,12.2,ok
TIC 9565470,193.355,-29.3185,8.15,0,,,,,4,13.8,ok
TIC 67213949,181.9003,-54.4269,8.15,0,,,,,5,11.4,ok
TIC 124402693,198.3164,-30.1047,8.15,0,,,,,4,9.1,ok
TIC 364670831,175.9663,-68.9669,8.16,0,,,,,7,9.8,ok
TIC 349791471,113.4655,-60.7499,8.16,0,,,,,36,15.5,ok
TIC 142139204,179.6245,-34.8332,8.16,0,,,,,6,9.5,ok
TIC 38516267,62.5914,-65.3302,8.16,0,,,,,43,15.9,ok
TIC 273148868,188.6039,-59.5891,8.16,0,,,,,6,11.6,ok
TIC 434514621,189.7855,-21.9357,8.16,0,,,,,4,9.7,ok
TIC 451076846,170.4183,-54.3705,8.16,0,,20.7,rejete,variabilite_continue;eclipse_secondaire;compagnon_trop_gros_2.1Rjup,4,10.0,ok
TIC 339859805,111.5254,-56.956,8.16,0,,13.7,rejete,variabilite_continue;eclipse_secondaire,25,19.5,ok
TIC 428701706,196.1387,-22.8254,8.16,0,,,,,3,7.9,ok
TIC 32091606,58.7223,-66.4487,8.16,0,,,,,35,18.5,ok
TIC 350742475,88.5479,-59.7715,8.16,0,,,,,42,14.8,ok
TIC 350433903,85.0495,-56.5068,8.16,0,,,,,31,15.4,ok
TIC 288106069,136.6014,-76.7998,8.16,0,,,,,6,10.0,ok
TIC 130983301,188.7711,-33.2663,8.16,0,,,,,4,9.7,ok
TIC 356361251,134.08,-63.4644,8.16,0,,,,,4,8.1,ok
TIC 429209321,183.7973,-49.1492,8.16,0,,,,,3,6.4,ok
TIC 362003989,145.1477,-65.0983,8.16,0,,,,,5,7.8,ok
TIC 107020548,182.9484,-35.6564,8.16,0,,,,,5,7.7,ok
TIC 364421326,119.573,-63.1315,8.16,0,,,,,27,17.2,ok
TIC 55450888,70.5834,-61.6192,8.16,0,,,,,34,14.7,ok
TIC 453749981,196.2571,-46.5634,8.16,0,,,,,1,3.1,ok
TIC 290300414,136.4125,-62.1034,8.16,0,,,,,7,12.5,ok
TIC 397675893,159.0691,-70.7258,8.16,0,,,,,3,7.7,ok
TIC 377014890,153.6137,-60.081,8.16,0,,11.2,rejete,variabilite_continue;eclipse_secondaire;compagnon_trop_gros_5.4Rjup,7,13.0,ok
TIC 404013383,194.9559,-48.0753,8.16,0,,,,,5,9.2,ok
TIC 348996104,107.0207,-62.8205,8.16,0,,,,,40,13.0,ok
TIC 323242564,129.7783,-79.9833,8.16,0,,,,,10,14.0,ok
TIC 303523084,164.3089,-59.239,8.16,0,,,,,7,13.1,ok
TIC 302718298,135.1216,-70.1666,8.16,0,,,,,10,22.4,ok
TIC 124569177,199.4452,-30.8752,8.16,0,,,,,5,14.8,ok
TIC 203381577,206.1124,-21.2233,8.16,0,,,,,3,5.4,ok
TIC 32036692,56.7999,-67.3906,8.16,0,,,,,34,15.5,ok
TIC 412547448,193.0468,-57.742,8.16,0,,,,,7,10.2,ok
TIC 286190272,187.3003,-29.3258,8.16,0,,,,,4,6.6,ok
TIC 203362247,204.7042,-21.5872,8.16,0,,,,,3,13.6,ok
TIC 382436277,117.1425,-64.8224,8.16,0,,,,,33,15.4,ok
TIC 253153987,194.8801,-56.1908,8.16,0,,,,,7,12.0,ok
TIC 300804509,177.7843,-57.2596,8.16,0,,,,,6,15.8,ok
TIC 228694499,193.8106,-28.0302,8.16,0,,,,,4,6.3,ok
TIC 449871040,163.3784,-72.3692,8.17,0,,,,,6,8.7,ok
TIC 454748201,175.7165,-73.4203,8.17,0,,,,,5,7.6,ok
TIC 391520985,161.6424,-60.7616,8.17,0,,,,,5,8.4,ok
TIC 167795786,104.3913,-61.8695,8.17,0,,,,,45,14.3,ok
TIC 398145918,160.4002,-71.0249,8.17,0,,,,,2,3.6,ok
TIC 269778826,148.4706,-61.6447,8.17,0,,,,,7,11.3,ok
TIC 293272754,98.7282,-60.7139,8.17,0,,,,,41,12.7,ok
TIC 31816240,51.5924,-69.6057,8.17,0,,,,,23,14.8,ok
TIC 306624254,166.9197,-56.6606,8.17,0,,,,,5,24.5,ok
TIC 397873468,159.7544,-68.5691,8.17,0,,,,,6,9.0,ok
TIC 323686038,137.9704,-78.0875,8.17,0,,,,,10,19.7,ok
TIC 30069525,206.3736,-30.4386,8.17,0,,,,,4,7.5,ok
TIC 93095729,174.5454,-51.576,8.17,0,,,,,2,4.6,ok
TIC 344177574,154.7252,-70.781,8.17,0,,,,,6,9.2,ok
TIC 364663158,176.1369,-67.3053,8.17,1,3.0989,23.5,rejete,eclipse_secondaire;compagnon_trop_gros_44.9Rjup,3,8.3,ok
TIC 453401266,150.6392,-75.1822,8.17,0,,,,,7,11.8,ok
TIC 135095841,185.1834,-36.2038,8.17,0,,,,,5,7.1,ok
TIC 284195833,105.581,-69.3525,8.17,0,,,,,41,14.7,ok
TIC 91786999,171.5937,-51.6399,8.17,0,,,,,7,11.0,ok
TIC 460266103,157.1378,-60.3863,8.17,0,,,,,7,16.1,ok
TIC 141770198,91.8755,-76.6905,8.17,0,,,,,45,13.5,ok
TIC 290754629,84.6958,-52.4884,8.17,0,,,,,10,14.4,ok
TIC 279088395,102.747,-56.2396,8.17,0,,,,,34,13.3,ok
TIC 447214066,156.7833,-49.7876,8.17,0,,,,,2,5.3,ok
TIC 453798771,159.9492,-73.1905,8.17,0,,,,,5,7.4,ok
TIC 55402580,77.8438,-62.8175,8.17,0,,,,,41,12.4,ok
TIC 350024659,114.5233,-63.9462,8.17,0,,,,,32,16.2,ok
TIC 178860015,194.6858,-36.0061,8.17,0,,,,,1,3.6,ok
TIC 469248308,148.7368,-58.3316,8.17,0,,,,,7,11.4,ok
TIC 140755216,73.8534,-73.7616,8.17,0,,,,,42,15.2,ok
TIC 305629915,178.8486,-60.418,8.17,0,,,,,3,8.9,ok
TIC 451913795,173.1374,-54.779,8.17,0,,,,,6,8.3,ok
TIC 310595515,152.7624,-50.8301,8.17,0,,,,,4,6.5,ok
TIC 350716053,88.5071,-56.5547,8.17,0,,,,,40,13.5,ok
TIC 58463400,201.4985,-27.4694,8.17,0,,,,,2,5.0,ok
TIC 101732350,200.5317,-27.1441,8.18,0,,,,,3,4.6,ok
TIC 334119333,182.7638,-50.009,8.18,0,,,,,2,3.7,ok
TIC 452592416,142.8488,-74.1552,8.18,0,,,,,5,7.7,ok
TIC 338531807,189.4894,-61.2779,8.18,0,,,,,8,12.8,ok
TIC 350825116,89.605,-55.2044,8.18,0,,,,,42,13.2,ok
TIC 390554357,190.0798,-29.6151,8.18,0,,,,,4,7.9,ok
TIC 340313069,115.0266,-59.2298,8.18,0,,,,,21,13.6,ok
TIC 437323587,192.024,-19.7533,8.18,0,,,,,3,4.6,ok
TIC 452494253,140.2157,-75.298,8.18,0,,,,,6,9.2,ok
TIC 389100571,177.9016,-48.7352,8.18,0,,,,,2,4.0,ok
TIC 220428894,72.9119,-59.0109,8.18,0,,,,,42,12.9,ok
TIC 243237937,203.6055,-42.4049,8.18,0,,,,,3,8.1,ok
TIC 9481811,192.7686,-26.4514,8.18,0,,,,,3,11.8,ok
TIC 300010961,106.9457,-67.9368,8.18,0,,,,,43,14.6,ok
TIC 333015696,180.9366,-49.8123,8.18,0,,,,,6,9.7,ok
TIC 237920279,56.8271,-64.328,8.18,0,,,,,20,12.4,ok
TIC 58760727,203.7016,-27.2914,8.18,0,,,,,2,8.1,ok
TIC 244882910,196.8056,-52.0166,8.18,0,,,,,6,10.0,ok
TIC 306254330,166.5716,-55.9148,8.18,0,,,,,7,9.0,ok
TIC 461201151,181.5089,-37.0867,8.18,0,,,,,5,8.0,ok
TIC 120378082,163.3334,-51.7927,8.18,0,,23.2,rejete,variabilite_continue;eclipse_secondaire,7,15.2,ok
TIC 464901115,159.8984,-63.6931,8.18,0,,,,,2,5.1,ok
TIC 167574667,101.528,-60.6741,8.18,0,,,,,39,13.2,ok
TIC 78926258,211.6234,-20.0729,8.18,0,,,,,2,4.5,ok
TIC 272235353,117.4267,-72.357,8.18,0,,,,,31,13.3,ok
TIC 333388347,181.5305,-50.2439,8.18,0,,,,,2,5.4,ok
TIC 32086121,202.6844,-19.3872,8.18,0,,,,,4,7.1,ok
TIC 181205079,174.5966,-38.4777,8.18,0,,,,,8,12.0,ok
TIC 203365321,205.8877,-23.8104,8.18,0,,,,,2,4.7,ok
TIC 5966788,193.2776,-23.1662,8.18,0,,,,,4,5.6,ok
TIC 443668662,186.9579,-25.3285,8.18,0,,,,,2,4.1,ok
TIC 281637522,117.0102,-59.9051,8.18,0,,,,,25,12.4,ok
TIC 350519682,86.0947,-58.275,8.18,0,,,,,40,12.4,ok
TIC 99059830,181.9992,-26.2034,8.18,0,,,,,5,8.5,ok
TIC 359563213,140.7111,-61.0931,8.19,0,,,,,4,7.9,ok
TIC 300940126,117.8871,-71.0949,8.19,0,,,,,39,12.3,ok
TIC 93709814,175.9223,-48.6656,8.19,0,,,,,8,10.3,ok
TIC 454021446,175.6916,-37.3982,8.19,0,,,,,6,8.0,ok
TIC 313038875,182.9797,-66.6954,8.19,0,,25.9,rejete,variabilite_continue;eclipse_secondaire,7,12.7,ok
TIC 30290773,197.8186,-37.6363,8.19,0,,,,,5,8.1,ok
TIC 453356417,149.7943,-76.7576,8.19,0,,,,,10,17.1,ok
TIC 231098685,69.168,-67.2333,8.19,0,,,,,39,15.0,ok
TIC 317410210,172.4322,-61.67,8.19,0,,,,,6,9.7,ok
TIC 142279151,180.8273,-31.2685,8.19,0,,,,,6,9.0,ok
TIC 30403921,74.5298,-70.1492,8.19,0,,,,,31,13.1,ok
TIC 231806026,85.182,-53.0739,8.19,0,,18.5,rejete,variabilite_continue;eclipse_secondaire,18,16.0,ok
TIC 357539762,137.5325,-62.9138,8.19,0,,,,,8,12.1,ok
TIC 82252218,168.9075,-50.3034,8.19,0,,,,,6,9.0,ok
TIC 309779168,126.259,-64.0859,8.19,0,,,,,13,13.4,ok
TIC 282090331,135.1004,-73.828,8.19,0,,,,,5,7.8,ok
TIC 381258757,182.4589,-63.9158,8.19,0,,,,,8,10.4,ok
TIC 144492663,190.5858,-39.5237,8.19,0,,,,,4,8.1,ok
TIC 307214209,124.6619,-71.9773,8.19,0,,34.1,rejete,variabilite_continue;eclipse_secondaire,28,16.7,ok
TIC 370435127,142.9793,-71.3571,8.19,0,,,,,10,11.9,ok
TIC 303495210,159.7861,-51.4035,8.19,0,,,,,6,9.4,ok
TIC 350477148,85.6825,-54.6452,8.19,0,,,,,34,13.7,ok
TIC 81392724,167.1959,-50.8142,8.19,0,,,,,7,11.0,ok
TIC 135093848,185.1043,-38.3077,8.19,0,,,,,5,6.7,ok
TIC 130946705,188.4114,-31.6867,8.19,0,,,,,2,6.9,ok
TIC 38632722,64.8391,-61.2625,8.19,0,,,,,20,12.0,ok
TIC 102307332,196.2514,-37.5251,8.19,0,,,,,4,9.6,ok
TIC 340065168,113.1887,-57.3748,8.19,0,,30.6,rejete,variabilite_continue;eclipse_secondaire;compagnon_trop_gros_3.5Rjup,23,19.0,ok
TIC 22395174,186.2261,-19.8706,8.19,0,,,,,5,9.1,ok
TIC 272056870,187.2271,-54.6491,8.19,0,,,,,4,6.1,ok
TIC 80310118,165.114,-53.9818,8.19,0,,,,,8,11.2,ok
TIC 135144081,185.1944,-41.0048,8.19,0,,,,,5,6.7,ok
TIC 267522448,176.1967,-58.2649,8.19,0,,,,,6,8.6,ok
TIC 46036555,131.9103,-59.6178,8.19,0,,,,,2,2.8,ok
TIC 271976400,114.327,-73.7108,8.19,0,,,,,43,14.6,ok
TIC 111868456,208.2876,-31.7211,8.19,0,,,,,4,6.2,ok
TIC 121948496,132.6355,-56.1667,8.19,0,,,,,9,12.5,ok
TIC 457912802,158.6942,-58.1561,8.2,0,,,,,6,9.3,ok
TIC 165376323,179.5735,-39.6328,8.2,0,,,,,2,3.1,ok
TIC 131234993,191.459,-30.8107,8.2,0,,,,,4,6.8,ok
TIC 31853965,52.4264,-67.2157,8.2,0,,,,,21,13.4,ok
TIC 438689102,202.4196,-44.0163,8.2,0,,,,,6,9.8,ok
TIC 142086812,98.4232,-75.6283,8.2,0,,,,,40,12.9,ok
TIC 89328464,126.5519,-57.9043,8.2,0,,,,,12,12.5,ok
TIC 447975853,158.0954,-50.6339,8.2,0,,,,,6,8.3,ok
TIC 297218411,179.8196,-68.1543,8.2,0,,,,,7,11.2,ok
TIC 309277678,168.1889,-54.9716,8.2,0,,,,,7,9.6,ok
TIC 437338267,208.28,-23.5134,8.2,0,,,,,4,5.1,ok
TIC 399900212,165.0369,-69.7981,8.2,0,,,,,5,7.3,ok
TIC 30202416,207.2487,-31.3821,8.2,0,,,,,2,4.2,ok
TIC 2518007,194.4556,-13.1343,8.2,0,,,,,2,5.5,ok
TIC 371806878,148.9801,-69.9688,8.2,0,,,,,8,12.1,ok
TIC 349056430,107.4061,-62.3047,8.2,0,,,,,34,12.5,ok
TIC 308210738,198.0497,-15.8602,8.2,0,,,,,4,7.8,ok
TIC 287769002,126.8259,-77.729,8.2,0,,,,,11,14.1,ok
TIC 411942227,189.8159,-57.3234,8.2,0,,,,,6,8.8,ok
TIC 453561900,154.8789,-75.5992,8.2,0,,,,,7,9.4,ok
TIC 231736976,82.1741,-50.9478,8.2,0,,,,,1,5.2,ok
TIC 374911986,89.1033,-60.5827,8.2,0,,,,,41,12.6,ok
TIC 281495893,112.0915,-58.5362,8.2,0,,,,,30,13.4,ok
TIC 308471350,184.1146,-60.8917,8.2,0,,,,,6,11.5,ok
TIC 140997242,78.1137,-75.1449,8.2,0,,,,,43,18.6,ok
TIC 350559756,86.4913,-56.4514,8.2,0,,,,,41,15.1,ok
TIC 278991349,102.0586,-57.4844,8.2,0,,,,,33,14.7,ok
TIC 422088129,188.8233,-51.676,8.2,0,,,,,7,13.0,ok
TIC 422350278,203.545,-16.3893,8.2,0,,,,,2,5.1,ok
TIC 398436575,161.1388,-66.6745,8.2,0,,,,,4,6.2,ok
TIC 49258060,204.6851,-27.2597,8.2,0,,,,,2,3.8,ok
TIC 177023289,102.4435,-69.3294,8.2,0,,,,,42,16.3,ok
TIC 385626507,138.464,-55.5396,8.21,0,,,,,6,9.1,ok
TIC 463320660,153.5817,-55.1406,8.21,0,,,,,8,10.3,ok
TIC 38678868,65.4048,-62.1219,8.21,0,,,,,41,12.9,ok
TIC 349964939,114.342,-65.8453,8.21,0,,,,,31,13.5,ok
TIC 462968302,152.5286,-55.77,8.21,0,,,,,5,7.7,ok
TIC 382187278,81.2631,-57.2353,8.21,0,,,,,42,11.7,ok
TIC 245099522,198.0294,-53.4266,8.21,0,,,,,4,6.5,ok
TIC 382160146,81.0013,-58.0951,8.21,0,,,,,33,13.1,ok
TIC 166080242,205.65,-36.0343,8.21,0,,,,,4,7.4,ok
TIC 149346163,83.6124,-62.8385,8.21,0,,,,,38,12.3,ok
TIC 386025523,138.8911,-58.8775,8.21,1,2.7015,11.0,rejete,variabilite_continue;eclipse_secondaire,10,18.7,ok
TIC 299022962,143.4798,-53.6351,8.21,0,,,,,6,11.6,ok
TIC 339960404,112.6176,-59.5584,8.21,0,,,,,35,14.8,ok
TIC 103630061,193.4639,-33.1702,8.21,0,,,,,4,9.5,ok
TIC 438841340,142.9595,-55.4905,8.21,0,,,,,4,6.8,ok
TIC 83205677,188.977,-23.8354,8.21,0,,,,,1,4.5,ok
TIC 141155264,81.0946,-75.6205,8.21,0,,,,,40,14.0,ok
TIC 304345263,142.3202,-68.1768,8.21,0,,,,,10,17.1,ok
TIC 279088861,102.6969,-56.9525,8.21,0,,,,,40,12.6,ok
TIC 310712554,185.4111,-64.3841,8.21,0,,,,,7,9.3,ok
TIC 30067072,206.4414,-34.7453,8.21,0,,,,,4,6.2,ok
TIC 288020208,184.9441,-55.9871,8.21,0,,,,,6,8.0,ok
TIC 176957187,100.8214,-66.501,8.21,0,,,,,29,13.3,ok
TIC 229310586,196.6574,-29.4486,8.21,0,,,,,4,6.0,ok
TIC 294330174,109.0868,-57.6408,8.21,0,,,,,36,14.8,ok
TIC 72813530,188.6297,-43.405,8.21,0,,,,,5,9.5,ok
TIC 370236000,105.2594,-74.0174,8.21,0,,,,,42,15.3,ok
TIC 278729421,99.5017,-59.7735,8.21,0,,,,,31,41.3,ok
TIC 382186942,81.2126,-58.1691,8.21,0,,,,,43,15.8,ok
TIC 151769040,167.6284,-41.6358,8.21,0,,,,,7,11.6,ok
TIC 260415628,95.6192,-57.5921,8.21,0,,,,,40,10.7,ok
TIC 260369855,95.2015,-55.6752,8.21,0,,,,,41,16.5,ok
TIC 260505542,96.7453,-55.0331,8.21,0,,,,,32,17.3,ok
TIC 1671437,195.482,-13.8185,8.21,0,,,,,2,3.8,ok
TIC 261260905,90.727,-78.5206,8.21,0,,,,,39,12.0,ok
TIC 162079738,190.3909,-53.3151,8.21,0,,,,,8,13.7,ok
TIC 99140314,183.5595,-27.3392,8.21,0,,,,,4,5.7,ok
TIC 219622190,153.8981,-50.529,8.21,0,,,,,6,8.5,ok
TIC 464229881,155.682,-58.5275,8.21,0,,,,,2,4.9,ok
TIC 405631503,191.556,-14.1838,8.21,0,,,,,2,6.9,ok
TIC 144784138,192.2919,-39.7171,8.21,0,,,,,3,6.6,ok
TIC 81246622,167.103,-52.0645,8.21,0,,,,,8,10.9,ok
TIC 350563576,86.8253,-54.841,8.21,0,,,,,32,11.7,ok
TIC 71733405,166.4416,-45.2215,8.21,0,,12.8,rejete,variabilite_continue;eclipse_secondaire,7,14.5,ok
TIC 309066741,123.5018,-61.6568,8.21,0,,,,,20,12.7,ok
TIC 146758451,160.5773,-47.0097,8.21,0,,,,,5,7.2,ok
TIC 309402974,124.8516,-64.494,8.21,0,,,,,18,15.5,ok
TIC 452283444,174.1651,-56.1415,8.21,0,,,,,5,11.3,ok
TIC 437322762,191.8898,-18.9519,8.22,0,,,,,4,13.3,ok
TIC 33835925,64.1494,-74.2875,8.22,0,,,,,38,17.3,ok
TIC 358463026,119.0601,-62.1178,8.22,0,,,,,25,17.9,ok
TIC 356366528,134.2339,-65.1238,8.22,0,,,,,11,13.8,ok
TIC 229390943,197.0476,-27.5979,8.22,0,,,,,4,9.5,ok
TIC 72818117,188.5886,-47.1286,8.22,0,,,,,6,10.3,ok
TIC 144112138,188.2033,-39.2304,8.22,0,,,,,5,8.4,ok
TIC 101774402,200.8579,-26.9792,8.22,0,,,,,2,5.1,ok
TIC 142210408,180.3993,-34.142,8.22,0,,,,,5,12.0,ok
TIC 235060821,83.5923,-51.6315,8.22,0,,,,,11,21.9,ok
TIC 380352120,181.8172,-64.4396,8.22,0,,,,,3,9.3,ok
TIC 463823452,154.6,-54.5792,8.22,0,,,,,8,11.8,ok
TIC 349311517,109.7568,-65.2256,8.22,0,,,,,40,14.7,ok
TIC 267630142,176.1709,-57.0961,8.22,0,,,,,6,12.8,ok
TIC 49290852,204.972,-25.423,8.22,0,,,,,2,4.2,ok
TIC 403957139,188.6597,-53.1457,8.22,0,,,,,6,12.0,ok
TIC 55523561,72.0654,-62.4282,8.22,0,,,,,39,17.4,ok
TIC 462097071,150.4124,-55.4848,8.22,0,,,,,6,11.5,ok
TIC 142156210,179.7231,-30.9886,8.22,0,,,,,5,7.0,ok
TIC 253442491,196.7492,-56.637,8.22,0,,,,,3,9.2,ok
TIC 457532610,157.6273,-56.1734,8.22,0,,,,,7,15.5,ok
TIC 73645037,191.6754,-43.3126,8.22,0,,,,,4,8.6,ok
TIC 434514848,189.7539,-22.6183,8.22,0,,,,,5,9.9,ok
TIC 275452860,178.4632,-43.7892,8.22,0,,,,,4,6.6,ok
TIC 296944238,178.8384,-71.8271,8.22,0,,,,,5,11.2,ok
TIC 181021137,173.1894,-37.5067,8.22,0,,,,,7,12.2,ok
TIC 459295129,162.2352,-57.2642,8.22,0,,,,,7,13.8,ok
TIC 374095457,159.933,-48.9967,8.22,0,,,,,8,11.9,ok
TIC 381974270,76.9305,-59.4849,8.22,0,,,,,31,11.7,ok
TIC 83133871,188.4781,-22.0757,8.22,0,,,,,4,7.7,ok
TIC 448644674,177.4749,-32.5058,8.22,0,,,,,2,4.9,ok
TIC 376203828,179.2552,-57.8735,8.23,0,,,,,6,9.0,ok
TIC 314445368,184.6433,-68.3543,8.23,0,,,,,3,7.1,ok
TIC 384471898,136.3597,-58.9248,8.23,0,,,,,10,15.4,ok
TIC 384945615,137.2014,-57.0251,8.23,0,,,,,6,12.2,ok
TIC 376139442,152.5536,-62.9854,8.23,0,,,,,5,9.0,ok
TIC 231089952,68.6066,-66.1934,8.23,0,,,,,43,15.6,ok
TIC 350844714,90.1379,-56.1615,8.23,0,,,,,33,15.6,ok
TIC 377777476,154.5198,-61.8785,8.23,0,,,,,7,11.7,ok
TIC 135226324,185.9283,-38.1204,8.23,0,,,,,3,7.1,ok
TIC 98870722,180.2532,-29.7,8.23,0,,,,,1,6.0,ok
TIC 376754473,180.9579,-59.5414,8.23,0,,,,,8,11.2,ok
TIC 144427252,190.2051,-41.0469,8.23,0,,,,,4,10.4,ok
TIC 335660361,200.021,-15.4487,8.23,0,,,,,3,5.7,ok
TIC 58464030,201.5486,-26.1857,8.23,0,,,,,3,7.1,ok
TIC 253441919,196.7348,-56.7444,8.23,0,,,,,2,8.4,ok
TIC 22395591,186.2147,-18.2532,8.23,0,,,,,2,8.6,ok
TIC 61592744,176.3932,-46.0635,8.23,0,,,,,2,3.8,ok
TIC 278017567,178.1197,-38.0965,8.23,0,,,,,6,8.3,ok
TIC 91627825,171.2658,-51.8936,8.23,0,,,,,2,3.1,ok
TIC 422417109,198.8096,-18.92,8.23,0,,,,,2,5.3,ok
TIC 405691004,192.0192,-54.0437,8.23,0,,,,,6,11.4,ok
TIC 406104550,193.8623,-54.2534,8.23,0,,,,,7,8.7,ok
TIC 162480442,169.6771,-42.7844,8.23,0,,,,,7,8.7,ok
TIC 464470984,156.2546,-57.0865,8.23,0,,,,,6,8.3,ok
TIC 349372072,110.0004,-61.035,8.23,0,,,,,42,12.6,ok
TIC 300302024,160.2351,-49.3955,8.23,0,,,,,5,11.1,ok
TIC 160522200,189.5121,-48.4558,8.23,0,,,,,4,5.5,ok
TIC 402116291,182.737,-28.3476,8.23,0,,,,,5,7.7,ok
TIC 204650643,184.9644,-26.2003,8.24,0,,,,,3,5.8,ok
TIC 453746453,196.3843,-43.8564,8.24,0,,,,,5,7.5,ok
TIC 453813589,199.4255,-43.1336,8.24,0,,,,,5,12.4,ok
TIC 30022867,196.4864,-41.0401,8.24,0,,,,,6,13.4,ok
TIC 290366208,136.3174,-64.1727,8.24,0,,,,,11,15.3,ok
TIC 453531071,153.975,-77.868,8.24,0,,,,,5,8.8,ok
TIC 149390282,83.933,-62.7958,8.24,0,,,,,11,13.0,ok
TIC 272089457,115.6303,-76.2177,8.24,0,,,,,31,12.5,ok
TIC 361412242,144.2462,-61.3866,8.24,0,,,,,3,4.3,ok
TIC 181207198,174.7564,-36.2424,8.24,0,,,,,7,9.5,ok
TIC 165292746,179.1546,-40.6542,8.24,0,,,,,7,8.8,ok
TIC 253395069,196.6794,-54.6168,8.24,0,,,,,6,9.5,ok
TIC 349162172,205.2497,-20.7485,8.24,0,,,,,3,3.9,ok
TIC 408532494,194.9757,-21.781,8.24,0,,,,,4,9.1,ok
TIC 260242697,93.8258,-54.5584,8.24,0,,,,,34,14.0,ok
TIC 122034306,132.8817,-59.0503,8.24,0,,,,,1,2.3,ok
TIC 325172035,177.4948,-63.9491,8.24,0,,59.2,rejete,variabilite_continue;eclipse_secondaire,2,6.6,ok
TIC 30700053,199.7825,-40.9198,8.24,0,,,,,2,5.1,ok
TIC 450423039,168.6367,-55.7379,8.24,0,,,,,5,7.1,ok
TIC 380922828,182.3676,-61.3471,8.24,0,,,,,8,11.3,ok
TIC 462494600,151.3733,-57.1818,8.24,0,,,,,6,9.1,ok
TIC 165537320,180.7789,-38.6203,8.24,0,,,,,2,4.7,ok
TIC 386074777,139.0055,-57.0254,8.24,0,,,,,3,6.8,ok
TIC 358335307,77.3435,-54.241,8.24,0,,,,,17,14.1,ok
TIC 279250316,103.9618,-58.4105,8.24,0,,,,,40,12.2,ok
TIC 307158324,124.0627,-70.4014,8.24,1,1.9561,61.9,rejete,variabilite_continue;eclipse_secondaire,31,16.4,ok
TIC 400805956,178.2431,-50.7905,8.24,0,,,,,2,4.5,ok
TIC 372604433,151.8416,-67.1365,8.24,0,,,,,9,12.2,ok
TIC 144567292,190.9722,-40.2393,8.24,0,,,,,2,3.9,ok
TIC 295498106,171.0702,-67.0026,8.24,0,,12.3,rejete,variabilite_continue;eclipse_secondaire,8,13.3,ok
TIC 461280205,203.3178,-41.3013,8.24,0,,,,,2,2.9,ok
TIC 364538492,71.173,-74.3226,8.24,0,,,,,42,15.7,ok
TIC 309855268,126.3674,-64.9291,8.24,0,,,,,6,11.5,ok
TIC 300323829,110.3462,-67.2925,8.24,0,,,,,41,15.6,ok
TIC 397186219,131.4714,-75.896,8.24,0,,,,,15,16.2,ok
TIC 398644673,161.6232,-67.6281,8.24,0,,,,,4,5.7,ok
TIC 157139018,175.3944,-34.5536,8.24,0,,,,,1,4.2,ok
TIC 342883332,125.4888,-58.7236,8.24,0,,,,,12,11.6,ok
TIC 459366982,162.5095,-58.0355,8.24,0,,,,,7,9.9,ok
TIC 180110103,188.7991,-62.504,8.24,0,,,,,1,3.4,ok
TIC 290715298,84.2547,-51.949,8.24,0,,,,,7,13.3,ok
TIC 31944460,54.3731,-66.5243,8.25,0,,,,,22,12.0,ok
TIC 22211541,183.3416,-45.6249,8.25,0,,,,,2,3.2,ok
TIC 135147521,185.4564,-39.1352,8.25,0,,,,,5,10.8,ok
TIC 162580295,170.2277,-44.6455,8.25,0,,,,,6,7.9,ok
TIC 178890980,195.1369,-40.5714,8.25,0,,,,,1,2.4,ok
TIC 118260274,128.4089,-57.8178,8.25,0,,,,,10,12.2,ok
TIC 41532123,93.7556,-70.4603,8.25,0,,,,,36,14.2,ok
TIC 177284199,102.4187,-74.5569,8.25,0,,,,,45,14.1,ok
TIC 31925538,53.3077,-69.8699,8.25,0,,,,,21,12.1,ok
TIC 82478682,169.2995,-49.642,8.25,0,,,,,2,3.8,ok
TIC 438690253,202.41,-44.858,8.25,0,,,,,3,8.1,ok
TIC 376807522,153.4112,-65.1189,8.25,0,,,,,1,1.9,ok
TIC 350477233,85.8328,-54.8194,8.25,0,,,,,29,15.4,ok
TIC 131430745,203.739,-29.9234,8.25,0,,,,,2,3.5,ok
TIC 55849142,75.8263,-61.4154,8.25,0,,,,,43,13.0,ok
TIC 379118953,180.7956,-63.0542,8.25,0,,,,,6,8.4,ok
TIC 30989857,201.1632,-41.1503,8.25,0,,,,,5,10.5,ok
TIC 308454245,120.9581,-64.6291,8.25,0,,,,,30,15.3,ok
TIC 261061538,81.3406,-78.1385,8.25,0,,,,,39,13.2,ok
TIC 258655731,197.1223,-45.3683,8.25,0,,,,,5,11.1,ok
TIC 361995178,145.1104,-62.5129,8.25,0,,,,,3,6.6,ok
TIC 375567759,178.6387,-54.6347,8.25,0,,,,,3,5.1,ok
TIC 204618705,184.2617,-27.0423,8.25,0,,,,,5,9.1,ok
TIC 262498136,109.9286,-57.7788,8.25,0,,,,,32,13.6,ok
TIC 342000182,122.2049,-57.577,8.25,0,,,,,1,5.8,ok
TIC 271812702,112.1748,-75.4081,8.25,0,,,,,?,5.4,erreur
TIC 407661867,83.0771,-72.8325,8.25,0,,,,,41,12.6,ok
TIC 102043534,205.3901,-30.5891,8.26,0,,,,,3,5.9,ok
TIC 364422623,119.7002,-64.5444,8.26,0,,,,,11,14.6,ok
TIC 124427245,198.5747,-34.5676,8.26,0,,,,,3,5.7,ok
TIC 58717817,203.1679,-24.8072,8.26,0,,,,,2,4.5,ok
TIC 272403300,187.7579,-56.0667,8.26,0,,,,,8,14.0,ok
TIC 145006967,193.2719,-40.5097,8.26,0,,,,,4,9.2,ok
TIC 38762657,67.3523,-61.2187,8.26,0,,,,,43,14.1,ok
TIC 162695390,191.0077,-53.5058,8.26,1,0.9815,100.0,rejete,variabilite_continue;eclipse_secondaire,6,10.5,ok
TIC 362006486,145.3124,-65.8626,8.26,0,,,,,6,11.6,ok
TIC 389445119,85.9682,-71.0607,8.26,0,,,,,5,7.6,ok
TIC 150391988,96.4981,-61.6245,8.26,0,,,,,43,16.6,ok
TIC 425435089,200.8327,-48.9063,8.26,0,,,,,7,11.1,ok
TIC 271900960,112.9419,-75.5276,8.26,0,,,,,34,12.7,ok
TIC 400911489,178.6502,-53.7292,8.26,0,,,,,5,8.4,ok
TIC 22457824,186.7964,-19.9674,8.26,0,,,,,3,8.0,ok
TIC 453625820,156.4674,-72.5582,8.26,0,,,,,2,7.2,ok
TIC 60643450,189.0652,-29.5889,8.26,0,,,,,3,5.8,ok
TIC 38587771,64.141,-65.9113,8.26,0,,,,,31,15.7,ok
TIC 149575726,86.769,-64.7627,8.26,0,,,,,36,16.6,ok
TIC 235047873,82.5822,-52.4404,8.26,0,,,,,15,17.0,ok
TIC 464537734,156.5789,-55.4768,8.26,0,,,,,4,12.3,ok
TIC 22444513,186.408,-18.164,8.26,0,,,,,5,8.1,ok
TIC 286194080,187.4813,-26.4212,8.26,0,,,,,2,4.6,ok
TIC 176875890,101.109,-77.2451,8.26,0,,,,,32,16.2,ok
TIC 179201407,79.3173,-70.2596,8.27,0,,,,,42,13.2,ok
TIC 300443831,111.7549,-69.5154,8.27,0,,,,,35,13.8,ok
TIC 467626646,169.0229,-61.4143,8.27,0,,,,,8,12.8,ok
TIC 307157616,124.0854,-71.2763,8.27,0,,,,,29,14.1,ok
TIC 357413614,200.0594,-16.2243,8.27,0,,,,,3,6.7,ok
TIC 130979488,188.68,-31.8777,8.27,0,,,,,2,5.2,ok
TIC 332719291,180.3943,-53.8357,8.27,0,,,,,5,8.8,ok
TIC 458543434,160.2874,-59.2478,8.27,0,,,,,6,10.3,ok
TIC 294779080,71.483,-66.5172,8.27,0,,,,,32,12.0,ok
TIC 350184174,115.6692,-60.3032,8.27,0,,,,,23,13.0,ok
TIC 289988529,192.1037,-12.5315,8.27,0,,,,,3,5.2,ok
TIC 30837388,200.4267,-39.3106,8.27,0,,,,,2,4.5,ok
TIC 72008802,167.3714,-42.9758,8.27,0,,,,,4,7.3,ok
TIC 350744678,88.7508,-55.2316,8.27,0,,,,,34,15.6,ok
TIC 257720377,78.285,-59.9823,8.27,0,,,,,34,12.5,ok
TIC 15365585,185.1193,-50.779,8.27,0,,,,,6,9.0,ok
TIC 383517469,134.8686,-59.4716,8.27,0,,,,,10,12.8,ok
TIC 242089153,201.7408,-40.545,8.27,0,,,,,4,11.0,ok
TIC 379544326,181.2702,-60.7519,8.27,0,,,,,6,9.0,ok
TIC 452532229,141.9092,-77.7471,8.27,0,,,,,3,5.0,ok
TIC 97905634,199.1156,-28.065,8.27,0,,,,,3,4.7,ok
TIC 279571832,106.1392,-58.8296,8.27,0,,,,,43,14.9,ok
TIC 231739745,67.3408,-75.6256,8.27,0,,,,,40,13.4,ok
TIC 428717930,196.6746,-21.1835,8.27,0,,,,,2,6.5,ok
TIC 294014751,155.1826,-50.3914,8.27,0,,,,,3,6.6,ok
TIC 453097891,114.1032,-71.7117,8.27,0,,,,,41,17.0,ok
TIC 453292862,148.0921,-73.4754,8.27,0,,,,,8,13.1,ok
TIC 375038128,99.7237,-63.4644,8.27,0,,,,,32,13.5,ok
TIC 150440176,97.6862,-61.6086,8.27,0,,,,,39,14.6,ok
TIC 363200572,147.1072,-63.9832,8.27,0,,,,,3,6.5,ok
TIC 465543265,163.659,-60.1268,8.27,0,,,,,7,11.0,ok
TIC 411073848,160.7707,-50.6913,8.27,0,,,,,6,10.3,ok
TIC 401399673,192.2328,-31.2046,8.27,0,,,,,3,7.3,ok
TIC 400807336,178.2514,-50.0044,8.27,0,,,,,2,5.1,ok
TIC 72862404,188.7666,-42.4292,8.27,0,,,,,5,7.0,ok
TIC 30760646,75.5308,-71.337,8.28,0,,,,,12,13.1,ok
TIC 350433501,85.1964,-57.5265,8.28,0,,,,,41,14.2,ok
TIC 124452817,198.6986,-31.5473,8.28,0,,,,,5,8.0,ok
TIC 293936969,106.6187,-56.646,8.28,0,,,,,35,16.3,ok
TIC 80146330,164.8558,-53.0018,8.28,0,,,,,6,10.9,ok
TIC 433357868,183.0497,-54.2305,8.28,0,,,,,5,9.8,ok
TIC 303610995,139.3684,-66.5577,8.28,0,,,,,6,10.1,ok
TIC 425506424,201.3723,-36.2657,8.28,0,,,,,2,4.3,ok
TIC 334790026,184.4549,-50.0251,8.28,0,,,,,3,6.0,ok
TIC 260352227,94.7857,-56.6805,8.28,0,,,,,41,15.2,ok
TIC 150390490,96.5365,-64.5532,8.28,0,,,,,36,14.8,ok
TIC 272317789,118.5376,-76.5673,8.28,0,,,,,25,14.9,ok
TIC 203359870,204.5399,-19.1888,8.28,0,,,,,3,7.3,ok
TIC 55497082,71.5509,-60.0176,8.28,0,,,,,40,13.5,ok
TIC 453473011,188.0818,-25.6363,8.28,0,,,,,2,7.6,ok
TIC 6179301,211.1142,-21.767,8.28,0,,,,,3,4.0,ok
TIC 272195570,117.2091,-76.7734,8.28,0,,,,,21,16.3,ok
TIC 260351540,94.804,-58.054,8.28,0,,,,,41,14.3,ok
TIC 309067801,123.4974,-62.4356,8.28,0,,,,,21,19.6,ok
TIC 33770863,63.4185,-73.04,8.28,0,,,,,43,18.1,ok
TIC 304229131,164.9137,-55.0295,8.28,0,,,,,7,14.0,ok
TIC 286960615,206.7409,-19.9412,8.28,0,,,,,1,5.2,ok
TIC 266376971,175.168,-58.1043,8.28,0,,,,,4,8.4,ok
TIC 382517621,117.6033,-63.8721,8.28,0,,,,,42,14.3,ok
TIC 135257476,186.4777,-36.154,8.28,0,,,,,4,9.3,ok
TIC 55366779,77.2654,-63.9412,8.28,0,,,,,41,19.7,ok
TIC 310766227,129.3094,-63.9011,8.28,0,,,,,11,17.0,ok
TIC 55384838,77.3319,-65.1288,8.28,0,,,,,30,18.7,ok
TIC 397148644,131.1956,-73.708,8.28,0,,,,,14,15.4,ok
TIC 398907941,183.9992,-32.3865,8.28,0,,,,,5,11.5,ok
TIC 272170840,187.4615,-58.8684,8.28,0,,,,,6,13.1,ok
TIC 371502643,147.9949,-69.7888,8.28,0,,,,,7,11.3,ok
TIC 268662860,177.08,-56.4468,8.28,0,,,,,6,15.4,ok
TIC 275541981,178.879,-42.3259,8.29,0,,,,,6,13.5,ok
TIC 279477819,105.3096,-56.8251,8.29,0,,,,,36,16.6,ok
TIC 371315562,146.8793,-66.5826,8.29,0,,,,,3,10.7,ok
TIC 287607305,198.3675,-43.0435,8.29,0,,,,,3,9.1,ok
TIC 349907707,114.1051,-61.8738,8.29,0,,13.6,rejete,variabilite_continue;eclipse_secondaire;compagnon_trop_gros_3.3Rjup,31,24.5,ok
TIC 452443436,138.9204,-72.1772,8.29,0,,,,,7,21.2,ok
TIC 149347534,83.4977,-59.9505,8.29,0,,,,,41,15.7,ok
TIC 453754190,159.2304,-77.8857,8.29,0,,,,,9,22.9,ok
TIC 248202492,194.4701,-42.2349,8.29,0,,,,,5,15.6,ok
TIC 386079053,138.897,-56.0679,8.29,0,,,,,7,15.7,ok
TIC 386569405,139.5361,-57.7661,8.29,0,,,,,4,10.4,ok
TIC 296850462,176.6986,-70.4147,8.29,0,,,,,4,10.8,ok
TIC 31961002,55.076,-68.4182,8.29,0,,,,,32,17.5,ok
TIC 67203619,181.7655,-56.5198,8.29,0,,,,,2,9.9,ok
TIC 324113376,176.8256,-61.4844,8.29,0,,,,,7,18.9,ok
TIC 359356597,140.3369,-64.5084,8.29,0,,,,,7,18.8,ok
TIC 245234391,199.0601,-50.9553,8.29,0,,,,,3,10.4,ok
TIC 141805180,92.147,-74.3934,8.29,0,,,,,45,16.5,ok
TIC 141121793,80.3436,-76.2983,8.29,0,,,,,38,15.3,ok
TIC 150028806,90.8916,-62.1985,8.29,0,,,,,38,17.1,ok
TIC 349154160,108.242,-61.6134,8.29,0,,,,,41,21.5,ok
TIC 72985425,189.2855,-41.9957,8.29,0,,,,,3,12.1,ok
TIC 162522795,169.9182,-47.8687,8.29,0,,,,,1,3.9,ok
TIC 411086700,160.7699,-48.6195,8.29,0,,,,,8,14.5,ok
TIC 229314270,196.5571,-24.291,8.29,0,,,,,3,12.5,ok
TIC 261854060,193.6979,-55.1447,8.29,0,,,,,2,16.2,ok
TIC 49255434,204.6299,-26.9058,8.29,0,,,,,1,16.3,ok
TIC 398012625,160.2529,-66.8104,8.29,0,,,,,7,21.9,ok
TIC 168164147,193.6641,-48.062,8.29,0,,,,,1,3.8,ok
TIC 9337741,191.3343,-29.7818,8.29,0,,,,,4,9.7,ok
TIC 355375058,131.0816,-62.6858,8.29,0,,,,,11,18.7,ok
TIC 287956356,129.1182,-76.2781,8.29,0,,,,,12,19.5,ok
TIC 408512763,194.6577,-22.8585,8.29,0,,,,,4,48.5,ok
TIC 111780467,207.8237,-33.2445,8.29,0,,,,,1,5.0,ok
TIC 468066772,170.198,-60.5116,8.29,0,,,,,3,7.2,ok
TIC 371596233,148.0621,-67.1273,8.29,1,3.3513,14.8,rejete,variabilite_continue;eclipse_secondaire,7,23.3,ok
TIC 93321516,175.0536,-49.1384,8.29,0,,,,,2,9.0,ok
TIC 25155698,63.4129,-70.5068,8.29,0,,,,,44,18.4,ok
TIC 375061989,99.9234,-65.2743,8.29,0,,,,,35,19.8,ok
TIC 306736346,120.9474,-66.343,8.3,0,,,,,35,18.7,ok
TIC 58533670,201.9336,-29.5514,8.3,0,,,,,3,11.4,ok
TIC 397271185,174.766,-45.7368,8.3,0,,,,,3,9.5,ok
TIC 131331583,202.9406,-31.5503,8.3,0,,,,,4,10.7,ok
TIC 442456453,146.2371,-56.0174,8.3,0,,,,,5,16.6,ok
TIC 307441274,126.2206,-66.7879,8.3,0,,,,,20,24.9,ok
TIC 72117906,186.248,-44.8766,8.3,0,,,,,3,10.5,ok
TIC 425321179,191.0544,-56.232,8.3,0,,,,,7,15.7,ok
TIC 134650373,182.3064,-36.694,8.3,0,,,,,4,12.6,ok
TIC 58737412,203.3886,-29.5678,8.3,0,,,,,3,6.3,ok
TIC 272550198,121.8219,-74.1817,8.3,0,,,,,28,19.2,ok
TIC 333576515,181.88,-51.3019,8.3,0,,,,,2,7.7,ok
TIC 140580482,68.5288,-73.9511,8.3,0,,,,,43,22.7,ok
TIC 306736789,120.8389,-66.839,8.3,0,,,,,37,24.5,ok
TIC 449671536,162.2848,-76.4111,8.3,0,,,,,6,13.6,ok
TIC 382260143,82.5422,-58.5432,8.3,0,,,,,43,19.5,ok
TIC 453334757,149.0413,-72.4686,8.3,0,,,,,4,10.0,ok
TIC 177350315,104.1215,-72.6458,8.3,0,,,,,41,20.2,ok
TIC 177388502,104.9873,-75.207,8.3,0,,,,,42,21.4,ok
TIC 300935162,117.7098,-66.6952,8.3,0,,,,,42,20.3,ok
TIC 9479598,192.6221,-26.6587,8.3,0,,,,,1,3.9,ok
TIC 15451522,185.299,-49.9292,8.3,0,,,,,1,6.4,ok
TIC 335658457,199.8237,-15.5677,8.3,0,,,,,2,10.0,ok
TIC 92575788,173.1311,-48.8147,8.3,0,,,,,5,11.7,ok
TIC 99093712,183.1138,-25.8626,8.3,0,,,,,3,11.7,ok
TIC 388128620,63.5963,-69.5458,8.3,0,,,,,33,21.1,ok
TIC 437331657,207.8897,-18.3571,8.3,0,,,,,1,4.2,ok
TIC 102311007,196.4101,-41.8591,8.3,0,,,,,5,9.2,ok
TIC 272431788,120.0893,-75.5035,8.3,0,,,,,28,16.8,ok
TIC 355702403,132.3291,-64.1525,8.3,0,,,,,10,18.2,ok
TIC 165491796,180.2764,-38.003,8.3,0,,,,,1,10.0,ok
TIC 260540898,97.1905,-55.9171,8.3,0,,,,,32,22.7,ok
TIC 177173234,104.8054,-71.2564,8.3,0,,,,,42,17.1,ok
TIC 72816291,188.6402,-45.7613,8.3,0,,,,,5,9.2,ok
TIC 31815637,51.5795,-67.6159,8.3,0,,,,,21,17.9,ok
TIC 93714388,175.8792,-50.9238,8.3,0,,,,,6,13.1,ok
TIC 306470369,118.4768,-67.4551,8.3,0,,,,,41,22.0,ok
TIC 305810217,166.27,-56.403,8.3,1,1.405,79.3,rejete,variabilite_continue,3,10.9,ok
TIC 1048584939,202.6505,-42.6316,8.3,0,,,,,1,11.3,ok
TIC 38699825,66.3975,-60.7568,8.3,0,,,,,34,22.8,ok
TIC 165556341,180.7335,-41.5596,8.31,0,,,,,6,16.2,ok
TIC 349829477,113.6764,-61.0827,8.31,0,,,,,39,20.3,ok
TIC 273349137,188.8103,-55.893,8.31,0,,,,,7,15.5,ok
TIC 260267208,93.9123,-57.7013,8.31,0,,,,,31,20.6,ok
TIC 1055930248,203.6001,-27.5074,8.31,0,,,,,1,4.7,ok
TIC 390668634,160.7276,-59.9721,8.31,0,,,,,6,12.1,ok
TIC 383664116,135.0734,-55.5841,8.31,0,,,,,2,6.0,ok
TIC 73794975,192.3366,-44.825,8.31,0,,,,,1,4.6,ok
TIC 219701797,192.2934,-20.6083,8.31,0,,,,,1,3.0,ok
TIC 286190225,187.3503,-29.4442,8.31,0,,,,,1,3.9,ok
TIC 408510272,194.4473,-20.8682,8.31,0,,,,,1,4.9,ok
TIC 92168731,172.5376,-53.5058,8.31,0,,,,,7,14.9,ok
TIC 82317363,168.9526,-52.6123,8.31,0,,,,,7,13.3,ok
TIC 338528885,189.5657,-61.602,8.31,0,,,,,2,9.7,ok
TIC 452666981,145.0913,-76.3266,8.31,0,,,,,10,48.5,ok
TIC 147087687,161.7543,-46.0034,8.31,0,,,,,1,7.9,ok
TIC 141765836,91.6243,-72.5149,8.31,0,,,,,32,21.2,ok
TIC 277642743,164.4682,-75.5148,8.31,0,,,,,6,30.2,ok
TIC 55664116,74.4822,-60.9409,8.31,0,,,,,41,22.0,ok
TIC 373917816,81.6889,-68.8313,8.31,0,,,,,11,20.7,ok
TIC 257720280,77.8086,-59.6788,8.31,0,,,,,43,27.0,ok
TIC 375062809,100.037,-65.9367,8.31,0,,,,,39,22.4,ok
TIC 243179565,203.0685,-43.0102,8.31,0,,,,,6,13.7,ok
TIC 441834511,207.4264,-29.4463,8.31,0,,,,,2,10.8,ok
TIC 157270619,176.6715,-34.3486,8.31,0,,,,,7,16.7,ok
TIC 362249092,145.6456,-62.4111,8.31,0,,,,,7,19.3,ok
TIC 274567123,149.0706,-55.1511,8.31,0,,,,,4,9.6,ok
TIC 274998672,149.4621,-56.5344,8.31,0,,,,,7,16.5,ok
TIC 316507309,171.9429,-60.2438,8.31,0,,,,,3,7.5,ok
TIC 5982915,193.6922,-18.3547,8.31,0,,,,,1,5.7,ok
TIC 370435200,143.0695,-71.4143,8.32,0,,,,,6,14.0,ok
TIC 304053236,164.8197,-57.6807,8.32,0,,,,,7,15.5,ok
TIC 360646081,142.6275,-63.3679,8.32,0,,,,,6,13.5,ok
TIC 25134377,62.5145,-67.3262,8.32,0,,,,,33,20.1,ok
TIC 458609596,160.3762,-55.9582,8.32,0,,,,,7,12.6,ok
TIC 317530127,172.6288,-62.1688,8.32,0,,,,,7,14.4,ok
TIC 410662434,177.6645,-66.8399,8.32,0,,,,,2,7.0,ok
TIC 135247956,186.3165,-41.5918,8.32,0,,,,,4,10.3,ok
TIC 82380400,169.1765,-51.8836,8.32,0,,,,,1,4.2,ok
TIC 454755702,176.0817,-73.3042,8.32,0,,,,,1,6.7,ok
TIC 356922571,135.7807,-62.2321,8.32,0,,,,,8,17.8,ok
TIC 382146576,80.4807,-54.5081,8.32,0,,,,,27,26.7,ok
TIC 60644419,189.064,-27.4312,8.32,0,,,,,2,9.2,ok
TIC 318667559,173.2027,-63.4556,8.32,0,,,,,5,13.8,ok
TIC 306247066,166.6698,-54.2488,8.32,0,,,,,5,14.0,ok
TIC 98939709,180.5561,-27.6481,8.32,0,,,,,6,12.9,ok
TIC 425579548,205.5798,-33.4191,8.32,0,,,,,4,8.5,ok
TIC 102176459,195.4025,-37.27,8.32,0,,,,,5,13.8,ok
TIC 304686869,178.1668,-61.9951,8.32,0,,,,,4,10.2,ok
TIC 248166372,194.1253,-46.2094,8.32,0,,,,,6,14.4,ok
TIC 404063153,194.9447,-51.514,8.32,0,,,,,2,13.4,ok
TIC 466360899,165.7,-62.4803,8.32,0,,,,,8,15.1,ok
TIC 286191360,187.3656,-26.3074,8.32,0,,,,,5,13.7,ok
TIC 404235930,195.5312,-48.5816,8.32,0,,,,,1,5.0,ok
TIC 277642862,164.5015,-75.6012,8.32,0,,,,,2,6.6,ok
TIC 260659557,98.2459,-59.0398,8.32,0,,,,,43,20.8,ok
TIC 134717003,182.5916,-38.1776,8.32,0,,,,,6,15.4,ok
TIC 92623659,173.5449,-48.7347,8.32,0,,,,,6,12.1,ok
TIC 308537791,120.9235,-60.9075,8.32,0,,40.2,rejete,variabilite_continue;eclipse_secondaire,20,30.1,ok
TIC 21167907,187.0449,-51.7259,8.32,0,,,,,6,13.2,ok
TIC 458113291,159.1695,-59.3085,8.32,0,,,,,2,14.0,ok
TIC 282051065,132.2471,-75.0589,8.32,0,,,,,9,32.2,ok
TIC 147000930,161.6161,-47.6326,8.32,0,,,,,8,22.2,ok
TIC 71738687,166.6837,-43.6141,8.32,0,,,,,7,15.3,ok
TIC 388107420,62.657,-71.6915,8.32,0,,,,,43,21.9,ok
TIC 278865766,100.7113,-56.016,8.32,0,,,,,40,27.5,ok
TIC 178657006,165.7261,-44.4057,8.32,0,,,,,3,10.4,ok
TIC 178660869,165.8743,-43.0228,8.32,0,,,,,8,22.0,ok
TIC 150098542,91.6835,-62.6816,8.32,0,,,,,29,24.1,ok
TIC 465420045,163.2908,-62.4634,8.32,0,,,,,8,18.6,ok
TIC 423657259,202.2484,-22.1491,8.32,0,,,,,2,10.1,ok
TIC 464296873,155.987,-57.4645,8.33,0,,28.8,rejete,variabilite_continue;eclipse_secondaire,8,71.5,ok
TIC 438594280,201.3035,-46.1108,8.33,0,,,,,6,15.3,ok
TIC 271629040,187.1665,-55.4554,8.33,0,,,,,7,19.2,ok
TIC 356843550,135.5789,-63.2603,8.33,0,,,,,6,17.9,ok
TIC 248093171,193.2195,-43.5824,8.33,0,,,,,3,8.3,ok
TIC 345942762,193.2803,-13.3074,8.33,0,,,,,4,17.1,ok
TIC 461284291,203.4077,-36.604,8.33,0,,,,,5,13.6,ok
TIC 6119182,200.5165,-17.9291,8.33,0,,,,,4,8.4,ok
TIC 20541613,200.5767,-20.8614,8.33,0,,,,,2,8.3,ok
TIC 130824174,187.3315,-30.8427,8.33,0,,,,,2,7.7,ok
TIC 453749336,196.3134,-46.1074,8.33,0,,,,,6,16.4,ok
TIC 350857661,90.1312,-55.0858,8.33,0,,,,,40,23.5,ok
TIC 460628735,158.521,-65.3981,8.33,0,,,,,6,15.2,ok
TIC 281754681,186.0911,-67.0611,8.33,0,,,,,6,16.1,ok
TIC 275453954,178.4748,-42.7811,8.33,0,,,,,1,7.3,ok
TIC 237937700,59.4378,-64.0216,8.33,0,,,,,32,18.5,ok
TIC 33766654,62.5543,-73.7584,8.33,0,,,,,34,17.5,ok
TIC 405092573,185.5695,-67.2707,8.33,0,,,,,2,7.4,ok
TIC 300656986,114.491,-70.0679,8.33,0,,,,,34,20.0,ok
TIC 32147989,203.0087,-22.894,8.33,0,,,,,2,6.6,ok
TIC 340219007,114.0547,-59.6153,8.33,0,,,,,33,19.7,ok
TIC 403763751,179.9976,-42.0936,8.33,0,,,,,7,16.7,ok
TIC 358374042,147.8588,-55.496,8.33,0,,,,,1,4.1,ok
TIC 438640320,202.0761,-45.5043,8.33,0,,,,,6,10.4,ok
TIC 307928254,129.1454,-67.253,8.33,0,,,,,16,19.8,ok
TIC 262706113,135.4873,-76.894,8.33,0,,,,,6,11.7,ok
TIC 385352681,196.4201,-15.852,8.34,0,,,,,5,20.8,ok
TIC 141210448,81.7891,-74.7554,8.34,0,,,,,41,31.5,ok
TIC 169786455,194.401,-49.7806,8.34,0,,,,,6,25.4,ok
TIC 382067256,79.519,-55.7071,8.34,0,,,,,39,34.1,ok
TIC 248200372,194.448,-44.508,8.34,0,,,,,5,14.0,ok
TIC 386751445,139.8788,-55.5902,8.34,0,,,,,8,18.1,ok
TIC 244933417,196.8893,-52.9056,8.34,0,,,,,5,13.4,ok
TIC 450957950,187.2589,-64.9169,8.34,0,,,,,6,15.1,ok
TIC 441858208,145.7057,-54.113,8.34,0,,,,,8,28.9,ok
TIC 451444491,171.6537,-59.4371,8.34,0,,,,,6,22.0,ok
TIC 131116202,190.0205,-35.5812,8.34,0,,,,,4,14.7,ok
TIC 21989720,182.5915,-43.8709,8.34,0,,,,,6,19.4,ok
TIC 464967740,162.0782,-63.1451,8.34,0,,,,,7,27.9,ok
TIC 322553608,175.9011,-63.3048,8.34,0,,,,,6,18.6,ok
TIC 302139856,132.4634,-70.2959,8.34,0,,,,,11,19.5,ok
TIC 243198669,203.2328,-44.1064,8.34,0,,,,,3,9.2,ok
TIC 45151645,129.8705,-56.7446,8.34,0,,,,,3,17.3,ok
TIC 307925788,128.8919,-66.361,8.34,0,,,,,14,20.7,ok
TIC 131623724,147.795,-53.1829,8.34,0,,,,,4,9.4,ok
TIC 341727568,121.0678,-58.7199,8.34,0,,,,,11,20.0,ok
TIC 163947896,191.4796,-53.6166,8.34,0,,,,,4,10.3,ok
TIC 448269292,158.5265,-52.1818,8.34,0,,,,,6,14.7,ok
TIC 277395928,157.2363,-71.7978,8.34,0,,,,,2,11.4,ok
TIC 272002791,115.2121,-77.2704,8.34,0,,,,,22,21.7,ok
TIC 460204092,156.982,-64.9078,8.34,0,,,,,7,18.1,ok
TIC 350344317,84.4866,-59.7764,8.34,0,,,,,33,21.2,ok
TIC 356776056,135.1423,-59.9336,8.34,0,,,,,3,26.8,ok
TIC 141184207,81.2618,-73.3735,8.34,0,,,,,41,26.5,ok
TIC 92391785,172.8218,-49.6713,8.34,0,,,,,6,17.1,ok
TIC 359682653,195.6579,-43.3549,8.34,0,,,,,4,8.8,ok
TIC 394332562,151.2148,-78.3218,8.34,0,,,,,8,17.5,ok
TIC 91909726,171.8463,-51.109,8.34,0,,,,,4,9.9,ok
TIC 275705109,200.901,-42.5315,8.34,0,,,,,5,11.0,ok
TIC 464628809,156.8111,-58.0844,8.34,0,,,,,7,17.5,ok
TIC 176872401,100.4971,-73.0212,8.35,0,,,,,42,21.2,ok
TIC 453944551,154.2582,-67.8918,8.35,0,,,,,2,6.4,ok
TIC 408530862,194.8199,-21.4742,8.35,0,,,,,2,6.8,ok
TIC 242091706,201.9643,-40.3941,8.35,0,,,,,4,11.0,ok
TIC 295885511,171.8994,-70.1264,8.35,2,2.5275;5.0539,86.8,rejete,variabilite_continue;eclipse_secondaire;compagnon_trop_gros_8.8Rjup,6,21.3,ok
TIC 307433440,125.7484,-71.0355,8.35,0,,,,,19,21.6,ok
TIC 425085686,82.9054,-66.6781,8.35,0,,,,,37,17.4,ok
TIC 350560804,86.5672,-58.7748,8.35,0,,,,,31,17.7,ok
TIC 135076502,184.769,-37.6866,8.35,0,,,,,2,6.7,ok
TIC 372913430,119.5335,-60.7805,8.35,0,,,,,5,14.1,ok
TIC 308140763,167.4799,-56.6797,8.35,0,,,,,3,6.2,ok
TIC 72647550,208.8218,-25.2025,8.35,0,,,,,3,8.5,ok
TIC 167367237,99.2724,-67.4687,8.35,0,,,,,30,21.2,ok
TIC 167811761,104.8255,-62.9067,8.35,0,,,,,39,19.6,ok
TIC 204643317,184.4803,-29.6204,8.35,0,,,,,3,6.1,ok
TIC 169786114,194.2598,-48.9632,8.35,0,,,,,3,7.8,ok
TIC 163487694,173.9087,-46.1834,8.35,0,,,,,6,11.9,ok
TIC 162096886,168.278,-47.6727,8.35,0,,,,,8,15.0,ok
TIC 443627218,186.4657,-29.6695,8.35,0,,,,,4,9.7,ok
TIC 167415960,99.2898,-70.9176,8.35,0,,,,,39,20.2,ok
TIC 124572032,199.3766,-35.3187,8.35,0,,,,,4,8.5,ok
TIC 453530320,154.1438,-77.0305,8.35,0,,,,,8,15.7,ok
TIC 317644281,172.9119,-65.4028,8.35,0,,,,,6,12.5,ok
TIC 178728802,194.0274,-36.8836,8.35,0,,,,,1,7.6,ok
TIC 304216847,141.7734,-66.2578,8.35,0,,,,,6,12.0,ok
TIC 374755355,151.007,-62.2354,8.35,0,,,,,1,5.0,ok
TIC 73338645,190.6315,-47.267,8.36,0,,,,,7,14.0,ok
TIC 454017386,175.4531,-40.574,8.36,0,,,,,3,6.7,ok
TIC 119918024,162.283,-48.7001,8.36,0,,,,,7,13.9,ok
TIC 297225297,179.9385,-66.939,8.36,0,,,,,6,12.6,ok
TIC 437324684,192.0124,-23.3287,8.36,0,,,,,4,9.0,ok
TIC 165491071,180.2751,-39.0334,8.36,0,,,,,3,6.5,ok
TIC 300867625,117.313,-68.1085,8.36,0,,,,,42,19.2,ok
TIC 55659357,74.0216,-64.5807,8.36,0,,,,,40,18.9,ok
TIC 325165079,177.4194,-63.2121,8.36,0,,,,,7,14.4,ok
TIC 461250319,202.954,-37.4812,8.36,0,,,,,1,5.0,ok
TIC 434503503,189.0712,-22.9691,8.36,0,,,,,4,9.0,ok
TIC 204699376,185.7119,-25.7021,8.36,0,,,,,5,12.8,ok
TIC 80296685,165.0303,-50.4941,8.36,0,,,,,5,12.5,ok
TIC 381978657,77.6836,-55.5206,8.36,0,,,,,34,19.4,ok
TIC 149990098,90.5412,-63.5453,8.36,0,,,,,37,20.0,ok
TIC 140608230,71.5296,-77.0205,8.36,0,,,,,43,23.2,ok
TIC 203377378,205.8361,-22.367,8.36,0,,,,,3,5.6,ok
TIC 271942422,187.3227,-57.0142,8.36,0,,,,,6,10.8,ok
TIC 275589659,178.9508,-47.3556,8.36,0,,,,,7,13.0,ok
TIC 275544993,178.9418,-44.5101,8.36,0,,,,,6,12.6,ok
TIC 124176552,196.8945,-32.428,8.36,0,,,,,5,9.7,ok
TIC 317795621,172.7787,-62.9469,8.36,0,,,,,6,12.1,ok
TIC 149664423,87.6482,-63.5812,8.36,0,,,,,34,19.7,ok
TIC 92395398,172.9604,-48.2226,8.36,0,,,,,3,7.6,ok
TIC 260267074,93.9866,-58.0006,8.36,0,,,,,41,23.8,ok
TIC 438586540,201.2524,-43.9225,8.36,0,,,,,5,12.7,ok
TIC 22851818,185.8988,-44.8563,8.36,0,,,,,3,12.3,ok
TIC 32179964,203.3671,-20.6193,8.36,0,,,,,4,11.6,ok
TIC 103777040,194.3963,-33.8724,8.36,0,,29.2,rejete,variabilite_continue;eclipse_secondaire,4,18.8,ok
TIC 311844434,181.6179,-68.9913,8.36,0,,,,,7,16.7,ok
TIC 448111067,158.2311,-51.2582,8.36,0,,,,,3,11.8,ok
TIC 305752784,178.8262,-62.7143,8.36,0,,,,,6,13.2,ok
TIC 162805915,171.1505,-45.4451,8.36,0,,,,,5,13.0,ok
TIC 32072196,58.2352,-68.9648,8.37,0,,,,,38,22.0,ok
TIC 165558759,180.834,-39.2564,8.37,0,,,,,4,12.3,ok
TIC 149971828,90.0787,-61.9995,8.37,0,,,,,41,19.0,ok
TIC 454848200,177.4658,-72.7294,8.37,0,,,,,3,9.6,ok
TIC 160197982,189.4576,-52.0013,8.37,0,,,,,3,7.9,ok
TIC 271973774,113.9864,-77.8037,8.37,0,,,,,27,21.6,ok
TIC 169780034,194.2622,-48.9177,8.37,0,,,,,2,6.0,ok
TIC 102303816,196.0891,-38.9901,8.37,0,,,,,3,6.9,ok
TIC 229106123,195.7268,-28.6314,8.37,0,,,,,2,7.2,ok
TIC 400801534,178.1849,-52.9939,8.37,0,,12.1,rejete,variabilite_continue;eclipse_secondaire,6,18.1,ok
TIC 245073305,197.9942,-49.6181,8.37,0,,,,,2,13.2,ok
TIC 144826574,192.6522,-38.2265,8.37,0,,,,,4,9.4,ok
TIC 453239880,146.5511,-72.4614,8.37,0,,,,,8,17.3,ok
TIC 304232160,165.0322,-55.6666,8.37,0,,,,,3,6.8,ok
TIC 462386624,151.1963,-54.4,8.37,0,,,,,5,11.4,ok
TIC 21819368,181.5216,-45.8904,8.37,0,,,,,6,13.7,ok
TIC 302995864,136.4689,-69.5752,8.37,0,,290.4,rejete,variabilite_continue;eclipse_secondaire,8,21.5,ok
TIC 231077890,67.8313,-71.2332,8.37,0,,,,,43,16.3,ok
TIC 361742681,144.7249,-64.9905,8.37,0,,,,,7,15.7,ok
TIC 345946172,193.5552,-13.9866,8.37,0,,,,,2,12.8,ok
TIC 259861399,188.6201,-27.0389,8.37,1,0.9409,11.2,rejete,variabilite_continue;eclipse_secondaire,1,5.7,ok
TIC 349055837,107.2455,-61.4353,8.37,0,,,,,32,20.0,ok
TIC 402110122,182.5308,-24.4264,8.37,0,,,,,4,8.9,ok
TIC 20614062,201.3837,-20.1787,8.37,0,,,,,4,8.4,ok
TIC 162146411,168.4123,-42.6373,8.37,0,,,,,5,10.7,ok
TIC 72592101,208.4283,-28.1517,8.37,0,,,,,4,10.9,ok
TIC 149174494,81.6192,-63.1827,8.37,0,,,,,31,19.6,ok
TIC 248090118,193.1981,-46.6272,8.37,0,,,,,5,9.5,ok
TIC 67328376,181.8396,-58.5832,8.37,0,,,,,6,14.8,ok
TIC 287751203,198.7499,-42.9453,8.37,0,,,,,2,8.9,ok
TIC 306470809,118.4404,-68.0092,8.37,0,,,,,32,21.9,ok
TIC 281630320,115.9333,-63.2921,8.37,0,,,,,34,20.1,ok
TIC 449798599,162.9081,-74.4451,8.37,0,,,,,3,9.2,ok
TIC 410451677,119.9908,-60.7467,8.38,0,,,,,22,20.1,ok
TIC 89533896,127.1301,-57.8099,8.38,0,,,,,3,8.6,ok
TIC 300657526,114.6184,-69.3261,8.38,0,,,,,34,21.3,ok
TIC 273311877,185.6032,-51.0263,8.38,0,,,,,3,10.1,ok
TIC 359648254,140.7515,-65.5257,8.38,0,,,,,9,12.6,ok
TIC 324268119,177.0,-62.2069,8.38,0,,,,,6,15.6,ok
TIC 167120830,96.2159,-68.8032,8.38,0,,,,,27,15.9,ok
TIC 124287396,197.6313,-30.6691,8.38,0,,,,,5,8.4,ok
TIC 6126280,210.81,-22.3862,8.38,0,,,,,4,8.8,ok
TIC 443622462,186.2335,-28.8995,8.38,0,,,,,4,5.9,ok
TIC 453585488,155.0475,-73.9825,8.38,0,,,,,8,12.3,ok
TIC 82022723,168.5123,-51.3017,8.38,0,,,,,2,3.6,ok
TIC 314107148,184.4033,-66.9686,8.38,0,,,,,3,10.4,ok
TIC 442240473,145.9804,-55.051,8.38,0,,,,,6,10.6,ok
TIC 443493880,147.021,-54.5784,8.38,0,,,,,6,8.3,ok
TIC 32162415,203.4561,-22.6556,8.38,0,,,,,2,5.2,ok
TIC 344228480,154.9406,-68.68,8.38,0,,,,,2,10.3,ok
TIC 441837737,207.6763,-24.3502,8.38,0,,,,,3,8.8,ok
TIC 130711040,186.3358,-35.3189,8.38,0,,,,,4,8.9,ok
TIC 89402158,126.7759,-58.8088,8.38,0,,,,,5,10.7,ok
TIC 144825780,192.6365,-39.1198,8.38,0,,,,,2,9.5,ok
TIC 411365696,183.2652,-56.0055,8.38,0,,,,,3,8.3,ok
TIC 432196104,187.9664,-14.7207,8.38,0,,,,,2,6.8,ok
TIC 468096070,170.0797,-61.9458,8.38,0,,,,,3,5.5,ok
TIC 167209483,193.1318,-53.0467,8.38,0,,,,,6,9.4,ok
TIC 179120455,79.0108,-70.4561,8.38,0,,27.2,rejete,variabilite_continue;eclipse_secondaire,33,22.0,ok
TIC 323571691,135.0765,-79.5197,8.38,0,,,,,2,8.6,ok
TIC 466323338,165.803,-60.6782,8.38,0,,,,,5,11.2,ok
TIC 310483807,128.6142,-61.4883,8.38,0,,,,,3,6.0,ok
TIC 463443629,153.9551,-55.9091,8.38,0,,,,,2,6.7,ok
TIC 118414770,128.8468,-58.6237,8.38,0,,,,,10,11.9,ok
TIC 9591460,193.5049,-25.7537,8.38,0,,,,,4,5.3,ok
TIC 309413218,138.3448,-78.2284,8.38,0,,,,,7,9.6,ok
TIC 464097208,155.4723,-59.9255,8.38,0,,,,,5,11.0,ok
TIC 22560169,184.6425,-46.638,8.39,0,,,,,5,9.6,ok
TIC 149540525,86.3013,-62.9169,8.39,0,,,,,38,14.0,ok
TIC 279091621,102.8897,-58.3282,8.39,0,,,,,29,14.0,ok
TIC 219998924,154.6246,-52.8205,8.39,0,,,,,7,10.0,ok
TIC 149154927,81.0848,-59.9546,8.39,0,,,,,40,14.2,ok
TIC 309552570,125.3053,-61.4453,8.39,0,,,,,13,13.6,ok
TIC 287776397,127.1279,-74.9547,8.39,0,,,,,18,13.9,ok
TIC 349059821,107.4199,-63.8104,8.39,0,,,,,41,17.4,ok
TIC 341729898,121.3045,-59.2447,8.39,0,,,,,14,12.8,ok
TIC 272469224,120.9255,-72.4562,8.39,0,,,,,26,21.6,ok
TIC 374859230,88.4689,-60.0881,8.39,0,,,,,39,14.4,ok
TIC 309556213,125.5011,-60.6201,8.39,0,,,,,5,9.0,ok
TIC 453748690,196.2613,-45.6501,8.39,0,,,,,2,11.4,ok
TIC 342671711,124.9051,-57.1331,8.39,0,,,,,13,12.5,ok
TIC 73648167,192.0529,-46.6552,8.39,0,,,,,4,6.6,ok
TIC 310306741,127.9867,-64.8753,8.39,0,,,,,4,6.7,ok
TIC 382510066,117.1424,-60.1669,8.39,0,,,,,21,12.4,ok
TIC 458802673,161.0203,-54.9112,8.39,0,,,,,3,8.3,ok
TIC 245414169,200.0182,-48.086,8.39,0,,,,,5,9.1,ok
TIC 321947833,175.7053,-62.5653,8.39,0,,,,,7,10.8,ok
TIC 319936861,174.5506,-63.3908,8.39,0,,,,,7,12.0,ok
TIC 345896689,192.7611,-17.8605,8.39,0,,,,,3,12.5,ok
TIC 356521959,134.3471,-63.497,8.39,0,,,,,9,17.4,ok
TIC 398151144,160.6454,-69.1043,8.39,0,,,,,2,10.2,ok
TIC 32148452,203.0569,-23.8459,8.39,0,,,,,2,9.5,ok
TIC 21825806,181.6979,-44.7064,8.39,0,,,,,6,15.7,ok
TIC 140938247,77.1778,-74.8468,8.39,0,,,,,33,17.8,ok
TIC 344641451,156.7567,-69.1647,8.39,0,,,,,5,7.5,ok
TIC 150164875,93.2441,-62.0716,8.39,0,,,,,42,12.5,ok
TIC 287769668,126.8521,-76.7411,8.39,0,,,,,16,10.8,ok
TIC 334626095,183.6575,-52.9307,8.39,0,,,,,1,3.7,ok
TIC 382198673,81.5633,-59.1928,8.39,0,,,,,42,11.9,ok
TIC 398907702,183.9809,-31.7923,8.4,0,,,,,2,6.0,ok
TIC 370880210,145.4197,-67.9392,8.4,0,,,,,3,8.2,ok
TIC 142037922,178.4983,-34.5112,8.4,0,,,,,6,11.3,ok
TIC 144656793,191.437,-38.0043,8.4,0,,,,,4,7.9,ok
TIC 302444319,133.7284,-71.3301,8.4,0,,,,,11,15.0,ok
TIC 30492356,198.8237,-37.4679,8.4,0,,,,,2,7.0,ok
TIC 398501076,161.4608,-68.1305,8.4,0,,,,,4,5.5,ok
TIC 32051091,56.9162,-70.9219,8.4,0,,,,,35,14.6,ok
TIC 451669331,172.2739,-56.6442,8.4,0,,,,,2,6.7,ok
TIC 433084210,181.1521,-58.6523,8.4,0,,,,,8,14.0,ok
TIC 107309237,204.4114,-34.3066,8.4,0,,,,,4,8.7,ok
TIC 203331235,198.3192,-19.7538,8.4,0,,,,,3,4.9,ok
TIC 22479817,187.0165,-23.2306,8.4,0,,,,,2,4.2,ok
TIC 296682763,176.3048,-67.6979,8.4,0,,,,,8,10.5,ok
TIC 271723952,110.7062,-71.9584,8.4,0,,,,,43,11.7,ok
TIC 278381413,114.7112,-79.4216,8.4,0,,,,,17,12.4,ok
TIC 55604441,73.6271,-60.4143,8.4,0,,,,,34,13.2,ok
TIC 220478950,75.8778,-56.1675,8.4,0,,,,,36,18.0,ok
TIC 378840905,155.915,-61.0586,8.4,0,,,,,6,9.9,ok
TIC 400554193,166.7045,-67.4724,8.4,0,,,,,4,7.7,ok
TIC 350299588,83.9101,-57.1387,8.4,0,,,,,44,12.9,ok
TIC 167417444,99.5538,-70.0943,8.4,0,,,,,40,11.8,ok
TIC 101690443,200.3538,-25.532,8.4,0,,,,,3,4.5,ok
TIC 276866031,83.4633,-67.9395,8.4,0,,,,,29,11.3,ok
TIC 375688051,152.1173,-63.6368,8.4,0,,,,,8,10.4,ok
TIC 277979465,103.2425,-79.9556,8.4,0,,,,,10,11.4,ok
TIC 462634503,151.8285,-57.8956,8.4,0,,,,,2,4.3,ok
TIC 300157797,108.8714,-68.0432,8.41,0,,,,,30,14.3,ok
TIC 162583544,170.1139,-47.1468,8.41,0,,,,,8,10.8,ok
TIC 339634305,110.0938,-57.6476,8.41,0,,,,,21,14.9,ok
TIC 423536353,185.2957,-23.6701,8.41,0,,,,,5,6.9,ok
TIC 374021116,159.9954,-53.4586,8.41,0,,,,,3,4.1,ok
TIC 389144291,178.0435,-49.3005,8.41,0,,,,,1,4.3,ok
TIC 260266066,93.7451,-59.7277,8.41,0,,,,,37,15.1,ok
TIC 58719205,203.2769,-26.1578,8.41,0,,,,,2,4.8,ok
TIC 356928805,135.985,-60.0386,8.41,0,,,,,6,9.0,ok
TIC 220459813,74.7308,-55.8767,8.41,0,,,,,24,16.2,ok
TIC 124078045,196.1183,-34.1498,8.41,0,,,,,5,7.2,ok
TIC 61707214,177.1019,-45.8393,8.41,0,,,,,1,3.2,ok
TIC 80382131,165.1259,-50.3678,8.41,0,,,,,2,5.4,ok
TIC 400794449,167.3609,-66.0204,8.41,0,,,,,7,9.2,ok
TIC 382032570,78.9837,-56.4499,8.41,0,,,,,42,11.6,ok
TIC 5912096,188.1336,-23.8883,8.41,0,,,,,1,3.6,ok
TIC 300329728,110.9664,-70.7725,8.41,0,,,,,42,12.6,ok
TIC 38600576,64.4306,-65.71,8.41,0,,,,,44,10.9,ok
TIC 355151781,130.0748,-64.8379,8.41,0,,,,,12,11.9,ok
TIC 130864340,187.706,-34.5379,8.41,0,,,,,2,2.7,ok
TIC 41035485,90.4306,-67.8638,8.41,0,,,,,21,12.0,ok
TIC 452443452,138.8927,-72.1878,8.41,0,,,,,7,13.5,ok
TIC 279090824,102.8782,-59.7094,8.41,0,,,,,40,14.1,ok
TIC 55523592,72.1309,-62.4835,8.41,0,,,,,21,12.8,ok
TIC 103944383,195.6444,-34.8576,8.41,0,,,,,1,3.6,ok
TIC 30601456,199.3504,-36.8169,8.41,0,,,,,4,12.9,ok
TIC 460366168,157.5014,-63.8687,8.41,0,,,,,1,2.7,ok
TIC 375739323,152.162,-62.7869,8.41,0,,,,,3,7.3,ok
TIC 308146525,130.164,-69.3878,8.41,0,,,,,19,23.1,ok
TIC 278050655,178.2973,-36.3652,8.41,0,,,,,5,8.7,ok
TIC 290527351,173.7071,-61.3797,8.41,0,,,,,7,9.1,ok
TIC 22564687,184.9012,-45.76,8.41,0,,,,,5,6.0,ok
TIC 453438963,151.7843,-74.8339,8.41,0,,,,,6,9.9,ok
TIC 345195181,177.3762,-36.0024,8.41,0,,,,,5,6.9,ok
TIC 103829791,194.6554,-31.3566,8.41,0,,,,,5,5.2,ok
TIC 303591615,160.1098,-52.3623,8.41,0,,,,,9,14.0,ok
TIC 38696264,66.1216,-60.6584,8.41,0,,,,,24,15.8,ok
TIC 405553955,201.8199,-32.7336,8.42,0,,,,,1,5.5,ok
TIC 124102183,196.4031,-35.2104,8.42,0,,,,,2,8.9,ok
TIC 163449169,173.7054,-47.0566,8.42,0,,,,,5,9.4,ok
TIC 30993392,201.0754,-37.2838,8.42,0,,,,,3,12.1,ok
TIC 443624760,186.4242,-24.9346,8.42,0,,,,,1,3.4,ok
TIC 258795848,197.5544,-44.5898,8.42,0,,,,,3,7.8,ok
TIC 400965223,185.3023,-57.3039,8.42,0,,,,,5,8.0,ok
TIC 401278539,187.8618,-48.7046,8.42,0,,,,,6,7.1,ok
TIC 243177023,202.8704,-43.3106,8.42,0,,,,,3,9.4,ok
TIC 287673403,198.5609,-44.6728,8.42,0,,,,,5,9.7,ok
TIC 450285217,168.651,-59.3778,8.42,0,,,,,1,2.2,ok
TIC 150439289,97.5355,-63.1917,8.42,0,,,,,30,13.4,ok
TIC 41259424,92.2639,-71.5062,8.42,0,,,,,42,13.9,ok
TIC 149572723,86.3167,-60.5276,8.42,0,,,,,41,11.7,ok
TIC 461196191,181.3611,-40.4126,8.42,0,,,,,3,5.3,ok
TIC 178861553,194.8861,-38.2205,8.42,0,,,,,2,5.8,ok
TIC 55400261,70.5409,-62.3849,8.42,0,,,,,38,12.0,ok
TIC 94465914,177.5185,-53.0837,8.42,0,,,,,3,6.7,ok
TIC 294982517,72.2822,-66.5612,8.42,0,,,,,42,12.8,ok
TIC 382247321,82.125,-56.6872,8.42,0,,,,,38,11.9,ok
TIC 107284659,204.3373,-30.1738,8.42,0,,,,,4,5.0,ok
TIC 281634018,116.929,-63.7188,8.42,0,,,,,40,14.5,ok
TIC 317631606,172.6072,-64.1816,8.42,0,,,,,4,5.9,ok
TIC 422327942,203.1446,-16.5543,8.42,0,,,,,2,8.7,ok
TIC 272550324,121.7313,-74.3229,8.42,0,,,,,27,12.6,ok
TIC 219411132,79.1395,-53.3231,8.42,0,,,,,20,12.9,ok
TIC 286910922,190.5653,-18.8366,8.42,0,,,,,3,4.4,ok
TIC 94086422,176.6426,-51.8211,8.42,0,,,,,2,5.3,ok
TIC 272196057,117.1369,-77.1513,8.42,0,,,,,25,11.6,ok
TIC 31814908,51.5149,-66.4854,8.42,0,,,,,8,9.8,ok
TIC 357981769,138.5002,-64.1972,8.42,0,,,,,3,6.6,ok
TIC 162481379,169.84,-41.9799,8.42,0,,,,,2,5.5,ok
TIC 442653446,146.5071,-56.9624,8.42,0,,,,,3,8.2,ok
TIC 29781308,65.0573,-68.0735,8.42,0,,,,,41,10.4,ok
TIC 38470115,61.965,-62.7624,8.42,0,,,,,35,10.4,ok
TIC 30116886,196.9687,-35.9565,8.43,0,,,,,4,5.9,ok
TIC 390480467,184.1249,-30.7537,8.43,0,,,,,5,6.7,ok
TIC 333386671,181.4475,-51.0034,8.43,0,,,,,6,7.7,ok
TIC 31747723,49.9561,-67.159,8.43,0,,,,,10,12.4,ok
TIC 163563652,174.2948,-47.3922,8.43,0,,,,,2,5.4,ok
TIC 404340200,195.8279,-49.5598,8.43,0,,,,,2,5.2,ok
TIC 176980995,101.4412,-70.5832,8.43,0,,,,,36,11.8,ok
TIC 279088392,102.7408,-56.2366,8.43,0,,,,,33,12.1,ok
TIC 72827222,209.9472,-24.6032,8.43,0,,,,,2,7.8,ok
TIC 375571487,178.5562,-55.638,8.43,0,,,,,2,9.4,ok
TIC 465700747,164.0593,-61.7896,8.43,0,,,,,7,10.8,ok
TIC 130825469,187.5136,-31.8442,8.43,0,,,,,2,6.5,ok
TIC 306898941,122.2422,-67.5756,8.43,0,,,,,32,19.2,ok
TIC 286959785,206.7212,-21.9339,8.43,0,,,,,3,6.2,ok
TIC 398855266,162.2863,-66.5629,8.43,0,,,,,7,11.8,ok
TIC 400722970,167.0008,-68.2539,8.43,0,,,,,4,8.5,ok
TIC 31999747,55.8802,-69.8894,8.43,0,,,,,24,10.8,ok
TIC 141471522,86.3565,-73.5965,8.43,0,,,,,42,11.8,ok
TIC 350520348,86.3056,-59.9231,8.43,0,,,,,40,14.1,ok
TIC 388180971,105.5425,-73.2557,8.43,0,,,,,41,11.2,ok
TIC 260297253,94.322,-58.381,8.43,0,,,,,32,11.3,ok
TIC 141809220,92.8079,-73.5988,8.43,0,,,,,43,14.5,ok
TIC 311450036,185.6792,-65.4356,8.43,0,,,,,6,8.3,ok
TIC 270557659,99.6303,-79.2083,8.43,0,,,,,31,12.3,ok
TIC 356522323,134.4241,-63.7041,8.43,0,,,,,4,5.8,ok
TIC 141029787,79.5426,-76.9032,8.43,0,,,,,31,15.6,ok
TIC 124693126,200.4023,-31.1953,8.43,0,,,,,4,6.1,ok
TIC 49335901,205.4758,-26.2376,8.43,0,,,,,2,6.6,ok
TIC 454548791,171.9904,-74.8454,8.43,0,,,,,1,4.1,ok
TIC 382267747,82.9062,-54.102,8.43,0,,,,,25,14.4,ok
TIC 61833794,177.4872,-46.0343,8.43,0,,,,,1,5.6,ok
TIC 101868724,206.2477,-27.234,8.43,0,,,,,3,4.9,ok
TIC 376103504,179.3497,-58.5319,8.43,0,,,,,6,7.6,ok
TIC 149039372,78.3547,-65.236,8.43,0,,107.3,rejete,variabilite_continue;eclipse_secondaire,39,18.1,ok
TIC 451952639,173.0315,-58.5044,8.44,0,,,,,3,5.9,ok
TIC 459704082,163.3095,-57.8492,8.44,0,,,,,3,7.7,ok
TIC 442240741,146.09,-55.6316,8.44,0,,,,,5,8.0,ok
TIC 152147367,170.0012,-39.6164,8.44,0,,,,,7,8.1,ok
TIC 278380701,114.8405,-78.2792,8.44,0,,,,,25,11.8,ok
TIC 345135098,177.2157,-38.3339,8.44,0,,,,,6,10.9,ok
TIC 444537184,147.4112,-59.0542,8.44,0,,,,,7,9.3,ok
TIC 310307848,127.9815,-65.755,8.44,0,,,,,6,13.2,ok
TIC 443624220,186.3259,-26.3752,8.44,0,,,,,4,7.3,ok
TIC 258835374,197.6835,-46.8528,8.44,0,,,,,1,5.0,ok
TIC 168840696,193.8226,-50.6163,8.44,0,,,,,2,5.7,ok
TIC 340701548,116.8426,-57.9895,8.44,0,,,,,16,11.1,ok
TIC 350584303,87.2567,-57.4559,8.44,0,,,,,40,12.0,ok
TIC 272284501,118.2121,-76.614,8.44,0,,,,,19,17.2,ok
TIC 286332607,190.9114,-23.6032,8.44,0,,,,,4,5.3,ok
TIC 333823407,182.2764,-51.1468,8.44,0,,,,,5,7.7,ok
TIC 277434565,157.2812,-66.103,8.44,0,,,,,6,8.3,ok
TIC 165228223,178.8625,-39.606,8.44,0,,,,,7,8.6,ok
TIC 272233699,117.4117,-74.6375,8.44,0,,,,,40,10.5,ok
TIC 350740740,88.6291,-55.8426,8.44,0,,,,,34,13.2,ok
TIC 286962526,206.8153,-20.8581,8.44,0,,,,,1,2.8,ok
TIC 307435285,126.112,-70.6538,8.44,1,1.959,51.8,rejete,variabilite_continue;eclipse_secondaire,5,9.1,ok
TIC 101900993,206.4221,-25.6737,8.44,0,,,,,3,7.2,ok
TIC 277962510,177.7436,-41.7396,8.44,0,,,,,8,12.9,ok
TIC 341330466,119.3817,-59.8232,8.44,0,,,,,8,9.9,ok
TIC 429360143,183.9842,-21.8125,8.44,0,,,,,5,8.5,ok
TIC 349094313,107.8824,-64.9464,8.44,0,,,,,45,12.9,ok
TIC 442128087,146.0671,-58.0375,8.44,0,,,,,6,7.5,ok
TIC 361740142,144.6329,-64.1096,8.44,0,,,,,6,7.3,ok
TIC 178413629,164.6675,-44.9034,8.44,0,,,,,7,10.3,ok
TIC 390495055,184.1652,-33.7679,8.44,0,,,,,4,6.1,ok
TIC 300703844,114.6482,-67.1012,8.44,0,,,,,29,12.9,ok
TIC 92997393,174.2697,-48.3797,8.44,0,,,,,5,6.5,ok
TIC 167339584,98.5407,-68.477,8.44,0,,,,,41,12.8,ok
TIC 151860367,168.1026,-41.3233,8.44,0,,,,,1,5.6,ok
TIC 268996468,177.4916,-56.2719,8.44,0,,,,,3,6.1,ok
TIC 260297461,94.3118,-58.1652,8.44,0,,,,,39,11.4,ok
TIC 141121236,80.208,-77.9187,8.44,0,,,,,31,10.9,ok
TIC 32087583,202.8054,-21.4167,8.45,0,,,,,4,10.7,ok
TIC 349153143,108.3301,-60.0583,8.45,0,,38.0,rejete,variabilite_continue;eclipse_secondaire,45,18.5,ok
TIC 1628320,188.0407,-15.2713,8.45,0,,,,,5,8.8,ok
TIC 204648993,184.7366,-26.2433,8.45,0,,,,,2,6.3,ok
TIC 434515504,190.0249,-18.5328,8.45,0,,,,,2,9.4,ok
TIC 81077799,166.6366,-53.732,8.45,1,9.222,80.8,rejete,variabilite_continue,6,15.8,ok
TIC 130826881,187.496,-34.576,8.45,0,,,,,4,6.4,ok
TIC 142041450,178.6575,-32.1279,8.45,0,,,,,4,9.0,ok
TIC 101939628,204.9553,-31.2792,8.45,0,,,,,3,8.8,ok
TIC 310648021,129.1304,-61.9627,8.45,0,,,,,11,11.8,ok
TIC 101772577,200.7025,-29.22,8.45,0,,,,,2,3.9,ok
TIC 389365531,85.802,-68.5932,8.45,0,,,,,37,12.2,ok
TIC 349681964,112.6259,-61.4125,8.45,0,,,,,38,10.2,ok
TIC 454465988,170.347,-72.564,8.45,0,,,,,4,5.9,ok
TIC 453530375,153.8533,-77.0881,8.45,0,,,,,3,4.8,ok
TIC 287424809,123.1047,-77.6392,8.45,0,,,,,3,7.0,ok
TIC 303875195,177.6901,-63.6506,8.45,0,,,,,4,8.0,ok
TIC 278409390,116.3976,-79.6687,8.45,0,,46.3,rejete,variabilite_continue;eclipse_secondaire,17,19.4,ok
TIC 181877779,190.7047,-15.4641,8.45,0,,,,,6,12.3,ok
TIC 165636116,203.5775,-36.5237,8.45,0,,,,,2,5.9,ok
TIC 270677029,87.6607,-53.3282,8.45,0,,,,,26,13.6,ok
TIC 390531778,189.9763,-25.2909,8.45,0,,,,,3,5.2,ok
TIC 32000460,56.1969,-71.7036,8.45,0,,,,,32,10.8,ok
TIC 141608289,88.7151,-74.0712,8.45,0,,,,,40,12.9,ok
TIC 359756226,195.8487,-46.479,8.45,0,,,,,2,5.4,ok
TIC 332003916,179.1084,-48.7949,8.45,0,,,,,5,6.3,ok
TIC 93716498,175.8389,-51.8437,8.45,0,,,,,3,5.3,ok
TIC 30201932,207.1897,-32.2096,8.46,0,,,,,3,6.0,ok
TIC 951331615,183.8641,-31.0944,8.46,0,,,,,1,3.1,ok
TIC 392596705,190.8356,-19.1973,8.46,0,,,,,2,5.7,ok
TIC 392507043,175.2083,-71.6557,8.46,0,,,,,4,7.8,ok
TIC 149600846,87.0307,-61.2027,8.46,0,,,,,36,11.8,ok
TIC 271554516,105.9084,-71.9992,8.46,0,,,,,41,17.8,ok
TIC 220473309,75.1968,-57.2566,8.46,0,,,,,41,17.5,ok
TIC 131002849,188.9752,-35.214,8.46,0,,,,,2,5.4,ok
TIC 72825418,209.8221,-27.8844,8.46,0,,,,,2,4.7,ok
TIC 286912353,190.4861,-22.728,8.46,0,,,,,1,5.8,ok
TIC 144720283,191.7864,-39.0072,8.46,0,,,,,3,4.2,ok
TIC 319126228,173.638,-63.9554,8.46,0,,,,,6,9.8,ok
TIC 149970613,89.9175,-60.4815,8.46,0,,,,,33,11.6,ok
TIC 345182054,177.4201,-40.5505,8.46,0,,,,,8,10.9,ok
TIC 58610846,202.456,-26.5695,8.46,0,,,,,2,3.8,ok
TIC 433447507,182.9084,-57.8261,8.46,0,,,,,7,7.7,ok
TIC 467980197,169.9779,-63.7503,8.46,0,,,,,7,9.5,ok
TIC 385357389,196.6862,-13.9901,8.46,0,,,,,4,5.2,ok
TIC 358467087,119.1966,-60.8408,8.46,0,,,,,22,13.2,ok
TIC 61372132,175.6331,-42.105,8.46,0,,,,,8,12.5,ok
TIC 381979590,77.603,-58.4861,8.46,0,,,,,44,13.8,ok
TIC 135161278,185.4783,-40.0235,8.46,0,,,,,4,10.0,ok
TIC 375058105,99.9581,-61.4778,8.46,0,,,,,39,13.5,ok
TIC 101901909,206.5301,-24.2009,8.46,0,,,,,1,8.8,ok
TIC 364425379,69.6717,-72.7612,8.46,0,,,,,41,14.8,ok
TIC 31530164,89.5416,-69.0209,8.46,0,,,,,40,15.2,ok
TIC 31946252,54.6835,-70.8652,8.46,0,,,,,32,16.8,ok
TIC 443175014,146.8916,-58.188,8.46,0,,,,,6,9.8,ok
TIC 459582002,163.0271,-54.2702,8.46,1,0.9931,10.7,rejete,variabilite_continue;eclipse_secondaire,3,9.0,ok
TIC 124307021,197.699,-35.3009,8.46,0,,,,,4,9.6,ok
TIC 264931386,117.9358,-58.6514,8.46,0,,,,,10,17.0,ok
TIC 22394173,186.1672,-23.6823,8.46,0,,,,,3,5.3,ok
TIC 94178495,176.8519,-49.8842,8.46,0,,,,,7,11.2,ok
TIC 107018069,182.8249,-31.8943,8.46,0,,,,,4,8.8,ok
TIC 377265739,154.1097,-65.9475,8.46,0,,,,,6,9.2,ok
TIC 72515737,207.9766,-26.0039,8.46,0,,,,,3,4.5,ok
TIC 281982431,130.3265,-72.343,8.46,0,,,,,14,12.7,ok
TIC 272742068,161.5591,-49.3879,8.46,0,,,,,2,4.7,ok
TIC 279218413,103.4755,-59.8808,8.46,0,,,,,29,11.4,ok
TIC 302790829,135.4802,-66.4907,8.46,0,,,,,11,14.0,ok
TIC 6129059,210.9169,-19.9405,8.47,0,,,,,3,4.2,ok
TIC 382579309,118.3293,-62.3157,8.47,0,,,,,10,10.8,ok
TIC 280864176,173.3785,-66.2046,8.47,0,,,,,4,6.4,ok
TIC 410487677,119.8915,-65.4358,8.47,0,,,,,36,14.2,ok
TIC 405537512,202.602,-33.3307,8.47,0,,,,,2,4.2,ok
TIC 441752709,145.6778,-58.1054,8.47,0,,,,,6,9.2,ok
TIC 332467542,179.8911,-51.6554,8.47,0,,,,,1,3.0,ok
TIC 170586794,185.555,-33.3221,8.47,0,,,,,4,4.7,ok
TIC 134833652,183.4841,-40.5809,8.47,0,,,,,5,8.0,ok
TIC 307216507,124.6062,-69.3135,8.47,0,,,,,19,15.2,ok
TIC 165975689,205.1986,-38.3431,8.47,0,,,,,5,7.5,ok
TIC 287791874,184.8227,-56.9799,8.47,0,,,,,2,7.3,ok
TIC 162892242,171.5758,-43.0911,8.47,0,,,,,6,11.9,ok
TIC 260268711,94.0269,-54.6784,8.47,0,,,,,31,12.6,ok
TIC 992876604,187.2327,-52.1783,8.47,0,,,,,1,11.0,ok
TIC 309253049,123.9618,-64.4844,8.47,0,,,,,11,15.1,ok
TIC 425314091,191.1104,-54.3468,8.47,0,,,,,7,9.0,ok
TIC 30278587,197.7074,-39.5818,8.47,0,,,,,1,8.9,ok
TIC 399195636,163.593,-70.7408,8.47,0,,,,,2,12.1,ok
TIC 61872895,177.4672,-42.9602,8.47,0,,,,,1,11.2,ok
TIC 219956805,208.7162,-23.804,8.47,0,,,,,1,12.7,ok
TIC 229810899,198.5988,-29.2625,8.47,0,,,,,2,8.9,ok
TIC 374911449,88.8892,-60.5532,8.48,0,,,,,41,22.3,ok
TIC 30938252,76.2232,-69.1688,8.48,0,,,,,31,15.2,ok
TIC 22394932,186.1903,-20.7981,8.48,0,,,,,2,6.4,ok
TIC 150442497,97.8507,-62.3382,8.48,0,,,,,39,13.3,ok
TIC 243265732,203.7562,-42.6156,8.48,0,,,,,3,6.9,ok
TIC 453480397,152.7267,-75.5267,8.48,0,,,,,4,9.5,ok
TIC 260239177,93.4481,-58.8265,8.48,0,,,,,40,11.8,ok
TIC 349965094,114.3024,-65.6306,8.48,0,,,,,43,15.4,ok
TIC 453650324,156.5911,-76.341,8.48,0,,,,,9,16.7,ok
TIC 410488453,176.8716,-71.7684,8.48,0,,,,,5,8.2,ok
TIC 58818883,203.7714,-25.3043,8.48,0,,,,,2,7.0,ok
TIC 359624191,195.5591,-45.5545,8.48,0,,,,,6,9.4,ok
TIC 376802477,153.4413,-63.8998,8.48,0,,,,,7,11.9,ok
TIC 466211456,165.2286,-65.8497,8.48,0,,,,,7,13.7,ok
TIC 441850019,145.6956,-54.871,8.48,0,,,,,6,9.1,ok
TIC 272788003,161.58,-51.1914,8.48,0,,,,,7,10.1,ok
TIC 437318377,191.6144,-20.8478,8.48,0,,,,,2,6.8,ok
TIC 370140250,73.5926,-76.1514,8.48,0,,,,,33,14.2,ok
TIC 454435286,169.5644,-74.1737,8.48,0,,,,,2,4.2,ok
TIC 22030608,182.8431,-46.0247,8.48,0,,,,,6,8.9,ok
TIC 49415005,205.8217,-24.9721,8.48,0,,,,,1,5.9,ok
TIC 149971113,90.1133,-60.4948,8.48,0,,,,,32,18.0,ok
TIC 452497315,140.3097,-72.9317,8.48,0,,,,,6,8.5,ok
TIC 382200050,81.5495,-55.4255,8.48,0,,,,,42,12.1,ok
TIC 89535101,127.147,-57.1772,8.48,0,,,,,12,13.4,ok
TIC 219766901,192.3532,-22.3917,8.48,0,,,,,2,4.3,ok
TIC 297025496,187.0762,-16.9108,8.48,0,,,,,2,4.8,ok
TIC 78975904,211.6888,-20.1811,8.48,0,,,,,3,6.7,ok
TIC 389663914,86.8928,-70.9888,8.48,0,,,,,39,19.1,ok
TIC 231742691,78.0749,-67.0948,8.48,0,,,,,36,14.1,ok
TIC 55758485,75.3081,-65.5525,8.48,0,,,,,42,15.0,ok
TIC 273318036,185.6946,-53.6129,8.48,0,,21.7,rejete,variabilite_continue;eclipse_secondaire,7,16.9,ok
TIC 38813141,67.6941,-62.3793,8.48,0,,,,,41,15.9,ok
TIC 412487668,193.0475,-54.8632,8.48,0,,,,,3,5.3,ok
TIC 165904330,192.5818,-49.8637,8.48,0,,,,,3,4.6,ok
TIC 165868026,204.6181,-38.3203,8.48,0,,,,,3,4.8,ok
TIC 381634966,182.7528,-61.9337,8.48,0,,,,,1,4.7,ok
TIC 449670969,162.2492,-74.8203,8.48,0,,,,,3,6.9,ok
TIC 141472806,86.5618,-75.3297,8.48,0,,,,,43,12.4,ok
TIC 142146835,100.2084,-77.5796,8.48,0,,,,,41,10.9,ok
TIC 408533010,195.0292,-20.0156,8.48,0,,,,,3,5.1,ok
TIC 410447919,117.9621,-62.9088,8.48,0,,,,,35,10.7,ok
TIC 360205668,142.0206,-64.3371,8.48,0,,,,,3,8.4,ok
TIC 21951852,182.1788,-43.0015,8.48,0,,,,,7,10.4,ok
TIC 38846146,68.9957,-63.1725,8.48,0,,,,,31,13.0,ok
TIC 130785570,187.01,-35.4325,8.49,0,,,,,1,3.4,ok
TIC 374858999,88.4478,-60.7128,8.49,0,,,,,30,15.1,ok
TIC 31006866,76.0364,-70.6802,8.49,0,,,,,1,6.7,ok
TIC 370038084,60.6062,-70.2721,8.49,0,,,,,44,12.9,ok
TIC 266726936,175.5227,-54.645,8.49,0,,,,,1,6.6,ok
TIC 273119951,178.7799,-52.1481,8.49,0,,,,,5,9.3,ok
TIC 107248163,204.0232,-34.3742,8.49,0,,,,,2,6.2,ok
TIC 334991661,186.7345,-17.1228,8.49,0,,,,,5,9.1,ok
TIC 371238963,146.7851,-70.31,8.49,0,,,,,7,9.7,ok
TIC 440932830,144.8695,-56.5206,8.49,0,,,,,4,6.8,ok
TIC 296790596,176.6386,-66.6584,8.49,0,,,,,2,4.0,ok
TIC 176873028,100.9428,-71.9761,8.49,0,,,,,42,15.7,ok
TIC 271595985,108.3635,-74.1576,8.49,0,,,,,33,14.2,ok
TIC 343098851,126.3623,-56.7648,8.49,0,,,,,6,6.9,ok
TIC 454044221,175.7674,-36.0221,8.49,0,,,,,7,13.0,ok
TIC 278683664,99.1676,-58.4087,8.49,0,,,,,44,12.0,ok
TIC 103576633,193.2702,-30.0709,8.49,0,,,,,4,7.4,ok
TIC 297461809,180.3476,-71.2272,8.49,0,,75.7,rejete,variabilite_continue;eclipse_secondaire,7,17.3,ok
TIC 60642752,188.9007,-28.643,8.49,0,,,,,1,2.5,ok
TIC 140802488,74.8902,-73.0826,8.49,0,,,,,21,12.9,ok
TIC 399187642,163.0654,-69.8983,8.49,0,,,,,3,4.5,ok
TIC 30469371,74.569,-66.26,8.49,0,,,,,40,10.8,ok
TIC 60675759,189.2695,-25.2185,8.49,0,,,,,2,4.0,ok
TIC 340459681,115.715,-59.5994,8.49,0,,,,,25,15.5,ok
TIC 82188198,168.7363,-52.3543,8.49,0,,,,,3,10.6,ok
TIC 933711251,166.2784,-52.8789,8.49,0,,,,,2,7.0,ok
TIC 149572666,86.368,-60.7218,8.49,0,,,,,30,10.9,ok
TIC 25196356,63.7786,-71.1331,8.49,0,,,,,34,12.3,ok
TIC 244876431,196.5809,-53.2186,8.49,0,,,,,3,4.5,ok
TIC 242086186,201.8121,-36.6284,8.49,0,,,,,4,5.1,ok
TIC 30951485,200.7951,-38.5706,8.49,0,,,,,2,4.1,ok
TIC 167894031,105.6944,-61.0627,8.49,0,,,,,34,11.9,ok
TIC 309402106,124.7487,-65.2781,8.49,0,,,,,18,13.6,ok
TIC 438680450,202.1241,-46.3497,8.5,0,,,,,3,7.0,ok
TIC 134872088,183.8995,-41.6283,8.5,0,,,,,3,5.1,ok
TIC 466577705,166.2337,-65.4151,8.5,0,,,,,4,6.1,ok
TIC 460201233,157.0924,-65.6942,8.5,0,,,,,3,5.0,ok
TIC 107288978,204.4542,-35.4485,8.5,0,,,,,4,6.2,ok
TIC 287529772,124.0893,-75.5498,8.5,0,,,,,3,6.4,ok
TIC 300560526,112.7823,-67.8206,8.5,0,,,,,41,12.5,ok
TIC 345138480,177.3619,-38.1599,8.5,0,,,,,2,3.8,ok
TIC 309927462,126.6788,-60.6544,8.5,0,,,,,7,7.5,ok
TIC 464936990,162.1944,-64.0524,8.5,0,,,,,4,6.4,ok
TIC 334615836,183.5224,-51.3144,8.5,0,,,,,1,3.0,ok
TIC 454707078,174.8276,-73.8132,8.5,0,,,,,2,7.6,ok
TIC 89620053,127.4769,-56.9284,8.5,0,,,,,6,8.6,ok
TIC 81848440,168.1275,-51.7257,8.5,0,,,,,7,10.4,ok
TIC 140899825,76.9665,-76.4391,8.5,0,,,,,34,11.6,ok
TIC 167344043,98.6713,-69.8849,8.5,0,,,,,40,11.1,ok
TIC 242092425,201.8967,-39.4983,8.5,0,,,,,5,7.5,ok
TIC 135434388,187.4933,-39.2274,8.5,0,,,,,2,7.0,ok
TIC 131191867,190.882,-31.3861,8.5,0,,,,,2,2.8,ok
TIC 45688352,131.1388,-57.4457,8.5,0,,,,,1,2.6,ok
TIC 281926573,129.6994,-72.3459,8.5,0,,,,,7,8.3,ok
TIC 176875114,100.9581,-75.5821,8.5,0,,,,,42,10.1,ok
TIC 260243101,93.7611,-55.3302,8.5,0,,,,,39,11.2,ok
TIC 463868539,154.9707,-57.0503,8.51,0,,,,,2,3.2,ok
TIC 442662691,146.5077,-58.7438,8.51,0,,,,,3,4.6,ok
TIC 142140058,179.6555,-33.3249,8.51,0,,,,,6,12.7,ok
TIC 167009792,95.1022,-66.4004,8.51,0,,,,,28,12.8,ok
TIC 181162438,174.5076,-37.6767,8.51,0,,,,,3,4.3,ok
TIC 310487160,129.0073,-60.1861,8.51,0,,,,,5,8.5,ok
TIC 270557257,99.9089,-78.4403,8.51,0,,,,,36,10.0,ok
TIC 271624227,187.1799,-54.1403,8.51,0,,,,,3,4.7,ok
TIC 301921072,131.0509,-65.9883,8.51,0,,,,,12,12.3,ok
TIC 162989159,171.9246,-45.368,8.51,0,,,,,3,8.2,ok
TIC 58677594,202.8562,-28.4202,8.51,0,,,,,1,4.1,ok
TIC 372913582,119.4548,-60.6836,8.51,0,,,,,22,12.6,ok
TIC 272909065,188.4181,-54.924,8.51,0,,,,,4,6.4,ok
TIC 72064165,167.6543,-44.7052,8.51,0,,,,,7,9.4,ok
TIC 302528265,134.3258,-69.0208,8.51,0,,,,,6,8.4,ok
TIC 358402782,78.1219,-56.7161,8.51,0,,,,,41,11.0,ok
TIC 300708926,114.7859,-70.8706,8.51,0,,,,,41,10.7,ok
TIC 411881813,189.8053,-54.5501,8.52,0,,,,,5,6.4,ok
TIC 349186536,205.5034,-23.1169,8.52,0,,,,,2,5.1,ok
TIC 302855294,135.7514,-67.405,8.52,0,,,,,8,9.4,ok
TIC 348962012,106.6523,-61.4601,8.52,0,,,,,32,11.3,ok
TIC 204692421,185.2571,-29.1838,8.52,0,,,,,3,4.7,ok
TIC 449351401,191.2257,-44.785,8.52,0,,,,,5,5.7,ok
TIC 308666886,121.8271,-62.4262,8.52,0,,,,,13,11.7,ok
TIC 279157429,103.045,-56.5164,8.52,0,,,,,41,10.3,ok
TIC 134764811,182.9823,-36.2763,8.52,0,,,,,1,3.0,ok
TIC 453507807,195.2825,-42.6377,8.52,0,,,,,6,8.1,ok
TIC 286962339,206.8914,-20.3738,8.52,0,,,,,1,3.6,ok
TIC 454105013,176.7987,-37.1312,8.52,0,,,,,7,9.2,ok
TIC 229602408,197.8391,-26.6521,8.52,0,,,,,2,2.9,ok
TIC 378809750,180.606,-61.6991,8.52,0,,,,,4,4.9,ok
TIC 350585031,87.1898,-55.8563,8.52,0,,,,,39,9.7,ok
TIC 385170436,137.5718,-58.2417,8.52,0,,,,,3,4.6,ok
TIC 453761965,159.2375,-72.3419,8.52,0,,,,,3,4.2,ok
TIC 423567747,185.7416,-21.0276,8.52,0,,,,,2,6.0,ok
TIC 220428118,72.6424,-58.1489,8.52,0,,,,,41,10.0,ok
TIC 303307586,137.4198,-66.537,8.52,0,,,,,7,12.0,ok
TIC 275382727,179.8729,-28.9474,8.52,0,,,,,7,8.6,ok
TIC 228760848,194.2433,-27.2167,8.52,0,,,,,1,3.2,ok
TIC 141413219,83.9054,-76.479,8.52,0,,,,,42,10.6,ok
TIC 344639950,156.7346,-69.8826,8.52,0,,,,,4,5.2,ok
TIC 163030651,191.0867,-49.054,8.52,0,,,,,4,5.7,ok
TIC 423528896,185.1363,-20.8328,8.52,0,,,,,5,7.6,ok
TIC 373523595,80.9151,-69.503,8.52,0,,,,,42,11.7,ok
TIC 374852063,151.0336,-64.4309,8.52,0,,,,,3,5.8,ok
TIC 273026743,188.2246,-58.3556,8.53,1,2.777,12.2,rejete,variabilite_continue;eclipse_secondaire,3,7.2,ok
TIC 272546396,121.347,-74.4099,8.53,0,,,,,21,11.9,ok
TIC 434513315,189.8192,-18.0502,8.53,0,,,,,2,6.1,ok
TIC 273310060,185.7192,-50.0672,8.53,0,,,,,2,3.8,ok
TIC 317053810,172.3761,-62.3749,8.53,0,,,,,6,9.0,ok
TIC 334118524,182.7879,-49.61,8.53,0,,,,,4,5.8,ok
TIC 382159212,80.9091,-55.5906,8.53,0,,,,,41,15.5,ok
TIC 299943301,106.6636,-68.0611,8.53,0,,,,,29,10.8,ok
TIC 383602040,134.9059,-58.5581,8.53,0,,,,,5,7.2,ok
TIC 322078735,175.6055,-62.4771,8.53,0,,,,,7,8.8,ok
TIC 323967348,176.9062,-60.1123,8.53,0,,,,,3,6.2,ok
TIC 177311244,103.5509,-77.5064,8.53,0,,,,,38,12.8,ok
TIC 385349183,196.0859,-16.6553,8.53,0,,,,,5,8.2,ok
TIC 274993191,149.5723,-57.4964,8.53,0,,,,,7,10.5,ok
TIC 150392753,96.5269,-60.258,8.53,0,,,,,34,12.3,ok
TIC 80303363,165.0754,-52.0584,8.53,0,,,,,7,11.4,ok
TIC 441834987,207.4511,-28.6397,8.53,0,,,,,3,6.5,ok
TIC 150139263,92.8194,-65.1302,8.53,0,,,,,14,12.1,ok
TIC 179369863,80.1234,-71.5336,8.53,0,,,,,38,11.4,ok
TIC 372741078,152.2475,-68.4979,8.53,0,,,,,5,6.0,ok
TIC 145010784,193.4401,-39.4482,8.53,0,,,,,2,6.2,ok
TIC 124426377,198.515,-33.388,8.53,0,,,,,4,7.6,ok
TIC 162530077,170.016,-42.2108,8.53,0,,,,,2,2.8,ok
TIC 260042834,91.2543,-58.8304,8.53,0,,,,,44,17.1,ok
TIC 360641916,142.674,-62.17,8.53,0,,,,,5,7.8,ok
TIC 5881491,188.151,-18.3494,8.53,0,,,,,4,9.0,ok
TIC 260504147,96.4302,-55.1618,8.53,0,,13.3,rejete,variabilite_continue;eclipse_secondaire,38,18.7,ok
TIC 181915477,191.0385,-11.9363,8.53,0,,,,,3,6.9,ok
TIC 300304948,160.2933,-48.0356,8.53,0,,,,,2,6.2,ok
TIC 400784375,167.0432,-67.4784,8.53,0,,,,,4,9.4,ok
TIC 22217618,183.5767,-45.4229,8.53,0,,,,,5,10.2,ok
TIC 72860406,188.7698,-44.2493,8.53,0,,,,,2,6.6,ok
TIC 268352382,176.7943,-59.2103,8.53,0,,,,,4,7.3,ok
TIC 345944735,193.4392,-17.1976,8.53,0,,,,,5,5.9,ok
TIC 71882750,166.9029,-45.8442,8.54,0,,,,,4,10.5,ok
TIC 38763021,67.3196,-60.2679,8.54,0,,,,,40,11.0,ok
TIC 245234229,199.0163,-50.8967,8.54,0,,,,,4,4.6,ok
TIC 452386130,137.5441,-72.7076,8.54,0,,22.3,rejete,variabilite_continue;eclipse_secondaire,7,15.2,ok
TIC 272357134,119.4796,-73.4731,8.54,2,1.3992;4.1924,27.4,rejete,variabilite_continue;eclipse_secondaire,40,20.2,ok
TIC 150301529,95.4405,-62.3843,8.54,0,,,,,32,11.3,ok
TIC 392597918,190.8367,-23.4676,8.54,0,,,,,2,4.1,ok
TIC 405809890,192.2741,-58.4484,8.54,0,,,,,5,6.9,ok
TIC 279089140,102.6748,-57.3863,8.54,0,,,,,33,17.7,ok
TIC 40602927,77.8047,-66.6879,8.54,0,,,,,31,12.3,ok
TIC 308543034,121.0782,-63.5124,8.54,0,,,,,24,10.8,ok
TIC 377657130,154.7148,-65.3913,8.54,0,,10.7,rejete,variabilite_continue;eclipse_secondaire,6,11.2,ok
TIC 350144298,115.4995,-65.5185,8.54,0,,,,,42,11.9,ok
TIC 390555866,190.2759,-26.552,8.54,0,,,,,4,6.0,ok
TIC 397360734,175.2194,-42.7366,8.54,0,,,,,1,4.6,ok
TIC 437334048,207.9518,-23.1151,8.54,0,,,,,1,3.1,ok
TIC 167006493,94.8115,-68.8309,8.54,0,,,,,35,12.3,ok
TIC 454375130,168.6977,-72.1125,8.54,0,,,,,3,3.8,ok
TIC 307573424,126.7428,-69.7455,8.54,0,,,,,21,12.4,ok
TIC 308612498,121.5765,-61.5338,8.54,0,,,,,8,11.1,ok
TIC 142115666,179.3075,-30.0112,8.54,0,,,,,7,8.4,ok
TIC 245231230,199.1015,-49.6262,8.54,0,,,,,8,9.1,ok
TIC 141611461,89.215,-75.7089,8.54,0,,,,,41,14.2,ok
TIC 360527688,142.479,-61.5738,8.54,0,,,,,5,8.8,ok
TIC 349158866,108.5978,-62.5656,8.54,0,,,,,3,5.0,ok
TIC 441821495,206.9263,-27.9934,8.54,0,,,,,4,5.2,ok
TIC 181859143,190.0482,-12.6676,8.54,0,,,,,6,8.8,ok
TIC 22029325,182.8278,-44.8614,8.54,0,,,,,2,5.6,ok
TIC 260004910,91.1132,-54.0488,8.55,0,,,,,28,13.4,ok
TIC 390193535,160.488,-61.0657,8.55,0,,,,,3,6.6,ok
TIC 279249069,103.9572,-56.5255,8.55,0,,,,,38,13.0,ok
TIC 270474308,97.2459,-78.0069,8.55,0,,,,,42,12.9,ok
TIC 272439233,154.3796,-51.3249,8.55,0,,,,,2,5.6,ok
TIC 120717381,163.8922,-53.6207,8.55,0,,,,,1,3.2,ok
TIC 441833887,207.3371,-29.4074,8.55,0,,,,,4,5.8,ok
TIC 375211067,151.5401,-63.9276,8.55,0,,,,,6,8.6,ok
TIC 219960137,208.7337,-19.5722,8.55,0,,,,,2,4.0,ok
TIC 410714632,177.6764,-69.1842,8.55,0,,,,,2,6.3,ok
TIC 71819866,166.5501,-47.6419,8.55,0,,,,,2,4.9,ok
TIC 382067998,79.6695,-54.3292,8.55,0,,,,,21,14.5,ok
TIC 457438800,157.4552,-58.8338,8.55,0,,,,,4,6.1,ok
TIC 344230742,154.9347,-68.2026,8.55,0,,,,,5,13.0,ok
TIC 271721765,110.4408,-75.3518,8.55,0,,,,,33,13.4,ok
TIC 453751173,196.2474,-47.3969,8.55,0,,,,,6,7.1,ok
TIC 318825863,173.2715,-60.3418,8.55,0,,,,,5,9.7,ok
TIC 268031480,176.5323,-57.4396,8.55,0,,,,,2,4.3,ok
TIC 73306615,190.3013,-47.6617,8.55,0,,11.2,rejete,variabilite_continue;eclipse_secondaire,3,9.2,ok
TIC 170574878,185.4501,-34.7801,8.55,0,,,,,5,9.8,ok
TIC 388205695,110.3703,-79.9595,8.55,0,,,,,10,15.3,ok
TIC 272736645,161.36,-49.3008,8.55,0,,,,,6,9.8,ok
TIC 461867584,149.6885,-58.7604,8.55,0,,,,,5,8.2,ok
TIC 405617574,202.2194,-32.3755,8.55,0,,,,,3,4.7,ok
TIC 397328649,174.9362,-44.6419,8.55,0,,,,,4,5.4,ok
TIC 355843604,132.4558,-63.2848,8.55,0,,,,,9,10.4,ok
TIC 361220804,143.8512,-64.4387,8.55,0,,,,,3,7.0,ok
TIC 453884816,153.469,-69.776,8.55,0,,,,,4,8.1,ok
TIC 141610486,88.8625,-77.8896,8.56,0,,,,,22,11.2,ok
TIC 372100356,149.9884,-67.6667,8.56,0,,,,,5,7.3,ok
TIC 41590715,93.9288,-66.758,8.56,0,,18.2,rejete,variabilite_continue;eclipse_secondaire,28,18.8,ok
TIC 443674258,187.207,-29.4533,8.56,0,,,,,1,3.4,ok
TIC 443621803,186.1973,-27.1172,8.56,0,,,,,4,8.4,ok
TIC 220100086,209.3524,-23.3472,8.56,0,,,,,4,5.9,ok
TIC 141968462,177.9897,-31.9392,8.56,0,,,,,1,2.5,ok
TIC 99272507,184.0751,-27.9513,8.56,0,,,,,4,7.5,ok
TIC 131429065,203.655,-32.9213,8.56,0,,,,,4,6.1,ok
TIC 461253071,202.9365,-40.6858,8.56,0,,,,,5,7.7,ok
TIC 72442141,187.4118,-45.2981,8.56,0,,,,,4,5.5,ok
TIC 466738194,166.6221,-62.8907,8.56,0,,,,,3,7.9,ok
TIC 253110498,194.5033,-59.0843,8.56,0,,,,,4,7.1,ok
TIC 306930000,122.6972,-69.617,8.56,0,,,,,1,8.5,ok
TIC 141914082,94.6174,-72.0444,8.56,1,2.6551,21.1,rejete,variabilite_continue;eclipse_secondaire,40,17.3,ok
TIC 67139371,181.7433,-58.3073,8.56,0,,,,,7,8.6,ok
TIC 144223156,188.9747,-37.3414,8.56,0,,,,,2,5.4,ok
TIC 398791776,162.2596,-69.2718,8.56,0,,,,,4,7.8,ok
TIC 437371303,141.2484,-58.2015,8.56,0,,,,,4,10.2,ok
TIC 124425626,198.5206,-32.2543,8.56,0,,,,,2,3.8,ok
TIC 453798039,159.8008,-73.5598,8.56,0,,,,,4,9.3,ok
TIC 270194784,149.0574,-64.6454,8.56,0,,,,,7,9.2,ok
TIC 451034805,170.3546,-58.4426,8.56,0,,,,,4,6.7,ok
TIC 303156867,136.8431,-68.5787,8.56,0,,,,,10,15.3,ok
TIC 144078405,188.1396,-36.2684,8.56,0,,,,,3,5.8,ok
TIC 325237845,177.3747,-64.6225,8.56,0,,,,,5,7.8,ok
TIC 323350332,131.5082,-78.86,8.56,0,,,,,9,13.6,ok
TIC 278139637,107.9024,-79.9856,8.57,0,,,,,19,13.7,ok
TIC 463047697,152.8153,-59.1742,8.57,0,,,,,5,7.6,ok
TIC 460071288,156.6036,-64.8536,8.57,0,,,,,4,6.7,ok
TIC 286229461,188.5304,-26.4304,8.57,0,,,,,4,7.4,ok
TIC 167694397,102.954,-65.6195,8.57,0,,,,,31,10.4,ok
TIC 61418436,175.8334,-45.5324,8.57,0,,,,,4,8.5,ok
TIC 38519104,63.2314,-61.8061,8.57,0,,,,,5,11.2,ok
TIC 317642317,172.7954,-65.7423,8.57,0,,,,,8,15.7,ok
TIC 363655155,199.8663,-43.9589,8.57,0,,,,,2,7.0,ok
TIC 437332936,207.8303,-22.0816,8.57,0,,,,,3,9.9,ok
TIC 163354593,173.3706,-43.9702,8.57,0,,,,,6,7.4,ok
TIC 361222410,144.0315,-63.9024,8.57,0,,,,,3,6.2,ok
TIC 152481550,171.7231,-40.9099,8.57,0,,,,,6,7.2,ok
TIC 157217094,175.9569,-35.248,8.57,0,,,,,7,9.1,ok
TIC 452143688,173.6819,-58.268,8.57,0,,,,,1,7.3,ok
TIC 231092618,69.0918,-69.4647,8.57,0,,,,,12,11.3,ok
TIC 167215401,193.1246,-52.8627,8.57,0,,,,,2,3.5,ok
TIC 458569900,160.4096,-58.7718,8.57,0,,,,,3,6.6,ok
TIC 55398886,70.4376,-65.9079,8.57,0,,,,,42,13.9,ok
TIC 287775924,127.308,-74.3719,8.58,0,,,,,11,12.7,ok
TIC 350028860,114.745,-62.7822,8.58,0,,,,,4,5.7,ok
TIC 144726055,191.9519,-38.8618,8.58,0,,,,,2,11.7,ok
TIC 434508647,189.4194,-19.5777,8.58,0,,,,,1,3.0,ok
TIC 203360352,204.5459,-20.7613,8.58,0,,,,,2,3.6,ok
TIC 178824328,194.6404,-38.201,8.58,0,,,,,5,8.6,ok
TIC 303438002,138.5391,-70.9886,8.58,0,,,,,10,15.1,ok
TIC 253151478,194.9241,-55.5776,8.58,0,,19.6,rejete,variabilite_continue;eclipse_secondaire,6,13.1,ok
TIC 306509308,118.6938,-66.2111,8.58,0,,,,,29,13.5,ok
TIC 350332771,83.8413,-54.2352,8.58,0,,,,,19,11.3,ok
TIC 31960529,55.0912,-69.9548,8.58,0,,,,,31,12.1,ok
TIC 45520561,130.6873,-57.2028,8.58,0,,,,,3,5.1,ok
TIC 458371525,159.9035,-57.4613,8.58,0,,,,,6,10.4,ok
TIC 72862165,188.8036,-42.6724,8.58,0,,,,,2,11.1,ok
TIC 286230885,207.4852,-17.8388,8.58,0,,,,,2,6.8,ok
TIC 350618622,87.4018,-54.9103,8.58,0,,,,,37,13.1,ok
TIC 134832811,183.4251,-39.5906,8.58,0,,,,,4,5.2,ok
TIC 350709413,88.1187,-56.2007,8.58,0,,,,,27,11.6,ok
TIC 30599328,199.28,-39.365,8.58,0,,,,,3,6.9,ok
TIC 383664655,135.0172,-55.7103,8.59,0,,,,,3,5.9,ok
TIC 450918869,187.2749,-62.4667,8.59,0,,64.7,rejete,variabilite_continue;eclipse_secondaire,8,18.6,ok
TIC 436803294,140.6152,-56.2314,8.59,0,,,,,6,10.7,ok
TIC 141910606,94.7484,-77.3284,8.59,0,,,,,45,10.3,ok
TIC 451413351,171.4607,-59.5926,8.59,1,3.8328,15.0,rejete,compagnon_trop_gros_2.0Rjup,2,8.1,ok
TIC 38697444,66.0546,-64.2639,8.59,0,,,,,41,13.9,ok
TIC 382101865,80.2186,-57.3537,8.59,0,,,,,33,12.0,ok
TIC 307210868,124.45,-68.3552,8.59,0,,,,,26,12.1,ok
TIC 141621803,89.2891,-73.5938,8.59,0,,,,,31,12.6,ok
TIC 245434533,200.1735,-50.5643,8.59,0,,,,,1,2.7,ok
TIC 294099086,107.5295,-57.7671,8.59,0,,,,,33,11.8,ok
TIC 38697412,66.0539,-64.1894,8.59,0,,,,,39,12.7,ok
TIC 300136074,108.473,-69.5786,8.59,0,,,,,43,11.9,ok
TIC 141269997,82.4732,-73.4704,8.59,0,,,,,20,16.1,ok
TIC 248206261,194.7492,-45.6607,8.59,0,,,,,6,8.5,ok
TIC 107116102,183.1191,-32.8218,8.59,0,,,,,1,2.7,ok
TIC 272587341,187.8983,-59.2079,8.59,0,,,,,4,5.3,ok
TIC 323818290,142.0872,-78.2597,8.59,0,,,,,5,8.6,ok
TIC 141479310,86.6535,-76.1697,8.59,0,,,,,32,12.0,ok
TIC 144155716,188.7481,-41.4427,8.59,0,,,,,5,10.1,ok
TIC 1735983,197.165,-16.1688,8.6,0,,,,,3,4.8,ok
TIC 177285682,102.6215,-77.4539,8.6,0,,,,,31,10.7,ok
TIC 359902754,141.2564,-64.6251,8.6,0,,,,,6,8.6,ok
TIC 178816361,194.4846,-36.7986,8.6,0,,,,,5,10.9,ok
TIC 349308191,109.6932,-60.6025,8.6,0,,81.9,rejete,variabilite_continue;eclipse_secondaire,31,17.1,ok
TIC 383733821,135.1441,-57.1084,8.6,0,,47.9,rejete,variabilite_continue;eclipse_secondaire,6,12.4,ok
TIC 440546814,144.3454,-54.7447,8.6,0,,,,,3,8.3,ok
TIC 467344316,168.1834,-64.6364,8.6,0,,,,,4,7.0,ok
TIC 452577884,142.6755,-75.2892,8.6,0,,,,,10,13.2,ok
TIC 30848801,75.7675,-68.5113,8.6,0,,,,,34,15.1,ok
TIC 306672432,120.5929,-67.7948,8.6,0,,,,,41,11.8,ok
TIC 449667434,161.6571,-77.6011,8.6,0,,,,,5,9.4,ok
TIC 378417408,155.268,-63.0315,8.6,0,,,,,5,6.5,ok
TIC 307286216,125.0066,-66.4972,8.6,0,,,,,21,11.6,ok
TIC 253139636,194.728,-55.6744,8.6,0,,17.0,rejete,variabilite_continue;eclipse_secondaire,2,5.4,ok
TIC 142314056,181.2164,-33.8376,8.6,0,,,,,5,8.1,ok
TIC 350708927,88.2349,-55.6915,8.6,0,,,,,39,11.6,ok
TIC 308034948,180.3257,-60.2004,8.6,0,,,,,7,10.0,ok
TIC 293268667,98.5601,-63.918,8.6,0,,,,,43,12.9,ok
TIC 376283203,179.4904,-56.4941,8.6,0,,,,,3,4.0,ok
TIC 83000423,170.5088,-50.1356,8.6,0,,,,,4,7.6,ok
TIC 272648435,161.4145,-51.5111,8.6,0,,,,,8,13.2,ok
TIC 73177897,189.8826,-42.9845,8.6,0,,,,,1,3.3,ok
TIC 177181322,104.9414,-66.419,8.6,0,,,,,41,11.7,ok
TIC 73598454,191.728,-47.3444,8.6,0,,,,,7,7.9,ok
TIC 238227273,58.9977,-73.5553,8.6,0,,,,,29,13.5,ok
TIC 356015266,132.968,-63.6813,8.6,0,,,,,4,5.7,ok
TIC 149059954,80.3488,-61.2416,8.6,0,,,,,41,11.1,ok
TIC 438174130,142.0013,-58.5095,8.6,0,,,,,2,7.5,ok
TIC 99178669,183.8944,-29.2921,8.6,0,,,,,3,3.5,ok
TIC 350620788,87.4219,-59.8393,8.61,0,,,,,38,12.7,ok
TIC 375568111,178.648,-54.7326,8.61,0,,,,,7,8.4,ok
TIC 49209331,204.4592,-24.1279,8.61,0,,,,,1,3.7,ok
TIC 453423729,151.3973,-72.5057,8.61,0,,,,,4,8.5,ok
TIC 177038077,103.1102,-66.8268,8.61,0,,,,,38,12.3,ok
TIC 32149424,203.1977,-22.1793,8.61,0,,,,,3,5.1,ok
TIC 458566069,160.4826,-59.2713,8.61,0,,26.4,rejete,variabilite_continue;eclipse_secondaire,6,12.1,ok
TIC 235049301,82.6766,-51.308,8.61,0,,,,,9,13.5,ok
TIC 81177441,166.7618,-51.9274,8.61,0,,,,,4,4.5,ok
TIC 141939756,177.9611,-33.4588,8.61,0,,,,,3,4.6,ok
TIC 144921001,192.9906,-39.2459,8.61,0,,,,,3,6.5,ok
TIC 349478970,110.7301,-64.633,8.61,0,,,,,34,10.8,ok
TIC 32051052,56.9925,-70.8007,8.61,0,,,,,27,10.8,ok
TIC 349966449,114.4343,-64.0504,8.61,0,,,,,29,11.7,ok
TIC 165317493,179.2002,-38.329,8.61,0,,,,,6,9.0,ok
TIC 253148023,195.0208,-54.6671,8.61,0,,,,,3,6.6,ok
TIC 469185061,148.4791,-57.0742,8.61,0,,,,,7,8.7,ok
TIC 167207589,97.4459,-68.4105,8.62,0,,,,,28,12.2,ok
TIC 29762078,64.5395,-67.244,8.62,0,,,,,38,11.6,ok
TIC 300892064,177.7155,-55.8877,8.62,0,,,,,2,3.0,ok
TIC 361829550,145.0091,-62.3744,8.62,0,,,,,5,7.5,ok
TIC 124693708,200.4458,-30.2237,8.62,0,,,,,2,5.8,ok
TIC 360712454,143.01,-63.9836,8.62,0,,,,,3,4.4,ok
TIC 382258844,82.7166,-54.8981,8.62,0,,,,,39,10.5,ok
TIC 135050114,184.7702,-40.1632,8.62,0,,,,,1,2.5,ok
TIC 349902873,113.7696,-63.0394,8.62,0,,17.0,rejete,variabilite_continue;eclipse_secondaire,33,15.3,ok
TIC 272129477,116.2506,-73.8415,8.62,0,,,,,32,13.2,ok
TIC 277963121,177.8709,-41.4697,8.62,0,,,,,1,3.3,ok
TIC 287496163,124.0394,-73.1499,8.62,0,,,,,21,10.4,ok
TIC 403908832,188.3476,-49.218,8.62,0,,,,,1,1.9,ok
TIC 457758829,158.2862,-57.5655,8.62,0,,,,,4,4.8,ok
TIC 30181300,197.1689,-36.9563,8.62,0,,,,,4,4.7,ok
TIC 134759722,182.8361,-41.2064,8.62,0,,,,,6,8.1,ok
TIC 203382865,206.2399,-19.1135,8.62,0,,,,,2,3.5,ok
TIC 369419402,191.9243,-61.9412,8.62,0,,,,,7,7.4,ok
TIC 453766335,159.415,-73.5787,8.62,0,,,,,3,4.0,ok
TIC 386689034,188.8071,-14.6526,8.62,0,,,,,6,6.8,ok
TIC 454580532,172.5269,-72.3334,8.62,0,,,,,4,5.8,ok
TIC 49423809,205.9199,-24.5391,8.62,0,,,,,2,3.2,ok
TIC 170656897,185.9257,-30.7748,8.62,0,,,,,2,4.6,ok
TIC 358155844,70.4023,-73.5316,8.62,0,,,,,33,10.1,ok
TIC 443799244,147.0775,-59.8412,8.62,0,,,,,6,8.3,ok
TIC 370492713,143.2105,-66.3121,8.62,0,,,,,3,7.9,ok
TIC 405556691,201.9219,-35.3338,8.62,0,,,,,1,3.8,ok
TIC 124236567,197.3067,-31.5645,8.62,0,,,,,5,7.6,ok
TIC 405663249,191.6516,-16.5315,8.62,0,,,,,3,8.3,ok
TIC 142058236,178.8266,-35.6696,8.62,0,,,,,5,8.0,ok
TIC 273394159,186.2038,-48.2879,8.62,0,,,,,2,4.4,ok
TIC 220473037,75.1668,-56.3994,8.62,0,,,,,27,12.4,ok
TIC 422448380,199.4542,-22.2215,8.62,0,,,,,3,4.5,ok
TIC 302800062,135.7565,-71.6014,8.62,0,,,,,6,7.9,ok
TIC 144182383,188.6606,-37.9238,8.62,0,,,,,2,2.9,ok
TIC 93096525,174.6492,-51.214,8.62,0,,,,,6,6.6,ok
TIC 459771112,163.5869,-54.9732,8.62,0,,,,,8,11.0,ok
TIC 383337212,183.8676,-62.5391,8.62,0,,,,,2,4.1,ok
TIC 145053491,193.782,-40.3288,8.63,0,,,,,2,4.0,ok
TIC 449798347,163.1076,-73.1862,8.63,0,,,,,1,2.4,ok
TIC 307849677,128.5135,-66.5257,8.63,0,,,,,6,6.4,ok
TIC 308453624,120.7649,-65.326,8.63,0,,,,,25,11.4,ok
TIC 370227155,85.577,-74.486,8.63,0,,,,,32,11.7,ok
TIC 421190599,182.1696,-28.0718,8.63,0,,,,,2,3.5,ok
TIC 348839374,98.766,-56.817,8.63,0,,,,,?,262.8,timeout
TIC 465655387,164.1348,-65.3022,8.63,0,,,,,4,7.5,ok
TIC 99133709,183.4505,-26.5653,8.63,0,,,,,3,15.2,ok
TIC 55557848,72.9736,-60.7837,8.63,0,,,,,30,17.1,ok
TIC 142162076,179.9392,-30.5974,8.63,0,,,,,2,8.1,ok
TIC 287026094,206.933,-23.4184,8.63,0,,,,,2,6.3,ok
TIC 453937748,154.2879,-71.2055,8.63,0,,,,,2,8.7,ok
TIC 335052465,184.8748,-53.0252,8.63,0,,,,,2,9.1,ok
TIC 309623584,125.5373,-65.4758,8.63,0,,,,,9,21.0,ok
TIC 38697111,65.9732,-63.2986,8.63,0,,,,,45,25.0,ok
TIC 310307742,128.0198,-65.6682,8.63,0,,,,,8,15.4,ok
TIC 399970054,165.1865,-69.1864,8.63,0,,,,,2,8.5,ok
TIC 20542920,200.7811,-19.2013,8.63,0,,,,,4,8.8,ok
TIC 244973102,197.2022,-51.3115,8.63,0,,,,,2,7.5,ok
TIC 415824445,197.0777,-20.2759,8.63,0,,,,,3,8.5,ok
TIC 436986527,140.9228,-57.2317,8.63,0,,,,,4,5.7,ok
TIC 125420806,209.7552,-21.5191,8.63,0,,,,,4,9.3,ok
TIC 400806831,178.22,-50.2928,8.63,0,,,,,2,6.7,ok
TIC 399642075,164.2876,-69.9806,8.63,0,,,,,5,11.1,ok
TIC 425368923,191.1039,-59.0411,8.63,0,,,,,7,8.9,ok
TIC 398981113,191.8821,-45.9686,8.63,0,,,,,2,4.7,ok
TIC 253204136,195.1757,-54.144,8.63,0,,,,,3,5.8,ok
TIC 124663693,200.352,-33.9724,8.63,0,,,,,1,4.6,ok
TIC 314223624,184.3453,-69.0996,8.63,0,,,,,6,11.2,ok
TIC 152058685,169.5192,-40.3394,8.63,0,,,,,1,3.2,ok
TIC 288379578,192.5451,-44.0035,8.63,0,,,,,2,4.9,ok
TIC 170494449,184.6722,-32.0265,8.64,0,,,,,4,7.4,ok
TIC 453494365,152.7712,-72.4578,8.64,0,,,,,4,6.5,ok
TIC 229390715,196.952,-29.4748,8.64,0,,,,,1,6.3,ok
TIC 460172517,156.6944,-62.9047,8.64,0,,,,,4,7.6,ok
TIC 400843498,167.5259,-69.3856,8.64,0,,,,,6,8.1,ok
TIC 300871572,117.6641,-70.4986,8.64,0,,,,,34,12.7,ok
TIC 467671758,169.2117,-61.0855,8.64,0,,,,,2,5.0,ok
TIC 452464329,139.0724,-76.2779,8.64,0,,,,,6,10.1,ok
TIC 273052212,170.5998,-49.4466,8.64,0,,,,,3,4.8,ok
TIC 30121399,197.1368,-41.6446,8.64,0,,,,,2,5.8,ok
TIC 401367319,192.0992,-35.3991,8.64,0,,,,,4,7.2,ok
TIC 102045344,181.7273,-38.1067,8.64,0,,,,,4,8.1,ok
TIC 452533640,141.9672,-76.1289,8.64,0,,,,,5,9.6,ok
TIC 231085102,68.2433,-70.897,8.64,0,,,,,40,14.6,ok
TIC 452681880,145.6395,-75.9259,8.64,0,,,,,5,9.6,ok
TIC 30952364,200.8902,-37.5651,8.64,0,,,,,2,4.6,ok
TIC 165893697,204.679,-36.9478,8.64,0,,,,,2,6.5,ok
TIC 372097571,150.2354,-66.7164,8.64,0,,,,,6,9.8,ok
TIC 357728333,137.8544,-65.8381,8.64,0,,,,,6,11.1,ok
TIC 277396664,157.2522,-71.304,8.64,0,,,,,2,5.0,ok
TIC 310136441,127.5664,-63.483,8.64,0,,,,,11,13.8,ok
TIC 334787070,184.4246,-51.4921,8.64,0,,,,,5,12.7,ok
TIC 370883476,145.2042,-69.6204,8.65,0,,,,,3,6.9,ok
TIC 373777400,81.4099,-69.5951,8.65,0,,,,,41,16.0,ok
TIC 453326918,148.8522,-73.6204,8.65,0,,,,,3,12.1,ok
TIC 31999683,55.8641,-69.6907,8.65,0,,,,,25,13.4,ok
TIC 364513918,161.1624,-51.5392,8.65,0,,,,,2,5.6,ok
TIC 306634577,120.075,-70.1815,8.65,0,,,,,30,13.2,ok
TIC 167810464,104.7762,-65.2152,8.65,0,,,,,28,14.9,ok
TIC 450740252,169.5259,-58.8886,8.65,0,,,,,3,6.8,ok
TIC 141471870,86.5382,-74.049,8.65,0,,,,,33,13.5,ok
TIC 30695380,199.6047,-36.3018,8.65,0,,,,,1,6.1,ok
TIC 170571638,185.3147,-30.5555,8.65,0,,,,,1,8.2,ok
TIC 165417865,179.712,-36.4131,8.65,0,,,,,2,11.1,ok
TIC 303157034,137.0038,-68.5273,8.65,0,,,,,3,6.9,ok
TIC 265845786,174.7705,-57.048,8.65,0,,,,,3,5.5,ok
TIC 144786725,192.3482,-36.8098,8.65,0,,,,,2,5.1,ok
TIC 451545826,171.8285,-58.0186,8.65,0,,,,,1,3.5,ok
TIC 278544957,122.8357,-78.653,8.65,0,,,,,4,7.6,ok
TIC 350343922,84.4174,-58.7863,8.65,0,,,,,43,12.4,ok
TIC 308744455,122.1261,-60.1361,8.65,1,1.6631,12.6,rejete,variabilite_continue;eclipse_secondaire,4,10.2,ok
TIC 260647166,186.5739,-51.3631,8.65,0,,,,,6,13.5,ok
TIC 300037209,107.7282,-66.3246,8.65,0,,,,,44,12.9,ok
TIC 55559067,73.0625,-63.9416,8.65,0,,,,,38,13.7,ok
TIC 40793484,78.4307,-69.0056,8.65,0,,,,,39,14.2,ok
TIC 370829477,145.1629,-66.0663,8.65,0,,,,,3,7.9,ok
TIC 258910672,198.0238,-44.619,8.65,0,,,,,2,5.7,ok
TIC 229980646,198.9467,-29.5064,8.66,0,,,,,2,9.2,ok
TIC 72230784,186.6557,-44.5599,8.66,0,,,,,2,4.4,ok
TIC 401591869,168.2758,-71.529,8.66,0,,,,,2,5.4,ok
TIC 72500399,187.5473,-43.3471,8.66,0,,,,,2,5.2,ok
TIC 253458858,196.9554,-55.5131,8.66,0,,,,,6,10.1,ok
TIC 300327924,110.689,-70.0926,8.66,0,,,,,41,11.6,ok
TIC 71737549,166.6001,-42.5243,8.66,0,,,,,1,6.2,ok
TIC 162027140,168.0053,-43.677,8.66,0,,,,,5,7.8,ok
TIC 150165657,93.2683,-60.4627,8.66,0,,23.2,rejete,variabilite_continue;eclipse_secondaire,33,17.9,ok
TIC 303292598,159.3544,-50.382,8.66,0,,,,,1,6.4,ok
TIC 141825369,93.0884,-72.8075,8.66,0,,,,,31,12.3,ok
TIC 167752082,103.9614,-63.3167,8.66,0,,,,,33,15.6,ok
TIC 376242830,152.9438,-60.0265,8.66,0,,,,,4,7.9,ok
TIC 9339369,191.2305,-28.4014,8.66,0,,,,,4,7.9,ok
TIC 72176618,186.3538,-45.6255,8.66,0,,,,,6,8.2,ok
TIC 460412260,157.5925,-60.3654,8.66,0,,,,,3,4.8,ok
TIC 73226782,190.1633,-45.7801,8.66,0,,,,,5,9.3,ok
TIC 383285551,134.3141,-58.586,8.67,0,,,,,8,10.0,ok
TIC 31960109,54.9251,-71.0983,8.67,0,,,,,22,13.6,ok
TIC 459501772,162.6964,-59.3336,8.67,0,,,,,4,10.5,ok
TIC 288288979,187.4809,-50.2563,8.67,0,,,,,3,6.9,ok
TIC 294092966,107.348,-57.496,8.67,0,,,,,38,11.6,ok
TIC 243178382,202.8925,-42.0022,8.67,0,,,,,5,5.9,ok
TIC 448744021,182.3414,-34.1489,8.67,0,,,,,4,11.4,ok
TIC 133510064,150.0645,-53.8337,8.67,0,,,,,2,4.5,ok
TIC 465470793,163.6176,-63.9726,8.67,0,,,,,5,7.6,ok
TIC 278478922,120.4186,-79.682,8.67,0,,,,,14,12.2,ok
TIC 332523164,180.1308,-52.6821,8.67,0,,,,,5,7.5,ok
TIC 454102818,176.6479,-38.1502,8.67,0,,,,,1,3.0,ok
TIC 245026251,197.643,-48.4383,8.67,0,,,,,3,6.2,ok
TIC 82768830,169.9667,-48.3722,8.67,0,,,,,2,4.5,ok
TIC 22135422,183.1823,-47.6614,8.67,0,,,,,1,2.4,ok
TIC 357981425,138.4922,-64.3745,8.67,0,,,,,4,5.2,ok
TIC 295245704,170.7699,-68.1787,8.67,0,,,,,5,7.3,ok
TIC 61874064,177.7052,-42.2166,8.67,0,,,,,1,3.8,ok
TIC 103955987,195.6618,-30.64,8.67,0,,,,,3,6.1,ok
TIC 279360449,104.7212,-56.4699,8.67,0,,,,,34,12.7,ok
TIC 294870118,71.617,-68.7418,8.67,0,,,,,32,17.6,ok
TIC 131196520,190.9673,-32.0526,8.67,0,,,,,2,4.9,ok
TIC 165377777,179.476,-41.5718,8.67,0,,,,,2,7.4,ok
TIC 150273255,94.6258,-60.7389,8.68,0,,,,,42,11.3,ok
TIC 308760236,184.1531,-64.5165,8.68,0,,,,,6,11.2,ok
TIC 107285822,204.282,-32.0317,8.68,0,,,,,4,6.4,ok
TIC 73452615,191.0036,-44.9869,8.68,0,,,,,2,4.8,ok
TIC 144789439,192.4308,-38.2341,8.68,0,,,,,1,3.9,ok
TIC 38759499,66.9849,-61.8077,8.68,0,,,,,35,13.1,ok
TIC 93405763,175.1047,-51.5042,8.68,0,,,,,1,3.6,ok
TIC 170494921,184.7599,-32.9389,8.68,0,,,,,4,9.6,ok
TIC 72817270,188.6076,-46.5071,8.68,0,,,,,1,4.2,ok
TIC 22907461,185.9787,-46.6775,8.68,0,,,,,2,5.3,ok
TIC 349642732,111.8337,-60.9559,8.68,0,,,,,41,12.8,ok
TIC 179208877,79.4837,-69.2677,8.68,0,,,,,29,13.8,ok
TIC 453971877,154.6995,-66.795,8.68,0,,,,,1,6.8,ok
TIC 82591332,169.4977,-49.5681,8.68,0,,,,,2,5.2,ok
TIC 111868539,208.243,-31.7995,8.68,0,,,,,2,3.8,ok
TIC 261992444,193.7852,-59.0187,8.68,0,,,,,4,10.2,ok
TIC 31796658,50.8012,-68.7619,8.68,0,,,,,10,13.2,ok
TIC 267286649,176.0056,-55.3909,8.68,0,,,,,5,15.4,ok
TIC 149217937,82.0787,-61.2616,8.68,0,,,,,37,17.0,ok
TIC 131239714,191.488,-32.4023,8.68,0,,,,,2,6.6,ok
TIC 271723402,110.381,-72.724,8.68,0,,,,,12,18.5,ok
TIC 372911993,119.4813,-62.0645,8.68,0,,,,,20,18.5,ok
TIC 245004014,197.4508,-50.7722,8.68,0,,,,,7,14.1,ok
TIC 458758934,160.9592,-56.7174,8.68,0,,,,,7,12.3,ok
TIC 92397580,172.9127,-49.4344,8.68,0,,,,,4,11.5,ok
TIC 135428006,187.3172,-36.9479,8.68,0,,,,,2,7.4,ok
TIC 405500101,202.2946,-34.2965,8.68,0,,,,,1,4.0,ok
TIC 21115245,186.8656,-48.1326,8.68,0,,,,,1,3.8,ok
TIC 311323703,185.6948,-63.0729,8.68,0,,,,,2,8.8,ok
TIC 258591195,196.9948,-44.5006,8.68,0,,,,,4,10.1,ok
TIC 464731407,156.9106,-57.4491,8.68,0,,,,,2,7.7,ok
TIC 355463383,131.3813,-61.2622,8.68,0,,,,,7,12.5,ok
TIC 178824598,194.6708,-37.8203,8.68,0,,,,,2,3.3,ok
TIC 141095359,79.5769,-74.0623,8.68,0,,,,,34,18.7,ok
TIC 422132388,188.9677,-53.3753,8.68,0,,,,,2,5.6,ok
TIC 307284756,124.8663,-66.6207,8.68,0,,,,,11,14.1,ok
TIC 361230415,143.8819,-61.751,8.69,0,,,,,2,7.8,ok
TIC 425542829,205.6041,-30.6677,8.69,0,,,,,2,3.1,ok
TIC 72181635,186.4626,-46.4852,8.69,0,,,,,1,7.3,ok
TIC 349909808,114.145,-64.2144,8.69,0,,,,,31,15.0,ok
TIC 458831281,160.9979,-57.685,8.69,0,,,,,6,10.5,ok
TIC 322955176,125.6461,-78.6724,8.69,0,,,,,7,12.4,ok
TIC 181913586,190.8311,-16.5135,8.69,0,,,,,6,8.3,ok
TIC 357383758,137.1463,-60.333,8.69,0,,,,,7,9.3,ok
TIC 30541762,199.0057,-37.003,8.69,0,,,,,1,3.2,ok
TIC 144608719,191.4273,-40.2774,8.69,0,,,,,1,4.1,ok
TIC 6011929,194.1509,-20.4125,8.69,0,,,,,2,5.1,ok
TIC 203379648,205.9366,-21.2129,8.69,0,,,,,1,3.3,ok
TIC 447207196,156.9437,-49.6163,8.69,0,,,,,3,5.1,ok
TIC 318826421,173.2297,-60.2802,8.69,0,,,,,3,4.9,ok
TIC 303604328,139.3582,-70.3889,8.69,0,,,,,3,9.2,ok
TIC 364395704,116.619,-61.4009,8.69,0,,,,,24,14.4,ok
TIC 402115484,182.6191,-29.6203,8.69,0,,,,,2,10.3,ok
TIC 165768142,204.0896,-39.1111,8.69,0,,,,,1,3.4,ok
TIC 428741414,196.8296,-21.7703,8.69,0,,,,,3,8.4,ok
TIC 124617700,199.9507,-34.8468,8.69,0,,,,,1,2.3,ok
TIC 335630746,199.3337,-15.2737,8.69,0,,,,,3,4.3,ok
TIC 467270757,167.9667,-59.887,8.69,0,,,,,1,3.9,ok
TIC 271514905,186.8252,-56.5644,8.69,0,,,,,3,6.0,ok
TIC 350954963,91.0003,-54.1324,8.69,0,,,,,25,13.8,ok
TIC 38462407,61.5076,-64.0939,8.69,0,,,,,41,14.1,ok
TIC 371676472,148.3938,-68.6,8.69,0,,,,,4,9.1,ok
TIC 392467196,205.0526,-17.484,8.7,0,,,,,1,3.4,ok
TIC 55603918,73.2918,-60.8294,8.7,0,,,,,31,15.5,ok
TIC 279088394,102.6099,-56.2395,8.7,0,,,,,37,13.9,ok
TIC 177283605,102.4374,-73.5582,8.7,0,,,,,38,13.9,ok
TIC 272285267,118.1213,-75.3849,8.7,0,,,,,25,14.0,ok
TIC 286909696,190.4316,-20.9255,8.7,0,,,,,2,8.8,ok
TIC 300710144,115.2642,-71.2088,8.7,0,,,,,34,15.6,ok
TIC 55369613,77.3709,-62.564,8.7,0,,,,,33,12.9,ok
TIC 99177918,183.8692,-27.6306,8.7,0,,,,,2,5.4,ok
TIC 300656410,114.4869,-70.8805,8.7,0,,,,,39,15.1,ok
TIC 316657304,172.0743,-62.0632,8.7,0,,39.3,rejete,variabilite_continue;eclipse_secondaire,7,15.5,ok
TIC 229181694,195.9675,-24.5004,8.7,0,,,,,1,3.5,ok
TIC 320395871,174.7724,-61.3962,8.7,0,,,,,2,6.4,ok
TIC 25195623,63.7549,-68.734,8.7,1,1.9474,45.5,rejete,variabilite_continue;eclipse_secondaire,30,19.4,ok
TIC 300703521,114.7385,-67.4611,8.7,0,,,,,42,14.4,ok
TIC 140609648,71.6868,-73.9187,8.7,0,,,,,42,14.5,ok
TIC 309617509,78.8139,-62.1493,8.7,0,,,,,41,13.1,ok
TIC 449671689,162.3801,-77.1094,8.7,0,,,,,5,10.3,ok
TIC 162143209,168.338,-45.5746,8.7,0,,,,,5,9.1,ok
TIC 309915769,152.1323,-52.827,8.7,0,,,,,5,9.7,ok
TIC 125479637,210.1417,-18.6761,8.7,0,,,,,1,7.3,ok
TIC 453472071,188.0895,-28.104,8.7,0,,,,,2,8.7,ok
TIC 453285656,147.7882,-75.5601,8.7,0,,,,,8,14.5,ok
TIC 350478528,85.6629,-57.9121,8.7,0,,,,,40,15.0,ok
TIC 94091655,176.6446,-53.6925,8.7,0,,,,,1,3.7,ok
TIC 464469403,156.2768,-57.3408,8.7,0,,20.4,rejete,variabilite_continue;eclipse_secondaire,8,18.0,ok
TIC 360282034,141.8721,-62.5939,8.7,0,,,,,2,5.2,ok
TIC 296174167,172.4061,-68.4437,8.7,0,,,,,4,6.9,ok
TIC 170585749,185.554,-31.1771,8.7,0,,,,,1,7.7,ok
TIC 181223868,174.7281,-40.153,8.7,0,,,,,1,4.1,ok
TIC 2519257,194.503,-17.6811,8.7,0,,,,,5,9.2,ok
TIC 350434379,85.0616,-55.4078,8.7,0,,,,,40,18.1,ok
TIC 32450063,190.0455,-11.8295,8.7,0,,,,,3,10.0,ok
TIC 203377303,205.7991,-22.5856,8.7,0,,,,,3,8.8,ok
TIC 305010891,165.5342,-57.5833,8.7,0,,,,,2,8.8,ok
TIC 451645575,172.2751,-54.9183,8.7,0,,,,,5,11.3,ok
TIC 167170023,97.0357,-67.0063,8.7,0,,,,,36,20.1,ok
TIC 55781680,75.4064,-62.0892,8.7,0,,,,,32,15.6,ok
TIC 358229560,139.075,-60.5252,8.71,0,,,,,8,12.4,ok
TIC 404017605,194.9992,-50.3897,8.71,0,,,,,7,13.0,ok
TIC 323613746,176.6182,-64.0629,8.71,0,,,,,5,9.5,ok
TIC 340702108,116.9406,-58.5321,8.71,0,,,,,9,12.2,ok
TIC 165769486,204.1082,-37.5212,8.71,0,,,,,5,9.3,ok
TIC 169780487,194.166,-49.8791,8.71,0,,,,,6,8.5,ok
TIC 97936356,199.5203,-27.2069,8.71,0,,,,,1,3.1,ok
TIC 150186826,93.739,-64.3777,8.71,0,,,,,8,12.6,ok
TIC 334623414,183.6787,-53.8423,8.71,0,,,,,5,9.8,ok
TIC 97937368,199.4909,-29.3768,8.71,0,,,,,1,7.1,ok
TIC 405512926,190.2945,-58.3165,8.71,0,,,,,7,10.7,ok
TIC 144569472,191.131,-41.3658,8.71,0,,,,,4,8.0,ok
TIC 72627854,188.0239,-45.4187,8.71,0,,,,,3,4.7,ok
TIC 358459933,118.9589,-65.283,8.71,0,,,,,40,14.1,ok
TIC 425538263,201.0149,-45.2374,8.71,0,,,,,3,6.2,ok
TIC 370236798,105.2939,-72.7646,8.71,0,,,,,42,15.5,ok
TIC 5877537,187.8008,-18.9965,8.71,0,,,,,5,7.2,ok
TIC 375567568,178.6059,-54.5845,8.71,0,,,,,3,5.7,ok
TIC 30066921,206.3893,-34.9633,8.71,0,,,,,3,5.2,ok
TIC 287564618,198.0669,-46.3684,8.71,0,,,,,5,7.6,ok
TIC 49332272,205.4324,-29.2574,8.71,0,,,,,1,2.7,ok
TIC 278048070,178.1928,-39.0365,8.71,0,,,,,6,8.6,ok
TIC 244862692,196.3226,-49.798,8.71,0,,,,,2,5.9,ok
TIC 220414682,71.1125,-59.3213,8.71,0,,,,,42,12.3,ok
TIC 446913943,156.4657,-50.0162,8.71,0,,,,,6,8.7,ok
TIC 391892828,115.4503,-67.6981,8.71,0,,,,,41,12.2,ok
TIC 428698984,195.8683,-19.6765,8.71,0,,,,,1,3.3,ok
TIC 425579452,205.5678,-33.2788,8.71,0,,,,,2,4.8,ok
TIC 389212769,179.724,-43.647,8.71,0,,,,,2,4.9,ok
TIC 162096207,168.246,-47.1827,8.71,0,,,,,2,3.3,ok
TIC 459440954,162.8189,-55.9731,8.71,0,,,,,2,4.0,ok
TIC 257720049,77.9279,-58.9858,8.71,0,,,,,34,12.3,ok
TIC 410984626,178.4479,-71.8154,8.71,0,,,,,5,7.5,ok
TIC 358402475,78.0058,-55.8198,8.71,0,,,,,28,15.6,ok
TIC 423617440,202.2016,-17.9958,8.71,0,,,,,4,6.5,ok
TIC 425069023,82.9955,-69.1608,8.71,0,,,,,38,18.9,ok
TIC 22241216,183.6342,-44.1073,8.71,0,,,,,1,3.4,ok
TIC 397271646,174.7112,-45.363,8.72,0,,,,,2,3.7,ok
TIC 290714928,84.1881,-52.7873,8.72,0,,,,,14,13.6,ok
TIC 73033700,189.624,-42.8367,8.72,0,,,,,5,16.1,ok
TIC 294205649,107.9591,-58.8506,8.72,0,,,,,31,16.4,ok
TIC 231724838,81.1122,-52.8856,8.72,0,,,,,17,12.8,ok
TIC 310021616,127.0674,-63.6321,8.72,0,,,,,5,6.6,ok
TIC 41227922,91.5849,-69.2584,8.72,0,,,,,26,11.3,ok
TIC 372913256,119.4077,-60.9088,8.72,0,,,,,4,7.6,ok
TIC 453617516,156.1171,-75.9711,8.72,0,,,,,5,7.9,ok
TIC 376037215,152.7437,-63.9079,8.72,0,,,,,5,6.4,ok
TIC 253454725,196.9315,-54.4175,8.72,0,,,,,2,6.7,ok
TIC 38939273,69.8118,-61.3477,8.72,0,,,,,4,6.7,ok
TIC 61701267,176.8402,-44.0046,8.72,0,,,,,6,11.2,ok
TIC 382301971,83.3566,-59.565,8.72,0,,,,,31,10.7,ok
TIC 275382856,179.8829,-29.2101,8.72,0,,,,,2,5.4,ok
TIC 423605038,201.7558,-20.3581,8.72,0,,,,,1,4.1,ok
TIC 286912071,190.5407,-21.9678,8.72,0,,,,,1,6.1,ok
TIC 300744369,116.5027,-69.4979,8.72,0,,,,,44,13.2,ok
TIC 55558734,73.2016,-63.2021,8.72,0,,,,,33,13.8,ok
TIC 370953205,145.7195,-70.3826,8.72,0,,,,,3,5.2,ok
TIC 177252842,101.793,-72.1115,8.72,0,,,,,42,12.5,ok
TIC 181150842,173.9868,-37.0213,8.72,0,,,,,7,8.8,ok
TIC 340006157,112.7373,-57.991,8.72,0,,,,,23,14.6,ok
TIC 344750917,157.0487,-66.7724,8.72,0,,,,,1,4.9,ok
TIC 358460464,118.9576,-64.7097,8.72,0,,,,,29,13.5,ok
TIC 93848123,176.1719,-50.754,8.72,0,,,,,2,5.0,ok
TIC 72180084,186.5818,-47.649,8.73,0,,,,,5,7.5,ok
TIC 72567514,187.8204,-43.3856,8.73,0,,,,,2,4.5,ok
TIC 297028155,187.2251,-17.2484,8.73,0,,,,,2,4.1,ok
TIC 454021564,175.7156,-37.602,8.73,0,,,,,3,5.0,ok
TIC 162308598,169.1961,-46.7995,8.73,0,,,,,6,7.3,ok
TIC 350824219,89.561,-57.1668,8.73,0,,,,,42,17.5,ok
TIC 382033285,79.0088,-58.5079,8.73,0,,,,,40,18.2,ok
TIC 340217286,114.0432,-57.6912,8.73,0,,,,,10,15.0,ok
TIC 324117334,148.406,-78.6845,8.73,0,,,,,3,5.5,ok
TIC 26022019,195.3675,-16.8622,8.73,0,,,,,5,7.9,ok
TIC 125403367,209.5162,-18.709,8.73,0,,,,,1,4.0,ok
TIC 459737327,163.3618,-56.111,8.73,0,,,,,5,5.8,ok
TIC 294668993,70.6983,-67.4072,8.73,0,,,,,30,13.1,ok
TIC 131215140,191.0674,-32.4054,8.73,0,,,,,2,3.9,ok
TIC 142262413,180.6141,-30.3616,8.73,0,,,,,4,5.3,ok
TIC 272167060,187.4293,-58.2401,8.73,1,8.4128,15.0,rejete,variabilite_continue,7,15.9,ok
TIC 460724949,158.7062,-60.1872,8.73,0,,,,,7,10.4,ok
TIC 306154410,166.5318,-55.2147,8.73,0,,,,,3,5.3,ok
TIC 41532261,93.7111,-70.5988,8.73,0,,,,,38,11.3,ok
TIC 375174563,133.1934,-74.7827,8.73,0,,,,,9,13.3,ok
TIC 162398089,190.7413,-49.0177,8.73,0,,,,,1,5.2,ok
TIC 260043723,91.6088,-58.9537,8.73,1,3.1395,122.3,rejete,variabilite_continue;eclipse_secondaire,34,20.5,ok
TIC 150357424,96.0607,-63.7875,8.73,0,,,,,30,13.4,ok
TIC 306774815,121.494,-66.0841,8.73,0,,,,,26,13.3,ok
TIC 248225179,194.9655,-42.5619,8.73,0,,,,,3,4.9,ok
TIC 303008058,136.55,-67.4195,8.73,0,,,,,1,4.3,ok
TIC 149914338,88.2003,-65.1877,8.73,0,,,,,27,14.7,ok
TIC 464026514,155.3128,-55.6826,8.73,0,,,,,2,8.4,ok
TIC 272128326,116.4173,-72.3239,8.73,0,,,,,12,16.9,ok
TIC 288025858,135.7271,-73.6703,8.73,0,,,,,8,10.8,ok
TIC 140661368,72.7046,-72.424,8.74,0,,,,,42,13.0,ok
TIC 22723228,185.5812,-45.1637,8.74,0,,,,,5,7.4,ok
TIC 30872191,200.468,-37.1177,8.74,0,,,,,4,6.8,ok
TIC 462127509,150.3636,-58.0983,8.74,0,,,,,3,5.1,ok
TIC 82015313,168.425,-53.785,8.74,0,,,,,7,14.5,ok
TIC 147466817,163.2825,-44.8204,8.74,1,9.0248,11.1,rejete,variabilite_continue;eclipse_secondaire,4,10.0,ok
TIC 287962742,129.2977,-73.4133,8.74,0,,,,,9,11.5,ok
TIC 461206006,181.6498,-41.7934,8.74,0,,,,,6,8.5,ok
TIC 345928513,193.1032,-17.6209,8.74,0,,,,,1,3.9,ok
TIC 358467049,119.1927,-60.8161,8.74,0,,,,,22,16.6,ok
TIC 22324882,184.1067,-41.9343,8.74,0,,,,,2,3.8,ok
TIC 58736317,203.2751,-28.2427,8.74,0,,,,,1,4.5,ok
TIC 140946237,77.2287,-76.463,8.74,0,,,,,43,12.3,ok
TIC 149631035,87.7248,-61.4244,8.74,0,,,,,30,12.7,ok
TIC 1630050,188.2392,-14.2453,8.74,0,,,,,3,7.7,ok
TIC 253380837,196.3872,-56.8517,8.74,0,,,,,7,10.7,ok
TIC 21711509,180.5996,-43.3984,8.74,0,,,,,2,9.5,ok
TIC 280945948,173.9731,-69.3936,8.74,0,,,,,6,8.7,ok
TIC 170666204,194.7526,-50.5641,8.74,0,,,,,3,6.5,ok
TIC 464359649,156.0382,-55.5541,8.74,0,,,,,7,10.3,ok
TIC 31853868,52.5786,-67.5402,8.74,0,,,,,12,15.0,ok
TIC 339413770,210.5731,-23.8084,8.74,0,,,,,4,5.8,ok
TIC 382028854,78.5723,-57.659,8.74,0,,,,,42,17.1,ok
TIC 150272064,94.6421,-63.1351,8.74,0,,,,,38,16.3,ok
TIC 229888926,198.874,-25.8065,8.74,0,,,,,1,3.3,ok
TIC 49212105,204.3948,-27.0585,8.74,0,,,,,1,3.0,ok
TIC 375121320,151.3933,-60.1645,8.74,0,,,,,5,8.3,ok
TIC 324122526,176.8406,-61.9336,8.74,0,,,,,3,5.3,ok
TIC 220103092,209.3268,-21.6498,8.75,0,,,,,2,4.6,ok
TIC 441832973,207.4055,-27.6282,8.75,0,,,,,2,4.7,ok
TIC 260269838,94.2924,-55.4559,8.75,0,,,,,30,12.7,ok
TIC 453655634,156.8731,-72.7532,8.75,0,,,,,4,5.6,ok
TIC 30035088,73.1826,-71.5718,8.75,0,,,,,33,11.9,ok
TIC 261681869,185.8605,-56.7762,8.75,0,,,,,3,5.6,ok
TIC 466773964,167.0831,-64.6013,8.75,0,,73.0,rejete,variabilite_continue;eclipse_secondaire,6,31.0,ok
TIC 281643356,170.5821,-61.0735,8.75,0,,,,,6,7.9,ok
TIC 306419817,179.3955,-61.5498,8.75,0,,,,,4,4.4,ok
TIC 389925768,87.6589,-71.8713,8.75,0,,,,,38,11.5,ok
TIC 405539160,202.6632,-35.6443,8.75,0,,,,,4,10.5,ok
TIC 323880907,143.6898,-78.3481,8.75,0,,,,,5,9.1,ok
TIC 220453880,74.0825,-59.0921,8.75,0,,,,,32,15.3,ok
TIC 253404376,196.6139,-56.8792,8.75,0,,,,,4,7.5,ok
TIC 335038079,201.2853,-16.1807,8.75,0,,,,,1,6.1,ok
TIC 229109552,195.7374,-25.7465,8.75,0,,,,,3,6.5,ok
TIC 137136194,151.1514,-52.0514,8.75,0,,36.7,rejete,variabilite_continue;eclipse_secondaire,3,13.6,ok
TIC 391154611,161.4656,-60.1923,8.75,0,,,,,4,7.7,ok
TIC 177164194,104.5512,-69.3804,8.75,0,,,,,34,14.0,ok
TIC 437319804,191.8056,-19.6572,8.75,0,,,,,1,5.2,ok
TIC 142325384,181.2682,-32.5646,8.75,0,,,,,2,4.9,ok
TIC 141907682,177.7417,-34.2858,8.75,0,,,,,2,6.5,ok
TIC 371808574,148.7655,-70.9395,8.75,1,1.1816,10.4,rejete,variabilite_continue;eclipse_secondaire,4,10.4,ok
TIC 440962531,144.8917,-54.3191,8.75,0,,,,,2,7.0,ok
TIC 460984940,159.3412,-63.6559,8.75,1,2.7973,18.5,rejete,variabilite_continue,7,14.5,ok
TIC 398833033,180.4668,-55.6563,8.75,0,,,,,2,6.9,ok
TIC 376612691,153.2605,-61.1791,8.75,0,,18.6,rejete,variabilite_continue;eclipse_secondaire,7,19.4,ok
TIC 450368257,168.6329,-59.0247,8.75,0,,,,,7,9.8,ok
TIC 134755284,182.7271,-36.8457,8.75,0,,,,,1,2.6,ok
TIC 248167597,194.2163,-45.1944,8.75,0,,,,,2,3.2,ok
TIC 271701075,187.1447,-56.3131,8.75,0,,,,,8,10.4,ok
TIC 452417063,138.2082,-73.9976,8.75,0,,,,,5,8.1,ok
TIC 1693561,195.6815,-16.0243,8.76,0,,,,,4,8.0,ok
TIC 308211090,197.9674,-17.1591,8.76,0,,,,,5,9.0,ok
TIC 219145177,89.52,-53.5324,8.76,0,,,,,25,16.0,ok
TIC 364393161,116.476,-64.4047,8.76,0,,,,,35,11.8,ok
TIC 398642120,161.6831,-68.2552,8.76,0,,,,,6,9.3,ok
TIC 32181648,203.6008,-20.4584,8.76,0,,,,,2,10.1,ok
TIC 149252670,82.6032,-60.8081,8.76,0,,,,,31,16.0,ok
TIC 67624131,182.2793,-55.8064,8.76,0,,,,,5,7.1,ok
TIC 61608206,176.5559,-42.4897,8.76,0,,,,,8,9.4,ok
TIC 323133127,127.6255,-78.6579,8.76,0,,,,,2,7.9,ok
TIC 5966674,193.3862,-22.873,8.76,0,,,,,1,3.6,ok
TIC 355535637,131.603,-63.5741,8.76,0,,,,,7,10.6,ok
TIC 422436490,199.2558,-22.0296,8.76,0,,,,,1,4.1,ok
TIC 5870144,187.6726,-20.5105,8.76,0,,,,,2,9.3,ok
TIC 73082220,189.6432,-45.5632,8.76,0,,,,,1,7.0,ok
TIC 440737956,144.5336,-58.7913,8.76,1,12.0936,16.1,rejete,variabilite_continue;eclipse_secondaire;compagnon_trop_gros_4.4Rjup,7,15.7,ok
TIC 78923455,211.5724,-22.5402,8.76,0,,,,,1,5.3,ok
TIC 130731234,186.7776,-30.6663,8.76,0,,,,,2,5.7,ok
TIC 457256308,124.3189,-57.4847,8.76,0,,,,,4,6.1,ok
TIC 293225274,98.514,-60.5877,8.76,0,,,,,40,16.9,ok
TIC 467805446,169.4828,-62.8019,8.77,0,,,,,2,5.0,ok
TIC 305717576,205.8826,-34.2382,8.77,0,,,,,2,6.3,ok
TIC 434512552,189.6159,-20.0558,8.77,0,,,,,4,6.0,ok
TIC 382259748,82.6629,-57.392,8.77,0,,,,,34,15.7,ok
TIC 463433593,153.7517,-57.458,8.77,0,,,,,6,8.6,ok
TIC 300085625,107.6846,-71.7816,8.77,0,,,,,30,12.5,ok
TIC 101649684,198.2076,-18.9641,8.77,0,,,,,4,5.7,ok
TIC 149976535,90.1949,-62.8716,8.77,0,,,,,38,12.7,ok
TIC 219182762,91.8291,-53.8339,8.77,0,,,,,21,12.7,ok
TIC 181856591,189.8582,-14.788,8.77,0,,,,,6,10.1,ok
TIC 20541855,200.6588,-20.1378,8.77,0,,,,,2,3.8,ok
TIC 370551533,143.7663,-71.5926,8.77,0,,,,,2,5.7,ok
TIC 144920534,193.0481,-38.9951,8.77,0,,,,,2,6.8,ok
TIC 181878236,190.6124,-13.525,8.77,0,,,,,3,6.0,ok
TIC 458306325,159.6583,-55.7327,8.77,0,,,,,2,5.6,ok
TIC 31871089,53.3283,-67.4426,8.77,0,,,,,5,6.0,ok
TIC 41338480,92.6518,-67.9612,8.77,0,,,,,29,11.0,ok
TIC 231088021,68.7217,-69.083,8.77,0,,,,,32,12.2,ok
TIC 309711491,125.89,-61.1333,8.77,1,0.9844,13.1,rejete,variabilite_continue;eclipse_secondaire,7,13.5,ok
TIC 271701765,187.0099,-56.4895,8.77,0,,,,,5,7.2,ok
TIC 130722835,186.7247,-32.9801,8.77,0,,,,,4,5.9,ok
TIC 370372939,142.7478,-67.3536,8.77,0,,,,,1,2.7,ok
TIC 22858103,186.0744,-45.0369,8.78,0,,,,,2,4.6,ok
TIC 437330215,207.7295,-21.4052,8.78,0,,,,,1,2.7,ok
TIC 323612875,176.6608,-64.1658,8.78,0,,,,,5,8.5,ok
TIC 398315856,179.6951,-56.2155,8.78,0,,,,,6,8.7,ok
TIC 358511856,119.1586,-65.6138,8.78,0,,,,,30,12.6,ok
TIC 391903064,106.5298,-75.8195,8.78,0,,,,,43,12.1,ok
TIC 101647759,198.0855,-23.3342,8.78,0,,,,,2,5.9,ok
TIC 72749164,209.3585,-28.7704,8.78,0,,,,,2,6.1,ok
TIC 350821790,89.5483,-57.3732,8.78,0,,,,,42,13.7,ok
TIC 150029272,90.7406,-61.1924,8.78,0,,,,,33,12.7,ok
TIC 323832649,141.7933,-79.83,8.78,0,,,,,9,9.9,ok
TIC 309062581,123.1824,-60.9545,8.78,0,,,,,5,7.5,ok
TIC 278081843,107.451,-78.9016,8.78,0,,,,,9,13.3,ok
TIC 278199697,111.1356,-80.185,8.78,0,,,,,10,17.6,ok
TIC 30695310,199.6333,-36.3792,8.78,0,,,,,1,5.5,ok
TIC 134902944,183.9688,-36.7577,8.78,0,,,,,5,6.9,ok
TIC 165768177,204.1156,-39.0697,8.78,0,,,,,4,5.7,ok
TIC 364398190,119.628,-60.729,8.78,0,,,,,22,13.0,ok
TIC 342598378,124.7511,-57.1539,8.78,0,,,,,4,5.4,ok
TIC 165458620,180.1795,-39.0461,8.78,0,,,,,1,4.7,ok
TIC 289946543,192.0271,-17.1622,8.78,0,,,,,2,4.1,ok
TIC 92458808,172.9906,-52.4569,8.78,0,,,,,1,2.8,ok
TIC 130732569,186.9148,-32.3304,8.78,0,,,,,2,5.6,ok
TIC 334308810,183.2343,-50.6709,8.78,0,,,,,1,3.6,ok
TIC 392197367,174.6427,-66.9845,8.78,0,,,,,2,5.9,ok
TIC 102192161,195.6804,-41.233,8.78,0,,,,,4,6.7,ok
TIC 303354265,137.7688,-69.7171,8.78,0,,,,,3,4.7,ok
TIC 144726744,191.9358,-38.0657,8.78,0,,,,,3,4.5,ok
TIC 334404532,183.2626,-53.5858,8.78,0,,,,,1,3.2,ok
TIC 461271719,203.1667,-38.846,8.78,0,,,,,3,5.3,ok
TIC 357297058,136.9979,-64.0339,8.78,0,,,,,6,8.6,ok
TIC 167549709,100.8545,-63.5616,8.79,0,,,,,27,12.6,ok
TIC 397189667,131.4835,-71.9431,8.79,0,,,,,7,12.7,ok
TIC 382100799,80.2387,-54.3904,8.79,0,,,,,20,12.4,ok
TIC 438612498,201.7403,-43.0798,8.79,0,,,,,5,8.1,ok
TIC 141411713,83.9319,-74.2503,8.79,0,,,,,30,13.9,ok
TIC 300654773,114.3512,-70.5774,8.79,0,,,,,33,12.8,ok
TIC 295029808,170.138,-69.6451,8.79,0,,,,,6,7.7,ok
TIC 167723383,103.4587,-60.0564,8.79,0,,,,,23,13.3,ok
TIC 150271169,94.6878,-64.7893,8.79,0,,,,,26,13.7,ok
TIC 454005653,192.5635,-31.2243,8.79,0,,,,,1,5.3,ok
TIC 308452846,120.6491,-65.5904,8.79,0,,,,,9,13.4,ok
TIC 349369985,110.0396,-64.0012,8.79,0,,,,,42,13.0,ok
TIC 388107335,62.5831,-71.3446,8.79,0,,,,,31,12.9,ok
TIC 30183203,197.418,-37.5801,8.79,0,,,,,1,3.6,ok
TIC 22243650,183.773,-42.2572,8.79,0,,,,,2,8.7,ok
TIC 469028941,148.0597,-54.5965,8.79,0,,,,,2,5.6,ok
TIC 49255900,204.5854,-25.8421,8.79,0,,,,,1,5.9,ok
TIC 447062900,156.7129,-53.6735,8.79,1,2.6638,13.0,rejete,variabilite_continue;eclipse_secondaire,2,7.2,ok
TIC 150439989,97.623,-61.9415,8.79,0,,,,,32,18.7,ok
TIC 277099881,83.745,-67.4748,8.79,0,,,,,35,10.7,ok
TIC 278861774,100.6483,-56.4446,8.79,0,,,,,33,12.4,ok
TIC 302956357,135.9967,-69.2328,8.79,0,,,,,3,5.4,ok
TIC 437335544,208.0598,-19.0568,8.79,0,,,,,2,3.5,ok
TIC 323521562,134.919,-78.4038,8.79,0,,,,,6,7.1,ok
TIC 181108897,173.7752,-36.3847,8.79,0,,,,,1,2.1,ok
TIC 55527661,72.4913,-65.6195,8.79,0,,,,,41,10.2,ok
TIC 15444490,185.3183,-53.2959,8.79,0,,,,,7,9.2,ok
TIC 458854972,161.156,-59.5487,8.79,1,10.0603,10.1,rejete,variabilite_continue,5,11.0,ok
TIC 460338822,157.1818,-64.5941,8.8,0,,,,,7,11.9,ok
TIC 101632045,196.9725,-19.8481,8.8,0,,,,,2,5.2,ok
TIC 149126810,81.1045,-62.3695,8.8,0,,,,,31,12.3,ok
TIC 391901997,115.8935,-71.6115,8.8,0,,,,,32,12.5,ok
TIC 333824155,182.2919,-50.8183,8.8,0,,,,,2,4.9,ok
TIC 363258401,147.4359,-63.7462,8.8,0,,,,,2,4.6,ok
TIC 260005509,91.4128,-55.1092,8.8,0,,,,,40,10.5,ok
TIC 272429196,120.2928,-72.175,8.8,0,,160.6,rejete,variabilite_continue;eclipse_secondaire,28,20.2,ok
TIC 375032207,99.2288,-62.3507,8.8,0,,,,,28,14.6,ok
TIC 161738691,190.1811,-48.0476,8.8,0,,,,,4,8.1,ok
TIC 134766057,183.2151,-37.3903,8.8,0,,,,,2,6.1,ok
TIC 228761127,194.1258,-24.9268,8.8,0,,,,,2,6.7,ok
TIC 300812779,117.1079,-70.9514,8.8,0,,,,,12,11.8,ok
TIC 288025584,135.9768,-73.3942,8.8,0,,,,,9,12.9,ok
TIC 245301597,199.4355,-52.1956,8.8,0,,,,,1,2.9,ok
TIC 277022967,83.8193,-69.6773,8.8,0,,,,,38,12.4,ok
TIC 72991379,189.3646,-46.9545,8.8,0,,,,,2,3.0,ok
TIC 310247999,152.3237,-52.1813,8.8,0,,,,,3,5.0,ok
TIC 142145534,99.8066,-75.5088,8.8,0,,,,,31,18.8,ok
TIC 309064718,123.5743,-60.2781,8.8,0,,,,,12,15.1,ok
TIC 134963187,184.3828,-39.1154,8.8,0,,,,,3,5.5,ok
TIC 350623126,87.6609,-54.7355,8.8,0,,,,,37,17.3,ok
TIC 150065109,91.6089,-63.0608,8.81,0,,,,,29,13.0,ok
TIC 323490403,176.4089,-65.6298,8.81,0,,,,,8,12.7,ok
TIC 318832127,173.496,-60.2178,8.81,0,,,,,3,5.4,ok
TIC 22323830,183.9822,-42.5202,8.81,0,,,,,3,4.8,ok
TIC 294053971,107.2689,-59.0885,8.81,0,,,,,33,13.0,ok
TIC 279053888,102.379,-59.8587,8.81,0,,,,,31,11.4,ok
TIC 357028654,136.1046,-65.0602,8.81,0,,,,,6,12.0,ok
TIC 350840417,89.9375,-54.6176,8.81,0,,,,,32,13.2,ok
TIC 101826793,206.2195,-28.9255,8.81,0,,,,,2,4.1,ok
TIC 287410832,82.5169,-69.7843,8.81,0,,,,,31,12.0,ok
TIC 340634826,116.5894,-57.2569,8.81,0,,,,,5,8.4,ok
TIC 350581003,86.9265,-55.3971,8.81,0,,,,,31,10.6,ok
TIC 101869669,206.3259,-29.0169,8.81,0,,,,,1,3.3,ok
TIC 453793862,159.9022,-76.4062,8.81,0,,,,,3,5.1,ok
TIC 144323513,189.6389,-39.556,8.81,0,,,,,2,4.7,ok
TIC 388202986,100.499,-79.6082,8.81,0,,,,,24,13.1,ok
TIC 425081475,82.9679,-68.5441,8.81,0,,,,,38,12.7,ok
TIC 163042602,191.1879,-49.9624,8.81,0,,,,,4,5.3,ok
TIC 228972002,195.0819,-27.1278,8.81,0,,,,,4,8.8,ok
TIC 309789424,80.0365,-64.6928,8.81,0,,,,,6,7.6,ok
TIC 297042187,178.6524,-68.326,8.81,0,,,,,2,7.3,ok
TIC 441838618,207.6385,-26.066,8.81,0,,,,,1,3.1,ok
TIC 304175684,141.3317,-70.4129,8.82,0,,,,,3,4.7,ok
TIC 349153627,108.3659,-60.7628,8.82,0,,,,,31,11.6,ok
TIC 294209068,108.1814,-56.664,8.82,0,,,,,22,11.1,ok
TIC 363850734,200.4781,-44.1902,8.82,0,,,,,2,3.8,ok
TIC 340005947,112.6839,-57.7378,8.82,0,,,,,21,11.9,ok
TIC 102193494,195.7361,-39.7359,8.82,0,,,,,4,5.9,ok
TIC 320405877,174.6607,-60.4051,8.82,0,,,,,3,4.7,ok
TIC 381925869,76.2001,-54.6351,8.82,0,,,,,22,10.1,ok
TIC 466527712,166.2502,-61.3936,8.82,0,,,,,7,8.0,ok
TIC 389303003,183.8527,-35.0134,8.82,0,,,,,3,8.1,ok
TIC 349408403,110.4693,-63.8996,8.82,0,,,,,22,12.2,ok
TIC 466368276,165.6874,-63.4946,8.82,0,,,,,7,8.2,ok
TIC 287672433,198.5465,-45.4457,8.82,0,,,,,5,6.7,ok
TIC 453402321,150.9834,-76.0681,8.82,0,,,,,5,6.6,ok
TIC 259648079,153.3109,-52.5149,8.82,0,,,,,6,9.7,ok
TIC 450276745,168.799,-59.4162,8.82,0,,,,,7,8.8,ok
TIC 453679121,156.9924,-76.2324,8.82,0,,,,,6,10.2,ok
TIC 423569057,185.8256,-19.0893,8.82,0,,,,,5,7.4,ok
TIC 244934727,196.9818,-53.4145,8.82,0,,,,,2,4.7,ok
TIC 347809861,198.8361,-17.4715,8.82,0,,,,,3,5.7,ok
TIC 220425726,72.5447,-57.7319,8.82,0,,,,,28,12.8,ok
TIC 61412532,175.78,-45.7318,8.82,0,,,,,4,6.9,ok
TIC 466710886,166.7786,-61.5954,8.82,0,,,,,3,5.0,ok
TIC 451123979,170.65,-58.9538,8.82,0,,,,,5,7.9,ok
TIC 40797555,78.3783,-69.5399,8.82,0,,,,,11,12.1,ok
TIC 428715084,196.5661,-18.5342,8.82,0,,,,,1,5.3,ok
TIC 260131310,92.6436,-54.1764,8.82,0,,,,,5,8.5,ok
TIC 441824190,207.0632,-25.0667,8.82,0,,,,,3,4.5,ok
TIC 72855937,210.1009,-25.5531,8.82,0,,,,,3,6.5,ok
TIC 149177271,81.7565,-62.4898,8.82,0,,,,,41,12.5,ok
TIC 453457371,151.886,-74.8301,8.83,0,,,,,5,7.0,ok
TIC 203357302,198.464,-22.5529,8.83,0,,,,,3,5.1,ok
TIC 167203674,97.0789,-70.2585,8.83,0,,,,,20,11.3,ok
TIC 315830698,171.3072,-61.2769,8.83,0,,,,,5,14.2,ok
TIC 350622144,87.6816,-56.9051,8.83,0,,,,,32,13.0,ok
TIC 359683868,195.6086,-44.2835,8.83,0,,,,,2,4.3,ok
TIC 165721050,203.7961,-36.2637,8.83,0,,,,,2,5.7,ok
TIC 448696074,182.209,-30.9368,8.83,0,,,,,5,7.3,ok
TIC 349055915,107.3854,-61.5442,8.83,0,,,,,31,10.2,ok
TIC 229888889,198.9178,-26.3195,8.83,0,,,,,2,3.9,ok
TIC 454669112,173.8351,-72.5802,8.83,0,,,,,4,6.1,ok
TIC 257719099,77.8213,-56.0561,8.83,0,,,,,31,11.5,ok
TIC 255844117,186.0361,-51.4274,8.83,0,,,,,1,7.1,ok
TIC 332724808,180.5139,-51.8211,8.83,0,,,,,1,4.8,ok
TIC 288025491,135.7337,-73.2949,8.83,0,,,,,5,8.4,ok
TIC 288024464,135.9644,-72.3853,8.83,0,,,,,7,11.0,ok
TIC 398983436,191.8569,-43.7318,8.84,0,,,,,2,9.6,ok
TIC 381747495,182.6254,-64.1009,8.84,0,,,,,8,11.4,ok
TIC 306021078,178.8983,-65.9306,8.84,1,0.9351,29.9,rejete,variabilite_continue;eclipse_secondaire,2,7.0,ok
TIC 293271918,98.689,-62.0993,8.84,0,,,,,30,10.0,ok
TIC 261859708,193.7538,-56.5084,8.84,0,,,,,4,5.9,ok
TIC 68179248,193.5915,-58.4306,8.84,0,,,,,8,10.9,ok
TIC 261377762,93.3271,-78.2304,8.84,0,,,,,33,12.2,ok
TIC 60644982,189.0229,-25.9913,8.84,0,,,,,1,2.2,ok
TIC 281923176,129.8019,-76.2591,8.84,0,,,,,10,11.6,ok
TIC 101631712,196.8669,-20.8803,8.84,0,,,,,1,7.7,ok
TIC 220401858,69.6845,-58.8144,8.84,0,,,,,38,13.0,ok
TIC 453472712,188.153,-26.4576,8.84,0,,,,,1,2.5,ok
TIC 219411257,79.1618,-52.9647,8.84,0,,,,,11,10.6,ok
TIC 350744293,88.875,-55.9831,8.84,0,,,,,20,11.9,ok
TIC 167794129,104.4597,-64.8536,8.84,0,,,,,32,15.4,ok
TIC 294207756,108.1489,-58.2351,8.84,0,,,,,43,12.0,ok
TIC 260640855,97.8919,-58.6294,8.84,0,,,,,33,14.0,ok
TIC 30196950,207.0422,-32.2383,8.84,0,,,,,2,5.1,ok
TIC 349229985,205.7097,-21.7131,8.84,0,,,,,1,8.6,ok
TIC 356927810,135.5827,-60.1636,8.84,0,,,,,3,7.1,ok
TIC 397189004,131.7173,-72.6211,8.84,0,,,,,7,10.2,ok
TIC 165382405,179.6979,-37.4456,8.84,0,,,,,7,10.3,ok
TIC 80933690,166.3389,-51.2694,8.84,0,,,,,6,7.3,ok
TIC 41259805,92.1221,-71.1199,8.84,0,,,,,34,11.4,ok
TIC 463587935,154.3645,-58.5326,8.84,0,,,,,4,5.1,ok
TIC 6233337,211.4997,-22.5999,8.85,0,,,,,2,8.3,ok
TIC 287637087,125.8571,-72.0091,8.85,0,,,,,19,12.3,ok
TIC 149275235,83.0163,-60.9615,8.85,0,,,,,34,12.1,ok
TIC 350585437,87.1298,-54.976,8.85,0,,,,,30,11.3,ok
TIC 458230632,159.3275,-58.6283,8.85,0,,,,,6,9.9,ok
TIC 245124842,198.1378,-51.4834,8.85,0,,,,,7,8.8,ok
TIC 150030411,90.9472,-61.1517,8.85,0,,,,,34,13.4,ok
TIC 149933273,89.9221,-65.4162,8.85,0,,,,,8,10.3,ok
TIC 358335946,77.3557,-56.0497,8.85,0,,,,,29,12.7,ok
TIC 307998103,167.2714,-56.434,8.85,0,,,,,3,5.6,ok
TIC 38515566,62.7659,-63.1605,8.85,0,,108.6,rejete,variabilite_continue;eclipse_secondaire;compagnon_trop_gros_2.7Rjup,20,17.7,ok
TIC 102312840,196.3168,-39.7954,8.85,0,,,,,2,7.6,ok
TIC 31740373,48.4219,-66.4107,8.85,0,,,,,6,8.5,ok
TIC 101647054,198.0679,-21.3097,8.85,0,,,,,3,6.0,ok
TIC 308185925,130.4918,-70.7451,8.85,0,,,,,7,8.8,ok
TIC 32072326,58.1708,-69.4257,8.85,0,,,,,12,11.9,ok
TIC 161156999,190.109,-50.11,8.85,0,,,,,1,2.8,ok
TIC 102170538,195.2879,-39.5149,8.85,0,,,,,2,4.6,ok
TIC 350334038,83.9999,-56.718,8.85,0,,,,,33,10.4,ok
TIC 244905251,196.7106,-48.7841,8.85,0,,,,,7,10.4,ok
TIC 392333707,174.7364,-69.8415,8.85,0,,,,,5,9.4,ok
TIC 334496829,183.3957,-49.8992,8.85,0,,,,,4,6.5,ok
TIC 22715193,185.3119,-45.3869,8.85,0,,,,,1,4.0,ok
TIC 271295071,186.6325,-58.4079,8.85,0,,,,,3,5.2,ok
TIC 437339387,208.2919,-20.7559,8.85,0,,,,,2,6.3,ok
TIC 390554454,190.0689,-29.9174,8.85,0,,,,,2,9.4,ok
TIC 21868310,181.7919,-47.0482,8.85,0,,,,,1,2.8,ok
TIC 131003732,189.0949,-33.6801,8.85,0,,,,,2,6.4,ok
TIC 313526034,183.6095,-66.0228,8.85,0,,,,,2,4.4,ok
TIC 300602132,113.4813,-71.6196,8.85,0,,,,,41,12.4,ok
TIC 428717116,196.6302,-23.5481,8.85,0,,,,,1,3.1,ok
TIC 22211065,183.3754,-45.1745,8.85,0,,,,,5,10.3,ok
TIC 273220426,185.6548,-48.6497,8.85,0,,,,,5,8.8,ok
TIC 135506012,187.7722,-36.7833,8.85,0,,,,,3,6.9,ok
TIC 374942490,89.3435,-65.2886,8.86,0,,,,,23,13.5,ok
TIC 101649529,198.1769,-19.4454,8.86,0,,,,,1,3.1,ok
TIC 20548601,201.1268,-23.5834,8.86,0,,,,,1,4.8,ok
TIC 134716866,182.5472,-38.0086,8.86,0,,,,,2,3.8,ok
TIC 219144928,88.5463,-53.7059,8.86,0,,,,,23,12.3,ok
TIC 459472113,162.6508,-57.8502,8.86,0,,,,,2,8.1,ok
TIC 181863070,190.3583,-15.4554,8.86,0,,,,,1,7.4,ok
TIC 162364492,169.4367,-42.0773,8.86,0,,,,,3,10.7,ok
TIC 30755602,200.0656,-39.508,8.86,1,1.8343,12.4,rejete,variabilite_continue;eclipse_secondaire,4,11.5,ok
TIC 464295672,155.9351,-57.6421,8.86,0,,,,,8,10.6,ok
TIC 38586863,64.2051,-63.3349,8.86,0,,,,,41,12.6,ok
TIC 302007902,131.9777,-67.0546,8.86,0,,,,,11,11.6,ok
TIC 149540013,86.1515,-62.0674,8.86,0,,,,,36,12.6,ok
TIC 310646411,129.1755,-62.8855,8.86,0,,,,,2,5.2,ok
TIC 389624081,86.6979,-71.6035,8.86,0,,,,,40,12.1,ok
TIC 357120378,136.1749,-61.1552,8.86,0,,,,,2,9.5,ok
TIC 131081589,189.7655,-31.3927,8.86,0,,,,,4,6.1,ok
TIC 273814328,188.9021,-54.5869,8.86,0,,,,,2,6.8,ok
TIC 103863534,195.1071,-34.6063,8.86,0,,,,,3,7.5,ok
TIC 260241479,93.6701,-55.808,8.86,0,,,,,31,14.4,ok
TIC 101687206,200.2496,-27.4372,8.86,0,,,,,1,4.3,ok
TIC 363725004,200.0918,-43.9529,8.86,0,,,,,3,6.2,ok
TIC 440538436,144.4061,-55.3949,8.86,0,,,,,6,8.7,ok
TIC 453618704,155.7295,-75.0261,8.86,0,,,,,3,4.8,ok
TIC 261397043,94.2515,-78.7636,8.86,0,,,,,34,11.6,ok
TIC 466628058,166.3678,-61.8453,8.86,0,,,,,6,7.9,ok
TIC 125482755,210.3162,-20.9744,8.87,0,,,,,3,4.6,ok
TIC 388131109,65.4125,-69.8696,8.87,0,,,,,34,10.0,ok
TIC 375056781,99.737,-60.8405,8.87,0,,,,,33,11.8,ok
TIC 309253079,124.0616,-64.5061,8.87,0,,,,,9,8.5,ok
TIC 308079394,129.7355,-66.2063,8.87,0,,,,,4,6.3,ok
TIC 167654890,102.3272,-62.4826,8.87,0,,,,,28,13.7,ok
TIC 423607409,201.8526,-21.6554,8.87,0,,,,,2,4.6,ok
TIC 60673830,189.2917,-29.6985,8.87,0,,,,,2,3.6,ok
TIC 452590255,142.954,-72.6284,8.87,0,,,,,6,7.1,ok
TIC 72182965,186.4855,-45.4298,8.87,0,,,,,2,4.5,ok
TIC 363773754,200.209,-46.3444,8.87,0,,,,,4,7.8,ok
TIC 177115893,104.0052,-69.0224,8.87,0,,,,,32,13.0,ok
TIC 322235166,175.935,-60.1091,8.87,0,,,,,2,5.1,ok
TIC 372887621,152.4681,-70.5363,8.87,0,,,,,6,9.3,ok
TIC 9438870,192.0994,-28.7487,8.87,0,,,,,2,3.8,ok
TIC 248112842,193.4763,-45.1093,8.87,0,,,,,3,4.5,ok
TIC 73400144,190.6947,-46.2442,8.87,0,,,,,3,7.7,ok
TIC 464254336,155.7387,-59.6788,8.87,0,,,,,2,3.8,ok
TIC 399853374,164.9201,-69.2843,8.87,0,,,,,4,10.4,ok
TIC 167813647,104.7996,-60.0418,8.87,0,,,,,11,12.6,ok
TIC 46270192,132.156,-59.5632,8.87,0,,,,,2,4.4,ok
TIC 398985585,192.7564,-20.0723,8.87,0,,,,,2,4.8,ok
TIC 278078825,106.5976,-78.544,8.87,0,,,,,21,12.2,ok
TIC 304050480,164.8357,-58.1244,8.87,0,,,,,3,5.4,ok
TIC 219171290,90.9848,-53.7686,8.87,0,,,,,19,11.1,ok
TIC 397337938,157.9189,-71.5366,8.87,0,,,,,5,7.8,ok
TIC 149155198,81.3682,-60.6286,8.88,0,,,,,37,11.0,ok
TIC 149218100,82.0908,-60.8664,8.88,0,,,,,31,15.3,ok
TIC 177023707,102.4069,-69.9859,8.88,0,,,,,29,12.9,ok
TIC 30802397,200.0995,-40.9596,8.88,0,,,,,4,7.5,ok
TIC 260076575,92.0213,-59.0479,8.88,0,,,,,33,10.9,ok
TIC 349133029,205.0768,-18.9494,8.88,0,,,,,2,4.5,ok
TIC 411883268,189.7269,-54.9893,8.88,0,,,,,5,8.7,ok
TIC 258587377,196.7258,-42.787,8.88,0,,,,,4,7.2,ok
TIC 31602748,89.9081,-67.8437,8.88,0,,,,,28,13.3,ok
TIC 33880674,66.5163,-74.7033,8.88,0,,,,,29,11.3,ok
TIC 287750989,198.8102,-42.7405,8.88,0,,,,,2,5.0,ok
TIC 131218848,191.3211,-33.0835,8.88,0,,,,,4,5.6,ok
TIC 72818359,188.721,-47.2891,8.88,0,,,,,5,8.1,ok
TIC 131331452,202.8372,-31.329,8.88,0,,,,,1,2.7,ok
TIC 31414018,88.8918,-69.434,8.88,0,,,,,34,11.4,ok
TIC 281977548,129.8488,-77.0551,8.88,0,,,,,8,10.0,ok
TIC 278329734,114.5039,-79.8049,8.88,0,,14.6,rejete,variabilite_continue;eclipse_secondaire,6,12.7,ok
TIC 371244374,146.8371,-67.6015,8.88,0,,,,,3,5.5,ok
TIC 130983665,188.7343,-32.5141,8.88,0,,,,,4,5.4,ok
TIC 178709827,166.1131,-47.5776,8.88,0,,,,,3,4.9,ok
TIC 58464416,201.5591,-25.3394,8.88,0,,,,,3,5.4,ok
TIC 350860764,90.271,-59.4704,8.88,0,,,,,41,12.7,ok
TIC 204698427,185.5171,-24.6985,8.88,0,,,,,3,5.2,ok
TIC 237924298,57.6365,-64.0676,8.88,0,,,,,20,15.3,ok
TIC 220454583,74.1695,-56.915,8.88,0,,,,,28,11.0,ok
TIC 142326721,181.3971,-30.015,8.88,0,,,,,3,6.5,ok
TIC 461233136,202.7857,-41.8535,8.89,0,,,,,1,4.0,ok
TIC 204673811,185.1513,-27.8145,8.89,0,,,,,3,7.0,ok
TIC 141281526,83.315,-75.182,8.89,0,,,,,39,11.7,ok
TIC 150166759,93.4584,-61.5385,8.89,0,,,,,32,14.5,ok
TIC 82382277,169.2461,-51.1024,8.89,0,,,,,1,3.6,ok
TIC 242084835,201.5415,-37.2299,8.89,0,,,,,1,3.0,ok
TIC 287833921,127.5342,-77.9532,8.89,0,,,,,4,5.4,ok
TIC 141936889,177.8333,-33.2944,8.89,0,,,,,4,6.5,ok
TIC 49414675,205.7573,-24.2274,8.89,0,,,,,1,2.0,ok
TIC 170494200,184.7562,-31.4984,8.89,0,,,,,2,3.5,ok
TIC 203361098,204.5537,-23.0391,8.89,0,,,,,1,4.7,ok
TIC 412804754,194.1338,-59.4942,8.89,0,,,,,1,8.8,ok
TIC 271889401,112.5872,-75.8983,8.89,0,,,,,31,14.6,ok
TIC 38907328,69.3906,-64.1221,8.89,0,,,,,43,20.7,ok
TIC 135246203,186.1356,-41.3246,8.89,0,,,,,1,7.2,ok
TIC 58820336,203.7668,-28.3324,8.89,0,,,,,2,9.4,ok
TIC 162147223,168.5745,-42.0704,8.89,0,,,,,3,8.3,ok
TIC 454429534,169.1195,-72.2413,8.89,0,,,,,4,12.2,ok
TIC 454668560,173.9194,-72.7971,8.89,0,,,,,2,4.3,ok
TIC 458076693,159.0066,-58.2526,8.89,0,,98.9,rejete,variabilite_continue;eclipse_secondaire;compagnon_trop_gros_15.0Rjup,6,12.4,ok
TIC 33878145,66.1609,-74.5092,8.89,0,,,,,33,13.6,ok
TIC 257720478,78.283,-59.6426,8.89,0,,,,,28,14.4,ok
TIC 307490251,126.1585,-70.1597,8.89,0,,,,,18,15.3,ok
TIC 355943662,132.7328,-60.4299,8.89,0,,,,,3,7.0,ok
TIC 131139233,190.8023,-30.2465,8.89,0,,,,,3,5.8,ok
TIC 29991309,73.1594,-67.1492,8.89,0,,,,,17,12.6,ok
TIC 345181707,177.5081,-40.9758,8.89,0,,,,,1,4.6,ok
TIC 152482911,171.8501,-41.608,8.89,0,,,,,2,8.4,ok
TIC 244977642,197.3026,-53.2141,8.89,0,,,,,4,13.8,ok
TIC 454052210,176.0356,-36.7744,8.89,0,,,,,3,10.8,ok
TIC 150105372,92.1333,-62.9803,8.89,0,,,,,30,15.3,ok
TIC 408511121,194.5367,-18.1497,8.89,0,,,,,1,5.3,ok
TIC 397150933,131.124,-76.8064,8.89,0,,16.1,rejete,variabilite_continue;eclipse_secondaire,7,13.7,ok
TIC 460703129,191.4748,-60.5515,8.89,0,,,,,4,5.2,ok
TIC 144077740,188.1064,-37.2774,8.89,0,,,,,2,5.2,ok
TIC 9437064,191.9758,-27.0628,8.9,0,,,,,3,7.0,ok
TIC 257720864,78.3412,-58.5576,8.9,0,,,,,29,12.3,ok
TIC 141187126,81.8761,-77.3821,8.9,0,,,,,31,12.8,ok
TIC 271725395,110.7513,-74.1139,8.9,0,,,,,33,12.3,ok
TIC 167206607,97.2918,-69.624,8.9,0,,,,,41,14.0,ok
TIC 30070304,196.6558,-37.9394,8.9,0,,,,,1,5.1,ok
TIC 339669211,110.2143,-58.4391,8.9,0,,,,,12,13.7,ok
TIC 464364296,156.107,-56.2629,8.9,0,,,,,4,6.3,ok
TIC 124335632,197.9533,-31.3353,8.9,0,,,,,1,8.7,ok
TIC 245430125,200.2148,-48.7222,8.9,0,,,,,7,10.0,ok
TIC 159881887,189.349,-50.8415,8.9,0,,,,,7,15.8,ok
TIC 372306091,150.5524,-67.9558,8.9,0,,,,,3,8.6,ok
TIC 220424363,72.3086,-57.264,8.9,0,,,,,5,8.1,ok
TIC 454754679,176.0098,-72.8769,8.9,0,,,,,4,8.8,ok
TIC 125403389,209.5585,-18.6168,8.9,0,,,,,1,4.5,ok
TIC 220032692,208.9689,-20.2503,8.9,0,,,,,1,4.0,ok
TIC 458561879,160.5317,-59.9068,8.9,0,,,,,6,8.8,ok
TIC 273279154,188.5331,-56.6248,8.9,0,,,,,6,8.8,ok
TIC 449803358,163.016,-75.6209,8.9,0,,,,,5,7.9,ok
TIC 150185722,93.5225,-65.7491,8.9,0,,,,,22,13.1,ok
TIC 295287432,170.8182,-69.2144,8.9,0,,,,,2,8.8,ok
TIC 165726911,203.9337,-40.2526,8.9,0,,,,,4,8.9,ok
TIC 166082671,205.7529,-38.3357,8.9,0,,,,,1,7.4,ok
TIC 103859217,194.7973,-30.2769,8.9,0,,,,,1,6.3,ok
TIC 313172486,183.334,-68.8131,8.9,0,,,,,2,6.4,ok
TIC 177241155,101.1944,-75.9258,8.9,0,,,,,32,12.0,ok
TIC 467773370,169.3767,-64.043,8.9,0,,,,,2,5.4,ok
TIC 25962259,194.7979,-14.1306,8.9,0,,,,,4,5.7,ok
TIC 131238969,191.5549,-33.822,8.9,0,,,,,4,7.3,ok
TIC 280946493,173.8956,-69.23,8.9,0,,,,,3,7.4,ok
TIC 67533256,182.2258,-55.7282,8.9,0,,,,,1,6.3,ok
TIC 378519723,155.4728,-64.5965,8.9,0,,,,,4,6.9,ok
TIC 401400729,192.2821,-32.7641,8.91,0,,,,,4,11.0,ok
TIC 398791659,162.3562,-69.3168,8.91,0,,,,,3,6.4,ok
TIC 262877017,53.037,-65.7004,8.91,0,,,,,4,10.3,ok
TIC 93414721,175.2898,-53.2053,8.91,0,,,,,1,3.4,ok
TIC 287273244,109.4748,-58.9962,8.91,0,,,,,21,14.1,ok
TIC 384257658,136.0916,-59.1569,8.91,0,,,,,8,11.3,ok
TIC 32071556,58.1546,-66.8237,8.91,0,,,,,26,14.4,ok
TIC 260192346,93.3793,-56.0744,8.91,0,,,,,40,14.1,ok
TIC 38710712,66.7831,-61.7119,8.91,0,,,,,33,10.8,ok
TIC 360121399,141.6618,-60.6764,8.91,0,,,,,4,5.9,ok
TIC 294318999,204.109,-16.703,8.91,0,,,,,1,2.4,ok
TIC 167163613,96.2621,-70.9975,8.91,0,,,,,32,12.6,ok
TIC 300705632,114.7639,-66.7219,8.91,0,,,,,35,12.8,ok
TIC 141823881,92.9955,-74.5145,8.91,0,,,,,42,12.8,ok
TIC 178358692,164.4721,-45.314,8.91,0,,,,,2,4.0,ok
TIC 459441015,162.6331,-55.9831,8.91,0,,,,,2,4.1,ok
TIC 31797806,50.9558,-66.9141,8.91,0,,,,,11,12.7,ok
TIC 386024312,139.0736,-59.2341,8.91,0,,,,,7,9.1,ok
TIC 269541012,148.3979,-64.1922,8.91,0,,,,,4,9.0,ok
TIC 38459103,61.0184,-63.1123,8.92,0,,,,,24,19.0,ok
TIC 294784092,71.2626,-70.6719,8.92,0,,,,,41,15.8,ok
TIC 372913367,119.4413,-60.8263,8.92,0,,,,,11,12.0,ok
TIC 163449252,173.7469,-47.1136,8.92,0,,,,,1,2.6,ok
TIC 461898406,149.7916,-56.3221,8.92,0,,,,,4,6.2,ok
TIC 25153109,63.0169,-70.389,8.92,0,,,,,33,12.2,ok
TIC 301863249,130.9996,-71.7526,8.92,0,,,,,9,12.6,ok
TIC 303590077,160.2087,-51.8048,8.92,0,,,,,2,5.2,ok
TIC 49411937,205.5938,-29.1943,8.92,0,,,,,2,5.8,ok
TIC 32154687,59.5965,-67.5171,8.92,0,,,,,44,12.9,ok
TIC 235044407,82.3796,-52.7952,8.92,0,,,,,12,13.5,ok
TIC 437318949,191.6749,-19.0192,8.92,0,,,,,2,5.0,ok
TIC 272962254,170.5569,-51.2694,8.92,0,,,,,6,11.7,ok
TIC 376566542,180.6136,-54.4408,8.92,0,,,,,1,3.2,ok
TIC 131139036,190.6888,-30.0444,8.92,0,,,,,2,8.5,ok
TIC 458230572,159.3456,-58.623,8.92,0,,,,,6,7.3,ok
TIC 144658045,191.3902,-36.4525,8.92,0,,,,,1,5.3,ok
TIC 342004233,122.4508,-59.21,8.92,0,,,,,11,11.1,ok
TIC 248170469,194.2468,-42.5178,8.92,0,,,,,2,9.0,ok
TIC 398907446,184.0345,-31.1045,8.92,0,,,,,1,4.6,ok
TIC 344176375,154.9415,-71.5546,8.92,0,,,,,2,5.0,ok
TIC 60707995,189.4044,-23.9909,8.92,0,,,,,1,3.3,ok
TIC 343171358,126.4209,-59.2348,8.92,0,,,,,10,11.8,ok
TIC 447736244,157.6278,-48.5468,8.92,0,,,,,1,4.4,ok
TIC 30407429,74.6094,-69.0735,8.92,0,,,,,40,13.2,ok
TIC 162403802,190.7677,-48.7168,8.92,0,,12.2,rejete,variabilite_continue;eclipse_secondaire,4,7.5,ok
TIC 457734884,158.2833,-55.8992,8.92,0,,,,,2,6.3,ok
TIC 303001170,136.3921,-66.6122,8.92,0,,,,,7,9.2,ok
TIC 157175641,175.7,-35.8161,8.92,0,,,,,4,5.1,ok
TIC 397346299,158.0142,-70.0859,8.93,0,,,,,4,5.8,ok
TIC 388129392,63.5677,-67.1105,8.93,0,,,,,30,10.3,ok
TIC 424258367,193.7932,-29.687,8.93,0,,,,,1,2.1,ok
TIC 460140752,156.7385,-60.6652,8.93,1,12.0037,13.2,rejete,variabilite_continue,2,4.9,ok
TIC 404927661,85.4881,-66.0919,8.93,1,9.2685,42.6,rejete,variabilite_continue,31,22.7,ok
TIC 372015484,149.7206,-68.4923,8.93,0,,,,,3,6.6,ok
TIC 167088119,95.885,-69.4534,8.93,0,,,,,32,11.5,ok
TIC 371017141,146.0403,-69.7911,8.93,0,,,,,3,4.9,ok
TIC 383361075,134.5024,-58.3657,8.93,0,,,,,2,3.9,ok
TIC 60710597,189.6235,-29.2956,8.93,0,,,,,1,8.8,ok
TIC 58738380,203.3561,-27.6804,8.93,0,,,,,2,13.3,ok
TIC 134813358,183.2805,-38.0371,8.93,0,,,,,2,13.5,ok
TIC 290156576,119.6688,-58.8935,8.93,0,,,,,2,3.9,ok
TIC 6011346,194.0541,-18.7538,8.93,0,,,,,2,4.9,ok
TIC 141030721,79.4504,-75.1859,8.93,0,,,,,35,11.2,ok
TIC 289987480,192.0338,-15.0907,8.93,0,,,,,5,5.6,ok
TIC 140898436,76.6852,-77.3301,8.93,0,,,,,35,11.3,ok
TIC 391904670,106.4556,-72.6024,8.93,0,,,,,33,9.9,ok
TIC 142174377,180.1024,-34.7746,8.93,0,,,,,1,4.9,ok
TIC 411619838,185.5075,-56.0939,8.93,0,,,,,3,3.8,ok
TIC 294272049,108.4072,-58.1457,8.93,0,,,,,34,14.0,ok
TIC 378726058,155.5271,-60.1869,8.94,0,,,,,6,8.2,ok
TIC 400721330,166.9747,-68.6012,8.94,0,,,,,6,8.3,ok
TIC 9563643,193.3352,-26.6973,8.94,0,,,,,2,5.9,ok
TIC 150030950,90.9858,-62.3311,8.94,0,,,,,31,11.1,ok
TIC 307438092,125.8272,-67.7832,8.94,0,,,,,20,12.7,ok
TIC 49291679,204.9703,-27.1515,8.94,0,,,,,1,1.9,ok
TIC 450774126,169.46,-56.2385,8.94,0,,,,,1,2.5,ok
TIC 371320609,147.0113,-67.051,8.94,0,,,,,6,7.3,ok
TIC 55850719,76.0966,-62.266,8.94,0,,,,,32,14.6,ok
TIC 55269822,76.1499,-63.5958,8.94,0,,,,,33,11.7,ok
TIC 179369970,79.9842,-71.4854,8.94,0,,,,,32,13.4,ok
TIC 453794834,159.8823,-75.6322,8.94,0,,,,,2,2.7,ok
TIC 130925972,188.2252,-33.1764,8.94,0,,,,,1,3.2,ok
TIC 311974133,181.7552,-67.572,8.94,0,,,,,4,4.8,ok
TIC 286960306,206.7457,-20.6669,8.94,0,,,,,1,2.3,ok
TIC 167548586,100.8483,-61.4064,8.94,0,,,,,30,10.0,ok
TIC 22755154,185.5749,-42.2598,8.94,0,,,,,5,6.4,ok
TIC 142376446,181.5723,-34.4723,8.94,0,,,,,1,4.0,ok
TIC 304943076,178.4203,-60.267,8.94,0,,,,,5,6.5,ok
TIC 410445955,118.0414,-65.2912,8.94,0,,,,,20,10.1,ok
TIC 99050970,181.7331,-27.0494,8.94,0,,,,,1,2.5,ok
TIC 29781292,65.2384,-68.1027,8.94,0,,,,,44,14.6,ok
TIC 398985229,192.7502,-18.6551,8.94,0,,,,,4,5.2,ok
TIC 466185139,165.2735,-63.5208,8.94,0,,,,,5,6.5,ok
TIC 309528896,184.778,-63.165,8.94,0,,,,,5,6.2,ok
TIC 297451398,180.094,-68.3535,8.94,0,,,,,3,9.6,ok
TIC 459031333,161.6037,-59.4452,8.94,0,,,,,2,5.1,ok
TIC 25134376,62.4963,-67.328,8.94,0,,,,,42,11.6,ok
TIC 176955379,100.7776,-69.2977,8.94,0,,380.4,rejete,variabilite_continue;eclipse_secondaire,41,17.5,ok
TIC 176958810,101.0598,-67.7025,8.94,0,,,,,29,13.0,ok
TIC 170518930,185.1307,-34.7926,8.94,0,,,,,1,7.1,ok
TIC 165534243,180.5538,-38.0095,8.94,0,,,,,4,6.2,ok
TIC 260652853,186.6657,-48.3958,8.94,0,,,,,5,5.7,ok
TIC 29835586,66.9698,-66.2938,8.95,0,,,,,15,12.7,ok
TIC 245130271,198.1205,-49.2958,8.95,0,,,,,2,3.9,ok
TIC 219960158,208.7747,-19.3257,8.95,0,,,,,1,10.0,ok
TIC 124766926,200.6822,-33.6791,8.95,0,,,,,1,4.5,ok
TIC 31106686,76.4813,-67.8864,8.95,0,,,,,12,11.4,ok
TIC 79023354,212.3022,-19.9111,8.95,0,,,,,2,4.2,ok
TIC 460720215,158.3762,-60.1278,8.95,0,,,,,6,12.4,ok
TIC 162148141,168.4968,-42.988,8.95,0,,,,,3,9.0,ok
TIC 49334271,205.4091,-25.2123,8.95,0,,,,,1,3.8,ok
TIC 308745061,122.0241,-60.5763,8.95,0,,,,,5,8.2,ok
TIC 452696133,145.5537,-72.2545,8.95,0,,,,,2,5.2,ok
TIC 278475187,119.7065,-78.8135,8.95,0,,,,,5,7.1,ok
TIC 350297075,83.7359,-56.0012,8.95,0,,,,,33,11.2,ok
TIC 397427408,187.6652,-27.1914,8.95,0,,,,,2,3.7,ok
TIC 381950094,76.6886,-59.0505,8.95,0,,,,,32,14.5,ok
TIC 272232401,117.3002,-76.703,8.95,0,,,,,27,10.7,ok
TIC 306050780,166.3461,-58.2669,8.95,0,,,,,1,3.9,ok
TIC 55272070,76.5403,-62.044,8.95,0,,,,,41,14.5,ok
TIC 58758506,203.4406,-28.2789,8.95,0,,,,,1,6.2,ok
TIC 405679710,204.5088,-16.7147,8.95,0,,,,,2,4.8,ok
TIC 33880746,66.3978,-74.8703,8.95,0,,,,,36,12.9,ok
TIC 55745413,74.89,-63.0285,8.95,0,,,,,34,13.5,ok
TIC 122258063,133.2855,-56.4049,8.95,0,,16.2,rejete,variabilite_continue;eclipse_secondaire,3,6.5,ok
TIC 229892109,198.9825,-24.1813,8.95,0,,,,,2,4.3,ok
TIC 449622791,161.718,-72.3707,8.95,0,,,,,3,5.6,ok
TIC 390450536,160.7681,-62.975,8.96,0,,,,,2,4.2,ok
TIC 124659847,200.3014,-32.2435,8.96,0,,,,,1,3.5,ok
TIC 83113208,188.3679,-19.6533,8.96,0,,,,,5,5.0,ok
TIC 300895658,177.8391,-54.845,8.96,0,,,,,2,4.5,ok
TIC 453553670,154.3045,-72.8681,8.96,0,,,,,2,3.8,ok
TIC 410492272,176.8359,-70.4162,8.96,0,,73.7,rejete,variabilite_continue;eclipse_secondaire,7,15.8,ok
TIC 451192850,187.7839,-65.6568,8.96,0,,,,,2,4.4,ok
TIC 405552789,201.8495,-31.0399,8.96,0,,,,,1,4.5,ok
TIC 181915646,191.1,-12.6509,8.96,0,,,,,4,6.4,ok
TIC 350431335,85.01,-56.8985,8.96,0,,200.6,rejete,variabilite_continue;eclipse_secondaire,41,18.8,ok
TIC 260503914,96.5111,-55.5814,8.96,0,,,,,28,12.5,ok
TIC 287832875,127.1683,-76.2956,8.96,0,,,,,7,8.6,ok
TIC 6076510,199.9943,-19.8542,8.96,0,,,,,3,6.0,ok
TIC 278823421,100.0977,-59.1981,8.96,0,,,,,32,11.9,ok
TIC 349576238,111.9538,-63.5534,8.96,0,,,,,32,12.9,ok
TIC 118084044,128.1813,-58.5755,8.96,0,,,,,8,11.3,ok
TIC 141708546,90.3614,-77.724,8.96,0,,,,,33,13.0,ok
TIC 363884137,200.76,-43.8215,8.96,0,,,,,2,6.8,ok
TIC 350343101,84.5362,-56.7122,8.96,0,,,,,29,22.3,ok
TIC 398229478,160.5122,-66.0499,8.96,0,,,,,7,11.6,ok
TIC 31313963,88.2861,-69.0986,8.97,0,,,,,32,22.7,ok
TIC 386021691,138.6994,-59.8078,8.97,0,,,,,8,8.8,ok
TIC 142086813,98.437,-75.6234,8.97,0,,,,,40,16.0,ok
TIC 294206949,108.1561,-59.3391,8.97,0,,,,,1,3.1,ok
TIC 228882598,194.8348,-27.3932,8.97,0,,,,,1,2.9,ok
TIC 166080353,205.7818,-35.8935,8.97,0,,,,,2,4.7,ok
TIC 350763936,89.0054,-55.9854,8.97,0,,,,,42,13.7,ok
TIC 282053569,132.643,-77.2884,8.97,0,,,,,8,15.3,ok
TIC 165829436,204.6427,-37.054,8.97,0,,,,,1,7.8,ok
TIC 378726147,155.6066,-60.1796,8.97,0,,,,,3,8.8,ok
TIC 260353074,94.836,-54.8656,8.97,0,,17.3,rejete,variabilite_continue,28,21.6,ok
TIC 347755816,198.6582,-17.7518,8.97,0,,,,,1,10.2,ok
TIC 453548903,154.2039,-76.051,8.97,0,,,,,3,11.0,ok
TIC 92625180,173.716,-48.0924,8.97,0,,,,,1,11.2,ok
TIC 290110797,206.4207,-17.7465,8.97,0,,,,,1,5.1,ok
TIC 461196559,181.3595,-40.8555,8.97,0,,,,,3,4.8,ok
TIC 355946913,132.9777,-60.7017,8.97,0,,,,,8,9.4,ok
TIC 361478285,144.17,-65.2611,8.97,0,,,,,5,13.3,ok
TIC 38844604,68.6401,-60.8029,8.97,0,,,,,?,172.5,timeout
TIC 124175372,196.8792,-30.1718,8.97,0,,,,,2,7.9,ok
TIC 350843855,90.0295,-57.8927,8.97,0,,15.9,rejete,variabilite_continue;eclipse_secondaire,42,23.2,ok
TIC 30804605,200.1907,-40.7826,8.97,0,,,,,2,10.2,ok
TIC 423530755,185.3083,-20.7078,8.97,0,,,,,3,8.5,ok
TIC 350841387,89.8748,-56.6315,8.97,0,,,,,33,20.2,ok
TIC 393478210,167.6875,-42.6434,8.97,0,,,,,3,6.6,ok
TIC 98956912,180.9281,-29.6883,8.97,0,,,,,3,6.9,ok
TIC 361996758,145.2004,-62.8907,8.97,0,,,,,2,7.7,ok
TIC 21946516,181.9808,-44.0655,8.97,0,,,,,2,8.8,ok
TIC 130845623,187.8348,-30.9866,8.97,0,,,,,1,4.7,ok
TIC 78979706,211.7791,-19.4824,8.98,0,,,,,3,4.8,ok
TIC 294273900,108.7113,-59.2679,8.98,0,,,,,42,12.7,ok
TIC 405676206,204.2975,-17.3218,8.98,0,,,,,1,3.9,ok
TIC 22388285,184.1975,-47.7426,8.98,0,,,,,1,7.0,ok
TIC 111841367,208.1652,-30.0178,8.98,0,,,,,2,4.7,ok
TIC 162091088,168.2007,-42.6871,8.98,0,,,,,3,3.7,ok
TIC 443666640,186.7294,-29.0655,8.98,0,,,,,1,2.4,ok
TIC 347752605,198.5145,-17.4273,8.98,0,,,,,2,4.8,ok
TIC 350443417,85.3048,-57.4411,8.98,0,,458.5,rejete,variabilite_continue;eclipse_secondaire;compagnon_trop_gros_2.6Rjup,42,15.7,ok
TIC 391905265,106.8623,-72.2143,8.98,0,,,,,31,15.9,ok
TIC 141414217,84.3521,-76.676,8.98,0,,,,,33,10.7,ok
TIC 102191632,195.7629,-41.7888,8.98,0,,,,,1,3.8,ok
TIC 49320454,205.2774,-25.3444,8.98,0,,,,,1,5.6,ok
TIC 308396947,120.0773,-64.6477,8.98,0,,,,,25,19.5,ok
TIC 460493017,158.0721,-65.778,8.98,0,,,,,2,9.1,ok
TIC 177354263,104.6141,-75.6302,8.98,0,,,,,33,13.5,ok
TIC 358401810,78.0518,-54.1522,8.98,0,,,,,16,12.4,ok
TIC 437326630,207.5357,-19.3525,8.98,0,,,,,2,6.4,ok
TIC 459474855,162.6503,-58.1939,8.98,0,,,,,4,6.4,ok
TIC 300515700,112.4424,-68.3841,8.98,0,,,,,33,9.9,ok
TIC 231720363,80.7741,-51.6388,8.98,0,,,,,8,9.0,ok
TIC 165537429,180.7678,-38.7883,8.98,0,,,,,1,3.2,ok
TIC 271892200,112.9318,-72.0045,8.98,0,,,,,29,10.5,ok
TIC 161156379,189.8757,-49.1094,8.98,0,,,,,5,7.5,ok
TIC 22851338,185.933,-45.281,8.98,0,,,,,2,3.5,ok
TIC 177115013,103.9543,-70.4414,8.98,0,,,,,34,14.5,ok
TIC 362246544,145.5247,-61.8352,8.98,0,,,,,2,5.5,ok
TIC 443622718,186.2282,-29.5857,8.99,0,,,,,2,3.7,ok
TIC 454013359,175.3004,-37.7916,8.99,1,2.5739,70.8,rejete,variabilite_continue,7,12.9,ok
TIC 286914208,190.6606,-19.4933,8.99,0,,,,,2,6.2,ok
TIC 73650567,192.0321,-44.6548,8.99,0,,,,,3,7.9,ok
TIC 149102791,80.2572,-65.8007,8.99,0,,,,,12,13.2,ok
TIC 229677332,198.2603,-24.503,8.99,0,,,,,1,2.9,ok
TIC 293936312,106.6196,-57.454,8.99,0,,,,,34,15.8,ok
TIC 339771969,111.3818,-58.5324,8.99,0,,,,,24,9.7,ok
TIC 237927133,58.1212,-65.9254,8.99,0,,,,,22,11.7,ok
TIC 181015118,172.9382,-41.0454,8.99,0,,,,,6,8.0,ok
TIC 397273655,174.779,-43.5955,8.99,0,,,,,1,4.1,ok
TIC 309254930,124.3,-65.657,8.99,0,,14.5,rejete,variabilite_continue,18,20.5,ok
TIC 308994098,123.3977,-64.0908,8.99,0,,,,,22,16.3,ok
TIC 260300455,94.4504,-54.9897,8.99,0,,,,,37,15.4,ok
TIC 165379747,179.7188,-39.6202,8.99,0,,,,,1,3.0,ok
TIC 311842376,181.6044,-69.4296,8.99,0,,,,,2,3.5,ok
TIC 2471507,193.9952,-14.9922,8.99,0,,,,,4,8.1,ok
TIC 228843129,194.547,-28.2811,8.99,0,,,,,1,5.8,ok
TIC 258588345,196.9585,-41.9093,8.99,0,,,,,5,6.4,ok
TIC 111867819,208.2886,-31.1966,8.99,0,,,,,2,3.7,ok
TIC 99141865,183.6683,-28.9508,8.99,0,,,,,3,7.6,ok
TIC 132208116,148.5457,-53.6411,8.99,0,,,,,4,7.2,ok
TIC 310295579,185.0594,-62.5295,8.99,0,,,,,5,11.8,ok
TIC 281634192,116.8901,-63.4979,8.99,0,,,,,30,12.9,ok
TIC 204640973,184.3817,-24.0187,8.99,0,,,,,1,3.7,ok
TIC 162694853,190.7524,-52.5964,9.0,0,,,,,6,9.6,ok
TIC 125424703,210.0655,-22.6712,9.0,0,,,,,4,8.4,ok
TIC 149175396,81.566,-61.6936,9.0,0,,,,,38,14.9,ok
TIC 454075998,176.451,-37.4817,9.0,0,,,,,3,11.5,ok
TIC 350480893,85.9455,-56.6202,9.0,0,,,,,31,12.6,ok
TIC 390229592,183.7176,-55.7844,9.0,0,,,,,4,5.9,ok
TIC 456899453,196.1283,-44.7644,9.0,0,,,,,3,5.8,ok
TIC 9469264,192.3891,-24.3135,9.0,0,,,,,4,7.6,ok
