nom,RA,Dec,Tmag,n_candidats,periodes,snr_max,verdict_auto,raisons_auto,n_secteurs,secondes,status
TIC 469811127,300.1501,-72.9115,4.0,0,,,,,10,10.6,ok
TIC 44180973,229.3772,-58.8022,4.0,0,,,,,9,8.7,ok
TIC 437247487,169.4461,-22.1461,4.02,0,,,,,5,5.2,ok
TIC 413964342,215.6539,-58.459,4.02,0,,,,,6,5.9,ok
TIC 145006683,193.3597,-40.1791,4.05,0,,,,,4,4.4,ok
TIC 460878914,231.8876,-64.5316,4.05,0,,,,,8,8.2,ok
TIC 330303598,213.3182,-53.6657,4.07,0,,,,,6,6.0,ok
TIC 272159436,187.4759,-56.5249,4.08,0,,,,,8,7.7,ok
TIC 402750321,224.4686,-76.6628,4.08,0,,,,,8,7.9,ok
TIC 379546066,181.238,-60.9683,4.08,0,,,,,7,6.2,ok
TIC 359916090,209.6695,-44.8037,4.1,0,,,,,4,4.1,ok
TIC 394604322,201.2766,-74.8888,4.1,0,,,,,8,8.0,ok
TIC 342898231,205.3059,-71.868,4.12,0,,,,,8,9.6,ok
TIC 413632344,215.0813,-56.3865,4.13,0,,,,,7,7.4,ok
TIC 334217681,182.9125,-52.3685,4.13,0,,,,,7,7.6,ok
TIC 102310237,196.2008,-41.1964,4.14,0,,,,,6,5.7,ok
TIC 318179763,309.5776,-81.2893,4.14,0,,,,,8,8.0,ok
TIC 402453271,247.7055,-61.6336,4.15,0,,,,,8,7.4,ok
TIC 21165132,187.0096,-50.2307,4.16,0,,,,,6,5.9,ok
TIC 303696290,272.1454,-63.67,4.16,0,,,,,9,9.9,ok
TIC 296805612,223.8922,-60.115,4.18,0,,,,,6,7.5,ok
TIC 447097898,238.8732,-68.603,4.18,0,,,,,8,7.8,ok
TIC 429150549,173.0963,-26.7467,4.2,0,,,,,6,6.0,ok
TIC 241567624,206.909,-50.3207,4.2,0,,,,,6,6.2,ok
TIC 261863003,193.648,-57.178,4.21,0,,,,,7,7.7,ok
TIC 30293512,198.0097,-37.8027,4.21,0,,,,,5,8.8,ok
TIC 22217266,183.5109,-45.7239,4.22,0,,,,,5,10.6,ok
TIC 301404113,256.1402,-68.2789,4.22,0,,,,,8,8.5,ok
TIC 453776506,199.1324,-44.7044,4.23,0,,,,,5,5.2,ok
TIC 242082921,201.5341,-39.7554,4.23,0,,,,,5,8.3,ok
TIC 46705199,230.8442,-59.321,4.25,0,,,,,8,8.2,ok
TIC 309537028,184.6087,-64.0031,4.25,0,,,,,8,8.6,ok
TIC 454082369,176.6148,-40.4974,4.27,0,,,,,8,8.7,ok
TIC 124771255,200.7858,-33.1899,4.27,0,,,,,4,5.5,ok
TIC 9331851,191.002,-28.3242,4.29,0,,,,,4,4.1,ok
TIC 410118760,327.6961,-69.6294,4.3,0,,,,,10,8.7,ok
TIC 124567694,199.2217,-31.5066,4.3,0,,,,,5,4.9,ok
TIC 454268353,226.2025,-64.0313,4.32,0,,,,,7,7.5,ok
TIC 380480505,206.7952,-62.5897,4.32,0,,,,,6,11.5,ok
TIC 258906153,197.8456,-43.3687,4.33,0,,,,,5,6.6,ok
TIC 376669357,292.7961,-68.434,4.35,0,,,,,10,11.7,ok
TIC 375232307,283.0543,-62.1877,4.37,0,,,,,9,12.3,ok
TIC 362747897,247.1216,-70.0836,4.38,0,,,,,6,7.5,ok
TIC 426665045,235.668,-65.9247,4.38,0,,,,,9,9.8,ok
TIC 366019099,221.7552,-52.3841,4.38,0,,,,,6,7.7,ok
TIC 299298654,207.805,-60.4101,4.39,0,,,,,5,6.2,ok
TIC 455167003,228.2542,-61.7438,4.39,0,,,,,7,7.6,ok
TIC 448716672,212.6286,-70.3055,4.39,0,,,,,9,9.7,ok
TIC 242089966,201.7337,-41.4976,4.41,0,,,,,4,4.2,ok
TIC 337369561,197.1158,-67.7968,4.41,0,,,,,6,6.2,ok
TIC 448165945,208.7043,-67.6522,4.41,0,,,,,7,6.8,ok
TIC 443471801,199.5738,-61.3281,4.42,0,,,,,7,7.3,ok
TIC 255854921,198.5596,-59.1044,4.43,0,,,,,6,6.1,ok
TIC 40709970,227.8165,-55.3461,4.44,0,,,,,7,7.0,ok
TIC 165898498,204.9518,-40.0521,4.46,0,,,,,6,5.6,ok
TIC 372172890,312.3244,-68.7769,4.47,0,,,,,7,6.0,ok
TIC 73304453,190.345,-46.1452,4.47,0,,,,,4,4.0,ok
TIC 411618966,185.4891,-56.3744,4.47,0,,,,,7,6.8,ok
TIC 466232301,303.6075,-62.2793,4.48,0,,,,,8,7.3,ok
TIC 77530888,178.6776,-25.7133,4.48,0,,,,,5,5.0,ok
TIC 351475845,308.8962,-60.5831,4.49,0,,,,,7,6.4,ok
TIC 351535191,309.398,-61.5304,4.5,0,,19.4,rejete,variabilite_continue;eclipse_secondaire;compagnon_trop_gros_2.9Rjup,7,12.0,ok
TIC 414205172,215.7177,-55.9624,4.5,0,,,,,7,7.0,ok
TIC 262822171,229.8707,-71.7921,4.51,0,,,,,9,9.9,ok
TIC 244903149,196.7274,-49.9063,4.51,0,,,,,7,6.9,ok
TIC 382276084,287.4734,-68.4248,4.52,0,,,,,10,8.1,ok
TIC 363268904,248.5803,-70.9882,4.53,0,,,,,7,6.7,ok
TIC 77555289,178.9172,-28.4773,4.54,0,,,,,6,5.7,ok
TIC 469906369,336.8344,-64.9663,4.55,0,,,,,10,8.5,ok
TIC 339276534,295.4055,-65.8549,4.55,0,,,,,7,6.2,ok
TIC 9277748,190.8046,-24.9906,4.55,0,,,,,4,3.9,ok
TIC 329090488,191.3568,-71.7114,4.56,0,,,,,7,6.6,ok
TIC 361185960,192.4376,-71.9863,4.56,0,,,,,7,6.8,ok
TIC 406850268,226.195,-83.0384,4.56,0,,,,,6,6.1,ok
TIC 181163751,174.3859,-39.3589,4.57,0,,,,,8,8.0,ok
TIC 443405175,199.3543,-61.584,4.58,0,,,,,6,6.5,ok
TIC 408748947,213.5305,-53.932,4.59,0,,,,,5,4.9,ok
TIC 317019578,336.1849,-72.2603,4.6,0,,,,,11,8.6,ok
TIC 265435357,316.1798,-77.0265,4.61,0,,,,,9,8.4,ok
TIC 351604689,310.0156,-60.553,4.61,0,,,,,7,6.7,ok
TIC 380695266,182.103,-60.8471,4.62,0,,,,,7,6.7,ok
TIC 208875033,209.3669,-57.7111,4.62,0,,,,,4,4.1,ok
TIC 141973945,178.2267,-33.9081,4.62,0,,,,,6,5.8,ok
TIC 464405850,281.3626,-64.8724,4.62,0,,,,,7,6.3,ok
TIC 334569267,193.7924,-68.9068,4.63,0,,,,,6,6.2,ok
TIC 333670665,182.0214,-50.6614,4.64,0,,,,,6,5.7,ok
TIC 370109204,305.1348,-55.0511,4.64,0,,,,,6,5.3,ok
TIC 457686485,218.1541,-50.4573,4.64,0,,,,,4,5.0,ok
TIC 360541225,240.3551,-66.8488,4.65,0,,,,,8,7.9,ok
TIC 131311326,191.6927,-33.3157,4.66,0,,,,,4,4.3,ok
TIC 404417508,196.055,-52.8958,4.67,0,,,,,6,6.1,ok
TIC 461162378,171.586,-25.7552,4.67,0,,,,,5,5.1,ok
TIC 454043454,175.8631,-37.1903,4.68,0,,,,,7,6.7,ok
TIC 449650822,200.6576,-60.9885,4.68,0,,,,,7,6.8,ok
TIC 30023898,196.6466,-41.5886,4.69,0,,,,,5,4.9,ok
TIC 282326777,214.557,-81.0082,4.69,0,,,,,8,7.6,ok
TIC 204719664,185.8398,-24.8408,4.69,0,,,,,5,5.0,ok
TIC 402797577,248.9374,-65.4956,4.7,0,,,,,8,7.5,ok
TIC 144395071,189.9685,-39.9875,4.7,0,,,,,4,4.2,ok
TIC 241470109,205.7275,-50.7903,4.7,0,,,,,7,6.8,ok
TIC 464381648,281.2984,-61.0954,4.71,0,,,,,8,7.5,ok
TIC 318125360,308.3239,-80.965,4.73,0,,,,,8,7.3,ok
TIC 426286197,241.4818,-72.4004,4.74,0,,,,,8,7.5,ok
TIC 405148007,180.918,-42.4349,4.75,0,,,,,7,6.5,ok
TIC 448641178,175.0529,-34.7447,4.76,0,,,,,7,6.7,ok
TIC 412749918,193.2661,-54.9524,4.76,0,,,,,7,6.8,ok
TIC 303843296,277.8434,-62.2786,4.76,0,,,,,8,7.6,ok
TIC 365557584,273.9186,-63.0555,4.77,0,,,,,9,8.3,ok
TIC 271506863,186.8701,-58.3164,4.78,0,,,,,7,7.7,ok
TIC 261993378,193.6628,-59.1468,4.78,0,,,,,8,8.5,ok
TIC 406320735,327.5005,-64.7128,4.78,0,,,,,9,8.2,ok
TIC 332552275,215.8342,-50.7723,4.78,0,,,,,4,4.4,ok
TIC 170657104,185.9494,-30.3355,4.78,0,,,,,5,5.4,ok
TIC 419788368,191.5942,-56.4889,4.78,0,,,,,7,6.6,ok
TIC 131081098,189.7642,-30.4225,4.79,0,,,,,4,4.1,ok
TIC 436272277,193.4221,-60.3494,4.79,0,,,,,8,7.7,ok
TIC 343720260,272.8164,-75.8937,4.79,0,,,,,9,8.4,ok
TIC 439878605,195.9626,-64.0999,4.8,0,,,,,7,7.2,ok
TIC 90144286,204.4001,-56.4764,4.8,0,,,,,7,6.7,ok
TIC 394369666,199.829,-72.036,4.8,0,,,,,6,6.3,ok
TIC 375627282,178.611,-56.9698,4.8,0,,,,,7,6.8,ok
TIC 9439380,192.1081,-27.5978,4.81,0,,,,,4,4.1,ok
TIC 45254409,230.0535,-57.3983,4.81,0,,,,,8,8.4,ok
TIC 363774571,200.2396,-46.8799,4.82,0,,,,,6,6.7,ok
TIC 405087683,185.55,-68.3077,4.82,0,,,,,7,7.0,ok
TIC 406807534,225.4628,-83.2273,4.83,0,,,,,7,6.8,ok
TIC 454623501,226.9867,-65.2755,4.83,0,,,,,8,7.8,ok
TIC 404340264,195.8882,-49.5273,4.84,0,,,,,7,6.9,ok
TIC 72500833,187.5015,-42.9296,4.84,0,,,,,5,5.3,ok
TIC 272588795,187.9179,-59.424,4.84,0,,,,,6,6.0,ok
TIC 455192704,228.397,-63.893,4.85,0,,,,,7,7.7,ok
TIC 342501656,204.689,-70.4451,4.86,0,,,,,6,6.1,ok
TIC 447230221,250.7017,-62.554,4.87,0,,,,,8,7.9,ok
TIC 244866914,196.5693,-48.4634,4.87,0,,,,,5,5.3,ok
TIC 209702928,210.8596,-56.2136,4.87,0,,,,,7,7.4,ok
TIC 338465029,198.8116,-67.8947,4.88,0,,,,,?,968.4,timeout
TIC 57378518,171.9946,-35.3289,4.88,0,,,,,6,6.3,ok
TIC 433936219,190.7092,-63.0587,4.88,0,,,,,7,7.0,ok
TIC 396170579,298.8414,-71.5465,4.89,0,,,,,10,9.0,ok
TIC 25425217,192.6712,-33.9995,4.89,0,,,,,5,4.9,ok
TIC 292110499,221.2461,-61.5217,4.91,0,,,,,8,7.8,ok
TIC 405520863,190.4854,-59.6859,4.91,0,,,,,6,6.2,ok
TIC 340617430,238.3455,-62.6067,4.92,0,,,,,9,8.4,ok
TIC 144219989,188.9387,-41.0219,4.92,0,,,,,5,5.8,ok
TIC 287607394,198.4888,-43.139,4.92,0,,,,,5,4.8,ok
TIC 457723621,218.3748,-52.6796,4.92,0,,,,,6,5.8,ok
TIC 330684489,213.8386,-53.51,4.92,0,,,,,5,4.9,ok
TIC 303704858,272.6078,-62.0006,4.92,0,,,,,8,7.5,ok
TIC 245166595,198.6791,-48.9577,4.92,0,,,,,7,6.8,ok
TIC 201723074,300.7562,-58.4611,4.93,0,,,,,7,6.7,ok
TIC 301690351,258.3216,-67.1972,4.93,0,,,,,8,7.4,ok
TIC 449884234,201.3054,-64.4853,4.93,0,,,,,4,4.3,ok
TIC 272807849,188.0363,-56.1295,4.94,0,,,,,8,8.1,ok
TIC 406334974,197.9001,-56.909,4.94,0,,,,,7,7.4,ok
TIC 292750423,275.0683,-77.6719,4.94,0,,,,,9,8.6,ok
TIC 276798745,271.3633,-81.4869,4.94,0,,,,,9,8.7,ok
TIC 361532402,194.1316,-72.1853,4.94,0,,,,,7,7.1,ok
TIC 409891490,302.0851,-66.3547,4.95,0,,,,,8,8.7,ok
TIC 464375439,280.9058,-64.5518,4.95,0,,,,,8,7.1,ok
TIC 209014246,209.5712,-56.3531,4.95,0,,,,,6,6.5,ok
TIC 276967365,277.3321,-80.2332,4.95,0,,,,,10,9.7,ok
TIC 290306250,328.796,-76.9406,4.95,0,,,,,6,5.9,ok
TIC 260777057,189.0511,-52.4178,4.95,0,,,,,6,5.9,ok
TIC 429356633,183.7483,-20.8442,4.96,0,,,,,3,3.3,ok
TIC 316991247,335.3011,-74.9676,4.96,0,,,,,8,7.6,ok
TIC 350856014,246.9898,-64.0578,4.96,0,,,,,6,5.5,ok
TIC 339522902,296.7744,-62.4541,4.96,0,,,,,8,7.7,ok
TIC 264142427,217.1375,-59.6741,4.97,0,,,,,6,5.8,ok
TIC 313585374,302.4049,-81.4414,4.97,0,,,,,9,9.1,ok
TIC 421343074,218.9794,-69.9706,4.98,0,,,,,8,8.1,ok
TIC 405183807,183.9813,-54.0569,4.98,0,,,,,4,4.4,ok
TIC 332354219,179.7951,-51.6968,4.98,0,,,,,5,5.1,ok
TIC 255954832,198.5496,-58.684,4.98,0,,,,,6,6.4,ok
TIC 260646994,186.632,-51.4507,4.98,0,,,,,6,5.9,ok
TIC 412953524,204.7038,-57.6228,4.98,0,,,,,6,6.2,ok
TIC 265336403,308.9661,-69.6109,4.98,0,,,,,8,7.6,ok
TIC 446727999,217.8192,-67.7176,4.98,0,,,,,9,9.8,ok
TIC 450568600,186.628,-63.1223,4.98,0,,,,,6,6.3,ok
TIC 57714798,174.1459,-33.5703,4.99,0,,,,,6,6.0,ok
TIC 438832923,202.3552,-51.1652,4.99,0,,,,,7,7.0,ok
TIC 282163444,202.365,-79.1177,4.99,0,,,,,9,10.5,ok
TIC 405091166,185.53,-67.5222,4.99,0,,82.3,rejete,variabilite_continue;eclipse_secondaire,7,11.4,ok
TIC 336781117,214.9621,-61.2736,5.0,0,,,,,8,7.8,ok
TIC 194198618,222.3121,-59.4074,5.0,0,,,,,7,7.0,ok
TIC 204650822,184.9799,-26.7371,5.0,0,,,,,5,5.1,ok
TIC 443623692,186.3267,-27.749,5.0,0,,,,,4,4.3,ok
TIC 402808611,225.0466,-77.1606,5.01,0,,,,,8,7.6,ok
TIC 263772098,231.5638,-68.3091,5.01,0,,,,,9,9.3,ok
TIC 449096441,216.2762,-68.1954,5.01,0,,,,,8,7.9,ok
TIC 381040922,182.3466,-63.8203,5.03,0,,,,,8,8.1,ok
TIC 401768101,217.4033,-76.7293,5.03,0,,,,,8,8.2,ok
TIC 32662773,176.5414,-24.8737,5.05,0,,,,,6,6.0,ok
TIC 464480679,284.228,-62.8019,5.05,0,,,,,8,7.2,ok
TIC 344073005,278.2308,-73.9662,5.05,0,,,,,9,8.7,ok
TIC 429181615,177.4636,-27.5826,5.06,0,,,,,6,6.1,ok
TIC 332674122,215.9518,-53.1763,5.06,0,,,,,6,5.9,ok
TIC 292234186,221.3234,-62.8762,5.07,0,,44.0,rejete,variabilite_continue;eclipse_secondaire,7,11.5,ok
TIC 296107877,223.7372,-61.0759,5.07,0,,,,,8,7.6,ok
TIC 441551378,197.3529,-60.2495,5.07,0,,,,,5,5.7,ok
TIC 294960851,269.0861,-70.3623,5.07,0,,,,,9,8.3,ok
TIC 343486483,269.4237,-76.178,5.07,0,,,,,9,8.4,ok
TIC 290403648,330.9828,-72.7419,5.07,0,,,,,10,9.4,ok
TIC 342237545,239.9585,-64.8542,5.08,0,,,,,7,7.2,ok
TIC 60709182,189.4268,-27.1396,5.08,0,,,,,4,4.1,ok
TIC 144568325,190.8756,-41.3217,5.08,0,,,,,4,4.1,ok
TIC 261385436,209.8232,-50.3698,5.09,0,,,,,5,5.5,ok
TIC 166142430,205.7287,-41.4014,5.09,0,,,,,5,5.0,ok
TIC 261696824,227.3746,-67.0842,5.1,0,,,,,8,8.2,ok
TIC 5970086,193.6257,-20.0981,5.11,0,,,,,4,4.0,ok
TIC 384484766,251.4749,-83.24,5.11,0,,,,,7,6.9,ok
TIC 265184287,299.0081,-81.3498,5.11,0,,,,,9,8.6,ok
TIC 396090368,297.4726,-66.813,5.11,0,,,,,8,7.5,ok
TIC 241358980,204.4835,-50.6013,5.11,0,,,,,8,7.7,ok
TIC 440502253,196.5238,-64.529,5.11,0,,,,,7,7.0,ok
TIC 409358619,213.7377,-57.0863,5.12,0,,,,,7,6.8,ok
TIC 450826873,187.1067,-61.7949,5.12,0,,,,,8,7.8,ok
TIC 320841837,299.2403,-57.9259,5.12,0,,,,,7,6.6,ok
TIC 309033091,184.4405,-63.6162,5.13,0,,,,,7,6.9,ok
TIC 380372381,206.6524,-62.9096,5.13,0,,,,,5,5.1,ok
TIC 295600977,223.1468,-63.8099,5.13,0,,,,,7,6.8,ok
TIC 446404780,219.3016,-53.0609,5.14,0,,,,,5,5.0,ok
TIC 421217840,215.5963,-80.1091,5.14,0,,,,,7,6.6,ok
TIC 413432205,231.9733,-57.7263,5.15,0,,,,,7,6.8,ok
TIC 429149606,173.0682,-29.26,5.15,0,,,,,4,4.1,ok
TIC 449369551,199.9099,-60.6352,5.15,0,,,,,7,6.9,ok
TIC 243310310,204.2745,-44.1433,5.16,0,,,,,5,4.9,ok
TIC 352228274,288.2884,-77.864,5.17,0,,,,,10,9.5,ok
TIC 72814920,188.6759,-44.6745,5.17,0,,,,,5,5.8,ok
TIC 101905319,201.4918,-35.0759,5.17,0,,,,,5,5.1,ok
TIC 253422871,196.8511,-59.8605,5.17,0,,,,,6,6.0,ok
TIC 467969559,285.0151,-66.6539,5.17,0,,,,,7,6.5,ok
TIC 142141870,179.8428,-30.0608,5.18,0,,,,,6,5.7,ok
TIC 364164093,251.6664,-67.1098,5.18,1,3.7603,13.8,rejete,variabilite_continue;eclipse_secondaire,8,11.8,ok
TIC 461050210,232.3154,-65.8905,5.18,0,,,,,9,8.6,ok
TIC 455509774,229.237,-60.9573,5.18,0,,,,,5,5.2,ok
TIC 456061659,230.7925,-60.6574,5.18,0,,,,,9,8.8,ok
TIC 365435260,273.5676,-63.6901,5.18,0,,,,,9,8.4,ok
TIC 411644771,218.7866,-56.5627,5.19,0,,,,,7,7.4,ok
TIC 329530621,211.697,-62.3743,5.19,0,,,,,7,7.1,ok
TIC 405237290,184.0699,-56.286,5.19,0,,,,,7,6.7,ok
TIC 442882829,198.5304,-60.9907,5.19,0,,,,,7,7.0,ok
TIC 425813582,234.8239,-77.919,5.19,0,,,,,8,8.1,ok
TIC 415822569,185.044,-22.1759,5.2,0,,,,,4,4.4,ok
TIC 423240775,297.3556,-72.5033,5.2,0,,,,,10,9.0,ok
TIC 90050066,204.2164,-54.9912,5.2,0,,,,,6,6.0,ok
TIC 376670273,292.6053,-69.7927,5.21,0,,,,,9,7.9,ok
TIC 426455625,241.0258,-59.1762,5.22,0,,,,,9,9.5,ok
TIC 423770016,235.5073,-64.1803,5.22,0,,,,,8,9.2,ok
TIC 421251930,216.4773,-78.4577,5.22,0,,,,,8,8.0,ok
TIC 428685341,180.1759,-21.8376,5.22,0,,,,,5,4.9,ok
TIC 189513190,221.23,-58.4778,5.22,0,,,,,8,7.8,ok
TIC 351600665,309.9662,-62.9083,5.23,0,,,,,6,5.7,ok
TIC 25489613,192.9361,-31.0837,5.23,0,,,,,4,4.0,ok
TIC 364420283,253.0728,-67.682,5.23,0,,,,,8,8.1,ok
TIC 464407479,281.718,-65.2496,5.23,0,,,,,7,6.7,ok
TIC 65314847,235.7428,-58.1147,5.24,0,,,,,6,6.1,ok
TIC 193403895,222.278,-56.6687,5.25,0,,,,,8,7.7,ok
TIC 380773545,269.4993,-63.6335,5.25,0,,,,,7,6.6,ok
TIC 410397673,291.0225,-68.3711,5.25,0,,,,,9,8.8,ok
TIC 323082858,206.5749,-62.4516,5.25,0,,,,,5,5.4,ok
TIC 260926702,226.1977,-71.6064,5.25,0,,,,,10,9.6,ok
TIC 325247654,317.8381,-72.5445,5.25,0,,,,,7,6.7,ok
TIC 93844598,176.3024,-49.0698,5.25,0,,,,,7,6.6,ok
TIC 396653520,214.2296,-77.6642,5.25,0,,,,,8,7.8,ok
TIC 135246293,186.1857,-41.3848,5.25,0,,,,,5,4.9,ok
TIC 334496224,183.2737,-50.2067,5.26,0,,,,,5,5.6,ok
TIC 103859362,194.738,-29.9985,5.26,0,,,,,3,3.5,ok
TIC 429149602,173.0666,-29.2623,5.26,0,,,,,4,4.0,ok
TIC 229106161,195.594,-28.2862,5.26,0,,,,,3,3.2,ok
TIC 354669439,321.3256,-71.799,5.26,0,,,,,7,6.7,ok
TIC 261862960,193.6533,-57.1687,5.26,0,,,,,7,6.8,ok
TIC 464527084,285.2709,-62.8653,5.27,0,,,,,9,8.5,ok
TIC 461265726,203.0231,-38.3991,5.27,0,,,,,5,4.9,ok
TIC 169468632,194.2678,-51.1989,5.27,0,,,,,6,5.7,ok
TIC 423528378,185.1393,-22.2161,5.27,0,,,,,5,5.3,ok
TIC 412904376,222.8404,-59.5036,5.27,0,,,,,7,7.1,ok
TIC 186574542,220.1363,-56.4408,5.27,0,,,,,7,6.5,ok
TIC 165290320,178.9788,-39.6896,5.27,0,,,,,7,6.8,ok
TIC 318515879,325.8903,-68.0647,5.27,0,,,,,10,10.8,ok
TIC 210096523,211.6048,-59.7159,5.28,0,,,,,5,5.3,ok
TIC 306725314,265.8786,-63.8491,5.28,0,,,,,9,8.3,ok
TIC 208789160,209.1368,-54.7063,5.28,0,,,,,7,7.1,ok
TIC 15525527,185.444,-49.9489,5.28,0,,,,,6,5.9,ok
TIC 293082187,175.0696,-28.4967,5.28,0,,,,,6,6.2,ok
TIC 449568639,200.5406,-64.2189,5.29,0,,,,,5,5.5,ok
TIC 320809967,299.2766,-58.9015,5.29,0,,,,,6,5.8,ok
TIC 208573112,208.7466,-55.0214,5.29,0,,,,,7,7.1,ok
TIC 410056410,320.5675,-71.5714,5.29,0,,,,,7,6.7,ok
TIC 380394028,258.0841,-70.7217,5.3,0,,,,,8,7.6,ok
TIC 346701818,296.2276,-80.0889,5.3,0,,,,,9,8.8,ok
TIC 258907375,197.7862,-42.2331,5.3,0,,,,,5,5.1,ok
TIC 426275434,240.1947,-72.4632,5.31,0,,,,,7,7.2,ok
TIC 325820602,209.6296,-65.801,5.31,0,,,,,8,7.9,ok
TIC 287605404,198.2115,-42.6997,5.31,0,,,,,4,4.1,ok
TIC 303538037,271.9513,-64.5506,5.31,0,,,,,6,5.7,ok
TIC 318163669,204.304,-61.6927,5.31,0,,,,,7,6.9,ok
TIC 390395323,184.4801,-57.8502,5.31,0,,,,,7,7.4,ok
TIC 395108497,218.8206,-60.0158,5.31,0,,,,,6,6.2,ok
TIC 167215719,193.1022,-53.8299,5.32,0,,,,,6,5.9,ok
TIC 435013248,192.5581,-62.6412,5.32,0,,,,,7,6.7,ok
TIC 292333486,280.7948,-71.2885,5.32,0,,,,,9,8.4,ok
TIC 209446819,210.3265,-57.2287,5.32,0,,,,,5,5.3,ok
TIC 338655597,198.8545,-69.6795,5.33,0,,,,,7,6.9,ok
TIC 271701447,187.1369,-56.4095,5.33,0,,,,,8,8.1,ok
TIC 130943601,188.3415,-34.6632,5.33,0,,,,,4,4.0,ok
TIC 261427053,304.6125,-72.9796,5.33,0,,,,,8,7.5,ok
TIC 313671963,202.2288,-62.1023,5.33,0,,,,,5,5.5,ok
TIC 248127641,193.7415,-44.1536,5.33,0,,,,,5,5.2,ok
TIC 435684037,192.8248,-60.3298,5.34,0,,,,,6,6.3,ok
TIC 424714330,236.7504,-65.7332,5.34,0,,,,,9,8.3,ok
TIC 243340074,204.5145,-42.765,5.34,0,,,,,5,5.5,ok
TIC 30490789,198.789,-36.3716,5.34,0,,,,,4,4.0,ok
TIC 141969034,177.9233,-30.8369,5.35,0,,,,,6,6.0,ok
TIC 333666707,182.061,-48.6926,5.35,0,,,,,6,5.8,ok
TIC 134871830,183.8736,-41.9146,5.36,0,,,,,5,5.0,ok
TIC 453510797,205.436,-54.5596,5.36,0,,,,,7,7.0,ok
TIC 437288983,174.2491,-22.9477,5.36,0,,,,,6,5.8,ok
TIC 382151113,285.8733,-68.7556,5.37,0,,,,,11,9.4,ok
TIC 219701594,175.5146,-20.2946,5.37,0,,,,,5,5.0,ok
TIC 157321602,176.7797,-35.9071,5.37,0,,,,,6,5.9,ok
TIC 405410684,337.1598,-67.4896,5.38,0,,,,,11,10.4,ok
TIC 457557304,217.5867,-49.5193,5.38,0,,,,,5,5.3,ok
TIC 438239847,194.8432,-61.2796,5.38,0,,,,,4,5.5,ok
TIC 253398821,196.5649,-55.6117,5.38,0,,,,,7,7.3,ok
TIC 334434789,213.7842,-61.9175,5.38,0,,,,,8,7.7,ok
TIC 382389727,289.3012,-66.6611,5.38,0,,,,,10,9.2,ok
TIC 452732774,194.3876,-22.7536,5.38,0,,,,,4,4.8,ok
TIC 406050497,193.988,-56.8358,5.38,0,,,,,7,7.1,ok
TIC 384828170,262.7282,-81.6116,5.39,0,,,,,7,7.1,ok
TIC 342587478,205.0017,-70.7879,5.39,0,,,,,8,8.6,ok
TIC 319647981,205.0434,-64.5766,5.39,0,,,,,6,6.6,ok
TIC 389301327,183.8927,-31.6902,5.39,0,,,,,4,4.1,ok
TIC 241660076,208.0198,-52.8117,5.39,0,,,,,7,7.2,ok
TIC 170654459,185.8972,-35.4127,5.4,0,,,,,4,4.3,ok
TIC 324759802,245.7251,-75.9748,5.4,0,,,,,7,8.6,ok
TIC 292422455,218.3837,-54.9986,5.4,0,,,,,6,6.5,ok
TIC 453573291,205.5041,-58.7871,5.4,0,,,,,7,6.9,ok
TIC 360740665,294.6086,-57.9838,5.4,0,,,,,7,6.9,ok
TIC 302107568,260.5244,-70.1233,5.4,0,,,,,9,8.7,ok
TIC 61542962,176.4328,-45.6901,5.4,0,,,,,6,5.9,ok
TIC 261526008,336.2968,-70.4321,5.4,0,,,,,10,9.3,ok
TIC 42616129,228.6296,-59.7354,5.41,0,,,,,7,7.3,ok
TIC 469814866,304.7624,-63.2313,5.41,0,,,,,8,7.4,ok
TIC 35006277,224.6715,-57.8511,5.41,0,,,,,7,7.4,ok
TIC 415809506,184.9273,-19.1988,5.42,0,,,,,4,4.5,ok
TIC 329067981,211.4629,-61.9331,5.42,0,,,,,7,7.4,ok
TIC 402131888,182.8891,-27.0708,5.42,0,,,,,5,5.1,ok
TIC 329197656,211.963,-53.5735,5.42,0,,,,,7,7.0,ok
TIC 412872277,194.0772,-55.5611,5.42,0,,,,,7,7.3,ok
TIC 241559630,206.8233,-53.3572,5.43,0,,,,,6,6.1,ok
TIC 421217371,215.6577,-79.7158,5.43,0,,,,,7,7.1,ok
TIC 329197261,211.9357,-53.6911,5.43,0,,,,,7,7.7,ok
TIC 415302606,223.1409,-55.7157,5.43,0,,,,,6,6.1,ok
TIC 276963807,276.5714,-79.9275,5.43,0,,,,,10,9.8,ok
TIC 311291807,258.5674,-74.1487,5.43,0,,,,,9,8.9,ok
TIC 440905523,196.8809,-60.2693,5.44,0,,,,,6,6.1,ok
TIC 364208162,252.1803,-67.0832,5.44,0,,,,,8,7.9,ok
TIC 263313986,234.1174,-66.5452,5.44,0,,,,,9,9.4,ok
TIC 422406221,182.7655,-23.6026,5.44,0,,,,,4,4.4,ok
TIC 142039824,178.5469,-30.907,5.44,0,,,,,7,7.3,ok
TIC 469979458,342.1353,-70.9334,5.44,0,,,,,11,9.7,ok
TIC 311461627,317.1974,-76.2126,5.45,0,,,,,8,7.9,ok
TIC 450507176,186.3219,-65.7706,5.45,0,,,,,7,8.0,ok
TIC 299753136,341.8981,-65.5603,5.45,0,,,,,11,9.6,ok
TIC 389148254,178.076,-51.315,5.45,0,,,,,5,6.4,ok
TIC 145005999,193.3054,-39.3903,5.46,0,,,,,4,4.5,ok
TIC 271520227,288.3885,-62.9231,5.46,0,,,,,9,8.5,ok
TIC 424829832,237.0719,-60.4758,5.46,0,,,,,7,7.4,ok
TIC 443562032,199.4993,-64.5743,5.46,0,,,,,6,6.6,ok
TIC 83153075,188.7347,-20.8364,5.46,0,,,,,4,4.5,ok
TIC 5911169,188.1356,-21.2125,5.47,0,,,,,4,4.0,ok
TIC 376555515,180.7543,-57.2601,5.47,0,,,,,6,6.3,ok
TIC 305687191,175.8456,-19.8234,5.47,0,,,,,3,3.3,ok
TIC 88741544,239.0301,-59.0891,5.47,0,,,,,7,7.2,ok
TIC 412365759,190.867,-58.9027,5.47,0,,,,,7,6.7,ok
TIC 408528541,194.7407,-21.547,5.47,0,,,,,4,4.0,ok
TIC 396255306,212.1064,-74.849,5.47,0,,,,,10,10.2,ok
TIC 334683390,183.6318,-51.5326,5.47,0,,,,,7,6.8,ok
TIC 282216837,203.0437,-79.6609,5.47,0,,,,,9,9.5,ok
TIC 436276871,193.3412,-60.3285,5.47,0,,,,,8,8.0,ok
TIC 343886954,275.902,-75.0441,5.47,0,,,,,10,9.2,ok
TIC 35678037,225.0674,-58.3064,5.47,0,,,,,7,7.6,ok
TIC 343757899,273.1396,-73.6743,5.47,0,,,,,9,9.2,ok
TIC 337162994,215.3274,-64.2417,5.48,0,,,,,6,6.1,ok
TIC 428684629,180.213,-19.6589,5.48,0,,,,,3,3.4,ok
TIC 464420341,282.1573,-65.0783,5.48,0,,,,,7,6.8,ok
TIC 328989123,191.2584,-68.8308,5.48,0,,,,,7,7.5,ok
TIC 278175826,234.9838,-59.9099,5.49,0,,,,,7,7.0,ok
TIC 451508376,255.5765,-84.3037,5.49,0,,,,,5,5.1,ok
TIC 423911734,235.9803,-60.2873,5.49,0,,,,,7,6.7,ok
TIC 412244837,190.5267,-54.7608,5.5,0,,,,,7,7.6,ok
TIC 263523769,216.7449,-59.2377,5.5,0,,,,,5,5.3,ok
TIC 67801852,185.7055,-57.6762,5.5,0,,,,,8,8.2,ok
TIC 452714783,172.4062,-28.0306,5.5,0,,,,,6,6.3,ok
TIC 438701212,201.1082,-51.8751,5.5,0,,,,,7,6.9,ok
TIC 398316266,179.5632,-56.3173,5.5,0,,,,,6,5.8,ok
TIC 338130487,197.9651,-69.942,5.51,0,,,,,7,7.3,ok
TIC 401975722,218.8722,-73.6944,5.52,0,,,,,10,9.7,ok
TIC 242088840,201.8109,-40.1626,5.52,0,,,,,5,5.0,ok
TIC 195501035,222.567,-58.9768,5.52,0,,,,,8,8.3,ok
TIC 135371083,187.0934,-39.0412,5.53,0,,,,,5,5.1,ok
TIC 406345664,328.7981,-61.8873,5.53,0,,,,,11,9.1,ok
TIC 429149652,173.1314,-29.1419,5.53,0,,,,,4,4.2,ok
TIC 286507416,185.7935,-67.6297,5.53,0,,,,,8,7.7,ok
TIC 297024771,186.956,-16.6318,5.53,0,,,,,5,5.1,ok
TIC 72121577,186.2842,-42.5145,5.54,0,,,,,4,4.7,ok
TIC 425657630,232.8785,-73.3897,5.54,0,,,,,8,7.8,ok
TIC 142324512,181.2997,-34.209,5.54,0,,,,,6,6.5,ok
TIC 334220146,182.8789,-51.3598,5.54,0,,,,,6,7.0,ok
TIC 327303945,310.5183,-76.1807,5.55,0,,,,,9,10.3,ok
TIC 380527368,268.3254,-65.4891,5.55,0,,,,,9,8.6,ok
TIC 421472503,219.436,-67.9341,5.55,0,,,,,9,9.1,ok
TIC 322909720,206.6308,-64.6755,5.55,0,,,,,7,7.1,ok
TIC 258314976,182.2237,-44.3263,5.55,0,,,,,6,5.9,ok
TIC 397361078,175.3317,-43.0956,5.55,0,,,,,8,7.6,ok
TIC 243588142,206.8787,-46.1611,5.55,0,,,,,5,5.1,ok
TIC 194971186,222.6833,-55.0093,5.56,0,,,,,5,5.2,ok
TIC 384464473,250.7204,-79.0243,5.56,0,,,,,8,7.9,ok
TIC 394203427,198.6062,-75.1712,5.56,0,,,,,7,6.9,ok
TIC 317021841,336.4648,-75.0156,5.56,0,,,,,8,8.2,ok
TIC 30072900,196.7281,-37.5499,5.56,0,,,,,4,4.2,ok
TIC 304430794,259.7145,-62.8748,5.57,0,,,,,8,7.6,ok
TIC 320690083,297.687,-59.1938,5.57,0,,,,,7,7.2,ok
TIC 180172954,188.8684,-61.8421,5.57,0,,,,,8,8.3,ok
TIC 243559025,206.5733,-47.156,5.57,0,,,,,5,5.5,ok
TIC 290401720,330.7667,-76.119,5.57,0,,,,,7,7.0,ok
TIC 242465680,214.2892,-46.9107,5.57,0,,,,,4,4.3,ok
TIC 344984627,276.9975,-64.3132,5.57,0,,,,,8,7.9,ok
TIC 437392899,194.2962,-63.4645,5.57,0,,,,,7,7.3,ok
TIC 311538063,260.4664,-77.1932,5.57,0,,,,,6,6.8,ok
TIC 455675248,229.7047,-60.4964,5.57,0,,,,,7,6.9,ok
TIC 130722760,186.7153,-32.8303,5.57,0,,,,,4,4.1,ok
TIC 374343586,299.6735,-69.1647,5.57,0,,,,,8,7.6,ok
TIC 99141741,183.7764,-29.2375,5.57,0,,,,,5,5.1,ok
TIC 341029467,238.8842,-60.1782,5.58,0,,,,,8,8.3,ok
TIC 36958337,225.7664,-58.2298,5.58,0,,,,,5,5.6,ok
TIC 376629907,292.3727,-70.6691,5.58,0,,,,,9,8.3,ok
TIC 9438270,191.925,-29.7952,5.59,0,,,,,4,4.1,ok
TIC 352080579,284.8627,-75.3901,5.59,0,,,,,9,9.0,ok
TIC 405567801,191.8528,-59.6947,5.59,0,,,,,?,967.1,timeout
TIC 405916953,192.66,-58.166,5.59,0,,,,,8,8.3,ok
TIC 332076204,179.2727,-52.1004,5.59,0,,,,,6,5.8,ok
TIC 73174531,189.7062,-42.4485,5.59,0,,,,,5,6.4,ok
TIC 398962657,219.5422,-62.7177,5.6,0,,,,,8,9.9,ok
TIC 455075123,228.1228,-63.0338,5.6,0,,,,,7,8.7,ok
TIC 352477366,323.1269,-73.8931,5.6,0,,,,,7,8.9,ok
TIC 448377810,210.0336,-67.2806,5.6,0,,,,,7,8.8,ok
TIC 381946417,183.0915,-62.9508,5.6,0,,,,,7,9.2,ok
TIC 342361818,239.8999,-62.815,5.61,0,,,,,9,10.3,ok
TIC 394445529,200.3078,-74.4419,5.61,0,,,,,8,9.7,ok
TIC 245440777,200.1572,-52.7479,5.61,0,,,,,7,9.2,ok
TIC 448667394,212.4586,-68.1896,5.61,0,,,,,6,10.2,ok
TIC 447653415,254.488,-62.5667,5.61,0,,,,,8,12.3,ok
TIC 294292672,265.1846,-67.8543,5.61,0,,,,,9,9.5,ok
TIC 134653865,182.2273,-41.2317,5.61,0,,,,,6,7.7,ok
TIC 103916828,195.1354,-33.506,5.61,0,,,,,5,6.8,ok
TIC 14717198,174.7521,-24.7229,5.62,0,,,,,6,6.5,ok
TIC 380691628,182.119,-61.2507,5.62,0,,,,,8,9.0,ok
TIC 389089359,333.4304,-68.1264,5.62,0,,,,,11,8.9,ok
TIC 448392261,210.2164,-66.2691,5.62,0,,15.2,rejete,variabilite_continue;eclipse_secondaire,8,12.5,ok
TIC 166445059,207.3431,-40.5153,5.62,0,,,,,4,4.4,ok
TIC 94017750,176.558,-48.2098,5.63,0,,,,,6,6.4,ok
TIC 438238920,194.9021,-60.0218,5.63,0,,,,,7,7.6,ok
TIC 341228186,314.9213,-62.8773,5.63,0,,,,,6,5.9,ok
TIC 443299918,199.1854,-65.1387,5.63,0,,,,,6,6.2,ok
TIC 461233317,202.7245,-41.6614,5.63,0,,,,,4,4.4,ok
TIC 124151115,196.7265,-35.8626,5.63,0,,,,,5,6.9,ok
TIC 457488097,217.3473,-50.1085,5.63,0,,,,,4,5.0,ok
TIC 461200033,181.5539,-38.6758,5.63,0,,,,,5,5.1,ok
TIC 124308044,197.8765,-35.1299,5.63,0,,,,,4,4.2,ok
TIC 73301828,190.2894,-44.1012,5.63,0,,,,,5,5.0,ok
TIC 364936760,169.652,-24.3432,5.64,0,,,,,6,6.3,ok
TIC 397394991,177.6542,-27.2779,5.64,0,,,,,6,6.6,ok
TIC 341200426,314.6982,-61.8116,5.64,0,,,,,8,7.7,ok
TIC 270372747,176.6216,-24.4844,5.64,0,,,,,6,6.2,ok
TIC 423675568,235.4397,-64.4291,5.64,0,,,,,8,9.8,ok
TIC 419693778,191.5225,-54.6122,5.64,0,,,,,7,7.6,ok
TIC 286910068,190.4544,-19.759,5.65,0,,,,,4,4.2,ok
TIC 273314616,185.6944,-52.2931,5.65,0,,,,,4,4.2,ok
TIC 14663544,174.1897,-24.4394,5.65,0,,,,,6,7.0,ok
TIC 311174169,257.7136,-73.6805,5.65,0,,,,,9,10.1,ok
TIC 415783554,184.611,-20.8098,5.65,0,,,,,5,6.7,ok
TIC 21113446,186.6935,-48.9138,5.65,0,,,,,5,5.2,ok
TIC 365725318,274.9179,-63.8886,5.65,0,,,,,9,10.3,ok
TIC 163653342,191.3481,-48.1704,5.66,0,,,,,7,7.0,ok
TIC 394811200,202.6051,-73.9755,5.66,0,,,,,8,8.3,ok
TIC 449862248,201.3764,-63.4209,5.66,0,,,,,6,5.9,ok
TIC 170659914,186.05,-35.6338,5.66,0,,,,,3,5.6,ok
TIC 425436926,200.9662,-49.823,5.66,0,,,,,7,9.3,ok
TIC 406507334,198.2321,-59.8174,5.66,0,,16.7,rejete,variabilite_continue;eclipse_secondaire,6,13.8,ok
TIC 425869619,235.0886,-73.4469,5.67,0,,,,,9,9.4,ok
TIC 438760896,195.2924,-63.0232,5.67,0,,,,,7,7.6,ok
TIC 447551851,253.6384,-63.4557,5.67,0,,,,,8,9.2,ok
TIC 241567772,206.8658,-50.2492,5.67,0,,,,,6,7.2,ok
TIC 396211656,300.4153,-74.7639,5.67,0,,,,,10,9.0,ok
TIC 340229490,201.4584,-70.6272,5.67,0,,,,,6,6.1,ok
TIC 381628679,182.7695,-61.2776,5.68,0,,,,,8,7.7,ok
TIC 448930207,214.7324,-71.3965,5.68,0,,,,,9,9.8,ok
TIC 359837552,209.7175,-47.8072,5.68,0,,,,,4,5.7,ok
TIC 448066486,207.7736,-66.823,5.68,0,,,,,8,9.8,ok
TIC 9561716,193.1846,-26.0034,5.68,0,,,,,4,4.8,ok
TIC 255776006,186.1412,-49.4402,5.68,0,,,,,4,4.3,ok
TIC 288863013,232.0041,-75.9296,5.68,0,,,,,8,8.5,ok
TIC 299453721,207.9186,-62.1266,5.68,0,,,,,7,7.8,ok
TIC 434362356,191.0672,-61.9392,5.68,0,,,,,7,8.6,ok
TIC 449049068,215.6265,-71.3558,5.69,0,,,,,7,6.6,ok
TIC 453782421,199.308,-43.9795,5.69,0,,,,,5,5.0,ok
TIC 334564391,193.5746,-70.0368,5.69,0,,,,,7,7.0,ok
TIC 273394199,186.2869,-48.3091,5.69,0,,,,,6,5.6,ok
TIC 262871257,218.443,-79.9553,5.69,0,,,,,8,9.4,ok
TIC 424412802,236.3648,-65.7498,5.7,0,,,,,9,8.6,ok
TIC 22029931,182.7619,-45.4229,5.7,0,,,,,6,5.7,ok
TIC 411983347,291.1066,-63.3616,5.7,0,,,,,9,8.3,ok
TIC 396212145,300.234,-74.0128,5.7,0,,,,,10,9.5,ok
TIC 406730617,223.2842,-82.6826,5.7,0,,,,,6,7.4,ok
TIC 328476086,190.5209,-69.4076,5.7,0,,,,,6,5.7,ok
TIC 434513165,189.685,-18.2499,5.7,0,,,,,4,4.1,ok
TIC 245074237,198.0294,-50.0666,5.71,0,,,,,8,7.6,ok
TIC 448292567,209.3749,-68.0058,5.71,0,,,,,7,7.0,ok
TIC 320302567,205.2788,-62.4994,5.71,0,,,,,5,5.1,ok
TIC 294344593,265.9598,-67.4032,5.71,0,,,,,9,8.3,ok
TIC 178887276,195.0128,-36.1824,5.71,0,,,,,5,5.0,ok
TIC 179486821,187.983,-63.5058,5.71,0,,,,,7,6.7,ok
TIC 165904594,192.4648,-50.324,5.71,0,,,,,6,6.0,ok
TIC 354944747,324.7377,-79.4428,5.71,0,,,,,9,8.3,ok
TIC 164293200,191.6904,-49.2684,5.71,0,,,,,7,6.4,ok
TIC 449391034,200.0089,-62.5265,5.72,0,,,,,6,6.0,ok
TIC 421893475,339.0939,-72.7132,5.72,0,,,,,11,9.1,ok
TIC 452718432,172.5859,-25.7986,5.72,0,,,,,6,6.9,ok
TIC 375563752,170.0767,-28.3322,5.72,0,,,,,6,7.4,ok
TIC 305272585,261.9321,-63.2636,5.72,0,,,,,8,7.6,ok
TIC 438692243,202.4246,-46.1836,5.72,0,,,,,6,6.0,ok
TIC 337719841,215.5377,-62.002,5.72,0,,,,,8,7.6,ok
TIC 310054248,250.1981,-72.2994,5.72,0,,,,,7,6.4,ok
TIC 276646863,265.8594,-78.6929,5.72,0,,,,,8,7.7,ok
TIC 387190281,303.8701,-54.608,5.73,0,,,,,5,5.2,ok
TIC 309523447,184.5701,-62.6409,5.73,0,,,,,8,9.9,ok
TIC 341478268,239.0241,-60.483,5.73,0,,,,,9,10.7,ok
TIC 15633716,185.5937,-52.9918,5.73,0,,,,,5,7.0,ok
TIC 102174732,195.4412,-39.616,5.73,0,,,,,4,4.1,ok
TIC 454901855,227.6836,-61.4224,5.73,0,,,,,7,7.9,ok
TIC 47315372,230.9629,-57.3307,5.73,0,,,,,8,8.2,ok
TIC 292441719,221.6114,-64.543,5.74,0,,,,,9,9.1,ok
TIC 413356994,214.7636,-59.3849,5.74,0,,,,,7,6.6,ok
TIC 293419639,222.1493,-63.3554,5.74,0,,,,,8,7.5,ok
TIC 441173738,197.0297,-65.306,5.74,0,,,,,7,6.9,ok
TIC 401431637,200.5678,-52.183,5.75,0,,,,,7,6.7,ok
TIC 434494629,172.9471,-20.7763,5.75,0,,,,,6,5.8,ok
TIC 461203071,181.6575,-37.8601,5.75,0,,,,,5,5.0,ok
TIC 346630890,293.7493,-81.7529,5.75,0,,,,,10,9.4,ok
TIC 422044019,301.8964,-55.0158,5.75,0,,,,,5,4.8,ok
TIC 276734709,270.277,-78.3802,5.75,0,,,,,8,14.9,ok
TIC 263665054,231.2006,-71.3235,5.75,0,,,,,9,8.7,ok
TIC 398627604,180.1589,-57.6182,5.76,0,,,,,7,6.8,ok
TIC 429358056,183.9536,-22.0557,5.76,0,,,,,5,5.2,ok
TIC 403273614,228.9089,-72.3986,5.76,0,,,,,9,8.6,ok
TIC 376564001,180.7612,-55.1954,5.76,0,,,,,7,6.7,ok
TIC 339665237,298.8926,-63.0144,5.76,0,,,,,7,6.7,ok
TIC 310883625,185.3379,-62.2816,5.76,0,,,,,8,7.6,ok
TIC 241751294,208.8002,-52.161,5.76,0,,18.3,rejete,variabilite_continue;eclipse_secondaire,6,9.4,ok
TIC 403288575,332.8488,-64.0143,5.76,0,,,,,11,9.4,ok
TIC 464491480,284.6196,-64.002,5.77,0,,,,,8,7.4,ok
TIC 395118158,218.8741,-60.642,5.77,0,,,,,7,6.6,ok
TIC 453472305,188.0414,-27.5662,5.77,0,,,,,4,4.1,ok
TIC 188221781,220.789,-58.2665,5.77,0,,,,,7,6.8,ok
TIC 409948637,316.6225,-68.6459,5.77,0,,,,,7,6.6,ok
TIC 410036261,320.0812,-67.2567,5.77,0,,,,,7,6.4,ok
TIC 343647193,272.1449,-75.1056,5.78,0,,,,,9,8.8,ok
TIC 187730895,220.4838,-58.6161,5.78,0,,,,,7,6.8,ok
TIC 244934834,196.9091,-53.4599,5.78,0,,,,,6,5.9,ok
TIC 370205754,314.0146,-58.3585,5.78,0,,,,,7,6.4,ok
TIC 241414705,205.2996,-48.3184,5.78,0,,,,,5,5.3,ok
TIC 243177869,202.844,-42.4649,5.78,0,,,,,4,4.1,ok
TIC 386011248,216.7648,-60.2912,5.78,0,,,,,8,8.0,ok
TIC 346704014,297.0414,-78.7268,5.78,0,,,,,9,8.3,ok
TIC 327724621,331.839,-68.7201,5.78,0,,,,,9,8.8,ok
TIC 341000477,311.6947,-64.9099,5.79,0,,,,,6,5.9,ok
TIC 437297481,191.4691,-21.7683,5.79,0,,,,,4,4.3,ok
TIC 304663241,260.306,-63.5824,5.79,0,,,,,8,8.1,ok
TIC 466231610,303.6115,-63.4156,5.79,0,,,,,8,7.3,ok
TIC 243423798,205.4029,-45.4941,5.79,0,,,,,5,5.1,ok
TIC 447179213,250.2112,-60.447,5.79,0,,,,,8,8.1,ok
TIC 292297198,279.1273,-69.8851,5.79,0,,,,,9,8.4,ok
TIC 181240055,174.9933,-38.1085,5.79,0,,,,,7,7.6,ok
TIC 46080184,230.5004,-57.1453,5.79,0,,,,,8,8.3,ok
TIC 339260231,294.5445,-63.9155,5.79,0,,,,,6,6.1,ok
TIC 421252164,216.815,-78.6206,5.79,0,,,,,8,7.7,ok
TIC 71379213,236.5788,-57.8125,5.79,0,,,,,6,6.1,ok
TIC 997455580,183.5099,-45.7242,5.79,0,,,,,3,4.0,ok
TIC 25485058,192.9865,-35.0824,5.8,0,,,,,5,5.0,ok
TIC 382274013,287.5344,-71.5485,5.8,0,,,,,10,9.1,ok
TIC 30992795,201.096,-38.0335,5.8,0,,,,,4,4.0,ok
TIC 287675512,198.5827,-42.8525,5.8,0,,,,,4,4.1,ok
TIC 397886324,219.2998,-62.0109,5.8,0,,,,,7,7.1,ok
TIC 436267716,193.4538,-60.3762,5.8,0,,,,,8,7.9,ok
TIC 130867823,187.9112,-30.9819,5.8,0,,,,,4,4.4,ok
TIC 228760810,194.187,-27.3818,5.8,0,,,,,3,3.2,ok
TIC 376380463,179.3911,-57.9481,5.8,0,,,,,5,5.1,ok
TIC 253394683,196.6573,-54.5059,5.8,0,,,,,6,5.9,ok
TIC 329879897,212.7594,-48.7829,5.8,0,,,,,5,5.4,ok
TIC 130790372,187.2843,-34.8346,5.8,0,,,,,4,5.1,ok
TIC 342230156,239.7421,-65.0376,5.81,0,,,,,9,8.7,ok
TIC 256597468,200.1455,-59.7729,5.81,0,,35.7,rejete,variabilite_continue;eclipse_secondaire,7,11.2,ok
TIC 207792130,207.3235,-55.3812,5.81,0,,,,,7,7.2,ok
TIC 261955756,227.8053,-67.9867,5.81,0,,,,,8,8.0,ok
TIC 305849019,263.4942,-61.532,5.81,0,,,,,6,6.0,ok
TIC 379547687,181.2853,-61.1797,5.82,0,,,,,7,6.4,ok
TIC 452713333,172.4106,-24.4639,5.82,0,,,,,5,5.0,ok
TIC 412434568,192.8993,-58.4846,5.82,0,,,,,8,8.3,ok
TIC 277350005,234.6575,-58.7787,5.82,0,,,,,7,7.0,ok
TIC 243416139,205.306,-46.0285,5.82,0,,,,,5,5.3,ok
TIC 290352455,329.2671,-76.2112,5.82,0,,,,,6,6.4,ok
TIC 305176519,261.6499,-62.9232,5.83,0,,,,,8,9.1,ok
TIC 304904153,261.0045,-62.8642,5.83,0,,,,,8,7.6,ok
TIC 466095512,294.8507,-69.3379,5.83,0,,,,,10,9.0,ok
TIC 410464609,320.4417,-64.4097,5.83,0,,,,,8,7.2,ok
TIC 72760821,188.4126,-44.184,5.83,0,,,,,4,4.2,ok
TIC 448695689,182.0804,-34.6749,5.83,0,,,,,6,5.8,ok
TIC 443438094,199.5225,-60.3973,5.83,0,,,,,6,6.4,ok
TIC 77556406,178.8759,-24.8573,5.84,0,,,,,5,5.0,ok
TIC 396426610,213.2948,-73.4262,5.84,0,,,,,9,9.0,ok
TIC 157324520,176.8136,-30.2882,5.84,0,,,,,6,6.0,ok
TIC 345176811,281.9538,-77.8672,5.84,0,,,,,9,8.4,ok
TIC 433007215,170.4609,-24.9949,5.84,0,,,,,5,4.9,ok
TIC 461167379,171.9064,-25.8607,5.84,0,,,,,5,4.8,ok
TIC 317210320,203.7964,-62.6309,5.84,0,,,,,6,6.0,ok
TIC 364489881,253.4226,-69.0548,5.84,0,,,,,8,7.5,ok
TIC 324654011,312.9433,-82.5362,5.84,0,,,,,8,7.7,ok
TIC 296672519,223.9914,-60.906,5.84,0,,,,,7,6.9,ok
TIC 124148366,196.6575,-31.6121,5.84,0,,,,,5,5.2,ok
TIC 134971152,184.3944,-40.0045,5.84,0,,,,,4,4.7,ok
TIC 412187339,190.5886,-58.4685,5.84,0,,,,,6,6.2,ok
TIC 83207850,188.9952,-20.5279,5.85,0,,,,,4,4.3,ok
TIC 210809900,212.8456,-56.3831,5.85,0,,,,,7,6.9,ok
TIC 270262695,175.2823,-29.1948,5.85,0,,,,,6,5.8,ok
TIC 321049291,205.6853,-61.8921,5.85,0,,,,,6,5.9,ok
TIC 243237779,203.661,-42.2848,5.85,0,,,,,6,5.8,ok
TIC 361861044,244.2717,-67.9419,5.85,0,,,,,8,7.5,ok
TIC 411307910,183.217,-59.6553,5.85,0,,,,,8,8.0,ok
TIC 450441713,186.1765,-60.9042,5.86,0,,,,,7,6.5,ok
TIC 423513399,235.2382,-61.1412,5.86,0,,,,,7,7.0,ok
TIC 241692860,208.4294,-53.3735,5.86,0,,,,,7,7.1,ok
TIC 447233389,250.6624,-61.785,5.86,0,,,,,7,6.9,ok
TIC 442943322,198.5079,-62.6539,5.86,0,,,,,7,7.6,ok
TIC 253319385,195.9035,-56.6453,5.86,0,,,,,8,7.8,ok
TIC 337919172,198.2038,-66.2267,5.86,0,,,,,5,4.9,ok
TIC 394086684,339.0152,-65.1194,5.86,0,,,,,11,9.1,ok
TIC 448888783,214.1612,-66.5879,5.86,0,,,,,8,8.0,ok
TIC 57795673,174.9395,-34.9821,5.86,0,,,,,7,6.9,ok
TIC 342050102,239.6826,-60.7074,5.86,0,,,,,9,8.6,ok
TIC 275591731,179.1816,-47.0722,5.87,0,,,,,6,6.0,ok
TIC 271466490,232.8499,-60.8773,5.87,0,,,,,8,7.8,ok
TIC 131003697,189.0336,-33.7462,5.87,0,,,,,4,4.1,ok
TIC 152597296,172.4255,-38.4569,5.87,0,,,,,8,7.6,ok
TIC 365368118,273.2202,-63.6158,5.87,0,,,,,8,7.6,ok
TIC 442392201,197.971,-63.303,5.87,0,,,,,6,6.1,ok
TIC 135225667,185.9359,-38.9115,5.88,0,,,,,5,5.0,ok
TIC 361525439,194.11,-74.4925,5.88,0,,,,,5,5.4,ok
TIC 440197267,196.2428,-61.4387,5.88,0,,,,,5,5.3,ok
TIC 243308487,204.2856,-42.7814,5.88,0,,,,,4,4.1,ok
TIC 425433239,200.9689,-47.8907,5.88,0,,,,,6,5.9,ok
TIC 424136217,236.0466,-62.1599,5.88,0,,,,,6,6.1,ok
TIC 429358497,183.902,-20.5293,5.88,0,,,,,5,4.9,ok
TIC 204699050,185.7499,-24.871,5.89,0,,,,,5,5.3,ok
TIC 384341333,246.7525,-82.56,5.89,0,,,,,7,7.5,ok
TIC 65305860,235.8522,-59.6153,5.89,0,,,,,7,7.0,ok
TIC 403802333,179.4753,-27.7116,5.89,0,,,,,5,5.3,ok
TIC 9436243,191.9719,-25.0156,5.89,0,,,,,2,2.2,ok
TIC 68418284,202.6049,-58.6644,5.89,0,,,,,8,8.4,ok
TIC 57717864,174.255,-32.9888,5.89,0,,,,,6,5.8,ok
TIC 262929483,229.9404,-66.4961,5.89,0,,,,,?,962.0,timeout
TIC 134812686,183.3541,-38.9293,5.9,0,,,,,6,6.3,ok
TIC 253182472,195.0836,-58.8777,5.9,0,,,,,8,8.0,ok
TIC 241402261,205.1316,-53.0355,5.9,0,,,,,7,7.0,ok
TIC 406319088,326.5831,-62.5501,5.9,0,,,,,11,9.1,ok
TIC 186818732,220.1866,-58.961,5.91,0,,,,,5,5.3,ok
TIC 73081785,189.6869,-45.2463,5.91,0,,,,,4,4.3,ok
TIC 406935352,228.8646,-79.1368,5.91,0,,25.2,rejete,variabilite_continue;eclipse_secondaire,8,12.3,ok
TIC 259765082,323.2165,-64.1501,5.91,0,,,,,8,7.4,ok
TIC 134754537,182.6413,-37.8706,5.91,0,,,,,6,5.9,ok
TIC 365996589,276.3818,-63.0223,5.92,0,,,,,9,8.8,ok
TIC 292221964,278.5604,-66.2793,5.92,0,,,,,4,4.0,ok
TIC 447579702,253.853,-63.2698,5.92,0,,,,,8,7.4,ok
TIC 380595719,269.1027,-65.7241,5.92,0,,,,,9,8.6,ok
TIC 124450683,198.7261,-34.6318,5.92,0,,,,,4,4.2,ok
TIC 315035146,202.8891,-61.5824,5.92,0,,,,,7,7.5,ok
TIC 315658083,203.0594,-61.9906,5.92,0,,,,,6,6.7,ok
TIC 243622210,207.1862,-44.5134,5.92,0,,,,,5,5.5,ok
TIC 295314957,270.8911,-66.5386,5.92,0,,,,,6,6.2,ok
TIC 399025895,198.3469,-50.6999,5.92,0,,,,,8,8.3,ok
TIC 135510377,187.997,-41.0553,5.92,0,,,,,3,3.7,ok
TIC 405619285,191.1785,-17.7786,5.92,0,,,,,3,3.4,ok
TIC 340327767,201.3803,-68.5281,5.92,0,,,,,7,7.7,ok
TIC 327303574,310.4383,-75.352,5.93,0,,,,,9,8.6,ok
TIC 304792964,279.6765,-70.2355,5.93,0,,,,,9,8.7,ok
TIC 228697180,193.7951,-24.9557,5.93,0,,,,,3,3.5,ok
TIC 330304467,213.2446,-53.8586,5.93,0,,,,,4,4.6,ok
TIC 301842094,259.3559,-66.952,5.93,0,,,,,6,5.9,ok
TIC 290732717,255.9438,-62.9562,5.93,0,,,,,8,8.0,ok
TIC 253430040,196.7598,-58.8055,5.93,0,,,,,7,6.9,ok
TIC 450719149,186.8532,-63.7891,5.93,0,,,,,8,8.2,ok
TIC 332456001,215.5831,-49.8494,5.94,0,,,,,4,5.1,ok
TIC 333292021,181.2638,-51.1914,5.94,0,,,,,5,5.1,ok
TIC 448586269,174.9872,-33.4501,5.94,0,,,,,6,5.8,ok
TIC 275778610,207.9465,-46.8988,5.94,0,,,,,5,5.6,ok
TIC 170459141,184.3734,-34.5051,5.94,0,,,,,5,4.9,ok
TIC 447503899,253.1345,-61.0786,5.94,0,,,,,7,6.9,ok
TIC 351532879,309.16,-63.1215,5.94,0,,,,,6,6.7,ok
TIC 144771989,192.3433,-40.7751,5.94,0,,,,,4,7.0,ok
TIC 343577503,269.8392,-77.8239,5.94,0,,,,,9,9.4,ok
TIC 363748801,250.346,-68.2962,5.94,0,,,,,6,5.5,ok
TIC 448714306,212.7572,-69.7195,5.94,0,,,,,9,9.9,ok
TIC 359308747,201.15,-53.9144,5.94,0,,,,,7,7.6,ok
TIC 301098674,254.8912,-69.2683,5.94,0,,,,,8,8.1,ok
TIC 451495562,240.2147,-68.6785,5.95,0,,,,,8,8.5,ok
TIC 437310271,194.382,-65.6462,5.95,0,,,,,7,6.8,ok
TIC 208383886,208.6006,-54.4121,5.95,0,,,,,6,6.7,ok
TIC 255967473,198.6933,-55.9815,5.95,0,,,,,6,6.0,ok
TIC 297628338,224.5438,-59.9509,5.95,0,,,,,6,6.1,ok
TIC 402749789,224.5335,-77.0697,5.95,0,,,,,8,13.0,ok
TIC 397221117,219.1234,-61.059,5.95,0,,,,,6,8.3,ok
TIC 306996173,178.6046,-37.7485,5.95,0,,,,,6,10.4,ok
TIC 451132596,187.8838,-61.1163,5.95,0,,,,,7,9.5,ok
TIC 394508465,200.7187,-72.1468,5.96,0,,,,,7,7.7,ok
TIC 366018268,221.8024,-52.2053,5.96,0,,,,,6,6.5,ok
TIC 381750385,182.8116,-64.4368,5.96,0,,,,,7,7.0,ok
TIC 410441676,319.6918,-61.3559,5.96,0,,,,,6,6.2,ok
TIC 22457387,186.8111,-18.4117,5.96,0,,,,,5,4.8,ok
TIC 83113252,188.3424,-19.7927,5.96,0,,,,,5,4.9,ok
TIC 447734030,255.387,-64.2501,5.96,0,,,,,7,6.8,ok
TIC 209971455,211.443,-54.6696,5.96,0,,,,,7,7.1,ok
TIC 90801126,216.3455,-55.0184,5.96,0,,,,,7,8.9,ok
TIC 401862221,217.9586,-76.274,5.96,0,,,,,8,7.8,ok
TIC 318087025,306.2303,-83.3106,5.97,0,,,,,10,10.1,ok
TIC 320266984,295.2203,-58.2698,5.97,0,,,,,6,5.5,ok
TIC 204698580,185.6105,-24.2367,5.97,0,,,,,4,4.1,ok
TIC 457689939,218.0712,-51.3387,5.97,0,,,,,3,3.3,ok
TIC 403910039,188.4944,-49.9102,5.97,0,,,,,5,5.4,ok
TIC 333922671,182.4443,-51.7839,5.97,0,,,,,?,138.4,timeout
TIC 400701200,220.0023,-65.3392,5.97,0,,,,,7,8.8,ok
TIC 461269698,203.2093,-36.8536,5.97,0,,,,,4,4.3,ok
TIC 343001016,205.4329,-68.0921,5.97,0,,,,,7,7.0,ok
TIC 327161947,210.4104,-61.8353,5.98,0,,,,,6,6.2,ok
TIC 410148949,339.8791,-68.0606,5.98,0,,,,,9,8.1,ok
TIC 245254490,199.0535,-52.415,5.98,0,,,,,7,6.7,ok
TIC 388118001,217.2765,-60.6465,5.98,0,,,,,8,8.1,ok
TIC 396089749,297.368,-65.9793,5.98,0,,,,,7,6.5,ok
TIC 258706265,222.2159,-66.844,5.98,0,,,,,8,7.8,ok
TIC 305321139,262.0199,-64.9512,5.98,0,,,,,6,6.0,ok
TIC 165323000,179.4292,-37.6507,5.98,0,,,,,6,5.8,ok
TIC 295346435,223.2573,-60.8447,5.98,0,,,,,6,6.2,ok
TIC 425878192,235.4775,-76.0823,5.98,0,,,,,8,8.1,ok
TIC 461166720,171.8377,-24.1697,5.98,0,,,,,5,4.9,ok
TIC 393936589,197.1576,-72.8227,5.98,0,,,,,5,5.2,ok
TIC 453483931,195.121,-43.0884,5.98,0,,,,,3,4.2,ok
TIC 297446213,241.6878,-64.5616,5.99,0,,,,,6,5.8,ok
TIC 443525697,199.5827,-63.4492,5.99,0,,,,,6,6.2,ok
TIC 21106378,186.744,-52.703,5.99,0,,,,,5,5.7,ok
TIC 67208897,181.6551,-55.0709,5.99,0,,,,,6,5.9,ok
TIC 219382427,172.0971,-23.8269,5.99,0,,,,,5,4.8,ok
TIC 276011822,208.4206,-44.8316,5.99,0,,,,,4,4.1,ok
TIC 438638623,202.089,-44.2799,5.99,0,,,,,5,6.1,ok
TIC 361958918,196.5346,-77.1076,5.99,0,,,,,7,6.8,ok
TIC 375629423,178.5478,-57.4102,5.99,0,,,,,6,5.6,ok
TIC 208607938,209.0188,-55.9532,5.99,0,,,,,6,6.1,ok
TIC 405663562,191.6258,-15.4405,5.99,0,,,,,5,4.8,ok
TIC 165377279,179.5839,-40.9471,6.0,0,,,,,6,7.2,ok
TIC 304410431,276.423,-70.8155,6.0,0,,,,,7,7.0,ok
TIC 289620187,202.3636,-59.3157,6.0,0,,,,,7,6.7,ok
TIC 333290117,181.3337,-50.2706,6.0,0,,,,,5,4.8,ok
TIC 291766513,218.1378,-56.8878,6.01,0,,,,,6,5.5,ok
TIC 301956407,260.0518,-70.0468,6.01,1,1.8314,22.5,rejete,variabilite_continue;eclipse_secondaire,8,11.7,ok
TIC 243321910,204.3475,-46.428,6.01,0,,,,,5,5.5,ok
TIC 455463415,229.1528,-60.904,6.01,1,5.8574,10.9,rejete,variabilite_continue;eclipse_secondaire,5,8.7,ok
TIC 363874696,250.8425,-67.4326,6.01,0,,,,,6,5.6,ok
TIC 403198068,228.1412,-72.7707,6.01,0,,21.2,rejete,variabilite_continue;eclipse_secondaire,9,13.0,ok
TIC 424717049,236.9705,-65.4426,6.01,0,,,,,9,8.5,ok
TIC 318567328,332.3528,-70.9041,6.02,0,,,,,10,9.6,ok
TIC 181062415,173.4043,-40.5865,6.02,0,,,,,7,6.9,ok
TIC 371796948,305.3652,-66.7497,6.03,0,,,,,8,7.2,ok
TIC 314265097,202.2819,-64.6758,6.04,0,,,,,4,4.0,ok
TIC 277130983,282.992,-83.3165,6.04,0,,,,,7,6.5,ok
TIC 450784713,187.0796,-64.3411,6.05,0,,,,,6,6.9,ok
TIC 394947052,203.2944,-77.5705,6.05,0,,,,,7,6.8,ok
TIC 418716757,210.1362,-78.59,6.05,0,,,,,7,6.8,ok
TIC 329488484,212.3956,-51.5048,6.05,0,,,,,6,6.0,ok
TIC 408757239,213.4157,-54.6257,6.05,0,,,,,5,4.9,ok
TIC 258704817,222.1855,-66.5936,6.06,0,,,,,8,7.7,ok
TIC 352289506,298.6684,-61.1707,6.06,0,,,,,8,7.4,ok
TIC 308769611,184.2756,-65.693,6.07,0,,,,,8,7.6,ok
TIC 256056579,266.0823,-72.2202,6.08,0,,,,,9,7.9,ok
TIC 42616952,228.666,-59.8206,6.08,0,,,,,3,3.4,ok
TIC 243475355,205.9169,-42.0675,6.08,1,1.0946,63.6,rejete,variabilite_continue;eclipse_secondaire,5,7.4,ok
TIC 412298784,190.7069,-55.9471,6.08,0,,,,,7,6.5,ok
TIC 412300810,190.7878,-56.1763,6.08,0,,,,,7,6.7,ok
TIC 124401411,198.1827,-31.8756,6.09,0,,,,,5,4.6,ok
TIC 382384315,289.1194,-69.191,6.09,0,,,,,9,8.1,ok
TIC 327594610,326.3704,-71.0089,6.11,0,,,,,7,6.6,ok
TIC 135176716,185.9029,-39.3023,6.11,0,,13.0,rejete,variabilite_continue;eclipse_secondaire,4,7.0,ok
TIC 402180616,220.472,-75.1396,6.11,0,,,,,9,9.4,ok
TIC 453635876,205.7337,-56.768,6.11,0,,,,,6,5.9,ok
TIC 144921815,192.987,-39.6806,6.11,0,,,,,4,4.1,ok
TIC 350466558,246.3419,-63.1251,6.12,0,,,,,7,6.7,ok
TIC 447489245,252.9745,-65.3756,6.12,0,,,,,7,7.8,ok
TIC 135165545,185.6883,-39.1788,6.12,0,,,,,5,5.7,ok
TIC 142006351,178.361,-35.0669,6.13,0,,,,,6,6.2,ok
TIC 299953878,208.235,-62.7206,6.13,0,,,,,7,6.7,ok
TIC 341080012,312.9118,-62.4297,6.13,0,,,,,7,6.2,ok
TIC 181020271,173.2125,-36.2094,6.13,0,,,,,6,5.4,ok
TIC 22102358,182.8707,-44.2831,6.13,0,,,,,6,5.5,ok
TIC 340963903,202.1945,-69.6272,6.14,0,,,,,6,5.5,ok
TIC 336343562,195.772,-71.4758,6.14,0,,,,,7,7.5,ok
TIC 341034233,238.7193,-60.7437,6.15,0,,,,,8,7.3,ok
TIC 259723764,223.6773,-65.9912,6.16,0,,,,,7,6.6,ok
TIC 318566416,331.9738,-70.2856,6.16,0,,,,,10,8.7,ok
TIC 326467176,210.0715,-61.4813,6.16,0,,,,,7,6.3,ok
TIC 190267332,221.2955,-55.6017,6.16,0,,,,,6,5.7,ok
TIC 290376803,330.4688,-77.6626,6.17,0,,,,,7,6.3,ok
TIC 1112343918,236.9712,-65.4429,6.17,0,,,,,8,7.4,ok
TIC 422703551,234.0723,-65.6137,6.17,0,,,,,9,8.1,ok
TIC 454802988,227.3562,-63.6431,6.18,0,,,,,7,6.6,ok
TIC 134977626,184.4466,-36.094,6.18,0,,,,,5,4.8,ok
TIC 467933738,282.4322,-72.9958,6.19,0,,,,,10,8.8,ok
TIC 142392159,181.8961,-31.4114,6.19,0,,,,,5,4.7,ok
TIC 398765285,180.3708,-57.5039,6.19,0,,,,,7,6.7,ok
TIC 243215335,203.3715,-43.4229,6.2,0,,,,,5,4.6,ok
TIC 464344675,280.5942,-64.6433,6.2,1,1.5848,10.1,rejete,variabilite_continue,7,9.7,ok
TIC 144506852,190.8597,-40.1779,6.2,0,,,,,4,4.0,ok
TIC 403121375,324.5124,-64.8242,6.21,0,,,,,8,6.8,ok
TIC 262457542,228.8088,-70.5208,6.21,0,,,,,10,8.7,ok
TIC 449650980,200.6492,-60.9722,6.22,0,,,,,7,6.4,ok
TIC 374343837,299.7215,-68.7631,6.22,0,,,,,8,7.1,ok
TIC 402995680,249.7196,-60.9906,6.22,0,,,,,6,5.5,ok
TIC 447645421,254.5644,-65.2049,6.23,0,,,,,4,3.8,ok
TIC 327774344,189.7181,-67.1931,6.23,0,,,,,6,5.8,ok
TIC 165909249,192.5807,-48.4595,6.23,0,,,,,5,4.6,ok
TIC 402805529,224.9822,-75.0328,6.24,0,,,,,9,8.5,ok
TIC 181152530,174.1694,-37.2372,6.24,0,,,,,7,6.3,ok
TIC 310555052,185.1168,-65.8427,6.25,0,,,,,8,7.3,ok
TIC 142110847,179.2652,-33.3155,6.25,0,,,,,5,4.7,ok
TIC 453848870,225.259,-64.5765,6.26,0,,,,,7,6.6,ok
TIC 332167674,179.5636,-47.9777,6.26,0,,,,,6,5.7,ok
TIC 311401333,259.1479,-74.5334,6.26,0,,,,,9,8.0,ok
TIC 382515892,183.5704,-64.4085,6.26,0,,,,,7,6.6,ok
TIC 210502402,212.2342,-59.2768,6.27,0,,,,,6,5.9,ok
TIC 305325015,262.0326,-63.0364,6.27,0,,,,,8,7.7,ok
TIC 438789717,201.7765,-49.1437,6.28,0,,,,,5,4.7,ok
TIC 334791971,184.3797,-48.926,6.28,0,,,,,5,4.7,ok
TIC 332460747,215.6612,-48.3199,6.28,0,,,,,3,3.1,ok
TIC 372318215,315.3664,-68.2095,6.28,0,,,,,6,5.3,ok
TIC 469979280,342.3231,-70.3478,6.29,0,,,,,11,8.7,ok
TIC 454015615,175.3609,-41.0192,6.29,0,,,,,7,6.5,ok
TIC 331664814,212.6831,-62.479,6.29,0,,,,,7,6.3,ok
TIC 372315670,315.0336,-69.5815,6.29,0,,,,,7,6.4,ok
TIC 130869600,188.0181,-32.5339,6.29,0,,,,,3,3.0,ok
TIC 298275012,242.4964,-62.9676,6.29,0,,,,,4,4.0,ok
TIC 142375417,181.4858,-35.6939,6.29,0,,,,,6,5.7,ok
TIC 438637923,202.0237,-43.7687,6.3,0,,,,,2,2.1,ok
TIC 166563438,193.0221,-48.0943,6.3,0,,,,,5,4.7,ok
TIC 354670806,321.1724,-68.2265,6.31,0,,,,,5,4.7,ok
TIC 272482277,187.8197,-57.0815,6.31,0,,,,,4,3.9,ok
TIC 327925616,189.9821,-66.5112,6.31,0,,,,,6,6.0,ok
TIC 287609748,198.4665,-45.1866,6.31,0,,,,,5,4.8,ok
TIC 395186118,204.7993,-75.6839,6.31,0,,,,,7,6.7,ok
TIC 435101754,192.5489,-60.4006,6.32,1,1.0482,25.6,rejete,variabilite_continue;eclipse_secondaire,5,8.0,ok
TIC 364161650,251.7316,-68.1017,6.32,0,,,,,3,3.3,ok
TIC 1988853839,312.9132,-62.4295,6.32,0,,,,,6,5.6,ok
TIC 355542556,302.7809,-57.5244,6.34,0,,,,,5,4.7,ok
TIC 241299185,203.6204,-48.2722,6.34,0,,,,,4,4.2,ok
TIC 339546330,297.5907,-61.0611,6.34,0,,,,,7,6.3,ok
TIC 264147612,217.1811,-59.1976,6.34,0,,,,,5,5.7,ok
TIC 315340047,202.9895,-65.3219,6.34,0,,,,,4,4.1,ok
TIC 295649670,274.5039,-68.2294,6.34,0,,,,,7,6.8,ok
TIC 326538408,188.3698,-68.7581,6.35,0,,,,,7,6.4,ok
TIC 433084576,181.188,-59.2533,6.35,0,,,,,3,3.2,ok
TIC 260772408,189.1938,-50.3355,6.35,1,1.2629,34.4,rejete,variabilite_continue;eclipse_secondaire,6,8.7,ok
TIC 466098380,294.9681,-66.6858,6.36,0,,,,,8,7.1,ok
TIC 429357696,183.9446,-23.3542,6.37,0,,,,,5,5.0,ok
TIC 303658933,257.5261,-61.6755,6.37,0,,,,,7,7.6,ok
TIC 446318155,206.56,-54.6836,6.37,0,,,,,7,6.5,ok
TIC 282406261,216.091,-82.8483,6.37,0,,,,,6,6.5,ok
TIC 448807110,182.5102,-34.7048,6.38,0,,,,,6,5.7,ok
TIC 352510765,325.1204,-74.0727,6.38,0,,,,,6,6.3,ok
TIC 278660127,328.8936,-70.0686,6.38,0,,,,,6,5.9,ok
TIC 351920521,280.5608,-81.8082,6.38,0,,,,,8,7.1,ok
TIC 410422209,319.5023,-64.6818,6.39,0,,,,,7,6.1,ok
TIC 401701660,317.3502,-82.0277,6.39,0,,,,,9,8.0,ok
TIC 263789026,235.0473,-70.2283,6.39,0,,,,,7,6.4,ok
TIC 275379929,179.7263,-25.909,6.39,0,,,,,4,3.7,ok
TIC 305421338,262.3704,-61.7638,6.4,0,,16.0,rejete,variabilite_continue;eclipse_secondaire,4,6.5,ok
TIC 316422737,203.3988,-65.6329,6.4,0,,,,,5,4.7,ok
TIC 333011691,180.778,-48.195,6.4,0,,,,,3,3.0,ok
TIC 438789173,201.836,-49.3813,6.4,0,,,,,5,4.6,ok
TIC 342721199,204.8403,-67.6721,6.41,0,,,,,7,7.1,ok
TIC 379648762,181.3442,-62.9757,6.41,0,,,,,5,4.7,ok
TIC 311649327,260.5251,-75.35,6.42,0,,,,,7,6.7,ok
TIC 333670854,182.0199,-50.7637,6.43,0,,,,,6,5.5,ok
TIC 425432046,200.7607,-48.5628,6.43,0,,,,,6,5.7,ok
TIC 144510619,190.9945,-36.3492,6.43,0,,,,,2,2.4,ok
TIC 32636439,175.9836,-29.7474,6.44,0,,,,,6,5.5,ok
TIC 310855822,255.2266,-76.2199,6.44,0,,,,,7,6.5,ok
TIC 327724364,331.8702,-68.0239,6.44,0,,,,,11,8.8,ok
TIC 161162087,190.0913,-49.4015,6.45,0,,,,,7,6.3,ok
TIC 296969980,224.1831,-62.7811,6.45,0,,,,,7,6.9,ok
TIC 443621408,186.3069,-25.9861,6.45,0,,,,,4,3.8,ok
TIC 329299765,211.9197,-48.7042,6.45,0,,,,,4,4.6,ok
TIC 9436181,191.9732,-24.8514,6.46,0,,,,,2,2.2,ok
TIC 295770044,240.5664,-73.516,6.46,0,,,,,5,5.0,ok
TIC 258095326,221.0571,-69.6748,6.47,0,,,,,8,7.7,ok
TIC 404351212,323.3391,-80.0395,6.47,0,,,,,7,6.3,ok
TIC 450491293,186.4397,-64.0225,6.48,0,,,,,7,6.5,ok
TIC 208791781,209.0828,-54.1326,6.49,0,,,,,6,6.1,ok
TIC 243393076,205.1566,-44.3304,6.51,0,,,,,5,4.7,ok
TIC 253085110,194.2422,-54.5875,6.51,0,,,,,7,6.8,ok
TIC 309797185,248.9552,-71.8945,6.51,0,,,,,5,5.6,ok
TIC 466657225,304.2906,-67.4559,6.52,1,1.8488,13.9,rejete,variabilite_continue;eclipse_secondaire,6,9.0,ok
TIC 333194329,181.0692,-51.4726,6.53,0,,,,,4,4.2,ok
TIC 263018409,230.1689,-67.4816,6.53,0,,,,,9,8.7,ok
TIC 363877653,200.719,-47.9432,6.54,0,,,,,5,5.0,ok
TIC 311106921,256.8276,-76.2245,6.54,0,,,,,5,5.0,ok
TIC 241483053,206.0663,-51.0126,6.54,0,,,,,7,6.4,ok
TIC 272118101,233.3619,-61.2737,6.55,0,,,,,4,3.9,ok
TIC 270265624,175.4915,-24.386,6.55,0,,21.3,rejete,variabilite_continue;eclipse_secondaire;compagnon_trop_gros_3.2Rjup,4,7.5,ok
TIC 241682179,208.1425,-50.922,6.56,0,,22.3,rejete,variabilite_continue;eclipse_secondaire,5,8.0,ok
TIC 107143473,183.4035,-33.793,6.57,0,,,,,6,5.7,ok
TIC 453510803,205.4368,-54.5611,6.57,0,,,,,6,5.8,ok
TIC 396688762,214.9888,-73.9685,6.57,0,,,,,6,5.6,ok
TIC 403800324,179.3782,-27.0564,6.58,0,,,,,5,4.8,ok
TIC 166445064,207.3178,-40.5164,6.58,0,,,,,3,3.3,ok
TIC 327303570,310.4444,-75.3477,6.58,0,,,,,9,8.3,ok
TIC 382167682,183.1045,-60.0678,6.58,0,,17.1,rejete,variabilite_continue;eclipse_secondaire,3,4.8,ok
TIC 82849372,238.2282,-59.0623,6.58,0,,,,,7,6.8,ok
TIC 419575080,191.1453,-57.287,6.58,0,,,,,6,5.6,ok
TIC 424621975,236.7523,-62.7959,6.58,0,,,,,7,6.5,ok
TIC 306988730,266.9416,-63.5631,6.59,0,,,,,8,7.4,ok
TIC 450827144,187.0714,-61.7669,6.59,0,,,,,8,7.5,ok
TIC 403840715,188.3004,-52.0829,6.59,0,,,,,3,3.1,ok
TIC 259719464,322.7021,-62.1682,6.6,0,,,,,9,8.2,ok
TIC 469815594,304.682,-61.907,6.61,0,,,,,5,4.9,ok
TIC 243306857,204.1092,-42.4153,6.61,0,,,,,3,3.2,ok
TIC 243194645,203.1068,-47.2723,6.62,0,,,,,5,4.9,ok
TIC 271580224,319.5683,-75.347,6.62,0,,,,,7,6.4,ok
TIC 398476730,179.8484,-57.1681,6.62,0,,,,,6,5.5,ok
TIC 405501056,202.3361,-35.5715,6.62,0,,,,,5,5.2,ok
TIC 278660115,328.8656,-70.1156,6.64,0,,,,,6,5.9,ok
TIC 439979970,196.2579,-64.4417,6.66,0,,,,,7,6.4,ok
TIC 142116609,179.5145,-31.6512,6.66,0,,,,,6,5.4,ok
TIC 394674936,201.8261,-74.6919,6.67,1,1.1729,51.5,rejete,variabilite_continue;eclipse_secondaire,6,9.1,ok
TIC 163946606,191.4247,-50.1805,6.68,0,,,,,?,136.5,timeout
TIC 261462443,334.7077,-68.3145,6.68,0,,,,,11,8.9,ok
TIC 294560973,222.883,-60.93,6.68,0,,,,,7,6.9,ok
TIC 272581419,187.9678,-58.2906,6.69,0,,,,,6,5.9,ok
TIC 381987118,284.2375,-67.2334,6.69,0,,,,,8,7.3,ok
TIC 306881354,266.4569,-64.3254,6.7,1,2.1301,16.6,rejete,variabilite_continue;eclipse_secondaire,5,7.7,ok
TIC 362332215,245.4053,-71.8741,6.7,0,,,,,5,4.8,ok
TIC 383006458,216.1874,-63.7076,6.71,0,,,,,6,6.1,ok
TIC 424266325,236.2718,-61.2986,6.71,0,,,,,7,6.3,ok
TIC 363846319,200.3577,-43.6345,6.71,0,,,,,4,4.2,ok
TIC 405576310,191.9129,-58.2977,6.71,0,,,,,7,6.9,ok
TIC 295545756,273.6004,-70.7513,6.71,0,,,,,7,6.4,ok
TIC 449076688,215.8836,-66.6452,6.72,0,,30.0,rejete,variabilite_continue;eclipse_secondaire;compagnon_trop_gros_3.9Rjup,6,8.6,ok
TIC 448890959,214.2628,-66.3177,6.73,0,,,,,8,7.5,ok
TIC 42619105,228.6833,-59.8096,6.73,0,,,,,3,3.4,ok
TIC 364099782,251.4879,-67.7503,6.74,0,,,,,3,3.2,ok
TIC 372172883,312.2364,-68.7917,6.75,0,,,,,6,5.7,ok
TIC 253951371,199.0276,-57.0616,6.75,0,,,,,3,3.3,ok
TIC 335127620,194.3584,-67.9608,6.75,0,,,,,3,3.0,ok
TIC 304694872,278.4476,-71.7685,6.75,0,,,,,5,4.9,ok
TIC 238815210,328.0412,-62.053,6.75,0,,,,,11,9.6,ok
TIC 231632822,317.6025,-59.4078,6.76,0,,,,,4,3.9,ok
TIC 290932786,217.4929,-56.1314,6.76,0,,31.9,rejete,variabilite_continue;eclipse_secondaire,7,10.3,ok
TIC 339261412,294.6217,-65.9142,6.76,0,,,,,5,4.9,ok
TIC 436284921,193.4067,-60.3571,6.76,0,,,,,3,3.0,ok
TIC 342041655,239.4183,-60.201,6.77,0,,,,,9,8.4,ok
TIC 381140993,238.1504,-67.6397,6.77,0,,,,,5,5.0,ok
TIC 448315601,209.8651,-66.7114,6.77,0,,,,,3,2.9,ok
TIC 466231027,303.6458,-64.43,6.78,0,,,,,4,3.9,ok
TIC 339406181,199.9521,-70.8552,6.78,0,,,,,6,5.7,ok
TIC 362471775,245.7281,-66.8874,6.8,0,,,,,5,4.8,ok
TIC 394291353,199.4973,-73.3449,6.8,0,,,,,5,5.2,ok
TIC 402595813,248.2659,-63.8436,6.8,0,,,,,7,6.6,ok
TIC 290305042,328.6833,-73.4417,6.8,0,,,,,7,6.4,ok
TIC 327322205,210.474,-60.2578,6.81,0,,,,,4,4.1,ok
TIC 464415840,282.0267,-62.2303,6.82,0,,,,,8,7.3,ok
TIC 402706001,248.5873,-62.2744,6.83,0,,,,,4,3.9,ok
TIC 340786513,292.0458,-73.0911,6.83,0,,,,,10,8.9,ok
TIC 407123886,234.7548,-78.2355,6.83,0,,,,,3,3.2,ok
TIC 124172843,196.7329,-34.1225,6.83,0,,,,,4,4.1,ok
TIC 157138079,175.3433,-35.6037,6.83,0,,,,,3,3.5,ok
TIC 447311889,251.4866,-61.6638,6.84,0,,,,,4,3.8,ok
TIC 453817590,199.521,-44.0555,6.84,0,,,,,3,3.2,ok
TIC 395592112,207.8621,-73.1438,6.85,0,,,,,5,4.9,ok
TIC 261586418,227.4016,-68.7217,6.85,0,,,,,4,3.7,ok
TIC 260650678,186.5042,-49.5881,6.85,0,,,,,3,3.1,ok
TIC 343706897,206.8917,-71.2313,6.86,1,0.9467,62.8,rejete,variabilite_continue;eclipse_secondaire,4,6.1,ok
TIC 305946666,263.7629,-62.1112,6.86,0,,,,,4,4.2,ok
TIC 438695270,202.4004,-47.876,6.87,0,,,,,3,3.2,ok
TIC 22647848,185.2248,-47.4545,6.87,0,,,,,3,3.3,ok
TIC 333796385,175.9451,-21.0382,6.88,0,,,,,3,3.2,ok
TIC 372298419,314.4458,-68.4249,6.88,0,,,,,5,5.2,ok
TIC 433276798,182.6748,-56.4424,6.88,0,,,,,7,6.4,ok
TIC 276676383,269.5385,-81.4543,6.89,0,,,,,9,8.1,ok
TIC 332020324,215.1774,-52.3262,6.89,0,,,,,4,4.2,ok
TIC 359914730,209.7897,-45.4695,6.89,0,,,,,4,3.8,ok
TIC 453819990,199.6034,-45.7648,6.9,0,,,,,5,4.6,ok
TIC 466203577,302.5425,-63.6233,6.9,0,,,,,4,4.5,ok
TIC 181158879,174.2415,-38.9596,6.91,0,,,,,5,4.7,ok
TIC 303893911,258.1426,-63.6855,6.91,0,,,,,4,3.9,ok
TIC 401435810,200.4877,-51.2824,6.91,0,,,,,5,4.9,ok
TIC 419792721,325.1083,-71.5037,6.91,0,,,,,6,5.4,ok
TIC 351534793,309.4626,-60.635,6.92,0,,,,,7,7.2,ok
TIC 242256346,211.7425,-47.5893,6.92,0,,,,,2,2.5,ok
TIC 241552893,206.7937,-52.2694,6.92,0,,,,,7,6.7,ok
TIC 457273461,203.6018,-59.5136,6.92,0,,,,,7,6.8,ok
TIC 449041310,215.5685,-69.0856,6.92,0,,,,,8,7.3,ok
TIC 294540814,266.4346,-68.6475,6.92,0,,,,,5,4.7,ok
TIC 381941359,183.0421,-63.4542,6.93,0,,,,,7,6.6,ok
TIC 259424304,223.5406,-66.4213,6.93,0,,,,,8,7.9,ok
TIC 406870701,227.5795,-79.6128,6.94,0,,,,,8,7.8,ok
TIC 61822201,177.3654,-46.0675,6.94,0,,,,,4,3.8,ok
TIC 438702139,201.15,-51.5046,6.95,0,,,,,7,6.8,ok
TIC 438733202,201.507,-51.4795,6.95,0,,,,,4,4.0,ok
TIC 447088034,238.7024,-65.9011,6.96,0,,,,,8,7.8,ok
TIC 286987985,187.0112,-68.7337,6.96,0,,,,,7,6.8,ok
TIC 309806125,249.165,-77.346,6.96,0,,,,,3,3.8,ok
TIC 466131866,295.9995,-66.2991,6.96,0,,,,,8,7.3,ok
TIC 243474898,205.7436,-42.1824,6.97,0,,,,,5,5.0,ok
TIC 241641457,207.8932,-48.2989,6.98,0,,,,,5,5.3,ok
TIC 229181083,195.8416,-29.6633,6.98,0,,,,,4,3.7,ok
TIC 263211317,230.6337,-66.2116,6.98,0,,,,,5,5.0,ok
TIC 325794885,187.3795,-66.8605,6.98,0,,,,,3,3.0,ok
TIC 454272930,226.2197,-63.3264,6.99,0,,,,,4,4.1,ok
TIC 208390962,208.6592,-55.7384,7.0,0,,,,,7,6.6,ok
TIC 261580100,227.202,-70.7108,7.0,0,,,,,8,7.3,ok
TIC 142312635,181.1435,-31.1877,7.01,0,,,,,5,4.8,ok
TIC 371933860,307.5728,-69.0696,7.01,0,,,,,5,5.0,ok
TIC 455667423,229.5275,-60.0942,7.01,0,,,,,4,3.7,ok
TIC 298941139,243.092,-61.9293,7.02,0,,,,,7,6.7,ok
TIC 395599357,208.2751,-73.2689,7.02,0,,,,,3,3.3,ok
TIC 363380197,249.1329,-67.0051,7.03,0,,,,,4,4.2,ok
TIC 428673146,179.7928,-20.3569,7.03,0,,,,,5,4.9,ok
TIC 448126622,208.2459,-70.0473,7.03,0,,,,,3,3.1,ok
TIC 290493086,242.5382,-84.2318,7.03,0,,,,,7,7.0,ok
TIC 412245518,190.6631,-54.5384,7.04,0,,,,,3,3.0,ok
TIC 242328834,212.671,-47.7691,7.04,0,,91.9,rejete,variabilite_continue;eclipse_secondaire;compagnon_trop_gros_3.2Rjup,5,7.8,ok
TIC 376651377,180.9484,-54.7152,7.04,0,,,,,7,6.6,ok
TIC 382252939,286.948,-68.884,7.04,0,,,,,5,4.5,ok
TIC 464547765,285.6512,-64.9274,7.04,0,,,,,8,6.9,ok
TIC 364107753,251.3629,-71.8394,7.05,0,,16.3,rejete,variabilite_continue;eclipse_secondaire,6,9.1,ok
TIC 341114403,313.3564,-64.1972,7.05,0,,,,,5,5.9,ok
TIC 448840012,213.8084,-67.6585,7.05,0,,,,,6,6.3,ok
TIC 142098919,179.1748,-32.2682,7.06,0,,,,,6,5.5,ok
TIC 270264416,175.3419,-26.6669,7.06,0,,,,,6,6.2,ok
TIC 277688819,329.2365,-61.8465,7.06,0,,,,,7,6.3,ok
TIC 397881836,219.2623,-62.5086,7.07,0,,,,,4,4.3,ok
TIC 363849443,200.5121,-43.0505,7.07,0,,,,,3,3.4,ok
TIC 451558465,267.967,-84.1112,7.07,0,,,,,9,8.3,ok
TIC 370111235,305.1599,-58.7296,7.08,0,,,,,7,6.3,ok
TIC 381942100,182.999,-63.3809,7.08,0,,,,,6,5.6,ok
TIC 334475928,193.4148,-71.2736,7.09,0,,,,,3,3.1,ok
TIC 443528451,199.5285,-63.6871,7.1,0,,,,,2,2.2,ok
TIC 181160602,174.3713,-36.7268,7.1,0,,,,,6,5.6,ok
TIC 389023278,331.1606,-64.7288,7.1,0,,,,,5,4.7,ok
TIC 291675179,218.1288,-55.4638,7.11,0,,,,,5,4.6,ok
TIC 406435729,198.0406,-57.3767,7.11,0,,,,,3,3.1,ok
TIC 30809039,200.4567,-36.1124,7.12,0,,,,,5,4.4,ok
TIC 327305219,310.8097,-76.5485,7.12,0,,,,,8,7.5,ok
TIC 438719315,201.3373,-51.8897,7.13,0,,,,,4,3.8,ok
TIC 372346146,315.9473,-68.0718,7.13,0,,,,,5,4.7,ok
TIC 404009448,188.5363,-50.0603,7.13,1,3.2497,31.3,rejete,variabilite_continue;eclipse_secondaire,6,8.9,ok
TIC 32662807,176.6164,-24.9765,7.14,0,,,,,5,5.5,ok
TIC 278036258,234.7391,-57.7083,7.14,0,,,,,5,5.3,ok
TIC 243430178,205.6816,-43.1859,7.14,0,,,,,5,5.2,ok
TIC 322916880,206.4626,-63.958,7.14,0,,,,,5,5.3,ok
TIC 448806252,213.5241,-68.1908,7.15,0,,,,,6,6.6,ok
TIC 135079202,185.0183,-37.8044,7.15,0,,,,,5,5.0,ok
TIC 422476687,233.56,-60.8082,7.15,0,,,,,4,3.9,ok
TIC 310515887,253.1135,-74.8296,7.15,0,,,,,6,5.6,ok
TIC 328024785,190.1321,-70.5467,7.15,0,,,,,3,3.2,ok
TIC 402834325,249.2116,-65.5863,7.16,0,,,,,6,5.7,ok
TIC 438031710,194.8974,-64.3718,7.17,0,,,,,5,5.0,ok
TIC 384799534,260.3962,-79.065,7.17,0,,,,,3,3.7,ok
TIC 394484541,316.1425,-58.9334,7.18,0,,,,,5,4.7,ok
TIC 422705845,234.0485,-65.1149,7.18,0,,,,,4,4.2,ok
TIC 243198273,203.1632,-44.4504,7.18,0,,,,,6,5.6,ok
TIC 311534239,259.9472,-74.606,7.19,0,,,,,7,6.7,ok
TIC 446802459,218.3085,-67.1879,7.19,0,,,,,4,4.3,ok
TIC 412940645,204.7251,-55.0245,7.2,0,,,,,3,3.0,ok
TIC 142098917,179.1809,-32.2675,7.2,0,,,,,6,5.8,ok
TIC 443624058,186.3994,-26.8118,7.21,0,,,,,4,4.2,ok
TIC 454024432,225.3992,-63.9271,7.21,0,,,,,4,4.1,ok
TIC 323077171,206.6356,-62.9234,7.21,0,,,,,4,4.6,ok
TIC 241568079,206.9188,-50.1252,7.22,0,,,,,2,2.4,ok
TIC 401143496,186.0432,-57.9186,7.22,0,,,,,8,8.1,ok
TIC 338464960,198.7909,-67.8805,7.22,1,1.199,11.9,rejete,variabilite_continue;eclipse_secondaire,4,5.9,ok
TIC 423240121,297.3469,-73.5232,7.23,0,,,,,5,5.0,ok
TIC 433276686,182.774,-56.4014,7.23,0,,,,,7,6.8,ok
TIC 242238486,211.5341,-44.6892,7.24,0,,13.7,rejete,variabilite_continue;eclipse_secondaire,4,6.6,ok
TIC 207713031,207.1667,-59.4958,7.24,0,,,,,4,3.9,ok
TIC 258704431,222.1284,-66.5263,7.24,0,,,,,4,3.9,ok
TIC 261409832,227.126,-66.476,7.24,0,,,,,4,3.8,ok
TIC 362176298,245.1417,-68.5367,7.25,0,,,,,5,4.8,ok
TIC 210506381,212.2782,-59.7235,7.25,0,,,,,5,4.6,ok
TIC 57790061,174.5867,-33.6057,7.26,0,,,,,5,4.8,ok
TIC 469981586,342.5198,-66.0506,7.26,0,,,,,9,8.2,ok
TIC 294194333,264.7703,-70.6942,7.26,0,,,,,4,4.0,ok
TIC 464422047,282.2646,-63.2695,7.26,2,1.376;4.1228,69.5,rejete,eclipse_secondaire;compagnon_trop_gros_2.5Rjup,6,10.5,ok
TIC 67696009,182.4111,-58.3497,7.26,0,,,,,8,8.0,ok
TIC 295250926,270.7257,-67.8521,7.27,0,,,,,7,6.9,ok
TIC 328990060,191.2507,-69.0299,7.27,0,,,,,4,3.9,ok
TIC 334928709,193.8887,-68.9977,7.27,0,,,,,3,3.1,ok
TIC 403779926,220.7691,-62.2075,7.27,0,,,,,7,6.6,ok
TIC 339301537,199.9305,-67.3644,7.28,0,,51.8,rejete,variabilite_continue;eclipse_secondaire,4,6.7,ok
TIC 351473809,308.6845,-63.3118,7.28,0,,,,,4,3.9,ok
TIC 332351556,179.6618,-52.7688,7.28,0,,,,,6,5.6,ok
TIC 311589488,185.9252,-63.8702,7.28,0,,,,,7,7.1,ok
TIC 181240911,175.0566,-39.1467,7.28,0,,,,,5,5.4,ok
TIC 21943373,181.8861,-45.5812,7.29,0,,,,,3,3.2,ok
TIC 409853937,293.4478,-63.0586,7.29,1,2.5449,14.5,rejete,variabilite_continue;eclipse_secondaire,5,7.6,ok
TIC 325081244,327.9482,-70.3521,7.3,0,,,,,?,0.4,erreur
TIC 466134845,296.2917,-70.0169,7.3,0,,,,,10,8.5,ok
TIC 453482589,188.1554,-24.201,7.3,0,,,,,3,3.0,ok
TIC 406851000,226.3402,-78.1674,7.3,0,,,,,7,6.6,ok
TIC 364420518,252.8877,-67.5611,7.31,0,,,,,4,3.9,ok
TIC 379725451,256.9584,-67.1881,7.31,0,,,,,4,3.9,ok
TIC 334400037,183.1487,-52.7776,7.31,0,,,,,7,6.6,ok
TIC 400701350,220.1617,-65.4182,7.32,0,,,,,8,7.3,ok
TIC 340101519,237.8707,-64.1817,7.32,0,,,,,6,5.8,ok
TIC 292700811,271.5206,-74.0048,7.32,0,,,,,6,5.5,ok
TIC 352228796,288.5897,-77.0478,7.33,0,,,,,4,3.8,ok
TIC 270398825,176.9734,-28.3232,7.33,0,,,,,3,3.0,ok
TIC 339662528,298.4332,-63.573,7.33,0,,,,,5,5.0,ok
TIC 359986604,223.9141,-78.8832,7.34,0,,,,,6,5.7,ok
TIC 124175489,196.9128,-30.435,7.34,0,,,,,3,3.2,ok
TIC 410372245,290.879,-69.4069,7.35,0,,,,,6,5.3,ok
TIC 260837739,225.8046,-70.7871,7.35,0,,,,,5,4.9,ok
TIC 330123048,211.871,-61.5625,7.35,0,,,,,7,6.7,ok
TIC 318045187,305.9784,-79.0513,7.36,0,,,,,4,3.9,ok
TIC 388857263,217.3689,-62.6739,7.36,0,,,,,8,7.7,ok
TIC 181084080,173.5667,-41.1548,7.36,0,,,,,3,3.1,ok
TIC 290348383,328.7212,-77.3394,7.37,0,,,,,7,6.4,ok
TIC 294681366,267.2802,-71.0954,7.37,0,,,,,4,3.9,ok
TIC 337703406,197.7818,-71.8143,7.37,0,,,,,3,3.2,ok
TIC 390472975,184.4711,-55.9756,7.37,0,,,,,7,7.1,ok
TIC 234288549,336.1662,-65.6214,7.37,0,,,,,4,3.8,ok
TIC 371950861,308.0614,-71.8645,7.38,0,,,,,5,4.8,ok
TIC 466264851,304.5818,-63.1609,7.38,0,,,,,5,4.9,ok
TIC 438695853,201.0356,-53.7932,7.38,0,,,,,7,6.6,ok
TIC 342609764,240.1506,-61.3056,7.38,0,,,,,6,5.7,ok
TIC 263640354,216.7499,-57.289,7.38,0,,,,,7,6.6,ok
TIC 413185975,204.9402,-54.1483,7.38,0,,,,,4,4.0,ok
TIC 278045912,178.2385,-41.7807,7.39,0,,11.8,rejete,variabilite_continue;eclipse_secondaire,4,6.1,ok
TIC 262162166,228.5539,-70.5592,7.39,0,,,,,7,7.1,ok
TIC 241528192,206.5319,-52.5141,7.39,0,,,,,4,4.0,ok
TIC 94469855,177.5182,-51.7007,7.39,0,,,,,4,3.9,ok
TIC 328812354,211.3666,-50.3992,7.39,0,,,,,2,2.5,ok
TIC 243140378,202.5155,-44.7127,7.41,0,,,,,5,4.8,ok
TIC 276536154,263.6792,-81.0683,7.41,0,,,,,5,4.9,ok
TIC 325824592,209.9926,-65.5422,7.41,0,,,,,4,4.0,ok
TIC 340788022,292.1209,-75.174,7.42,0,,,,,4,3.9,ok
TIC 181150811,174.0466,-37.0658,7.42,0,,,,,7,6.6,ok
TIC 22759400,185.7086,-45.6592,7.42,0,,,,,5,4.8,ok
TIC 372300399,314.6671,-70.422,7.42,0,,,,,4,3.5,ok
TIC 165775281,204.3238,-40.898,7.43,0,,,,,4,3.8,ok
TIC 303843280,277.8825,-62.2997,7.43,0,,,,,5,4.8,ok
TIC 448848908,213.9789,-68.5404,7.43,0,,,,,4,4.0,ok
TIC 440617220,196.9084,-65.8778,7.44,0,,,,,3,3.1,ok
TIC 464413645,281.8455,-60.3752,7.44,0,,,,,4,3.7,ok
TIC 219967673,306.0379,-54.5433,7.44,0,,,,,6,5.4,ok
TIC 341422976,317.2733,-65.7992,7.44,0,,,,,5,4.8,ok
TIC 273279406,188.4923,-56.5708,7.45,0,,,,,7,6.8,ok
TIC 258236059,182.3347,-42.8385,7.45,0,,,,,6,7.0,ok
TIC 425858451,234.7773,-72.2978,7.45,0,,,,,4,4.2,ok
TIC 338546808,198.8255,-70.478,7.45,0,,,,,3,3.2,ok
TIC 166242293,192.638,-52.2346,7.45,0,,,,,4,4.2,ok
TIC 404184843,195.2679,-53.1359,7.45,0,,,,,3,3.1,ok
TIC 438730645,201.3749,-52.3621,7.45,0,,,,,6,6.9,ok
TIC 393006319,218.4713,-60.8019,7.46,0,,,,,4,4.0,ok
TIC 264026296,216.9447,-59.6324,7.46,0,,,,,5,4.9,ok
TIC 327788069,312.9045,-73.6925,7.46,0,,,,,7,6.9,ok
TIC 57263676,171.2445,-31.9993,7.46,0,,,,,5,5.0,ok
TIC 411977728,290.9007,-63.1929,7.47,0,,,,,9,8.5,ok
TIC 464314542,280.0132,-64.726,7.47,0,,,,,6,5.7,ok
TIC 309650250,248.287,-75.9497,7.48,0,,,,,5,5.1,ok
TIC 387268311,312.2117,-59.2347,7.48,0,,,,,4,3.8,ok
TIC 204719068,185.8409,-26.4716,7.48,0,,,,,4,3.9,ok
TIC 421186672,175.478,-44.1034,7.49,0,,,,,7,6.5,ok
TIC 395744004,208.8314,-76.271,7.49,0,,,,,9,8.2,ok
TIC 243344284,204.6784,-44.5164,7.49,0,,,,,5,4.9,ok
TIC 297555081,241.6137,-63.3414,7.49,0,,,,,6,5.7,ok
TIC 244933040,196.8603,-52.751,7.49,0,,,,,3,3.3,ok
TIC 327018641,188.8831,-68.3509,7.49,0,,,,,3,3.1,ok
TIC 299171755,243.3664,-64.9857,7.5,0,,,,,4,4.1,ok
TIC 451140671,187.8021,-61.9088,7.5,0,,,,,8,7.6,ok
TIC 448376153,210.0718,-67.5058,7.5,0,,,,,4,3.8,ok
TIC 469791075,298.4535,-71.4063,7.5,0,,,,,4,4.0,ok
TIC 15367231,185.0804,-51.2187,7.51,0,,,,,7,6.7,ok
TIC 343829511,273.8981,-77.0734,7.52,0,,,,,4,4.3,ok
TIC 423012904,234.3935,-62.6815,7.53,0,,,,,4,4.1,ok
TIC 455599747,229.6045,-65.6044,7.53,0,,,,,5,4.8,ok
TIC 397221078,219.1579,-60.9666,7.53,0,,,,,8,7.3,ok
TIC 304597522,277.5994,-66.9359,7.53,0,,,,,3,3.1,ok
TIC 447400570,252.2336,-61.3889,7.53,0,,,,,4,3.8,ok
TIC 438598966,201.4358,-47.8192,7.54,0,,,,,6,5.4,ok
TIC 306925929,178.5576,-37.6002,7.54,0,,,,,2,2.4,ok
TIC 340968718,311.3764,-64.4276,7.54,0,,,,,5,5.1,ok
TIC 412863597,231.4527,-59.9504,7.54,0,,,,,5,4.8,ok
TIC 360953746,282.8818,-62.6474,7.54,0,,,,,5,4.8,ok
TIC 113279107,208.8823,-44.5861,7.54,0,,,,,4,3.9,ok
TIC 351356030,247.4739,-60.7825,7.54,0,,,,,4,4.6,ok
TIC 366003387,276.6474,-61.6607,7.55,0,,,,,4,3.7,ok
TIC 67018062,181.5823,-59.1446,7.55,0,,,,,3,3.2,ok
TIC 433007264,170.458,-24.19,7.55,0,,,,,5,5.7,ok
TIC 328700272,211.1753,-50.0716,7.56,0,,,,,5,5.1,ok
TIC 359308549,201.091,-53.9996,7.56,0,,,,,7,6.7,ok
TIC 343522290,206.3265,-66.7547,7.56,0,,,,,?,966.2,timeout
TIC 424330383,236.2529,-63.2082,7.57,0,,,,,4,4.2,ok
TIC 272909259,188.3327,-54.9812,7.57,0,,,,,8,7.6,ok
TIC 436382800,193.5767,-60.8942,7.57,0,,,,,4,4.3,ok
TIC 243164696,202.8788,-46.7353,7.57,0,,,,,4,4.0,ok
TIC 264383451,217.1744,-55.2217,7.57,0,,,,,4,3.9,ok
TIC 447734814,255.1918,-64.5502,7.57,0,,,,,5,4.7,ok
TIC 342995661,205.6116,-69.247,7.57,0,,,,,5,5.1,ok
TIC 294336247,265.5523,-69.0199,7.57,0,,,,,3,2.8,ok
TIC 303613535,272.0796,-62.3747,7.57,0,,,,,6,6.0,ok
TIC 303487343,256.9472,-63.8367,7.57,0,,,,,5,4.6,ok
TIC 309651717,248.0722,-76.5114,7.58,0,,,,,7,6.3,ok
TIC 253127472,194.6331,-58.2563,7.58,0,,,,,3,3.4,ok
TIC 210636260,212.7614,-55.4478,7.58,0,,,,,6,6.4,ok
TIC 297701617,241.7847,-60.358,7.59,0,,,,,7,6.6,ok
TIC 380486560,206.647,-62.0695,7.59,0,,,,,6,5.9,ok
TIC 194440256,222.4691,-57.3466,7.6,0,,,,,6,5.5,ok
TIC 142171923,180.1007,-30.3366,7.61,0,,,,,4,4.0,ok
TIC 455046921,228.0819,-64.5408,7.61,0,,,,,4,3.8,ok
TIC 446971634,233.3912,-67.3391,7.61,0,,,,,?,139.9,timeout
TIC 165590096,192.4532,-51.3931,7.61,0,,,,,4,4.2,ok
TIC 430832819,219.5014,-54.5115,7.61,0,,,,,5,4.5,ok
TIC 68414973,202.5369,-58.4847,7.62,0,,,,,8,7.1,ok
TIC 326313983,209.8749,-60.5669,7.62,0,,,,,4,3.8,ok
TIC 407226488,238.1683,-79.404,7.62,0,,,,,3,2.9,ok
TIC 292631794,270.7995,-75.6895,7.62,0,,,,,6,5.3,ok
TIC 181204508,174.6682,-39.2481,7.62,0,,,,,3,2.8,ok
TIC 396686006,214.8594,-75.1794,7.63,0,,,,,3,2.8,ok
TIC 243219824,203.258,-46.8613,7.63,0,,,,,4,3.7,ok
TIC 346793769,300.8823,-78.8308,7.64,0,,,,,6,5.4,ok
TIC 374288294,299.4245,-67.8278,7.64,0,,,,,7,6.1,ok
TIC 287670422,198.6661,-46.8577,7.64,0,,13.9,rejete,variabilite_continue;eclipse_secondaire,6,9.0,ok
TIC 135097390,185.2893,-38.3029,7.64,0,,,,,4,3.7,ok
TIC 253425832,196.6977,-59.4442,7.64,0,,,,,5,4.4,ok
TIC 426408952,243.1138,-75.293,7.65,0,,,,,3,3.0,ok
TIC 438734016,201.4829,-51.1772,7.65,0,,,,,7,6.4,ok
TIC 447536804,253.3774,-63.2354,7.66,0,,,,,6,5.5,ok
TIC 442974523,198.4458,-64.3134,7.66,0,,,,,4,3.8,ok
TIC 450857090,187.1152,-60.389,7.66,0,,,,,4,3.9,ok
TIC 448169499,208.6383,-68.2377,7.66,0,,,,,7,6.2,ok
TIC 448611635,211.9231,-66.1524,7.66,0,,,,,4,3.9,ok
TIC 448807213,182.4486,-33.4876,7.66,0,,,,,6,5.3,ok
TIC 380464160,268.4157,-63.9599,7.66,0,,,,,4,3.8,ok
TIC 402836230,249.1989,-64.8074,7.66,0,,,,,3,2.9,ok
TIC 436491630,193.7602,-62.5589,7.67,0,,,,,3,2.9,ok
TIC 410442371,319.7257,-63.0497,7.67,0,,,,,4,3.7,ok
TIC 339752267,200.4723,-69.3605,7.67,0,,,,,3,3.0,ok
TIC 253393942,196.648,-54.2927,7.68,0,,,,,4,3.7,ok
TIC 287676188,198.6487,-42.2026,7.68,1,3.3745,22.3,rejete,variabilite_continue;eclipse_secondaire,2,3.5,ok
TIC 340850255,201.8501,-66.7471,7.68,0,,,,,4,3.6,ok
TIC 456456403,231.7294,-62.7659,7.69,0,,,,,4,3.9,ok
TIC 272111464,233.4711,-62.0832,7.69,0,,,,,4,3.7,ok
TIC 453603516,205.5717,-58.6197,7.69,0,,,,,4,3.8,ok
TIC 208692486,208.968,-59.3712,7.7,0,,,,,4,3.7,ok
TIC 433838033,190.8137,-61.6489,7.7,0,,107.3,rejete,variabilite_continue;eclipse_secondaire,7,9.9,ok
TIC 263782440,231.3837,-66.0373,7.7,0,,,,,4,3.8,ok
TIC 436501188,193.7656,-63.6409,7.7,0,,,,,4,3.8,ok
TIC 309363276,184.7977,-61.1364,7.7,0,,,,,3,3.1,ok
TIC 314898880,202.7911,-60.7288,7.7,0,,,,,6,5.6,ok
TIC 352002450,283.0418,-73.6082,7.7,0,,,,,4,4.0,ok
TIC 362631331,246.8727,-66.3383,7.7,0,,,,,6,5.5,ok
TIC 94248553,177.058,-49.9942,7.71,0,,,,,3,2.9,ok
TIC 288225252,187.2504,-50.6481,7.71,0,,,,,3,3.1,ok
TIC 61599423,176.5766,-46.244,7.71,0,,,,,4,3.7,ok
TIC 272406021,187.7123,-55.3413,7.71,0,,,,,8,7.1,ok
TIC 297891163,224.6867,-65.004,7.72,0,,,,,7,6.2,ok
TIC 36871134,225.7385,-57.8839,7.72,0,,,,,4,3.9,ok
TIC 37591208,226.1847,-56.4217,7.72,0,,,,,4,3.8,ok
TIC 454109915,176.9987,-40.2917,7.72,0,,,,,5,4.5,ok
TIC 395178756,204.8851,-72.5044,7.72,0,,,,,5,5.3,ok
TIC 245431214,200.1114,-49.2238,7.73,0,,11.6,rejete,variabilite_continue;eclipse_secondaire,7,10.2,ok
TIC 390223487,183.5605,-53.9201,7.73,0,,,,,3,3.0,ok
TIC 338249682,198.3665,-68.499,7.73,0,,,,,5,4.5,ok
TIC 401615794,216.3316,-72.6209,7.74,0,,,,,5,4.5,ok
TIC 457178653,203.1765,-55.8277,7.74,0,,,,,5,4.5,ok
TIC 464371957,281.024,-61.4625,7.75,0,,14.4,rejete,variabilite_continue,5,7.5,ok
TIC 407885273,290.1779,-74.6599,7.75,0,,,,,5,4.5,ok
TIC 328103294,190.0709,-71.6452,7.75,0,,,,,3,2.9,ok
TIC 262376300,228.7336,-66.1574,7.75,0,,,,,4,3.7,ok
TIC 327667195,189.6775,-68.7637,7.75,0,,,,,7,6.4,ok
TIC 312512588,210.974,-53.7746,7.75,0,,,,,7,6.1,ok
TIC 277800037,344.1101,-68.7837,7.75,0,,,,,4,3.7,ok
TIC 419610625,320.3665,-66.6667,7.76,0,,,,,4,3.6,ok
TIC 464650717,287.7061,-64.9913,7.76,0,,,,,5,4.6,ok
TIC 317830085,204.0006,-61.3918,7.76,0,,,,,4,3.8,ok
TIC 464646604,287.7412,-60.2729,7.76,1,2.2316,15.2,rejete,variabilite_continue;eclipse_secondaire,7,9.3,ok
TIC 219515071,174.7251,-21.1739,7.76,0,,,,,3,3.0,ok
TIC 461199655,181.5011,-39.2203,7.76,0,,,,,5,4.6,ok
TIC 384273371,245.4285,-79.8324,7.76,0,,,,,3,2.9,ok
TIC 295198502,222.9939,-60.3348,7.77,0,,,,,4,3.7,ok
TIC 364543891,253.3859,-70.6006,7.77,0,,,,,4,4.0,ok
TIC 376743314,180.9104,-57.5919,7.77,0,,,,,6,5.3,ok
TIC 253370606,196.3853,-58.5357,7.77,0,,,,,7,6.2,ok
TIC 244969190,197.2739,-49.495,7.78,0,,,,,4,3.7,ok
TIC 448929283,214.847,-71.744,7.78,0,,,,,4,3.8,ok
TIC 409696822,314.5492,-58.5058,7.78,0,,,,,5,4.5,ok
TIC 333197526,181.144,-50.0398,7.79,0,,,,,3,3.0,ok
TIC 441546821,197.3169,-60.3085,7.79,0,,,,,6,5.5,ok
TIC 57795100,174.7024,-35.9522,7.79,0,,,,,2,2.3,ok
TIC 142040321,178.5211,-29.9828,7.79,0,,,,,6,5.2,ok
TIC 241372795,204.7451,-52.2073,7.79,0,,,,,4,3.8,ok
TIC 263422831,216.7863,-59.7365,7.79,0,,,,,7,6.3,ok
TIC 327330233,210.729,-60.3456,7.79,0,,,,,6,5.5,ok
TIC 401278111,187.8944,-48.9855,7.79,0,,,,,3,3.1,ok
TIC 271701641,187.1399,-56.4577,7.79,0,,,,,3,3.1,ok
TIC 410397732,291.0522,-68.259,7.8,0,,,,,4,4.1,ok
TIC 294884819,268.2683,-71.0118,7.8,0,,,,,9,7.6,ok
TIC 311650379,260.776,-76.3518,7.8,0,,14.7,rejete,variabilite_continue;eclipse_secondaire,6,8.5,ok
TIC 313552150,301.5208,-79.4235,7.8,0,,11.3,rejete,variabilite_continue;eclipse_secondaire,6,9.0,ok
TIC 22562087,184.8189,-47.8301,7.8,0,,,,,6,5.4,ok
TIC 135080472,184.9194,-39.3769,7.8,0,,,,,2,2.2,ok
TIC 455362785,228.8791,-63.3177,7.81,0,,,,,6,5.6,ok
TIC 305765086,263.2201,-63.3421,7.81,0,,,,,5,4.7,ok
TIC 380991039,270.2582,-62.5078,7.81,0,,,,,5,4.8,ok
TIC 394019417,334.4387,-65.0186,7.81,0,,,,,4,5.4,ok
TIC 447159606,250.2036,-65.445,7.81,0,,,,,4,3.9,ok
TIC 334498906,183.3774,-48.7967,7.82,0,,,,,3,3.4,ok
TIC 273221537,185.6519,-49.3262,7.82,0,,,,,4,3.9,ok
TIC 209799924,211.1035,-58.2007,7.82,0,,,,,5,4.6,ok
TIC 414673653,223.3034,-59.7156,7.82,0,,,,,4,3.8,ok
TIC 401605762,303.7704,-79.5808,7.82,0,,,,,5,25.8,ok
TIC 83136506,188.5556,-21.7242,7.82,0,,,,,3,6.9,ok
TIC 293069615,254.1367,-66.1091,7.83,0,,,,,4,3.6,ok
TIC 333926801,182.3787,-53.3349,7.84,0,,,,,2,2.2,ok
TIC 22316553,183.7345,-47.9486,7.84,0,,,,,5,4.6,ok
TIC 300899845,178.0077,-54.4091,7.84,0,,,,,3,3.2,ok
TIC 383346621,183.8267,-63.4252,7.84,0,,,,,8,7.1,ok
TIC 372068780,310.4437,-68.1349,7.85,0,,,,,6,5.5,ok
TIC 161162039,189.9422,-49.1989,7.85,0,,,,,7,6.4,ok
TIC 453813834,199.3702,-42.9331,7.85,0,,,,,5,4.6,ok
TIC 414077635,232.3875,-57.2479,7.85,0,,,,,7,6.7,ok
TIC 301226897,178.2828,-56.7273,7.85,0,,,,,7,6.2,ok
TIC 326182163,209.9188,-61.3814,7.86,0,,,,,4,3.9,ok
TIC 413004253,204.6036,-58.3118,7.86,0,,,,,4,3.7,ok
TIC 310737463,254.3662,-76.4185,7.87,0,,,,,2,2.3,ok
TIC 331287870,212.4336,-60.582,7.87,0,,,,,4,5.1,ok
TIC 413492144,214.9771,-57.1577,7.87,0,,,,,4,3.9,ok
TIC 317083971,203.8622,-61.9525,7.87,0,,,,,5,5.8,ok
TIC 260722501,225.9233,-66.1754,7.87,0,,,,,5,4.8,ok
TIC 256246065,199.831,-59.4725,7.87,0,,,,,6,5.6,ok
TIC 328764639,211.0868,-65.4161,7.87,0,,13.4,rejete,variabilite_continue;eclipse_secondaire,4,5.9,ok
TIC 375895280,178.931,-54.1808,7.88,0,,,,,7,6.3,ok
TIC 466239676,304.0283,-62.1665,7.88,0,,,,,5,4.5,ok
TIC 303842397,277.7616,-63.0409,7.88,0,,,,,5,5.4,ok
TIC 219246389,171.5566,-22.6832,7.89,0,,,,,3,3.3,ok
TIC 293715876,222.3647,-60.6386,7.89,0,,,,,4,3.8,ok
TIC 316898097,203.8108,-60.1579,7.89,0,,,,,5,4.8,ok
TIC 208562687,208.7669,-56.7414,7.9,0,,15.0,rejete,variabilite_continue;eclipse_secondaire,3,5.0,ok
TIC 361526668,193.8571,-73.9687,7.9,0,,,,,3,2.9,ok
TIC 162079382,190.4507,-52.8755,7.9,0,,42.6,rejete,variabilite_continue;eclipse_secondaire,3,4.8,ok
TIC 364285506,252.5365,-67.0264,7.9,0,,,,,4,4.0,ok
TIC 273311468,185.646,-50.803,7.91,0,,,,,3,3.1,ok
TIC 61594255,176.3894,-47.2283,7.91,0,,,,,3,3.2,ok
TIC 454872178,227.625,-62.1928,7.91,0,,,,,4,3.8,ok
TIC 256051802,266.23,-77.3536,7.92,0,,,,,8,7.0,ok
TIC 166557662,192.7232,-48.7179,7.92,0,,,,,3,3.3,ok
TIC 426024328,236.8807,-77.4606,7.92,0,,,,,3,3.2,ok
TIC 325073334,293.6474,-70.5118,7.93,0,,,,,5,4.6,ok
TIC 440303294,196.3002,-60.4404,7.93,0,,,,,2,2.4,ok
TIC 382249258,286.5776,-69.8302,7.93,0,,,,,4,3.7,ok
TIC 361722178,195.2054,-72.4295,7.93,0,,,,,3,3.0,ok
TIC 241398115,204.9717,-53.4665,7.93,0,,,,,7,6.8,ok
TIC 284377321,233.6105,-59.8011,7.94,0,,,,,7,6.4,ok
TIC 258102858,221.5228,-71.3631,7.94,0,,,,,4,4.0,ok
TIC 448944029,214.8835,-68.6359,7.94,0,,,,,9,8.2,ok
TIC 269051161,177.4617,-54.5104,7.95,0,,,,,3,3.0,ok
TIC 335006074,194.3658,-69.3444,7.95,0,,,,,3,3.0,ok
TIC 277715787,329.819,-62.4768,7.95,0,,,,,5,4.8,ok
TIC 46601693,230.5439,-58.8574,7.95,0,,,,,5,4.6,ok
TIC 309959690,249.7882,-75.4888,7.95,0,,,,,3,3.0,ok
TIC 430665759,219.434,-59.7647,7.96,0,,,,,6,5.4,ok
TIC 448727889,213.0047,-70.1754,7.96,0,,,,,7,6.6,ok
TIC 319376730,204.9169,-63.2786,7.96,0,,,,,5,5.0,ok
TIC 281869989,186.2478,-68.4351,7.96,0,,,,,3,3.1,ok
TIC 449526185,200.5432,-61.3894,7.96,0,,,,,7,6.5,ok
TIC 261389883,209.8249,-51.893,7.96,0,,,,,6,5.8,ok
TIC 301615856,257.8719,-68.6435,7.96,0,,,,,5,5.1,ok
TIC 340844984,292.7778,-73.7996,7.96,0,,,,,6,5.6,ok
TIC 446863637,232.0876,-68.5597,7.97,0,,,,,4,3.8,ok
TIC 381236200,254.5996,-67.5208,7.97,0,,,,,4,4.1,ok
TIC 253342878,196.2382,-57.056,7.97,0,,,,,3,3.1,ok
TIC 342713122,240.2396,-65.8957,7.97,0,,,,,3,3.0,ok
TIC 201732264,303.2838,-57.4789,7.97,0,,,,,6,5.8,ok
TIC 381287691,255.8178,-68.8441,7.97,0,,,,,5,5.6,ok
TIC 448696047,182.0059,-31.1406,7.97,0,,,,,2,2.5,ok
TIC 387112217,286.3011,-73.7792,7.98,0,,,,,5,5.0,ok
TIC 299163511,243.4823,-63.0579,7.98,0,,,,,4,3.8,ok
TIC 157226560,176.0791,-31.6256,7.98,0,,,,,5,4.8,ok
TIC 426134265,238.1846,-73.3365,7.98,0,,,,,4,3.7,ok
TIC 412480260,192.7727,-55.409,7.98,0,,,,,3,3.1,ok
TIC 243511069,206.2386,-45.2233,7.98,0,,,,,5,4.9,ok
TIC 90145093,204.4876,-56.6306,7.98,0,,,,,4,4.2,ok
TIC 438719190,201.3008,-51.8418,7.98,0,,,,,6,5.5,ok
TIC 437105956,194.0638,-61.755,7.99,0,,,,,3,3.1,ok
TIC 372380144,317.106,-69.2341,7.99,0,,,,,5,4.7,ok
TIC 364115836,289.4584,-74.3249,7.99,0,,,,,10,8.8,ok
TIC 241755717,208.8284,-53.5287,7.99,0,,,,,7,7.2,ok
TIC 327929817,189.9622,-67.0407,8.0,0,,,,,3,3.4,ok
TIC 262561968,229.0643,-67.4849,8.0,0,,,,,6,6.5,ok
TIC 124836842,201.2208,-35.7889,8.0,0,,,,,4,4.8,ok
TIC 262126225,199.6835,-58.267,8.0,0,,,,,5,6.0,ok
TIC 363743662,250.2522,-66.4096,8.0,0,,,,,4,4.1,ok
TIC 372218461,313.1112,-67.5992,8.0,0,,,,,8,7.0,ok
TIC 204619086,184.257,-25.9752,8.0,0,,,,,4,4.1,ok
TIC 339453875,296.401,-63.0418,8.0,0,,,,,7,6.3,ok
TIC 409780413,290.3547,-60.8821,8.0,0,,,,,7,6.3,ok
TIC 259600910,223.6789,-68.9884,8.0,0,,,,,6,6.0,ok
TIC 324849364,248.6094,-65.837,8.0,0,,,,,5,5.0,ok
TIC 42401016,228.6298,-56.0665,8.0,0,,,,,5,4.8,ok
TIC 263212392,230.7022,-66.4175,8.0,0,,,,,8,7.2,ok
TIC 228840468,194.5106,-27.1078,8.0,0,,,,,2,2.3,ok
TIC 257462965,287.759,-70.0819,8.0,0,,,,,?,971.1,timeout
TIC 277122829,281.5508,-79.226,8.0,0,,,,,?,280.9,timeout
TIC 201687177,300.6907,-56.41,8.0,0,,,,,5,4.7,ok
TIC 61877025,177.7018,-44.9578,8.0,0,,,,,7,8.0,ok
TIC 400810093,178.2231,-48.2689,8.01,0,,,,,6,6.0,ok
TIC 312718795,211.0947,-50.1829,8.01,0,,,,,4,4.6,ok
TIC 448879677,214.1578,-67.8762,8.01,0,,,,,6,5.6,ok
TIC 361593944,194.2987,-73.6909,8.01,0,,,,,5,5.2,ok
TIC 396167830,298.676,-68.259,8.01,0,,,,,7,7.3,ok
TIC 364486973,253.3316,-67.6624,8.01,0,,,,,6,6.4,ok
TIC 170317926,194.6288,-50.6303,8.01,0,,,,,6,5.6,ok
TIC 402092726,219.416,-75.5496,8.01,0,,,,,?,149.2,timeout
TIC 402109184,182.5907,-26.9335,8.01,0,,,,,?,139.2,timeout
TIC 382471461,291.8885,-66.5227,8.01,0,,,,,9,7.9,ok
TIC 312134943,210.2162,-49.5262,8.01,0,,,,,4,4.0,ok
TIC 422583128,233.9051,-60.7435,8.01,0,,,,,6,5.7,ok
TIC 275468579,178.6499,-46.0433,8.01,0,,,,,5,5.2,ok
TIC 261580883,227.3622,-70.4218,8.01,0,,,,,9,8.4,ok
TIC 276675653,269.812,-80.3712,8.01,0,,,,,7,6.4,ok
TIC 448695678,181.9771,-34.7905,8.01,0,,,,,5,5.0,ok
TIC 394045029,334.5862,-64.5575,8.01,0,,,,,10,8.8,ok
TIC 464315748,279.9489,-65.8893,8.01,1,3.1975,13.0,rejete,compagnon_trop_gros_2.3Rjup,4,6.0,ok
TIC 320204627,294.7934,-58.6656,8.01,0,,,,,6,5.8,ok
TIC 453544771,205.5135,-57.5296,8.01,0,,,,,5,5.4,ok
TIC 391285357,217.9693,-62.9309,8.01,0,,,,,6,6.1,ok
TIC 191327202,221.6325,-56.1852,8.01,0,,,,,5,5.0,ok
TIC 208312914,208.406,-58.4397,8.01,0,,,,,4,4.3,ok
TIC 386357384,216.9127,-61.1619,8.01,0,,,,,5,4.9,ok
TIC 22512580,184.6956,-43.0237,8.01,0,,,,,4,4.0,ok
TIC 22394712,186.2518,-21.6633,8.01,0,,,,,4,4.1,ok
TIC 365557279,274.0116,-63.2875,8.01,0,,,,,8,7.3,ok
TIC 22026413,182.6771,-42.0314,8.01,0,,,,,4,3.8,ok
TIC 454041906,175.7578,-39.5449,8.01,0,,,,,6,6.1,ok
TIC 382619435,183.44,-62.9316,8.01,0,,,,,6,5.8,ok
TIC 464342656,280.452,-62.7746,8.01,0,,,,,5,5.0,ok
TIC 437511417,194.4938,-60.9992,8.01,0,,,,,4,4.6,ok
TIC 90268344,216.1324,-55.3677,8.01,0,,,,,6,6.0,ok
TIC 107140803,183.2239,-31.3049,8.01,0,,,,,5,5.4,ok
TIC 429516602,207.4497,-70.5091,8.01,0,,,,,6,6.2,ok
TIC 405089751,185.7005,-67.8142,8.01,0,,,,,8,8.6,ok
TIC 467905411,275.5435,-73.6076,8.01,0,,,,,7,7.1,ok
TIC 449416943,200.0444,-64.8649,8.01,0,,,,,2,3.2,ok
TIC 293901590,263.593,-69.4032,8.01,0,,,,,5,4.9,ok
TIC 265214955,302.6546,-66.9359,8.01,0,,,,,1,1.5,ok
TIC 413441054,177.3338,-22.1006,8.01,0,,,,,4,4.3,ok
TIC 305323385,262.0759,-63.8246,8.01,0,,,,,4,5.0,ok
TIC 402749732,224.5007,-77.1232,8.01,0,,,,,5,5.1,ok
TIC 25484487,192.8007,-35.9003,8.01,0,,,,,4,4.2,ok
TIC 270262946,175.2738,-29.729,8.01,0,,,,,5,5.2,ok
TIC 360915662,310.4853,-59.009,8.01,0,,,,,5,5.2,ok
TIC 453503115,195.29,-46.4751,8.02,0,,,,,5,5.4,ok
TIC 426479938,243.7202,-76.689,8.02,0,,,,,7,6.6,ok
TIC 333192137,181.1849,-52.3544,8.02,0,,,,,5,5.4,ok
TIC 103626477,193.3988,-33.3705,8.02,0,,,,,4,4.2,ok
TIC 165904267,192.6322,-49.7181,8.02,0,,,,,3,3.6,ok
TIC 94014283,176.4228,-49.5652,8.02,0,,,,,6,6.8,ok
TIC 319866119,292.6678,-59.2217,8.02,0,,,,,2,2.4,ok
TIC 429360323,183.9885,-22.5001,8.02,0,,,,,2,2.5,ok
TIC 30875397,200.6354,-38.6952,8.02,0,,,,,4,4.3,ok
TIC 22757937,185.6879,-44.3808,8.02,0,,,,,3,3.6,ok
TIC 311560002,260.2229,-74.3569,8.02,0,,,,,6,6.0,ok
TIC 461250383,202.9122,-37.593,8.02,0,,,,,4,4.0,ok
TIC 228697178,194.0339,-25.0021,8.02,0,,,,,3,3.5,ok
TIC 403515235,230.9333,-72.4769,8.02,0,,,,,8,8.3,ok
TIC 73229004,190.1747,-44.0058,8.02,0,,,,,4,4.1,ok
TIC 295601685,223.3552,-63.9094,8.02,0,,,,,6,6.2,ok
TIC 165904466,192.6335,-50.1627,8.02,0,,,,,5,5.2,ok
TIC 228883011,195.0674,-24.117,8.02,0,,,,,3,3.2,ok
TIC 400805829,178.2943,-50.8601,8.02,0,,,,,4,4.6,ok
TIC 398944182,190.6321,-31.7094,8.02,0,,,,,3,3.1,ok
TIC 124766750,200.6704,-33.9599,8.02,0,,,,,4,4.0,ok
TIC 312136850,210.1917,-48.7447,8.02,0,,,,,4,4.0,ok
TIC 292291029,278.6567,-67.6404,8.02,0,,,,,8,8.5,ok
TIC 369324314,289.1398,-81.8529,8.02,0,,,,,8,7.8,ok
TIC 454414096,226.3174,-63.8391,8.02,0,,,,,6,6.7,ok
TIC 407260845,238.4692,-78.1587,8.02,0,,,,,6,6.9,ok
TIC 397341795,175.1611,-44.886,8.02,0,,,,,6,6.3,ok
TIC 437320676,191.7904,-22.3531,8.02,0,,,,,3,3.6,ok
TIC 311249049,257.9771,-73.879,8.02,0,,,,,7,6.9,ok
TIC 413117060,204.8385,-55.2616,8.02,0,,,,,6,6.5,ok
TIC 382388897,289.2298,-67.6582,8.02,0,,,,,7,6.8,ok
TIC 258817836,222.6268,-70.5353,8.02,0,,,,,8,8.7,ok
TIC 450733803,186.9379,-65.3674,8.02,0,,,,,6,5.8,ok
TIC 186325202,219.877,-54.2313,8.02,0,,,,,4,4.0,ok
TIC 327672504,330.8827,-68.0589,8.02,0,,,,,8,7.9,ok
TIC 101906109,201.4678,-34.0456,8.02,0,,,,,1,1.4,ok
TIC 181063793,173.4457,-38.8985,8.02,0,,,,,7,7.1,ok
TIC 245101181,198.1931,-53.9305,8.02,0,,,,,4,4.9,ok
TIC 94457992,177.3436,-52.1094,8.02,0,,,,,4,4.4,ok
TIC 361576492,243.5566,-67.8877,8.02,0,,,,,7,6.7,ok
TIC 408139056,213.4231,-59.3639,8.02,0,,,,,6,6.2,ok
TIC 292623716,271.0485,-72.314,8.02,0,,,,,6,6.1,ok
TIC 376276556,179.3941,-54.8148,8.02,0,,,,,?,139.1,timeout
TIC 73459507,191.1549,-45.904,8.03,0,,,,,5,5.2,ok
TIC 448305639,209.3145,-66.2757,8.03,0,,,,,5,5.5,ok
TIC 339544830,297.1945,-61.1114,8.03,0,,,,,7,6.3,ok
TIC 30805042,200.287,-40.3372,8.03,0,,,,,5,5.0,ok
TIC 144324618,189.5217,-38.2125,8.03,0,,,,,2,2.8,ok
TIC 257463588,287.7538,-69.2182,8.03,0,,,,,10,10.3,ok
TIC 242096315,202.0149,-37.8972,8.03,0,,,,,4,5.4,ok
TIC 339309679,199.8787,-68.7951,8.03,0,,,,,4,4.3,ok
TIC 307398612,268.1703,-64.6209,8.03,0,,,,,6,6.2,ok
TIC 411978510,291.039,-62.2197,8.03,0,,,,,7,6.9,ok
TIC 412071421,190.0284,-58.4698,8.03,0,,,,,6,6.3,ok
TIC 229676917,198.1424,-27.568,8.03,0,,,,,3,3.3,ok
TIC 300872489,245.2915,-62.2299,8.03,0,,,,,7,6.8,ok
TIC 245228772,199.043,-48.4652,8.03,0,,,,,6,6.0,ok
TIC 387135600,291.5906,-65.1964,8.03,0,,,,,10,9.0,ok
TIC 425695184,233.4033,-76.7821,8.03,0,,,,,8,15.4,ok
TIC 210371752,212.0903,-56.4647,8.03,0,,,,,?,975.8,timeout
TIC 181823402,189.5446,-15.5586,8.03,0,,,,,6,6.0,ok
TIC 438588762,201.378,-41.8809,8.03,0,,,,,4,4.0,ok
TIC 72568000,187.7521,-42.8948,8.03,0,,,,,4,4.1,ok
TIC 287669279,198.6575,-47.6346,8.03,0,,,,,6,6.0,ok
TIC 454101656,176.6667,-39.8457,8.03,0,,,,,5,5.0,ok
TIC 208843438,209.3027,-55.9417,8.03,0,,,,,4,4.4,ok
TIC 208387943,208.4685,-55.1928,8.03,0,,,,,6,6.1,ok
TIC 276874981,274.2727,-78.4905,8.03,0,,,,,8,8.2,ok
TIC 328021070,189.9567,-69.5381,8.03,0,,,,,3,3.4,ok
TIC 272309839,187.6923,-58.1881,8.03,0,,,,,6,6.3,ok
TIC 359918587,209.752,-43.4335,8.03,0,,,,,4,4.4,ok
TIC 186827894,220.1434,-58.6226,8.03,0,,,,,5,5.3,ok
TIC 426158940,238.6482,-75.6745,8.03,0,,,,,7,6.8,ok
TIC 344131894,279.5271,-76.783,8.03,0,,,,,8,7.7,ok
TIC 332404833,212.6969,-60.3193,8.03,0,,,,,4,4.3,ok
TIC 389312149,188.3294,-25.2677,8.03,0,,,,,5,6.4,ok
TIC 464416167,281.8959,-62.5258,8.03,0,,,,,7,11.7,ok
TIC 365959130,276.4515,-65.727,8.03,0,,,,,7,6.7,ok
TIC 424195396,236.0677,-61.1399,8.03,0,,,,,6,6.4,ok
TIC 443410592,199.3522,-61.0709,8.03,2,2.1156;12.6708,38.5,rejete,variabilite_continue;eclipse_secondaire,5,11.4,ok
TIC 447627656,254.2174,-60.9565,8.03,0,,,,,5,5.3,ok
TIC 429233688,184.142,-49.1636,8.03,0,,,,,5,5.1,ok
TIC 402793935,248.8699,-64.0328,8.03,0,,,,,5,5.4,ok
TIC 305510727,262.3773,-65.9566,8.03,0,,,,,5,5.0,ok
TIC 406272866,325.4195,-64.1437,8.03,0,,,,,9,8.1,ok
TIC 242163792,210.4503,-45.2908,8.03,0,,,,,4,4.3,ok
TIC 292543482,281.8357,-69.9846,8.03,0,,,,,5,5.2,ok
TIC 304477615,276.7646,-69.3813,8.03,0,,,,,7,6.7,ok
TIC 451060670,187.6516,-61.3993,8.03,0,,,,,8,8.0,ok
TIC 341311287,315.8067,-60.6233,8.04,0,,,,,6,5.6,ok
TIC 229544020,197.4992,-28.4466,8.04,0,,,,,2,2.3,ok
TIC 390067546,182.5701,-59.7842,8.04,0,,,,,6,6.3,ok
TIC 364935918,169.6273,-26.5955,8.04,0,,,,,5,5.0,ok
TIC 301452641,256.2851,-70.8052,8.04,0,,,,,6,5.9,ok
TIC 363796388,250.2118,-69.8834,8.04,0,,,,,8,7.4,ok
TIC 413207041,222.722,-56.8834,8.04,0,,,,,6,6.0,ok
TIC 311963159,264.212,-73.7466,8.04,0,,,,,7,6.6,ok
TIC 271108398,186.4136,-57.3343,8.04,0,,,,,2,2.2,ok
TIC 336278778,195.7747,-68.7951,8.04,0,,,,,7,6.9,ok
TIC 413423763,231.8784,-57.0133,8.04,0,,,,,5,5.4,ok
TIC 310556491,185.2874,-65.8359,8.04,0,,,,,8,9.1,ok
TIC 339178334,190.1676,-63.4084,8.04,0,,,,,6,7.1,ok
TIC 330722436,212.0157,-64.5397,8.04,0,,,,,5,5.3,ok
TIC 327436923,189.4083,-67.8648,8.04,0,,,,,5,5.2,ok
TIC 191327724,221.5749,-57.5984,8.04,0,,,,,6,6.0,ok
TIC 410281514,214.0089,-56.3147,8.04,0,,,,,6,6.0,ok
TIC 420200378,192.3752,-59.5509,8.04,0,,,,,7,6.9,ok
TIC 343599693,271.6893,-74.6173,8.04,0,,,,,7,6.8,ok
TIC 380233550,181.7659,-62.2575,8.04,0,,,,,4,4.3,ok
TIC 426234513,239.6106,-73.148,8.04,0,,,,,7,6.9,ok
TIC 362621554,246.3053,-68.4683,8.04,0,,,,,7,8.1,ok
TIC 466098985,294.9324,-67.4571,8.04,0,,,,,8,7.5,ok
TIC 305838525,263.2217,-64.9151,8.04,0,,,,,4,4.3,ok
TIC 364164688,251.8254,-66.8806,8.04,0,,,,,6,6.3,ok
TIC 426159206,238.7532,-75.4853,8.04,0,,,,,4,4.1,ok
TIC 401574080,312.3588,-77.6039,8.04,0,,,,,8,8.5,ok
TIC 371836310,305.7914,-65.915,8.04,0,,,,,7,7.8,ok
TIC 248096949,193.3423,-44.6624,8.04,0,,,,,4,4.5,ok
TIC 253068000,194.3163,-58.3371,8.04,0,,,,,7,7.3,ok
TIC 220345349,307.4018,-53.9212,8.04,0,,,,,4,4.1,ok
TIC 165664257,203.8394,-41.8119,8.04,0,,,,,3,3.2,ok
TIC 134634767,182.1615,-37.7394,8.04,0,,,,,5,5.4,ok
TIC 131308706,191.6091,-31.7994,8.04,0,,,,,3,3.6,ok
TIC 429452870,207.4671,-66.4857,8.04,0,,,,,4,4.5,ok
TIC 144918085,192.9818,-37.4232,8.04,0,,,,,3,3.3,ok
TIC 448333264,209.7876,-69.5771,8.04,0,,,,,7,6.7,ok
TIC 464527551,285.3428,-63.35,8.04,0,,,,,8,7.4,ok
TIC 268750437,280.2097,-71.3655,8.04,0,,,,,8,7.4,ok
TIC 20500188,169.1549,-24.4939,8.04,0,,,,,5,5.2,ok
TIC 363622039,199.7113,-45.6832,8.04,0,,,,,3,3.3,ok
TIC 454040583,175.7559,-41.3281,8.04,0,,,,,7,7.1,ok
TIC 329538966,191.8832,-70.7079,8.04,0,,,,,5,5.4,ok
TIC 438648278,195.4526,-64.7957,8.04,0,,,,,5,4.9,ok
TIC 219384925,171.9353,-23.522,8.04,0,,,,,6,6.0,ok
TIC 219260541,309.0534,-58.3175,8.05,0,,,,,7,6.4,ok
TIC 220373696,308.9687,-54.1538,8.05,0,,,,,5,4.8,ok
TIC 394101730,198.3339,-75.3526,8.05,0,,,,,5,5.2,ok
TIC 382274223,287.4695,-71.204,8.05,0,,,,,9,8.0,ok
TIC 259717418,322.377,-63.5403,8.05,0,,,,,8,7.2,ok
TIC 401669307,315.9938,-80.4738,8.05,0,,,,,7,6.5,ok
TIC 384297060,246.5081,-79.1877,8.05,0,,,,,6,5.8,ok
TIC 414208970,215.8728,-56.5334,8.05,0,,,,,5,5.0,ok
TIC 320007483,293.2148,-58.0224,8.05,0,,,,,6,5.6,ok
TIC 103625404,193.3961,-35.2115,8.05,0,,,,,4,4.1,ok
TIC 403800123,179.3884,-26.5303,8.05,0,,,,,4,4.1,ok
TIC 417362390,223.6124,-55.2945,8.05,0,,,,,1,1.5,ok
TIC 259719482,322.7114,-62.2392,8.05,0,,,,,8,7.3,ok
TIC 396170076,298.5072,-71.5326,8.05,0,,,,,8,7.1,ok
TIC 466279308,306.0666,-63.8902,8.05,0,,,,,7,6.3,ok
TIC 253141415,194.6871,-55.1873,8.05,0,,,,,6,5.7,ok
TIC 241600190,207.2702,-50.7032,8.05,0,,,,,5,5.1,ok
TIC 332531383,180.0351,-48.7714,8.05,0,,,,,4,3.9,ok
TIC 351559682,309.7553,-60.8265,8.05,0,,,,,7,7.2,ok
TIC 208342243,208.3601,-57.2283,8.05,0,,,,,5,5.0,ok
TIC 407261690,238.732,-78.8322,8.05,0,,,,,6,6.1,ok
TIC 387064975,273.2807,-71.5716,8.05,0,,,,,6,5.8,ok
TIC 262990535,216.0143,-56.8303,8.05,0,,,,,6,5.9,ok
TIC 253073036,194.3886,-57.4492,8.05,0,,,,,3,3.2,ok
TIC 21112838,186.7313,-49.2839,8.05,0,,,,,4,4.1,ok
TIC 390584123,199.7829,-34.5851,8.05,0,,,,,4,3.8,ok
TIC 411679817,189.4389,-55.2116,8.05,0,,,,,6,5.7,ok
TIC 405500503,202.3372,-34.8546,8.05,0,,,,,3,3.1,ok
TIC 124336291,198.0533,-32.4531,8.05,0,,,,,5,5.0,ok
TIC 421191140,182.1301,-29.3734,8.05,0,,,,,4,4.1,ok
TIC 395400225,207.0972,-75.795,8.05,0,,,,,7,6.7,ok
TIC 329204700,212.033,-51.3915,8.05,0,,,,,5,4.8,ok
TIC 429356287,183.8209,-19.3883,8.05,0,,,,,4,4.0,ok
TIC 389095207,177.9368,-51.4864,8.05,0,,,,,4,4.0,ok
TIC 467963650,285.8331,-64.5622,8.05,0,,,,,8,7.1,ok
TIC 429234939,184.0488,-49.9074,8.05,0,,,,,4,3.9,ok
TIC 386739884,189.2303,-16.7556,8.05,0,,,,,4,4.0,ok
TIC 410057499,321.07,-69.7339,8.05,0,,,,,7,6.7,ok
TIC 294609312,267.0195,-67.3836,8.05,0,,,,,7,6.5,ok
TIC 241611533,207.4768,-50.2401,8.05,0,,,,,6,5.9,ok
TIC 406774654,223.4229,-79.6231,8.05,0,,,,,6,5.9,ok
TIC 361992659,196.524,-72.1626,8.05,0,,,,,6,5.9,ok
TIC 466167005,299.1608,-60.9257,8.05,0,,,,,7,6.3,ok
TIC 339127521,293.9507,-65.3387,8.05,0,,,,,5,4.6,ok
TIC 372347022,315.8089,-66.0356,8.05,0,,,,,5,4.7,ok
TIC 310054398,250.0385,-72.2186,8.05,0,,,,,7,6.4,ok
TIC 410004674,319.6413,-66.7986,8.05,0,,,,,7,6.2,ok
TIC 409948021,316.4948,-69.9044,8.06,0,,,,,5,4.7,ok
TIC 331183881,214.241,-49.9453,8.06,0,,,,,5,5.1,ok
TIC 181201448,174.516,-41.053,8.06,0,,,,,7,6.4,ok
TIC 273274163,188.5701,-57.6644,8.06,0,,,,,5,4.9,ok
TIC 130825131,187.4331,-31.1489,8.06,0,,,,,4,3.9,ok
TIC 392761154,327.7381,-72.5023,8.06,0,,,,,6,5.4,ok
TIC 406945246,229.809,-79.0134,8.06,0,,,,,7,6.9,ok
TIC 165424163,179.9377,-39.1975,8.06,0,,,,,7,6.9,ok
TIC 241506132,206.1828,-49.2995,8.06,0,,,,,6,5.8,ok
TIC 134832204,183.4099,-38.7992,8.06,0,,,,,5,5.0,ok
TIC 429153021,173.1745,-27.9186,8.06,0,,,,,5,5.6,ok
TIC 304129546,291.8643,-63.2165,8.06,0,,,,,7,6.4,ok
TIC 395850915,209.5775,-73.6388,8.06,0,,,,,8,7.7,ok
TIC 394508150,200.8472,-72.2465,8.06,0,,,,,4,4.2,ok
TIC 288218261,187.2794,-53.6241,8.06,0,,,,,5,4.8,ok
TIC 94554742,177.5297,-49.5433,8.06,0,,,,,6,6.3,ok
TIC 410398278,291.2965,-67.5207,8.06,0,,,,,8,7.0,ok
TIC 424614883,236.8233,-61.7361,8.06,0,,,,,7,6.7,ok
TIC 404327246,220.7943,-65.7191,8.06,0,,,,,7,6.7,ok
TIC 30540538,198.985,-38.4905,8.06,0,,,,,5,4.7,ok
TIC 425796306,234.1636,-71.9818,8.06,0,,,,,8,7.4,ok
TIC 98992581,181.1794,-29.1848,8.06,0,,,,,4,4.1,ok
TIC 83152944,188.7401,-21.2153,8.06,0,,,,,4,20.7,ok
TIC 255776753,186.1413,-49.9143,8.06,0,,,,,4,4.2,ok
TIC 362375966,245.8552,-70.465,8.06,0,,,,,6,5.9,ok
TIC 411539955,185.4442,-59.7665,8.06,0,,,,,6,5.9,ok
TIC 449666278,200.8917,-60.3771,8.06,0,,,,,5,4.8,ok
TIC 452698339,172.0261,-26.2617,8.06,0,,,,,4,4.1,ok
TIC 384819118,261.3722,-79.0712,8.06,0,,,,,5,5.3,ok
TIC 372106894,310.8874,-70.3248,8.06,0,,,,,6,5.5,ok
TIC 144823282,192.6321,-41.6966,8.06,0,,,,,4,4.7,ok
TIC 389303586,188.2372,-29.6844,8.06,0,,,,,3,3.1,ok
TIC 408566822,195.3775,-22.4347,8.06,0,,,,,3,3.1,ok
TIC 443410211,199.1478,-61.1065,8.06,0,,,,,6,6.5,ok
TIC 286866372,190.157,-18.0173,8.06,0,,,,,3,3.4,ok
TIC 255842788,258.5957,-66.6364,8.06,0,,,,,5,5.2,ok
TIC 358947394,199.3431,-55.8473,8.06,0,,,,,6,6.0,ok
TIC 360918475,283.0113,-63.499,8.06,0,,,,,8,7.5,ok
TIC 256092067,266.6087,-74.854,8.06,0,,,,,7,6.5,ok
TIC 401667048,311.555,-81.2094,8.06,0,,,,,7,7.1,ok
TIC 241308672,204.0336,-52.7137,8.06,0,,,,,8,9.1,ok
TIC 319234321,204.8682,-62.1777,8.07,0,,,,,5,5.0,ok
TIC 404265471,308.5196,-72.3734,8.07,0,,,,,7,6.3,ok
TIC 327670036,329.9127,-69.2261,8.07,0,,,,,8,7.2,ok
TIC 419500655,191.15,-54.5517,8.07,0,,,,,6,6.0,ok
TIC 382074000,285.401,-66.0283,8.07,0,,,,,6,5.7,ok
TIC 90154673,204.492,-58.2082,8.07,0,,,,,4,4.2,ok
TIC 407047520,232.156,-80.9979,8.07,0,,,,,5,5.1,ok
TIC 394585107,340.0775,-65.7777,8.07,0,,,,,11,9.1,ok
TIC 395746133,208.9621,-77.8026,8.07,0,,,,,7,7.8,ok
TIC 310889486,185.2877,-61.7043,8.07,0,,,,,7,7.0,ok
TIC 241500787,206.1302,-51.5409,8.07,0,,,,,7,7.4,ok
TIC 188756200,221.0439,-55.8057,8.07,0,,,,,4,4.3,ok
TIC 449461507,200.1018,-63.2219,8.07,0,,,,,5,5.1,ok
TIC 407068771,232.6906,-83.3714,8.07,0,,,,,5,5.1,ok
TIC 422039615,301.409,-59.2312,8.07,0,,,,,4,3.9,ok
TIC 422005639,301.4999,-55.8933,8.07,0,,,,,4,4.4,ok
TIC 394804861,202.7441,-72.7006,8.07,0,,,,,6,6.3,ok
TIC 372203352,312.7111,-70.9842,8.07,0,,,,,8,7.5,ok
TIC 229814009,198.6454,-28.5356,8.07,0,,,,,4,4.3,ok
TIC 410153599,340.4608,-69.2987,8.07,0,,,,,11,9.2,ok
TIC 419735582,324.0306,-70.8611,8.07,0,,,,,6,5.5,ok
TIC 399022475,198.3573,-52.4074,8.07,0,,,,,4,4.3,ok
TIC 363269442,248.6477,-71.3018,8.07,0,,,,,7,6.8,ok
TIC 288456177,192.6104,-42.5169,8.07,0,,,,,3,3.2,ok
TIC 245009455,197.4608,-48.0521,8.07,0,,,,,7,6.6,ok
TIC 384742492,258.3974,-82.176,8.07,0,,,,,4,4.5,ok
TIC 142391849,181.8376,-32.0573,8.07,0,,,,,5,5.5,ok
TIC 320555115,205.251,-64.307,8.07,0,,,,,4,4.9,ok
TIC 466169141,301.2735,-62.0828,8.07,0,,,,,5,5.0,ok
TIC 343947093,276.26,-73.5454,8.07,0,,,,,5,4.9,ok
TIC 270907021,220.225,-54.9743,8.07,0,,,,,1,1.6,ok
TIC 304660206,260.3221,-62.2647,8.07,0,,,,,7,7.2,ok
TIC 407883882,290.1368,-72.7236,8.07,0,,,,,7,6.9,ok
TIC 287800304,184.8188,-58.6575,8.07,0,,,,,5,5.8,ok
TIC 30392474,198.4315,-35.9464,8.07,0,,,,,5,5.2,ok
TIC 334444879,213.7912,-61.1118,8.07,0,,,,,7,6.9,ok
TIC 389047321,332.7036,-63.5694,8.07,0,,,,,7,6.5,ok
TIC 130924645,188.2,-35.4821,8.07,0,,,,,3,3.4,ok
TIC 287560195,198.1384,-42.5523,8.07,0,,,,,4,4.2,ok
TIC 219310941,171.8391,-21.0643,8.07,0,,,,,5,5.5,ok
TIC 287561676,198.1721,-43.9572,8.07,0,,,,,4,4.3,ok
TIC 219262080,309.0104,-54.942,8.07,0,,,,,5,5.1,ok
TIC 361723333,195.2146,-72.7742,8.07,0,,,,,6,6.1,ok
TIC 5984440,193.8494,-21.7496,8.07,0,,,,,4,4.2,ok
TIC 204700146,185.6785,-27.7619,8.07,0,,,,,3,3.2,ok
TIC 257573215,291.8964,-78.2209,8.07,0,,,,,9,9.1,ok
TIC 383416345,184.0079,-65.1926,8.07,0,,,,,6,6.5,ok
TIC 15530655,185.4387,-52.4343,8.08,0,,,,,4,4.4,ok
TIC 364415868,253.1311,-69.9843,8.08,0,,,,,5,5.0,ok
TIC 383077935,183.6184,-61.6806,8.08,0,,,,,3,3.4,ok
TIC 27966954,251.1176,-83.9484,8.08,0,,,,,2,2.4,ok
TIC 57607316,173.5371,-33.886,8.08,0,,,,,6,6.1,ok
TIC 370141811,310.1586,-55.7337,8.08,0,,,,,5,6.0,ok
TIC 107222252,183.6946,-35.1465,8.08,0,,,,,5,5.6,ok
TIC 396256845,211.9658,-75.7828,8.08,0,,,,,4,4.1,ok
TIC 294198241,264.9411,-68.1656,8.08,0,,,,,9,8.9,ok
TIC 333195768,181.2124,-50.8538,8.08,0,,,,,6,5.9,ok
TIC 414620727,224.5114,-54.7981,8.08,0,,,,,5,5.1,ok
TIC 42748763,228.8048,-58.5749,8.08,0,,,,,8,8.0,ok
TIC 209880727,211.2153,-58.8182,8.08,0,,,,,6,6.0,ok
TIC 404418843,196.0728,-53.395,8.08,0,,,,,7,6.7,ok
TIC 30385924,198.4751,-39.7637,8.08,0,,,,,4,4.4,ok
TIC 425658925,232.7577,-74.124,8.08,0,,,,,8,8.2,ok
TIC 418427131,203.9794,-79.7304,8.08,0,,,,,7,8.6,ok
TIC 334078749,192.6332,-71.623,8.08,0,,,,,3,3.2,ok
TIC 337508497,197.5532,-66.8453,8.08,0,,,,,4,4.3,ok
TIC 390161224,183.5873,-55.8044,8.08,0,,,,,?,275.3,timeout
TIC 57690839,174.0066,-34.7253,8.08,0,,,,,5,7.9,ok
TIC 241775524,209.1893,-48.0678,8.08,0,,,,,4,5.0,ok
TIC 423426730,235.119,-63.8382,8.08,0,,,,,4,5.0,ok
TIC 135366441,186.8436,-39.3622,8.08,0,,,,,4,4.2,ok
TIC 102077060,182.0064,-39.29,8.08,0,,,,,4,5.1,ok
TIC 449786679,201.0641,-62.2586,8.08,0,,,,,4,4.8,ok
TIC 466234180,303.8262,-60.5927,8.08,0,,,,,7,7.6,ok
TIC 469827520,302.2867,-75.3661,8.09,0,,,,,7,6.8,ok
TIC 429355454,183.6221,-20.1079,8.09,0,,,,,5,5.2,ok
TIC 401507851,215.7852,-72.1857,8.09,0,,,,,?,970.7,timeout
TIC 30697060,199.7857,-37.668,8.09,0,,,,,?,276.0,timeout
TIC 454004654,192.3922,-30.8141,8.09,0,,,,,4,4.0,ok
TIC 310961046,255.8745,-75.5077,8.09,0,,,,,7,6.7,ok
TIC 389050387,333.3074,-65.6724,8.09,0,,,,,10,9.2,ok
TIC 340931059,310.9654,-61.9991,8.09,0,,,,,7,6.3,ok
TIC 407218660,237.2209,-82.0286,8.09,0,,,,,6,6.1,ok
TIC 30752217,200.0022,-36.3106,8.09,0,,,,,5,4.8,ok
TIC 277029529,278.5377,-82.8479,8.09,0,,,,,8,7.3,ok
TIC 447784424,255.7148,-63.6024,8.09,0,,,,,6,5.6,ok
TIC 276674747,269.4935,-79.1061,8.09,0,,,,,6,5.7,ok
TIC 469978297,342.0888,-67.4286,8.09,0,,,,,9,7.8,ok
TIC 449500995,200.1782,-60.8607,8.09,0,,,,,3,3.2,ok
TIC 461198437,181.4279,-40.8146,8.09,0,,,,,5,5.0,ok
TIC 103944219,195.6331,-35.1147,8.09,0,,,,,5,4.7,ok
TIC 104022191,196.0417,-31.5294,8.09,0,,,,,5,4.7,ok
TIC 464641303,287.6507,-61.637,8.09,0,,,,,9,7.9,ok
TIC 406176618,197.6391,-56.8441,8.09,0,,,,,6,5.8,ok
TIC 343757299,273.2186,-74.2867,8.09,0,,,,,?,280.2,timeout
TIC 285647924,233.9448,-57.7387,8.09,0,,,,,6,8.1,ok
TIC 387426075,217.1542,-65.4462,8.09,0,,,,,8,10.1,ok
TIC 135254999,186.2583,-37.3555,8.09,0,,,,,5,5.8,ok
TIC 135370187,187.0699,-37.8416,8.09,0,,,,,4,9.4,ok
TIC 448859483,213.949,-70.9965,8.09,0,,,,,7,12.8,ok
TIC 419610509,320.3538,-66.9167,8.09,0,,,,,6,7.9,ok
TIC 413407624,215.0438,-59.0034,8.09,0,,,,,5,6.2,ok
TIC 241761762,209.1499,-52.3952,8.09,0,,,,,5,8.1,ok
TIC 253305687,195.9723,-58.9713,8.09,0,,18.9,rejete,variabilite_continue;eclipse_secondaire,7,15.4,ok
TIC 379725706,256.7952,-67.3127,8.09,0,,,,,8,8.0,ok
TIC 208137739,207.869,-56.2242,8.09,0,,,,,6,9.1,ok
TIC 103578831,193.2483,-34.1244,8.09,0,,,,,4,5.7,ok
TIC 5870216,187.7615,-20.3143,8.1,0,,,,,5,7.6,ok
TIC 407774530,274.6951,-69.5991,8.1,0,,,,,8,7.4,ok
TIC 376271719,179.2202,-54.4953,8.1,0,,,,,5,4.8,ok
TIC 144949446,193.1863,-41.1846,8.1,0,,,,,4,4.2,ok
TIC 336945773,196.6332,-68.1053,8.1,0,,,,,6,5.8,ok
TIC 364545901,253.6677,-71.838,8.1,0,,,,,7,6.7,ok
TIC 381039011,182.3149,-63.7314,8.1,0,,,,,4,4.0,ok
TIC 333922841,182.4212,-51.8518,8.1,0,,,,,3,3.1,ok
TIC 403204565,228.2724,-76.289,8.1,0,,,,,6,6.0,ok
TIC 135432046,187.3653,-41.94,8.1,0,,,,,4,4.1,ok
TIC 310733587,254.5901,-73.5868,8.1,0,,,,,7,6.5,ok
TIC 334221439,182.9947,-50.7702,8.1,0,,,,,6,5.7,ok
TIC 289857307,205.1457,-58.201,8.1,0,,,,,7,7.0,ok
TIC 450688287,186.8403,-62.437,8.1,0,,,,,6,5.9,ok
TIC 404219695,303.5138,-75.8679,8.1,0,,,,,5,4.7,ok
TIC 401137605,186.0757,-58.9765,8.1,0,,,,,6,5.6,ok
TIC 9334938,191.149,-26.9055,8.1,0,,,,,4,4.0,ok
TIC 371796030,305.1779,-66.4708,8.1,0,,,,,5,5.0,ok
TIC 360626737,189.6952,-73.0059,8.1,0,,,,,3,3.1,ok
TIC 398403185,284.8501,-81.422,8.1,0,,,,,7,6.4,ok
TIC 241277569,203.4034,-50.4104,8.1,0,,,,,6,6.0,ok
TIC 14661267,174.0382,-29.1778,8.1,0,,,,,5,4.8,ok
TIC 410120539,336.8062,-69.705,8.1,0,,,,,11,8.9,ok
TIC 291445431,246.9472,-73.0867,8.1,0,,,,,3,11.0,ok
TIC 406437902,198.034,-57.7875,8.1,0,,,,,7,6.7,ok
TIC 380661408,268.9964,-61.9486,8.1,0,,,,,3,3.3,ok
TIC 135350167,186.6954,-38.6244,8.1,0,,,,,5,5.0,ok
TIC 398462325,299.2428,-76.9104,8.1,0,,,,,7,6.3,ok
TIC 124078721,196.2115,-33.1375,8.1,0,,,,,5,5.7,ok
TIC 326662358,188.7089,-69.8916,8.1,0,,,,,6,5.9,ok
TIC 261499941,335.2388,-68.3296,8.1,0,,,,,11,8.9,ok
TIC 351350183,307.1917,-63.7413,8.1,0,,,,,1,1.5,ok
TIC 331754267,321.9444,-73.2029,8.1,0,,,,,7,7.5,ok
TIC 390072759,183.5875,-59.2596,8.1,0,,,,,6,5.8,ok
TIC 5869755,187.6968,-21.6422,8.1,0,,,,,5,5.0,ok
TIC 9467408,192.2941,-28.8552,8.1,0,,,,,3,3.2,ok
TIC 407773481,274.6563,-70.7327,8.11,0,,,,,8,7.3,ok
TIC 448243394,209.2701,-67.6698,8.11,0,,,,,5,5.2,ok
TIC 419635604,323.36,-67.1742,8.11,0,,,,,7,6.4,ok
TIC 306521411,265.458,-63.7628,8.11,0,,,,,7,6.5,ok
TIC 401980914,218.6623,-76.389,8.11,0,,,,,7,7.0,ok
TIC 440501899,196.5784,-63.6164,8.11,0,,,,,7,6.7,ok
TIC 409934330,302.1478,-71.5524,8.11,1,2.4898,19.9,rejete,variabilite_continue;eclipse_secondaire,7,10.5,ok
TIC 324654727,313.2764,-78.4101,8.11,0,,,,,8,7.4,ok
TIC 72677338,188.3066,-44.4367,8.11,0,,,,,5,4.9,ok
TIC 436598674,193.5766,-65.5115,8.11,0,,,,,7,6.7,ok
TIC 260719949,225.6903,-66.1129,8.11,0,,,,,6,6.0,ok
TIC 360542991,240.4888,-66.4141,8.11,0,,,,,7,6.8,ok
TIC 415780694,184.3752,-18.2572,8.11,0,,,,,5,4.9,ok
TIC 57515696,172.8817,-30.5597,8.11,0,,,,,5,4.8,ok
TIC 38914373,226.6514,-56.8212,8.11,0,,,,,5,4.8,ok
TIC 329193908,211.7069,-53.2273,8.11,0,,,,,6,5.7,ok
TIC 219068903,170.5798,-22.8948,8.11,0,,,,,6,5.7,ok
TIC 453491157,195.3526,-47.2859,8.11,0,,,,,4,4.1,ok
TIC 318041780,305.2849,-80.8972,8.11,0,,,,,8,7.6,ok
TIC 402334376,221.3514,-75.2268,8.11,0,,,,,2,2.4,ok
TIC 402615104,223.4776,-72.6483,8.11,0,,,,,9,8.4,ok
TIC 263615701,234.6991,-66.8136,8.11,0,,,,,8,7.9,ok
TIC 411885590,189.8379,-55.6542,8.11,0,,,,,7,6.6,ok
TIC 460680743,191.5216,-60.8887,8.11,0,,,,,7,6.9,ok
TIC 124232576,197.0969,-34.1189,8.11,0,,,,,5,4.9,ok
TIC 381293498,257.9503,-65.5011,8.11,0,,,,,8,17.9,ok
TIC 204645414,184.6561,-24.1315,8.11,0,,,,,5,9.5,ok
TIC 381238513,254.582,-66.5036,8.11,0,,,,,6,11.3,ok
TIC 30119875,197.1213,-39.9155,8.11,0,,,,,5,11.0,ok
TIC 389126891,336.665,-67.112,8.11,0,,,,,3,9.9,ok
TIC 314402104,202.5952,-64.1923,8.11,0,,,,,5,10.4,ok
TIC 282571567,232.7548,-57.4862,8.11,0,,,,,3,5.3,ok
TIC 389879225,173.3901,-25.8144,8.11,0,,,,,5,9.6,ok
TIC 429149490,173.1197,-29.5313,8.11,0,,,,,5,9.2,ok
TIC 327431223,189.4511,-67.0714,8.11,0,,,,,7,12.9,ok
TIC 365439024,273.3982,-61.2159,8.12,0,,,,,7,13.0,ok
TIC 259762205,323.0447,-64.3304,8.12,0,,,,,9,14.1,ok
TIC 142260776,180.4283,-32.6252,8.12,0,,,,,6,13.7,ok
TIC 241439216,205.3853,-49.9111,8.12,0,,,,,5,8.7,ok
TIC 243549626,206.4978,-43.5384,8.12,0,,,,,4,10.1,ok
TIC 342494655,204.647,-68.5986,8.12,0,,,,,5,10.3,ok
TIC 135048781,184.8229,-41.6413,8.12,0,,,,,2,7.9,ok
TIC 441099992,197.0899,-62.1782,8.12,0,,,,,5,7.0,ok
TIC 258838968,197.8273,-46.6019,8.12,0,,,,,5,7.4,ok
TIC 131193769,190.8123,-34.9749,8.12,0,,,,,4,10.6,ok
TIC 94013493,176.4707,-49.949,8.12,0,,,,,4,7.6,ok
TIC 447096910,239.0979,-68.2497,8.12,0,,14.2,rejete,variabilite_continue;eclipse_secondaire,8,24.6,ok
TIC 382076457,285.3942,-68.9154,8.12,0,,,,,8,17.2,ok
TIC 351529843,308.8666,-62.2256,8.12,0,,,,,6,10.1,ok
TIC 130722201,186.6213,-31.6287,8.12,0,,,,,5,6.9,ok
TIC 364114903,289.2854,-75.5672,8.12,0,,,,,9,12.9,ok
TIC 382036911,284.5957,-70.8121,8.12,0,,,,,9,14.8,ok
TIC 327667965,329.4653,-68.2146,8.12,1,1.3006,80.8,rejete,variabilite_continue;eclipse_secondaire,9,17.9,ok
TIC 57450390,172.3611,-33.1769,8.12,0,,,,,6,11.6,ok
TIC 295339104,223.1405,-60.2233,8.12,0,,,,,4,11.6,ok
TIC 61834025,177.5358,-45.8473,8.12,0,,,,,5,14.1,ok
TIC 438877899,195.328,-61.0566,8.12,0,,,,,3,12.5,ok
TIC 448689422,212.8722,-66.5493,8.12,0,,,,,5,12.7,ok
TIC 409888199,294.2403,-68.6246,8.12,0,,,,,10,17.1,ok
TIC 276533856,263.8389,-78.0657,8.12,0,,,,,6,17.9,ok
TIC 231641537,318.3724,-59.0977,8.12,0,,,,,9,16.9,ok
TIC 403762821,179.9131,-43.1199,8.12,0,,,,,7,15.1,ok
TIC 360943695,191.3479,-73.7971,8.12,0,,71.8,rejete,variabilite_continue;eclipse_secondaire,6,18.5,ok
TIC 438565911,201.1837,-47.5997,8.12,0,,,,,6,14.3,ok
TIC 258522080,196.679,-47.5267,8.12,0,,,,,6,13.7,ok
TIC 99053300,181.8719,-27.5457,8.12,0,,,,,4,8.5,ok
TIC 466695111,296.7677,-74.9104,8.12,0,,,,,8,13.7,ok
TIC 416206244,223.4518,-58.2152,8.12,0,,,,,6,12.1,ok
TIC 420660080,239.6567,-58.5281,8.12,0,,,,,7,13.7,ok
TIC 262866088,217.7351,-80.7505,8.12,0,,,,,7,13.7,ok
TIC 9389532,191.8031,-25.993,8.12,0,,,,,3,5.9,ok
TIC 270265299,175.3018,-24.3545,8.12,0,,,,,6,13.4,ok
TIC 351454104,308.2012,-64.0418,8.12,0,,,,,4,9.8,ok
TIC 331679394,306.491,-74.3182,8.12,0,,,,,9,13.4,ok
TIC 47450759,231.0344,-57.767,8.12,0,,,,,7,12.1,ok
TIC 304551402,277.0544,-70.2803,8.12,0,,,,,7,11.5,ok
TIC 334934733,193.8651,-70.5195,8.12,0,,,,,5,16.5,ok
TIC 389315309,189.8153,-32.7266,8.12,0,,,,,4,8.8,ok
TIC 124605573,199.6574,-33.0912,8.12,0,,,,,5,6.7,ok
TIC 102171374,195.3375,-40.4858,8.12,0,,,,,5,8.5,ok
TIC 455607487,229.5,-64.2826,8.12,0,,,,,8,14.5,ok
TIC 253375354,196.401,-57.7802,8.12,0,,,,,5,5.3,ok
TIC 265285561,303.6467,-70.6634,8.12,0,,,,,6,17.0,ok
TIC 30442175,198.799,-41.67,8.12,0,,,,,2,8.0,ok
TIC 210183275,211.5507,-54.2068,8.12,0,,,,,6,8.9,ok
TIC 324426174,285.5453,-76.5951,8.12,0,,,,,9,12.8,ok
TIC 241361373,204.6134,-51.5521,8.12,0,,,,,8,13.4,ok
TIC 333293114,181.3615,-51.6657,8.13,0,,,,,3,12.4,ok
TIC 464317121,280.1696,-64.6493,8.13,0,,,,,8,14.6,ok
TIC 405817393,192.2211,-56.8529,8.13,0,,,,,6,13.4,ok
TIC 5915144,193.2909,-20.2147,8.13,0,,,,,4,9.3,ok
TIC 144488191,190.4642,-37.6836,8.13,0,,,,,3,8.8,ok
TIC 157118816,175.1863,-33.4515,8.13,0,,,,,5,12.3,ok
TIC 406253585,197.8357,-59.5769,8.13,0,,,,,?,969.2,timeout
TIC 402948120,249.7847,-61.7846,8.13,0,,,,,?,0.2,erreur
TIC 451305784,221.0405,-51.9381,8.13,0,,,,,?,0.2,erreur
TIC 411502344,183.3426,-56.8933,8.13,0,,,,,?,0.2,erreur
TIC 263867827,235.3125,-69.3821,8.13,0,,,,,?,0.2,erreur
TIC 386006783,216.7634,-60.4504,8.13,0,,,,,?,0.2,erreur
TIC 209620284,210.5258,-59.7229,8.13,0,,,,,?,0.2,erreur
TIC 310099038,250.5858,-74.3037,8.13,0,,,,,?,0.2,erreur
TIC 447027197,233.9322,-67.7939,8.13,0,,,,,?,0.2,erreur
TIC 293729227,263.0181,-70.3859,8.13,0,,,,,?,0.2,erreur
TIC 398625382,180.0387,-57.1173,8.13,0,,,,,?,0.2,erreur
TIC 253275342,195.796,-56.1107,8.13,0,,,,,?,0.2,erreur
TIC 370132474,307.1184,-54.5996,8.13,0,,,,,?,0.2,erreur
TIC 402420157,222.3767,-76.6491,8.13,0,,,,,?,0.2,erreur
TIC 22109236,183.0595,-46.4159,8.13,0,,,,,?,0.2,erreur
TIC 447484195,252.9381,-64.5841,8.13,0,,,,,?,0.2,erreur
TIC 387242167,310.2708,-64.0358,8.13,0,,,,,?,0.2,erreur
TIC 454037605,175.7106,-38.5803,8.13,0,,,,,?,0.2,erreur
TIC 313551384,301.4911,-78.03,8.13,0,,,,,?,0.2,erreur
TIC 21730286,181.314,-47.6005,8.13,0,,,,,?,0.2,erreur
TIC 231670778,320.1082,-59.2243,8.13,0,,,,,?,0.2,erreur
TIC 437392960,194.4425,-63.657,8.13,0,,,,,?,0.2,erreur
TIC 446309341,206.3901,-56.7377,8.13,0,,,,,?,0.2,erreur
TIC 256241525,256.7661,-84.6655,8.13,0,,,,,?,0.2,erreur
TIC 343378570,241.0233,-60.2164,8.13,0,,,,,?,0.2,erreur
TIC 365836278,275.3007,-61.577,8.13,0,,,,,?,0.2,erreur
TIC 327725122,331.7231,-69.945,8.13,0,,,,,?,0.2,erreur
TIC 394571902,200.8839,-73.1582,8.13,0,,,,,?,0.2,erreur
TIC 449368489,200.0093,-60.5265,8.13,0,,,,,?,0.2,erreur
TIC 406506263,198.0728,-59.9207,8.13,0,,,,,?,0.2,erreur
TIC 352000222,283.2753,-77.0568,8.14,0,,,,,?,0.2,erreur
TIC 295039858,269.1609,-68.7775,8.14,0,,,,,?,0.2,erreur
TIC 443671790,186.9824,-25.6649,8.14,0,,,,,?,0.2,erreur
TIC 394308408,200.0184,-76.4192,8.14,0,,,,,?,0.2,erreur
TIC 238814023,327.3881,-61.4635,8.14,0,,,,,?,0.2,erreur
TIC 260196460,224.7022,-71.8628,8.14,0,,,,,?,0.2,erreur
TIC 179644015,188.2424,-65.702,8.14,0,,,,,?,0.2,erreur
TIC 325276580,322.5373,-72.483,8.14,0,,,,,?,0.2,erreur
TIC 380169810,180.1752,-26.0094,8.14,0,,,,,?,0.2,erreur
TIC 61643969,176.9425,-46.6021,8.14,0,,,,,?,0.2,erreur
TIC 166882294,192.8745,-48.7841,8.14,0,,,,,?,0.2,erreur
TIC 343809119,241.5555,-60.6123,8.14,0,,,,,?,0.2,erreur
TIC 22908615,185.9486,-47.5458,8.14,0,,,,,?,0.2,erreur
TIC 99028233,181.2956,-25.8209,8.14,0,,,,,?,0.2,erreur
TIC 340606526,201.6197,-70.5401,8.14,0,,,,,?,0.2,erreur
TIC 389314777,189.8559,-33.8142,8.14,0,,,,,?,0.2,erreur
TIC 346722548,296.988,-82.6651,8.14,0,,,,,?,0.2,erreur
TIC 191562171,221.5347,-54.4049,8.14,0,,,,,?,0.2,erreur
TIC 271579973,319.8149,-74.7042,8.14,0,,,,,?,0.2,erreur
TIC 438731990,201.5019,-51.9191,8.14,0,,,,,?,0.2,erreur
TIC 434507219,189.3349,-23.6742,8.14,0,,,,,?,0.2,erreur
TIC 341362242,316.4057,-61.7288,8.14,0,,,,,?,0.2,erreur
TIC 413285274,214.7144,-56.9812,8.14,0,,,,,?,0.2,erreur
TIC 277834603,344.7173,-67.3995,8.14,0,,,,,?,0.2,erreur
TIC 315805684,203.0234,-60.1133,8.14,0,,,,,?,0.2,erreur
TIC 5982485,193.7774,-19.4751,8.14,0,,,,,?,0.2,erreur
TIC 201746005,303.4559,-55.1699,8.14,0,,,,,?,0.2,erreur
TIC 362173115,245.3753,-69.7236,8.14,0,,,,,?,0.3,erreur
TIC 309986086,184.8306,-62.9541,8.14,0,,,,,?,0.2,erreur
TIC 423536971,185.3716,-22.4364,8.14,0,,,,,?,0.2,erreur
TIC 181860841,190.1342,-17.066,8.14,0,,,,,?,0.2,erreur
TIC 327924327,190.2074,-66.3614,8.14,0,,,,,?,0.2,erreur
TIC 461201882,181.6661,-35.9209,8.14,0,,,,,?,0.2,erreur
TIC 370205071,314.0266,-56.703,8.14,0,,,,,?,0.2,erreur
TIC 164917437,192.0365,-52.1187,8.14,0,,,,,?,0.2,erreur
TIC 209973778,211.4277,-55.0667,8.14,0,,,,,?,0.2,erreur
TIC 130945054,188.5397,-34.735,8.14,0,,,,,?,0.2,erreur
TIC 243455472,205.8411,-46.6359,8.14,0,,,,,?,0.3,erreur
TIC 253961660,198.9915,-58.8507,8.14,0,,,,,?,0.1,erreur
TIC 67213949,181.9003,-54.4269,8.15,0,,,,,?,0.2,erreur
TIC 303838799,272.7044,-65.7337,8.15,0,,,,,?,0.2,erreur
TIC 317019189,336.2608,-72.9007,8.15,0,,,,,?,0.2,erreur
TIC 449114791,216.5855,-71.511,8.15,0,,,,,?,0.2,erreur
TIC 340228117,201.422,-71.1155,8.15,0,,,,,?,0.2,erreur
TIC 41166007,227.9974,-57.5826,8.15,0,,,,,?,0.2,erreur
TIC 179490977,188.1395,-63.9528,8.15,0,,,,,?,0.2,erreur
TIC 130984243,188.7206,-31.4155,8.15,0,,,,,?,0.2,erreur
TIC 340899480,294.172,-75.1403,8.15,0,,,,,?,0.2,erreur
TIC 380913340,270.1783,-62.1601,8.15,0,,,,,?,0.2,erreur
TIC 339379248,295.6558,-61.3432,8.15,0,,,,,?,0.2,erreur
TIC 327725745,331.8826,-71.6226,8.15,0,,,,,?,10.2,erreur
TIC 447488713,253.1324,-65.5703,8.15,0,,,,,?,0.1,erreur
TIC 165491448,180.236,-38.4836,8.15,0,,,,,?,0.2,erreur
TIC 396589662,214.0161,-73.7231,8.15,0,,,,,?,0.2,erreur
TIC 273365294,338.3934,-74.6654,8.15,0,,,,,?,0.2,erreur
TIC 242332063,212.8836,-46.6964,8.15,0,,,,,?,0.2,erreur
TIC 9565470,193.355,-29.3185,8.15,0,,,,,?,0.2,erreur
TIC 144661978,191.5014,-40.0408,8.15,0,,,,,?,0.2,erreur
TIC 363729290,200.2733,-43.8127,8.15,0,,,,,?,0.2,erreur
TIC 294768095,267.5289,-71.3096,8.15,0,,,,,?,0.2,erreur
TIC 338981469,199.3597,-70.858,8.15,0,,,,,?,0.2,erreur
TIC 349859866,245.5003,-64.4049,8.15,0,,,,,?,0.2,erreur
TIC 124402693,198.3164,-30.1047,8.15,0,,,,,?,0.2,erreur
TIC 262128099,199.5978,-57.9845,8.15,0,,,,,?,0.2,erreur
TIC 102079691,195.3187,-36.2843,8.15,0,,,,,?,0.2,erreur
TIC 57139333,170.3205,-29.9817,8.15,0,,,,,?,0.2,erreur
TIC 351470243,308.2902,-60.9808,8.15,0,,,,,?,0.2,erreur
TIC 46085986,230.3617,-56.6633,8.15,0,,,,,?,0.2,erreur
TIC 340396870,238.3599,-59.9026,8.15,0,,,,,?,0.2,erreur
TIC 152597583,172.461,-38.0914,8.15,0,,,,,?,0.2,erreur
TIC 30281683,197.8483,-41.008,8.15,0,,,,,?,0.2,erreur
TIC 201749918,303.6869,-57.6476,8.15,0,,,,,?,0.2,erreur
TIC 421252572,216.553,-78.8928,8.15,0,,,,,?,0.2,erreur
TIC 157118385,175.178,-34.2579,8.16,0,,,,,?,0.2,erreur
TIC 455266581,228.6234,-61.9524,8.16,0,,,,,?,0.2,erreur
TIC 298728705,243.0383,-65.8797,8.16,0,,,,,?,0.2,erreur
TIC 241716964,208.5521,-51.4,8.16,0,,,,,?,0.2,erreur
TIC 402804150,225.1262,-74.2441,8.16,0,,,,,?,0.2,erreur
TIC 402645539,248.2868,-61.1721,8.16,0,,,,,?,0.2,erreur
TIC 130983301,188.771,-33.2664,8.16,0,,,,,?,0.2,erreur
TIC 253153987,194.8801,-56.1908,8.16,0,,,,,?,0.2,erreur
TIC 361794588,244.1893,-70.4831,8.16,0,,,,,?,0.2,erreur
TIC 124569177,199.4452,-30.8753,8.16,0,,,,,?,0.2,erreur
TIC 273148868,188.6038,-59.5891,8.16,0,,,,,?,0.2,erreur
TIC 421915587,288.2266,-59.6884,8.16,0,,,,,?,0.2,erreur
TIC 333544395,216.8765,-52.5253,8.16,0,,,,,?,0.2,erreur
TIC 310182523,251.5046,-75.1883,8.16,0,,,,,?,0.2,erreur
TIC 290402323,330.5282,-74.4989,8.16,0,,,,,?,0.2,erreur
TIC 454080155,176.4803,-40.4958,8.16,0,,,,,?,0.2,erreur
TIC 306723157,265.8429,-65.2309,8.16,0,,,,,?,0.2,erreur
TIC 165997727,205.3327,-41.6892,8.16,0,,,,,?,0.2,erreur
TIC 375300940,290.0822,-63.4785,8.16,0,,,,,?,0.2,erreur
TIC 228694499,193.8106,-28.0302,8.16,0,,,,,?,0.2,erreur
TIC 107020548,182.9484,-35.6564,8.16,0,,,,,?,0.2,erreur
TIC 289980678,205.0853,-53.9958,8.16,0,,,,,?,0.2,erreur
TIC 434514621,189.7855,-21.9357,8.16,0,,,,,?,0.2,erreur
TIC 406773217,223.561,-78.2965,8.16,0,,,,,?,0.2,erreur
TIC 277070297,279.662,-82.2308,8.16,0,,,,,?,0.2,erreur
TIC 277125572,282.1422,-78.4537,8.16,0,,,,,?,0.2,erreur
TIC 142139204,179.6245,-34.8332,8.16,0,,,,,?,0.2,erreur
TIC 243449082,205.5996,-45.5956,8.16,0,,,,,?,0.2,erreur
TIC 273272475,321.5467,-80.1524,8.16,0,,,,,?,0.2,erreur
TIC 404013383,194.9559,-48.0753,8.16,0,,,,,?,0.2,erreur
TIC 360823525,304.0418,-58.5561,8.16,0,,,,,?,0.2,erreur
TIC 301458049,256.7154,-69.0835,8.16,0,,,,,?,0.2,erreur
TIC 286190272,187.3003,-29.3258,8.16,0,,,,,?,0.2,erreur
TIC 412547448,193.0468,-57.742,8.16,0,,,,,?,0.2,erreur
TIC 270245472,332.9843,-77.1452,8.16,0,,,,,?,0.2,erreur
TIC 400863257,178.4661,-49.932,8.16,0,,,,,?,0.2,erreur
TIC 260936703,201.6782,-49.6125,8.16,0,,,,,?,0.2,erreur
TIC 447135535,239.6674,-68.6058,8.16,0,,,,,?,0.2,erreur
TIC 382995678,216.127,-64.958,8.16,0,,,,,?,0.2,erreur
TIC 467960339,285.7885,-61.1144,8.17,0,,,,,?,0.2,erreur
TIC 257383436,219.86,-70.2901,8.17,0,,,,,?,0.2,erreur
TIC 339652086,200.4106,-66.0336,8.17,0,,,,,?,0.2,erreur
TIC 295604573,223.2524,-64.3254,8.17,0,,,,,?,0.2,erreur
TIC 422371105,182.1901,-22.5209,8.17,0,,,,,?,0.2,erreur
TIC 333972219,192.6619,-68.373,8.17,0,,,,,?,0.2,erreur
TIC 343402190,267.9767,-72.6682,8.17,0,,,,,?,0.2,erreur
TIC 326153517,187.9637,-70.646,8.17,0,,,,,?,0.2,erreur
TIC 376103935,179.2841,-58.455,8.17,0,,,,,?,0.2,erreur
TIC 360877445,307.2945,-57.1776,8.17,0,,,,,?,0.2,erreur
TIC 100229378,306.4139,-53.1102,8.17,0,,,,,?,0.2,erreur
TIC 372387876,317.52,-71.6112,8.17,0,,,,,?,0.2,erreur
TIC 135095841,185.1833,-36.2038,8.17,0,,,,,?,0.2,erreur
TIC 435984991,193.209,-64.8169,8.17,0,,,,,?,0.2,erreur
TIC 265438551,321.1116,-60.6757,8.17,0,,,,,?,0.2,erreur
TIC 426154732,238.4417,-76.5095,8.17,0,,,,,?,0.2,erreur
TIC 292634628,270.8825,-77.2713,8.17,0,,,,,?,0.2,erreur
TIC 455598880,229.4445,-65.7767,8.17,0,,,,,?,0.2,erreur
TIC 293798108,263.3766,-66.7542,8.18,0,,,,,?,0.2,erreur
TIC 99059830,181.999,-26.2035,8.18,0,,,,,?,0.2,erreur
TIC 44278790,229.4937,-59.2328,8.18,0,,,,,?,0.2,erreur
TIC 424989326,237.4242,-65.1032,8.18,0,,,,,?,0.2,erreur
TIC 135454100,187.8711,-40.2745,8.18,0,,,,,?,0.2,erreur
TIC 343995519,276.9912,-77.8847,8.18,0,,,,,?,0.2,erreur
TIC 277231834,234.5021,-59.4072,8.18,0,,,,,?,0.2,erreur
TIC 447612113,254.1015,-62.544,8.18,0,,,,,?,0.2,erreur
TIC 361474508,243.0737,-69.6197,8.18,0,,,,,?,0.2,erreur
TIC 361565504,243.1796,-71.5752,8.18,0,,,,,?,0.2,erreur
TIC 461201151,181.5088,-37.0867,8.18,0,,,,,?,0.2,erreur
TIC 418653627,209.0087,-81.521,8.18,0,,,,,?,0.2,erreur
TIC 318040836,305.0512,-78.8181,8.18,0,,,,,?,0.2,erreur
TIC 461213537,232.6781,-63.0517,8.18,0,,,,,?,0.2,erreur
TIC 384244709,216.4719,-62.7981,8.18,0,,,,,?,0.2,erreur
TIC 328468304,190.6523,-67.8424,8.18,0,,,,,?,0.2,erreur
TIC 437323587,192.024,-19.7533,8.18,0,,,,,?,0.2,erreur
TIC 229311138,196.5436,-26.0058,8.18,0,,,,,?,0.2,erreur
TIC 181205079,174.5966,-38.4777,8.18,0,,,,,?,0.2,erreur
TIC 338531807,189.4894,-61.2779,8.18,0,,,,,?,0.2,erreur
TIC 275883138,208.0832,-42.6174,8.18,0,,,,,?,0.2,erreur
TIC 5966788,193.2776,-23.1663,8.18,0,,,,,?,0.2,erreur
TIC 57348820,171.5646,-32.6163,8.18,0,,,,,?,0.2,erreur
TIC 373016628,263.8682,-72.343,8.18,0,,,,,?,0.2,erreur
TIC 241320066,204.1447,-48.1135,8.18,0,,,,,?,0.3,erreur
TIC 262374255,228.5541,-66.0719,8.18,0,,,,,?,0.7,erreur
TIC 390554357,190.0798,-29.6151,8.18,0,,,,,?,0.0,erreur
TIC 304125535,279.1594,-63.8913,8.18,0,,,,,?,0.2,erreur
TIC 401431718,200.6328,-52.1685,8.18,0,,,,,?,0.2,erreur
TIC 352508914,324.7069,-74.1254,8.18,0,,,,,?,0.2,erreur
TIC 402937166,249.6321,-65.357,8.18,0,,,,,?,0.2,erreur
TIC 243327003,204.4345,-46.187,8.18,0,,,,,?,0.2,erreur
TIC 402796126,249.0669,-64.862,8.18,0,,,,,?,0.2,erreur
TIC 304065196,278.8969,-60.6107,8.18,0,,,,,?,0.2,erreur
TIC 339847182,237.5423,-61.0452,8.18,0,,,,,?,0.2,erreur
TIC 349859612,245.5863,-64.4798,8.18,0,,,,,?,0.2,erreur
TIC 333015696,180.9366,-49.8123,8.18,0,,,,,?,0.2,erreur
TIC 335981114,214.538,-63.8119,8.18,0,,,,,?,0.2,erreur
TIC 97760779,170.5681,-26.6607,8.18,0,,,,,?,0.2,erreur
TIC 9481811,192.7685,-26.4514,8.18,0,,,,,?,0.2,erreur
TIC 245335532,199.7012,-52.239,8.19,0,,,,,?,0.2,erreur
TIC 318087385,306.7015,-78.1951,8.19,0,,,,,?,0.2,erreur
TIC 417083018,223.6264,-56.4028,8.19,0,,,,,?,0.2,erreur
TIC 384270147,245.0935,-82.0357,8.19,0,,,,,?,0.2,erreur
TIC 135144081,185.1944,-41.0048,8.19,0,,,,,?,0.2,erreur
TIC 135093848,185.1043,-38.3077,8.19,0,,,,,?,0.2,erreur
TIC 395829815,209.4671,-75.0416,8.19,0,,,,,?,0.2,erreur
TIC 404063914,194.889,-51.8378,8.19,0,,,,,?,0.2,erreur
TIC 22395174,186.2261,-19.8706,8.19,0,,,,,?,0.2,erreur
TIC 447643122,254.349,-65.7668,8.19,0,,,,,?,0.2,erreur
TIC 448759832,213.0605,-65.951,8.19,0,,,,,?,0.2,erreur
TIC 30290773,197.8186,-37.6363,8.19,0,,,,,?,0.2,erreur
TIC 341405514,317.209,-63.0508,8.19,0,,,,,?,0.2,erreur
TIC 93709814,175.9223,-48.6656,8.19,0,,,,,?,0.2,erreur
TIC 334620634,183.4902,-53.1434,8.19,0,,,,,?,0.2,erreur
TIC 351533129,309.0163,-62.6044,8.19,0,,,,,?,0.2,erreur
TIC 448341593,210.0583,-71.8569,8.19,0,,,,,?,0.2,erreur
TIC 426575862,246.6083,-72.0142,8.19,0,,,,,?,0.2,erreur
TIC 102307332,196.2514,-37.5251,8.19,0,,,,,?,0.2,erreur
TIC 423647287,235.278,-62.3069,8.19,0,,,,,?,0.2,erreur
TIC 142279151,180.8273,-31.2685,8.19,0,,,,,?,0.2,erreur
TIC 310795658,254.8292,-75.8071,8.19,0,,,,,?,0.2,erreur
TIC 434502031,173.4028,-20.5464,8.19,0,,,,,?,0.2,erreur
TIC 278661555,328.9387,-66.1566,8.19,0,,,,,?,0.2,erreur
TIC 381258757,182.4589,-63.9158,8.19,0,,,,,?,0.2,erreur
TIC 311413934,259.015,-76.3513,8.19,0,,,,,?,0.2,erreur
TIC 219306160,316.7426,-59.5356,8.19,0,,,,,?,0.2,erreur
TIC 241695362,208.3819,-52.5014,8.19,0,,,,,?,0.2,erreur
TIC 426287025,241.3647,-72.8588,8.19,0,,,,,?,0.2,erreur
TIC 466199276,302.3015,-60.1571,8.19,0,,,,,?,0.2,erreur
TIC 407262906,238.7793,-79.9529,8.19,0,,,,,?,0.2,erreur
TIC 144492663,190.5857,-39.5237,8.19,0,,,,,?,0.2,erreur
TIC 229258156,196.1795,-26.9005,8.19,0,,,,,?,0.2,erreur
TIC 329306343,191.6214,-66.8173,8.19,0,,,,,?,0.2,erreur
TIC 440813098,196.7068,-62.1113,8.2,0,,,,,?,0.2,erreur
TIC 422088129,188.8232,-51.676,8.2,0,,,,,?,0.2,erreur
TIC 308471350,184.1146,-60.8917,8.2,0,,,,,?,0.2,erreur
TIC 394573464,200.8829,-73.794,8.2,0,,,,,?,0.2,erreur
TIC 423429280,235.0684,-63.3782,8.2,0,,,,,?,0.2,erreur
TIC 241585690,206.9986,-52.0691,8.2,0,,,,,?,0.2,erreur
TIC 241603329,207.2983,-49.3814,8.2,0,,,,,?,0.2,erreur
TIC 371928668,306.8437,-66.9215,8.2,0,,,,,?,0.2,erreur
TIC 411942227,189.8159,-57.3233,8.2,0,,,,,?,0.2,erreur
TIC 407169954,236.1331,-82.691,8.2,0,,,,,?,0.3,erreur
TIC 464316038,280.2296,-65.7147,8.2,0,,,,,?,0.1,erreur
TIC 423352731,234.901,-65.2684,8.2,0,,,,,?,0.2,erreur
TIC 394996729,203.8069,-74.7913,8.2,0,,,,,?,0.2,erreur
TIC 448336596,209.8797,-70.4163,8.2,0,,,,,?,0.2,erreur
TIC 293108438,178.3304,-24.5875,8.2,0,,,,,?,0.2,erreur
TIC 333310113,216.6594,-48.909,8.2,0,,,,,?,0.2,erreur
TIC 441980982,197.7364,-64.401,8.2,0,,,,,?,0.2,erreur
TIC 333212104,216.5749,-53.6981,8.2,0,,,,,?,0.2,erreur
TIC 157325832,176.9832,-32.3893,8.2,0,,,,,?,0.2,erreur
TIC 340844505,292.7716,-73.1441,8.2,0,,,,,?,0.2,erreur
TIC 21986681,182.5469,-46.9875,8.2,0,,,,,?,0.2,erreur
TIC 263172398,216.5268,-56.1897,8.2,0,,,,,?,0.2,erreur
TIC 208166492,208.1472,-54.2786,8.2,0,,,,,?,0.2,erreur
TIC 131234993,191.459,-30.8107,8.2,0,,,,,?,0.2,erreur
TIC 340091616,237.8291,-62.4586,8.2,0,,,,,?,0.2,erreur
TIC 449085342,216.1888,-66.3606,8.2,0,,,,,?,0.2,erreur
TIC 341970174,203.7587,-67.2958,8.2,0,,,,,?,0.2,erreur
TIC 416509538,223.3546,-59.057,8.2,0,,,,,?,0.2,erreur
TIC 329122651,211.7286,-49.4458,8.2,0,,,,,?,0.2,erreur
TIC 438689102,202.4195,-44.0163,8.2,0,,,,,?,0.2,erreur
TIC 451393581,239.8141,-72.4095,8.2,0,,,,,?,0.2,erreur
TIC 271519524,288.5312,-63.7472,8.2,0,,,,,?,0.2,erreur
TIC 456059585,230.8706,-60.4578,8.2,0,,,,,?,0.2,erreur
TIC 402707467,248.3705,-62.6785,8.2,0,,,,,?,0.2,erreur
TIC 402648095,248.1752,-60.6241,8.2,0,,,,,?,0.2,erreur
TIC 351132202,299.7549,-62.4832,8.2,0,,,,,?,0.2,erreur
TIC 422001952,301.2146,-58.0901,8.21,0,,,,,?,0.2,erreur
TIC 322769378,206.1644,-65.7455,8.21,0,,,,,?,0.4,erreur
TIC 337819441,197.9036,-67.4662,8.21,0,,,,,?,0.4,erreur
TIC 72813530,188.6297,-43.405,8.21,0,,,,,?,0.0,erreur
TIC 338891771,199.4506,-68.0401,8.21,0,,,,,?,0.2,erreur
TIC 229310586,196.6574,-29.4486,8.21,0,,,,,?,0.2,erreur
TIC 103630061,193.4638,-33.1702,8.21,0,,,,,?,0.2,erreur
TIC 448734714,213.1421,-68.6883,8.21,0,,,,,?,0.2,erreur
TIC 261463562,335.058,-67.2933,8.21,0,,,,,?,10.2,erreur
TIC 243620200,207.2598,-43.0077,8.21,0,,,,,?,0.1,erreur
TIC 44539143,229.6311,-57.2655,8.21,0,,,,,?,0.2,erreur
TIC 170656933,185.9415,-30.6879,8.21,0,,,,,?,0.2,erreur
TIC 422090207,188.8074,-50.6195,8.21,0,,,,,?,0.2,erreur
TIC 401858453,217.8316,-74.1858,8.21,0,,,,,?,0.2,erreur
TIC 384511203,252.9771,-82.8242,8.21,0,,,,,?,0.2,erreur
TIC 309638349,248.1861,-71.9436,8.21,0,,,,,?,0.2,erreur
TIC 288020208,184.944,-55.9871,8.21,0,,,,,?,0.2,erreur
TIC 339665778,298.9678,-64.2347,8.21,0,,,,,?,0.2,erreur
TIC 434664408,191.2031,-64.9644,8.21,0,,,,,?,0.2,erreur
TIC 325338668,335.0191,-72.2765,8.21,0,,,,,?,0.2,erreur
TIC 389089927,333.4057,-66.593,8.21,0,,,,,?,0.2,erreur
TIC 345088232,280.9787,-74.6553,8.21,0,,,,,?,0.2,erreur
TIC 341423559,317.4414,-64.5107,8.21,0,,,,,?,0.2,erreur
TIC 344184668,280.3364,-72.2221,8.21,0,,,,,?,0.2,erreur
TIC 447258369,251.0082,-63.4813,8.21,0,,,,,?,0.2,erreur
TIC 372172418,312.4674,-69.7915,8.21,0,,,,,?,0.2,erreur
TIC 466172238,301.637,-64.4866,8.21,0,,,,,?,0.2,erreur
TIC 210852484,212.8328,-54.6324,8.21,0,,,,,?,0.2,erreur
TIC 162079738,190.3908,-53.3151,8.21,0,,,,,?,0.2,erreur
TIC 362625985,246.5602,-66.9797,8.21,0,,,,,?,0.2,erreur
TIC 256009956,198.666,-54.5423,8.21,0,,,,,?,0.2,erreur
TIC 35359078,224.8602,-56.6847,8.21,0,,,,,?,0.2,erreur
TIC 309800313,249.0104,-73.4859,8.21,0,,,,,?,0.2,erreur
TIC 310712554,185.4111,-64.3841,8.21,0,,,,,?,0.2,erreur
TIC 376135664,291.9919,-69.2023,8.21,0,,,,,?,0.2,erreur
TIC 292627233,270.7679,-73.6589,8.21,0,,,,,?,0.2,erreur
TIC 381034656,270.5624,-61.9383,8.22,0,,,,,?,0.2,erreur
TIC 396218517,211.8085,-74.49,8.22,0,,,,,?,0.2,erreur
TIC 434514848,189.7538,-22.6183,8.22,0,,,,,?,0.2,erreur
TIC 403957139,188.6597,-53.1457,8.22,0,,,,,?,0.2,erreur
TIC 426408620,243.0115,-75.0618,8.22,0,,,,,?,0.2,erreur
TIC 464413832,282.0205,-60.5288,8.22,0,,,,,?,0.2,erreur
TIC 425923664,235.5547,-73.188,8.22,0,,,,,?,0.2,erreur
TIC 142210408,180.3994,-34.1421,8.22,0,,,,,?,0.2,erreur
TIC 77556322,178.9469,-25.1466,8.22,0,,,,,?,0.2,erreur
TIC 398420447,286.6204,-82.5524,8.22,0,,,,,?,0.2,erreur
TIC 311653222,261.2997,-75.9986,8.22,0,,,,,?,0.2,erreur
TIC 330305155,213.3989,-53.8791,8.22,0,,,,,?,0.2,erreur
TIC 466301827,306.2074,-59.965,8.22,0,,,,,?,0.2,erreur
TIC 308976746,222.9898,-53.2312,8.22,0,,,,,?,0.2,erreur
TIC 304071827,258.4528,-65.6877,8.22,0,,,,,?,0.2,erreur
TIC 383894833,216.4473,-60.4946,8.22,0,,,,,?,0.2,erreur
TIC 304405981,276.3766,-68.3935,8.22,0,,,,,?,0.2,erreur
TIC 461143288,232.5481,-60.491,8.22,0,,,,,?,0.2,erreur
TIC 61644291,176.8406,-46.3399,8.22,0,,,,,?,0.2,erreur
TIC 352002870,283.0092,-73.0711,8.22,0,,,,,?,0.2,erreur
TIC 72818117,188.5885,-47.1286,8.22,0,,,,,?,0.2,erreur
TIC 181021137,173.1894,-37.5067,8.22,0,,,,,?,0.3,erreur
TIC 180998196,172.9887,-39.7371,8.22,0,,,,,?,0.1,erreur
TIC 418723250,211.679,-79.8202,8.22,0,,,,,?,0.2,erreur
TIC 229390943,197.0476,-27.5979,8.22,0,,,,,?,0.2,erreur
TIC 437322762,191.8897,-18.9519,8.22,0,,,,,?,0.2,erreur
TIC 83133871,188.4781,-22.0757,8.22,0,,,,,?,0.2,erreur
TIC 384710719,258.0891,-78.469,8.22,0,,,,,?,0.2,erreur
TIC 298281735,242.4406,-64.5663,8.22,0,,,,,?,0.2,erreur
TIC 442279247,197.9782,-60.1835,8.22,0,,,,,?,0.2,erreur
TIC 346701096,296.4248,-78.8839,8.22,0,,,,,?,0.2,erreur
TIC 72185751,186.4572,-42.8272,8.22,0,,,,,?,0.2,erreur
TIC 144112138,188.2032,-39.2304,8.22,0,,,,,?,0.2,erreur
TIC 384829440,263.4991,-78.1357,8.23,0,,,,,?,0.2,erreur
TIC 89635056,204.0393,-56.0291,8.23,0,,,,,?,0.2,erreur
TIC 361029702,241.9689,-67.268,8.23,0,,,,,?,0.2,erreur
TIC 343715636,206.9116,-68.6002,8.23,0,,,,,?,0.2,erreur
TIC 402116291,182.7369,-28.3476,8.23,0,,,,,?,0.2,erreur
TIC 327728507,311.7702,-72.7028,8.23,0,,,,,?,0.2,erreur
TIC 438967465,195.4225,-60.4402,8.23,0,,,,,?,0.2,erreur
TIC 303697641,272.2147,-64.6176,8.23,0,,,,,?,0.2,erreur
TIC 68322226,236.1797,-58.1634,8.23,0,,,,,?,0.2,erreur
TIC 448804453,213.6629,-68.5241,8.23,0,,,,,?,0.2,erreur
TIC 286982258,187.2184,-69.9066,8.23,0,,,,,?,0.2,erreur
TIC 241734596,208.6401,-50.5553,8.23,0,,,,,?,0.2,erreur
TIC 351233225,300.16,-63.4265,8.23,0,,,,,?,0.2,erreur
TIC 439479316,195.8928,-62.9696,8.23,0,,,,,?,0.2,erreur
TIC 364208947,252.1964,-67.2684,8.23,0,,,,,?,0.2,erreur
TIC 219974785,306.4124,-56.7355,8.23,0,,,,,?,0.2,erreur
TIC 423264337,297.6577,-75.835,8.23,0,,,,,?,0.2,erreur
TIC 166063262,205.5732,-40.4411,8.23,0,,,,,?,0.2,erreur
TIC 307219715,208.5211,-43.9377,8.23,0,,,,,?,0.2,erreur
TIC 337706541,197.7196,-70.8087,8.23,0,,,,,?,0.2,erreur
TIC 260928562,226.1863,-70.832,8.23,0,,,,,?,0.2,erreur
TIC 455809865,230.0392,-62.1861,8.23,0,,,,,?,0.2,erreur
TIC 354671064,321.2602,-67.6237,8.23,0,,,,,?,0.2,erreur
TIC 160522200,189.5121,-48.4558,8.23,0,,,,,?,0.2,erreur
TIC 405691004,192.0191,-54.0437,8.23,0,,,,,?,0.2,erreur
TIC 304900263,261.1512,-64.5707,8.23,0,,,,,?,0.2,erreur
TIC 376203828,179.2552,-57.8735,8.23,0,,,,,?,0.2,erreur
TIC 376754473,180.9579,-59.5414,8.23,0,,,,,?,0.2,erreur
TIC 410312709,299.8467,-59.0595,8.23,0,,,,,?,0.5,erreur
TIC 379552897,181.3378,-61.7624,8.23,0,,,,,?,0.4,erreur
TIC 404379435,328.9053,-78.5938,8.23,0,,,,,?,0.0,erreur
TIC 278017567,178.1197,-38.0965,8.23,0,,,,,?,0.2,erreur
TIC 383992424,239.9616,-80.1781,8.23,0,,,,,?,0.2,erreur
TIC 295871497,223.4702,-61.0062,8.23,0,,,,,?,0.2,erreur
TIC 424422242,236.6327,-64.0359,8.23,0,,,,,?,0.2,erreur
TIC 406104550,193.8623,-54.2534,8.23,0,,,,,?,0.2,erreur
TIC 293111283,178.4046,-28.2787,8.23,0,,,,,?,0.2,erreur
TIC 272482203,187.8488,-56.9771,8.23,0,,,,,?,0.2,erreur
TIC 369327066,289.9027,-80.8304,8.23,0,,,,,?,0.2,erreur
TIC 209285254,210.1525,-54.2079,8.23,0,,,,,?,0.2,erreur
TIC 329815628,212.7701,-49.2733,8.23,0,,,,,?,0.2,erreur
TIC 429151538,173.2076,-23.918,8.23,0,,,,,?,0.2,erreur
TIC 228885384,194.7891,-28.3924,8.23,0,,,,,?,0.2,erreur
TIC 272115411,233.5062,-61.5892,8.23,0,,,,,?,0.2,erreur
TIC 434928341,192.3617,-64.2028,8.23,0,,,,,?,0.2,erreur
TIC 304335692,275.5837,-71.8842,8.23,0,,,,,?,0.2,erreur
TIC 319063231,204.8548,-60.5849,8.23,0,,,,,?,0.2,erreur
TIC 72560132,187.7174,-46.7901,8.24,0,,,,,?,0.2,erreur
TIC 387241049,310.2788,-61.5925,8.24,0,,,,,?,0.2,erreur
TIC 288891839,201.8618,-54.1552,8.24,0,,,,,?,0.2,erreur
TIC 332724839,180.4166,-51.8073,8.24,0,,,,,?,0.2,erreur
TIC 401623705,310.5249,-79.2927,8.24,0,,,,,?,0.2,erreur
TIC 57211952,170.9108,-30.4903,8.24,0,,,,,?,0.2,erreur
TIC 352404492,301.3708,-70.1849,8.24,0,,,,,?,0.2,erreur
TIC 152510979,172.008,-37.0204,8.24,0,,,,,?,0.2,erreur
TIC 453813589,199.4255,-43.1336,8.24,0,,,,,?,0.2,erreur
TIC 332345656,215.6747,-52.9549,8.24,0,,,,,?,0.2,erreur
TIC 395404732,207.0849,-73.5633,8.24,0,,,,,?,0.2,erreur
TIC 407125411,234.3571,-79.6083,8.24,0,,,,,?,0.2,erreur
TIC 320784905,298.5937,-57.5309,8.24,0,,,,,?,0.2,erreur
TIC 364410904,252.6754,-70.6157,8.24,0,,,,,?,0.2,erreur
TIC 333879879,176.1547,-20.4153,8.24,0,,,,,?,0.2,erreur
TIC 380922828,182.3676,-61.3471,8.24,0,,,,,?,0.2,erreur
TIC 67412678,182.1558,-59.488,8.24,0,,,,,?,0.2,erreur
TIC 61371073,175.6105,-43.3017,8.24,0,,,,,?,0.2,erreur
TIC 426572304,246.6762,-74.3453,8.24,0,,,,,?,0.2,erreur
TIC 253395069,196.6793,-54.6169,8.24,0,,,,,?,0.2,erreur
TIC 453746453,196.3843,-43.8564,8.24,0,,,,,?,0.2,erreur
TIC 219581340,175.0661,-22.102,8.24,0,,,,,?,0.2,erreur
TIC 446346728,221.8723,-81.2174,8.24,0,,,,,?,0.2,erreur
TIC 281874197,186.2772,-69.2152,8.24,0,,,,,?,0.2,erreur
TIC 30022867,196.4864,-41.0401,8.24,0,,,,,?,0.2,erreur
TIC 346725266,299.9985,-79.1434,8.24,0,,,,,?,0.2,erreur
TIC 315493670,203.085,-63.5296,8.24,0,,,,,?,0.2,erreur
TIC 469905944,336.8357,-63.6881,8.24,0,,,,,?,0.2,erreur
TIC 447694948,254.7994,-64.5889,8.24,0,,,,,?,0.2,erreur
TIC 343997418,277.1944,-75.0143,8.24,0,,,,,?,0.2,erreur
TIC 165292746,179.1545,-40.6542,8.24,0,,,,,?,0.2,erreur
TIC 398272196,181.5578,-20.0401,8.24,0,,,,,?,0.2,erreur
TIC 181207198,174.7564,-36.2424,8.24,0,,,,,?,0.2,erreur
TIC 425637355,232.647,-76.3322,8.24,0,,,,,?,0.2,erreur
TIC 418459440,204.5424,-78.4453,8.24,0,,,,,?,0.2,erreur
TIC 295247790,270.3044,-66.4116,8.24,0,,,,,?,0.2,erreur
TIC 449124083,216.5853,-68.8549,8.24,0,,,,,?,0.2,erreur
TIC 393938817,197.2795,-73.7298,8.24,0,,,,,?,0.2,erreur
TIC 408532494,194.9757,-21.781,8.24,0,,,,,?,0.2,erreur
TIC 411731278,214.2727,-55.5217,8.24,0,,,,,?,0.2,erreur
TIC 405411672,337.1401,-70.4161,8.25,0,,,,,?,0.2,erreur
TIC 253940746,199.1197,-55.1904,8.25,0,,,,,?,0.2,erreur
TIC 343142458,205.7104,-66.5786,8.25,0,,,,,?,0.2,erreur
TIC 387112405,286.4332,-74.0293,8.25,0,,,,,?,0.2,erreur
TIC 30989857,201.1632,-41.1503,8.25,0,,,,,?,0.2,erreur
TIC 219952292,290.1336,-59.6476,8.25,0,,,,,?,0.2,erreur
TIC 219964560,305.7484,-59.4981,8.25,0,,,,,?,0.2,erreur
TIC 204618705,184.2617,-27.0423,8.25,0,,,,,?,0.2,erreur
TIC 454006780,192.4775,-33.5069,8.25,0,,,,,?,0.2,erreur
TIC 258655731,197.1222,-45.3683,8.25,0,,,,,?,0.2,erreur
TIC 341712930,239.1654,-63.1156,8.25,0,,,,,?,0.2,erreur
TIC 292698326,271.4659,-76.5538,8.25,0,,,,,?,0.2,erreur
TIC 307309259,208.7013,-45.7624,8.25,0,,,,,?,0.2,erreur
TIC 135147521,185.4563,-39.1352,8.25,0,,,,,?,0.2,erreur
TIC 259918160,224.2989,-69.8565,8.25,0,,,,,?,0.2,erreur
TIC 448088243,208.0368,-67.7697,8.25,0,,,,,?,0.2,erreur
TIC 415617489,223.4077,-54.3191,8.25,0,,,,,?,0.2,erreur
TIC 243643661,207.476,-44.9872,8.25,0,,,,,?,0.2,erreur
TIC 290302447,328.3499,-77.3957,8.25,0,,,,,?,0.2,erreur
TIC 414681967,223.2145,-59.7716,8.25,0,,,,,?,0.2,erreur
TIC 278662858,328.9762,-70.5369,8.25,0,,,,,?,0.2,erreur
TIC 361959531,196.229,-76.6496,8.25,0,,,,,?,0.2,erreur
TIC 145006967,193.2719,-40.5097,8.26,0,,,,,?,0.2,erreur
TIC 360918140,282.9486,-63.8346,8.26,0,,,,,?,0.2,erreur
TIC 79902202,237.7568,-59.3293,8.26,0,,,,,?,0.2,erreur
TIC 447083622,238.5315,-66.979,8.26,0,,,,,?,0.2,erreur
TIC 400911489,178.6502,-53.7292,8.26,0,,,,,?,0.2,erreur
TIC 455124438,228.2268,-60.013,8.26,0,,,,,?,0.2,erreur
TIC 401680540,216.768,-74.4174,8.26,0,,,,,?,0.2,erreur
TIC 440607276,196.7013,-65.2122,8.26,0,,,,,?,0.2,erreur
TIC 390257518,217.6475,-60.8652,8.26,0,,,,,?,0.2,erreur
TIC 437106044,194.0975,-62.4499,8.26,0,,,,,?,0.2,erreur
TIC 22457824,186.7965,-19.9675,8.26,0,,,,,?,0.2,erreur
TIC 425435089,200.8327,-48.9063,8.26,0,,,,,?,0.2,erreur
TIC 22444513,186.4079,-18.164,8.26,0,,,,,?,0.2,erreur
TIC 295421564,272.3333,-68.7562,8.26,0,,,,,?,0.2,erreur
TIC 293655750,262.5522,-68.1384,8.26,0,,,,,?,0.2,erreur
TIC 404217101,298.5831,-72.5123,8.26,0,,,,,?,0.2,erreur
TIC 469906999,336.9171,-64.7432,8.26,0,,,,,?,0.2,erreur
TIC 448209311,208.7917,-68.8821,8.26,0,,,,,?,0.2,erreur
TIC 305180141,261.577,-61.4776,8.26,0,,,,,?,0.2,erreur
TIC 304550604,277.2153,-71.2002,8.26,0,,,,,?,0.2,erreur
TIC 208570502,208.7361,-55.4748,8.26,0,,,,,5,6.5,ok
TIC 305087607,261.5423,-65.3031,8.26,0,,,,,6,6.8,ok
TIC 401404914,200.631,-53.9221,8.26,0,,,,,8,8.3,ok
TIC 272403300,187.7577,-56.0667,8.26,0,,,,,8,8.4,ok
TIC 257894586,220.6463,-67.9171,8.26,0,,,,,8,10.0,ok
TIC 372108508,311.0533,-69.8557,8.26,0,,,,,4,5.2,ok
TIC 220344205,307.3494,-56.4969,8.26,0,,,,,4,7.6,ok
TIC 304206605,274.9582,-70.0957,8.27,0,,,,,4,8.0,ok
TIC 351534998,309.4291,-61.0713,8.27,0,,,,,4,5.7,ok
TIC 437269640,174.0288,-22.4792,8.27,0,,,,,5,9.3,ok
TIC 259860423,188.6995,-24.2779,8.27,0,,,,,3,8.7,ok
TIC 329604972,212.4917,-48.4123,8.27,0,,,,,5,9.4,ok
TIC 286659776,186.8011,-66.0198,8.27,0,,,,,4,9.5,ok
TIC 333735816,170.3376,-25.0628,8.27,0,,,,,6,11.3,ok
TIC 72862404,188.7666,-42.4292,8.27,0,,,,,5,13.6,ok
TIC 367025184,302.2983,-58.7078,8.27,0,,,,,4,7.8,ok
TIC 396464343,213.5223,-73.7092,8.27,0,,,,,4,6.6,ok
TIC 332719291,180.3943,-53.8357,8.27,0,,,,,5,9.2,ok
TIC 32722714,176.5821,-27.0636,8.27,0,,,,,1,8.6,ok
TIC 314273581,202.4371,-65.5974,8.27,0,,,,,6,7.1,ok
TIC 394272819,199.4998,-72.9504,8.27,0,,,,,7,10.3,ok
TIC 295615371,223.444,-65.5682,8.27,0,,,,,8,10.2,ok
TIC 242089153,201.7408,-40.545,8.27,0,,,,,4,5.2,ok
TIC 163648606,191.2596,-51.1043,8.27,0,,,,,4,6.3,ok
TIC 297959800,242.2508,-62.919,8.27,0,,,,,8,11.6,ok
TIC 325077739,294.5049,-66.5071,8.27,0,,,,,8,13.2,ok
TIC 398595797,219.6134,-63.3014,8.27,0,,,,,6,8.6,ok
TIC 306985467,266.9611,-65.845,8.27,0,,,,,8,9.2,ok
TIC 422172203,189.0272,-50.654,8.27,0,,,,,4,5.2,ok
TIC 379544326,181.2701,-60.7519,8.27,0,,,,,6,6.8,ok
TIC 243219146,203.3156,-46.3867,8.27,0,,,,,5,5.9,ok
TIC 349001059,184.437,-17.3567,8.27,0,,,,,5,5.8,ok
TIC 15365585,185.1193,-50.7791,8.27,0,,,,,6,8.0,ok
TIC 336728769,196.2476,-70.3454,8.28,0,,,,,7,11.1,ok
TIC 243427058,205.4733,-43.1769,8.28,0,,,,,4,10.6,ok
TIC 339259030,294.5754,-62.0393,8.28,0,,,,,7,11.1,ok
TIC 343034363,240.7213,-60.3364,8.28,0,,,,,4,6.8,ok
TIC 320286239,205.4109,-61.2072,8.28,0,,,,,5,7.6,ok
TIC 400861216,178.4089,-49.3206,8.28,0,,,,,3,7.8,ok
TIC 394577535,201.2084,-75.7809,8.28,0,,,,,8,12.6,ok
TIC 219293393,311.3402,-54.7749,8.28,0,,,,,6,11.3,ok
TIC 327787012,312.8529,-75.637,8.28,0,,,,,8,12.7,ok
TIC 259731936,224.0107,-67.3628,8.28,0,,,,,8,14.4,ok
TIC 181061812,173.4611,-41.2861,8.28,0,,,,,2,8.2,ok
TIC 271578884,319.6024,-72.1463,8.28,0,,,,,8,13.8,ok
TIC 135257476,186.4776,-36.154,8.28,0,,,,,4,4.5,ok
TIC 103749630,194.3319,-30.4104,8.28,0,,,,,3,3.1,ok
TIC 230976974,300.4339,-55.5217,8.28,0,,,,,6,5.6,ok
TIC 292749561,274.7357,-77.0144,8.28,0,,,,,8,11.0,ok
TIC 352541842,325.1391,-76.6331,8.28,0,,,,,7,9.6,ok
TIC 433357868,183.0497,-54.2305,8.28,0,,,,,5,10.3,ok
TIC 124452817,198.6985,-31.5473,8.28,0,,,,,5,9.3,ok
TIC 208876438,209.4313,-57.9043,8.28,0,,,,,4,11.6,ok
TIC 351248136,300.4403,-60.2178,8.28,0,,,,,7,12.6,ok
TIC 312416379,210.7617,-47.8934,8.28,0,,,,,4,7.4,ok
TIC 420100516,202.9558,-47.9171,8.28,0,,,,,5,7.2,ok
TIC 272170840,187.4614,-58.8684,8.28,0,,,,,6,11.1,ok
TIC 398907941,183.9992,-32.3866,8.28,0,,,,,5,8.3,ok
TIC 396544264,213.8753,-75.0751,8.28,0,,,,,9,12.8,ok
TIC 446934844,233.0288,-66.0927,8.28,0,,,,,9,11.5,ok
TIC 446361076,218.9572,-50.878,8.29,0,,,,,1,4.5,ok
TIC 311889311,263.0586,-74.9933,8.29,0,,,,,8,10.6,ok
TIC 392761279,328.062,-72.806,8.29,0,,,,,6,8.8,ok
TIC 134866849,183.626,-36.0468,8.29,0,,,,,2,5.8,ok
TIC 261699332,227.207,-66.6003,8.29,0,,,,,7,10.2,ok
TIC 464372316,280.9185,-61.7666,8.29,0,,,,,6,11.2,ok
TIC 342236867,240.0111,-65.0236,8.29,0,,,,,7,9.5,ok
TIC 292292315,278.5783,-68.8326,8.29,0,,,,,9,11.7,ok
TIC 290460897,238.5658,-84.4356,8.29,0,,,,,7,10.0,ok
TIC 241734117,208.7913,-50.7454,8.29,0,,,,,5,7.4,ok
TIC 466164033,299.1118,-65.3694,8.29,0,,,,,1,5.5,ok
TIC 389252937,179.8296,-44.1494,8.29,0,,,,,6,8.5,ok
TIC 275541981,178.879,-42.3259,8.29,0,,,,,6,7.7,ok
TIC 438571037,201.2058,-44.3991,8.29,0,,,,,3,5.8,ok
TIC 322913507,206.5593,-64.2835,8.29,0,,,,,3,5.5,ok
TIC 231638013,318.1998,-58.3506,8.29,0,,,,,9,12.1,ok
TIC 461163202,171.608,-27.5849,8.29,0,,,,,4,13.1,ok
TIC 408512763,194.6577,-22.8585,8.29,0,,,,,4,14.9,ok
TIC 317491151,204.1585,-65.8954,8.29,0,,,,,5,10.0,ok
TIC 410402714,291.5903,-70.4813,8.29,0,,,,,10,15.4,ok
TIC 404287409,309.8663,-75.163,8.29,0,,,,,9,13.4,ok
TIC 248202492,194.4701,-42.2349,8.29,0,,,,,5,7.7,ok
TIC 306992293,178.5081,-41.4221,8.29,0,,,,,4,7.1,ok
TIC 38580218,180.3333,-20.9157,8.29,0,,,,,4,8.8,ok
TIC 395688038,208.8031,-72.7339,8.29,0,,,,,8,10.3,ok
TIC 395609561,208.3265,-74.2832,8.29,0,,,,,8,11.4,ok
TIC 466207143,302.9229,-62.1612,8.29,0,,,,,8,14.3,ok
TIC 320530660,296.4778,-59.5933,8.29,0,,,,,7,11.1,ok
TIC 350960965,246.9238,-62.0526,8.29,0,,,,,7,9.8,ok
TIC 384344516,247.6854,-80.3208,8.29,0,,,,,8,13.3,ok
TIC 9337741,191.3342,-29.7818,8.29,0,,,,,4,5.9,ok
TIC 102311007,196.4101,-41.8591,8.3,0,,,,,5,6.1,ok
TIC 291915954,218.1055,-59.1127,8.3,0,,,,,6,7.4,ok
TIC 194966293,222.5125,-54.6763,8.3,0,,,,,1,5.5,ok
TIC 134650373,182.3063,-36.694,8.3,0,,,,,4,9.0,ok
TIC 22331205,178.1564,-22.1782,8.3,0,,,,,5,9.5,ok
TIC 422373323,182.3088,-18.0285,8.3,0,,,,,4,9.6,ok
TIC 425321179,191.0544,-56.232,8.3,0,,,,,7,10.7,ok
TIC 299075690,243.3897,-60.981,8.3,0,,,,,8,14.4,ok
TIC 402802992,225.1325,-73.672,8.3,0,,,,,4,8.7,ok
TIC 447299092,251.044,-60.7362,8.3,0,,,,,8,12.3,ok
TIC 410034464,320.0809,-71.2774,8.3,0,,,,,7,11.9,ok
TIC 425852301,234.7078,-75.5668,8.3,0,,,,,7,7.3,ok
TIC 422408232,183.0435,-18.3952,8.3,0,,,,,5,7.6,ok
TIC 370146806,312.7147,-57.3485,8.3,0,,,,,7,9.6,ok
TIC 72816291,188.6402,-45.7613,8.3,0,,,,,5,10.7,ok
TIC 447389290,252.0647,-64.377,8.31,0,,,,,5,9.3,ok
TIC 339547085,297.5754,-62.3665,8.31,0,,17.1,rejete,variabilite_continue;eclipse_secondaire,8,21.1,ok
TIC 262452631,228.7309,-68.9238,8.31,0,,,,,10,15.3,ok
TIC 365775164,275.4983,-63.619,8.31,0,,,,,9,14.1,ok
TIC 415023317,188.9587,-62.0351,8.31,0,,,,,7,12.3,ok
TIC 447337801,251.6882,-62.3399,8.31,0,,,,,7,12.6,ok
TIC 157270619,176.6714,-34.3486,8.31,0,,,,,7,13.8,ok
TIC 341359216,316.2226,-63.5073,8.31,0,,,,,6,13.3,ok
TIC 259784083,323.4389,-60.6968,8.31,0,,,,,7,11.7,ok
TIC 300529213,245.1149,-63.372,8.31,0,,,,,8,13.3,ok
TIC 408750249,213.5188,-56.0634,8.31,0,,,,,6,11.5,ok
TIC 294960223,268.9685,-71.0377,8.31,0,,,,,2,5.4,ok
TIC 464488083,284.2835,-63.9718,8.31,0,,,,,8,10.0,ok
TIC 324927039,282.2432,-70.203,8.31,0,,,,,9,15.2,ok
TIC 401180820,186.1392,-55.9815,8.31,0,,,,,5,9.7,ok
TIC 304598130,277.8267,-66.4463,8.31,1,1.5268,11.7,rejete,variabilite_continue;eclipse_secondaire,3,10.8,ok
TIC 340329485,201.3601,-68.1776,8.31,0,,,,,5,7.4,ok
TIC 410151515,340.247,-68.5533,8.31,0,,34.9,rejete,variabilite_continue;eclipse_secondaire;compagnon_trop_gros_3.6Rjup,9,21.3,ok
TIC 165556341,180.7336,-41.5596,8.31,0,,,,,6,11.1,ok
TIC 412080145,189.9652,-56.6832,8.31,0,,,,,3,11.0,ok
TIC 343757277,273.487,-74.3103,8.31,0,,,,,4,6.8,ok
TIC 273349137,188.8103,-55.8931,8.31,0,,,,,7,9.7,ok
TIC 394200031,198.6825,-73.4787,8.31,0,,,,,2,5.9,ok
TIC 275360276,179.6822,-27.4378,8.31,0,,,,,5,8.3,ok
TIC 338938729,189.6786,-64.6979,8.31,0,,,,,6,9.2,ok
TIC 466094094,294.8291,-71.7932,8.31,0,,,,,9,13.2,ok
TIC 243179565,203.0685,-43.0102,8.31,0,,,,,6,14.0,ok
TIC 98939709,180.5561,-27.6482,8.32,0,,,,,6,13.2,ok
TIC 344551419,321.771,-71.8935,8.32,0,,,,,4,10.7,ok
TIC 220344515,307.3652,-55.7953,8.32,0,,,,,7,16.3,ok
TIC 21167907,187.0449,-51.7259,8.32,0,,,,,6,12.0,ok
TIC 405632563,191.8753,-57.4412,8.32,0,,,,,3,10.2,ok
TIC 385997634,217.0606,-60.1293,8.32,0,,,,,6,14.4,ok
TIC 135247956,186.3165,-41.5918,8.32,0,,,,,4,12.3,ok
TIC 238829525,340.9401,-70.8467,8.32,0,,,,,9,15.3,ok
TIC 466309287,306.6039,-60.0226,8.32,0,,,,,3,14.7,ok
TIC 401574714,313.6418,-76.7708,8.32,0,,,,,9,14.6,ok
TIC 437290139,174.3397,-21.4632,8.32,0,,,,,5,10.0,ok
TIC 286191360,187.3657,-26.3074,8.32,0,,,,,5,7.2,ok
TIC 102176459,195.4025,-37.27,8.32,0,,,,,5,7.0,ok
TIC 349247495,271.1446,-69.6004,8.32,0,,,,,9,12.9,ok
TIC 352352455,300.6787,-68.2785,8.32,0,,,,,6,7.6,ok
TIC 134717003,182.5915,-38.1776,8.32,0,,,,,6,6.9,ok
TIC 248166372,194.1253,-46.2094,8.32,0,,,,,6,10.2,ok
TIC 365436935,273.4796,-62.5182,8.33,0,,,,,9,10.6,ok
TIC 271629040,187.1664,-55.4554,8.33,0,,,,,7,10.7,ok
TIC 453749336,196.3134,-46.1074,8.33,0,,,,,6,9.5,ok
TIC 248093171,193.2195,-43.5824,8.33,0,,,,,3,8.0,ok
TIC 229106210,195.6882,-27.9326,8.33,0,,,,,2,8.1,ok
TIC 242207675,211.0122,-46.6098,8.33,0,,,,,1,6.2,ok
TIC 403763751,179.9978,-42.0937,8.33,0,,,,,7,15.1,ok
TIC 466129772,295.8345,-69.4378,8.33,0,,,,,10,16.0,ok
TIC 296810590,224.12,-60.1675,8.33,0,,,,,4,6.8,ok
TIC 181155969,174.1445,-41.4677,8.33,0,,,,,3,7.0,ok
TIC 384160420,244.1828,-82.7732,8.33,0,,,,,6,11.0,ok
TIC 303487023,256.902,-63.7141,8.33,0,,,,,4,10.2,ok
TIC 401511153,215.4806,-73.3599,8.33,0,,,,,4,8.5,ok
TIC 333684543,213.452,-60.9319,8.33,0,,,,,6,6.1,ok
TIC 413441981,177.4883,-23.0412,8.33,0,,,,,5,5.8,ok
TIC 325015404,283.2278,-69.9119,8.33,0,,,,,4,4.4,ok
TIC 384388480,250.0561,-78.4749,8.33,0,,,,,6,6.7,ok
TIC 330114670,211.7747,-62.2773,8.33,0,,,,,4,6.2,ok
TIC 303840909,277.7442,-64.2997,8.33,0,,,,,7,10.7,ok
TIC 332796646,216.0131,-49.5666,8.33,0,,,,,4,6.3,ok
TIC 455200806,228.3595,-65.1915,8.33,0,,,,,3,3.7,ok
TIC 461284291,203.4077,-36.604,8.33,0,,,,,5,9.9,ok
TIC 438594280,201.3035,-46.1108,8.33,0,,,,,6,6.5,ok
TIC 343407671,268.2683,-77.8968,8.33,0,,,,,9,12.4,ok
TIC 438640320,202.0761,-45.5043,8.33,0,,,,,6,8.9,ok
TIC 292542560,282.0029,-68.9673,8.34,0,,,,,10,14.3,ok
TIC 241567613,206.8681,-50.3251,8.34,0,,,,,3,9.9,ok
TIC 395425079,218.8391,-62.378,8.34,0,,19.6,rejete,variabilite_continue,6,19.1,ok
TIC 359682653,195.6578,-43.3549,8.34,0,,,,,4,9.2,ok
TIC 131116202,190.0205,-35.5812,8.34,0,,,,,4,9.8,ok
TIC 343406986,268.089,-76.8644,8.34,0,,,,,8,14.9,ok
TIC 275705109,200.901,-42.5315,8.34,0,,,,,5,10.6,ok
TIC 452745433,195.7934,-23.3093,8.34,0,,,,,1,7.0,ok
TIC 434492860,172.814,-21.128,8.34,0,,,,,6,11.5,ok
TIC 320783984,298.6124,-56.0508,8.34,0,,,,,5,10.2,ok
TIC 383993384,239.9593,-81.2214,8.34,0,,,,,9,12.8,ok
TIC 447235456,250.7788,-61.3184,8.34,0,,,,,6,9.7,ok
TIC 21989720,182.5913,-43.8709,8.34,0,,,,,6,8.9,ok
TIC 270375483,176.7669,-28.2107,8.34,0,,,,,6,8.3,ok
TIC 295317087,271.481,-70.3192,8.34,0,,,,,8,11.6,ok
TIC 243389399,205.0513,-46.974,8.34,0,,,,,4,11.5,ok
TIC 375233349,283.1056,-61.1759,8.34,0,,,,,8,12.9,ok
TIC 418638224,208.828,-78.1405,8.34,0,,,,,6,12.6,ok
TIC 57694511,174.2258,-31.7544,8.34,0,,,,,6,12.5,ok
TIC 344130061,279.1517,-75.851,8.34,0,,,,,7,9.3,ok
TIC 420673520,239.7833,-59.341,8.34,0,,,,,2,4.5,ok
TIC 169786455,194.401,-49.7806,8.34,0,,,,,6,9.8,ok
TIC 244933417,196.8892,-52.9056,8.34,0,,,,,5,10.0,ok
TIC 450957950,187.2587,-64.9169,8.34,0,,,,,6,8.0,ok
TIC 333009857,180.8028,-49.1889,8.34,0,,,,,3,6.0,ok
TIC 327598630,326.5617,-71.0848,8.34,0,,,,,7,9.5,ok
TIC 422636993,233.9865,-61.9849,8.34,0,,,,,4,4.9,ok
TIC 248200372,194.448,-44.508,8.34,0,,,,,5,6.3,ok
TIC 277751710,330.4149,-63.3611,8.35,0,,,,,10,11.8,ok
TIC 328694579,211.2589,-52.1656,8.35,0,,,,,4,5.2,ok
TIC 292227381,221.3102,-62.1897,8.35,0,,,,,7,9.0,ok
TIC 443627218,186.4657,-29.6696,8.35,0,,,,,4,5.0,ok
TIC 404240275,307.8035,-75.2599,8.35,0,,15.6,rejete,variabilite_continue;eclipse_secondaire,3,6.6,ok
TIC 38581295,180.3214,-23.9244,8.35,0,,,,,5,5.4,ok
TIC 381287303,255.7572,-68.6299,8.35,0,,,,,6,7.3,ok
TIC 466277085,305.6771,-64.1862,8.35,0,,,,,6,7.9,ok
TIC 334438059,213.7719,-61.6531,8.35,0,,,,,5,6.6,ok
TIC 249998165,220.5423,-51.6757,8.35,0,,,,,4,4.8,ok
TIC 402132821,182.9438,-29.3974,8.35,0,,,,,4,6.3,ok
TIC 363771912,200.2324,-44.958,8.35,0,,,,,3,5.5,ok
TIC 219943378,289.9272,-59.3711,8.35,0,,14.5,rejete,variabilite_continue;eclipse_secondaire,7,11.7,ok
TIC 336945444,196.5436,-68.1596,8.35,0,,,,,5,6.9,ok
TIC 124572032,199.3766,-35.3187,8.35,0,,,,,4,4.7,ok
TIC 311108321,257.0033,-77.5968,8.35,0,,,,,5,8.4,ok
TIC 320205468,294.8285,-59.8584,8.35,0,,,,,5,9.0,ok
TIC 322919957,206.5509,-63.6637,8.36,0,,,,,6,10.5,ok
TIC 73338645,190.6315,-47.267,8.36,0,,,,,7,9.4,ok
TIC 306353173,264.7211,-65.6433,8.36,0,,,,,2,4.4,ok
TIC 271942422,187.3227,-57.0142,8.36,0,,,,,6,7.0,ok
TIC 276837430,272.3521,-83.1335,8.36,0,,,,,9,10.4,ok
TIC 318234836,315.2484,-82.2215,8.36,0,,,,,3,7.3,ok
TIC 441547170,197.6254,-60.8521,8.36,0,,,,,4,5.9,ok
TIC 276644602,265.4982,-80.6625,8.36,0,,,,,8,11.1,ok
TIC 364939775,169.9526,-28.6164,8.36,0,,,,,4,5.1,ok
TIC 61599476,176.5768,-46.2289,8.36,0,,,,,4,5.0,ok
TIC 434503503,189.0712,-22.9691,8.36,0,,,,,4,4.9,ok
TIC 291540474,217.8242,-55.0753,8.36,0,,,,,6,7.4,ok
TIC 420344220,209.0912,-42.8516,8.36,0,,,,,4,5.2,ok
TIC 204699376,185.7119,-25.7022,8.36,0,,,,,5,5.9,ok
TIC 384486894,252.3462,-79.755,8.36,0,,,,,7,7.9,ok
TIC 333734246,170.1643,-27.5968,8.36,0,,,,,6,6.9,ok
TIC 446703419,213.3438,-81.7911,8.36,0,,,,,5,7.8,ok
TIC 403029864,227.0512,-77.0874,8.36,0,,,,,7,8.0,ok
TIC 100413610,308.3009,-53.2706,8.36,0,,,,,6,7.1,ok
TIC 192865791,221.9744,-56.0435,8.36,0,,,,,6,11.1,ok
TIC 290305110,328.6712,-73.6219,8.36,0,,,,,7,8.1,ok
TIC 454998160,227.9779,-63.8579,8.36,0,,,,,6,10.9,ok
TIC 426226898,239.332,-77.3035,8.36,0,,,,,6,11.3,ok
TIC 437617380,194.4645,-60.8156,8.36,0,,31.1,rejete,eclipse_secondaire,3,17.4,ok
TIC 124176552,196.8944,-32.428,8.36,0,,,,,5,7.1,ok
TIC 438586540,201.2523,-43.9226,8.36,0,,,,,5,11.6,ok
TIC 437324684,192.0124,-23.3287,8.36,0,,,,,4,5.7,ok
TIC 275544993,178.9418,-44.5101,8.36,0,,,,,6,6.8,ok
TIC 275589659,178.9508,-47.3556,8.36,0,,,,,7,8.3,ok
TIC 361281902,242.6876,-68.4826,8.36,0,,,,,9,10.2,ok
TIC 67403112,182.0022,-58.753,8.36,0,,,,,3,4.3,ok
TIC 421251299,216.3873,-78.0238,8.37,0,,,,,8,11.8,ok
TIC 400692763,220.1638,-64.4049,8.37,0,,,,,8,9.5,ok
TIC 382254933,287.0819,-66.4054,8.37,0,,,,,7,7.6,ok
TIC 21712079,180.6995,-42.773,8.37,0,,,,,3,5.9,ok
TIC 237322105,345.1632,-65.6645,8.37,0,,,,,11,13.2,ok
TIC 244945488,197.0844,-50.4607,8.37,0,,,,,3,8.3,ok
TIC 429149842,173.1662,-28.608,8.37,0,,,,,5,9.5,ok
TIC 337235005,197.1974,-69.7234,8.37,0,,,,,3,7.9,ok
TIC 328236670,190.3335,-68.5748,8.37,0,,,,,7,9.2,ok
TIC 21819368,181.5215,-45.8904,8.37,0,,,,,6,10.1,ok
TIC 57512251,172.7283,-35.5431,8.37,0,,,,,6,11.9,ok
TIC 406321525,327.5284,-62.5868,8.37,0,,,,,11,13.6,ok
TIC 394522122,335.1303,-65.2322,8.37,0,,,,,4,12.6,ok
TIC 454474343,226.5382,-63.4915,8.37,0,,,,,3,11.2,ok
TIC 329541516,191.9807,-71.5962,8.37,0,,,,,7,11.5,ok
TIC 365836868,275.3998,-61.1474,8.37,0,,,,,4,7.6,ok
TIC 333306195,216.7112,-50.141,8.37,0,,,,,2,4.5,ok
TIC 402751959,224.6846,-75.5485,8.37,0,,,,,8,9.3,ok
TIC 144826574,192.6522,-38.2266,8.37,0,,,,,4,7.9,ok
TIC 102303816,196.089,-38.9901,8.37,0,,,,,3,7.1,ok
TIC 449038932,215.6097,-68.5227,8.37,0,,,,,6,7.8,ok
TIC 341000701,311.8493,-65.3182,8.37,0,,,,,1,6.5,ok
TIC 67328376,181.8395,-58.5832,8.37,0,,,,,6,11.3,ok
TIC 400801534,178.1849,-52.9939,8.37,0,,12.1,rejete,variabilite_continue;eclipse_secondaire,6,16.7,ok
TIC 326667109,188.588,-68.8456,8.37,0,,,,,1,6.6,ok
TIC 340777058,291.5929,-76.3672,8.37,0,,,,,11,15.2,ok
TIC 461002052,232.2605,-61.6018,8.37,0,,,,,6,11.2,ok
TIC 413284814,214.7892,-56.9217,8.37,0,,,,,3,10.5,ok
TIC 361598043,194.2213,-75.3938,8.37,0,,,,,6,14.4,ok
TIC 372066117,310.2794,-69.5213,8.37,0,,,,,4,11.4,ok
TIC 299305848,207.8744,-60.1784,8.38,0,,,,,3,9.5,ok
TIC 259223081,223.0666,-70.7247,8.38,0,,,,,9,19.7,ok
TIC 293109262,178.29,-26.7236,8.38,0,,,,,6,13.2,ok
TIC 124287396,197.6313,-30.6691,8.38,0,,,,,5,15.9,ok
TIC 451563101,270.1977,-84.4057,8.38,0,,,,,8,15.3,ok
TIC 163648061,191.5676,-49.312,8.38,0,,,,,4,11.1,ok
TIC 299684236,208.0322,-65.5428,8.38,0,,,,,7,12.9,ok
TIC 342586542,204.9719,-71.1472,8.38,0,,,,,8,12.0,ok
TIC 288769184,231.9213,-72.8299,8.38,0,,,,,4,10.6,ok
TIC 9591460,193.5049,-25.7537,8.38,0,,,,,4,11.3,ok
TIC 263500760,231.0666,-66.4105,8.38,0,,,,,5,6.2,ok
TIC 263707056,234.8554,-66.5067,8.38,0,,,,,5,10.0,ok
TIC 243309999,204.3769,-43.911,8.38,0,,,,,5,7.2,ok
TIC 295853424,223.4381,-62.8596,8.38,0,,,,,6,8.0,ok
TIC 438816206,202.0922,-51.2926,8.38,0,,,,,6,6.8,ok
TIC 413561686,215.1757,-54.4704,8.38,0,,,,,6,7.4,ok
TIC 332789595,215.9616,-51.6588,8.38,0,,,,,5,7.8,ok
TIC 270262558,175.2807,-28.8696,8.38,0,,,,,6,9.4,ok
TIC 130711040,186.3357,-35.3189,8.38,0,,,,,4,5.7,ok
TIC 57259750,171.1473,-33.408,8.38,0,,,,,4,4.7,ok
TIC 290640851,256.0996,-65.6511,8.38,0,,,,,8,14.3,ok
TIC 61983733,178.0039,-43.9585,8.38,0,,,,,5,7.7,ok
TIC 331325958,214.4143,-51.5419,8.38,0,,,,,6,7.7,ok
TIC 295247708,270.4352,-66.4646,8.38,0,,,,,4,9.8,ok
TIC 331680594,306.8044,-76.9238,8.38,0,,,,,7,10.5,ok
TIC 343887624,276.0077,-75.8468,8.38,0,,,,,9,10.8,ok
TIC 426001948,236.5506,-73.9807,8.39,0,,,,,9,12.2,ok
TIC 73648167,192.0529,-46.6552,8.39,0,,,,,4,6.3,ok
TIC 401282871,188.1226,-49.9429,8.39,0,,,,,5,10.0,ok
TIC 361533372,194.0468,-71.8957,8.39,0,,,,,6,12.8,ok
TIC 245414169,200.0182,-48.0861,8.39,0,,,,,5,8.6,ok
TIC 343573964,269.7673,-73.6491,8.39,0,,,,,6,10.2,ok
TIC 407088926,233.9057,-78.5526,8.39,0,,,,,8,9.4,ok
TIC 382755312,183.5823,-60.0429,8.39,0,,,,,3,4.6,ok
TIC 22560169,184.6425,-46.638,8.39,0,,,,,5,6.4,ok
TIC 273020716,188.2552,-57.2473,8.39,0,,,,,2,10.7,ok
TIC 334680572,183.632,-52.6654,8.39,0,,,,,6,8.8,ok
TIC 345896689,192.7611,-17.8605,8.39,0,,,,,3,7.0,ok
TIC 369889157,219.5942,-51.7102,8.39,0,,,,,5,8.2,ok
TIC 327017634,210.4274,-63.8526,8.39,0,,,,,8,11.8,ok
TIC 384578179,216.3707,-63.8915,8.39,0,,,,,4,11.0,ok
TIC 21825806,181.6979,-44.7064,8.39,0,,,,,6,10.9,ok
TIC 295167107,269.9292,-69.11,8.39,0,,,,,8,10.2,ok
TIC 401982149,218.7924,-77.2172,8.39,0,,,,,7,11.7,ok
TIC 301850211,259.6901,-71.4701,8.39,0,,,,,7,10.0,ok
TIC 241641298,207.8716,-48.2254,8.39,0,,,,,2,5.0,ok
TIC 241553467,206.8041,-52.4863,8.39,0,,,,,5,10.1,ok
TIC 448291130,209.3699,-68.2358,8.39,0,,,,,7,10.1,ok
TIC 457366233,206.141,-58.8236,8.4,0,,,,,7,10.9,ok
TIC 35681188,225.068,-58.0009,8.4,0,,,,,7,9.5,ok
TIC 466239023,303.9518,-63.2346,8.4,0,,,,,7,10.7,ok
TIC 165456234,179.9245,-36.486,8.4,0,,,,,1,3.4,ok
TIC 142037922,178.4983,-34.5112,8.4,0,,,,,6,7.4,ok
TIC 287148985,337.9891,-73.6913,8.4,0,,,,,11,14.9,ok
TIC 219978562,306.5778,-55.2094,8.4,0,,,,,5,6.7,ok
TIC 144656793,191.437,-38.0043,8.4,0,,,,,4,5.4,ok
TIC 30492356,198.8237,-37.4679,8.4,0,,,,,2,7.4,ok
TIC 461164774,171.7046,-28.8161,8.4,0,,,,,5,10.8,ok
TIC 360932338,241.7151,-70.2026,8.4,0,,,,,8,14.1,ok
TIC 337507488,197.5066,-66.7291,8.4,0,,,,,3,7.2,ok
TIC 396210500,300.3205,-76.6435,8.4,0,,,,,4,7.2,ok
TIC 433084210,181.152,-58.6523,8.4,0,,,,,8,12.8,ok
TIC 210854188,212.9626,-54.306,8.4,0,,,,,4,10.7,ok
TIC 256239953,269.1847,-82.0692,8.4,0,,,,,8,14.8,ok
TIC 429141928,174.5387,-44.1001,8.4,0,,,,,6,12.6,ok
TIC 410118032,327.5754,-67.6938,8.4,0,,,,,9,12.8,ok
TIC 447414292,252.2778,-61.3027,8.4,0,,,,,7,12.1,ok
TIC 406589745,198.1595,-56.1183,8.4,0,,,,,6,11.6,ok
TIC 305179578,261.6947,-61.6891,8.41,0,,,,,6,12.5,ok
TIC 304472372,276.4546,-67.0599,8.41,0,,,,,6,11.1,ok
TIC 342616282,240.138,-62.3322,8.41,0,,,,,5,9.9,ok
TIC 390945589,217.8974,-61.6138,8.41,0,,,,,1,5.8,ok
TIC 124078045,196.1182,-34.1498,8.41,0,,,,,5,11.8,ok
TIC 320662567,297.5999,-58.6591,8.41,0,,,,,7,13.3,ok
TIC 461164260,171.752,-29.9349,8.41,0,,,,,7,12.6,ok
TIC 22564687,184.9012,-45.76,8.41,0,,,,,5,6.4,ok
TIC 403486012,220.9168,-60.1279,8.41,0,,,,,6,9.3,ok
TIC 447479010,252.7794,-62.9606,8.41,0,,,,,5,7.5,ok
TIC 387195976,304.7081,-55.0669,8.41,0,,,,,6,7.4,ok
TIC 372443765,318.4176,-66.3056,8.41,0,,,,,3,5.2,ok
TIC 244869645,196.5696,-50.0597,8.41,0,,,,,1,5.6,ok
TIC 103829791,194.6554,-31.3566,8.41,0,,,,,5,7.5,ok
TIC 423536353,185.2956,-23.6701,8.41,0,,,,,5,7.9,ok
TIC 395324313,205.6898,-76.792,8.41,0,,,,,8,11.1,ok
TIC 253260943,195.4892,-55.5725,8.41,0,,,,,3,7.4,ok
TIC 341294902,315.4929,-60.8072,8.41,0,,,,,4,6.3,ok
TIC 208101888,207.8915,-58.5395,8.41,0,,,,,4,5.4,ok
TIC 303990872,278.4228,-62.0853,8.41,0,,,,,6,10.7,ok
TIC 345195181,177.3762,-36.0024,8.41,0,,,,,5,9.9,ok
TIC 305175645,261.5492,-63.3122,8.41,0,,,,,8,12.6,ok
TIC 384741153,258.759,-80.027,8.41,0,,,,,5,8.0,ok
TIC 278050655,178.2973,-36.3652,8.41,0,,,,,5,13.7,ok
TIC 294297441,265.2957,-71.004,8.41,0,,,,,7,12.8,ok
TIC 339260356,294.5472,-64.1334,8.41,0,,,,,7,11.3,ok
TIC 30601456,199.3502,-36.8169,8.41,0,,,,,4,8.7,ok
TIC 166666719,208.1441,-41.47,8.42,0,,,,,5,8.5,ok
TIC 461061671,232.5636,-64.0196,8.42,0,,,,,7,13.1,ok
TIC 286910922,190.5653,-18.8366,8.42,0,,,,,3,10.3,ok
TIC 94465914,177.5184,-53.0837,8.42,0,,,,,3,10.3,ok
TIC 394712255,201.8807,-77.3683,8.42,0,,,,,9,13.7,ok
TIC 287673403,198.5608,-44.6728,8.42,0,,,,,5,7.1,ok
TIC 469821735,300.9327,-74.1887,8.42,0,,,,,10,16.1,ok
TIC 366090760,221.8525,-53.2102,8.42,0,,,,,3,5.1,ok
TIC 461202713,181.5838,-37.3423,8.42,0,,,,,3,9.5,ok
TIC 438134763,194.8385,-62.2891,8.42,0,,,,,3,7.1,ok
TIC 294684134,267.3866,-69.7485,8.42,0,,,,,9,12.3,ok
TIC 400965223,185.3023,-57.3039,8.42,0,,,,,5,12.7,ok
TIC 243645139,207.4496,-43.8898,8.42,0,,,,,2,4.0,ok
TIC 405425424,337.2904,-68.0627,8.42,0,,,,,11,13.9,ok
TIC 57649863,173.6952,-35.8599,8.42,0,,,,,6,15.9,ok
TIC 94382737,177.4125,-50.248,8.42,0,,,,,4,5.1,ok
TIC 452710740,172.3623,-29.4585,8.42,0,,,,,2,9.4,ok
TIC 21949406,181.9708,-42.3392,8.42,0,,,,,3,6.2,ok
TIC 403123914,324.7445,-62.1663,8.42,0,,,,,8,9.8,ok
TIC 207786920,207.2881,-54.2286,8.42,0,,,,,7,9.3,ok
TIC 311289093,258.2733,-72.2785,8.42,0,,,,,8,8.0,ok
TIC 341117200,313.4966,-61.9656,8.42,0,,,,,7,8.3,ok
TIC 401278539,187.8618,-48.7046,8.42,0,,,,,6,9.5,ok
TIC 14683365,174.5176,-27.3323,8.42,0,,,,,5,9.1,ok
TIC 292239287,221.3762,-63.4376,8.42,0,,,,,5,5.9,ok
TIC 389086433,333.1276,-67.7336,8.42,0,,,,,11,11.3,ok
TIC 380705035,269.2332,-63.1124,8.43,0,,,,,8,8.8,ok
TIC 456920771,201.4536,-55.1313,8.43,0,,,,,2,8.4,ok
TIC 432193599,187.8035,-17.7162,8.43,0,,,,,4,7.8,ok
TIC 330987798,214.0705,-53.8173,8.43,0,,,,,5,10.9,ok
TIC 181229140,174.9658,-37.4931,8.43,0,,,,,1,2.6,ok
TIC 427035743,237.441,-67.1801,8.43,0,,,,,4,6.4,ok
TIC 426482921,244.116,-76.0547,8.43,0,,,,,4,5.6,ok
TIC 292775459,221.654,-60.0304,8.43,0,,,,,4,9.7,ok
TIC 259838889,223.9304,-70.3405,8.43,1,1.0743,18.1,rejete,variabilite_continue;eclipse_secondaire,4,8.8,ok
TIC 333386671,181.4474,-51.0034,8.43,0,,,,,6,9.1,ok
TIC 332360870,179.7638,-48.3414,8.43,0,,,,,3,5.0,ok
TIC 351097448,247.1724,-63.1434,8.43,0,,43.8,rejete,variabilite_continue;eclipse_secondaire;compagnon_trop_gros_4.3Rjup,4,8.5,ok
TIC 124402313,198.1141,-30.3038,8.43,0,,,,,2,2.7,ok
TIC 401621504,308.4845,-80.3062,8.43,0,,,,,8,8.7,ok
TIC 384070369,241.5554,-79.4911,8.43,0,,,,,5,6.0,ok
TIC 390480467,184.1249,-30.7537,8.43,0,,,,,5,6.0,ok
TIC 295598663,274.1621,-67.6533,8.43,0,,,,,6,10.8,ok
TIC 376103504,179.3496,-58.5319,8.43,0,,,,,6,8.4,ok
TIC 341113947,313.3445,-63.3169,8.43,0,,,,,3,7.2,ok
TIC 30116886,196.9686,-35.9565,8.43,0,,,,,4,5.5,ok
TIC 162399127,190.7283,-50.8168,8.43,0,,,,,5,9.1,ok
TIC 311450036,185.6792,-65.4356,8.43,0,,,,,6,9.3,ok
TIC 22101487,182.9636,-45.1152,8.43,0,,,,,3,6.6,ok
TIC 257496988,289.3173,-79.3883,8.43,0,,,,,8,9.7,ok
TIC 313553792,301.4968,-83.3388,8.43,0,,,,,10,10.6,ok
TIC 401570264,310.3714,-73.6268,8.43,0,,,,,7,11.1,ok
TIC 242524119,215.0772,-47.8438,8.44,0,,,,,4,6.4,ok
TIC 443624220,186.3259,-26.3752,8.44,0,,,,,4,8.5,ok
TIC 270204401,332.7187,-71.9758,8.44,0,,,,,8,10.9,ok
TIC 451602835,282.1041,-84.2681,8.44,0,,,,,1,3.5,ok
TIC 429360143,183.9841,-21.8125,8.44,0,,,,,5,7.8,ok
TIC 325970543,209.8437,-64.5855,8.44,0,,,,,6,9.2,ok
TIC 165774110,204.27,-39.7378,8.44,0,,,,,3,6.5,ok
TIC 301950278,259.7512,-69.3338,8.44,0,,,,,7,8.7,ok
TIC 301749125,258.8855,-71.2591,8.44,0,,,,,6,8.5,ok
TIC 374288012,299.6382,-67.3074,8.44,0,,,,,5,7.4,ok
TIC 447326454,251.4399,-65.8902,8.44,0,,,,,5,5.8,ok
TIC 363593253,249.7934,-67.1056,8.44,0,,,,,5,7.4,ok
TIC 412015734,214.4743,-54.4716,8.44,0,,,,,4,7.5,ok
TIC 333823407,182.2763,-51.1468,8.44,0,,,,,5,5.8,ok
TIC 401484897,215.2459,-76.6996,8.44,0,,,,,8,9.5,ok
TIC 390495055,184.1652,-33.7679,8.44,0,,,,,4,12.2,ok
TIC 339452151,296.4771,-60.2888,8.44,0,,,,,3,6.5,ok
TIC 345135098,177.2157,-38.3339,8.44,0,,,,,6,8.5,ok
TIC 309191721,184.5195,-60.6748,8.44,0,,,,,3,4.9,ok
TIC 32609205,175.6415,-27.512,8.44,0,,,,,2,4.7,ok
TIC 165228223,178.8625,-39.6061,8.44,0,,,,,7,9.5,ok
TIC 278661182,328.7302,-66.902,8.44,0,,,,,7,8.9,ok
TIC 437269250,174.1026,-23.6375,8.44,0,,,,,6,8.0,ok
TIC 346700585,296.3869,-78.0539,8.44,0,,,,,9,13.0,ok
TIC 320807270,298.7608,-56.8549,8.44,0,,,,,4,9.1,ok
TIC 277962510,177.7435,-41.7396,8.44,0,,,,,8,11.0,ok
TIC 286332607,190.9113,-23.6032,8.44,0,,,,,4,6.4,ok
TIC 280238605,203.8756,-54.5703,8.44,0,,,,,7,14.4,ok
TIC 15370489,185.1127,-51.974,8.44,0,,,,,3,5.1,ok
TIC 366004532,276.4974,-62.474,8.45,0,,,,,8,12.4,ok
TIC 390531778,189.9763,-25.2909,8.45,0,,,,,3,7.8,ok
TIC 466273130,305.3875,-61.9041,8.45,0,,,,,7,7.9,ok
TIC 310057916,250.4515,-73.433,8.45,0,,,,,4,6.3,ok
TIC 292704158,275.0317,-72.6154,8.45,0,,,,,7,9.9,ok
TIC 413953023,215.5921,-59.6414,8.45,0,,,,,6,7.1,ok
TIC 67531167,182.1146,-56.2867,8.45,0,,,,,5,7.0,ok
TIC 210767935,212.9024,-59.8362,8.45,0,,,,,4,7.2,ok
TIC 402177975,220.2603,-73.8254,8.45,0,,,,,4,7.4,ok
TIC 284513795,233.5754,-58.4759,8.45,0,,,,,7,15.2,ok
TIC 181877779,190.7047,-15.4641,8.45,0,,,,,6,6.5,ok
TIC 130826881,187.4959,-34.576,8.45,0,,,,,4,5.9,ok
TIC 332003916,179.1084,-48.7949,8.45,0,,,,,5,6.6,ok
TIC 276876086,274.0642,-80.0725,8.45,0,,,,,8,11.3,ok
TIC 304192664,259.043,-62.6266,8.45,0,,,,,3,4.3,ok
TIC 455776469,230.1076,-65.1753,8.45,0,,,,,8,10.2,ok
TIC 294541385,266.5282,-69.0375,8.45,0,,,,,7,6.8,ok
TIC 339275552,295.1304,-64.2415,8.45,0,,,,,5,9.8,ok
TIC 413514166,231.9345,-59.1089,8.45,0,,,,,6,8.7,ok
TIC 310580480,253.5295,-74.4991,8.45,0,,,,,5,4.8,ok
TIC 363446644,249.19,-67.4275,8.46,0,,,,,4,4.0,ok
TIC 345182054,177.4201,-40.5505,8.46,0,,,,,8,7.2,ok
TIC 262021962,323.3812,-75.7564,8.46,0,,,,,7,8.1,ok
TIC 433447507,182.9084,-57.8261,8.46,0,,,,,7,9.1,ok
TIC 324897451,282.1826,-66.8397,8.46,0,,,,,9,8.8,ok
TIC 380996021,270.4475,-65.6711,8.46,0,,,,,8,10.5,ok
TIC 433440449,183.0452,-58.8183,8.46,0,,,,,3,4.6,ok
TIC 450941920,187.4059,-63.2724,8.46,0,,,,,6,8.4,ok
TIC 418809090,220.2283,-82.7622,8.46,0,,,,,7,7.3,ok
TIC 457619392,217.7161,-53.6878,8.46,0,,,,,3,4.6,ok
TIC 439971546,196.2714,-64.2321,8.46,0,,,,,6,6.5,ok
TIC 447571129,253.7384,-61.0397,8.46,0,,,,,3,6.3,ok
TIC 241424997,205.2728,-52.7758,8.46,0,,,,,8,10.2,ok
TIC 298387925,242.683,-64.2525,8.46,0,,,,,4,5.5,ok
TIC 276905630,275.4435,-80.9989,8.46,0,,,,,10,10.8,ok
TIC 294147619,264.529,-69.3031,8.46,0,,,,,5,6.7,ok
TIC 447766105,255.6301,-61.0435,8.46,0,,,,,8,10.8,ok
TIC 22394173,186.1672,-23.6824,8.46,0,,,,,3,5.8,ok
TIC 94178495,176.8519,-49.8842,8.46,0,,,,,7,9.7,ok
TIC 372068881,310.6985,-67.9429,8.46,0,,,,,6,9.0,ok
TIC 135161278,185.4783,-40.0234,8.46,0,,,,,4,5.7,ok
TIC 124307021,197.699,-35.3009,8.46,0,,,,,4,5.2,ok
TIC 61372132,175.6331,-42.105,8.46,0,,,,,8,10.0,ok
TIC 382469635,291.8241,-69.3017,8.46,0,,,,,7,10.6,ok
TIC 144720283,191.7863,-39.0072,8.46,0,,,,,3,3.9,ok
TIC 406320921,327.6156,-64.2271,8.47,0,,,,,10,14.6,ok
TIC 313085136,201.8853,-63.5394,8.47,0,,,,,4,5.6,ok
TIC 404285289,309.3063,-75.8721,8.47,0,,,,,9,13.3,ok
TIC 165975689,205.1987,-38.3431,8.47,0,,,,,5,7.7,ok
TIC 433276704,182.7277,-56.4258,8.47,0,,,,,4,6.4,ok
TIC 282412997,232.7823,-59.2736,8.47,0,,,,,4,4.9,ok
TIC 312331831,210.5697,-51.4006,8.47,0,,,,,5,6.2,ok
TIC 406775547,223.3988,-80.5892,8.47,0,,,,,2,4.8,ok
TIC 134833652,183.4841,-40.5809,8.47,0,,,,,5,8.9,ok
TIC 322285359,300.2645,-81.2522,8.47,0,,,,,8,10.6,ok
TIC 407575998,264.0329,-76.8754,8.47,0,,,,,9,13.2,ok
TIC 425314091,191.1104,-54.3468,8.47,0,,,,,7,11.6,ok
TIC 294142068,264.5504,-66.188,8.47,0,,,,,4,5.7,ok
TIC 89720152,204.0729,-57.3748,8.47,0,,,,,4,4.9,ok
TIC 335601064,194.8658,-67.6116,8.47,0,,,,,3,3.9,ok
TIC 341309049,315.9584,-65.1994,8.47,0,,,,,7,8.6,ok
TIC 454916365,227.6852,-60.1055,8.47,0,,,,,3,4.6,ok
TIC 341000227,311.7378,-64.4124,8.47,0,,,,,6,9.1,ok
TIC 420007634,202.9517,-53.5588,8.47,0,,,,,8,8.9,ok
TIC 329806935,212.7403,-52.0595,8.48,0,,,,,5,6.3,ok
TIC 413397434,177.0029,-20.5955,8.48,0,,,,,4,6.4,ok
TIC 413110354,204.7767,-56.6039,8.48,0,,,,,5,7.4,ok
TIC 466195663,301.9739,-65.8161,8.48,0,,,,,7,7.9,ok
TIC 422038703,301.4282,-57.6174,8.48,0,,,,,5,8.4,ok
TIC 311893557,263.5981,-75.7984,8.48,0,,,,,9,11.8,ok
TIC 349089101,185.6059,-17.5378,8.48,0,,,,,3,4.3,ok
TIC 273318036,185.6946,-53.6129,8.48,0,,21.7,rejete,variabilite_continue;eclipse_secondaire,7,12.1,ok
TIC 22030608,182.8431,-46.0247,8.48,0,,,,,6,7.8,ok
TIC 253958220,199.0907,-59.1354,8.48,0,,,,,2,4.9,ok
TIC 257572873,291.3824,-83.6393,8.48,0,,,,,10,11.0,ok
TIC 387222654,308.7434,-57.8152,8.48,0,,,,,5,8.6,ok
TIC 245382003,199.7762,-53.0787,8.48,0,,,,,4,5.3,ok
TIC 293333590,261.4944,-67.2516,8.48,0,,,,,8,9.5,ok
TIC 306011509,264.1178,-61.8288,8.48,0,,,,,1,5.1,ok
TIC 382037803,284.5539,-69.6126,8.48,0,,,,,7,9.6,ok
TIC 211507984,217.0631,-51.0627,8.48,0,,,,,5,6.9,ok
TIC 312839768,210.996,-53.7196,8.48,0,,,,,5,9.1,ok
TIC 407580274,264.0282,-72.3095,8.48,0,,,,,4,5.5,ok
TIC 318213519,314.826,-78.1811,8.48,1,2.7102,18.0,rejete,variabilite_continue;eclipse_secondaire,9,13.8,ok
TIC 264014201,216.9714,-58.431,8.48,0,,,,,6,6.4,ok
TIC 21951852,182.1788,-43.0016,8.48,0,,,,,7,11.1,ok
TIC 448644600,177.468,-33.0456,8.48,0,,,,,5,6.9,ok
TIC 364110868,289.1964,-73.9217,8.48,0,,,,,9,9.0,ok
TIC 334303004,183.0279,-48.3183,8.48,0,,,,,4,5.4,ok
TIC 415238649,189.1927,-62.9032,8.48,0,,,,,3,5.1,ok
TIC 304559656,277.3759,-68.8666,8.48,0,,,,,5,6.6,ok
TIC 354972982,325.6385,-78.3684,8.48,0,,,,,6,6.9,ok
TIC 359624191,195.5591,-45.5545,8.48,0,,,,,6,7.6,ok
TIC 390529484,189.8313,-28.7929,8.48,0,,,,,1,4.1,ok
TIC 447779220,255.8258,-62.0081,8.48,0,,,,,7,9.2,ok
TIC 191312968,221.508,-56.4957,8.49,0,,,,,6,7.2,ok
TIC 219643957,175.1771,-20.6503,8.49,0,,,,,5,8.0,ok
TIC 351249187,300.5173,-61.4,8.49,0,,,,,8,8.5,ok
TIC 447299730,251.2351,-60.6093,8.49,0,,,,,4,4.4,ok
TIC 426533635,244.7172,-77.1448,8.49,0,,,,,5,8.0,ok
TIC 103576633,193.2702,-30.0709,8.49,0,,,,,4,6.5,ok
TIC 255772937,258.8282,-64.1741,8.49,0,,,,,4,6.9,ok
TIC 300948923,242.1226,-74.1714,8.49,0,,,,,4,8.0,ok
TIC 273119951,178.7799,-52.1482,8.49,0,,,,,5,7.2,ok
TIC 292419302,218.469,-54.488,8.49,0,,,,,5,7.0,ok
TIC 301840033,259.2439,-65.9217,8.49,0,,,,,2,3.9,ok
TIC 342893237,205.212,-69.9908,8.49,0,,,,,3,5.5,ok
TIC 380337822,181.7508,-62.9309,8.49,0,,,,,3,5.0,ok
TIC 334991661,186.7345,-17.1228,8.49,0,,,,,5,7.3,ok
TIC 261427392,304.6175,-73.542,8.49,0,,,,,8,8.4,ok
TIC 242086186,201.8121,-36.6284,8.49,0,,,,,4,9.1,ok
TIC 36864008,225.6648,-57.1937,8.49,0,,,,,3,7.0,ok
TIC 406849533,226.0758,-81.8623,8.49,0,,,,,7,8.5,ok
TIC 454044221,175.7674,-36.0221,8.49,0,,,,,7,11.0,ok
TIC 372465846,249.3354,-64.6587,8.49,0,,,,,4,5.8,ok
TIC 243390044,205.1333,-46.5206,8.49,0,,,,,4,4.7,ok
TIC 339521263,296.7663,-65.2759,8.49,0,,,,,6,7.9,ok
TIC 270247756,333.2304,-73.0474,8.49,0,,,,,8,10.4,ok
TIC 201690578,300.8684,-56.7201,8.49,0,,,,,5,9.5,ok
TIC 447551565,253.5091,-63.5497,8.49,0,,,,,8,11.2,ok
TIC 144726187,192.0504,-38.7025,8.49,0,,,,,2,2.6,ok
TIC 403755885,179.5412,-46.798,8.5,0,,,,,1,1.9,ok
TIC 311451895,185.5864,-65.6909,8.5,0,,,,,3,4.1,ok
TIC 219263859,309.1899,-56.7459,8.5,0,,,,,6,7.8,ok
TIC 358955398,199.236,-56.9205,8.5,0,,,,,3,7.6,ok
TIC 157225862,175.9619,-32.9543,8.5,0,,,,,6,8.9,ok
TIC 384068413,241.2566,-83.7772,8.5,0,,,,,6,15.2,ok
TIC 464275366,279.2379,-61.4934,8.5,0,,,,,5,5.9,ok
TIC 346699458,295.8165,-81.7154,8.5,0,,,,,10,10.3,ok
TIC 242092425,201.8966,-39.4983,8.5,0,,,,,5,7.8,ok
TIC 291286841,217.6605,-59.6929,8.5,0,,,,,4,7.1,ok
TIC 449557403,200.3636,-63.2277,8.5,0,,,,,4,7.0,ok
TIC 257574423,291.5134,-80.2373,8.5,0,,,,,4,6.3,ok
TIC 343476303,241.2974,-61.1544,8.5,0,,,,,4,9.3,ok
TIC 241454797,205.5989,-51.6535,8.5,0,,,,,4,4.0,ok
TIC 309797824,248.8957,-72.2145,8.5,0,,,,,5,4.8,ok
TIC 231627703,316.8322,-57.7742,8.5,0,,,,,4,5.3,ok
TIC 35905913,225.0158,-55.0502,8.5,0,,,,,6,12.6,ok
TIC 333190984,213.419,-62.4935,8.5,0,,,,,6,8.7,ok
TIC 401604042,313.7988,-73.4146,8.51,0,,,,,2,4.7,ok
TIC 142140058,179.6554,-33.3249,8.51,0,,,,,6,8.1,ok
TIC 277835242,344.9718,-66.5024,8.51,0,,,,,10,11.4,ok
TIC 277073209,280.0906,-81.4816,8.51,0,,,,,9,12.2,ok
TIC 293791446,263.1499,-68.0677,8.51,0,,,,,3,3.9,ok
TIC 402383273,221.3871,-72.0875,8.51,0,,,,,5,5.9,ok
TIC 261113894,226.3902,-66.8355,8.51,0,,,,,5,7.3,ok
TIC 306988678,266.8531,-63.5998,8.51,0,,,,,1,2.1,ok
TIC 402172484,219.7387,-72.0519,8.51,0,,,,,9,13.8,ok
TIC 299260790,243.6769,-65.2497,8.51,0,,,,,3,5.5,ok
TIC 169474827,194.1351,-51.4176,8.51,0,,,,,5,5.0,ok
TIC 289394390,202.2522,-55.7633,8.51,0,,,,,2,3.5,ok
TIC 372301002,314.8477,-68.9,8.51,0,,,,,6,7.8,ok
TIC 219285759,309.8345,-59.6828,8.51,0,,,,,8,12.6,ok
TIC 219981528,306.7925,-58.4258,8.51,0,,,,,6,24.2,ok
TIC 296001647,223.6645,-59.9948,8.52,0,,,,,5,10.5,ok
TIC 454105013,176.7986,-37.1312,8.52,0,,,,,7,15.9,ok
TIC 327900949,210.8103,-65.2894,8.52,0,,,,,7,10.3,ok
TIC 145016752,193.6194,-39.7451,8.52,0,,,,,2,3.6,ok
TIC 411881813,189.8053,-54.5501,8.52,0,,,,,5,7.3,ok
TIC 360946402,191.225,-75.0567,8.52,0,,,,,2,4.0,ok
TIC 407221730,237.3413,-79.6239,8.52,0,,,,,6,9.9,ok
TIC 331723119,306.9442,-72.7324,8.52,0,,,,,5,9.0,ok
TIC 362985235,247.5973,-69.746,8.52,0,,,,,7,9.2,ok
TIC 163030651,191.0866,-49.054,8.52,0,,,,,4,5.0,ok
TIC 275382727,179.8729,-28.9474,8.52,0,,,,,7,9.2,ok
TIC 423528896,185.1363,-20.8328,8.52,0,,,,,5,7.1,ok
TIC 449351401,191.2257,-44.785,8.52,0,,,,,5,5.2,ok
TIC 378809750,180.606,-61.6991,8.52,0,,,,,4,11.2,ok
TIC 287893983,184.8367,-59.2913,8.52,0,,,,,3,4.4,ok
TIC 37335547,225.9215,-56.1498,8.52,0,,,,,8,11.3,ok
TIC 341118728,313.6247,-60.9935,8.52,0,,,,,5,13.4,ok
TIC 334814404,193.5549,-66.2781,8.52,0,,,,,6,10.4,ok
TIC 420013710,202.8455,-51.284,8.52,0,,,,,4,6.7,ok
TIC 394480664,315.8004,-58.4976,8.52,0,,,,,7,13.1,ok
TIC 412967166,231.588,-59.4297,8.52,0,,,,,7,17.6,ok
TIC 312029655,265.0511,-73.7102,8.52,0,,,,,6,11.0,ok
TIC 309734408,248.7187,-76.6311,8.52,0,,,,,8,16.9,ok
TIC 191312952,221.6533,-56.419,8.52,0,,,,,5,11.3,ok
TIC 97851410,171.3194,-26.8709,8.52,0,,,,,5,8.8,ok
TIC 453507807,195.2825,-42.6377,8.52,0,,,,,6,9.0,ok
TIC 338776670,198.9112,-66.3108,8.53,0,,,,,1,7.4,ok
TIC 425854158,234.9598,-74.4283,8.53,0,,,,,8,14.6,ok
TIC 303790905,272.78,-64.5166,8.53,0,,,,,4,10.2,ok
TIC 305673776,263.0665,-62.7554,8.53,0,,,,,6,12.3,ok
TIC 396226328,211.9197,-72.2853,8.53,0,,,,,9,14.8,ok
TIC 409889015,294.2289,-69.8171,8.53,0,,,,,8,11.8,ok
TIC 402856068,225.2307,-73.7942,8.53,0,,,,,9,35.3,ok
TIC 124426377,198.5149,-33.388,8.53,0,,,,,4,14.2,ok
TIC 454136240,225.5928,-60.1128,8.53,0,,,,,6,16.8,ok
TIC 334118524,182.7879,-49.61,8.53,0,,,,,4,10.0,ok
TIC 243447066,205.6441,-44.1562,8.53,0,,,,,5,11.5,ok
TIC 5881491,188.151,-18.3494,8.53,0,,,,,4,11.5,ok
TIC 344001290,277.6194,-73.317,8.54,0,,,,,7,11.0,ok
TIC 277751989,330.5444,-64.3344,8.54,0,,,,,10,17.4,ok
TIC 330147511,213.0283,-50.5632,8.54,0,,,,,5,12.2,ok
TIC 380838154,270.1162,-64.7614,8.54,0,,,,,6,12.7,ok
TIC 306518087,265.1587,-65.8605,8.54,0,,,,,4,9.5,ok
TIC 245231230,199.1015,-49.6262,8.54,0,,,,,8,12.3,ok
TIC 245304182,199.4092,-53.038,8.54,0,,,,,5,10.8,ok
TIC 262560353,229.1322,-67.8783,8.54,0,,,,,8,13.3,ok
TIC 40560248,185.9007,-16.6807,8.54,0,,,,,1,6.2,ok
TIC 40190544,227.3761,-58.8684,8.54,0,,,,,6,11.3,ok
TIC 469819156,305.2815,-64.4137,8.54,0,,,,,1,6.9,ok
TIC 390555866,190.2759,-26.552,8.54,0,,,,,4,8.1,ok
TIC 242172446,210.6188,-44.5693,8.54,0,,,,,4,8.0,ok
TIC 329926400,192.4354,-69.8716,8.54,0,,,,,6,10.6,ok
TIC 372303071,314.9332,-67.4973,8.54,0,,,,,4,6.6,ok
TIC 142115666,179.3075,-30.0112,8.54,0,,,,,7,8.3,ok
TIC 38299159,226.4511,-54.8676,8.55,0,,,,,7,10.2,ok
TIC 276078538,208.3452,-46.8752,8.55,0,,,,,5,7.5,ok
TIC 277748318,329.9175,-64.6067,8.55,0,,,,,7,9.9,ok
TIC 99049821,181.7695,-24.0398,8.55,0,,,,,5,7.2,ok
TIC 455077230,228.2061,-62.6584,8.55,0,,,,,7,8.0,ok
TIC 418352251,199.1589,-79.2254,8.55,0,,,,,7,8.8,ok
TIC 453751173,196.2474,-47.3969,8.55,0,,,,,6,6.6,ok
TIC 219643714,175.3585,-23.4223,8.55,0,,,,,5,7.4,ok
TIC 404344156,318.8742,-76.2234,8.55,0,,,,,7,8.4,ok
TIC 286651329,185.9598,-66.7713,8.55,0,,,,,1,4.3,ok
TIC 295317167,271.4032,-70.2298,8.55,0,,,,,5,7.2,ok
TIC 305426725,262.2047,-64.0805,8.55,0,,,,,1,3.3,ok
TIC 412330493,214.5086,-57.8275,8.55,0,,,,,5,6.1,ok
TIC 397220976,219.2296,-60.7543,8.55,0,,,,,5,7.2,ok
TIC 397328649,174.9362,-44.6419,8.55,0,,,,,4,5.0,ok
TIC 397397227,177.8126,-24.3001,8.55,0,,,,,5,6.2,ok
TIC 452697707,172.0842,-27.6666,8.55,0,,,,,6,7.4,ok
TIC 262115655,199.6914,-59.6442,8.55,0,,,,,6,8.6,ok
TIC 89721127,204.0861,-57.5301,8.55,0,,,,,5,6.6,ok
TIC 449520013,200.3829,-60.8089,8.55,0,,,,,3,4.7,ok
TIC 455738946,229.6901,-63.0236,8.55,0,,,,,3,5.2,ok
TIC 170574878,185.45,-34.7801,8.55,0,,,,,5,6.4,ok
TIC 25488580,192.9286,-32.0453,8.56,0,,,,,3,8.4,ok
TIC 57378437,171.8902,-35.2532,8.56,0,,,,,6,10.5,ok
TIC 446864616,232.2506,-68.3018,8.56,0,,,,,9,11.3,ok
TIC 144078405,188.1396,-36.2684,8.56,0,,,,,3,6.6,ok
TIC 67139371,181.7432,-58.3074,8.56,0,,,,,7,10.8,ok
TIC 372419240,317.6317,-68.0694,8.56,0,,,,,7,9.8,ok
TIC 365601841,274.0892,-63.3402,8.56,0,,,,,5,7.2,ok
TIC 371837199,306.0601,-67.5975,8.56,0,,,,,7,10.3,ok
TIC 319604495,291.2979,-58.3723,8.56,0,,,,,6,8.4,ok
TIC 313551867,301.9208,-78.8658,8.56,1,1.9503,10.3,rejete,variabilite_continue;eclipse_secondaire,5,11.3,ok
TIC 294761955,267.5017,-66.7985,8.56,0,,,,,4,4.8,ok
TIC 330576657,212.0094,-62.8862,8.56,0,,,,,1,2.0,ok
TIC 294141098,264.2307,-66.1615,8.56,0,,,,,4,4.9,ok
TIC 443621803,186.1973,-27.1172,8.56,0,,,,,4,4.4,ok
TIC 411415792,183.0842,-55.5893,8.56,0,,,,,3,4.9,ok
TIC 403200290,228.1624,-73.7684,8.56,0,,,,,9,10.2,ok
TIC 461253071,202.9365,-40.6858,8.56,0,,,,,5,5.8,ok
TIC 131060107,189.2964,-30.5182,8.56,0,,,,,2,4.3,ok
TIC 410441308,319.7697,-60.4516,8.56,0,,,,,5,6.1,ok
TIC 316749170,203.5499,-62.4172,8.56,0,,,,,3,4.7,ok
TIC 72442141,187.4117,-45.2981,8.56,0,,,,,4,5.9,ok
TIC 292173590,218.2836,-57.2654,8.56,0,,,,,7,7.3,ok
TIC 389303830,188.2833,-29.0113,8.56,0,,,,,2,4.7,ok
TIC 334789806,184.4978,-50.1589,8.56,0,,,,,4,5.1,ok
TIC 210454085,212.2722,-57.4434,8.57,0,,,,,6,6.7,ok
TIC 307145442,267.1835,-64.5065,8.57,0,,,,,1,4.0,ok
TIC 464311616,280.0669,-62.1297,8.57,0,,,,,4,4.1,ok
TIC 387133912,286.5168,-73.2932,8.57,0,,,,,6,7.8,ok
TIC 329541717,191.9011,-71.6835,8.57,0,,,,,3,4.0,ok
TIC 413394650,176.9392,-19.4952,8.57,0,,,,,4,5.0,ok
TIC 310512172,253.0189,-77.6115,8.57,0,,,,,7,6.5,ok
TIC 204696963,185.5641,-28.5668,8.57,0,,,,,1,5.2,ok
TIC 343812295,241.5297,-60.1773,8.57,0,,,,,4,4.8,ok
TIC 403595964,231.6161,-75.2709,8.57,0,,,,,7,7.2,ok
TIC 426880606,236.8278,-70.6611,8.57,0,,,,,1,3.1,ok
TIC 435504149,192.9813,-64.6758,8.57,0,,,,,5,5.8,ok
TIC 157217094,175.9568,-35.248,8.57,0,,,,,7,10.3,ok
TIC 442942730,198.4193,-62.5984,8.57,0,,21.0,rejete,variabilite_continue;eclipse_secondaire,5,9.6,ok
TIC 426071657,237.4154,-74.986,8.57,0,,,,,3,4.1,ok
TIC 286229461,188.5304,-26.4304,8.57,0,,,,,4,4.3,ok
TIC 380951256,207.0933,-65.0858,8.57,0,,,,,5,5.0,ok
TIC 243477650,205.9817,-43.7613,8.57,0,,,,,4,4.1,ok
TIC 384745842,259.4041,-81.1768,8.57,0,,,,,3,3.2,ok
TIC 419744996,325.1946,-69.3747,8.58,0,,,,,10,11.1,ok
TIC 304845449,260.8525,-64.2828,8.58,0,,,,,6,8.0,ok
TIC 455055854,228.0039,-63.287,8.58,0,,,,,3,4.5,ok
TIC 270374787,176.6224,-29.8586,8.58,0,,,,,5,4.8,ok
TIC 134832811,183.4251,-39.5906,8.58,0,,,,,4,7.1,ok
TIC 276536438,263.594,-81.5304,8.58,0,,,,,5,8.0,ok
TIC 253151478,194.924,-55.5776,8.58,0,,19.6,rejete,variabilite_continue;eclipse_secondaire,6,11.4,ok
TIC 253351916,196.197,-58.5849,8.58,0,,,,,3,7.1,ok
TIC 295253681,270.6262,-70.4147,8.58,0,,16.2,rejete,variabilite_continue;eclipse_secondaire,4,9.0,ok
TIC 181158297,174.3155,-39.7313,8.58,0,,,,,7,8.3,ok
TIC 57403493,172.0248,-35.199,8.58,0,,25.0,rejete,variabilite_continue;eclipse_secondaire;compagnon_trop_gros_2.4Rjup,3,5.8,ok
TIC 336947874,196.5761,-67.7466,8.58,0,,,,,3,4.6,ok
TIC 201751737,303.7697,-54.5005,8.58,0,,,,,5,6.0,ok
TIC 178824328,194.6405,-38.2011,8.58,0,,,,,5,5.2,ok
TIC 342910277,240.4491,-60.8179,8.58,0,,,,,4,4.5,ok
TIC 466229104,303.3708,-63.9557,8.58,0,,,,,8,9.2,ok
TIC 310731963,254.438,-72.6194,8.58,0,,,,,7,11.8,ok
TIC 144155716,188.7481,-41.4427,8.59,0,,,,,5,8.4,ok
TIC 242383134,213.5001,-47.3889,8.59,0,,,,,5,6.9,ok
TIC 187463816,220.545,-57.806,8.59,0,,,,,6,9.4,ok
TIC 425869666,235.103,-73.471,8.59,0,,,,,3,4.6,ok
TIC 306195974,264.4808,-65.8644,8.59,0,,,,,6,8.5,ok
TIC 447630626,254.2943,-61.7147,8.59,0,,,,,8,12.1,ok
TIC 248206261,194.7491,-45.6608,8.59,0,,,,,6,8.5,ok
TIC 450794865,187.1052,-63.3497,8.59,0,,,,,6,7.4,ok
TIC 304594517,277.7695,-69.7093,8.59,0,,,,,4,4.8,ok
TIC 403511861,230.8961,-74.0897,8.59,0,,,,,5,7.6,ok
TIC 382039293,284.5019,-67.7495,8.59,0,,,,,9,10.7,ok
TIC 186588827,220.1881,-57.0571,8.59,0,,,,,1,8.5,ok
TIC 456984116,201.6864,-59.5688,8.59,0,,,,,6,9.5,ok
TIC 99129610,183.2282,-24.5009,8.59,0,,,,,1,5.2,ok
TIC 331639205,306.1257,-75.4112,8.59,0,,,,,7,10.5,ok
TIC 304864222,280.3579,-69.6014,8.59,0,,,,,9,10.6,ok
TIC 178726083,194.057,-40.4865,8.59,0,,,,,2,5.6,ok
TIC 466690273,296.6451,-77.0873,8.59,0,,,,,6,7.4,ok
TIC 361411628,243.0699,-66.7238,8.6,0,,,,,3,4.4,ok
TIC 288867707,224.3018,-53.6605,8.6,0,,,,,4,6.5,ok
TIC 178816361,194.4846,-36.7986,8.6,0,,,,,5,7.9,ok
TIC 372206573,313.2519,-66.2659,8.6,0,,,,,1,2.9,ok
TIC 418792366,218.6458,-81.9685,8.6,0,,,,,8,10.5,ok
TIC 73598454,191.728,-47.3444,8.6,0,,,,,7,13.2,ok
TIC 342199504,204.4926,-70.412,8.6,0,,,,,3,3.9,ok
TIC 295048651,269.3046,-70.1644,8.6,0,,,,,6,8.6,ok
TIC 467959249,285.7821,-60.1068,8.6,0,,,,,8,14.3,ok
TIC 423523507,169.194,-21.8805,8.6,0,,,,,5,8.4,ok
TIC 308034948,180.3257,-60.2004,8.6,0,,,,,7,9.9,ok
TIC 142314056,181.2164,-33.8376,8.6,0,,,,,5,9.1,ok
TIC 389124776,333.7674,-70.4904,8.6,0,,,,,7,10.1,ok
TIC 392758970,327.3641,-77.2797,8.6,0,,,,,4,5.7,ok
TIC 402968425,226.0233,-75.5118,8.6,0,,,,,6,8.9,ok
TIC 361039332,191.7301,-73.6543,8.6,0,,,,,5,6.1,ok
TIC 382431762,290.4053,-66.7241,8.6,0,,,,,4,5.7,ok
TIC 419635971,323.364,-66.2887,8.6,0,,,,,10,9.3,ok
TIC 453838843,199.597,-47.1027,8.61,0,,,,,3,7.5,ok
TIC 402126030,220.0983,-73.6523,8.61,0,,,,,9,14.0,ok
TIC 124147053,196.4172,-30.7722,8.61,0,,,,,2,4.8,ok
TIC 352544538,325.3645,-72.1123,8.61,0,,,,,7,9.8,ok
TIC 289303542,219.3737,-52.8943,8.61,0,,,,,5,10.0,ok
TIC 340620407,238.2356,-63.1105,8.61,1,1.5413,22.3,rejete,variabilite_continue;eclipse_secondaire,4,10.4,ok
TIC 270396914,176.8629,-24.8313,8.61,0,,,,,6,12.0,ok
TIC 290023243,192.3602,-17.1906,8.61,0,,,,,5,8.2,ok
TIC 312213695,210.3214,-51.747,8.61,0,,,,,3,9.3,ok
TIC 448596162,211.9367,-68.2718,8.61,0,,,,,8,9.6,ok
TIC 165317493,179.2002,-38.329,8.61,0,,,,,6,9.1,ok
TIC 265467007,320.8983,-65.4782,8.61,0,,,,,7,11.5,ok
TIC 337061025,196.777,-66.959,8.61,0,,,,,4,6.6,ok
TIC 380609305,206.7951,-59.8812,8.61,0,,,,,1,3.7,ok
TIC 448251914,209.2154,-69.2082,8.61,0,,,,,7,8.1,ok
TIC 360904435,190.8931,-72.4477,8.61,0,,,,,4,6.3,ok
TIC 396291063,302.794,-72.3646,8.61,0,,,,,8,9.0,ok
TIC 141969667,178.0408,-30.2722,8.61,0,,,,,6,8.4,ok
TIC 375568111,178.648,-54.7326,8.61,0,,,,,7,13.0,ok
TIC 293156070,260.9477,-66.2774,8.62,0,,,,,4,5.7,ok
TIC 421896993,339.5313,-72.3427,8.62,0,,,,,12,13.1,ok
TIC 270172851,331.273,-76.221,8.62,0,,,,,6,7.3,ok
TIC 30181300,197.1689,-36.9563,8.62,0,,,,,4,7.0,ok
TIC 365470522,273.675,-61.6374,8.62,0,,,,,5,7.0,ok
TIC 124236567,197.3067,-31.5646,8.62,0,,,,,5,7.9,ok
TIC 343404977,268.0258,-74.1667,8.62,0,,,,,3,4.5,ok
TIC 443673405,187.1958,-27.0975,8.62,0,,,,,4,5.1,ok
TIC 144182383,188.6606,-37.9238,8.62,0,,,,,2,4.1,ok
TIC 134759722,182.8361,-41.2065,8.62,0,,,,,6,6.9,ok
TIC 390601640,217.5557,-60.4107,8.62,0,,,,,7,8.6,ok
TIC 15520413,185.3532,-49.0089,8.62,0,,,,,5,7.2,ok
TIC 311250910,258.1782,-72.6639,8.62,0,,,,,4,5.4,ok
TIC 439565530,195.7516,-59.9984,8.62,0,,,,,5,6.2,ok
TIC 405663249,191.6516,-16.5316,8.62,0,,,,,3,4.0,ok
TIC 369419402,191.9243,-61.9412,8.62,0,,,,,7,8.2,ok
TIC 436998675,194.0384,-61.4572,8.62,0,,,,,5,5.7,ok
TIC 327023940,188.8826,-68.8324,8.63,0,,,,,3,4.3,ok
TIC 453572456,205.496,-58.6812,8.63,0,,,,,4,5.6,ok
TIC 425368923,191.1039,-59.0411,8.63,0,,,,,7,7.3,ok
TIC 219701501,175.4343,-22.7077,8.63,0,,,,,2,3.1,ok
TIC 383496046,220.2308,-51.8731,8.63,0,,,,,3,5.4,ok
TIC 410119976,336.6894,-71.2707,8.63,0,,,,,12,11.9,ok
TIC 438837178,202.4167,-49.4934,8.63,0,,,,,1,2.8,ok
TIC 170587031,185.4949,-33.7909,8.63,0,,,,,1,2.8,ok
TIC 331525820,214.6868,-49.183,8.63,0,,,,,5,11.6,ok
TIC 166411574,207.0154,-41.6549,8.63,0,,,,,3,5.6,ok
TIC 327785134,312.5154,-75.9102,8.63,1,2.4782,54.9,rejete,variabilite_continue;eclipse_secondaire;compagnon_trop_gros_4.0Rjup,9,14.3,ok
TIC 334909487,214.1294,-62.7091,8.63,0,,,,,4,6.2,ok
TIC 259787303,323.9255,-62.7863,8.63,0,,,,,9,9.7,ok
TIC 330220897,213.1065,-48.1445,8.63,0,,,,,5,11.3,ok
TIC 327305253,310.9388,-76.4873,8.63,0,,,,,7,12.7,ok
TIC 454512163,226.5626,-61.4409,8.63,0,,,,,7,9.9,ok
TIC 35539623,224.8139,-59.1043,8.63,0,,,,,6,7.5,ok
TIC 335052465,184.8748,-53.0252,8.63,0,,,,,2,4.6,ok
TIC 290402339,330.7651,-74.4479,8.63,0,,,,,3,4.9,ok
TIC 334559937,193.6229,-71.3674,8.63,0,,,,,3,6.8,ok
TIC 341063164,312.7775,-60.6317,8.63,0,,,,,6,11.5,ok
TIC 243496587,206.0169,-47.0874,8.64,0,,,,,4,10.6,ok
TIC 144425121,190.0915,-40.6303,8.64,0,,,,,1,8.9,ok
TIC 260828081,225.8948,-68.0814,8.64,0,,,,,1,5.8,ok
TIC 307048897,266.8351,-61.7659,8.64,0,,,,,1,2.7,ok
TIC 270204508,332.6773,-72.2747,8.64,0,,,,,4,5.1,ok
TIC 331753560,322.1808,-75.0173,8.64,0,,,,,6,7.6,ok
TIC 401367319,192.0992,-35.3991,8.64,0,,,,,4,5.4,ok
TIC 466090061,293.7148,-60.3864,8.64,0,,,,,8,8.4,ok
TIC 339375400,295.3439,-64.889,8.64,0,,,,,8,9.3,ok
TIC 67918692,236.2336,-59.7497,8.64,0,,,,,7,10.5,ok
TIC 243422613,205.4183,-46.2007,8.64,0,,,,,2,5.0,ok
TIC 334787070,184.4245,-51.4921,8.64,0,,,,,5,8.1,ok
TIC 339606193,297.9263,-63.3769,8.65,0,,,,,5,8.1,ok
TIC 304897565,260.8059,-65.9461,8.65,0,,,,,7,11.1,ok
TIC 350571845,246.4605,-64.6514,8.65,0,,,,,4,8.2,ok
TIC 406850212,226.1131,-82.9329,8.65,0,,,,,3,8.8,ok
TIC 329650621,192.0123,-68.2762,8.65,0,,,,,2,7.2,ok
TIC 404067068,194.8673,-53.1328,8.65,0,,,,,3,6.5,ok
TIC 260647166,186.5737,-51.3632,8.65,0,,,,,6,11.8,ok
TIC 447325479,251.4332,-65.5092,8.65,0,,,,,4,5.9,ok
TIC 332474031,180.1107,-53.8384,8.65,0,,,,,3,6.1,ok
TIC 351603455,310.1789,-63.0601,8.65,0,,,,,6,8.5,ok
TIC 382536160,291.8571,-66.122,8.65,0,,,,,4,5.7,ok
TIC 361473183,243.1484,-69.1335,8.65,0,,13.1,rejete,variabilite_continue;eclipse_secondaire,4,12.6,ok
TIC 396458472,213.3593,-72.124,8.65,0,,,,,5,11.7,ok
TIC 334291313,213.7081,-62.7745,8.65,0,,,,,6,9.4,ok
TIC 169468311,194.2933,-50.0743,8.65,0,,,,,3,7.8,ok
TIC 397340108,175.0293,-45.5798,8.65,0,,,,,1,6.4,ok
TIC 415014351,189.0311,-62.8441,8.65,0,,,,,3,8.2,ok
TIC 340722337,202.0454,-69.4356,8.65,0,,,,,5,12.2,ok
TIC 144786725,192.3482,-36.8098,8.65,0,,,,,2,5.5,ok
TIC 244874802,196.5976,-52.5534,8.66,0,,,,,3,5.6,ok
TIC 341199092,314.4493,-60.7352,8.66,0,,,,,5,7.8,ok
TIC 381614400,207.4539,-63.5051,8.66,0,,,,,4,6.3,ok
TIC 253458858,196.9553,-55.5131,8.66,0,,,,,6,14.4,ok
TIC 72176618,186.3538,-45.6255,8.66,0,,,,,6,7.6,ok
TIC 241734101,208.7551,-50.7507,8.66,0,,,,,4,6.0,ok
TIC 403755868,179.4468,-46.7866,8.66,0,,,,,4,8.6,ok
TIC 292752896,275.2903,-74.6728,8.66,0,,,,,5,8.2,ok
TIC 325222244,317.5323,-75.3749,8.66,0,,,,,4,6.0,ok
TIC 395138515,204.46,-72.8084,8.66,0,,,,,4,5.9,ok
TIC 300753934,245.3053,-60.4693,8.66,0,,,,,8,9.2,ok
TIC 447107878,239.2516,-70.9771,8.66,0,,,,,3,6.1,ok
TIC 450572050,186.6564,-62.7704,8.66,0,,,,,3,7.4,ok
TIC 234285392,335.8873,-65.5199,8.66,0,,,,,10,16.1,ok
TIC 73226782,190.1633,-45.7801,8.66,0,,,,,5,12.6,ok
TIC 100378749,307.7085,-52.8763,8.66,0,,,,,4,15.7,ok
TIC 304339227,275.9426,-68.345,8.66,0,,,,,8,17.0,ok
TIC 448922221,214.3628,-69.9686,8.66,0,,,,,8,17.8,ok
TIC 420151461,192.5071,-58.598,8.66,0,,,,,3,8.3,ok
TIC 265333973,308.7113,-69.4844,8.66,0,,,,,7,15.5,ok
TIC 9339369,191.2306,-28.4015,8.66,0,,,,,4,15.0,ok
TIC 82442489,238.0733,-58.2109,8.66,0,,,,,2,9.4,ok
TIC 448860246,213.7996,-71.2337,8.67,0,,34.0,a_verifier,,4,16.9,ok
TIC 165265887,192.3129,-51.4272,8.67,0,,,,,4,8.4,ok
TIC 243178382,202.8924,-42.0022,8.67,0,,,,,5,10.1,ok
TIC 241289894,203.584,-52.6768,8.67,0,,,,,7,14.6,ok
TIC 57456588,172.5431,-32.4162,8.67,0,,,,,5,14.9,ok
TIC 57211349,170.9643,-31.6477,8.67,0,,,,,7,14.3,ok
TIC 455502526,229.3725,-60.2823,8.67,0,,,,,3,11.9,ok
TIC 466230701,303.5329,-65.005,8.67,0,,,,,4,11.7,ok
TIC 332523164,180.1308,-52.6821,8.67,0,,,,,5,13.7,ok
TIC 453661520,205.8684,-54.6123,8.67,0,,,,,5,12.8,ok
TIC 420582177,216.1411,-50.8458,8.67,0,,,,,3,5.9,ok
TIC 94016706,176.4318,-48.2646,8.67,0,,,,,2,8.0,ok
TIC 340220922,201.0555,-70.1848,8.67,0,,,,,6,11.5,ok
TIC 464615267,287.3341,-60.3825,8.67,0,,,,,8,15.5,ok
TIC 241695514,208.4062,-52.4459,8.68,0,,,,,4,7.3,ok
TIC 433440520,183.0125,-59.0174,8.68,0,,,,,3,9.5,ok
TIC 335470566,194.7729,-70.163,8.68,0,,,,,3,5.9,ok
TIC 70966813,236.4923,-59.0464,8.68,0,,,,,5,14.3,ok
TIC 170494921,184.7599,-32.9389,8.68,0,,,,,4,8.2,ok
TIC 308760236,184.1531,-64.5165,8.68,0,,,,,6,9.6,ok
TIC 22140831,183.3342,-42.952,8.68,0,,,,,2,9.4,ok
TIC 134815154,183.4203,-36.3083,8.68,0,,,,,1,8.6,ok
TIC 409787089,292.4021,-64.0014,8.68,0,,,,,7,14.6,ok
TIC 384295753,246.5782,-78.0901,8.68,0,,,,,4,12.1,ok
TIC 245004014,197.4508,-50.7722,8.68,0,,,,,7,12.4,ok
TIC 405512677,190.4383,-58.263,8.68,0,,,,,3,9.5,ok
TIC 447484486,252.7611,-64.6947,8.68,0,,,,,5,17.9,ok
TIC 352506553,324.3198,-76.5164,8.68,0,,,,,3,12.1,ok
TIC 362826283,247.1639,-66.3431,8.68,0,,,,,5,14.7,ok
TIC 301951386,259.8683,-70.0716,8.68,0,,,,,6,14.0,ok
TIC 438878043,195.4504,-62.1811,8.68,0,,,,,5,16.9,ok
TIC 259783887,323.37,-61.3556,8.69,0,,,,,5,22.3,ok
TIC 401977151,218.8092,-74.3007,8.69,0,,,,,4,16.8,ok
TIC 344133474,279.3997,-74.3784,8.69,0,,,,,6,14.7,ok
TIC 242247820,211.6228,-44.79,8.69,0,,,,,2,15.7,ok
TIC 94384756,177.4371,-51.1356,8.69,0,,,,,3,10.6,ok
TIC 447361131,251.8236,-62.95,8.69,0,,,,,4,10.3,ok
TIC 309547805,247.653,-74.3255,8.69,0,,,,,6,11.7,ok
TIC 364411774,252.6388,-71.1659,8.69,0,,,,,5,9.4,ok
TIC 466094910,294.8926,-70.3836,8.69,0,,,,,10,16.6,ok
TIC 450720000,186.9404,-63.8847,8.69,0,,50.6,rejete,eclipse_secondaire;compagnon_trop_gros_3.4Rjup,2,12.1,ok
TIC 376777782,316.3064,-66.9584,8.69,0,,,,,7,10.5,ok
TIC 181913586,190.8311,-16.5135,8.69,0,,,,,6,10.2,ok
TIC 425728038,233.5828,-72.7795,8.7,0,,,,,5,10.6,ok
TIC 361458540,193.6024,-76.1754,8.7,0,,,,,8,18.3,ok
TIC 166563449,192.8458,-48.1026,8.7,0,,,,,3,9.4,ok
TIC 316144493,203.4041,-62.3177,8.7,0,,38.1,rejete,variabilite_continue;eclipse_secondaire;compagnon_trop_gros_12.9Rjup,5,15.2,ok
TIC 379548996,181.341,-61.3345,8.7,1,4.4593,21.4,rejete,variabilite_continue;eclipse_secondaire;compagnon_trop_gros_3.0Rjup,3,15.0,ok
TIC 243590245,206.9681,-47.4049,8.7,0,,,,,4,12.3,ok
TIC 47307785,231.0571,-56.6993,8.7,0,,,,,4,9.8,ok
TIC 220347064,307.5676,-57.6862,8.7,0,,,,,5,8.9,ok
TIC 320659697,297.2164,-57.0615,8.7,0,,,,,7,10.6,ok
TIC 453472071,188.0895,-28.104,8.7,0,,,,,2,8.4,ok
TIC 409951855,213.8858,-57.5596,8.7,0,,,,,2,5.6,ok
TIC 434673654,191.3361,-65.455,8.7,0,,,,,3,9.9,ok
TIC 331708294,214.8874,-52.1565,8.71,0,,,,,1,4.8,ok
TIC 334623414,183.6787,-53.8424,8.71,0,,,,,5,11.3,ok
TIC 319384943,204.788,-64.0187,8.71,0,,,,,4,9.4,ok
TIC 400700797,220.0731,-64.8335,8.71,0,,,,,4,8.3,ok
TIC 169780487,194.166,-49.8791,8.71,0,,,,,6,14.0,ok
TIC 405512926,190.2944,-58.3165,8.71,0,,,,,7,11.5,ok
TIC 442590282,198.2322,-65.6301,8.71,0,,21.3,rejete,variabilite_continue;eclipse_secondaire,3,13.3,ok
TIC 327595545,326.3032,-68.5272,8.71,0,,,,,10,21.2,ok
TIC 99029327,181.4868,-25.1399,8.71,0,,,,,4,6.6,ok
TIC 404017605,194.9992,-50.3897,8.71,0,,,,,7,9.2,ok
TIC 144569472,191.1309,-41.3658,8.71,0,,,,,4,9.4,ok
TIC 5877537,187.8007,-18.9965,8.71,0,,,,,5,10.4,ok
TIC 371930761,307.2227,-68.6502,8.71,0,,,,,8,17.8,ok
TIC 392761412,327.9315,-73.1697,8.71,0,,,,,5,12.1,ok
TIC 278048070,178.1927,-39.0365,8.71,0,,,,,6,13.1,ok
TIC 287564618,198.0668,-46.3684,8.71,0,,,,,5,8.3,ok
TIC 165769486,204.1082,-37.5213,8.71,0,,,,,5,13.2,ok
TIC 107113098,183.0072,-33.1317,8.72,0,,,,,5,8.7,ok
TIC 327330778,210.6497,-60.3877,8.72,0,,,,,2,5.4,ok
TIC 404349886,321.215,-77.06,8.72,0,,,,,1,5.4,ok
TIC 421916192,288.1454,-58.9024,8.72,0,,,,,2,7.1,ok
TIC 181150842,173.9868,-37.0213,8.72,0,,,,,7,11.6,ok
TIC 362379988,245.7648,-68.7905,8.72,0,,,,,4,9.0,ok
TIC 448638207,212.1879,-69.73,8.72,0,,,,,8,9.3,ok
TIC 61701267,176.8403,-44.0046,8.72,0,,,,,6,6.3,ok
TIC 957075492,199.4341,-71.2278,8.72,0,,,,,2,7.0,ok
TIC 303985399,258.5002,-62.1122,8.72,0,,,,,4,6.0,ok
TIC 36042232,225.2328,-56.3311,8.72,0,,,,,5,6.4,ok
TIC 181241149,175.0017,-39.4448,8.72,0,,35.0,rejete,variabilite_continue;eclipse_secondaire,3,6.4,ok
TIC 22384225,184.0349,-44.8594,8.72,0,,,,,1,5.8,ok
TIC 73033700,189.6239,-42.8367,8.72,0,,,,,5,7.4,ok
TIC 363595879,249.668,-68.1117,8.72,0,,,,,6,9.2,ok
TIC 219641516,175.2671,-21.3781,8.72,0,,,,,6,8.7,ok
TIC 423334378,234.8904,-63.0403,8.72,0,,,,,4,5.3,ok
TIC 363592740,249.6787,-66.9286,8.72,0,,,,,3,4.3,ok
TIC 262916774,229.7309,-67.0151,8.72,0,,,,,7,9.3,ok
TIC 384074705,242.4064,-78.5903,8.72,0,,,,,5,8.2,ok
TIC 72180084,186.5817,-47.649,8.73,0,,,,,5,7.8,ok
TIC 354171248,313.7766,-58.2967,8.73,0,,,,,6,6.8,ok
TIC 447627658,254.2124,-60.9565,8.73,0,,,,,4,5.8,ok
TIC 440817830,196.7239,-61.9439,8.73,0,,,,,6,8.6,ok
TIC 61539138,176.3869,-42.0788,8.73,0,,,,,4,9.5,ok
TIC 294953747,268.7425,-67.063,8.73,0,,,,,5,11.5,ok
TIC 403202991,228.0955,-75.2549,8.73,0,,,,,8,10.3,ok
TIC 327709211,331.0861,-66.8478,8.73,0,,,,,11,16.9,ok
TIC 272167060,187.4293,-58.2401,8.73,1,8.4128,15.0,rejete,variabilite_continue,7,13.4,ok
TIC 364484513,253.2609,-66.6378,8.73,0,,,,,4,6.9,ok
TIC 419570642,319.3611,-68.4904,8.73,0,,,,,7,9.0,ok
TIC 434502793,173.4016,-22.8342,8.73,0,,,,,3,6.2,ok
TIC 446921170,232.6939,-67.6396,8.73,0,,,,,4,6.0,ok
TIC 418639707,208.7424,-79.2916,8.73,0,,,,,8,11.0,ok
TIC 271466923,233.0421,-60.8242,8.73,0,,,,,4,14.8,ok
TIC 395117854,218.9673,-60.1744,8.73,0,,,,,6,12.3,ok
TIC 411685204,189.3197,-56.7882,8.73,0,,23.6,a_verifier,,4,7.8,ok
TIC 145011233,193.4723,-38.9263,8.73,0,,,,,2,4.1,ok
TIC 22344190,178.4982,-23.5026,8.73,0,,,,,1,5.3,ok
TIC 429234518,184.109,-49.6819,8.73,0,,,,,3,6.6,ok
TIC 404018697,194.9846,-50.9098,8.73,0,,,,,5,8.6,ok
TIC 384802865,260.8096,-78.7249,8.74,0,,,,,3,5.6,ok
TIC 464597226,287.173,-60.4915,8.74,0,,,,,4,5.8,ok
TIC 30872191,200.468,-37.1177,8.74,0,,,,,4,5.5,ok
TIC 157337995,177.3156,-31.1021,8.74,0,,,,,2,6.8,ok
TIC 387268403,312.1589,-58.9695,8.74,0,,,,,8,10.8,ok
TIC 464420924,282.1836,-64.4442,8.74,0,,,,,4,7.0,ok
TIC 404192016,294.7767,-76.0851,8.74,0,,,,,9,15.2,ok
TIC 311695847,261.4057,-73.6505,8.74,0,,,,,1,9.6,ok
TIC 447290811,251.0879,-62.6408,8.74,0,,,,,4,7.3,ok
TIC 325079358,322.4135,-68.7569,8.74,0,,,,,6,12.7,ok
TIC 306466582,265.2719,-65.0786,8.74,0,,,,,7,10.0,ok
TIC 178756651,194.3594,-40.3633,8.74,0,,,,,2,3.5,ok
TIC 90800382,216.4458,-55.1278,8.74,0,,,,,6,7.8,ok
TIC 446719461,217.7241,-69.4798,8.74,0,,,,,6,13.2,ok
TIC 22619099,185.0758,-47.7982,8.74,0,,,,,3,11.0,ok
TIC 426422372,243.4114,-76.2699,8.74,0,,,,,6,11.4,ok
TIC 241793168,209.5039,-53.2038,8.74,0,,,,,5,12.7,ok
TIC 201748996,303.7993,-59.3705,8.74,0,,,,,5,14.5,ok
TIC 38580997,180.3361,-23.1216,8.74,0,,,,,5,7.0,ok
TIC 253380837,196.3872,-56.8517,8.74,0,,,,,7,12.9,ok
TIC 318568428,332.3666,-67.9177,8.74,0,,,,,4,8.5,ok
TIC 22723228,185.5812,-45.1637,8.74,0,,,,,5,6.4,ok
TIC 461206006,181.6498,-41.7934,8.74,0,,,,,6,8.2,ok
TIC 292221593,278.6807,-65.9533,8.74,0,,,,,5,7.9,ok
TIC 405539160,202.6632,-35.6443,8.75,0,,,,,4,7.7,ok
TIC 21110995,186.8258,-50.3522,8.75,0,,,,,3,7.8,ok
TIC 265436996,320.8802,-62.8781,8.75,0,,,,,2,6.5,ok
TIC 410001714,318.5256,-70.4208,8.75,0,,,,,5,6.6,ok
TIC 452712793,172.2442,-24.767,8.75,0,,,,,4,6.2,ok
TIC 271701075,187.1446,-56.3131,8.75,0,,,,,8,11.6,ok
TIC 335346742,214.2043,-62.3564,8.75,0,,,,,4,6.0,ok
TIC 343715333,206.7415,-68.6779,8.75,0,,,,,3,5.2,ok
TIC 409744867,289.0224,-64.8222,8.75,0,,,,,4,6.3,ok
TIC 423567949,185.7106,-20.3963,8.75,0,,,,,3,5.1,ok
TIC 310956478,256.1381,-72.3871,8.75,0,,,,,6,11.2,ok
TIC 466307264,306.5698,-62.9666,8.75,0,,,,,6,10.4,ok
TIC 40201342,227.3457,-59.9047,8.75,0,,,,,6,8.7,ok
TIC 429327784,183.1604,-22.8176,8.75,0,,,,,3,12.5,ok
TIC 414711412,224.4618,-55.7395,8.75,0,,,,,5,7.9,ok
TIC 219954613,305.3238,-55.7677,8.75,0,,,,,6,8.7,ok
TIC 40444646,227.6325,-56.9279,8.76,0,,,,,4,8.7,ok
TIC 352288045,288.5945,-72.8351,8.76,0,,,,,6,7.3,ok
TIC 434362248,191.0799,-61.5252,8.76,1,2.2694,14.7,rejete,variabilite_continue;eclipse_secondaire,4,10.7,ok
TIC 248109478,193.3831,-47.8886,8.76,0,,,,,4,6.7,ok
TIC 57154910,170.4405,-31.1229,8.76,0,,,,,2,3.9,ok
TIC 253108955,194.5707,-58.8427,8.76,0,,,,,3,5.0,ok
TIC 61608206,176.5559,-42.4897,8.76,0,,,,,8,10.9,ok
TIC 396249303,302.0127,-72.1925,8.76,0,,,,,4,7.7,ok
TIC 61871671,177.5728,-44.1762,8.76,0,,,,,2,5.2,ok
TIC 464449691,282.7223,-64.8991,8.76,0,,,,,7,14.3,ok
TIC 328241331,190.212,-67.7403,8.76,0,,,,,4,10.7,ok
TIC 325177252,340.5714,-67.8335,8.76,0,,,,,9,19.5,ok
TIC 208053366,207.6688,-57.9881,8.76,0,,,,,4,6.1,ok
TIC 332163365,179.383,-50.2208,8.76,0,,,,,1,3.2,ok
TIC 429180964,177.495,-25.8058,8.76,0,,,,,6,7.5,ok
TIC 438863615,195.4558,-62.4812,8.76,0,,,,,3,5.4,ok
TIC 401402914,192.2633,-34.5492,8.76,0,,,,,2,3.6,ok
TIC 423263226,297.5147,-73.625,8.76,0,,,,,4,6.2,ok
TIC 456324555,231.2454,-60.2591,8.76,0,,,,,5,8.0,ok
TIC 14664559,174.353,-26.4757,8.76,0,,,,,5,6.7,ok
TIC 163347052,191.2307,-52.9735,8.76,0,,,,,3,8.2,ok
TIC 67624131,182.2793,-55.8064,8.76,0,,,,,5,7.3,ok
TIC 328701924,190.9055,-69.0779,8.76,0,,,,,3,7.4,ok
TIC 343297581,266.0089,-75.6821,8.77,0,,,,,4,7.1,ok
TIC 208220042,208.2279,-57.239,8.77,0,,,,,4,9.0,ok
TIC 304842889,260.7602,-63.0949,8.77,0,,,,,?,257.5,timeout
TIC 57792479,174.802,-31.0444,8.77,0,,,,,6,15.1,ok
TIC 265177596,297.9923,-80.477,8.77,0,,,,,4,7.9,ok
TIC 457317242,203.5967,-54.6447,8.77,0,,,,,4,4.9,ok
TIC 271701765,187.0098,-56.4895,8.77,0,,,,,5,7.5,ok
TIC 241710866,208.5666,-50.207,8.77,1,3.1279,11.9,rejete,variabilite_continue;eclipse_secondaire,4,7.8,ok
TIC 403266698,331.3793,-65.1937,8.77,0,,,,,10,12.9,ok
TIC 434512552,189.616,-20.0559,8.77,0,,,,,4,5.9,ok
TIC 22565703,184.9284,-44.9158,8.77,0,,10.6,rejete,variabilite_continue;eclipse_secondaire,3,5.8,ok
TIC 328021908,190.0665,-69.7292,8.77,0,,,,,3,5.1,ok
TIC 311173895,257.5893,-73.5836,8.77,0,,,,,7,9.8,ok
TIC 130722835,186.7246,-32.9801,8.77,0,,,,,4,6.7,ok
TIC 311329077,185.71,-63.3751,8.77,0,,,,,4,5.9,ok
TIC 310962562,256.082,-76.9207,8.77,0,,,,,3,4.6,ok
TIC 406105638,197.5419,-54.0,8.77,0,,,,,3,5.9,ok
TIC 163041099,191.1694,-48.2875,8.77,0,,,,,3,4.1,ok
TIC 292477666,281.616,-67.8972,8.77,0,,,,,9,11.5,ok
TIC 290996200,256.373,-62.6512,8.78,0,,,,,4,5.1,ok
TIC 102192161,195.6804,-41.233,8.78,0,,,,,4,5.6,ok
TIC 57373959,171.983,-31.4007,8.78,0,,,,,5,9.6,ok
TIC 361958013,196.0684,-77.851,8.78,0,,,,,3,5.5,ok
TIC 383236771,183.8473,-61.61,8.78,0,,,,,3,3.8,ok
TIC 398315856,179.6951,-56.2155,8.78,0,,,,,6,7.8,ok
TIC 384511851,253.3672,-78.023,8.78,0,,,,,3,4.3,ok
TIC 256253582,199.8401,-58.1949,8.78,0,,,,,3,10.2,ok
TIC 165768177,204.1156,-39.0697,8.78,0,,,,,4,10.6,ok
TIC 260945227,201.5552,-53.0694,8.78,0,,,,,8,15.0,ok
TIC 402512807,222.7941,-75.5288,8.78,0,,,,,4,11.5,ok
TIC 456245478,231.1878,-65.8726,8.78,0,,,,,4,9.9,ok
TIC 309047732,184.5488,-62.1769,8.78,0,,,,,3,4.8,ok
TIC 351529600,308.8128,-61.7504,8.78,0,,,,,5,6.8,ok
TIC 382072477,285.185,-67.657,8.78,0,,12.6,rejete,variabilite_continue;eclipse_secondaire,4,7.3,ok
TIC 309733062,248.6286,-77.2276,8.78,0,,,,,3,3.5,ok
TIC 443262289,198.9638,-63.8843,8.78,0,,,,,4,4.7,ok
TIC 165228067,178.8671,-39.836,8.78,0,,,,,3,4.2,ok
TIC 345175529,281.4713,-75.8876,8.78,0,,,,,6,7.0,ok
TIC 304863699,280.5405,-69.0385,8.78,0,,,,,5,6.7,ok
TIC 409798266,292.3538,-62.8101,8.78,0,,,,,3,5.1,ok
TIC 350795078,246.7319,-60.5556,8.79,0,,,,,8,14.6,ok
TIC 32658162,176.3306,-24.3823,8.79,0,,,,,4,5.3,ok
TIC 15444490,185.3182,-53.2959,8.79,0,,,,,7,10.7,ok
TIC 371947250,307.5352,-67.0176,8.79,0,,,,,4,5.3,ok
TIC 273317891,185.6381,-53.5637,8.79,0,,,,,6,8.7,ok
TIC 448489309,211.0295,-68.7056,8.79,0,,,,,6,7.6,ok
TIC 447614965,254.0877,-61.7723,8.79,0,,41.4,rejete,variabilite_continue;eclipse_secondaire,5,9.1,ok
TIC 438612498,201.7403,-43.0798,8.79,0,,,,,5,6.8,ok
TIC 394200941,198.5733,-73.8828,8.79,0,,,,,3,4.3,ok
TIC 448891972,214.0873,-66.1934,8.79,0,,,,,5,8.4,ok
TIC 361333089,242.9242,-70.5866,8.79,0,,,,,3,3.9,ok
TIC 335599429,194.7169,-67.8905,8.79,0,,,,,3,4.2,ok
TIC 257900517,220.8458,-66.7786,8.79,0,,,,,4,5.5,ok
TIC 429359897,184.0675,-20.8995,8.79,0,,,,,4,4.7,ok
TIC 413003125,204.6838,-58.1555,8.79,0,,16.4,rejete,variabilite_continue;eclipse_secondaire,5,11.4,ok
TIC 401826612,217.6958,-72.9209,8.79,0,,,,,9,16.3,ok
TIC 243161100,202.6374,-46.6003,8.79,0,,,,,5,8.6,ok
TIC 419739641,324.4545,-68.4684,8.79,0,,,,,6,10.1,ok
TIC 243364927,204.7341,-43.238,8.79,0,,,,,2,7.7,ok
TIC 412075148,189.9881,-57.7545,8.79,0,,,,,5,9.6,ok
TIC 384486510,252.2639,-79.3613,8.8,0,,,,,7,15.8,ok
TIC 427010298,237.2615,-70.8858,8.8,0,,,,,4,13.0,ok
TIC 406442889,198.1205,-58.6503,8.8,0,,,,,3,8.7,ok
TIC 381184240,207.2527,-62.2675,8.8,0,,,,,4,10.4,ok
TIC 402939044,249.7263,-64.611,8.8,1,1.8401,11.1,rejete,variabilite_continue;eclipse_secondaire;compagnon_trop_gros_2.0Rjup,4,15.9,ok
TIC 412713511,193.2689,-56.8022,8.8,0,,,,,3,6.7,ok
TIC 413628906,215.1955,-55.8803,8.8,0,,,,,4,5.1,ok
TIC 161738691,190.1809,-48.0477,8.8,0,,,,,4,5.0,ok
TIC 406689049,198.4212,-57.124,8.8,0,,,,,3,5.6,ok
TIC 134963187,184.3828,-39.1154,8.8,0,,,,,3,4.5,ok
TIC 144113767,188.2057,-41.1333,8.8,0,,,,,1,2.4,ok
TIC 426206628,240.8112,-59.1485,8.8,0,,,,,4,4.7,ok
TIC 342820761,205.2827,-66.3246,8.8,0,,,,,5,6.9,ok
TIC 272055198,187.2636,-55.0982,8.8,0,,,,,3,3.4,ok
TIC 397367393,177.5748,-29.1289,8.8,0,,,,,6,8.1,ok
TIC 333824155,182.2919,-50.8183,8.8,0,,,,,2,8.6,ok
TIC 392705611,327.1787,-79.2285,8.81,0,,,,,3,8.7,ok
TIC 166882683,193.021,-50.364,8.81,0,,,,,3,4.9,ok
TIC 22857690,186.0007,-44.6699,8.81,0,,,,,3,7.2,ok
TIC 72817189,188.5864,-46.4445,8.81,0,,,,,3,4.6,ok
TIC 273268112,320.1196,-80.8188,8.81,0,,,,,6,10.9,ok
TIC 409934687,302.8326,-71.6675,8.81,1,2.9365,20.9,rejete,variabilite_continue,5,12.2,ok
TIC 384470390,251.2827,-80.7999,8.81,0,,,,,3,5.5,ok
TIC 320529428,296.5362,-57.8738,8.81,0,,,,,5,8.5,ok
TIC 338242274,198.283,-70.1517,8.81,0,,,,,3,6.1,ok
TIC 253463221,197.0756,-56.5359,8.81,0,,,,,3,8.6,ok
TIC 449028222,215.833,-66.6313,8.81,0,,,,,2,3.1,ok
TIC 428655767,179.4505,-19.6686,8.81,0,,,,,5,12.7,ok
TIC 292563530,218.5144,-58.2143,8.81,0,,,,,?,260.1,timeout
TIC 263665748,231.1724,-71.6213,8.81,0,,,,,7,14.0,ok
TIC 144323513,189.6388,-39.556,8.81,0,,,,,2,3.5,ok
TIC 410033396,319.9105,-70.0786,8.81,0,,,,,6,8.7,ok
TIC 243262712,203.8219,-45.0017,8.81,0,,,,,5,6.6,ok
TIC 304859559,279.7021,-70.8778,8.81,0,,,,,4,5.9,ok
TIC 318567991,332.4698,-69.0474,8.81,0,,,,,7,9.8,ok
TIC 47459617,231.1035,-58.5894,8.81,0,,,,,6,7.6,ok
TIC 301313875,256.0415,-68.6675,8.81,0,,,,,4,10.7,ok
TIC 103831065,194.5835,-33.7484,8.81,0,,,,,1,4.1,ok
TIC 448884356,214.1987,-67.1693,8.81,0,,,,,4,7.0,ok
TIC 22323830,183.9822,-42.5202,8.81,0,,,,,3,6.6,ok
TIC 68172788,193.5157,-57.1936,8.81,0,,,,,3,6.0,ok
TIC 425733299,233.7526,-75.6274,8.81,0,,,,,3,4.4,ok
TIC 436685533,193.7228,-65.8295,8.82,0,,,,,6,9.4,ok
TIC 351472160,308.2794,-64.9489,8.82,0,,,,,5,5.2,ok
TIC 287672433,198.5465,-45.4457,8.82,0,,,,,5,14.6,ok
TIC 102193494,195.736,-39.7359,8.82,0,,,,,4,5.8,ok
TIC 336937014,215.1181,-64.3346,8.82,0,,,,,4,4.9,ok
TIC 403325811,229.3584,-74.5053,8.82,0,,,,,8,7.5,ok
TIC 22457828,186.7896,-19.983,8.82,0,,,,,2,4.1,ok
TIC 311419022,259.3929,-74.2596,8.82,0,,,,,6,7.1,ok
TIC 345180382,177.3608,-41.3654,8.82,0,,,,,4,7.6,ok
TIC 61412532,175.7799,-45.7318,8.82,0,,,,,4,6.9,ok
TIC 364214419,252.0019,-68.5445,8.82,0,,,,,4,6.9,ok
TIC 451340100,221.2371,-52.6458,8.82,0,,,,,5,13.8,ok
TIC 243475605,205.9657,-42.2462,8.82,0,,,,,3,6.9,ok
TIC 389303003,183.8527,-35.0134,8.82,0,,,,,3,4.5,ok
TIC 310426629,252.9659,-72.2895,8.82,0,,,,,5,6.0,ok
TIC 410118578,327.5551,-69.1532,8.82,0,,,,,9,10.2,ok
TIC 301400832,256.2274,-66.6789,8.82,0,,,,,4,5.0,ok
TIC 304326550,259.3472,-64.7398,8.82,0,,,,,4,8.2,ok
TIC 423569057,185.8256,-19.0893,8.82,0,,,,,5,9.4,ok
TIC 309809796,184.832,-65.8264,8.82,0,,,,,3,5.8,ok
TIC 403506500,230.6877,-77.7055,8.82,0,,,,,4,5.5,ok
TIC 309039549,184.5527,-62.9847,8.83,0,,,,,4,6.8,ok
TIC 163580647,174.2742,-42.8448,8.83,0,,,,,2,9.0,ok
TIC 301394877,255.8936,-67.8871,8.83,0,,,,,7,11.0,ok
TIC 273385645,185.8356,-52.1802,8.83,0,,,,,3,4.2,ok
TIC 448696074,182.209,-30.9368,8.83,0,,,,,5,10.4,ok
TIC 343573971,269.9129,-73.6549,8.83,0,,,,,4,5.4,ok
TIC 361722867,195.2053,-72.6255,8.83,0,,,,,3,23.1,ok
TIC 343757355,273.4247,-74.2203,8.83,0,,,,,5,7.5,ok
TIC 395295983,205.8352,-72.0818,8.83,0,,,,,8,14.5,ok
TIC 68179248,193.5915,-58.4306,8.84,0,,,,,8,19.6,ok
TIC 397365543,175.3073,-46.8942,8.84,0,,,,,2,4.5,ok
TIC 261859708,193.7537,-56.5084,8.84,0,,,,,4,6.5,ok
TIC 406259730,197.8596,-58.6782,8.84,0,,,,,3,6.2,ok
TIC 360768521,190.3641,-72.098,8.84,0,,,,,3,6.0,ok
TIC 32613546,175.8975,-28.179,8.84,0,,,,,2,5.0,ok
TIC 456423377,231.709,-65.9603,8.84,0,,,,,4,5.8,ok
TIC 165382405,179.6978,-37.4456,8.84,0,,,,,7,14.3,ok
TIC 165230981,178.9807,-36.8731,8.84,0,,,,,1,2.7,ok
TIC 343581164,270.3013,-73.68,8.84,0,,,,,5,6.2,ok
TIC 464276371,279.3634,-60.7631,8.84,0,,,,,4,7.7,ok
TIC 261097508,203.342,-48.9422,8.84,0,,,,,2,4.1,ok
TIC 381747495,182.6254,-64.1009,8.84,0,,,,,8,10.5,ok
TIC 401277603,187.9582,-49.2853,8.85,0,,,,,3,5.5,ok
TIC 244905251,196.7106,-48.7841,8.85,0,,,,,7,9.8,ok
TIC 370146757,312.8345,-57.4626,8.85,0,,,,,6,11.4,ok
TIC 407576351,264.1272,-75.8552,8.85,0,,,,,7,12.8,ok
TIC 238855251,342.76,-69.9158,8.85,0,,,,,9,13.8,ok
TIC 455395535,228.7203,-64.6109,8.85,0,,,,,4,6.6,ok
TIC 22619100,185.0189,-47.7988,8.85,0,,,,,3,10.9,ok
TIC 429298029,184.2741,-49.5008,8.85,0,,,,,3,6.5,ok
TIC 425788188,234.1413,-76.3243,8.85,0,,,,,3,7.8,ok
TIC 22211065,183.3754,-45.1745,8.85,0,,,,,5,6.7,ok
TIC 395131076,204.7583,-75.0072,8.85,0,,,,,3,7.0,ok
TIC 35358254,224.9122,-56.5911,8.85,0,,,,,6,7.8,ok
TIC 209916439,211.2578,-56.5106,8.85,0,,,,,4,5.4,ok
TIC 349964152,245.8698,-60.1195,8.85,0,,,,,4,7.9,ok
TIC 258414689,221.6963,-69.8445,8.85,0,,,,,4,8.3,ok
TIC 372316772,315.2758,-71.4985,8.85,0,,,,,2,6.7,ok
TIC 409350377,213.8191,-58.5438,8.85,1,1.1613,130.9,rejete,variabilite_continue;eclipse_secondaire,5,8.8,ok
TIC 273220426,185.6548,-48.6498,8.85,0,,,,,5,12.1,ok
TIC 464452462,282.6124,-62.0506,8.85,0,,,,,8,15.0,ok
TIC 334496829,183.3957,-49.8991,8.85,0,,,,,4,7.1,ok
TIC 131081589,189.7655,-31.3927,8.86,0,,,,,4,5.7,ok
TIC 219069014,170.6827,-22.0888,8.86,0,,,,,6,9.9,ok
TIC 341293863,315.5274,-62.846,8.86,0,,,,,6,11.9,ok
TIC 271935459,187.3731,-58.4077,8.86,0,,,,,3,6.4,ok
TIC 207932034,207.459,-57.874,8.86,0,,,,,4,7.6,ok
TIC 403598330,231.8649,-73.8447,8.86,1,5.7936,11.3,rejete,variabilite_continue;eclipse_secondaire,5,10.8,ok
TIC 30755602,200.0656,-39.508,8.86,1,1.8343,12.4,rejete,variabilite_continue;eclipse_secondaire,4,14.6,ok
TIC 342716007,205.0928,-68.7753,8.86,0,,,,,6,13.4,ok
TIC 57450117,172.3179,-33.4283,8.86,0,,,,,4,6.6,ok
TIC 299271875,243.7009,-62.6846,8.86,0,,,,,5,5.7,ok
TIC 304479867,276.8891,-71.8882,8.86,0,,23.6,rejete,variabilite_continue;eclipse_secondaire,4,10.6,ok
TIC 328220018,210.9846,-61.0897,8.86,0,,,,,6,9.5,ok
TIC 311462040,317.1967,-77.2173,8.87,0,,,,,7,7.7,ok
TIC 245234011,199.0231,-50.8087,8.87,0,,,,,4,4.5,ok
TIC 332728505,180.4978,-50.1638,8.87,0,,,,,3,4.9,ok
TIC 446884090,232.3361,-67.8142,8.87,0,,,,,4,4.6,ok
TIC 135424156,187.2353,-40.3593,8.87,0,,,,,3,6.6,ok
TIC 258100470,220.9614,-71.4806,8.87,0,,,,,4,6.0,ok
TIC 360774751,190.3474,-74.3167,8.87,0,,,,,2,3.7,ok
TIC 44424560,229.5796,-58.2174,8.87,0,,,,,5,9.0,ok
TIC 438694338,202.4389,-47.4183,8.87,0,,,,,3,5.6,ok
TIC 363773754,200.2089,-46.3444,8.87,0,,,,,4,6.5,ok
TIC 439173767,195.4834,-64.6269,8.87,0,,,,,5,9.4,ok
TIC 329888006,212.8465,-50.07,8.87,0,,25.0,rejete,eclipse_secondaire,4,8.2,ok
TIC 333012483,181.014,-48.1058,8.87,0,,,,,3,7.7,ok
TIC 102170045,195.2396,-38.8894,8.88,0,,,,,1,4.6,ok
TIC 259762298,322.9937,-64.0671,8.88,0,,,,,4,7.5,ok
TIC 258587377,196.7258,-42.787,8.88,0,,,,,4,8.9,ok
TIC 102313745,196.2723,-38.6385,8.88,0,,,,,1,5.9,ok
TIC 411883268,189.7268,-54.9893,8.88,0,,,,,5,7.6,ok
TIC 365603094,274.2841,-64.2984,8.88,0,,,,,1,4.6,ok
TIC 260768549,189.2115,-48.2549,8.88,0,,,,,3,6.7,ok
TIC 21709407,180.6433,-45.5606,8.88,0,,,,,5,10.7,ok
TIC 130983665,188.7342,-32.5141,8.88,0,,,,,4,7.2,ok
TIC 401280763,187.9681,-48.6263,8.88,0,,,,,3,4.2,ok
TIC 387314016,312.6646,-55.3712,8.88,0,,,,,2,3.0,ok
TIC 409887972,294.1237,-68.3237,8.88,0,,,,,4,5.2,ok
TIC 30802397,200.0995,-40.9596,8.88,0,,,,,4,6.4,ok
TIC 328240977,190.4768,-67.7919,8.88,0,,,,,3,5.8,ok
TIC 262982976,216.0604,-57.7623,8.88,0,,,,,6,7.2,ok
TIC 157137142,175.2513,-33.9268,8.88,0,,,,,2,3.8,ok
TIC 131218848,191.3211,-33.0835,8.88,0,,,,,4,5.4,ok
TIC 339207862,294.1967,-63.2687,8.88,0,,,,,8,9.5,ok
TIC 219699410,192.2353,-19.9735,8.88,0,,,,,2,4.1,ok
TIC 381288611,255.6407,-69.3739,8.88,0,,,,,5,8.0,ok
TIC 428674135,179.919,-18.8898,8.88,0,,,,,1,4.8,ok
TIC 204698427,185.5171,-24.6986,8.88,0,,,,,3,6.3,ok
TIC 270230803,175.2196,-26.8244,8.88,0,,,,,4,6.3,ok
TIC 327656776,189.8297,-71.6218,8.88,0,,,,,8,10.3,ok
TIC 428657032,179.4409,-23.6965,8.88,0,,,,,4,6.9,ok
TIC 453923245,225.2034,-60.3192,8.88,0,,,,,4,5.7,ok
TIC 72818359,188.7203,-47.2892,8.88,0,,,,,5,6.2,ok
TIC 259915804,224.3124,-70.6534,8.88,0,,,,,7,9.5,ok
TIC 453635313,205.5952,-56.8607,8.88,0,,,,,4,6.1,ok
TIC 39509106,227.0973,-58.6975,8.89,0,,,,,5,7.7,ok
TIC 449658016,200.615,-60.2929,8.89,0,,,,,3,6.0,ok
TIC 276671203,268.585,-79.2826,8.89,0,,,,,3,5.1,ok
TIC 296005948,223.8311,-60.3705,8.89,0,,,,,4,7.0,ok
TIC 395611473,208.1219,-75.2588,8.89,0,,,,,3,4.6,ok
TIC 245436305,200.2401,-51.2284,8.89,0,,,,,7,10.1,ok
TIC 256716325,200.3789,-56.8584,8.89,0,,,,,7,10.9,ok
TIC 411625158,185.4586,-54.4003,8.89,0,,,,,3,5.5,ok
TIC 232061901,339.5621,-64.6353,8.89,0,,,,,2,7.6,ok
TIC 300441785,244.8662,-64.8429,8.89,0,,,,,5,9.6,ok
TIC 244977642,197.3026,-53.2141,8.89,0,,,,,4,7.3,ok
TIC 363625105,199.6882,-43.176,8.89,0,,,,,2,8.6,ok
TIC 131139233,190.8022,-30.2465,8.89,0,,,,,3,8.8,ok
TIC 327273899,189.0571,-68.2164,8.89,0,,,,,3,7.2,ok
TIC 327303189,310.7176,-74.4703,8.89,0,,,,,6,14.5,ok
TIC 405665223,191.8077,-14.7569,8.89,0,,,,,1,4.1,ok
TIC 280146469,203.8707,-56.2851,8.89,0,,,,,6,8.8,ok
TIC 447098167,238.827,-68.7049,8.9,0,,,,,4,6.4,ok
TIC 304248080,259.3384,-61.637,8.9,0,,,,,1,4.9,ok
TIC 446796937,218.3699,-68.1387,8.9,0,,,,,6,9.2,ok
TIC 299872986,244.182,-60.5627,8.9,0,,,,,4,7.1,ok
TIC 371932950,307.4891,-70.8544,8.9,0,,,,,4,8.0,ok
TIC 159881887,189.3489,-50.8415,8.9,0,,,,,7,14.0,ok
TIC 229599397,197.7621,-26.6289,8.9,0,,,,,1,3.3,ok
TIC 311529313,259.6085,-72.6828,8.9,0,,,,,7,10.0,ok
TIC 273279154,188.5331,-56.6249,8.9,0,,,,,6,9.2,ok
TIC 352509931,325.1247,-72.1673,8.9,0,,,,,4,7.0,ok
TIC 270637781,220.3631,-59.13,8.9,0,,,,,4,7.3,ok
TIC 131238969,191.5548,-33.822,8.9,0,,,,,4,7.6,ok
TIC 253538014,197.3404,-58.5513,8.9,0,,,,,6,8.6,ok
TIC 308466048,184.2954,-60.1943,8.9,0,,,,,3,5.4,ok
TIC 245430125,200.2148,-48.7223,8.9,0,,,,,7,12.2,ok
TIC 429517301,207.2944,-70.7109,8.9,0,,,,,3,5.0,ok
TIC 165726911,203.9337,-40.2526,8.9,0,,,,,4,8.7,ok
TIC 165295812,179.3013,-36.0828,8.9,0,,,,,4,6.6,ok
TIC 329234115,211.4511,-60.645,8.9,0,,18.8,rejete,variabilite_continue;eclipse_secondaire,4,12.6,ok
TIC 94643001,177.647,-53.7115,8.9,0,,,,,3,8.9,ok
TIC 94459006,177.4016,-52.5005,8.9,0,,,,,5,8.7,ok
TIC 333298364,181.2829,-53.6094,8.9,0,,,,,3,6.2,ok
TIC 437251093,169.7293,-23.1169,8.9,0,,,,,6,8.0,ok
TIC 268808677,280.1754,-67.2373,8.91,0,,,,,7,11.6,ok
TIC 403510208,231.0868,-75.0627,8.91,0,,,,,3,7.4,ok
TIC 304907445,261.0913,-61.6338,8.91,0,,,,,4,8.5,ok
TIC 243499472,206.0405,-47.1497,8.91,0,,,,,2,3.8,ok
TIC 327036874,188.8429,-70.3216,8.91,0,,,,,5,5.3,ok
TIC 366988231,301.9902,-56.6645,8.91,0,,,,,6,8.7,ok
TIC 401400729,192.2821,-32.7641,8.91,0,,,,,4,5.2,ok
TIC 398941916,190.4921,-33.5058,8.91,0,,,,,1,4.0,ok
TIC 260944490,201.7047,-52.7964,8.91,0,,,,,4,6.7,ok
TIC 419735229,324.0822,-70.0076,8.91,0,,,,,6,7.7,ok
TIC 311650518,260.6866,-76.4833,8.91,0,,,,,4,6.7,ok
TIC 447704630,254.9423,-63.6191,8.91,0,,,,,4,6.0,ok
TIC 395856289,209.8426,-76.4672,8.91,0,,,,,6,10.7,ok
TIC 395138216,204.663,-72.9059,8.91,0,,,,,3,6.0,ok
TIC 363134614,248.2556,-70.9372,8.91,0,,,,,4,5.7,ok
TIC 286335432,191.0191,-21.019,8.91,0,,,,,2,4.5,ok
TIC 42741514,228.8328,-59.2332,8.91,0,,,,,6,8.8,ok
TIC 384486806,252.041,-79.6655,8.92,0,,,,,6,8.3,ok
TIC 295779367,240.7228,-76.9558,8.92,0,,,,,7,10.2,ok
TIC 253088640,194.6171,-54.3978,8.92,0,,,,,3,5.7,ok
TIC 209922788,211.2969,-55.5695,8.92,0,,,,,4,5.8,ok
TIC 350856279,247.079,-63.9694,8.92,0,,,,,7,9.8,ok
TIC 456383746,231.5269,-63.4271,8.92,0,,,,,3,5.0,ok
TIC 188216995,220.8081,-57.6666,8.92,0,,,,,4,8.2,ok
TIC 220347617,307.6534,-59.036,8.92,0,,,,,7,12.0,ok
TIC 387191568,303.9318,-56.776,8.92,0,,,,,8,10.6,ok
TIC 387191408,304.0269,-56.5067,8.92,0,,,,,4,7.5,ok
TIC 162403802,190.7677,-48.7168,8.92,0,,12.2,rejete,variabilite_continue;eclipse_secondaire,4,8.2,ok
TIC 293335714,261.444,-66.2455,8.92,0,,12.2,rejete,variabilite_continue;eclipse_secondaire,7,18.4,ok
TIC 297710971,241.9046,-60.1964,8.93,0,,,,,4,6.5,ok
TIC 359303424,201.1372,-55.2175,8.93,0,,,,,4,7.0,ok
TIC 341497458,318.5567,-60.9341,8.93,0,,,,,7,10.1,ok
TIC 449818558,201.1476,-60.2658,8.93,0,,,,,4,6.4,ok
TIC 321528092,205.8414,-63.5683,8.93,0,,,,,3,5.0,ok
TIC 448509362,211.2462,-69.8315,8.93,0,,,,,4,5.5,ok
TIC 450608427,186.6918,-60.8919,8.93,0,,,,,3,5.9,ok
TIC 329519982,211.5285,-61.5145,8.93,0,,,,,5,6.0,ok
TIC 331288348,212.2586,-60.5408,8.93,0,,,,,4,6.4,ok
TIC 363142366,248.0871,-67.5703,8.93,0,,,,,4,5.9,ok
TIC 142156498,179.8303,-31.54,8.93,0,,,,,1,3.3,ok
TIC 243414924,205.2527,-45.2524,8.93,0,,,,,3,7.3,ok
TIC 328811406,211.519,-50.0714,8.93,0,,,,,5,5.9,ok
TIC 401572504,312.25,-74.2772,8.93,0,,,,,4,8.1,ok
TIC 294764212,267.664,-68.2012,8.93,0,,,,,4,7.3,ok
TIC 93847832,176.2924,-50.6302,8.93,0,,,,,2,5.2,ok
TIC 300435495,244.9213,-63.3113,8.93,0,,,,,4,5.8,ok
TIC 401676094,216.8505,-77.2164,8.93,0,,,,,3,5.6,ok
TIC 424342028,236.3297,-65.5823,8.93,0,,,,,4,9.0,ok
TIC 163346842,191.3182,-52.6759,8.93,0,,,,,3,4.8,ok
TIC 398699696,180.3617,-58.9097,8.93,0,,13.8,rejete,variabilite_continue;eclipse_secondaire;compagnon_trop_gros_2.8Rjup,3,10.7,ok
TIC 336606891,196.1131,-66.2261,8.93,0,,,,,5,6.1,ok
TIC 333924178,182.4515,-52.422,8.93,0,,,,,3,4.1,ok
TIC 333831404,182.3925,-48.7482,8.93,1,0.9728,18.7,rejete,variabilite_continue;eclipse_secondaire,3,10.8,ok
TIC 163042472,190.8724,-49.656,8.93,0,,,,,3,3.9,ok
TIC 438725071,201.2175,-53.8203,8.94,0,,,,,4,6.0,ok
TIC 447701680,255.0167,-64.6624,8.94,0,,,,,5,7.8,ok
TIC 352229837,288.7436,-75.2239,8.94,0,,,,,7,8.7,ok
TIC 260652853,186.6657,-48.3958,8.94,0,,,,,5,7.8,ok
TIC 22755154,185.5747,-42.2598,8.94,0,,,,,5,7.9,ok
TIC 124694915,200.5416,-31.6694,8.94,0,,,,,1,2.6,ok
TIC 315798707,203.0358,-60.8154,8.94,0,,,,,5,7.5,ok
TIC 400912862,178.5657,-53.4653,8.94,0,,,,,3,6.4,ok
TIC 398985229,192.7503,-18.6551,8.94,0,,,,,4,5.9,ok
TIC 314551036,202.5725,-62.3466,8.94,0,,,,,3,5.3,ok
TIC 340778495,291.8237,-74.2047,8.94,0,,,,,4,8.9,ok
TIC 5797560,187.2754,-22.7289,8.94,0,,,,,3,6.2,ok
TIC 405853104,192.3379,-54.7227,8.94,0,,,,,5,6.3,ok
TIC 262558716,229.1542,-68.3035,8.94,0,,,,,4,5.3,ok
TIC 299679262,207.9696,-64.9615,8.94,0,,,,,4,10.0,ok
TIC 457124889,203.2164,-59.2411,8.94,0,,,,,5,8.1,ok
TIC 325822843,209.8176,-65.7711,8.94,0,,,,,4,6.0,ok
TIC 403126880,227.7861,-76.9498,8.94,0,,,,,3,5.9,ok
TIC 259534964,199.0001,-47.9581,8.94,0,,24.7,rejete,variabilite_continue;eclipse_secondaire;compagnon_trop_gros_3.4Rjup,3,7.2,ok
TIC 166876813,192.9611,-52.1288,8.94,0,,,,,3,7.8,ok
TIC 453846038,225.18,-64.986,8.94,0,,,,,2,4.4,ok
TIC 448811783,213.5164,-68.0227,8.94,0,,,,,3,9.9,ok
TIC 390010899,182.5658,-57.6737,8.94,0,,,,,2,5.9,ok
TIC 265124285,293.8904,-77.0373,8.95,0,,,,,6,7.4,ok
TIC 245388438,199.9566,-52.84,8.95,0,,,,,4,8.6,ok
TIC 167208958,193.0746,-51.3857,8.95,0,,,,,2,5.3,ok
TIC 256470244,200.1176,-56.6752,8.95,0,,,,,4,8.9,ok
TIC 411501819,183.3957,-56.7752,8.95,0,,,,,3,6.8,ok
TIC 336069781,195.5681,-66.7069,8.95,0,,,,,3,5.3,ok
TIC 426481552,244.1418,-77.3804,8.95,0,,,,,7,8.2,ok
TIC 318008280,303.6065,-79.9004,8.95,0,,,,,9,9.9,ok
TIC 336811734,196.5314,-69.7136,8.95,0,,,,,3,5.6,ok
TIC 426134267,238.4239,-73.3368,8.96,0,,,,,4,7.8,ok
TIC 275467351,178.6499,-45.0818,8.96,0,,,,,3,4.5,ok
TIC 364284060,252.3525,-67.6561,8.96,0,,,,,6,8.0,ok
TIC 344000458,277.6899,-72.4369,8.96,0,,,,,7,8.9,ok
TIC 83113208,188.3679,-19.6533,8.96,0,,,,,5,5.2,ok
TIC 259124516,222.9961,-71.1039,8.96,0,,,,,7,8.2,ok
TIC 394302061,199.4583,-76.6856,8.96,0,,,,,7,10.1,ok
TIC 319219289,204.8153,-60.9839,8.96,0,,,,,6,10.0,ok
TIC 371839737,306.5052,-71.5322,8.96,0,,,,,6,8.2,ok
TIC 276004385,208.2261,-43.872,8.96,0,,,,,5,7.1,ok
TIC 419567638,319.0478,-70.2324,8.96,0,,,,,6,9.2,ok
TIC 312420298,210.7428,-49.542,8.96,0,,,,,5,6.7,ok
TIC 409888915,294.0306,-69.6657,8.96,0,,,,,4,4.7,ok
TIC 361078758,242.0449,-70.8146,8.96,0,,,,,3,4.2,ok
TIC 299755887,342.0435,-65.3829,8.96,0,,,,,10,9.5,ok
TIC 341865564,203.8527,-69.0166,8.96,0,,,,,4,5.5,ok
TIC 340778548,291.6992,-74.1371,8.96,0,,,,,8,7.7,ok
TIC 311421987,314.3318,-74.9656,8.96,0,,,,,7,8.6,ok
TIC 442891414,198.477,-61.7928,8.96,0,,,,,2,3.6,ok
TIC 303612770,271.9942,-62.8857,8.97,0,,,,,9,11.6,ok
TIC 73460115,191.0801,-45.4233,8.97,0,,,,,3,5.0,ok
TIC 277774250,343.7483,-68.4189,8.97,0,,,,,10,10.6,ok
TIC 35801964,225.0468,-56.1444,8.97,0,,,,,3,5.5,ok
TIC 455836765,230.0189,-61.4666,8.97,0,,,,,5,14.3,ok
TIC 185548147,219.9412,-59.5756,8.97,0,,,,,5,7.1,ok
TIC 22390773,184.179,-45.8677,8.97,0,,,,,5,6.4,ok
TIC 401401305,192.3282,-33.2628,8.97,0,,,,,2,7.5,ok
TIC 73710112,192.0659,-42.8735,8.97,0,,,,,3,6.4,ok
TIC 360945316,191.1558,-74.5044,8.97,0,,,,,2,5.0,ok
TIC 243530962,206.4201,-46.719,8.97,0,,,,,4,5.7,ok
TIC 320265488,295.2252,-57.1414,8.97,0,,,,,5,6.7,ok
TIC 57790484,174.6346,-32.8708,8.97,0,,,,,2,5.8,ok
TIC 98956912,180.9281,-29.6883,8.97,0,,,,,3,4.5,ok
TIC 166325753,206.8032,-40.889,8.97,0,,,,,5,5.8,ok
TIC 30489588,198.789,-37.9136,8.97,0,,,,,2,4.2,ok
TIC 441866729,197.5037,-64.5607,8.98,0,,,,,3,6.7,ok
TIC 276871199,273.7074,-78.2282,8.98,0,,,,,7,7.2,ok
TIC 360170075,217.1779,-67.0879,8.98,0,,,,,4,6.2,ok
TIC 398241939,181.2397,-19.3765,8.98,0,,,,,3,4.1,ok
TIC 324608514,312.6582,-79.2683,8.98,0,,,,,3,4.4,ok
TIC 241685708,208.2546,-52.2241,8.98,0,,,,,6,10.6,ok
TIC 366004166,276.6338,-62.1974,8.98,0,,,,,4,7.3,ok
TIC 161156379,189.8757,-49.1094,8.98,0,,,,,5,7.8,ok
TIC 464445128,282.4633,-62.1677,8.98,0,,,,,4,5.4,ok
TIC 466685939,295.6943,-72.7749,8.98,0,,,,,3,3.7,ok
TIC 271944801,187.2127,-56.4683,8.98,0,,,,,3,4.5,ok
TIC 450487472,186.4171,-63.626,8.98,0,,,,,3,3.4,ok
TIC 402270799,220.2846,-64.2195,8.98,0,,,,,5,4.9,ok
TIC 271515993,186.9017,-56.3103,8.98,0,,,,,4,5.0,ok
TIC 333884717,192.6986,-66.4295,8.98,0,,,,,3,6.5,ok
TIC 245441559,200.1417,-53.006,8.99,0,,,,,4,6.3,ok
TIC 304471319,276.6129,-68.0004,8.99,0,,,,,5,6.4,ok
TIC 144844492,192.9069,-41.0328,8.99,0,,,,,3,4.8,ok
TIC 310295579,185.0593,-62.5295,8.99,0,,,,,5,6.7,ok
TIC 258588345,196.9584,-41.9093,8.99,0,,,,,5,7.9,ok
TIC 424210331,236.4376,-60.1318,8.99,0,,,,,4,7.6,ok
TIC 398879802,180.3987,-58.483,8.99,0,,,,,3,6.4,ok
TIC 42746931,228.802,-58.7309,8.99,0,,,,,5,7.4,ok
TIC 262020326,323.7208,-72.1742,8.99,0,,,,,6,9.1,ok
TIC 144510349,190.9961,-35.9868,8.99,0,,,,,3,5.1,ok
TIC 384629753,255.8894,-79.4703,8.99,0,,,,,6,8.3,ok
TIC 454013359,175.3003,-37.7916,8.99,1,2.5739,70.8,rejete,variabilite_continue,7,12.2,ok
TIC 423023295,234.457,-64.491,8.99,0,,,,,4,5.6,ok
TIC 381242179,255.6276,-66.9212,8.99,0,,,,,4,4.8,ok
TIC 325178532,340.7061,-71.7063,8.99,0,,,,,11,17.0,ok
TIC 9469264,192.3891,-24.3135,9.0,0,,,,,4,5.8,ok
TIC 448576854,211.806,-71.3163,9.0,0,,,,,1,3.2,ok
TIC 456899453,196.1283,-44.7644,9.0,0,,,,,3,5.5,ok
TIC 380998035,270.6124,-64.2499,9.0,0,,,,,3,4.2,ok
TIC 142096366,179.1232,-32.1964,9.0,0,,,,,4,5.5,ok
TIC 261700035,227.3194,-66.469,9.0,0,,,,,4,5.5,ok
TIC 301456125,256.4451,-70.3982,9.0,0,,,,,5,5.8,ok
TIC 162694853,190.7524,-52.5964,9.0,0,,,,,6,6.7,ok
TIC 262239129,199.6885,-56.589,9.0,0,,,,,3,5.2,ok
TIC 360370278,217.5312,-69.7762,9.0,0,,,,,4,5.4,ok
TIC 402108167,182.5802,-29.4195,9.0,0,,,,,5,4.8,ok
TIC 315957724,203.4547,-61.6242,9.0,0,,,,,4,4.6,ok
TIC 450918869,187.275,-62.4667,9.0,0,,64.7,rejete,variabilite_continue;eclipse_secondaire,8,17.2,ok
TIC 275593560,179.182,-45.703,9.0,0,,,,,3,4.0,ok
TIC 301152169,254.729,-67.7881,9.0,1,3.1018,12.7,rejete,variabilite_continue;eclipse_secondaire,7,17.4,ok
TIC 342990684,205.6992,-70.7262,9.0,0,,,,,3,3.4,ok
TIC 333735407,170.211,-24.1389,9.0,0,,,,,6,6.1,ok
TIC 364419479,252.9237,-68.0623,9.0,0,,49.9,rejete,variabilite_continue;eclipse_secondaire,4,8.0,ok
TIC 294535052,266.0886,-66.438,9.0,0,,,,,1,5.0,ok
TIC 423672698,235.4495,-63.8698,9.0,0,,,,,3,4.2,ok
TIC 410087656,326.9969,-71.1808,9.0,0,,,,,5,5.7,ok
TIC 329459784,191.7049,-69.1756,9.0,0,,,,,5,9.2,ok
TIC 210896421,213.0995,-57.832,9.0,0,,,,,4,5.2,ok
TIC 278050426,178.3372,-36.0465,9.0,0,,,,,5,6.5,ok
TIC 448276482,209.4955,-71.7056,9.0,0,,,,,3,4.2,ok
TIC 469976677,330.4953,-69.0046,9.0,0,,,,,4,5.6,ok
TIC 375835614,178.8421,-57.3402,9.0,0,,,,,3,4.1,ok
TIC 333771883,182.1495,-52.1129,9.01,0,,,,,3,3.3,ok
TIC 271520041,288.492,-63.1222,9.01,0,,,,,5,6.1,ok
TIC 360453460,240.3261,-69.4865,9.01,0,,,,,9,10.5,ok
TIC 270173850,331.2787,-73.5091,9.01,0,,,,,8,9.3,ok
TIC 410088005,327.361,-71.7888,9.01,0,,,,,7,6.8,ok
TIC 422351727,182.0829,-21.0594,9.01,0,,,,,5,5.1,ok
TIC 88320218,239.1693,-59.5251,9.01,0,,,,,4,4.8,ok
TIC 335376063,194.6057,-70.4804,9.01,0,,,,,7,7.6,ok
TIC 124205690,197.1729,-30.0432,9.01,0,,,,,4,4.4,ok
TIC 457457946,206.3317,-55.3237,9.01,0,,,,,1,2.3,ok
TIC 261389834,209.8073,-51.8776,9.01,0,,,,,5,7.4,ok
TIC 413443091,177.5721,-19.8338,9.01,0,,,,,3,5.6,ok
TIC 304898997,261.1944,-65.1955,9.01,0,,,,,4,5.0,ok
TIC 279147476,235.2905,-59.1636,9.01,1,11.0059,13.0,rejete,variabilite_continue,6,11.8,ok
TIC 340028951,200.8711,-66.4488,9.01,0,,,,,4,5.2,ok
TIC 262929804,230.0108,-66.5534,9.01,0,,,,,4,5.7,ok
TIC 299042656,207.7476,-63.1485,9.01,0,,,,,6,8.5,ok
TIC 307397152,268.2143,-63.7143,9.01,0,,,,,1,3.8,ok
TIC 305323439,262.1218,-63.7919,9.01,0,,,,,5,8.4,ok
TIC 314632352,185.1251,-66.3084,9.01,0,,,,,5,9.5,ok
TIC 335129663,194.1583,-67.6213,9.02,0,,,,,4,6.6,ok
TIC 310959665,255.9932,-74.4188,9.02,0,,,,,8,11.2,ok
TIC 6012158,194.1645,-21.0702,9.02,0,,,,,3,6.6,ok
TIC 403046027,250.023,-62.9324,9.02,0,,,,,3,4.7,ok
TIC 402395302,247.7933,-63.8137,9.02,0,,,,,4,5.4,ok
TIC 363274002,248.7738,-70.0122,9.02,0,,,,,3,6.6,ok
TIC 293331707,261.4424,-68.2529,9.02,0,,,,,4,7.3,ok
TIC 363371869,248.914,-67.4765,9.02,0,,,,,4,5.7,ok
TIC 332286707,212.7888,-61.9301,9.02,0,,,,,7,11.0,ok
TIC 381257866,182.5045,-64.001,9.02,0,,,,,7,10.2,ok
TIC 294441757,266.1281,-70.0277,9.02,0,,,,,4,5.7,ok
TIC 73172458,189.7563,-43.4237,9.02,0,,,,,3,4.9,ok
TIC 124695373,200.4793,-32.3992,9.02,0,,,,,5,9.8,ok
TIC 299401242,243.6442,-60.7808,9.02,0,,,,,4,6.1,ok
TIC 167214947,193.1441,-51.4679,9.02,0,,,,,4,6.8,ok
TIC 317060587,337.5095,-75.6466,9.02,0,,,,,8,8.5,ok
TIC 412480140,192.8857,-55.438,9.02,0,,,,,6,9.0,ok
TIC 460483704,190.0883,-65.8622,9.02,0,,,,,3,9.9,ok
TIC 384070117,241.5962,-79.2583,9.03,0,,,,,5,7.7,ok
TIC 447557875,253.6563,-61.7851,9.03,0,,,,,4,5.6,ok
TIC 405445173,190.313,-55.33,9.03,0,,,,,3,7.8,ok
TIC 259843297,224.422,-71.7787,9.03,0,,,,,4,6.5,ok
TIC 411812736,189.5716,-58.1143,9.03,0,,,,,6,9.7,ok
TIC 467961579,285.8828,-62.3238,9.03,0,,,,,4,7.8,ok
TIC 420276268,198.8065,-57.6062,9.03,0,,,,,3,7.6,ok
TIC 204650483,184.9786,-25.8279,9.03,1,9.9559,15.8,rejete,variabilite_continue;eclipse_secondaire,3,9.1,ok
TIC 333695582,213.6403,-61.799,9.03,0,,,,,4,6.3,ok
TIC 401979797,218.6972,-75.6802,9.03,0,,,,,4,5.0,ok
TIC 305085915,261.436,-65.6618,9.03,0,,,,,4,7.3,ok
TIC 103957501,195.7685,-32.3104,9.03,0,,,,,5,6.0,ok
TIC 5648410,178.9977,-20.6372,9.03,0,,,,,3,6.1,ok
TIC 466176899,301.867,-62.721,9.03,0,,,,,4,5.9,ok
TIC 325280344,334.723,-74.4376,9.03,0,,,,,7,7.1,ok
TIC 21735574,181.374,-42.3811,9.03,0,,,,,5,5.2,ok
TIC 402918459,225.548,-72.0811,9.03,0,,,,,4,6.4,ok
TIC 272212990,180.089,-46.1174,9.03,0,,,,,2,3.4,ok
TIC 454601598,226.7799,-63.1348,9.03,0,,,,,5,8.5,ok
TIC 352021981,284.1611,-72.8452,9.03,0,,,,,3,4.5,ok
TIC 409938734,304.6757,-66.9653,9.04,0,,,,,4,4.8,ok
TIC 130942594,188.3475,-32.7499,9.04,0,,,,,4,6.0,ok
TIC 410416837,319.1034,-64.0706,9.04,0,,,,,4,5.3,ok
TIC 466277708,305.7026,-65.2584,9.04,0,,,,,8,8.5,ok
TIC 380931384,182.3405,-62.2132,9.04,0,,,,,3,5.0,ok
TIC 352546007,326.0154,-75.4814,9.04,0,,,,,2,9.0,ok
TIC 292587581,221.5576,-63.4931,9.04,0,,,,,3,6.1,ok
TIC 382428691,289.8345,-69.393,9.04,0,,,,,4,6.0,ok
TIC 434362297,191.0211,-61.6483,9.04,0,,87.4,rejete,variabilite_continue;eclipse_secondaire,7,12.8,ok
TIC 241505859,206.0938,-49.419,9.04,0,,,,,2,5.8,ok
TIC 442170794,197.7587,-60.1227,9.04,0,,,,,6,8.3,ok
TIC 447603742,254.0523,-65.2365,9.04,0,,79.9,rejete,variabilite_continue;eclipse_secondaire,4,10.3,ok
TIC 435898801,193.2232,-63.3357,9.04,0,,,,,3,6.7,ok
TIC 57693006,173.9754,-31.0293,9.04,0,,,,,5,10.9,ok
TIC 338138063,198.4568,-71.5255,9.05,0,,,,,3,17.2,ok
TIC 238809913,326.912,-62.9067,9.05,0,,,,,5,14.7,ok
TIC 61477444,176.1471,-44.4302,9.05,0,,,,,1,4.6,ok
TIC 310860798,255.4586,-74.9414,9.05,0,,,,,5,9.0,ok
TIC 394800275,202.3329,-72.2376,9.05,0,,,,,3,7.8,ok
TIC 130924120,187.995,-35.5541,9.05,1,5.8226,10.5,rejete,variabilite_continue,4,10.7,ok
TIC 304579980,260.0244,-62.5011,9.05,0,,,,,4,7.7,ok
TIC 382310799,288.2191,-69.1136,9.05,0,,,,,5,16.7,ok
TIC 276977745,277.7769,-79.886,9.05,0,,,,,3,6.5,ok
TIC 384742846,258.7293,-82.8554,9.05,0,,16.5,rejete,variabilite_continue;eclipse_secondaire,5,11.9,ok
TIC 228972228,195.2379,-25.3569,9.05,0,,,,,1,7.8,ok
TIC 265487870,321.522,-64.5386,9.05,0,,,,,3,5.5,ok
TIC 242120884,209.9824,-43.3273,9.05,0,,13.3,rejete,variabilite_continue;eclipse_secondaire,4,12.3,ok
TIC 365431979,273.324,-65.7202,9.05,0,,,,,4,7.1,ok
TIC 446403723,219.3021,-52.828,9.05,0,,,,,3,5.0,ok
TIC 295254609,270.5968,-71.46,9.06,0,,,,,7,11.7,ok
TIC 381853092,321.8806,-59.9039,9.06,0,,,,,7,7.1,ok
TIC 376714360,293.1812,-65.9791,9.06,0,,,,,7,8.4,ok
TIC 454410900,226.4426,-63.3875,9.06,0,,,,,3,4.4,ok
TIC 273306452,321.954,-79.2843,9.06,0,,,,,3,5.1,ok
TIC 419610508,320.3717,-66.9191,9.06,0,,,,,6,6.1,ok
TIC 403757370,179.9846,-47.9842,9.06,0,,,,,2,5.1,ok
TIC 312917774,201.9171,-61.4927,9.06,0,,,,,3,5.6,ok
TIC 343448916,268.7026,-76.8419,9.06,0,,,,,6,6.3,ok
TIC 447360320,251.8757,-62.7383,9.06,0,,,,,4,4.8,ok
TIC 263906382,231.6909,-69.1191,9.06,0,,,,,9,12.2,ok
TIC 260517846,225.6621,-71.8717,9.06,0,,,,,4,7.5,ok
TIC 455321735,228.7915,-60.012,9.06,0,,,,,4,4.4,ok
TIC 425313449,190.9184,-54.1716,9.06,0,,,,,3,4.4,ok
TIC 261012882,226.2784,-67.6675,9.06,0,,,,,4,4.8,ok
TIC 277749774,330.1947,-62.1529,9.06,0,,,,,1,2.2,ok
TIC 305089304,261.6802,-64.5208,9.06,0,,,,,4,5.2,ok
TIC 209471434,210.5052,-55.805,9.07,0,,,,,7,9.5,ok
TIC 402548292,220.5656,-65.8874,9.07,0,,,,,8,8.6,ok
TIC 333127661,181.1396,-52.694,9.07,0,,,,,4,6.0,ok
TIC 420148056,192.4935,-58.0164,9.07,0,,,,,3,4.8,ok
TIC 297075945,187.4681,-16.7915,9.07,0,,,,,5,7.4,ok
TIC 398288352,181.5708,-18.7584,9.07,0,,,,,4,5.6,ok
TIC 389304433,188.2689,-27.2127,9.07,0,,,,,?,3.7,erreur
TIC 134758536,182.7922,-39.7247,9.07,0,,,,,5,9.1,ok
TIC 328600710,191.0039,-69.4359,9.07,1,1.0105,13.6,rejete,variabilite_continue;eclipse_secondaire,3,6.9,ok
TIC 328759090,211.0219,-64.758,9.07,0,,,,,3,5.9,ok
TIC 382668364,215.8918,-61.6571,9.07,0,,,,,5,7.5,ok
TIC 447094300,239.0053,-67.4404,9.07,0,,,,,5,7.7,ok
TIC 426535014,244.9935,-77.1234,9.07,0,,,,,4,6.7,ok
TIC 345051357,277.1363,-61.5835,9.07,0,,,,,4,9.0,ok
TIC 412623547,193.1678,-59.247,9.07,0,,,,,3,4.1,ok
TIC 293112127,178.3727,-26.0521,9.07,0,,,,,4,5.8,ok
TIC 454034510,225.5576,-65.4482,9.07,0,,,,,4,5.6,ok
TIC 406976746,230.5533,-83.0562,9.07,0,,,,,7,9.6,ok
TIC 272216091,180.0882,-43.5102,9.08,0,,,,,1,7.4,ok
TIC 395596797,208.1526,-72.2986,9.08,0,,,,,3,4.2,ok
TIC 437809186,194.6212,-64.4069,9.08,0,,,,,3,8.5,ok
TIC 241282365,203.4267,-52.5179,9.08,0,,,,,5,8.6,ok
TIC 370132371,306.9456,-54.4258,9.08,0,,,,,5,7.6,ok
TIC 453961766,225.3545,-60.7885,9.08,0,,,,,5,8.8,ok
TIC 255964239,198.6723,-56.8119,9.08,0,,,,,3,7.3,ok
TIC 343604518,206.5305,-67.6715,9.08,0,,,,,2,4.4,ok
TIC 365660213,274.6311,-62.8548,9.08,0,,,,,5,8.8,ok
TIC 383489138,220.3732,-53.2591,9.08,0,,,,,1,2.9,ok
TIC 439164152,195.6984,-63.8357,9.08,0,,,,,6,10.7,ok
TIC 73227968,190.1716,-44.8638,9.08,0,,,,,4,5.4,ok
TIC 447118029,239.2336,-67.5018,9.08,0,,,,,5,6.0,ok
TIC 163042245,191.1491,-49.3177,9.08,0,,,,,3,4.1,ok
TIC 238830991,341.2795,-66.1508,9.08,0,,12.1,rejete,variabilite_continue;eclipse_secondaire,5,9.3,ok
TIC 228972002,195.0815,-27.1277,9.08,0,,,,,4,5.1,ok
TIC 406626080,198.5278,-55.9475,9.08,0,,,,,3,4.1,ok
TIC 300432135,244.8227,-62.6349,9.08,0,,,,,4,4.5,ok
TIC 309896606,249.2968,-74.7921,9.08,0,,,,,3,6.3,ok
TIC 454110741,177.039,-39.2132,9.08,0,,,,,5,6.7,ok
TIC 384609220,254.7586,-80.9936,9.08,0,,35.2,rejete,variabilite_continue;eclipse_secondaire;compagnon_trop_gros_3.1Rjup,3,6.8,ok
TIC 419916333,202.5549,-49.133,9.08,0,,,,,3,3.6,ok
TIC 157259346,176.4911,-33.8363,9.08,0,,,,,4,4.8,ok
TIC 256589688,200.1547,-58.6489,9.09,0,,,,,3,4.6,ok
TIC 67697924,182.3122,-58.7101,9.09,0,,,,,3,4.6,ok
TIC 343575978,269.7833,-75.799,9.09,0,,,,,7,8.3,ok
TIC 219828968,192.8211,-22.2169,9.09,0,,,,,3,5.2,ok
TIC 382387614,289.4338,-69.4504,9.09,0,,,,,5,5.6,ok
TIC 294839062,268.2833,-66.7435,9.09,0,,,,,4,5.4,ok
TIC 439670072,196.15,-61.6715,9.09,0,,,,,5,6.0,ok
TIC 454834662,227.2791,-65.5615,9.09,0,,,,,4,6.4,ok
TIC 401621184,216.1932,-75.0356,9.09,0,,,,,5,6.2,ok
TIC 435101777,192.736,-60.4476,9.09,0,,,,,5,6.5,ok
TIC 446865081,232.211,-68.1766,9.09,0,,,,,4,9.5,ok
TIC 263320619,230.7529,-67.353,9.09,0,,,,,4,5.0,ok
TIC 293074999,254.1638,-68.3522,9.09,0,,,,,7,10.8,ok
TIC 362923729,247.265,-70.5024,9.09,0,,,,,4,5.8,ok
TIC 419686982,191.5205,-56.4793,9.09,0,,,,,3,3.7,ok
TIC 209199533,209.9539,-57.8314,9.09,0,,,,,5,5.7,ok
TIC 30180071,197.3018,-38.5813,9.09,0,,,,,3,7.2,ok
TIC 336063687,195.2994,-67.6058,9.09,0,,,,,3,3.7,ok
TIC 335130166,194.1587,-67.543,9.09,0,,,,,3,5.0,ok
TIC 57306425,171.4575,-34.5618,9.09,0,,,,,1,4.7,ok
TIC 102306789,196.1162,-36.8339,9.09,0,,,,,4,4.7,ok
TIC 351176565,247.2849,-65.049,9.09,0,,,,,4,10.0,ok
TIC 401707534,216.5938,-73.368,9.1,0,,,,,4,7.1,ok
TIC 404009987,188.6026,-49.7603,9.1,0,,,,,4,5.2,ok
TIC 253521513,197.5045,-55.4575,9.1,0,,,,,6,8.3,ok
TIC 403048778,250.0047,-63.8393,9.1,0,,,,,4,6.2,ok
TIC 44179317,229.4923,-58.6565,9.1,0,,,,,6,8.4,ok
TIC 448652897,212.4527,-71.6316,9.1,0,,,,,5,6.9,ok
TIC 447713569,255.0168,-61.1673,9.1,0,,,,,5,6.8,ok
TIC 320806887,298.6937,-57.4292,9.1,0,,,,,3,4.5,ok
TIC 390004506,182.5713,-56.215,9.1,0,,,,,3,5.8,ok
TIC 293862801,222.1743,-61.6945,9.1,0,,,,,4,6.2,ok
TIC 384159833,243.9336,-81.9218,9.1,0,,,,,3,5.9,ok
TIC 352141758,287.0494,-73.3109,9.1,0,,,,,7,9.0,ok
TIC 402885783,249.2222,-60.9821,9.11,0,,11.6,rejete,variabilite_continue;eclipse_secondaire;compagnon_trop_gros_2.6Rjup,3,6.9,ok
TIC 401671176,316.3135,-79.1508,9.11,0,,,,,9,9.7,ok
TIC 311962767,264.3955,-74.2305,9.11,1,0.9757,11.7,rejete,variabilite_continue;eclipse_secondaire,7,12.8,ok
TIC 436285033,193.4897,-60.4161,9.11,0,,25.1,rejete,variabilite_continue;eclipse_secondaire,6,12.4,ok
TIC 258329658,221.4347,-66.229,9.11,0,,,,,6,6.8,ok
TIC 273313746,185.599,-51.9106,9.11,0,,,,,3,5.0,ok
TIC 343722184,273.1179,-77.3004,9.11,0,,,,,4,5.3,ok
TIC 341183510,313.9332,-60.0295,9.11,0,,,,,1,5.1,ok
TIC 450392932,186.0996,-64.1757,9.11,0,,,,,2,3.9,ok
TIC 22109188,183.1031,-46.3695,9.11,0,,,,,3,8.0,ok
TIC 381638057,182.6172,-62.2147,9.11,0,,,,,3,8.9,ok
TIC 381865147,208.7089,-60.8989,9.11,0,,,,,4,6.1,ok
TIC 374410268,303.867,-66.6543,9.11,0,,,,,6,6.7,ok
TIC 339812355,200.5857,-69.4875,9.11,0,,,,,3,8.4,ok
TIC 207594386,206.7397,-55.0069,9.11,0,,,,,4,5.9,ok
TIC 410464477,320.5741,-64.7981,9.11,0,,,,,8,9.7,ok
TIC 448375158,209.9692,-67.6455,9.11,0,,,,,4,5.9,ok
TIC 464271372,279.2865,-64.8046,9.11,0,,,,,6,9.5,ok
TIC 157217943,176.06,-33.7288,9.11,0,,,,,6,7.8,ok
TIC 407225719,237.9975,-78.7154,9.11,0,,,,,3,5.5,ok
TIC 351095462,247.2009,-62.6173,9.12,1,1.9503,10.6,rejete,variabilite_continue;eclipse_secondaire,4,10.5,ok
TIC 340844978,292.749,-73.7884,9.12,0,,,,,5,7.0,ok
TIC 451592856,276.8287,-84.7486,9.12,0,,,,,3,4.7,ok
TIC 263020480,229.9109,-67.9635,9.12,0,,,,,4,6.2,ok
TIC 160198172,189.5667,-52.3008,9.12,0,,,,,6,7.4,ok
TIC 280239820,203.7806,-54.2074,9.12,0,,,,,4,5.1,ok
TIC 446830730,218.5932,-69.2393,9.12,0,,,,,4,5.8,ok
TIC 208665843,208.9323,-58.4493,9.12,0,,,,,3,3.9,ok
TIC 22330361,178.1626,-19.2733,9.12,0,,,,,3,4.1,ok
TIC 419667762,337.8919,-69.0093,9.12,0,,,,,6,6.5,ok
TIC 412320714,214.4752,-56.3912,9.12,0,,,,,4,4.4,ok
TIC 460550620,190.134,-61.9953,9.12,0,,,,,3,4.0,ok
TIC 413490224,214.9856,-57.4096,9.12,0,,,,,4,4.8,ok
TIC 68090591,193.5783,-56.7467,9.12,0,,,,,3,4.8,ok
TIC 310959027,255.9588,-73.9902,9.12,0,,,,,5,7.4,ok
TIC 32658752,176.3282,-26.0185,9.12,0,,,,,5,7.5,ok
TIC 438775149,201.4489,-48.2495,9.12,0,,,,,6,6.3,ok
TIC 437320173,191.7957,-20.8061,9.12,0,,,,,1,3.1,ok
TIC 425949279,236.3869,-75.9182,9.12,0,,,,,4,4.4,ok
TIC 258787444,197.3948,-46.6749,9.12,0,,,,,3,3.5,ok
TIC 98873225,180.4407,-25.0645,9.12,0,,,,,5,6.2,ok
TIC 288598068,200.8033,-58.9872,9.12,0,,,,,4,5.7,ok
TIC 427032468,237.4857,-68.1182,9.12,0,,,,,4,4.8,ok
TIC 405516045,190.3789,-58.9235,9.12,0,,,,,4,6.1,ok
TIC 398597422,219.506,-64.9415,9.12,0,,,,,4,7.3,ok
TIC 464415539,281.8792,-61.9726,9.12,0,,,,,4,5.8,ok
TIC 396118466,297.8054,-66.8134,9.13,0,,,,,7,9.7,ok
TIC 169995394,194.3546,-51.8078,9.13,0,,,,,3,4.5,ok
TIC 450501516,186.3105,-65.1144,9.13,0,,,,,3,5.3,ok
TIC 363265074,248.4888,-69.1445,9.13,0,,,,,4,4.8,ok
TIC 307399157,268.0149,-64.8325,9.13,0,,,,,3,3.5,ok
TIC 456983505,201.8004,-59.6374,9.13,0,,,,,7,8.1,ok
TIC 328063994,210.8041,-62.2607,9.13,0,,,,,7,12.6,ok
TIC 451134562,187.7526,-61.3242,9.13,1,12.0588,11.4,rejete,variabilite_continue,3,9.5,ok
TIC 142261885,180.5037,-30.4873,9.13,0,,,,,2,5.1,ok
TIC 466308677,306.4798,-60.7705,9.13,0,,,,,5,6.7,ok
TIC 35353027,224.8937,-56.022,9.13,0,,,,,7,9.4,ok
TIC 426367091,242.5395,-74.186,9.13,0,,,,,3,6.0,ok
TIC 130947183,188.532,-30.7566,9.13,0,,,,,2,5.5,ok
TIC 376749374,180.9994,-58.7225,9.13,0,,,,,6,9.9,ok
TIC 194444908,222.3838,-56.9539,9.13,0,,,,,5,7.8,ok
TIC 293489791,261.82,-66.863,9.14,0,,11.9,rejete,variabilite_continue;eclipse_secondaire,4,11.1,ok
TIC 336953859,196.6607,-66.8514,9.14,0,,,,,3,7.3,ok
TIC 342607729,240.2284,-61.1362,9.14,0,,,,,9,16.2,ok
TIC 333797290,176.0709,-23.7489,9.14,0,,,,,5,7.3,ok
TIC 404071836,195.1939,-52.9863,9.14,0,,,,,2,5.0,ok
TIC 339718879,237.506,-63.673,9.14,0,,,,,4,8.1,ok
TIC 263355318,230.8602,-69.3024,9.14,0,,,,,6,7.3,ok
TIC 418635903,208.2914,-80.7215,9.14,0,,,,,1,2.6,ok
TIC 22395594,186.2272,-18.2591,9.14,0,,,,,5,6.3,ok
TIC 402327635,221.2022,-75.9383,9.14,0,,,,,3,4.5,ok
TIC 457400626,206.2963,-58.9629,9.14,0,,,,,5,7.9,ok
TIC 420013846,202.9731,-51.226,9.14,0,,,,,6,8.0,ok
TIC 425660056,232.8678,-74.7898,9.14,0,,,,,4,6.5,ok
TIC 466091980,293.6511,-63.016,9.14,0,,,,,4,6.4,ok
TIC 403996592,319.0761,-78.0133,9.14,0,,,,,9,15.6,ok
TIC 466095211,294.7675,-69.8495,9.14,0,,,,,4,5.9,ok
TIC 360907703,191.3355,-72.3743,9.14,0,,,,,3,6.9,ok
TIC 276977013,278.0249,-78.8366,9.14,0,,,,,10,17.0,ok
TIC 253212775,195.395,-56.0919,9.14,0,,,,,6,10.1,ok
TIC 447323823,251.3565,-64.9363,9.15,0,,,,,6,7.6,ok
TIC 300896703,177.7819,-54.5059,9.15,0,,,,,4,5.4,ok
TIC 15452001,185.3908,-49.6251,9.15,0,,,,,3,5.0,ok
TIC 450463645,186.2624,-61.3775,9.15,0,,,,,3,7.0,ok
TIC 339897938,200.8871,-69.1786,9.15,0,,,,,4,7.8,ok
TIC 277872060,345.3733,-66.1913,9.15,0,,,,,6,11.0,ok
TIC 270272909,333.6422,-75.3979,9.15,0,,,,,3,6.4,ok
TIC 398383513,284.0472,-79.9947,9.15,0,,,,,10,11.3,ok
TIC 330551496,213.5359,-48.3202,9.15,0,,,,,3,6.9,ok
TIC 134868233,183.6894,-37.7752,9.15,0,,,,,6,8.2,ok
TIC 403506319,230.3209,-77.5177,9.15,0,,,,,5,5.6,ok
TIC 399022974,198.3399,-52.1635,9.16,0,,,,,2,4.7,ok
TIC 461267690,203.1491,-36.7451,9.16,0,,,,,2,3.5,ok
TIC 263905612,231.7676,-69.0095,9.16,0,,,,,4,5.1,ok
TIC 441769260,197.5809,-64.4566,9.16,0,,,,,6,9.7,ok
TIC 453747489,196.322,-44.6961,9.16,0,,,,,3,3.8,ok
TIC 332888505,216.3745,-51.5023,9.16,0,,,,,4,6.0,ok
TIC 103678148,193.5866,-35.0999,9.16,0,,,,,3,10.0,ok
TIC 304483486,259.7875,-62.7757,9.16,0,,,,,6,9.6,ok
TIC 245380975,199.8058,-52.7581,9.16,0,,,,,4,5.9,ok
TIC 325176535,339.0591,-66.11,9.16,0,,,,,7,11.5,ok
TIC 263499643,231.0635,-66.628,9.16,0,,,,,4,8.5,ok
TIC 258688129,197.3445,-44.6032,9.16,0,,,,,1,5.7,ok
TIC 398946443,191.9621,-47.7466,9.16,0,,,,,4,9.7,ok
TIC 342365421,239.9468,-62.1637,9.16,0,,,,,8,12.0,ok
TIC 362116395,244.9859,-68.0141,9.16,0,,,,,3,7.1,ok
TIC 288866941,224.212,-53.7668,9.17,0,,,,,3,8.6,ok
TIC 337722847,215.5825,-62.2454,9.17,0,,,,,4,7.8,ok
TIC 294769049,268.0106,-71.6903,9.17,0,,,,,7,10.3,ok
TIC 365999313,276.4043,-60.9556,9.17,0,,,,,4,5.2,ok
TIC 219829145,192.8057,-20.3655,9.17,0,,,,,1,4.5,ok
TIC 304187967,259.1032,-64.8867,9.17,0,,,,,6,12.4,ok
TIC 165455652,179.9902,-37.424,9.17,0,,,,,4,11.6,ok
TIC 364105875,251.5917,-70.6926,9.17,0,,,,,6,9.1,ok
TIC 449682552,200.812,-61.0772,9.17,0,,,,,3,5.1,ok
TIC 209734585,211.1344,-54.0322,9.17,0,,,,,4,5.4,ok
TIC 304433207,259.5125,-61.8792,9.18,0,,,,,5,6.4,ok
TIC 253502871,197.1035,-57.0454,9.18,0,,,,,3,3.9,ok
TIC 394768374,218.7546,-61.1835,9.18,0,,,,,4,6.3,ok
TIC 424712537,236.7916,-65.3051,9.18,0,,,,,4,7.2,ok
TIC 67624593,182.2989,-55.9413,9.18,0,,,,,3,6.6,ok
TIC 303647102,257.1511,-61.8329,9.18,0,,,,,3,8.2,ok
TIC 400860034,178.3983,-48.9791,9.18,0,,,,,3,7.1,ok
TIC 394459325,311.0296,-59.8113,9.18,0,,,,,3,5.9,ok
TIC 416211034,223.3587,-58.3271,9.18,0,,,,,4,6.2,ok
TIC 397423548,178.0723,-27.6201,9.18,0,,,,,6,10.6,ok
TIC 73534333,191.4303,-42.3503,9.18,0,,,,,3,7.9,ok
TIC 389128269,337.812,-68.6811,9.18,0,,,,,5,9.4,ok
TIC 270893903,220.351,-56.528,9.18,0,,,,,4,7.4,ok
TIC 243565174,206.8425,-44.7567,9.18,0,,,,,4,9.5,ok
TIC 248150976,194.0996,-44.8685,9.18,0,,,,,1,8.1,ok
TIC 22214795,183.619,-47.6129,9.18,0,,,,,6,10.5,ok
TIC 363591584,249.634,-66.5434,9.18,0,,,,,3,9.2,ok
TIC 328802637,211.279,-49.4994,9.18,0,,,,,4,8.3,ok
TIC 406370601,197.9185,-55.1327,9.18,0,,,,,1,5.6,ok
TIC 455116877,228.1469,-60.5161,9.18,0,,,,,3,5.8,ok
TIC 406585677,198.2044,-56.9901,9.18,0,,,,,3,6.5,ok
TIC 295454334,272.5406,-70.676,9.18,0,,,,,4,7.3,ok
TIC 310800385,254.9214,-72.5356,9.18,0,,,,,5,8.9,ok
TIC 343598771,271.6948,-75.7081,9.18,0,,,,,9,13.7,ok
TIC 384069471,241.4838,-78.7171,9.18,0,,,,,5,9.2,ok
TIC 384074629,242.4482,-78.5354,9.18,0,,,,,3,6.9,ok
TIC 21172752,186.9356,-53.8547,9.18,0,,,,,3,6.5,ok
TIC 21708762,180.584,-46.1667,9.18,0,,,,,3,6.6,ok
TIC 263644311,216.8315,-56.7849,9.19,0,,,,,4,8.1,ok
TIC 407128616,235.2232,-78.157,9.19,0,,,,,3,10.6,ok
TIC 166527623,207.5259,-40.836,9.19,0,,,,,5,7.9,ok
TIC 253298866,195.7623,-59.9606,9.19,1,1.6747,22.6,rejete,variabilite_continue,3,8.8,ok
TIC 415191100,189.2663,-62.6621,9.19,0,,,,,5,8.5,ok
TIC 318305238,204.2166,-63.0958,9.19,0,,,,,4,7.9,ok
TIC 292989385,218.749,-55.8447,9.19,0,,,,,5,11.8,ok
TIC 411594018,218.9241,-58.593,9.19,0,,,,,4,9.0,ok
TIC 321532495,205.8963,-63.8136,9.19,0,,,,,3,5.1,ok
TIC 447104237,239.0724,-71.1662,9.19,0,,,,,5,5.2,ok
TIC 433738620,190.5529,-60.6524,9.19,0,,,,,8,20.4,ok
TIC 277961624,177.7955,-40.7688,9.19,0,,,,,4,12.3,ok
TIC 130826839,187.5145,-34.4989,9.19,0,,,,,3,8.5,ok
TIC 380223747,181.7009,-61.1883,9.19,0,,,,,3,10.3,ok
TIC 275546580,179.0586,-45.7731,9.19,0,,,,,4,13.0,ok
TIC 253360159,196.1317,-59.8245,9.2,0,,,,,6,9.5,ok
TIC 65716946,235.7834,-57.9745,9.2,0,,,,,3,7.9,ok
TIC 309995411,184.8171,-61.9647,9.2,0,,,,,3,7.3,ok
TIC 275592723,179.126,-46.3386,9.2,0,,,,,3,11.0,ok
TIC 401605359,304.2979,-78.8084,9.2,0,,,,,4,8.0,ok
TIC 208572734,208.743,-55.088,9.2,0,,,,,4,12.6,ok
TIC 338462211,198.6063,-67.4202,9.2,0,,,,,2,5.9,ok
TIC 144430749,190.2452,-36.8818,9.2,0,,,,,3,6.5,ok
TIC 271628851,186.9872,-55.405,9.2,0,,,,,4,10.5,ok
TIC 464492998,284.6437,-62.4528,9.2,0,,,,,5,10.0,ok
TIC 352018161,284.0842,-75.7555,9.2,0,,,,,1,11.6,ok
TIC 45258968,230.0338,-56.9638,9.2,0,,,,,4,10.1,ok
TIC 322810819,174.9016,-25.5723,9.2,0,,,,,5,14.9,ok
TIC 453635598,205.6202,-56.8145,9.21,0,,,,,4,13.1,ok
TIC 245449200,200.3726,-52.5846,9.21,0,,,,,4,11.7,ok
TIC 332793697,215.9846,-50.4996,9.21,0,,,,,3,12.0,ok
TIC 423144227,234.7568,-63.0565,9.21,0,,,,,4,11.5,ok
TIC 291001168,256.5747,-61.2785,9.21,1,1.0047,22.4,rejete,variabilite_continue;eclipse_secondaire,4,11.4,ok
TIC 289990429,192.2549,-16.4654,9.21,0,,,,,2,7.7,ok
TIC 273705954,189.0167,-57.4567,9.21,0,,,,,3,7.7,ok
TIC 334862254,184.6056,-51.1703,9.21,0,,,,,3,10.0,ok
TIC 303480342,257.0761,-61.2789,9.21,0,,,,,4,14.3,ok
TIC 36259885,225.2739,-59.8951,9.21,0,,29.7,rejete,variabilite_continue;eclipse_secondaire,6,16.6,ok
TIC 68025261,190.1243,-56.8549,9.21,0,,,,,5,13.2,ok
TIC 327596745,326.7796,-66.289,9.21,0,,,,,9,17.9,ok
TIC 403133746,227.8968,-73.0268,9.21,0,,,,,5,14.4,ok
TIC 130923066,187.9995,-33.7836,9.21,0,,,,,3,11.6,ok
TIC 409952425,213.8498,-58.6024,9.22,0,,,,,5,16.0,ok
TIC 262089002,228.2049,-67.3422,9.22,0,,,,,4,12.1,ok
TIC 241702109,208.2799,-49.8177,9.22,0,,,,,2,9.1,ok
TIC 456919136,201.5644,-54.7408,9.22,0,,,,,6,7.4,ok
TIC 142040742,178.6837,-30.761,9.22,0,,,,,2,10.1,ok
TIC 446961945,233.4168,-69.8395,9.22,0,,,,,2,10.5,ok
TIC 423492648,168.8566,-22.9463,9.22,0,,,,,5,11.3,ok
TIC 309529793,184.7126,-63.2531,9.22,0,,,,,3,7.1,ok
TIC 242106482,202.4128,-38.7217,9.22,0,,,,,5,10.4,ok
TIC 271847827,233.278,-64.6512,9.22,0,,,,,4,10.5,ok
TIC 411876840,189.558,-54.9068,9.22,0,,,,,3,4.6,ok
TIC 165823257,204.4884,-41.5785,9.22,0,,,,,4,9.3,ok
TIC 166563738,192.7656,-48.7943,9.22,0,,,,,2,7.5,ok
TIC 260723200,225.9244,-66.2963,9.22,0,,,,,4,10.3,ok
TIC 410088244,327.1509,-71.2078,9.22,0,,,,,4,8.7,ok
TIC 394997037,203.84,-74.6376,9.22,0,,,,,3,15.8,ok
TIC 419568784,319.0059,-67.4726,9.22,0,,,,,6,12.2,ok
TIC 411924045,271.1969,-62.7711,9.23,0,,,,,7,9.3,ok
TIC 363596972,249.8599,-68.5387,9.23,0,,,,,4,12.8,ok
TIC 343592521,241.1797,-64.8337,9.23,0,,,,,4,6.3,ok
TIC 363212626,248.4568,-66.3709,9.23,0,,,,,4,5.6,ok
TIC 402970130,226.3672,-74.5279,9.23,0,,,,,8,16.0,ok
TIC 395414727,218.8186,-61.885,9.23,0,,,,,5,11.5,ok
TIC 300316029,244.8353,-60.5527,9.23,0,,,,,4,7.0,ok
TIC 464484197,284.3242,-60.28,9.23,0,,,,,7,11.1,ok
TIC 166236290,192.8188,-52.7332,9.23,1,0.9641,24.1,rejete,variabilite_continue;eclipse_secondaire,3,8.5,ok
TIC 448964322,215.1934,-66.3224,9.23,0,,,,,5,8.7,ok
TIC 242355345,212.9623,-46.8907,9.24,0,,,,,2,10.0,ok
TIC 66842049,181.3506,-56.0579,9.24,0,,,,,4,9.3,ok
TIC 272314139,187.6514,-57.0493,9.24,0,,,,,2,10.4,ok
TIC 343403758,268.084,-72.7801,9.24,0,,,,,9,12.5,ok
TIC 272479918,187.9993,-56.5088,9.24,1,2.5101,13.2,rejete,variabilite_continue;eclipse_secondaire,6,12.2,ok
TIC 426497741,244.83,-75.061,9.24,0,,,,,4,9.5,ok
TIC 448913084,214.5529,-68.0516,9.24,0,,,,,3,10.5,ok
TIC 361972409,244.5267,-70.7146,9.24,0,,,,,3,7.4,ok
TIC 395301542,205.7074,-74.2584,9.24,0,,,,,6,11.6,ok
TIC 256091491,266.5207,-74.2549,9.24,0,,,,,7,14.1,ok
TIC 73088974,189.7829,-45.5624,9.24,0,,,,,4,7.6,ok
TIC 253349748,196.216,-58.2399,9.24,0,,,,,3,9.6,ok
TIC 384151282,243.4996,-78.5751,9.24,0,,,,,2,8.9,ok
TIC 318041132,304.9372,-79.4267,9.24,0,,,,,5,8.3,ok
TIC 337843615,215.381,-63.7964,9.24,0,,,,,2,17.8,ok
TIC 434923432,192.539,-62.7472,9.24,0,,,,,6,16.6,ok
TIC 425925195,235.4592,-72.4508,9.24,0,,,,,4,13.1,ok
TIC 345175682,281.4199,-76.1541,9.24,0,,,,,4,11.8,ok
TIC 326549247,188.1608,-71.7732,9.24,0,,,,,3,11.6,ok
TIC 21110537,186.8347,-50.608,9.24,0,,,,,3,13.4,ok
TIC 245356393,199.6331,-47.9687,9.25,0,,,,,3,13.9,ok
TIC 310408756,185.0573,-63.6834,9.25,0,,,,,3,13.0,ok
TIC 447732134,255.3439,-63.5697,9.25,0,,,,,5,14.9,ok
TIC 22031033,182.7999,-46.3937,9.25,0,,,,,4,14.9,ok
TIC 107138561,183.3051,-35.3668,9.25,0,,,,,3,11.4,ok
TIC 360472227,188.9523,-72.2005,9.25,0,,,,,1,10.0,ok
TIC 292435853,221.5012,-65.3834,9.25,0,,26.0,rejete,variabilite_continue;eclipse_secondaire,6,16.6,ok
TIC 167862910,193.2213,-53.8381,9.25,0,,,,,3,6.1,ok
TIC 241535771,206.4879,-49.6605,9.25,0,,,,,3,10.2,ok
TIC 412200928,190.6683,-56.8737,9.25,0,,,,,3,10.0,ok
TIC 408512003,194.6483,-20.5366,9.25,0,,,,,2,10.2,ok
TIC 253319678,195.9152,-56.5818,9.25,0,,,,,6,13.9,ok
TIC 311697391,261.5218,-74.9653,9.25,0,,,,,4,10.4,ok
TIC 209887981,211.2047,-57.9598,9.25,0,,,,,5,8.5,ok
TIC 339025682,190.3214,-60.123,9.25,0,,,,,7,11.9,ok
TIC 22391573,184.2367,-45.202,9.25,0,,,,,3,7.2,ok
TIC 455340194,228.9406,-61.7771,9.25,0,,,,,4,7.1,ok
TIC 293900076,263.7526,-70.3806,9.25,0,,,,,7,11.7,ok
TIC 255960846,198.5998,-57.5499,9.26,0,,,,,3,9.6,ok
TIC 360848597,241.3972,-71.1032,9.26,0,,,,,3,7.6,ok
TIC 389258071,182.613,-34.6041,9.26,0,,,,,2,6.2,ok
TIC 311334494,185.5807,-63.6598,9.26,0,,,,,6,9.0,ok
TIC 376756012,180.9356,-59.7521,9.26,0,,,,,3,6.3,ok
TIC 449614628,200.7658,-63.0618,9.26,0,,,,,4,9.5,ok
TIC 5985469,193.9732,-23.5965,9.26,0,,,,,4,9.0,ok
TIC 15525212,185.4815,-49.7702,9.26,0,,,,,4,9.3,ok
TIC 113277037,208.8984,-43.1254,9.26,0,,,,,2,9.1,ok
TIC 446940303,233.0289,-67.1335,9.26,0,,,,,5,12.4,ok
TIC 303479986,257.0084,-61.1627,9.26,0,,,,,4,9.2,ok
TIC 342500557,204.7076,-70.1142,9.26,0,,,,,3,9.3,ok
TIC 165898278,204.8719,-39.8348,9.26,0,,,,,3,10.1,ok
TIC 334122915,182.8032,-51.5948,9.26,0,,,,,6,15.2,ok
TIC 395934370,209.9966,-73.5823,9.27,0,,,,,3,12.1,ok
TIC 262916393,229.8319,-67.1004,9.27,0,,,,,4,14.5,ok
TIC 293589933,221.9178,-61.2705,9.27,0,,,,,3,9.0,ok
TIC 61415299,175.9255,-47.9246,9.27,0,,,,,3,9.9,ok
TIC 422139499,280.5732,-74.4662,9.27,0,,,,,5,10.7,ok
TIC 384629457,255.7144,-79.1427,9.27,0,,,,,6,10.5,ok
TIC 344984453,277.1407,-64.4778,9.27,0,,,,,4,9.3,ok
TIC 97852103,171.3065,-25.0183,9.27,0,,,,,6,11.4,ok
TIC 261020943,226.2306,-66.1659,9.27,0,,,,,4,12.1,ok
TIC 260341097,224.8545,-66.1431,9.27,0,,,,,6,12.4,ok
TIC 401676485,216.9494,-76.9354,9.27,0,,,,,3,11.2,ok
TIC 425694913,233.0828,-76.9871,9.27,0,,,,,3,9.4,ok
TIC 332641097,180.2555,-49.6791,9.27,0,,,,,3,10.7,ok
TIC 403510204,231.0157,-75.0642,9.27,0,,,,,3,6.4,ok
TIC 446800214,218.3778,-67.5537,9.27,0,,,,,9,13.0,ok
TIC 447691506,254.8118,-63.3938,9.27,0,,,,,4,13.0,ok
TIC 208027947,207.6915,-57.294,9.28,0,,,,,4,13.5,ok
TIC 255910975,258.6267,-67.8378,9.28,0,,,,,4,14.8,ok
TIC 448787911,213.2076,-70.8201,9.28,0,,,,,4,13.2,ok
TIC 425644107,232.3203,-72.513,9.28,0,,,,,8,19.2,ok
TIC 241721078,208.5087,-52.9,9.28,1,8.114,17.7,rejete,variabilite_continue,4,14.0,ok
TIC 414848560,224.3944,-59.2041,9.28,0,,,,,4,21.0,ok
TIC 141939885,177.9203,-33.1938,9.28,0,,,,,5,11.5,ok
TIC 410402272,291.467,-69.7792,9.28,0,,,,,5,9.2,ok
TIC 253204497,195.04,-54.0316,9.28,0,,,,,4,7.3,ok
TIC 384538985,253.7351,-81.9544,9.28,0,,,,,6,10.2,ok
TIC 336802337,196.2466,-71.0957,9.28,0,,,,,3,5.9,ok
TIC 38581831,180.393,-22.4501,9.28,0,,,,,3,8.9,ok
TIC 291376150,247.0456,-75.3087,9.28,0,,,,,3,8.7,ok
TIC 392759269,327.6404,-76.3293,9.28,0,,13.4,rejete,variabilite_continue;eclipse_secondaire,3,14.7,ok
TIC 333390927,181.5591,-48.9312,9.28,0,,,,,3,18.2,ok
TIC 243563219,206.7664,-46.1469,9.29,0,,,,,4,10.4,ok
TIC 208718542,245.1975,-59.6375,9.29,0,,,,,5,14.7,ok
TIC 343296059,265.7573,-74.1094,9.29,0,,,,,4,6.2,ok
TIC 390151888,183.6119,-58.0589,9.29,0,,,,,2,5.2,ok
TIC 395741557,209.001,-74.8568,9.29,0,,,,,3,9.4,ok
TIC 300442510,244.7837,-65.0237,9.29,0,,,,,4,5.4,ok
TIC 134811023,183.2787,-40.9422,9.29,0,,,,,4,6.7,ok
TIC 448766484,213.3035,-66.6839,9.29,0,,,,,4,5.0,ok
TIC 405696653,192.064,-55.8518,9.3,0,,,,,3,9.9,ok
TIC 460977279,232.2253,-60.8012,9.3,0,,,,,8,18.7,ok
TIC 437294180,191.1808,-19.8179,9.3,0,,,,,1,9.2,ok
TIC 396462967,213.71,-73.2072,9.3,0,,,,,4,7.5,ok
TIC 208358266,208.2559,-54.5627,9.3,0,,12.2,rejete,variabilite_continue;eclipse_secondaire,4,10.6,ok
TIC 372537235,249.5288,-60.4739,9.3,0,,,,,4,10.3,ok
TIC 301753722,259.0432,-68.2545,9.3,0,,,,,7,24.2,ok
TIC 403004483,249.9687,-60.9217,9.3,0,,,,,5,12.6,ok
TIC 405638831,191.8774,-55.9621,9.3,0,,,,,3,7.8,ok
TIC 380136537,180.7653,-43.9005,9.3,0,,,,,7,10.2,ok
TIC 433647213,190.4384,-62.6896,9.3,0,,,,,2,7.1,ok
TIC 456916705,201.6051,-54.0952,9.3,0,,,,,3,9.1,ok
TIC 406696133,198.3756,-58.3624,9.3,0,,30.6,rejete,variabilite_continue;eclipse_secondaire,6,17.7,ok
TIC 422086550,188.7908,-52.3697,9.3,0,,,,,4,19.4,ok
TIC 381931510,182.9636,-64.5275,9.3,0,,,,,3,11.6,ok
TIC 454110259,177.0441,-39.8326,9.3,0,,,,,5,14.4,ok
TIC 372298464,314.5612,-68.5513,9.31,0,,,,,4,14.4,ok
TIC 999145364,195.0823,-27.128,9.31,0,,,,,2,8.3,ok
TIC 428674996,179.9358,-21.4735,9.31,0,,,,,1,4.8,ok
TIC 406321265,327.4985,-63.3133,9.31,0,,,,,4,12.0,ok
TIC 45759001,230.235,-57.5761,9.31,0,,,,,6,18.3,ok
TIC 426454833,240.9892,-58.8612,9.31,0,,,,,1,17.0,ok
TIC 389554711,217.3675,-65.481,9.31,0,,,,,4,13.4,ok
TIC 142323579,181.3636,-35.7224,9.31,0,,,,,6,15.9,ok
TIC 449420163,199.8611,-65.2076,9.31,0,,,,,3,13.8,ok
TIC 315955586,203.3737,-61.4456,9.31,0,,,,,6,11.6,ok
TIC 256916962,200.6066,-56.3405,9.31,0,,,,,5,11.7,ok
TIC 448740792,182.1327,-35.4953,9.31,0,,,,,5,13.1,ok
TIC 446788152,218.2742,-70.2021,9.31,0,,,,,6,10.6,ok
TIC 343709907,206.751,-70.1355,9.31,0,,,,,3,7.1,ok
TIC 381135339,237.9905,-69.9961,9.31,0,,,,,2,6.6,ok
TIC 426974333,237.0577,-68.6159,9.31,0,,,,,4,7.7,ok
TIC 341450088,203.0928,-71.2832,9.31,0,,,,,3,5.8,ok
TIC 426710146,236.0938,-69.3965,9.32,0,,,,,4,6.0,ok
TIC 241307211,203.9864,-53.2166,9.32,0,,,,,4,7.8,ok
TIC 336954611,196.5428,-66.7488,9.32,0,,,,,4,10.6,ok
TIC 94345274,177.1244,-52.8774,9.32,0,,,,,2,7.6,ok
TIC 361717421,243.6213,-71.6324,9.32,0,,,,,3,9.8,ok
TIC 293961846,263.8948,-66.8908,9.32,0,,,,,4,11.6,ok
TIC 403225272,228.3042,-77.0818,9.32,0,,,,,3,8.8,ok
TIC 295599897,274.2598,-68.8449,9.32,0,,,,,4,6.7,ok
TIC 417998019,223.867,-56.8156,9.32,0,,,,,4,9.4,ok
TIC 258236455,182.3543,-43.2205,9.32,0,,,,,1,5.4,ok
TIC 448580024,211.8547,-70.3884,9.32,0,,,,,6,8.2,ok
TIC 334762072,213.9718,-61.1908,9.32,0,,,,,4,10.2,ok
TIC 461190024,181.1958,-40.2259,9.32,0,,,,,6,10.1,ok
TIC 381237452,254.3839,-66.9664,9.32,0,,,,,4,13.4,ok
TIC 410442934,319.6982,-64.6376,9.33,0,,,,,7,11.4,ok
TIC 350463976,246.2692,-62.467,9.33,0,,,,,4,9.9,ok
TIC 396221513,211.6465,-73.2204,9.33,0,,,,,3,11.3,ok
TIC 419575761,191.157,-57.4239,9.33,0,,,,,7,16.9,ok
TIC 253135249,194.7478,-56.71,9.33,0,,,,,3,18.5,ok
TIC 162399239,190.8538,-50.9726,9.33,0,,,,,3,13.4,ok
TIC 387108320,283.9022,-62.1171,9.33,0,,,,,4,14.3,ok
TIC 448407307,210.2467,-68.3876,9.33,1,1.5268,19.0,rejete,variabilite_continue;eclipse_secondaire,4,13.4,ok
TIC 259026952,222.9607,-66.4843,9.33,0,,,,,6,12.3,ok
TIC 301395037,256.0399,-67.8175,9.33,0,,,,,4,10.6,ok
TIC 418461853,203.9854,-80.41,9.33,0,,,,,3,8.8,ok
TIC 41155729,227.8808,-58.4583,9.33,0,,,,,6,12.4,ok
TIC 443291452,198.9846,-65.7813,9.33,0,,,,,3,10.9,ok
TIC 324932944,282.7525,-66.7775,9.33,0,,,,,4,11.5,ok
TIC 165290827,178.9649,-40.5158,9.33,0,,,,,5,11.7,ok
TIC 332290762,212.7896,-61.6218,9.33,0,,,,,4,13.2,ok
TIC 396360680,212.8005,-72.6161,9.33,0,,,,,4,15.8,ok
TIC 253278977,195.7658,-56.8399,9.34,0,,,,,3,9.0,ok
TIC 311792984,261.8816,-75.2157,9.34,0,,,,,4,9.1,ok
TIC 45380036,230.0064,-56.6119,9.34,0,,,,,4,8.7,ok
TIC 245484871,200.429,-49.4825,9.34,0,,,,,3,7.9,ok
TIC 433448211,182.8804,-58.2815,9.34,0,,,,,8,12.5,ok
TIC 402850099,225.4533,-77.4605,9.34,0,,,,,4,8.1,ok
TIC 42603984,228.4967,-58.6214,9.34,0,,,,,6,9.1,ok
TIC 304405998,276.2568,-68.4093,9.34,0,,,,,4,11.0,ok
TIC 456382383,231.4681,-63.2336,9.34,0,,,,,3,13.6,ok
TIC 275698736,200.9347,-45.1982,9.34,0,,,,,4,10.4,ok
TIC 454744144,227.4193,-60.5864,9.34,0,,,,,3,7.5,ok
TIC 335834275,195.1282,-68.9016,9.34,0,,,,,3,9.4,ok
TIC 394608111,201.3767,-73.114,9.34,0,,,,,3,11.4,ok
TIC 329369711,211.5704,-61.3359,9.34,0,,,,,4,8.0,ok
TIC 412877265,194.1788,-54.1281,9.34,0,,,,,3,14.1,ok
TIC 381083944,270.7575,-64.031,9.34,0,,,,,3,11.5,ok
TIC 307222819,208.6011,-45.7254,9.34,0,,,,,2,15.9,ok
TIC 340284325,238.111,-63.1034,9.35,0,,,,,6,7.7,ok
TIC 336812093,196.6883,-69.623,9.35,0,,,,,4,8.0,ok
TIC 361794454,244.0205,-70.5427,9.35,0,,,,,4,13.5,ok
TIC 241750015,208.9497,-51.7166,9.35,0,,,,,4,13.9,ok
TIC 384363038,248.5356,-78.7946,9.35,0,,,,,4,22.2,ok
TIC 253261624,195.492,-55.3967,9.35,0,,,,,3,18.2,ok
TIC 447578964,253.8374,-63.0567,9.35,0,,,,,4,18.8,ok
TIC 400866752,178.5083,-51.6817,9.35,0,,,,,3,17.7,ok
TIC 193413306,222.1011,-56.026,9.35,0,,,,,4,19.0,ok
TIC 343652049,272.3894,-74.2544,9.35,0,,,,,4,17.9,ok
TIC 339741913,200.5212,-67.3699,9.35,0,,,,,3,14.6,ok
TIC 341498715,318.5222,-63.7009,9.35,0,,,,,8,13.3,ok
TIC 360559656,189.4641,-73.364,9.36,0,,,,,5,11.0,ok
TIC 451470704,239.9152,-70.748,9.36,0,,,,,2,6.4,ok
TIC 383880908,216.546,-60.7246,9.36,0,,,,,3,6.2,ok
TIC 360471336,188.5031,-71.9149,9.36,0,,,,,3,6.2,ok
TIC 135097399,185.2326,-38.3119,9.36,0,,,,,5,7.6,ok
TIC 402590018,248.2896,-65.9456,9.36,0,,,,,4,8.1,ok
TIC 334505323,183.5072,-50.4883,9.36,0,,,,,5,7.1,ok
TIC 301948954,259.8345,-68.5245,9.36,0,,,,,4,7.7,ok
TIC 422409469,183.0602,-22.5205,9.36,0,,,,,2,5.3,ok
TIC 398883503,180.5732,-59.2009,9.36,0,,,,,3,7.4,ok
TIC 334443373,213.7366,-61.2385,9.36,0,,,,,5,11.5,ok
TIC 370134617,306.9197,-58.6319,9.36,0,,,,,5,7.7,ok
TIC 37589272,226.1977,-56.2269,9.36,0,,24.3,rejete,variabilite_continue;eclipse_secondaire;compagnon_trop_gros_4.5Rjup,4,13.4,ok
TIC 22480430,186.9192,-21.0696,9.36,0,,,,,5,8.2,ok
TIC 290937950,217.4667,-55.2849,9.36,0,,,,,4,6.9,ok
TIC 456425391,231.858,-65.4949,9.36,1,8.845,75.9,a_verifier,,4,10.6,ok
TIC 255778355,186.1442,-50.8529,9.36,0,,,,,4,9.0,ok
TIC 411982868,291.1694,-62.6713,9.36,0,,,,,4,9.5,ok
TIC 380709291,269.3448,-65.8906,9.36,0,,,,,4,10.0,ok
TIC 61534591,176.1609,-46.1217,9.36,0,,,,,3,12.3,ok
TIC 363372886,248.8785,-67.1135,9.36,0,,,,,5,9.6,ok
TIC 306458826,265.2157,-61.9749,9.36,0,,,,,5,6.6,ok
TIC 257592641,220.1418,-66.6045,9.36,0,,,,,4,7.8,ok
TIC 304276351,275.7944,-69.5089,9.36,0,,,,,5,9.1,ok
TIC 334305570,183.1187,-49.0078,9.37,2,8.2968;8.3954,23.0,rejete,variabilite_continue;eclipse_secondaire,6,15.2,ok
TIC 403405520,230.0241,-77.7919,9.37,0,,,,,3,9.7,ok
TIC 381928413,283.3938,-69.3398,9.37,0,,,,,3,5.8,ok
TIC 375999836,178.9821,-56.7547,9.37,0,,,,,3,6.2,ok
TIC 160527698,189.721,-48.4567,9.37,0,,,,,3,5.2,ok
TIC 403842558,188.2125,-51.1889,9.37,0,,,,,4,5.9,ok
TIC 275546599,179.0525,-45.7871,9.37,0,,,,,4,7.8,ok
TIC 229311253,196.6138,-24.7723,9.37,0,,,,,1,8.6,ok
TIC 329834813,211.6378,-65.3228,9.37,0,,,,,4,9.5,ok
TIC 253374215,196.3237,-57.9711,9.37,0,,,,,6,11.1,ok
TIC 41659964,228.1704,-56.7884,9.37,0,,,,,5,24.0,ok
TIC 412613823,214.6118,-58.6759,9.37,0,,,,,5,11.6,ok
TIC 287664762,184.8682,-55.3193,9.37,0,,,,,2,6.9,ok
TIC 447549112,253.6433,-64.3328,9.37,0,,,,,4,13.5,ok
TIC 328908796,211.3439,-53.2432,9.37,0,,,,,4,14.6,ok
TIC 448855849,214.0587,-70.0173,9.38,0,,,,,4,8.7,ok
TIC 301618699,257.6306,-67.098,9.38,0,,,,,4,8.5,ok
TIC 411802313,219.047,-57.648,9.38,0,,,,,1,8.4,ok
TIC 208747967,209.1414,-58.235,9.38,0,,,,,3,9.7,ok
TIC 390155868,183.624,-57.1847,9.38,0,,,,,3,7.9,ok
TIC 144772106,192.313,-40.6325,9.38,0,,,,,3,7.0,ok
TIC 272911599,188.2743,-55.5759,9.38,0,,46.4,rejete,variabilite_continue;eclipse_secondaire,3,9.3,ok
TIC 265214924,302.5639,-67.0073,9.38,0,,,,,7,14.0,ok
TIC 291774517,218.1042,-57.8061,9.38,0,,,,,4,9.5,ok
TIC 318180226,309.3211,-82.4908,9.38,0,,,,,9,19.0,ok
TIC 311862809,262.6951,-72.3483,9.38,1,2.4492,10.9,rejete,variabilite_continue;eclipse_secondaire,4,19.7,ok
TIC 181110143,173.9133,-38.1728,9.38,0,,,,,3,11.0,ok
TIC 340094212,237.7081,-62.8575,9.38,0,,,,,4,10.1,ok
TIC 243642384,207.3774,-45.805,9.38,0,,,,,4,11.6,ok
TIC 72754292,188.3091,-46.7895,9.38,0,,,,,3,10.6,ok
TIC 333825708,182.3106,-50.1059,9.39,0,,,,,4,11.8,ok
TIC 228840439,194.5838,-27.3429,9.39,0,,,,,2,10.6,ok
TIC 73308290,190.4202,-47.1059,9.39,0,,,,,4,10.0,ok
TIC 334336640,193.4497,-66.8862,9.39,0,,,,,3,8.8,ok
TIC 401513154,215.4685,-74.2302,9.39,0,,,,,4,8.2,ok
TIC 68595017,202.7822,-55.8845,9.39,0,,,,,3,11.0,ok
TIC 404016798,194.907,-50.0049,9.39,0,,,,,3,15.2,ok
TIC 327936191,189.9941,-67.9526,9.39,0,,,,,5,12.0,ok
TIC 21644961,180.4033,-46.0054,9.39,0,,,,,4,10.1,ok
TIC 21168851,186.9845,-52.1836,9.39,0,,,,,5,13.8,ok
TIC 446921799,232.6947,-67.5715,9.39,0,,,,,4,8.4,ok
TIC 293728883,263.024,-70.6292,9.39,0,,,,,5,12.4,ok
TIC 382735188,183.4115,-62.241,9.39,0,,,,,3,14.3,ok
TIC 320529727,296.4255,-58.322,9.39,0,,,,,3,9.8,ok
TIC 61606994,176.5214,-43.0806,9.39,0,,,,,3,18.3,ok
TIC 301757025,258.8412,-66.5392,9.39,0,,,,,4,16.9,ok
TIC 376001917,178.9565,-57.2239,9.39,0,,,,,3,11.9,ok
TIC 412982162,231.7365,-57.9834,9.39,0,,,,,3,12.0,ok
TIC 61534916,176.1888,-45.8518,9.39,0,,,,,4,12.8,ok
TIC 405662503,191.5651,-16.732,9.4,0,,,,,5,14.1,ok
TIC 1650025,188.202,-16.577,9.4,0,,,,,4,12.0,ok
TIC 43460530,228.9084,-59.4012,9.4,0,,,,,6,12.3,ok
TIC 464661689,288.3422,-65.2632,9.4,0,,,,,4,10.0,ok
TIC 298122610,224.8339,-61.7833,9.4,0,,,,,3,13.7,ok
TIC 275644627,179.3156,-43.4424,9.4,0,,18.5,rejete,variabilite_continue;eclipse_secondaire,3,10.4,ok
TIC 426665346,235.9333,-65.9589,9.4,0,,,,,4,9.4,ok
TIC 450609787,186.718,-60.7539,9.4,0,,,,,7,14.2,ok
TIC 274459653,247.3588,-72.1028,9.4,0,,,,,6,10.7,ok
TIC 351531504,308.9322,-65.7361,9.4,0,,,,,7,12.6,ok
TIC 253499188,197.1797,-57.6889,9.4,0,,,,,3,7.3,ok
TIC 294438023,265.7694,-70.8728,9.4,0,,,,,4,7.9,ok
TIC 396248664,301.8553,-73.1626,9.4,0,,,,,2,8.0,ok
TIC 288864057,231.9339,-76.6834,9.4,0,,,,,4,18.2,ok
TIC 258317674,182.2965,-46.3957,9.4,0,,,,,4,9.3,ok
TIC 448133486,208.2165,-68.5484,9.4,0,,,,,4,13.3,ok
TIC 329980125,211.922,-63.0421,9.4,0,,,,,4,6.5,ok
TIC 47531031,231.0176,-59.4602,9.4,0,,,,,4,6.1,ok
TIC 294888245,268.54,-69.697,9.4,0,,,,,3,8.5,ok
TIC 340883614,238.6358,-60.9903,9.4,0,,,,,4,8.6,ok
TIC 402387382,221.9338,-73.196,9.41,0,,,,,5,8.1,ok
TIC 260431351,225.1903,-66.1115,9.41,0,,,,,4,6.9,ok
TIC 258812851,222.3148,-71.341,9.41,0,,,,,4,11.3,ok
TIC 243309743,204.384,-43.7111,9.41,0,,,,,3,7.6,ok
TIC 61760927,176.9759,-46.9742,9.41,0,,,,,4,8.0,ok
TIC 245004973,197.563,-50.3497,9.41,0,,,,,4,9.6,ok
TIC 256210025,267.4296,-79.721,9.41,0,,,,,3,13.7,ok
TIC 365844390,275.7623,-63.9027,9.41,0,,,,,6,14.5,ok
TIC 144765188,191.9325,-36.2458,9.41,0,,,,,3,8.4,ok
TIC 387243187,310.5862,-65.4296,9.41,0,,,,,7,13.0,ok
TIC 253444221,196.8613,-56.2693,9.41,0,,,,,3,6.1,ok
TIC 450798851,187.0841,-62.9576,9.41,0,,,,,7,17.0,ok
TIC 276644274,265.3342,-80.0929,9.41,0,,,,,3,8.0,ok
TIC 284374921,233.2271,-59.8073,9.41,0,,,,,5,5.4,ok
TIC 410314066,299.7636,-56.633,9.42,0,,,,,5,6.5,ok
TIC 342893809,205.2546,-70.1633,9.42,0,,,,,3,5.2,ok
TIC 304069565,258.3917,-64.5889,9.42,0,,,,,5,7.8,ok
TIC 380833031,269.8966,-63.774,9.42,0,,,,,3,4.0,ok
TIC 257776944,220.3516,-71.0481,9.42,0,,,,,6,6.2,ok
TIC 405615559,202.1732,-35.1924,9.42,0,,,,,2,3.2,ok
TIC 412076331,189.9077,-57.5281,9.42,1,2.3999,13.4,rejete,variabilite_continue;eclipse_secondaire,5,8.4,ok
TIC 303389997,256.8179,-62.6121,9.42,0,,42.7,rejete,variabilite_continue;eclipse_secondaire,4,8.2,ok
TIC 375230843,283.191,-63.7231,9.42,0,,,,,4,5.9,ok
TIC 402705956,248.4114,-62.2636,9.42,0,,,,,4,7.2,ok
TIC 298393708,242.7116,-62.9434,9.42,0,,,,,4,6.0,ok
TIC 46473449,230.7223,-57.0506,9.42,0,,,,,4,5.9,ok
TIC 415809305,184.9443,-19.935,9.42,0,,,,,3,7.1,ok
TIC 292293433,278.5749,-69.9024,9.42,0,,,,,4,8.5,ok
TIC 360914993,310.5536,-57.6698,9.42,0,,,,,8,17.0,ok
TIC 412489292,192.994,-55.362,9.42,0,,,,,3,8.0,ok
TIC 389089709,333.5735,-67.1675,9.42,0,,,,,5,8.4,ok
TIC 142160632,179.8698,-33.2229,9.42,0,,106.0,rejete,eclipse_secondaire;compagnon_trop_gros_5.9Rjup,2,6.4,ok
TIC 293401664,262.0543,-71.6581,9.42,0,,,,,4,12.8,ok
TIC 263500582,230.9673,-66.4444,9.42,0,,,,,4,12.3,ok
TIC 456957553,201.5081,-58.5764,9.42,0,,,,,4,11.8,ok
TIC 434505515,189.3007,-19.1242,9.43,0,,,,,3,14.7,ok
TIC 168840259,193.9,-48.9447,9.43,0,,,,,3,16.9,ok
TIC 253071573,194.3613,-57.7225,9.43,0,,,,,3,13.7,ok
TIC 262997188,216.0313,-55.9507,9.43,0,,,,,4,14.6,ok
TIC 288216661,187.218,-53.6935,9.43,0,,,,,3,7.8,ok
TIC 304332938,259.6949,-63.8174,9.43,0,,,,,5,15.3,ok
TIC 435003773,192.3908,-61.492,9.43,0,,,,,6,11.1,ok
TIC 270876629,186.2003,-58.3506,9.43,0,,,,,3,11.7,ok
TIC 209528221,210.6037,-55.3823,9.43,0,,,,,5,12.2,ok
TIC 420094815,202.8833,-50.7424,9.43,0,,,,,4,6.3,ok
TIC 68087435,193.5468,-55.9621,9.43,0,,,,,3,10.1,ok
TIC 296803977,223.8875,-60.2573,9.43,0,,,,,4,23.3,ok
TIC 351919036,280.7641,-79.2795,9.43,0,,,,,3,14.2,ok
TIC 334789673,184.354,-50.2358,9.43,0,,,,,3,13.5,ok
TIC 412250465,190.8861,-54.8728,9.43,0,,,,,3,19.0,ok
TIC 306195431,264.3408,-65.6494,9.43,0,,,,,5,15.3,ok
TIC 298274297,242.4128,-62.8195,9.43,0,,,,,4,13.1,ok
TIC 340954948,202.2993,-67.7014,9.43,0,,,,,3,13.4,ok
TIC 381238194,254.6147,-66.6461,9.43,0,,,,,4,12.5,ok
TIC 446872386,232.223,-66.4927,9.43,0,,,,,8,20.2,ok
TIC 453773849,199.0397,-46.5229,9.43,0,,,,,5,15.0,ok
TIC 466132967,296.3528,-67.0772,9.44,0,,,,,4,12.9,ok
TIC 294840875,268.2099,-68.0079,9.44,0,,,,,1,11.9,ok
TIC 209051154,209.8705,-54.1787,9.44,0,,,,,3,14.0,ok
TIC 416206081,223.3375,-57.4504,9.44,0,,,,,4,9.9,ok
TIC 418465557,205.0525,-78.8781,9.44,0,,,,,4,9.0,ok
TIC 300753812,245.4322,-60.4503,9.44,0,,,,,4,9.2,ok
TIC 403509951,231.103,-75.2258,9.44,0,,,,,5,11.2,ok
TIC 350572362,246.4976,-64.4918,9.44,0,,,,,5,18.3,ok
TIC 455982766,230.6229,-63.2218,9.44,0,,,,,5,17.3,ok
TIC 389051246,333.273,-62.9046,9.44,0,,,,,4,10.5,ok
TIC 464285628,279.7652,-64.7882,9.44,0,,,,,6,15.5,ok
TIC 451561283,268.2753,-84.895,9.44,0,,,,,1,11.2,ok
TIC 437294907,191.2387,-18.4351,9.44,0,,,,,3,12.8,ok
TIC 181224055,174.7125,-40.3854,9.44,0,,,,,5,9.4,ok
TIC 447651407,254.4815,-63.1639,9.44,0,,,,,4,13.6,ok
TIC 426286766,241.6904,-72.7161,9.44,0,,,,,3,26.7,ok
TIC 395064046,204.1064,-75.2005,9.44,0,,,,,2,24.9,ok
TIC 294762522,267.6772,-67.1357,9.44,0,,,,,4,7.7,ok
TIC 449355457,191.2778,-47.7163,9.45,0,,,,,7,14.3,ok
TIC 414044586,215.6639,-57.947,9.45,0,,,,,4,9.8,ok
TIC 426899418,237.0126,-68.1303,9.45,0,,,,,3,15.2,ok
TIC 387242542,310.3933,-64.9224,9.45,0,,,,,5,14.5,ok
TIC 263778194,231.4793,-66.8674,9.45,0,,,,,4,13.8,ok
TIC 384155428,243.6106,-83.3019,9.45,0,,,,,6,17.7,ok
TIC 384153632,243.5899,-80.8448,9.45,0,,,,,4,14.8,ok
TIC 263493796,230.9242,-67.9591,9.45,0,,,,,5,15.0,ok
TIC 21864228,181.8276,-43.2288,9.45,0,,,,,3,12.0,ok
TIC 103694819,193.9986,-35.7295,9.45,0,,,,,2,19.6,ok
TIC 404380883,195.7551,-49.1765,9.45,0,,,,,3,15.9,ok
TIC 303703388,272.4123,-62.9902,9.45,0,,,,,5,12.0,ok
TIC 301956357,260.0578,-70.0794,9.45,1,1.8314,59.9,rejete,variabilite_continue,5,11.2,ok
TIC 144657649,191.4562,-36.9629,9.46,0,,,,,4,10.3,ok
TIC 258817094,222.4881,-70.8086,9.46,0,,,,,4,8.5,ok
TIC 99138443,183.4045,-25.4315,9.46,0,,,,,1,6.5,ok
TIC 398764250,180.3031,-57.7336,9.46,0,,,,,3,7.8,ok
TIC 446322533,217.0449,-71.1377,9.46,0,,,,,4,6.6,ok
TIC 93842127,176.037,-48.2132,9.46,0,,,,,3,7.4,ok
TIC 328771818,211.4685,-65.4736,9.46,0,,,,,4,7.6,ok
TIC 259842692,223.9355,-71.8243,9.46,0,,,,,4,7.3,ok
TIC 364015015,251.1615,-68.7323,9.46,0,,,,,7,10.5,ok
TIC 73228647,190.0365,-44.3121,9.46,0,,,,,5,12.9,ok
TIC 241366087,204.544,-53.3602,9.46,0,,,,,4,8.9,ok
TIC 426655179,235.6325,-68.2269,9.46,0,,,,,4,8.9,ok
TIC 38802362,226.7067,-57.5831,9.46,0,,,,,4,9.1,ok
TIC 403960772,188.6048,-51.646,9.46,0,,,,,3,10.8,ok
TIC 404285192,309.3099,-75.6437,9.46,0,,,,,3,7.5,ok
TIC 320429222,296.1329,-57.9761,9.46,0,,,,,2,5.6,ok
TIC 313675203,202.1676,-61.8348,9.46,1,1.2513,13.7,rejete,variabilite_continue;eclipse_secondaire,5,14.1,ok
TIC 409782652,292.2515,-61.6112,9.46,0,,,,,1,8.5,ok
TIC 293395175,261.5766,-68.0655,9.46,0,,,,,5,10.3,ok
TIC 419504629,191.3017,-55.7259,9.46,0,,,,,3,6.9,ok
TIC 160833998,189.9434,-52.7122,9.46,0,,,,,3,10.1,ok
TIC 160833480,189.6098,-51.7173,9.46,0,,,,,5,11.3,ok
TIC 311106964,256.6834,-76.2639,9.46,0,,,,,3,7.2,ok
TIC 300640183,245.0658,-62.1346,9.46,0,,,,,4,7.7,ok
TIC 301547080,257.1242,-70.1184,9.46,0,,,,,2,8.0,ok
TIC 305840308,263.6173,-65.8998,9.46,0,,,,,4,8.1,ok
TIC 402850644,225.2277,-77.0439,9.46,0,,,,,4,9.4,ok
TIC 326161059,188.1012,-68.7498,9.47,0,,,,,5,10.5,ok
TIC 455370344,228.9441,-64.4194,9.47,1,2.6725,55.9,rejete,variabilite_continue;eclipse_secondaire,4,8.9,ok
TIC 327548618,189.4677,-68.8245,9.47,0,,,,,3,5.2,ok
TIC 88311132,238.8468,-59.2248,9.47,0,,,,,4,8.8,ok
TIC 364157927,251.8581,-69.9201,9.47,0,,,,,4,8.9,ok
TIC 286661831,186.8193,-66.2534,9.47,0,,,,,3,9.5,ok
TIC 407044869,232.1092,-78.4423,9.47,0,,,,,3,8.0,ok
TIC 384604380,254.4889,-80.4575,9.47,0,,,,,3,11.8,ok
TIC 287789188,184.7649,-56.3375,9.47,0,,,,,3,6.1,ok
TIC 381237684,254.5172,-66.8502,9.47,0,,,,,4,7.0,ok
TIC 370133561,306.9588,-56.5087,9.47,0,,,,,4,9.4,ok
TIC 339645730,200.2214,-66.5696,9.47,0,,,,,3,5.7,ok
TIC 336716262,196.4644,-68.0027,9.47,0,,,,,3,8.8,ok
TIC 406274883,325.5598,-61.0182,9.47,0,,,,,1,7.7,ok
TIC 350362857,246.346,-61.404,9.47,0,,,,,3,9.7,ok
TIC 262375548,228.8236,-66.024,9.47,0,,,,,4,8.3,ok
TIC 144223597,188.9402,-36.8005,9.47,0,,,,,4,9.3,ok
TIC 296381874,224.0624,-65.4082,9.48,0,,18.7,rejete,variabilite_continue;eclipse_secondaire,4,10.1,ok
TIC 396646087,214.2931,-73.6849,9.48,0,,,,,4,7.7,ok
TIC 395934074,210.084,-73.6998,9.48,0,,,,,3,6.8,ok
TIC 454072358,176.2645,-41.5729,9.48,0,,,,,3,8.6,ok
TIC 425798158,234.3953,-72.6638,9.48,0,,,,,5,9.3,ok
TIC 425661385,232.9047,-75.7183,9.48,0,,,,,6,10.2,ok
TIC 164582869,191.8083,-52.4417,9.49,0,,,,,5,9.2,ok
TIC 455945774,230.6453,-64.8012,9.49,0,,,,,4,7.1,ok
TIC 410444135,320.1298,-63.9018,9.49,0,,,,,7,12.1,ok
TIC 291042435,217.7326,-54.5402,9.49,0,,,,,4,11.3,ok
TIC 455745342,229.7827,-63.9588,9.49,0,,,,,4,8.4,ok
TIC 426844180,236.602,-68.9132,9.49,0,,,,,4,13.0,ok
TIC 334903224,213.9152,-62.2113,9.49,0,,,,,5,18.4,ok
TIC 394442296,200.1099,-73.0835,9.49,0,,,,,3,10.7,ok
TIC 441675318,197.4683,-61.1316,9.49,0,,,,,6,13.3,ok
TIC 39408757,226.9472,-59.5001,9.49,0,,,,,2,8.3,ok
TIC 449517017,200.4011,-60.5208,9.49,0,,,,,5,13.8,ok
TIC 340389150,237.9346,-60.7868,9.49,0,,,,,4,11.6,ok
TIC 457086680,203.0798,-58.7214,9.49,0,,,,,6,12.8,ok
TIC 291378092,247.179,-73.996,9.49,0,,,,,3,7.9,ok
TIC 382676917,216.0672,-62.3802,9.49,0,,18.6,rejete,variabilite_continue;eclipse_secondaire,4,13.3,ok
TIC 402615468,223.6233,-72.7735,9.49,0,,,,,4,8.8,ok
TIC 406054189,193.806,-55.9332,9.49,0,,39.3,rejete,variabilite_continue;eclipse_secondaire,3,9.6,ok
TIC 301157073,254.9374,-66.2132,9.49,0,,,,,4,8.2,ok
TIC 403567949,231.3851,-74.6102,9.49,0,,,,,5,8.4,ok
TIC 329483109,212.3877,-53.2028,9.49,0,,,,,3,7.6,ok
TIC 9384703,191.592,-25.2874,9.49,0,,,,,4,7.8,ok
TIC 333974103,192.8146,-68.7541,9.49,0,,,,,3,5.7,ok
TIC 448180001,208.4623,-70.4865,9.49,0,,,,,3,6.0,ok
TIC 352480241,323.7775,-73.1629,9.49,0,,,,,4,7.0,ok
TIC 354947664,324.9196,-80.6822,9.49,0,,,,,2,4.5,ok
TIC 130720430,186.5481,-32.3211,9.49,0,,,,,3,6.2,ok
TIC 181162682,174.3772,-37.9906,9.5,0,,,,,5,6.9,ok
TIC 291040350,217.7419,-54.1031,9.5,0,,,,,4,7.4,ok
TIC 340334860,201.4068,-67.2394,9.5,0,,,,,5,10.2,ok
TIC 360619480,240.6772,-71.304,9.5,0,,,,,4,9.3,ok
TIC 447461747,252.5178,-60.8708,9.5,0,,,,,4,12.0,ok
TIC 134907045,184.051,-40.5053,9.5,0,,30.4,rejete,variabilite_continue,2,8.6,ok
TIC 395419480,218.9253,-61.1798,9.5,0,,,,,5,8.5,ok
TIC 261424477,304.263,-75.2971,9.5,0,,,,,3,8.0,ok
TIC 35221659,224.925,-53.9959,9.5,0,,,,,4,6.5,ok
TIC 435012873,192.4072,-60.9654,9.5,0,,,,,6,9.7,ok
TIC 425368565,191.0444,-58.9888,9.5,0,,,,,3,9.3,ok
TIC 448105302,208.012,-71.7105,9.5,0,,,,,4,7.2,ok
TIC 450475203,186.4884,-62.4839,9.5,0,,,,,3,5.5,ok
TIC 253451899,196.8367,-54.3293,9.5,1,1.8923,120.5,a_verifier,,3,8.3,ok
TIC 341195796,314.2128,-64.3394,9.51,0,,,,,2,5.3,ok
TIC 299878316,244.4026,-60.0905,9.51,0,,,,,5,7.4,ok
TIC 395002517,203.9572,-72.4474,9.51,0,,,,,3,10.1,ok
TIC 181112830,173.8538,-41.5668,9.51,0,,,,,7,11.6,ok
TIC 364419454,252.9686,-68.0749,9.51,0,,,,,5,8.1,ok
TIC 273121416,178.7497,-52.7822,9.51,0,,,,,3,8.2,ok
TIC 363931058,250.8695,-71.4006,9.51,0,,,,,4,10.2,ok
TIC 361568774,243.5729,-70.7202,9.51,0,,,,,4,8.9,ok
TIC 420105895,192.4966,-55.5403,9.51,0,,,,,3,8.0,ok
TIC 424416045,236.5727,-65.3209,9.51,0,,,,,4,6.0,ok
TIC 210186452,211.8546,-54.3127,9.51,0,,,,,4,6.6,ok
TIC 245157924,198.599,-50.9006,9.51,0,,,,,6,11.8,ok
TIC 461271479,203.2866,-38.5512,9.51,0,,,,,2,7.3,ok
TIC 453788178,199.2469,-47.8815,9.51,0,,,,,3,8.6,ok
TIC 299870394,244.0473,-60.9755,9.51,0,,,,,4,8.1,ok
TIC 245003711,197.3952,-50.9116,9.51,0,,,,,5,9.6,ok
TIC 365893665,275.9491,-64.7101,9.51,0,,,,,5,9.2,ok
TIC 343422416,206.2293,-68.472,9.52,0,,,,,3,6.8,ok
TIC 403320956,229.5249,-77.8139,9.52,0,,,,,3,7.7,ok
TIC 256164802,199.4674,-56.2666,9.52,0,,,,,3,6.0,ok
TIC 299985707,244.281,-63.6108,9.52,0,,,,,4,5.8,ok
TIC 209111247,209.8871,-57.3033,9.52,0,,,,,5,7.5,ok
TIC 422041466,301.6738,-57.1757,9.52,0,,,,,6,8.4,ok
TIC 411919528,271.1076,-65.7844,9.52,0,,,,,4,6.3,ok
TIC 466206387,302.8917,-60.9533,9.52,0,,,,,4,6.5,ok
TIC 391941857,218.1399,-63.9648,9.52,0,,,,,3,5.0,ok
TIC 375840023,178.8134,-56.3805,9.52,0,,,,,5,7.3,ok
TIC 165826719,204.3841,-38.1189,9.52,0,,,,,3,4.7,ok
TIC 437919463,194.6589,-65.2274,9.52,0,,,,,3,5.6,ok
TIC 298823012,243.2625,-63.5085,9.52,0,,,,,4,6.2,ok
TIC 403596901,231.7694,-74.6604,9.52,0,,,,,4,8.2,ok
TIC 73986062,236.7649,-59.4405,9.53,0,,,,,4,5.5,ok
TIC 73710370,192.0831,-42.6261,9.53,0,,,,,3,4.7,ok
TIC 241808794,209.4895,-48.1858,9.53,0,,,,,3,7.1,ok
TIC 364413492,253.1342,-71.5117,9.53,0,,,,,2,5.7,ok
TIC 394483822,316.0979,-57.0757,9.53,0,,,,,1,7.4,ok
TIC 94462530,177.3513,-53.7278,9.53,0,,,,,3,6.2,ok
TIC 263606058,234.705,-69.1895,9.53,0,,,,,4,6.9,ok
TIC 21107064,186.7506,-52.3864,9.53,0,,14.9,rejete,variabilite_continue;eclipse_secondaire,4,11.1,ok
TIC 402331245,221.3721,-77.348,9.53,0,,,,,3,6.1,ok
TIC 292624096,270.9538,-72.4718,9.53,0,,,,,8,9.9,ok
TIC 253123935,194.7222,-58.8371,9.53,0,,,,,3,6.3,ok
TIC 253146238,195.0273,-54.1265,9.53,0,,,,,3,6.1,ok
TIC 292303138,218.2665,-55.9885,9.53,0,,,,,5,7.0,ok
TIC 169780417,194.2619,-49.7024,9.53,0,,,,,3,6.9,ok
TIC 364018117,251.1141,-67.4351,9.53,0,,56.2,rejete,variabilite_continue;eclipse_secondaire,4,10.7,ok
TIC 273305810,322.2256,-77.961,9.53,0,,,,,3,5.1,ok
TIC 178819686,194.4678,-39.7583,9.53,0,,10.0,rejete,variabilite_continue,5,10.3,ok
TIC 441163023,196.9435,-64.2026,9.53,0,,,,,7,7.8,ok
TIC 342605817,240.2535,-61.0021,9.53,0,,,,,4,8.6,ok
TIC 448459334,210.7511,-66.2764,9.53,0,,,,,4,9.5,ok
TIC 412977752,231.748,-58.3837,9.53,0,,,,,4,9.0,ok
TIC 61936189,177.6263,-47.5104,9.53,0,,,,,3,6.5,ok
TIC 208220974,208.1665,-57.362,9.53,0,,,,,5,9.3,ok
TIC 304741036,260.7212,-62.1889,9.53,0,,,,,4,7.3,ok
TIC 333832874,182.4791,-49.5018,9.53,0,,,,,3,7.3,ok
TIC 350677569,246.5224,-61.5853,9.54,0,,,,,4,7.4,ok
TIC 253110932,194.4243,-59.1512,9.54,0,,,,,3,7.1,ok
TIC 422212187,196.1495,-51.6454,9.54,0,,,,,1,5.4,ok
TIC 333972083,192.6961,-68.3477,9.54,0,,16.9,rejete,variabilite_continue;eclipse_secondaire,3,10.1,ok
TIC 360273439,217.5761,-66.8797,9.54,0,,,,,9,11.3,ok
TIC 457611262,217.7814,-51.9012,9.54,0,,,,,1,3.2,ok
TIC 382166392,183.059,-59.967,9.54,0,,,,,5,8.9,ok
TIC 381680815,207.4419,-65.7442,9.54,0,,,,,3,5.8,ok
TIC 425644725,232.2894,-72.2647,9.54,0,,,,,4,6.9,ok
TIC 68595462,202.8094,-55.7837,9.54,0,,,,,4,6.9,ok
TIC 404217861,303.3744,-72.5658,9.54,0,,,,,3,5.0,ok
TIC 455638799,229.6274,-61.7576,9.54,0,,,,,4,8.6,ok
TIC 461044620,232.3403,-64.8415,9.54,0,,,,,4,5.9,ok
TIC 438967685,195.5155,-61.0027,9.54,1,2.777,14.1,rejete,variabilite_continue;eclipse_secondaire,4,10.4,ok
TIC 261458818,304.6055,-75.5923,9.54,0,,,,,3,4.8,ok
TIC 304181568,258.7645,-61.5533,9.54,0,,,,,4,6.2,ok
TIC 447478090,252.9404,-62.6931,9.55,0,,,,,5,6.9,ok
TIC 411505379,183.4313,-57.5815,9.55,0,,,,,5,8.5,ok
TIC 310955125,255.7749,-72.2422,9.55,0,,,,,4,7.4,ok
TIC 294919771,222.9726,-63.9394,9.55,0,,,,,3,6.0,ok
TIC 262995945,216.0507,-56.1259,9.55,0,,,,,4,8.2,ok
TIC 243237647,203.6325,-42.1587,9.55,0,,,,,4,8.7,ok
TIC 395229972,205.2932,-72.7065,9.55,0,,,,,4,9.7,ok
TIC 362709886,246.7997,-69.344,9.55,1,4.7261,83.4,rejete,variabilite_continue,7,12.4,ok
TIC 401623468,310.5379,-78.8063,9.55,0,,,,,3,4.4,ok
TIC 320809777,299.2331,-59.2859,9.55,0,,,,,4,4.5,ok
TIC 286652075,185.876,-66.6762,9.55,0,,,,,3,4.5,ok
TIC 384825184,262.246,-82.9708,9.55,0,,,,,6,8.5,ok
TIC 349341075,271.0798,-68.3136,9.55,0,,,,,3,4.7,ok
TIC 448107927,208.172,-71.2536,9.55,0,,,,,4,4.7,ok
TIC 381493035,182.7241,-59.9112,9.55,0,,,,,3,3.9,ok
TIC 454073415,176.3602,-40.9989,9.55,0,,,,,3,6.4,ok
TIC 258335181,221.5933,-66.5248,9.55,0,,,,,4,6.2,ok
TIC 398404653,286.5416,-78.4958,9.55,0,,,,,4,5.8,ok
TIC 256009337,198.567,-54.7518,9.55,0,,,,,3,5.5,ok
TIC 337724787,215.562,-62.411,9.55,0,,,,,5,7.2,ok
TIC 403133480,227.7814,-73.1384,9.55,0,,,,,5,9.0,ok
TIC 338981855,199.2394,-70.9764,9.55,0,,,,,3,8.0,ok
TIC 466101927,295.4847,-71.7478,9.55,0,,,,,4,11.9,ok
TIC 457055386,203.0065,-55.0751,9.55,0,,,,,4,11.7,ok
TIC 259518267,223.314,-69.7889,9.55,0,,,,,4,10.1,ok
TIC 259716719,322.5455,-65.7605,9.55,0,,,,,4,6.8,ok
TIC 21008903,186.3844,-50.8405,9.56,0,,,,,2,4.3,ok
TIC 351347487,307.0486,-62.4021,9.56,0,,,,,5,13.0,ok
TIC 253098287,194.4229,-56.9096,9.56,0,,,,,3,8.1,ok
TIC 405642372,191.8692,-54.9424,9.56,0,,,,,3,7.4,ok
TIC 311328253,185.5877,-63.3329,9.56,0,,65.4,rejete,variabilite_continue;eclipse_secondaire,7,16.9,ok
TIC 300758320,245.3651,-61.1399,9.56,0,,,,,4,8.8,ok
TIC 456963322,201.6231,-59.3178,9.56,0,,,,,5,8.9,ok
TIC 429299987,184.3248,-48.2814,9.56,0,,95.6,rejete,eclipse_secondaire;compagnon_trop_gros_6.2Rjup,4,11.4,ok
TIC 387115314,286.5642,-77.0456,9.56,0,,,,,9,16.5,ok
TIC 241396941,204.8473,-53.0629,9.56,0,,,,,4,9.8,ok
TIC 22391769,184.1757,-45.0299,9.56,0,,,,,3,9.5,ok
TIC 384298808,246.5191,-81.1608,9.56,0,,,,,3,4.9,ok
TIC 342826908,205.1481,-67.2976,9.56,0,,,,,4,6.2,ok
TIC 257140932,219.5105,-70.4222,9.56,0,,,,,4,6.1,ok
TIC 403193904,227.7132,-72.7328,9.56,0,,,,,1,4.1,ok
TIC 324422520,209.1623,-61.1831,9.56,1,1.8169,11.9,rejete,variabilite_continue,4,8.8,ok
TIC 440808296,196.7408,-62.8189,9.56,0,,,,,4,7.1,ok
TIC 426976719,237.0793,-69.4239,9.56,0,,,,,4,7.5,ok
TIC 46925043,230.8617,-57.0832,9.56,0,,,,,4,6.2,ok
TIC 298821328,243.2529,-63.8866,9.56,0,,,,,4,6.6,ok
TIC 310510981,253.0543,-76.4627,9.56,0,,,,,3,7.0,ok
TIC 376008420,179.1335,-58.4345,9.56,0,,,,,3,8.1,ok
TIC 261983836,193.7096,-57.708,9.56,0,,,,,3,5.8,ok
TIC 400694133,219.9038,-65.8244,9.56,0,,,,,4,11.0,ok
TIC 466224437,302.9512,-63.7782,9.56,0,,,,,4,8.0,ok
TIC 327919427,189.8997,-66.0495,9.56,0,,,,,3,4.0,ok
TIC 303562619,257.1923,-61.9266,9.57,0,,,,,4,5.1,ok
TIC 447128829,239.4418,-66.8593,9.57,0,,,,,4,7.4,ok
TIC 57404590,172.0227,-33.4115,9.57,0,,,,,4,6.8,ok
TIC 382063035,182.8582,-60.9468,9.57,0,,,,,3,5.1,ok
TIC 167528745,193.3885,-50.7765,9.57,0,,,,,3,7.7,ok
TIC 253201468,195.0682,-54.9221,9.57,0,,,,,3,4.6,ok
TIC 327710325,331.0374,-69.9255,9.57,0,,,,,5,7.7,ok
TIC 382041055,285.2824,-71.6173,9.57,0,,,,,1,4.5,ok
TIC 360550353,240.6594,-67.1274,9.57,0,,,,,4,7.4,ok
TIC 453668803,205.8178,-56.1565,9.57,2,3.9865;11.9573,41.5,rejete,variabilite_continue,5,13.4,ok
TIC 364687832,254.0034,-71.5059,9.57,0,,,,,3,5.3,ok
TIC 402890913,249.6138,-65.6541,9.57,0,,,,,3,5.5,ok
TIC 429235135,184.0316,-50.0079,9.57,0,,,,,3,7.8,ok
TIC 447598969,253.731,-64.8053,9.57,0,,,,,5,9.1,ok
TIC 245131517,198.2856,-48.7144,9.57,0,,,,,3,6.7,ok
TIC 244875072,196.6347,-52.6678,9.57,0,,,,,3,6.9,ok
TIC 426003634,236.2181,-73.1476,9.57,0,,,,,5,11.1,ok
TIC 334327860,192.9914,-66.0369,9.57,0,,,,,4,8.9,ok
TIC 951583611,183.0599,-22.5202,9.57,0,,,,,2,9.3,ok
TIC 438734217,201.4417,-51.0972,9.57,0,,,,,4,9.3,ok
TIC 404340644,195.8895,-49.3366,9.58,0,,,,,3,7.2,ok
TIC 208961219,209.6045,-58.7384,9.58,0,,,,,4,7.4,ok
TIC 337704470,197.9457,-71.4329,9.58,0,,,,,3,3.9,ok
TIC 410347776,289.818,-70.1362,9.58,0,,,,,4,5.6,ok
TIC 295591757,273.8866,-70.6694,9.58,0,,,,,5,7.2,ok
TIC 295594080,273.8778,-68.2588,9.58,0,,,,,5,8.9,ok
TIC 271854492,233.1486,-65.899,9.58,0,,,,,4,7.2,ok
TIC 299875429,244.0335,-60.191,9.58,0,,,,,4,6.1,ok
TIC 446278163,206.5497,-59.1189,9.58,0,,,,,5,6.6,ok
TIC 450700293,186.9073,-63.5703,9.58,0,,,,,3,4.9,ok
TIC 429232425,184.1493,-48.3701,9.58,0,,,,,4,7.7,ok
TIC 394263898,198.9418,-74.2623,9.58,0,,,,,3,5.7,ok
TIC 15371740,185.1839,-52.257,9.58,0,,,,,5,8.8,ok
TIC 103860852,194.9848,-32.6954,9.58,0,,,,,5,8.7,ok
TIC 426425485,243.3679,-73.772,9.58,0,,,,,4,8.8,ok
TIC 135050395,184.8366,-39.857,9.58,0,,,,,5,8.2,ok
TIC 134811073,183.3356,-40.9,9.58,0,,,,,2,6.6,ok
TIC 40583859,227.5795,-55.587,9.59,0,,,,,4,11.7,ok
TIC 447170160,250.1967,-62.4318,9.59,0,,,,,5,9.9,ok
TIC 375627670,178.5272,-57.0603,9.59,0,,,,,3,10.9,ok
TIC 308628233,184.1203,-62.683,9.59,0,,,,,3,9.2,ok
TIC 464377523,281.2704,-65.1074,9.59,0,,,,,5,9.2,ok
TIC 241498782,206.1921,-52.2865,9.59,0,,,,,4,7.8,ok
TIC 383531859,216.1477,-60.3836,9.59,0,,,,,5,8.5,ok
TIC 464448910,282.6778,-65.7664,9.59,0,,,,,5,12.6,ok
TIC 451462937,239.9922,-67.8938,9.59,0,,,,,4,8.7,ok
TIC 241291471,203.7184,-52.0394,9.59,0,,,,,?,3.6,erreur
TIC 406778900,224.6773,-79.1919,9.59,0,,,,,6,9.2,ok
TIC 343594953,241.1233,-65.53,9.59,0,,,,,4,7.9,ok
TIC 360953539,282.8422,-62.8272,9.59,0,,,,,4,8.3,ok
TIC 361713602,243.7101,-69.9271,9.59,0,,,,,4,9.0,ok
TIC 103578925,193.1948,-34.3133,9.59,0,,,,,2,8.3,ok
TIC 261683453,185.7575,-56.947,9.59,0,,,,,3,9.5,ok
TIC 436285452,193.4512,-60.7379,9.59,0,,,,,5,10.0,ok
TIC 407880289,282.397,-78.6794,9.6,0,,,,,5,14.6,ok
TIC 334793713,184.613,-47.9386,9.6,0,,,,,3,7.5,ok
TIC 413196911,214.6546,-55.8059,9.6,0,,39.3,rejete,variabilite_continue;eclipse_secondaire,4,12.7,ok
TIC 328495876,211.185,-62.3094,9.6,0,,155.9,rejete,variabilite_continue;eclipse_secondaire,4,13.6,ok
TIC 448594570,211.7563,-68.5688,9.6,0,,,,,7,9.4,ok
TIC 219955579,305.4476,-54.063,9.6,0,,,,,3,8.8,ok
TIC 241427660,205.3227,-53.6557,9.6,0,,,,,4,10.4,ok
TIC 241457152,205.6767,-52.5415,9.6,0,,,,,5,8.0,ok
TIC 68518080,202.736,-59.0221,9.6,0,,,,,4,7.1,ok
TIC 181149356,173.9304,-38.9782,9.6,0,,28.8,rejete,variabilite_continue;eclipse_secondaire,3,13.8,ok
TIC 331403553,214.501,-49.952,9.6,0,,,,,2,6.5,ok
TIC 295252174,270.4827,-68.9391,9.6,0,,,,,4,7.2,ok
TIC 289945654,191.9681,-15.6191,9.6,0,,,,,1,11.6,ok
TIC 286166627,179.5751,-24.6605,9.6,0,,,,,5,10.8,ok
TIC 276647439,266.4024,-79.5061,9.6,0,,,,,3,3.8,ok
TIC 337810850,197.8465,-68.9516,9.6,0,,,,,3,4.3,ok
TIC 61763105,177.1801,-47.2992,9.6,0,,,,,3,4.1,ok
TIC 412546933,193.0769,-57.6442,9.6,0,,,,,4,7.5,ok
TIC 460673083,191.3537,-61.7791,9.6,0,,,,,3,9.7,ok
TIC 447048203,238.2601,-69.1677,9.6,0,,,,,4,5.8,ok
TIC 341461222,317.8391,-65.6292,9.61,0,,,,,7,8.4,ok
TIC 332362587,179.87,-48.575,9.61,0,,,,,3,6.8,ok
TIC 315959171,203.4,-61.7459,9.61,0,,,,,4,7.8,ok
TIC 354171926,313.8899,-56.7421,9.61,0,,,,,5,8.3,ok
TIC 425788927,234.1539,-75.7911,9.61,0,,,,,3,6.7,ok
TIC 179473571,187.9581,-62.2349,9.61,2,4.3404;2.1707,60.2,rejete,variabilite_continue,3,9.6,ok
TIC 61871583,177.5857,-44.2438,9.61,0,,,,,3,5.2,ok
TIC 423987361,235.8419,-63.6642,9.61,0,,,,,5,6.7,ok
TIC 253127349,194.6267,-58.2787,9.61,0,,,,,3,3.4,ok
TIC 300955434,245.3334,-65.8637,9.61,0,,,,,4,6.1,ok
TIC 97744411,234.0621,-57.4084,9.61,0,,,,,3,4.4,ok
TIC 405382498,184.1496,-57.5992,9.61,0,,,,,8,10.0,ok
TIC 376565737,180.5992,-54.6845,9.61,0,,,,,3,5.5,ok
TIC 304333215,259.5634,-63.6914,9.61,0,,,,,4,6.2,ok
TIC 401831800,217.9095,-72.7585,9.61,0,,,,,4,5.2,ok
TIC 273714906,188.9478,-55.6754,9.61,0,,,,,3,4.3,ok
TIC 189005742,220.9649,-56.9587,9.61,0,,,,,4,5.8,ok
TIC 361076949,241.9396,-70.0729,9.61,0,,,,,3,6.7,ok
TIC 402794440,249.0379,-64.2192,9.61,0,,,,,4,6.7,ok
TIC 338654173,199.0359,-70.0571,9.61,0,,,,,4,6.1,ok
TIC 318007796,303.4856,-78.8786,9.61,0,,,,,7,8.8,ok
TIC 422757767,234.149,-64.7902,9.61,0,,,,,3,4.9,ok
TIC 454016233,175.2946,-41.822,9.61,0,,,,,4,6.0,ok
TIC 44916961,229.7207,-57.7746,9.62,0,,,,,4,5.9,ok
TIC 338409865,189.4488,-62.323,9.62,0,,,,,8,13.0,ok
TIC 384388306,250.0253,-78.3132,9.62,0,,,,,3,8.2,ok
TIC 402175877,220.1956,-73.0014,9.62,0,,,,,4,4.8,ok
TIC 339849767,237.6653,-60.7472,9.62,0,,,,,4,5.9,ok
TIC 161738745,190.158,-48.1407,9.62,1,3.6239,18.3,rejete,variabilite_continue,3,8.0,ok
TIC 286911346,190.4802,-19.9675,9.62,0,,,,,3,5.0,ok
TIC 338034467,198.0543,-67.738,9.62,0,,,,,3,5.1,ok
TIC 456277548,231.1692,-63.6339,9.62,0,,10.8,rejete,variabilite_continue;eclipse_secondaire,5,11.3,ok
TIC 360067804,217.2588,-69.7265,9.62,0,,,,,4,5.2,ok
TIC 301323823,178.4822,-55.38,9.62,0,,,,,3,5.5,ok
TIC 394672497,201.7498,-73.5942,9.62,1,11.8413,21.3,rejete,variabilite_continue,4,9.2,ok
TIC 361969525,244.2014,-71.733,9.62,0,,,,,3,7.9,ok
TIC 406342601,327.8739,-65.5437,9.62,0,,,,,6,9.8,ok
TIC 448976566,215.0737,-68.291,9.62,0,,,,,3,5.1,ok
TIC 407126408,234.5716,-80.8032,9.62,1,11.0987,17.4,rejete,variabilite_continue,8,14.7,ok
TIC 362235193,245.3495,-66.3017,9.62,0,,,,,4,5.3,ok
TIC 405846469,192.2004,-56.5939,9.62,0,,12.0,rejete,variabilite_continue;eclipse_secondaire,5,10.6,ok
TIC 379806538,257.0007,-71.0002,9.62,0,,,,,4,8.0,ok
TIC 157174648,175.5507,-34.0926,9.62,0,,,,,2,6.5,ok
TIC 295602047,223.2541,-63.961,9.62,0,,,,,3,5.7,ok
TIC 396170777,298.8791,-71.2613,9.62,0,,,,,10,12.0,ok
TIC 134873712,183.8773,-39.812,9.62,0,,,,,5,7.4,ok
TIC 466198577,302.1172,-60.8733,9.62,0,,,,,6,8.0,ok
TIC 208167288,208.0451,-54.4519,9.62,0,,,,,4,8.2,ok
TIC 270229285,173.6636,-29.8691,9.62,0,,,,,4,13.6,ok
TIC 447221980,250.7277,-64.9129,9.63,0,,,,,3,6.0,ok
TIC 261797569,227.5693,-67.2527,9.63,0,,,,,4,8.6,ok
TIC 447161854,250.1662,-64.7255,9.63,0,,,,,4,8.5,ok
TIC 300636496,244.9772,-62.8569,9.63,0,,,,,4,8.2,ok
TIC 390007307,182.5088,-56.9146,9.63,0,,,,,3,7.2,ok
TIC 374352306,303.3336,-69.6108,9.63,0,,,,,1,5.8,ok
TIC 403124183,324.6331,-62.9498,9.63,0,,,,,5,9.6,ok
TIC 99060505,182.0331,-27.736,9.63,0,,,,,1,3.1,ok
TIC 219305761,315.3704,-59.2715,9.63,0,,,,,8,10.7,ok
TIC 333362765,213.1988,-61.3052,9.63,0,,,,,5,8.3,ok
TIC 310952994,255.8204,-73.6289,9.63,0,,,,,4,5.6,ok
TIC 305844232,263.4147,-63.6935,9.63,0,,,,,5,8.5,ok
TIC 412441328,192.8079,-57.235,9.63,0,,,,,4,8.4,ok
TIC 454834333,227.4774,-65.5063,9.63,0,,,,,8,11.7,ok
TIC 396425243,213.4052,-73.9467,9.63,0,,,,,3,6.9,ok
TIC 245027649,197.7348,-49.1883,9.63,0,,,,,4,6.9,ok
TIC 255769887,258.8621,-65.7706,9.64,0,,,,,4,6.9,ok
TIC 22562130,184.8145,-47.7978,9.64,0,,,,,5,7.5,ok
TIC 278031843,234.7297,-57.3064,9.64,0,,,,,2,4.1,ok
TIC 364352649,252.7897,-66.7576,9.64,0,,,,,4,6.1,ok
TIC 365435722,273.5271,-63.3312,9.64,0,,,,,6,7.4,ok
TIC 388122967,217.1363,-60.5718,9.64,0,,,,,4,9.9,ok
TIC 287669537,198.6559,-47.4624,9.64,0,,,,,5,8.5,ok
TIC 261686130,185.9275,-57.4234,9.64,0,,,,,6,7.0,ok
TIC 420147639,192.3598,-57.9347,9.64,0,,,,,3,5.8,ok
TIC 337154212,196.8649,-70.515,9.64,0,,,,,3,5.7,ok
TIC 271610589,233.1056,-60.5352,9.64,0,,58.2,rejete,variabilite_continue;eclipse_secondaire,7,15.9,ok
TIC 446802935,218.4342,-67.1139,9.64,0,,,,,4,6.9,ok
TIC 363935435,251.2919,-69.8641,9.64,0,,,,,3,4.6,ok
TIC 79901110,237.8805,-59.9462,9.64,0,,,,,4,7.6,ok
TIC 361967262,244.295,-70.6555,9.64,0,,,,,3,10.0,ok
TIC 422406381,182.9049,-23.7676,9.64,0,,,,,5,7.3,ok
TIC 464454235,282.6748,-60.5212,9.64,0,,,,,4,7.3,ok
TIC 454394555,226.412,-62.4384,9.64,0,,,,,4,7.9,ok
TIC 351085912,247.2602,-60.4528,9.64,0,,,,,4,7.2,ok
TIC 448068688,207.7856,-66.5347,9.64,0,,,,,4,7.2,ok
TIC 455014697,227.8289,-64.4192,9.64,0,,22.7,rejete,variabilite_continue;eclipse_secondaire,4,12.6,ok
TIC 448778657,213.2227,-68.6076,9.64,0,,,,,4,8.6,ok
TIC 339217274,199.5131,-66.4386,9.65,0,,,,,3,6.8,ok
TIC 209913161,211.1906,-56.9488,9.65,0,,,,,4,8.2,ok
TIC 397328859,174.9604,-44.817,9.65,0,,,,,4,7.5,ok
TIC 291531819,217.9196,-56.3345,9.65,1,4.9901,32.6,rejete,eclipse_secondaire;compagnon_trop_gros_2.3Rjup,4,9.9,ok
TIC 334622408,183.5499,-53.7208,9.65,0,,,,,3,10.0,ok
TIC 362553116,246.2833,-70.9605,9.65,0,,,,,4,10.8,ok
TIC 391942460,218.2358,-65.1384,9.65,0,,,,,5,12.3,ok
TIC 361989705,196.4105,-73.0967,9.65,0,,,,,3,4.4,ok
TIC 382554108,215.7802,-60.43,9.65,0,,,,,5,8.7,ok
TIC 376270584,179.1872,-54.8136,9.65,0,,,,,3,7.3,ok
TIC 411731830,214.3235,-56.2011,9.65,0,,,,,4,9.0,ok
TIC 303391729,256.6777,-62.0212,9.65,0,,,,,4,8.7,ok
TIC 273819783,189.1886,-54.6909,9.65,0,,,,,3,4.8,ok
TIC 260433429,225.1953,-66.2744,9.65,0,,,,,4,4.8,ok
TIC 381287270,255.6615,-68.6124,9.65,0,,,,,6,8.9,ok
TIC 402555173,220.218,-65.4595,9.65,0,,,,,7,7.5,ok
TIC 448768418,213.3823,-66.9518,9.65,0,,,,,4,7.8,ok
TIC 349954263,245.5608,-61.3702,9.65,0,,,,,4,9.3,ok
TIC 248092710,193.2605,-44.0994,9.65,0,,,,,6,10.2,ok
TIC 401614559,216.4794,-72.1945,9.65,0,,,,,4,7.5,ok
TIC 245232526,199.1061,-50.1919,9.65,0,,,,,4,7.8,ok
TIC 245304994,199.487,-53.299,9.65,0,,,,,6,8.9,ok
TIC 394496655,319.2465,-65.5802,9.66,0,,,,,5,10.2,ok
TIC 179401672,188.0998,-61.709,9.66,0,,,,,5,9.9,ok
TIC 401913803,218.3513,-75.9788,9.66,0,,,,,4,7.5,ok
TIC 454234604,226.025,-65.4538,9.66,0,,11.2,rejete,variabilite_continue;eclipse_secondaire,4,10.3,ok
TIC 260770623,189.1232,-49.4016,9.66,0,,,,,4,7.1,ok
TIC 436683621,193.9005,-64.3697,9.66,0,,,,,3,9.4,ok
TIC 157212865,175.7808,-31.6434,9.66,0,,,,,2,4.9,ok
TIC 291806252,220.9696,-62.5415,9.66,0,,16.2,rejete,variabilite_continue;eclipse_secondaire,3,8.8,ok
TIC 338251663,198.5252,-68.1671,9.66,0,,,,,3,5.2,ok
TIC 383235980,184.067,-61.5265,9.66,0,,,,,3,6.0,ok
TIC 352435054,301.7303,-66.7447,9.66,0,,,,,4,6.2,ok
TIC 259230140,223.1935,-68.6666,9.66,0,,,,,7,10.1,ok
TIC 381867133,208.6171,-61.0669,9.66,0,,,,,4,6.1,ok
TIC 335591399,183.7365,-17.522,9.66,0,,,,,2,5.1,ok
TIC 260651052,186.5878,-49.3929,9.66,0,,,,,3,5.8,ok
TIC 400860669,178.5229,-49.1823,9.66,0,,,,,3,9.5,ok
TIC 424133684,236.1644,-62.5138,9.66,0,,,,,4,8.0,ok
TIC 384742271,258.2412,-81.8111,9.66,0,,,,,5,9.0,ok
TIC 429352081,207.2071,-69.4566,9.67,0,,,,,3,6.6,ok
TIC 363596599,249.7907,-68.3861,9.67,0,,,,,3,5.5,ok
TIC 1309555082,256.3369,-81.1554,9.67,0,,,,,4,7.5,ok
TIC 320805242,298.786,-59.8647,9.67,0,,,,,4,7.9,ok
TIC 298717669,243.0206,-63.2151,9.67,0,,,,,4,6.6,ok
TIC 253460519,196.9426,-55.9255,9.67,0,,,,,3,7.5,ok
TIC 130731769,186.9344,-30.4222,9.67,0,,,,,4,6.5,ok
TIC 361082940,242.1653,-71.0017,9.67,0,,,,,5,9.6,ok
TIC 403230109,228.4577,-75.0813,9.67,0,,17.2,rejete,variabilite_continue;eclipse_secondaire,5,11.7,ok
TIC 186818850,220.1434,-59.3271,9.67,0,,,,,6,8.6,ok
TIC 420340349,198.8861,-54.6862,9.67,0,,,,,5,9.1,ok
TIC 260937089,201.7137,-49.7742,9.67,0,,,,,5,10.2,ok
TIC 339213949,199.6453,-66.8428,9.68,0,,,,,3,7.4,ok
TIC 349864448,245.6688,-63.2199,9.68,0,,,,,4,8.0,ok
TIC 219971279,306.1622,-57.9225,9.68,0,,,,,5,9.1,ok
TIC 330971549,214.0358,-51.763,9.68,0,,,,,6,8.8,ok
TIC 436901731,193.7973,-60.9417,9.68,0,,,,,3,8.4,ok
TIC 22330922,178.1193,-21.236,9.68,0,,,,,4,6.5,ok
TIC 204649819,184.882,-24.0053,9.68,0,,,,,2,4.0,ok
TIC 295190150,223.055,-61.0478,9.69,0,,,,,4,5.6,ok
TIC 245264282,199.3415,-52.255,9.69,0,,,,,4,5.2,ok
TIC 341449340,203.0789,-71.5622,9.69,0,,,,,3,4.6,ok
TIC 334858229,184.5803,-49.0611,9.69,0,,,,,3,5.1,ok
TIC 160833326,189.7758,-51.5289,9.69,0,,,,,3,5.7,ok
TIC 163032292,190.9673,-51.0443,9.69,0,,,,,3,5.6,ok
TIC 344030826,286.1479,-59.3053,9.69,0,,,,,2,7.0,ok
TIC 253343757,196.2078,-57.2182,9.69,0,,,,,3,6.9,ok
TIC 423652327,235.392,-63.1012,9.69,0,,,,,4,9.9,ok
TIC 464350059,280.7375,-62.1583,9.69,0,,,,,5,9.4,ok
TIC 410401313,291.5488,-68.4282,9.69,0,,,,,7,11.3,ok
TIC 39761579,227.0821,-55.9475,9.69,0,,12.7,rejete,variabilite_continue;eclipse_secondaire,5,11.9,ok
TIC 257036465,200.4197,-59.7856,9.69,0,,,,,5,6.6,ok
TIC 420532066,216.194,-52.1104,9.69,0,,,,,4,5.6,ok
TIC 397365827,175.2976,-47.0952,9.69,0,,,,,6,7.1,ok
TIC 412365473,190.7053,-58.854,9.69,0,,,,,3,8.9,ok
TIC 402700858,248.3736,-60.9633,9.69,0,,,,,3,9.2,ok
TIC 209710449,210.7861,-55.0077,9.69,0,,,,,4,10.0,ok
TIC 208575792,208.6901,-54.5109,9.69,0,,,,,4,9.1,ok
TIC 328388687,190.7672,-66.3645,9.69,0,,,,,3,6.8,ok
TIC 166558394,192.8299,-51.3043,9.7,0,,,,,3,8.0,ok
TIC 298943110,243.1086,-61.5945,9.7,0,,,,,5,8.3,ok
TIC 300222631,208.5372,-60.3393,9.7,0,,,,,3,6.9,ok
TIC 427033731,237.4905,-67.7348,9.7,0,,,,,3,6.9,ok
TIC 426969698,237.0987,-67.3194,9.7,0,,,,,4,7.5,ok
TIC 363600442,249.6529,-70.0576,9.7,0,,,,,5,11.0,ok
TIC 360911542,191.343,-73.6957,9.7,0,,,,,3,7.8,ok
TIC 382152550,285.6844,-66.9194,9.7,0,,,,,5,10.9,ok
TIC 256007674,198.617,-55.2574,9.7,0,,,,,3,4.9,ok
TIC 311653246,261.2879,-75.9727,9.7,0,,,,,4,8.9,ok
TIC 337456027,215.1836,-60.5409,9.7,0,,,,,4,6.7,ok
TIC 255918967,266.6434,-70.3572,9.7,0,,,,,4,5.5,ok
TIC 413354790,214.6844,-59.1482,9.7,0,,,,,4,8.5,ok
TIC 407165509,235.8984,-83.8008,9.7,0,,,,,6,8.7,ok
TIC 273279919,188.5231,-56.4681,9.7,0,,,,,3,6.4,ok
TIC 446879443,232.2801,-66.802,9.7,0,,,,,5,10.9,ok
TIC 248076694,193.0528,-43.8161,9.7,0,,,,,4,6.5,ok
TIC 341786644,203.3906,-71.1765,9.7,0,,,,,3,3.3,ok
TIC 341453404,203.3185,-70.1889,9.7,0,,,,,3,5.8,ok
TIC 276538313,264.57,-78.7738,9.7,0,,,,,3,7.9,ok
TIC 325984718,209.9043,-63.1582,9.7,0,,,,,4,12.6,ok
TIC 68079756,190.1054,-54.2585,9.7,0,,,,,3,7.2,ok
TIC 469811913,300.1897,-74.3648,9.7,0,,,,,4,5.1,ok
TIC 434139537,190.8803,-64.1357,9.7,0,,,,,3,4.0,ok
TIC 381138623,238.0273,-68.5351,9.7,0,,,,,3,5.6,ok
TIC 94464047,177.4569,-53.685,9.7,0,,,,,3,4.1,ok
TIC 380139885,180.784,-46.8793,9.7,0,,,,,4,5.6,ok
TIC 207781988,207.1834,-54.843,9.7,0,,,,,4,6.3,ok
TIC 361405265,242.9542,-66.6424,9.71,0,,,,,5,6.0,ok
TIC 422373116,182.3045,-18.7275,9.71,0,,,,,4,5.4,ok
TIC 454809613,227.3661,-64.6899,9.71,0,,,,,4,6.0,ok
TIC 402840106,249.2329,-63.3956,9.71,0,,,,,3,5.1,ok
TIC 334782805,184.4445,-53.2543,9.71,0,,,,,4,7.6,ok
TIC 467997499,289.4753,-61.2993,9.71,0,,,,,4,6.4,ok
TIC 21956170,182.0549,-46.0855,9.71,0,,,,,3,4.6,ok
TIC 288100922,187.1938,-51.1033,9.71,0,,,,,3,7.3,ok
TIC 163653458,191.3408,-48.4532,9.71,0,,,,,3,6.4,ok
TIC 456901103,196.1191,-43.399,9.71,0,,,,,2,4.9,ok
TIC 72497790,187.4245,-45.6383,9.71,0,,,,,3,6.4,ok
TIC 275544356,179.0144,-43.9397,9.71,0,,,,,3,6.0,ok
TIC 447318752,251.4627,-63.4045,9.71,0,,,,,4,6.6,ok
TIC 361968893,244.2513,-71.4129,9.71,0,,,,,4,6.6,ok
TIC 22754600,185.4721,-42.8276,9.71,0,,,,,3,6.0,ok
TIC 273212753,178.8928,-51.6709,9.71,0,,,,,3,5.2,ok
TIC 364206806,252.0992,-66.7872,9.71,0,,,,,5,6.7,ok
TIC 406373894,197.7502,-54.1474,9.71,1,5.1757,23.6,rejete,variabilite_continue,3,8.6,ok
TIC 351395678,307.5058,-65.8604,9.71,0,,,,,3,10.6,ok
TIC 406586208,198.2272,-56.8882,9.71,0,,,,,3,7.5,ok
TIC 384844102,263.1873,-80.1044,9.71,0,,,,,4,9.9,ok
TIC 425926072,235.7415,-72.0913,9.71,0,,,,,4,6.8,ok
TIC 403599575,231.8487,-73.2147,9.72,0,,,,,5,9.0,ok
TIC 340878553,238.441,-61.664,9.72,0,,,,,8,11.4,ok
TIC 422697511,233.8875,-64.8676,9.72,0,,,,,4,9.0,ok
TIC 162398220,190.862,-49.2544,9.72,0,,,,,3,7.4,ok
TIC 406376496,198.0748,-54.6484,9.72,0,,,,,4,6.4,ok
TIC 188211733,220.6965,-56.3324,9.72,0,,,,,4,8.1,ok
TIC 401310606,188.0931,-50.692,9.72,0,,,,,3,7.2,ok
TIC 350284442,246.1321,-62.1414,9.72,0,,,,,4,9.6,ok
TIC 451063405,187.6853,-61.1219,9.72,0,,,,,3,6.9,ok
TIC 166557393,192.9716,-48.0811,9.72,0,,,,,3,8.4,ok
TIC 160827917,189.9009,-52.3734,9.72,0,,,,,4,10.9,ok
TIC 406244401,325.1616,-64.8571,9.72,0,,,,,4,11.1,ok
TIC 157257983,176.4732,-30.8525,9.72,0,,,,,5,8.9,ok
TIC 311175008,257.5137,-73.9692,9.72,0,,,,,4,9.7,ok
TIC 371873776,306.4184,-67.5819,9.72,0,,13.1,rejete,variabilite_continue;eclipse_secondaire,3,11.5,ok
TIC 380595424,268.8682,-65.9446,9.72,0,,,,,4,6.6,ok
TIC 448776580,213.2817,-68.2383,9.72,0,,,,,4,8.6,ok
TIC 261519133,227.0202,-70.6327,9.72,0,,,,,4,7.2,ok
TIC 448791564,213.6291,-71.8628,9.72,1,11.3134,33.2,rejete,compagnon_trop_gros_2.5Rjup,4,8.5,ok
TIC 307320164,267.956,-63.2822,9.72,1,1.0946,20.1,rejete,variabilite_continue;eclipse_secondaire,4,9.1,ok
TIC 464550607,285.4875,-61.8907,9.72,0,,,,,4,6.6,ok
TIC 305019838,261.3209,-62.3479,9.72,0,,,,,4,9.0,ok
TIC 448349084,210.1107,-69.7038,9.72,0,,,,,4,8.8,ok
TIC 303919131,278.2364,-64.4661,9.72,0,,,,,5,10.3,ok
TIC 204695287,185.4715,-26.7441,9.73,0,,,,,4,5.9,ok
TIC 456987804,201.6494,-59.1246,9.73,0,,,,,4,6.3,ok
TIC 440710465,196.8215,-64.053,9.73,0,,,,,5,8.1,ok
TIC 403371685,229.6323,-75.4221,9.73,0,,,,,5,8.4,ok
TIC 447000187,233.7477,-67.4313,9.73,0,,,,,4,5.6,ok
TIC 257141147,219.473,-70.349,9.73,0,,,,,4,6.2,ok
TIC 257144912,219.6923,-69.1713,9.73,0,,,,,4,7.0,ok
TIC 396365542,212.8535,-74.4089,9.73,0,,,,,3,5.0,ok
TIC 261706722,227.698,-66.5653,9.73,0,,,,,4,6.3,ok
TIC 415241207,189.1822,-63.1794,9.73,0,,,,,5,7.5,ok
TIC 38803061,226.8242,-57.5228,9.73,0,,,,,3,6.1,ok
TIC 72497690,187.4725,-45.7154,9.73,0,,,,,3,4.9,ok
TIC 163583403,174.4477,-43.5555,9.73,0,,,,,3,6.6,ok
TIC 290092354,205.2095,-55.6677,9.73,0,,,,,4,6.5,ok
TIC 387313667,312.5286,-56.0958,9.73,0,,,,,6,8.1,ok
TIC 364154800,291.503,-75.9124,9.73,0,,,,,4,7.1,ok
TIC 411924700,271.3593,-62.3293,9.73,0,,,,,4,8.6,ok
TIC 289037119,201.9166,-57.9887,9.73,0,,,,,4,5.7,ok
TIC 381259601,182.4678,-63.8302,9.73,0,,22.8,rejete,variabilite_continue;eclipse_secondaire,5,12.8,ok
TIC 307314394,208.7937,-42.5485,9.73,0,,,,,2,5.5,ok
TIC 350362082,246.2441,-61.2514,9.73,0,,,,,4,8.2,ok
TIC 304658822,260.2539,-61.7092,9.73,0,,,,,4,6.7,ok
TIC 9560567,193.1703,-28.4112,9.73,0,,,,,3,8.4,ok
TIC 380005387,181.494,-63.3541,9.73,0,,15.2,rejete,variabilite_continue;eclipse_secondaire,3,10.0,ok
TIC 263310222,234.2379,-67.2948,9.74,0,,,,,4,4.3,ok
TIC 286191384,187.259,-26.2553,9.74,0,,,,,3,5.4,ok
TIC 423766099,235.6545,-64.9905,9.74,0,,,,,4,9.4,ok
TIC 334615998,183.4958,-51.3962,9.74,0,,,,,3,6.8,ok
TIC 425637876,232.3885,-75.9561,9.74,0,,,,,3,4.9,ok
TIC 336275380,195.8025,-68.144,9.74,0,,,,,3,5.0,ok
TIC 228761172,194.205,-24.5634,9.74,0,,,,,2,6.4,ok
TIC 187971045,220.7741,-58.6488,9.74,0,,,,,4,7.2,ok
TIC 263088956,230.4247,-69.3999,9.74,0,,,,,4,6.9,ok
TIC 433012338,170.4872,-24.2015,9.74,0,,,,,2,4.5,ok
TIC 306996324,178.5789,-37.5538,9.74,2,7.8327;5.4977,16.8,rejete,variabilite_continue,6,14.3,ok
TIC 413721733,215.2474,-59.8516,9.74,0,,,,,7,10.0,ok
TIC 426880281,236.7878,-70.8119,9.74,0,,,,,5,10.5,ok
TIC 272307958,187.6701,-58.5196,9.74,0,,,,,3,8.5,ok
TIC 387294430,312.3008,-58.1763,9.74,0,,38.4,rejete,variabilite_continue;eclipse_secondaire,4,10.3,ok
TIC 296378354,223.6595,-65.7982,9.74,0,,,,,4,6.8,ok
TIC 306980205,266.5886,-62.4818,9.74,0,,,,,5,7.4,ok
TIC 73232846,190.185,-43.5614,9.74,0,,,,,5,7.4,ok
TIC 21165739,186.9063,-50.6138,9.74,0,,25.5,rejete,variabilite_continue;eclipse_secondaire,4,10.8,ok
TIC 413004028,204.6905,-58.2821,9.74,0,,,,,4,8.1,ok
TIC 271324183,233.0476,-63.659,9.74,0,,,,,3,6.7,ok
TIC 72504017,187.6514,-43.9536,9.74,0,,,,,4,7.1,ok
TIC 448962730,215.1267,-66.1203,9.75,0,,,,,5,8.3,ok
TIC 294883738,268.0555,-70.0193,9.75,0,,,,,4,8.9,ok
TIC 428643392,179.3389,-19.646,9.75,0,,,,,4,7.9,ok
TIC 409745228,288.8981,-65.3053,9.75,0,,,,,3,4.7,ok
TIC 426000452,236.3869,-74.9109,9.75,0,,,,,4,7.0,ok
TIC 361862062,244.4688,-68.259,9.75,0,,,,,4,8.2,ok
TIC 343707166,206.641,-71.125,9.75,0,,,,,3,7.6,ok
TIC 329164617,191.4842,-67.7029,9.75,0,,32.1,rejete,variabilite_continue;eclipse_secondaire,3,7.0,ok
TIC 258816774,222.4828,-70.9178,9.75,0,,,,,4,9.7,ok
TIC 97824620,171.2212,-24.3122,9.75,0,,,,,6,11.4,ok
TIC 241469750,205.7841,-50.9458,9.75,0,,,,,3,6.1,ok
TIC 464525847,285.3797,-61.6034,9.75,0,,,,,4,9.1,ok
TIC 209390470,210.4981,-59.3708,9.75,0,,,,,4,9.7,ok
TIC 242260526,211.8075,-46.4046,9.75,0,,,,,3,4.5,ok
TIC 411956519,290.7907,-62.8219,9.75,0,,,,,4,6.1,ok
TIC 310655582,253.7459,-76.3848,9.75,0,,,,,1,6.3,ok
TIC 72927460,189.0764,-47.0283,9.75,0,,,,,3,4.7,ok
TIC 324863483,209.2311,-65.8764,9.75,0,,,,,4,6.7,ok
TIC 384509194,252.8785,-79.7897,9.75,0,,,,,3,6.1,ok
TIC 428684820,180.152,-20.2705,9.75,0,,,,,2,5.0,ok
TIC 396362878,212.9063,-73.3523,9.76,0,,,,,4,7.2,ok
TIC 409744377,289.0723,-64.1489,9.76,0,,,,,5,7.5,ok
TIC 423976871,235.8827,-62.0669,9.76,0,,,,,4,5.0,ok
TIC 258321864,182.3783,-46.4768,9.76,0,,,,,3,6.6,ok
TIC 436267736,193.3361,-60.388,9.76,0,,20.4,rejete,variabilite_continue;eclipse_secondaire,5,10.1,ok
TIC 329547029,192.0373,-70.3251,9.76,0,,,,,3,7.2,ok
TIC 94642133,177.7865,-53.4358,9.76,0,,,,,3,6.0,ok
TIC 425314423,190.9958,-54.4389,9.76,0,,42.1,rejete,variabilite_continue;eclipse_secondaire,3,10.2,ok
TIC 256331423,199.9015,-56.8995,9.76,0,,,,,3,3.6,ok
TIC 454478246,226.5867,-62.9176,9.76,0,,,,,4,4.7,ok
TIC 61373318,175.6936,-43.1101,9.76,0,,,,,3,6.1,ok
TIC 350962471,247.0942,-61.7148,9.76,0,,,,,4,5.0,ok
TIC 209737099,211.121,-54.5313,9.76,0,,,,,4,7.4,ok
TIC 465763802,282.4444,-67.876,9.76,0,,,,,5,5.7,ok
TIC 325498770,186.3647,-67.9783,9.76,0,,,,,3,5.0,ok
TIC 384159646,243.7131,-81.6807,9.76,0,,,,,8,11.7,ok
TIC 68601211,202.8754,-54.3076,9.76,0,,,,,4,7.6,ok
TIC 344978914,276.8155,-62.6154,9.76,0,,,,,5,6.9,ok
TIC 448978903,215.1238,-68.772,9.76,0,,12.7,rejete,variabilite_continue;eclipse_secondaire,4,7.3,ok
TIC 421191260,182.1721,-29.6631,9.77,0,,,,,4,10.3,ok
TIC 300063484,244.2534,-64.5791,9.77,0,,,,,4,8.6,ok
TIC 166241892,192.5971,-51.0368,9.77,0,,,,,3,4.6,ok
TIC 350575997,246.6214,-63.4579,9.77,0,,,,,7,8.6,ok
TIC 466093560,293.6533,-65.2915,9.77,0,,,,,6,12.7,ok
TIC 260342097,225.0368,-65.9856,9.77,0,,307.8,rejete,eclipse_secondaire;compagnon_trop_gros_3.9Rjup,4,9.5,ok
TIC 448503368,211.3466,-71.4706,9.77,0,,,,,4,9.8,ok
TIC 387064447,273.3493,-70.9494,9.77,0,,,,,4,6.4,ok
TIC 449702250,200.8099,-62.7211,9.77,0,,,,,3,4.5,ok
TIC 304202299,275.1557,-66.174,9.77,0,,,,,4,4.8,ok
TIC 295374793,271.8802,-68.6313,9.77,0,,,,,5,5.9,ok
TIC 219767019,192.3628,-21.4548,9.77,0,,,,,4,9.0,ok
TIC 22649405,185.1907,-46.3113,9.77,0,,,,,4,5.8,ok
TIC 401827042,217.628,-72.7592,9.77,0,,,,,8,9.5,ok
TIC 420153283,192.4438,-58.8751,9.77,0,,,,,3,6.5,ok
TIC 341051212,202.6688,-71.3831,9.77,0,,,,,3,7.5,ok
TIC 339520743,200.1936,-67.4967,9.77,0,,,,,3,5.4,ok
TIC 191313361,221.6538,-57.6675,9.77,0,,,,,4,9.7,ok
TIC 336278483,195.6777,-68.7403,9.77,0,,,,,3,5.6,ok
TIC 341077229,312.7397,-63.8724,9.77,0,,,,,5,8.8,ok
TIC 334789244,184.3605,-50.456,9.77,0,,,,,3,5.5,ok
TIC 454991139,227.9394,-62.879,9.77,0,,,,,4,5.4,ok
TIC 168164332,193.638,-48.4935,9.77,0,,,,,4,5.5,ok
TIC 396592459,213.9283,-72.7761,9.77,0,,,,,4,5.6,ok
TIC 253451973,196.8109,-54.3062,9.77,0,,,,,5,8.4,ok
TIC 311650254,260.6206,-76.2234,9.78,0,,,,,4,7.9,ok
TIC 273316772,185.6652,-53.1654,9.78,0,,,,,3,7.3,ok
TIC 256167068,199.4963,-55.5514,9.78,0,,,,,3,6.9,ok
TIC 422171970,189.027,-50.7763,9.78,0,,,,,3,7.0,ok
TIC 361872899,195.8299,-73.072,9.78,0,,,,,3,6.7,ok
TIC 403444971,230.3418,-72.7527,9.78,0,,,,,4,11.3,ok
TIC 45752078,230.3309,-56.9819,9.78,0,,,,,4,6.5,ok
TIC 295595101,273.9115,-67.3243,9.78,0,,,,,4,8.8,ok
TIC 381233620,254.4978,-68.8609,9.78,0,,,,,4,6.2,ok
TIC 469792186,298.2047,-69.2923,9.78,0,,,,,2,4.7,ok
TIC 449062496,216.0707,-69.4019,9.78,0,,,,,4,6.2,ok
TIC 335593388,194.7179,-69.0817,9.78,0,,,,,3,6.4,ok
TIC 340148083,201.2262,-67.2814,9.78,0,,,,,3,4.9,ok
TIC 350681083,246.4909,-60.9031,9.78,0,,,,,4,7.0,ok
TIC 94014153,176.3939,-49.6325,9.78,0,,,,,3,8.4,ok
TIC 328013982,190.1725,-68.1197,9.78,0,,,,,3,7.7,ok
TIC 426281307,240.9336,-74.1308,9.78,0,,,,,5,7.5,ok
TIC 407576047,264.1884,-76.7033,9.78,0,,,,,6,7.4,ok
TIC 312323178,210.3415,-53.8384,9.78,0,,,,,3,9.9,ok
TIC 292539409,281.9144,-66.0965,9.78,0,,,,,5,5.8,ok
TIC 163030599,190.9602,-49.0131,9.78,0,,,,,3,6.2,ok
TIC 292171137,218.1594,-57.5477,9.78,0,,,,,4,6.1,ok
TIC 447705765,255.0131,-63.2532,9.79,0,,,,,4,6.2,ok
TIC 410881703,214.1337,-57.888,9.79,0,,,,,4,5.8,ok
TIC 327026873,188.798,-69.1255,9.79,0,,,,,3,4.4,ok
TIC 372172466,312.4701,-69.6893,9.79,0,,,,,4,4.9,ok
TIC 245335666,199.6672,-52.1834,9.79,0,,,,,4,8.7,ok
TIC 403600988,231.6401,-72.5576,9.79,0,,,,,4,9.4,ok
TIC 179478493,188.1677,-62.7208,9.79,0,,,,,3,8.0,ok
TIC 395401572,206.9109,-75.0324,9.79,0,,,,,3,9.6,ok
TIC 419908738,202.6339,-52.3872,9.79,0,,,,,4,5.7,ok
TIC 243343013,204.6104,-43.6119,9.79,0,,,,,3,4.8,ok
TIC 466266273,304.6143,-60.9526,9.79,0,,,,,4,4.6,ok
TIC 241289327,203.5958,-52.8902,9.79,0,,,,,4,6.6,ok
TIC 402462638,247.9546,-60.1742,9.79,0,,,,,4,7.3,ok
TIC 208164287,207.9734,-54.1256,9.79,0,,,,,4,8.0,ok
TIC 402518519,247.8821,-61.3044,9.79,0,,,,,4,6.7,ok
TIC 261688500,185.9049,-57.9378,9.8,1,1.6428,115.3,rejete,variabilite_continue;eclipse_secondaire,3,7.5,ok
TIC 423213849,234.6245,-61.1126,9.8,0,,,,,4,6.7,ok
TIC 352003665,282.9857,-72.0378,9.8,0,,,,,2,5.1,ok
TIC 276676401,269.3878,-81.492,9.8,0,,,,,4,5.6,ok
TIC 345135732,177.1004,-37.4804,9.8,0,,,,,6,10.7,ok
TIC 309179410,184.5531,-61.9642,9.8,0,,,,,4,8.2,ok
TIC 412878613,204.7099,-54.1169,9.8,0,,,,,4,6.1,ok
TIC 61635991,176.7101,-42.6165,9.8,0,,,,,7,10.0,ok
TIC 341381465,202.7898,-71.3147,9.8,0,,,,,3,9.0,ok
TIC 401188779,187.6435,-48.7598,9.8,0,,,,,3,5.7,ok
TIC 406777256,223.8614,-83.6064,9.8,0,,,,,1,2.6,ok
TIC 209560277,210.645,-57.1981,9.8,0,,,,,4,5.9,ok
TIC 209659381,210.8018,-57.7198,9.8,0,,,,,5,8.1,ok
TIC 260133735,224.6188,-67.2783,9.8,0,,,,,4,5.8,ok
TIC 102171925,195.3176,-41.1397,9.8,0,,,,,3,3.8,ok
TIC 403592950,231.6495,-77.7585,9.8,0,,,,,4,6.1,ok
TIC 334860347,184.6246,-50.2239,9.8,0,,,,,3,4.1,ok
TIC 426134727,238.4762,-73.581,9.81,0,,,,,4,10.3,ok
TIC 260927155,226.2427,-71.3828,9.81,0,,,,,4,10.4,ok
TIC 334078494,192.7623,-71.5264,9.81,0,,,,,3,6.5,ok
TIC 401921618,218.2332,-72.5118,9.81,0,,,,,4,6.6,ok
TIC 394459724,314.2795,-59.0504,9.81,0,,,,,5,7.4,ok
TIC 341603639,239.1996,-61.0055,9.81,0,,,,,4,12.2,ok
TIC 241314675,203.9468,-50.3128,9.81,0,,,,,4,12.2,ok
TIC 306357593,264.8661,-63.4194,9.81,0,,50.4,rejete,variabilite_continue;eclipse_secondaire,5,16.0,ok
TIC 372537143,249.3287,-60.491,9.81,0,,,,,3,7.0,ok
TIC 296373380,223.7698,-64.924,9.81,0,,,,,4,6.9,ok
TIC 295373573,271.7586,-67.5315,9.81,0,,,,,4,6.7,ok
TIC 288863830,231.9512,-76.516,9.81,0,,,,,3,5.0,ok
TIC 447230209,250.5784,-62.5572,9.81,0,,,,,4,5.6,ok
TIC 469878140,316.7934,-75.189,9.81,0,,,,,3,6.6,ok
TIC 94179315,176.79,-49.4881,9.81,0,,,,,3,4.9,ok
TIC 259526570,223.8425,-70.9876,9.81,0,,,,,4,6.3,ok
TIC 394163816,198.5889,-73.062,9.81,0,,,,,4,9.2,ok
TIC 454016251,175.3199,-41.8395,9.82,0,,,,,4,5.7,ok
TIC 352316455,300.4624,-69.023,9.82,0,,,,,4,7.4,ok
TIC 255968611,198.6841,-55.6427,9.82,0,,,,,3,6.7,ok
TIC 334471133,193.2009,-69.818,9.82,0,,,,,3,5.5,ok
TIC 263210597,230.594,-66.0829,9.82,0,,,,,4,5.9,ok
TIC 166883696,193.0248,-53.8384,9.82,0,,,,,3,6.0,ok
TIC 166882964,192.9009,-51.3087,9.82,0,,,,,5,7.0,ok
TIC 261572616,185.9163,-54.259,9.82,0,,,,,3,5.1,ok
TIC 443221361,199.0432,-62.3197,9.82,0,,,,,3,4.3,ok
TIC 350965909,247.0865,-60.9525,9.82,0,,,,,4,6.9,ok
TIC 425729141,233.6345,-73.2821,9.82,0,,,,,4,5.5,ok
TIC 362240774,245.4279,-67.0187,9.82,0,,17.5,rejete,variabilite_continue;eclipse_secondaire,4,7.9,ok
TIC 181151122,174.0021,-36.5897,9.82,0,,,,,6,7.6,ok
TIC 161162951,189.8832,-50.6236,9.82,0,,,,,3,9.0,ok
TIC 424425830,236.6749,-63.3741,9.82,0,,,,,4,14.9,ok
TIC 310174475,250.9931,-73.2303,9.82,0,,,,,4,7.3,ok
TIC 165560320,180.8837,-36.9155,9.82,0,,,,,2,5.9,ok
TIC 293730838,263.2284,-69.3166,9.82,0,,,,,3,5.4,ok
TIC 306461127,265.3294,-63.3014,9.82,0,,,,,5,7.6,ok
TIC 434492105,172.7971,-23.5986,9.82,0,,,,,2,5.7,ok
TIC 449576953,200.4543,-65.046,9.82,0,,,,,4,7.2,ok
TIC 288286438,187.4724,-48.8704,9.82,0,,,,,3,6.1,ok
TIC 265467908,321.1562,-64.0036,9.82,0,,,,,4,6.7,ok
TIC 21164578,187.0009,-49.9069,9.82,0,,,,,3,6.8,ok
TIC 316888694,203.4935,-60.6381,9.82,0,,,,,4,6.2,ok
TIC 68522683,202.8689,-58.3829,9.82,2,2.1765;4.352,79.5,rejete,variabilite_continue,4,11.8,ok
TIC 426401531,242.5147,-73.1195,9.83,0,,,,,3,3.9,ok
TIC 371836821,306.0683,-66.8962,9.83,0,,,,,5,11.5,ok
TIC 295048545,269.3701,-70.0564,9.83,0,,,,,4,5.4,ok
TIC 43705631,229.1683,-57.2382,9.83,0,,,,,4,6.1,ok
TIC 42603860,228.481,-58.6118,9.83,0,,,,,6,7.6,ok
TIC 72559627,187.6945,-46.4298,9.83,0,,,,,3,6.9,ok
TIC 424484262,236.5891,-61.051,9.83,0,,,,,4,5.3,ok
TIC 297749997,224.7975,-62.1213,9.83,0,,,,,4,5.7,ok
TIC 311205242,185.5405,-62.3982,9.83,1,1.0076,10.1,rejete,variabilite_continue;eclipse_secondaire,3,8.0,ok
TIC 255775303,186.0009,-49.0049,9.83,0,,,,,4,5.5,ok
TIC 245359071,199.805,-49.0932,9.83,0,,,,,3,5.8,ok
TIC 402808503,225.0598,-77.0727,9.83,0,,,,,5,6.6,ok
TIC 337509608,197.4455,-66.9835,9.83,0,,,,,3,4.4,ok
TIC 401827140,217.6533,-72.7277,9.83,0,,,,,9,11.2,ok
TIC 361336345,242.8258,-69.2833,9.83,0,,,,,4,6.0,ok
TIC 261952254,228.0864,-68.8332,9.83,1,1.0627,10.4,rejete,variabilite_continue;eclipse_secondaire,4,8.0,ok
TIC 273020657,188.3904,-57.2353,9.83,0,,,,,5,8.0,ok
TIC 429348441,207.1126,-70.549,9.83,0,,,,,3,4.7,ok
TIC 412245022,190.6456,-54.6958,9.83,0,,,,,3,5.7,ok
TIC 253453893,196.9276,-54.158,9.84,1,3.4615,35.4,a_verifier,,3,8.9,ok
TIC 257783275,220.76,-70.2632,9.84,0,,,,,4,7.4,ok
TIC 466097559,294.7442,-66.2625,9.84,0,,,,,7,8.5,ok
TIC 361966647,244.3597,-70.3852,9.84,0,,,,,3,6.2,ok
TIC 360958689,283.4266,-61.451,9.84,0,,,,,4,7.1,ok
TIC 338044238,198.0141,-69.6451,9.84,0,,,,,3,6.3,ok
TIC 259525266,223.6337,-71.5013,9.84,0,,,,,5,8.8,ok
TIC 415625922,223.2975,-54.0317,9.84,0,,,,,4,5.6,ok
TIC 311587909,185.9472,-64.0487,9.84,0,,,,,4,7.1,ok
TIC 142392797,181.8903,-30.1354,9.84,0,,,,,1,3.1,ok
TIC 61640731,176.6459,-46.8826,9.85,0,,,,,3,5.4,ok
TIC 38638193,181.073,-22.8961,9.85,0,,,,,1,11.3,ok
TIC 219306273,316.6807,-59.1999,9.85,0,,,,,5,8.3,ok
TIC 398831660,180.4321,-55.2394,9.85,0,,,,,3,15.6,ok
TIC 167856491,193.2931,-53.4786,9.85,0,,,,,3,12.5,ok
TIC 322777087,169.1829,-25.6512,9.85,0,,,,,3,11.8,ok
TIC 405915590,192.6589,-57.9075,9.85,0,,,,,3,12.5,ok
TIC 315350812,203.1758,-65.2414,9.85,0,,12.1,rejete,variabilite_continue,3,10.7,ok
TIC 449348769,191.1976,-42.4367,9.85,0,,,,,5,10.0,ok
TIC 61474606,175.9145,-42.4386,9.85,0,,,,,4,12.6,ok
TIC 402852751,225.5591,-75.5806,9.85,0,,,,,6,14.0,ok
TIC 412870342,194.144,-56.0571,9.85,0,,,,,3,12.6,ok
TIC 253327969,195.9294,-54.5379,9.85,0,,,,,3,11.0,ok
TIC 340787691,292.0469,-74.7019,9.85,0,,,,,4,8.2,ok
TIC 411982793,291.2687,-62.5716,9.85,0,,,,,4,10.7,ok
TIC 308466959,184.0898,-60.3202,9.85,0,,,,,3,9.6,ok
TIC 311246717,258.1336,-75.6802,9.85,0,,,,,4,9.9,ok
TIC 241537051,206.6173,-49.0675,9.85,0,,,,,5,8.6,ok
TIC 162079073,190.3352,-52.2699,9.85,0,,,,,3,12.0,ok
TIC 335292373,194.4858,-67.5035,9.85,0,,27.1,rejete,variabilite_continue;eclipse_secondaire;compagnon_trop_gros_2.1Rjup,3,9.9,ok
TIC 410554633,214.2267,-54.3013,9.85,0,,,,,4,7.8,ok
TIC 383993899,239.8006,-81.9079,9.86,0,,,,,3,6.9,ok
TIC 363455521,249.0495,-71.4554,9.86,0,,,,,4,9.6,ok
TIC 293246090,260.995,-70.428,9.86,0,,,,,4,13.4,ok
TIC 390471207,184.4774,-56.4503,9.86,1,5.2628,32.7,rejete,variabilite_continue,3,9.0,ok
TIC 405700841,192.0184,-56.9255,9.86,0,,,,,3,7.0,ok
TIC 329091144,191.4295,-71.8889,9.86,0,,,,,3,7.1,ok
TIC 460719374,191.6656,-61.1425,9.86,0,,28.2,rejete,variabilite_continue;eclipse_secondaire,8,15.3,ok
TIC 424539679,236.754,-60.2227,9.86,0,,,,,4,8.7,ok
TIC 437813613,194.6519,-63.499,9.86,0,,,,,3,6.5,ok
TIC 402833427,248.8829,-65.8761,9.86,0,,,,,4,12.5,ok
TIC 387191508,304.0112,-56.6846,9.86,0,,,,,4,11.5,ok
TIC 161739848,190.1587,-50.0656,9.86,0,,,,,4,11.6,ok
TIC 169475068,194.2215,-52.2567,9.87,0,,,,,3,8.4,ok
TIC 342193764,203.9803,-71.2423,9.87,0,,28.7,rejete,variabilite_continue;eclipse_secondaire,3,10.2,ok
TIC 293179708,221.7335,-64.7548,9.87,0,,,,,4,6.6,ok
TIC 363369913,248.9214,-68.2168,9.87,0,,,,,4,13.3,ok
TIC 341183396,314.0861,-60.2676,9.87,0,,,,,5,8.4,ok
TIC 447119986,239.2592,-67.0011,9.87,0,,,,,4,7.4,ok
TIC 329167295,191.4466,-67.2772,9.87,0,,,,,3,10.0,ok
TIC 325649595,187.3359,-69.2363,9.87,0,,,,,3,7.3,ok
TIC 352438419,310.7217,-65.9066,9.87,0,,,,,4,14.1,ok
TIC 395136287,204.5572,-73.4349,9.87,0,,,,,3,10.5,ok
TIC 389086097,333.1673,-66.7156,9.87,0,,,,,9,17.0,ok
TIC 411685600,189.4399,-56.886,9.87,0,,,,,3,15.0,ok
TIC 263616638,234.9347,-66.6224,9.87,0,,,,,4,10.7,ok
TIC 339603121,297.8107,-61.5696,9.87,0,,,,,4,8.2,ok
TIC 294765277,267.5988,-68.9923,9.87,0,,,,,3,10.3,ok
TIC 457007552,201.7912,-58.0311,9.87,0,,,,,4,11.6,ok
TIC 379546887,181.3604,-61.0755,9.87,0,,,,,3,12.6,ok
TIC 258686739,197.2427,-43.3692,9.87,0,,,,,4,12.7,ok
TIC 294345132,265.8865,-67.7044,9.87,0,,,,,4,10.7,ok
TIC 144370079,189.6984,-38.3911,9.87,0,,,,,3,9.6,ok
TIC 243472479,205.7309,-43.9476,9.87,0,,,,,4,14.3,ok
TIC 382367978,289.217,-68.2917,9.87,0,,13.6,rejete,variabilite_continue,4,12.2,ok
TIC 448715799,212.6889,-70.086,9.87,0,,,,,7,16.6,ok
TIC 186574616,220.174,-56.6423,9.87,0,,,,,4,13.1,ok
TIC 335291375,194.5839,-67.3627,9.87,0,,,,,3,12.4,ok
TIC 165266362,192.2504,-52.1993,9.87,0,,,,,4,14.8,ok
TIC 22390947,184.157,-45.7312,9.87,0,,,,,3,11.0,ok
TIC 402127135,219.9191,-73.2254,9.87,0,,,,,4,9.1,ok
TIC 298281830,242.5281,-64.5947,9.88,0,,,,,4,8.9,ok
TIC 297888564,224.8136,-64.5903,9.88,0,,,,,4,9.8,ok
TIC 304863726,280.2818,-69.0629,9.88,0,,,,,6,14.4,ok
TIC 312711817,210.8115,-48.4917,9.88,0,,,,,3,12.2,ok
TIC 448346488,210.1437,-70.3381,9.88,0,,,,,4,14.2,ok
TIC 421527421,219.2699,-70.9282,9.88,0,,,,,4,9.3,ok
TIC 255771382,258.8882,-64.9549,9.88,0,,,,,5,11.6,ok
TIC 73398425,190.7961,-47.4499,9.88,0,,,,,4,9.6,ok
TIC 364623323,253.9529,-68.1688,9.88,0,,,,,5,12.6,ok
TIC 262999714,215.9101,-55.5532,9.88,0,,,,,4,11.5,ok
TIC 455935556,230.2839,-65.0486,9.88,0,,,,,4,10.8,ok
TIC 241460279,205.6913,-53.6044,9.88,0,,,,,4,18.5,ok
TIC 157227714,176.1137,-30.6678,9.88,0,,,,,6,13.1,ok
TIC 264026227,216.9812,-59.6252,9.88,0,,,,,2,10.0,ok
TIC 394098082,197.9959,-77.7221,9.88,0,,,,,2,11.5,ok
TIC 329480933,212.336,-53.7654,9.88,0,,,,,4,12.4,ok
TIC 165497225,180.4091,-41.9002,9.88,0,,,,,3,11.0,ok
TIC 448578359,211.7165,-70.8409,9.88,0,,,,,4,13.9,ok
TIC 244952270,197.0498,-48.5735,9.88,0,,,,,3,10.1,ok
TIC 298053735,242.1889,-62.733,9.88,0,,,,,4,11.6,ok
TIC 297180278,224.1339,-65.5728,9.89,0,,,,,4,11.2,ok
TIC 261693614,227.3624,-67.7668,9.89,0,,,,,4,11.8,ok
TIC 338142277,198.5035,-70.299,9.89,0,,,,,3,14.1,ok
TIC 361850191,243.9675,-66.7647,9.89,0,,,,,4,12.4,ok
TIC 294554053,222.8249,-60.3518,9.89,0,,,,,4,11.7,ok
TIC 179736061,188.3677,-62.1299,9.89,0,,,,,3,9.9,ok
TIC 204643786,184.5198,-28.4764,9.89,0,,,,,2,11.1,ok
TIC 288593298,200.6628,-58.3482,9.89,0,,,,,2,9.0,ok
TIC 167856563,193.2385,-53.6077,9.89,0,,,,,5,15.1,ok
TIC 395936099,210.1579,-72.929,9.89,0,,,,,3,7.8,ok
TIC 375834446,178.9158,-57.5667,9.89,0,,,,,3,9.5,ok
TIC 328691515,211.1573,-53.1579,9.89,0,,13.9,rejete,variabilite_continue;eclipse_secondaire,3,12.7,ok
TIC 387107961,283.9092,-62.4809,9.89,0,,,,,8,15.4,ok
TIC 448337548,209.6918,-70.6817,9.89,0,,,,,7,16.2,ok
TIC 178819397,194.5642,-39.3833,9.89,0,,,,,1,9.1,ok
TIC 142378043,181.6325,-31.6457,9.89,1,1.8314,10.2,rejete,variabilite_continue;eclipse_secondaire,5,18.1,ok
TIC 334214822,182.9309,-53.461,9.89,0,,,,,2,13.8,ok
TIC 241363085,204.5466,-52.2404,9.89,0,,,,,7,17.6,ok
TIC 301951317,259.9099,-70.0202,9.89,0,,24.9,rejete,variabilite_continue;eclipse_secondaire,5,21.6,ok
TIC 424818897,236.9555,-61.9207,9.89,0,,,,,5,14.6,ok
TIC 436272241,193.4457,-60.3099,9.9,0,,52.4,rejete,variabilite_continue;eclipse_secondaire,7,23.1,ok
TIC 38557362,226.5171,-59.0147,9.9,0,,,,,3,16.1,ok
TIC 363874210,250.9709,-67.2495,9.9,0,,,,,4,13.8,ok
TIC 401234181,187.8446,-53.1519,9.9,0,,,,,3,13.4,ok
TIC 406628466,198.3806,-56.5161,9.9,0,,,,,3,10.1,ok
TIC 363595424,249.7591,-67.9311,9.9,0,,20.7,rejete,variabilite_continue;eclipse_secondaire,4,14.5,ok
TIC 464286129,279.8842,-64.3177,9.9,0,,,,,4,10.5,ok
TIC 398764122,180.2588,-57.7604,9.9,0,,,,,4,10.7,ok
TIC 21007427,186.4698,-51.6001,9.9,0,,,,,3,9.7,ok
TIC 448802012,213.5327,-69.0071,9.9,0,,,,,4,10.8,ok
TIC 67619209,182.2457,-54.3702,9.9,0,,,,,3,11.5,ok
TIC 405389514,184.2581,-55.7697,9.9,0,,,,,4,13.3,ok
TIC 423986276,235.8474,-63.4891,9.9,0,,,,,4,9.8,ok
TIC 403563518,231.3348,-72.433,9.9,0,,,,,5,12.4,ok
TIC 405701740,192.0149,-57.1342,9.9,0,,,,,3,10.7,ok
TIC 61707954,177.0039,-46.4911,9.9,0,,,,,3,9.8,ok
TIC 454039002,175.5895,-40.5968,9.9,0,,,,,4,8.9,ok
TIC 380832459,269.8101,-63.4319,9.9,0,,,,,3,9.0,ok
TIC 384750117,259.6992,-82.187,9.9,0,,,,,2,10.1,ok
TIC 238852606,341.539,-67.1945,9.9,0,,,,,4,12.1,ok
TIC 363378214,249.1793,-66.3897,9.9,0,,,,,6,13.3,ok
TIC 290993830,256.5455,-63.4211,9.9,0,,,,,4,10.2,ok
TIC 61940747,177.8858,-44.9667,9.9,0,,,,,3,8.5,ok
TIC 461062276,232.389,-63.9316,9.91,0,,,,,4,9.5,ok
TIC 61830458,177.5546,-47.189,9.91,0,,,,,3,9.2,ok
TIC 365725530,274.9476,-63.7023,9.91,0,,,,,5,9.1,ok
TIC 144391378,189.8958,-36.2687,9.91,0,,,,,1,8.4,ok
TIC 361335314,242.8835,-69.6816,9.91,0,,,,,4,8.1,ok
TIC 425941194,235.8976,-73.9318,9.91,0,,,,,4,9.2,ok
TIC 210064349,211.511,-58.546,9.91,0,,,,,4,7.3,ok
TIC 303983219,258.3129,-61.3492,9.91,0,,,,,4,12.2,ok
TIC 243472478,205.7323,-43.9489,9.91,0,,,,,4,8.6,ok
TIC 90722601,216.449,-57.2979,9.91,0,,,,,4,10.2,ok
TIC 273908969,189.1851,-57.4145,9.91,0,,12.0,rejete,variabilite_continue;eclipse_secondaire,3,9.1,ok
TIC 300525518,245.0275,-64.1951,9.91,0,,,,,5,17.2,ok
TIC 400923963,178.606,-48.9392,9.91,0,,,,,3,13.1,ok
TIC 340884182,238.4119,-60.9199,9.91,0,,,,,3,10.6,ok
TIC 341051535,202.6287,-71.2524,9.91,0,,,,,5,12.7,ok
TIC 293059951,221.7935,-63.216,9.91,0,,,,,4,11.8,ok
TIC 403135040,324.6531,-65.7944,9.91,0,,,,,8,21.7,ok
TIC 446313839,206.4965,-55.7309,9.91,0,,,,,4,20.5,ok
TIC 426024859,236.8066,-77.9641,9.91,0,,,,,3,22.8,ok
TIC 401413154,200.4978,-52.5751,9.91,0,,,,,4,19.2,ok
TIC 465762203,282.4063,-66.2486,9.91,0,,,,,5,25.1,ok
TIC 327034775,188.7377,-70.0344,9.92,0,,,,,3,23.6,ok
TIC 300884643,245.3113,-64.9886,9.92,0,,,,,4,28.1,ok
TIC 325506879,186.567,-69.6081,9.92,0,,,,,3,24.8,ok
TIC 376659156,180.9112,-56.2763,9.92,0,,,,,3,21.3,ok
TIC 21114818,186.7562,-48.0303,9.92,0,,,,,3,15.0,ok
TIC 298280768,242.4325,-64.3102,9.92,0,,,,,5,20.9,ok
TIC 253197194,195.1813,-56.0538,9.92,0,,,,,3,17.9,ok
TIC 365368214,273.2112,-63.6862,9.92,0,,,,,5,18.3,ok
TIC 362122427,245.0386,-70.2913,9.92,0,,,,,3,14.7,ok
TIC 364543499,253.2787,-70.3385,9.92,0,,,,,3,16.8,ok
TIC 163491963,173.8813,-42.7272,9.92,0,,,,,3,15.9,ok
TIC 341452524,203.0772,-70.4554,9.92,0,,,,,3,14.2,ok
TIC 381231645,254.6212,-70.0005,9.92,0,,,,,3,6.4,ok
TIC 292895572,221.8326,-61.0735,9.92,0,,,,,4,13.9,ok
TIC 207573269,206.6524,-58.6632,9.92,0,,,,,4,11.1,ok
TIC 30073345,196.8375,-38.0944,9.92,0,,,,,2,9.2,ok
TIC 425870005,235.2318,-73.6465,9.92,0,,,,,4,14.9,ok
TIC 294195617,264.7972,-69.8043,9.92,0,,,,,4,14.1,ok
TIC 181203963,174.6272,-39.9699,9.92,0,,,,,2,14.3,ok
TIC 449032178,215.6777,-67.2669,9.92,0,,,,,4,15.5,ok
TIC 187726683,220.5244,-59.8422,9.92,0,,,,,4,13.8,ok
TIC 360851660,241.6321,-71.2831,9.92,0,,,,,3,11.8,ok
TIC 163031809,190.9563,-50.1424,9.92,0,,,,,3,10.3,ok
TIC 403906918,188.3454,-48.0469,9.92,0,,,,,3,11.1,ok
TIC 311424709,315.0754,-76.4239,9.92,0,,,,,3,13.4,ok
TIC 258451206,196.4014,-47.3036,9.92,0,,13.3,rejete,variabilite_continue;eclipse_secondaire,3,14.3,ok
TIC 294763374,267.7038,-67.6406,9.92,0,,,,,4,20.7,ok
TIC 188991120,220.8537,-56.7277,9.92,0,,,,,4,12.6,ok
TIC 455668246,229.4782,-60.0168,9.93,0,,,,,4,14.3,ok
TIC 241505459,206.1474,-49.5914,9.93,0,,,,,2,12.1,ok
TIC 21827610,181.6367,-42.7975,9.93,0,,,,,7,10.3,ok
TIC 413563791,215.0666,-54.8945,9.93,0,,,,,4,9.5,ok
TIC 297187431,224.3808,-65.044,9.93,0,,,,,4,6.7,ok
TIC 447725554,255.2593,-61.5744,9.93,0,,,,,4,12.6,ok
TIC 335470158,194.7289,-70.2776,9.93,0,,,,,3,11.1,ok
TIC 453710095,205.861,-59.1236,9.93,0,,,,,5,11.8,ok
TIC 361531680,193.9032,-72.3833,9.93,0,,,,,3,10.1,ok
TIC 72677054,188.2359,-44.1897,9.93,0,,,,,4,10.9,ok
TIC 455185899,228.2466,-62.8309,9.93,0,,,,,4,11.5,ok
TIC 288222343,187.4125,-51.9764,9.93,0,,,,,3,11.1,ok
TIC 425796196,233.885,-72.0246,9.93,0,,,,,5,14.2,ok
TIC 449113075,216.3318,-71.7386,9.93,0,,,,,4,11.0,ok
TIC 145015449,193.6422,-38.1898,9.93,0,,,,,3,13.2,ok
TIC 163647562,191.3128,-48.3434,9.93,0,,,,,3,11.1,ok
TIC 384070914,241.9089,-80.0849,9.93,0,,,,,3,13.3,ok
TIC 363871524,250.9425,-66.2912,9.93,0,,,,,3,17.3,ok
TIC 324931765,282.8339,-67.9735,9.93,0,,,,,5,17.2,ok
TIC 380921291,270.4253,-61.9793,9.93,0,,,,,5,12.7,ok
TIC 244866715,196.6117,-48.3454,9.93,0,,,,,3,10.7,ok
TIC 350277537,246.1676,-63.9066,9.93,0,,,,,4,11.5,ok
TIC 30876081,200.6201,-39.4319,9.93,0,,,,,4,10.0,ok
TIC 327747487,210.7032,-65.3926,9.93,0,,,,,4,10.0,ok
TIC 329454577,191.8407,-68.1446,9.93,0,,,,,6,12.5,ok
TIC 448790879,213.3334,-71.7731,9.93,0,,,,,4,10.8,ok
TIC 450829003,187.0319,-61.5817,9.93,0,,,,,3,11.0,ok
TIC 396226159,212.1028,-72.2373,9.93,0,,,,,4,9.9,ok
TIC 270777131,186.279,-55.1782,9.93,0,,,,,4,12.1,ok
TIC 450924597,187.2285,-62.9838,9.93,0,,,,,3,8.4,ok
TIC 295599256,274.2217,-68.1978,9.94,0,,46.6,a_verifier,,4,15.1,ok
TIC 277748932,330.2275,-64.9616,9.94,0,,,,,5,11.9,ok
TIC 273219471,185.718,-48.045,9.94,0,,,,,3,12.5,ok
TIC 194198644,222.3457,-59.5253,9.94,0,,,,,4,16.6,ok
TIC 311292935,258.19,-75.0458,9.94,0,,,,,5,16.1,ok
TIC 333193271,181.1799,-51.9135,9.94,0,,,,,2,12.1,ok
TIC 244903777,196.7792,-49.5847,9.94,0,,,,,3,9.0,ok
TIC 263605078,234.8483,-69.4907,9.94,0,,,,,4,12.7,ok
TIC 447038024,238.3501,-66.3707,9.94,0,,,,,4,10.8,ok
TIC 412305511,190.8105,-56.6836,9.94,0,,,,,6,14.9,ok
TIC 286496075,185.9796,-69.6713,9.94,0,,,,,3,12.1,ok
TIC 207719412,207.1239,-58.7075,9.94,0,,,,,4,10.7,ok
TIC 103683084,193.8188,-31.9462,9.94,0,,,,,4,11.6,ok
TIC 305424003,262.1834,-62.8405,9.94,0,,61.7,rejete,variabilite_continue,7,21.5,ok
TIC 44165460,229.3751,-57.5204,9.94,0,,,,,4,14.0,ok
TIC 455363068,228.915,-63.3635,9.94,1,1.8778,36.8,rejete,variabilite_continue;eclipse_secondaire,3,15.3,ok
TIC 103780876,194.4773,-31.2487,9.95,0,,,,,5,14.4,ok
TIC 300948357,242.1708,-73.8175,9.95,0,,,,,4,9.3,ok
TIC 447583381,253.8699,-64.4818,9.95,0,,,,,5,9.0,ok
TIC 302059584,260.4312,-66.8106,9.95,0,,,,,4,9.8,ok
TIC 402228294,220.7411,-73.8292,9.95,0,,,,,4,10.6,ok
TIC 422570273,233.6477,-60.4967,9.95,0,,,,,4,11.8,ok
TIC 292765671,221.6188,-60.7885,9.95,0,,49.8,rejete,variabilite_continue;eclipse_secondaire,8,18.3,ok
TIC 320863824,205.5514,-63.7141,9.95,0,,,,,5,12.6,ok
TIC 328345735,211.0964,-60.9108,9.95,0,,,,,4,11.4,ok
TIC 403364360,229.3054,-72.1368,9.95,1,9.837,18.4,rejete,variabilite_continue,4,16.0,ok
TIC 335512768,214.3686,-61.6597,9.95,0,,,,,4,8.0,ok
TIC 334194932,193.164,-68.749,9.95,0,,,,,3,9.8,ok
TIC 35920267,225.1833,-54.14,9.95,0,,,,,4,13.4,ok
TIC 295452609,272.5142,-71.1139,9.95,0,,,,,5,15.0,ok
TIC 265215908,303.1012,-66.4525,9.95,0,,39.4,rejete,variabilite_continue;eclipse_secondaire;compagnon_trop_gros_2.1Rjup,4,12.7,ok
TIC 455807926,230.0504,-62.4299,9.95,0,,,,,4,10.1,ok
TIC 448346251,210.1176,-70.4021,9.95,0,,,,,4,12.3,ok
TIC 243340367,204.4629,-42.4875,9.95,0,,,,,2,11.8,ok
TIC 288100746,187.1715,-51.027,9.96,1,1.6921,111.1,rejete,eclipse_secondaire;compagnon_trop_gros_3.0Rjup,4,11.5,ok
TIC 241333522,204.1225,-53.6823,9.96,0,,,,,3,10.7,ok
TIC 407580242,264.1577,-72.3719,9.96,0,,,,,4,18.6,ok
TIC 294955727,268.8805,-68.534,9.96,0,,,,,3,11.2,ok
TIC 404343586,318.7719,-74.8869,9.96,0,,,,,3,14.3,ok
TIC 124528578,199.1296,-31.5178,9.96,0,,,,,5,12.1,ok
TIC 67873270,185.5604,-55.1463,9.96,0,,,,,3,9.7,ok
TIC 303713856,257.3882,-65.7351,9.96,0,,,,,5,11.5,ok
TIC 421470829,219.2894,-67.6247,9.96,0,,,,,4,12.2,ok
TIC 456058603,230.7372,-60.358,9.96,1,11.5657,35.7,rejete,variabilite_continue,5,17.1,ok
TIC 131081852,189.7621,-31.9923,9.96,0,,,,,4,11.2,ok
TIC 460549082,190.1104,-62.166,9.96,0,,,,,3,7.5,ok
TIC 293339812,261.6453,-67.5079,9.96,0,,,,,4,14.8,ok
TIC 405382512,184.1471,-57.5959,9.96,0,,,,,5,13.4,ok
TIC 22566061,184.8246,-44.5872,9.96,0,,,,,3,13.2,ok
TIC 360330564,188.2976,-72.5783,9.96,0,,,,,3,8.2,ok
TIC 343681524,241.4319,-63.0318,9.96,1,1.0482,80.4,rejete,variabilite_continue;eclipse_secondaire,4,9.7,ok
TIC 448247618,209.1466,-68.3653,9.96,0,,,,,4,7.5,ok
TIC 396141211,211.8108,-77.3658,9.96,0,,,,,2,11.8,ok
TIC 450720404,186.903,-63.9217,9.96,0,,,,,2,13.2,ok
TIC 304904231,261.0688,-62.8263,9.96,0,,,,,5,16.2,ok
TIC 68081405,193.5821,-54.1626,9.96,0,,,,,3,10.7,ok
TIC 263665532,231.3371,-71.5275,9.96,0,,,,,4,5.7,ok
TIC 253104309,194.4892,-58.0617,9.96,0,,,,,3,10.7,ok
TIC 245335630,199.5802,-52.2013,9.97,0,,,,,4,10.3,ok
TIC 245355377,199.6199,-48.4536,9.97,0,,,,,3,9.7,ok
TIC 326662927,188.5776,-69.7339,9.97,0,,,,,4,11.1,ok
TIC 352315516,300.5555,-70.8874,9.97,0,,,,,8,15.2,ok
TIC 379801775,256.7678,-68.1169,9.97,0,,13.0,rejete,variabilite_continue;eclipse_secondaire,5,17.5,ok
TIC 327597963,326.6978,-69.306,9.97,0,,,,,4,10.9,ok
TIC 354134559,313.0729,-55.7431,9.97,0,,,,,4,10.0,ok
TIC 440714949,196.7818,-63.5287,9.97,0,,,,,6,15.8,ok
TIC 382988300,183.6408,-62.3465,9.97,0,,,,,3,10.3,ok
TIC 339506226,200.0581,-70.5377,9.97,0,,,,,3,12.0,ok
TIC 338896659,199.1878,-68.9724,9.97,0,,,,,3,11.8,ok
TIC 61870768,177.5648,-44.9632,9.97,0,,,,,3,11.9,ok
TIC 309649472,248.0801,-75.6706,9.97,0,,,,,6,16.2,ok
TIC 404218460,303.7297,-73.5276,9.97,0,,,,,5,9.9,ok
TIC 405448058,190.4407,-56.1454,9.97,0,,,,,3,10.4,ok
TIC 403034312,226.8425,-74.2534,9.97,0,,,,,4,8.6,ok
TIC 335046366,184.911,-50.1975,9.97,0,,,,,3,5.9,ok
TIC 190795724,221.2728,-58.962,9.97,0,,,,,4,17.3,ok
TIC 257149522,219.6132,-67.9921,9.98,0,,,,,4,6.4,ok
TIC 142004958,178.3505,-32.6751,9.98,0,,,,,6,15.9,ok
TIC 342294784,204.4568,-68.9422,9.98,0,,,,,3,7.5,ok
TIC 363864501,250.5766,-68.1359,9.98,0,,,,,3,7.0,ok
TIC 422407707,182.8203,-19.4846,9.98,0,,,,,5,9.8,ok
TIC 426546465,245.441,-75.495,9.98,0,,,,,3,14.6,ok
TIC 265179710,298.4882,-82.6784,9.98,0,,,,,10,20.6,ok
TIC 341118666,313.7318,-60.8771,9.98,0,,,,,3,9.0,ok
TIC 446932730,232.6647,-66.1279,9.98,0,,,,,4,7.9,ok
TIC 395848940,209.6464,-72.9129,9.98,0,,,,,3,6.9,ok
TIC 341116839,313.5127,-62.652,9.98,0,,,,,4,6.9,ok
TIC 361954427,196.0632,-75.1768,9.98,0,,,,,5,11.2,ok
TIC 426407299,243.0802,-74.0777,9.98,0,,,,,3,7.4,ok
TIC 311799825,262.4406,-74.1792,9.98,0,,,,,4,7.8,ok
TIC 334926282,193.9764,-68.4858,9.98,0,,,,,3,8.9,ok
TIC 21820656,181.4633,-46.971,9.98,0,,,,,4,8.0,ok
TIC 21949273,181.9064,-42.4148,9.98,0,,,,,3,7.4,ok
TIC 208095206,207.9835,-59.3376,9.99,0,,,,,3,10.0,ok
TIC 185831721,219.8488,-57.897,9.99,0,,,,,4,7.5,ok
TIC 425431464,200.7876,-48.8425,9.99,0,,,,,5,11.9,ok
TIC 406847428,225.7898,-79.3935,9.99,0,,,,,2,9.8,ok
TIC 460251905,222.371,-53.3764,9.99,0,,,,,3,8.7,ok
TIC 288283832,187.2422,-48.6133,9.99,0,,,,,4,5.9,ok
TIC 401226819,187.6147,-51.7231,9.99,0,,,,,3,8.4,ok
TIC 390596947,217.5685,-60.3866,9.99,0,,104.5,rejete,variabilite_continue;eclipse_secondaire;compagnon_trop_gros_20.3Rjup,7,15.2,ok
TIC 433276636,182.7032,-56.2481,9.99,0,,,,,3,6.2,ok
TIC 398540624,179.9189,-55.3631,9.99,0,,,,,3,8.6,ok
TIC 396538707,213.5468,-77.3397,9.99,0,,,,,7,14.4,ok
TIC 325093832,327.7464,-68.1538,9.99,0,,,,,5,8.6,ok
TIC 423333739,234.7962,-62.9885,9.99,0,,57.8,rejete,eclipse_secondaire;compagnon_trop_gros_7.4Rjup,4,21.7,ok
TIC 375891596,178.7951,-55.2456,9.99,0,,,,,3,9.6,ok
TIC 448186109,208.7213,-71.3642,9.99,0,,,,,7,13.4,ok
TIC 389096669,177.8624,-50.8488,9.99,0,,,,,3,12.4,ok
TIC 390230585,183.7446,-56.0745,9.99,0,,,,,4,18.4,ok
TIC 273345462,188.8089,-54.9886,9.99,0,,,,,3,15.5,ok
TIC 406277015,326.1261,-60.9782,9.99,0,,,,,11,18.6,ok
TIC 336954502,196.631,-66.7647,10.0,0,,41.2,rejete,variabilite_continue;eclipse_secondaire,3,13.1,ok
TIC 260947147,201.6081,-53.7045,10.0,0,,19.7,rejete,variabilite_continue;eclipse_secondaire,4,13.6,ok
TIC 393932186,196.8392,-72.6253,10.0,0,,,,,3,12.5,ok
TIC 189504782,221.2026,-59.7702,10.0,0,,11.6,rejete,variabilite_continue;eclipse_secondaire;compagnon_trop_gros_11.3Rjup,6,19.9,ok
TIC 273316582,185.6894,-53.0963,10.0,0,,,,,4,23.3,ok
TIC 413633652,215.1214,-56.5797,10.0,0,,,,,4,22.5,ok
TIC 396226541,212.1625,-72.357,10.0,0,,,,,5,13.1,ok
TIC 454038613,175.6614,-40.0605,10.01,0,,10.2,rejete,variabilite_continue;eclipse_secondaire,4,14.3,ok
TIC 315806959,203.0778,-59.9857,10.01,0,,,,,5,14.9,ok
TIC 469810663,300.0468,-71.9668,10.01,0,,,,,5,14.6,ok
TIC 258789022,197.4947,-45.4609,10.01,0,,,,,4,17.3,ok
TIC 405425498,337.5177,-67.8501,10.01,0,,15.1,rejete,variabilite_continue,11,30.3,ok
TIC 341226831,314.8456,-65.9756,10.02,0,,,,,7,15.6,ok
TIC 363596605,249.7861,-68.3874,10.02,0,,,,,3,12.7,ok
TIC 102305337,196.0348,-37.0047,10.02,0,,,,,5,12.9,ok
TIC 248146490,193.8393,-43.5358,10.02,0,,,,,4,11.8,ok
TIC 401043278,220.1841,-63.5791,10.02,0,,,,,4,16.8,ok
TIC 331903323,215.0809,-49.2744,10.02,0,,,,,2,13.6,ok
TIC 318045921,305.8916,-79.7389,10.02,0,,,,,5,23.4,ok
TIC 397359416,175.1515,-42.5171,10.03,0,,,,,4,15.2,ok
TIC 241343119,204.2877,-50.5771,10.03,0,,,,,7,15.7,ok
TIC 451606970,285.0501,-84.4482,10.03,0,,,,,9,18.7,ok
TIC 338655299,198.9079,-69.759,10.04,0,,,,,3,14.8,ok
TIC 466679588,304.9584,-66.1862,10.04,0,,,,,4,15.3,ok
TIC 165560321,180.8855,-36.9139,10.04,0,,,,,2,9.1,ok
TIC 102302709,196.0198,-40.3885,10.04,0,,,,,4,13.3,ok
TIC 65313788,235.8678,-59.0577,10.04,0,,,,,6,19.7,ok
TIC 22856975,186.1085,-44.0676,10.04,0,,,,,5,10.4,ok
TIC 253285189,195.7293,-57.9366,10.04,0,,,,,3,7.2,ok
TIC 394571504,200.9237,-73.0157,10.04,0,,,,,3,10.2,ok
TIC 400802343,178.2488,-52.633,10.05,0,,,,,4,13.7,ok
TIC 372537528,249.4435,-60.4151,10.05,0,,,,,3,12.9,ok
TIC 457642066,217.9126,-52.936,10.05,0,,,,,3,10.3,ok
TIC 407045410,232.4928,-78.8414,10.05,0,,,,,4,9.5,ok
TIC 405379901,184.1025,-58.1564,10.06,0,,,,,4,10.4,ok
TIC 374344761,299.8716,-67.2016,10.06,0,,,,,8,11.9,ok
TIC 124282575,197.3811,-34.0328,10.06,0,,50.8,rejete,eclipse_secondaire;compagnon_trop_gros_2.4Rjup,4,11.5,ok
TIC 38056779,226.2928,-56.7338,10.06,0,,,,,5,14.4,ok
TIC 1205449441,247.0461,-75.309,10.06,0,,,,,3,8.8,ok
TIC 425694196,233.3241,-77.6538,10.07,0,,,,,3,7.7,ok
TIC 448930899,214.7569,-71.1614,10.07,0,,,,,4,8.2,ok
TIC 193641523,222.1652,-57.5893,10.07,1,1.3934,24.7,rejete,variabilite_continue;eclipse_secondaire,8,17.7,ok
TIC 314393072,202.6504,-65.13,10.07,0,,,,,4,5.8,ok
TIC 73305532,190.261,-46.9236,10.07,0,,,,,5,10.1,ok
TIC 30380653,198.2788,-41.5109,10.07,0,,,,,5,8.3,ok
TIC 329981856,192.3389,-70.9167,10.07,0,,,,,3,7.9,ok
TIC 384513078,253.1102,-79.1352,10.07,0,,,,,6,10.8,ok
TIC 260927329,226.1531,-71.3094,10.08,0,,,,,5,7.9,ok
TIC 311328485,185.5535,-63.3466,10.08,0,,112.6,rejete,variabilite_continue;eclipse_secondaire,8,17.0,ok
TIC 313671132,202.1576,-62.17,10.08,0,,,,,2,9.7,ok
TIC 295593712,273.8467,-68.5952,10.08,0,,,,,7,13.2,ok
TIC 324945165,248.6988,-60.761,10.08,0,,,,,4,14.9,ok
TIC 407219359,237.1576,-83.2166,10.09,0,,,,,6,14.7,ok
TIC 253434221,196.7332,-58.1111,10.09,0,,,,,6,15.7,ok
TIC 42024738,228.4237,-57.7069,10.09,0,,,,,6,10.7,ok
TIC 403835457,180.0336,-28.57,10.09,0,,,,,4,8.1,ok
TIC 392758030,327.0946,-75.7074,10.1,0,,,,,3,4.2,ok
TIC 145016382,193.6657,-39.3039,10.1,0,,,,,4,6.7,ok
TIC 265181301,298.5735,-78.4304,10.1,0,,,,,3,9.9,ok
TIC 210105136,211.7511,-58.7388,10.11,0,,,,,4,9.9,ok
TIC 271209031,186.5479,-55.3479,10.11,0,,,,,3,5.2,ok
TIC 165295819,179.3063,-36.088,10.11,0,,,,,3,5.9,ok
TIC 382308684,287.4715,-66.2004,10.11,2,9.0741;4.5376,58.5,rejete,variabilite_continue,8,18.6,ok
TIC 951492112,180.0334,-28.5702,10.11,0,,,,,4,6.4,ok
TIC 165725822,203.9875,-39.1059,10.11,0,,,,,4,6.8,ok
TIC 290812779,256.1791,-61.8198,10.11,0,,,,,5,8.8,ok
TIC 276905005,275.5153,-79.8845,10.11,0,,,,,3,11.3,ok
TIC 275651537,200.8992,-47.3131,10.11,0,,,,,4,18.1,ok
TIC 360371656,217.4126,-70.1223,10.12,0,,,,,9,17.2,ok
TIC 370133522,306.9309,-56.466,10.12,0,,15.0,rejete,variabilite_continue;eclipse_secondaire,8,24.1,ok
TIC 131040362,189.2082,-33.405,10.12,0,,,,,2,13.6,ok
TIC 382619547,183.4869,-62.9203,10.12,0,,,,,6,17.5,ok
TIC 414480648,224.3218,-57.2257,10.12,0,,,,,3,11.3,ok
TIC 396538712,213.5411,-77.3424,10.12,0,,,,,7,15.8,ok
TIC 351181880,247.5511,-64.873,10.13,0,,,,,4,9.3,ok
TIC 402270550,220.4294,-64.0063,10.13,0,,,,,4,19.5,ok
TIC 429152610,173.1712,-26.8657,10.13,0,,,,,6,18.5,ok
TIC 263485639,234.6259,-71.6245,10.13,0,,,,,7,12.2,ok
TIC 248146918,193.9173,-43.0969,10.14,0,,,,,2,10.6,ok
TIC 298639351,242.856,-61.9367,10.14,0,,,,,5,13.8,ok
TIC 259019958,222.5615,-66.4806,10.14,0,,26.6,rejete,variabilite_continue,7,19.0,ok
TIC 324863489,209.2327,-65.8773,10.15,0,,,,,4,11.0,ok
TIC 257699927,220.4113,-67.8023,10.15,0,,,,,4,12.6,ok
TIC 241528611,206.4829,-52.3739,10.15,0,,,,,4,13.3,ok
TIC 369327947,290.2458,-82.5635,10.15,0,,,,,10,19.4,ok
TIC 426188547,238.8411,-72.2595,10.15,0,,,,,4,6.8,ok
TIC 382980571,183.7035,-63.0868,10.16,0,,,,,7,13.5,ok
TIC 360057586,217.1794,-70.9998,10.16,0,,,,,6,11.2,ok
TIC 422407583,182.819,-19.9741,10.16,0,,,,,4,8.3,ok
TIC 351181774,247.4879,-64.9139,10.16,0,,,,,4,8.9,ok
TIC 392762097,327.8743,-74.8447,10.16,0,,,,,4,8.7,ok
TIC 190271688,221.3434,-54.7612,10.16,0,,,,,4,8.2,ok
TIC 464410508,281.7192,-62.1774,10.16,0,,,,,8,11.4,ok
TIC 72445399,187.3989,-47.7137,10.17,0,,,,,5,9.6,ok
TIC 443694508,199.7544,-61.8942,10.17,0,,38.6,rejete,variabilite_continue;eclipse_secondaire,5,13.1,ok
TIC 443661491,199.6282,-62.6625,10.17,1,2.7596,29.4,rejete,eclipse_secondaire,5,12.1,ok
TIC 394272900,199.3367,-72.9824,10.17,0,,,,,2,7.1,ok
TIC 124570753,199.4048,-33.4211,10.18,0,,,,,4,10.0,ok
TIC 412874382,194.0196,-54.9791,10.18,0,,,,,3,6.4,ok
TIC 304690618,278.0286,-67.6646,10.18,0,,,,,6,8.9,ok
TIC 130981260,188.565,-35.0537,10.18,1,3.6674,12.6,rejete,variabilite_continue,2,7.7,ok
TIC 401703808,318.4871,-80.9942,10.19,0,,,,,4,11.5,ok
TIC 301160638,255.113,-67.781,10.19,0,,,,,7,11.4,ok
TIC 60734281,189.6532,-27.061,10.19,0,,,,,4,7.5,ok
TIC 434496663,173.025,-20.6327,10.19,0,,,,,4,6.5,ok
TIC 219306934,316.6699,-57.5779,10.2,0,,14.6,rejete,variabilite_continue;eclipse_secondaire,8,15.9,ok
TIC 244865603,196.3729,-48.2054,10.2,0,,,,,2,6.0,ok
TIC 438357427,195.1383,-61.6755,10.2,0,,,,,5,7.0,ok
TIC 436272308,193.3569,-60.3667,10.21,2,8.3954;8.407,19.2,rejete,variabilite_continue;eclipse_secondaire,5,16.4,ok
TIC 396652558,214.5806,-76.9835,10.21,0,,,,,6,9.8,ok
TIC 450649506,186.9009,-60.1633,10.21,0,,35.1,rejete,variabilite_continue;eclipse_secondaire,4,9.9,ok
TIC 455936471,230.2757,-65.2264,10.22,0,,,,,4,6.4,ok
TIC 345177737,281.8727,-76.2862,10.22,0,,,,,4,6.5,ok
TIC 388483448,217.3855,-60.2434,10.22,0,,,,,5,7.1,ok
TIC 454012528,175.3441,-36.4073,10.22,0,,,,,7,12.1,ok
TIC 371927721,306.9212,-68.5574,10.22,0,,,,,7,12.3,ok
TIC 57452294,172.3918,-31.5588,10.22,0,,,,,3,8.3,ok
TIC 265214901,302.5929,-67.0377,10.23,0,,,,,6,9.7,ok
TIC 381238011,254.3551,-66.7178,10.23,0,,,,,4,9.2,ok
TIC 256097445,267.1153,-74.4666,10.23,0,,,,,9,10.4,ok
TIC 448165364,208.5304,-67.5625,10.23,0,,,,,8,10.8,ok
TIC 73232401,190.2435,-43.1901,10.24,0,,,,,3,6.7,ok
TIC 46698351,230.7106,-59.8354,10.24,0,,30.7,rejete,variabilite_continue;eclipse_secondaire,5,12.4,ok
TIC 422041482,301.6555,-57.1562,10.24,0,,,,,5,6.3,ok
TIC 426706884,235.8427,-68.4131,10.24,0,,,,,4,4.7,ok
TIC 253449347,196.8789,-55.0332,10.24,0,,,,,6,8.5,ok
TIC 145015441,193.6489,-38.1868,10.25,0,,,,,2,5.9,ok
TIC 250119205,221.6694,-53.1953,10.25,0,,51.3,rejete,eclipse_secondaire;compagnon_trop_gros_5.4Rjup,3,12.7,ok
TIC 103943485,195.4535,-35.6909,10.25,0,,,,,2,4.5,ok
TIC 243330489,204.5245,-43.7492,10.25,0,,,,,3,4.9,ok
TIC 244865599,196.3724,-48.2064,10.25,0,,,,,2,5.1,ok
TIC 282222672,210.5317,-79.8297,10.26,0,,,,,5,6.6,ok
TIC 417988357,223.8537,-56.8162,10.26,0,,,,,3,4.9,ok
TIC 142262969,180.5936,-31.3737,10.26,0,,,,,6,8.6,ok
TIC 15359619,185.078,-48.9459,10.26,0,,,,,4,7.6,ok
TIC 414929408,189.1089,-64.6238,10.26,1,2.7799,60.2,rejete,variabilite_continue,5,14.4,ok
TIC 329089161,191.3872,-71.2213,10.27,3,1.2687;1.1265;2.2549,61.7,rejete,eclipse_secondaire;compagnon_trop_gros_4.9Rjup,3,9.5,ok
TIC 436073131,193.3905,-64.1227,10.27,0,,,,,4,9.0,ok
TIC 461163196,171.6181,-27.5729,10.27,0,,,,,3,10.0,ok
TIC 42024746,228.4253,-57.7064,10.27,0,,,,,7,14.7,ok
TIC 379717270,220.0039,-52.9101,10.27,0,,,,,4,11.4,ok
TIC 364102821,251.4517,-69.0749,10.28,0,,,,,2,9.1,ok
TIC 380334980,257.4452,-68.2672,10.28,0,,,,,5,12.9,ok
TIC 410070180,322.3295,-71.8446,10.28,0,,,,,6,13.3,ok
TIC 338681866,189.6659,-61.4489,10.28,0,,65.8,rejete,variabilite_continue;eclipse_secondaire,7,20.3,ok
TIC 67918275,236.0264,-59.3777,10.28,0,,,,,4,14.4,ok
TIC 341785893,203.3447,-70.9312,10.28,0,,,,,3,11.6,ok
TIC 418740319,212.7056,-79.6317,10.29,0,,,,,7,13.1,ok
TIC 448295110,209.4139,-67.6188,10.29,0,,,,,4,13.2,ok
TIC 290403522,330.9582,-72.4409,10.29,0,,14.3,rejete,variabilite_continue;eclipse_secondaire,8,23.4,ok
TIC 383089500,183.6387,-60.4114,10.29,1,1.4862,37.2,rejete,variabilite_continue;eclipse_secondaire,4,17.1,ok
TIC 402970796,226.3104,-74.1851,10.29,0,,,,,4,11.7,ok
TIC 324759868,245.9904,-75.9218,10.29,0,,,,,4,16.5,ok
TIC 448995070,215.4164,-70.2889,10.29,0,,,,,4,13.0,ok
TIC 407823917,273.3258,-78.7432,10.3,1,10.6143,15.1,rejete,variabilite_continue,8,17.3,ok
TIC 420529106,216.134,-52.832,10.3,1,9.5324,10.9,rejete,variabilite_continue,3,9.3,ok
TIC 394481268,315.8033,-56.9608,10.3,0,,,,,8,12.5,ok
TIC 310116572,184.9872,-60.715,10.31,0,,,,,3,12.3,ok
TIC 39276230,227.0282,-57.093,10.31,0,,,,,7,17.6,ok
TIC 301897637,259.433,-67.7338,10.31,0,,,,,4,11.2,ok
TIC 389089708,333.5671,-67.1709,10.31,0,,,,,4,13.3,ok
TIC 248074315,192.9591,-42.8223,10.31,0,,,,,2,13.0,ok
TIC 352002233,283.0107,-73.9158,10.31,0,,,,,5,13.7,ok
TIC 104024556,196.0437,-35.5495,10.32,0,,20.0,rejete,variabilite_continue;eclipse_secondaire,5,14.6,ok
TIC 258917846,197.9125,-47.4546,10.33,0,,,,,7,19.4,ok
TIC 304839886,260.8427,-61.9304,10.33,0,,,,,4,25.0,ok
TIC 382432831,290.225,-68.1649,10.33,0,,,,,7,23.6,ok
TIC 453666690,205.8933,-55.7548,10.33,0,,,,,4,20.8,ok
TIC 142391477,181.8634,-32.7836,10.33,0,,,,,6,23.5,ok
TIC 293962957,264.0087,-67.5001,10.34,0,,,,,3,17.9,ok
TIC 15445551,185.3247,-52.8408,10.35,1,1.6805,69.2,rejete,variabilite_continue;eclipse_secondaire,6,22.1,ok
TIC 1012535693,208.0179,-67.5411,10.35,0,,,,,4,15.0,ok
TIC 352229268,288.4892,-76.0895,10.35,0,,,,,9,25.1,ok
TIC 398767751,180.1892,-56.9636,10.35,0,,,,,3,13.3,ok
TIC 181225718,174.9056,-41.6742,10.36,0,,,,,4,15.8,ok
TIC 346810815,302.7373,-81.1411,10.36,0,,,,,2,12.2,ok
TIC 290734227,255.9393,-62.4944,10.36,0,,,,,4,17.0,ok
TIC 57788126,174.4555,-34.9935,10.37,0,,,,,3,14.0,ok
TIC 338655301,198.9058,-69.7583,10.37,0,,,,,3,18.3,ok
TIC 394152356,198.267,-75.3139,10.37,0,,,,,5,15.9,ok
TIC 57452297,172.3925,-31.5579,10.37,0,,,,,3,14.4,ok
TIC 260837597,225.8654,-70.7375,10.37,0,,,,,5,16.3,ok
TIC 352140701,287.2375,-74.7461,10.37,0,,,,,7,17.7,ok
TIC 21107353,186.7013,-52.2521,10.37,0,,,,,7,18.7,ok
TIC 352229000,288.5452,-76.6374,10.37,0,,,,,11,21.9,ok
TIC 248146827,193.8197,-43.1855,10.38,0,,,,,1,14.6,ok
TIC 448086723,208.0728,-67.5472,10.38,0,,,,,4,18.0,ok
TIC 165493409,180.445,-36.4469,10.38,1,9.1118,31.3,rejete,variabilite_continue;eclipse_secondaire,7,27.2,ok
TIC 94347130,177.1374,-52.1967,10.38,0,,,,,3,19.2,ok
TIC 255912825,258.7139,-68.852,10.38,0,,,,,5,19.2,ok
TIC 423591132,186.0342,-19.2326,10.38,1,2.5507,16.0,rejete,variabilite_continue;eclipse_secondaire,4,18.5,ok
TIC 124618044,200.0085,-35.4156,10.39,0,,,,,4,10.5,ok
TIC 412266364,231.3461,-59.4404,10.39,0,,,,,4,14.4,ok
TIC 189504668,221.071,-59.4851,10.39,0,,,,,4,10.6,ok
TIC 324757915,245.8011,-77.7446,10.39,0,,,,,4,12.0,ok
TIC 142209361,180.3655,-32.2263,10.39,0,,,,,5,12.2,ok
TIC 334300225,183.0463,-49.8357,10.39,0,,,,,5,17.8,ok
TIC 327933089,190.1492,-67.4809,10.39,0,,12.8,rejete,variabilite_continue;eclipse_secondaire,3,21.2,ok
TIC 351339273,301.0104,-65.6057,10.39,0,,,,,7,23.3,ok
TIC 30373490,198.1423,-36.4206,10.39,0,,,,,2,18.7,ok
TIC 460640587,191.4378,-63.5192,10.4,0,,,,,7,13.8,ok
TIC 341405597,317.0704,-63.2506,10.4,1,5.3208,15.8,rejete,variabilite_continue,6,22.7,ok
TIC 295541511,273.6019,-66.4201,10.4,1,4.4564,10.6,rejete,variabilite_continue;eclipse_secondaire,5,20.4,ok
TIC 401975322,218.7703,-73.5325,10.4,0,,16.4,rejete,variabilite_continue;eclipse_secondaire,7,23.5,ok
TIC 257499004,289.5359,-83.644,10.4,0,,,,,8,18.6,ok
TIC 446781372,218.1105,-71.4111,10.41,0,,,,,4,16.9,ok
TIC 394201686,198.7131,-74.2485,10.41,0,,,,,3,14.1,ok
TIC 130867300,187.8478,-32.0758,10.41,0,,,,,3,16.6,ok
TIC 1922073463,298.5709,-78.4311,10.41,0,,,,,3,16.9,ok
TIC 455016335,227.7661,-64.6758,10.41,0,,,,,4,15.6,ok
TIC 245026007,197.6348,-48.2845,10.42,1,2.5797,21.0,rejete,variabilite_continue;eclipse_secondaire,5,20.7,ok
TIC 433005813,181.153,-54.2122,10.42,0,,,,,3,9.5,ok
TIC 364411778,252.6399,-71.1685,10.43,0,,,,,4,18.4,ok
TIC 448517318,211.3383,-68.2757,10.43,1,3.7603,75.6,rejete,variabilite_continue,5,15.4,ok
TIC 313959947,202.3866,-61.5935,10.43,0,,,,,6,9.5,ok
TIC 401980624,218.8551,-76.2141,10.43,0,,26.1,rejete,variabilite_continue;eclipse_secondaire,6,15.5,ok
TIC 318178607,309.0745,-78.8285,10.43,0,,,,,4,9.2,ok
TIC 384066761,240.8586,-81.3273,10.44,0,,,,,5,9.5,ok
TIC 1003482141,212.7091,-79.6311,10.44,0,,,,,6,14.9,ok
TIC 253449327,196.8781,-55.0391,10.44,0,,,,,6,12.1,ok
TIC 62061161,178.2539,-44.9171,10.44,0,,,,,4,12.4,ok
TIC 319228243,204.8067,-61.7042,10.44,0,,,,,4,10.2,ok
TIC 423521905,169.0604,-21.6105,10.44,0,,,,,4,13.9,ok
TIC 243453366,205.7893,-47.8057,10.45,0,,,,,4,10.1,ok
TIC 436077712,193.3278,-64.0233,10.46,0,,92.9,rejete,variabilite_continue;eclipse_secondaire;compagnon_trop_gros_29.4Rjup,7,20.4,ok
TIC 131234318,191.251,-30.5155,10.46,0,,,,,2,19.1,ok
TIC 450420664,186.125,-61.5544,10.46,0,,,,,7,17.3,ok
TIC 34867775,224.589,-59.6592,10.46,0,,,,,5,14.0,ok
TIC 331521972,214.4803,-48.1708,10.46,0,,43.7,rejete,eclipse_secondaire;compagnon_trop_gros_2.8Rjup,4,9.7,ok
TIC 454954403,227.8823,-61.1982,10.46,0,,,,,6,14.7,ok
TIC 439575025,195.7596,-60.179,10.47,0,,,,,5,9.6,ok
TIC 318089045,306.7616,-81.7201,10.47,0,,,,,6,14.4,ok
TIC 422038373,301.3651,-57.048,10.47,1,10.5679,13.4,rejete,variabilite_continue;eclipse_secondaire,6,16.3,ok
TIC 404268578,309.0354,-76.8472,10.47,0,,,,,4,13.5,ok
TIC 258583891,196.7263,-45.6921,10.47,0,,,,,4,14.8,ok
TIC 277130148,283.2397,-81.3273,10.47,0,,,,,1,10.1,ok
TIC 407550714,213.3395,-55.9119,10.48,0,,,,,4,15.5,ok
TIC 243341756,204.7054,-42.6233,10.48,0,,,,,4,14.7,ok
TIC 410348210,289.8144,-69.4148,10.48,0,,,,,4,15.2,ok
TIC 293331077,261.4768,-68.5896,10.48,0,,,,,3,16.3,ok
TIC 5966772,193.398,-23.12,10.48,0,,,,,3,14.8,ok
TIC 434567711,191.3221,-62.7406,10.48,0,,,,,5,16.1,ok
TIC 406941612,229.3204,-80.4736,10.49,0,,,,,8,19.1,ok
TIC 278016010,177.8666,-35.9578,10.49,0,,,,,5,14.2,ok
TIC 243200602,203.106,-42.4753,10.49,0,,34.7,a_verifier,,5,20.2,ok
TIC 245068274,197.7812,-48.7343,10.5,1,1.7066,53.1,rejete,variabilite_continue;eclipse_secondaire,5,20.0,ok
TIC 359627920,195.4762,-42.8285,10.5,0,,,,,4,17.4,ok
TIC 333572754,181.9098,-52.7374,10.51,0,,,,,5,15.6,ok
TIC 256097450,267.1169,-74.4625,10.51,0,,,,,8,19.8,ok
TIC 389305560,188.3144,-24.1628,10.51,0,,,,,2,22.9,ok
TIC 446942641,232.9849,-67.6314,10.51,0,,,,,4,24.2,ok
TIC 210445631,212.1931,-56.3224,10.52,2,3.972;7.9458,69.4,rejete,variabilite_continue,5,25.2,ok
TIC 291772616,218.0764,-57.6007,10.52,0,,,,,4,18.0,ok
TIC 57511429,172.8303,-34.2873,10.52,0,,,,,5,22.2,ok
TIC 333892078,192.6626,-67.5025,10.52,0,,,,,3,14.1,ok
TIC 245341523,199.724,-50.0579,10.52,0,,,,,6,14.9,ok
TIC 341978295,203.8837,-66.1589,10.52,0,,,,,3,12.6,ok
TIC 403237836,330.728,-64.6796,10.53,0,,,,,11,13.8,ok
TIC 384466708,250.8692,-82.0223,10.54,0,,,,,5,9.5,ok
TIC 401228262,187.6229,-52.3743,10.54,0,,,,,6,8.3,ok
TIC 94381583,177.3336,-49.6882,10.54,0,,,,,6,8.5,ok
TIC 271946648,187.3822,-55.9995,10.55,0,,,,,8,11.4,ok
TIC 1047826255,202.5768,-48.365,10.55,0,,,,,4,7.6,ok
TIC 304859461,279.8313,-70.7572,10.56,0,,,,,4,5.8,ok
TIC 351603103,310.0869,-63.79,10.56,0,,,,,5,6.5,ok
TIC 450909889,187.4451,-61.5912,10.56,0,,,,,7,10.0,ok
TIC 381982417,284.0489,-70.2495,10.57,0,,79.2,rejete,variabilite_continue,7,12.8,ok
TIC 363871952,250.9836,-66.436,10.57,0,,,,,3,6.4,ok
TIC 343237841,205.8583,-67.9197,10.57,0,,,,,5,7.1,ok
TIC 384193857,244.5791,-81.2889,10.57,0,,,,,3,3.3,ok
TIC 447320963,251.3597,-64.0556,10.57,0,,,,,5,9.8,ok
TIC 57352825,171.7302,-34.4799,10.57,0,,,,,2,4.8,ok
TIC 282568895,232.7472,-57.7494,10.57,0,,,,,3,5.6,ok
TIC 261867566,227.6584,-71.3618,10.57,0,,35.9,rejete,variabilite_continue,10,17.9,ok
TIC 394261893,198.9397,-75.3534,10.58,0,,,,,2,6.2,ok
TIC 68286377,202.5793,-54.7327,10.58,0,,,,,8,11.4,ok
TIC 243526259,206.2602,-46.533,10.58,0,,,,,3,5.4,ok
TIC 301685667,258.4324,-69.9827,10.59,0,,,,,3,5.3,ok
TIC 461162517,171.6781,-26.0588,10.59,0,,,,,2,4.0,ok
TIC 404341496,313.3689,-73.1376,10.59,0,,,,,7,8.8,ok
TIC 383492888,220.3182,-52.5354,10.59,0,,,,,5,8.7,ok
TIC 286190896,187.2831,-27.6698,10.59,0,,,,,1,6.1,ok
TIC 15446998,185.2833,-52.2064,10.59,0,,,,,5,7.1,ok
TIC 406864355,226.9894,-81.9086,10.6,0,,,,,4,7.9,ok
TIC 310658582,254.1837,-76.4821,10.61,0,,,,,6,7.5,ok
TIC 272211398,180.114,-47.244,10.61,1,11.6498,13.9,rejete,variabilite_continue,5,11.4,ok
TIC 448373641,210.1461,-67.8809,10.61,0,,,,,4,7.9,ok
TIC 360453362,240.6155,-69.5253,10.61,0,,,,,4,5.3,ok
TIC 346704136,296.7666,-78.9621,10.61,0,,,,,10,16.2,ok
TIC 229679814,197.9064,-28.4205,10.62,0,,,,,2,5.7,ok
TIC 403760892,179.9637,-45.1029,10.62,0,,,,,5,9.6,ok
TIC 170574775,185.3203,-34.9836,10.62,0,,,,,3,5.6,ok
TIC 439259308,195.5986,-65.8279,10.63,0,,,,,3,5.4,ok
TIC 384339678,246.9934,-80.2487,10.63,0,,,,,7,9.7,ok
TIC 395398543,206.8945,-76.9882,10.63,0,,,,,7,11.0,ok
TIC 265368974,315.1878,-76.3381,10.63,0,,,,,4,8.6,ok
TIC 327301957,310.7612,-72.0101,10.63,0,,,,,8,10.0,ok
TIC 362381010,245.9109,-68.4457,10.63,0,,,,,5,10.3,ok
TIC 326540499,188.1593,-69.1685,10.64,0,,,,,3,9.7,ok
TIC 401833708,217.8736,-73.5086,10.64,0,,,,,4,9.9,ok
TIC 61815057,177.4348,-43.1188,10.64,0,,,,,3,9.2,ok
TIC 124145124,196.4623,-34.1983,10.64,0,,,,,2,9.4,ok
TIC 318089042,307.1967,-81.7145,10.64,0,,,,,7,13.2,ok
TIC 334558633,193.7382,-71.8352,10.65,0,,,,,3,7.5,ok
TIC 389256752,179.8361,-47.4611,10.65,0,,,,,5,8.8,ok
TIC 454339251,226.0783,-60.6441,10.65,0,,,,,4,7.5,ok
TIC 22754598,185.473,-42.8283,10.66,0,,,,,2,3.9,ok
TIC 306648160,265.7603,-65.0083,10.66,0,,124.9,rejete,variabilite_continue,6,14.9,ok
TIC 452698862,172.0473,-24.9815,10.67,0,,,,,4,6.3,ok
TIC 396465600,213.7623,-74.2464,10.67,0,,,,,3,5.0,ok
TIC 410149713,339.8453,-70.2425,10.67,0,,,,,3,5.6,ok
TIC 310103203,250.6899,-77.5344,10.67,0,,,,,2,3.6,ok
TIC 447651236,254.4222,-63.2113,10.68,0,,,,,8,9.5,ok
TIC 464519298,285.1162,-64.6226,10.68,0,,,,,5,9.0,ok
TIC 469906109,336.7264,-64.1982,10.68,0,,,,,5,7.5,ok
TIC 73304877,190.3174,-46.4614,10.68,0,,,,,4,7.3,ok
TIC 464658144,288.3714,-61.0592,10.68,0,,27.8,rejete,variabilite_continue,8,15.4,ok
TIC 301300209,255.3303,-68.4578,10.68,0,,,,,5,14.7,ok
TIC 329459969,191.9478,-69.2183,10.69,0,,,,,3,4.6,ok
TIC 311348962,185.5501,-64.4299,10.69,0,,27.3,rejete,variabilite_continue;eclipse_secondaire,6,12.2,ok
TIC 363749339,250.185,-68.5228,10.7,0,,,,,4,9.0,ok
TIC 957424539,194.2679,-70.5071,10.7,0,,,,,5,8.5,ok
TIC 330971560,214.0386,-51.7656,10.7,0,,,,,5,9.7,ok
TIC 228758453,194.1902,-24.5663,10.7,0,,,,,2,7.3,ok
TIC 292703488,274.914,-72.0475,10.7,0,,,,,6,9.6,ok
TIC 447530589,253.405,-61.5865,10.7,0,,,,,5,7.1,ok
TIC 429342600,183.4,-23.3227,10.7,0,,,,,2,5.8,ok
TIC 410416107,318.7991,-65.555,10.7,0,,,,,4,14.0,ok
TIC 295253049,270.6181,-69.7537,10.71,0,,,,,8,9.9,ok
TIC 364162823,251.7281,-67.609,10.71,0,,,,,4,9.0,ok
TIC 295338999,223.1397,-60.2152,10.71,0,,,,,4,10.5,ok
TIC 210098534,211.7327,-59.4882,10.72,0,,,,,4,6.7,ok
TIC 401952328,220.3266,-61.6118,10.72,1,9.1495,51.2,rejete,variabilite_continue,4,11.6,ok
TIC 437193687,194.2245,-64.6459,10.72,0,,,,,3,7.3,ok
TIC 411593353,218.8015,-58.6627,10.73,0,,,,,6,9.0,ok
TIC 403077556,227.4542,-73.1095,10.73,0,,,,,4,5.7,ok
TIC 419692115,191.4733,-55.1149,10.73,0,,,,,7,10.0,ok
TIC 453789494,199.4337,-47.2376,10.73,0,,107.2,rejete,variabilite_continue,5,10.3,ok
TIC 130867301,187.846,-32.0748,10.74,0,,,,,3,6.2,ok
TIC 231637303,317.9875,-59.4541,10.74,0,,,,,7,8.3,ok
TIC 411920719,271.1834,-65.1544,10.74,0,,,,,6,10.9,ok
TIC 381981543,284.019,-71.4659,10.74,0,,,,,6,11.2,ok
TIC 142061428,178.8287,-32.9175,10.74,0,,,,,2,9.7,ok
TIC 98957720,181.0007,-28.3254,10.74,0,,,,,4,10.2,ok
TIC 412266361,231.3513,-59.4406,10.74,0,,,,,4,8.9,ok
TIC 204719763,185.8448,-24.529,10.75,0,,,,,3,7.3,ok
TIC 313087584,201.8244,-63.7619,10.75,0,,,,,4,17.0,ok
TIC 157322241,176.8292,-34.7632,10.75,0,,,,,4,8.8,ok
TIC 402678536,224.0243,-75.0018,10.75,0,,,,,8,10.5,ok
TIC 341199348,314.4145,-60.2349,10.75,0,,,,,6,8.5,ok
TIC 57258599,171.1198,-31.3744,10.76,0,,,,,2,6.2,ok
TIC 304324903,259.4865,-63.9271,10.76,0,,,,,4,6.9,ok
TIC 276568831,264.9035,-81.5722,10.76,0,,,,,7,10.7,ok
TIC 160197791,189.4053,-51.7199,10.76,0,,,,,7,7.5,ok
TIC 457649900,217.9987,-51.0745,10.76,0,,,,,2,10.7,ok
TIC 165633864,203.5554,-39.2436,10.76,0,,,,,2,6.4,ok
TIC 262161607,228.4294,-70.7486,10.77,0,,,,,5,10.0,ok
TIC 328591096,190.5643,-71.639,10.77,0,,,,,8,15.0,ok
TIC 351249087,300.6775,-61.2359,10.78,0,,,,,5,11.3,ok
TIC 343885705,275.94,-73.7955,10.78,0,,,,,7,13.2,ok
TIC 1005005438,214.9781,-72.1777,10.79,0,,,,,7,11.0,ok
TIC 242083025,201.6421,-39.6299,10.79,1,1.2919,12.7,rejete,variabilite_continue;eclipse_secondaire,4,12.7,ok
TIC 455359641,228.7761,-62.763,10.79,0,,,,,5,10.9,ok
TIC 340847612,293.2776,-77.9067,10.79,0,,,,,4,10.4,ok
TIC 398943781,190.6189,-30.6398,10.79,0,,,,,4,11.0,ok
TIC 1054926636,203.5562,-39.2439,10.79,0,,,,,2,6.7,ok
TIC 453811191,199.445,-44.9484,10.79,0,,,,,4,10.4,ok
TIC 107019346,182.8815,-34.2818,10.79,0,,,,,2,6.2,ok
TIC 364280670,252.4068,-69.3006,10.8,0,,,,,4,8.5,ok
TIC 424709073,236.9018,-64.5469,10.8,0,,,,,3,7.5,ok
TIC 21110028,186.862,-50.8738,10.81,0,,,,,3,9.8,ok
TIC 99028319,181.3051,-25.5666,10.81,0,,,,,4,6.3,ok
TIC 166058030,205.4935,-38.81,10.81,0,,,,,2,7.1,ok
TIC 438639308,202.0624,-44.7772,10.82,0,,,,,2,5.4,ok
TIC 30116867,196.9421,-35.9972,10.83,0,,,,,3,7.2,ok
TIC 410149717,339.8238,-70.2494,10.83,0,,,,,3,11.4,ok
TIC 344128609,279.3425,-73.5257,10.83,0,,,,,6,7.6,ok
TIC 413721640,215.263,-59.8427,10.83,0,,,,,6,11.2,ok
TIC 443666343,186.8167,-29.8331,10.83,1,12.5113,11.1,rejete,variabilite_continue,4,11.6,ok
TIC 394202643,198.6336,-74.744,10.83,0,,,,,5,8.2,ok
TIC 332946715,180.8805,-53.4121,10.83,0,,,,,5,9.0,ok
TIC 401625800,311.4616,-78.3498,10.83,0,,,,,4,7.0,ok
TIC 396599995,214.3586,-73.4246,10.83,0,,,,,8,13.4,ok
TIC 363622794,199.8069,-45.1092,10.83,0,,,,,4,8.4,ok
TIC 448022291,185.2054,-66.0346,10.83,0,,,,,3,9.6,ok
TIC 394164118,198.6622,-73.1862,10.84,0,,,,,2,7.5,ok
TIC 1815713232,288.0379,-74.0222,10.84,0,,,,,8,13.5,ok
TIC 338981544,199.3722,-70.8778,10.84,0,,,,,3,7.5,ok
TIC 204698586,185.5519,-24.2248,10.84,0,,30.7,rejete,eclipse_secondaire;compagnon_trop_gros_2.9Rjup,2,10.8,ok
TIC 289867259,205.082,-56.724,10.84,0,,,,,4,9.5,ok
TIC 352188401,288.0405,-74.0224,10.84,0,,,,,8,10.7,ok
TIC 325015436,283.1065,-69.9532,10.84,0,,,,,4,12.3,ok
TIC 89927721,204.286,-57.2696,10.84,0,,,,,4,8.2,ok
TIC 331634064,305.2959,-73.5948,10.85,0,,,,,7,14.9,ok
TIC 328023626,190.0648,-70.2071,10.85,0,,,,,3,4.8,ok
TIC 135309286,186.4497,-37.249,10.85,0,,,,,2,4.2,ok
TIC 219263091,309.2084,-55.084,10.85,0,,,,,5,8.0,ok
TIC 35542651,224.847,-59.395,10.85,0,,,,,6,8.1,ok
TIC 439168784,195.5843,-63.4732,10.85,0,,50.7,rejete,variabilite_continue;eclipse_secondaire,7,15.3,ok
TIC 306982139,266.6861,-63.626,10.85,0,,,,,6,8.5,ok
TIC 405700729,192.057,-56.8944,10.85,0,,,,,7,7.6,ok
TIC 403800351,179.4034,-27.1376,10.85,0,,,,,3,6.4,ok
TIC 68321605,236.2072,-59.1145,10.86,0,,,,,3,7.2,ok
TIC 469817399,305.2815,-61.083,10.86,0,,,,,7,8.3,ok
TIC 181110130,173.9055,-38.157,10.86,0,,,,,3,5.8,ok
TIC 390529504,189.8924,-28.8353,10.86,0,,,,,4,5.4,ok
TIC 210327371,212.0974,-58.8391,10.86,0,,,,,4,5.0,ok
TIC 323087350,206.6224,-62.0799,10.86,0,,,,,3,6.3,ok
TIC 370134722,306.954,-58.8954,10.86,0,,,,,5,7.4,ok
TIC 157265784,176.5589,-35.5397,10.86,0,,,,,6,9.0,ok
TIC 426009799,236.6295,-73.4065,10.87,0,,,,,5,7.8,ok
TIC 396599996,214.3639,-73.4251,10.87,0,,,,,8,9.4,ok
TIC 208752497,209.1898,-57.6885,10.87,0,,,,,3,6.8,ok
TIC 286864983,190.1913,-21.8728,10.88,0,,,,,5,7.2,ok
TIC 287564315,198.0619,-46.1486,10.88,0,,,,,2,8.0,ok
TIC 421990485,301.0773,-55.7259,10.88,0,,,,,5,7.0,ok
TIC 294149159,264.7327,-70.3645,10.88,0,,,,,8,11.7,ok
TIC 210959442,213.1322,-59.4244,10.88,0,,,,,4,6.0,ok
TIC 443199889,198.8881,-61.4431,10.88,1,10.3011,21.8,rejete,variabilite_continue,3,5.9,ok
TIC 131235038,191.3587,-30.9038,10.88,0,,,,,1,2.0,ok
TIC 258520047,196.7091,-46.1657,10.88,0,,,,,5,5.6,ok
TIC 1922092434,293.2801,-77.9072,10.88,0,,,,,4,7.7,ok
TIC 380594713,268.8886,-65.4036,10.89,0,,,,,4,7.1,ok
TIC 144155582,188.7671,-41.6109,10.89,0,,,,,5,6.9,ok
TIC 341048070,202.3239,-71.2727,10.89,0,,,,,3,5.2,ok
TIC 363644989,249.9414,-70.2609,10.89,0,,,,,4,6.1,ok
TIC 429354344,183.5365,-23.7541,10.89,0,,54.9,rejete,variabilite_continue;eclipse_secondaire,5,10.0,ok
TIC 102076657,181.9462,-39.8312,10.9,0,,,,,3,8.5,ok
TIC 393001369,218.4777,-61.1526,10.9,0,,,,,6,7.3,ok
TIC 428643393,179.3413,-19.6453,10.9,0,,,,,2,3.1,ok
TIC 393001368,218.4721,-61.1518,10.9,0,,,,,6,8.7,ok
TIC 421184129,175.3871,-46.1962,10.9,1,8.0241,11.8,rejete,variabilite_continue,2,5.9,ok
TIC 144292639,189.2536,-36.8684,10.9,0,,,,,4,7.0,ok
TIC 465799362,282.4384,-71.9495,10.9,0,,,,,4,5.8,ok
TIC 429360175,184.076,-21.9328,10.91,0,,,,,3,4.4,ok
TIC 361711730,243.8848,-69.2172,10.91,1,10.243,57.2,rejete,variabilite_continue,6,11.7,ok
TIC 243178105,202.9185,-42.2647,10.92,0,,,,,3,5.1,ok
TIC 144292650,189.2575,-36.8555,10.92,0,,,,,3,6.4,ok
TIC 248146907,193.9168,-43.1029,10.92,0,,,,,1,2.4,ok
TIC 165317334,179.2626,-38.1048,10.92,1,10.5563,11.9,rejete,variabilite_continue,6,10.8,ok
TIC 234288438,335.9652,-65.203,10.92,0,,,,,4,5.4,ok
TIC 389305559,188.3125,-24.1626,10.93,0,,,,,2,4.0,ok
TIC 361593533,194.5655,-73.547,10.93,0,,,,,3,4.9,ok
TIC 372302303,314.8353,-65.9778,10.93,0,,,,,6,9.1,ok
TIC 163042814,190.916,-50.3522,10.93,0,,,,,5,7.5,ok
TIC 277034534,279.7909,-79.5054,10.94,1,11.8558,20.1,rejete,variabilite_continue,7,16.6,ok
TIC 32661254,176.3691,-27.3067,10.94,0,,,,,6,9.0,ok
TIC 382432832,290.223,-68.1663,10.94,0,,,,,7,8.7,ok
TIC 321513424,205.7648,-62.9138,10.94,0,,,,,3,5.2,ok
TIC 454047903,175.953,-41.3366,10.94,0,,,,,3,5.3,ok
TIC 297076465,187.5156,-17.137,10.94,0,,,,,4,5.9,ok
TIC 450446759,186.1149,-60.3807,10.94,0,,,,,3,5.4,ok
TIC 332527862,180.0912,-50.6287,10.94,0,,,,,3,5.9,ok
TIC 345083368,277.5709,-61.9643,10.94,0,,,,,6,7.8,ok
TIC 243550555,206.3947,-42.8263,10.95,0,,,,,2,5.7,ok
TIC 130731771,186.9357,-30.423,10.95,0,,,,,3,5.6,ok
TIC 264137167,216.9757,-59.7432,10.95,0,,,,,5,8.3,ok
TIC 178869592,194.9295,-39.1584,10.95,0,,,,,2,4.7,ok
TIC 364544699,253.1703,-71.1518,10.96,0,,,,,3,5.8,ok
TIC 370134723,306.9543,-58.8986,10.96,0,,,,,5,8.8,ok
TIC 299688946,208.3059,-65.7429,10.96,0,,,,,3,6.2,ok
TIC 404241837,308.2055,-77.0165,10.96,0,,,,,3,5.0,ok
TIC 181112829,173.8524,-41.5659,10.96,0,,,,,5,6.7,ok
TIC 343376897,240.8939,-60.4403,10.96,0,,,,,8,8.6,ok
TIC 341971215,203.8427,-67.1368,10.98,0,,,,,2,3.7,ok
TIC 124515950,199.0326,-33.4562,10.98,0,,,,,3,4.4,ok
TIC 354134555,313.0621,-55.7506,10.98,0,,,,,4,6.3,ok
TIC 1311852410,258.8987,-63.5656,10.99,0,,,,,6,7.8,ok
TIC 72564426,187.9081,-45.9833,10.99,0,,,,,6,10.1,ok
TIC 311961018,264.23,-76.7198,10.99,0,,,,,4,7.0,ok
TIC 318516986,332.088,-66.5681,11.0,0,,,,,4,6.7,ok
TIC 383228890,183.9169,-60.7839,11.0,0,,,,,6,8.6,ok
TIC 243291790,204.1142,-47.9127,11.01,0,,,,,3,6.6,ok
TIC 303555471,257.1277,-64.8997,11.01,0,,,,,5,9.5,ok
TIC 163032300,190.9108,-51.0651,11.01,0,,,,,3,6.8,ok
TIC 317497603,203.9739,-65.1067,11.01,0,,,,,2,5.0,ok
TIC 337451193,215.2843,-60.9335,11.01,0,,,,,4,7.2,ok
TIC 258587557,196.8227,-42.6264,11.01,0,,,,,3,5.9,ok
TIC 435111484,192.6984,-60.735,11.01,0,,,,,6,8.9,ok
TIC 402709719,248.5894,-63.3833,11.01,0,,,,,4,9.9,ok
TIC 279404964,235.4859,-58.0508,11.02,0,,81.3,rejete,variabilite_continue;eclipse_secondaire,5,13.6,ok
TIC 144225167,189.0914,-37.1838,11.02,0,,,,,1,7.1,ok
TIC 257472655,220.3288,-70.9548,11.02,0,,,,,4,6.9,ok
TIC 422641277,233.9795,-62.585,11.02,0,,,,,5,12.1,ok
TIC 166184428,206.1076,-40.3371,11.02,0,,,,,3,5.6,ok
TIC 402996953,249.6711,-60.6821,11.02,0,,,,,3,9.9,ok
TIC 163647847,191.552,-48.9428,11.02,1,3.1163,10.2,rejete,variabilite_continue;eclipse_secondaire,4,9.3,ok
TIC 157228806,176.1856,-32.8819,11.02,0,,,,,3,5.7,ok
TIC 354944123,324.3911,-77.9794,11.03,1,5.5383,30.1,rejete,variabilite_continue,9,15.5,ok
TIC 299171124,243.3022,-64.8122,11.03,0,,,,,4,6.9,ok
TIC 409889012,294.2316,-69.8158,11.03,0,,,,,7,12.9,ok
TIC 318570818,332.5449,-70.1712,11.03,0,,,,,3,6.4,ok
TIC 68176067,193.4477,-57.8721,11.03,0,,,,,4,7.4,ok
TIC 419576295,191.2117,-57.5363,11.03,0,,,,,3,8.2,ok
TIC 402526012,247.9089,-63.2796,11.03,0,,,,,4,5.9,ok
TIC 264013424,216.9702,-58.3509,11.03,0,,,,,4,6.3,ok
TIC 309893442,249.3542,-77.1805,11.04,0,,,,,3,7.4,ok
TIC 255985064,266.8116,-67.9732,11.04,0,,,,,5,7.5,ok
TIC 420582698,216.1989,-50.6928,11.04,0,,,,,4,6.5,ok
TIC 336346953,195.9703,-71.1236,11.04,0,,,,,3,5.5,ok
TIC 426363373,242.5378,-77.4102,11.04,0,,,,,4,9.8,ok
TIC 331681541,307.0384,-76.6801,11.04,0,,,,,9,14.6,ok
TIC 282221346,210.9854,-78.7725,11.04,1,5.6311,51.2,rejete,variabilite_continue,5,11.9,ok
TIC 265125304,293.6235,-75.2148,11.05,0,,,,,7,11.8,ok
TIC 1988959911,314.4137,-60.2349,11.05,0,,,,,6,9.4,ok
TIC 157270345,176.7366,-33.8697,11.05,0,,,,,4,5.0,ok
TIC 294690475,267.2899,-67.3285,11.05,0,,,,,4,6.1,ok
TIC 433012333,170.4601,-24.1877,11.05,0,,,,,2,4.9,ok
TIC 331403557,214.4975,-49.9503,11.06,0,,,,,2,4.6,ok
TIC 363873156,250.8205,-66.8683,11.06,0,,,,,3,4.8,ok
TIC 375570991,178.5694,-55.5149,11.06,0,,,,,3,7.5,ok
TIC 380836882,270.1348,-65.6138,11.06,1,8.0125,60.8,rejete,variabilite_continue,6,11.2,ok
TIC 438629686,201.8993,-46.3868,11.06,0,,,,,2,6.9,ok
TIC 332408370,212.8125,-60.0279,11.07,0,,,,,5,7.4,ok
TIC 145092212,193.9676,-41.2639,11.07,0,,,,,2,3.2,ok
TIC 310051715,250.1318,-73.6815,11.07,0,,,,,5,6.8,ok
TIC 325647810,187.442,-69.6518,11.07,1,3.8038,30.1,rejete,variabilite_continue,3,6.0,ok
TIC 320173450,293.9283,-58.5683,11.08,0,,,,,5,12.1,ok
TIC 389079052,333.5144,-65.5238,11.08,0,,,,,7,10.9,ok
TIC 398448713,297.8776,-72.9277,11.08,0,,,,,8,10.8,ok
TIC 394083429,337.7315,-64.9878,11.08,0,,,,,5,6.8,ok
TIC 436272339,193.515,-60.4225,11.08,0,,,,,4,6.4,ok
TIC 446853874,218.7988,-71.7699,11.08,0,,,,,4,8.2,ok
TIC 329604894,212.5001,-48.3808,11.08,0,,,,,2,3.1,ok
TIC 230949405,286.9258,-59.372,11.09,0,,,,,3,5.5,ok
TIC 464449188,282.7006,-65.4775,11.09,0,,,,,5,9.7,ok
TIC 326750243,210.2327,-65.0318,11.09,0,,,,,4,10.5,ok
TIC 300073035,244.6969,-64.4865,11.1,0,,,,,4,10.8,ok
TIC 408147984,213.4824,-59.6431,11.1,0,,,,,5,7.5,ok
TIC 248072945,192.8216,-44.3136,11.1,0,,,,,4,7.1,ok
TIC 448098793,207.859,-69.7726,11.1,1,3.708,29.2,rejete,variabilite_continue;eclipse_secondaire,4,13.4,ok
TIC 90630452,216.4372,-59.5876,11.1,0,,,,,4,7.9,ok
TIC 208752493,209.1922,-57.689,11.1,0,,,,,3,6.1,ok
TIC 124528023,199.0964,-30.5995,11.1,0,,,,,4,12.2,ok
TIC 272213425,180.165,-45.7995,11.11,1,4.3259,27.1,rejete,variabilite_continue,6,13.1,ok
TIC 454072318,176.2904,-41.5358,11.11,0,,,,,4,5.7,ok
TIC 345173424,281.4379,-73.0082,11.11,0,,,,,7,8.3,ok
TIC 437258103,170.1574,-22.5497,11.11,0,,,,,4,5.7,ok
TIC 298946836,243.2216,-61.0313,11.11,0,,70.0,rejete,variabilite_continue,7,15.4,ok
TIC 253126207,194.6839,-58.4768,11.11,1,8.7173,12.2,rejete,variabilite_continue,5,10.7,ok
TIC 324609409,312.6948,-81.2725,11.12,0,,,,,7,7.6,ok
TIC 363217199,248.444,-67.8548,11.12,0,,,,,5,7.2,ok
TIC 464589014,286.7717,-62.1517,11.12,0,,,,,7,7.7,ok
TIC 420532114,216.1812,-52.1005,11.12,0,,,,,3,6.1,ok
TIC 351601843,309.9705,-65.4499,11.12,0,,,,,8,8.3,ok
TIC 259522008,223.477,-71.0107,11.12,0,,,,,4,4.5,ok
TIC 336932754,215.1035,-63.8907,11.13,0,,,,,3,7.8,ok
TIC 340624586,238.2415,-63.8606,11.13,0,,,,,5,5.0,ok
TIC 419610523,320.2644,-66.8891,11.13,0,,,,,7,9.2,ok
TIC 295376786,271.6501,-70.6273,11.13,0,,,,,4,7.5,ok
TIC 9560564,193.171,-28.4146,11.13,0,,,,,3,6.0,ok
TIC 389933651,182.5188,-54.2673,11.13,0,,,,,3,5.1,ok
TIC 443667457,186.7106,-26.5043,11.13,0,,,,,2,5.3,ok
TIC 447290869,251.078,-62.628,11.13,0,,,,,4,5.6,ok
TIC 405984125,193.838,-59.2274,11.14,0,,,,,3,6.2,ok
TIC 57186546,170.634,-31.0739,11.14,0,,,,,5,7.7,ok
TIC 22850303,185.9083,-46.1057,11.14,0,,,,,6,9.0,ok
TIC 390583436,199.7818,-35.7649,11.14,0,,,,,2,4.4,ok
TIC 448334902,209.7443,-69.9782,11.14,0,,,,,4,5.4,ok
TIC 170573738,185.317,-34.9823,11.14,0,,,,,3,5.3,ok
TIC 375570995,178.5689,-55.5158,11.15,0,,,,,4,5.4,ok
TIC 314139276,202.5034,-63.6345,11.15,0,,,,,4,6.5,ok
TIC 363661031,200.0035,-47.7076,11.16,1,3.5601,72.1,rejete,variabilite_continue,3,6.5,ok
TIC 299497691,243.8629,-60.315,11.16,0,,,,,4,5.3,ok
TIC 317362389,203.732,-64.8301,11.16,0,,,,,3,7.1,ok
TIC 248146308,193.9398,-43.7302,11.17,0,,,,,1,3.7,ok
TIC 389023538,331.2763,-65.564,11.17,0,,,,,5,7.4,ok
TIC 448704677,212.7639,-67.8626,11.17,0,,,,,3,4.6,ok
TIC 332410980,213.0508,-60.0572,11.17,0,,,,,4,9.6,ok
TIC 181159386,174.3028,-38.3072,11.17,0,,87.4,rejete,variabilite_continue;eclipse_secondaire,8,18.3,ok
TIC 308891456,184.4382,-65.5428,11.17,0,,,,,3,5.0,ok
TIC 295542271,273.6491,-67.0737,11.17,0,,,,,4,7.4,ok
TIC 241681553,208.1499,-50.6984,11.17,0,,,,,3,8.9,ok
TIC 402678529,224.0136,-75.0042,11.18,0,,,,,8,9.8,ok
TIC 265468367,321.3434,-62.8391,11.18,0,,,,,6,9.8,ok
TIC 395301876,205.6374,-74.4273,11.18,0,,,,,3,7.7,ok
TIC 245027119,197.58,-48.9089,11.18,1,2.0083,50.5,rejete,variabilite_continue;eclipse_secondaire,4,9.1,ok
TIC 100378750,307.708,-52.8786,11.19,0,,,,,3,8.1,ok
TIC 288369368,187.548,-52.017,11.19,0,,,,,3,4.4,ok
TIC 334935237,194.0413,-70.6753,11.19,0,,,,,3,3.8,ok
TIC 228885563,194.922,-26.8376,11.19,0,,,,,4,9.5,ok
TIC 401716733,217.2026,-73.9139,11.19,0,,,,,4,11.7,ok
TIC 448500231,210.8315,-71.3192,11.19,0,,,,,4,6.7,ok
TIC 452698891,172.0132,-24.9082,11.2,0,,,,,4,7.7,ok
TIC 94017782,176.6041,-48.2346,11.2,0,,,,,4,4.7,ok
TIC 375631179,178.6764,-57.7403,11.2,0,,,,,3,5.4,ok
TIC 241760543,209.0212,-52.8311,11.2,0,,,,,4,5.0,ok
TIC 263500755,231.0697,-66.4113,11.2,0,,,,,4,5.9,ok
TIC 66761070,181.4019,-58.6964,11.2,1,1.0337,21.5,rejete,variabilite_continue;eclipse_secondaire,8,16.0,ok
TIC 319991836,205.1257,-61.6083,11.2,0,,,,,4,14.0,ok
TIC 352084298,285.1547,-73.1333,11.21,0,,,,,4,7.2,ok
TIC 400693763,219.9545,-65.6034,11.21,0,,,,,4,8.8,ok
TIC 359686949,195.6434,-46.3215,11.21,0,,,,,3,6.0,ok
TIC 259845346,324.2874,-60.6022,11.21,0,,,,,10,17.0,ok
TIC 450824128,187.1562,-62.0512,11.21,0,,,,,5,7.1,ok
TIC 363781484,200.4048,-44.3645,11.21,0,,,,,5,8.7,ok
TIC 229047362,195.3597,-27.5222,11.22,0,,,,,2,4.1,ok
TIC 293084151,178.187,-26.5027,11.22,0,,,,,3,6.4,ok
TIC 21736170,181.3978,-42.1772,11.22,0,,,,,2,7.6,ok
TIC 305518740,262.4658,-61.8708,11.22,0,,,,,3,7.0,ok
TIC 446873517,232.0606,-66.2598,11.22,0,,,,,4,6.5,ok
TIC 453812336,199.4627,-44.153,11.22,0,,,,,3,6.0,ok
TIC 22855960,186.0299,-43.0666,11.22,0,,,,,2,5.8,ok
TIC 401279432,187.9363,-48.1467,11.23,0,,,,,3,5.4,ok
TIC 343952976,276.8287,-77.1317,11.23,0,,105.2,rejete,variabilite_continue,7,16.0,ok
TIC 253151299,194.9712,-55.5245,11.23,0,,,,,5,8.1,ok
TIC 332276046,179.7279,-52.9857,11.23,0,,,,,4,6.0,ok
TIC 304471598,276.6961,-67.7486,11.23,0,,,,,5,8.1,ok
TIC 466164355,299.2551,-64.8529,11.23,0,,,,,5,8.8,ok
TIC 229258252,196.1928,-26.0962,11.24,0,,,,,1,3.2,ok
TIC 263484959,234.4165,-71.3299,11.24,0,,,,,5,8.9,ok
TIC 398445933,298.1149,-77.592,11.24,0,,,,,7,10.6,ok
TIC 341582777,203.2952,-67.0224,11.24,0,,,,,2,4.9,ok
TIC 209017814,209.6265,-55.8157,11.24,0,,,,,3,6.4,ok
TIC 447111039,239.2561,-69.6598,11.24,0,,,,,3,6.0,ok
TIC 396368313,212.8391,-75.8332,11.24,0,,35.2,rejete,variabilite_continue;eclipse_secondaire,7,14.7,ok
TIC 383233709,183.8725,-61.2964,11.24,0,,,,,3,6.6,ok
TIC 407772800,274.6985,-71.5324,11.24,0,,,,,5,12.1,ok
TIC 447327810,251.6564,-65.4517,11.24,0,,,,,4,6.3,ok
TIC 273128088,179.0216,-52.4803,11.25,0,,,,,3,10.2,ok
TIC 35353045,224.8745,-56.0237,11.25,0,,,,,5,7.2,ok
TIC 394086820,339.0274,-65.5894,11.26,0,,,,,8,10.2,ok
TIC 447785589,255.7831,-64.0113,11.26,0,,,,,4,9.9,ok
TIC 401562280,215.473,-77.4301,11.26,0,,,,,7,9.3,ok
TIC 469815709,304.8064,-61.7013,11.26,0,,,,,4,7.0,ok
TIC 304845447,260.8664,-64.2822,11.26,0,,,,,4,11.6,ok
TIC 134907674,184.0575,-41.2164,11.26,0,,,,,2,5.4,ok
TIC 447008590,233.672,-69.6383,11.27,0,,,,,4,6.7,ok
TIC 313961186,202.3338,-61.7006,11.27,1,4.8364,46.8,rejete,variabilite_continue,3,11.4,ok
TIC 275596004,179.1611,-43.556,11.27,0,,,,,5,10.2,ok
TIC 405911276,192.6864,-56.9135,11.27,0,,,,,6,8.2,ok
TIC 301616762,257.8286,-68.1109,11.27,0,,,,,4,5.2,ok
TIC 383087344,183.6508,-60.6681,11.28,0,,16.9,rejete,variabilite_continue;eclipse_secondaire,3,8.4,ok
TIC 447296964,251.1701,-61.1859,11.28,0,,,,,4,9.0,ok
TIC 275472902,178.8709,-46.8053,11.28,0,,,,,4,7.6,ok
TIC 259834419,224.104,-68.9881,11.28,0,,,,,6,10.9,ok
TIC 331774813,322.7304,-73.0789,11.28,0,,,,,4,6.8,ok
TIC 449608602,200.7577,-63.575,11.28,0,,,,,3,4.3,ok
TIC 271293761,186.6778,-58.1853,11.28,0,,,,,3,5.2,ok
TIC 325176527,339.1209,-66.1263,11.28,0,,,,,6,9.1,ok
TIC 245026382,197.5816,-48.5182,11.28,0,,,,,3,5.9,ok
TIC 380332136,257.5054,-66.8891,11.28,0,,,,,4,5.4,ok
TIC 449549170,200.4645,-62.5421,11.29,0,,,,,5,8.9,ok
TIC 352293031,299.1343,-70.6755,11.29,0,,,,,7,7.9,ok
TIC 144430248,190.1667,-37.5819,11.29,0,,,,,1,5.6,ok
TIC 341048147,202.2904,-71.2975,11.3,0,,,,,3,5.7,ok
TIC 308473213,184.2034,-61.1213,11.3,0,,,,,3,5.3,ok
TIC 464589012,286.7915,-62.1506,11.3,0,,,,,7,8.5,ok
TIC 179801554,188.3379,-61.2537,11.3,0,,,,,3,4.8,ok
TIC 229255155,196.2347,-27.7762,11.3,0,,,,,1,5.8,ok
TIC 99176851,183.9094,-24.8385,11.3,0,,,,,3,7.6,ok
TIC 161156019,189.9607,-48.3619,11.3,0,,,,,3,8.1,ok
TIC 256214388,267.7227,-79.8288,11.3,0,,,,,4,8.9,ok
TIC 301153917,254.9047,-66.9849,11.3,0,,,,,4,8.4,ok
TIC 5878609,187.8257,-22.1921,11.3,0,,,,,1,3.6,ok
TIC 134831707,183.4336,-38.1344,11.31,0,,,,,2,4.8,ok
TIC 145053881,193.8497,-40.0949,11.32,0,,,,,3,4.5,ok
TIC 447382925,251.9859,-65.154,11.32,0,,,,,8,12.4,ok
TIC 261497366,210.0087,-50.9525,11.32,0,,,,,2,7.9,ok
TIC 301300706,255.5218,-68.1991,11.32,0,,,,,6,11.3,ok
TIC 142310306,181.0917,-33.2635,11.32,0,,,,,3,9.4,ok
TIC 102192004,195.794,-41.3849,11.33,2,4.233;6.3505,25.2,rejete,variabilite_continue,4,13.2,ok
TIC 469815705,304.8082,-61.703,11.33,0,,,,,4,7.4,ok
TIC 324929460,282.6951,-70.6118,11.33,0,,,,,7,11.9,ok
TIC 83113607,188.3208,-20.8428,11.33,1,4.4448,11.2,rejete,variabilite_continue;eclipse_secondaire,3,9.8,ok
TIC 446722383,217.8972,-68.7995,11.33,0,,,,,3,8.9,ok
TIC 398465080,299.6653,-73.585,11.34,0,,,,,7,19.1,ok
TIC 382467147,290.6419,-67.3677,11.35,0,,,,,6,10.6,ok
TIC 61879916,177.7565,-47.179,11.35,0,,,,,3,9.8,ok
TIC 394164117,198.6661,-73.1858,11.35,0,,,,,2,5.8,ok
TIC 339746952,200.5291,-68.2222,11.36,0,,,,,3,11.6,ok
TIC 68597871,202.8635,-55.1965,11.36,0,,,,,6,11.3,ok
TIC 372172128,312.3402,-70.4851,11.36,0,,,,,6,9.4,ok
TIC 312213701,210.3196,-51.7484,11.36,0,,,,,3,7.5,ok
TIC 61538902,176.2991,-42.064,11.37,0,,81.3,a_verifier,,8,16.5,ok
TIC 248075138,192.981,-42.0736,11.37,0,,,,,4,11.6,ok
TIC 402221128,220.2523,-77.5235,11.37,0,,,,,2,4.7,ok
TIC 255775975,185.9957,-49.42,11.37,0,,,,,3,10.8,ok
TIC 337451205,215.2834,-60.9326,11.37,0,,,,,4,14.9,ok
TIC 423228089,234.8685,-60.3291,11.37,0,,,,,4,9.4,ok
TIC 383992496,239.9271,-80.2367,11.37,0,,,,,5,11.8,ok
TIC 365328266,273.059,-63.9188,11.38,0,,,,,7,12.6,ok
TIC 57610880,173.6135,-32.2193,11.38,0,,,,,5,9.6,ok
TIC 134754923,182.7291,-37.369,11.38,0,,,,,4,12.7,ok
TIC 21733432,181.2375,-44.7455,11.38,0,,,,,4,7.3,ok
TIC 283514356,233.1396,-58.7102,11.38,0,,,,,3,6.4,ok
TIC 384605285,254.2974,-81.7531,11.39,0,,,,,3,8.2,ok
TIC 381051359,270.7192,-63.2412,11.39,0,,,,,5,10.2,ok
TIC 448820344,213.704,-66.7147,11.39,1,2.777,37.7,rejete,variabilite_continue;eclipse_secondaire,5,11.2,ok
TIC 419787969,191.7219,-56.399,11.39,0,,,,,3,8.2,ok
TIC 265469420,321.2543,-60.3587,11.39,0,,,,,8,11.8,ok
TIC 255836208,258.9777,-61.5729,11.39,0,,,,,4,6.4,ok
TIC 469817222,305.2198,-60.7785,11.39,0,,,,,6,11.0,ok
TIC 437258094,170.1765,-22.5138,11.39,0,,,,,5,11.6,ok
TIC 68079502,190.2224,-54.3409,11.4,0,,,,,3,6.6,ok
TIC 413607990,232.1539,-58.862,11.4,0,,,,,3,9.2,ok
TIC 438873057,195.3212,-61.6018,11.4,0,,,,,2,4.7,ok
TIC 21113347,186.7873,-48.9784,11.4,0,,48.1,rejete,variabilite_continue,5,9.6,ok
TIC 443516590,199.5393,-62.6819,11.4,0,,,,,6,8.3,ok
TIC 21956905,182.1241,-46.6819,11.4,0,,,,,3,6.0,ok
TIC 394763382,218.5397,-60.757,11.4,0,,,,,4,6.5,ok
TIC 362168010,244.8315,-71.7805,11.4,0,,,,,4,10.9,ok
TIC 469817392,305.2887,-61.0742,11.42,0,,,,,6,11.0,ok
TIC 404268576,309.0196,-76.849,11.42,0,,,,,3,6.1,ok
TIC 265527315,322.1059,-64.1032,11.42,0,,,,,6,7.3,ok
TIC 208504429,208.6889,-59.1512,11.42,0,,,,,3,4.5,ok
TIC 272055798,187.2756,-54.9316,11.42,0,,,,,3,6.8,ok
TIC 419787958,191.7231,-56.3971,11.43,0,,,,,3,4.5,ok
TIC 448744126,182.3239,-33.264,11.43,0,,,,,4,6.5,ok
TIC 94012094,176.3969,-50.5665,11.43,1,4.9147,20.3,rejete,variabilite_continue,4,10.4,ok
TIC 293073072,254.2086,-67.4831,11.43,0,,,,,4,6.3,ok
TIC 278661054,328.8883,-67.3028,11.44,0,,,,,3,5.7,ok
TIC 387294150,312.3599,-57.4802,11.44,0,,,,,7,12.3,ok
TIC 466273811,305.414,-60.8182,11.44,0,,,,,6,9.7,ok
TIC 1003732137,214.5821,-76.9841,11.44,0,,,,,6,13.1,ok
TIC 392996206,218.3595,-60.9552,11.44,0,,,,,4,9.8,ok
TIC 456384537,231.5862,-63.5476,11.44,0,,,,,3,5.1,ok
TIC 418576161,206.5873,-79.4313,11.45,0,,,,,4,6.2,ok
TIC 381162878,254.5545,-71.9583,11.45,0,,,,,5,7.0,ok
TIC 329064084,211.474,-62.2538,11.45,1,4.7406,80.7,rejete,variabilite_continue;eclipse_secondaire,5,9.6,ok
TIC 345173422,281.4403,-73.0076,11.46,0,,,,,7,10.2,ok
TIC 124206468,197.2006,-31.4995,11.46,0,,,,,3,5.9,ok
TIC 319865783,292.5194,-59.686,11.46,0,,,,,3,8.0,ok
TIC 238813087,327.2976,-64.5179,11.46,0,,,,,3,4.1,ok
TIC 389086101,333.1493,-66.7241,11.46,0,,,,,6,6.9,ok
TIC 257699919,220.4155,-67.801,11.46,0,,,,,4,7.7,ok
TIC 401442100,200.6304,-48.3172,11.47,0,,,,,5,7.8,ok
TIC 61478324,176.0292,-45.2471,11.48,0,,,,,4,6.5,ok
TIC 157257984,176.4705,-30.8532,11.48,0,,,,,3,6.8,ok
TIC 1922147645,293.624,-75.2152,11.48,0,,,,,7,9.8,ok
TIC 341145518,238.8315,-62.615,11.48,0,,,,,4,8.3,ok
TIC 466229760,303.3812,-65.0352,11.48,0,,11.4,rejete,variabilite_continue;eclipse_secondaire,6,12.9,ok
TIC 313215699,201.7965,-65.0774,11.49,0,,,,,3,4.3,ok
TIC 102190939,195.5296,-41.3424,11.49,0,,,,,3,5.0,ok
TIC 241640242,207.6409,-48.171,11.49,0,,,,,5,7.9,ok
TIC 333734769,170.15,-26.1531,11.49,1,1.5036,16.2,rejete,variabilite_continue;eclipse_secondaire,5,10.0,ok
TIC 394092597,198.0177,-74.2596,11.49,0,,,,,3,5.4,ok
TIC 332552335,215.7103,-50.7953,11.49,0,,,,,2,4.8,ok
TIC 403956193,188.5855,-53.5007,11.49,0,,,,,7,10.6,ok
TIC 448600712,211.9271,-67.5449,11.49,0,,,,,5,8.5,ok
TIC 424768689,236.9849,-64.57,11.49,1,1.7414,75.2,rejete,variabilite_continue,3,8.1,ok
TIC 380834439,269.8186,-64.6333,11.5,0,,,,,5,8.6,ok
TIC 344553484,321.9858,-67.0445,11.5,0,,,,,5,8.6,ok
TIC 446852361,218.6726,-71.2167,11.5,0,,,,,4,8.0,ok
TIC 219699276,192.1893,-21.2082,11.5,0,,,,,3,11.1,ok
TIC 1922376562,290.6412,-67.367,11.5,0,,,,,6,10.1,ok
TIC 124095230,196.2743,-31.4369,11.5,0,,,,,5,10.6,ok
TIC 94017827,176.6143,-48.2544,11.5,0,,,,,4,8.3,ok
TIC 286865921,190.1519,-19.2844,11.5,0,,,,,4,9.9,ok
TIC 219698950,175.5252,-23.3548,11.51,0,,102.5,a_verifier,,6,13.2,ok
TIC 308891440,184.4362,-65.5443,11.51,0,,,,,3,7.2,ok
TIC 426008107,236.7947,-72.6086,11.51,0,,,,,4,5.5,ok
TIC 295418527,272.5014,-66.1434,11.51,0,,,,,4,7.4,ok
TIC 352477838,323.1933,-72.9087,11.52,0,,,,,4,4.9,ok
TIC 455016331,227.7694,-64.675,11.52,0,,,,,4,4.9,ok
TIC 164582297,191.9462,-50.4564,11.52,0,,,,,4,7.4,ok
TIC 407550702,213.3345,-55.9091,11.52,0,,,,,4,6.4,ok
TIC 389079049,333.5168,-65.5212,11.52,0,,,,,7,8.3,ok
TIC 382391109,290.0733,-70.5954,11.52,0,,,,,5,6.3,ok
TIC 361022283,241.7209,-66.3371,11.52,0,,,,,3,6.6,ok
TIC 447229221,250.7756,-62.8048,11.53,0,,,,,4,5.7,ok
TIC 451463754,239.7616,-68.1453,11.53,0,,,,,4,4.9,ok
TIC 207885877,207.5697,-59.239,11.53,0,,,,,4,5.4,ok
TIC 248146829,193.8234,-43.1841,11.53,0,,,,,1,3.4,ok
TIC 394500436,200.6952,-75.5432,11.53,0,,,,,2,4.4,ok
TIC 421612077,219.7055,-53.7634,11.53,0,,,,,3,8.3,ok
TIC 259784884,323.6194,-61.5828,11.54,0,,,,,7,9.9,ok
TIC 382975217,183.7986,-63.6139,11.54,2,4.1402;8.2794,71.4,rejete,variabilite_continue;eclipse_secondaire,5,14.8,ok
TIC 334088902,193.0824,-69.0376,11.54,0,,,,,3,8.3,ok
TIC 350462067,246.3304,-62.0329,11.54,0,,,,,4,8.2,ok
TIC 327710327,331.0455,-69.9284,11.54,0,,,,,8,10.3,ok
TIC 179730406,188.3813,-62.6925,11.54,0,,,,,3,5.5,ok
TIC 450918676,187.3264,-62.447,11.55,0,,,,,3,4.1,ok
TIC 179730093,188.3434,-62.7217,11.55,0,,,,,3,3.4,ok
TIC 466273813,305.4136,-60.8174,11.55,0,,,,,6,7.2,ok
TIC 304342498,276.2174,-66.1535,11.55,0,,,,,5,7.5,ok
TIC 39633709,227.0345,-57.0934,11.56,0,,,,,6,9.1,ok
TIC 320297485,205.2284,-62.1044,11.56,0,,,,,4,6.9,ok
TIC 292349703,221.4257,-65.8513,11.56,0,,,,,4,6.9,ok
TIC 308903145,184.4138,-64.1617,11.56,0,,,,,6,9.8,ok
TIC 306357884,265.0876,-63.2519,11.56,0,,41.7,rejete,variabilite_continue;eclipse_secondaire,6,14.1,ok
TIC 142061424,178.8291,-32.9187,11.57,0,,,,,2,3.9,ok
TIC 326742300,210.1325,-64.2735,11.57,0,,,,,6,8.0,ok
TIC 144219766,188.9417,-41.2649,11.57,0,,,,,5,5.4,ok
TIC 450405006,186.0885,-63.0286,11.57,0,,,,,3,4.1,ok
TIC 44178141,229.4537,-58.5553,11.57,0,,56.5,rejete,variabilite_continue;eclipse_secondaire;compagnon_trop_gros_21.8Rjup,5,8.4,ok
TIC 345170989,280.9636,-73.7765,11.57,0,,,,,7,7.9,ok
TIC 398466662,179.9445,-59.1737,11.57,1,8.7725,47.0,rejete,variabilite_continue,4,9.3,ok
TIC 210441429,212.2003,-55.7123,11.57,0,,69.6,rejete,variabilite_continue;eclipse_secondaire,5,9.8,ok
TIC 263206649,230.369,-66.5037,11.58,0,,,,,4,4.8,ok
TIC 418869229,224.134,-58.0734,11.58,0,,,,,6,8.0,ok
TIC 381051361,270.7211,-63.2416,11.58,0,,,,,5,5.8,ok
TIC 273388181,185.8922,-51.0396,11.58,0,,,,,3,5.5,ok
TIC 950961404,182.7296,-37.3696,11.58,0,,,,,4,7.0,ok
TIC 403779497,220.878,-61.3202,11.58,0,,,,,4,7.4,ok
TIC 294691204,267.2086,-67.0585,11.58,0,,,,,4,6.9,ok
TIC 404241839,308.2019,-77.016,11.58,0,,,,,3,3.7,ok
TIC 134907672,184.06,-41.2152,11.59,0,,,,,2,4.3,ok
TIC 318570817,332.5844,-70.1706,11.59,0,,,,,5,7.5,ok
TIC 446781382,218.1075,-71.413,11.59,0,,,,,4,8.2,ok
TIC 407127579,234.3517,-82.4853,11.59,1,3.5108,22.7,rejete,variabilite_continue;eclipse_secondaire,4,9.8,ok
TIC 361716050,243.7469,-70.9791,11.59,0,,,,,4,4.9,ok
TIC 363134064,248.2468,-71.2648,11.59,0,,,,,4,5.2,ok
TIC 412635642,193.1813,-58.9317,11.59,1,8.7115,21.7,rejete,variabilite_continue,5,11.7,ok
TIC 363085032,248.0236,-68.8309,11.59,0,,,,,3,5.4,ok
TIC 351249089,300.6653,-61.2374,11.59,0,,,,,4,5.6,ok
TIC 260997529,203.1052,-53.3903,11.6,0,,,,,4,6.0,ok
TIC 403406930,230.0797,-76.5961,11.6,0,,,,,3,4.7,ok
TIC 429511477,207.2303,-69.2504,11.6,0,,,,,3,5.1,ok
TIC 5647251,178.9385,-18.9111,11.6,0,,,,,3,6.5,ok
TIC 334204997,193.0448,-66.9877,11.6,0,,,,,3,4.8,ok
TIC 333771476,182.0315,-51.9657,11.6,0,,,,,4,4.4,ok
TIC 94011343,176.3684,-50.8884,11.6,0,,96.7,rejete,variabilite_continue,5,8.5,ok
TIC 273811892,188.9659,-55.1899,11.6,0,,,,,3,6.3,ok
TIC 956921549,190.0663,-70.2069,11.6,0,,,,,3,6.2,ok
TIC 142173958,180.1141,-34.0938,11.61,0,,,,,5,8.5,ok
TIC 457272901,203.5313,-59.5756,11.61,1,4.6507,15.5,rejete,variabilite_continue,5,8.6,ok
TIC 320715017,205.5642,-64.2464,11.61,0,,,,,3,6.3,ok
TIC 403405083,229.6037,-77.696,11.61,0,,,,,3,4.6,ok
TIC 243327980,204.4427,-45.5111,11.62,0,,,,,2,6.8,ok
TIC 362553848,246.5079,-70.587,11.62,0,,,,,3,6.2,ok
TIC 439980330,196.2828,-64.6878,11.62,0,,,,,3,6.4,ok
TIC 455530946,229.215,-61.7083,11.62,0,,,,,4,6.1,ok
TIC 258908663,197.8706,-42.8784,11.62,0,,,,,4,6.1,ok
TIC 448165340,208.5129,-67.5585,11.63,0,,,,,6,8.4,ok
TIC 405984131,193.8386,-59.2267,11.63,0,,,,,3,7.9,ok
TIC 1922528518,299.2535,-64.8531,11.63,0,,,,,5,7.7,ok
TIC 219263092,309.2231,-55.0858,11.63,0,,,,,5,6.9,ok
TIC 361796275,244.1099,-69.7657,11.63,0,,,,,4,5.5,ok
TIC 453472268,188.1075,-27.6547,11.63,0,,,,,3,5.7,ok
TIC 261427146,304.7169,-73.1435,11.63,0,,,,,8,13.0,ok
TIC 43354980,228.9432,-58.5173,11.63,0,,,,,5,8.5,ok
TIC 343829527,274.1426,-77.0497,11.63,0,,,,,6,7.5,ok
TIC 405177882,181.1452,-47.6143,11.63,0,,,,,5,11.5,ok
TIC 243611722,207.0479,-44.0821,11.64,0,,,,,2,2.7,ok
TIC 466260580,304.3075,-61.574,11.64,0,,,,,7,7.4,ok
TIC 334567325,193.7028,-69.329,11.64,0,,,,,3,8.4,ok
TIC 370146909,312.8285,-57.1046,11.64,0,,,,,7,8.7,ok
TIC 433546897,190.4029,-65.7973,11.64,1,1.5761,39.9,rejete,variabilite_continue;eclipse_secondaire,5,11.4,ok
TIC 394261904,198.9462,-75.3482,11.64,0,,,,,2,4.1,ok
TIC 409359480,213.8199,-58.5416,11.65,0,,,,,4,4.3,ok
TIC 360914079,310.5679,-55.8694,11.65,0,,,,,6,10.1,ok
TIC 402106928,182.3542,-27.4209,11.65,0,,,,,4,5.1,ok
TIC 144786727,192.35,-36.8074,11.65,0,,,,,1,3.9,ok
TIC 157230659,176.2499,-35.6405,11.66,1,7.5339,34.3,rejete,variabilite_continue,4,9.8,ok
TIC 52254858,176.6766,-20.5712,11.66,0,,,,,3,3.8,ok
TIC 135249826,186.2517,-40.5157,11.66,0,,,,,2,6.9,ok
TIC 334205009,193.0519,-66.9854,11.66,0,,,,,3,6.7,ok
TIC 263890761,231.9243,-67.1171,11.66,0,,,,,4,5.4,ok
TIC 144391379,189.8954,-36.2672,11.66,0,,,,,1,5.0,ok
TIC 316893114,203.4947,-60.208,11.66,0,,,,,6,7.2,ok
TIC 420202798,192.5019,-59.892,11.66,1,7.4788,70.9,rejete,variabilite_continue,5,11.4,ok
TIC 322807371,173.7149,-24.6056,11.67,0,,,,,4,8.4,ok
TIC 322807675,173.703,-25.6047,11.67,1,9.7035,34.7,rejete,variabilite_continue,5,12.9,ok
TIC 256158543,266.8809,-79.4667,11.67,0,,45.8,rejete,variabilite_continue,5,14.4,ok
TIC 271326317,232.9585,-63.3375,11.67,0,,,,,3,6.4,ok
TIC 304858866,279.849,-70.0579,11.67,0,,,,,6,6.6,ok
TIC 392995938,218.2784,-60.0934,11.67,0,,,,,4,9.3,ok
TIC 257577230,292.4567,-79.9509,11.67,0,,,,,6,18.2,ok
TIC 243265010,203.8886,-43.2152,11.68,0,,,,,4,8.6,ok
TIC 404064679,194.8738,-52.1487,11.68,0,,,,,3,8.5,ok
TIC 262240975,199.7512,-56.1863,11.68,0,,,,,3,5.8,ok
TIC 364544696,253.1671,-71.1502,11.68,0,,,,,3,4.5,ok
TIC 320173459,293.9146,-58.5781,11.68,0,,,,,4,5.3,ok
TIC 124454726,198.8037,-31.3687,11.68,0,,,,,3,5.4,ok
TIC 329913641,192.4517,-67.4552,11.69,0,,,,,3,10.7,ok
TIC 389253973,179.8655,-45.1721,11.69,0,,,,,5,7.2,ok
TIC 412941535,204.5549,-55.2642,11.69,0,,,,,3,7.5,ok
TIC 329600422,212.355,-49.2814,11.69,0,,,,,2,3.4,ok
TIC 1104778328,224.2505,-76.8603,11.69,0,,,,,7,7.3,ok
TIC 102169275,195.2547,-37.978,11.69,0,,,,,5,6.0,ok
TIC 409696823,314.4264,-58.5087,11.7,0,,,,,5,8.5,ok
TIC 304476185,276.8917,-67.9906,11.7,0,,,,,4,6.0,ok
TIC 209828429,211.0014,-59.4023,11.7,0,,,,,5,8.6,ok
TIC 72121778,186.2896,-42.701,11.71,1,6.0111,23.8,rejete,variabilite_continue;eclipse_secondaire,4,17.3,ok
TIC 260833774,225.8855,-69.5191,11.71,0,,,,,3,5.1,ok
TIC 209828398,210.9593,-59.3989,11.71,0,,,,,6,10.5,ok
TIC 326175038,209.8197,-61.942,11.71,0,,,,,4,10.3,ok
TIC 409885716,293.9784,-66.6785,11.71,0,,,,,6,11.3,ok
TIC 403279641,228.8858,-75.3167,11.71,0,,,,,4,9.0,ok
TIC 464280516,279.6405,-62.3018,11.71,1,1.2832,37.6,rejete,variabilite_continue,7,12.6,ok
TIC 469872864,303.0112,-74.4575,11.72,0,,,,,7,8.8,ok
TIC 209707800,210.8842,-55.4431,11.72,0,,111.6,rejete,variabilite_continue;eclipse_secondaire,5,18.0,ok
TIC 295772429,240.5459,-74.2978,11.72,0,,,,,3,13.1,ok
TIC 387295547,312.6961,-58.9433,11.73,0,,,,,6,15.2,ok
TIC 387293666,312.4281,-56.3707,11.73,0,,,,,3,7.4,ok
TIC 131234322,191.2523,-30.5118,11.73,0,,,,,1,1.9,ok
TIC 382388574,289.4188,-68.0791,11.73,0,,,,,4,6.0,ok
TIC 255957373,198.6828,-58.2372,11.73,0,,,,,3,3.9,ok
TIC 30019744,196.4637,-36.9499,11.73,0,,,,,4,4.8,ok
TIC 241690688,208.0871,-53.8208,11.73,0,,,,,6,7.8,ok
TIC 124283249,197.5073,-34.9556,11.73,0,,,,,2,5.4,ok
TIC 438838902,202.4403,-48.7437,11.73,0,,,,,4,8.6,ok
TIC 275359885,179.7417,-28.3045,11.73,0,,,,,3,9.5,ok
TIC 219701535,175.4728,-21.7968,11.74,0,,25.5,rejete,variabilite_continue,4,12.4,ok
TIC 382309877,288.2696,-70.4135,11.74,0,,,,,4,8.3,ok
TIC 318180448,309.4021,-83.0935,11.74,0,,,,,7,9.6,ok
TIC 437262487,173.4997,-23.2695,11.74,0,,,,,3,6.8,ok
TIC 1922049645,292.4536,-79.9512,11.74,0,,,,,6,12.1,ok
TIC 209344299,210.2349,-57.2008,11.74,0,,,,,4,10.8,ok
TIC 73717937,192.1894,-47.6137,11.75,0,,,,,7,13.4,ok
TIC 278659026,328.422,-70.0758,11.75,0,,,,,10,16.8,ok
TIC 287752945,198.8311,-44.4508,11.75,0,,,,,3,10.4,ok
TIC 469821652,300.625,-74.3445,11.76,1,5.6137,20.0,rejete,variabilite_continue,8,17.3,ok
TIC 955210099,191.4789,-75.2256,11.76,0,,,,,5,8.8,ok
TIC 362548828,246.1238,-70.7557,11.76,1,10.6056,32.8,rejete,variabilite_continue,3,9.9,ok
TIC 410554986,214.2254,-55.0133,11.76,0,,,,,5,10.4,ok
TIC 382469629,291.8213,-69.3065,11.76,0,,,,,4,6.8,ok
TIC 310116547,184.9877,-60.718,11.76,0,,,,,3,6.7,ok
TIC 403905504,188.2982,-48.6931,11.76,0,,,,,3,8.8,ok
TIC 352352280,300.8306,-67.9885,11.76,0,,,,,4,11.8,ok
TIC 349864535,245.6011,-63.2004,11.76,0,,,,,4,6.5,ok
TIC 305592086,262.8574,-61.5833,11.77,0,,,,,3,6.3,ok
TIC 276967501,277.2889,-80.4461,11.77,0,,,,,10,12.1,ok
TIC 448853960,213.798,-69.5638,11.77,0,,,,,4,4.9,ok
TIC 210098552,211.7297,-59.4863,11.77,0,,,,,4,6.7,ok
TIC 412330492,214.5043,-57.8253,11.77,0,,,,,4,4.9,ok
TIC 262932181,230.0368,-67.0299,11.77,0,,,,,4,4.4,ok
TIC 340872232,238.6396,-62.5872,11.77,0,,,,,4,5.3,ok
TIC 312508092,210.6785,-52.8633,11.77,1,5.7762,43.1,rejete,variabilite_continue,3,6.4,ok
TIC 276967478,276.983,-80.4239,11.78,0,,,,,3,3.7,ok
TIC 241326434,204.1382,-51.0444,11.78,1,6.8378,76.1,a_verifier,,6,11.7,ok
TIC 1310202420,252.6273,-72.1999,11.78,0,,,,,5,5.6,ok
TIC 1206529116,249.1781,-66.3892,11.78,0,,,,,6,7.8,ok
TIC 334935232,194.0359,-70.674,11.78,0,,,,,3,5.8,ok
TIC 131235037,191.364,-30.9038,11.78,0,,,,,1,4.4,ok
TIC 394570569,201.1747,-72.6765,11.78,0,,,,,4,5.1,ok
TIC 414475823,224.2112,-57.6859,11.79,0,,,,,3,7.9,ok
TIC 257499005,289.5551,-83.6456,11.79,0,,,,,4,5.5,ok
TIC 406323142,327.7156,-61.7135,11.79,0,,,,,5,7.5,ok
TIC 241585982,207.0542,-52.1698,11.79,0,,,,,5,7.4,ok
TIC 124515764,199.0209,-33.764,11.8,0,,,,,2,6.9,ok
TIC 1310815601,255.5225,-68.1996,11.8,0,,,,,6,6.6,ok
TIC 467970759,289.3382,-60.3818,11.8,0,,,,,4,5.2,ok
TIC 285370131,233.6465,-58.6507,11.8,0,,30.9,rejete,variabilite_continue;eclipse_secondaire,3,8.9,ok
TIC 343648067,272.2791,-76.2244,11.8,0,,,,,8,10.1,ok
TIC 22612964,185.0201,-42.6431,11.8,0,,,,,2,3.6,ok
TIC 294295243,265.236,-69.4435,11.8,0,,,,,5,6.4,ok
TIC 142389148,181.7411,-35.0165,11.8,0,,,,,6,8.7,ok
TIC 103625477,193.3622,-35.0711,11.8,0,,,,,2,4.0,ok
TIC 243393072,205.1113,-44.3333,11.8,0,,,,,2,3.7,ok
TIC 297447071,241.7957,-64.3288,11.8,0,,,,,4,6.7,ok
TIC 345087856,281.0042,-75.18,11.81,0,,,,,4,4.6,ok
TIC 243565299,206.7935,-44.6582,11.81,0,,,,,2,2.8,ok
TIC 297753518,224.7579,-62.5062,11.81,0,,,,,4,5.4,ok
TIC 294768072,267.6519,-71.2867,11.81,1,6.2228,13.4,rejete,variabilite_continue,6,11.0,ok
TIC 334088905,193.0878,-69.0367,11.82,0,,,,,3,4.3,ok
TIC 350957089,247.1421,-63.0305,11.82,0,,,,,4,4.2,ok
TIC 313080679,201.8255,-63.1648,11.82,0,,42.3,rejete,variabilite_continue;eclipse_secondaire,3,5.3,ok
TIC 425316308,191.0887,-55.0133,11.82,0,,53.2,rejete,variabilite_continue;eclipse_secondaire,4,9.7,ok
TIC 448567661,211.596,-69.821,11.82,0,,,,,4,5.1,ok
TIC 346810813,302.7455,-81.1404,11.82,0,,,,,2,2.5,ok
TIC 394672095,201.9157,-73.4333,11.82,0,,,,,3,3.3,ok
TIC 364687837,254.0021,-71.5076,11.82,0,,,,,3,6.0,ok
TIC 241417275,205.238,-49.5528,11.83,0,,,,,3,5.3,ok
TIC 410421717,319.1476,-60.0876,11.83,0,,,,,9,10.3,ok
TIC 362172901,245.3797,-69.8174,11.83,0,,,,,4,7.2,ok
TIC 438631656,201.8799,-45.0846,11.83,0,,,,,3,5.3,ok
TIC 102076638,181.9499,-39.849,11.83,0,,,,,4,5.9,ok
TIC 294769705,267.8441,-71.0842,11.83,0,,,,,6,7.5,ok
TIC 434031954,190.8085,-64.6786,11.83,0,,,,,3,5.1,ok
TIC 293494697,262.3367,-67.2187,11.83,0,,,,,4,7.8,ok
TIC 142390356,181.9292,-34.8263,11.84,0,,,,,2,8.9,ok
TIC 301900477,259.6993,-66.3484,11.84,1,4.4535,40.8,rejete,variabilite_continue,6,11.1,ok
TIC 403404207,229.7364,-76.9569,11.84,0,,,,,6,12.4,ok
TIC 21819176,181.4996,-45.7315,11.84,0,,,,,3,10.2,ok
TIC 419570289,319.1782,-67.626,11.84,0,,,,,3,5.7,ok
TIC 338131498,198.0579,-70.2121,11.84,0,,,,,3,5.2,ok
TIC 447483228,252.857,-64.2439,11.84,0,,,,,4,5.8,ok
TIC 448435566,210.6947,-70.3812,11.84,1,4.1054,37.8,rejete,variabilite_continue,5,10.5,ok
TIC 384193856,244.5866,-81.2882,11.85,0,,,,,3,5.1,ok
TIC 1309757125,254.1867,-76.4821,11.85,0,,,,,4,7.2,ok
TIC 415932885,223.331,-55.7399,11.85,0,,,,,2,3.0,ok
TIC 232062254,339.6512,-65.8694,11.85,0,,,,,6,5.7,ok
TIC 310737497,254.527,-76.4526,11.85,0,,,,,2,2.7,ok
TIC 466206508,302.7984,-61.1355,11.85,0,,,,,7,9.4,ok
TIC 295418528,272.5036,-66.1437,11.86,0,,,,,4,5.0,ok
TIC 360824561,304.3202,-59.3081,11.86,0,,,,,6,6.2,ok
TIC 344002749,277.5385,-75.0888,11.87,0,,,,,6,6.3,ok
TIC 360626856,189.5231,-73.0507,11.87,0,,,,,3,4.4,ok
TIC 263020470,229.8963,-67.9605,11.87,0,,,,,4,5.7,ok
TIC 1109703170,230.7787,-68.1262,11.87,0,,,,,7,7.4,ok
TIC 426532912,244.6974,-76.4356,11.87,0,,,,,3,4.6,ok
TIC 363741860,250.0461,-66.0456,11.87,0,,,,,3,4.4,ok
TIC 258103219,221.2845,-71.2264,11.87,0,,,,,4,5.3,ok
TIC 428684773,180.1361,-20.1071,11.87,0,,,,,3,3.8,ok
TIC 65306859,235.7372,-58.5618,11.88,0,,,,,4,4.8,ok
TIC 449457329,200.3157,-63.5662,11.88,0,,,,,2,3.8,ok
TIC 364417673,253.1439,-68.9535,11.88,0,,,,,4,6.7,ok
TIC 124453339,198.6485,-30.7227,11.88,0,,32.7,rejete,variabilite_continue;eclipse_secondaire,3,7.9,ok
TIC 438784463,201.8923,-51.2372,11.88,0,,,,,4,7.3,ok
TIC 433010920,181.1545,-54.2145,11.88,0,,,,,3,3.1,ok
TIC 273343819,188.6723,-54.5783,11.88,0,,,,,3,3.2,ok
TIC 271326307,232.9621,-63.3384,11.88,0,,,,,3,4.9,ok
TIC 425877537,235.4562,-76.6136,11.89,0,,,,,3,8.2,ok
TIC 330014070,213.0824,-53.7048,11.89,1,6.3099,30.0,rejete,variabilite_continue,4,8.8,ok
TIC 228971871,195.1809,-28.2174,11.89,0,,,,,1,3.8,ok
TIC 406850016,225.7088,-82.6036,11.89,0,,,,,3,7.8,ok
TIC 448303058,209.4234,-66.5701,11.89,0,,,,,3,4.9,ok
TIC 293797932,263.5589,-66.6617,11.89,0,,,,,5,6.7,ok
TIC 295125194,269.6802,-71.1968,11.89,0,,,,,6,7.5,ok
TIC 273712085,188.9971,-56.3018,11.89,0,,,,,3,4.8,ok
TIC 447329663,251.6059,-64.7744,11.9,0,,,,,4,5.1,ok
TIC 243421079,205.4429,-47.089,11.9,0,,,,,3,3.7,ok
TIC 424210341,236.4311,-60.1331,11.9,0,,,,,4,6.6,ok
TIC 449107129,216.4711,-69.8359,11.9,1,4.2534,32.5,rejete,variabilite_continue,5,9.6,ok
TIC 382739414,183.3846,-61.8315,11.9,0,,,,,3,3.4,ok
TIC 2026446392,321.3427,-62.839,11.9,0,,,,,6,7.1,ok
TIC 273706138,189.04,-57.4207,11.9,0,,,,,3,4.1,ok
TIC 382388572,289.4177,-68.0802,11.91,0,,,,,4,4.5,ok
TIC 403800349,179.4046,-27.1363,11.91,0,,,,,3,4.1,ok
TIC 449771864,201.152,-63.4719,11.91,0,,,,,3,8.3,ok
TIC 363596579,249.7174,-68.3769,11.91,0,,,,,4,4.7,ok
TIC 410153553,340.499,-69.1743,11.92,0,,34.4,rejete,variabilite_continue;eclipse_secondaire,11,17.4,ok
TIC 204671232,184.9824,-27.2848,11.92,1,8.7318,22.1,rejete,variabilite_continue,3,8.8,ok
TIC 22442522,186.2894,-22.7575,11.92,0,,,,,1,2.4,ok
TIC 401442106,200.6313,-48.3154,11.92,0,,,,,5,6.6,ok
TIC 448552309,211.4067,-67.1512,11.92,0,,,,,3,3.5,ok
TIC 134831706,183.4321,-38.1331,11.92,0,,,,,2,3.6,ok
TIC 57572081,173.3222,-31.3452,11.92,0,,,,,4,5.3,ok
TIC 370133351,307.0006,-56.1636,11.93,0,,,,,3,3.9,ok
TIC 124235800,197.3413,-32.8296,11.93,1,2.7654,12.2,rejete,variabilite_continue;eclipse_secondaire,3,5.7,ok
TIC 142310303,181.0923,-33.2678,11.93,0,,,,,4,7.7,ok
TIC 229255152,196.2151,-27.7658,11.93,0,,,,,1,4.9,ok
TIC 390531051,189.897,-26.9711,11.93,0,,,,,4,6.1,ok
TIC 391933017,218.0867,-64.6611,11.94,0,,,,,4,5.7,ok
TIC 448775221,213.3703,-68.011,11.94,0,,55.3,rejete,variabilite_continue;eclipse_secondaire,5,12.3,ok
TIC 258518383,196.6324,-44.9194,11.94,0,,,,,4,4.8,ok
TIC 166882965,192.9035,-51.3105,11.94,0,,,,,3,5.5,ok
TIC 363138328,248.2461,-69.1105,11.95,0,,,,,4,8.0,ok
TIC 341179881,313.6613,-64.1595,11.95,0,,,,,4,8.0,ok
TIC 258492932,221.8372,-70.5015,11.95,0,,,,,4,5.2,ok
TIC 157139064,175.4332,-34.4777,11.95,0,,,,,4,5.4,ok
TIC 277128619,283.1325,-78.4344,11.95,1,10.7448,11.1,rejete,variabilite_continue,7,11.2,ok
TIC 209965800,211.2081,-54.2793,11.95,0,,,,,4,4.7,ok
TIC 344002748,277.5344,-75.0884,11.95,0,,,,,6,8.4,ok
TIC 301953718,259.7408,-71.8723,11.95,0,,,,,5,10.3,ok
TIC 402972310,226.2995,-73.5024,11.95,0,,,,,4,9.9,ok
TIC 22856978,186.1094,-44.0688,11.95,0,,,,,3,7.7,ok
TIC 447691425,254.6638,-63.3672,11.95,0,,,,,4,6.2,ok
TIC 57830249,174.8902,-30.667,11.96,0,,,,,6,8.0,ok
TIC 329834725,211.6989,-65.3118,11.96,0,,,,,4,4.4,ok
TIC 285655079,233.9925,-57.1226,11.96,0,,,,,3,5.4,ok
TIC 424713521,236.7788,-65.5344,11.96,0,,,,,4,6.6,ok
TIC 1689524583,271.1774,-62.833,11.96,0,,,,,6,10.1,ok
TIC 179921333,188.5245,-63.0871,11.96,0,,,,,3,7.0,ok
TIC 309544188,247.821,-76.7959,11.96,0,,,,,3,6.9,ok
TIC 426188592,238.7041,-72.2376,11.97,0,,,,,3,5.9,ok
TIC 275913227,208.117,-45.217,11.97,0,,,,,2,5.9,ok
TIC 166145361,205.9247,-40.0422,11.97,0,,,,,5,9.1,ok
TIC 309960177,249.7448,-75.8534,11.97,0,,,,,3,5.6,ok
TIC 131043744,189.3421,-32.0134,11.98,0,,,,,4,8.2,ok
TIC 57186545,170.633,-31.075,11.98,0,,,,,5,5.9,ok
TIC 241532550,206.5569,-51.0378,11.98,0,,56.4,rejete,variabilite_continue;eclipse_secondaire,7,12.2,ok
TIC 345170988,280.967,-73.7771,11.98,0,,,,,7,10.1,ok
TIC 340286796,237.9853,-62.6827,11.98,0,,,,,4,5.6,ok
TIC 299731502,244.1505,-61.5919,11.99,0,,,,,4,4.7,ok
TIC 157228742,176.0925,-32.7355,11.99,0,,,,,2,2.5,ok
TIC 363275408,248.7955,-69.3388,11.99,0,,,,,4,5.0,ok
TIC 384019467,240.7133,-81.5448,11.99,0,,,,,4,4.7,ok
TIC 453746632,196.3713,-44.01,11.99,0,,,,,2,2.7,ok
TIC 219978369,306.5302,-55.5401,11.99,1,8.1256,13.8,rejete,variabilite_continue,4,7.0,ok
TIC 412485680,193.084,-54.2285,11.99,1,4.6623,60.8,rejete,variabilite_continue,4,10.4,ok
TIC 22214493,183.5816,-47.8465,11.99,0,,,,,3,4.1,ok
TIC 329921262,192.3284,-68.7505,12.0,1,1.1816,46.7,rejete,variabilite_continue,5,13.7,ok
TIC 241771689,209.1214,-49.5675,12.0,0,,,,,4,6.0,ok
TIC 468145849,305.2852,-73.5941,12.0,0,,,,,6,7.1,ok
TIC 209291266,210.1694,-55.2939,12.0,0,,,,,5,7.0,ok
TIC 245341495,199.7176,-50.0654,12.0,1,3.9343,39.8,rejete,variabilite_continue;eclipse_secondaire,5,8.8,ok
TIC 448990648,215.5281,-71.708,12.0,0,,,,,4,6.6,ok
TIC 308761607,184.2769,-64.683,12.0,0,,13.5,rejete,variabilite_continue;eclipse_secondaire,3,8.4,ok
TIC 454047906,175.9531,-41.3382,12.0,0,,,,,3,5.3,ok
TIC 467965322,284.9123,-71.4336,12.0,0,,,,,5,8.1,ok
TIC 318178605,309.0633,-78.8267,12.01,0,,,,,3,7.1,ok
TIC 351283996,247.5931,-61.4005,12.01,0,,,,,4,10.6,ok
TIC 207618341,206.8345,-54.916,12.01,0,,,,,4,7.7,ok
TIC 1989087030,312.8271,-57.1044,12.01,0,,,,,7,9.9,ok
TIC 453816280,199.5465,-43.0088,12.01,0,,,,,5,21.4,ok
TIC 345087857,281.0109,-75.179,12.01,0,,,,,4,6.8,ok
TIC 350462060,246.3237,-62.0315,12.01,0,,,,,4,11.5,ok
TIC 90154319,204.4508,-58.1576,12.01,1,2.745,15.7,rejete,variabilite_continue;eclipse_secondaire,4,10.3,ok
TIC 404012008,188.5192,-48.6268,12.02,0,,,,,3,8.5,ok
TIC 394997431,203.8206,-74.4624,12.02,0,,,,,3,7.7,ok
TIC 429360174,184.0665,-21.9242,12.02,0,,,,,3,6.4,ok
TIC 426882871,236.7657,-69.7378,12.03,0,,,,,5,10.2,ok
TIC 343885676,275.9264,-73.7832,12.03,0,,,,,6,7.4,ok
TIC 403734841,179.5657,-42.2337,12.03,0,,,,,4,6.0,ok
TIC 72927223,189.1653,-47.201,12.03,0,,,,,3,5.0,ok
TIC 389148646,178.0803,-51.4971,12.03,0,,,,,3,6.7,ok
TIC 228843099,194.5649,-28.5529,12.03,0,,,,,3,11.8,ok
TIC 340382271,238.0388,-61.6626,12.03,0,,,,,4,6.1,ok
TIC 1508852348,264.2831,-76.2053,12.03,0,,,,,6,9.3,ok
TIC 131238610,191.5254,-34.4343,12.04,0,,,,,1,11.5,ok
TIC 450468168,186.4603,-61.8228,12.04,0,,,,,3,6.0,ok
TIC 107146641,183.554,-32.6043,12.04,0,,,,,2,3.4,ok
TIC 166667038,208.1455,-41.7289,12.04,0,,,,,2,5.0,ok
TIC 318516988,332.0749,-66.5735,12.04,0,,,,,4,6.2,ok
TIC 243140448,202.4586,-44.6581,12.04,0,,,,,2,4.5,ok
TIC 311049874,185.5616,-60.0647,12.04,0,,,,,3,5.6,ok
TIC 299954761,208.2175,-62.6546,12.04,0,,,,,4,7.2,ok
TIC 360622228,189.3225,-72.2459,12.05,0,,,,,3,5.8,ok
TIC 339522221,296.6886,-63.5657,12.05,0,,63.3,rejete,variabilite_continue;eclipse_secondaire,6,11.2,ok
TIC 447318741,251.4591,-63.4008,12.05,0,,,,,4,6.9,ok
TIC 135173498,185.6296,-36.7696,12.05,0,,,,,2,6.0,ok
TIC 30119120,197.1022,-39.0687,12.05,0,,,,,3,5.0,ok
TIC 310177122,251.4271,-72.0288,12.05,0,,,,,3,4.9,ok
TIC 310294189,185.1383,-62.4017,12.05,0,,71.1,rejete,variabilite_continue;eclipse_secondaire,7,14.8,ok
TIC 461190022,181.1944,-40.2261,12.05,0,,,,,4,6.1,ok
TIC 407219358,237.1691,-83.2153,12.05,0,,,,,4,7.0,ok
TIC 392758248,327.1572,-76.3457,12.05,0,,,,,6,10.3,ok
TIC 392762103,327.8533,-74.857,12.06,0,,,,,3,7.0,ok
TIC 241291714,203.5648,-51.9418,12.06,0,,,,,4,8.3,ok
TIC 22511248,184.5303,-42.2035,12.06,0,,,,,4,6.4,ok
TIC 333128099,181.1921,-52.5356,12.06,0,,,,,2,2.9,ok
TIC 306990399,266.9498,-62.5275,12.06,0,,,,,6,7.7,ok
TIC 364619750,253.7658,-66.4828,12.06,0,,,,,4,5.4,ok
TIC 426901646,236.8919,-67.5067,12.06,1,8.6129,28.5,rejete,variabilite_continue,4,8.9,ok
TIC 103834814,194.7622,-31.7551,12.06,0,,,,,2,3.9,ok
TIC 333736132,170.2762,-26.0667,12.07,0,,,,,5,15.9,ok
TIC 9439286,192.081,-27.8051,12.07,0,,,,,1,3.0,ok
TIC 307221757,208.6419,-45.1545,12.07,0,,,,,3,10.0,ok
TIC 439381274,195.7996,-64.8221,12.07,1,4.3143,38.1,rejete,variabilite_continue,3,7.3,ok
TIC 195256633,222.683,-57.7613,12.07,0,,29.3,rejete,variabilite_continue,5,13.8,ok
TIC 390556290,190.2681,-25.3622,12.07,0,,,,,1,5.9,ok
TIC 381996371,208.7008,-62.6852,12.07,0,,47.8,rejete,variabilite_continue,5,14.5,ok
TIC 374348168,301.9992,-70.6156,12.08,0,,,,,6,15.6,ok
TIC 404292392,313.3156,-77.3331,12.08,0,,,,,6,12.4,ok
TIC 429388756,207.1445,-66.7257,12.08,0,,,,,4,9.8,ok
TIC 1112466814,236.9025,-64.5463,12.08,0,,26.9,rejete,variabilite_continue;eclipse_secondaire,3,12.5,ok
TIC 288224503,187.3151,-51.0039,12.08,0,,28.8,rejete,variabilite_continue;eclipse_secondaire,4,11.9,ok
TIC 394718427,202.1161,-74.4708,12.08,0,,,,,3,8.2,ok
TIC 318920788,204.5324,-61.3414,12.08,0,,,,,4,8.2,ok
TIC 341971195,203.8395,-67.1389,12.08,0,,,,,2,6.8,ok
TIC 263656216,216.8361,-55.0722,12.08,0,,,,,4,15.1,ok
TIC 43354942,228.9329,-58.5144,12.08,0,,,,,5,12.2,ok
TIC 434512399,189.6467,-20.4572,12.08,0,,,,,1,8.6,ok
TIC 406244405,325.1553,-64.8692,12.09,0,,,,,4,12.9,ok
TIC 389050171,333.2232,-65.4895,12.09,0,,,,,3,11.2,ok
TIC 22026837,182.6998,-42.3188,12.09,0,,,,,2,9.2,ok
TIC 21112004,186.7113,-49.7772,12.09,0,,,,,4,16.2,ok
TIC 469811655,299.9751,-73.8762,12.09,1,11.85,27.8,rejete,variabilite_continue,8,18.9,ok
TIC 304839888,260.8403,-61.9312,12.1,0,,,,,4,9.2,ok
TIC 263166679,216.6742,-55.2257,12.1,0,,,,,4,11.4,ok
TIC 456423098,231.4416,-65.8873,12.1,0,,,,,4,8.9,ok
TIC 313554509,302.582,-78.7263,12.1,1,4.4738,32.6,rejete,variabilite_continue,8,19.3,ok
TIC 22443063,186.416,-23.3431,12.1,0,,,,,2,7.6,ok
TIC 387293667,312.4301,-56.3712,12.1,0,,,,,3,10.7,ok
TIC 241279195,203.382,-51.1717,12.11,0,,,,,4,7.8,ok
TIC 124145125,196.4646,-34.1983,12.11,0,,,,,2,10.2,ok
TIC 208155431,244.2877,-59.7439,12.11,0,,51.5,rejete,variabilite_continue;eclipse_secondaire,4,10.5,ok
TIC 454069765,176.2402,-38.1397,12.11,0,,26.6,rejete,variabilite_continue;eclipse_secondaire,4,16.2,ok
TIC 398465081,299.6757,-73.5828,12.11,0,,,,,7,14.7,ok
TIC 276647494,266.1238,-79.5946,12.11,1,10.1908,11.4,rejete,variabilite_continue,5,15.8,ok
TIC 449610474,200.5836,-63.4078,12.11,0,,,,,3,11.8,ok
TIC 449046160,215.5639,-70.3967,12.11,0,,,,,9,13.5,ok
TIC 258094384,221.2138,-69.393,12.11,0,,,,,6,15.7,ok
TIC 339397736,295.7912,-60.2832,12.11,0,,,,,8,12.9,ok
