nom,RA,Dec,Tmag,n_candidats,periodes,snr_max,verdict_auto,raisons_auto,n_secteurs,secondes,status
TIC 44180973,229.3772,-58.8022,4.0,0,,,,,9,10.6,ok
TIC 467274664,168.15,-60.3176,4.01,0,,,,,7,7.5,ok
TIC 413964342,215.6539,-58.459,4.02,0,,,,,6,6.1,ok
TIC 458395117,159.7474,-58.8168,4.02,0,,,,,7,6.7,ok
TIC 60954380,140.1208,-9.5559,4.02,0,,,,,4,3.9,ok
TIC 379121408,180.7538,-63.3129,4.03,0,,,,,8,8.2,ok
TIC 451860101,172.9419,-59.4421,4.03,0,,,,,6,6.2,ok
TIC 460878914,231.8876,-64.5316,4.05,0,,,,,8,7.3,ok
TIC 330303598,213.3182,-53.6657,4.07,0,,,,,6,5.5,ok
TIC 102469853,155.0696,-47.6991,4.08,0,,,,,6,5.7,ok
TIC 379546066,181.238,-60.9683,4.08,0,,,,,7,7.0,ok
TIC 458105162,159.0849,-59.5647,4.08,0,,,,,7,6.9,ok
TIC 272159436,187.4759,-56.5249,4.08,0,,,,,8,7.3,ok
TIC 464732822,156.8519,-57.6388,4.09,0,,,,,8,7.8,ok
TIC 394604322,201.2767,-74.8888,4.1,0,,,,,8,7.8,ok
TIC 162092833,168.3111,-44.3722,4.12,0,,,,,7,7.4,ok
TIC 342898231,205.3059,-71.868,4.12,0,,,,,8,8.6,ok
TIC 334217681,182.9125,-52.3685,4.13,0,,,,,7,6.4,ok
TIC 413632344,215.0813,-56.3865,4.13,0,,,,,7,7.4,ok
TIC 34870661,147.5105,-42.0204,4.14,0,,,,,8,8.4,ok
TIC 21165132,187.0096,-50.2307,4.16,0,,,,,6,6.3,ok
TIC 102054863,153.8817,-43.1128,4.17,0,,,,,5,6.0,ok
TIC 95749776,131.5398,-10.83,4.17,0,,,,,5,4.8,ok
TIC 52007511,143.3018,-21.1156,4.18,0,,,,,4,5.6,ok
TIC 296805612,223.8922,-60.115,4.18,0,,,,,6,5.6,ok
TIC 77549389,142.288,-2.7692,4.19,0,,,,,5,5.5,ok
TIC 50998401,127.4216,-6.3191,4.19,0,,,,,4,4.4,ok
TIC 319506938,174.2487,-61.2834,4.2,0,,,,,7,7.6,ok
TIC 290599175,140.1529,0.1816,4.2,0,,,,,4,4.9,ok
TIC 3296473,138.938,-37.4132,4.2,0,,,,,4,5.6,ok
TIC 308818588,151.7897,-17.1421,4.21,0,,,,,6,8.8,ok
TIC 261863003,193.648,-57.178,4.21,0,,,,,7,7.2,ok
TIC 22217266,183.5109,-45.7239,4.22,0,,,,,5,6.3,ok
TIC 293841803,141.3501,-5.1174,4.22,0,,,,,3,2.9,ok
TIC 11421324,146.05,-27.7692,4.23,0,,,,,6,5.6,ok
TIC 464670890,156.7037,-54.8773,4.24,0,,,,,8,8.2,ok
TIC 140176216,151.8867,-53.2601,4.24,0,,,,,7,6.9,ok
TIC 60786719,139.1741,-6.3531,4.24,0,,,,,4,4.5,ok
TIC 46705199,230.8442,-59.321,4.25,0,,,,,8,8.0,ok
TIC 309537028,184.6087,-64.0031,4.25,0,,,,,8,8.2,ok
TIC 465507504,163.6234,-61.8266,4.25,0,,,,,7,7.5,ok
TIC 45602275,148.8588,-41.5869,4.25,0,,,,,7,7.0,ok
TIC 270606154,136.7497,1.4626,4.25,0,,,,,5,4.9,ok
TIC 146999446,161.4209,-47.4598,4.26,0,,,,,8,6.9,ok
TIC 320855910,174.8727,-65.3978,4.26,0,,153.9,rejete,eclipse_secondaire,8,16.7,ok
TIC 454082369,176.6149,-40.4974,4.27,0,,,,,8,10.5,ok
TIC 178449163,165.0388,-42.2258,4.29,0,,,,,6,11.9,ok
TIC 193190992,157.3702,-29.6638,4.3,0,,,,,7,9.1,ok
TIC 3448013,139.2375,-39.4018,4.31,0,,,,,6,7.3,ok
TIC 466325776,165.7755,-60.9107,4.33,0,,,,,8,9.2,ok
TIC 189387794,142.4769,-26.5896,4.36,0,,,,,5,6.8,ok
TIC 366019099,221.7552,-52.3841,4.38,0,,,,,6,6.6,ok
TIC 152393175,171.3718,-36.0629,4.38,0,,,,,6,6.5,ok
TIC 455167003,228.2542,-61.7438,4.39,0,,,,,7,6.9,ok
TIC 283929077,151.884,-22.4896,4.39,0,,,,,5,4.9,ok
TIC 448716672,212.6286,-70.3055,4.39,0,,,,,9,8.8,ok
TIC 447823435,157.8358,-53.714,4.4,0,,,,,8,8.2,ok
TIC 11310083,145.5569,-23.9137,4.41,0,,,,,4,4.0,ok
TIC 448165945,208.7043,-67.6522,4.41,0,,,,,7,6.3,ok
TIC 337369561,197.1158,-67.7968,4.41,0,,,,,6,6.0,ok
TIC 443471801,199.5738,-61.3281,4.42,0,,,,,7,6.8,ok
TIC 358838969,151.5466,-47.3704,4.43,0,,,,,5,5.2,ok
TIC 255854921,198.5596,-59.1043,4.43,0,,,,,6,5.9,ok
TIC 460445901,157.6635,-61.3564,4.44,0,,,,,8,7.9,ok
TIC 316496087,171.7485,-61.3693,4.44,0,,,,,6,6.1,ok
TIC 62687230,142.9954,-1.1847,4.44,0,,,,,4,4.1,ok
TIC 40709970,227.8165,-55.3461,4.44,0,,,,,7,7.5,ok
TIC 458559498,160.3229,-59.6769,4.44,0,,,,,7,8.1,ok
TIC 48830068,162.8878,-34.5378,4.45,0,,,,,6,5.3,ok
TIC 338012707,156.1056,-60.1914,4.46,0,,,,,6,7.4,ok
TIC 163621376,174.3909,-47.7472,4.47,0,,,,,7,6.2,ok
TIC 411618966,185.4891,-56.3744,4.47,0,,,,,7,6.9,ok
TIC 500178562,142.6732,-40.4664,4.47,0,,,,,5,5.0,ok
TIC 5851342,143.9122,-39.9035,4.5,0,,,,,6,6.0,ok
TIC 414205172,215.7177,-55.9624,4.5,0,,,,,7,6.5,ok
TIC 262822171,229.8707,-71.7921,4.51,0,,,,,9,7.8,ok
TIC 244903149,196.7274,-49.9063,4.51,0,,,,,7,6.0,ok
TIC 409825746,126.6741,-12.5348,4.52,0,,,,,6,5.7,ok
TIC 348753406,134.1421,-16.7089,4.52,0,,,,,5,4.8,ok
TIC 464509446,156.5651,-53.8914,4.53,0,,,,,8,7.7,ok
TIC 325170579,177.4208,-63.7885,4.53,0,,,,,8,7.4,ok
TIC 432166381,153.5371,-23.8139,4.54,0,,,,,6,6.0,ok
TIC 384932137,216.7792,-65.8218,4.54,0,,,,,7,6.1,ok
TIC 405451015,143.2323,-13.5168,4.55,0,,,,,5,4.7,ok
TIC 451959707,172.9532,-59.5156,4.56,0,,,,,6,5.3,ok
TIC 118427067,129.668,-19.7369,4.56,0,,,,,5,5.0,ok
TIC 361185960,192.4376,-71.9863,4.56,0,,,,,7,6.1,ok
TIC 329090488,191.3568,-71.7114,4.56,0,,,,,7,6.0,ok
TIC 244841647,196.3776,-52.1156,4.57,0,,,,,4,4.2,ok
TIC 459005094,161.461,-59.4887,4.57,0,,,,,7,7.1,ok
TIC 181163751,174.3859,-39.3589,4.57,0,,,,,8,7.0,ok
TIC 423317953,140.8105,-21.0376,4.58,0,,,,,5,4.9,ok
TIC 410205809,133.8019,-18.2411,4.59,0,,,,,5,4.8,ok
TIC 408748947,213.5305,-53.932,4.59,0,,,,,5,6.0,ok
TIC 56557252,147.922,-11.3408,4.59,0,,,,,6,5.1,ok
TIC 123223573,143.6361,-5.9154,4.59,0,,,,,3,3.0,ok
TIC 92693315,173.735,-49.1352,4.59,0,,,,,7,6.7,ok
TIC 170581961,122.8872,-7.7727,4.59,0,,,,,4,3.8,ok
TIC 5546608,143.0804,-40.6494,4.61,0,,,,,7,7.0,ok
TIC 95749878,131.5284,-11.0067,4.61,0,,,,,5,5.0,ok
TIC 82017300,168.4139,-53.2316,4.61,0,,,,,7,6.6,ok
TIC 380695266,182.103,-60.8471,4.62,0,,,,,7,6.4,ok
TIC 35126172,147.8317,-46.1937,4.63,0,,,,,5,6.3,ok
TIC 20086799,137.3981,-8.7877,4.63,0,,,,,4,5.7,ok
TIC 334569267,193.7924,-68.9068,4.63,0,,,,,6,6.2,ok
TIC 149844355,135.4913,-0.4822,4.64,0,,,,,5,5.0,ok
TIC 45604747,149.022,-40.8247,4.64,0,,,,,8,9.4,ok
TIC 333670665,182.0214,-50.6614,4.64,0,,,,,6,5.5,ok
TIC 466289471,165.3989,-61.0488,4.65,0,,,,,8,8.4,ok
TIC 464028809,155.2282,-56.0432,4.66,0,,,,,8,8.0,ok
TIC 404417508,196.055,-52.8958,4.67,0,,,,,6,5.7,ok
TIC 447275571,157.0089,-49.4061,4.68,0,,,,,7,6.6,ok
TIC 449650822,200.6576,-60.9885,4.68,0,,,,,7,6.2,ok
TIC 422203859,151.2808,-13.0645,4.68,0,,,,,5,4.5,ok
TIC 32996636,144.5063,-43.1912,4.69,0,,,,,8,7.7,ok
TIC 71032449,152.9742,-35.3247,4.69,0,,,,,4,4.2,ok
TIC 452163402,173.6895,-54.264,4.7,0,,,,,5,5.0,ok
TIC 241470109,205.7275,-50.7903,4.7,0,,,,,7,9.2,ok
TIC 348903900,148.8973,-17.4696,4.7,0,,,,,5,6.2,ok
TIC 286680821,152.8297,-18.9577,4.71,0,,,,,6,6.5,ok
TIC 46802551,141.9433,-6.0718,4.71,0,,,,,4,5.2,ok
TIC 390670978,160.9676,-60.1178,4.71,0,,,,,7,9.0,ok
TIC 162208836,168.7253,-43.7337,4.72,0,,,,,7,9.3,ok
TIC 315568090,171.4246,-63.973,4.72,0,,,,,7,8.1,ok
TIC 468135835,170.0258,-65.252,4.72,0,,,,,8,9.4,ok
TIC 448472223,165.8165,-31.961,4.73,0,,,,,6,7.0,ok
TIC 189641373,144.2504,-25.2965,4.75,0,,,,,5,5.0,ok
TIC 405148007,180.918,-42.4349,4.75,0,,,,,7,6.6,ok
TIC 459134597,161.9098,-57.4674,4.75,0,,,,,7,8.0,ok
TIC 25457429,144.2915,-32.1788,4.75,0,,,,,4,4.0,ok
TIC 412749918,193.2661,-54.9524,4.76,0,,,,,7,7.4,ok
TIC 408382023,145.3206,-23.5915,4.76,0,,,,,5,4.9,ok
TIC 25096757,142.8891,-35.716,4.76,0,,,,,6,6.8,ok
TIC 162484935,169.8381,-45.0933,4.76,0,,,,,7,7.2,ok
TIC 261993378,193.6628,-59.1468,4.78,0,,,,,8,8.2,ok
TIC 1647071,131.5106,-2.0483,4.78,0,,,,,3,3.5,ok
TIC 419788368,191.5942,-56.4889,4.78,0,,,,,7,7.6,ok
TIC 271506863,186.8701,-58.3164,4.78,0,,,,,7,8.6,ok
TIC 101424907,149.1482,-33.4183,4.79,0,,,,,6,6.8,ok
TIC 436272277,193.4221,-60.3494,4.79,0,,,,,8,9.1,ok
TIC 390226317,183.7488,-54.8203,4.79,0,,,,,5,6.8,ok
TIC 2226189,133.8822,-27.6826,4.79,0,,,,,4,4.9,ok
TIC 142797582,138.7967,-3.9678,4.8,0,,,,,3,3.5,ok
TIC 439878605,195.9626,-64.0999,4.8,0,,,,,7,7.7,ok
TIC 90144286,204.4001,-56.4764,4.8,0,,,,,7,8.8,ok
TIC 375627282,178.611,-56.9698,4.8,0,,,,,7,7.1,ok
TIC 19493810,139.5606,-33.0274,4.8,0,,,,,6,5.7,ok
TIC 3995093,140.1235,-37.5819,4.8,0,,,,,6,16.0,ok
TIC 465514768,163.4994,-61.092,4.81,0,,,,,6,6.3,ok
TIC 45254409,230.0535,-57.3983,4.81,0,,,,,8,7.8,ok
TIC 405087683,185.55,-68.3077,4.82,0,,,,,7,6.9,ok
TIC 379339467,181.0798,-63.1657,4.83,0,,,,,8,7.0,ok
TIC 38494973,138.34,-29.6642,4.83,0,,,,,3,3.1,ok
TIC 34978189,147.6743,-46.9337,4.83,0,,,,,7,7.0,ok
TIC 454623501,226.9867,-65.2755,4.83,0,,,,,8,7.8,ok
TIC 317046099,172.313,-63.5539,4.83,0,,,,,6,5.8,ok
TIC 296841367,142.593,-15.5778,4.83,0,,,,,5,4.7,ok
TIC 176768911,142.4578,-23.3454,4.84,0,,,,,4,4.2,ok
TIC 404340264,195.8882,-49.5273,4.84,0,,,,,7,6.4,ok
TIC 45102774,147.3662,-37.1867,4.85,0,,,,,7,6.7,ok
TIC 78585673,143.305,-45.5151,4.85,0,,,,,8,8.8,ok
TIC 342501656,204.689,-70.4451,4.86,0,,,,,6,5.6,ok
TIC 229846907,137.9943,-19.7473,4.87,0,,,,,5,5.6,ok
TIC 209702928,210.8596,-56.2136,4.87,0,,,,,7,6.2,ok
TIC 149768287,130.539,-3.05,4.87,0,,,,,5,4.8,ok
TIC 338465029,198.8116,-67.8947,4.88,0,,,,,?,966.5,timeout
TIC 73074625,153.4406,-40.346,4.88,0,,,,,6,6.6,ok
TIC 319508664,174.2371,-61.1828,4.88,0,,,,,7,7.0,ok
TIC 433936219,190.7092,-63.0587,4.88,0,,,,,7,6.7,ok
TIC 102208559,154.3887,-47.9472,4.89,0,,,,,5,5.4,ok
TIC 465185147,162.6095,-59.9824,4.9,0,,,,,7,7.2,ok
TIC 77477856,141.593,-1.4641,4.9,0,,,,,3,2.9,ok
TIC 292110499,221.2461,-61.5217,4.91,0,,,,,8,7.9,ok
TIC 466911307,167.1416,-61.9472,4.91,0,,,,,8,7.9,ok
TIC 304425262,177.9629,-65.2059,4.91,0,,,,,8,7.7,ok
TIC 458231448,159.3627,-58.7333,4.92,0,,,,,7,7.2,ok
TIC 464293053,155.9607,-57.954,4.92,0,,,,,8,8.1,ok
TIC 457723621,218.3748,-52.6796,4.92,0,,,,,6,5.8,ok
TIC 330684489,213.8386,-53.51,4.92,0,,,,,5,5.1,ok
TIC 72906811,152.6574,-41.7162,4.93,0,,,,,7,6.9,ok
TIC 449884234,201.3054,-64.4853,4.93,0,,,,,4,4.2,ok
TIC 272807849,188.0363,-56.1295,4.94,0,,,,,8,7.8,ok
TIC 406334974,197.9001,-56.909,4.94,0,,,,,7,7.1,ok
TIC 361532402,194.1316,-72.1853,4.94,0,,,,,7,7.1,ok
TIC 390955053,161.0285,-63.961,4.94,0,,,,,8,8.6,ok
TIC 105801915,156.7916,-37.213,4.95,0,,,,,5,4.9,ok
TIC 467450857,168.3748,-60.0913,4.95,0,,,,,7,7.1,ok
TIC 54361455,161.8889,-31.6032,4.95,0,,,,,6,5.7,ok
TIC 45883663,149.717,-35.8911,4.95,0,,,,,7,6.6,ok
TIC 280666903,173.0833,-66.9618,4.95,0,,,,,8,7.8,ok
TIC 1232485,137.2981,-12.3577,4.95,0,,,,,5,4.9,ok
TIC 260777057,189.0511,-52.4178,4.95,0,,,,,6,5.9,ok
TIC 309920793,152.2341,-51.8113,4.96,0,,,,,6,6.0,ok
TIC 178663873,125.071,-5.3303,4.96,0,,,,,5,5.0,ok
TIC 44661296,229.6917,-54.3643,4.97,0,,,,,6,5.8,ok
TIC 360331777,188.0426,-73.0011,4.97,0,,,,,8,7.9,ok
TIC 118486580,129.781,-22.6585,4.97,0,,,,,6,5.6,ok
TIC 264142427,217.1375,-59.6741,4.97,0,,,,,6,5.8,ok
TIC 260646994,186.632,-51.4507,4.98,0,,,,,6,5.6,ok
TIC 421343074,218.9794,-69.9706,4.98,0,,,,,8,8.2,ok
TIC 412953524,204.7038,-57.6228,4.98,0,,,,,6,5.9,ok
TIC 255954832,198.5496,-58.684,4.98,0,,,,,6,6.1,ok
TIC 446727999,217.8192,-67.7176,4.98,0,,,,,9,9.1,ok
TIC 13429083,132.0204,-6.5591,4.98,0,,,,,5,4.9,ok
TIC 332354219,179.7951,-51.6968,4.98,0,,,,,5,5.3,ok
TIC 450568600,186.628,-63.1223,4.98,0,,,,,6,6.1,ok
TIC 460693058,158.5528,-60.9876,4.98,0,,,,,8,7.9,ok
TIC 245097779,197.9679,-52.8123,4.98,0,,,,,4,4.1,ok
TIC 405183807,183.9813,-54.0569,4.98,0,,,,,4,4.3,ok
TIC 306384457,166.6219,-58.675,4.98,0,,,,,8,8.0,ok
TIC 402616547,223.3071,-73.1899,4.99,0,,,,,9,8.8,ok
TIC 405091166,185.53,-67.5222,4.99,0,,82.3,rejete,variabilite_continue;eclipse_secondaire,7,11.2,ok
TIC 438832923,202.3552,-51.1652,4.99,0,,,,,7,6.7,ok
TIC 19143133,138.6885,-30.1599,5.0,0,,,,,2,2.2,ok
TIC 46821941,142.0554,-7.7208,5.0,0,,,,,5,6.4,ok
TIC 465551520,163.8212,-60.5164,5.0,0,,,,,6,6.1,ok
TIC 336781117,214.9621,-61.2736,5.0,0,,,,,8,7.6,ok
TIC 194198618,222.3121,-59.4074,5.0,0,,,,,7,6.9,ok
TIC 290533249,173.7125,-60.7861,5.0,0,,,,,6,6.2,ok
TIC 263772098,231.5638,-68.3091,5.01,0,,,,,9,8.8,ok
TIC 293810201,144.3681,-36.096,5.01,0,,,,,7,6.5,ok
TIC 34876569,147.5306,-44.652,5.01,0,,,,,7,6.9,ok
TIC 449096441,216.2762,-68.1954,5.01,0,,,,,8,7.7,ok
TIC 391421181,161.7131,-64.3834,5.02,0,,,,,8,8.1,ok
TIC 446215954,147.5819,-50.4354,5.02,0,,,,,7,7.1,ok
TIC 259761784,153.3447,-51.2331,5.03,0,,38.5,rejete,variabilite_continue;eclipse_secondaire,7,10.9,ok
TIC 410905076,160.5381,-53.7204,5.03,0,,,,,8,7.8,ok
TIC 381040922,182.3466,-63.8203,5.03,0,,,,,8,7.9,ok
TIC 163450908,173.982,-47.642,5.04,0,,,,,6,6.1,ok
TIC 451256144,170.986,-57.8806,5.04,0,,,,,7,7.2,ok
TIC 261230415,226.7844,-71.905,5.04,0,,,,,9,8.5,ok
TIC 303225294,164.0677,-58.0533,5.05,0,,,,,7,7.3,ok
TIC 465505600,163.5259,-62.0424,5.06,0,,,,,7,7.0,ok
TIC 332674122,215.9518,-53.1763,5.06,0,,,,,6,6.9,ok
TIC 45874765,149.5763,-40.7623,5.07,0,,,,,6,6.0,ok
TIC 441551378,197.3529,-60.2495,5.07,0,,,,,5,5.5,ok
TIC 296107877,223.7372,-61.0759,5.07,0,,,,,8,7.3,ok
TIC 459637433,163.1284,-57.2404,5.07,0,,,,,8,7.6,ok
TIC 292234186,221.3234,-62.8762,5.07,0,,44.0,rejete,variabilite_continue;eclipse_secondaire,7,10.7,ok
TIC 46903697,142.9814,-10.3702,5.08,0,,,,,5,4.9,ok
TIC 261289662,226.7643,-69.476,5.08,0,,,,,8,7.9,ok
TIC 392200642,174.45,-67.6205,5.08,0,,,,,7,6.8,ok
TIC 56600820,148.1264,-8.1053,5.09,0,,,,,2,2.1,ok
TIC 3233467,138.7382,-37.6025,5.1,0,,,,,4,4.0,ok
TIC 261696824,227.3746,-67.0842,5.1,0,,,,,8,8.0,ok
TIC 447006109,233.7093,-68.8891,5.11,0,,,,,8,7.7,ok
TIC 440502253,196.5238,-64.529,5.11,0,,,,,7,7.1,ok
TIC 241358980,204.4835,-50.6013,5.11,0,,,,,8,8.5,ok
TIC 294261093,168.8422,-66.5119,5.11,0,,38.4,rejete,variabilite_continue;eclipse_secondaire,6,9.4,ok
TIC 81169950,166.892,-48.6398,5.11,0,,,,,8,8.0,ok
TIC 73764350,155.8706,-38.0102,5.11,0,,,,,6,6.1,ok
TIC 458076646,158.9322,-58.245,5.11,0,,,,,6,6.1,ok
TIC 37570528,135.2761,-27.5158,5.12,0,,,,,4,4.3,ok
TIC 450826873,187.1067,-61.7949,5.12,0,,,,,8,7.7,ok
TIC 19521505,124.8098,-7.5581,5.12,0,,,,,4,4.1,ok
TIC 409358619,213.7378,-57.0863,5.12,0,,,,,7,6.9,ok
TIC 146274744,158.1399,-44.6187,5.13,0,,,,,7,6.7,ok
TIC 33661827,145.616,-46.8651,5.13,0,,,,,8,7.8,ok
TIC 309033091,184.4405,-63.6162,5.13,0,,,,,7,7.3,ok
TIC 151763892,167.5889,-36.0951,5.13,0,,,,,7,7.4,ok
TIC 347441431,133.1284,-13.2329,5.14,0,,,,,5,6.9,ok
TIC 459577774,162.9933,-55.1383,5.14,0,,,,,7,7.1,ok
TIC 168975758,126.1444,-3.7514,5.14,0,,,,,4,4.0,ok
TIC 446404780,219.3016,-53.0609,5.14,0,,,,,5,5.1,ok
TIC 304355898,165.0663,-57.5604,5.14,0,,,,,7,7.0,ok
TIC 1446147,146.8084,-17.2059,5.15,0,,,,,6,6.1,ok
TIC 449369551,199.9099,-60.6352,5.15,0,,,,,7,7.0,ok
TIC 168346285,154.5315,-28.9919,5.15,0,,,,,7,7.1,ok
TIC 152466390,171.6343,-36.8834,5.15,0,,,,,6,6.7,ok
TIC 297543669,180.6557,-70.8593,5.15,0,,,,,8,7.8,ok
TIC 319809753,174.5292,-61.8264,5.16,0,,,,,7,7.3,ok
TIC 458704469,160.6689,-59.2157,5.16,0,,,,,7,7.6,ok
TIC 463274841,153.3425,-56.5867,5.17,0,,,,,8,8.0,ok
TIC 272642183,161.433,-53.6286,5.17,0,,,,,7,7.0,ok
TIC 253422871,196.8511,-59.8605,5.17,0,,,,,6,5.9,ok
TIC 73440430,154.6574,-36.8045,5.17,0,,,,,7,7.2,ok
TIC 163024899,172.1458,-42.6741,5.18,0,,,,,4,4.3,ok
TIC 456061659,230.7926,-60.6574,5.18,0,,,,,9,8.7,ok
TIC 311846145,181.5829,-68.6514,5.18,0,,,,,6,6.0,ok
TIC 311072421,153.0949,-52.1629,5.18,0,,,,,7,7.0,ok
TIC 455509774,229.237,-60.9573,5.18,0,,,,,5,5.0,ok
TIC 103109978,156.54,-42.7388,5.18,0,,,,,6,5.9,ok
TIC 464534525,156.4427,-54.9883,5.18,0,,,,,8,7.8,ok
TIC 461050210,232.3154,-65.8905,5.18,0,,,,,9,8.5,ok
TIC 411644771,218.7866,-56.5627,5.19,0,,,,,7,7.4,ok
TIC 405237290,184.0699,-56.286,5.19,0,,,,,7,6.8,ok
TIC 459065293,161.7392,-56.7572,5.19,0,,,,,6,6.2,ok
TIC 329530621,211.697,-62.3743,5.19,0,,,,,7,7.3,ok
TIC 442882829,198.5304,-60.9907,5.19,0,,,,,7,7.2,ok
TIC 102628474,155.2015,-47.566,5.2,0,,,,,6,6.0,ok
TIC 193070745,156.3483,-29.1938,5.2,0,,,,,7,7.4,ok
TIC 90050066,204.2164,-54.9912,5.2,0,,,,,6,6.0,ok
TIC 347574391,147.9982,-16.5353,5.21,0,,,,,6,5.6,ok
TIC 19545682,139.6818,-34.0959,5.21,0,,,,,6,5.7,ok
TIC 348685499,133.9771,-15.4398,5.22,0,,,,,5,5.4,ok
TIC 189513190,221.23,-58.4778,5.22,0,,,,,8,7.7,ok
TIC 410996127,160.7542,-49.0568,5.23,0,,,,,8,8.5,ok
TIC 1678825,131.8122,-1.897,5.23,0,,,,,4,4.4,ok
TIC 458199516,159.5124,-56.8172,5.23,0,,,,,7,7.6,ok
TIC 146431583,158.7929,-43.6644,5.23,0,,,,,7,7.3,ok
TIC 71834059,166.8187,-42.6384,5.23,0,,,,,5,5.0,ok
TIC 409941771,145.0763,-14.3324,5.23,0,,,,,5,5.3,ok
TIC 81919107,168.2361,-49.736,5.24,0,,,,,8,8.0,ok
TIC 93844598,176.3024,-49.0698,5.25,0,,,,,7,7.0,ok
TIC 193403895,222.278,-56.6687,5.25,0,,,,,8,8.6,ok
TIC 260926702,226.1977,-71.6064,5.25,0,,,,,10,10.1,ok
TIC 1191321,135.9374,-17.4967,5.25,0,,,,,6,5.8,ok
TIC 312700722,182.7551,-68.2611,5.25,0,,,,,6,7.3,ok
TIC 457427613,157.3973,-57.9664,5.25,0,,,,,7,6.9,ok
TIC 304164760,177.9288,-61.1584,5.25,0,,,,,7,7.2,ok
TIC 46955658,143.3325,-7.1904,5.25,0,,,,,5,4.8,ok
TIC 37569580,135.2978,-26.6641,5.25,0,,,,,5,4.9,ok
TIC 103554525,157.4092,-43.0508,5.26,0,,,,,7,6.8,ok
TIC 334496224,183.2737,-50.2067,5.26,0,,,,,5,5.0,ok
TIC 261862960,193.6533,-57.1687,5.26,0,,,,,7,7.1,ok
TIC 81854295,168.1366,-49.1008,5.26,0,,,,,8,7.6,ok
TIC 321656644,175.4558,-63.4146,5.26,0,,,,,7,6.8,ok
TIC 300295060,160.2612,-52.0857,5.26,0,,,,,9,8.9,ok
TIC 461029064,159.5294,-60.5489,5.26,0,,,,,8,8.1,ok
TIC 459714042,163.389,-56.4205,5.26,0,,,,,8,7.7,ok
TIC 186574542,220.1363,-56.4408,5.27,0,,,,,7,6.9,ok
TIC 91830175,171.6965,-53.1598,5.27,0,,,,,7,7.3,ok
TIC 189390061,142.5585,-24.2739,5.27,0,,,,,5,4.9,ok
TIC 187923010,159.1772,-27.6563,5.27,0,,,,,6,6.0,ok
TIC 307624961,124.6018,-12.6393,5.27,0,,,,,5,4.9,ok
TIC 37685634,135.7103,-28.1965,5.27,0,,,,,5,4.9,ok
TIC 169468632,194.2678,-51.1989,5.27,0,,,,,6,5.8,ok
TIC 348837162,134.6849,-16.1312,5.27,0,,,,,5,4.8,ok
TIC 296499262,125.6949,-13.0551,5.27,0,,,,,3,3.3,ok
TIC 412904376,222.8404,-59.5036,5.27,0,,,,,7,7.3,ok
TIC 46956144,143.2579,-8.5056,5.28,0,,,,,5,4.8,ok
TIC 73201323,153.8367,-36.5177,5.28,0,,,,,7,6.7,ok
TIC 15525527,185.444,-49.9489,5.28,0,,,,,6,7.3,ok
TIC 208789160,209.1368,-54.7063,5.28,0,,,,,7,6.8,ok
TIC 386372936,127.7228,-15.8347,5.28,0,,,,,5,4.8,ok
TIC 350193559,151.097,-39.9759,5.28,0,,,,,7,8.7,ok
TIC 210096523,211.6048,-59.7159,5.28,0,,,,,5,4.9,ok
TIC 121389425,129.3632,-4.934,5.28,0,,,,,5,4.9,ok
TIC 348837071,134.7305,-15.9849,5.28,0,,,,,5,4.8,ok
TIC 449568639,200.5406,-64.2189,5.29,0,,,,,5,5.3,ok
TIC 208573112,208.7466,-55.0214,5.29,0,,,,,7,6.9,ok
TIC 322229213,175.6559,-60.4207,5.29,0,,,,,7,7.8,ok
TIC 290678703,174.1091,-61.3194,5.29,0,,,,,7,7.3,ok
TIC 459290360,162.2482,-56.6025,5.3,0,,,,,7,7.3,ok
TIC 300032659,141.0032,-5.4666,5.3,0,,,,,4,4.0,ok
TIC 296780440,142.3216,-13.7368,5.3,0,,,,,5,5.4,ok
TIC 290681168,173.9372,-61.5781,5.3,0,,,,,7,7.1,ok
TIC 391421890,161.623,-64.2632,5.3,0,,,,,8,8.1,ok
TIC 287003811,150.9368,-39.2788,5.3,0,,,,,6,5.9,ok
TIC 465416044,163.2131,-62.0091,5.3,0,,,,,7,7.0,ok
TIC 81086852,166.5809,-50.4476,5.3,0,,,,,8,7.6,ok
TIC 321299050,175.2061,-60.9805,5.3,0,,,,,7,7.0,ok
TIC 395108497,218.8206,-60.0158,5.31,0,,,,,6,5.9,ok
TIC 410299875,149.8278,-20.3568,5.31,0,,,,,6,5.9,ok
TIC 250433668,224.0722,-52.8095,5.31,0,,,,,5,4.9,ok
TIC 325820602,209.6296,-65.801,5.31,0,,,,,8,7.6,ok
TIC 318163669,204.304,-61.6927,5.31,0,,,,,7,6.7,ok
TIC 465864363,164.5624,-62.8672,5.31,0,,,,,8,7.7,ok
TIC 272443295,154.3665,-50.0972,5.31,0,,,,,6,6.1,ok
TIC 24912242,142.3252,-33.6726,5.31,0,,,,,6,5.8,ok
TIC 435013248,192.5581,-62.6412,5.32,0,,,,,7,6.6,ok
TIC 209446819,210.3265,-57.2287,5.32,0,,,,,5,5.2,ok
TIC 162626006,170.5958,-44.6462,5.32,0,,,,,7,6.5,ok
TIC 289670773,146.2147,-17.7064,5.32,0,,,,,5,4.8,ok
TIC 467341330,168.1876,-64.1697,5.32,0,,,,,7,7.1,ok
TIC 305751503,178.7547,-62.5777,5.32,0,,,,,7,6.9,ok
TIC 17889301,136.1228,-32.4484,5.32,0,,,,,5,4.8,ok
TIC 463445156,153.7922,-55.657,5.32,0,,,,,8,7.8,ok
TIC 167215719,193.1022,-53.8299,5.32,0,,,,,6,5.7,ok
TIC 271701447,187.1369,-56.4095,5.33,0,,,,,8,8.0,ok
TIC 103108009,156.3217,-42.4675,5.33,0,,,,,4,4.0,ok
TIC 315994085,171.6474,-61.1152,5.33,0,,,,,7,6.6,ok
TIC 80312692,165.15,-53.1117,5.33,0,,,,,7,6.7,ok
TIC 338655597,198.8546,-69.6795,5.33,0,,,,,7,6.5,ok
TIC 458860659,161.1875,-59.5652,5.34,0,,,,,6,5.7,ok
TIC 95726960,131.3226,-6.9786,5.34,0,,,,,5,4.6,ok
TIC 72479538,151.3136,-36.3845,5.35,0,,,,,8,7.3,ok
TIC 410207069,133.9325,-19.2244,5.35,0,,,,,6,5.4,ok
TIC 37919523,136.2772,-29.0182,5.35,0,,,,,3,2.9,ok
TIC 51368634,128.9664,-11.2916,5.35,0,,,,,5,4.6,ok
TIC 463794734,154.6549,-56.1096,5.35,0,,,,,8,7.7,ok
TIC 333666707,182.061,-48.6926,5.35,0,,,,,6,6.2,ok
TIC 293843702,141.5158,-1.235,5.35,0,,,,,3,2.9,ok
TIC 38215537,137.2898,-24.8441,5.36,0,,,,,5,4.7,ok
TIC 81085692,166.614,-50.9567,5.36,0,,,,,8,7.5,ok
TIC 453510797,205.436,-54.5596,5.36,0,,,,,7,6.6,ok
TIC 19568026,124.8037,-11.5219,5.36,0,,,,,5,4.8,ok
TIC 348838355,148.3468,-17.926,5.36,0,,,,,5,5.0,ok
TIC 386535539,144.5486,-16.7172,5.36,0,,,,,5,4.5,ok
TIC 152315703,170.9665,-40.5089,5.37,0,,,,,6,5.8,ok
TIC 448585725,166.2256,-35.8046,5.37,0,,,,,6,5.7,ok
TIC 49068464,164.8072,-33.738,5.38,0,,,,,6,6.0,ok
TIC 71220227,153.9612,-32.1762,5.38,0,,,,,7,6.6,ok
TIC 149842501,135.3801,-4.4559,5.38,0,,,,,5,4.8,ok
TIC 51256738,128.4448,-9.9982,5.38,0,,,,,5,4.8,ok
TIC 169051549,126.613,-3.9879,5.38,0,,,,,5,4.8,ok
TIC 305127595,165.5453,-55.9129,5.38,0,,,,,6,5.6,ok
TIC 406050497,193.988,-56.8358,5.38,0,,,,,7,6.5,ok
TIC 253398821,196.5649,-55.6117,5.38,0,,,,,7,6.7,ok
TIC 54351053,161.4952,-35.2512,5.38,0,,,,,5,5.3,ok
TIC 334434789,213.7842,-61.9175,5.38,0,,,,,8,7.6,ok
TIC 452039722,173.5566,-54.5557,5.39,0,,,,,6,6.3,ok
TIC 62480591,132.3404,-3.4432,5.39,0,,,,,5,4.6,ok
TIC 37380603,134.8155,-28.8059,5.39,0,,,,,5,4.7,ok
TIC 342587478,205.0017,-70.7879,5.39,0,,,,,8,7.6,ok
TIC 241660076,208.0198,-52.8117,5.39,0,,,,,7,6.9,ok
TIC 411229704,178.9304,-68.5493,5.39,0,,,,,7,6.9,ok
TIC 34504326,146.92,-46.6402,5.39,0,,,,,7,6.9,ok
TIC 292422455,218.3837,-54.9986,5.4,0,,,,,6,5.7,ok
TIC 61542962,176.4328,-45.6901,5.4,0,,,,,6,5.7,ok
TIC 303884894,177.6136,-62.6494,5.4,0,,,,,6,5.7,ok
TIC 466541437,166.1214,-62.9621,5.4,0,,,,,8,7.7,ok
TIC 272638098,161.044,-53.0939,5.4,0,,,,,8,7.8,ok
TIC 313263000,183.1957,-70.1518,5.4,0,,,,,6,5.7,ok
TIC 311374627,181.0372,-69.522,5.4,0,,,,,7,6.7,ok
TIC 453573291,205.5041,-58.7871,5.4,0,,,,,7,6.5,ok
TIC 62569281,133.5718,-5.4342,5.41,0,,,,,5,4.7,ok
TIC 178712494,166.0517,-45.7405,5.41,0,,,,,7,6.7,ok
TIC 34813771,147.287,-43.4827,5.41,0,,,,,7,6.4,ok
TIC 35006277,224.6715,-57.8511,5.41,0,,,,,7,7.0,ok
TIC 297541952,180.6172,-71.4889,5.41,0,,,,,8,7.5,ok
TIC 308986394,151.0863,-24.2854,5.41,0,,,,,6,5.7,ok
TIC 42616129,228.6296,-59.7354,5.41,0,,,,,7,6.8,ok
TIC 50896383,127.0826,-8.8166,5.41,0,,,,,5,4.7,ok
TIC 329197656,211.963,-53.5735,5.42,0,,,,,7,6.5,ok
TIC 329067981,211.4629,-61.9331,5.42,0,,,,,7,6.9,ok
TIC 412872277,194.0772,-55.5611,5.42,0,,,,,7,6.5,ok
TIC 458564349,160.5231,-59.5574,5.43,0,,,,,7,6.7,ok
TIC 379783522,181.5949,-65.7095,5.43,0,,,,,6,5.9,ok
TIC 415302606,223.1409,-55.7157,5.43,0,,,,,6,5.7,ok
TIC 33223312,149.0332,-7.6453,5.43,0,,,,,4,3.8,ok
TIC 178709675,166.1288,-47.6789,5.43,0,,,,,7,6.5,ok
TIC 241559630,206.8233,-53.3572,5.43,0,,,,,6,6.3,ok
TIC 329197261,211.9357,-53.6911,5.43,0,,,,,7,8.6,ok
TIC 263313986,234.1174,-66.5452,5.44,0,,,,,9,9.1,ok
TIC 440905523,196.8809,-60.2693,5.44,0,,,,,6,6.1,ok
TIC 178535942,165.0645,-44.9107,5.45,0,,,,,8,8.2,ok
TIC 389148254,178.076,-51.3149,5.45,0,,,,,5,5.5,ok
TIC 162798862,170.9846,-44.6728,5.45,0,,,,,7,6.9,ok
TIC 450507176,186.3219,-65.7706,5.45,0,,,,,7,6.9,ok
TIC 73725048,155.9182,-41.9531,5.45,0,,,,,6,5.9,ok
TIC 432162869,153.254,-19.6891,5.45,0,,,,,6,5.9,ok
TIC 374094863,159.9921,-49.2794,5.45,0,,,,,8,8.2,ok
TIC 18556657,137.485,-30.3658,5.46,0,,,,,5,4.7,ok
TIC 443562032,199.4993,-64.5743,5.46,0,,,,,6,6.0,ok
TIC 60788949,139.2376,-11.1036,5.46,0,,,,,5,5.0,ok
TIC 101960313,153.7531,-44.4678,5.46,0,,,,,4,4.5,ok
TIC 146608860,159.7095,-42.7535,5.46,0,,,,,7,6.7,ok
TIC 436276871,193.3412,-60.3285,5.47,0,,,,,8,7.6,ok
TIC 334683390,183.6318,-51.5326,5.47,0,,,,,7,6.4,ok
TIC 306794731,179.6985,-64.3396,5.47,0,,,,,8,8.2,ok
TIC 396255306,212.1064,-74.849,5.47,0,,,,,10,9.7,ok
TIC 316504931,171.9294,-60.4958,5.47,0,,,,,6,6.1,ok
TIC 413004975,204.5318,-58.4148,5.47,0,,,,,6,6.0,ok
TIC 35678037,225.0674,-58.3064,5.47,0,,,,,7,7.2,ok
TIC 412365759,190.867,-58.9027,5.47,0,,,,,7,8.0,ok
TIC 19941715,126.1649,-11.5245,5.48,0,,,,,5,5.0,ok
TIC 337162994,215.3274,-64.2417,5.48,0,,,,,6,6.0,ok
TIC 328989123,191.2584,-68.8308,5.48,0,,,,,7,6.8,ok
TIC 413161731,127.8785,-19.5775,5.49,0,,,,,5,4.9,ok
TIC 25778661,145.4677,-30.3033,5.49,0,,,,,4,4.4,ok
TIC 146433318,158.7124,-44.9489,5.49,0,,,,,5,5.6,ok
TIC 163486329,173.9037,-47.1683,5.49,0,,,,,6,5.9,ok
TIC 67801852,185.7055,-57.6762,5.5,0,,,,,8,7.7,ok
TIC 45160286,147.4638,-36.2684,5.5,0,,,,,6,6.0,ok
TIC 438701212,201.1082,-51.8751,5.5,0,,,,,7,6.9,ok
TIC 263523769,216.7449,-59.2377,5.5,0,,,,,5,5.5,ok
TIC 19148344,138.6986,-33.6824,5.5,0,,,,,6,6.0,ok
TIC 77551564,142.3848,-4.247,5.5,0,,,,,3,4.0,ok
TIC 412244837,190.5267,-54.7608,5.5,0,,,,,7,7.1,ok
TIC 169014895,126.5254,-4.901,5.5,0,,,,,5,5.2,ok
TIC 189402332,142.6674,-28.7667,5.5,0,,,,,4,4.1,ok
TIC 72658342,152.0066,-37.3334,5.51,0,,,,,6,5.9,ok
TIC 192561568,154.9535,-22.9714,5.51,0,,,,,7,6.5,ok
TIC 163252251,172.8978,-44.7384,5.51,0,,,,,5,4.9,ok
TIC 275156328,143.1723,1.8639,5.51,0,,,,,5,4.7,ok
TIC 338130487,197.9651,-69.942,5.51,0,,,,,7,7.1,ok
TIC 73074667,153.4854,-40.3108,5.51,0,,,,,7,7.1,ok
TIC 195501035,222.567,-58.9768,5.52,0,,,,,8,9.0,ok
TIC 401975722,218.8722,-73.6944,5.52,0,,,,,10,9.5,ok
TIC 270001113,138.477,2.8627,5.52,0,,,,,5,5.0,ok
TIC 347445677,133.2717,-16.9528,5.52,0,,,,,5,4.9,ok
TIC 53957066,159.3033,-31.7627,5.52,0,,,,,6,6.0,ok
TIC 96102447,147.0161,-8.1688,5.52,0,,,,,5,4.8,ok
TIC 91785988,171.5508,-51.3606,5.52,0,,,,,7,7.1,ok
TIC 149764390,130.4597,-5.6109,5.53,0,,,,,5,5.3,ok
TIC 19687727,125.1228,-6.6272,5.53,0,,,,,4,3.9,ok
TIC 220351632,155.1199,-51.4498,5.53,0,,,,,6,6.0,ok
TIC 296724680,141.753,-16.0132,5.53,0,,,,,5,4.8,ok
TIC 286507416,185.7936,-67.6297,5.53,0,,,,,8,7.6,ok
TIC 334220146,182.8789,-51.3598,5.54,0,,,,,6,5.9,ok
TIC 425657630,232.8785,-73.3897,5.54,0,,,,,8,8.1,ok
TIC 280514622,170.8388,-64.9547,5.54,0,,,,,8,8.1,ok
TIC 301005579,178.0414,-56.9875,5.54,0,,,,,6,5.8,ok
TIC 421472503,219.436,-67.934,5.55,0,,,,,9,8.8,ok
TIC 397361078,175.3317,-43.0956,5.55,0,,,,,8,7.7,ok
TIC 467957174,169.8134,-64.5822,5.55,0,,,,,7,6.9,ok
TIC 258314976,182.2237,-44.3263,5.55,0,,,,,6,6.1,ok
TIC 324847564,177.3522,-60.4258,5.55,0,,,,,7,7.2,ok
TIC 322909720,206.6308,-64.6755,5.55,0,,,,,7,6.8,ok
TIC 464110897,155.5427,-58.2654,5.56,0,,,,,8,7.7,ok
TIC 194971186,222.6833,-55.0093,5.56,0,,,,,5,4.9,ok
TIC 1228170,137.1856,-16.2778,5.56,0,,,,,4,4.3,ok
TIC 468236215,170.4123,-60.9912,5.56,0,,,,,6,6.0,ok
TIC 101136248,152.7178,-15.7091,5.57,0,,,,,6,6.1,ok
TIC 348938351,149.1286,-13.4639,5.57,0,,,,,6,5.6,ok
TIC 437392899,194.2962,-63.4645,5.57,0,,,,,7,6.6,ok
TIC 307709641,124.9743,-12.8569,5.57,0,,,,,5,4.8,ok
TIC 101423934,149.1044,-32.2428,5.57,0,,,,,4,4.5,ok
TIC 49099038,165.1693,-31.8386,5.57,0,,,,,6,5.9,ok
TIC 455675248,229.7047,-60.4964,5.57,0,,,,,7,6.7,ok
TIC 54082465,160.2145,-35.7417,5.57,0,,,,,6,5.9,ok
TIC 180172954,188.8684,-61.8421,5.57,0,,,,,8,7.8,ok
TIC 193222805,157.9522,-28.2371,5.57,0,,,,,6,6.0,ok
TIC 78106977,142.6379,-45.5704,5.58,0,,,,,8,8.5,ok
TIC 458834083,161.0834,-58.0648,5.58,0,,,,,7,7.0,ok
TIC 36958337,225.7664,-58.2298,5.58,0,,,,,5,5.2,ok
TIC 134420081,150.2347,-50.6338,5.58,0,,,,,6,6.1,ok
TIC 50929829,127.2125,-9.7485,5.58,0,,,,,5,5.2,ok
TIC 4346726,140.6517,-39.7749,5.59,0,,,,,7,6.6,ok
TIC 463627948,154.2909,-55.9225,5.59,0,,,,,6,6.5,ok
TIC 405916953,192.66,-58.166,5.59,0,,,,,8,7.5,ok
TIC 168976468,126.152,-4.7174,5.59,0,,,,,5,4.9,ok
TIC 410205800,133.8108,-18.2567,5.59,0,,,,,5,4.7,ok
TIC 332076204,179.2727,-52.1004,5.59,0,,,,,6,5.6,ok
TIC 405567801,191.8528,-59.6947,5.59,0,,,,,?,963.0,timeout
TIC 23559976,169.2397,-34.9273,5.6,0,,,,,7,7.1,ok
TIC 448377810,210.0336,-67.2806,5.6,0,,,,,7,7.1,ok
TIC 398962657,219.5422,-62.7177,5.6,0,,,,,8,9.0,ok
TIC 381946417,183.0915,-62.9508,5.6,0,,,,,7,8.0,ok
TIC 48780499,162.4872,-34.0581,5.6,0,,,,,5,8.1,ok
TIC 455075123,228.1229,-63.0338,5.6,0,,,,,7,7.5,ok
TIC 458533793,160.221,-57.9356,5.61,0,,,,,6,6.0,ok
TIC 457766442,158.1991,-58.6667,5.61,0,,,,,6,6.4,ok
TIC 14295825,144.4413,-3.1707,5.61,0,,,,,5,4.8,ok
TIC 245440777,200.1572,-52.7479,5.61,0,,,,,7,7.7,ok
TIC 448667394,212.4586,-68.1896,5.61,0,,,,,6,6.2,ok
TIC 53612113,157.3972,-30.6071,5.61,0,,,,,6,7.9,ok
TIC 462876889,152.4145,-56.6542,5.61,0,,,,,8,10.5,ok
TIC 394445529,200.3078,-74.4419,5.61,0,,,,,8,9.5,ok
TIC 308744177,135.7824,-14.0036,5.62,0,,,,,5,4.7,ok
TIC 189479916,143.1729,-27.415,5.62,0,,,,,6,5.8,ok
TIC 457803940,158.3557,-58.1901,5.62,0,,,,,6,6.2,ok
TIC 380691628,182.119,-61.2507,5.62,0,,,,,8,8.6,ok
TIC 166236309,192.7409,-52.7875,5.62,1,3.1627,28.5,rejete,variabilite_continue;eclipse_secondaire,6,9.3,ok
TIC 162683152,170.6845,-42.948,5.62,0,,,,,7,7.7,ok
TIC 13566784,132.893,-7.1773,5.62,0,,,,,5,4.8,ok
TIC 358559634,151.3036,-42.1723,5.62,0,,,,,7,8.2,ok
TIC 448392261,210.2164,-66.2691,5.62,0,,15.2,rejete,variabilite_continue;eclipse_secondaire,8,12.1,ok
TIC 466739789,166.7563,-63.1187,5.62,0,,,,,8,8.1,ok
TIC 464531488,156.5663,-54.5215,5.62,0,,,,,8,7.8,ok
TIC 464459950,156.2465,-58.5763,5.62,0,,,,,7,8.4,ok
TIC 25671382,145.0703,-30.9217,5.63,0,,,,,5,4.9,ok
TIC 305693987,166.0119,-54.1978,5.63,0,,,,,7,6.9,ok
TIC 443299918,199.1854,-65.1387,5.63,0,,,,,6,6.4,ok
TIC 423365061,157.0095,-21.3965,5.63,0,,,,,6,6.5,ok
TIC 399022128,198.4193,-52.5817,5.63,0,,,,,5,5.1,ok
TIC 54195770,160.6797,-32.7157,5.63,0,,,,,6,6.0,ok
TIC 94017750,176.558,-48.2098,5.63,0,,,,,6,6.6,ok
TIC 438238920,194.9021,-60.0218,5.63,0,,,,,7,6.9,ok
TIC 452314602,174.2896,-55.4636,5.63,0,,,,,6,6.2,ok
TIC 415505172,131.1732,-23.7887,5.63,0,,,,,7,6.9,ok
TIC 54198580,160.8248,-31.76,5.63,0,,,,,5,6.5,ok
TIC 44566714,145.745,-36.9656,5.64,0,,,,,6,5.9,ok
TIC 286040326,137.872,0.2911,5.64,0,,,,,4,4.0,ok
TIC 419693778,191.5225,-54.6122,5.64,0,,,,,7,6.6,ok
TIC 176848605,143.0848,-19.4002,5.64,0,,,,,5,6.2,ok
TIC 151941232,168.8719,-41.0572,5.65,0,,,,,5,5.7,ok
TIC 458858205,161.2388,-59.9351,5.65,0,,,,,8,8.4,ok
TIC 393855012,158.7396,-23.176,5.65,0,,,,,6,6.3,ok
TIC 22146284,148.7666,-25.3666,5.65,0,,,,,5,5.3,ok
TIC 21113446,186.6935,-48.9138,5.65,0,,,,,5,5.1,ok
TIC 273314616,185.6944,-52.2931,5.65,0,,,,,4,4.1,ok
TIC 449862248,201.3764,-63.4209,5.66,0,,,,,6,5.8,ok
TIC 138998040,151.5294,-52.1878,5.66,0,,,,,6,6.6,ok
TIC 25060155,142.8836,-31.8719,5.66,0,,33.5,rejete,variabilite_continue;eclipse_secondaire,4,7.0,ok
TIC 307900273,138.5128,-14.695,5.66,0,,,,,4,5.4,ok
TIC 406507334,198.2321,-59.8174,5.66,0,,16.7,rejete,variabilite_continue;eclipse_secondaire,6,14.3,ok
TIC 405296701,128.3896,-16.1096,5.66,0,,,,,5,6.5,ok
TIC 163653342,191.3481,-48.1704,5.66,0,,,,,7,7.1,ok
TIC 425436926,200.9662,-49.823,5.66,0,,,,,7,7.4,ok
TIC 394811200,202.6051,-73.9755,5.66,0,,,,,8,8.6,ok
TIC 423364940,156.9772,-21.7331,5.66,0,,,,,6,6.5,ok
TIC 44987367,146.895,-38.1897,5.66,0,,,,,7,7.1,ok
TIC 106080157,157.9153,-41.1077,5.66,0,,,,,6,6.1,ok
TIC 311372693,181.2515,-70.0023,5.67,0,,,,,7,7.5,ok
TIC 458856474,161.1405,-59.7376,5.67,0,,,,,6,7.4,ok
TIC 459774409,163.655,-55.6191,5.67,0,,,,,7,7.5,ok
TIC 438760896,195.2924,-63.0232,5.67,0,,,,,7,8.1,ok
TIC 101417255,148.9988,-19.9523,5.67,0,,,,,7,8.0,ok
TIC 306415958,179.3574,-61.1234,5.67,0,,,,,7,9.1,ok
TIC 13390261,131.5911,-6.411,5.67,0,,,,,5,4.9,ok
TIC 259850442,153.366,-51.7557,5.67,0,,,,,7,6.8,ok
TIC 425869619,235.0886,-73.4469,5.67,0,,,,,9,9.4,ok
TIC 451346424,171.1002,-55.138,5.68,0,,,,,6,7.1,ok
TIC 434362356,191.0672,-61.9392,5.68,0,,,,,7,7.4,ok
TIC 448066486,207.7736,-66.823,5.68,0,,,,,8,9.0,ok
TIC 448930207,214.7324,-71.3965,5.68,0,,,,,9,9.1,ok
TIC 147188238,162.172,-47.7497,5.68,0,,,,,8,7.5,ok
TIC 451519667,171.7528,-56.28,5.68,0,,,,,5,5.4,ok
TIC 299453721,207.9186,-62.1266,5.68,0,,,,,7,6.8,ok
TIC 459004497,161.4337,-59.4078,5.68,0,,,,,6,6.1,ok
TIC 20067269,137.1756,-8.5895,5.68,0,,,,,5,4.7,ok
TIC 381628679,182.7695,-61.2776,5.68,0,,,,,8,7.6,ok
TIC 317937518,172.8126,-61.2785,5.68,0,,,,,4,4.3,ok
TIC 82102591,168.522,-48.6005,5.68,0,,,,,8,7.6,ok
TIC 19197282,138.894,-33.3242,5.68,0,,,,,4,4.0,ok
TIC 255776006,186.1412,-49.4402,5.68,0,,,,,4,4.1,ok
TIC 149787261,130.6542,-4.4104,5.68,0,,,,,5,5.6,ok
TIC 334564391,193.5746,-70.0368,5.69,0,,,,,7,6.6,ok
TIC 449049068,215.6265,-71.3558,5.69,0,,,,,7,6.9,ok
TIC 273394199,186.2869,-48.3091,5.69,0,,,,,6,5.6,ok
TIC 50715073,126.4055,-8.956,5.69,0,,,,,4,5.4,ok
TIC 189387790,142.4178,-26.5945,5.69,0,,,,,5,4.7,ok
TIC 22029931,182.7619,-45.4229,5.7,0,,,,,6,5.7,ok
TIC 463445768,153.7802,-55.5492,5.7,0,,,,,8,7.7,ok
TIC 332633618,137.0698,-11.9421,5.7,0,,,,,4,4.3,ok
TIC 319935087,174.5412,-63.1968,5.7,0,,,,,5,5.0,ok
TIC 328476086,190.5209,-69.4076,5.7,0,,,,,6,7.0,ok
TIC 321457468,175.5786,-60.9618,5.7,0,,,,,7,7.0,ok
TIC 179486821,187.983,-63.5058,5.71,0,,,,,7,7.0,ok
TIC 96144947,147.3215,-8.835,5.71,0,,,,,5,4.9,ok
TIC 448292567,209.3749,-68.0058,5.71,0,,,,,7,7.8,ok
TIC 25164677,143.4271,-34.7301,5.71,0,,,,,6,5.9,ok
TIC 165904594,192.4648,-50.324,5.71,0,,,,,6,6.3,ok
TIC 164293200,191.6904,-49.2684,5.71,0,,,,,7,6.5,ok
TIC 176397207,131.6899,-18.7579,5.71,0,,,,,6,5.6,ok
TIC 189158353,141.0952,-29.1809,5.71,0,,,,,3,3.3,ok
TIC 245074237,198.0294,-50.0666,5.71,0,,,,,8,7.4,ok
TIC 449391034,200.0089,-62.5265,5.72,0,,,,,6,7.0,ok
TIC 337719841,215.5377,-62.002,5.72,0,,,,,8,8.0,ok
TIC 272447907,154.4084,-48.4178,5.72,0,,,,,6,6.1,ok
TIC 308884599,152.4302,-14.7625,5.72,0,,,,,6,5.9,ok
TIC 463103957,152.9434,-58.0605,5.72,0,,,,,8,7.8,ok
TIC 73114663,153.5572,-39.1038,5.72,0,,,,,7,6.9,ok
TIC 47315372,230.9629,-57.3307,5.73,0,,,,,8,7.6,ok
TIC 309523447,184.5701,-62.6409,5.73,0,,,,,8,7.6,ok
TIC 460874627,158.9681,-60.0399,5.73,0,,,,,6,5.9,ok
TIC 454901855,227.6836,-61.4224,5.73,0,,,,,7,6.9,ok
TIC 22083423,148.2395,-27.3315,5.73,0,,,,,5,4.9,ok
TIC 348837576,134.6931,-16.7486,5.73,0,,,,,5,4.8,ok
TIC 88758106,122.3155,-4.5525,5.73,0,,,,,5,4.8,ok
TIC 60619527,137.9638,-6.9796,5.73,0,,,,,4,4.2,ok
TIC 114741012,131.8394,-17.0529,5.73,0,,,,,6,5.6,ok
TIC 415503287,131.1949,-22.2981,5.73,0,,,,,6,5.8,ok
TIC 45044984,147.1168,-37.6361,5.73,0,,,,,7,6.7,ok
TIC 15633716,185.5937,-52.9918,5.73,0,,,,,5,5.3,ok
TIC 1818589,132.9069,-26.2062,5.74,0,,,,,5,5.1,ok
TIC 96143845,147.3879,-11.7849,5.74,0,,,,,5,5.1,ok
TIC 245036109,197.7075,-52.9075,5.74,0,,,,,3,3.6,ok
TIC 413356994,214.7637,-59.3849,5.74,0,,,,,7,6.8,ok
TIC 193258096,158.2135,-26.6094,5.74,0,,,,,6,6.0,ok
TIC 441173738,197.0297,-65.306,5.74,0,,,,,7,6.8,ok
TIC 293605011,149.6275,-13.9419,5.74,0,,,,,?,966.4,timeout
TIC 292441719,221.6114,-64.543,5.74,0,,,,,9,8.7,ok
TIC 293419639,222.1493,-63.3554,5.74,0,,,,,8,7.6,ok
TIC 51362994,128.8673,-7.9822,5.74,0,,,,,5,4.8,ok
TIC 24918650,142.582,-33.4039,5.74,0,,,,,6,5.6,ok
TIC 118203927,129.2243,-17.9711,5.74,0,,,,,5,4.4,ok
TIC 332633554,136.9318,-12.0206,5.74,0,,,,,4,3.6,ok
TIC 306548914,179.4163,-62.4488,5.74,0,,,,,7,6.6,ok
TIC 303810866,164.5201,-55.7838,5.75,0,,,,,8,7.6,ok
TIC 263665054,231.2006,-71.3235,5.75,0,,,,,9,8.5,ok
TIC 147209584,162.3562,-42.3673,5.75,0,,,,,5,5.0,ok
TIC 132480701,148.713,-50.2439,5.75,0,,,,,7,6.8,ok
TIC 48430763,149.9858,-31.3495,5.75,0,,,,,5,4.8,ok
TIC 319500462,174.1451,-61.6098,5.75,0,,,,,5,4.8,ok
TIC 19086884,138.5895,-32.5572,5.75,0,,,,,4,4.0,ok
TIC 168937669,126.0488,-5.6793,5.75,0,,,,,5,4.7,ok
TIC 401431637,200.5678,-52.183,5.75,0,,,,,7,6.3,ok
TIC 34384351,146.6264,-44.7551,5.76,0,,,,,7,6.8,ok
TIC 432130634,137.2671,-18.3284,5.76,0,,,,,4,3.8,ok
TIC 376564001,180.7612,-55.1954,5.76,0,,,,,7,6.5,ok
TIC 259751257,153.2705,-47.9197,5.76,0,,,,,6,5.7,ok
TIC 101107414,130.0158,-15.0366,5.76,0,,,,,4,3.9,ok
TIC 120856811,164.2823,-50.7649,5.76,0,,19.6,rejete,variabilite_continue;eclipse_secondaire;compagnon_trop_gros_2.1Rjup,8,11.8,ok
TIC 241751294,208.8003,-52.161,5.76,0,,18.3,rejete,variabilite_continue;eclipse_secondaire,6,9.0,ok
TIC 310883625,185.3379,-62.2816,5.76,0,,,,,8,7.3,ok
TIC 411469734,179.5187,-70.4517,5.76,0,,,,,6,5.7,ok
TIC 398627604,180.1589,-57.6182,5.76,0,,,,,7,6.5,ok
TIC 118817518,134.916,-19.2087,5.76,0,,,,,7,6.2,ok
TIC 403273614,228.9089,-72.3986,5.76,0,,,,,9,8.4,ok
TIC 70676013,151.4383,-30.8918,5.77,0,,,,,6,5.3,ok
TIC 47966569,146.9026,-33.244,5.77,0,,,,,4,3.7,ok
TIC 395118158,218.8741,-60.642,5.77,0,,,,,7,6.5,ok
TIC 321165740,175.1541,-62.5681,5.77,0,,,,,4,4.1,ok
TIC 432085831,136.7281,-18.2017,5.77,0,,,,,6,5.5,ok
TIC 188221781,220.789,-58.2665,5.77,0,,,,,7,6.5,ok
TIC 126461088,228.2467,-51.9731,5.78,0,,,,,6,5.8,ok
TIC 386011248,216.7648,-60.2912,5.78,0,,,,,8,7.9,ok
TIC 119922044,162.5715,-49.1124,5.78,0,,,,,6,5.5,ok
TIC 418091967,145.8774,-20.3659,5.78,0,,,,,5,4.4,ok
TIC 244934834,196.9091,-53.4599,5.78,0,,,,,6,5.9,ok
TIC 170526663,122.7431,-6.7476,5.78,0,,,,,4,3.8,ok
TIC 187730895,220.4838,-58.6161,5.78,0,,,,,7,6.5,ok
TIC 46080184,230.5004,-57.1453,5.79,0,,,,,8,7.4,ok
TIC 245177563,198.6801,-53.2801,5.79,0,,,,,5,4.6,ok
TIC 1267523,131.5419,-26.6128,5.79,0,,,,,3,3.2,ok
TIC 451119853,170.5651,-58.3864,5.79,0,,,,,7,6.5,ok
TIC 997455580,183.5099,-45.7242,5.79,0,,,,,3,3.0,ok
TIC 188088554,161.6766,-26.0478,5.79,0,,,,,6,5.6,ok
TIC 19677378,139.9535,-33.6443,5.79,0,,,,,6,5.6,ok
TIC 457349679,157.1998,-57.2329,5.79,0,,,,,7,6.6,ok
TIC 272560989,161.0395,-51.9237,5.8,0,,,,,6,5.8,ok
TIC 256813340,200.2014,-55.8007,5.8,0,,,,,6,5.5,ok
TIC 320723172,175.0672,-62.4324,5.8,0,,,,,5,4.8,ok
TIC 436267716,193.4538,-60.3762,5.8,0,,,,,8,7.2,ok
TIC 146758127,160.5916,-47.2204,5.8,0,,,,,7,6.5,ok
TIC 297549444,180.4359,-69.198,5.8,0,,,,,6,5.6,ok
TIC 348903049,148.7502,-16.1937,5.8,0,,,,,5,4.8,ok
TIC 376380463,179.3911,-57.9481,5.8,0,,,,,5,4.9,ok
TIC 253394683,196.6573,-54.5059,5.8,0,,,,,6,5.7,ok
TIC 307697238,179.9536,-62.8316,5.8,0,,,,,7,6.6,ok
TIC 397886324,219.2998,-62.0109,5.8,0,,,,,7,6.3,ok
TIC 459164984,162.0224,-59.9191,5.81,0,,,,,8,7.4,ok
TIC 256597468,200.1455,-59.7729,5.81,0,,35.7,rejete,variabilite_continue;eclipse_secondaire,7,10.5,ok
TIC 101136679,152.738,-16.9308,5.81,0,,,,,5,4.6,ok
TIC 207792130,207.3235,-55.3812,5.81,0,,,,,7,6.7,ok
TIC 261955756,227.8053,-67.9867,5.81,0,,,,,8,7.4,ok
TIC 3356565,139.113,-38.6599,5.82,0,,,,,6,5.6,ok
TIC 71094440,153.3498,-33.0312,5.82,0,,,,,7,6.5,ok
TIC 35528112,148.5958,-46.6368,5.82,0,,,,,5,4.9,ok
TIC 412434568,192.8993,-58.4846,5.82,0,,,,,8,7.3,ok
TIC 62647682,142.6723,-4.0654,5.82,0,,,,,3,3.2,ok
TIC 379547687,181.2853,-61.1797,5.82,0,,,,,7,6.5,ok
TIC 465734733,164.0482,-60.4535,5.83,0,,,,,4,4.0,ok
TIC 451201910,170.7835,-56.7793,5.83,0,,,,,5,4.9,ok
TIC 443438094,199.5225,-60.3973,5.83,0,,,,,6,5.6,ok
TIC 170466721,122.5268,-6.7454,5.83,0,,,,,5,4.4,ok
TIC 458924632,161.3731,-55.7914,5.83,0,,,,,7,6.6,ok
TIC 244871504,196.6353,-51.0495,5.83,0,,,,,6,5.6,ok
TIC 422169235,150.9119,-12.8775,5.83,0,,,,,5,4.4,ok
TIC 192988159,155.3396,-25.373,5.83,0,,,,,6,5.9,ok
TIC 393474846,167.7086,-45.5844,5.83,0,,,,,7,6.3,ok
TIC 121284534,128.5065,-2.1514,5.83,0,,,,,4,3.9,ok
TIC 396426610,213.2948,-73.4262,5.84,0,,,,,9,8.0,ok
TIC 412187339,190.5886,-58.4685,5.84,0,,,,,6,5.8,ok
TIC 296672519,223.9914,-60.906,5.84,0,,,,,7,6.5,ok
TIC 101172135,153.0575,-16.1786,5.84,0,,,,,5,4.6,ok
TIC 305892425,178.7499,-63.2792,5.84,0,,,,,7,6.5,ok
TIC 71030224,153.0036,-32.5839,5.84,0,,,,,6,5.6,ok
TIC 178357965,164.4069,-45.8759,5.84,0,,,,,6,5.7,ok
TIC 410585410,176.9225,-67.6923,5.85,0,,,,,7,6.6,ok
TIC 118811777,134.7597,-23.2751,5.85,0,,,,,5,4.7,ok
TIC 158741976,165.5032,-37.8335,5.85,0,,,,,7,6.4,ok
TIC 210809900,212.8456,-56.3831,5.85,0,,,,,7,6.4,ok
TIC 321049291,205.6853,-61.8921,5.85,0,,,,,6,5.6,ok
TIC 449943819,168.3782,-59.6193,5.85,0,,,,,7,6.7,ok
TIC 450037737,168.2776,-56.41,5.85,0,,,,,5,4.8,ok
TIC 24687948,141.6465,-33.8976,5.85,0,,,,,5,4.4,ok
TIC 411307910,183.217,-59.6553,5.85,0,,,,,8,7.0,ok
TIC 307259792,179.8254,-61.2536,5.85,0,,,,,6,5.6,ok
TIC 241692860,208.4294,-53.3735,5.86,0,,,,,7,6.5,ok
TIC 442943322,198.5079,-62.6539,5.86,0,,,,,7,6.9,ok
TIC 152061708,169.4278,-36.534,5.86,0,,,,,7,6.8,ok
TIC 319306883,151.5364,-20.9488,5.86,0,,,,,5,4.9,ok
TIC 293501400,140.6344,-15.235,5.86,0,,,,,5,4.6,ok
TIC 450441713,186.1765,-60.9042,5.86,0,,,,,7,6.4,ok
TIC 337919172,198.2038,-66.2267,5.86,0,,,,,5,4.8,ok
TIC 253319385,195.9035,-56.6453,5.86,0,,,,,8,7.3,ok
TIC 123254356,143.8674,-1.7858,5.86,0,,,,,5,4.6,ok
TIC 1399933,140.2318,-15.6186,5.86,0,,,,,5,4.6,ok
TIC 118830094,134.8772,-23.1678,5.86,0,,,,,5,4.6,ok
TIC 38222463,137.3933,-29.8167,5.86,0,,,,,3,3.8,ok
TIC 448888783,214.1612,-66.5879,5.86,0,,,,,8,7.6,ok
TIC 405473897,143.6562,-16.3757,5.86,0,,,,,5,4.2,ok
TIC 463472968,153.8116,-54.4782,5.86,0,,,,,8,7.4,ok
TIC 54415101,162.0585,-31.6879,5.86,0,,,,,6,5.7,ok
TIC 47174633,145.3643,-10.5026,5.86,0,,,,,5,4.6,ok
TIC 4509067,141.068,-39.4257,5.86,0,,,,,7,6.4,ok
TIC 36232310,149.8014,-47.0923,5.87,0,,,,,6,5.8,ok
TIC 275591731,179.1816,-47.0722,5.87,0,,,,,6,5.5,ok
TIC 306410072,179.4424,-60.4513,5.87,0,,,,,?,969.6,timeout
TIC 152597296,172.4255,-38.4569,5.87,0,,,,,8,7.3,ok
TIC 163353565,173.27,-44.7706,5.87,0,,,,,4,3.8,ok
TIC 29911591,166.1078,-39.8206,5.87,0,,,,,4,4.1,ok
TIC 442392201,197.971,-63.303,5.87,0,,,,,6,5.6,ok
TIC 163081394,172.2314,-43.4793,5.87,0,,,,,6,5.5,ok
TIC 306844182,166.9888,-58.2906,5.88,0,,,,,6,5.9,ok
TIC 106197013,158.3799,-40.2386,5.88,0,,,,,4,3.9,ok
TIC 219716387,154.1906,-49.3642,5.88,0,,,,,5,4.6,ok
TIC 46903632,142.9125,-10.5521,5.88,0,,,,,5,5.0,ok
TIC 176649257,141.4735,-23.7636,5.89,0,,,,,4,3.7,ok
TIC 262929483,229.9404,-66.4961,5.89,1,3.389,15.9,rejete,variabilite_continue;eclipse_secondaire;compagnon_trop_gros_30.9Rjup,7,10.3,ok
TIC 386377309,127.7717,-16.0048,5.89,0,,,,,4,4.0,ok
TIC 203329235,140.1097,-29.127,5.89,0,,,,,3,3.1,ok
TIC 95961877,141.2189,-6.0088,5.89,0,,,,,5,4.5,ok
TIC 68418284,202.6049,-58.6644,5.89,0,,,,,8,7.1,ok
TIC 294090802,130.4784,-22.0282,5.89,0,,,,,6,5.2,ok
TIC 459704279,163.2846,-57.822,5.89,0,,,,,8,7.5,ok
TIC 241402261,205.1317,-53.0355,5.9,0,,,,,7,6.6,ok
TIC 332712629,150.4917,-14.3929,5.9,0,,,,,5,4.4,ok
TIC 432141170,137.5655,-19.914,5.9,0,,,,,4,3.8,ok
TIC 56555398,147.8391,-6.1815,5.9,0,,,,,3,3.0,ok
TIC 106501885,159.8174,-36.677,5.9,0,,,,,6,5.6,ok
TIC 54198047,160.9066,-30.8676,5.9,0,,,,,5,4.7,ok
TIC 253182472,195.0836,-58.8777,5.9,0,,,,,8,7.5,ok
TIC 62649125,142.7298,-5.6612,5.9,0,,,,,2,2.1,ok
TIC 178450817,164.9968,-43.807,5.91,0,,,,,7,6.4,ok
TIC 186818732,220.1866,-58.961,5.91,0,,,,,5,4.8,ok
TIC 451090601,170.5614,-56.6026,5.91,0,,,,,6,5.9,ok
TIC 60658382,138.1084,-7.1097,5.91,0,,,,,4,3.5,ok
TIC 106818417,161.2888,-39.4668,5.91,0,,,,,6,5.5,ok
TIC 88623578,121.6365,-4.9733,5.91,0,,,,,5,4.9,ok
TIC 303301814,159.6786,-49.7421,5.91,0,,,,,6,5.7,ok
TIC 169015426,126.4525,-4.178,5.92,0,,,,,5,4.7,ok
TIC 315035146,202.8891,-61.5824,5.92,0,,,,,7,6.3,ok
TIC 315658083,203.0594,-61.9906,5.92,0,,,,,6,5.6,ok
TIC 317534639,172.6674,-62.7865,5.92,0,,,,,5,5.1,ok
TIC 360259506,187.6775,-73.0888,5.92,0,,,,,8,7.3,ok
TIC 322994618,176.1628,-60.8506,5.92,0,,,,,5,5.0,ok
TIC 146238523,157.9892,-45.0667,5.92,0,,,,,7,6.4,ok
TIC 152022381,169.2211,-38.3986,5.92,0,,,,,5,4.7,ok
TIC 340327767,201.3803,-68.5281,5.92,0,,,,,7,6.4,ok
TIC 137421889,151.0856,-48.4454,5.92,0,,,,,6,5.9,ok
TIC 71720393,156.6444,-34.7008,5.92,0,,,,,7,6.6,ok
TIC 167904450,151.5226,-29.1184,5.92,0,,,,,6,5.6,ok
TIC 399025895,198.3469,-50.6999,5.92,0,,,,,8,7.0,ok
TIC 319638864,174.5873,-60.6541,5.93,0,,,,,4,3.9,ok
TIC 325105757,209.3369,-62.4894,5.93,0,,,,,6,5.6,ok
TIC 290676048,174.093,-61.0524,5.93,0,,,,,7,6.4,ok
TIC 415501969,131.2296,-21.1678,5.93,0,,,,,6,5.4,ok
TIC 77550908,142.3515,-2.2052,5.93,0,,,,,4,3.6,ok
TIC 330304467,213.2446,-53.8586,5.93,0,,,,,4,3.8,ok
TIC 409878592,126.7726,-15.6426,5.93,0,,,,,4,4.4,ok
TIC 410353662,150.4343,-23.8069,5.93,0,,,,,6,5.7,ok
TIC 38454685,138.1355,-26.5102,5.93,0,,,,,5,4.7,ok
TIC 262586274,132.0762,0.5549,5.93,0,,,,,5,4.4,ok
TIC 253430040,196.7598,-58.8055,5.93,0,,,,,7,6.5,ok
TIC 450719149,186.8532,-63.7891,5.93,0,,,,,8,7.4,ok
TIC 418098714,146.1512,-22.7517,5.94,0,,,,,4,3.7,ok
TIC 71585429,155.8048,-30.1623,5.94,0,,,,,7,6.5,ok
TIC 81699853,167.8643,-48.8516,5.94,0,,,,,7,6.7,ok
TIC 37376262,134.774,-29.2766,5.94,0,,,,,5,4.5,ok
TIC 409942614,145.073,-16.3475,5.94,0,,,,,3,3.0,ok
TIC 4734401,141.4144,-40.314,5.94,0,,,,,5,4.8,ok
TIC 448714306,212.7572,-69.7195,5.94,0,,,,,9,8.2,ok
TIC 5165416,142.3164,-38.4035,5.94,0,,,,,7,6.1,ok
TIC 46822713,142.0855,-9.9869,5.94,0,,,,,5,4.5,ok
TIC 333292021,181.2638,-51.1914,5.94,0,,,,,5,4.7,ok
TIC 296738596,142.2275,-13.5694,5.94,0,,,,,5,4.4,ok
TIC 296692636,176.3308,-65.9925,5.94,0,,,,,6,5.8,ok
TIC 359308747,201.15,-53.9144,5.94,0,,,,,7,6.5,ok
TIC 437310271,194.382,-65.6462,5.95,0,,,,,7,6.5,ok
TIC 410978510,178.218,-69.8841,5.95,0,,,,,6,5.6,ok
TIC 466578432,166.1626,-65.5726,5.95,0,,,,,5,5.3,ok
TIC 267521367,176.0609,-58.4413,5.95,0,,,,,?,964.2,timeout
TIC 397221117,219.1234,-61.059,5.95,0,,,,,6,6.3,ok
TIC 4847760,141.6187,-40.5017,5.95,0,,,,,7,6.6,ok
TIC 19819072,125.6252,-6.1791,5.95,0,,,,,4,3.9,ok
TIC 106400767,159.2416,-41.3412,5.95,0,,,,,6,5.5,ok
TIC 208383886,208.6006,-54.4121,5.95,0,,,,,6,5.7,ok
TIC 255967473,198.6933,-55.9815,5.95,0,,,,,6,5.6,ok
TIC 168160866,153.3306,-27.0286,5.95,0,,,,,7,6.2,ok
TIC 142755882,138.1726,-3.0333,5.95,0,,,,,4,3.8,ok
TIC 3296905,138.9638,-37.6292,5.95,0,,,,,3,2.9,ok
TIC 297628338,224.5438,-59.9509,5.95,0,,,,,6,5.8,ok
TIC 451132596,187.8838,-61.1163,5.95,0,,,,,7,6.7,ok
TIC 366018268,221.8024,-52.2053,5.96,0,,,,,6,5.6,ok
TIC 394508465,200.7187,-72.1468,5.96,0,,,,,7,6.5,ok
TIC 209971455,211.443,-54.6695,5.96,0,,,,,7,6.3,ok
TIC 106885642,161.4605,-40.9733,5.96,0,,,,,7,6.4,ok
TIC 381750385,182.8116,-64.4368,5.96,0,,,,,7,6.9,ok
TIC 105763717,156.6064,-39.362,5.96,0,,,,,6,5.5,ok
TIC 464881703,159.8566,-61.085,5.96,0,,,,,6,5.8,ok
TIC 93225610,174.8458,-51.4246,5.96,0,,,,,5,4.8,ok
TIC 90801126,216.3455,-55.0184,5.96,0,,,,,7,6.5,ok
TIC 400701200,220.0023,-65.3392,5.97,0,,,,,7,6.7,ok
TIC 403910039,188.4944,-49.9102,5.97,0,,,,,5,4.6,ok
TIC 163089822,172.5029,-44.6907,5.97,0,,,,,5,4.7,ok
TIC 95995254,146.0388,-6.1806,5.97,0,,,,,4,3.8,ok
TIC 193041823,156.1081,-25.5656,5.97,0,,,,,5,4.9,ok
TIC 333922671,182.4443,-51.7839,5.97,0,,,,,5,4.7,ok
TIC 375474411,152.4646,-45.1942,5.97,0,,,,,4,4.4,ok
TIC 343001016,205.4329,-68.0921,5.97,0,,,,,7,6.8,ok
TIC 467275307,168.0994,-60.3787,5.97,0,,,,,5,4.9,ok
TIC 35601530,148.6628,-43.3211,5.97,0,,,,,6,5.9,ok
TIC 295346435,223.2573,-60.8447,5.98,0,,,,,6,6.1,ok
TIC 178450465,164.8929,-43.5016,5.98,0,,,,,4,3.9,ok
TIC 273049537,170.7277,-50.7867,5.98,0,,,,,6,5.8,ok
TIC 327161947,210.4104,-61.8353,5.98,0,,,,,6,5.7,ok
TIC 405485269,143.7114,-12.1308,5.98,0,,,,,5,4.6,ok
TIC 38120064,137.0115,-27.3054,5.98,0,,,,,4,4.0,ok
TIC 258706265,222.2159,-66.844,5.98,0,,,,,8,7.6,ok
TIC 96090423,146.6065,-6.0263,5.98,0,,,,,3,3.2,ok
TIC 245254490,199.0535,-52.415,5.98,0,,,,,7,6.4,ok
TIC 297549461,180.6563,-69.1923,5.98,0,,,,,6,5.6,ok
TIC 257274381,219.4977,-67.1009,5.98,0,,,,,6,5.7,ok
TIC 388118001,217.2765,-60.6465,5.98,0,,,,,8,7.4,ok
TIC 393936589,197.1576,-72.8227,5.98,0,,,,,5,4.8,ok
TIC 256462026,200.0403,-54.3349,5.99,0,,,,,4,4.1,ok
TIC 38151942,137.181,-26.7675,5.99,0,,,,,5,4.8,ok
TIC 397268374,174.6987,-47.8513,5.99,0,,,,,6,5.6,ok
TIC 443525697,199.5827,-63.4492,5.99,0,,,,,6,6.0,ok
TIC 73726470,155.8216,-40.6955,5.99,0,,,,,6,9.0,ok
TIC 458856322,161.0432,-59.7197,5.99,0,,,,,7,6.7,ok
TIC 21106378,186.744,-52.703,5.99,0,,,,,5,4.7,ok
TIC 208607938,209.0188,-55.9532,5.99,0,,,,,6,5.8,ok
TIC 375629423,178.5478,-57.4102,5.99,0,,,,,6,5.9,ok
TIC 67208897,181.6551,-55.0709,5.99,0,,,,,6,5.5,ok
TIC 5506063,153.1565,-19.1537,5.99,0,,,,,6,5.7,ok
TIC 51513275,129.5844,-6.6623,5.99,0,,,,,5,4.7,ok
TIC 333290117,181.3337,-50.2706,6.0,0,,,,,5,4.8,ok
TIC 451832923,172.6065,-59.6273,6.0,0,,,,,6,5.7,ok
TIC 297060389,178.6862,-66.3767,6.0,0,,,,,6,5.9,ok
TIC 289620187,202.3636,-59.3157,6.0,0,,,,,7,6.3,ok
TIC 19566581,124.8125,-10.1655,6.01,0,,,,,5,4.9,ok
TIC 403198068,228.1412,-72.7707,6.01,0,,21.2,rejete,variabilite_continue;eclipse_secondaire,9,13.3,ok
TIC 455463415,229.1528,-60.904,6.01,1,5.8574,10.9,rejete,variabilite_continue;eclipse_secondaire,5,8.0,ok
TIC 291766513,218.1378,-56.8878,6.01,0,,,,,6,5.5,ok
TIC 1261860,131.455,-25.388,6.01,0,,,,,7,6.1,ok
TIC 77549823,142.2591,-1.2569,6.02,0,,,,,4,3.6,ok
TIC 23583692,169.4114,-34.7375,6.02,0,,,,,7,6.5,ok
TIC 80302288,165.0337,-51.8178,6.02,0,,,,,8,7.2,ok
TIC 181062415,173.4043,-40.5865,6.02,0,,,,,7,6.3,ok
TIC 458202449,159.5108,-57.2563,6.03,2,2.893;2.9046,15.7,rejete,variabilite_continue;eclipse_secondaire,7,12.8,ok
TIC 311380607,181.1613,-68.329,6.03,0,,,,,6,5.6,ok
TIC 290678431,173.9263,-61.2879,6.04,0,,,,,4,4.0,ok
TIC 73392538,154.6174,-41.6685,6.04,0,,,,,5,4.7,ok
TIC 314265097,202.2819,-64.6758,6.04,0,,,,,4,3.9,ok
TIC 408757239,213.4157,-54.6257,6.05,0,,,,,5,5.4,ok
TIC 450784713,187.0796,-64.3411,6.05,0,,,,,6,6.0,ok
TIC 329488484,212.3956,-51.5048,6.05,0,,,,,6,6.0,ok
TIC 322422655,175.9704,-62.8784,6.05,0,,,,,6,6.2,ok
TIC 5622007,143.2816,-39.1288,6.06,0,,,,,5,4.8,ok
TIC 258704817,222.1855,-66.5936,6.06,0,,,,,8,7.6,ok
TIC 25321576,143.7986,-35.8238,6.07,0,,,,,7,6.7,ok
TIC 120229621,162.9731,-49.1579,6.07,0,,,,,7,7.9,ok
TIC 308769611,184.2756,-65.693,6.07,0,,,,,8,7.8,ok
TIC 412300810,190.7878,-56.1763,6.08,0,,,,,7,6.7,ok
TIC 412298784,190.7069,-55.9471,6.08,0,,,,,7,7.7,ok
TIC 42616952,228.666,-59.8206,6.08,0,,,,,3,3.2,ok
TIC 5529673,155.5536,-19.8665,6.1,0,,,,,6,5.7,ok
TIC 52108537,155.2829,-17.9852,6.1,0,,,,,6,6.0,ok
TIC 402180616,220.472,-75.1396,6.11,0,,,,,9,8.6,ok
TIC 132306548,148.4586,-51.1467,6.11,0,,,,,8,7.6,ok
TIC 36808779,150.8355,-46.6363,6.11,0,,,,,6,5.7,ok
TIC 169168102,127.1214,-2.5173,6.11,0,,,,,5,4.7,ok
TIC 453635876,205.7337,-56.768,6.11,0,,,,,6,6.1,ok
TIC 22235339,149.1946,-26.5495,6.11,0,,,,,5,4.8,ok
TIC 147622676,163.7538,-42.2511,6.12,0,,,,,7,6.5,ok
TIC 50758245,126.8217,-6.41,6.12,0,,,,,4,3.8,ok
TIC 386458569,128.1387,-15.0299,6.12,0,,,,,5,4.6,ok
TIC 459329261,162.3516,-59.3238,6.12,0,,,,,7,6.9,ok
TIC 299953878,208.235,-62.7206,6.13,0,,,,,7,7.9,ok
TIC 22102358,182.8707,-44.2831,6.13,0,,,,,6,7.0,ok
TIC 379870355,181.4733,-65.5469,6.13,0,,,,,5,5.9,ok
TIC 192475503,137.9204,-39.2588,6.13,0,,32.0,rejete,variabilite_continue;eclipse_secondaire,5,7.2,ok
TIC 245035219,197.7431,-52.567,6.14,0,,,,,5,5.0,ok
TIC 392031929,174.3102,-69.6742,6.14,0,,,,,5,4.9,ok
TIC 432192080,154.1904,-20.6698,6.14,0,,,,,6,5.6,ok
TIC 336343562,195.772,-71.4758,6.14,0,,,,,7,6.8,ok
TIC 22234795,149.2248,-27.475,6.14,0,,,,,5,6.2,ok
TIC 47723906,159.0188,-26.676,6.15,0,,,,,5,6.4,ok
TIC 51443167,129.4574,-6.8066,6.15,0,,,,,5,5.2,ok
TIC 189621047,144.1393,-24.7024,6.15,0,,,,,5,6.9,ok
TIC 833842125,129.782,-22.6597,6.15,0,,,,,5,5.3,ok
TIC 190267332,221.2955,-55.6017,6.16,0,,,,,6,6.0,ok
TIC 259723764,223.6773,-65.9912,6.16,0,,,,,7,7.3,ok
TIC 326467176,210.0715,-61.4813,6.16,0,,,,,7,7.7,ok
TIC 286055189,138.0533,3.8669,6.16,0,,,,,6,6.1,ok
TIC 422703551,234.0723,-65.6137,6.17,0,,,,,9,9.0,ok
TIC 152025698,169.2994,-38.0143,6.17,0,,,,,5,6.4,ok
TIC 101395750,148.6324,-22.4875,6.17,0,,,,,7,9.1,ok
TIC 24972138,142.6922,-31.8894,6.18,0,,,,,4,4.5,ok
TIC 398765285,180.3708,-57.5039,6.19,0,,,,,7,7.3,ok
TIC 245338260,199.645,-51.2859,6.19,0,,18.4,rejete,variabilite_continue;eclipse_secondaire,6,10.1,ok
TIC 146238520,157.9858,-45.0697,6.19,0,,,,,5,5.3,ok
TIC 303519120,164.4507,-59.7322,6.21,0,,,,,8,8.6,ok
TIC 259909186,144.6693,-39.6144,6.21,0,,,,,6,6.8,ok
TIC 262457542,228.8088,-70.5208,6.21,0,,,,,10,11.4,ok
TIC 449650980,200.6492,-60.9722,6.22,0,,,,,7,7.7,ok
TIC 21895899,147.1772,-26.4142,6.22,0,,,,,6,6.4,ok
TIC 125802421,228.0397,-52.1069,6.22,0,,,,,5,5.3,ok
TIC 165909249,192.5807,-48.4595,6.23,0,,,,,5,5.8,ok
TIC 327774344,189.7181,-67.1931,6.23,0,,,,,6,6.2,ok
TIC 23222558,166.7841,-32.5874,6.23,0,,,,,5,5.2,ok
TIC 449083966,216.4148,-66.173,6.24,0,,,,,5,5.5,ok
TIC 176607817,132.4373,-21.0489,6.24,0,,,,,6,5.5,ok
TIC 402805529,224.9822,-75.0328,6.24,0,,,,,9,8.6,ok
TIC 189476500,143.0759,-28.6274,6.24,0,,,,,5,5.6,ok
TIC 38125059,137.1498,-25.8394,6.24,1,2.8292,11.1,rejete,variabilite_continue;eclipse_secondaire,5,8.2,ok
TIC 1740238,132.59,-28.6177,6.25,1,1.5761,12.2,rejete,variabilite_continue;eclipse_secondaire,6,10.1,ok
TIC 132916101,149.2955,-52.6387,6.25,0,,,,,5,5.3,ok
TIC 133043643,149.4274,-48.4141,6.25,1,5.1293,32.5,rejete,variabilite_continue;eclipse_secondaire,6,9.8,ok
TIC 310555052,185.1169,-65.8427,6.25,0,,,,,8,8.3,ok
TIC 332167674,179.5636,-47.9777,6.26,0,,,,,6,6.0,ok
TIC 382515892,183.5704,-64.4085,6.26,0,,,,,7,8.2,ok
TIC 453848870,225.259,-64.5765,6.26,0,,,,,7,9.5,ok
TIC 410211461,133.9826,-23.818,6.26,0,,,,,7,6.8,ok
TIC 391522539,161.5705,-60.6028,6.26,0,,,,,5,5.3,ok
TIC 308838551,152.1473,-15.6119,6.27,0,,,,,5,4.7,ok
TIC 210502402,212.2342,-59.2768,6.27,0,,,,,6,5.9,ok
TIC 11559798,149.7761,-23.9507,6.28,0,,,,,6,6.3,ok
TIC 334791971,184.3797,-48.926,6.28,0,,,,,5,4.9,ok
TIC 47144803,145.0835,-10.7692,6.29,0,,,,,5,4.7,ok
TIC 193032655,155.98,-29.6448,6.29,0,,,,,7,7.0,ok
TIC 454015615,175.3609,-41.0192,6.29,0,,,,,7,7.1,ok
TIC 331664814,212.6831,-62.479,6.29,0,,,,,7,6.8,ok
TIC 158381571,163.4832,-36.4568,6.29,0,,,,,6,5.9,ok
TIC 71228475,134.4937,-4.8596,6.29,0,,,,,5,4.8,ok
TIC 413205850,143.8906,-19.5836,6.29,0,,,,,4,3.9,ok
TIC 2961372,138.3576,-38.6166,6.3,0,,,,,3,3.1,ok
TIC 166563438,193.0221,-48.0943,6.3,0,,,,,5,4.9,ok
TIC 459537285,162.9841,-58.4154,6.3,0,,,,,2,2.2,ok
TIC 466585876,166.6002,-64.84,6.3,0,,,,,4,4.3,ok
TIC 52106348,155.369,-23.7107,6.3,0,,,,,7,6.8,ok
TIC 347441674,133.0848,-12.8095,6.3,0,,,,,5,4.6,ok
TIC 465946911,164.808,-61.3207,6.3,0,,,,,6,5.9,ok
TIC 80144740,164.7673,-53.539,6.3,0,,,,,5,5.4,ok
TIC 272482277,187.8197,-57.0815,6.31,0,,,,,4,4.3,ok
TIC 327925616,189.9821,-66.5112,6.31,0,,,,,6,5.6,ok
TIC 162802706,171.0918,-42.6691,6.32,0,,,,,6,5.6,ok
TIC 1038216,130.5407,-11.9661,6.32,0,,,,,5,4.6,ok
TIC 281285820,151.0115,-18.1014,6.32,0,,,,,5,5.2,ok
TIC 134730105,150.4194,-53.3641,6.33,0,,,,,5,5.2,ok
TIC 47124392,144.9474,-10.5702,6.33,0,,,,,4,3.7,ok
TIC 189271286,141.6869,-28.7877,6.33,0,,,,,5,4.7,ok
TIC 463469705,153.8192,-54.9742,6.34,0,,,,,8,7.9,ok
TIC 315340047,202.9895,-65.3219,6.34,0,,,,,4,4.3,ok
TIC 4422468,140.9362,-37.7567,6.34,0,,,,,6,5.4,ok
TIC 264147612,217.1811,-59.1976,6.34,0,,,,,5,5.0,ok
TIC 348901198,148.6447,-12.9532,6.34,0,,,,,6,5.6,ok
TIC 326538408,188.3698,-68.7581,6.35,0,,,,,7,7.3,ok
TIC 433084576,181.188,-59.2533,6.35,0,,,,,3,3.1,ok
TIC 1604036,131.3365,-2.6011,6.35,0,,,,,5,5.0,ok
TIC 260772408,189.1938,-50.3355,6.35,1,1.2629,34.4,rejete,variabilite_continue;eclipse_secondaire,6,9.0,ok
TIC 358676170,151.2755,-45.8963,6.37,0,,,,,1,1.5,ok
TIC 450643352,169.251,-54.7775,6.37,0,,,,,7,6.8,ok
TIC 446318155,206.56,-54.6836,6.37,0,,,,,7,7.3,ok
TIC 518763514,151.5467,-47.3701,6.39,0,,,,,3,3.3,ok
TIC 33221859,148.9374,-8.8365,6.39,0,,,,,1,1.5,ok
TIC 61004258,140.7117,-9.8389,6.39,0,,,,,4,4.1,ok
TIC 263789026,235.0473,-70.2283,6.39,0,,,,,7,7.1,ok
TIC 333011691,180.778,-48.195,6.4,0,,,,,3,3.2,ok
TIC 25784722,145.6721,-35.5017,6.4,0,,,,,6,5.8,ok
TIC 77549396,142.2895,-2.7509,6.4,0,,,,,4,4.1,ok
TIC 316422737,203.3988,-65.6329,6.4,0,,,,,5,5.0,ok
TIC 342721199,204.8402,-67.6721,6.41,0,,,,,7,7.1,ok
TIC 379648762,181.3442,-62.9757,6.41,0,,,,,5,5.2,ok
TIC 432825318,146.9329,-49.9433,6.42,0,,,,,1,1.4,ok
TIC 466220556,165.4571,-64.3039,6.42,0,,,,,2,2.4,ok
TIC 24733359,141.9098,-35.0076,6.43,0,,39.1,rejete,variabilite_continue;eclipse_secondaire;compagnon_trop_gros_2.5Rjup,6,9.0,ok
TIC 333670854,182.0199,-50.7637,6.43,0,,,,,6,6.1,ok
TIC 106760549,160.9013,-39.0583,6.44,0,,,,,6,6.1,ok
TIC 391050404,161.1509,-60.0913,6.44,0,,,,,6,6.2,ok
TIC 296969980,224.1831,-62.7811,6.45,0,,,,,7,6.9,ok
TIC 47089299,144.4642,-9.4244,6.45,0,,,,,5,4.8,ok
TIC 161162087,190.0913,-49.4015,6.45,0,,,,,7,6.5,ok
TIC 451764537,172.4789,-55.3188,6.46,0,,,,,2,2.3,ok
TIC 77855134,142.3268,-44.5389,6.47,2,2.3796;2.3564,17.0,rejete,variabilite_continue;eclipse_secondaire,7,12.5,ok
TIC 258095326,221.0572,-69.6748,6.47,0,,,,,8,8.4,ok
TIC 46799491,141.8109,-9.2238,6.47,0,,,,,4,4.4,ok
TIC 35055332,147.784,-43.5062,6.47,0,,,,,7,7.2,ok
TIC 12008201,146.4989,-35.8644,6.48,0,,,,,5,4.7,ok
TIC 19676627,139.9496,-34.1034,6.48,0,,,,,4,3.9,ok
TIC 450491293,186.4398,-64.0225,6.48,0,,,,,7,7.5,ok
TIC 44645100,146.0646,-39.5712,6.48,0,,,,,6,5.4,ok
TIC 208791781,209.0828,-54.1326,6.49,0,,,,,6,5.9,ok
TIC 78004131,142.3679,-44.5322,6.5,0,,,,,6,5.9,ok
TIC 253085110,194.2422,-54.5875,6.51,0,,,,,7,6.7,ok
TIC 162261928,169.1145,-45.8795,6.51,0,,,,,7,6.6,ok
TIC 13741670,133.8734,-7.9713,6.53,0,,,,,5,4.9,ok
TIC 333194329,181.0692,-51.4726,6.53,0,,,,,4,4.2,ok
TIC 263018409,230.1689,-67.4816,6.53,0,,,,,9,8.3,ok
TIC 152056666,169.293,-41.3903,6.54,0,,,,,3,3.2,ok
TIC 51444663,129.4887,-8.8818,6.54,0,,,,,5,4.9,ok
TIC 379012185,180.7435,-62.672,6.54,1,2.368,20.2,rejete,variabilite_continue;eclipse_secondaire,3,5.0,ok
TIC 241483053,206.0663,-51.0126,6.54,0,,,,,7,6.6,ok
TIC 432160276,137.5956,-23.1767,6.54,0,,,,,5,4.8,ok
TIC 60905906,139.8908,-11.3149,6.55,0,,,,,4,3.9,ok
TIC 241682179,208.1426,-50.922,6.56,0,,22.3,rejete,variabilite_continue;eclipse_secondaire,5,8.0,ok
TIC 304894154,165.6925,-59.741,6.56,0,,,,,3,3.1,ok
TIC 132823272,149.0911,-51.3362,6.56,0,,,,,7,6.5,ok
TIC 11972111,146.3416,-30.2027,6.56,0,,,,,5,4.6,ok
TIC 265444543,134.5339,1.5415,6.57,0,,,,,5,4.5,ok
TIC 396688762,214.9888,-73.9685,6.57,0,,,,,6,5.5,ok
TIC 453510803,205.4368,-54.5611,6.57,0,,,,,6,5.6,ok
TIC 382167682,183.1045,-60.0678,6.58,0,,17.1,rejete,variabilite_continue;eclipse_secondaire,3,5.0,ok
TIC 419575080,191.1453,-57.287,6.58,0,,,,,6,5.6,ok
TIC 403840715,188.3004,-52.0829,6.59,0,,,,,3,3.0,ok
TIC 450827144,187.0714,-61.7669,6.59,0,,,,,8,7.2,ok
TIC 121286109,128.6305,-0.7259,6.59,0,,,,,4,3.9,ok
TIC 82018471,168.4616,-52.8563,6.6,0,,,,,3,3.0,ok
TIC 71739520,166.5832,-44.3739,6.61,0,,,,,7,6.2,ok
TIC 169108295,126.8954,-5.1492,6.62,0,,,,,5,4.7,ok
TIC 359997243,186.2153,-72.604,6.62,0,,,,,7,6.9,ok
TIC 398476730,179.8484,-57.1681,6.62,0,,,,,6,5.5,ok
TIC 458856514,161.1346,-59.7419,6.62,0,,,,,6,5.9,ok
TIC 5622763,143.3185,-38.6371,6.63,0,,,,,7,6.1,ok
TIC 24437871,140.9145,-33.2004,6.64,0,,,,,3,3.1,ok
TIC 61941944,177.8044,-43.9331,6.64,0,,,,,6,5.7,ok
TIC 458076250,158.9249,-58.1929,6.64,0,,,,,1,1.4,ok
TIC 54779347,130.2565,-9.052,6.65,0,,,,,5,4.7,ok
TIC 439979970,196.2579,-64.4417,6.66,0,,,,,7,6.3,ok
TIC 910280576,170.8375,-64.9542,6.66,0,,,,,6,5.7,ok
TIC 394674936,201.8261,-74.6919,6.67,1,1.1729,51.5,rejete,variabilite_continue;eclipse_secondaire,6,9.2,ok
TIC 163946606,191.4248,-50.1805,6.68,0,,,,,4,4.0,ok
TIC 294560973,222.883,-60.93,6.68,0,,,,,7,6.4,ok
TIC 5508565,155.399,-22.5285,6.68,0,,,,,6,5.6,ok
TIC 178447653,164.8484,-43.132,6.69,0,,,,,3,3.1,ok
TIC 308985557,150.9233,-25.3167,6.69,0,,,,,5,4.8,ok
TIC 272581419,187.9678,-58.2906,6.69,0,,,,,6,5.6,ok
TIC 405576310,191.9129,-58.2977,6.71,0,,,,,7,6.4,ok
TIC 283994666,152.0879,-19.7576,6.71,0,,,,,6,5.5,ok
TIC 48974071,163.9746,-35.1146,6.71,0,,,,,6,6.1,ok
TIC 397362481,175.2536,-44.4034,6.72,0,,,,,5,4.9,ok
TIC 77551215,142.3271,-3.1654,6.72,0,,,,,2,2.1,ok
TIC 449076688,215.8836,-66.6452,6.72,0,,30.0,rejete,variabilite_continue;eclipse_secondaire;compagnon_trop_gros_3.9Rjup,6,9.0,ok
TIC 42619105,228.6833,-59.8096,6.73,0,,,,,3,3.1,ok
TIC 448890959,214.2628,-66.3177,6.73,0,,,,,8,7.3,ok
TIC 193028886,155.8745,-26.056,6.73,0,,,,,6,5.6,ok
TIC 37691927,135.7867,-25.5042,6.74,0,,,,,4,3.8,ok
TIC 37644584,135.452,-26.5614,6.74,0,,,,,4,3.8,ok
TIC 119648132,161.9807,-52.2461,6.75,0,,,,,4,3.9,ok
TIC 390670669,161.0006,-60.0861,6.75,0,,,,,6,6.2,ok
TIC 114824306,132.3143,-15.5651,6.75,0,,,,,6,5.4,ok
TIC 253951371,199.0276,-57.0616,6.75,0,,,,,3,3.2,ok
TIC 335127620,194.3584,-67.9608,6.75,0,,,,,3,3.1,ok
TIC 187988727,159.7905,-25.8518,6.75,0,,,,,3,3.1,ok
TIC 436284921,193.4067,-60.3571,6.76,0,,,,,3,3.0,ok
TIC 290932786,217.4929,-56.1314,6.76,0,,31.9,rejete,variabilite_continue;eclipse_secondaire,7,10.5,ok
TIC 448315601,209.8651,-66.7114,6.77,0,,,,,3,3.2,ok
TIC 62534844,132.651,-4.6993,6.79,0,,,,,2,2.2,ok
TIC 13741671,133.8735,-7.9702,6.79,0,,,,,5,4.6,ok
TIC 939943315,169.1135,-45.8794,6.79,0,,,,,3,3.2,ok
TIC 394291353,199.4973,-73.3449,6.8,0,,,,,5,4.8,ok
TIC 188042774,160.8335,-27.2984,6.8,0,,,,,2,2.3,ok
TIC 71704392,166.4402,-47.4423,6.81,0,,,,,6,5.6,ok
TIC 327322205,210.4741,-60.2578,6.81,0,,,,,4,3.8,ok
TIC 459133606,161.8294,-57.3254,6.81,0,,,,,1,1.4,ok
TIC 267519701,176.2094,-58.7042,6.82,0,,,,,4,3.8,ok
TIC 466675723,166.5241,-59.9499,6.83,0,,,,,8,7.4,ok
TIC 463507016,153.9861,-55.5195,6.83,0,,,,,6,5.8,ok
TIC 458608897,160.3582,-56.0687,6.84,0,,,,,4,4.0,ok
TIC 360259773,187.5727,-72.9853,6.84,0,,,,,6,5.5,ok
TIC 118492185,129.8697,-18.2679,6.84,0,,,,,3,3.0,ok
TIC 120770766,164.1696,-50.6081,6.84,0,,,,,5,4.8,ok
TIC 260650678,186.5042,-49.5881,6.85,0,,,,,3,3.1,ok
TIC 261586418,227.4016,-68.7217,6.85,0,,,,,4,3.8,ok
TIC 395592112,207.8621,-73.1438,6.85,0,,,,,5,4.7,ok
TIC 343706897,206.8917,-71.2313,6.86,1,0.9467,62.8,rejete,variabilite_continue;eclipse_secondaire,4,6.2,ok
TIC 22647848,185.2248,-47.4545,6.87,0,,,,,3,3.0,ok
TIC 308339884,180.1929,-63.849,6.88,0,,,,,6,5.7,ok
TIC 433276798,182.6748,-56.4424,6.88,0,,,,,7,6.6,ok
TIC 332020324,215.1774,-52.3262,6.89,0,,,,,4,3.7,ok
TIC 121284864,128.5125,-1.5689,6.9,0,,,,,3,3.1,ok
TIC 101496357,149.2445,-34.8255,6.9,0,,,,,5,4.8,ok
TIC 45512573,230.302,-54.292,6.9,0,,,,,6,5.7,ok
TIC 450711878,169.3101,-59.7697,6.9,0,,,,,7,6.6,ok
TIC 24972140,142.6908,-31.8913,6.91,0,,,,,2,2.4,ok
TIC 401435810,200.4877,-51.2824,6.91,0,,,,,5,4.8,ok
TIC 181158879,174.2415,-38.9596,6.91,0,,,,,5,4.7,ok
TIC 188043641,160.866,-29.0646,6.92,0,,,,,6,6.0,ok
TIC 449041310,215.5685,-69.0856,6.92,0,,,,,8,7.3,ok
TIC 268988118,177.3027,-57.6915,6.92,0,,,,,2,2.2,ok
TIC 457273461,203.6018,-59.5136,6.92,0,,,,,7,6.6,ok
TIC 241552893,206.7937,-52.2694,6.92,0,,,,,7,6.5,ok
TIC 259424304,223.5406,-66.4213,6.93,0,,,,,8,7.3,ok
TIC 381941359,183.0421,-63.4542,6.93,0,,,,,7,6.5,ok
TIC 48768845,162.2537,-31.0598,6.93,0,,,,,6,5.8,ok
TIC 162211294,168.8759,-42.6122,6.93,0,,,,,5,4.6,ok
TIC 348964243,149.2409,-15.8956,6.94,0,,,,,5,4.6,ok
TIC 61822201,177.3654,-46.0675,6.94,0,,,,,4,3.7,ok
TIC 438733202,201.507,-51.4795,6.95,0,,,,,4,3.9,ok
TIC 438702139,201.15,-51.5046,6.95,0,,,,,7,6.6,ok
TIC 152363888,170.9478,-36.0892,6.96,0,,,,,3,3.1,ok
TIC 286987985,187.0112,-68.7337,6.96,0,,,,,7,6.7,ok
TIC 57261309,171.2409,-35.921,6.97,0,,,,,2,2.3,ok
TIC 92173551,172.4463,-51.6624,6.97,0,,,,,5,4.9,ok
TIC 309027449,151.204,-28.1886,6.97,0,,,,,2,2.2,ok
TIC 92247404,172.7194,-50.9427,6.97,0,,,,,3,3.1,ok
TIC 263211317,230.6337,-66.2116,6.98,0,,,,,5,4.7,ok
TIC 308429510,167.728,-58.4552,6.98,0,,,,,5,4.9,ok
TIC 296782260,142.3613,-17.5053,6.98,0,,,,,3,2.9,ok
TIC 325794885,187.3795,-66.8605,6.98,0,,,,,3,2.9,ok
TIC 170889511,139.4809,-3.3877,6.99,0,,,,,3,2.8,ok
TIC 80384789,165.2084,-49.0203,6.99,0,,,,,8,7.2,ok
TIC 286098992,140.8151,3.5015,6.99,0,,,,,5,4.6,ok
TIC 454272930,226.2197,-63.3264,6.99,0,,,,,4,3.9,ok
TIC 261580100,227.202,-70.7108,7.0,0,,,,,8,7.5,ok
TIC 208390962,208.6592,-55.7384,7.0,0,,,,,7,6.6,ok
TIC 455667423,229.5275,-60.0942,7.01,0,,,,,4,3.8,ok
TIC 96105560,147.0528,-7.2458,7.01,0,,,,,2,2.0,ok
TIC 192582678,155.1909,-19.0495,7.02,0,,,,,6,5.4,ok
TIC 395599357,208.2751,-73.2689,7.02,0,,,,,3,3.1,ok
TIC 448126622,208.2459,-70.0473,7.03,0,,,,,3,3.1,ok
TIC 412245518,190.6631,-54.5384,7.04,0,,,,,3,3.1,ok
TIC 451513640,171.7428,-54.8516,7.04,0,,,,,1,1.3,ok
TIC 376651377,180.9484,-54.7152,7.04,0,,,,,7,6.9,ok
TIC 308646030,135.1369,-12.1409,7.05,0,,,,,3,2.8,ok
TIC 448840012,213.8084,-67.6585,7.05,0,,,,,6,5.6,ok
TIC 319936228,174.4517,-63.3232,7.05,1,9.6455,10.9,rejete,eclipse_secondaire,7,10.2,ok
TIC 167862528,193.2997,-53.2256,7.05,0,,,,,2,2.3,ok
TIC 178344145,164.2965,-44.8097,7.06,0,,28.5,rejete,variabilite_continue;eclipse_secondaire,5,7.7,ok
TIC 397881836,219.2623,-62.5086,7.07,0,,,,,4,3.9,ok
TIC 410794488,177.8365,-68.8607,7.07,0,,,,,7,6.6,ok
TIC 463905165,154.9195,-59.1461,7.08,0,,,,,4,4.2,ok
TIC 290468539,138.7147,4.2102,7.08,0,,,,,1,1.3,ok
TIC 381942100,182.999,-63.3809,7.08,0,,,,,6,5.7,ok
TIC 334475928,193.4148,-71.2736,7.09,0,,,,,3,2.9,ok
TIC 443528451,199.5285,-63.6871,7.1,0,,,,,2,2.0,ok
TIC 139621206,151.7166,-51.0777,7.1,0,,,,,1,1.3,ok
TIC 291675179,218.1288,-55.4638,7.11,0,,,,,5,5.0,ok
TIC 38269714,137.6379,-28.184,7.11,0,,,,,1,1.4,ok
TIC 406435729,198.0406,-57.3767,7.11,0,,,,,3,3.0,ok
TIC 60984804,140.5957,-6.0607,7.12,0,,,,,2,2.2,ok
TIC 404009448,188.5363,-50.0603,7.13,1,3.2497,31.3,rejete,variabilite_continue;eclipse_secondaire,6,9.0,ok
TIC 438719315,201.3373,-51.8897,7.13,0,,,,,4,4.1,ok
TIC 50719863,126.4761,-8.7849,7.13,0,,,,,2,2.2,ok
TIC 1604040,131.3352,-2.6012,7.14,0,,,,,5,4.8,ok
TIC 328024785,190.1321,-70.5467,7.15,0,,,,,3,3.1,ok
TIC 448806252,213.5241,-68.1908,7.15,0,,,,,6,5.5,ok
TIC 260406489,152.5412,-45.7897,7.16,0,,,,,1,1.4,ok
TIC 51867830,133.0677,-18.616,7.17,0,,,,,4,3.8,ok
TIC 438031710,194.8975,-64.3718,7.17,0,,,,,5,4.5,ok
TIC 101416882,148.9502,-20.7482,7.18,0,,,,,7,6.2,ok
TIC 422705845,234.0485,-65.1149,7.18,0,,,,,4,3.9,ok
TIC 136210262,150.7928,-52.046,7.18,0,,,,,3,3.2,ok
TIC 446802459,218.3085,-67.1879,7.19,0,,,,,4,3.9,ok
TIC 412940645,204.7251,-55.0245,7.2,0,,,,,3,2.8,ok
TIC 322419186,175.9969,-62.539,7.2,0,,13.5,rejete,variabilite_continue;eclipse_secondaire,5,7.7,ok
TIC 319935128,174.5948,-63.2008,7.2,0,,,,,5,5.1,ok
TIC 338464960,198.791,-67.8805,7.22,1,1.199,11.9,rejete,variabilite_continue;eclipse_secondaire,4,5.9,ok
TIC 401143496,186.0432,-57.9186,7.22,0,,,,,8,7.2,ok
TIC 433276686,182.774,-56.4014,7.23,0,,,,,7,6.3,ok
TIC 451678276,172.143,-58.142,7.23,0,,,,,3,3.3,ok
TIC 306492084,166.808,-59.8731,7.23,0,,,,,2,2.2,ok
TIC 207713031,207.1667,-59.4958,7.24,0,,,,,4,4.3,ok
TIC 261409832,227.126,-66.476,7.24,0,,,,,4,3.8,ok
TIC 466573354,166.2078,-64.6157,7.24,0,,,,,5,4.9,ok
TIC 258704431,222.1284,-66.5263,7.24,0,,,,,4,4.0,ok
TIC 270487298,135.4949,2.6712,7.24,0,,,,,2,2.0,ok
TIC 378802697,180.6013,-62.4134,7.25,0,,,,,5,4.8,ok
TIC 210506381,212.2782,-59.7235,7.25,0,,,,,5,4.9,ok
TIC 67696009,182.4111,-58.3497,7.26,0,,,,,8,7.3,ok
TIC 403779926,220.7691,-62.2075,7.27,0,,,,,7,6.5,ok
TIC 152484511,171.8721,-39.8766,7.27,0,,,,,6,5.5,ok
TIC 328990060,191.2507,-69.0299,7.27,0,,,,,4,3.9,ok
TIC 334928709,193.8887,-68.9977,7.27,0,,,,,3,3.2,ok
TIC 332351556,179.6618,-52.7688,7.28,0,,,,,6,5.9,ok
TIC 339301537,199.9305,-67.3644,7.28,0,,51.8,rejete,variabilite_continue;eclipse_secondaire,4,6.3,ok
TIC 311589488,185.9252,-63.8702,7.28,0,,,,,7,6.8,ok
TIC 181240911,175.0566,-39.1467,7.28,0,,,,,5,4.6,ok
TIC 34634769,147.1022,-44.0198,7.29,0,,,,,1,1.5,ok
TIC 311729566,181.4578,-69.5731,7.29,0,,,,,2,2.2,ok
TIC 21943373,181.8861,-45.5812,7.29,0,,,,,3,3.0,ok
TIC 72008370,167.432,-43.3328,7.3,0,,,,,5,4.4,ok
TIC 19684898,140.1845,-31.7602,7.3,0,,,,,4,4.0,ok
TIC 334400037,183.1487,-52.7776,7.31,0,,,,,7,6.6,ok
TIC 106498211,159.7002,-40.6723,7.32,0,,,,,4,4.0,ok
TIC 460279488,157.2052,-60.8947,7.32,0,,,,,1,1.4,ok
TIC 400701350,220.1617,-65.4182,7.32,0,,,,,8,7.5,ok
TIC 465384125,163.3128,-60.8148,7.34,0,,,,,1,1.4,ok
TIC 330123048,211.871,-61.5625,7.35,0,,,,,7,6.5,ok
TIC 458561474,160.3014,-59.9736,7.35,0,,32.2,rejete,eclipse_secondaire,4,6.6,ok
TIC 260837739,225.8046,-70.7871,7.35,0,,,,,5,4.7,ok
TIC 181084080,173.5667,-41.1548,7.36,0,,,,,3,3.0,ok
TIC 19451711,124.6026,-7.5712,7.36,0,,,,,5,4.9,ok
TIC 388857263,217.3693,-62.6739,7.36,0,,,,,8,7.4,ok
TIC 22221375,149.1229,-24.099,7.36,0,,19.3,rejete,variabilite_continue,6,9.0,ok
TIC 337703406,197.7818,-71.8143,7.37,0,,,,,3,3.1,ok
TIC 390472975,184.4711,-55.9756,7.37,0,,,,,7,6.5,ok
TIC 438695853,201.0356,-53.7932,7.38,0,,,,,7,6.5,ok
TIC 413185975,204.9402,-54.1483,7.38,0,,,,,4,3.9,ok
TIC 167925833,151.7101,-24.7158,7.38,0,,,,,6,6.0,ok
TIC 263640354,216.7499,-57.289,7.38,0,,,,,7,6.6,ok
TIC 432752288,146.6505,-50.5759,7.39,0,,,,,7,6.6,ok
TIC 262162166,228.5538,-70.5592,7.39,0,,,,,7,6.6,ok
TIC 193220694,157.7708,-24.18,7.39,0,,,,,2,2.3,ok
TIC 94469855,177.5182,-51.7007,7.39,0,,,,,4,3.9,ok
TIC 241528192,206.5319,-52.5141,7.39,0,,,,,4,4.0,ok
TIC 466353921,165.7902,-61.7687,7.39,0,,,,,7,6.5,ok
TIC 114744114,131.8968,-13.5266,7.39,0,,,,,2,2.0,ok
TIC 278045912,178.2385,-41.7807,7.39,0,,11.8,rejete,variabilite_continue;eclipse_secondaire,4,6.1,ok
TIC 325824592,209.9926,-65.5422,7.41,0,,,,,4,4.1,ok
TIC 121205219,128.1592,-3.179,7.41,0,,,,,2,2.1,ok
TIC 22759400,185.7086,-45.6591,7.42,0,,,,,5,4.9,ok
TIC 448848908,213.9789,-68.5404,7.43,0,,,,,4,4.0,ok
TIC 142741538,137.6329,-3.4268,7.43,0,,,,,3,2.9,ok
TIC 440617220,196.9084,-65.8778,7.44,0,,,,,3,3.1,ok
TIC 458859364,161.3008,-59.7501,7.44,0,,,,,8,7.4,ok
TIC 166242293,192.638,-52.2346,7.45,0,,,,,4,3.9,ok
TIC 404184843,195.2679,-53.1359,7.45,0,,,,,3,3.1,ok
TIC 438730645,201.3749,-52.3621,7.45,0,,,,,6,5.5,ok
TIC 425858451,234.7773,-72.2978,7.45,0,,,,,4,3.9,ok
TIC 258236059,182.3347,-42.8385,7.45,0,,,,,6,5.6,ok
TIC 458404648,160.132,-59.7788,7.45,0,,,,,4,4.3,ok
TIC 273279406,188.4923,-56.5708,7.45,0,,,,,7,6.6,ok
TIC 338546808,198.8255,-70.478,7.45,0,,,,,3,3.0,ok
TIC 264026296,216.9447,-59.6324,7.46,0,,,,,5,4.8,ok
TIC 393006319,218.4713,-60.8019,7.46,0,,,,,4,4.0,ok
TIC 305746628,178.8697,-62.1965,7.46,0,,,,,4,3.8,ok
TIC 320732668,174.9581,-63.4788,7.46,0,,,,,7,6.6,ok
TIC 400066956,165.4777,-66.0123,7.48,0,,52.5,rejete,variabilite_continue;eclipse_secondaire,5,7.8,ok
TIC 428625788,145.7108,-22.9653,7.48,0,,,,,3,3.0,ok
TIC 327018641,188.8831,-68.3509,7.49,0,,,,,3,3.0,ok
TIC 244933040,196.8603,-52.751,7.49,0,,,,,3,3.0,ok
TIC 391050772,161.046,-60.056,7.49,0,,,,,6,5.8,ok
TIC 162246786,168.8723,-44.3953,7.49,0,,,,,7,6.8,ok
TIC 189109594,140.7347,-27.1725,7.49,0,,,,,2,2.3,ok
TIC 421186672,175.478,-44.1034,7.49,0,,,,,7,6.6,ok
TIC 448376153,210.0718,-67.5058,7.5,0,,,,,4,3.7,ok
TIC 308337111,180.4055,-63.5634,7.5,0,,,,,8,7.9,ok
TIC 452035938,173.2728,-54.3246,7.5,0,,,,,6,5.7,ok
TIC 451140671,187.8021,-61.9088,7.5,0,,,,,8,7.4,ok
TIC 415350115,130.64,-22.3861,7.5,0,,,,,1,1.3,ok
TIC 15367231,185.0804,-51.2187,7.51,0,,,,,7,6.4,ok
TIC 451315014,171.1054,-58.1811,7.52,0,,,,,3,3.2,ok
TIC 253513495,197.1598,-54.6144,7.52,0,,,,,2,24.4,ok
TIC 455599747,229.6045,-65.6044,7.53,0,,,,,5,5.0,ok
TIC 397221078,219.1579,-60.9666,7.53,0,,,,,8,7.7,ok
TIC 189062660,140.3522,-24.8122,7.54,0,,,,,5,5.0,ok
TIC 412863597,231.4527,-59.9504,7.54,0,,,,,5,4.9,ok
TIC 408382363,145.5344,-23.7091,7.54,0,,,,,3,3.0,ok
TIC 163587609,174.4038,-46.7094,7.54,0,,,,,4,4.2,ok
TIC 391051514,161.1979,-59.9664,7.54,0,,,,,4,4.3,ok
TIC 4966166,141.8456,-36.8803,7.55,0,,,,,4,3.8,ok
TIC 67018062,181.5823,-59.1446,7.55,0,,,,,3,3.1,ok
TIC 343522290,206.3265,-66.7547,7.56,0,,112.3,rejete,variabilite_continue;eclipse_secondaire,5,7.6,ok
TIC 458859916,161.2647,-59.6844,7.56,0,,,,,7,7.0,ok
TIC 359308549,201.091,-53.9996,7.56,0,,,,,7,6.4,ok
TIC 272909259,188.3327,-54.9812,7.57,0,,,,,8,7.2,ok
TIC 308581657,134.9057,-17.1857,7.57,0,,,,,2,2.1,ok
TIC 342995661,205.6116,-69.247,7.57,0,,,,,5,4.8,ok
TIC 457801419,158.2951,-58.4986,7.57,0,,,,,3,3.2,ok
TIC 264383451,217.1744,-55.2217,7.57,0,,,,,4,3.8,ok
TIC 210636260,212.7614,-55.4478,7.58,0,,,,,6,5.5,ok
TIC 253127472,194.6331,-58.2563,7.58,0,,,,,3,3.1,ok
TIC 194440256,222.4691,-57.3466,7.6,0,,,,,6,5.7,ok
TIC 423320103,140.9511,-23.6589,7.6,0,,,,,4,3.7,ok
TIC 455046921,228.0819,-64.5408,7.61,0,,,,,4,4.0,ok
TIC 272020227,153.2305,-47.4743,7.61,0,,,,,5,4.9,ok
TIC 446971634,233.3912,-67.3391,7.61,0,,16.3,rejete,variabilite_continue;eclipse_secondaire,4,10.8,ok
TIC 165590096,192.4532,-51.3931,7.61,0,,,,,4,3.9,ok
TIC 430832819,219.5014,-54.5115,7.61,0,,,,,5,4.7,ok
TIC 68414973,202.5369,-58.4847,7.62,0,,,,,8,7.5,ok
TIC 181204508,174.6682,-39.2481,7.62,0,,,,,3,3.1,ok
TIC 326313983,209.8749,-60.5669,7.62,0,,,,,4,4.1,ok
TIC 5158536,142.391,-41.91,7.62,0,,,,,1,1.5,ok
TIC 396686006,214.8594,-75.1794,7.63,0,,,,,3,3.1,ok
TIC 146489087,158.9604,-47.0989,7.63,0,,,,,5,5.0,ok
TIC 434479378,156.1531,-19.0926,7.63,0,,,,,6,6.3,ok
TIC 290212747,205.2901,-59.2278,7.64,0,,,,,3,3.4,ok
TIC 219912046,154.5498,-50.8236,7.64,0,,74.9,rejete,eclipse_secondaire;compagnon_trop_gros_2.8Rjup,4,7.8,ok
TIC 253425832,196.6977,-59.4442,7.64,0,,,,,5,5.0,ok
TIC 438734016,201.4829,-51.1772,7.65,0,,,,,7,6.8,ok
TIC 178614509,165.5485,-42.4979,7.65,0,,,,,4,3.9,ok
TIC 465107704,162.6914,-64.4794,7.65,0,,,,,8,8.5,ok
TIC 448611635,211.9231,-66.1524,7.66,0,,,,,4,4.0,ok
TIC 192087959,137.0709,-37.1149,7.66,0,,,,,5,5.0,ok
TIC 450857090,187.1152,-60.389,7.66,0,,,,,4,4.3,ok
TIC 448169499,208.6383,-68.2377,7.66,0,,,,,7,6.7,ok
TIC 442974523,198.4458,-64.3134,7.66,0,,,,,4,4.1,ok
TIC 384931743,216.5305,-65.6066,7.66,0,,,,,6,6.4,ok
TIC 339752267,200.4723,-69.3605,7.67,0,,,,,3,3.3,ok
TIC 436491630,193.7602,-62.5589,7.67,0,,,,,3,3.1,ok
TIC 340850255,201.8501,-66.7471,7.68,0,,,,,4,4.0,ok
TIC 120776072,164.1225,-48.332,7.68,0,,,,,5,5.0,ok
TIC 253393942,196.648,-54.2927,7.68,0,,,,,4,3.9,ok
TIC 453603516,205.5717,-58.6197,7.69,0,,,,,4,4.4,ok
TIC 434449811,139.6047,-20.3715,7.69,0,,,,,4,3.9,ok
TIC 456456403,231.7294,-62.7659,7.69,0,,,,,4,3.9,ok
TIC 391643922,161.9119,-60.6178,7.69,0,,,,,5,5.4,ok
TIC 452107892,173.5001,-59.5607,7.7,0,,,,,2,2.3,ok
TIC 467480241,168.5984,-61.1595,7.7,0,,65.5,rejete,variabilite_continue;eclipse_secondaire,5,7.8,ok
TIC 436501188,193.7656,-63.6409,7.7,0,,,,,4,4.2,ok
TIC 314898880,202.7911,-60.7288,7.7,0,,,,,6,5.8,ok
TIC 309363276,184.7977,-61.1364,7.7,0,,,,,3,3.1,ok
TIC 263782440,231.3837,-66.0373,7.7,0,,,,,4,4.1,ok
TIC 433838033,190.8137,-61.6489,7.7,0,,107.3,rejete,variabilite_continue;eclipse_secondaire,7,10.7,ok
TIC 192943720,154.9495,-28.9624,7.71,0,,,,,7,6.6,ok
TIC 61599423,176.5766,-46.244,7.71,0,,,,,4,4.0,ok
TIC 94248553,177.058,-49.9942,7.71,0,,,,,3,3.3,ok
TIC 288225252,187.2504,-50.6481,7.71,0,,,,,3,3.3,ok
TIC 25671745,145.0083,-30.4996,7.71,0,,,,,2,2.4,ok
TIC 272406021,187.7123,-55.3413,7.71,0,,,,,8,7.4,ok
TIC 454109915,176.9987,-40.2917,7.72,0,,,,,5,4.9,ok
TIC 36871134,225.7385,-57.8839,7.72,0,,,,,4,4.1,ok
TIC 297891163,224.6867,-65.004,7.72,0,,,,,7,6.8,ok
TIC 467059272,167.5096,-60.0951,7.72,0,,,,,6,6.5,ok
TIC 37591208,226.1847,-56.4217,7.72,0,,,,,4,4.0,ok
TIC 395178756,204.8851,-72.5044,7.72,0,,,,,5,5.0,ok
TIC 391051806,161.1884,-59.9115,7.72,0,,,,,6,5.8,ok
TIC 80845742,166.1195,-53.1085,7.73,0,,,,,2,2.2,ok
TIC 390223487,183.5605,-53.9201,7.73,0,,,,,3,3.2,ok
TIC 93326464,175.1604,-49.5092,7.73,0,,,,,7,7.1,ok
TIC 338249682,198.3665,-68.499,7.73,0,,,,,5,4.8,ok
TIC 37927820,136.6282,-24.1578,7.73,0,,,,,3,3.1,ok
TIC 401615794,216.3316,-72.6209,7.74,0,,,,,5,5.0,ok
TIC 467773371,169.4918,-64.0426,7.74,0,,,,,7,6.7,ok
TIC 457178653,203.1765,-55.8277,7.74,0,,,,,5,5.5,ok
TIC 332654682,149.8091,-12.7537,7.74,0,,,,,3,3.0,ok
TIC 464152511,155.5766,-55.052,7.75,0,,13.1,rejete,variabilite_continue;eclipse_secondaire,8,12.7,ok
TIC 468062925,170.2385,-60.1615,7.75,0,,,,,4,4.1,ok
TIC 391798719,161.7878,-64.2646,7.75,0,,,,,6,5.9,ok
TIC 312512588,210.974,-53.7746,7.75,0,,,,,7,6.6,ok
TIC 327667195,189.6775,-68.7637,7.75,0,,,,,7,6.5,ok
TIC 328103294,190.0709,-71.6452,7.75,0,,,,,3,3.2,ok
TIC 262376300,228.7336,-66.1574,7.75,0,,,,,4,4.0,ok
TIC 93949866,176.4362,-52.6906,7.75,0,,,,,5,5.1,ok
TIC 317830085,204.0006,-61.3918,7.76,0,,,,,4,3.9,ok
TIC 253370606,196.3853,-58.5357,7.77,0,,,,,7,6.7,ok
TIC 295198502,222.9939,-60.3348,7.77,0,,,,,4,3.9,ok
TIC 376743314,180.9104,-57.5919,7.77,0,,,,,6,5.6,ok
TIC 467640226,168.8103,-60.1646,7.77,0,,,,,4,4.2,ok
TIC 448929283,214.847,-71.744,7.78,0,,,,,4,3.9,ok
TIC 244969190,197.2739,-49.495,7.78,0,,,,,4,4.0,ok
TIC 441546821,197.3169,-60.3085,7.79,0,,,,,6,5.6,ok
TIC 271701641,187.1399,-56.4577,7.79,0,,,,,3,3.1,ok
TIC 3513817,139.2564,-41.3195,7.79,0,,,,,1,1.6,ok
TIC 401278111,187.8944,-48.9855,7.79,0,,,,,3,3.3,ok
TIC 241372795,204.7451,-52.2073,7.79,0,,,,,4,3.9,ok
TIC 333197526,181.144,-50.0398,7.79,0,,,,,3,3.1,ok
TIC 263422831,216.7863,-59.7365,7.79,0,,,,,7,6.9,ok
TIC 11419876,145.8337,-29.8038,7.8,0,,,,,6,5.8,ok
TIC 22562087,184.8189,-47.8301,7.8,0,,,,,6,5.4,ok
TIC 451280762,170.9706,-59.3048,7.81,0,,,,,6,5.9,ok
TIC 410654298,177.0042,-66.1136,7.81,0,,,,,8,7.5,ok
TIC 414673653,223.3034,-59.7156,7.82,0,,,,,4,3.9,ok
TIC 273221537,185.6519,-49.3262,7.82,0,,,,,4,3.9,ok
TIC 334498906,183.3774,-48.7967,7.82,0,,,,,3,3.9,ok
TIC 209799924,211.1035,-58.2007,7.82,0,,,,,5,4.8,ok
TIC 45239182,147.711,-38.8422,7.83,0,,,,,4,3.7,ok
TIC 52013120,144.5715,-18.9826,7.83,0,,,,,1,1.5,ok
TIC 304142124,164.8541,-56.6239,7.84,0,,,,,6,6.9,ok
TIC 22316553,183.7345,-47.9486,7.84,0,,,,,5,5.0,ok
TIC 333926801,182.3787,-53.3349,7.84,0,,,,,2,2.4,ok
TIC 383346621,183.8267,-63.4252,7.84,0,,,,,8,7.8,ok
TIC 300899845,178.0077,-54.4091,7.84,0,,,,,3,3.1,ok
TIC 301226897,178.2828,-56.7273,7.85,0,,,,,7,7.0,ok
TIC 161162039,189.9422,-49.1989,7.85,0,,,,,7,7.6,ok
TIC 268660469,177.1215,-55.9668,7.85,0,,,,,4,4.0,ok
TIC 463953946,155.1542,-57.1697,7.86,0,,,,,4,4.3,ok
TIC 158545518,164.3729,-37.8424,7.86,0,,,,,4,5.2,ok
TIC 326182163,209.9188,-61.3813,7.86,0,,,,,4,3.9,ok
TIC 413004253,204.6036,-58.3118,7.86,0,,,,,4,3.9,ok
TIC 256246065,199.831,-59.4725,7.87,0,,,,,6,5.9,ok
TIC 260722501,225.9233,-66.1754,7.87,0,,,,,5,5.5,ok
TIC 413492144,214.9771,-57.1577,7.87,0,,,,,4,4.3,ok
TIC 331287870,212.4336,-60.582,7.87,0,,,,,4,4.2,ok
TIC 328764639,211.0868,-65.4161,7.87,0,,13.4,rejete,variabilite_continue;eclipse_secondaire,4,7.3,ok
TIC 317083971,203.8622,-61.9525,7.87,0,,,,,5,5.5,ok
TIC 320229746,174.84,-63.2809,7.88,0,,,,,5,5.4,ok
TIC 268472260,176.9176,-58.331,7.88,0,,,,,3,3.9,ok
TIC 37645424,135.4761,-27.2847,7.88,0,,,,,2,2.3,ok
TIC 138390103,151.4412,-52.4061,7.88,0,,,,,4,4.8,ok
TIC 5703872,143.36,-39.3652,7.88,1,5.431,12.1,rejete,variabilite_continue,5,8.2,ok
TIC 375895280,178.931,-54.1808,7.88,0,,,,,7,7.1,ok
TIC 293715876,222.3647,-60.6386,7.89,0,,,,,4,3.9,ok
TIC 458726973,160.7965,-59.7392,7.89,0,,,,,7,7.3,ok
TIC 316898097,203.8108,-60.1579,7.89,0,,,,,5,5.2,ok
TIC 361526668,193.8571,-73.9687,7.9,0,,,,,3,3.2,ok
TIC 162079382,190.4507,-52.8755,7.9,0,,42.6,rejete,variabilite_continue;eclipse_secondaire,3,5.0,ok
TIC 310146917,152.3255,-50.6396,7.91,0,,,,,2,2.4,ok
TIC 458859990,161.2746,-59.6683,7.91,0,,,,,6,6.3,ok
TIC 347446992,133.4369,-17.2186,7.91,0,,,,,3,3.1,ok
TIC 454872178,227.625,-62.1928,7.91,0,,,,,4,4.7,ok
TIC 61594255,176.3894,-47.2283,7.91,0,,,,,3,3.8,ok
TIC 273311468,185.646,-50.803,7.91,0,,,,,3,4.2,ok
TIC 166557662,192.7232,-48.7179,7.92,0,,,,,3,3.8,ok
TIC 440303294,196.3002,-60.4404,7.93,0,,,,,2,2.3,ok
TIC 361722178,195.2054,-72.4295,7.93,0,,,,,3,3.3,ok
TIC 241398115,204.9717,-53.4665,7.93,0,,,,,7,6.9,ok
TIC 60979860,140.3446,-6.6717,7.94,0,,,,,4,4.4,ok
TIC 77101194,141.2808,-42.2526,7.94,0,,,,,1,1.8,ok
TIC 51106918,127.9403,-8.854,7.94,0,,,,,3,3.1,ok
TIC 398216471,139.7024,-24.4577,7.94,0,,,,,4,4.1,ok
TIC 448944029,214.8835,-68.6359,7.94,0,,,,,9,9.0,ok
TIC 258102858,221.5228,-71.3631,7.94,0,,,,,4,4.1,ok
TIC 335006074,194.3658,-69.3444,7.95,0,,,,,3,3.1,ok
TIC 46601693,230.5439,-58.8574,7.95,0,,,,,5,4.8,ok
TIC 269051161,177.4617,-54.5104,7.95,0,,,,,3,3.1,ok
TIC 281869989,186.2478,-68.4351,7.96,0,,,,,3,3.1,ok
TIC 319376730,204.9169,-63.2786,7.96,0,,,,,5,5.1,ok
TIC 467281260,168.1591,-60.921,7.96,0,,,,,2,2.4,ok
TIC 449526185,200.5432,-61.3894,7.96,0,,,,,7,7.0,ok
TIC 430665759,219.434,-59.7647,7.96,0,,,,,6,6.3,ok
TIC 261389883,209.8249,-51.893,7.96,0,,,,,6,6.2,ok
TIC 448727889,213.0047,-70.1754,7.96,0,,,,,7,6.6,ok
TIC 142796749,138.6317,-5.4964,7.96,0,,,,,3,2.9,ok
TIC 446863637,232.0876,-68.5597,7.97,0,,,,,4,4.1,ok
TIC 119055252,135.7776,-20.5466,7.97,0,,,,,2,2.1,ok
TIC 253342878,196.2382,-57.056,7.97,0,,,,,3,3.1,ok
TIC 95867504,136.4278,-7.6056,7.97,0,,,,,3,3.0,ok
TIC 464972160,162.0975,-62.5638,7.97,0,,,,,4,4.0,ok
TIC 412480260,192.7727,-55.409,7.98,0,,,,,3,3.5,ok
TIC 290538541,173.8833,-60.2146,7.98,0,,,,,2,2.3,ok
TIC 438719190,201.3009,-51.8418,7.98,0,,,,,6,5.7,ok
TIC 90145093,204.4876,-56.6306,7.98,0,,,,,4,4.0,ok
TIC 426134265,238.1846,-73.3365,7.98,0,,,,,4,4.2,ok
TIC 318670307,173.325,-63.1045,7.98,0,,,,,7,7.2,ok
TIC 466886542,167.098,-61.2849,7.99,0,,,,,5,5.2,ok
TIC 1194496,136.1669,-13.2557,7.99,0,,,,,2,28.7,ok
TIC 437105956,194.0638,-61.755,7.99,0,,,,,3,3.7,ok
TIC 241755717,208.8284,-53.5287,7.99,0,,,,,7,7.7,ok
TIC 262561968,229.0643,-67.4849,8.0,0,,,,,6,5.7,ok
TIC 54111065,160.3295,-31.8399,8.0,0,,,,,6,6.2,ok
TIC 106905257,161.5207,-36.872,8.0,0,,,,,5,4.9,ok
TIC 390476282,184.3163,-55.0857,8.0,0,,,,,5,5.7,ok
TIC 262126225,199.6835,-58.267,8.0,0,,,,,5,5.4,ok
TIC 263212392,230.7022,-66.4175,8.0,0,,,,,8,7.5,ok
TIC 23434737,168.2278,-34.4071,8.0,1,12.7521,10.7,rejete,variabilite_continue,7,10.7,ok
TIC 189334583,141.9326,-24.1707,8.0,0,,,,,3,4.1,ok
TIC 118021476,128.5485,-20.7673,8.0,0,,,,,3,4.0,ok
TIC 42401016,228.6298,-56.0665,8.0,0,,,,,5,5.8,ok
TIC 266514825,175.221,-58.4443,8.0,0,,,,,4,4.5,ok
TIC 410301282,149.9343,-18.665,8.0,0,,,,,7,7.1,ok
TIC 309220009,168.1837,-56.9357,8.0,0,,,,,6,6.6,ok
TIC 283995507,152.2949,-18.1862,8.0,0,,,,,5,5.3,ok
TIC 434485151,156.5735,-20.9961,8.0,0,,,,,4,4.5,ok
TIC 4506340,141.0112,-38.1842,8.0,0,,,,,5,5.0,ok
TIC 458334796,159.8162,-53.8982,8.0,0,,,,,6,6.8,ok
TIC 259600910,223.6789,-68.9884,8.0,0,,,,,6,6.0,ok
TIC 327929817,189.9622,-67.0407,8.0,0,,,,,3,3.1,ok
TIC 51510104,129.6075,-10.8252,8.0,0,,,,,5,4.9,ok
TIC 13740649,133.8642,-9.9257,8.0,0,,,,,4,4.0,ok
TIC 61877025,177.7018,-44.9578,8.0,0,,,,,7,6.6,ok
TIC 332655536,149.8455,-13.7405,8.0,0,,,,,5,5.1,ok
TIC 467666275,169.1194,-60.5675,8.0,0,,19.8,rejete,variabilite_continue;eclipse_secondaire,7,10.7,ok
TIC 305200869,178.3804,-64.7884,8.01,0,,,,,6,5.9,ok
TIC 73495813,154.7529,-39.3532,8.01,0,,,,,6,5.8,ok
TIC 363075229,145.9315,-50.3802,8.01,1,1.6486,11.2,rejete,variabilite_continue;eclipse_secondaire,8,12.2,ok
TIC 132825652,149.1617,-51.8316,8.01,0,,,,,3,3.4,ok
TIC 169104876,126.7975,-2.1005,8.01,0,,,,,4,3.7,ok
TIC 220628997,155.6715,-51.6138,8.01,0,,,,,6,5.7,ok
TIC 196670097,130.2627,-24.3748,8.01,0,,,,,3,3.1,ok
TIC 296782131,142.3095,-17.258,8.01,0,,,,,4,4.1,ok
TIC 46772383,141.6804,-8.0673,8.01,0,,,,,3,3.2,ok
TIC 293812652,144.2815,-37.8261,8.01,0,,,,,5,5.0,ok
TIC 158547617,164.3639,-40.3808,8.01,0,,,,,5,5.2,ok
TIC 405089751,185.7005,-67.8142,8.01,0,,,,,8,8.0,ok
TIC 135323738,150.4602,-48.9747,8.01,0,,,,,4,4.2,ok
TIC 259990394,144.5849,-36.388,8.01,0,,,,,4,4.0,ok
TIC 147321342,162.7531,-45.6811,8.01,0,,,,,6,6.3,ok
TIC 170317926,194.6288,-50.6303,8.01,0,,,,,6,5.8,ok
TIC 105915234,157.4098,-39.0387,8.01,0,,,,,4,4.3,ok
TIC 178471519,123.9174,-4.9804,8.01,0,,,,,2,2.9,ok
TIC 101172103,153.1598,-16.2829,8.01,0,,,,,5,4.8,ok
TIC 72797911,152.4554,-36.5962,8.01,0,,,,,6,6.4,ok
TIC 176773084,142.5566,-19.5654,8.01,0,,,,,4,3.9,ok
TIC 448879677,214.1578,-67.8762,8.01,0,,,,,6,6.2,ok
TIC 261580883,227.3622,-70.4218,8.01,0,,,,,9,9.5,ok
TIC 400810093,178.2231,-48.2689,8.01,0,,,,,6,6.0,ok
TIC 46882077,142.7811,-8.5983,8.01,0,,,,,3,2.9,ok
TIC 396795464,147.6762,-12.3056,8.01,0,,,,,4,3.8,ok
TIC 429516602,207.4497,-70.5091,8.01,0,,,,,6,6.3,ok
TIC 191327202,221.6325,-56.1852,8.01,0,,,,,5,5.1,ok
TIC 189342985,142.1041,-26.2979,8.01,0,,,,,5,5.2,ok
TIC 294226366,132.7081,-22.1862,8.01,0,,,,,5,5.5,ok
TIC 361593944,194.2987,-73.6909,8.01,0,,,,,5,4.9,ok
TIC 11521786,146.3547,-25.7969,8.01,0,,,,,4,5.4,ok
TIC 45877289,149.5852,-39.8232,8.01,0,,,,,7,7.7,ok
TIC 17684976,135.6069,-34.2454,8.01,0,,,,,4,3.9,ok
TIC 169106588,126.7924,-4.5142,8.01,0,,,,,4,4.6,ok
TIC 62360489,127.6811,-2.125,8.01,0,,,,,3,3.7,ok
TIC 163143363,172.4442,-45.4907,8.01,0,,,,,7,7.6,ok
TIC 275468579,178.65,-46.0433,8.01,0,,,,,5,6.7,ok
TIC 386357384,216.9127,-61.1619,8.01,0,,,,,5,6.0,ok
TIC 391285357,217.9693,-62.9309,8.01,0,,,,,6,7.6,ok
TIC 114928493,132.626,-13.308,8.01,0,,,,,1,3.4,ok
TIC 152366330,171.1801,-39.0068,8.01,0,,,,,6,6.8,ok
TIC 289405816,131.0224,-17.3705,8.01,0,,,,,4,5.3,ok
TIC 82200755,168.79,-51.3387,8.01,0,,,,,2,2.3,ok
TIC 90268344,216.1324,-55.3677,8.01,0,,,,,6,7.1,ok
TIC 1039707,130.4855,-13.9191,8.01,0,,,,,5,4.9,ok
TIC 453544771,205.5135,-57.5296,8.01,0,,,,,5,5.6,ok
TIC 454041906,175.7578,-39.5449,8.01,0,,,,,6,6.4,ok
TIC 118913380,135.3499,-22.0759,8.01,0,,,,,4,5.4,ok
TIC 13390495,131.5764,-6.01,8.01,0,,,,,4,5.0,ok
TIC 189136670,140.944,-27.8748,8.01,0,,,,,4,4.5,ok
TIC 44843526,146.6166,-41.1272,8.01,0,,,,,7,7.0,ok
TIC 402092726,219.416,-75.5496,8.01,0,,36.9,rejete,variabilite_continue;eclipse_secondaire;compagnon_trop_gros_3.4Rjup,9,13.5,ok
TIC 321934356,175.707,-64.0839,8.02,0,,,,,6,6.4,ok
TIC 258817836,222.6268,-70.5353,8.02,0,,,,,8,9.4,ok
TIC 1601975,131.3154,-0.2989,8.02,0,,,,,3,3.4,ok
TIC 2886071,138.1768,-39.9713,8.02,0,,,,,3,3.2,ok
TIC 165904466,192.6335,-50.1627,8.02,0,,,,,5,5.8,ok
TIC 165904267,192.6322,-49.7181,8.02,0,,,,,3,3.1,ok
TIC 408139056,213.4231,-59.3639,8.02,0,,,,,6,6.5,ok
TIC 452148591,173.5852,-57.4749,8.02,0,,,,,4,4.1,ok
TIC 258603530,221.9893,-67.8388,8.02,0,,,,,4,4.3,ok
TIC 92906059,174.2445,-51.9705,8.02,0,,,,,5,4.8,ok
TIC 92571745,173.0956,-50.9324,8.02,0,,,,,5,5.6,ok
TIC 450733803,186.9379,-65.3674,8.02,0,,,,,6,6.8,ok
TIC 465044587,162.4832,-60.7575,8.02,0,,,,,2,2.4,ok
TIC 305210764,178.6727,-65.5273,8.02,0,,,,,6,5.7,ok
TIC 376276556,179.3941,-54.8148,8.02,0,,,,,5,5.6,ok
TIC 283994290,152.1419,-20.5708,8.02,0,,,,,5,4.8,ok
TIC 78008158,142.4793,-43.2214,8.02,0,,26.0,rejete,variabilite_continue;eclipse_secondaire,6,10.0,ok
TIC 245101181,198.1931,-53.9305,8.02,0,,,,,4,4.2,ok
TIC 120303110,163.1588,-49.982,8.02,0,,,,,6,6.4,ok
TIC 462662599,151.7941,-55.2409,8.02,0,,,,,6,7.0,ok
TIC 410162322,133.5709,-21.8106,8.02,0,,,,,6,5.8,ok
TIC 409821011,126.5622,-16.0619,8.02,0,,,,,4,4.2,ok
TIC 114826362,132.2969,-17.9919,8.02,0,,,,,5,6.4,ok
TIC 44655247,229.5118,-54.9895,8.02,0,,,,,5,5.6,ok
TIC 37530621,135.067,-25.1669,8.02,0,,,,,5,5.4,ok
TIC 37869076,136.2695,-24.1902,8.02,0,,,,,5,4.9,ok
TIC 25103282,143.0378,-30.6065,8.02,0,,,,,3,3.1,ok
TIC 333192137,181.1849,-52.3544,8.02,0,,,,,5,5.5,ok
TIC 186325202,219.877,-54.2313,8.02,0,,,,,4,4.1,ok
TIC 403515235,230.9333,-72.4769,8.02,0,,,,,8,7.8,ok
TIC 36619393,225.551,-53.9704,8.02,0,,,,,5,5.0,ok
TIC 400805829,178.2943,-50.8601,8.02,0,,,,,4,4.1,ok
TIC 96103977,147.1335,-11.5336,8.02,0,,,,,4,3.8,ok
TIC 96174244,147.5455,-10.2186,8.02,0,,,,,3,3.9,ok
TIC 105654234,156.1724,-36.3435,8.02,0,,,,,5,4.9,ok
TIC 176492730,132.0868,-23.1392,8.02,0,,,,,6,6.2,ok
TIC 397341795,175.1611,-44.886,8.02,0,,,,,6,5.7,ok
TIC 305617737,178.5378,-60.9347,8.02,0,,,,,5,5.0,ok
TIC 94457992,177.3436,-52.1094,8.02,0,,,,,4,4.0,ok
TIC 94014283,176.4228,-49.5652,8.02,0,,,,,6,5.7,ok
TIC 347545634,133.6856,-13.4035,8.02,0,,,,,5,5.1,ok
TIC 22233733,149.1962,-29.2664,8.02,0,,,,,5,5.2,ok
TIC 105916697,157.3924,-37.5001,8.02,0,,,,,4,4.6,ok
TIC 413117060,204.8385,-55.2616,8.02,0,,,,,6,6.1,ok
TIC 48162585,147.6512,-32.8634,8.02,0,,,,,6,8.4,ok
TIC 70624037,139.5365,-27.2846,8.02,0,,,,,5,5.2,ok
TIC 181063793,173.4457,-38.8985,8.02,0,,,,,7,6.6,ok
TIC 101910252,153.454,-43.1901,8.02,0,,,,,4,4.2,ok
TIC 423336545,141.1354,-22.7247,8.02,0,,,,,4,4.5,ok
TIC 423248552,140.407,-21.4346,8.02,0,,,,,4,4.4,ok
TIC 162304910,169.2912,-43.8187,8.02,0,,,,,6,5.6,ok
TIC 49044857,164.416,-31.9162,8.02,0,,,,,5,4.9,ok
TIC 466845856,166.918,-60.6633,8.03,0,,,,,6,6.0,ok
TIC 462877348,152.4557,-56.748,8.03,0,,,,,8,7.8,ok
TIC 412071421,190.0284,-58.4698,8.03,0,,,,,6,6.1,ok
TIC 19341385,124.0858,-7.1898,8.03,0,,,,,4,4.1,ok
TIC 429233688,184.142,-49.1636,8.03,0,,,,,5,5.0,ok
TIC 263951758,231.8603,-70.4708,8.03,0,,,,,7,7.0,ok
TIC 423331352,141.0877,-20.133,8.03,0,,,,,3,3.0,ok
TIC 101912198,153.3823,-42.5278,8.03,0,,,,,1,2.2,ok
TIC 448305639,209.3145,-66.2757,8.03,0,,,,,5,5.9,ok
TIC 415393725,130.7666,-23.6379,8.03,0,,,,,5,4.7,ok
TIC 457479295,157.4936,-59.5102,8.03,0,,,,,6,6.8,ok
TIC 142754699,138.0659,-0.4356,8.03,0,,,,,2,3.1,ok
TIC 186827894,220.1434,-58.6226,8.03,0,,,,,5,6.4,ok
TIC 270001838,138.5511,0.3137,8.03,0,,,,,3,4.5,ok
TIC 19016131,138.5118,-30.5733,8.03,0,,,,,3,3.5,ok
TIC 189402469,142.6653,-28.603,8.03,0,,,,,5,5.0,ok
TIC 5229041,142.5622,-37.0882,8.03,0,,,,,7,8.6,ok
TIC 260217792,144.0364,-43.9169,8.03,0,,,,,5,5.0,ok
TIC 189623411,144.1266,-28.09,8.03,0,,,,,2,2.4,ok
TIC 193091290,156.57,-29.8633,8.03,0,,,,,6,5.8,ok
TIC 46882571,142.8741,-9.9869,8.03,0,,13.8,rejete,variabilite_continue;eclipse_secondaire;compagnon_trop_gros_2.5Rjup,3,4.6,ok
TIC 443410592,199.3522,-61.0709,8.03,2,2.1156;12.6708,38.5,rejete,variabilite_continue;eclipse_secondaire,5,9.9,ok
TIC 229865592,138.5394,-21.7786,8.03,0,,,,,4,4.0,ok
TIC 210371752,212.0903,-56.4647,8.03,1,1.5645,19.2,rejete,variabilite_continue;eclipse_secondaire;compagnon_trop_gros_17.9Rjup,5,7.9,ok
TIC 272309839,187.6923,-58.1881,8.03,0,,,,,6,6.4,ok
TIC 390756229,160.8777,-63.4841,8.03,0,,,,,2,2.3,ok
TIC 451060670,187.6516,-61.3993,8.03,0,,,,,8,7.6,ok
TIC 208387943,208.4685,-55.1928,8.03,0,,,,,6,6.1,ok
TIC 73442184,154.7895,-37.0165,8.03,0,,,,,6,6.0,ok
TIC 34068865,146.1195,-45.7807,8.03,0,,,,,7,31.6,ok
TIC 19946620,126.2105,-6.3295,8.03,0,,,,,4,4.2,ok
TIC 168939636,125.934,-2.9134,8.03,0,,,,,3,7.7,ok
TIC 80217578,165.0178,-49.7816,8.03,0,,,,,7,7.5,ok
TIC 81314064,167.242,-48.4028,8.03,0,,,,,3,3.5,ok
TIC 82940156,170.2215,-52.2254,8.03,0,,,,,6,7.3,ok
TIC 454101656,176.6667,-39.8457,8.03,0,,,,,5,5.0,ok
TIC 332404833,212.6969,-60.3193,8.03,0,,,,,4,4.5,ok
TIC 410164289,133.6317,-23.8497,8.03,0,,,,,6,7.0,ok
TIC 53958105,159.3623,-29.9849,8.04,0,,,,,6,7.8,ok
TIC 191327724,221.5749,-57.5984,8.04,0,,,,,6,6.2,ok
TIC 330722436,212.0157,-64.5397,8.04,0,,,,,5,5.3,ok
TIC 102061909,153.8943,-46.944,8.04,0,,,,,4,4.6,ok
TIC 347516216,133.6668,-16.1103,8.04,0,,,,,4,4.1,ok
TIC 327436923,189.4083,-67.8648,8.04,0,,,,,5,5.3,ok
TIC 420200378,192.3752,-59.5509,8.04,0,,,,,7,7.3,ok
TIC 3359004,139.1122,-37.5841,8.04,0,,,,,3,3.1,ok
TIC 18887757,138.1575,-31.5292,8.04,0,,,,,4,4.6,ok
TIC 51254335,128.5159,-7.0795,8.04,0,,,,,4,4.2,ok
TIC 72842554,152.4941,-39.068,8.04,0,,,,,6,6.5,ok
TIC 13627158,133.114,-9.9053,8.04,0,,,,,4,4.3,ok
TIC 415572385,147.3346,-23.3828,8.04,0,,,,,4,4.1,ok
TIC 192542930,154.5975,-22.7564,8.04,0,,,,,7,6.5,ok
TIC 413207041,222.722,-56.8834,8.04,0,,,,,6,5.9,ok
TIC 339178334,190.1676,-63.4084,8.04,0,,,,,6,5.9,ok
TIC 101496135,149.3084,-35.0846,8.04,0,,,,,7,7.0,ok
TIC 336278778,195.7747,-68.7951,8.04,0,,,,,7,8.1,ok
TIC 448333264,209.7876,-69.5771,8.04,0,,,,,7,7.3,ok
TIC 401511045,215.4307,-73.314,8.04,0,,,,,4,4.5,ok
TIC 323148296,176.4195,-60.1217,8.04,0,,,,,5,5.6,ok
TIC 176658718,141.691,-20.6479,8.04,0,,,,,4,3.8,ok
TIC 457744438,158.2104,-57.5095,8.04,0,,,,,6,5.9,ok
TIC 152172820,170.0367,-38.2537,8.04,0,,,,,4,3.9,ok
TIC 119008348,135.4852,-20.0425,8.04,0,,,,,5,4.5,ok
TIC 2088340,133.5008,-27.7297,8.04,0,,,,,4,4.1,ok
TIC 396813735,148.0896,-14.5869,8.04,0,,,,,5,4.5,ok
TIC 405423422,143.042,-16.8801,8.04,0,,,,,4,3.8,ok
TIC 334511196,140.6517,-15.5477,8.04,0,,,,,4,4.0,ok
TIC 310556491,185.2874,-65.8359,8.04,0,,,,,8,7.8,ok
TIC 455404454,229.0267,-65.7281,8.04,0,,,,,5,4.7,ok
TIC 271108398,186.4136,-57.3343,8.04,0,,,,,2,2.3,ok
TIC 147539780,163.5489,-43.6806,8.04,0,,,,,4,3.8,ok
TIC 308690833,135.2006,-12.8166,8.04,0,,,,,5,4.5,ok
TIC 386517907,144.2886,-13.6727,8.04,0,,,,,5,4.7,ok
TIC 306743678,166.7557,-55.0587,8.04,0,,,,,6,5.7,ok
TIC 54869684,130.7141,-9.4273,8.04,0,,,,,4,3.8,ok
TIC 18786687,137.8841,-34.0992,8.04,0,,,,,4,3.9,ok
TIC 1573395,132.157,-25.6543,8.04,0,,,,,6,5.7,ok
TIC 452158749,173.5959,-55.4588,8.04,0,,,,,4,4.1,ok
TIC 77597269,141.8299,-42.6934,8.04,0,,,,,5,5.2,ok
TIC 390067546,182.5701,-59.7842,8.04,0,,,,,6,5.8,ok
TIC 816939,134.7755,-0.6239,8.04,0,,,,,5,5.1,ok
TIC 454040583,175.7559,-41.3281,8.04,0,,,,,7,6.7,ok
TIC 438648278,195.4526,-64.7957,8.04,0,,,,,5,5.0,ok
TIC 410281514,214.0089,-56.3147,8.04,0,,,,,6,5.7,ok
TIC 253068000,194.3163,-58.3371,8.04,0,,,,,7,6.6,ok
TIC 320725097,174.8711,-62.6381,8.04,0,,,,,5,5.1,ok
TIC 451072731,170.3153,-55.359,8.05,0,,,,,5,5.6,ok
TIC 389095207,177.9368,-51.4864,8.05,0,,,,,4,3.9,ok
TIC 380502855,139.9987,-18.0853,8.05,0,,,,,4,3.8,ok
TIC 253141415,194.6871,-55.1873,8.05,0,,,,,6,5.6,ok
TIC 316373804,171.7642,-62.9424,8.05,0,,,,,5,5.2,ok
TIC 462357558,151.0048,-55.9082,8.05,0,,,,,8,7.7,ok
TIC 2132354,133.7137,-25.5559,8.05,0,,,,,7,6.5,ok
TIC 253073036,194.3886,-57.4492,8.05,0,,,,,3,3.1,ok
TIC 91534584,170.9771,-50.2277,8.05,0,,,,,6,5.7,ok
TIC 409901306,144.8757,-15.9617,8.05,0,,,,,5,4.6,ok
TIC 413201246,143.6974,-20.2055,8.05,0,,,,,3,3.3,ok
TIC 458370594,159.8435,-57.3204,8.05,0,,,,,6,5.6,ok
TIC 270469963,135.4287,2.0316,8.05,0,,,,,4,4.0,ok
TIC 468100709,170.0376,-62.4221,8.05,0,,,,,3,3.2,ok
TIC 176444406,131.7885,-20.3251,8.05,0,,,,,?,964.0,timeout
TIC 47091310,144.5764,-8.0739,8.05,0,,,,,4,4.7,ok
TIC 277534954,140.2673,-2.8037,8.05,0,,,,,3,3.7,ok
TIC 410298536,149.8787,-23.1221,8.05,0,,,,,3,4.2,ok
TIC 460873156,159.0425,-60.1813,8.05,0,,,,,4,5.3,ok
TIC 13741812,133.8106,-7.67,8.05,0,,,,,4,4.4,ok
TIC 446216446,147.7145,-51.5029,8.05,0,,,,,6,7.9,ok
TIC 5530177,155.5395,-21.2761,8.05,0,,,,,6,6.4,ok
TIC 51579142,129.6973,-11.6265,8.05,0,,,,,4,4.7,ok
TIC 21112838,186.7313,-49.2839,8.05,0,,,,,4,5.0,ok
TIC 308775315,151.6638,-12.4715,8.05,0,,,,,5,4.7,ok
TIC 432106951,137.0154,-19.7585,8.05,0,,,,,4,4.1,ok
TIC 23188170,166.6079,-33.7476,8.05,0,,,,,6,6.5,ok
TIC 262745150,138.9244,2.1895,8.05,0,,,,,3,3.3,ok
TIC 296336450,172.8949,-67.7319,8.05,0,,,,,7,7.1,ok
TIC 101324902,148.5733,-35.7916,8.05,0,,,,,6,5.7,ok
TIC 262990535,216.0143,-56.8303,8.05,0,,,,,6,6.9,ok
TIC 468107825,170.1822,-63.2702,8.05,0,,,,,2,3.4,ok
TIC 192484767,138.0034,-36.6196,8.05,0,,,,,4,4.3,ok
TIC 49174290,165.3199,-33.5384,8.05,0,,,,,5,5.4,ok
TIC 70444448,138.8603,-26.2314,8.05,0,,,,,4,5.0,ok
TIC 432083201,136.6812,-21.9616,8.05,0,,,,,4,4.8,ok
TIC 429234939,184.0488,-49.9074,8.05,0,,,,,4,4.1,ok
TIC 25837463,145.6892,-33.2485,8.05,0,,,,,3,3.3,ok
TIC 411679817,189.4389,-55.2116,8.05,0,,,,,6,5.9,ok
TIC 414208970,215.8728,-56.5334,8.05,0,,,,,5,5.1,ok
TIC 71719908,156.7327,-34.0284,8.05,0,,,,,6,6.2,ok
TIC 329204700,212.033,-51.3915,8.05,0,,,,,5,5.3,ok
TIC 208342243,208.3601,-57.2283,8.05,0,,,,,5,5.3,ok
TIC 35905736,149.2885,-46.4592,8.05,0,,,,,6,6.9,ok
TIC 332531383,180.0351,-48.7714,8.05,0,,,,,4,4.4,ok
TIC 361992659,196.524,-72.1626,8.05,0,,,,,6,6.4,ok
TIC 70675805,151.484,-31.1998,8.05,0,,,,,6,5.8,ok
TIC 405295816,128.3765,-15.2036,8.05,0,,,,,5,5.3,ok
TIC 118155110,128.868,-18.8753,8.06,0,,,,,4,5.4,ok
TIC 410246332,134.0008,-19.8067,8.06,0,,,,,5,5.0,ok
TIC 443410211,199.1478,-61.1065,8.06,0,,,,,6,7.0,ok
TIC 255776753,186.1413,-49.9143,8.06,0,,,,,4,4.4,ok
TIC 5909560,143.9419,-39.4205,8.06,0,,,,,5,5.2,ok
TIC 446456389,156.0276,-49.209,8.06,0,,,,,4,4.2,ok
TIC 315092909,145.1172,-26.8109,8.06,0,,,,,5,5.5,ok
TIC 449666278,200.8917,-60.3771,8.06,0,,,,,5,5.1,ok
TIC 358947394,199.3432,-55.8473,8.06,0,,,,,6,6.6,ok
TIC 106607115,160.2039,-37.8333,8.06,0,,,,,4,5.1,ok
TIC 396792779,147.4327,-17.032,8.06,0,,,,,5,5.5,ok
TIC 447897644,158.0281,-49.4504,8.06,0,,,,,6,6.1,ok
TIC 404327246,220.7943,-65.7191,8.06,0,,,,,7,7.2,ok
TIC 307080375,166.2634,-46.6939,8.06,0,,,,,6,6.1,ok
TIC 288218261,187.2794,-53.6241,8.06,0,,,,,5,5.3,ok
TIC 457560493,157.7148,-54.0132,8.06,0,,,,,8,9.3,ok
TIC 181201448,174.516,-41.053,8.06,0,,,,,7,7.3,ok
TIC 94554742,177.5297,-49.5433,8.06,0,,,,,6,7.1,ok
TIC 467238286,168.0187,-61.0953,8.06,0,,,,,7,7.4,ok
TIC 447284092,157.1342,-51.0719,8.06,0,,,,,7,8.0,ok
TIC 168077518,152.8367,-25.1811,8.06,0,,,,,6,7.0,ok
TIC 273274163,188.5701,-57.6644,8.06,0,,,,,5,5.1,ok
TIC 394508150,200.8472,-72.2465,8.06,0,,,,,4,4.2,ok
TIC 395850915,209.5775,-73.6388,8.06,0,,,,,8,8.0,ok
TIC 82580956,169.6293,-53.714,8.06,0,,,,,7,6.8,ok
TIC 241308672,204.0336,-52.7137,8.06,0,,,,,8,10.2,ok
TIC 425796306,234.1636,-71.9818,8.06,0,,,,,8,7.6,ok
TIC 411539955,185.4442,-59.7665,8.06,0,,,,,6,5.7,ok
TIC 19354295,139.1817,-29.9517,8.06,0,,,,,1,2.0,ok
TIC 458270327,159.5453,-58.2888,8.06,0,,,,,1,1.6,ok
TIC 178549165,124.3048,-3.2175,8.06,0,,,,,4,4.4,ok
TIC 25899030,145.7946,-34.802,8.07,0,,,,,5,5.0,ok
TIC 13742749,133.9062,-6.0848,8.07,0,,,,,4,4.1,ok
TIC 457264385,158.7734,-48.8931,8.07,0,,,,,5,4.9,ok
TIC 50719221,126.575,-7.9905,8.07,0,,,,,4,4.2,ok
TIC 284037005,152.1992,-21.7556,8.07,0,,,,,6,5.7,ok
TIC 162432383,169.4911,-46.0984,8.07,0,,81.0,rejete,variabilite_continue;eclipse_secondaire,8,12.2,ok
TIC 35129589,147.873,-47.2964,8.07,0,,,,,6,6.7,ok
TIC 419500655,191.15,-54.5517,8.07,0,,,,,6,6.5,ok
TIC 464981299,162.1946,-61.5692,8.07,0,,,,,4,6.0,ok
TIC 178346262,164.3817,-46.4357,8.07,0,,,,,5,5.6,ok
TIC 284070255,152.5295,-23.6506,8.07,0,,,,,5,5.1,ok
TIC 300499348,173.3097,-52.7169,8.07,0,,,,,5,6.0,ok
TIC 310889486,185.2877,-61.7043,8.07,0,,,,,7,7.7,ok
TIC 334630157,141.2457,-13.2893,8.07,0,,,,,4,23.8,ok
TIC 449461507,200.1018,-63.2219,8.07,0,,,,,5,5.8,ok
TIC 404387237,195.988,-49.9723,8.07,0,,,,,5,6.2,ok
TIC 57183663,170.7036,-35.8696,8.07,0,,,,,5,5.4,ok
TIC 469347830,141.5102,4.2663,8.07,0,,,,,7,7.2,ok
TIC 131161215,229.4405,-53.6716,8.07,0,,,,,5,4.8,ok
TIC 181014443,172.9217,-40.1808,8.07,0,,,,,7,6.8,ok
TIC 458852827,161.0816,-59.283,8.07,0,,,,,7,6.8,ok
TIC 399022475,198.3573,-52.4074,8.07,0,,,,,4,3.9,ok
TIC 192978702,155.2178,-26.8696,8.07,0,,,,,4,3.9,ok
TIC 413274373,144.279,-21.4002,8.07,0,,,,,5,4.9,ok
TIC 169995754,194.4904,-52.6153,8.07,0,,,,,5,4.8,ok
TIC 17758265,135.7832,-32.6495,8.07,0,,,,,4,4.0,ok
TIC 310138892,152.3389,-48.3638,8.07,0,,,,,4,4.3,ok
TIC 241500787,206.1302,-51.5409,8.07,0,,,,,7,6.9,ok
TIC 90154673,204.492,-58.2082,8.07,0,,,,,4,4.0,ok
TIC 446143295,147.6292,-47.9704,8.07,0,,,,,6,5.8,ok
TIC 272064251,187.5184,-55.2101,8.07,0,,,,,2,2.3,ok
TIC 334444879,213.7912,-61.1118,8.07,0,,,,,7,7.0,ok
TIC 299964370,208.1198,-61.8273,8.07,0,,,,,6,5.9,ok
TIC 410931340,178.1733,-68.4913,8.07,0,,,,,6,6.4,ok
TIC 383416345,184.0079,-65.1926,8.07,0,,,,,6,6.0,ok
TIC 229847062,137.9738,-19.9595,8.07,0,,,,,4,3.9,ok
TIC 1503583,131.9091,-24.3938,8.07,0,,,,,8,7.5,ok
TIC 319234321,204.8682,-62.1777,8.07,0,,,,,5,5.0,ok
TIC 82629956,169.8101,-48.8791,8.07,0,,,,,8,7.5,ok
TIC 394804861,202.7441,-72.7006,8.07,0,,,,,6,5.8,ok
TIC 18654515,137.6574,-35.3582,8.07,0,,,,,5,4.8,ok
TIC 361723333,195.2146,-72.7742,8.07,0,,,,,6,13.7,ok
TIC 310251314,152.4248,-52.8759,8.07,0,,,,,5,4.9,ok
TIC 259652265,153.2819,-51.5457,8.07,0,,,,,5,5.1,ok
TIC 383077935,183.6184,-61.6806,8.08,0,,,,,3,3.2,ok
TIC 337508497,197.5532,-66.8453,8.08,0,,,,,4,4.0,ok
TIC 348964236,149.2969,-15.8838,8.08,0,,,,,3,3.0,ok
TIC 432168980,153.5585,-17.9008,8.08,0,,,,,6,5.5,ok
TIC 414620727,224.5114,-54.7981,8.08,0,,,,,5,5.1,ok
TIC 11930663,146.1073,-31.3975,8.08,0,,,,,5,4.8,ok
TIC 96105534,147.1402,-7.3185,8.08,0,,,,,3,2.9,ok
TIC 96034298,146.3011,-7.9437,8.08,0,,,,,4,3.7,ok
TIC 96030850,146.2229,-6.7036,8.08,0,,,,,5,4.5,ok
TIC 71403283,154.8718,-31.8892,8.08,0,,,,,7,6.5,ok
TIC 434429720,139.4051,-19.5551,8.08,0,,,,,5,4.7,ok
TIC 288464677,200.6218,-55.8259,8.08,0,,,,,3,3.2,ok
TIC 300359610,208.3903,-61.8385,8.08,0,,,,,3,3.1,ok
TIC 188036547,160.649,-26.3347,8.08,0,,,,,6,5.6,ok
TIC 15530655,185.4387,-52.4343,8.08,0,,,,,4,3.9,ok
TIC 348681806,133.8815,-14.6266,8.08,0,,,,,?,963.2,timeout
TIC 404418843,196.0728,-53.395,8.08,0,,,,,7,7.1,ok
TIC 42748763,228.8048,-58.5749,8.08,0,,,,,8,7.5,ok
TIC 334078749,192.6332,-71.623,8.08,0,,,,,3,3.3,ok
TIC 451829276,172.5924,-59.1711,8.08,0,,,,,4,3.9,ok
TIC 375475496,152.3508,-45.716,8.08,0,,,,,4,4.1,ok
TIC 333195768,181.2124,-50.8538,8.08,0,,,,,6,5.6,ok
TIC 274572769,149.1542,-54.419,8.08,0,,,,,2,2.4,ok
TIC 149843351,135.4227,-2.2531,8.08,0,,,,,4,4.0,ok
TIC 465771931,164.2396,-60.9296,8.08,0,,,,,6,5.9,ok
TIC 425658925,232.7577,-74.124,8.08,0,,,,,8,7.4,ok
TIC 167902077,151.6367,-25.3222,8.08,0,,,,,5,4.8,ok
TIC 209880727,211.2153,-58.8182,8.08,0,,,,,6,5.8,ok
TIC 19765933,125.5792,-10.4366,8.08,0,,,,,3,3.0,ok
TIC 48784515,162.5777,-30.5386,8.08,0,,,,,5,4.8,ok
TIC 164594379,191.885,-53.1225,8.08,0,,,,,4,3.8,ok
TIC 390161224,183.5873,-55.8044,8.08,0,,,,,5,4.9,ok
TIC 34298539,146.4926,-46.5218,8.08,0,,,,,7,6.6,ok
TIC 290514235,139.4772,2.5429,8.08,0,,,,,4,3.9,ok
TIC 411257840,179.0818,-69.6988,8.09,0,,,,,6,5.8,ok
TIC 241761762,209.1499,-52.3952,8.09,0,,,,,5,4.9,ok
TIC 146893854,161.0873,-46.2069,8.09,0,,,,,6,5.5,ok
TIC 253305687,195.9723,-58.9713,8.09,0,,18.9,rejete,variabilite_continue;eclipse_secondaire,7,11.7,ok
TIC 178614175,165.6898,-42.2068,8.09,0,,,,,5,4.7,ok
TIC 29631614,150.7883,-32.0307,8.09,0,,,,,5,4.6,ok
TIC 270023217,143.728,1.1994,8.09,0,,,,,5,4.5,ok
TIC 404235138,195.4229,-49.0144,8.09,0,,,,,5,4.8,ok
TIC 62727635,144.8148,-3.3567,8.09,0,,,,,5,4.5,ok
TIC 178647520,124.9222,-4.1414,8.09,0,,,,,5,4.7,ok
TIC 80784605,166.1636,-50.3162,8.09,0,,,,,8,7.2,ok
TIC 387426075,217.1542,-65.4462,8.09,0,,,,,8,7.4,ok
TIC 118959513,135.4949,-23.7511,8.09,0,,,,,5,4.5,ok
TIC 332634751,137.1055,-14.143,8.09,0,,,,,5,4.5,ok
TIC 401507851,215.7852,-72.1857,8.09,1,12.7985,10.9,rejete,variabilite_continue;compagnon_trop_gros_7.1Rjup,7,11.0,ok
TIC 413407624,215.0438,-59.0034,8.09,0,,,,,5,5.1,ok
TIC 332513177,136.5014,-13.2154,8.09,0,,,,,2,2.4,ok
TIC 37761454,135.8627,-25.027,8.09,0,,,,,4,4.2,ok
TIC 392116188,174.3298,-66.898,8.09,0,,,,,8,7.8,ok
TIC 448859483,213.949,-70.9965,8.09,0,,,,,7,6.7,ok
TIC 308821405,151.9926,-13.8399,8.09,0,,,,,6,5.7,ok
TIC 269898043,150.9673,-36.7784,8.09,0,,,,,7,6.7,ok
TIC 189387220,142.4831,-27.2489,8.09,0,,,,,4,3.9,ok
TIC 47056170,144.2092,-9.453,8.09,0,,,,,4,3.8,ok
TIC 46956421,143.2829,-9.3166,8.09,0,,,,,4,3.9,ok
TIC 7908982,133.31,-0.7252,8.09,0,,,,,3,3.0,ok
TIC 208137739,207.869,-56.2242,8.09,0,,,,,6,5.8,ok
TIC 406176618,197.6391,-56.8441,8.09,0,,,,,6,5.6,ok
TIC 70781964,151.8521,-33.7897,8.09,0,,,,,5,5.0,ok
TIC 11523448,146.3675,-28.4055,8.09,0,,,,,6,5.4,ok
TIC 189570845,143.7608,-26.8127,8.09,0,,,,,4,3.9,ok
TIC 19911846,140.6408,-32.6113,8.09,0,,,,,6,5.4,ok
TIC 461837097,140.5801,-32.1464,8.09,0,,,,,5,4.6,ok
TIC 62577001,133.7773,-1.7434,8.09,0,,,,,5,4.9,ok
TIC 146424925,158.5277,-45.3813,8.09,0,,,,,3,3.2,ok
TIC 449500995,200.1782,-60.8607,8.09,0,,,,,3,3.3,ok
TIC 382291660,183.1046,-62.804,8.09,0,,,,,2,2.4,ok
TIC 132479279,148.7,-49.9324,8.09,0,,,,,5,5.2,ok
TIC 383186546,142.4187,0.1391,8.09,0,,,,,2,2.4,ok
TIC 820148,135.0688,-4.9368,8.09,0,,,,,5,4.9,ok
TIC 81013336,166.4715,-52.9605,8.1,0,,,,,7,6.7,ok
TIC 360626737,189.6952,-73.0059,8.1,0,,,,,3,3.0,ok
TIC 446985889,156.5856,-48.0864,8.1,0,,,,,5,5.1,ok
TIC 405341932,128.6014,-12.1291,8.1,0,,,,,3,3.1,ok
TIC 326662358,188.7089,-69.8916,8.1,0,,,,,6,5.7,ok
TIC 450688287,186.8403,-62.437,8.1,0,,,,,6,5.9,ok
TIC 72960243,153.2266,-40.6405,8.1,0,,,,,7,6.9,ok
TIC 305896243,178.8401,-63.7036,8.1,0,,,,,7,6.8,ok
TIC 391238449,161.3906,-62.3935,8.1,0,,,,,5,5.0,ok
TIC 132914779,149.2175,-52.8661,8.1,0,,,,,4,4.1,ok
TIC 270605099,136.588,1.5899,8.1,0,,,,,4,4.0,ok
TIC 101919997,153.4723,-44.7955,8.1,0,,,,,2,2.3,ok
TIC 78345494,142.8847,-42.5288,8.1,0,,,,,6,5.6,ok
TIC 289857307,205.1457,-58.201,8.1,0,,,,,7,7.4,ok
TIC 463755706,154.6426,-58.632,8.1,0,,,,,6,6.1,ok
TIC 102465450,154.885,-46.218,8.1,0,,,,,4,4.2,ok
TIC 88796572,122.4603,-4.3938,8.1,0,,,,,5,4.8,ok
TIC 376271719,179.2202,-54.4953,8.1,0,,,,,5,5.0,ok
TIC 402720452,224.0455,-73.5253,8.1,0,,,,,7,6.8,ok
TIC 336945773,196.6332,-68.1053,8.1,0,,,,,6,5.8,ok
TIC 241277569,203.4034,-50.4104,8.1,0,,,,,6,5.8,ok
TIC 123224205,143.5906,-3.7737,8.1,1,1.0395,11.1,rejete,variabilite_continue;eclipse_secondaire,5,7.3,ok
TIC 458230570,159.3427,-58.623,8.1,0,,,,,6,6.2,ok
TIC 381039011,182.3149,-63.7314,8.1,0,,,,,4,4.4,ok
TIC 390072759,183.5875,-59.2596,8.1,0,,,,,6,5.7,ok
TIC 1005021,130.2256,-17.3392,8.1,0,,,,,4,3.9,ok
TIC 38038082,136.8795,-28.6562,8.1,0,,,,,4,3.8,ok
TIC 120925652,164.516,-51.1648,8.1,0,,,,,7,6.5,ok
TIC 146494304,158.8989,-43.787,8.1,0,,,,,7,6.6,ok
TIC 459325631,162.2635,-58.8954,8.1,0,,,,,7,6.7,ok
TIC 12013892,146.7034,-30.0627,8.1,0,,,,,4,4.1,ok
TIC 149697479,129.9399,-2.0552,8.1,0,,,,,2,2.3,ok
TIC 132545409,148.7177,-53.4766,8.1,0,,,,,6,5.4,ok
TIC 37756748,135.8829,-29.0633,8.1,0,,,,,2,2.4,ok
TIC 406437902,198.034,-57.7875,8.1,0,,,,,7,6.5,ok
TIC 333922841,182.4212,-51.8518,8.1,0,,,,,3,3.0,ok
TIC 334221439,182.9947,-50.7702,8.1,0,,,,,6,5.5,ok
TIC 142797866,138.7276,-3.0823,8.1,0,,,,,3,2.9,ok
TIC 467126883,167.5912,-62.7292,8.1,0,,,,,6,6.1,ok
TIC 460680743,191.5216,-60.8887,8.11,0,,,,,7,6.6,ok
TIC 100905180,129.2389,-14.0005,8.11,0,,,,,4,4.2,ok
TIC 24436680,140.8277,-34.2669,8.11,0,,,,,4,3.7,ok
TIC 152019744,169.1351,-41.4941,8.11,0,,,,,5,4.9,ok
TIC 327431223,189.4511,-67.0714,8.11,0,,,,,7,6.5,ok
TIC 101110335,152.5565,-16.8895,8.11,0,,,,,6,5.5,ok
TIC 193134676,157.1771,-24.4323,8.11,0,,,,,5,4.9,ok
TIC 36806408,150.7272,-45.6686,8.11,0,,,,,6,6.0,ok
TIC 432190622,153.9959,-18.6686,8.11,0,,,,,5,4.7,ok
TIC 95932700,136.6337,-7.2547,8.11,0,,,,,5,20.0,ok
TIC 46879680,142.7588,-9.8204,8.11,0,,,,,4,3.8,ok
TIC 396811847,147.8882,-15.384,8.11,0,,,,,6,5.4,ok
TIC 260719949,225.6903,-66.1129,8.11,0,,,,,6,5.9,ok
TIC 306491594,166.8866,-59.9635,8.11,0,,,,,8,7.8,ok
TIC 259998358,144.8621,-40.6756,8.11,0,,,,,7,6.4,ok
TIC 242076976,139.5336,-14.6475,8.11,0,,,,,4,3.8,ok
TIC 286132427,146.7244,-4.2984,8.11,0,,,,,4,11.0,ok
TIC 319354825,174.3505,-63.2758,8.11,0,,,,,4,4.0,ok
TIC 436598674,193.5766,-65.5115,8.11,0,,,,,7,6.4,ok
TIC 410010991,145.8351,-13.2018,8.11,0,,,,,5,4.7,ok
TIC 409977271,145.3689,-13.961,8.11,0,,,,,4,3.8,ok
TIC 189274252,141.5843,-25.1059,8.11,0,,,,,4,4.0,ok
TIC 261869591,227.8412,-71.6448,8.11,0,,,,,8,8.1,ok
TIC 4588120,141.0497,-40.5193,8.11,0,,,,,7,6.4,ok
TIC 415341601,130.5667,-21.3406,8.11,0,,,,,5,4.7,ok
TIC 78277337,142.8277,-45.6148,8.11,0,,,,,3,3.2,ok
TIC 401184301,186.0333,-54.9491,8.11,0,,,,,6,5.6,ok
TIC 142829137,138.9264,-1.2422,8.11,0,,,,,2,2.2,ok
TIC 314402104,202.5952,-64.1923,8.11,0,,,,,5,4.9,ok
TIC 36462760,150.3039,-44.8329,8.11,0,,,,,6,5.8,ok
TIC 163386233,173.6317,-42.65,8.11,0,,,,,6,6.0,ok
TIC 1137448,131.1866,-25.1352,8.11,0,,,,,1,1.4,ok
TIC 147143741,162.0498,-46.7005,8.11,0,,,,,8,7.4,ok
TIC 329193908,211.7069,-53.2273,8.11,0,,,,,6,5.7,ok
TIC 440501899,196.5784,-63.6164,8.11,0,,,,,7,7.2,ok
TIC 181061572,173.4685,-41.582,8.11,0,,,,,7,6.2,ok
TIC 38914373,226.6514,-56.8212,8.11,0,,,,,5,4.8,ok
TIC 263615701,234.6991,-66.8136,8.11,0,,,,,8,7.6,ok
TIC 178536753,165.1303,-44.18,8.11,0,,,,,7,6.3,ok
TIC 411885590,189.8379,-55.6542,8.11,0,,,,,7,6.5,ok
TIC 80779606,165.9652,-47.9938,8.11,0,,,,,7,6.5,ok
TIC 189297201,141.8643,-28.3946,8.11,0,,,,,5,4.6,ok
TIC 5850860,143.873,-40.1983,8.11,0,,,,,7,6.4,ok
TIC 162799334,171.0807,-44.2617,8.11,0,,,,,5,4.6,ok
TIC 379870683,181.4854,-65.4919,8.11,0,,,,,5,4.7,ok
TIC 448243394,209.2701,-67.6698,8.11,0,,,,,5,5.0,ok
TIC 402615104,223.4776,-72.6483,8.11,0,,,,,9,8.2,ok
TIC 265305109,133.3744,1.3466,8.11,0,,,,,5,4.6,ok
TIC 262747655,141.1182,0.1757,8.12,0,,,,,2,2.1,ok
TIC 448689422,212.8722,-66.5493,8.12,0,,,,,5,5.4,ok
TIC 38497579,138.2582,-27.2657,8.12,0,,,,,1,1.5,ok
TIC 19380558,124.2448,-8.2321,8.12,0,,,,,5,4.7,ok
TIC 60954103,140.1371,-8.8873,8.12,0,,,,,3,3.0,ok
TIC 241361373,204.6134,-51.5521,8.12,0,,,,,8,7.4,ok
TIC 317787249,172.6925,-64.1319,8.12,0,,,,,7,6.8,ok
TIC 451390982,171.3331,-57.9751,8.12,0,,,,,7,6.9,ok
TIC 22081770,148.2875,-24.4118,8.12,0,,,,,6,5.5,ok
TIC 23269122,167.0589,-32.6554,8.12,0,,,,,5,4.7,ok
TIC 423443090,157.766,-22.572,8.12,0,,,,,6,5.8,ok
TIC 47450759,231.0344,-57.767,8.12,0,,,,,7,6.7,ok
TIC 81550238,167.6423,-49.2734,8.12,0,,,,,8,7.4,ok
TIC 403762821,179.9131,-43.1199,8.12,0,,,,,7,6.5,ok
TIC 5394046,146.4781,-21.7557,8.12,0,,,,,4,7.3,ok
TIC 34294699,146.5925,-45.2503,8.12,0,,,,,7,7.0,ok
TIC 334934733,193.8651,-70.5195,8.12,0,,,,,5,5.4,ok
TIC 342494655,204.647,-68.5986,8.12,0,,,,,5,5.4,ok
TIC 61834025,177.5358,-45.8473,8.12,0,,,,,5,5.6,ok
TIC 416206244,223.4518,-58.2152,8.12,0,,,,,6,7.3,ok
TIC 123254422,143.8645,-1.5603,8.12,0,,,,,5,5.1,ok
TIC 192544809,154.7424,-18.1044,8.12,0,,,,,6,5.9,ok
TIC 295339104,223.1405,-60.2233,8.12,0,,,,,4,4.9,ok
TIC 94013493,176.4707,-49.949,8.12,0,,,,,4,4.3,ok
TIC 432137351,137.5109,-21.4182,8.12,0,,,,,1,1.5,ok
TIC 220359766,155.054,-52.1942,8.12,0,,,,,?,970.6,timeout
TIC 71222058,154.1231,-30.4134,8.12,0,,,,,6,6.5,ok
TIC 441099992,197.0899,-62.1782,8.12,0,,,,,5,6.2,ok
TIC 210183275,211.5507,-54.2068,8.12,0,,,,,6,6.0,ok
TIC 121205945,128.2155,-4.3672,8.12,0,,,,,5,5.1,ok
TIC 19612326,139.8292,-32.2216,8.12,0,,,,,6,8.8,ok
TIC 360943695,191.3479,-73.7971,8.12,0,,71.8,rejete,variabilite_continue;eclipse_secondaire,6,10.9,ok
TIC 455607487,229.5,-64.2826,8.12,0,,,,,8,8.5,ok
TIC 260405078,152.5137,-46.4703,8.12,0,,,,,3,4.4,ok
TIC 151936123,168.7909,-36.7659,8.12,0,,,,,5,5.3,ok
TIC 446309341,206.3902,-56.7377,8.13,0,,,,,5,6.5,ok
TIC 40595994,227.5968,-54.355,8.13,0,,,,,6,7.1,ok
TIC 394571902,200.8839,-73.1582,8.13,0,,,,,6,6.2,ok
TIC 306052346,166.4526,-58.031,8.13,0,,,,,7,7.2,ok
TIC 209620284,210.5258,-59.7229,8.13,0,,,,,6,6.6,ok
TIC 73669870,155.4354,-41.8732,8.13,0,,,,,6,7.0,ok
TIC 447027197,233.9322,-67.7939,8.13,0,,,,,8,8.4,ok
TIC 168275432,153.946,-27.4468,8.13,0,,,,,7,7.4,ok
TIC 451305784,221.0405,-51.9381,8.13,0,,,,,5,5.1,ok
TIC 21730286,181.314,-47.6005,8.13,0,,,,,4,4.8,ok
TIC 22109236,183.0595,-46.4159,8.13,0,,,,,3,4.7,ok
TIC 437392960,194.4425,-63.657,8.13,0,,,,,7,7.4,ok
TIC 452241682,174.1755,-59.5651,8.13,0,,,,,3,3.8,ok
TIC 386006783,216.7634,-60.4504,8.13,0,,,,,8,8.7,ok
TIC 29933752,166.3955,-38.886,8.13,0,,,,,5,5.1,ok
TIC 253275342,195.796,-56.1107,8.13,0,,,,,6,6.4,ok
TIC 106059167,157.7825,-39.9058,8.13,0,,,,,5,5.1,ok
TIC 176772635,142.5275,-18.7856,8.13,0,,,,,5,5.2,ok
TIC 4737360,141.4759,-39.2694,8.13,0,,,,,7,7.0,ok
TIC 411502344,183.3426,-56.8933,8.13,0,,,,,8,8.2,ok
TIC 863860,135.5781,-0.1506,8.13,0,,,,,5,6.2,ok
TIC 81169204,166.844,-48.2455,8.13,0,,,,,2,2.7,ok
TIC 151829264,168.1814,-37.3817,8.13,0,,,,,6,7.2,ok
TIC 101363271,148.35,-22.7706,8.13,0,,,,,5,8.2,ok
TIC 406253585,197.8357,-59.5769,8.13,1,4.9524,17.3,rejete,variabilite_continue;eclipse_secondaire,6,11.1,ok
TIC 398625382,180.0387,-57.1173,8.13,0,,,,,6,6.2,ok
TIC 446604183,156.2213,-52.5516,8.13,0,,,,,7,12.3,ok
TIC 53859027,158.9243,-35.5718,8.13,0,,,,,6,7.2,ok
TIC 449368489,200.0093,-60.5265,8.13,0,,,,,7,14.1,ok
TIC 406506263,198.0728,-59.9207,8.13,0,,,,,6,8.9,ok
TIC 380444415,181.8573,-65.8996,8.13,0,,,,,1,4.4,ok
TIC 50836040,126.8123,-11.4022,8.13,0,,,,,5,7.5,ok
TIC 465275968,163.1399,-64.4141,8.13,0,,,,,6,8.5,ok
TIC 127880486,228.6984,-52.9657,8.13,0,,,,,5,9.6,ok
TIC 415571256,147.2229,-21.3608,8.13,0,,,,,4,6.1,ok
TIC 192942147,154.718,-28.4375,8.13,0,,,,,6,8.8,ok
TIC 318265232,173.0161,-62.3576,8.14,0,,,,,7,8.8,ok
TIC 62630658,136.7563,-5.0834,8.14,0,,,,,5,7.1,ok
TIC 315805684,203.0234,-60.1133,8.14,0,,,,,6,10.8,ok
TIC 73627257,155.2091,-40.3862,8.14,0,,,,,5,11.1,ok
TIC 259910595,144.6691,-38.7142,8.14,0,,,,,5,5.3,ok
TIC 327924327,190.2074,-66.3614,8.14,0,,,,,7,7.1,ok
TIC 260196460,224.7022,-71.8628,8.14,0,,,,,10,9.9,ok
TIC 309986086,184.8306,-62.9541,8.14,0,,,,,6,6.0,ok
TIC 51199109,128.3379,-6.3472,8.14,0,,,,,5,6.7,ok
TIC 191562171,221.5347,-54.4049,8.14,0,,,,,4,4.7,ok
TIC 73411502,121.3802,-5.5446,8.14,0,,,,,5,5.9,ok
TIC 24914757,142.3461,-35.5893,8.14,0,,,,,6,6.3,ok
TIC 164917437,192.0365,-52.1187,8.14,0,,,,,7,7.6,ok
TIC 72536626,151.4995,-40.0734,8.14,0,,,,,7,10.2,ok
TIC 51322490,128.6828,-7.7779,8.14,0,,,,,2,2.5,ok
TIC 434457991,156.0322,-19.7812,8.14,0,,,,,6,6.3,ok
TIC 458929318,161.2028,-54.8908,8.14,0,,,,,8,9.5,ok
TIC 457804063,158.301,-58.1704,8.14,0,,,,,6,6.5,ok
TIC 253961660,198.9915,-58.8507,8.14,0,,,,,6,7.7,ok
TIC 78104695,142.6221,-44.8781,8.14,0,,,,,3,3.8,ok
TIC 280670080,173.1642,-67.5867,8.14,0,,,,,7,8.0,ok
TIC 60982057,140.379,-11.8437,8.14,0,,,,,4,19.6,ok
TIC 413285274,214.7144,-56.9812,8.14,0,,,,,7,7.8,ok
TIC 3920375,140.1846,-36.8237,8.14,0,,,,,5,5.5,ok
TIC 290644031,140.5932,4.3656,8.14,0,,,,,8,7.6,ok
TIC 147277230,162.5686,-44.9203,8.14,0,,,,,6,7.0,ok
TIC 142830962,138.9811,-4.8662,8.14,0,,,,,4,5.7,ok
TIC 460860963,158.9868,-61.4272,8.14,0,,,,,8,9.0,ok
TIC 209973778,211.4277,-55.0667,8.14,0,,,,,5,8.4,ok
TIC 315120285,145.5041,-24.2729,8.14,0,,,,,5,5.2,ok
TIC 22908615,185.9486,-47.5458,8.14,0,,,,,6,5.9,ok
TIC 147569266,163.6443,-44.6874,8.14,0,,,,,8,8.3,ok
TIC 170883828,139.1723,-2.1323,8.14,0,,,,,4,4.2,ok
TIC 448118773,158.2819,-52.9673,8.14,0,,,,,7,9.0,ok
TIC 61643969,176.9425,-46.6021,8.14,0,,,,,7,8.0,ok
TIC 438731990,201.5019,-51.9191,8.14,0,,,,,7,6.7,ok
TIC 103415903,157.1387,-45.8343,8.14,0,,,,,6,6.1,ok
TIC 320851362,174.9425,-64.7015,8.15,0,,17.2,rejete,variabilite_continue;eclipse_secondaire,8,14.1,ok
TIC 412543211,193.0661,-56.8368,8.15,0,,,,,2,2.4,ok
TIC 70509982,139.1643,-25.3683,8.15,0,,,,,4,4.3,ok
TIC 33826259,145.8935,-43.324,8.15,0,,,,,8,8.2,ok
TIC 187934753,159.4117,-25.8626,8.15,0,,,,,5,5.8,ok
TIC 93315865,174.9993,-50.4376,8.15,0,,,,,6,6.2,ok
TIC 67213949,181.9003,-54.4269,8.15,0,,,,,5,5.7,ok
TIC 262128099,199.5978,-57.9845,8.15,0,,,,,5,5.4,ok
TIC 41166007,227.9974,-57.5826,8.15,0,,,,,7,7.1,ok
TIC 36714241,150.5793,-42.3153,8.15,0,,,,,6,6.4,ok
TIC 1605355,131.2399,-4.0261,8.15,0,,,,,5,5.3,ok
TIC 449114791,216.5855,-71.511,8.15,0,,,,,9,9.4,ok
TIC 36225549,149.7743,-44.4784,8.15,0,,,,,2,2.4,ok
TIC 46085986,230.3617,-56.6633,8.15,0,,,,,6,6.3,ok
TIC 432101609,136.9424,-23.3962,8.15,0,,,,,5,5.2,ok
TIC 18281615,136.7585,-35.1196,8.15,0,,,,,6,5.7,ok
TIC 460720830,158.3834,-60.0657,8.15,0,,,,,6,6.7,ok
TIC 450620496,169.1937,-57.8211,8.15,0,,,,,5,5.2,ok
TIC 408414768,145.5013,-20.9193,8.15,0,,,,,?,256.1,timeout
TIC 311838560,181.8183,-70.3912,8.15,0,,,,,?,154.6,timeout
TIC 426162508,238.5565,-73.4526,8.15,0,,,,,?,255.2,timeout
TIC 19494877,139.55,-33.7209,8.15,0,,,,,6,6.2,ok
TIC 152597583,172.461,-38.0914,8.15,0,,,,,8,8.3,ok
TIC 37758544,135.8853,-27.6224,8.15,0,,,,,2,2.7,ok
TIC 106264893,158.7479,-41.0351,8.15,0,,,,,3,3.2,ok
TIC 378687599,180.5621,-63.8024,8.15,0,,,,,8,7.9,ok
TIC 132612097,229.6324,-52.1234,8.15,0,,,,,2,2.7,ok
TIC 22020278,147.8749,-25.8865,8.15,0,,,,,6,6.1,ok
TIC 338981469,199.3597,-70.858,8.15,0,,,,,7,6.9,ok
TIC 120371200,163.4463,-53.9191,8.15,0,,,,,8,8.0,ok
TIC 179490977,188.1395,-63.9528,8.15,0,,,,,6,6.2,ok
TIC 25452739,144.2226,-32.5432,8.15,0,,,,,2,2.5,ok
TIC 458593861,160.405,-58.267,8.15,0,,,,,6,6.4,ok
TIC 313266126,183.1424,-71.0752,8.15,0,,,,,7,7.2,ok
TIC 88625549,121.7814,-4.8446,8.15,0,,,,,1,1.3,ok
TIC 53608263,157.3004,-35.3147,8.15,0,,,,,6,6.2,ok
TIC 265440445,134.2922,1.3116,8.15,0,,,,,5,5.3,ok
TIC 308644598,135.0799,-14.8166,8.15,0,,,,,5,5.1,ok
TIC 136833589,150.8691,-53.0527,8.15,0,,,,,7,7.1,ok
TIC 146312914,158.2831,-46.3139,8.16,0,,,,,6,6.2,ok
TIC 3522887,139.3178,-39.224,8.16,0,,,,,6,5.6,ok
TIC 455266581,228.6234,-61.9524,8.16,0,,,,,8,8.5,ok
TIC 289980678,205.0853,-53.9958,8.16,0,,,,,7,7.3,ok
TIC 19513176,124.5652,-11.0546,8.16,0,,,,,3,3.2,ok
TIC 48874795,162.9698,-31.2208,8.16,0,,,,,6,6.1,ok
TIC 303523084,164.3089,-59.239,8.16,0,,,,,7,7.1,ok
TIC 423246899,140.3609,-23.7862,8.16,0,,,,,5,5.8,ok
TIC 364670831,175.9662,-68.9668,8.16,0,,,,,7,7.2,ok
TIC 451076846,170.4182,-54.3705,8.16,0,,20.7,rejete,variabilite_continue;eclipse_secondaire;compagnon_trop_gros_2.1Rjup,4,6.9,ok
TIC 4000387,140.1516,-39.8999,8.16,0,,,,,7,7.0,ok
TIC 13624094,132.9135,-8.9646,8.16,0,,,,,4,4.0,ok
TIC 123223660,143.5535,-5.6034,8.16,0,,,,,5,5.2,ok
TIC 400863257,178.4661,-49.932,8.16,0,,,,,5,5.0,ok
TIC 169779833,194.1503,-48.3099,8.16,0,,,,,1,1.7,ok
TIC 170465947,122.3519,-5.8916,8.16,0,,,,,1,1.6,ok
TIC 73390075,154.5269,-40.2394,8.16,0,,,,,3,3.4,ok
TIC 332703198,150.1,-16.2956,8.16,0,,,,,3,3.1,ok
TIC 131732441,147.8902,-48.9541,8.16,0,,,,,8,7.9,ok
TIC 412547448,193.0468,-57.742,8.16,0,,,,,7,6.9,ok
TIC 333544395,216.8765,-52.5253,8.16,0,,,,,6,6.4,ok
TIC 1445971,146.7623,-16.8198,8.16,0,,,,,3,3.4,ok
TIC 358930061,151.6626,-19.3112,8.16,0,,,,,5,5.3,ok
TIC 260316929,144.0386,-45.3354,8.16,0,,,,,6,6.1,ok
TIC 382995678,216.127,-64.958,8.16,0,,,,,4,4.3,ok
TIC 149694551,129.8337,-3.6861,8.16,0,,,,,5,4.9,ok
TIC 72912099,152.8018,-37.8775,8.16,0,,,,,7,6.9,ok
TIC 147135994,161.8465,-42.569,8.16,0,,,,,2,2.6,ok
TIC 241716964,208.5521,-51.4,8.16,0,,,,,5,5.2,ok
TIC 300804509,177.7842,-57.2596,8.16,0,,,,,6,6.1,ok
TIC 386538221,144.6501,-12.638,8.16,0,,,,,5,4.8,ok
TIC 386255243,127.2635,-15.5293,8.16,0,,,,,5,5.0,ok
TIC 253153987,194.8801,-56.1908,8.16,0,,,,,7,7.3,ok
TIC 402804150,225.1262,-74.2441,8.16,0,,,,,9,8.9,ok
TIC 62734300,145.1014,-1.3869,8.16,0,,,,,5,4.9,ok
TIC 51624005,130.0402,-7.3479,8.17,0,,,,,5,5.0,ok
TIC 163074512,172.318,-46.2124,8.17,0,,,,,6,6.6,ok
TIC 51511897,129.5789,-8.5659,8.17,0,,,,,5,5.1,ok
TIC 77736851,142.1331,-44.2222,8.17,0,,,,,7,7.4,ok
TIC 376103935,179.2841,-58.455,8.17,0,,,,,3,3.3,ok
TIC 18930259,138.3026,-32.314,8.17,0,,,,,5,5.0,ok
TIC 339652086,200.4106,-66.0336,8.17,0,,,,,4,4.6,ok
TIC 71339606,154.7271,-32.9732,8.17,0,,,,,8,8.1,ok
TIC 257383436,219.86,-70.2901,8.17,0,,,,,8,8.3,ok
TIC 121335968,128.965,-0.4808,8.17,0,,,,,3,3.4,ok
TIC 193255660,158.2058,-24.3225,8.17,0,,,,,6,5.9,ok
TIC 95672530,131.0863,-7.551,8.17,0,,,,,5,5.1,ok
TIC 460266103,157.1378,-60.3863,8.17,0,,,,,7,6.9,ok
TIC 422206985,151.4028,-13.5564,8.17,0,,,,,2,2.2,ok
TIC 147135718,161.8791,-42.8002,8.17,0,,,,,5,5.7,ok
TIC 38122361,137.0125,-24.9635,8.17,0,,,,,4,4.1,ok
TIC 310595515,152.7623,-50.83,8.17,0,,,,,4,4.7,ok
TIC 20090407,137.4765,-8.5702,8.17,0,,,,,4,3.9,ok
TIC 23189694,166.7746,-35.5158,8.17,0,,,,,6,6.0,ok
TIC 326153517,187.9637,-70.646,8.17,0,,,,,7,7.5,ok
TIC 295604573,223.2524,-64.3254,8.17,0,,,,,5,5.6,ok
TIC 91786999,171.5938,-51.6399,8.17,0,,,,,7,7.0,ok
TIC 455598880,229.4445,-65.7767,8.17,0,,,,,4,4.6,ok
TIC 333972219,192.6619,-68.373,8.17,0,,,,,3,3.5,ok
TIC 469351253,141.7694,1.6491,8.17,0,,,,,3,3.6,ok
TIC 283990684,152.0305,-19.5645,8.17,0,,,,,6,6.0,ok
TIC 451913795,173.1373,-54.779,8.17,0,,,,,6,6.6,ok
TIC 47247540,134.7334,-11.4896,8.18,0,,,,,5,5.1,ok
TIC 7846686,132.8128,-5.7745,8.18,0,,,,,4,4.3,ok
TIC 390546588,160.7501,-60.7332,8.18,0,,,,,2,2.6,ok
TIC 401431718,200.6328,-52.1685,8.18,1,1.4978,40.0,rejete,variabilite_continue;eclipse_secondaire,6,9.5,ok
TIC 1340650,137.9871,-17.5539,8.18,0,,,,,3,3.4,ok
TIC 333015696,180.9366,-49.8123,8.18,0,,,,,6,6.1,ok
TIC 466213798,165.5201,-65.5317,8.18,0,,,,,1,1.5,ok
TIC 192542489,154.5853,-23.7292,8.18,0,,,,,6,6.0,ok
TIC 11382822,145.6127,-27.4404,8.18,0,,,,,6,6.2,ok
TIC 418102812,146.4145,-19.5807,8.18,0,,,,,5,5.3,ok
TIC 380531995,140.2606,-20.1762,8.18,0,,,,,4,4.2,ok
TIC 19006354,123.0524,-8.5361,8.18,0,,,,,4,4.2,ok
TIC 413252895,144.1353,-22.4294,8.18,0,,,,,5,5.3,ok
TIC 121238092,128.4169,-3.6522,8.18,0,,,,,5,5.1,ok
TIC 44278790,229.4937,-59.2328,8.18,0,,,,,9,9.2,ok
TIC 17841822,136.0019,-31.9111,8.18,0,,,,,5,5.6,ok
TIC 24621832,141.5218,-32.5254,8.18,0,,,,,3,3.6,ok
TIC 101416328,148.9653,-21.8414,8.18,0,,,,,7,6.8,ok
TIC 286938395,150.6061,-36.0106,8.18,0,,,,,7,6.8,ok
TIC 306254330,166.5716,-55.9148,8.18,0,,,,,7,7.2,ok
TIC 96144822,147.3723,-9.1977,8.18,0,,,,,3,3.1,ok
TIC 181205079,174.5966,-38.4777,8.18,0,,,,,8,7.6,ok
TIC 13533779,132.3187,-7.1057,8.18,0,,,,,5,5.6,ok
TIC 292798116,218.6622,-58.2686,8.18,0,,,,,6,6.2,ok
TIC 60730507,138.6615,-6.4149,8.18,0,,,,,4,4.1,ok
TIC 158586156,164.53,-38.7132,8.18,0,,,,,4,4.6,ok
TIC 62729160,144.9082,-4.2677,8.18,0,,,,,5,5.2,ok
TIC 328468304,190.6523,-67.8424,8.18,0,,,,,6,6.0,ok
TIC 71716646,156.5103,-30.8472,8.18,0,,,,,7,7.4,ok
TIC 44763021,146.3612,-37.9151,8.18,0,,,,,6,6.0,ok
TIC 338531807,189.4894,-61.2779,8.18,0,,,,,8,8.5,ok
TIC 244882910,196.8057,-52.0166,8.18,0,,,,,6,6.1,ok
TIC 885808,127.0842,-16.7207,8.18,0,,,,,5,5.2,ok
TIC 120378082,163.3334,-51.7927,8.18,0,,23.2,rejete,variabilite_continue;eclipse_secondaire,7,11.7,ok
TIC 313038875,182.9796,-66.6954,8.19,0,,25.9,rejete,variabilite_continue;eclipse_secondaire,7,12.0,ok
TIC 919245,136.0754,-3.7485,8.19,0,,,,,5,5.6,ok
TIC 267522448,176.1966,-58.2649,8.19,0,,,,,6,6.3,ok
TIC 404063914,194.889,-51.8378,8.19,0,,,,,4,4.3,ok
TIC 448341593,210.0583,-71.8569,8.19,0,,,,,8,8.1,ok
TIC 176662246,141.7443,-21.4584,8.19,0,,,,,1,1.5,ok
TIC 448759832,213.0605,-65.951,8.19,0,,,,,4,4.3,ok
TIC 53575889,157.1731,-31.72,8.19,0,,,,,7,7.3,ok
TIC 334620634,183.4902,-53.1434,8.19,0,,,,,5,5.2,ok
TIC 101365484,148.4918,-21.1261,8.19,0,,,,,7,7.1,ok
TIC 70560432,139.2084,-28.4393,8.19,0,,,,,3,3.4,ok
TIC 147345947,163.0593,-42.5323,8.19,0,,,,,7,7.2,ok
TIC 272056870,187.2271,-54.6491,8.19,0,,,,,4,4.3,ok
TIC 146310847,158.2313,-47.4357,8.19,0,,,,,5,5.3,ok
TIC 47172504,145.2994,-7.6281,8.19,0,,,,,5,5.0,ok
TIC 189534385,143.4816,-28.7771,8.19,0,,,,,5,4.9,ok
TIC 49099006,165.252,-31.8011,8.19,0,,,,,3,3.8,ok
TIC 293842341,141.38,-3.4144,8.19,0,,,,,3,3.0,ok
TIC 24440555,140.8057,-30.4898,8.19,0,,,,,6,6.0,ok
TIC 294227441,132.6795,-21.0872,8.19,0,,,,,5,5.0,ok
TIC 93709814,175.9223,-48.6656,8.19,0,,,,,8,7.9,ok
TIC 348881873,148.3758,-17.13,8.19,0,,,,,5,4.8,ok
TIC 307934688,138.7907,-16.0665,8.19,0,,,,,4,3.9,ok
TIC 121319036,128.8818,-2.7035,8.19,0,,,,,5,5.0,ok
TIC 405451423,143.2372,-12.5877,8.19,0,,,,,5,4.9,ok
TIC 22222900,149.0303,-26.9148,8.19,0,,,,,5,5.4,ok
TIC 410359667,150.5958,-19.0506,8.19,0,,,,,6,5.9,ok
TIC 374164132,160.2436,-45.0625,8.19,0,,,,,6,6.2,ok
TIC 362613823,145.4609,-49.7781,8.19,0,,,,,4,4.3,ok
TIC 410127392,133.4064,-23.0323,8.19,0,,,,,7,7.1,ok
TIC 303495210,159.786,-51.4035,8.19,0,,,,,6,6.5,ok
TIC 358841149,151.3446,-22.7107,8.19,0,,,,,5,5.1,ok
TIC 62530012,132.4645,-4.7312,8.19,0,,,,,5,4.9,ok
TIC 241695362,208.3819,-52.5014,8.19,0,,,,,5,5.2,ok
TIC 245335532,199.7012,-52.239,8.19,0,,,,,6,5.8,ok
TIC 395829815,209.4671,-75.0416,8.19,0,,,,,10,9.9,ok
TIC 5450638,147.0283,-18.3771,8.19,0,,,,,5,5.6,ok
TIC 317410210,172.4322,-61.67,8.19,0,,,,,6,6.0,ok
TIC 80310118,165.114,-53.9818,8.19,0,,,,,8,8.2,ok
TIC 45549614,148.5996,-40.3136,8.19,0,,,,,8,7.9,ok
TIC 329306343,191.6214,-66.8173,8.19,0,,,,,6,6.3,ok
TIC 417083018,223.6264,-56.4028,8.19,0,,,,,3,3.5,ok
TIC 381258757,182.4589,-63.9158,8.19,0,,,,,8,8.2,ok
TIC 1138567,131.0743,-24.2408,8.19,0,,,,,3,3.2,ok
TIC 411942227,189.8159,-57.3233,8.2,0,,,,,6,6.1,ok
TIC 208166492,208.1472,-54.2786,8.2,0,,,,,7,7.3,ok
TIC 297218411,179.8196,-68.1543,8.2,0,,,,,7,7.4,ok
TIC 189388619,142.4567,-25.5909,8.2,0,,,,,3,4.3,ok
TIC 405422983,142.9953,-15.9675,8.2,0,,,,,5,4.8,ok
TIC 189587387,143.9429,-25.8813,8.2,0,,,,,4,4.2,ok
TIC 449085342,216.1888,-66.3606,8.2,0,,,,,8,8.1,ok
TIC 170407142,122.2238,-7.3229,8.2,0,,,,,3,3.7,ok
TIC 457912802,158.6942,-58.1561,8.2,0,,,,,6,6.3,ok
TIC 447975853,158.0954,-50.6338,8.2,0,,,,,6,6.2,ok
TIC 457017274,201.7803,-56.236,8.2,0,,,,,6,6.4,ok
TIC 158197322,162.4493,-40.8334,8.2,0,,,,,4,4.6,ok
TIC 309277678,168.1889,-54.9716,8.2,0,,,,,7,7.2,ok
TIC 263172398,216.5268,-56.1897,8.2,0,,,,,7,7.2,ok
TIC 178585198,124.3095,-5.5742,8.2,0,,,,,4,4.0,ok
TIC 13626317,133.0694,-11.2505,8.2,0,,,,,4,4.1,ok
TIC 448336596,209.8797,-70.4163,8.2,0,,,,,8,8.2,ok
TIC 158588517,164.5731,-37.1517,8.2,0,,,,,7,7.1,ok
TIC 146606849,159.6187,-42.8651,8.2,0,,,,,1,1.6,ok
TIC 21986681,182.5469,-46.9875,8.2,0,,,,,5,5.2,ok
TIC 118206384,129.1495,-20.0295,8.2,0,,,,,5,5.3,ok
TIC 422088129,188.8232,-51.676,8.2,0,,,,,7,7.1,ok
TIC 441980982,197.7364,-64.401,8.2,0,,,,,6,6.4,ok
TIC 408308657,144.8372,-18.3116,8.2,0,,,,,4,4.4,ok
TIC 308471350,184.1146,-60.8917,8.2,0,,,,,6,6.1,ok
TIC 456059585,230.8706,-60.4578,8.2,0,,,,,9,9.1,ok
TIC 333212104,216.5749,-53.6981,8.2,0,,,,,6,6.5,ok
TIC 440813098,196.7068,-62.1113,8.2,0,,31.3,rejete,variabilite_continue;eclipse_secondaire,6,9.6,ok
TIC 408307172,144.6845,-20.5153,8.2,0,,,,,5,5.4,ok
TIC 394996729,203.8069,-74.7913,8.2,0,,,,,2,2.3,ok
TIC 391167759,161.4566,-61.6048,8.2,0,,,,,4,4.2,ok
TIC 443567988,199.3622,-65.2255,8.2,0,,,,,3,3.4,ok
TIC 394573464,200.883,-73.794,8.2,0,,,,,6,6.1,ok
TIC 46746210,141.4442,-10.4867,8.2,0,,,,,5,5.2,ok
TIC 241585690,206.9986,-52.0691,8.2,0,,,,,6,6.7,ok
TIC 62455903,131.9463,-4.0341,8.2,0,,,,,2,2.6,ok
TIC 416509538,223.3546,-59.057,8.2,0,,,,,8,8.3,ok
TIC 310712554,185.4111,-64.3841,8.21,0,,,,,7,7.4,ok
TIC 210852484,212.8328,-54.6324,8.21,0,,,,,6,6.3,ok
TIC 452283444,174.1651,-56.1415,8.21,0,,,,,5,5.2,ok
TIC 1474831,147.0154,-15.4208,8.21,0,,,,,5,5.0,ok
TIC 332510406,136.3626,-17.8798,8.21,0,,,,,6,5.7,ok
TIC 44539143,229.6311,-57.2655,8.21,0,,,,,6,6.2,ok
TIC 162624374,170.5097,-43.2006,8.21,0,,,,,5,5.2,ok
TIC 256009956,198.666,-54.5423,8.21,0,,,,,6,6.4,ok
TIC 245099522,198.0294,-53.4266,8.21,0,,,,,4,4.4,ok
TIC 35359078,224.8602,-56.6847,8.21,0,,,,,7,7.2,ok
TIC 463320660,153.5817,-55.1405,8.21,0,,,,,8,8.2,ok
TIC 219622190,153.8981,-50.529,8.21,0,,,,,6,6.1,ok
TIC 409827193,126.6938,-14.0581,8.21,0,,,,,6,5.9,ok
TIC 18290325,136.9417,-32.275,8.21,0,,,,,5,5.0,ok
TIC 81246622,167.103,-52.0645,8.21,0,,,,,8,8.1,ok
TIC 114927729,132.6562,-14.3258,8.21,0,,,,,5,4.9,ok
TIC 33224518,148.9749,-11.2486,8.21,0,,,,,6,8.2,ok
TIC 36077696,149.5668,-47.4109,8.21,0,,,,,6,7.9,ok
TIC 288020208,184.944,-55.9871,8.21,0,,,,,6,5.9,ok
TIC 38011191,136.6613,-27.5444,8.21,0,,,,,2,2.5,ok
TIC 168313306,154.3254,-25.0807,8.21,0,,,,,7,7.5,ok
TIC 422090207,188.8074,-50.6195,8.21,0,,,,,6,6.1,ok
TIC 192310075,137.6076,-39.0862,8.21,0,,,,,5,5.2,ok
TIC 162079738,190.3908,-53.3151,8.21,0,,,,,8,7.8,ok
TIC 309029591,151.1702,-24.021,8.21,0,,,,,6,6.0,ok
TIC 308774033,151.6374,-16.3385,8.21,0,,,,,6,6.3,ok
TIC 401858453,217.8316,-74.1858,8.21,0,,,,,10,9.8,ok
TIC 462968302,152.5286,-55.77,8.21,0,,,,,5,5.1,ok
TIC 438704377,201.1658,-50.5746,8.21,0,,19.0,rejete,variabilite_continue;eclipse_secondaire,6,9.8,ok
TIC 37693102,135.788,-26.5985,8.21,0,,,,,4,4.2,ok
TIC 337819441,197.9036,-67.4662,8.21,0,,,,,4,4.3,ok
TIC 189090682,140.4367,-26.1818,8.21,0,,,,,3,3.5,ok
TIC 3849122,139.9841,-41.2503,8.21,0,,,,,5,4.9,ok
TIC 151769040,167.6284,-41.6358,8.21,0,,,,,7,6.8,ok
TIC 121338178,129.1403,-3.5123,8.21,0,,,,,2,2.5,ok
TIC 322769378,206.1644,-65.7455,8.21,0,,,,,6,6.4,ok
TIC 413103252,127.7053,-18.1052,8.21,0,,,,,5,4.9,ok
TIC 448734714,213.1421,-68.6883,8.21,0,,,,,4,4.3,ok
TIC 338891771,199.4506,-68.0401,8.21,0,,,,,7,7.2,ok
TIC 71733405,166.4416,-45.2215,8.21,0,,12.8,rejete,variabilite_continue;eclipse_secondaire,7,14.6,ok
TIC 179662359,145.7189,-2.2405,8.21,0,,,,,3,3.3,ok
TIC 434664408,191.2031,-64.9644,8.21,0,,,,,3,3.7,ok
TIC 146758451,160.5772,-47.0097,8.21,0,,,,,5,5.3,ok
TIC 459295129,162.2352,-57.2642,8.22,0,,,,,7,7.4,ok
TIC 308976746,222.9898,-53.2312,8.22,0,,,,,5,5.4,ok
TIC 193256497,158.2297,-25.1468,8.22,0,,,,,1,1.5,ok
TIC 396218517,211.8085,-74.49,8.22,0,,,,,3,3.5,ok
TIC 415602092,147.5046,-20.2743,8.22,0,,,,,4,4.1,ok
TIC 383894833,216.4473,-60.4946,8.22,0,,,,,8,8.3,ok
TIC 61644291,176.8406,-46.3399,8.22,0,,39.7,a_verifier,,3,5.4,ok
TIC 425923664,235.5547,-73.188,8.22,0,,,,,9,9.1,ok
TIC 442279247,197.9782,-60.1835,8.22,0,,,,,3,3.5,ok
TIC 45494875,148.4955,-38.29,8.22,0,,,,,1,1.7,ok
TIC 374095457,159.9329,-48.9967,8.22,0,,,,,8,8.0,ok
TIC 47005222,143.9621,-11.6811,8.22,0,,,,,5,5.3,ok
TIC 403957139,188.6597,-53.1457,8.22,0,,,,,6,6.0,ok
TIC 103553523,157.4628,-42.3467,8.22,0,,,,,6,6.2,ok
TIC 267630142,176.1709,-57.0961,8.22,0,,,,,6,6.1,ok
TIC 330305155,213.3989,-53.8791,8.22,0,,,,,5,5.2,ok
TIC 181021137,173.1894,-37.5067,8.22,0,,,,,7,6.9,ok
TIC 463823452,154.6001,-54.5792,8.22,0,,,,,8,8.2,ok
TIC 72818117,188.5885,-47.1286,8.22,0,,,,,6,6.0,ok
TIC 53932818,159.106,-31.5507,8.22,0,,,,,6,5.9,ok
TIC 151960068,169.0526,-37.8264,8.22,0,,,,,4,4.3,ok
TIC 275452860,178.4633,-43.7892,8.22,0,,,,,4,4.1,ok
TIC 370189469,225.6726,-52.3133,8.22,0,,,,,5,5.2,ok
TIC 14279875,144.1383,-3.225,8.23,0,,,,,4,4.1,ok
TIC 463994581,155.3225,-54.0613,8.23,0,,,,,1,2.4,ok
TIC 45490164,148.3092,-37.4277,8.23,0,,,,,7,7.6,ok
TIC 89635056,204.0393,-56.0291,8.23,0,,,,,4,4.4,ok
TIC 438967465,195.4225,-60.4402,8.23,0,,,,,6,6.9,ok
TIC 439479316,195.8928,-62.9696,8.23,0,,,,,7,7.6,ok
TIC 379552897,181.3378,-61.7624,8.23,0,,,,,5,5.0,ok
TIC 455809865,230.0392,-62.1861,8.23,0,,,,,7,8.1,ok
TIC 260928562,226.1863,-70.832,8.23,0,,,,,5,5.2,ok
TIC 286982258,187.2184,-69.9066,8.23,0,,,,,7,7.1,ok
TIC 405691004,192.0191,-54.0437,8.23,0,,,,,6,7.2,ok
TIC 106502915,159.9363,-36.5365,8.23,0,,,,,5,5.5,ok
TIC 193160044,157.2558,-25.5667,8.23,0,,,,,6,6.2,ok
TIC 169195844,127.4425,-3.2183,8.23,0,,,,,4,3.9,ok
TIC 160522200,189.5121,-48.4558,8.23,0,,,,,4,4.3,ok
TIC 448804453,213.6629,-68.5241,8.23,0,,,,,4,4.3,ok
TIC 337706541,197.7196,-70.8087,8.23,0,,,,,4,4.2,ok
TIC 176659885,141.6801,-18.6031,8.23,0,,,,,5,4.8,ok
TIC 295871497,223.4702,-61.0062,8.23,0,,,,,8,8.1,ok
TIC 314445368,184.6432,-68.3543,8.23,0,,,,,3,3.3,ok
TIC 162480442,169.6771,-42.7844,8.23,0,,,,,7,7.1,ok
TIC 376203828,179.2552,-57.8735,8.23,0,,,,,6,6.6,ok
TIC 54868323,130.6887,-11.411,8.23,0,,,,,5,4.8,ok
TIC 272482203,187.8488,-56.9771,8.23,0,,,,,4,4.2,ok
TIC 464470984,156.2546,-57.0865,8.23,0,,,,,6,6.0,ok
TIC 376754473,180.9579,-59.5414,8.23,0,,,,,8,7.8,ok
TIC 300302024,160.235,-49.3955,8.23,0,,,,,5,5.3,ok
TIC 409819640,126.5584,-17.2085,8.23,0,,,,,6,6.4,ok
TIC 19693330,125.3503,-11.3057,8.23,0,,,,,4,4.1,ok
TIC 406104550,193.8623,-54.2534,8.23,0,,,,,7,7.1,ok
TIC 36814460,150.9505,-47.173,8.23,0,,,,,4,4.3,ok
TIC 95993405,145.831,-10.7788,8.23,0,,,,,5,4.9,ok
TIC 432135041,137.3641,-23.5212,8.23,0,,,,,4,4.1,ok
TIC 319063231,204.8548,-60.5849,8.23,0,,,,,7,7.3,ok
TIC 13561529,132.6946,-8.0812,8.23,0,,,,,4,4.2,ok
TIC 178738459,125.7361,-4.2434,8.23,0,,12.2,rejete,variabilite_continue;eclipse_secondaire,4,6.3,ok
TIC 114932594,132.7006,-16.0509,8.23,0,,,,,6,6.0,ok
TIC 95782290,135.688,-9.3917,8.23,0,,,,,2,2.2,ok
TIC 343715636,206.9116,-68.6002,8.23,0,,,,,6,6.4,ok
TIC 286760054,150.2653,-40.8663,8.24,0,,,,,2,2.3,ok
TIC 466528132,166.3598,-61.4345,8.24,0,,53.1,rejete,eclipse_secondaire,5,8.6,ok
TIC 101424622,149.0934,-33.1007,8.24,0,,,,,6,6.2,ok
TIC 188124913,161.9118,-28.994,8.24,0,,,,,6,6.1,ok
TIC 288891839,201.8618,-54.1552,8.24,0,,,,,5,5.3,ok
TIC 72560132,187.7174,-46.7901,8.24,0,,,,,5,5.1,ok
TIC 395404732,207.0849,-73.5633,8.24,0,,,,,8,8.0,ok
TIC 46353228,230.5905,-55.294,8.24,0,,,,,2,2.6,ok
TIC 459366982,162.5094,-58.0355,8.24,0,,,,,7,7.4,ok
TIC 450423039,168.6367,-55.7379,8.24,0,,,,,5,5.1,ok
TIC 405298427,128.4709,-17.739,8.24,0,,,,,5,5.1,ok
TIC 189272753,141.6937,-27.0635,8.24,0,,,,,5,4.9,ok
TIC 449124083,216.5853,-68.8549,8.24,0,,,,,7,7.3,ok
TIC 61371073,175.6105,-43.3017,8.24,0,,,,,7,7.2,ok
TIC 158548149,164.3518,-40.9699,8.24,0,,,,,5,5.2,ok
TIC 103311321,156.7928,-46.7082,8.24,0,,,,,6,6.4,ok
TIC 286854355,150.5311,-39.7111,8.24,0,,,,,6,6.3,ok
TIC 467314149,168.133,-63.5052,8.24,0,,,,,4,4.5,ok
TIC 445821916,147.0296,-48.6284,8.24,0,,,,,1,1.4,ok
TIC 18556792,137.4207,-30.2715,8.24,0,,,,,4,4.1,ok
TIC 332724839,180.4166,-51.8073,8.24,0,,,,,2,2.5,ok
TIC 332345656,215.6747,-52.9549,8.24,0,,,,,6,6.0,ok
TIC 411731278,214.2727,-55.5217,8.24,0,,,,,7,7.4,ok
TIC 253395069,196.6793,-54.6169,8.24,0,,,,,6,5.9,ok
TIC 67412678,182.1558,-59.488,8.24,0,,,,,5,5.6,ok
TIC 295498106,171.0701,-67.0025,8.24,0,,12.3,rejete,variabilite_continue;eclipse_secondaire,8,13.6,ok
TIC 152510979,172.008,-37.0204,8.24,0,,,,,7,6.9,ok
TIC 460994160,159.5218,-62.3375,8.24,0,,,,,7,7.5,ok
TIC 281874197,186.2772,-69.2152,8.24,0,,,,,7,7.0,ok
TIC 380922828,182.3676,-61.3471,8.24,0,,,,,8,8.4,ok
TIC 462494600,151.3733,-57.1818,8.24,0,,,,,6,6.5,ok
TIC 162580295,170.2277,-44.6455,8.25,0,,,,,6,6.6,ok
TIC 410322559,150.2284,-21.3948,8.25,0,,,,,5,5.6,ok
TIC 409943021,145.0231,-17.2515,8.25,0,,,,,4,4.4,ok
TIC 19689961,125.3138,-7.7723,8.25,0,,,,,4,4.3,ok
TIC 19816156,125.7229,-9.3993,8.25,0,,,,,5,4.9,ok
TIC 158714829,165.3562,-38.2995,8.25,0,,,,,7,6.9,ok
TIC 448088243,208.0368,-67.7697,8.25,0,,,,,8,8.3,ok
TIC 305565413,139.4227,-13.7558,8.25,0,,,,,4,4.6,ok
TIC 102627317,155.2144,-47.0405,8.25,0,,,,,4,4.3,ok
TIC 187989780,159.8465,-27.9498,8.25,0,,,,,6,6.6,ok
TIC 1193387,136.0468,-15.2042,8.25,0,,,,,4,4.6,ok
TIC 316926102,172.0719,-65.9629,8.25,0,,,,,1,2.1,ok
TIC 169170811,127.1661,-5.7291,8.25,0,,,,,4,4.4,ok
TIC 414681967,223.2145,-59.7716,8.25,0,,,,,5,5.5,ok
TIC 192332330,137.6979,-37.9618,8.25,0,,,,,5,5.2,ok
TIC 191963671,136.6142,-37.3756,8.25,0,,,,,1,1.7,ok
TIC 379118953,180.7956,-63.0542,8.25,0,,,,,6,7.4,ok
TIC 383187292,142.4229,2.8983,8.25,0,,,,,3,3.3,ok
TIC 432183805,153.7397,-22.2218,8.25,0,,,,,6,6.5,ok
TIC 76569867,140.4632,-43.2477,8.25,0,,,,,7,7.5,ok
TIC 259918160,224.2989,-69.8565,8.25,0,,,,,7,8.4,ok
TIC 415617489,223.4077,-54.3191,8.25,0,,,,,5,5.0,ok
TIC 142725084,137.5062,-1.0751,8.25,0,,,,,4,5.0,ok
TIC 5290209,142.4728,-41.0316,8.25,0,,,,,7,8.0,ok
TIC 343142458,205.7104,-66.5786,8.25,0,,42.3,rejete,eclipse_secondaire,4,6.9,ok
TIC 51101875,127.8763,-9.3275,8.25,0,,,,,5,5.0,ok
TIC 60685415,138.3139,-8.3027,8.25,0,,,,,4,3.9,ok
TIC 33355798,150.2815,-11.0822,8.25,0,,,,,6,6.9,ok
TIC 106497631,159.7719,-41.2094,8.26,0,,,,,7,7.4,ok
TIC 401680540,216.768,-74.4174,8.26,0,,,,,4,4.3,ok
TIC 390257518,217.6475,-60.8652,8.26,0,,,,,4,5.3,ok
TIC 245067701,197.8051,-49.0116,8.26,0,,,,,1,2.0,ok
TIC 360157793,186.7802,-72.0412,8.26,0,,,,,7,7.3,ok
TIC 219349040,153.8404,-48.5477,8.26,0,,,,,4,4.6,ok
TIC 208570502,208.7361,-55.4748,8.26,0,,,,,5,5.2,ok
TIC 11422944,146.0499,-24.9828,8.26,0,,,,,5,4.9,ok
TIC 449943197,168.2492,-58.7553,8.26,0,,,,,4,4.6,ok
TIC 257894586,220.6463,-67.9171,8.26,0,,,,,8,8.2,ok
TIC 422705166,234.164,-65.2567,8.26,0,,,,,2,2.6,ok
TIC 149842046,135.4389,-5.5956,8.26,0,,,,,5,5.1,ok
TIC 457390382,206.0126,-59.7111,8.26,0,,,,,6,6.2,ok
TIC 289596470,131.7916,-13.1999,8.26,0,,,,,4,4.3,ok
TIC 401404914,200.631,-53.9221,8.26,0,,,,,8,8.3,ok
TIC 448209311,208.7917,-68.8821,8.26,0,,,,,8,8.2,ok
TIC 400911489,178.6502,-53.7292,8.26,0,,,,,5,5.4,ok
TIC 455124438,228.2268,-60.013,8.26,0,,,,,7,7.4,ok
TIC 437106044,194.0975,-62.4499,8.26,0,,,,,6,6.6,ok
TIC 162695390,191.0077,-53.5058,8.26,1,0.9815,100.0,rejete,variabilite_continue;eclipse_secondaire,6,10.0,ok
TIC 272403300,187.7577,-56.0667,8.26,0,,,,,8,7.9,ok
TIC 24735123,141.9654,-33.6065,8.26,0,,,,,2,2.7,ok
TIC 286998391,150.7035,-40.6014,8.26,0,,,,,7,7.6,ok
TIC 50930132,127.3067,-10.1081,8.26,0,,,,,5,5.1,ok
TIC 15365585,185.1193,-50.7791,8.27,0,,,,,6,6.0,ok
TIC 106501145,159.7167,-37.5901,8.27,0,,,,,3,3.7,ok
TIC 308934388,150.6342,-25.4648,8.27,0,,,,,6,6.4,ok
TIC 126125347,228.0812,-53.6581,8.27,0,,,,,5,6.8,ok
TIC 396464343,213.5223,-73.7092,8.27,0,,,,,4,4.3,ok
TIC 132736769,148.9906,-48.0922,8.27,0,,,,,7,7.5,ok
TIC 29913711,166.0637,-36.8401,8.27,0,,,,,7,7.6,ok
TIC 60683473,138.144,-11.4947,8.27,0,,,,,5,5.0,ok
TIC 467626646,169.0228,-61.4143,8.27,0,,,,,8,8.4,ok
TIC 379544326,181.2701,-60.7519,8.27,0,,,,,6,6.3,ok
TIC 432638144,146.7151,-51.6436,8.27,0,,,,,1,6.4,ok
TIC 193067087,156.1968,-25.4161,8.27,0,,,,,5,5.3,ok
TIC 458543434,160.2874,-59.2478,8.27,0,,,,,6,6.2,ok
TIC 262605797,132.516,0.3882,8.27,0,,,,,4,4.2,ok
TIC 44309607,145.2939,-36.8908,8.27,0,,,,,5,5.3,ok
TIC 34882119,147.5548,-46.482,8.27,0,,,,,1,2.1,ok
TIC 398595797,219.6134,-63.3014,8.27,0,,,,,6,6.6,ok
TIC 60901191,139.7799,-6.5076,8.27,0,,,,,4,4.3,ok
TIC 422172203,189.0272,-50.654,8.27,0,,,,,4,4.5,ok
TIC 149739566,130.242,-3.075,8.27,0,,,,,5,5.0,ok
TIC 286659776,186.8011,-66.0198,8.27,0,,,,,4,4.6,ok
TIC 314273581,202.4371,-65.5974,8.27,0,,,,,6,6.5,ok
TIC 72802368,152.3643,-40.4738,8.27,0,,,,,4,4.5,ok
TIC 18520493,137.3025,-30.9676,8.27,0,,,,,2,2.3,ok
TIC 332719291,180.3943,-53.8357,8.27,0,,,,,5,5.4,ok
TIC 332895039,213.0962,-63.9976,8.27,0,,,,,3,3.5,ok
TIC 2225329,133.9473,-27.0815,8.27,0,,,,,4,4.3,ok
TIC 72008802,167.3714,-42.9758,8.27,0,,,,,4,4.4,ok
TIC 295615371,223.444,-65.5682,8.27,0,,,,,8,8.0,ok
TIC 163587977,174.3726,-46.9401,8.27,0,,,,,2,2.8,ok
TIC 465543265,163.659,-60.1268,8.27,0,,,,,7,7.3,ok
TIC 19974817,136.7602,-11.47,8.27,0,,,,,4,4.0,ok
TIC 411073848,160.7707,-50.6913,8.27,0,,,,,6,6.1,ok
TIC 309089515,151.3418,-27.1138,8.27,0,,,,,7,7.1,ok
TIC 52065148,152.8953,-19.1202,8.27,0,,,,,6,6.2,ok
TIC 53785316,158.2172,-29.9773,8.27,0,,,,,7,7.5,ok
TIC 54114594,160.5212,-34.9309,8.28,0,,,,,6,6.1,ok
TIC 259731936,224.0107,-67.3628,8.28,0,,,,,8,8.9,ok
TIC 45238147,147.7236,-39.5841,8.28,0,,,,,8,8.3,ok
TIC 176604161,132.3817,-18.8531,8.28,0,,,,,6,5.7,ok
TIC 433357868,183.0497,-54.2305,8.28,0,,,,,5,5.1,ok
TIC 336728769,196.2476,-70.3454,8.28,0,,,,,7,7.1,ok
TIC 332701748,150.1589,-12.1446,8.28,0,,,,,5,5.0,ok
TIC 268662860,177.0799,-56.4468,8.28,0,,,,,6,6.3,ok
TIC 142752662,137.8578,-5.2362,8.28,0,,,,,5,4.8,ok
TIC 266376971,175.1677,-58.1043,8.28,0,,,,,4,4.2,ok
TIC 71093939,153.3663,-32.3936,8.28,0,,,,,7,7.3,ok
TIC 286058020,138.2984,1.963,8.28,0,,,,,3,3.8,ok
TIC 4807101,141.4372,-36.8055,8.28,0,,,,,1,1.7,ok
TIC 187242192,135.0222,-30.2034,8.28,0,,,,,4,4.4,ok
TIC 19907443,125.9922,-7.2643,8.28,0,,,,,5,5.0,ok
TIC 409945931,145.3371,-12.3085,8.28,0,,,,,6,6.3,ok
TIC 446934844,233.0288,-66.0927,8.28,0,,,,,9,9.3,ok
TIC 304229131,164.9137,-55.0295,8.28,0,,,,,7,8.0,ok
TIC 105799467,156.6988,-39.9018,8.28,0,,,,,6,7.0,ok
TIC 396544264,213.8753,-75.0751,8.28,0,,,,,9,9.4,ok
TIC 101413156,148.8679,-19.9792,8.28,0,,,,,7,7.7,ok
TIC 400861216,178.4089,-49.3206,8.28,0,,,,,3,3.4,ok
TIC 101319448,148.22,-18.2707,8.28,0,,,,,5,5.3,ok
TIC 405469312,143.4291,-14.3806,8.28,0,,,,,5,5.6,ok
TIC 33170236,148.5254,-8.7075,8.29,0,,,,,4,4.6,ok
TIC 168165478,193.4047,-50.9324,8.29,0,,,,,1,1.9,ok
TIC 165263878,191.9688,-48.6218,8.29,0,,,,,2,2.4,ok
TIC 121335355,129.0249,-1.7081,8.29,0,,,,,2,2.8,ok
TIC 411086700,160.7699,-48.6195,8.29,0,,,,,8,8.4,ok
TIC 1004005,130.2753,-16.2091,8.29,0,,,,,5,5.2,ok
TIC 375353364,152.0572,-43.1221,8.29,0,,,,,5,5.0,ok
TIC 37575651,135.3405,-28.3246,8.29,1,9.5991,16.5,rejete,variabilite_continue,3,5.1,ok
TIC 348785143,134.474,-12.3831,8.29,0,,,,,5,5.2,ok
TIC 306992293,178.5081,-41.4221,8.29,0,,,,,4,5.3,ok
TIC 92094974,172.3221,-52.2309,8.29,0,,,,,1,2.1,ok
TIC 395609561,208.3265,-74.2832,8.29,0,,,,,8,9.4,ok
TIC 309082111,168.1516,-58.644,8.29,0,,,,,5,5.6,ok
TIC 389252937,179.8296,-44.1494,8.29,0,,,,,6,6.1,ok
TIC 152179462,170.4109,-41.911,8.29,0,,,,,3,3.6,ok
TIC 359426350,183.5666,-72.1388,8.29,0,,,,,1,1.8,ok
TIC 102195230,154.2539,-42.2249,8.29,0,,,,,4,4.2,ok
TIC 403069041,226.7976,-72.5407,8.29,0,,,,,8,8.4,ok
TIC 176395269,131.5629,-19.1562,8.29,0,,,,,6,5.9,ok
TIC 261699332,227.207,-66.6003,8.29,0,,,,,7,8.1,ok
TIC 2020964,133.4586,-25.0843,8.29,0,,,,,6,6.6,ok
TIC 2251147,134.2046,-24.3607,8.29,0,,,,,5,5.3,ok
TIC 288770572,232.2733,-73.4615,8.29,0,,,,,5,5.1,ok
TIC 328478522,190.7117,-69.9895,8.29,0,,,,,4,4.7,ok
TIC 262553765,229.0489,-69.7504,8.29,0,,,,,7,7.6,ok
TIC 296850462,176.6987,-70.4147,8.29,0,,,,,4,4.5,ok
TIC 339511910,200.164,-69.1574,8.29,0,,,,,3,4.5,ok
TIC 62734648,145.1521,-0.2984,8.29,0,,,,,5,5.2,ok
TIC 324113376,176.8256,-61.4844,8.29,0,,,,,7,7.9,ok
TIC 395688038,208.8031,-72.7339,8.29,0,,,,,8,8.6,ok
TIC 72117906,186.248,-44.8767,8.3,0,,,,,3,4.2,ok
TIC 289539909,131.5076,-16.076,8.3,0,,,,,5,5.1,ok
TIC 93714388,175.8791,-50.9238,8.3,0,,,,,6,6.9,ok
TIC 193096221,156.8574,-27.237,8.3,0,,,,,7,7.5,ok
TIC 13348167,131.6474,-10.2266,8.3,0,,,,,5,5.8,ok
TIC 1522726,149.3879,-13.2135,8.3,0,,,,,4,4.5,ok
TIC 402802992,225.1325,-73.672,8.3,0,,,,,4,4.8,ok
TIC 48975228,163.9837,-33.0618,8.3,0,,,,,6,6.7,ok
TIC 13477983,132.271,-10.8674,8.3,0,,,,,4,4.7,ok
TIC 291915954,218.1055,-59.1127,8.3,0,,,,,6,6.9,ok
TIC 1648669,131.5472,-5.1509,8.3,0,,,,,5,5.0,ok
TIC 432186595,153.8762,-20.4001,8.3,0,,,,,6,6.2,ok
TIC 469348172,141.5522,2.678,8.3,0,,,,,5,5.0,ok
TIC 11969087,146.3509,-33.7974,8.3,0,,,,,3,3.4,ok
TIC 425321179,191.0544,-56.232,8.3,0,,,,,7,7.2,ok
TIC 48766203,162.2662,-35.8165,8.31,0,,,,,5,5.7,ok
TIC 19620549,140.0618,-34.7754,8.31,0,,,,,2,2.9,ok
TIC 33260898,149.3433,-9.8857,8.31,0,,,,,5,5.3,ok
TIC 259754892,153.4672,-49.2009,8.31,0,,,,,4,4.6,ok
TIC 432189365,154.0435,-21.524,8.31,0,,,,,4,4.3,ok
TIC 308640489,135.0176,-14.3075,8.31,0,,,,,3,3.7,ok
TIC 82317363,168.9526,-52.6123,8.31,0,,,,,7,7.4,ok
TIC 415023317,188.9587,-62.0351,8.31,0,,,,,7,7.7,ok
TIC 92168731,172.5375,-53.5058,8.31,0,,,,,7,7.7,ok
TIC 390668634,160.7276,-59.9721,8.31,0,,,,,6,8.1,ok
TIC 21893844,147.086,-24.7128,8.31,0,,,,,4,4.6,ok
TIC 1540365,131.0861,-5.0948,8.31,0,,,,,1,2.0,ok
TIC 95840695,135.9075,-11.9159,8.31,0,,,,,5,5.3,ok
TIC 210365233,212.0909,-57.3171,8.31,0,,,,,1,1.6,ok
TIC 408750249,213.5188,-56.0634,8.31,0,,,,,6,6.5,ok
TIC 467051976,167.5576,-60.7812,8.31,0,,,,,4,4.5,ok
TIC 178716657,125.3705,-5.5105,8.31,0,,,,,4,4.9,ok
TIC 1258971,137.5572,-15.0139,8.31,0,,,,,5,5.8,ok
TIC 401180820,186.1392,-55.9815,8.31,0,,,,,5,5.6,ok
TIC 338938729,189.6786,-64.6979,8.31,0,,,,,6,9.8,ok
TIC 262452631,228.7309,-68.9238,8.31,0,,,,,10,10.1,ok
TIC 340329485,201.3601,-68.1776,8.31,0,,,,,5,5.6,ok
TIC 72758691,188.5547,-45.9808,8.31,0,,,,,1,1.5,ok
TIC 273349137,188.8103,-55.8931,8.31,0,,,,,7,6.9,ok
TIC 23188797,166.5593,-34.878,8.31,0,,,,,4,5.1,ok
TIC 71226677,134.4714,-2.9502,8.31,0,,,,,3,3.7,ok
TIC 146236991,157.8896,-45.996,8.31,0,,,,,3,4.0,ok
TIC 37925216,136.5017,-26.2381,8.31,0,,,,,5,6.0,ok
TIC 286039259,137.9246,3.5667,8.31,0,,,,,6,6.4,ok
TIC 1679132,131.754,-2.5965,8.32,0,,,,,5,5.3,ok
TIC 358757194,151.3586,-44.8504,8.32,0,,,,,5,5.8,ok
TIC 167925952,151.7473,-24.594,8.32,0,,,,,6,6.2,ok
TIC 458609596,160.3761,-55.9582,8.32,0,,,,,7,7.6,ok
TIC 466360899,165.7002,-62.4804,8.32,0,,,,,8,8.6,ok
TIC 405632563,191.8753,-57.4412,8.32,0,,,,,3,3.3,ok
TIC 179665922,145.9735,-3.8729,8.32,0,,,,,4,4.1,ok
TIC 258406641,221.5882,-67.7713,8.32,0,,,,,7,7.6,ok
TIC 304053236,164.8197,-57.6807,8.32,0,,,,,7,7.8,ok
TIC 178660869,165.8743,-43.0228,8.32,0,,,,,8,8.7,ok
TIC 48335612,148.4644,-34.5286,8.32,0,,,,,6,6.0,ok
TIC 318463423,204.2919,-65.3099,8.32,0,,,,,1,1.5,ok
TIC 3996132,140.051,-38.0812,8.32,0,,,,,6,6.2,ok
TIC 5234091,142.5656,-39.905,8.32,0,,,,,7,7.1,ok
TIC 44636740,145.9403,-38.5875,8.32,0,,,,,7,7.3,ok
TIC 22085864,148.3888,-28.7596,8.32,0,,,,,5,5.1,ok
TIC 47214031,134.5081,-6.9416,8.32,0,,,,,5,5.0,ok
TIC 463638478,154.3703,-54.399,8.32,0,,,,,1,1.7,ok
TIC 277437485,140.0842,-4.6017,8.32,0,,,,,3,2.9,ok
TIC 33283409,149.5189,-10.7279,8.32,0,,,,,6,5.8,ok
TIC 92623659,173.5448,-48.7346,8.32,0,,,,,6,6.2,ok
TIC 60660469,138.2596,-7.5548,8.32,0,,,,,4,4.1,ok
TIC 307800599,138.1983,-16.7997,8.32,0,,,,,2,2.5,ok
TIC 147000930,161.6161,-47.6326,8.32,0,,,,,8,8.4,ok
TIC 465420045,163.2908,-62.4634,8.32,0,,,,,8,9.2,ok
TIC 451950526,173.0254,-58.2056,8.32,0,,,,,3,3.8,ok
TIC 158378363,163.3234,-39.5061,8.32,0,,,,,5,5.3,ok
TIC 21167907,187.0449,-51.7259,8.32,0,,,,,6,6.6,ok
TIC 46822538,142.1343,-9.4088,8.32,0,,,,,5,5.4,ok
TIC 385997634,217.0606,-60.1293,8.32,0,,,,,6,6.3,ok
TIC 71738687,166.6837,-43.6141,8.32,0,,,,,7,7.4,ok
TIC 288461830,200.7933,-55.2097,8.32,0,,,,,5,6.0,ok
TIC 318667559,173.2027,-63.4556,8.32,0,,,,,5,6.1,ok
TIC 317530127,172.6287,-62.1688,8.32,0,,,,,7,7.5,ok
TIC 209112607,209.8741,-57.4838,8.32,0,,,,,1,1.7,ok
TIC 51950059,143.3971,-19.497,8.32,0,,,,,5,4.9,ok
TIC 426130022,238.0178,-72.4849,8.32,0,,,,,2,2.5,ok
TIC 280871263,137.4119,-4.0182,8.33,0,,,,,4,4.1,ok
TIC 49091738,164.8079,-29.9381,8.33,0,,,,,4,5.1,ok
TIC 102979707,155.924,-42.4639,8.33,0,,,,,1,1.6,ok
TIC 188747368,220.9731,-55.2521,8.33,0,,,,,2,2.7,ok
TIC 220173568,154.859,-49.4162,8.33,0,,,,,2,3.5,ok
TIC 21818359,146.6786,-29.4785,8.33,0,,,,,4,4.0,ok
TIC 464296873,155.987,-57.4645,8.33,0,,28.8,rejete,variabilite_continue;eclipse_secondaire,8,14.2,ok
TIC 19149687,138.7455,-34.4631,8.33,0,,,,,6,6.0,ok
TIC 333684543,213.452,-60.9319,8.33,0,,,,,6,6.9,ok
TIC 386258533,127.3316,-12.0243,8.33,0,,,,,5,5.3,ok
TIC 281754681,186.091,-67.0612,8.33,0,,,,,6,6.6,ok
TIC 179663115,145.7325,-4.9273,8.33,0,,,,,5,4.9,ok
TIC 403763751,179.9978,-42.0937,8.33,0,,,,,7,7.6,ok
TIC 181155969,174.1445,-41.4677,8.33,0,,,,,3,3.5,ok
TIC 296810590,224.12,-60.1675,8.33,0,,,,,4,4.7,ok
TIC 305539512,139.2739,-17.4859,8.33,0,,,,,4,4.3,ok
TIC 340727509,201.9798,-68.2994,8.33,0,,,,,5,5.7,ok
TIC 401511153,215.4806,-73.3599,8.33,0,,,,,4,6.9,ok
TIC 281299017,151.1985,-18.2081,8.33,0,,,,,6,6.4,ok
TIC 1969495,133.1507,-28.5072,8.33,0,,,,,6,5.9,ok
TIC 330114670,211.7747,-62.2773,8.33,0,,,,,4,4.5,ok
TIC 464628809,156.8111,-58.0844,8.34,0,,,,,7,8.2,ok
TIC 169786455,194.401,-49.7806,8.34,0,,,,,6,6.1,ok
TIC 426873110,236.6175,-69.8629,8.34,0,,,,,6,6.3,ok
TIC 289403176,131.0655,-14.446,8.34,0,,,,,5,5.6,ok
TIC 106193956,158.4773,-37.1537,8.34,0,,,,,4,4.4,ok
TIC 1401516,140.2168,-12.5614,8.34,0,,,,,4,4.9,ok
TIC 333009857,180.8028,-49.1889,8.34,0,,,,,3,3.8,ok
TIC 21989720,182.5913,-43.8709,8.34,0,,,,,6,6.3,ok
TIC 33246163,144.934,-44.2313,8.34,0,,,,,8,8.0,ok
TIC 296252609,125.0741,-12.1318,8.34,0,,,,,5,5.2,ok
TIC 341693821,203.5986,-66.521,8.34,0,,,,,4,4.6,ok
TIC 13435933,131.9888,-11.7689,8.34,0,,,,,2,2.5,ok
TIC 448269292,158.5265,-52.1818,8.34,0,,,,,6,6.4,ok
TIC 178629970,124.8502,-2.6889,8.34,0,,,,,3,3.5,ok
TIC 3516034,139.3698,-41.8123,8.34,0,,,,,5,5.8,ok
TIC 312803013,182.9081,-71.1767,8.34,0,,,,,7,7.4,ok
TIC 464967740,162.0782,-63.1451,8.34,0,,,,,7,7.2,ok
TIC 304803692,178.1198,-61.5241,8.34,0,,,,,3,4.0,ok
TIC 322553608,175.901,-63.3048,8.34,0,,,,,6,6.3,ok
TIC 19566225,124.8493,-9.8088,8.34,0,,,,,3,3.2,ok
TIC 244933417,196.8892,-52.9056,8.34,0,,,,,5,5.5,ok
TIC 415435961,131.0899,-20.8336,8.34,0,,,,,5,5.1,ok
TIC 395425079,218.8391,-62.378,8.34,0,,19.6,rejete,variabilite_continue,6,10.1,ok
TIC 56555162,147.7982,-6.9792,8.34,0,,,,,5,6.0,ok
TIC 334653999,141.3232,-17.1034,8.34,0,,,,,3,3.2,ok
TIC 158293963,162.8909,-41.7861,8.34,0,,,,,7,7.4,ok
TIC 451444491,171.6537,-59.4371,8.34,0,,,,,6,6.1,ok
TIC 347446983,133.3827,-17.2287,8.34,0,,,,,2,2.3,ok
TIC 450957950,187.2587,-64.9169,8.34,0,,,,,6,6.2,ok
TIC 92391785,172.8218,-49.6713,8.34,0,,,,,6,6.3,ok
TIC 45046261,147.1958,-36.559,8.35,0,,,,,6,5.9,ok
TIC 162096886,168.278,-47.6727,8.35,0,,,,,8,8.1,ok
TIC 308594981,222.8714,-52.2901,8.35,0,,,,,5,5.1,ok
TIC 334438059,213.7719,-61.6531,8.35,0,,,,,5,5.4,ok
TIC 60983070,140.5151,-9.9046,8.35,0,,,,,4,4.5,ok
TIC 380605494,206.7407,-60.3163,8.35,0,,,,,6,6.1,ok
TIC 336945444,196.5436,-68.1596,8.35,0,,,,,5,5.5,ok
TIC 70443179,138.7732,-24.6538,8.35,0,,,,,5,6.1,ok
TIC 103555745,157.4135,-43.8709,8.35,0,,18.1,rejete,variabilite_continue;eclipse_secondaire,5,8.8,ok
TIC 169786114,194.2597,-48.9632,8.35,0,,,,,3,3.4,ok
TIC 71493811,155.4897,-30.6846,8.35,0,,,,,7,7.8,ok
TIC 375442569,152.3086,-44.1976,8.35,0,,,,,5,5.6,ok
TIC 13431303,131.9524,-8.3649,8.35,0,,,,,5,5.1,ok
TIC 292227381,221.3102,-62.1897,8.35,0,,,,,7,7.2,ok
TIC 5346072,139.0349,-22.5196,8.35,0,,,,,2,2.7,ok
TIC 47249858,134.7944,-7.902,8.35,0,,,,,5,4.9,ok
TIC 62355912,127.5208,-5.0747,8.35,0,,,,,3,3.4,ok
TIC 117889261,128.2406,-19.9292,8.35,0,,,,,3,3.3,ok
TIC 297225297,179.9385,-66.939,8.36,0,,,,,6,6.2,ok
TIC 61599476,176.5768,-46.2289,8.36,0,,,,,4,4.1,ok
TIC 73338645,190.6315,-47.267,8.36,0,,,,,7,7.2,ok
TIC 162805915,171.1505,-45.4452,8.36,0,,,,,5,5.1,ok
TIC 441547170,197.6255,-60.8521,8.36,0,,,,,4,4.7,ok
TIC 119918024,162.2829,-48.7001,8.36,0,,,,,7,6.8,ok
TIC 67403112,182.0022,-58.753,8.36,0,,,,,3,3.5,ok
TIC 53668717,157.4807,-33.3305,8.36,0,,,,,6,6.1,ok
TIC 317795621,172.7787,-62.9469,8.36,0,,,,,6,6.4,ok
TIC 375349954,152.0367,-41.8897,8.36,0,,,,,7,7.4,ok
TIC 466297315,165.434,-60.3264,8.36,0,,,,,5,5.3,ok
TIC 44570978,145.8532,-39.9409,8.36,0,,,,,6,6.5,ok
TIC 340864805,202.228,-66.9679,8.36,0,,,,,4,4.5,ok
TIC 48831846,162.8236,-33.0119,8.36,0,,,,,5,5.3,ok
TIC 325165079,177.4194,-63.2121,8.36,0,,,,,7,7.6,ok
TIC 275544993,178.9418,-44.5101,8.36,0,,,,,6,6.1,ok
TIC 289671159,146.2025,-16.8461,8.36,0,,,,,2,2.3,ok
TIC 275589659,178.9508,-47.3556,8.36,0,,,,,7,7.4,ok
TIC 305752784,178.8262,-62.7143,8.36,0,,,,,6,6.3,ok
TIC 167978341,152.028,-26.3425,8.36,0,,,,,6,5.9,ok
TIC 311844434,181.6179,-68.9913,8.36,0,,,,,7,7.1,ok
TIC 291540474,217.8242,-55.0753,8.36,0,,,,,6,6.0,ok
TIC 307979845,154.8363,-17.4746,8.36,0,,,,,2,2.4,ok
TIC 82590111,169.5765,-50.1506,8.36,0,,,,,2,2.4,ok
TIC 192865791,221.9744,-56.0435,8.36,0,,,,,6,6.2,ok
TIC 287099883,163.432,-29.9127,8.36,0,,,,,3,3.6,ok
TIC 127516619,228.4642,-52.0999,8.36,0,,,,,5,5.3,ok
TIC 271942422,187.3227,-57.0142,8.36,0,,,,,6,6.2,ok
TIC 410122680,133.2583,-18.2575,8.36,0,,,,,4,4.3,ok
TIC 71216609,153.934,-35.0575,8.36,0,,,,,5,5.6,ok
TIC 21819368,181.5215,-45.8904,8.37,0,,,,,6,6.1,ok
TIC 400801534,178.1849,-52.9939,8.37,0,,12.1,rejete,variabilite_continue;eclipse_secondaire,6,9.8,ok
TIC 244945488,197.0844,-50.4607,8.37,0,,,,,3,8.5,ok
TIC 400692763,220.1638,-64.4049,8.37,0,,,,,8,7.8,ok
TIC 91475048,171.0077,-52.6965,8.37,0,,,,,1,1.5,ok
TIC 162146411,168.4123,-42.6374,8.37,0,,,,,5,5.1,ok
TIC 449038932,215.6097,-68.5227,8.37,0,,,,,6,6.2,ok
TIC 461002052,232.2605,-61.6018,8.37,0,,,,,6,6.1,ok
TIC 37432869,134.9687,-25.8487,8.37,0,,,,,2,2.3,ok
TIC 67328376,181.8395,-58.5832,8.37,0,,,,,6,5.9,ok
TIC 60788872,139.1738,-10.9391,8.37,0,,,,,5,5.0,ok
TIC 337235005,197.1974,-69.7234,8.37,0,,,,,3,3.4,ok
TIC 329541516,191.9807,-71.5962,8.37,0,,,,,7,6.9,ok
TIC 48432406,149.907,-33.4754,8.37,0,,,,,5,5.5,ok
TIC 328236670,190.3335,-68.5748,8.37,0,,,,,7,7.3,ok
TIC 402751959,224.6846,-75.5485,8.37,0,,,,,8,8.4,ok
TIC 187477819,220.459,-56.7211,8.37,0,,,,,6,6.8,ok
TIC 21712079,180.6995,-42.773,8.37,0,,,,,3,3.3,ok
TIC 462386624,151.1963,-54.4,8.37,0,,,,,5,5.1,ok
TIC 73768564,155.9534,-38.5065,8.37,0,,,,,6,6.0,ok
TIC 348964551,149.3039,-16.7511,8.38,0,,,,,5,4.8,ok
TIC 324268119,177.0,-62.2069,8.38,0,,,,,6,6.3,ok
TIC 288769184,231.9213,-72.8299,8.38,0,,,,,4,4.4,ok
TIC 331325958,214.4143,-51.5419,8.38,0,,,,,6,6.4,ok
TIC 167209483,193.1319,-53.0467,8.38,0,,,,,6,6.1,ok
TIC 29915549,166.2188,-37.7037,8.38,0,,,,,5,5.2,ok
TIC 163648061,191.5676,-49.312,8.38,0,,,,,4,4.2,ok
TIC 25055988,142.7829,-32.1571,8.38,0,,,,,2,2.4,ok
TIC 61983733,178.0039,-43.9585,8.38,0,,,,,5,5.0,ok
TIC 32651288,143.7522,-44.5724,8.38,0,,,,,7,6.9,ok
TIC 263707056,234.8554,-66.5067,8.38,0,,,,,5,5.2,ok
TIC 299684236,208.0322,-65.5428,8.38,0,,,,,7,7.2,ok
TIC 263784500,235.1294,-68.8048,8.38,0,,,,,1,1.8,ok
TIC 263500760,231.0666,-66.4105,8.38,0,,,,,5,5.1,ok
TIC 447997909,185.2478,-70.2901,8.38,0,,,,,6,6.1,ok
TIC 259223081,223.0666,-70.7247,8.38,0,,,,,9,8.9,ok
TIC 106633826,160.4336,-40.2061,8.38,0,,,,,6,6.2,ok
TIC 432105214,136.902,-18.704,8.38,0,,,,,1,1.4,ok
TIC 410663442,177.589,-66.9959,8.38,0,,,,,1,1.8,ok
TIC 280870581,137.3841,-2.4328,8.38,0,,,,,3,3.2,ok
TIC 438816206,202.0922,-51.2926,8.38,0,,,,,6,6.4,ok
TIC 295853424,223.4381,-62.8596,8.38,0,,,,,6,6.6,ok
TIC 19072550,123.2128,-6.6525,8.38,0,,,,,3,3.2,ok
TIC 342586542,204.9719,-71.1472,8.38,0,,,,,8,8.0,ok
TIC 413561686,215.1757,-54.4704,8.38,0,,,,,6,6.1,ok
TIC 272794232,161.5452,-53.3208,8.38,0,,,,,5,5.2,ok
TIC 94090049,176.6779,-53.1584,8.38,0,,,,,4,4.2,ok
TIC 332789595,215.9616,-51.6588,8.38,0,,,,,5,5.2,ok
TIC 464097208,155.4722,-59.9255,8.38,0,,,,,5,5.2,ok
TIC 54254220,161.1837,-35.6671,8.38,0,,,,,5,5.3,ok
TIC 54357101,161.7376,-33.4144,8.38,0,,,,,6,6.1,ok
TIC 18650179,137.6611,-33.1016,8.38,0,,,,,3,3.5,ok
TIC 280672231,172.961,-68.0579,8.38,0,,,,,3,3.4,ok
TIC 262747423,141.2161,1.033,8.38,0,,,,,2,2.3,ok
TIC 327017634,210.4274,-63.8526,8.39,0,,,,,8,8.2,ok
TIC 361533372,194.0468,-71.8957,8.39,0,,,,,6,5.8,ok
TIC 51870154,136.3801,-20.473,8.39,0,,,,,4,4.2,ok
TIC 45772916,149.2407,-41.8485,8.39,0,,,,,6,6.3,ok
TIC 426001948,236.5506,-73.9807,8.39,0,,,,,9,8.7,ok
TIC 49003307,164.0335,-34.876,8.39,0,,,,,6,6.0,ok
TIC 466794135,167.0452,-64.4877,8.39,0,,,,,3,3.4,ok
TIC 21825806,181.6979,-44.7064,8.39,0,,,,,6,6.2,ok
TIC 103112809,156.5423,-44.4727,8.39,0,,,,,7,6.7,ok
TIC 19491373,139.61,-31.3454,8.39,0,,,,,5,5.5,ok
TIC 382755312,183.5823,-60.0429,8.39,0,,,,,3,3.3,ok
TIC 47055672,144.15,-10.8015,8.39,0,,,,,4,4.0,ok
TIC 102559694,154.9728,-47.099,8.39,0,,,,,1,2.0,ok
TIC 47291596,134.9924,-8.6259,8.39,0,,,,,4,4.0,ok
TIC 321947833,175.7052,-62.5653,8.39,0,,,,,7,7.1,ok
TIC 334680572,183.632,-52.6654,8.39,0,,,,,6,5.8,ok
TIC 22560169,184.6425,-46.638,8.39,0,,,,,5,5.2,ok
TIC 401282871,188.1227,-49.9429,8.39,0,,,,,5,4.9,ok
TIC 319936861,174.5506,-63.3908,8.39,0,,,,,7,7.2,ok
TIC 448291130,209.3699,-68.2358,8.39,0,,,,,7,7.3,ok
TIC 72657741,151.9183,-37.8983,8.39,0,,,,,2,2.5,ok
TIC 448539216,166.027,-32.5887,8.39,0,,,,,5,5.1,ok
TIC 458373790,159.747,-57.7782,8.39,0,,,,,3,3.3,ok
TIC 890962,127.0433,-13.2339,8.39,0,,,,,5,5.1,ok
TIC 119061368,135.8678,-22.9976,8.39,0,,,,,6,6.1,ok
TIC 70872241,152.3384,-32.1366,8.39,0,,,,,8,7.8,ok
TIC 158644810,164.8546,-36.2928,8.39,0,,,,,6,6.1,ok
TIC 119080264,136.0095,-18.5444,8.39,0,,12.2,rejete,variabilite_continue;eclipse_secondaire,6,9.8,ok
TIC 241553467,206.8041,-52.4863,8.39,0,,,,,5,5.2,ok
TIC 219998924,154.6246,-52.8205,8.39,0,,,,,7,6.9,ok
TIC 22221279,148.9198,-23.9268,8.4,0,,,,,6,6.0,ok
TIC 2020365,133.3942,-24.6031,8.4,0,,,,,7,6.9,ok
TIC 406589745,198.1595,-56.1183,8.4,0,,,,,6,6.1,ok
TIC 275543197,179.0163,-42.7712,8.4,0,,,,,2,2.3,ok
TIC 296682763,176.3047,-67.6979,8.4,0,,,,,8,8.0,ok
TIC 53731665,158.1046,-30.7954,8.4,0,,,,,6,5.9,ok
TIC 433084210,181.152,-58.6523,8.4,0,,,,,8,8.3,ok
TIC 253375601,196.2794,-57.7404,8.4,0,,,,,1,1.6,ok
TIC 102056420,153.9439,-44.0898,8.4,0,,,,,5,5.5,ok
TIC 35681188,225.068,-58.0009,8.4,0,,,,,7,7.0,ok
TIC 53931980,159.0783,-32.831,8.4,1,1.6196,12.0,rejete,variabilite_continue;eclipse_secondaire,4,7.4,ok
TIC 189619748,143.9712,-25.144,8.4,0,,,,,5,5.0,ok
TIC 451650073,172.2677,-56.0017,8.4,0,,,,,5,6.1,ok
TIC 162404872,190.5239,-50.6501,8.4,0,,,,,1,1.9,ok
TIC 241587504,207.1149,-52.7215,8.4,0,,,,,2,2.5,ok
TIC 337507488,197.5066,-66.7291,8.4,0,,,,,3,3.8,ok
TIC 457366233,206.141,-58.8236,8.4,0,,,,,7,7.3,ok
TIC 210854188,212.9626,-54.306,8.4,0,,,,,4,4.8,ok
TIC 265726892,174.4178,-54.8481,8.4,0,,,,,1,1.5,ok
TIC 429141928,174.5387,-44.1001,8.4,0,,,,,6,6.3,ok
TIC 146723975,160.3214,-42.2726,8.4,0,,,,,7,7.8,ok
TIC 2241706,133.8839,-29.306,8.4,0,,,,,5,5.4,ok
TIC 21840773,146.9124,-27.1011,8.41,0,,,,,6,5.9,ok
TIC 292108885,221.2006,-61.3749,8.41,0,,,,,7,7.5,ok
TIC 403486012,220.9168,-60.1279,8.41,0,,,,,6,7.0,ok
TIC 77520806,142.0533,-5.4705,8.41,0,,,,,2,2.5,ok
TIC 208101888,207.8915,-58.5395,8.41,0,,,,,4,5.2,ok
TIC 273051328,170.5683,-49.9239,8.41,0,,,,,2,2.3,ok
TIC 432082139,136.7163,-23.3275,8.41,0,,,,,2,2.9,ok
TIC 22564687,184.9012,-45.76,8.41,0,,,,,5,5.7,ok
TIC 410251532,134.2075,-22.5254,8.41,0,,,,,6,6.5,ok
TIC 400794449,167.3608,-66.0204,8.41,0,,,,,7,8.0,ok
TIC 189058126,140.3457,-29.6747,8.41,0,,,,,5,5.6,ok
TIC 49068051,164.7385,-34.49,8.41,0,,,,,2,3.4,ok
TIC 162583544,170.114,-47.1468,8.41,0,,,,,8,8.5,ok
TIC 305447083,165.9189,-59.4331,8.41,0,,,,,5,5.3,ok
TIC 38153086,137.2789,-25.6303,8.41,0,,,,,4,5.3,ok
TIC 296656196,141.7221,-16.285,8.41,0,,,,,4,4.6,ok
TIC 1538422,130.9912,-3.2178,8.41,0,,,,,5,5.0,ok
TIC 253260943,195.4892,-55.5725,8.41,0,,,,,3,3.5,ok
TIC 290527351,173.7071,-61.3797,8.41,0,,,,,7,7.5,ok
TIC 408381079,145.3667,-21.7914,8.41,0,,,,,5,5.3,ok
TIC 303591615,160.1098,-52.3623,8.41,0,,,,,9,9.4,ok
TIC 300041627,141.2479,-1.2296,8.41,0,,,,,2,2.4,ok
TIC 94465914,177.5184,-53.0837,8.42,0,,,,,3,3.3,ok
TIC 336183422,195.6817,-66.6877,8.42,0,,,,,4,4.7,ok
TIC 366090760,221.8525,-53.2102,8.42,0,,,,,3,3.7,ok
TIC 461061671,232.5636,-64.0196,8.42,0,,,,,7,9.0,ok
TIC 207786920,207.2881,-54.2286,8.42,0,,,,,7,7.7,ok
TIC 296494110,125.5102,-12.7846,8.42,0,,,,,4,4.1,ok
TIC 466211032,165.1493,-65.7568,8.42,0,,,,,3,3.8,ok
TIC 438134763,194.8385,-62.2891,8.42,0,,,,,3,3.4,ok
TIC 35429856,148.5192,-43.9372,8.42,0,,,,,7,7.6,ok
TIC 19122666,123.4623,-7.6405,8.42,0,,,,,?,1.9,erreur
TIC 105708638,156.2879,-41.3791,8.42,0,,,,,6,7.1,ok
TIC 400965223,185.3023,-57.3039,8.42,0,,,,,5,5.3,ok
TIC 401278539,187.8618,-48.7046,8.42,0,,,,,6,6.9,ok
TIC 1190934,136.0163,-16.8852,8.42,0,,,,,4,4.4,ok
TIC 151862800,168.359,-39.9254,8.42,0,,,,,6,6.1,ok
TIC 24837248,142.1928,-34.7006,8.42,0,,,,,2,2.3,ok
TIC 189529184,143.4015,-24.5954,8.42,0,,,,,5,5.3,ok
TIC 94382737,177.4125,-50.248,8.42,0,,,,,4,5.1,ok
TIC 149698595,130.1344,-0.4256,8.42,0,,,,,3,3.3,ok
TIC 149696043,130.0131,-5.1133,8.42,0,,,,,2,2.2,ok
TIC 376103504,179.3496,-58.5319,8.43,0,,,,,6,6.0,ok
TIC 330987798,214.0705,-53.8173,8.43,0,,,,,5,6.1,ok
TIC 22101487,182.9636,-45.1152,8.43,0,,,,,3,3.3,ok
TIC 259999047,144.9381,-41.065,8.43,0,,,,,7,7.7,ok
TIC 189624387,144.1179,-29.3067,8.43,0,,,,,5,5.0,ok
TIC 348882312,148.3252,-15.9602,8.43,0,,,,,6,5.6,ok
TIC 332360870,179.7638,-48.3414,8.43,0,,,,,3,3.3,ok
TIC 22283726,149.4616,-28.5654,8.43,0,,,,,5,6.0,ok
TIC 465700747,164.0592,-61.7896,8.43,0,,,,,7,7.6,ok
TIC 162399127,190.7283,-50.8168,8.43,0,,,,,5,5.1,ok
TIC 294087284,130.3445,-23.0042,8.43,0,,,,,6,5.8,ok
TIC 333386671,181.4474,-51.0034,8.43,0,,,,,6,6.0,ok
TIC 434478521,156.1789,-21.5284,8.43,0,,,,,5,5.0,ok
TIC 256467019,200.0561,-55.7656,8.43,1,1.054,14.6,rejete,variabilite_continue;eclipse_secondaire,3,5.8,ok
TIC 311450036,185.6792,-65.4356,8.43,0,,,,,6,6.6,ok
TIC 448268886,158.5163,-51.4211,8.43,0,,,,,1,1.5,ok
TIC 292775459,221.654,-60.0304,8.43,0,,,,,4,4.4,ok
TIC 319216836,174.2805,-65.6364,8.43,0,,,,,2,2.4,ok
TIC 23613091,169.7388,-35.202,8.43,0,,,,,6,6.2,ok
TIC 5508287,155.511,-23.338,8.43,0,,,,,6,5.8,ok
TIC 73629828,155.2322,-37.957,8.43,0,,,,,5,5.3,ok
TIC 259838889,223.9304,-70.3405,8.43,1,1.0743,18.1,rejete,variabilite_continue;eclipse_secondaire,4,6.8,ok
TIC 163563652,174.2947,-47.3923,8.43,0,,,,,2,2.4,ok
TIC 290611200,140.5531,1.493,8.43,0,,,,,4,3.8,ok
TIC 332655814,149.9308,-14.5703,8.44,0,,,,,5,4.9,ok
TIC 325970543,209.8437,-64.5855,8.44,0,,,,,6,6.1,ok
TIC 309191721,184.5195,-60.6748,8.44,0,,,,,3,3.8,ok
TIC 152364904,171.1363,-37.1891,8.44,0,,,,,5,5.3,ok
TIC 152147367,170.0012,-39.6164,8.44,0,,,,,7,7.3,ok
TIC 307905437,138.6785,-12.3217,8.44,0,,,,,5,5.3,ok
TIC 71342915,154.7933,-34.8054,8.44,0,,,,,6,6.4,ok
TIC 167904255,151.5663,-28.8633,8.44,0,,,,,7,7.2,ok
TIC 50999545,127.4626,-7.0789,8.44,0,,,,,4,4.6,ok
TIC 333823407,182.2763,-51.1468,8.44,0,,,,,5,5.2,ok
TIC 434478160,156.2602,-22.4995,8.44,0,,,,,6,6.2,ok
TIC 118906715,135.1221,-18.2294,8.44,0,,,,,5,4.7,ok
TIC 51325056,128.7318,-10.9283,8.44,0,,,,,3,3.1,ok
TIC 178413629,164.6674,-44.9034,8.44,0,,,,,7,6.6,ok
TIC 77482535,141.7864,-4.7553,8.44,0,,,,,4,4.2,ok
TIC 270680108,137.096,3.1696,8.44,0,,,,,4,3.9,ok
TIC 319501215,174.1314,-61.5738,8.44,0,,,,,2,2.8,ok
TIC 412015734,214.4743,-54.4716,8.44,0,,,,,4,4.2,ok
TIC 2972571,138.5247,-40.667,8.44,0,,,,,2,2.3,ok
TIC 35123394,147.7962,-45.2551,8.44,0,,,,,4,4.2,ok
TIC 229838873,137.6737,-20.6703,8.44,0,,,,,4,4.1,ok
TIC 280850946,173.4931,-69.0766,8.44,0,,,,,1,1.7,ok
TIC 15370489,185.1127,-51.974,8.44,0,,,,,3,3.5,ok
TIC 277962510,177.7435,-41.7396,8.44,0,,,,,8,7.8,ok
TIC 280238605,203.8756,-54.5703,8.44,0,,,,,7,7.1,ok
TIC 281231637,139.7959,-5.3237,8.45,0,,,,,2,2.5,ok
TIC 81078129,166.6798,-53.6453,8.45,0,,,,,1,1.9,ok
TIC 81077799,166.6366,-53.732,8.45,1,9.222,80.8,rejete,variabilite_continue,6,10.4,ok
TIC 454616817,226.9551,-64.0797,8.45,0,,,,,1,1.6,ok
TIC 402177975,220.2603,-73.8254,8.45,0,,,,,4,4.1,ok
TIC 348831962,134.5663,-16.5102,8.45,0,,,,,1,1.4,ok
TIC 332003916,179.1084,-48.7949,8.45,0,,,,,5,4.8,ok
TIC 54045341,159.9038,-31.0057,8.45,0,,,,,5,5.3,ok
TIC 163361708,173.4797,-45.9502,8.45,0,,,,,1,1.4,ok
TIC 132966319,149.2345,-49.0838,8.45,0,,,,,7,7.2,ok
TIC 455776469,230.1076,-65.1753,8.45,0,,,,,8,8.3,ok
TIC 358848663,151.3519,-21.4699,8.45,0,,,,,5,4.9,ok
TIC 67531167,182.1146,-56.2867,8.45,0,,,,,5,4.9,ok
TIC 281232215,139.8349,-3.682,8.45,0,,,,,4,3.8,ok
TIC 158327785,163.1038,-38.8136,8.45,0,,,,,3,3.2,ok
TIC 101062050,129.7623,-15.1616,8.45,0,,,,,3,3.2,ok
TIC 210767935,212.9024,-59.8362,8.45,0,,,,,4,4.4,ok
TIC 308933545,150.7107,-27.0183,8.45,0,,,,,2,2.3,ok
TIC 46878407,142.6286,-10.6559,8.45,0,,,,,5,5.1,ok
TIC 439971546,196.2714,-64.2321,8.46,0,,,,,6,5.9,ok
TIC 422168457,150.9194,-15.4401,8.46,0,,,,,6,5.9,ok
TIC 107011443,161.9667,-39.2825,8.46,0,,,,,7,7.1,ok
TIC 2350053,134.1339,-28.6057,8.46,0,,,,,6,6.0,ok
TIC 296728505,141.9361,-12.1422,8.46,0,,,,,5,5.0,ok
TIC 94178495,176.8519,-49.8842,8.46,0,,,,,7,7.4,ok
TIC 96091947,146.752,-8.5224,8.46,0,,,,,2,2.1,ok
TIC 162810404,171.4023,-47.2636,8.46,0,,,,,2,2.5,ok
TIC 467980197,169.9779,-63.7502,8.46,0,,,,,7,7.4,ok
TIC 92241910,172.6085,-48.1595,8.46,0,,,,,1,1.4,ok
TIC 345182054,177.4201,-40.5505,8.46,0,,,,,8,8.3,ok
TIC 241424997,205.2728,-52.7758,8.46,0,,,,,8,8.2,ok
TIC 290588818,140.0798,0.723,8.46,0,,,,,4,3.8,ok
TIC 25450219,144.1938,-34.7388,8.46,0,,,,,6,5.8,ok
TIC 450941920,187.4059,-63.2724,8.46,0,,,,,6,6.1,ok
TIC 384578594,216.357,-64.4596,8.46,0,,,,,4,4.2,ok
TIC 186611643,132.9887,-30.2945,8.46,0,,,,,2,2.3,ok
TIC 61372132,175.6331,-42.105,8.46,0,,,,,8,7.9,ok
TIC 151913765,168.3998,-38.7619,8.46,0,,,,,7,6.9,ok
TIC 319126228,173.6381,-63.9554,8.46,0,,,,,6,6.0,ok
TIC 334632171,141.2552,-14.9681,8.46,0,,,,,5,5.1,ok
TIC 433440449,183.0452,-58.8183,8.46,0,,,,,3,3.4,ok
TIC 307771445,138.0829,-13.8579,8.46,0,,,,,2,2.3,ok
TIC 106263313,158.7634,-39.5526,8.46,0,,,,,3,3.6,ok
TIC 47142440,144.9998,-6.7823,8.47,0,,,,,2,2.6,ok
TIC 100944917,129.385,-16.0778,8.47,0,,,,,5,5.0,ok
TIC 454916365,227.6852,-60.1055,8.47,0,,,,,3,3.2,ok
TIC 294257095,156.8856,-20.4045,8.47,0,,,,,1,1.5,ok
TIC 193272979,158.6146,-26.3301,8.47,0,,,,,2,2.4,ok
TIC 89720152,204.0729,-57.3748,8.47,0,,,,,4,5.1,ok
TIC 313085136,201.8853,-63.5394,8.47,0,,,,,4,4.7,ok
TIC 93765779,176.0404,-53.7484,8.47,0,,,,,4,4.5,ok
TIC 466494558,165.9394,-60.5795,8.47,0,,,,,5,5.3,ok
TIC 33883331,145.9453,-45.7276,8.47,0,,,,,4,4.1,ok
TIC 433276704,182.7277,-56.4258,8.47,0,,,,,4,4.4,ok
TIC 408351779,144.9507,-19.5541,8.47,0,,,,,5,5.2,ok
TIC 149666435,129.6878,-5.8358,8.47,0,,,,,4,4.2,ok
TIC 37364734,134.5672,-24.4286,8.47,0,,,,,1,1.6,ok
TIC 4727022,141.3451,-41.372,8.47,0,,,,,5,5.6,ok
TIC 293606013,149.5798,-16.98,8.47,0,,,,,1,1.5,ok
TIC 315451289,171.1993,-64.0971,8.47,0,,,,,2,2.3,ok
TIC 162892242,171.5758,-43.0911,8.47,0,,,,,6,6.2,ok
TIC 425314091,191.1104,-54.3468,8.47,0,,,,,7,7.2,ok
TIC 420007634,202.9517,-53.5588,8.47,0,,,,,8,7.8,ok
TIC 335601064,194.8658,-67.6116,8.47,0,,,,,3,3.5,ok
TIC 245382003,199.7762,-53.0787,8.48,0,,,,,4,4.2,ok
TIC 426609952,235.6644,-71.0625,8.48,0,,,,,7,7.1,ok
TIC 312839768,210.996,-53.7196,8.48,0,,,,,5,5.2,ok
TIC 272788003,161.58,-51.1913,8.48,0,,,,,7,7.1,ok
TIC 21951852,182.1788,-43.0016,8.48,0,,,,,7,6.9,ok
TIC 413110354,204.7767,-56.6039,8.48,0,,,,,5,5.1,ok
TIC 334303004,183.0279,-48.3183,8.48,0,,,,,4,4.1,ok
TIC 54777611,130.3211,-6.5341,8.48,0,,,,,2,2.4,ok
TIC 264014201,216.9714,-58.431,8.48,0,,,,,6,5.9,ok
TIC 47173132,145.2937,-9.5317,8.48,0,,,,,5,4.9,ok
TIC 147022963,161.5818,-43.5919,8.48,0,,,,,6,6.0,ok
TIC 90803175,216.439,-54.7127,8.48,0,,,,,3,3.2,ok
TIC 22030608,182.8431,-46.0247,8.48,0,,,,,6,5.8,ok
TIC 415238649,189.1927,-62.9032,8.48,0,,,,,3,3.3,ok
TIC 253958220,199.0907,-59.1354,8.48,0,,,,,2,2.3,ok
TIC 466211456,165.2285,-65.8497,8.48,0,,,,,7,7.0,ok
TIC 329806935,212.7403,-52.0595,8.48,0,,,,,5,5.2,ok
TIC 19120230,123.4934,-10.0322,8.48,0,,,,,1,1.5,ok
TIC 273318036,185.6946,-53.6129,8.48,0,,21.7,rejete,variabilite_continue;eclipse_secondaire,7,11.4,ok
TIC 410131190,133.4531,-20.9928,8.49,0,,,,,6,10.8,ok
TIC 38151688,137.2646,-27.0305,8.49,0,,,,,5,5.0,ok
TIC 72482842,151.4616,-38.663,8.49,0,,,,,6,6.3,ok
TIC 297461809,180.3476,-71.2272,8.49,0,,75.7,rejete,variabilite_continue;eclipse_secondaire,7,11.0,ok
TIC 273119951,178.7799,-52.1482,8.49,0,,,,,5,5.1,ok
TIC 19261066,123.9861,-9.0591,8.49,0,,,,,5,5.1,ok
TIC 122578658,227.3319,-52.9911,8.49,0,,,,,5,5.3,ok
TIC 342893237,205.212,-69.9908,8.49,0,,,,,3,3.4,ok
TIC 386317078,127.7233,-12.6513,8.49,0,,,,,5,4.9,ok
TIC 33302785,149.836,-9.2051,8.49,0,,,,,1,1.5,ok
TIC 277435848,139.9881,-2.1325,8.49,0,,,,,2,2.2,ok
TIC 337917222,198.1838,-66.0015,8.49,0,,,,,4,4.3,ok
TIC 32645011,143.7248,-46.837,8.49,0,,,,,7,7.4,ok
TIC 178342132,164.2384,-42.9035,8.49,0,,,,,5,5.3,ok
TIC 292419302,218.469,-54.488,8.49,0,,,,,5,5.2,ok
TIC 191312968,221.508,-56.4957,8.49,0,,,,,6,6.3,ok
TIC 53857844,158.9398,-34.0049,8.49,0,,,,,6,6.2,ok
TIC 423318344,140.7532,-21.7157,8.49,0,,,,,1,1.5,ok
TIC 61003656,140.7627,-11.122,8.49,0,,,,,1,1.3,ok
TIC 132482589,148.7605,-50.6733,8.5,0,,,,,7,7.2,ok
TIC 20037193,136.8543,-6.0032,8.5,0,,,,,4,3.9,ok
TIC 35905913,225.0158,-55.0502,8.5,0,,,,,6,6.0,ok
TIC 48826262,162.7218,-34.1831,8.5,0,,,,,2,2.4,ok
TIC 158151337,162.1991,-38.0511,8.5,0,,,,,5,5.2,ok
TIC 81848440,168.1274,-51.7257,8.5,0,,,,,7,6.9,ok
TIC 192990045,155.2403,-28.7403,8.5,0,,,,,6,6.0,ok
TIC 449557403,200.3636,-63.2277,8.5,0,,,,,4,4.2,ok
TIC 333190984,213.419,-62.4935,8.5,0,,,,,6,6.2,ok
TIC 241454797,205.5989,-51.6535,8.5,0,,,,,4,4.2,ok
TIC 51035958,127.621,-8.0092,8.5,0,,,,,5,5.0,ok
TIC 131855129,147.9849,-52.3629,8.5,0,,,,,4,4.5,ok
TIC 1622841,132.312,-27.7052,8.5,0,,,,,7,7.5,ok
TIC 311451895,185.5864,-65.6909,8.5,0,,,,,3,3.4,ok
TIC 188037800,160.5949,-28.8367,8.5,0,,,,,4,4.5,ok
TIC 291286841,217.6605,-59.6929,8.5,0,,,,,4,4.3,ok
TIC 48060149,147.3086,-34.9279,8.5,0,,,,,5,5.1,ok
TIC 358955398,199.236,-56.9205,8.5,0,,,,,3,3.8,ok
TIC 62683976,142.8577,-1.6056,8.51,0,,,,,4,4.1,ok
TIC 169474827,194.1351,-51.4176,8.51,0,,,,,5,5.3,ok
TIC 102691227,155.5721,-43.2149,8.51,0,,,,,5,5.1,ok
TIC 402383273,221.3871,-72.0875,8.51,0,,,,,5,5.4,ok
TIC 5158796,142.3542,-41.7823,8.51,0,,,,,7,7.0,ok
TIC 4002114,140.0725,-40.577,8.51,0,,,,,5,4.8,ok
TIC 402172484,219.7387,-72.0519,8.51,0,,,,,9,9.1,ok
TIC 187050177,134.3331,-32.5662,8.51,0,,,,,5,5.0,ok
TIC 72064165,167.6543,-44.7052,8.51,0,,,,,7,7.0,ok
TIC 267173680,175.794,-55.1727,8.51,0,,,,,2,2.3,ok
TIC 261113894,226.3902,-66.8355,8.51,0,,,,,5,5.0,ok
TIC 347409049,132.9679,-12.4853,8.51,0,,,,,1,1.4,ok
TIC 106632776,160.559,-39.1136,8.51,0,,,,,6,6.0,ok
TIC 327900949,210.8103,-65.2894,8.52,0,,,,,7,7.1,ok
TIC 296001647,223.6645,-59.9948,8.52,0,,,,,5,5.3,ok
TIC 420013710,202.8455,-51.284,8.52,0,,,,,4,4.2,ok
TIC 398217467,139.8773,-24.6675,8.52,0,,,,,5,5.0,ok
TIC 118425534,129.6626,-18.4399,8.52,0,,,,,5,5.1,ok
TIC 193196584,157.7474,-28.7946,8.52,0,,,,,6,6.2,ok
TIC 281066674,144.9406,-49.2181,8.52,0,,,,,3,3.2,ok
TIC 25377812,143.878,-30.7659,8.52,0,,,,,3,3.4,ok
TIC 411881813,189.8053,-54.5501,8.52,0,,,,,5,5.2,ok
TIC 394093138,197.8137,-74.5075,8.52,0,,,,,1,1.4,ok
TIC 140176613,151.9375,-51.0151,8.52,0,,,,,3,3.4,ok
TIC 48940792,163.4938,-30.6346,8.52,0,,,,,5,5.1,ok
TIC 45234567,147.7761,-41.9366,8.52,0,,,,,8,7.8,ok
TIC 191312952,221.6533,-56.419,8.52,0,,,,,5,5.2,ok
TIC 20087669,137.3167,-10.3134,8.52,0,,,,,4,4.6,ok
TIC 1259961,137.5822,-13.1686,8.52,0,,,,,3,3.1,ok
TIC 37335547,225.9215,-56.1498,8.52,0,,,,,8,8.0,ok
TIC 334814404,193.5549,-66.2781,8.52,0,,,,,6,6.2,ok
TIC 158675248,165.165,-39.3432,8.52,0,,,,,5,5.4,ok
TIC 412967166,231.588,-59.4297,8.52,0,,,,,7,7.0,ok
TIC 287893983,184.8367,-59.2913,8.52,0,,,,,3,3.3,ok
TIC 307263979,179.7431,-61.7122,8.52,0,,,,,3,3.3,ok
TIC 22383179,184.0159,-43.8424,8.53,0,,,,,1,1.7,ok
TIC 402856068,225.2307,-73.7942,8.53,0,,,,,9,9.0,ok
TIC 396226328,211.9197,-72.2853,8.53,0,,,,,9,9.1,ok
TIC 322078735,175.6055,-62.4771,8.53,0,,,,,7,7.0,ok
TIC 47725074,158.9729,-29.1295,8.53,0,,,,,6,6.3,ok
TIC 268352382,176.7943,-59.2103,8.53,0,,,,,4,4.1,ok
TIC 457815572,218.5091,-53.6637,8.53,0,,,,,4,4.2,ok
TIC 317053810,172.3761,-62.3749,8.53,0,,,,,6,6.1,ok
TIC 168277191,154.1334,-29.5241,8.53,0,,,,,7,7.4,ok
TIC 22217618,183.5767,-45.4229,8.53,0,,,,,5,5.0,ok
TIC 403229940,228.7228,-75.1862,8.53,0,,,,,1,1.5,ok
TIC 34300596,146.5074,-47.1793,8.53,0,,,,,4,4.2,ok
TIC 334118524,182.7879,-49.61,8.53,0,,,,,4,4.0,ok
TIC 817823,134.9238,-1.6121,8.53,0,,,,,3,3.1,ok
TIC 425854158,234.9598,-74.4283,8.53,0,,,,,8,8.2,ok
TIC 152061781,169.5435,-36.4332,8.53,0,,,,,4,7.0,ok
TIC 454136240,225.5928,-60.1128,8.53,0,,,,,6,6.0,ok
TIC 245231230,199.1015,-49.6262,8.54,0,,,,,8,7.7,ok
TIC 188080707,161.263,-27.5199,8.54,0,,,,,6,6.1,ok
TIC 380733445,206.973,-60.8822,8.54,0,,14.9,rejete,variabilite_continue;eclipse_secondaire,5,8.3,ok
TIC 188046331,161.0236,-25.3797,8.54,0,,,,,6,6.1,ok
TIC 149695235,129.8564,-5.0871,8.54,0,,,,,2,2.3,ok
TIC 1402874,140.3452,-13.858,8.54,0,,,,,5,4.9,ok
TIC 33484911,145.2949,-47.8028,8.54,0,,62.3,rejete,variabilite_continue;eclipse_secondaire,8,13.7,ok
TIC 262560353,229.1322,-67.8783,8.54,0,,,,,8,8.0,ok
TIC 245304182,199.4092,-53.038,8.54,0,,,,,5,5.3,ok
TIC 245234229,199.0162,-50.8967,8.54,0,,,,,4,4.3,ok
TIC 5091836,142.195,-36.9343,8.54,0,,,,,1,1.6,ok
TIC 135025198,150.3279,-51.2891,8.54,0,,,,,6,6.0,ok
TIC 40190544,227.3761,-58.8684,8.54,0,,,,,6,6.2,ok
TIC 71882750,166.9028,-45.8443,8.54,0,,,,,4,4.3,ok
TIC 423361895,141.322,-20.7717,8.54,0,,,,,1,1.5,ok
TIC 33822703,145.7679,-42.2461,8.54,0,,,,,8,8.1,ok
TIC 447438302,157.2793,-48.9391,8.54,0,,,,,6,6.1,ok
TIC 916498,136.0392,-2.9829,8.54,0,,,,,2,2.5,ok
TIC 298111358,224.9808,-63.0942,8.54,0,,,,,1,1.6,ok
TIC 318825863,173.2714,-60.3418,8.55,0,,,,,5,5.3,ok
TIC 272736645,161.36,-49.3008,8.55,0,,,,,6,6.3,ok
TIC 168274937,154.0037,-26.5944,8.55,0,,,,,7,7.1,ok
TIC 105989796,157.5462,-36.6912,8.55,0,,,,,4,4.7,ok
TIC 53791961,158.5192,-32.1036,8.55,0,,,,,5,6.6,ok
TIC 397328649,174.9362,-44.6419,8.55,0,,,,,4,6.4,ok
TIC 142753747,138.0289,-3.5179,8.55,0,,,,,3,6.4,ok
TIC 176683620,141.9593,-22.41,8.55,0,,,,,4,6.0,ok
TIC 449520013,200.3829,-60.8089,8.55,0,,,,,?,52.6,erreur
TIC 397220976,219.2296,-60.7543,8.55,0,,,,,?,255.7,timeout
TIC 457438800,157.4551,-58.8338,8.55,0,,,,,4,32.4,ok
TIC 60862586,139.5843,-9.7099,8.55,0,,,,,5,8.6,ok
TIC 89721127,204.0861,-57.53,8.55,0,,,,,5,11.1,ok
TIC 80145754,164.8126,-53.2084,8.55,0,,,,,1,94.8,ok
TIC 412330493,214.5086,-57.8275,8.55,0,,,,,5,8.1,ok
TIC 38299159,226.4511,-54.8676,8.55,0,,,,,7,18.8,ok
TIC 54419822,162.1019,-32.6498,8.55,0,,,,,4,8.4,ok
TIC 369197734,191.9413,-64.2836,8.55,0,,,,,1,4.6,ok
TIC 262115655,199.6914,-59.6442,8.55,0,,,,,6,8.6,ok
TIC 163581617,174.3862,-41.9013,8.55,0,,,,,1,2.9,ok
TIC 455738946,229.6901,-63.0236,8.55,0,,,,,3,4.2,ok
TIC 455077230,228.2061,-62.6584,8.55,0,,,,,7,10.2,ok
TIC 51193321,128.1965,-11.0045,8.56,0,,,,,5,8.6,ok
TIC 411415792,183.0842,-55.5893,8.56,0,,,,,3,6.6,ok
TIC 418132615,146.7422,-20.3769,8.56,0,,,,,5,7.8,ok
TIC 451034805,170.3545,-58.4426,8.56,0,,,,,4,8.8,ok
TIC 343151218,205.8851,-66.4923,8.56,0,,,,,6,8.4,ok
TIC 446864616,232.2506,-68.3018,8.56,0,,,,,9,10.2,ok
TIC 18658256,137.7702,-34.7247,8.56,0,,,,,4,4.8,ok
TIC 292173590,218.2836,-57.2654,8.56,0,,,,,7,8.4,ok
TIC 332484776,136.4106,-14.5766,8.56,0,,,,,4,5.5,ok
TIC 229838097,137.7524,-19.4831,8.56,0,,,,,3,4.5,ok
TIC 142797642,138.7731,-3.7824,8.56,0,,,,,3,3.6,ok
TIC 334789806,184.4978,-50.1589,8.56,0,,,,,4,4.7,ok
TIC 275185063,144.048,0.1409,8.56,0,,,,,4,8.3,ok
TIC 25524289,144.456,-31.8139,8.56,0,,,,,6,7.9,ok
TIC 67139371,181.7432,-58.3074,8.56,0,,,,,7,9.7,ok
TIC 18287207,136.9074,-33.9779,8.56,0,,,,,3,10.4,ok
TIC 403200290,228.1624,-73.7684,8.56,0,,,,,9,19.2,ok
TIC 23228279,167.0707,-34.3089,8.56,0,,,,,1,5.5,ok
TIC 118343203,129.5623,-21.9531,8.57,0,,,,,6,8.5,ok
TIC 408305837,144.7289,-22.9647,8.57,0,,,,,2,7.2,ok
TIC 210454085,212.2722,-57.4434,8.57,0,,,,,6,7.0,ok
TIC 162403678,190.796,-48.5441,8.57,0,,,,,3,5.1,ok
TIC 462203556,150.6309,-56.2063,8.57,0,,,,,3,4.4,ok
TIC 114803441,132.1719,-15.0558,8.57,0,,,,,5,9.5,ok
TIC 435504149,192.9813,-64.6758,8.57,0,,,,,5,10.5,ok
TIC 380951256,207.0933,-65.0858,8.57,0,,,,,5,6.4,ok
TIC 163354593,173.3705,-43.9701,8.57,0,,,,,6,9.2,ok
TIC 152481550,171.7231,-40.9099,8.57,0,,,,,6,11.5,ok
TIC 442942730,198.4193,-62.5984,8.57,0,,21.0,rejete,variabilite_continue;eclipse_secondaire,5,15.3,ok
TIC 61418436,175.8334,-45.5324,8.57,0,,,,,4,10.9,ok
TIC 329541717,191.9011,-71.6835,8.57,0,,,,,3,9.8,ok
TIC 403595964,231.6161,-75.2709,8.57,0,,,,,7,10.3,ok
TIC 32721604,143.8516,-47.7841,8.57,0,,,,,7,11.9,ok
TIC 317642317,172.7954,-65.7423,8.57,0,,,,,8,11.5,ok
TIC 48013854,147.141,-35.823,8.57,0,,,,,6,9.4,ok
TIC 146172909,157.7669,-42.7128,8.57,0,,,,,2,4.4,ok
TIC 253351916,196.197,-58.5849,8.58,0,,,,,3,4.0,ok
TIC 73413457,121.5722,-4.4464,8.58,0,,,,,1,7.7,ok
TIC 181158297,174.3155,-39.7313,8.58,0,,,,,7,18.8,ok
TIC 287579233,184.552,-57.2296,8.58,0,,,,,1,5.9,ok
TIC 2092122,133.5043,-24.9,8.58,0,,,,,1,8.9,ok
TIC 270561079,136.1778,2.5482,8.58,0,,,,,5,9.3,ok
TIC 54417075,161.9504,-35.0157,8.58,0,,,,,4,12.8,ok
TIC 336947874,196.5761,-67.7466,8.58,0,,,,,3,8.4,ok
TIC 95962150,141.3408,-6.4826,8.58,0,,,,,4,16.0,ok
TIC 121288627,128.6391,-5.1545,8.58,0,,,,,5,16.9,ok
TIC 192931530,154.7017,-26.2272,8.58,0,,,,,7,19.3,ok
TIC 253151478,194.924,-55.5776,8.58,0,,19.6,rejete,variabilite_continue;eclipse_secondaire,6,14.2,ok
TIC 458371525,159.9035,-57.4613,8.58,0,,,,,6,11.5,ok
TIC 422148645,150.6517,-16.5677,8.59,0,,,,,?,2.4,erreur
TIC 403511861,230.8961,-74.0897,8.59,0,,,,,5,7.1,ok
TIC 187463816,220.545,-57.806,8.59,0,,,,,6,9.6,ok
TIC 136496948,150.9512,-48.1568,8.59,0,,,,,1,4.9,ok
TIC 138700367,151.4527,-49.658,8.59,0,,,,,6,9.9,ok
TIC 359396836,201.2713,-54.6461,8.59,0,,,,,4,11.7,ok
TIC 158221526,162.5297,-36.9964,8.59,0,,,,,1,5.3,ok
TIC 7907341,133.2754,-4.2749,8.59,0,,,,,2,4.9,ok
TIC 450794865,187.1052,-63.3497,8.59,0,,,,,6,11.0,ok
TIC 425869666,235.103,-73.471,8.59,0,,,,,3,6.6,ok
TIC 50932657,127.4272,-10.85,8.59,0,,,,,6,9.9,ok
TIC 456984116,201.6864,-59.5688,8.59,0,,,,,6,13.2,ok
TIC 18073590,136.3655,-31.1795,8.59,0,,,,,4,10.8,ok
TIC 96053693,146.5322,-10.3911,8.59,0,,,,,5,7.7,ok
TIC 71264154,134.6295,-4.2994,8.59,0,,,,,5,8.0,ok
TIC 46881667,142.8782,-7.4251,8.59,0,,,,,5,11.6,ok
TIC 45659093,149.1224,-36.5341,8.59,0,,,,,7,14.9,ok
TIC 131968629,148.1702,-51.6625,8.6,0,,,,,1,6.1,ok
TIC 193023697,155.5978,-28.8474,8.6,0,,,,,7,12.1,ok
TIC 272648435,161.4144,-51.5111,8.6,0,,,,,8,16.0,ok
TIC 273819015,189.229,-54.5008,8.6,0,,,,,1,4.1,ok
TIC 170406460,122.2984,-6.7023,8.6,0,,,,,1,8.7,ok
TIC 73598454,191.728,-47.3444,8.6,0,,,,,7,16.6,ok
TIC 338041818,198.2188,-69.0666,8.6,0,,,,,5,8.2,ok
TIC 386461608,143.9675,-17.5804,8.6,0,,,,,5,10.3,ok
TIC 288867707,224.3018,-53.6605,8.6,0,,,,,4,11.3,ok
TIC 361039332,191.7301,-73.6543,8.6,0,,,,,5,6.8,ok
TIC 342199504,204.4926,-70.412,8.6,0,,,,,3,6.7,ok
TIC 314224222,184.4649,-69.2195,8.6,0,,,,,2,8.5,ok
TIC 402968425,226.0233,-75.5118,8.6,0,,,,,6,14.0,ok
TIC 308034948,180.3257,-60.2004,8.6,0,,,,,7,14.4,ok
TIC 169014336,126.4822,-5.6664,8.6,0,,,,,3,8.2,ok
TIC 62685314,142.8699,-5.3694,8.6,0,,,,,5,7.8,ok
TIC 48330972,148.2876,-30.8721,8.6,0,,,,,1,6.2,ok
TIC 375354652,152.032,-43.472,8.6,0,,,,,1,8.0,ok
TIC 179198279,158.1951,-21.7696,8.6,0,,,,,5,9.8,ok
TIC 193157890,157.2698,-29.5842,8.6,0,,,,,3,7.2,ok
TIC 362982246,145.7927,-48.8961,8.61,0,,,,,3,6.7,ok
TIC 458566069,160.4825,-59.2713,8.61,0,,26.4,rejete,variabilite_continue;eclipse_secondaire,6,17.0,ok
TIC 460878008,231.9717,-64.6839,8.61,0,,,,,2,8.5,ok
TIC 77485883,141.858,-5.4383,8.61,0,,,,,2,3.9,ok
TIC 17763136,135.9609,-30.2945,8.61,0,,,,,4,10.0,ok
TIC 375568111,178.648,-54.7326,8.61,0,,,,,7,14.0,ok
TIC 78151052,147.5385,-5.5407,8.61,0,,,,,2,7.1,ok
TIC 402126030,220.0983,-73.6523,8.61,0,,,,,9,13.6,ok
TIC 312213695,210.3214,-51.747,8.61,0,,,,,3,5.7,ok
TIC 289303542,219.3737,-52.8943,8.61,0,,,,,5,12.3,ok
TIC 337061025,196.777,-66.959,8.61,0,,,,,4,13.7,ok
TIC 39041090,226.9799,-54.2338,8.61,0,,,,,4,15.0,ok
TIC 101060176,129.8029,-12.8076,8.61,0,,,,,1,4.3,ok
TIC 294650203,169.5389,-66.1657,8.61,0,,,,,2,4.9,ok
TIC 290511964,139.4137,1.6157,8.61,0,,,,,5,7.7,ok
TIC 360904435,190.8931,-72.4477,8.61,0,,,,,4,9.6,ok
TIC 250431870,224.1108,-52.4534,8.61,0,,,,,5,15.7,ok
TIC 176862883,143.0277,-23.3473,8.61,0,,,,,1,8.2,ok
TIC 71156479,153.7667,-33.3989,8.61,0,,,,,7,12.4,ok
TIC 448251914,209.2154,-69.2082,8.61,0,,,,,7,23.7,ok
TIC 51947301,138.7738,-21.0206,8.61,0,,,,,5,11.4,ok
TIC 293565030,147.1107,-13.1707,8.61,0,,,,,2,17.9,ok
TIC 448596162,211.9367,-68.2718,8.61,0,,,,,8,22.1,ok
TIC 369419402,191.9243,-61.9412,8.62,0,,,,,7,14.8,ok
TIC 459771112,163.5868,-54.9732,8.62,0,,,,,8,19.5,ok
TIC 15520413,185.3532,-49.0089,8.62,0,,,,,5,12.4,ok
TIC 49003973,164.253,-35.772,8.62,0,,,,,4,11.2,ok
TIC 88915260,122.8986,-5.1895,8.62,0,,,,,1,4.1,ok
TIC 48875158,162.9376,-31.9396,8.62,0,,,,,6,12.3,ok
TIC 19542144,139.5978,-35.7845,8.62,0,,,,,1,11.2,ok
TIC 390601640,217.5557,-60.4107,8.62,0,,,,,7,17.6,ok
TIC 360269732,217.4075,-66.412,8.62,0,,,,,7,15.6,ok
TIC 296255331,125.2134,-14.0195,8.62,0,,,,,2,6.8,ok
TIC 439565530,195.7516,-59.9984,8.62,0,,,,,5,20.7,ok
TIC 436998675,194.0384,-61.4572,8.62,0,,,,,5,14.7,ok
TIC 131809711,147.9868,-50.0628,8.62,0,,,,,3,7.8,ok
TIC 93096525,174.6491,-51.214,8.62,0,,,,,6,11.3,ok
TIC 267704186,176.2334,-54.3538,8.63,0,,,,,1,14.4,ok
TIC 453572456,205.496,-58.6812,8.63,0,,,,,4,8.3,ok
TIC 169195142,127.4544,-4.2634,8.63,0,,,,,2,3.6,ok
TIC 314223624,184.3453,-69.0996,8.63,0,,,,,6,14.7,ok
TIC 327023940,188.8826,-68.8324,8.63,0,,,,,3,9.4,ok
TIC 106315029,159.0032,-38.2883,8.63,0,,,,,1,18.4,ok
TIC 383496046,220.2308,-51.8731,8.63,0,,,,,3,14.5,ok
TIC 106633011,160.5425,-39.3655,8.63,0,,,,,2,13.0,ok
TIC 334909487,214.1294,-62.7091,8.63,0,,,,,4,15.6,ok
TIC 331019469,212.4524,-63.85,8.63,0,,,,,3,6.8,ok
TIC 280796017,137.148,-0.2833,8.63,0,,,,,2,12.7,ok
TIC 332481223,136.2179,-15.9342,8.63,0,,,,,4,10.6,ok
TIC 334559937,193.6229,-71.3674,8.63,0,,,,,3,13.1,ok
TIC 454512163,226.5626,-61.4409,8.63,0,,,,,7,14.6,ok
TIC 454018587,175.5296,-38.8821,8.63,0,,,,,2,6.9,ok
TIC 35539623,224.8139,-59.1043,8.63,0,,,,,6,10.1,ok
TIC 405471961,143.5529,-15.3855,8.63,0,,,,,5,7.0,ok
TIC 146942882,161.2047,-41.9107,8.63,0,,,,,6,10.9,ok
TIC 192563947,155.1205,-18.962,8.63,0,,,,,6,12.9,ok
TIC 425368923,191.1039,-59.0411,8.63,0,,,,,7,19.5,ok
TIC 21110758,186.8431,-50.4843,8.63,0,,,,,4,13.5,ok
TIC 102764446,155.5116,-45.2112,8.64,0,,,,,6,25.6,ok
TIC 456379342,231.597,-62.8078,8.64,0,,,,,2,7.5,ok
TIC 47681419,150.3049,-27.1246,8.64,0,,,,,1,16.1,ok
TIC 77245138,141.4834,-43.5951,8.64,0,,,,,4,14.7,ok
TIC 334787070,184.4246,-51.4921,8.64,0,,,,,5,9.4,ok
TIC 293843100,141.4572,-0.7585,8.64,0,,,,,1,2.9,ok
TIC 38343638,137.7322,-28.4734,8.64,0,,,,,3,8.8,ok
TIC 273052212,170.5998,-49.4465,8.64,0,,,,,3,14.1,ok
TIC 48063177,147.3693,-33.9603,8.64,0,,,,,3,16.1,ok
TIC 467768107,169.3834,-64.8688,8.65,0,,,,,2,11.2,ok
TIC 415014351,189.0311,-62.8441,8.65,0,,,,,3,6.8,ok
TIC 54237397,161.0513,-34.2578,8.65,0,,,,,6,10.5,ok
TIC 167977224,151.974,-28.1195,8.65,0,,,,,7,10.0,ok
TIC 404067068,194.8673,-53.1328,8.65,0,,,,,3,6.0,ok
TIC 348680195,133.8792,-17.0609,8.65,0,,,,,5,8.0,ok
TIC 396458472,213.3593,-72.124,8.65,0,,,,,5,12.2,ok
TIC 334291313,213.7081,-62.7745,8.65,0,,,,,6,8.5,ok
TIC 260647166,186.5737,-51.3632,8.65,0,,,,,6,11.4,ok
TIC 38567753,138.5611,-27.4005,8.65,0,,,,,2,7.8,ok
TIC 46825557,142.1615,-6.1657,8.65,0,,,,,5,10.3,ok
TIC 348777689,134.3473,-17.5672,8.65,0,,,,,2,7.6,ok
TIC 409792273,126.3211,-12.3122,8.65,0,,,,,5,10.0,ok
TIC 332474031,180.1107,-53.8384,8.65,0,,,,,3,8.0,ok
TIC 169468311,194.2933,-50.0743,8.65,0,,,,,3,11.8,ok
TIC 33173771,148.7453,-7.4624,8.65,0,,,,,1,9.3,ok
TIC 20068107,137.2618,-6.8657,8.65,0,,,,,5,16.6,ok
TIC 257274925,219.6978,-66.9914,8.65,0,,,,,8,27.3,ok
TIC 60957422,140.2262,-7.6967,8.66,0,,,,,1,15.6,ok
TIC 450572050,186.6564,-62.7704,8.66,0,,,,,3,15.2,ok
TIC 7845389,132.6846,-3.488,8.66,0,,,,,5,26.0,ok
TIC 244874802,196.5976,-52.5534,8.66,0,,,,,3,24.8,ok
TIC 395138515,204.46,-72.8084,8.66,0,,,,,4,22.5,ok
TIC 1689556,132.4152,-23.9164,8.66,0,,,,,1,20.6,ok
TIC 207785729,207.1529,-53.9186,8.66,0,,,,,5,25.5,ok
TIC 253458858,196.9553,-55.5131,8.66,0,,,,,6,27.1,ok
TIC 289388103,202.2552,-57.0235,8.66,0,,,,,5,26.2,ok
TIC 420151461,192.5071,-58.598,8.66,0,,,,,3,22.3,ok
TIC 381614400,207.4539,-63.5051,8.66,0,,,,,4,12.4,ok
TIC 162027140,168.0053,-43.677,8.66,0,,,,,5,13.8,ok
TIC 72176618,186.3538,-45.6255,8.66,0,,,,,6,9.5,ok
TIC 410350239,150.3342,-19.6732,8.66,0,,,,,3,12.1,ok
TIC 100940818,129.2926,-17.6094,8.66,0,,,,,4,17.8,ok
TIC 451452509,171.5522,-58.3864,8.66,0,,,,,6,16.3,ok
TIC 71093270,153.3356,-31.4377,8.66,0,,,,,7,11.2,ok
TIC 403755868,179.4468,-46.7866,8.66,0,,,,,4,7.9,ok
TIC 448922221,214.3628,-69.9686,8.66,0,,,,,8,18.0,ok
TIC 96029622,146.0601,-8.7966,8.66,0,,,,,5,81.2,ok
TIC 38215739,137.2381,-24.6355,8.66,0,,,,,1,11.9,ok
TIC 448860246,213.7996,-71.2337,8.67,0,,34.0,a_verifier,,4,19.0,ok
TIC 332523164,180.1308,-52.6821,8.67,0,,,,,5,14.9,ok
TIC 170890469,139.4428,-0.1693,8.67,0,,,,,4,13.7,ok
TIC 102629041,155.108,-47.8112,8.67,0,,,,,6,16.4,ok
TIC 295245704,170.7698,-68.1787,8.67,0,,,,,5,16.7,ok
TIC 94016706,176.4318,-48.2646,8.67,0,,,,,2,8.6,ok
TIC 146810480,160.5268,-42.8779,8.67,0,,,,,3,14.0,ok
TIC 455502526,229.3725,-60.2823,8.67,0,,,,,3,19.3,ok
TIC 241289894,203.584,-52.6768,8.67,0,,,,,7,18.3,ok
TIC 334632624,141.3479,-15.9223,8.67,0,,,,,5,16.7,ok
TIC 454421278,226.4422,-64.9542,8.67,0,,,,,6,15.1,ok
TIC 165265887,192.3129,-51.4272,8.67,0,,,,,4,10.3,ok
TIC 453661520,205.8684,-54.6123,8.67,0,,,,,5,13.6,ok
TIC 405512677,190.4383,-58.263,8.68,0,,,,,3,6.7,ok
TIC 458758934,160.9592,-56.7174,8.68,0,,,,,7,10.4,ok
TIC 47003969,143.7683,-8.7727,8.68,0,,,,,5,5.8,ok
TIC 335470566,194.7729,-70.163,8.68,0,,,,,3,9.5,ok
TIC 433440520,183.0125,-59.0174,8.68,0,,,,,3,7.7,ok
TIC 267286649,176.0056,-55.3909,8.68,0,,,,,5,7.8,ok
TIC 436911851,193.9411,-61.4799,8.68,0,,,,,1,2.6,ok
TIC 308760236,184.1531,-64.5165,8.68,0,,,,,6,7.5,ok
TIC 245004014,197.4508,-50.7722,8.68,0,,,,,7,11.4,ok
TIC 20068553,137.2665,-5.9614,8.68,0,,,,,1,11.8,ok
TIC 241695514,208.4062,-52.4459,8.68,0,,,,,4,4.6,ok
TIC 300397516,170.8692,-53.8914,8.68,0,,,,,4,8.5,ok
TIC 438878043,195.4504,-62.1811,8.68,0,,,,,5,14.7,ok
TIC 458831281,160.9979,-57.685,8.69,0,,,,,6,14.2,ok
TIC 94384756,177.4371,-51.1356,8.69,0,,,,,3,4.4,ok
TIC 4413597,140.908,-41.5751,8.69,0,,,,,1,5.1,ok
TIC 303583303,160.1027,-50.1,8.69,0,,,,,7,10.8,ok
TIC 401977151,218.8092,-74.3007,8.69,0,,,,,4,7.7,ok
TIC 450720000,186.9405,-63.8847,8.69,0,,50.6,rejete,eclipse_secondaire;compagnon_trop_gros_3.4Rjup,2,7.1,ok
TIC 88975469,123.0901,-3.9427,8.7,0,,,,,5,9.0,ok
TIC 408382624,145.4607,-23.2376,8.7,0,,,,,5,7.1,ok
TIC 60864776,139.6265,-7.2087,8.7,0,,,,,4,12.0,ok
TIC 122932611,227.6069,-52.1644,8.7,0,,,,,4,14.0,ok
TIC 425728038,233.5828,-72.7795,8.7,0,,,,,5,8.2,ok
TIC 270414267,135.0519,1.0057,8.7,0,,,,,1,7.4,ok
TIC 434673654,191.3361,-65.455,8.7,0,,,,,3,10.0,ok
TIC 166563449,192.8458,-48.1026,8.7,0,,,,,3,5.5,ok
TIC 464469403,156.2768,-57.3409,8.7,0,,20.4,rejete,variabilite_continue;eclipse_secondaire,8,18.7,ok
TIC 289733285,146.5697,-14.252,8.7,0,,,,,2,7.5,ok
TIC 47307785,231.0571,-56.6993,8.7,0,,,,,4,9.4,ok
TIC 316657304,172.0742,-62.0632,8.7,0,,39.3,rejete,variabilite_continue;eclipse_secondaire,7,16.3,ok
TIC 403954689,188.4091,-53.8503,8.7,0,,,,,2,8.6,ok
TIC 451645575,172.2751,-54.9183,8.7,0,,,,,5,11.3,ok
TIC 19571684,124.9362,-8.9292,8.7,0,,,,,4,5.6,ok
TIC 358831752,151.6111,-44.165,8.7,0,,,,,1,9.9,ok
TIC 379548996,181.341,-61.3345,8.7,1,4.4593,21.4,rejete,variabilite_continue;eclipse_secondaire;compagnon_trop_gros_3.0Rjup,3,13.3,ok
TIC 52107085,155.3052,-21.9517,8.71,0,,,,,6,14.9,ok
TIC 176400189,131.7367,-21.6668,8.71,0,,,,,6,17.6,ok
TIC 178657955,165.7562,-43.5321,8.71,0,,,,,3,13.1,ok
TIC 277439119,140.1615,-1.0065,8.71,0,,,,,3,8.1,ok
TIC 5362024,139.0836,-18.6247,8.71,0,,,,,5,12.8,ok
TIC 459440954,162.8189,-55.9731,8.71,0,,,,,2,11.9,ok
TIC 446913943,156.4656,-50.0162,8.71,0,,,,,6,15.6,ok
TIC 413071951,127.6794,-19.3604,8.71,0,,,,,5,14.3,ok
TIC 334623414,183.6787,-53.8424,8.71,0,,,,,5,14.3,ok
TIC 319384943,204.788,-64.0187,8.71,0,,,,,4,15.0,ok
TIC 459088023,161.7477,-54.8312,8.71,0,,,,,5,13.4,ok
TIC 404017605,194.9992,-50.3897,8.71,0,,,,,7,17.1,ok
TIC 281298122,151.0889,-19.8178,8.71,0,,,,,4,9.6,ok
TIC 400700797,220.0731,-64.8335,8.71,0,,,,,4,12.0,ok
TIC 7848678,132.8538,-1.6063,8.71,0,,,,,3,10.0,ok
TIC 442590282,198.2322,-65.6301,8.71,0,,21.3,rejete,variabilite_continue;eclipse_secondaire,3,11.8,ok
TIC 169780487,194.166,-49.8791,8.71,0,,,,,6,15.8,ok
TIC 405512926,190.2944,-58.3165,8.71,0,,,,,7,12.9,ok
TIC 146715928,160.0357,-43.0807,8.72,0,,,,,6,14.6,ok
TIC 262916774,229.7309,-67.0151,8.72,0,,,,,7,13.0,ok
TIC 53732495,158.0306,-32.1759,8.72,0,,,,,2,8.6,ok
TIC 35977125,149.4899,-42.8398,8.72,0,,,,,7,12.6,ok
TIC 229849701,138.0196,-23.3996,8.72,0,,,,,5,11.7,ok
TIC 120724393,164.1298,-52.2715,8.72,0,,,,,1,9.2,ok
TIC 428627916,145.6952,-18.6569,8.72,0,,,,,5,14.0,ok
TIC 36042232,225.2328,-56.3311,8.72,0,,,,,5,21.1,ok
TIC 181241149,175.0017,-39.4448,8.72,0,,35.0,rejete,variabilite_continue;eclipse_secondaire,3,15.9,ok
TIC 193091873,156.8253,-28.9817,8.72,0,,,,,7,14.6,ok
TIC 95960987,141.1906,-8.1939,8.72,0,,,,,2,12.3,ok
TIC 229848797,137.9554,-22.2344,8.72,0,,,,,3,15.3,ok
TIC 448638207,212.1879,-69.73,8.72,0,,,,,8,21.4,ok
TIC 61539138,176.3869,-42.0788,8.73,0,,,,,4,14.7,ok
TIC 460724949,158.7061,-60.1872,8.73,0,,,,,7,16.3,ok
TIC 266374354,175.1587,-57.6836,8.73,0,,,,,2,4.6,ok
TIC 403275212,229.0176,-73.0542,8.73,0,,,,,7,10.1,ok
TIC 403202991,228.0955,-75.2549,8.73,0,,,,,8,10.1,ok
TIC 395117854,218.9673,-60.1744,8.73,0,,,,,6,9.5,ok
TIC 70779215,151.9293,-30.0555,8.73,0,,,,,6,10.9,ok
TIC 411685204,189.3197,-56.7882,8.73,0,,23.6,a_verifier,,4,14.1,ok
TIC 272167060,187.4293,-58.2401,8.73,1,8.4128,15.0,rejete,variabilite_continue,7,14.6,ok
TIC 162308598,169.1961,-46.7995,8.73,0,,,,,6,10.5,ok
TIC 72180084,186.5817,-47.649,8.73,0,,,,,5,8.1,ok
TIC 404018697,194.9846,-50.9098,8.73,0,,,,,5,9.7,ok
TIC 47001733,143.6302,-9.9675,8.73,0,,,,,5,8.5,ok
TIC 56546695,147.8431,-8.5667,8.73,0,,,,,2,3.6,ok
TIC 429234518,184.109,-49.6819,8.73,0,,,,,3,6.8,ok
TIC 446921170,232.6939,-67.6396,8.73,0,,,,,4,8.0,ok
TIC 62576534,133.8274,-2.7456,8.73,0,,,,,2,6.2,ok
TIC 440817830,196.7239,-61.9439,8.73,0,,,,,6,9.1,ok
TIC 459737327,163.3617,-56.111,8.73,0,,,,,5,8.5,ok
TIC 300042033,141.3206,-2.6606,8.74,0,,,,,4,6.1,ok
TIC 22619099,185.0758,-47.7982,8.74,0,,,,,3,10.8,ok
TIC 24686461,141.6386,-35.1631,8.74,0,,,,,1,6.2,ok
TIC 82015313,168.425,-53.785,8.74,0,,,,,7,12.7,ok
TIC 93620374,175.7776,-53.2166,8.74,0,,,,,4,9.0,ok
TIC 464359649,156.0382,-55.5541,8.74,0,,,,,7,11.1,ok
TIC 332703779,150.0932,-17.8298,8.74,0,,,,,7,13.6,ok
TIC 72477915,151.3779,-37.9572,8.74,0,,,,,3,8.9,ok
TIC 241793168,209.5039,-53.2037,8.74,0,,,,,5,9.5,ok
TIC 146656091,159.7671,-46.4364,8.74,0,,,,,4,7.9,ok
TIC 253380837,196.3872,-56.8517,8.74,0,,,,,7,12.8,ok
TIC 413248763,144.0079,-21.668,8.74,0,,24.1,rejete,variabilite_continue,5,12.6,ok
TIC 192992073,155.4143,-27.9872,8.74,0,,,,,7,16.4,ok
TIC 312918389,182.8606,-67.7889,8.74,0,,,,,2,8.5,ok
TIC 90800382,216.4458,-55.1278,8.74,0,,,,,6,10.0,ok
TIC 280945948,173.973,-69.3936,8.74,0,,,,,6,10.8,ok
TIC 22723228,185.5812,-45.1637,8.74,0,,,,,5,10.3,ok
TIC 446719461,217.7241,-69.4798,8.74,0,,,,,6,9.3,ok
TIC 44519683,145.6749,-35.8818,8.74,0,,,,,5,11.6,ok
TIC 40201342,227.3457,-59.9047,8.75,0,,,,,6,11.7,ok
TIC 271701075,187.1446,-56.3131,8.75,0,,,,,8,10.8,ok
TIC 414711412,224.4618,-55.7395,8.75,0,,,,,5,9.9,ok
TIC 33319265,150.1871,-10.3912,8.75,0,,,,,3,7.6,ok
TIC 450368257,168.6328,-59.0247,8.75,0,,,,,7,10.5,ok
TIC 335346742,214.2043,-62.3564,8.75,0,,,,,4,8.0,ok
TIC 343715333,206.7415,-68.6779,8.75,0,,,,,3,5.7,ok
TIC 101170596,153.0142,-15.2168,8.75,0,,,,,1,7.9,ok
TIC 22019290,147.8932,-27.5501,8.75,0,,,,,4,18.3,ok
TIC 281643356,170.5821,-61.0735,8.75,0,,,,,6,15.2,ok
TIC 21110995,186.8258,-50.3522,8.75,0,,,,,3,7.6,ok
TIC 253108955,194.5707,-58.8427,8.76,0,,,,,3,6.8,ok
TIC 163347052,191.2307,-52.9735,8.76,0,,,,,3,10.0,ok
TIC 95787515,135.8932,-7.654,8.76,0,,,,,3,11.2,ok
TIC 328701924,190.9055,-69.0779,8.76,0,,,,,3,7.6,ok
TIC 464060980,155.3089,-57.7648,8.76,0,,,,,4,11.6,ok
TIC 262745488,138.9256,3.3932,8.76,0,,,,,5,12.1,ok
TIC 67624131,182.2793,-55.8064,8.76,0,,,,,5,15.4,ok
TIC 456324555,231.2454,-60.2591,8.76,0,,,,,5,15.0,ok
TIC 40444646,227.6325,-56.9279,8.76,0,,,,,4,16.5,ok
TIC 208053366,207.6688,-57.9881,8.76,0,,,,,4,11.0,ok
TIC 438863615,195.4558,-62.4812,8.76,0,,,,,3,7.8,ok
TIC 61608206,176.5559,-42.4897,8.76,0,,,,,8,17.8,ok
TIC 244970374,197.3614,-50.1065,8.76,0,,,,,3,7.7,ok
TIC 73720438,155.6625,-37.7499,8.76,0,,,,,2,5.7,ok
TIC 328241331,190.212,-67.7403,8.76,0,,,,,4,7.2,ok
TIC 434362248,191.0799,-61.5252,8.76,1,2.2694,14.7,rejete,variabilite_continue;eclipse_secondaire,4,13.0,ok
TIC 296783943,142.493,-15.0848,8.76,0,,,,,5,23.3,ok
TIC 61871671,177.5728,-44.1762,8.76,0,,,,,2,22.2,ok
TIC 54042261,159.8629,-35.7765,8.76,0,,,,,6,9.1,ok
TIC 53733727,158.0387,-34.0281,8.77,0,,,,,5,15.6,ok
TIC 297220409,180.0369,-67.7777,8.77,0,,,,,3,7.8,ok
TIC 271701765,187.0098,-56.4895,8.77,0,,,,,5,7.1,ok
TIC 22565703,184.9284,-44.9158,8.77,0,,10.6,rejete,variabilite_continue;eclipse_secondaire,3,9.1,ok
TIC 77525746,142.1865,-3.1376,8.77,0,,,,,5,10.7,ok
TIC 54774187,130.2132,-10.3126,8.77,0,,,,,5,11.4,ok
TIC 457317242,203.5967,-54.6447,8.77,0,,,,,4,12.5,ok
TIC 25159397,143.2868,-33.0099,8.77,0,,,,,1,16.3,ok
TIC 379769581,181.203,-64.1654,8.77,0,,,,,5,13.4,ok
TIC 37379932,134.8404,-29.0656,8.77,0,,,,,5,14.0,ok
TIC 311329077,185.71,-63.3751,8.77,0,,,,,4,14.6,ok
TIC 96031988,146.1863,-9.7746,8.77,0,,,,,4,9.3,ok
TIC 163041099,191.1694,-48.2875,8.77,0,,,,,3,10.9,ok
TIC 328021908,190.0665,-69.7292,8.77,0,,,,,3,10.3,ok
TIC 151789661,167.8058,-36.1815,8.77,0,,,,,7,23.5,ok
TIC 162816840,171.345,-42.0956,8.77,0,,,,,5,12.8,ok
TIC 208220042,208.2279,-57.239,8.77,0,,,,,4,12.9,ok
TIC 386435344,127.9953,-16.8853,8.78,0,,,,,5,13.3,ok
TIC 193031803,155.8888,-29.5716,8.78,0,,,,,2,11.8,ok
TIC 443262289,198.9638,-63.8843,8.78,0,,,,,4,11.2,ok
TIC 450359616,168.7276,-59.1749,8.78,0,,23.0,rejete,variabilite_continue;eclipse_secondaire,4,13.5,ok
TIC 306832872,167.1203,-56.4852,8.78,0,,,,,4,12.9,ok
TIC 402512807,222.7941,-75.5288,8.78,0,,,,,4,11.4,ok
TIC 260945227,201.5552,-53.0694,8.78,0,,,,,8,15.2,ok
TIC 383236771,183.8473,-61.61,8.78,0,,,,,3,9.3,ok
TIC 256253582,199.8401,-58.1949,8.78,0,,,,,3,9.6,ok
TIC 118342900,129.5606,-22.1784,8.78,0,,,,,1,8.2,ok
TIC 44772066,229.7739,-54.331,8.78,0,,,,,3,11.0,ok
TIC 309047732,184.5488,-62.1769,8.78,0,,,,,3,9.6,ok
TIC 456245478,231.1878,-65.8726,8.78,0,,,,,4,13.1,ok
TIC 24476320,140.9803,-31.397,8.78,0,,,,,4,11.5,ok
TIC 306139502,179.0218,-62.7894,8.78,0,,51.9,rejete,eclipse_secondaire,3,12.9,ok
TIC 423316978,140.8221,-19.4276,8.78,0,,,,,5,13.2,ok
TIC 440616663,196.5147,-65.6154,8.78,0,,,,,3,11.7,ok
TIC 248069159,192.8293,-47.8084,8.78,0,,,,,2,11.7,ok
TIC 23498333,168.6082,-35.3792,8.78,0,,,,,6,13.0,ok
TIC 257900517,220.8458,-66.7786,8.79,0,,,,,4,9.6,ok
TIC 273317891,185.6381,-53.5637,8.79,0,,,,,6,10.8,ok
TIC 448489309,211.0295,-68.7056,8.79,0,,,,,6,7.7,ok
TIC 394200941,198.5733,-73.8828,8.79,0,,,,,3,6.1,ok
TIC 448891972,214.0873,-66.1934,8.79,0,,,,,5,8.7,ok
TIC 25162248,143.2743,-35.3011,8.79,0,,,,,2,5.8,ok
TIC 25161053,143.1792,-34.3955,8.79,0,,,,,6,11.8,ok
TIC 413003125,204.6838,-58.1555,8.79,0,,16.4,rejete,variabilite_continue;eclipse_secondaire,5,13.6,ok
TIC 972858,136.186,-1.1292,8.79,0,,,,,5,12.6,ok
TIC 15444490,185.3182,-53.2959,8.79,0,,,,,7,11.0,ok
TIC 19346009,124.0821,-11.5641,8.79,0,,,,,1,9.7,ok
TIC 73390896,154.4674,-40.9553,8.8,0,,,,,4,11.1,ok
TIC 163151964,172.6004,-44.2446,8.8,0,,,,,3,9.1,ok
TIC 406442889,198.1205,-58.6503,8.8,0,,,,,3,9.8,ok
TIC 427010298,237.2615,-70.8858,8.8,0,,,,,4,8.4,ok
TIC 406689049,198.4212,-57.124,8.8,0,,,,,3,9.6,ok
TIC 413628906,215.1955,-55.8803,8.8,0,,,,,4,10.5,ok
TIC 412713511,193.2689,-56.8022,8.8,0,,,,,3,9.0,ok
TIC 293595421,222.0749,-60.7967,8.8,0,,,,,2,7.0,ok
TIC 161738691,190.1809,-48.0477,8.8,0,,,,,4,9.6,ok
TIC 35912273,149.2371,-45.1524,8.8,0,,,,,1,2.8,ok
TIC 95737472,131.486,-6.7166,8.8,0,,,,,3,7.5,ok
TIC 5972817,144.0753,-41.0419,8.81,0,,,,,6,9.2,ok
TIC 260213937,144.0116,-42.2864,8.81,0,,,,,1,5.4,ok
TIC 118344140,129.5852,-21.2498,8.81,0,,,,,3,6.6,ok
TIC 62570553,133.5641,-2.7857,8.81,0,,,,,2,5.3,ok
TIC 163042602,191.1879,-49.9624,8.81,0,,,,,4,9.8,ok
TIC 176496301,132.1611,-19.6626,8.81,0,,,,,6,10.4,ok
TIC 338242274,198.283,-70.1517,8.81,0,,,,,3,8.6,ok
TIC 448884356,214.1987,-67.1693,8.81,0,,,,,4,7.4,ok
TIC 265374317,133.9736,0.3414,8.81,0,,,,,4,6.7,ok
TIC 72817189,188.5864,-46.4445,8.81,0,,,,,3,6.8,ok
TIC 47459617,231.1035,-58.5894,8.81,0,,,,,6,8.9,ok
TIC 263665748,231.1724,-71.6213,8.81,0,,,,,7,9.2,ok
TIC 253463221,197.0756,-56.5359,8.81,0,,,,,3,8.6,ok
TIC 362616860,145.5284,-49.1107,8.81,0,,,,,1,3.7,ok
TIC 47123263,144.8256,-10.2114,8.81,0,,,,,5,6.6,ok
TIC 166882683,193.021,-50.364,8.81,0,,,,,3,5.1,ok
TIC 323490403,176.4089,-65.6298,8.81,0,,,,,8,13.3,ok
TIC 22857690,186.0007,-44.6699,8.81,0,,,,,3,5.4,ok
TIC 68172788,193.5157,-57.1936,8.81,0,,,,,3,7.6,ok
TIC 47180450,145.5743,-6.2229,8.81,0,,,,,5,10.9,ok
TIC 450276745,168.799,-59.4162,8.82,0,,,,,7,12.3,ok
TIC 336937014,215.1181,-64.3346,8.82,0,,,,,4,9.8,ok
TIC 309809796,184.832,-65.8264,8.82,0,,,,,3,7.3,ok
TIC 466527712,166.2502,-61.3936,8.82,0,,,,,7,12.1,ok
TIC 453028660,144.3231,0.7384,8.82,0,,,,,2,6.1,ok
TIC 105766496,156.761,-41.8419,8.82,0,,,,,1,7.0,ok
TIC 132643891,148.9785,-52.294,8.82,0,,,,,1,6.3,ok
TIC 106053461,157.7042,-38.2656,8.82,0,,,,,4,9.9,ok
TIC 345180382,177.3608,-41.3654,8.82,0,,,,,4,12.1,ok
TIC 451340100,221.2371,-52.6458,8.82,0,,,,,5,16.1,ok
TIC 259648079,153.3108,-52.5149,8.82,0,,,,,6,10.3,ok
TIC 229862891,138.3393,-18.1889,8.82,0,,,,,5,7.8,ok
TIC 451123979,170.6499,-58.9538,8.82,0,,,,,5,7.1,ok
TIC 464192480,155.6612,-55.7566,8.82,0,,,,,1,3.0,ok
TIC 47639780,150.1576,-29.5979,8.82,0,,,,,6,8.3,ok
TIC 403325811,229.3584,-74.5053,8.82,0,,,,,8,11.0,ok
TIC 158409526,163.6583,-38.0231,8.82,0,,,,,1,3.8,ok
TIC 466368276,165.6873,-63.4945,8.82,0,,,,,7,12.7,ok
TIC 61412532,175.7799,-45.7318,8.82,0,,,,,4,5.3,ok
TIC 436685533,193.7228,-65.8295,8.82,0,,,,,6,11.8,ok
TIC 48105859,147.4771,-30.5725,8.83,0,,,,,4,5.4,ok
TIC 315830698,171.3072,-61.2769,8.83,0,,,,,5,7.3,ok
TIC 273385645,185.8356,-52.1802,8.83,0,,,,,3,8.3,ok
TIC 361722867,195.2054,-72.6255,8.83,0,,,,,3,5.7,ok
TIC 29664663,151.1407,-33.0,8.83,0,,,,,4,8.5,ok
TIC 395295983,205.8352,-72.0818,8.83,0,,,,,8,13.2,ok
TIC 332657217,150.0391,-17.6369,8.83,0,,,,,5,11.8,ok
TIC 393474507,167.6768,-45.837,8.83,0,,,,,2,10.5,ok
TIC 309039549,184.5527,-62.9847,8.83,0,,,,,4,14.8,ok
TIC 92084398,172.1523,-48.9861,8.83,0,,,,,1,3.1,ok
TIC 163083738,172.233,-42.4311,8.83,0,,,,,4,7.2,ok
TIC 296657253,141.6556,-14.265,8.84,0,,,,,5,15.9,ok
TIC 92906692,174.3406,-51.6944,8.84,0,,,,,2,10.5,ok
TIC 381747495,182.6254,-64.1009,8.84,0,,,,,8,10.6,ok
TIC 303737573,177.5265,-65.3714,8.84,0,,,,,2,5.9,ok
TIC 106402532,159.4094,-40.8882,8.84,0,,,,,6,17.4,ok
TIC 380607580,206.7393,-60.0999,8.84,0,,,,,4,10.4,ok
TIC 456423377,231.709,-65.9603,8.84,0,,,,,4,13.9,ok
TIC 134363162,229.8526,-52.5231,8.84,0,,,,,4,12.0,ok
TIC 304039341,164.882,-59.6291,8.84,0,,,,,5,10.8,ok
TIC 311834300,181.6227,-71.8134,8.84,0,,,,,2,5.7,ok
TIC 360768521,190.3641,-72.098,8.84,0,,,,,3,5.2,ok
TIC 356371610,140.6647,-3.5119,8.84,0,,,,,1,7.1,ok
TIC 68179248,193.5915,-58.4306,8.84,0,,,,,8,15.8,ok
TIC 397365543,175.3073,-46.8942,8.84,0,,,,,2,7.4,ok
TIC 406259730,197.8596,-58.6782,8.84,0,,,,,3,6.1,ok
TIC 71546531,155.758,-34.1411,8.84,0,,,,,7,9.4,ok
TIC 42393048,228.5202,-55.2801,8.85,0,,,,,3,9.6,ok
TIC 22211065,183.3754,-45.1745,8.85,0,,,,,5,13.0,ok
TIC 244905251,196.7106,-48.7841,8.85,0,,,,,7,13.1,ok
TIC 273220426,185.6548,-48.6498,8.85,0,,,,,5,10.2,ok
TIC 402721313,224.2191,-73.9036,8.85,0,,,,,3,5.9,ok
TIC 409350377,213.8191,-58.5438,8.85,1,1.1613,130.9,rejete,variabilite_continue;eclipse_secondaire,5,13.5,ok
TIC 209916439,211.2578,-56.5106,8.85,0,,,,,4,10.0,ok
TIC 334496829,183.3957,-49.8991,8.85,0,,,,,4,8.3,ok
TIC 363068436,146.0702,-48.922,8.85,0,,,,,2,3.9,ok
TIC 429298029,184.2741,-49.5008,8.85,0,,,,,3,7.5,ok
TIC 401277603,187.9582,-49.2853,8.85,0,,,,,3,7.4,ok
TIC 395131076,204.7583,-75.0072,8.85,0,,,,,3,6.9,ok
TIC 268477699,177.0212,-57.434,8.85,0,,,,,3,6.5,ok
TIC 45597870,148.8484,-38.5247,8.85,0,,,,,6,10.5,ok
TIC 95930915,136.5257,-8.6297,8.85,0,,,,,1,6.3,ok
TIC 458230632,159.3275,-58.6283,8.85,0,,,,,6,12.0,ok
TIC 432088308,136.7601,-21.2086,8.85,0,,,,,5,8.7,ok
TIC 455395535,228.7203,-64.6109,8.85,0,,,,,4,9.1,ok
TIC 245124842,198.1377,-51.4834,8.85,0,,,,,7,8.6,ok
TIC 186977784,134.1699,-30.9022,8.85,0,,,,,2,6.1,ok
TIC 35358254,224.9122,-56.5911,8.85,0,,,,,6,11.9,ok
TIC 258414689,221.6963,-69.8445,8.85,0,,,,,4,10.1,ok
TIC 192545587,154.6719,-20.1449,8.85,0,,,,,6,16.2,ok
TIC 22619100,185.0189,-47.7988,8.85,0,,,,,3,7.4,ok
TIC 465055209,162.3291,-61.8317,8.86,0,,,,,4,7.2,ok
TIC 271935459,187.3731,-58.4077,8.86,0,,,,,3,7.7,ok
TIC 53931697,159.1018,-33.208,8.86,0,,,,,5,8.6,ok
TIC 403598330,231.8649,-73.8447,8.86,1,5.7936,11.3,rejete,variabilite_continue;eclipse_secondaire,5,10.2,ok
TIC 328220018,210.9846,-61.0897,8.86,0,,,,,6,15.0,ok
TIC 342716007,205.0928,-68.7753,8.86,0,,,,,6,9.5,ok
TIC 464295672,155.9351,-57.6421,8.86,0,,,,,8,12.5,ok
TIC 34233793,146.4712,-45.0455,8.86,0,,,,,1,6.7,ok
TIC 466628058,166.3678,-61.8453,8.86,0,,,,,6,7.1,ok
TIC 408310006,144.8749,-20.9824,8.87,0,,42.4,rejete,variabilite_continue,5,13.4,ok
TIC 62569341,133.6306,-5.2949,8.87,0,,,,,5,9.3,ok
TIC 332728505,180.4978,-50.1638,8.87,0,,,,,3,8.9,ok
TIC 44424560,229.5796,-58.2174,8.87,0,,,,,5,12.8,ok
TIC 446884090,232.3361,-67.8142,8.87,0,,,,,4,10.1,ok
TIC 308821501,151.9277,-14.1652,8.87,0,,,,,3,6.5,ok
TIC 333012483,181.014,-48.1058,8.87,0,,,,,3,4.2,ok
TIC 11560294,149.8952,-24.8572,8.87,0,,,,,6,7.0,ok
TIC 96106862,147.206,-8.4935,8.87,1,2.6899,13.4,rejete,variabilite_continue,4,9.5,ok
TIC 457419964,157.3338,-56.8082,8.87,0,,,,,2,7.4,ok
TIC 304050480,164.8357,-58.1244,8.87,0,,,,,3,9.6,ok
TIC 439173767,195.4834,-64.6269,8.87,0,,,,,5,9.9,ok
TIC 71546916,155.7015,-33.6162,8.87,0,,,,,4,7.7,ok
TIC 463199107,153.2808,-58.1382,8.87,0,,,,,5,7.6,ok
TIC 33250468,144.8473,-45.7759,8.87,0,,,,,1,5.9,ok
TIC 245234011,199.0231,-50.8087,8.87,0,,,,,4,7.4,ok
TIC 258100470,220.9614,-71.4806,8.87,0,,,,,4,11.5,ok
TIC 21709407,180.6433,-45.5606,8.88,0,,,,,5,11.5,ok
TIC 259915804,224.3124,-70.6534,8.88,0,,,,,7,12.4,ok
TIC 451205400,170.8377,-56.0666,8.88,0,,,,,4,8.1,ok
TIC 5416781,146.7017,-18.1539,8.88,0,,,,,1,8.1,ok
TIC 260768549,189.2115,-48.2549,8.88,0,,,,,3,5.8,ok
TIC 401280763,187.9681,-48.6263,8.88,0,,,,,3,6.8,ok
TIC 72818359,188.7203,-47.2892,8.88,0,,,,,5,10.9,ok
TIC 328240977,190.4768,-67.7919,8.88,0,,,,,3,8.8,ok
TIC 262982976,216.0604,-57.7623,8.88,0,,,,,6,13.0,ok
TIC 453923245,225.2034,-60.3192,8.88,0,,,,,4,7.1,ok
TIC 411883268,189.7268,-54.9893,8.88,0,,,,,5,7.5,ok
TIC 401439545,200.5436,-49.6015,8.88,0,,,,,2,6.0,ok
TIC 52027628,149.1746,-20.8443,8.88,0,,,,,7,11.6,ok
TIC 327656776,189.8297,-71.6218,8.88,0,,,,,8,13.6,ok
TIC 453635313,205.5952,-56.8607,8.88,0,,,,,4,8.3,ok
TIC 256463485,200.0898,-54.7867,8.88,0,,,,,4,5.5,ok
TIC 289334317,130.9107,-13.3075,8.88,0,,,,,1,3.4,ok
TIC 308694635,135.3176,-15.9905,8.88,0,,,,,5,5.7,ok
TIC 449658016,200.615,-60.2929,8.89,0,,,,,3,6.7,ok
TIC 411625158,185.4586,-54.4003,8.89,0,,,,,3,6.6,ok
TIC 256716325,200.3789,-56.8584,8.89,0,,,,,7,13.8,ok
TIC 244977642,197.3026,-53.2141,8.89,0,,,,,4,9.2,ok
TIC 296005948,223.8311,-60.3705,8.89,0,,,,,4,7.1,ok
TIC 395611473,208.1219,-75.2588,8.89,0,,,,,3,3.9,ok
TIC 327273899,189.0571,-68.2164,8.89,0,,,,,3,9.5,ok
TIC 120859681,164.3488,-51.8277,8.89,0,,12.9,rejete,variabilite_continue;eclipse_secondaire,5,11.3,ok
TIC 458076693,159.0065,-58.2526,8.89,0,,98.9,rejete,variabilite_continue;eclipse_secondaire;compagnon_trop_gros_15.0Rjup,6,15.4,ok
TIC 245436305,200.2401,-51.2284,8.89,0,,,,,7,15.2,ok
TIC 39509106,227.0973,-58.6975,8.89,0,,,,,5,7.2,ok
TIC 118601741,130.2007,-18.5881,8.89,0,,,,,3,9.9,ok
TIC 294190351,159.4811,-44.5064,8.89,0,,,,,3,9.3,ok
TIC 101626382,150.6506,-30.76,8.89,0,,,,,1,6.5,ok
TIC 280146469,203.8707,-56.2851,8.89,0,,,,,6,11.5,ok
TIC 19495076,139.561,-33.8413,8.89,0,,,,,1,9.6,ok
TIC 49175225,165.334,-31.7063,8.89,0,,,,,5,9.6,ok
TIC 358557993,151.0437,-42.6766,8.89,0,,,,,2,7.6,ok
TIC 468017318,169.8438,-60.9386,8.89,0,,,,,2,5.5,ok
TIC 168141647,152.9793,-27.7262,8.9,0,,,,,7,10.1,ok
TIC 159881887,189.3489,-50.8415,8.9,0,,,,,7,11.4,ok
TIC 446796937,218.3699,-68.1387,8.9,0,,,,,6,8.2,ok
TIC 273279154,188.5331,-56.6249,8.9,0,,,,,6,10.4,ok
TIC 142795242,138.6693,-0.8916,8.9,0,,,,,4,13.1,ok
TIC 329234115,211.4511,-60.645,8.9,0,,18.8,rejete,variabilite_continue;eclipse_secondaire,4,11.2,ok
TIC 429517301,207.2944,-70.7109,8.9,0,,,,,3,7.2,ok
TIC 415502268,131.1706,-21.4303,8.9,0,,,,,1,5.6,ok
TIC 120514265,163.5469,-52.015,8.9,0,,,,,2,7.8,ok
TIC 270637781,220.3631,-59.13,8.9,0,,,,,4,9.6,ok
TIC 53576229,157.2559,-32.2906,8.9,0,,,,,2,6.7,ok
TIC 333298364,181.2829,-53.6094,8.9,0,,,,,3,6.1,ok
TIC 94459006,177.4016,-52.5005,8.9,0,,,,,5,12.1,ok
TIC 253538014,197.3404,-58.5513,8.9,0,,,,,6,12.7,ok
TIC 94643001,177.647,-53.7115,8.9,0,,,,,3,9.9,ok
TIC 379007078,180.8554,-62.1711,8.9,0,,,,,2,4.5,ok
TIC 308466048,184.2954,-60.1943,8.9,0,,,,,3,6.9,ok
TIC 101135881,152.7219,-14.5999,8.9,0,,,,,2,5.3,ok
TIC 458561879,160.5317,-59.9068,8.9,0,,,,,6,8.2,ok
TIC 19258238,123.9618,-11.5046,8.91,0,,,,,1,4.1,ok
TIC 42741514,228.8328,-59.2332,8.91,0,,,,,6,8.9,ok
TIC 54361390,161.8658,-31.716,8.91,0,,,,,2,5.7,ok
TIC 44764338,146.4185,-38.8873,8.91,0,,,,,4,9.4,ok
TIC 149845414,135.5458,-3.4209,8.91,0,,,,,4,8.4,ok
TIC 395138216,204.663,-72.9059,8.91,0,,,,,3,8.2,ok
TIC 327036874,188.8429,-70.3216,8.91,0,,,,,5,10.9,ok
TIC 273153230,188.5225,-58.9218,8.91,0,,,,,1,7.5,ok
TIC 260944490,201.7047,-52.7964,8.91,0,,,,,4,10.3,ok
TIC 403510208,231.0868,-75.0627,8.91,0,,,,,3,6.4,ok
TIC 62631837,142.5263,-3.7979,8.92,0,,,,,1,4.6,ok
TIC 275178067,143.3606,2.6474,8.92,0,,,,,5,8.2,ok
TIC 3918675,140.1196,-35.9024,8.92,0,,,,,1,5.5,ok
TIC 286680386,152.7417,-19.9569,8.92,0,,,,,5,10.9,ok
TIC 188216995,220.8081,-57.6666,8.92,0,,,,,4,11.3,ok
TIC 272962254,170.5568,-51.2694,8.92,0,,,,,6,10.3,ok
TIC 870681771,151.0429,-42.6768,8.92,0,,,,,1,6.1,ok
TIC 209922788,211.2969,-55.5695,8.92,0,,,,,4,11.7,ok
TIC 35909965,149.3316,-45.6325,8.92,0,,,,,5,10.3,ok
TIC 290891862,143.084,-4.4213,8.92,0,,,,,2,8.1,ok
TIC 162403802,190.7677,-48.7168,8.92,0,,12.2,rejete,variabilite_continue;eclipse_secondaire,4,12.8,ok
TIC 458230572,159.3456,-58.623,8.92,0,,,,,6,11.9,ok
TIC 253088640,194.6171,-54.3978,8.92,0,,,,,3,6.4,ok
TIC 71590443,155.9121,-34.9461,8.93,0,,,,,3,6.3,ok
TIC 101580449,150.3979,-34.8412,8.93,0,,15.1,rejete,variabilite_continue;eclipse_secondaire;compagnon_trop_gros_3.7Rjup,4,10.4,ok
TIC 415347193,130.6938,-19.8037,8.93,0,,,,,6,11.3,ok
TIC 462097655,150.3005,-55.5769,8.93,0,,,,,1,6.3,ok
TIC 163042472,190.8724,-49.656,8.93,0,,,,,3,6.9,ok
TIC 466773964,167.0829,-64.6013,8.93,0,,73.0,rejete,variabilite_continue;eclipse_secondaire,6,17.2,ok
TIC 163346842,191.3182,-52.6759,8.93,0,,,,,3,6.0,ok
TIC 329519982,211.5285,-61.5145,8.93,0,,,,,5,7.2,ok
TIC 448509362,211.2462,-69.8315,8.93,0,,,,,4,7.9,ok
TIC 333924178,182.4515,-52.422,8.93,0,,,,,3,7.0,ok
TIC 333831404,182.3925,-48.7482,8.93,1,0.9728,18.7,rejete,variabilite_continue;eclipse_secondaire,3,9.3,ok
TIC 450608427,186.6918,-60.8919,8.93,0,,,,,3,6.5,ok
TIC 359303424,201.1372,-55.2175,8.93,0,,,,,4,11.9,ok
TIC 401678371,216.6508,-75.6426,8.93,0,,,,,1,10.0,ok
TIC 398699696,180.3617,-58.9097,8.93,0,,13.8,rejete,variabilite_continue;eclipse_secondaire;compagnon_trop_gros_2.8Rjup,3,7.9,ok
TIC 336606891,196.1131,-66.2261,8.93,0,,,,,5,10.8,ok
TIC 272058503,187.3327,-54.1979,8.93,0,,,,,5,9.0,ok
TIC 331288348,212.2586,-60.5408,8.93,0,,,,,4,8.0,ok
TIC 51255709,128.4614,-8.7599,8.93,0,,,,,2,7.7,ok
TIC 449818558,201.1476,-60.2658,8.93,0,,,,,4,6.6,ok
TIC 409797166,126.4636,-16.3797,8.94,0,,,,,3,12.7,ok
TIC 176785419,142.7751,-18.0684,8.94,0,,,,,4,10.8,ok
TIC 315798707,203.0358,-60.8154,8.94,0,,,,,5,9.4,ok
TIC 405853104,192.3379,-54.7227,8.94,0,,,,,5,10.9,ok
TIC 400912862,178.5657,-53.4653,8.94,0,,,,,3,11.5,ok
TIC 378726058,155.5271,-60.1869,8.94,0,,,,,6,11.8,ok
TIC 146237890,157.8966,-45.4544,8.94,0,,,,,1,3.4,ok
TIC 280667311,173.0249,-67.0383,8.94,0,,,,,5,7.6,ok
TIC 457124889,203.2164,-59.2411,8.94,0,,,,,5,7.3,ok
TIC 304943076,178.4203,-60.267,8.94,0,,,,,5,9.3,ok
TIC 405485067,143.6834,-12.6071,8.94,0,,,,,1,7.6,ok
TIC 325822843,209.8176,-65.7711,8.94,0,,,,,4,10.3,ok
TIC 262558716,229.1542,-68.3035,8.94,0,,,,,4,9.8,ok
TIC 51434065,129.2371,-7.2291,8.94,0,,,,,1,1.8,ok
TIC 260652853,186.6657,-48.3958,8.94,0,,,,,5,5.6,ok
TIC 166876813,192.9611,-52.1288,8.94,0,,,,,3,8.1,ok
TIC 118828032,134.9203,-20.906,8.94,0,,,,,5,5.5,ok
TIC 311974133,181.7552,-67.572,8.94,0,,,,,4,11.8,ok
TIC 158719651,165.3747,-40.5151,8.94,0,,,,,5,7.0,ok
TIC 299679262,207.9696,-64.9615,8.94,0,,,,,4,7.2,ok
TIC 438725071,201.2176,-53.8203,8.94,0,,,,,4,7.2,ok
TIC 101585653,150.5284,-34.0088,8.94,0,,,,,2,11.1,ok
TIC 466185139,165.2735,-63.5208,8.94,0,,,,,5,7.0,ok
TIC 71674289,156.4255,-32.9279,8.94,0,,,,,8,12.4,ok
TIC 446287901,147.6228,-52.0553,8.94,0,,,,,1,11.0,ok
TIC 448811783,213.5164,-68.0227,8.94,0,,,,,3,9.5,ok
TIC 446047505,147.4059,-51.8725,8.95,0,,,,,8,10.8,ok
TIC 460720215,158.3761,-60.1278,8.95,0,,,,,6,10.4,ok
TIC 256470244,200.1176,-56.6752,8.95,0,,,,,4,12.0,ok
TIC 336811734,196.5314,-69.7136,8.95,0,,,,,3,9.5,ok
TIC 411501819,183.3957,-56.7752,8.95,0,,,,,3,10.6,ok
TIC 245388438,199.9566,-52.84,8.95,0,,,,,4,10.3,ok
TIC 336069781,195.5681,-66.7069,8.95,0,,,,,3,10.3,ok
TIC 426134267,238.4239,-73.3368,8.96,0,,,,,4,14.1,ok
TIC 48017977,147.1911,-31.4096,8.96,0,,,,,1,6.9,ok
TIC 259124516,222.9961,-71.1039,8.96,0,,,,,7,20.2,ok
TIC 432186138,153.9784,-19.3415,8.96,0,,,,,3,7.6,ok
TIC 341865564,203.8527,-69.0166,8.96,0,,,,,4,8.8,ok
TIC 448586137,166.2856,-32.1759,8.96,0,,,,,3,7.9,ok
TIC 152316686,170.9425,-39.4081,8.96,0,,,,,1,4.8,ok
TIC 410492272,176.8359,-70.4162,8.96,0,,73.7,rejete,variabilite_continue;eclipse_secondaire,7,15.8,ok
TIC 46955977,143.3277,-8.1151,8.96,0,,,,,3,8.1,ok
TIC 270680377,137.0165,2.297,8.96,0,,,,,5,11.5,ok
TIC 275467351,178.6499,-45.0818,8.96,0,,,,,3,7.6,ok
TIC 319219289,204.8153,-60.9839,8.96,0,,,,,6,12.1,ok
TIC 119717677,161.8917,-48.6694,8.96,0,,,,,3,10.7,ok
TIC 422169110,150.8065,-13.2873,8.96,0,,,,,2,6.7,ok
TIC 54041061,159.6958,-34.3389,8.96,0,,,,,4,11.1,ok
TIC 306503175,166.9221,-58.5063,8.96,0,,,,,2,4.0,ok
TIC 102623290,155.1361,-44.9426,8.96,0,,,,,2,8.5,ok
TIC 266851670,175.4526,-58.5866,8.96,0,,,,,4,11.4,ok
TIC 466113537,165.0332,-59.9784,8.97,0,,18.9,rejete,variabilite_continue;eclipse_secondaire,5,15.0,ok
TIC 446463792,155.909,-49.4659,8.97,0,,,,,3,6.8,ok
TIC 185548147,219.9412,-59.5756,8.97,0,,,,,5,8.7,ok
TIC 34635166,147.2463,-44.1783,8.97,0,,,,,5,9.6,ok
TIC 447214181,156.9385,-50.3038,8.97,0,,,,,1,8.8,ok
TIC 95747759,131.4663,-7.7144,8.97,0,,15.2,rejete,variabilite_continue;eclipse_secondaire;compagnon_trop_gros_4.1Rjup,2,9.7,ok
TIC 51945029,136.5181,-23.743,8.97,0,,,,,3,6.1,ok
TIC 35801964,225.0468,-56.1444,8.97,0,,,,,3,10.1,ok
TIC 22390773,184.179,-45.8677,8.97,0,,,,,5,11.1,ok
TIC 455836765,230.0189,-61.4666,8.97,0,,,,,5,10.0,ok
TIC 441866729,197.5037,-64.5607,8.98,0,,,,,3,10.4,ok
TIC 448504404,211.2458,-71.145,8.98,0,,,,,8,15.6,ok
TIC 402270799,220.2846,-64.2195,8.98,0,,,,,5,10.1,ok
TIC 271944801,187.2127,-56.4682,8.98,0,,,,,3,8.6,ok
TIC 161156379,189.8757,-49.1094,8.98,0,,,,,5,11.0,ok
TIC 360170075,217.1779,-67.0879,8.98,0,,,,,4,9.0,ok
TIC 47682347,150.2659,-28.7866,8.98,0,,,,,5,12.7,ok
TIC 54257454,161.2742,-31.2036,8.98,0,,,,,5,10.0,ok
TIC 80379078,165.1479,-51.6438,8.98,0,,,,,3,6.0,ok
TIC 241685708,208.2546,-52.2241,8.98,0,,,,,6,8.5,ok
TIC 270772428,137.8426,0.4656,8.98,0,,,,,3,6.3,ok
TIC 450487472,186.4171,-63.626,8.98,0,,,,,3,5.7,ok
TIC 333884717,192.6986,-66.4295,8.98,0,,,,,3,7.0,ok
TIC 271515993,186.9017,-56.3103,8.98,0,,,,,4,7.2,ok
TIC 296782338,142.3079,-17.6462,8.99,0,,,,,2,2.8,ok
TIC 181015118,172.9369,-41.0452,8.99,0,,,,,6,7.9,ok
TIC 324252945,208.9744,-61.5038,8.99,0,,,,,5,9.1,ok
TIC 310295579,185.0593,-62.5295,8.99,0,,,,,5,12.6,ok
TIC 398879802,180.3987,-58.483,8.99,0,,,,,3,7.2,ok
TIC 188246035,163.1207,-28.6542,8.99,0,,,,,6,10.4,ok
TIC 19007125,123.1037,-9.2892,8.99,0,,,,,3,7.8,ok
TIC 168079518,152.9605,-26.4594,8.99,0,,,,,7,12.3,ok
TIC 245441559,200.1417,-53.006,8.99,0,,,,,4,7.8,ok
TIC 458561576,160.543,-59.9669,8.99,0,,,,,1,3.7,ok
TIC 42746931,228.802,-58.7309,8.99,0,,,,,5,7.6,ok
TIC 132208116,148.5457,-53.641,8.99,0,,,,,4,8.7,ok
TIC 356372450,140.8369,-5.9354,8.99,0,,,,,5,9.9,ok
TIC 450918869,187.275,-62.4667,9.0,0,,64.7,rejete,variabilite_continue;eclipse_secondaire,8,29.1,ok
TIC 275593560,179.182,-45.703,9.0,0,,,,,3,10.0,ok
TIC 188123798,161.8787,-26.5629,9.0,0,,,,,6,13.8,ok
TIC 149852256,135.7444,-3.2729,9.0,0,,,,,2,4.2,ok
TIC 36818033,150.9371,-45.7631,9.0,0,,,,,1,16.2,ok
TIC 162694853,190.7524,-52.5964,9.0,0,,,,,6,9.6,ok
TIC 95753170,135.5098,-6.7644,9.0,0,,,,,3,6.7,ok
TIC 262239129,199.6885,-56.589,9.0,0,,,,,3,7.7,ok
TIC 315957724,203.4547,-61.6242,9.0,0,,,,,4,7.3,ok
TIC 297348512,180.0518,-66.078,9.0,0,,,,,6,11.7,ok
TIC 379928261,130.4976,0.2975,9.0,0,,,,,2,7.0,ok
TIC 448276482,209.4955,-71.7056,9.0,0,,,,,3,11.3,ok
TIC 5483095,149.6076,-20.2914,9.0,0,,,,,4,8.9,ok
TIC 329459784,191.7049,-69.1756,9.0,0,,,,,5,9.3,ok
TIC 342990684,205.6992,-70.7262,9.0,0,,,,,3,10.0,ok
TIC 261700035,227.3194,-66.469,9.0,0,,,,,4,11.6,ok
TIC 375835614,178.8421,-57.3402,9.0,0,,,,,3,6.5,ok
TIC 210896421,213.0995,-57.832,9.0,0,,,,,4,6.6,ok
TIC 360370278,217.5312,-69.7762,9.0,0,,,,,4,10.2,ok
TIC 34626961,147.072,-43.4942,9.0,0,,,,,3,8.2,ok
TIC 262929804,230.0108,-66.5534,9.01,0,,,,,4,7.7,ok
TIC 23559610,169.2294,-35.5405,9.01,0,,,,,5,10.4,ok
TIC 332658031,149.9684,-15.4971,9.01,0,,,,,1,2.1,ok
TIC 452167742,173.9749,-54.7659,9.01,0,,,,,2,5.1,ok
TIC 261389834,209.8073,-51.8776,9.01,0,,,,,5,14.2,ok
TIC 335376063,194.6057,-70.4804,9.01,0,,,,,7,13.3,ok
TIC 340028951,200.8711,-66.4488,9.01,0,,,,,4,8.5,ok
TIC 314632352,185.1251,-66.3084,9.01,0,,,,,5,12.2,ok
TIC 142741200,137.6872,-2.3629,9.01,0,,,,,2,6.5,ok
TIC 46999145,143.5591,-7.056,9.01,0,,,,,1,7.0,ok
TIC 333771883,182.1495,-52.1129,9.01,0,,,,,3,8.0,ok
TIC 348788705,134.549,-15.3708,9.01,0,,,,,5,7.1,ok
TIC 465374606,163.0417,-59.9551,9.01,0,,39.8,rejete,variabilite_continue;eclipse_secondaire,7,15.4,ok
TIC 275135893,143.0529,3.2961,9.01,0,,,,,4,6.6,ok
TIC 49005659,164.2186,-32.5564,9.01,0,,,,,2,3.0,ok
TIC 189479494,143.1728,-27.8999,9.02,0,,,,,6,14.6,ok
TIC 432135055,137.329,-23.5413,9.02,0,,,,,4,11.7,ok
TIC 167214947,193.1441,-51.4679,9.02,0,,,,,4,11.3,ok
TIC 381257866,182.5045,-64.001,9.02,0,,,,,7,12.3,ok
TIC 460483704,190.0883,-65.8622,9.02,0,,,,,3,8.2,ok
TIC 51370456,129.1126,-10.4528,9.02,0,,,,,1,8.5,ok
TIC 332286707,212.7888,-61.9301,9.02,0,,,,,7,13.8,ok
TIC 335129663,194.1583,-67.6213,9.02,0,,,,,4,10.6,ok
TIC 412480140,192.8857,-55.438,9.02,0,,,,,6,11.0,ok
TIC 259843297,224.422,-71.7787,9.03,0,,,,,4,8.2,ok
TIC 21735574,181.374,-42.3811,9.03,0,,,,,5,10.2,ok
TIC 402918459,225.548,-72.0811,9.03,0,,,,,4,7.9,ok
TIC 107010525,162.0199,-38.2115,9.03,0,,,,,4,9.9,ok
TIC 333695582,213.6403,-61.799,9.03,0,,,,,4,9.4,ok
TIC 411812736,189.5716,-58.1143,9.03,0,,,,,6,14.3,ok
TIC 401979797,218.6972,-75.6802,9.03,0,,,,,4,9.9,ok
TIC 454601598,226.7799,-63.1348,9.03,0,,,,,5,10.1,ok
TIC 420276268,198.8065,-57.6062,9.03,0,,,,,3,8.7,ok
TIC 1349312,131.622,-26.8736,9.03,0,,,,,1,3.9,ok
TIC 405445173,190.313,-55.33,9.03,0,,,,,3,7.7,ok
TIC 73117808,153.5921,-41.7473,9.03,0,,,,,3,11.7,ok
TIC 103061286,156.1599,-47.3159,9.04,0,,,,,2,7.4,ok
TIC 458708992,160.6822,-59.9046,9.04,0,,,,,8,13.3,ok
TIC 434362297,191.0211,-61.6483,9.04,0,,87.4,rejete,variabilite_continue;eclipse_secondaire,7,15.4,ok
TIC 380931384,182.3405,-62.2132,9.04,0,,,,,3,6.3,ok
TIC 442170794,197.7587,-60.1227,9.04,0,,,,,6,9.8,ok
TIC 80682484,165.9548,-50.8871,9.04,1,8.4041,23.6,rejete,variabilite_continue,7,17.3,ok
TIC 435898801,193.2232,-63.3357,9.04,0,,,,,3,8.8,ok
TIC 158806320,165.5409,-41.5207,9.04,0,,,,,3,6.4,ok
TIC 308272271,167.4089,-57.8606,9.04,0,,,,,5,11.5,ok
TIC 22022963,148.0511,-26.5726,9.04,0,,,,,4,7.3,ok
TIC 106200340,158.5068,-40.6737,9.04,0,,,,,2,4.1,ok
TIC 446403723,219.3021,-52.828,9.05,0,,,,,3,4.3,ok
TIC 394800275,202.3329,-72.2376,9.05,0,,,,,3,5.5,ok
TIC 189478710,143.2628,-28.8095,9.05,0,,,,,2,4.7,ok
TIC 459701113,163.4109,-58.2276,9.05,0,,,,,3,4.3,ok
TIC 313907706,225.4359,-52.7031,9.05,0,,,,,5,7.3,ok
TIC 448536197,166.0092,-31.1485,9.05,0,,,,,5,9.6,ok
TIC 45598176,148.8278,-38.7628,9.05,0,,37.5,rejete,variabilite_continue;eclipse_secondaire,8,18.3,ok
TIC 33974979,146.068,-44.647,9.05,0,,,,,5,7.0,ok
TIC 894262,135.871,-3.3582,9.05,0,,,,,1,2.4,ok
TIC 24842600,142.3226,-29.9951,9.05,0,,,,,4,6.3,ok
TIC 338138063,198.4568,-71.5255,9.05,0,,,,,3,9.4,ok
TIC 312917774,201.9171,-61.4927,9.06,0,,,,,3,4.7,ok
TIC 455321735,228.7915,-60.012,9.06,0,,,,,4,6.6,ok
TIC 383188651,142.5246,3.805,9.06,0,,,,,5,7.7,ok
TIC 263906382,231.6909,-69.1191,9.06,0,,,,,9,14.6,ok
TIC 101835529,153.4361,-47.5973,9.06,0,,,,,4,6.9,ok
TIC 465739871,164.0439,-59.9303,9.06,0,,62.9,rejete,variabilite_continue;eclipse_secondaire,8,16.9,ok
TIC 260517846,225.6621,-71.8717,9.06,0,,,,,4,5.5,ok
TIC 359299728,201.146,-55.9568,9.06,0,,,,,5,9.3,ok
TIC 45309661,147.8553,-38.5178,9.06,0,,,,,5,10.0,ok
TIC 425313449,190.9184,-54.1716,9.06,0,,,,,3,5.4,ok
TIC 169989714,194.6445,-52.9697,9.06,0,,,,,2,8.5,ok
TIC 261012882,226.2784,-67.6675,9.06,0,,,,,4,11.9,ok
TIC 328600710,191.0039,-69.4359,9.07,1,1.0105,13.6,rejete,variabilite_continue;eclipse_secondaire,3,8.2,ok
TIC 209471434,210.5052,-55.805,9.07,0,,,,,7,10.8,ok
TIC 33662814,145.6051,-47.1902,9.07,0,,,,,2,6.0,ok
TIC 333127661,181.1396,-52.6941,9.07,0,,,,,4,5.4,ok
TIC 454034510,225.5577,-65.4482,9.07,0,,,,,4,8.9,ok
TIC 313399930,183.5681,-67.7413,9.07,0,,82.0,rejete,variabilite_continue;eclipse_secondaire,6,17.2,ok
TIC 37688556,135.706,-25.7142,9.07,0,,,,,4,11.2,ok
TIC 321657875,175.3455,-63.5831,9.07,0,,,,,4,9.4,ok
TIC 160205337,189.3354,-53.7198,9.07,0,,,,,1,7.4,ok
TIC 412623547,193.1678,-59.247,9.07,0,,,,,3,5.8,ok
TIC 328759090,211.0219,-64.758,9.07,0,,,,,3,8.9,ok
TIC 420148056,192.4935,-58.0164,9.07,0,,,,,3,4.7,ok
TIC 402548292,220.5656,-65.8874,9.07,0,,,,,8,11.8,ok
TIC 323951783,176.7266,-61.463,9.07,0,,,,,3,7.7,ok
TIC 453961766,225.3545,-60.7885,9.08,0,,,,,5,7.2,ok
TIC 439164152,195.6984,-63.8357,9.08,0,,,,,6,16.0,ok
TIC 406626080,198.5278,-55.9475,9.08,0,,,,,3,8.7,ok
TIC 255964239,198.6723,-56.8119,9.08,0,,,,,3,6.1,ok
TIC 341863855,203.8365,-69.4545,9.08,0,,,,,1,7.5,ok
TIC 241282365,203.4267,-52.5179,9.08,0,,,,,5,8.5,ok
TIC 395596797,208.1526,-72.2986,9.08,0,,,,,3,9.4,ok
TIC 163042245,191.1491,-49.3177,9.08,0,,,,,3,5.6,ok
TIC 437809186,194.6212,-64.4069,9.08,0,,,,,3,6.1,ok
TIC 209199533,209.9539,-57.8314,9.09,0,,,,,5,7.9,ok
TIC 263320619,230.7529,-67.353,9.09,0,,,,,4,8.4,ok
TIC 13628645,133.0948,-7.3088,9.09,0,,,,,4,7.9,ok
TIC 335130166,194.1587,-67.543,9.09,0,,,,,3,7.6,ok
TIC 401621184,216.1932,-75.0356,9.09,0,,,,,5,13.1,ok
TIC 67697924,182.3122,-58.7101,9.09,0,,,,,3,18.2,ok
TIC 419686982,191.5205,-56.4793,9.09,0,,,,,3,11.3,ok
TIC 101425424,149.1167,-34.0091,9.09,0,,,,,4,10.9,ok
TIC 454834662,227.2791,-65.5615,9.09,0,,,,,4,12.3,ok
TIC 14296833,144.5781,-5.3093,9.09,0,,,,,3,7.0,ok
TIC 256589688,200.1547,-58.6489,9.09,0,,,,,3,7.1,ok
TIC 286852895,150.5085,-38.6875,9.09,0,,,,,4,8.5,ok
TIC 446865081,232.211,-68.1766,9.09,0,,,,,4,11.7,ok
TIC 336063687,195.2994,-67.6058,9.09,0,,,,,3,8.4,ok
TIC 44179317,229.4923,-58.6565,9.1,0,,,,,6,11.7,ok
TIC 11521555,146.4472,-25.4578,9.1,0,,25.2,rejete,variabilite_continue;eclipse_secondaire,4,14.3,ok
TIC 320074125,174.4643,-65.7676,9.1,0,,,,,2,6.0,ok
TIC 34815279,147.3443,-42.8051,9.1,0,,,,,1,4.4,ok
TIC 405264083,128.2659,-12.9546,9.1,0,,,,,2,4.7,ok
TIC 404009987,188.6026,-49.7603,9.1,0,,,,,4,6.2,ok
TIC 52010651,143.4653,-21.5303,9.1,0,,,,,1,8.4,ok
TIC 390004506,182.5713,-56.215,9.1,0,,,,,3,11.3,ok
TIC 293862801,222.1743,-61.6945,9.1,0,,,,,4,9.6,ok
TIC 253521513,197.5045,-55.4575,9.1,0,,,,,6,14.1,ok
TIC 259114642,222.7341,-68.2175,9.1,0,,,,,4,9.0,ok
TIC 448652897,212.4527,-71.6316,9.1,0,,,,,5,10.3,ok
TIC 401707534,216.5938,-73.368,9.1,0,,,,,4,8.5,ok
TIC 464334734,155.8418,-54.6498,9.11,0,,,,,8,11.4,ok
TIC 273313746,185.599,-51.9106,9.11,0,,,,,3,9.5,ok
TIC 258329658,221.4347,-66.229,9.11,0,,,,,6,9.6,ok
TIC 81400324,167.2282,-53.5245,9.11,0,,,,,6,11.8,ok
TIC 73723286,155.6373,-40.5165,9.11,0,,,,,5,12.2,ok
TIC 381865147,208.7089,-60.8989,9.11,0,,,,,4,11.0,ok
TIC 22109188,183.1031,-46.3695,9.11,0,,,,,3,10.8,ok
TIC 396592713,214.2242,-72.7023,9.11,0,,,,,7,9.9,ok
TIC 391728166,161.8218,-62.1107,9.11,0,,29.7,rejete,variabilite_continue;eclipse_secondaire,5,14.4,ok
TIC 207594386,206.7397,-55.0069,9.11,0,,,,,4,6.9,ok
TIC 339812355,200.5857,-69.4875,9.11,0,,,,,3,5.0,ok
TIC 193065644,156.2335,-28.0387,9.11,0,,,,,2,7.4,ok
TIC 381638057,182.6172,-62.2147,9.11,0,,,,,3,5.8,ok
TIC 448375158,209.9692,-67.6455,9.11,0,,,,,4,6.1,ok
TIC 450392932,186.0996,-64.1757,9.11,0,,,,,2,9.3,ok
TIC 457337619,157.2442,-58.7944,9.11,0,,,,,2,5.8,ok
TIC 312102715,182.0381,-66.9842,9.11,0,,,,,5,10.2,ok
TIC 262780853,141.4191,4.8788,9.11,0,,,,,1,3.5,ok
TIC 423391000,157.1614,-21.5336,9.11,0,,,,,5,8.8,ok
TIC 106399831,159.3387,-40.4704,9.11,0,,,,,2,6.8,ok
TIC 106404087,159.5218,-39.3355,9.12,0,,,,,4,9.0,ok
TIC 280239820,203.7806,-54.2074,9.12,0,,,,,4,6.3,ok
TIC 332600127,213.109,-60.3978,9.12,0,,,,,5,11.0,ok
TIC 398597422,219.506,-64.9415,9.12,0,,,,,4,6.1,ok
TIC 68090591,193.5783,-56.7467,9.12,0,,,,,3,5.4,ok
TIC 460550620,190.134,-61.9953,9.12,0,,,,,3,4.2,ok
TIC 397269862,174.7651,-46.758,9.12,0,,,,,6,8.9,ok
TIC 256339165,199.8132,-54.8081,9.12,0,,,,,3,6.2,ok
TIC 458076434,159.0346,-58.2179,9.12,0,,35.0,rejete,eclipse_secondaire,6,14.0,ok
TIC 288598068,200.8033,-58.9872,9.12,0,,,,,4,6.8,ok
TIC 23355940,167.6847,-34.8035,9.12,0,,,,,1,2.6,ok
TIC 413490224,214.9856,-57.4096,9.12,0,,,,,4,6.1,ok
TIC 446830730,218.5932,-69.2393,9.12,0,,,,,4,6.0,ok
TIC 179680877,146.2166,-5.7357,9.12,0,,,,,2,6.0,ok
TIC 162305348,169.1578,-44.1945,9.12,0,,,,,3,4.9,ok
TIC 263020480,229.9109,-67.9635,9.12,0,,,,,4,4.8,ok
TIC 465145959,162.5291,-61.805,9.12,0,,,,,7,9.2,ok
TIC 71246532,154.2208,-35.8531,9.12,0,,,,,4,7.7,ok
TIC 460604193,158.2612,-61.7393,9.12,0,,,,,6,9.4,ok
TIC 82999434,170.4197,-49.6975,9.12,0,,,,,4,6.1,ok
TIC 412320714,214.4752,-56.3912,9.12,0,,,,,4,5.9,ok
TIC 405516045,190.3789,-58.9235,9.12,0,,,,,4,7.1,ok
TIC 160198172,189.5667,-52.3008,9.12,0,,,,,6,10.1,ok
TIC 304234502,164.9361,-56.1323,9.13,0,,,,,8,12.7,ok
TIC 194444908,222.3838,-56.9539,9.13,0,,,,,5,11.7,ok
TIC 47288727,134.8749,-10.0294,9.13,0,,,,,1,3.9,ok
TIC 286057139,138.1287,1.2496,9.13,0,,,,,3,8.4,ok
TIC 35353027,224.8937,-56.022,9.13,0,,,,,7,12.4,ok
TIC 322415005,175.9874,-62.1381,9.13,0,,,,,3,5.9,ok
TIC 296489247,125.5657,-14.6816,9.13,0,,,,,6,7.4,ok
TIC 450501516,186.3105,-65.1144,9.13,0,,,,,3,6.0,ok
TIC 1595346,131.2221,-5.0797,9.13,0,,,,,1,4.1,ok
TIC 456983505,201.8004,-59.6374,9.13,0,,,,,7,10.6,ok
TIC 376749374,180.9994,-58.7225,9.13,0,,,,,6,10.0,ok
TIC 328063994,210.8041,-62.2607,9.13,0,,,,,7,7.9,ok
TIC 169995394,194.3546,-51.8078,9.13,0,,,,,3,8.3,ok
TIC 451134562,187.7526,-61.3242,9.13,1,12.0588,11.4,rejete,variabilite_continue,3,7.9,ok
TIC 272411192,187.9605,-53.9613,9.14,0,,,,,3,8.0,ok
TIC 465734318,164.0161,-60.4938,9.14,0,,,,,4,10.1,ok
TIC 420013846,202.9731,-51.226,9.14,0,,,,,6,8.7,ok
TIC 457400626,206.2963,-58.9629,9.14,0,,,,,5,8.2,ok
TIC 396810174,147.7821,-13.5281,9.14,0,,,,,2,8.7,ok
TIC 151681127,166.8888,-40.2069,9.14,1,10.1966,17.2,a_verifier,,5,13.9,ok
TIC 332631472,136.9525,-16.045,9.14,0,,,,,5,12.4,ok
TIC 96098100,146.912,-6.1791,9.14,0,,,,,2,7.9,ok
TIC 425660056,232.8678,-74.7898,9.14,0,,,,,4,9.5,ok
TIC 336953859,196.6607,-66.8514,9.14,0,,,,,3,8.8,ok
TIC 253212775,195.395,-56.0919,9.14,0,,,,,6,15.5,ok
TIC 263355318,230.8602,-69.3024,9.14,0,,,,,6,10.7,ok
TIC 360907703,191.3355,-72.3743,9.14,0,,,,,3,8.7,ok
TIC 386262459,127.4009,-16.0018,9.14,0,,16.8,rejete,variabilite_continue;eclipse_secondaire,3,8.1,ok
TIC 169168599,127.0454,-3.2438,9.14,0,,,,,2,5.9,ok
TIC 450931870,169.8866,-54.1654,9.15,0,,,,,5,7.7,ok
TIC 447017796,233.9941,-70.6747,9.15,0,,,,,6,7.9,ok
TIC 300896703,177.7819,-54.5059,9.15,0,,,,,4,7.3,ok
TIC 339897938,200.8871,-69.1786,9.15,0,,,,,4,9.8,ok
TIC 179277530,159.2275,-23.8609,9.15,0,,,,,4,8.3,ok
TIC 152312790,170.7794,-40.2613,9.15,0,,,,,6,8.6,ok
TIC 450463645,186.2624,-61.3775,9.15,0,,,,,3,7.1,ok
TIC 15452001,185.3908,-49.6251,9.15,0,,,,,3,6.0,ok
TIC 290609863,140.4269,3.3886,9.15,0,,,,,4,5.4,ok
TIC 441769260,197.5809,-64.4566,9.16,0,,,,,6,11.7,ok
TIC 263499643,231.0635,-66.628,9.16,0,,,,,4,5.8,ok
TIC 93000166,174.5231,-49.1081,9.16,0,,,,,7,11.2,ok
TIC 398946443,191.9621,-47.7466,9.16,0,,,,,4,8.5,ok
TIC 458148508,159.1312,-56.5568,9.16,0,,,,,6,8.9,ok
TIC 245380975,199.8059,-52.7581,9.16,0,,,,,4,6.9,ok
TIC 170885648,139.2184,-4.2036,9.16,0,,,,,1,4.3,ok
TIC 263905612,231.7676,-69.0095,9.16,0,,,,,4,7.4,ok
TIC 77523367,142.049,-1.0331,9.16,0,,,,,3,5.4,ok
TIC 194971233,222.5428,-55.2064,9.17,0,,,,,1,5.3,ok
TIC 449682552,200.812,-61.0772,9.17,0,,,,,3,6.2,ok
TIC 290681317,174.0397,-61.5939,9.17,0,,,,,2,7.7,ok
TIC 22101829,182.9268,-44.7492,9.17,0,,,,,2,9.4,ok
TIC 209734585,211.1344,-54.0322,9.17,0,,,,,4,12.0,ok
TIC 401873197,168.3099,-66.5961,9.17,0,,,,,3,5.3,ok
TIC 106397038,159.2573,-37.534,9.17,0,,,,,3,5.2,ok
TIC 337722847,215.5825,-62.2454,9.17,0,,,,,4,7.6,ok
TIC 19021595,138.4298,-33.927,9.17,0,,,,,3,4.8,ok
TIC 288866941,224.212,-53.7668,9.17,0,,,,,3,8.0,ok
TIC 127871423,228.7268,-52.337,9.17,0,,,,,6,9.8,ok
TIC 33310390,145.1107,-46.285,9.17,0,,,,,1,7.5,ok
TIC 416211034,223.3587,-58.3271,9.18,0,,,,,4,5.3,ok
TIC 326173769,209.9581,-62.0518,9.18,0,,,,,4,8.5,ok
TIC 411056924,178.463,-68.7995,9.18,0,,,,,5,8.0,ok
TIC 406585677,198.2044,-56.9901,9.18,0,,,,,3,6.3,ok
TIC 455116877,228.1469,-60.5161,9.18,0,,,,,3,6.2,ok
TIC 460297171,157.2238,-61.1637,9.18,0,,,,,6,12.1,ok
TIC 22214795,183.619,-47.6129,9.18,0,,,,,6,7.9,ok
TIC 400860034,178.3983,-48.9791,9.18,0,,,,,3,5.5,ok
TIC 270893903,220.351,-56.528,9.18,0,,,,,4,10.9,ok
TIC 21172752,186.9356,-53.8547,9.18,0,,,,,3,5.5,ok
TIC 67624593,182.2989,-55.9413,9.18,0,,,,,3,7.7,ok
TIC 188130030,162.229,-28.2445,9.18,0,,,,,5,10.6,ok
TIC 290681684,174.0422,-61.6277,9.18,0,,,,,3,5.9,ok
TIC 253502871,197.1035,-57.0454,9.18,0,,,,,3,5.4,ok
TIC 21708762,180.584,-46.1667,9.18,0,,,,,3,5.0,ok
TIC 394768374,218.7546,-61.1835,9.18,0,,,,,4,9.5,ok
TIC 73083251,189.5644,-46.3548,9.18,0,,,,,1,6.4,ok
TIC 380223747,181.7009,-61.1883,9.19,0,,,,,3,6.4,ok
TIC 318305238,204.2166,-63.0958,9.19,0,,,,,4,9.1,ok
TIC 462263893,150.7465,-56.0058,9.19,0,,,,,1,11.7,ok
TIC 73007221,153.2872,-35.9329,9.19,0,,,,,2,8.0,ok
TIC 253298866,195.7623,-59.9606,9.19,1,1.6747,22.6,rejete,variabilite_continue,3,15.7,ok
TIC 81628273,167.7838,-51.4386,9.19,0,,,,,4,9.6,ok
TIC 70443079,138.8281,-24.5281,9.19,0,,,,,2,8.3,ok
TIC 334630700,141.253,-12.0798,9.19,0,,,,,1,5.5,ok
TIC 292989385,218.749,-55.8447,9.19,0,,,,,5,8.4,ok
TIC 275546580,179.0586,-45.7731,9.19,0,,,,,4,7.0,ok
TIC 433738620,190.5529,-60.6524,9.19,0,,,,,8,12.8,ok
TIC 124350360,227.667,-52.8065,9.19,0,,,,,5,10.8,ok
TIC 411594018,218.9241,-58.593,9.19,0,,,,,4,9.5,ok
TIC 163569386,174.2703,-45.5124,9.19,0,,,,,1,6.4,ok
TIC 263644311,216.8315,-56.7849,9.19,0,,,,,4,9.7,ok
TIC 277961624,177.7955,-40.7688,9.19,0,,,,,4,8.5,ok
TIC 295238403,170.7981,-66.5736,9.2,0,,,,,4,8.5,ok
TIC 306055003,166.4702,-57.6537,9.2,0,,,,,3,7.7,ok
TIC 91538397,171.0558,-47.9771,9.2,0,,,,,2,10.6,ok
TIC 315098995,145.3931,-29.3737,9.2,0,,,,,5,10.2,ok
TIC 456220393,231.0479,-63.9075,9.2,0,,,,,1,8.5,ok
TIC 114822101,132.2547,-12.83,9.2,0,,,,,2,6.1,ok
TIC 271628851,186.9872,-55.405,9.2,0,,,,,4,13.4,ok
TIC 253360159,196.1317,-59.8245,9.2,0,,,,,6,11.9,ok
TIC 468072254,170.0551,-61.0121,9.2,0,,,,,2,4.2,ok
TIC 296737508,142.1793,-14.6865,9.2,0,,,,,5,10.0,ok
TIC 67203165,181.6495,-56.6347,9.2,0,,,,,1,8.9,ok
TIC 48878151,163.1577,-34.8271,9.2,0,,,,,4,7.5,ok
TIC 397366908,175.2829,-47.8221,9.2,0,,,,,6,10.0,ok
TIC 318828309,173.3141,-60.076,9.2,0,,,,,4,4.9,ok
TIC 275592723,179.126,-46.3386,9.2,0,,,,,3,7.9,ok
TIC 461021821,159.4853,-61.275,9.2,0,,19.3,rejete,variabilite_continue;eclipse_secondaire,8,21.6,ok
TIC 45258968,230.0338,-56.9638,9.2,0,,,,,4,7.6,ok
TIC 208572734,208.743,-55.088,9.2,0,,,,,4,7.0,ok
TIC 309995411,184.8171,-61.9647,9.2,0,,,,,3,5.9,ok
TIC 294257082,156.9051,-20.4532,9.2,0,,,,,5,7.3,ok
TIC 36259885,225.2739,-59.8951,9.21,0,,29.7,rejete,variabilite_continue;eclipse_secondaire,6,13.8,ok
TIC 119470339,226.7062,-51.9756,9.21,0,,,,,1,5.4,ok
TIC 458041262,158.9283,-55.8402,9.21,0,,,,,1,6.2,ok
TIC 334862254,184.6056,-51.1703,9.21,0,,,,,3,5.4,ok
TIC 453635598,205.6202,-56.8145,9.21,0,,,,,4,10.8,ok
TIC 21948907,147.2902,-25.3554,9.21,0,,,,,5,7.1,ok
TIC 48059569,147.2363,-34.3295,9.21,0,,,,,1,5.1,ok
TIC 68025261,190.1243,-56.8549,9.21,0,,,,,5,9.8,ok
TIC 245449200,200.3726,-52.5846,9.21,0,,,,,4,8.1,ok
TIC 273705954,189.0167,-57.4567,9.21,0,,,,,3,6.7,ok
TIC 318266639,173.069,-62.5477,9.21,0,,55.5,rejete,variabilite_continue;eclipse_secondaire,7,17.3,ok
TIC 403133746,227.8968,-73.0268,9.21,0,,,,,5,8.5,ok
TIC 306847033,167.1368,-58.6801,9.22,0,,,,,4,6.0,ok
TIC 409952425,213.8498,-58.6024,9.22,0,,,,,5,8.8,ok
TIC 260723200,225.9244,-66.2963,9.22,0,,,,,4,7.5,ok
TIC 394997037,203.84,-74.6376,9.22,0,,,,,3,6.4,ok
TIC 360155170,186.8587,-72.927,9.22,0,,,,,1,6.4,ok
TIC 309529793,184.7126,-63.2531,9.22,0,,,,,3,11.8,ok
TIC 262089002,228.2049,-67.3422,9.22,0,,,,,4,6.6,ok
TIC 106369012,159.0625,-41.8452,9.22,0,,,,,7,7.6,ok
TIC 456919136,201.5644,-54.7408,9.22,0,,,,,6,10.1,ok
TIC 271847827,233.278,-64.6512,9.22,0,,,,,4,5.7,ok
TIC 51511372,129.5547,-9.2586,9.22,0,,,,,1,2.1,ok
TIC 176784040,142.6703,-20.3705,9.22,0,,,,,3,7.2,ok
TIC 411876840,189.558,-54.9068,9.22,0,,,,,3,9.9,ok
TIC 1038605,130.4858,-12.4995,9.22,0,,,,,2,7.2,ok
TIC 395414727,218.8186,-61.885,9.23,0,,,,,5,9.8,ok
TIC 33248414,144.9564,-45.0558,9.23,0,,,,,1,6.6,ok
TIC 18288979,136.8658,-33.003,9.23,0,,,,,1,9.7,ok
TIC 166236290,192.8188,-52.7332,9.23,1,0.9641,24.1,rejete,variabilite_continue;eclipse_secondaire,3,12.0,ok
TIC 402970130,226.3672,-74.5279,9.23,0,,,,,8,13.8,ok
TIC 101318982,148.1572,-19.1814,9.23,0,,,,,4,9.6,ok
TIC 448964322,215.1934,-66.3224,9.23,0,,,,,5,8.4,ok
TIC 382994410,216.0953,-65.1228,9.23,0,,,,,4,8.7,ok
TIC 363348787,163.7813,-29.1123,9.23,0,,,,,6,10.9,ok
TIC 147614571,163.7932,-47.74,9.23,0,,,,,1,5.5,ok
TIC 425925195,235.4592,-72.4508,9.24,0,,,,,4,7.2,ok
TIC 36717834,150.7645,-43.6221,9.24,0,,,,,7,13.5,ok
TIC 245156169,198.6482,-51.559,9.24,0,,,,,3,5.3,ok
TIC 253349748,196.216,-58.2399,9.24,0,,,,,3,7.0,ok
TIC 395301542,205.7074,-74.2584,9.24,0,,,,,6,12.5,ok
TIC 5537671,142.9546,-36.5376,9.24,0,,,,,3,6.3,ok
TIC 272314139,187.6514,-57.0493,9.24,0,,,,,2,6.7,ok
TIC 326549247,188.1608,-71.7732,9.24,0,,,,,3,5.5,ok
TIC 272479918,187.9993,-56.5088,9.24,1,2.5101,13.2,rejete,variabilite_continue;eclipse_secondaire,6,15.0,ok
TIC 66842049,181.3506,-56.0579,9.24,0,,,,,4,6.9,ok
TIC 21110537,186.8347,-50.608,9.24,0,,,,,3,6.1,ok
TIC 158381026,163.4112,-36.1543,9.24,0,,,,,4,8.2,ok
TIC 434923432,192.539,-62.7472,9.24,0,,,,,6,9.0,ok
TIC 448913084,214.5529,-68.0516,9.24,0,,,,,3,4.9,ok
TIC 209887981,211.2047,-57.9598,9.25,0,,,,,5,7.4,ok
TIC 310408756,185.0573,-63.6834,9.25,0,,,,,3,8.7,ok
TIC 292435853,221.5012,-65.3834,9.25,0,,26.0,rejete,variabilite_continue;eclipse_secondaire,6,18.6,ok
TIC 187104456,134.6768,-33.8151,9.25,0,,,,,1,4.8,ok
TIC 308821815,151.9265,-15.1154,9.25,0,,,,,5,13.8,ok
TIC 92331987,172.622,-52.1116,9.25,0,,,,,5,7.5,ok
TIC 119054770,135.7872,-21.0937,9.25,0,,,,,5,14.0,ok
TIC 412200928,190.6683,-56.8737,9.25,0,,,,,3,11.3,ok
TIC 167862910,193.2213,-53.8381,9.25,0,,,,,3,6.6,ok
TIC 106901971,161.5494,-40.5175,9.25,0,,,,,3,7.4,ok
TIC 22031033,182.7999,-46.3937,9.25,0,,,,,4,9.1,ok
TIC 22391573,184.2367,-45.202,9.25,0,,,,,3,5.8,ok
TIC 455340194,228.9406,-61.7771,9.25,0,,,,,4,8.5,ok
TIC 253319678,195.9152,-56.5818,9.25,0,,,,,6,10.7,ok
TIC 376756012,180.9356,-59.7521,9.26,0,,,,,3,8.4,ok
TIC 255960846,198.5998,-57.5499,9.26,0,,,,,3,9.2,ok
TIC 311334494,185.5807,-63.6598,9.26,0,,,,,6,11.2,ok
TIC 334122915,182.8032,-51.5948,9.26,0,,,,,6,10.1,ok
TIC 449614628,200.7658,-63.0618,9.26,0,,,,,4,8.9,ok
TIC 304279911,177.8272,-61.9961,9.26,0,,26.7,rejete,variabilite_continue;eclipse_secondaire;compagnon_trop_gros_13.6Rjup,7,15.2,ok
TIC 95751720,135.4897,-9.7057,9.26,0,,,,,1,6.8,ok
TIC 404064733,194.887,-52.1709,9.26,0,,,,,3,7.5,ok
TIC 342500557,204.7076,-70.1142,9.26,0,,,,,3,6.6,ok
TIC 446940303,233.0289,-67.1335,9.26,0,,,,,5,7.5,ok
TIC 62731568,145.0598,-2.5316,9.26,0,,,,,5,9.8,ok
TIC 15525212,185.4815,-49.7702,9.26,0,,,,,4,7.7,ok
TIC 412330378,214.5213,-57.5974,9.27,0,,,,,3,6.1,ok
TIC 262916393,229.8319,-67.1004,9.27,0,,,,,4,11.5,ok
TIC 403510204,231.0157,-75.0641,9.27,0,,,,,3,5.9,ok
TIC 293589933,221.9178,-61.2705,9.27,0,,,,,3,7.1,ok
TIC 332641097,180.2555,-49.6791,9.27,0,,,,,3,5.4,ok
TIC 34634505,147.2142,-43.9183,9.27,0,,,,,1,6.9,ok
TIC 395934370,209.9966,-73.5823,9.27,0,,,,,3,5.3,ok
TIC 446800214,218.3778,-67.5537,9.27,0,,,,,9,13.9,ok
TIC 61415299,175.9255,-47.9246,9.27,0,,,,,3,4.8,ok
TIC 260341097,224.8545,-66.1431,9.27,0,,,,,6,9.2,ok
TIC 261020943,226.2306,-66.1659,9.27,0,,,,,4,10.7,ok
TIC 336802337,196.2466,-71.0957,9.28,0,,,,,3,9.7,ok
TIC 281270496,140.4691,-3.5516,9.28,0,,,,,1,10.2,ok
TIC 457902116,158.6308,-56.5495,9.28,0,,,,,1,9.1,ok
TIC 448787911,213.2076,-70.8201,9.28,0,,,,,4,12.4,ok
TIC 414848560,224.3944,-59.2041,9.28,0,,,,,4,11.1,ok
TIC 386255380,127.3208,-15.3981,9.28,0,,,,,1,11.7,ok
TIC 208027947,207.6915,-57.294,9.28,0,,,,,4,8.9,ok
TIC 333390927,181.5591,-48.9312,9.28,0,,,,,3,7.4,ok
TIC 241721078,208.5087,-52.9,9.28,1,8.114,17.7,rejete,variabilite_continue,4,13.3,ok
TIC 253204497,195.04,-54.0316,9.28,0,,,,,4,8.6,ok
TIC 5095070,142.2731,-38.7839,9.28,0,,,,,6,9.6,ok
TIC 425644107,232.3203,-72.513,9.28,0,,,,,8,14.2,ok
TIC 306377134,166.6634,-57.6326,9.28,0,,,,,7,12.5,ok
TIC 71831346,166.7387,-44.0436,9.29,0,,,,,3,5.6,ok
TIC 448766484,213.3035,-66.6839,9.29,0,,,,,4,9.8,ok
TIC 395741557,209.001,-74.8568,9.29,0,,,,,3,8.5,ok
TIC 73008764,153.2508,-37.5034,9.29,0,,,,,4,8.9,ok
TIC 459499894,162.8059,-59.1297,9.29,0,,,,,4,10.2,ok
TIC 93772499,176.0065,-51.2644,9.29,0,,,,,4,12.7,ok
TIC 386462117,143.8791,-16.4722,9.29,0,,,,,1,6.3,ok
TIC 308885486,152.5369,-17.56,9.29,0,,,,,1,7.3,ok
TIC 411049587,178.2875,-70.8778,9.29,1,2.2636,50.1,rejete,variabilite_continue;compagnon_trop_gros_5.3Rjup,4,13.0,ok
TIC 73009948,153.3801,-38.5639,9.3,0,,,,,6,11.3,ok
TIC 208358266,208.2559,-54.5627,9.3,0,,12.2,rejete,variabilite_continue;eclipse_secondaire,4,16.0,ok
TIC 456916705,201.6051,-54.0952,9.3,0,,,,,3,10.2,ok
TIC 451004619,170.445,-59.8633,9.3,0,,,,,2,9.2,ok
TIC 454110259,177.0441,-39.8326,9.3,0,,,,,5,14.1,ok
TIC 380136537,180.7653,-43.9005,9.3,0,,,,,7,13.1,ok
TIC 381931510,182.9637,-64.5275,9.3,0,,,,,3,7.5,ok
TIC 405696653,192.064,-55.8518,9.3,0,,,,,3,8.1,ok
TIC 396462967,213.71,-73.2072,9.3,0,,,,,4,10.7,ok
TIC 405638831,191.8774,-55.9621,9.3,0,,,,,3,16.9,ok
TIC 406696133,198.3756,-58.3624,9.3,0,,30.6,rejete,variabilite_continue;eclipse_secondaire,6,14.6,ok
TIC 433647213,190.4384,-62.6896,9.3,0,,,,,2,4.7,ok
TIC 418100733,146.2697,-20.964,9.3,0,,,,,5,11.0,ok
TIC 460977279,232.2253,-60.8012,9.3,0,,,,,8,14.1,ok
TIC 422086550,188.7908,-52.3697,9.3,0,,,,,4,24.2,ok
TIC 46460106,230.7222,-55.9522,9.3,0,,,,,2,16.3,ok
TIC 162585265,170.3404,-47.601,9.3,0,,,,,6,16.8,ok
TIC 45759001,230.235,-57.5761,9.31,0,,,,,6,15.3,ok
TIC 458443925,160.1305,-57.0119,9.31,0,,,,,3,8.6,ok
TIC 449420163,199.8611,-65.2076,9.31,0,,,,,3,12.9,ok
TIC 446788152,218.2742,-70.2021,9.31,0,,,,,6,20.4,ok
TIC 341450088,203.0928,-71.2832,9.31,0,,,,,3,19.1,ok
TIC 343709907,206.751,-70.1355,9.31,0,,,,,3,29.6,ok
TIC 256916962,200.6066,-56.3405,9.31,0,,,,,5,11.2,ok
TIC 451282261,170.9669,-59.4921,9.31,0,,,,,5,17.0,ok
TIC 389554711,217.3675,-65.481,9.31,0,,,,,4,10.6,ok
TIC 389038310,141.8417,5.34,9.31,0,,,,,7,11.3,ok
TIC 315955586,203.3737,-61.4456,9.31,0,,,,,6,12.8,ok
TIC 417998019,223.867,-56.8156,9.32,0,,,,,4,9.5,ok
TIC 334762072,213.9718,-61.1908,9.32,0,,,,,4,10.9,ok
TIC 426710146,236.0938,-69.3965,9.32,0,,,,,4,9.5,ok
TIC 241307211,203.9864,-53.2166,9.32,0,,,,,4,9.3,ok
TIC 38124645,137.0777,-25.3997,9.32,0,,,,,1,9.4,ok
TIC 51104455,127.8369,-6.0343,9.32,0,,,,,4,13.9,ok
TIC 468074636,170.023,-61.2334,9.32,0,,,,,6,18.5,ok
TIC 448580024,211.8547,-70.3884,9.32,0,,,,,6,15.4,ok
TIC 336954611,196.5428,-66.7488,9.32,0,,,,,4,13.2,ok
TIC 135316211,150.6148,-48.5025,9.32,0,,,,,1,4.9,ok
TIC 162399239,190.8538,-50.9726,9.33,0,,,,,3,10.2,ok
TIC 82580408,169.5848,-53.8685,9.33,0,,,,,4,10.3,ok
TIC 451640605,172.0273,-54.2896,9.33,0,,,,,4,7.8,ok
TIC 253135249,194.7478,-56.71,9.33,0,,,,,3,45.7,ok
TIC 188210290,162.674,-27.3553,9.33,0,,,,,1,6.0,ok
TIC 419575761,191.157,-57.4239,9.33,0,,,,,7,19.7,ok
TIC 396221513,211.6465,-73.2204,9.33,0,,,,,3,11.0,ok
TIC 332290762,212.7896,-61.6218,9.33,0,,,,,4,13.0,ok
TIC 448407307,210.2467,-68.3876,9.33,1,1.5268,19.0,rejete,variabilite_continue;eclipse_secondaire,4,14.9,ok
TIC 263622131,231.2793,-67.3264,9.33,0,,,,,4,12.9,ok
TIC 443291452,198.9846,-65.7813,9.33,0,,,,,3,7.1,ok
TIC 268027536,176.5108,-58.0871,9.33,0,,,,,4,11.4,ok
TIC 467641651,168.8056,-60.0326,9.33,0,,,,,4,8.8,ok
TIC 396360680,212.8005,-72.6161,9.33,0,,,,,4,16.3,ok
TIC 41155729,227.8808,-58.4583,9.33,0,,,,,6,15.1,ok
TIC 259026952,222.9607,-66.4843,9.33,0,,,,,6,15.0,ok
TIC 42603984,228.4968,-58.6214,9.34,0,,,,,6,10.2,ok
TIC 433448211,182.8804,-58.2815,9.34,0,,,,,8,17.1,ok
TIC 394608111,201.3767,-73.114,9.34,0,,,,,3,13.9,ok
TIC 73765625,155.8879,-36.6359,9.34,0,,,,,4,13.8,ok
TIC 335834275,195.1282,-68.9016,9.34,0,,,,,3,8.5,ok
TIC 454744144,227.4193,-60.5864,9.34,0,,,,,3,13.0,ok
TIC 253278977,195.7658,-56.8399,9.34,0,,,,,3,7.8,ok
TIC 45380036,230.0064,-56.6119,9.34,0,,,,,4,11.4,ok
TIC 70872507,152.3059,-31.7771,9.34,0,,,,,2,7.8,ok
TIC 272448574,154.2736,-48.1521,9.34,0,,,,,1,4.9,ok
TIC 412877265,194.1788,-54.1281,9.34,0,,,,,3,13.6,ok
TIC 329369711,211.5704,-61.3359,9.34,0,,,,,4,16.6,ok
TIC 51867343,133.1509,-19.225,9.34,0,,,,,4,12.6,ok
TIC 1677334,131.6104,-0.9891,9.34,0,,,,,2,11.7,ok
TIC 464185342,155.7158,-54.5884,9.35,0,,,,,4,7.9,ok
TIC 464886060,159.8907,-61.5908,9.35,0,,,,,3,13.0,ok
TIC 132612759,229.504,-52.9401,9.35,0,,,,,5,17.9,ok
TIC 336812093,196.6883,-69.623,9.35,0,,,,,4,7.5,ok
TIC 241750015,208.9497,-51.7166,9.35,0,,,,,4,9.8,ok
TIC 467880293,169.5858,-60.5982,9.35,0,,,,,5,9.1,ok
TIC 253261624,195.492,-55.3967,9.35,0,,,,,3,12.7,ok
TIC 151958452,168.965,-36.2434,9.35,0,,,,,1,10.1,ok
TIC 62627770,136.6292,-1.7639,9.35,0,,,,,2,11.7,ok
TIC 193413306,222.1011,-56.026,9.35,0,,,,,4,6.1,ok
TIC 36816836,150.9158,-46.261,9.35,0,,,,,3,4.8,ok
TIC 339741913,200.5212,-67.3699,9.35,0,,,,,3,6.6,ok
TIC 400866752,178.5083,-51.6817,9.35,0,,,,,3,8.5,ok
TIC 187245538,135.1248,-31.6791,9.35,0,,,,,5,13.0,ok
TIC 102840239,155.872,-43.8349,9.36,1,11.1973,38.9,rejete,variabilite_continue,5,23.1,ok
TIC 146941952,161.2876,-42.7632,9.36,0,,,,,2,14.0,ok
TIC 207875237,207.264,-59.3915,9.36,0,,,,,5,16.8,ok
TIC 151641253,166.9137,-37.2154,9.36,0,,13.0,rejete,variabilite_continue;eclipse_secondaire;compagnon_trop_gros_3.1Rjup,4,8.5,ok
TIC 37589272,226.1977,-56.2269,9.36,0,,24.3,rejete,variabilite_continue;eclipse_secondaire;compagnon_trop_gros_4.5Rjup,4,14.5,ok
TIC 398883503,180.5732,-59.2009,9.36,0,,,,,3,7.2,ok
TIC 290937950,217.4667,-55.2849,9.36,0,,,,,4,10.9,ok
TIC 257592641,220.1418,-66.6045,9.36,0,,,,,4,7.4,ok
TIC 61534591,176.1609,-46.1217,9.36,0,,,,,3,6.3,ok
TIC 360471336,188.5031,-71.9149,9.36,0,,,,,3,8.8,ok
TIC 456425391,231.8581,-65.4949,9.36,1,8.845,75.9,a_verifier,,4,12.0,ok
TIC 334505323,183.5072,-50.4883,9.36,0,,,,,5,8.8,ok
TIC 334443373,213.7366,-61.2385,9.36,0,,,,,5,10.9,ok
TIC 360559656,189.4641,-73.364,9.36,0,,,,,5,10.1,ok
TIC 267847054,176.4041,-57.8784,9.36,0,,,,,2,5.2,ok
TIC 255778355,186.1442,-50.8529,9.36,0,,,,,4,7.1,ok
TIC 465937746,164.7555,-60.4836,9.37,0,,,,,2,7.5,ok
TIC 328908796,211.3439,-53.2432,9.37,0,,,,,4,8.3,ok
TIC 375999836,178.9821,-56.7547,9.37,0,,,,,3,8.6,ok
TIC 253374215,196.3237,-57.9711,9.37,0,,,,,6,12.4,ok
TIC 334305570,183.1187,-49.0078,9.37,2,8.2968;8.3954,23.0,rejete,variabilite_continue;eclipse_secondaire,6,18.4,ok
TIC 25780537,145.449,-32.4191,9.37,0,,,,,1,8.5,ok
TIC 41659964,228.1704,-56.7884,9.37,0,,,,,5,9.6,ok
TIC 163346476,191.2078,-51.3916,9.37,0,,,,,1,2.7,ok
TIC 329834813,211.6378,-65.3228,9.37,0,,,,,4,7.3,ok
TIC 403842558,188.2125,-51.1889,9.37,0,,,,,4,7.5,ok
TIC 404100521,220.8318,-65.0591,9.37,0,,,,,3,8.7,ok
TIC 275546599,179.0525,-45.7871,9.37,0,,,,,4,7.7,ok
TIC 105708492,156.3186,-41.2509,9.37,0,,,,,2,9.0,ok
TIC 412613823,214.6118,-58.6759,9.37,0,,,,,5,9.0,ok
TIC 160527698,189.721,-48.4567,9.37,0,,,,,3,11.3,ok
TIC 287664762,184.8682,-55.3193,9.37,0,,,,,2,6.9,ok
TIC 23475830,168.4267,-34.3486,9.37,0,,,,,3,6.2,ok
TIC 392031810,174.2268,-69.7113,9.38,0,,,,,4,9.2,ok
TIC 262248639,199.5852,-54.3591,9.38,0,,,,,4,12.8,ok
TIC 92763631,173.9745,-49.605,9.38,0,,,,,6,9.6,ok
TIC 272911599,188.2743,-55.5759,9.38,0,,46.4,rejete,variabilite_continue;eclipse_secondaire,3,12.5,ok
TIC 106987180,161.672,-39.8234,9.38,0,,,,,5,16.2,ok
TIC 118159170,128.9611,-21.9924,9.38,0,,,,,2,10.9,ok
TIC 410666544,177.4677,-67.5113,9.38,0,,,,,3,6.3,ok
TIC 448855849,214.0587,-70.0173,9.38,0,,,,,4,9.4,ok
TIC 401832465,217.857,-73.0113,9.38,0,,,,,1,7.2,ok
TIC 181110143,173.9133,-38.1728,9.38,0,,,,,3,11.9,ok
TIC 291774517,218.1042,-57.8061,9.38,0,,,,,4,7.6,ok
TIC 348759043,134.2598,-16.663,9.38,0,,,,,2,3.9,ok
TIC 72754292,188.3091,-46.7895,9.38,0,,,,,3,4.8,ok
TIC 390155868,183.624,-57.1847,9.38,0,,,,,3,9.8,ok
TIC 303104506,159.065,-50.1473,9.38,0,,,,,4,12.0,ok
TIC 458076353,158.9908,-58.2059,9.38,1,1.785,22.4,rejete,variabilite_continue;eclipse_secondaire,6,16.6,ok
TIC 47124170,144.8732,-11.2046,9.39,0,,,,,4,11.8,ok
TIC 406618658,198.3331,-54.031,9.39,0,,,,,3,12.0,ok
TIC 300387930,170.7735,-49.9133,9.39,0,,12.5,rejete,variabilite_continue;eclipse_secondaire,3,7.9,ok
TIC 61606994,176.5214,-43.0806,9.39,0,,,,,3,10.3,ok
TIC 386520912,144.4168,-15.4013,9.39,0,,,,,3,6.6,ok
TIC 61534916,176.1888,-45.8518,9.39,0,,,,,4,10.8,ok
TIC 382735188,183.4115,-62.241,9.39,0,,,,,3,9.0,ok
TIC 73308290,190.4202,-47.1059,9.39,0,,,,,4,8.0,ok
TIC 44845403,146.597,-39.9491,9.39,0,,,,,1,7.8,ok
TIC 333825708,182.3106,-50.1059,9.39,0,,,,,4,15.1,ok
TIC 376001917,178.9565,-57.2239,9.39,0,,,,,3,12.5,ok
TIC 25905620,145.8717,-30.6763,9.39,0,,,,,4,11.3,ok
TIC 404016798,194.907,-50.0049,9.39,0,,,,,3,12.4,ok
TIC 21168851,186.9845,-52.1836,9.39,0,,,,,5,13.7,ok
TIC 401513154,215.4685,-74.2302,9.39,0,,,,,4,13.9,ok
TIC 21644961,180.4033,-46.0054,9.39,0,,,,,4,10.9,ok
TIC 229854738,138.2315,-18.2271,9.39,0,,,,,2,6.3,ok
TIC 68595017,202.7822,-55.8845,9.39,0,,,,,3,14.5,ok
TIC 334336640,193.4497,-66.8862,9.39,0,,,,,3,6.1,ok
TIC 327936191,189.9941,-67.9526,9.39,0,,,,,5,11.1,ok
TIC 169053449,126.7101,-5.312,9.39,0,,,,,2,5.3,ok
TIC 446921799,232.6947,-67.5715,9.39,0,,,,,4,14.6,ok
TIC 448133486,208.2165,-68.5484,9.4,0,,,,,4,7.1,ok
TIC 275644627,179.3156,-43.4424,9.4,0,,18.5,rejete,variabilite_continue;eclipse_secondaire,3,7.0,ok
TIC 463994590,155.3322,-54.062,9.4,0,,,,,1,15.2,ok
TIC 298122610,224.8339,-61.7832,9.4,0,,,,,3,8.5,ok
TIC 280377962,170.8917,-61.4807,9.4,0,,,,,4,16.8,ok
TIC 450609787,186.718,-60.7539,9.4,0,,,,,7,15.9,ok
TIC 306756493,167.0555,-55.9226,9.4,0,,,,,4,12.9,ok
TIC 253499188,197.1797,-57.6889,9.4,0,,,,,3,4.4,ok
TIC 43460530,228.9084,-59.4012,9.4,0,,,,,6,18.7,ok
TIC 258317674,182.2965,-46.3957,9.4,0,,,,,4,18.4,ok
TIC 329980125,211.922,-63.0421,9.4,0,,,,,4,15.1,ok
TIC 47531031,231.0176,-59.4602,9.4,0,,,,,4,16.1,ok
TIC 379329149,181.0594,-64.3143,9.41,0,,,,,7,18.9,ok
TIC 260431351,225.1903,-66.1115,9.41,0,,,,,4,12.9,ok
TIC 450798851,187.0841,-62.9576,9.41,0,,,,,7,14.0,ok
TIC 245004973,197.563,-50.3497,9.41,0,,,,,4,13.1,ok
TIC 290546136,139.6672,3.8435,9.41,0,,,,,6,16.1,ok
TIC 258812851,222.3148,-71.341,9.41,0,,,,,4,14.2,ok
TIC 253444221,196.8613,-56.2693,9.41,0,,,,,3,11.5,ok
TIC 402387382,221.9338,-73.196,9.41,0,,,,,5,15.1,ok
TIC 464732837,156.9071,-57.6399,9.41,0,,,,,3,10.6,ok
TIC 163191008,172.7329,-44.802,9.41,0,,,,,4,17.4,ok
TIC 17547198,135.4146,-30.8463,9.41,0,,,,,4,15.2,ok
TIC 61760927,176.9759,-46.9742,9.41,0,,,,,4,12.8,ok
TIC 820363,135.061,-4.469,9.41,0,,,,,1,6.5,ok
TIC 342893809,205.2546,-70.1633,9.42,0,,,,,3,14.2,ok
TIC 268465859,176.9207,-59.2362,9.42,0,,,,,3,11.4,ok
TIC 412489292,192.994,-55.362,9.42,0,,,,,3,11.5,ok
TIC 456957553,201.5081,-58.5764,9.42,0,,,,,4,10.0,ok
TIC 88863718,122.5804,-5.5139,9.42,0,,,,,4,10.9,ok
TIC 308648857,167.6702,-55.3367,9.42,0,,,,,5,16.5,ok
TIC 257776944,220.3516,-71.0481,9.42,0,,,,,6,13.5,ok
TIC 412076331,189.9077,-57.5281,9.42,1,2.3999,13.4,rejete,variabilite_continue;eclipse_secondaire,5,9.7,ok
TIC 263500582,230.9673,-66.4444,9.42,0,,,,,4,8.6,ok
TIC 60760253,138.8343,-9.6093,9.42,0,,,,,3,10.8,ok
TIC 46473449,230.7223,-57.0506,9.42,0,,,,,4,9.2,ok
TIC 435003773,192.3908,-61.492,9.43,0,,,,,6,17.2,ok
TIC 420094815,202.8833,-50.7424,9.43,0,,,,,4,11.1,ok
TIC 458599043,160.3788,-57.5143,9.43,0,,,,,6,7.8,ok
TIC 270876629,186.2003,-58.3506,9.43,0,,,,,3,8.3,ok
TIC 412250465,190.8861,-54.8728,9.43,0,,,,,3,4.3,ok
TIC 334789673,184.354,-50.2358,9.43,0,,,,,3,5.6,ok
TIC 410932595,178.0282,-68.7548,9.43,0,,,,,2,6.7,ok
TIC 253071573,194.3613,-57.7225,9.43,0,,,,,3,5.7,ok
TIC 446872386,232.223,-66.4927,9.43,0,,,,,8,13.7,ok
TIC 68087435,193.5468,-55.9621,9.43,0,,,,,3,11.1,ok
TIC 168840259,193.9,-48.9447,9.43,0,,,,,3,11.3,ok
TIC 193249652,158.0409,-29.2775,9.43,0,,,,,3,7.1,ok
TIC 290682353,174.0389,-61.6949,9.43,0,,,,,6,11.9,ok
TIC 17687783,135.6143,-35.6933,9.43,0,,,,,1,10.7,ok
TIC 340954948,202.2993,-67.7014,9.43,0,,,,,3,8.7,ok
TIC 312214200,210.2822,-51.92,9.43,0,,,,,1,3.7,ok
TIC 5485321,149.7306,-22.942,9.43,0,,,,,2,8.4,ok
TIC 467283255,168.2803,-61.1139,9.43,0,,57.8,rejete,variabilite_continue;eclipse_secondaire;compagnon_trop_gros_15.5Rjup,7,19.7,ok
TIC 296803977,223.8875,-60.2573,9.43,0,,,,,4,9.4,ok
TIC 262997188,216.0313,-55.9507,9.43,0,,,,,4,7.9,ok
TIC 288216661,187.218,-53.6935,9.43,0,,,,,3,8.7,ok
TIC 209528221,210.6037,-55.3823,9.43,0,,,,,5,12.9,ok
TIC 451999257,173.2039,-57.6775,9.43,0,,,,,2,5.1,ok
TIC 219710368,154.2214,-51.1689,9.43,0,,,,,1,5.0,ok
TIC 451043314,170.2629,-57.1737,9.43,0,,,,,3,10.6,ok
TIC 423437629,157.645,-22.5211,9.43,0,,,,,3,8.8,ok
TIC 53997218,159.5725,-33.9342,9.44,0,,,,,3,10.7,ok
TIC 61040744,141.0392,-7.3072,9.44,0,,,,,4,12.3,ok
TIC 181224055,174.7125,-40.3854,9.44,0,,,,,5,12.2,ok
TIC 403509951,231.103,-75.2258,9.44,0,,,,,5,10.4,ok
TIC 416206081,223.3375,-57.4504,9.44,0,,,,,4,9.5,ok
TIC 118914286,135.3358,-20.9735,9.45,1,5.2889,10.7,rejete,variabilite_continue,2,9.5,ok
TIC 43941112,229.1833,-54.1066,9.45,0,,,,,5,11.4,ok
TIC 187929872,159.2653,-24.5572,9.45,0,,,,,2,5.2,ok
TIC 404380883,195.7551,-49.1765,9.45,0,,,,,3,5.5,ok
TIC 414044586,215.6639,-57.947,9.45,0,,,,,4,12.2,ok
TIC 415403095,130.7826,-18.8869,9.45,0,,,,,1,4.8,ok
TIC 189394322,142.5629,-29.2825,9.45,0,,,,,1,4.1,ok
TIC 37646991,135.5761,-28.5968,9.45,0,,,,,2,4.6,ok
TIC 449355457,191.2778,-47.7163,9.45,0,,,,,7,13.7,ok
TIC 263778194,231.4793,-66.8673,9.45,0,,,,,4,9.5,ok
TIC 391516015,161.542,-61.2747,9.45,0,,,,,4,8.9,ok
TIC 263493796,230.9242,-67.9591,9.45,0,,,,,5,10.6,ok
TIC 48333305,148.3956,-32.006,9.45,0,,,,,1,3.7,ok
TIC 168140114,152.9198,-29.7449,9.45,0,,,,,6,11.6,ok
TIC 419504629,191.3018,-55.7259,9.46,0,,,,,3,6.5,ok
TIC 446322533,217.0449,-71.1377,9.46,0,,,,,4,7.9,ok
TIC 398764250,180.3031,-57.7336,9.46,0,,,,,3,8.9,ok
TIC 459332381,162.2456,-59.6859,9.46,0,,,,,6,11.1,ok
TIC 403960772,188.6048,-51.646,9.46,0,,,,,3,7.4,ok
TIC 313675203,202.1676,-61.8348,9.46,1,1.2513,13.7,rejete,variabilite_continue;eclipse_secondaire,5,14.4,ok
TIC 19449091,124.4959,-7.2079,9.46,0,,,,,1,5.6,ok
TIC 106503819,159.9655,-37.6434,9.46,0,,,,,3,6.6,ok
TIC 241366087,204.544,-53.3602,9.46,0,,,,,4,8.7,ok
TIC 328771818,211.4685,-65.4736,9.46,0,,,,,4,7.9,ok
TIC 258817094,222.4881,-70.8086,9.46,0,,,,,4,9.6,ok
TIC 259842692,223.9355,-71.8243,9.46,0,,,,,4,7.6,ok
TIC 158149933,162.2266,-39.6594,9.46,0,,,,,2,5.0,ok
TIC 258930679,222.6368,-68.4762,9.46,0,,,,,3,7.0,ok
TIC 160833480,189.6098,-51.7173,9.46,0,,,,,5,8.9,ok
TIC 160833998,189.9434,-52.7122,9.46,0,,,,,3,8.8,ok
TIC 93842127,176.037,-48.2132,9.46,0,,,,,3,8.1,ok
TIC 426655179,235.6325,-68.2269,9.46,0,,,,,4,8.9,ok
TIC 467817623,169.331,-61.511,9.46,0,,50.4,rejete,variabilite_continue;eclipse_secondaire,8,20.5,ok
TIC 38802362,226.7067,-57.5831,9.46,0,,,,,4,9.7,ok
TIC 73386477,154.5508,-36.8052,9.47,0,,,,,6,12.8,ok
TIC 327548618,189.4677,-68.8245,9.47,0,,,,,3,6.9,ok
TIC 287789188,184.7649,-56.3375,9.47,0,,,,,3,7.9,ok
TIC 459123758,161.873,-55.7863,9.47,0,,,,,5,9.6,ok
TIC 317794504,172.7614,-63.0794,9.47,0,,,,,3,6.4,ok
TIC 326161059,188.1012,-68.7498,9.47,0,,,,,5,9.7,ok
TIC 257777271,220.421,-71.1648,9.47,0,,,,,3,6.9,ok
TIC 272020228,153.2325,-47.4751,9.47,0,,,,,3,8.3,ok
TIC 286661831,186.8193,-66.2534,9.47,0,,,,,3,6.8,ok
TIC 336716262,196.4644,-68.0027,9.47,0,,,,,3,8.3,ok
TIC 262375548,228.8236,-66.024,9.47,0,,,,,4,9.8,ok
TIC 339645730,200.2214,-66.5696,9.47,0,,,,,3,7.7,ok
TIC 259606227,223.6275,-68.3846,9.47,0,,,,,3,6.7,ok
TIC 455370344,228.9441,-64.4194,9.47,1,2.6725,55.9,rejete,variabilite_continue;eclipse_secondaire,4,11.3,ok
TIC 296381874,224.0624,-65.4082,9.48,0,,18.7,rejete,variabilite_continue;eclipse_secondaire,4,10.8,ok
TIC 457345960,157.2063,-57.766,9.48,0,,46.9,rejete,variabilite_continue;eclipse_secondaire;compagnon_trop_gros_37.7Rjup,7,18.8,ok
TIC 396646087,214.2931,-73.6849,9.48,0,,,,,4,12.0,ok
TIC 454072358,176.2645,-41.5729,9.48,0,,,,,3,14.0,ok
TIC 192991499,155.4625,-28.8784,9.48,0,,,,,2,8.8,ok
TIC 19449717,124.4205,-6.4909,9.48,0,,,,,4,7.9,ok
TIC 425798158,234.3953,-72.6638,9.48,0,,,,,5,13.3,ok
TIC 395934074,210.084,-73.6998,9.48,0,,,,,3,7.5,ok
TIC 164582869,191.8083,-52.4417,9.49,0,,,,,5,10.3,ok
TIC 281650462,170.4986,-60.4044,9.49,0,,,,,4,9.9,ok
TIC 457418232,157.3736,-56.5058,9.49,0,,,,,6,12.3,ok
TIC 147660886,164.0316,-43.3767,9.49,0,,,,,4,8.0,ok
TIC 272883371,161.8219,-50.0372,9.49,0,,,,,5,10.9,ok
TIC 394442296,200.1099,-73.0835,9.49,0,,,,,3,6.0,ok
TIC 333974103,192.8146,-68.7541,9.49,0,,,,,3,9.9,ok
TIC 448180001,208.4623,-70.4865,9.49,0,,,,,3,10.5,ok
TIC 455945774,230.6453,-64.8012,9.49,0,,,,,4,10.1,ok
TIC 441675318,197.4683,-61.1316,9.49,0,,,,,6,12.9,ok
TIC 406054189,193.806,-55.9332,9.49,0,,39.3,rejete,variabilite_continue;eclipse_secondaire,3,11.1,ok
TIC 402615468,223.6233,-72.7735,9.49,0,,,,,4,12.2,ok
TIC 382676917,216.0672,-62.3802,9.49,0,,18.6,rejete,variabilite_continue;eclipse_secondaire,4,10.6,ok
TIC 449517017,200.4011,-60.5208,9.49,0,,,,,5,13.5,ok
TIC 457086680,203.0798,-58.7214,9.49,0,,,,,6,13.2,ok
TIC 329483109,212.3877,-53.2028,9.49,0,,,,,3,10.6,ok
TIC 44226892,144.7641,-41.7674,9.49,0,,,,,5,9.5,ok
TIC 291042435,217.7326,-54.5402,9.49,0,,,,,4,10.1,ok
TIC 459159158,161.8541,-59.2122,9.49,0,,,,,4,8.4,ok
TIC 457975502,158.8751,-58.2022,9.49,0,,,,,6,15.3,ok
TIC 347415411,133.1311,-14.3314,9.49,0,,,,,2,9.2,ok
TIC 134411668,150.1871,-49.8986,9.49,0,,,,,3,11.1,ok
TIC 455745342,229.7827,-63.9588,9.49,0,,,,,4,10.5,ok
TIC 418095582,145.9475,-20.197,9.49,0,,,,,4,9.6,ok
TIC 467238921,167.9238,-61.0375,9.49,0,,,,,5,10.5,ok
TIC 334903224,213.9152,-62.2113,9.49,0,,,,,5,11.8,ok
TIC 403567949,231.3851,-74.6102,9.49,0,,,,,5,9.2,ok
TIC 253451899,196.8367,-54.3293,9.5,1,1.8923,120.5,a_verifier,,3,8.2,ok
TIC 192932518,154.6746,-24.4682,9.5,0,,,,,7,13.0,ok
TIC 375363777,152.1077,-45.7344,9.5,0,,,,,1,14.7,ok
TIC 448105302,208.012,-71.7105,9.5,0,,,,,4,14.7,ok
TIC 181162682,174.3772,-37.9906,9.5,0,,,,,5,11.5,ok
TIC 410163387,133.6073,-22.95,9.5,0,,,,,4,10.2,ok
TIC 62529285,132.3748,-5.8374,9.5,0,,,,,1,11.4,ok
TIC 147143214,161.9517,-46.3934,9.5,0,,,,,2,6.3,ok
TIC 35221659,224.925,-53.9959,9.5,0,,,,,4,10.9,ok
TIC 340334860,201.4068,-67.2394,9.5,0,,,,,5,13.7,ok
TIC 435012873,192.4072,-60.9654,9.5,0,,,,,6,15.0,ok
TIC 450475203,186.4884,-62.4839,9.5,0,,,,,3,9.1,ok
TIC 13480872,132.3295,-8.4372,9.5,0,,,,,2,11.3,ok
TIC 291040350,217.7419,-54.1031,9.5,0,,,,,4,10.7,ok
TIC 425368565,191.0444,-58.9888,9.5,0,,,,,3,8.2,ok
TIC 395419480,218.9253,-61.1798,9.5,0,,,,,5,12.8,ok
TIC 273121416,178.7497,-52.7822,9.51,0,,,,,3,14.2,ok
TIC 245003711,197.3952,-50.9116,9.51,0,,,,,5,14.2,ok
TIC 189443737,142.9827,-26.9458,9.51,0,,,,,4,12.7,ok
TIC 420105895,192.4966,-55.5403,9.51,0,,,,,3,16.1,ok
TIC 181112830,173.8538,-41.5668,9.51,0,,,,,7,19.7,ok
TIC 158151583,162.1765,-37.7212,9.51,0,,,,,2,12.0,ok
TIC 133505138,149.7313,-53.3015,9.51,0,,,,,3,14.9,ok
TIC 189228811,141.3543,-25.0549,9.51,0,,,,,2,12.1,ok
TIC 245157924,198.599,-50.9006,9.51,0,,,,,6,24.8,ok
TIC 395002517,203.9572,-72.4474,9.51,0,,,,,3,19.2,ok
TIC 210186452,211.8546,-54.3127,9.51,0,,,,,4,15.3,ok
TIC 343422416,206.2293,-68.472,9.52,0,,,,,3,12.5,ok
TIC 81855426,168.0731,-48.5309,9.52,0,,,,,5,17.2,ok
TIC 256164802,199.4674,-56.2666,9.52,0,,,,,3,17.6,ok
TIC 403596901,231.7695,-74.6604,9.52,0,,,,,4,16.7,ok
TIC 152464347,171.6166,-39.4409,9.52,0,,,,,2,9.6,ok
TIC 305104377,178.3913,-62.491,9.52,0,,,,,3,10.4,ok
TIC 320233974,174.6725,-62.8187,9.52,3,1.6428;2.6522;5.3005,20.1,rejete,eclipse_secondaire,2,13.8,ok
TIC 437919463,194.6589,-65.2274,9.52,0,,,,,3,11.2,ok
TIC 189408420,142.7569,-26.8979,9.52,0,,,,,1,8.8,ok
TIC 209111247,209.8871,-57.3033,9.52,0,,,,,5,15.1,ok
TIC 467461269,168.6397,-60.7592,9.52,1,7.7515,12.9,rejete,variabilite_continue,3,15.6,ok
TIC 61936189,177.6263,-47.5104,9.53,0,,,,,3,12.1,ok
TIC 263606058,234.705,-69.1895,9.53,0,,,,,4,11.6,ok
TIC 94462530,177.3513,-53.7278,9.53,0,,,,,3,13.8,ok
TIC 333832874,182.4791,-49.5018,9.53,0,,,,,3,12.2,ok
TIC 208220974,208.1665,-57.362,9.53,0,,,,,5,18.5,ok
TIC 253123935,194.7222,-58.8371,9.53,0,,,,,3,14.8,ok
TIC 292303138,218.2665,-55.9885,9.53,0,,,,,5,15.7,ok
TIC 21107064,186.7506,-52.3864,9.53,0,,14.9,rejete,variabilite_continue;eclipse_secondaire,4,17.0,ok
TIC 448459334,210.7511,-66.2764,9.53,0,,,,,4,9.5,ok
TIC 169780417,194.2619,-49.7024,9.53,0,,,,,3,6.3,ok
TIC 253146238,195.0273,-54.1265,9.53,0,,,,,3,8.0,ok
TIC 310009611,152.1179,-50.3076,9.53,0,,,,,6,13.0,ok
TIC 1031929,130.4047,-16.6474,9.53,0,,,,,2,7.9,ok
TIC 300043734,146.6241,-3.0809,9.53,0,,,,,1,4.5,ok
TIC 441163023,196.9435,-64.2026,9.53,0,,,,,7,12.9,ok
TIC 382166392,183.059,-59.967,9.54,0,,,,,5,10.0,ok
TIC 381680815,207.4419,-65.7442,9.54,0,,,,,3,7.7,ok
TIC 455638799,229.6274,-61.7576,9.54,0,,,,,4,9.3,ok
TIC 360273439,217.5761,-66.8797,9.54,0,,,,,9,22.0,ok
TIC 121056099,164.6918,-53.8526,9.54,0,,,,,2,9.2,ok
TIC 253110932,194.4243,-59.1512,9.54,0,,,,,3,8.4,ok
TIC 333972083,192.6961,-68.3477,9.54,0,,16.9,rejete,variabilite_continue;eclipse_secondaire,3,10.3,ok
TIC 461044620,232.3403,-64.8415,9.54,0,,,,,4,11.7,ok
TIC 268894000,177.4924,-59.8008,9.54,0,,,,,3,10.7,ok
TIC 289668400,145.986,-12.5304,9.54,0,,,,,6,18.8,ok
TIC 68595462,202.8094,-55.7837,9.54,0,,,,,4,10.1,ok
TIC 425644725,232.2894,-72.2647,9.54,0,,,,,4,10.2,ok
TIC 337724787,215.562,-62.411,9.55,0,,,,,5,13.2,ok
TIC 381493035,182.7241,-59.9112,9.55,0,,,,,3,5.7,ok
TIC 13439479,132.1608,-9.6918,9.55,0,,,,,2,4.4,ok
TIC 454073415,176.3602,-40.9989,9.55,0,,,,,3,5.8,ok
TIC 395229972,205.2932,-72.7065,9.55,0,,,,,4,9.3,ok
TIC 308971312,223.0437,-52.3816,9.55,0,,,,,3,6.8,ok
TIC 457055386,203.0065,-55.0751,9.55,0,,,,,4,8.1,ok
TIC 258335181,221.5933,-66.5248,9.55,0,,,,,4,9.0,ok
TIC 256009337,198.567,-54.7518,9.55,0,,,,,3,7.5,ok
TIC 259518267,223.314,-69.7889,9.55,0,,,,,4,10.2,ok
TIC 13737683,133.6592,-8.7889,9.55,0,,,,,3,7.0,ok
TIC 403133480,227.7814,-73.1384,9.55,0,,,,,5,13.1,ok
TIC 448107927,208.172,-71.2536,9.55,0,,,,,4,14.5,ok
TIC 427011764,237.2102,-71.58,9.55,0,,,,,1,5.0,ok
TIC 338981855,199.2394,-70.9764,9.55,0,,,,,3,13.4,ok
TIC 262995945,216.0507,-56.1259,9.55,0,,,,,4,9.4,ok
TIC 286652075,185.876,-66.6762,9.55,0,,,,,3,8.4,ok
TIC 257140932,219.5105,-70.4222,9.56,0,,,,,4,8.8,ok
TIC 22391769,184.1757,-45.0299,9.56,0,,,,,3,8.3,ok
TIC 376008420,179.1335,-58.4345,9.56,0,,,,,3,9.3,ok
TIC 311328253,185.5877,-63.3329,9.56,0,,65.4,rejete,variabilite_continue;eclipse_secondaire,7,21.7,ok
TIC 102628187,155.1201,-47.4285,9.56,0,,,,,5,11.0,ok
TIC 380505364,140.044,-22.3421,9.56,0,,,,,4,11.9,ok
TIC 253098287,194.4229,-56.9096,9.56,0,,,,,3,11.0,ok
TIC 187996893,160.2853,-29.7623,9.56,0,,,,,1,6.9,ok
TIC 456963322,201.6231,-59.3178,9.56,0,,,,,5,11.5,ok
TIC 429299987,184.3248,-48.2814,9.56,0,,95.6,rejete,eclipse_secondaire;compagnon_trop_gros_6.2Rjup,4,13.0,ok
TIC 261983836,193.7096,-57.708,9.56,0,,,,,3,9.0,ok
TIC 342826908,205.1481,-67.2976,9.56,0,,,,,4,10.1,ok
TIC 327919427,189.8997,-66.0495,9.56,0,,,,,3,8.7,ok
TIC 400694133,219.9038,-65.8244,9.56,0,,,,,4,11.8,ok
TIC 273817886,189.2453,-54.2051,9.56,0,,,,,6,14.1,ok
TIC 46925043,230.8617,-57.0832,9.56,0,,,,,4,10.2,ok
TIC 324422520,209.1623,-61.1831,9.56,1,1.8169,11.9,rejete,variabilite_continue,4,13.3,ok
TIC 241396941,204.8473,-53.0629,9.56,0,,,,,4,10.1,ok
TIC 458440560,160.0023,-57.5498,9.56,0,,12.4,rejete,variabilite_continue;eclipse_secondaire,6,17.6,ok
TIC 458704068,160.6042,-59.1568,9.56,0,,58.1,rejete,variabilite_continue;eclipse_secondaire,7,19.9,ok
TIC 458604640,160.4823,-56.7144,9.56,0,,,,,2,8.5,ok
TIC 405642372,191.8692,-54.9424,9.56,0,,,,,3,10.7,ok
TIC 440808296,196.7408,-62.8189,9.56,0,,,,,4,9.6,ok
TIC 167528745,193.3885,-50.7765,9.57,0,,,,,3,9.7,ok
TIC 11561098,149.9198,-26.3375,9.57,0,,,,,2,5.8,ok
TIC 334327860,192.9914,-66.0369,9.57,0,,,,,4,8.1,ok
TIC 426003634,236.2181,-73.1476,9.57,0,,,,,5,11.1,ok
TIC 429235135,184.0316,-50.0079,9.57,0,,,,,3,8.6,ok
TIC 453668803,205.8178,-56.1565,9.57,2,3.9865;11.9573,41.5,rejete,variabilite_continue,5,18.2,ok
TIC 253201468,195.0682,-54.9221,9.57,0,,,,,3,6.4,ok
TIC 382063035,182.8582,-60.9468,9.57,0,,,,,3,10.2,ok
TIC 244875072,196.6347,-52.6678,9.57,0,,,,,3,7.6,ok
TIC 438734217,201.4417,-51.0972,9.57,0,,,,,4,10.8,ok
TIC 415437234,131.1185,-19.7028,9.57,0,,,,,2,9.3,ok
TIC 138700126,151.348,-48.9886,9.57,0,,,,,6,10.9,ok
TIC 467668926,169.1697,-60.8264,9.58,0,,,,,4,8.4,ok
TIC 337704470,197.9457,-71.4329,9.58,0,,,,,3,6.8,ok
TIC 394263898,198.9418,-74.2623,9.58,0,,,,,3,6.8,ok
TIC 208961219,209.6045,-58.7384,9.58,0,,,,,4,8.4,ok
TIC 429232425,184.1493,-48.3701,9.58,0,,,,,4,7.6,ok
TIC 15371740,185.1839,-52.257,9.58,0,,,,,5,10.8,ok
TIC 450700293,186.9073,-63.5703,9.58,0,,,,,3,5.8,ok
TIC 271854492,233.1486,-65.899,9.58,0,,,,,4,8.3,ok
TIC 281270489,140.4309,-3.5304,9.58,0,,,,,1,4.2,ok
TIC 62358382,127.537,-1.3217,9.58,0,,,,,1,4.8,ok
TIC 315305808,171.1713,-61.0568,9.58,0,,,,,5,10.9,ok
TIC 446278163,206.5497,-59.1189,9.58,0,,,,,5,12.4,ok
TIC 121338379,129.0907,-3.8602,9.58,0,,,,,5,11.2,ok
TIC 404340644,195.8895,-49.3366,9.58,0,,,,,3,10.7,ok
TIC 375627670,178.5272,-57.0603,9.59,0,,,,,3,7.3,ok
TIC 281643864,170.4948,-61.0294,9.59,0,,43.5,rejete,variabilite_continue;eclipse_secondaire;compagnon_trop_gros_18.5Rjup,5,12.5,ok
TIC 261683453,185.7575,-56.947,9.59,0,,,,,3,6.7,ok
TIC 308628233,184.1203,-62.683,9.59,0,,,,,3,7.7,ok
TIC 241291471,203.7184,-52.0394,9.59,0,,21.9,a_verifier,,4,9.8,ok
TIC 40583859,227.5795,-55.587,9.59,0,,,,,4,8.1,ok
TIC 137736925,151.1874,-51.8298,9.59,0,,,,,3,9.0,ok
TIC 241498782,206.1921,-52.2865,9.59,0,,,,,4,11.5,ok
TIC 105704878,156.3365,-37.2625,9.59,0,,,,,2,12.1,ok
TIC 383531859,216.1477,-60.3836,9.59,0,,,,,5,10.7,ok
TIC 868878655,144.8476,-45.7762,9.59,0,,,,,1,4.1,ok
TIC 181149356,173.9304,-38.9782,9.6,0,,28.8,rejete,variabilite_continue;eclipse_secondaire,3,11.5,ok
TIC 448594570,211.7563,-68.5688,9.6,0,,,,,7,15.9,ok
TIC 68518080,202.736,-59.0221,9.6,0,,,,,4,13.7,ok
TIC 241427660,205.3227,-53.6557,9.6,0,,,,,4,10.2,ok
TIC 61763105,177.1801,-47.2992,9.6,0,,,,,3,13.4,ok
TIC 241457152,205.6767,-52.5415,9.6,0,,,,,5,13.8,ok
TIC 334793713,184.613,-47.9386,9.6,0,,,,,3,7.3,ok
TIC 412546933,193.0769,-57.6442,9.6,0,,,,,4,9.6,ok
TIC 306386296,166.6439,-58.9201,9.6,0,,,,,7,18.1,ok
TIC 413196911,214.6546,-55.8059,9.6,0,,39.3,rejete,variabilite_continue;eclipse_secondaire,4,17.0,ok
TIC 328495876,211.185,-62.3094,9.6,0,,155.9,rejete,variabilite_continue;eclipse_secondaire,4,11.3,ok
TIC 460673083,191.3537,-61.7791,9.6,0,,,,,3,11.7,ok
TIC 310817678,152.8076,-49.6763,9.6,0,,,,,5,12.4,ok
TIC 337810850,197.8465,-68.9516,9.6,0,,,,,3,8.8,ok
TIC 253127349,194.6267,-58.2787,9.61,0,,,,,3,9.3,ok
TIC 315959171,203.4,-61.7459,9.61,0,,,,,4,12.8,ok
TIC 306141305,179.2161,-62.6097,9.61,0,,,,,5,11.1,ok
TIC 459440700,162.6917,-55.9288,9.61,0,,,,,2,6.2,ok
TIC 273714906,188.9478,-55.6754,9.61,0,,,,,3,8.8,ok
TIC 189005742,220.9649,-56.9587,9.61,0,,,,,4,7.9,ok
TIC 179473571,187.9581,-62.2349,9.61,2,4.3404;2.1707,60.2,rejete,variabilite_continue,3,10.3,ok
TIC 405382498,184.1496,-57.5992,9.61,0,,,,,8,14.8,ok
TIC 61871583,177.5857,-44.2438,9.61,0,,,,,3,7.5,ok
TIC 466156210,165.1649,-62.6139,9.61,0,,108.3,rejete,variabilite_continue;eclipse_secondaire,8,20.7,ok
TIC 401831800,217.9095,-72.7585,9.61,0,,,,,4,10.7,ok
TIC 454016233,175.2946,-41.822,9.61,0,,,,,4,9.0,ok
TIC 376565737,180.5992,-54.6845,9.61,0,,,,,3,9.2,ok
TIC 13628896,133.0887,-6.911,9.61,0,,,,,2,7.5,ok
TIC 332362587,179.87,-48.575,9.61,0,,,,,3,8.3,ok
TIC 338654173,199.0359,-70.0571,9.61,0,,,,,4,11.6,ok
TIC 402175877,220.1956,-73.0014,9.62,0,,,,,4,10.7,ok
TIC 91634478,171.3571,-53.3904,9.62,0,,,,,2,6.1,ok
TIC 448976566,215.0737,-68.291,9.62,0,,,,,3,8.3,ok
TIC 44916961,229.7207,-57.7746,9.62,0,,,,,4,8.6,ok
TIC 394672497,201.7498,-73.5942,9.62,1,11.8413,21.3,rejete,variabilite_continue,4,15.4,ok
TIC 146176377,157.818,-45.1398,9.62,0,,,,,1,5.5,ok
TIC 338409865,189.4488,-62.323,9.62,0,,,,,8,14.4,ok
TIC 338034467,198.0543,-67.738,9.62,0,,,,,3,6.5,ok
TIC 21814587,146.6895,-23.9346,9.62,0,,,,,3,7.0,ok
TIC 105651765,156.1079,-39.2547,9.62,0,,,,,2,5.6,ok
TIC 48940290,163.3483,-30.3012,9.62,0,,,,,5,10.1,ok
TIC 360067804,217.2588,-69.7265,9.62,0,,,,,4,10.6,ok
TIC 452107356,173.3734,-59.4935,9.62,0,,74.5,rejete,variabilite_continue;eclipse_secondaire,4,10.4,ok
TIC 208167288,208.0451,-54.4519,9.62,0,,,,,4,10.4,ok
TIC 301323823,178.4822,-55.38,9.62,0,,,,,3,9.3,ok
TIC 405846469,192.2004,-56.5939,9.62,0,,12.0,rejete,variabilite_continue;eclipse_secondaire,5,12.5,ok
TIC 408350711,144.9639,-21.5715,9.62,0,,,,,5,9.2,ok
TIC 270650754,136.8849,0.9138,9.62,0,,,,,4,9.5,ok
TIC 161738745,190.158,-48.1407,9.62,0,,,,,?,3.7,erreur
TIC 260204804,225.0905,-69.1299,9.62,0,,,,,3,7.5,ok
TIC 306834625,167.002,-56.7877,9.63,0,,,,,6,12.0,ok
TIC 333362765,213.1988,-61.3052,9.63,0,,,,,5,9.3,ok
TIC 245027649,197.7348,-49.1883,9.63,0,,,,,4,10.9,ok
TIC 101422484,149.1601,-30.3196,9.63,0,,,,,1,4.8,ok
TIC 390007307,182.5088,-56.9146,9.63,0,,,,,3,11.3,ok
TIC 396425243,213.4052,-73.9467,9.63,0,,,,,3,9.1,ok
TIC 308841571,152.4018,-17.841,9.63,0,,,,,6,11.9,ok
TIC 412441328,192.8079,-57.235,9.63,0,,,,,4,7.5,ok
TIC 454834333,227.4774,-65.5063,9.63,0,,,,,8,15.0,ok
TIC 317791613,172.7033,-63.4782,9.63,0,,95.4,rejete,variabilite_continue;eclipse_secondaire,5,15.2,ok
TIC 261797569,227.5693,-67.2527,9.63,0,,,,,4,12.4,ok
TIC 261686130,185.9275,-57.4234,9.64,0,,,,,6,12.6,ok
TIC 446802935,218.4342,-67.1139,9.64,0,,,,,4,10.8,ok
TIC 22562130,184.8145,-47.7978,9.64,0,,,,,5,9.8,ok
TIC 388122967,217.1363,-60.5718,9.64,0,,,,,4,9.5,ok
TIC 337154212,196.8649,-70.515,9.64,0,,,,,3,6.9,ok
TIC 454394555,226.412,-62.4384,9.64,0,,,,,4,8.5,ok
TIC 455014697,227.8289,-64.4192,9.64,0,,,,,?,3.5,erreur
TIC 420147639,192.3599,-57.9347,9.64,0,,,,,3,7.5,ok
TIC 49178630,165.4657,-34.7048,9.64,0,,,,,5,11.8,ok
TIC 448778657,213.2227,-68.6076,9.64,0,,,,,4,7.9,ok
TIC 448068688,207.7856,-66.5347,9.64,0,,,,,4,10.6,ok
TIC 47176380,145.5343,-6.3977,9.64,0,,,,,1,11.1,ok
TIC 95863120,136.1809,-10.7259,9.65,0,,,,,2,15.2,ok
TIC 209913161,211.1906,-56.9488,9.65,0,,,,,4,9.6,ok
TIC 391942460,218.2358,-65.1384,9.65,0,,,,,5,13.4,ok
TIC 448768418,213.3823,-66.9518,9.65,0,,,,,4,14.6,ok
TIC 397328859,174.9604,-44.817,9.65,0,,,,,4,8.0,ok
TIC 339217274,199.5131,-66.4386,9.65,0,,,,,3,9.3,ok
TIC 402555173,220.218,-65.4595,9.65,0,,,,,7,15.2,ok
TIC 382554108,215.7802,-60.43,9.65,0,,,,,5,10.3,ok
TIC 401614559,216.4794,-72.1945,9.65,0,,,,,4,8.7,ok
TIC 291531819,217.9196,-56.3345,9.65,1,4.9901,32.6,rejete,eclipse_secondaire;compagnon_trop_gros_2.3Rjup,4,10.5,ok
TIC 187930369,159.2784,-25.5717,9.65,0,,,,,6,12.4,ok
TIC 245232526,199.1061,-50.1919,9.65,0,,,,,4,8.0,ok
TIC 273819783,189.1886,-54.6909,9.65,0,,,,,3,6.8,ok
TIC 60905191,139.9437,-10.4765,9.65,0,,,,,4,8.4,ok
TIC 245304994,199.487,-53.299,9.65,0,,,,,6,14.9,ok
TIC 376270584,179.1872,-54.8136,9.65,0,,,,,3,8.4,ok
TIC 411731830,214.3235,-56.2011,9.65,0,,,,,?,148.5,timeout
TIC 361989705,196.4105,-73.0967,9.65,0,,,,,3,10.9,ok
TIC 142742998,137.7927,-4.2702,9.65,0,,13.1,a_verifier,,5,13.3,ok
TIC 334622408,183.5499,-53.7208,9.65,0,,,,,3,10.0,ok
TIC 260433429,225.1953,-66.2744,9.65,0,,,,,4,11.4,ok
TIC 146584885,159.3038,-46.3504,9.66,0,,,,,2,7.9,ok
TIC 383235980,184.067,-61.5265,9.66,0,,,,,3,8.2,ok
TIC 291806252,220.9696,-62.5415,9.66,0,,16.2,rejete,variabilite_continue;eclipse_secondaire,3,10.7,ok
TIC 179401672,188.0998,-61.709,9.66,0,,,,,5,13.8,ok
TIC 454234604,226.0251,-65.4538,9.66,0,,11.2,rejete,variabilite_continue;eclipse_secondaire,4,12.6,ok
TIC 381867133,208.6171,-61.0669,9.66,0,,,,,4,10.7,ok
TIC 400860669,178.5229,-49.1823,9.66,0,,,,,3,14.0,ok
TIC 260770623,189.1232,-49.4016,9.66,0,,,,,4,9.0,ok
TIC 436683621,193.9005,-64.3697,9.66,0,,,,,3,9.7,ok
TIC 259230140,223.1935,-68.6666,9.66,0,,,,,7,14.4,ok
TIC 260651052,186.5878,-49.3929,9.66,0,,,,,3,8.9,ok
TIC 338251663,198.5252,-68.1671,9.66,0,,,,,3,7.5,ok
TIC 429352081,207.2071,-69.4566,9.67,0,,,,,?,4.1,erreur
TIC 253460519,196.9426,-55.9255,9.67,0,,,,,3,11.5,ok
TIC 403230109,228.4577,-75.0813,9.67,0,,17.2,rejete,variabilite_continue;eclipse_secondaire,5,15.7,ok
TIC 158640443,164.8755,-41.3586,9.67,0,,,,,4,11.2,ok
TIC 420340349,198.8861,-54.6862,9.67,0,,,,,5,10.9,ok
TIC 410960444,160.5435,-50.1853,9.67,0,,,,,2,5.5,ok
TIC 186818850,220.1434,-59.3271,9.67,0,,,,,6,11.9,ok
TIC 457423256,157.3858,-57.3305,9.68,0,,,,,3,8.5,ok
TIC 330971549,214.0358,-51.763,9.68,0,,,,,6,13.1,ok
TIC 61482530,176.3,-47.3373,9.68,0,,,,,3,8.2,ok
TIC 47211592,134.5803,-11.473,9.68,0,,,,,2,8.7,ok
TIC 339213949,199.6453,-66.8428,9.68,0,,,,,3,10.5,ok
TIC 328388687,190.7672,-66.3645,9.69,0,,,,,3,9.0,ok
TIC 11936042,146.1146,-35.1047,9.69,0,,,,,3,11.4,ok
TIC 462653980,151.6983,-56.6503,9.69,0,,,,,2,8.8,ok
TIC 334858229,184.5803,-49.0611,9.69,0,,,,,3,7.7,ok
TIC 245264282,199.3416,-52.255,9.69,0,,,,,4,13.0,ok
TIC 397365827,175.2976,-47.0952,9.69,0,,,,,6,15.9,ok
TIC 458904106,161.3503,-56.9905,9.69,0,,41.9,rejete,variabilite_continue;eclipse_secondaire,6,16.6,ok
TIC 420532066,216.194,-52.1104,9.69,0,,,,,4,10.6,ok
TIC 163032292,190.9673,-51.0443,9.69,0,,,,,3,9.5,ok
TIC 412365473,190.7053,-58.854,9.69,0,,,,,3,11.6,ok
TIC 295190150,223.055,-61.0478,9.69,0,,,,,4,13.2,ok
TIC 160833326,189.7758,-51.5289,9.69,0,,,,,3,9.6,ok
TIC 93766461,176.0287,-53.5305,9.69,0,,,,,4,13.2,ok
TIC 244882956,196.6668,-51.9942,9.69,0,,,,,6,13.0,ok
TIC 208575792,208.6901,-54.5109,9.69,0,,,,,4,9.8,ok
TIC 209710449,210.7861,-55.0077,9.69,0,,,,,4,10.0,ok
TIC 257036465,200.4197,-59.7856,9.69,0,,,,,5,12.8,ok
TIC 253343757,196.2078,-57.2182,9.69,0,,,,,3,9.0,ok
TIC 39761579,227.0821,-55.9475,9.69,0,,12.7,rejete,variabilite_continue;eclipse_secondaire,5,21.4,ok
TIC 341449340,203.0789,-71.5622,9.69,0,,,,,3,11.5,ok
TIC 402582102,222.9338,-73.4638,9.7,0,,,,,6,15.2,ok
TIC 256007674,198.617,-55.2574,9.7,0,,,,,3,15.7,ok
TIC 360911542,191.343,-73.6957,9.7,0,,,,,3,10.8,ok
TIC 13742682,133.9664,-5.9206,9.7,0,,,,,1,5.4,ok
TIC 131170090,229.3429,-53.7276,9.7,0,,,,,4,9.1,ok
TIC 434139537,190.8803,-64.1357,9.7,0,,,,,3,14.2,ok
TIC 242080609,139.8007,-16.9824,9.7,0,,,,,2,11.0,ok
TIC 446879443,232.2801,-66.802,9.7,0,,,,,5,14.5,ok
TIC 380139885,180.784,-46.8793,9.7,0,,,,,4,8.8,ok
TIC 341786644,203.3906,-71.1765,9.7,0,,,,,3,8.8,ok
TIC 94464047,177.4569,-53.685,9.7,0,,,,,3,10.0,ok
TIC 413354790,214.6844,-59.1482,9.7,0,,,,,4,11.2,ok
TIC 68079756,190.1054,-54.2585,9.7,0,,,,,3,8.3,ok
TIC 207781988,207.1834,-54.843,9.7,0,,,,,4,8.0,ok
TIC 166558394,192.8299,-51.3043,9.7,0,,,,,3,7.2,ok
TIC 273279919,188.5231,-56.4681,9.7,0,,,,,3,9.5,ok
TIC 337456027,215.1836,-60.5409,9.7,0,,,,,4,8.5,ok
TIC 341453404,203.3185,-70.1889,9.7,0,,,,,3,9.5,ok
TIC 288100922,187.1938,-51.1033,9.71,0,,,,,3,6.6,ok
TIC 21956170,182.0549,-46.0855,9.71,0,,,,,3,9.6,ok
TIC 425926072,235.7415,-72.0913,9.71,0,,,,,4,10.6,ok
TIC 458149990,159.1259,-56.3289,9.71,0,,,,,3,9.0,ok
TIC 275544356,179.0144,-43.9397,9.71,0,,,,,3,9.9,ok
TIC 273212753,178.8928,-51.6709,9.71,0,,,,,3,10.0,ok
TIC 406373894,197.7502,-54.1474,9.71,1,5.1757,23.6,rejete,variabilite_continue,3,9.0,ok
TIC 163653458,191.3408,-48.4532,9.71,0,,,,,3,7.3,ok
TIC 406586208,198.2272,-56.8882,9.71,0,,,,,3,8.9,ok
TIC 72497790,187.4245,-45.6383,9.71,0,,,,,3,9.2,ok
TIC 178532624,165.0744,-47.5234,9.71,0,,,,,1,3.6,ok
TIC 454809613,227.3661,-64.6899,9.71,0,,,,,4,7.6,ok
TIC 334782805,184.4445,-53.2543,9.71,0,,,,,4,9.1,ok
TIC 313857039,184.167,-70.1268,9.71,0,,,,,5,9.6,ok
TIC 162398220,190.862,-49.2544,9.72,0,,,,,3,6.8,ok
TIC 160827917,189.9009,-52.3734,9.72,0,,,,,4,8.2,ok
TIC 306992814,178.6536,-41.8394,9.72,0,,,,,1,4.0,ok
TIC 286763141,150.3507,-38.8416,9.72,0,,,,,6,15.7,ok
TIC 448791564,213.6291,-71.8628,9.72,1,11.3134,33.2,rejete,compagnon_trop_gros_2.5Rjup,4,12.3,ok
TIC 451063405,187.6853,-61.1219,9.72,0,,,,,3,10.0,ok
TIC 23187221,166.6956,-31.8775,9.72,0,,,,,1,3.4,ok
TIC 261519133,227.0202,-70.6327,9.72,0,,,,,4,10.3,ok
TIC 448349084,210.1107,-69.7038,9.72,0,,,,,4,9.0,ok
TIC 448776580,213.2818,-68.2383,9.72,0,,,,,4,8.7,ok
TIC 386429851,127.9495,-13.4236,9.72,0,,,,,1,2.8,ok
TIC 393478594,167.7555,-42.2853,9.72,0,,,,,4,8.9,ok
TIC 406376496,198.0748,-54.6484,9.72,0,,,,,4,8.8,ok
TIC 403599575,231.8487,-73.2147,9.72,0,,,,,5,15.0,ok
TIC 401310606,188.0931,-50.692,9.72,0,,,,,3,5.9,ok
TIC 188211733,220.6965,-56.3324,9.72,0,,,,,4,9.1,ok
TIC 422697511,233.8875,-64.8676,9.72,0,,,,,4,8.7,ok
TIC 166557393,192.9716,-48.0811,9.72,0,,,,,3,6.3,ok
TIC 280246700,170.7624,-60.5205,9.72,0,,32.5,rejete,variabilite_continue;eclipse_secondaire,4,10.8,ok
TIC 187990953,159.9518,-29.8076,9.72,0,,,,,2,6.7,ok
TIC 459807846,163.5912,-58.07,9.73,0,,,,,4,11.2,ok
TIC 415241207,189.1822,-63.1794,9.73,0,,,,,5,10.7,ok
TIC 152310791,170.8537,-37.8979,9.73,0,,,,,4,9.3,ok
TIC 72497690,187.4725,-45.7154,9.73,0,,,,,3,11.3,ok
TIC 35367556,148.3245,-46.227,9.73,0,,,,,4,8.6,ok
TIC 381259601,182.4678,-63.8302,9.73,0,,22.8,rejete,variabilite_continue;eclipse_secondaire,5,13.8,ok
TIC 403371685,229.6323,-75.4221,9.73,0,,,,,5,11.2,ok
TIC 163583403,174.4477,-43.5555,9.73,0,,,,,3,7.0,ok
TIC 396365542,212.8535,-74.4089,9.73,0,,,,,3,6.9,ok
TIC 303492140,159.738,-52.4426,9.73,1,1.2338,11.3,rejete,variabilite_continue;eclipse_secondaire,4,12.9,ok
TIC 380005387,181.494,-63.3541,9.73,0,,15.2,rejete,variabilite_continue;eclipse_secondaire,3,10.2,ok
TIC 440710465,196.8215,-64.053,9.73,0,,,,,5,11.2,ok
TIC 38803061,226.8242,-57.5228,9.73,0,,,,,3,7.8,ok
TIC 456987804,201.6494,-59.1246,9.73,0,,,,,4,15.6,ok
TIC 257144912,219.6923,-69.1713,9.73,0,,,,,4,7.8,ok
TIC 257141147,219.473,-70.349,9.73,0,,,,,4,12.8,ok
TIC 290092354,205.2095,-55.6677,9.73,0,,,,,4,22.6,ok
TIC 447000187,233.7477,-67.4313,9.73,0,,,,,4,11.4,ok
TIC 261706722,227.698,-66.5653,9.73,0,,,,,4,10.3,ok
TIC 289037119,201.9166,-57.9887,9.73,0,,,,,4,8.0,ok
TIC 426880281,236.7878,-70.8119,9.74,0,,,,,5,10.9,ok
TIC 296378354,223.6595,-65.7982,9.74,0,,,,,4,8.4,ok
TIC 448471888,165.7427,-34.1487,9.74,0,,,,,1,3.5,ok
TIC 263310222,234.2379,-67.2948,9.74,0,,,,,4,11.7,ok
TIC 263088956,230.4247,-69.3999,9.74,0,,,,,4,7.9,ok
TIC 187971045,220.7741,-58.6488,9.74,0,,,,,4,8.4,ok
TIC 24840629,142.3109,-31.826,9.74,0,,,,,2,4.4,ok
TIC 413004028,204.6905,-58.2821,9.74,0,,,,,4,13.1,ok
TIC 413721733,215.2474,-59.8516,9.74,0,,,,,7,20.1,ok
TIC 294266638,133.0075,-20.2291,9.74,0,,,,,4,14.9,ok
TIC 21165739,186.9063,-50.6138,9.74,0,,25.5,rejete,variabilite_continue;eclipse_secondaire,4,18.1,ok
TIC 336275380,195.8025,-68.144,9.74,0,,,,,3,12.0,ok
TIC 272307958,187.6701,-58.5196,9.74,0,,,,,3,8.1,ok
TIC 334615998,183.4958,-51.3962,9.74,0,,,,,3,10.5,ok
TIC 324863483,209.2311,-65.8764,9.75,0,,,,,4,9.0,ok
TIC 241469750,205.7841,-50.9458,9.75,0,,,,,3,6.0,ok
TIC 258816774,222.4828,-70.9178,9.75,0,,,,,4,9.7,ok
TIC 36377030,149.8786,-41.9923,9.75,0,,,,,2,6.1,ok
TIC 343707166,206.641,-71.125,9.75,0,,,,,3,6.8,ok
TIC 72927460,189.0764,-47.0283,9.75,0,,,,,3,7.9,ok
TIC 267414551,176.0702,-59.9118,9.75,0,,,,,5,11.5,ok
TIC 21948340,147.3099,-25.7481,9.75,0,,,,,5,11.8,ok
TIC 426000452,236.3869,-74.9109,9.75,0,,,,,4,8.8,ok
TIC 209390470,210.4981,-59.3708,9.75,0,,,,,4,7.4,ok
TIC 408416746,145.645,-19.2363,9.75,0,,,,,5,10.2,ok
TIC 329164617,191.4842,-67.7029,9.75,0,,32.1,rejete,variabilite_continue;eclipse_secondaire,3,8.5,ok
TIC 448962730,215.1267,-66.1203,9.75,0,,,,,5,9.1,ok
TIC 304958470,178.4819,-61.9181,9.75,0,,,,,5,9.4,ok
TIC 256331423,199.9015,-56.8995,9.76,0,,,,,3,8.3,ok
TIC 441875921,197.544,-65.2647,9.76,0,,,,,5,10.8,ok
TIC 209737099,211.121,-54.5313,9.76,0,,,,,4,7.4,ok
TIC 325498770,186.3647,-67.9783,9.76,0,,,,,3,6.4,ok
TIC 454478246,226.5867,-62.9176,9.76,0,,,,,4,8.6,ok
TIC 457975914,158.7027,-58.1503,9.76,0,,,,,4,7.8,ok
TIC 329547029,192.0373,-70.3251,9.76,0,,,,,3,6.1,ok
TIC 396362878,212.9063,-73.3523,9.76,0,,,,,4,7.3,ok
TIC 258321864,182.3783,-46.4768,9.76,0,,,,,3,5.9,ok
TIC 448978903,215.1238,-68.772,9.76,0,,,,,?,4.0,erreur
TIC 305918859,166.286,-59.8216,9.76,0,,52.6,rejete,variabilite_continue;eclipse_secondaire;compagnon_trop_gros_7.6Rjup,5,13.6,ok
TIC 94642133,177.7865,-53.4358,9.76,0,,,,,3,7.1,ok
TIC 48014453,147.2014,-35.2257,9.76,0,,,,,4,8.6,ok
TIC 61373318,175.6936,-43.1101,9.76,0,,,,,3,6.5,ok
TIC 68601211,202.8754,-54.3076,9.76,0,,,,,4,7.1,ok
TIC 425314423,190.9958,-54.4389,9.76,0,,42.1,rejete,variabilite_continue;eclipse_secondaire,3,7.7,ok
TIC 162806127,171.1272,-45.6194,9.76,0,,,,,2,6.1,ok
TIC 146589986,159.2214,-42.5416,9.76,1,2.8321,25.3,rejete,variabilite_continue,5,13.3,ok
TIC 1524976,153.5418,-17.1685,9.76,0,,,,,5,14.0,ok
TIC 336278483,195.6778,-68.7403,9.77,0,,,,,3,8.0,ok
TIC 304992548,165.7119,-59.3183,9.77,0,,,,,4,9.6,ok
TIC 396592459,213.9283,-72.7761,9.77,0,,,,,4,8.8,ok
TIC 166241892,192.5971,-51.0368,9.77,0,,,,,3,8.9,ok
TIC 334789244,184.3605,-50.456,9.77,0,,,,,3,11.9,ok
TIC 43824320,229.1228,-55.4845,9.77,0,,,,,4,26.1,ok
TIC 260342097,225.0368,-65.9856,9.77,0,,307.8,rejete,eclipse_secondaire;compagnon_trop_gros_3.9Rjup,4,12.3,ok
TIC 432104973,137.0091,-19.0853,9.77,0,,,,,1,6.9,ok
TIC 253451973,196.8109,-54.3062,9.77,0,,,,,5,11.4,ok
TIC 454991139,227.9394,-62.879,9.77,0,,,,,4,7.4,ok
TIC 339520743,200.1936,-67.4967,9.77,0,,,,,3,7.6,ok
TIC 22649405,185.1907,-46.3113,9.77,0,,,,,4,9.2,ok
TIC 448503368,211.3466,-71.4706,9.77,0,,,,,4,10.6,ok
TIC 168164332,193.638,-48.4935,9.77,0,,,,,4,13.2,ok
TIC 401827042,217.628,-72.7592,9.77,0,,,,,8,19.2,ok
TIC 420153283,192.4438,-58.8751,9.77,0,,,,,3,12.4,ok
TIC 191313361,221.6538,-57.6675,9.77,0,,,,,4,10.0,ok
TIC 449702250,200.8099,-62.7211,9.77,0,,,,,3,9.2,ok
TIC 341051212,202.6688,-71.3831,9.77,0,,,,,3,9.7,ok
TIC 403444971,230.3418,-72.7527,9.78,0,,,,,4,11.1,ok
TIC 273316772,185.6652,-53.1654,9.78,0,,,,,3,8.0,ok
TIC 462061285,150.1331,-55.1421,9.78,0,,,,,3,7.6,ok
TIC 459675351,163.2931,-59.241,9.78,0,,,,,5,11.9,ok
TIC 163030599,190.9602,-49.0131,9.78,0,,,,,3,12.9,ok
TIC 402090692,219.4149,-74.4626,9.78,0,,,,,3,7.1,ok
TIC 361872899,195.83,-73.072,9.78,0,,,,,3,10.1,ok
TIC 45752078,230.3309,-56.9819,9.78,0,,,,,4,10.4,ok
TIC 328013982,190.1725,-68.1197,9.78,0,,,,,3,8.9,ok
TIC 449062496,216.0707,-69.4019,9.78,0,,,,,4,9.8,ok
TIC 94014153,176.3939,-49.6325,9.78,0,,,,,3,10.8,ok
TIC 264026330,216.9889,-59.6355,9.78,0,,,,,4,9.8,ok
TIC 335593388,194.7179,-69.0817,9.78,0,,,,,3,14.3,ok
TIC 340148083,201.2262,-67.2814,9.78,0,,,,,3,9.9,ok
TIC 256167068,199.4963,-55.5514,9.78,0,,,,,3,9.4,ok
TIC 422171970,189.027,-50.7763,9.78,0,,,,,3,11.3,ok
TIC 292171137,218.1594,-57.5477,9.78,0,,,,,?,4.0,erreur
TIC 395401572,206.9109,-75.0324,9.79,0,,,,,3,10.2,ok
TIC 241289327,203.5958,-52.8902,9.79,0,,,,,4,16.2,ok
TIC 327026873,188.798,-69.1255,9.79,0,,,,,3,9.6,ok
TIC 245335666,199.6672,-52.1834,9.79,0,,,,,4,11.6,ok
TIC 208164287,207.9734,-54.1256,9.79,0,,,,,4,11.3,ok
TIC 418096656,146.1851,-18.2148,9.79,0,,,,,5,15.1,ok
TIC 413070124,127.4735,-18.0886,9.79,0,,,,,1,9.8,ok
TIC 458235998,159.5062,-59.4208,9.79,0,,,,,4,9.6,ok
TIC 179478493,188.1677,-62.7208,9.79,0,,,,,3,13.2,ok
TIC 403600988,231.6401,-72.5576,9.79,0,,,,,4,11.5,ok
TIC 189103539,140.5605,-27.8072,9.79,0,,,,,2,8.0,ok
TIC 410881703,214.1337,-57.888,9.79,0,,,,,4,11.7,ok
TIC 419908738,202.6339,-52.3872,9.79,0,,,,,4,11.3,ok
TIC 467027607,167.3325,-61.1015,9.79,0,,,,,?,147.4,timeout
TIC 466887289,167.2132,-61.3529,9.79,0,,,,,?,145.3,timeout
TIC 270211145,138.7657,-25.0088,9.79,0,,,,,4,9.0,ok
TIC 334860347,184.6246,-50.2239,9.8,0,,,,,3,9.3,ok
TIC 61635991,176.7101,-42.6165,9.8,0,,,,,7,15.2,ok
TIC 341381465,202.7898,-71.3147,9.8,0,,,,,3,10.5,ok
TIC 101007184,129.5282,-17.5957,9.8,0,,,,,3,9.6,ok
TIC 261688500,185.9049,-57.9378,9.8,1,1.6428,115.3,rejete,variabilite_continue;eclipse_secondaire,3,10.2,ok
TIC 209659381,210.8018,-57.7198,9.8,0,,,,,5,15.2,ok
TIC 209560277,210.645,-57.1981,9.8,0,,,,,4,11.9,ok
TIC 260133735,224.6188,-67.2783,9.8,0,,,,,4,13.9,ok
TIC 467448794,168.3988,-60.2935,9.8,0,,46.0,rejete,variabilite_continue;eclipse_secondaire;compagnon_trop_gros_15.0Rjup,7,25.5,ok
TIC 412878613,204.7099,-54.1169,9.8,0,,,,,4,14.4,ok
TIC 309179410,184.5531,-61.9642,9.8,0,,,,,4,10.7,ok
TIC 401188779,187.6436,-48.7598,9.8,0,,,,,3,7.1,ok
TIC 314228264,184.3132,-70.1546,9.8,0,,,,,2,6.3,ok
TIC 334078494,192.7623,-71.5264,9.81,0,,,,,3,8.1,ok
TIC 241314675,203.9468,-50.3128,9.81,0,,,,,4,12.4,ok
TIC 447012225,233.5721,-70.8845,9.81,0,,,,,3,11.1,ok
TIC 467282304,168.1578,-61.0321,9.81,0,,,,,2,7.0,ok
TIC 296373380,223.7698,-64.924,9.81,0,,,,,4,12.9,ok
TIC 426134727,238.4762,-73.581,9.81,0,,,,,4,8.1,ok
TIC 315098580,145.2437,-29.938,9.81,0,,,,,1,4.3,ok
TIC 401921618,218.2332,-72.5118,9.81,0,,,,,4,8.8,ok
TIC 81699706,167.945,-48.7728,9.81,0,,,,,4,9.1,ok
TIC 260927155,226.2427,-71.3828,9.81,0,,,,,4,9.3,ok
TIC 94179315,176.79,-49.4881,9.81,0,,,,,3,9.1,ok
TIC 462857857,152.5002,-55.0573,9.81,0,,,,,4,9.5,ok
TIC 259526570,223.8425,-70.9876,9.81,0,,,,,4,11.0,ok
TIC 425729141,233.6345,-73.2821,9.82,0,,,,,4,9.1,ok
TIC 161162951,189.8832,-50.6236,9.82,0,,,,,3,7.9,ok
TIC 68522683,202.8689,-58.3829,9.82,2,2.1765;4.352,79.5,rejete,variabilite_continue,4,15.9,ok
TIC 443221361,199.0432,-62.3197,9.82,0,,,,,3,8.3,ok
TIC 316888694,203.4935,-60.6381,9.82,0,,,,,4,13.8,ok
TIC 21164578,187.0009,-49.9069,9.82,0,,,,,3,8.1,ok
TIC 19346011,124.0788,-11.5663,9.82,0,,,,,1,5.3,ok
TIC 166882964,192.9009,-51.3087,9.82,0,,,,,5,11.3,ok
TIC 449576953,200.4543,-65.046,9.82,0,,,,,4,11.1,ok
TIC 454016251,175.3199,-41.8395,9.82,0,,,,,4,11.0,ok
TIC 288286438,187.4724,-48.8704,9.82,0,,,,,3,9.6,ok
TIC 263210597,230.594,-66.0829,9.82,0,,,,,4,8.7,ok
TIC 334471133,193.2009,-69.818,9.82,0,,,,,3,6.7,ok
TIC 261572616,185.9163,-54.259,9.82,0,,,,,3,5.7,ok
TIC 311838200,181.8622,-70.4894,9.82,0,,,,,2,7.0,ok
TIC 255968611,198.6841,-55.6427,9.82,0,,,,,3,8.8,ok
TIC 166883696,193.0248,-53.8384,9.82,0,,,,,3,6.2,ok
TIC 51364215,128.8774,-6.2613,9.83,0,,,,,1,4.2,ok
TIC 429348441,207.1126,-70.549,9.83,0,,,,,3,8.2,ok
TIC 337509608,197.4455,-66.9835,9.83,0,,,,,3,7.0,ok
TIC 42603860,228.4811,-58.6118,9.83,0,,,,,6,14.8,ok
TIC 261952254,228.0864,-68.8332,9.83,1,1.0627,10.4,rejete,variabilite_continue;eclipse_secondaire,4,12.4,ok
TIC 311205242,185.5405,-62.3982,9.83,1,1.0076,10.1,rejete,variabilite_continue;eclipse_secondaire,3,11.1,ok
TIC 72953823,152.9853,-38.1429,9.83,0,,,,,1,12.0,ok
TIC 401827140,217.6533,-72.7277,9.83,0,,,,,9,23.3,ok
TIC 297749997,224.7975,-62.1213,9.83,0,,,,,4,17.7,ok
TIC 273020657,188.3904,-57.2353,9.83,0,,,,,5,14.7,ok
TIC 412245022,190.6456,-54.6958,9.83,0,,,,,3,12.9,ok
TIC 308841579,152.4034,-17.8069,9.83,0,,,,,5,10.5,ok
TIC 152022980,169.1341,-37.6438,9.83,0,,,,,4,12.8,ok
TIC 255775303,186.0009,-49.0049,9.83,0,,,,,4,11.1,ok
TIC 72602776,151.741,-38.4202,9.83,0,,,,,1,7.1,ok
TIC 43705631,229.1683,-57.2382,9.83,0,,,,,4,11.4,ok
TIC 72559627,187.6945,-46.4298,9.83,0,,,,,3,9.8,ok
TIC 311587909,185.9472,-64.0487,9.84,0,,,,,4,11.7,ok
TIC 253453893,196.9276,-54.158,9.84,1,3.4615,35.4,a_verifier,,3,15.0,ok
TIC 259525266,223.6337,-71.5013,9.84,0,,,,,5,12.6,ok
TIC 257783275,220.76,-70.2632,9.84,0,,,,,4,13.7,ok
TIC 363326796,146.0977,-48.8372,9.84,1,11.3946,34.3,rejete,variabilite_continue,6,21.2,ok
TIC 37921741,136.4699,-29.1902,9.84,0,,,,,1,9.1,ok
TIC 415625922,223.2975,-54.0317,9.84,0,,,,,4,12.5,ok
TIC 438804010,201.9453,-49.8807,9.84,0,,,,,1,7.5,ok
TIC 318975870,173.5243,-61.0514,9.84,0,,,,,2,9.9,ok
TIC 338044238,198.0141,-69.6451,9.84,0,,,,,3,10.7,ok
TIC 61474606,175.9145,-42.4386,9.85,0,,,,,4,14.6,ok
TIC 412870342,194.144,-56.0571,9.85,0,,,,,3,13.4,ok
TIC 253327969,195.9294,-54.5379,9.85,0,,,,,3,15.1,ok
TIC 402852751,225.5591,-75.5806,9.85,0,,,,,6,15.7,ok
TIC 398831660,180.4321,-55.2394,9.85,0,,,,,3,14.8,ok
TIC 162079073,190.3352,-52.2699,9.85,0,,,,,3,12.8,ok
TIC 167856491,193.2931,-53.4786,9.85,0,,,,,3,13.2,ok
TIC 61640731,176.6459,-46.8826,9.85,0,,,,,3,29.0,ok
TIC 335292373,194.4858,-67.5035,9.85,0,,27.1,rejete,variabilite_continue;eclipse_secondaire;compagnon_trop_gros_2.1Rjup,3,11.4,ok
TIC 315350812,203.1758,-65.2414,9.85,0,,12.1,rejete,variabilite_continue,3,12.8,ok
TIC 308466959,184.0898,-60.3202,9.85,0,,,,,3,11.3,ok
TIC 410554633,214.2267,-54.3013,9.85,0,,,,,4,11.5,ok
TIC 405915590,192.6589,-57.9075,9.85,0,,,,,3,12.5,ok
TIC 459743402,163.3685,-55.017,9.86,0,,,,,6,14.0,ok
TIC 161739848,190.1587,-50.0656,9.86,0,,,,,4,8.4,ok
TIC 405700841,192.0184,-56.9255,9.86,0,,,,,3,10.8,ok
TIC 295757659,171.6109,-68.0158,9.86,0,,,,,7,24.5,ok
TIC 329091144,191.4295,-71.8889,9.86,0,,,,,3,8.8,ok
TIC 460719374,191.6656,-61.1425,9.86,0,,28.2,rejete,variabilite_continue;eclipse_secondaire,8,20.4,ok
TIC 390471207,184.4774,-56.4503,9.86,1,5.2628,32.7,rejete,variabilite_continue,3,9.7,ok
TIC 437813613,194.6519,-63.499,9.86,0,,,,,3,10.2,ok
TIC 118814061,134.7908,-20.9041,9.86,0,,,,,2,9.7,ok
TIC 33174050,148.789,-8.3239,9.87,0,,,,,2,12.1,ok
TIC 379546887,181.3604,-61.0755,9.87,0,,,,,3,10.9,ok
TIC 325649595,187.336,-69.2363,9.87,0,,,,,3,11.4,ok
TIC 448715799,212.6889,-70.086,9.87,0,,,,,7,17.6,ok
TIC 395136287,204.5572,-73.4349,9.87,0,,,,,3,9.8,ok
TIC 402127135,219.9192,-73.2254,9.87,0,,,,,4,11.0,ok
TIC 186574616,220.174,-56.6423,9.87,0,,,,,4,14.1,ok
TIC 169475068,194.2215,-52.2567,9.87,0,,,,,3,10.7,ok
TIC 293179708,221.7335,-64.7548,9.87,0,,,,,4,13.7,ok
TIC 423363720,141.2266,-23.4627,9.87,0,,,,,4,13.6,ok
TIC 329167295,191.4466,-67.2772,9.87,0,,,,,3,12.4,ok
TIC 411685600,189.4399,-56.886,9.87,0,,,,,3,7.7,ok
TIC 165266362,192.2504,-52.1993,9.87,0,,,,,4,13.0,ok
TIC 342193764,203.9803,-71.2423,9.87,0,,28.7,rejete,variabilite_continue;eclipse_secondaire,3,10.5,ok
TIC 263616638,234.9347,-66.6224,9.87,0,,,,,4,12.8,ok
TIC 457007552,201.7912,-58.0311,9.87,0,,,,,4,9.8,ok
TIC 22390947,184.157,-45.7312,9.87,0,,,,,3,9.1,ok
TIC 335291375,194.5839,-67.3627,9.87,0,,,,,3,8.6,ok
TIC 297888564,224.8136,-64.5903,9.88,0,,,,,4,10.4,ok
TIC 281234286,140.4518,-2.3287,9.88,0,,,,,4,8.2,ok
TIC 329480933,212.336,-53.7654,9.88,0,,,,,4,8.7,ok
TIC 262999714,215.9101,-55.5532,9.88,0,,,,,4,11.9,ok
TIC 165497225,180.4091,-41.9002,9.88,0,,,,,3,8.5,ok
TIC 179226999,158.5341,-22.7718,9.88,0,,,,,2,5.6,ok
TIC 241460279,205.6913,-53.6044,9.88,0,,,,,4,8.3,ok
TIC 383218227,142.7596,0.9635,9.88,0,,,,,1,3.9,ok
TIC 448346488,210.1437,-70.3381,9.88,0,,,,,4,8.7,ok
TIC 448578359,211.7165,-70.8409,9.88,0,,,,,4,10.7,ok
TIC 5341794,138.8794,-20.2732,9.88,0,,,,,3,7.6,ok
TIC 457764782,158.1734,-58.4624,9.88,0,,,,,6,12.9,ok
TIC 73398425,190.7961,-47.4499,9.88,0,,,,,4,10.4,ok
TIC 455935556,230.2839,-65.0486,9.88,0,,,,,4,9.8,ok
TIC 81624085,167.6687,-53.0617,9.88,0,,,,,4,7.4,ok
TIC 421527421,219.2699,-70.9282,9.88,0,,,,,4,7.8,ok
TIC 375834446,178.9158,-57.5667,9.89,0,,,,,3,6.9,ok
TIC 386432906,127.9328,-16.6814,9.89,0,,,,,3,8.2,ok
TIC 220628147,155.6016,-50.5034,9.89,0,,,,,4,9.8,ok
TIC 241363085,204.5467,-52.2404,9.89,0,,,,,7,13.5,ok
TIC 338142277,198.5035,-70.299,9.89,0,,,,,3,9.4,ok
TIC 395936099,210.1579,-72.929,9.89,0,,,,,3,8.8,ok
TIC 179736061,188.3677,-62.1299,9.89,0,,,,,3,8.9,ok
TIC 167856563,193.2385,-53.6077,9.89,0,,,,,5,12.7,ok
TIC 297180278,224.1339,-65.5728,9.89,0,,,,,4,8.2,ok
TIC 288593298,200.6628,-58.3482,9.89,0,,,,,2,7.8,ok
TIC 334214822,182.9309,-53.461,9.89,0,,,,,2,8.2,ok
TIC 290681675,174.0584,-61.6266,9.89,0,,19.7,rejete,variabilite_continue;eclipse_secondaire;compagnon_trop_gros_13.5Rjup,5,14.8,ok
TIC 328691515,211.1573,-53.1579,9.89,0,,13.9,rejete,variabilite_continue;eclipse_secondaire,3,10.3,ok
TIC 293844315,141.4744,-3.3057,9.89,0,,,,,4,8.4,ok
TIC 291436895,217.7983,-58.1488,9.89,0,,,,,3,7.7,ok
TIC 294554053,222.8249,-60.3518,9.89,0,,,,,4,9.3,ok
TIC 261693614,227.3624,-67.7668,9.89,0,,,,,?,3.5,erreur
TIC 448337548,209.6918,-70.6817,9.89,0,,,,,7,15.4,ok
TIC 61940747,177.8858,-44.9667,9.9,0,,,,,3,6.2,ok
TIC 405389514,184.2581,-55.7697,9.9,0,,,,,4,13.3,ok
TIC 464188612,155.6334,-55.0645,9.9,0,,,,,4,11.2,ok
TIC 436272241,193.4457,-60.3099,9.9,0,,52.4,rejete,variabilite_continue;eclipse_secondaire,7,18.2,ok
TIC 448802012,213.5327,-69.0071,9.9,0,,,,,4,9.0,ok
TIC 454039002,175.5895,-40.5968,9.9,0,,,,,4,8.5,ok
TIC 406628466,198.3806,-56.5161,9.9,0,,,,,3,6.8,ok
TIC 403563518,231.3347,-72.433,9.9,0,,,,,5,14.6,ok
TIC 401234181,187.8446,-53.1519,9.9,0,,,,,3,11.1,ok
TIC 405701740,192.0149,-57.1342,9.9,0,,,,,3,8.9,ok
TIC 21007427,186.4698,-51.6001,9.9,0,,,,,3,8.1,ok
TIC 398764122,180.2588,-57.7604,9.9,0,,,,,4,15.0,ok
TIC 323150730,176.5411,-60.3984,9.9,0,,,,,2,9.7,ok
TIC 38557362,226.5171,-59.0147,9.9,0,,,,,3,10.7,ok
TIC 67619209,182.2457,-54.3702,9.9,0,,,,,3,10.3,ok
TIC 61707954,177.0039,-46.4911,9.9,0,,,,,3,10.5,ok
TIC 293059951,221.7935,-63.216,9.91,0,,,,,?,4.0,erreur
TIC 273908969,189.1851,-57.4145,9.91,0,,12.0,rejete,variabilite_continue;eclipse_secondaire,3,12.5,ok
TIC 400923963,178.606,-48.9392,9.91,0,,,,,3,8.8,ok
TIC 192988021,155.3155,-25.1093,9.91,1,9.4454,13.8,rejete,variabilite_continue,4,11.3,ok
TIC 341051535,202.6287,-71.2524,9.91,0,,,,,5,11.8,ok
TIC 401413154,200.4978,-52.5751,9.91,0,,,,,4,9.5,ok
TIC 210064349,211.511,-58.546,9.91,0,,,,,4,9.7,ok
TIC 446313839,206.4965,-55.7309,9.91,0,,,,,4,11.2,ok
TIC 446531634,155.9737,-50.2387,9.91,0,,,,,3,9.3,ok
TIC 61830458,177.5546,-47.189,9.91,0,,,,,3,10.7,ok
TIC 461062276,232.389,-63.9316,9.91,0,,,,,4,9.9,ok
TIC 425941194,235.8976,-73.9318,9.91,0,,,,,4,10.6,ok
TIC 90722601,216.449,-57.2979,9.91,0,,,,,4,13.6,ok
TIC 96032911,146.3833,-11.5848,9.91,0,,,,,3,6.2,ok
TIC 411128851,178.3418,-67.1186,9.91,0,,,,,7,12.6,ok
TIC 403906918,188.3454,-48.0469,9.92,0,,,,,3,6.9,ok
TIC 163031809,190.9563,-50.1424,9.92,0,,,,,3,7.1,ok
TIC 449032178,215.6777,-67.2669,9.92,0,,,,,4,10.1,ok
TIC 72850009,152.7047,-39.7523,9.92,0,,,,,4,9.7,ok
TIC 458833387,161.0417,-57.9682,9.92,0,,28.3,rejete,variabilite_continue;eclipse_secondaire;compagnon_trop_gros_7.2Rjup,6,21.1,ok
TIC 451645081,172.155,-54.7842,9.92,0,,,,,5,18.3,ok
TIC 425870005,235.2318,-73.6465,9.92,0,,,,,4,8.7,ok
TIC 163491963,173.8813,-42.7272,9.92,0,,,,,3,10.5,ok
TIC 188991120,220.8537,-56.7277,9.92,0,,,,,4,7.9,ok
TIC 187726683,220.5244,-59.8422,9.92,0,,,,,4,8.7,ok
TIC 376659156,180.9112,-56.2763,9.92,0,,,,,3,8.9,ok
TIC 207573269,206.6524,-58.6632,9.92,0,,,,,4,9.5,ok
TIC 21114818,186.7562,-48.0303,9.92,0,,,,,3,8.9,ok
TIC 253197194,195.1813,-56.0538,9.92,0,,,,,3,10.3,ok
TIC 45917873,149.8937,-41.5795,9.92,0,,,,,3,7.5,ok
TIC 341452524,203.0772,-70.4554,9.92,0,,,,,3,6.9,ok
TIC 327034775,188.7377,-70.0344,9.92,0,,,,,3,7.4,ok
TIC 181203963,174.6272,-39.9699,9.92,0,,,,,2,6.6,ok
TIC 263350818,230.9983,-70.9034,9.92,0,,,,,7,12.9,ok
TIC 292895572,221.8326,-61.0735,9.92,0,,,,,4,8.6,ok
TIC 325506879,186.567,-69.6081,9.92,0,,,,,3,8.7,ok
TIC 21827610,181.6367,-42.7975,9.93,0,,,,,7,14.9,ok
TIC 396226159,212.1028,-72.2373,9.93,0,,,,,4,11.3,ok
TIC 297187431,224.3808,-65.044,9.93,0,,,,,4,9.2,ok
TIC 455668246,229.4782,-60.0168,9.93,0,,,,,4,11.7,ok
TIC 455185899,228.2466,-62.8309,9.93,0,,,,,4,8.9,ok
TIC 450829003,187.0319,-61.5817,9.93,0,,,,,3,6.0,ok
TIC 453710095,205.861,-59.1236,9.93,0,,,,,5,12.6,ok
TIC 425796196,233.885,-72.0246,9.93,0,,,,,5,11.0,ok
TIC 449113075,216.3318,-71.7386,9.93,0,,,,,4,9.1,ok
TIC 450924597,187.2285,-62.9838,9.93,0,,,,,3,11.2,ok
TIC 413563791,215.0666,-54.8945,9.93,0,,,,,4,11.4,ok
TIC 448790879,213.3334,-71.7731,9.93,0,,,,,4,14.1,ok
TIC 163647562,191.3128,-48.3434,9.93,0,,,,,3,9.2,ok
TIC 288222343,187.4125,-51.9764,9.93,0,,,,,3,9.8,ok
TIC 270777131,186.279,-55.1782,9.93,0,,,,,4,8.9,ok
TIC 361531680,193.9032,-72.3833,9.93,0,,,,,3,6.9,ok
TIC 335470158,194.7289,-70.2776,9.93,0,,,,,3,6.6,ok
TIC 386432905,127.9348,-16.6809,9.93,0,,,,,3,6.8,ok
TIC 327747487,210.7032,-65.3926,9.93,0,,,,,4,11.6,ok
TIC 329454577,191.8408,-68.1446,9.93,0,,,,,6,11.7,ok
TIC 44165460,229.3751,-57.5204,9.94,0,,,,,4,8.4,ok
TIC 333193271,181.1799,-51.9135,9.94,0,,,,,2,4.9,ok
TIC 207719412,207.1239,-58.7075,9.94,0,,,,,4,8.4,ok
TIC 244903777,196.7792,-49.5847,9.94,0,,,,,3,6.7,ok
TIC 194198644,222.3457,-59.5253,9.94,0,,,,,4,9.9,ok
TIC 263605078,234.8483,-69.4907,9.94,0,,,,,4,11.0,ok
TIC 71591972,155.9873,-32.9026,9.94,0,,,,,2,12.4,ok
TIC 273219471,185.718,-48.045,9.94,0,,,,,3,14.5,ok
TIC 38220129,137.3327,-27.8818,9.94,0,,,,,1,8.7,ok
TIC 312706075,182.5104,-69.2914,9.94,0,,,,,2,9.1,ok
TIC 286496075,185.9796,-69.6713,9.94,0,,,,,3,9.9,ok
TIC 54843485,130.4671,-6.2628,9.94,0,,,,,5,11.6,ok
TIC 306501893,166.8957,-58.6798,9.94,0,,,,,2,5.8,ok
TIC 412305511,190.8105,-56.6836,9.94,0,,,,,6,13.1,ok
TIC 332633549,136.975,-12.0244,9.94,0,,,,,2,7.0,ok
TIC 335512768,214.3686,-61.6597,9.95,0,,,,,4,14.0,ok
TIC 334194932,193.164,-68.749,9.95,0,,,,,3,10.7,ok
TIC 292765671,221.6188,-60.7885,9.95,0,,,,,?,1027.6,timeout
TIC 328345735,211.0964,-60.9108,9.95,0,,,,,4,11.3,ok
TIC 403364360,229.3054,-72.1368,9.95,1,9.837,18.4,rejete,variabilite_continue,4,15.8,ok
TIC 35920267,225.1833,-54.14,9.95,0,,,,,4,12.2,ok
TIC 402228294,220.7411,-73.8292,9.95,0,,,,,4,18.9,ok
TIC 455807926,230.0504,-62.4299,9.95,0,,,,,4,10.0,ok
TIC 448346251,210.1176,-70.4021,9.95,0,,,,,4,14.3,ok
TIC 158229626,162.725,-37.9988,9.95,0,,,,,1,9.3,ok
TIC 77527511,142.263,-5.3758,9.95,0,,,,,2,9.4,ok
TIC 152569268,172.3781,-40.6092,9.95,0,,,,,3,15.0,ok
TIC 456058603,230.7372,-60.358,9.96,1,11.5657,35.7,rejete,variabilite_continue,5,16.1,ok
TIC 308885146,152.4896,-16.5163,9.96,0,,,,,2,10.9,ok
TIC 450720404,186.903,-63.9217,9.96,0,,,,,2,10.6,ok
TIC 263665532,231.3371,-71.5275,9.96,0,,,,,4,12.8,ok
TIC 22566061,184.8246,-44.5872,9.96,0,,,,,3,11.8,ok
TIC 360330564,188.2976,-72.5783,9.96,0,,,,,3,11.1,ok
TIC 421470829,219.2894,-67.6247,9.96,0,,,,,4,13.7,ok
TIC 241333522,204.1225,-53.6823,9.96,0,,,,,3,9.9,ok
TIC 253104309,194.4892,-58.0617,9.96,0,,,,,3,8.1,ok
TIC 288100746,187.1715,-51.027,9.96,1,1.6921,111.1,rejete,eclipse_secondaire;compagnon_trop_gros_3.0Rjup,4,10.9,ok
TIC 405382512,184.1472,-57.5959,9.96,0,,,,,5,14.1,ok
TIC 68081405,193.5821,-54.1626,9.96,0,,,,,3,9.1,ok
TIC 460549082,190.1104,-62.166,9.96,0,,,,,3,11.3,ok
TIC 448247618,209.1466,-68.3653,9.96,0,,,,,4,13.7,ok
TIC 67873270,185.5604,-55.1463,9.96,0,,,,,3,11.2,ok
TIC 17760009,135.7938,-31.6221,9.96,0,,,,,2,9.5,ok
TIC 106143855,158.1681,-40.1517,9.96,0,,,,,2,11.7,ok
TIC 106195671,158.3488,-38.9146,9.96,0,,,,,3,11.5,ok
TIC 320079492,174.8441,-65.1762,9.97,0,,,,,6,15.4,ok
TIC 326662927,188.5776,-69.7339,9.97,0,,,,,4,11.9,ok
TIC 338896659,199.1878,-68.9724,9.97,0,,,,,?,3.5,erreur
TIC 339506226,200.0581,-70.5377,9.97,0,,,,,3,7.7,ok
TIC 335046366,184.911,-50.1975,9.97,0,,,,,?,4.1,erreur
TIC 190795724,221.2728,-58.962,9.97,0,,,,,4,10.2,ok
TIC 382988300,183.6408,-62.3465,9.97,0,,,,,3,10.9,ok
TIC 403034312,226.8425,-74.2534,9.97,0,,,,,4,14.7,ok
TIC 405448058,190.4407,-56.1454,9.97,0,,,,,3,9.1,ok
TIC 440714949,196.7818,-63.5287,9.97,0,,,,,6,11.8,ok
TIC 91474396,170.9444,-52.9608,9.97,0,,,,,7,16.3,ok
TIC 245335630,199.5802,-52.2013,9.97,0,,,,,4,10.5,ok
TIC 410349072,150.3914,-22.2269,9.97,0,,,,,2,9.8,ok
TIC 61870768,177.5648,-44.9632,9.97,0,,,,,3,9.3,ok
TIC 121389437,129.3323,-4.9635,9.97,0,,,,,2,8.4,ok
TIC 446932730,232.6647,-66.1279,9.98,0,,,,,4,12.3,ok
TIC 162737005,171.0773,-44.9069,9.98,0,,,,,5,16.3,ok
TIC 395848940,209.6464,-72.9129,9.98,0,,,,,3,12.1,ok
TIC 167855948,193.2769,-52.6268,9.98,1,1.3151,10.6,rejete,variabilite_continue,2,9.9,ok
TIC 152511473,171.9736,-37.7031,9.98,0,,,,,4,12.2,ok
TIC 5972036,144.0743,-40.627,9.98,0,,,,,2,9.5,ok
TIC 257149522,219.6132,-67.9921,9.98,0,,,,,4,13.9,ok
TIC 342294784,204.4568,-68.9422,9.98,0,,,,,3,11.6,ok
TIC 334926282,193.9764,-68.4858,9.98,0,,,,,3,10.8,ok
TIC 317634909,172.4346,-64.7946,9.98,0,,,,,1,7.4,ok
TIC 21820656,181.4633,-46.971,9.98,0,,,,,?,4.9,erreur
TIC 273345462,188.8089,-54.9886,9.99,0,,,,,3,11.7,ok
TIC 290681621,174.0045,-61.6218,9.99,0,,,,,3,12.0,ok
TIC 288283832,187.2422,-48.6133,9.99,0,,,,,4,10.0,ok
TIC 118913927,135.2622,-21.4167,9.99,0,,,,,3,7.7,ok
TIC 162091779,168.3132,-43.3548,9.99,0,,,,,5,11.5,ok
TIC 448186109,208.7213,-71.3642,9.99,0,,,,,7,16.0,ok
TIC 398540624,179.9189,-55.3631,9.99,0,,,,,3,12.3,ok
TIC 390230585,183.7446,-56.0745,9.99,0,,,,,4,13.6,ok
TIC 389096669,177.8624,-50.8488,9.99,0,,,,,3,12.6,ok
TIC 375891596,178.7951,-55.2456,9.99,0,,,,,3,12.8,ok
TIC 348835438,134.7227,-13.3126,9.99,0,,,,,3,12.5,ok
TIC 22146154,148.7627,-25.1332,9.99,1,9.0915,11.0,rejete,variabilite_continue;eclipse_secondaire,4,18.2,ok
TIC 390596947,217.5685,-60.3866,9.99,0,,104.5,rejete,variabilite_continue;eclipse_secondaire;compagnon_trop_gros_20.3Rjup,7,25.7,ok
TIC 401226819,187.6147,-51.7231,9.99,0,,,,,3,12.9,ok
TIC 185831721,219.8488,-57.897,9.99,0,,,,,4,17.9,ok
TIC 460251905,222.371,-53.3764,9.99,0,,,,,3,15.2,ok
TIC 433276636,182.7032,-56.2481,9.99,0,,,,,3,17.2,ok
TIC 393932186,196.8392,-72.6253,10.0,0,,,,,3,14.6,ok
TIC 46767887,141.5474,-8.8912,10.0,0,,,,,2,11.7,ok
TIC 336954502,196.631,-66.7647,10.0,0,,41.2,rejete,variabilite_continue;eclipse_secondaire,3,17.5,ok
TIC 273316582,185.6894,-53.0963,10.0,0,,,,,4,17.2,ok
TIC 260947147,201.6081,-53.7045,10.0,0,,19.7,rejete,variabilite_continue;eclipse_secondaire,4,19.2,ok
TIC 396226541,212.1625,-72.357,10.0,0,,,,,5,16.3,ok
TIC 189504782,221.2026,-59.7702,10.0,0,,11.6,rejete,variabilite_continue;eclipse_secondaire;compagnon_trop_gros_11.3Rjup,6,26.2,ok
TIC 413633652,215.1214,-56.5797,10.0,0,,,,,4,13.3,ok
TIC 305921876,166.4177,-59.7037,10.0,0,,,,,5,13.9,ok
TIC 463402815,153.8109,-58.7664,10.0,0,,159.7,rejete,variabilite_continue;eclipse_secondaire,6,20.4,ok
TIC 121335077,128.951,-2.2519,10.01,0,,,,,1,7.1,ok
TIC 72005709,167.4128,-45.5121,10.01,0,,,,,2,8.8,ok
TIC 467409163,168.3728,-61.2641,10.01,0,,,,,4,14.9,ok
TIC 454038613,175.6614,-40.0605,10.01,0,,10.2,rejete,variabilite_continue;eclipse_secondaire,4,13.6,ok
TIC 315806959,203.0778,-59.9857,10.01,0,,,,,5,15.9,ok
TIC 71450844,155.2009,-30.7736,10.01,0,,,,,7,17.9,ok
TIC 289709680,146.4005,-16.3713,10.02,0,,,,,2,13.3,ok
TIC 29915678,166.1865,-37.8962,10.02,0,,,,,6,16.6,ok
TIC 397359416,175.1515,-42.5171,10.03,0,,,,,4,10.1,ok
TIC 241343119,204.2877,-50.5771,10.03,0,,,,,7,16.9,ok
TIC 462660606,151.8609,-55.5194,10.03,0,,,,,3,8.3,ok
TIC 467279937,168.1316,-60.7932,10.03,0,,,,,4,12.3,ok
TIC 467408384,168.3946,-61.3452,10.03,0,,,,,4,8.9,ok
TIC 362714717,145.5241,-48.5231,10.04,0,,,,,6,13.6,ok
TIC 338655299,198.9079,-69.759,10.04,0,,,,,3,7.9,ok
TIC 92997988,174.3405,-48.0243,10.04,0,,,,,6,13.4,ok
TIC 44926734,146.8323,-40.0526,10.04,0,,,,,4,11.2,ok
TIC 60729268,138.5766,-8.2929,10.04,0,,,,,?,3.5,erreur
TIC 464396032,156.0471,-58.0629,10.04,0,,17.4,rejete,variabilite_continue;eclipse_secondaire,4,11.8,ok
TIC 394571504,200.9237,-73.0157,10.04,0,,,,,3,10.1,ok
TIC 253285189,195.7293,-57.9366,10.04,0,,,,,3,8.9,ok
TIC 457642066,217.9126,-52.936,10.05,0,,,,,3,9.4,ok
TIC 193220940,157.9215,-24.2249,10.05,0,,,,,3,7.8,ok
TIC 400802343,178.2488,-52.633,10.05,0,,,,,4,11.8,ok
TIC 467054144,167.4534,-60.5792,10.05,0,,,,,4,11.5,ok
TIC 133500507,149.7146,-52.5433,10.05,0,,,,,3,9.6,ok
TIC 434417493,127.9879,-18.3516,10.06,0,,,,,3,8.4,ok
TIC 317792919,172.847,-63.2969,10.06,0,,,,,3,9.7,ok
TIC 19265777,139.0625,-33.5293,10.06,0,,,,,2,6.0,ok
TIC 38056779,226.2928,-56.7338,10.06,0,,,,,5,12.9,ok
TIC 458438308,160.0785,-57.8671,10.06,0,,,,,6,16.9,ok
TIC 73305532,190.261,-46.9236,10.07,0,,,,,5,12.7,ok
TIC 314393072,202.6504,-65.13,10.07,0,,,,,4,11.9,ok
TIC 193641523,222.1652,-57.5893,10.07,1,1.3934,24.7,rejete,variabilite_continue;eclipse_secondaire,8,23.6,ok
TIC 329981856,192.3389,-70.9167,10.07,0,,,,,3,9.0,ok
TIC 270707674,137.5351,1.7278,10.07,0,,,,,1,7.6,ok
TIC 71035967,153.1514,-32.4103,10.07,0,,,,,2,10.2,ok
TIC 448930899,214.7569,-71.1614,10.07,0,,,,,4,11.4,ok
TIC 463715128,154.545,-58.6606,10.08,0,,,,,4,12.4,ok
TIC 260927329,226.1531,-71.3094,10.08,0,,,,,5,13.4,ok
TIC 311328485,185.5535,-63.3466,10.08,0,,112.6,rejete,variabilite_continue;eclipse_secondaire,8,24.0,ok
TIC 467023914,167.5488,-61.4407,10.09,0,,,,,7,17.6,ok
TIC 19519368,124.6951,-6.786,10.09,1,1.6979,14.2,rejete,variabilite_continue,5,15.5,ok
TIC 47683222,158.9282,-29.5088,10.09,0,,,,,3,11.0,ok
TIC 253434221,196.7332,-58.1111,10.09,0,,,,,6,14.5,ok
TIC 42024738,228.4237,-57.7069,10.09,0,,,,,6,14.0,ok
TIC 88684250,121.9135,-5.7701,10.1,1,4.5869,21.6,rejete,variabilite_continue;eclipse_secondaire,4,11.8,ok
TIC 920218771,177.4919,-59.8008,10.1,0,,,,,2,6.4,ok
TIC 458927172,161.2504,-55.3162,10.11,0,,,,,3,9.2,ok
TIC 271209031,186.5479,-55.3479,10.11,0,,,,,3,7.5,ok
TIC 258603532,221.9927,-67.8382,10.11,0,,,,,4,11.9,ok
TIC 210105136,211.7511,-58.7388,10.11,0,,,,,?,3.5,erreur
TIC 464732844,156.9052,-57.6416,10.11,0,,,,,1,4.7,ok
TIC 360371656,217.4126,-70.1223,10.12,0,,,,,9,18.6,ok
TIC 382619547,183.4869,-62.9203,10.12,0,,,,,6,14.6,ok
TIC 414480648,224.3218,-57.2257,10.12,0,,,,,3,7.9,ok
TIC 458263480,159.639,-59.3588,10.12,1,9.2336,25.5,rejete,variabilite_continue;eclipse_secondaire,6,17.4,ok
TIC 1441866,142.7139,-16.4037,10.12,0,,,,,2,8.0,ok
TIC 263485639,234.6259,-71.6245,10.13,0,,,,,7,17.8,ok
TIC 448415687,165.6656,-32.7383,10.13,0,,,,,4,10.0,ok
TIC 414138813,215.5302,-54.2851,10.14,0,,,,,3,10.3,ok
TIC 467279878,168.2441,-60.7895,10.14,0,,,,,5,16.2,ok
TIC 464898410,159.9999,-63.253,10.14,0,,,,,4,12.0,ok
TIC 259019958,222.5615,-66.4806,10.14,0,,26.6,rejete,variabilite_continue,7,18.2,ok
TIC 297361900,180.2982,-67.7602,10.14,0,,,,,4,11.9,ok
TIC 440091947,196.439,-62.9198,10.14,0,,,,,3,9.7,ok
TIC 118601740,130.196,-18.5869,10.14,0,,,,,3,7.6,ok
TIC 142787022,138.261,-3.2888,10.14,0,,,,,4,9.2,ok
TIC 257699927,220.4113,-67.8023,10.15,0,,,,,4,8.4,ok
TIC 403903684,188.1815,-49.7157,10.15,0,,,,,2,6.8,ok
TIC 241528611,206.4829,-52.3739,10.15,0,,,,,4,8.4,ok
TIC 328851699,191.3896,-66.3622,10.15,0,,,,,2,4.7,ok
TIC 324863489,209.2327,-65.8773,10.15,0,,,,,4,8.6,ok
TIC 434417491,127.9883,-18.353,10.16,0,,,,,3,5.9,ok
TIC 51104452,127.8602,-6.0373,10.16,0,,,,,2,5.0,ok
TIC 382980571,183.7035,-63.0868,10.16,0,,,,,7,12.7,ok
TIC 360057586,217.1794,-70.9998,10.16,0,,,,,6,11.4,ok
TIC 72799892,152.398,-38.4362,10.16,0,,,,,1,3.1,ok
TIC 400911849,178.6756,-53.6573,10.16,0,,,,,2,5.5,ok
TIC 190271688,221.3434,-54.7612,10.16,0,,,,,4,8.9,ok
TIC 121337930,129.1161,-3.1061,10.16,0,,,,,2,5.5,ok
TIC 72445399,187.3989,-47.7137,10.17,0,,,,,5,10.0,ok
TIC 307079330,166.2507,-46.0345,10.17,0,,,,,4,11.2,ok
TIC 443661491,199.6282,-62.6625,10.17,1,2.7596,29.4,rejete,eclipse_secondaire,5,13.1,ok
TIC 5341792,138.8757,-20.2738,10.17,0,,,,,4,7.4,ok
TIC 402582101,222.9427,-73.4641,10.17,0,,,,,3,10.5,ok
TIC 448888137,214.2645,-66.6713,10.17,0,,,,,4,10.4,ok
TIC 255775626,186.0856,-49.2023,10.18,0,,,,,2,10.0,ok
TIC 412874382,194.0196,-54.9791,10.18,0,,,,,3,6.9,ok
TIC 265373735,133.796,1.275,10.18,0,,,,,1,4.6,ok
TIC 178653947,165.8606,-46.6342,10.18,0,,,,,5,13.4,ok
TIC 260768064,189.0584,-47.9593,10.19,0,,,,,1,4.5,ok
TIC 467883897,169.6238,-60.9252,10.19,0,,,,,4,10.1,ok
TIC 332275244,179.7404,-53.2906,10.19,0,,,,,2,6.4,ok
TIC 347546931,133.7159,-12.5981,10.19,0,,,,,1,6.0,ok
TIC 410008584,145.6094,-16.7891,10.19,0,,,,,1,4.4,ok
TIC 308191940,180.4332,-61.9547,10.19,0,,,,,3,8.3,ok
TIC 101395259,148.7202,-23.3321,10.19,1,7.5745,72.8,rejete,variabilite_continue,6,18.7,ok
TIC 290653195,141.2459,4.6066,10.19,0,,,,,2,6.2,ok
TIC 38006988,136.5441,-28.9494,10.19,0,,,,,2,6.9,ok
TIC 438357427,195.1383,-61.6755,10.2,0,,,,,5,11.5,ok
TIC 193194166,157.5059,-24.1038,10.2,0,,,,,5,12.9,ok
TIC 409794137,126.4337,-13.5593,10.2,0,,,,,4,12.5,ok
TIC 101005778,129.5132,-16.0376,10.2,0,,,,,2,6.1,ok
TIC 465689996,164.1757,-63.0213,10.2,0,,,,,4,10.0,ok
TIC 450999169,170.1676,-59.3711,10.2,0,,,,,2,6.4,ok
TIC 450649506,186.9009,-60.1633,10.21,0,,35.1,rejete,variabilite_continue;eclipse_secondaire,4,11.7,ok
TIC 151738776,167.3988,-38.1572,10.21,0,,,,,4,9.2,ok
TIC 405485405,143.7565,-12.0889,10.21,0,,,,,1,5.2,ok
TIC 382407397,183.3312,-64.7973,10.21,0,,,,,7,15.0,ok
TIC 296739893,142.1736,-12.1683,10.21,0,,,,,5,11.0,ok
TIC 406624260,198.4106,-55.4992,10.21,0,,,,,3,10.8,ok
TIC 425438093,200.9822,-50.3874,10.21,0,,,,,2,6.3,ok
TIC 318971919,173.4591,-60.6797,10.21,0,,,,,4,9.5,ok
TIC 455936471,230.2757,-65.2264,10.22,0,,,,,4,9.7,ok
TIC 388483448,217.3855,-60.2434,10.22,0,,,,,5,11.5,ok
TIC 307544124,179.9776,-65.7997,10.22,0,,,,,3,8.9,ok
TIC 92240496,172.372,-48.5276,10.22,0,,,,,2,7.1,ok
TIC 32822378,144.1748,-44.25,10.22,0,,,,,5,11.0,ok
TIC 329162367,191.6429,-68.0795,10.22,0,,,,,2,5.4,ok
TIC 261753030,185.9457,-59.29,10.22,0,,,,,3,10.0,ok
TIC 61415697,175.9369,-47.6148,10.23,0,,,,,1,5.1,ok
TIC 176653212,141.5942,-18.3928,10.23,0,,,,,2,6.3,ok
TIC 168171246,193.4847,-50.5045,10.23,0,,,,,2,8.8,ok
TIC 448165364,208.5304,-67.5625,10.23,0,,,,,8,18.0,ok
TIC 457626191,157.7264,-59.6079,10.23,0,,,,,6,12.7,ok
TIC 49102709,165.2732,-35.2229,10.23,0,,,,,4,10.3,ok
TIC 426706884,235.8427,-68.4131,10.24,0,,,,,4,9.2,ok
TIC 253449347,196.8789,-55.0332,10.24,0,,,,,6,15.8,ok
TIC 48476908,150.1537,-34.6814,10.24,1,4.7232,12.5,rejete,variabilite_continue;eclipse_secondaire,6,17.5,ok
TIC 445903569,147.1745,-51.7566,10.24,0,,76.8,rejete,variabilite_continue;eclipse_secondaire,6,16.5,ok
TIC 46698351,230.7106,-59.8354,10.24,0,,30.7,rejete,variabilite_continue;eclipse_secondaire,5,15.5,ok
TIC 408307308,144.7351,-20.2637,10.24,0,,,,,1,7.6,ok
TIC 333822981,182.259,-51.3448,10.25,0,,,,,5,12.4,ok
TIC 54957535,130.9852,-11.5576,10.25,0,,48.8,rejete,variabilite_continue;eclipse_secondaire;compagnon_trop_gros_4.4Rjup,5,18.1,ok
TIC 250119205,221.6694,-53.1953,10.25,0,,51.3,rejete,eclipse_secondaire;compagnon_trop_gros_5.4Rjup,3,13.9,ok
TIC 447061717,156.7468,-52.4668,10.26,0,,,,,7,17.0,ok
TIC 281270501,140.4834,-3.5706,10.26,0,,,,,1,6.0,ok
TIC 417988357,223.8537,-56.8162,10.26,0,,,,,3,7.1,ok
TIC 414929408,189.1089,-64.6238,10.26,1,2.7799,60.2,rejete,variabilite_continue,5,13.4,ok
TIC 32994973,144.6388,-42.3925,10.26,0,,,,,1,8.9,ok
TIC 15359619,185.078,-48.9459,10.26,0,,,,,4,11.2,ok
TIC 334656125,141.3826,-14.4917,10.26,0,,,,,1,7.4,ok
TIC 114881521,132.5676,-13.6691,10.27,0,,,,,4,7.4,ok
TIC 21869622,182.0297,-47.8135,10.27,0,,,,,3,9.8,ok
TIC 436073131,193.3905,-64.1227,10.27,0,,,,,4,10.8,ok
TIC 42024746,228.4253,-57.7064,10.27,0,,,,,7,14.5,ok
TIC 329089161,191.3872,-71.2213,10.27,3,1.2687;1.1265;2.2549,61.7,rejete,eclipse_secondaire;compagnon_trop_gros_4.9Rjup,3,25.9,ok
TIC 22319809,183.9576,-45.478,10.27,0,,,,,2,9.8,ok
TIC 67535663,182.1004,-55.0471,10.27,0,,,,,2,8.3,ok
TIC 460689513,158.3627,-61.3945,10.27,0,,,,,4,14.6,ok
TIC 459850897,163.7144,-58.5693,10.27,1,2.3767,19.4,rejete,variabilite_continue;eclipse_secondaire,6,23.2,ok
TIC 89833314,204.121,-59.3724,10.27,0,,,,,2,12.5,ok
TIC 379717270,220.0039,-52.9101,10.27,0,,,,,4,12.7,ok
TIC 376565446,180.6467,-54.7647,10.28,0,,,,,3,12.9,ok
TIC 338681866,189.6659,-61.4489,10.28,0,,65.8,rejete,variabilite_continue;eclipse_secondaire,7,24.0,ok
TIC 70443551,138.8879,-25.1235,10.28,0,,,,,2,9.7,ok
TIC 241663740,208.0324,-51.5522,10.28,0,,,,,1,8.8,ok
TIC 448472109,165.8667,-32.7585,10.28,0,,,,,4,11.4,ok
TIC 459158998,161.8768,-59.1938,10.28,0,,,,,1,6.7,ok
TIC 451524691,171.7487,-57.1851,10.28,0,,14.6,rejete,variabilite_continue;eclipse_secondaire,5,23.8,ok
TIC 341785893,203.3447,-70.9312,10.28,0,,,,,3,11.6,ok
TIC 53998583,159.6568,-31.7545,10.29,0,,,,,3,7.8,ok
TIC 162582602,170.2617,-46.4419,10.29,0,,,,,6,11.5,ok
TIC 121286320,128.6095,-1.1474,10.29,0,,,,,3,6.9,ok
TIC 91626454,171.1049,-51.2265,10.29,0,,,,,2,8.2,ok
TIC 450679292,169.3923,-58.0688,10.29,0,,,,,3,7.8,ok
TIC 93228636,174.8679,-52.6835,10.29,0,,,,,2,6.5,ok
TIC 102767573,155.5148,-46.7722,10.29,0,,,,,1,5.2,ok
TIC 448995070,215.4165,-70.2889,10.29,0,,,,,4,10.5,ok
TIC 448295110,209.4139,-67.6188,10.29,0,,,,,4,11.3,ok
TIC 383089500,183.6387,-60.4114,10.29,1,1.4862,37.2,rejete,variabilite_continue;eclipse_secondaire,4,12.2,ok
TIC 316284824,203.4332,-63.9931,10.29,0,,,,,4,13.3,ok
TIC 402970796,226.3104,-74.1851,10.29,0,,,,,4,11.4,ok
TIC 163947402,191.4741,-52.6976,10.3,0,,,,,2,8.6,ok
TIC 316380301,171.7333,-62.0169,10.3,1,4.3955,25.2,rejete,variabilite_continue,4,16.0,ok
TIC 429199285,183.8585,-53.873,10.3,0,,,,,2,11.0,ok
TIC 118158912,128.8833,-21.7936,10.3,0,,,,,?,4.5,erreur
TIC 311757828,185.8838,-62.6782,10.3,0,,,,,3,10.7,ok
TIC 451483379,171.5913,-55.072,10.3,0,,,,,4,15.4,ok
TIC 420529106,216.134,-52.832,10.3,1,9.5324,10.9,rejete,variabilite_continue,3,16.4,ok
TIC 163032344,190.9629,-51.127,10.3,0,,,,,3,13.4,ok
TIC 39276230,227.0282,-57.093,10.31,0,,,,,7,23.8,ok
TIC 310116572,184.9872,-60.715,10.31,0,,,,,3,12.3,ok
TIC 275184915,144.0702,0.6864,10.31,0,,,,,3,11.8,ok
TIC 299962330,208.2685,-61.9891,10.31,0,,51.5,rejete,variabilite_continue;eclipse_secondaire;compagnon_trop_gros_8.5Rjup,5,55.5,ok
TIC 307257778,179.9415,-61.0204,10.32,0,,,,,4,14.1,ok
TIC 453028730,144.2525,1.006,10.32,0,,,,,3,9.9,ok
TIC 333197941,181.135,-49.8114,10.32,0,,,,,2,7.8,ok
TIC 253327702,195.9552,-54.6121,10.32,0,,,,,2,5.9,ok
TIC 46904539,142.9912,-7.9597,10.32,0,,,,,5,11.1,ok
TIC 189623013,144.1648,-27.575,10.33,0,,,,,1,9.5,ok
TIC 391039604,161.0833,-61.1981,10.33,0,,,,,7,16.7,ok
TIC 370586706,226.0357,-52.3803,10.33,0,,,,,2,9.8,ok
TIC 410712205,177.602,-68.6063,10.33,0,,,,,2,9.1,ok
TIC 381838186,183.0329,-65.9153,10.33,0,,,,,4,12.5,ok
TIC 453666690,205.8933,-55.7548,10.33,0,,,,,4,12.3,ok
TIC 333128265,181.081,-52.484,10.34,0,,,,,1,9.0,ok
TIC 193271278,158.5786,-29.8154,10.34,0,,,,,5,16.7,ok
TIC 466799461,167.0322,-63.6963,10.34,0,,,,,7,17.4,ok
TIC 448358913,158.7435,-52.7776,10.34,0,,23.1,rejete,variabilite_continue,6,23.4,ok
TIC 152480533,171.7387,-39.8103,10.34,0,,,,,3,9.8,ok
TIC 94082430,176.6112,-50.1202,10.34,0,,,,,2,6.2,ok
TIC 375838965,178.9286,-56.6255,10.34,0,,,,,4,7.8,ok
TIC 241566175,206.8565,-50.9272,10.34,1,1.199,18.7,rejete,variabilite_continue,1,6.3,ok
TIC 404226094,195.4609,-53.0829,10.34,0,,,,,2,4.9,ok
TIC 169191182,127.289,-2.1167,10.34,0,,,,,2,5.5,ok
TIC 324993602,177.4142,-60.6051,10.34,0,,,,,5,10.8,ok
TIC 467456980,168.6848,-60.3695,10.34,0,,,,,4,7.9,ok
TIC 49174442,165.2997,-33.2469,10.35,0,,,,,4,10.4,ok
TIC 380258952,206.6565,-65.558,10.35,0,,,,,1,3.9,ok
TIC 419778517,191.453,-54.183,10.35,0,,,,,6,12.4,ok
TIC 322104948,175.7771,-60.7346,10.35,0,,,,,5,14.2,ok
TIC 162305237,169.2445,-44.1062,10.35,0,,,,,5,13.4,ok
TIC 266629964,175.2924,-55.6639,10.35,0,,,,,2,8.2,ok
TIC 15445551,185.3247,-52.8408,10.35,1,1.6805,69.2,rejete,variabilite_continue;eclipse_secondaire,6,18.4,ok
TIC 1012535693,208.0179,-67.5411,10.35,0,,,,,4,10.6,ok
TIC 123222370,143.5049,-2.3401,10.35,1,2.9887,10.9,rejete,variabilite_continue;eclipse_secondaire,4,13.6,ok
TIC 459037725,161.7765,-58.5864,10.35,0,,,,,1,7.3,ok
TIC 92173719,172.4342,-51.5938,10.36,0,,,,,2,10.7,ok
TIC 311050929,185.6038,-60.205,10.36,0,,,,,2,8.8,ok
TIC 60764070,138.8988,-10.5977,10.36,0,,,,,5,15.4,ok
TIC 119867023,162.2172,-51.9948,10.36,0,,,,,3,11.3,ok
TIC 181225718,174.9056,-41.6742,10.36,0,,,,,4,13.2,ok
TIC 343785405,206.7079,-67.4873,10.36,0,,,,,2,5.8,ok
TIC 260773190,189.0733,-50.7118,10.36,0,,,,,4,11.2,ok
TIC 940092729,171.0767,-44.9075,10.36,0,,,,,6,16.7,ok
TIC 306047244,166.5465,-58.7664,10.37,0,,,,,3,7.8,ok
TIC 208013204,207.6448,-54.6826,10.37,0,,,,,2,7.3,ok
TIC 338655301,198.9058,-69.7583,10.37,0,,,,,3,11.4,ok
TIC 260837597,225.8654,-70.7375,10.37,0,,,,,5,14.6,ok
TIC 447999170,185.2597,-69.9517,10.37,0,,,,,2,9.0,ok
TIC 290523979,173.8131,-61.6999,10.37,0,,,,,5,14.1,ok
TIC 359848512,185.2528,-72.0569,10.37,0,,,,,2,7.4,ok
TIC 21107353,186.7013,-52.2521,10.37,0,,,,,7,16.7,ok
TIC 461108721,159.616,-62.3575,10.38,0,,,,,6,15.1,ok
TIC 94347130,177.1374,-52.1967,10.38,0,,,,,3,10.0,ok
TIC 457082530,203.0882,-58.1483,10.38,0,,,,,2,6.2,ok
TIC 337485471,197.1547,-66.526,10.38,0,,,,,2,10.4,ok
TIC 82255371,168.9158,-48.7836,10.38,0,,,,,2,5.6,ok
TIC 465699961,164.0169,-61.8681,10.38,0,,,,,4,13.8,ok
TIC 452119798,173.6213,-58.7775,10.38,0,,,,,2,7.9,ok
TIC 448086723,208.0728,-67.5472,10.38,0,,,,,4,12.9,ok
TIC 17842118,135.9833,-32.0709,10.38,0,,,,,1,6.2,ok
TIC 464300749,155.984,-56.8431,10.38,1,9.048,12.8,rejete,variabilite_continue,4,14.5,ok
TIC 447994659,185.2699,-71.2804,10.38,0,,,,,4,9.9,ok
TIC 147282856,162.751,-43.3288,10.39,0,,,,,4,8.9,ok
TIC 334300225,183.0463,-49.8357,10.39,0,,,,,5,11.4,ok
TIC 327933089,190.1492,-67.4809,10.39,0,,12.8,rejete,variabilite_continue;eclipse_secondaire,3,12.4,ok
TIC 412266364,231.3461,-59.4404,10.39,0,,,,,4,13.6,ok
TIC 189504668,221.071,-59.4851,10.39,0,,,,,4,7.4,ok
TIC 303330050,164.1873,-54.2661,10.4,0,,,,,3,8.0,ok
TIC 290546862,139.712,2.7507,10.4,0,,,,,1,4.6,ok
TIC 307890542,180.172,-61.4755,10.4,0,,,,,5,12.7,ok
TIC 401975322,218.7703,-73.5325,10.4,0,,16.4,rejete,variabilite_continue;eclipse_secondaire,7,21.1,ok
TIC 425456465,200.8689,-53.7018,10.4,0,,,,,2,7.7,ok
TIC 460640587,191.4378,-63.5192,10.4,0,,,,,7,14.1,ok
TIC 446781372,218.1105,-71.4111,10.41,0,,,,,4,11.9,ok
TIC 334932819,194.0362,-69.9928,10.41,0,,,,,2,6.1,ok
TIC 447206604,156.9952,-48.4285,10.41,1,3.6065,19.4,rejete,variabilite_continue,4,12.8,ok
TIC 394201686,198.7131,-74.2485,10.41,0,,,,,3,20.5,ok
TIC 392206021,174.5751,-68.9322,10.41,0,,,,,2,9.4,ok
TIC 295879777,172.0094,-68.3847,10.41,0,,,,,2,8.2,ok
TIC 390954865,161.0281,-63.993,10.41,0,,,,,1,8.6,ok
TIC 267845661,176.4278,-57.658,10.41,0,,,,,4,14.4,ok
TIC 410204417,133.7378,-20.0062,10.41,0,,,,,1,6.8,ok
TIC 455016335,227.7661,-64.6758,10.41,0,,,,,4,9.8,ok
TIC 106260535,158.6417,-36.5957,10.41,0,,,,,3,8.8,ok
TIC 290474796,139.0428,1.8851,10.41,0,,,,,4,11.4,ok
TIC 273388844,185.8498,-50.6962,10.42,0,,,,,2,10.0,ok
TIC 54780168,130.3447,-10.13,10.42,0,,,,,1,3.0,ok
TIC 288012550,185.0632,-57.7988,10.42,0,,,,,2,5.3,ok
TIC 80299103,164.9381,-51.0746,10.42,0,,,,,2,7.0,ok
TIC 289706625,146.2233,-12.3481,10.42,0,,,,,6,16.7,ok
TIC 433005813,181.153,-54.2122,10.42,0,,,,,3,12.3,ok
TIC 317792461,172.7717,-63.3636,10.42,0,,,,,3,10.0,ok
TIC 18654235,137.7078,-35.2252,10.42,0,,,,,1,4.1,ok
TIC 338273577,189.5985,-64.0807,10.43,0,,,,,3,7.6,ok
TIC 168512738,193.8488,-53.7665,10.43,0,,,,,2,6.5,ok
TIC 313959947,202.3866,-61.5935,10.43,0,,,,,6,16.6,ok
TIC 391516487,161.5934,-61.2271,10.43,0,,,,,4,10.7,ok
TIC 333107940,216.4869,-51.8119,10.43,0,,,,,1,3.9,ok
TIC 467244707,167.9034,-60.4876,10.43,0,,,,,4,9.3,ok
TIC 194971486,222.6669,-55.7228,10.43,0,,,,,1,8.4,ok
TIC 448517318,211.3383,-68.2757,10.43,1,3.7603,75.6,rejete,variabilite_continue,5,17.0,ok
TIC 253449327,196.8781,-55.0391,10.44,0,,,,,6,12.4,ok
TIC 438734275,201.4659,-51.0662,10.44,0,,,,,2,9.4,ok
TIC 466886442,167.1398,-61.2763,10.44,0,,,,,4,11.9,ok
TIC 207854908,207.3183,-58.9849,10.44,0,,,,,3,13.3,ok
TIC 46770450,141.56,-10.4563,10.44,0,,,,,1,5.0,ok
TIC 465263175,162.9145,-64.6857,10.44,0,,,,,3,10.4,ok
TIC 62061161,178.2539,-44.9171,10.44,0,,,,,4,9.5,ok
TIC 405454160,143.2431,-17.3434,10.44,0,,,,,5,12.9,ok
TIC 319228243,204.8067,-61.7042,10.44,0,,,,,4,13.7,ok
TIC 467231403,167.9623,-61.8081,10.44,0,,,,,4,14.3,ok
TIC 94178492,176.8356,-49.8846,10.45,0,,,,,4,10.6,ok
TIC 331663460,212.4705,-62.3744,10.45,0,,,,,2,6.9,ok
TIC 467779120,169.2811,-63.3039,10.45,0,,,,,4,9.8,ok
TIC 72605231,151.7921,-40.4713,10.45,1,1.9735,15.8,rejete,variabilite_continue;eclipse_secondaire,5,15.8,ok
TIC 120772404,164.0862,-49.9941,10.46,0,,,,,4,10.0,ok
TIC 320732406,175.0061,-63.4471,10.46,0,,,,,3,7.5,ok
TIC 803545894,129.1154,-3.106,10.46,0,,,,,1,7.7,ok
TIC 448843807,213.894,-68.2773,10.46,0,,,,,2,9.9,ok
TIC 446524355,156.0319,-52.586,10.46,0,,63.5,rejete,variabilite_continue;eclipse_secondaire,7,22.1,ok
TIC 305909268,166.1991,-58.6587,10.46,0,,,,,3,8.3,ok
TIC 436077712,193.3278,-64.0233,10.46,0,,92.9,rejete,variabilite_continue;eclipse_secondaire;compagnon_trop_gros_29.4Rjup,7,21.8,ok
TIC 34867775,224.589,-59.6592,10.46,0,,,,,5,12.4,ok
TIC 92247412,172.6737,-50.9464,10.46,0,,,,,2,6.6,ok
TIC 256811990,200.247,-55.9684,10.46,0,,,,,2,6.8,ok
TIC 454954403,227.8823,-61.1982,10.46,0,,,,,?,4.5,erreur
TIC 450420664,186.125,-61.5544,10.46,0,,,,,7,16.0,ok
TIC 337028799,215.0363,-64.7481,10.47,0,,,,,7,14.7,ok
TIC 253517149,197.4668,-54.329,10.47,0,,,,,3,8.4,ok
TIC 305453691,166.0858,-59.6811,10.47,0,,,,,5,14.0,ok
TIC 335131581,194.2024,-67.3312,10.47,0,,,,,2,8.0,ok
TIC 440715308,196.7861,-64.4285,10.47,0,,,,,2,5.5,ok
TIC 61368464,175.5948,-45.8497,10.47,0,,,,,2,7.6,ok
TIC 439575025,195.7596,-60.179,10.47,0,,,,,5,13.4,ok
TIC 164910620,192.1172,-49.2652,10.47,0,,,,,2,8.6,ok
TIC 398545836,180.0067,-54.1933,10.47,0,,,,,2,7.0,ok
TIC 305114097,178.4022,-63.4812,10.48,0,,,,,2,7.7,ok
TIC 280667164,172.9477,-67.0104,10.48,0,,,,,6,14.9,ok
TIC 465933345,164.7638,-60.0829,10.48,0,,,,,5,15.0,ok
TIC 434567711,191.3221,-62.7406,10.48,0,,,,,5,12.5,ok
TIC 119796296,226.5756,-53.088,10.48,0,,,,,2,9.5,ok
TIC 448924885,214.3698,-70.6805,10.48,0,,,,,2,6.9,ok
TIC 293844307,141.4812,-3.2875,10.48,0,,,,,3,8.1,ok
TIC 457973301,158.733,-58.4915,10.48,0,,,,,1,7.4,ok
TIC 407550714,213.3395,-55.9119,10.48,0,,,,,4,12.2,ok
TIC 275468681,178.6575,-46.1184,10.48,0,,,,,3,10.7,ok
TIC 305809276,166.3057,-56.2302,10.49,0,,,,,1,7.8,ok
TIC 94017217,176.4443,-47.9556,10.49,0,,,,,2,8.0,ok
TIC 457073439,202.9037,-56.595,10.49,0,,,,,1,4.5,ok
TIC 81077414,166.5694,-53.8342,10.49,0,,,,,3,12.0,ok
TIC 870727949,149.879,-41.9925,10.49,0,,,,,2,9.4,ok
TIC 341381159,202.844,-71.215,10.5,0,,,,,2,10.5,ok
TIC 308643345,135.0892,-16.8185,10.5,0,,,,,1,4.1,ok
TIC 336117458,214.7999,-65.7374,10.51,0,,,,,2,10.5,ok
TIC 328234948,190.2159,-68.9497,10.51,0,,,,,3,14.3,ok
TIC 162580524,170.1289,-44.804,10.51,0,,,,,3,8.3,ok
TIC 333572754,181.9098,-52.7374,10.51,0,,,,,5,12.2,ok
TIC 46464867,230.7432,-56.3569,10.51,0,,,,,2,10.1,ok
TIC 151959727,168.9998,-37.406,10.51,0,,,,,5,14.7,ok
TIC 253518845,197.411,-54.7869,10.51,0,,,,,2,13.9,ok
TIC 281270454,140.492,-3.4109,10.51,0,,,,,1,11.9,ok
TIC 446942641,232.9849,-67.6314,10.51,0,,,,,4,10.9,ok
TIC 19821722,125.8029,-8.6213,10.51,0,,,,,1,8.1,ok
TIC 38503309,138.4673,-26.796,10.51,0,,,,,3,9.5,ok
TIC 459404776,162.5174,-55.6951,10.52,0,,,,,5,13.1,ok
TIC 333892078,192.6626,-67.5025,10.52,0,,,,,3,10.5,ok
TIC 210445631,212.1931,-56.3224,10.52,0,,,,,?,1017.3,timeout
TIC 48939715,163.3837,-31.3632,10.52,0,,,,,?,148.4,timeout
TIC 439257396,195.5861,-65.0024,10.52,0,,,,,3,10.7,ok
TIC 341978295,203.8837,-66.1589,10.52,0,,,,,3,11.1,ok
TIC 245341523,199.724,-50.0579,10.52,0,,,,,6,14.4,ok
TIC 412317669,190.753,-58.2341,10.52,0,,,,,2,8.3,ok
TIC 120591486,163.6877,-50.8846,10.52,0,,,,,6,14.2,ok
TIC 291772616,218.0764,-57.6007,10.52,0,,,,,4,10.6,ok
TIC 288020745,185.0126,-55.8459,10.53,0,,,,,1,9.7,ok
TIC 220440262,155.451,-51.8361,10.53,0,,,,,3,9.5,ok
TIC 451219998,170.7305,-54.3428,10.53,0,,,,,3,8.7,ok
TIC 411806442,189.6476,-59.2789,10.54,0,,,,,3,9.8,ok
TIC 379226110,181.1364,-65.4875,10.54,0,,,,,2,8.9,ok
TIC 343707847,206.7616,-70.8636,10.54,0,,,,,2,8.4,ok
TIC 19612445,139.8701,-32.2975,10.54,0,,,,,3,10.8,ok
TIC 306249066,166.7284,-54.7389,10.54,0,,,,,3,9.8,ok
TIC 94381583,177.3336,-49.6882,10.54,0,,,,,6,14.6,ok
TIC 429210508,183.9009,-48.4282,10.54,0,,,,,2,9.0,ok
TIC 401228262,187.6229,-52.3743,10.54,0,,,,,6,15.3,ok
TIC 338550495,198.6588,-71.6917,10.54,0,,,,,2,6.3,ok
TIC 304531034,178.0895,-64.7417,10.55,0,,,,,4,10.2,ok
TIC 408307310,144.7351,-20.2629,10.55,0,,,,,1,5.9,ok
TIC 29912731,165.9791,-38.3189,10.55,0,,,,,5,11.5,ok
TIC 397341697,175.0577,-44.9326,10.55,0,,,,,2,7.4,ok
TIC 260777243,189.0936,-52.4954,10.55,0,,,,,2,5.5,ok
TIC 47179916,145.5921,-7.8298,10.55,0,,,,,3,6.9,ok
TIC 271946648,187.3822,-55.9995,10.55,0,,,,,8,15.6,ok
TIC 17842115,135.9816,-32.0705,10.56,0,,,,,1,6.1,ok
TIC 450909889,187.4451,-61.5912,10.56,0,,,,,7,14.1,ok
TIC 50712784,126.3378,-11.501,10.56,0,,28.3,rejete,variabilite_continue;eclipse_secondaire,4,15.5,ok
TIC 406378155,198.0731,-55.1407,10.56,0,,,,,4,13.3,ok
TIC 434452777,139.7404,-20.5571,10.56,0,,,,,1,6.0,ok
TIC 450605193,186.6633,-61.228,10.56,0,,,,,3,7.3,ok
TIC 277963182,177.9572,-41.3953,10.56,0,,,,,2,8.2,ok
TIC 281270417,140.4734,-3.309,10.56,0,,,,,1,9.2,ok
TIC 422201347,151.0044,-17.6598,10.57,0,,,,,2,10.3,ok
TIC 343237841,205.8583,-67.9197,10.57,0,,,,,5,16.7,ok
TIC 261867566,227.6584,-71.3618,10.57,0,,35.9,rejete,variabilite_continue,10,30.2,ok
TIC 92995573,174.2421,-49.3933,10.57,0,,,,,6,16.4,ok
TIC 410958733,160.4386,-50.9951,10.57,0,,,,,4,15.4,ok
TIC 71621600,156.2031,-34.4499,10.58,0,,,,,4,19.3,ok
TIC 68286377,202.5793,-54.7327,10.58,0,,,,,8,20.7,ok
TIC 158379020,163.3514,-38.7612,10.58,0,,,,,4,11.4,ok
TIC 272408991,187.6561,-54.5194,10.58,0,,,,,2,8.9,ok
TIC 321170838,175.1155,-62.0261,10.58,0,,,,,5,15.5,ok
TIC 295562522,171.3783,-67.7785,10.58,1,2.7189,11.2,rejete,variabilite_continue,5,18.2,ok
TIC 410281403,213.8633,-56.1969,10.58,0,,,,,2,11.9,ok
TIC 47212091,134.5348,-10.5765,10.58,0,,,,,3,11.3,ok
TIC 268547103,176.8773,-54.6363,10.59,0,,,,,2,11.4,ok
TIC 343780834,206.8817,-68.3772,10.59,0,,,,,2,11.0,ok
TIC 15446998,185.2833,-52.2064,10.59,0,,,,,5,11.7,ok
TIC 383492888,220.3182,-52.5354,10.59,0,,,,,5,15.1,ok
TIC 448200232,208.897,-71.0406,10.59,0,,,,,2,7.4,ok
TIC 267079346,175.7473,-56.4086,10.59,0,,,,,2,6.6,ok
TIC 37919809,136.3672,-29.24,10.59,0,,,,,2,10.2,ok
TIC 311736478,181.4755,-71.5861,10.59,0,,,,,4,8.8,ok
TIC 71159672,153.811,-31.094,10.59,0,,,,,2,9.1,ok
TIC 305108002,178.3055,-62.8474,10.6,0,,,,,3,11.2,ok
TIC 191570373,221.6544,-54.0146,10.6,0,,,,,1,11.1,ok
TIC 162809834,171.4087,-47.6624,10.6,0,,,,,2,10.8,ok
TIC 468009255,169.7906,-61.6965,10.6,0,,,,,6,14.1,ok
TIC 328391806,190.5642,-66.7243,10.6,0,,,,,2,10.8,ok
TIC 162897261,171.4241,-47.0623,10.6,0,,,,,3,6.8,ok
TIC 165275145,192.296,-51.8772,10.6,0,,,,,2,8.7,ok
TIC 244929497,196.9673,-51.1934,10.6,0,,,,,2,9.7,ok
TIC 376479172,180.6436,-59.5251,10.61,0,,,,,2,8.9,ok
TIC 400809805,178.3108,-48.4683,10.61,0,,,,,2,8.5,ok
TIC 152397300,171.4533,-38.6692,10.61,0,,,,,7,18.2,ok
TIC 178404424,123.4288,-5.5964,10.61,0,,,,,2,10.7,ok
TIC 169016671,126.4678,-2.2573,10.61,0,,,,,1,11.7,ok
TIC 392736631,175.769,-67.2391,10.61,0,,,,,5,14.6,ok
TIC 448373641,210.1461,-67.8809,10.61,0,,,,,4,11.5,ok
TIC 272211398,180.114,-47.244,10.61,0,,,,,?,1013.6,timeout
TIC 21946525,181.9907,-44.062,10.61,0,,,,,2,13.8,ok
TIC 22235803,149.217,-25.6295,10.61,0,,,,,?,4.5,erreur
TIC 303927720,164.6173,-58.6368,10.61,0,,,,,3,7.8,ok
TIC 408351795,145.0483,-19.5218,10.62,0,,33.5,rejete,eclipse_secondaire,4,20.8,ok
TIC 178566687,165.5024,-46.078,10.62,0,,,,,2,9.1,ok
TIC 81314581,167.2606,-48.6672,10.62,0,,,,,6,17.8,ok
TIC 162362398,169.4143,-44.0171,10.62,1,12.3402,54.1,rejete,variabilite_continue,7,18.8,ok
TIC 14308790,144.6687,-1.9354,10.62,0,,,,,1,3.8,ok
TIC 403760892,179.9637,-45.1029,10.62,0,,,,,5,10.7,ok
TIC 70993061,152.9916,-30.5771,10.62,0,,,,,2,6.7,ok
TIC 24974056,142.691,-33.585,10.62,0,,,,,2,6.8,ok
TIC 37787777,136.0185,-29.8575,10.63,0,,,,,2,6.9,ok
TIC 382407573,183.3368,-64.8166,10.63,0,,,,,3,8.8,ok
TIC 253309679,195.9618,-58.3485,10.63,0,,,,,3,11.1,ok
TIC 439259308,195.5986,-65.8279,10.63,0,,,,,3,10.0,ok
TIC 410246786,134.072,-19.1252,10.63,0,,,,,4,9.8,ok
TIC 449045508,215.7609,-70.1966,10.63,0,,,,,2,6.0,ok
TIC 332160984,179.2611,-51.3266,10.63,0,,,,,1,3.8,ok
TIC 460412649,157.4064,-60.3267,10.63,0,,43.0,rejete,variabilite_continue;eclipse_secondaire,7,18.0,ok
TIC 467067108,167.5922,-60.5189,10.63,0,,,,,5,10.2,ok
TIC 147027702,161.7728,-43.9318,10.63,0,,,,,2,13.1,ok
TIC 343784703,206.9001,-67.6086,10.63,0,,,,,2,15.1,ok
TIC 152397298,171.4524,-38.6687,10.63,0,,,,,7,16.5,ok
TIC 22648725,185.188,-46.8261,10.64,0,,,,,3,7.9,ok
TIC 4959676,141.6999,-38.6269,10.64,0,,,,,3,8.9,ok
TIC 21948901,147.2915,-25.3581,10.64,0,,,,,3,8.6,ok
TIC 245099840,198.0763,-53.5457,10.64,0,,,,,2,8.8,ok
TIC 401833708,217.8736,-73.5086,10.64,0,,,,,4,9.1,ok
TIC 25776767,145.3196,-31.8195,10.64,0,,,,,6,14.1,ok
TIC 398773821,180.2735,-55.3287,10.64,0,,,,,2,5.8,ok
TIC 326540499,188.1593,-69.1685,10.64,0,,,,,3,10.0,ok
TIC 389256752,179.8361,-47.4611,10.65,0,,,,,5,10.5,ok
TIC 334558633,193.7383,-71.8352,10.65,0,,,,,3,7.4,ok
TIC 463279737,153.4946,-55.7425,10.65,0,,,,,1,8.8,ok
TIC 92087327,172.2763,-48.6167,10.65,0,,,,,3,7.4,ok
TIC 454339251,226.0783,-60.6441,10.65,0,,,,,4,9.5,ok
TIC 319808992,174.4534,-61.7514,10.66,0,,,,,3,6.9,ok
TIC 25278108,143.6845,-31.9401,10.66,0,,,,,1,4.0,ok
TIC 464877141,159.9218,-60.621,10.66,0,,,,,6,12.4,ok
TIC 152176559,170.2723,-38.7547,10.66,0,,,,,5,11.8,ok
TIC 281650466,170.5002,-60.4041,10.66,0,,,,,2,7.8,ok
TIC 106057742,157.8406,-38.48,10.66,0,,,,,3,11.4,ok
TIC 1003831,130.2951,-16.0364,10.67,0,,,,,5,13.0,ok
TIC 46850461,142.5067,-7.6767,10.67,0,,,,,4,9.4,ok
TIC 167862882,193.4192,-53.7986,10.67,0,,,,,2,4.7,ok
TIC 396465600,213.7623,-74.2464,10.67,0,,,,,3,8.3,ok
TIC 187192013,134.9269,-33.0449,10.68,0,,,,,1,5.7,ok
TIC 289596640,131.7129,-13.4608,10.68,0,,,,,2,4.9,ok
TIC 267291974,175.9362,-56.4601,10.68,0,,,,,2,6.6,ok
TIC 356373194,140.7769,-3.7108,10.68,0,,,,,1,4.0,ok
TIC 467773418,169.4657,-64.0349,10.69,0,,,,,5,10.8,ok
TIC 329459969,191.9478,-69.2183,10.69,0,,,,,3,9.8,ok
TIC 289536727,131.587,-14.2167,10.69,0,,,,,3,7.0,ok
TIC 311348962,185.5501,-64.4299,10.69,0,,27.3,rejete,variabilite_continue;eclipse_secondaire,6,18.4,ok
TIC 360000758,186.3895,-72.4634,10.7,0,,,,,4,8.1,ok
TIC 459333241,162.3113,-59.7812,10.7,0,,,,,1,3.6,ok
TIC 220547837,155.3319,-50.0814,10.7,1,8.4563,39.0,rejete,variabilite_continue,3,10.1,ok
TIC 404340025,195.8283,-49.6398,10.7,0,,65.8,rejete,variabilite_continue,6,18.6,ok
TIC 406376506,198.0772,-54.6516,10.7,0,,,,,3,7.5,ok
TIC 330971560,214.0386,-51.7656,10.7,0,,,,,5,9.7,ok
TIC 957424539,194.2679,-70.5071,10.7,0,,,,,5,11.1,ok
TIC 131730580,147.793,-49.4106,10.7,0,,,,,5,11.9,ok
TIC 142787334,138.3183,-2.3121,10.71,0,,,,,1,4.1,ok
TIC 411883036,189.8081,-54.9131,10.71,0,,,,,4,10.5,ok
TIC 407558846,213.3155,-55.599,10.71,0,,,,,2,6.6,ok
TIC 462362757,150.9121,-55.1158,10.71,0,,,,,3,7.4,ok
TIC 295338999,223.1397,-60.2152,10.71,0,,,,,4,9.5,ok
TIC 386431674,127.9575,-15.4833,10.71,0,,,,,4,7.4,ok
TIC 466108800,165.1143,-60.4231,10.71,0,,,,,2,6.1,ok
TIC 294229367,132.8002,-18.8592,10.71,0,,,,,1,5.0,ok
TIC 186779497,133.5076,-30.8602,10.72,0,,,,,3,6.1,ok
TIC 401952328,220.3266,-61.6118,10.72,1,9.1495,51.2,rejete,variabilite_continue,4,12.0,ok
TIC 437193687,194.2245,-64.6459,10.72,0,,,,,3,12.0,ok
TIC 102625324,155.1095,-46.0616,10.72,0,,,,,3,7.0,ok
TIC 210098534,211.7327,-59.4882,10.72,0,,,,,4,9.4,ok
TIC 152563846,172.2276,-38.1068,10.72,0,,,,,7,14.9,ok
TIC 446764692,156.3545,-49.3104,10.72,0,,,,,5,12.5,ok
TIC 804358875,138.3177,-2.3125,10.72,0,,,,,1,4.4,ok
TIC 176397108,131.738,-18.6684,10.72,0,,,,,5,10.2,ok
TIC 142794334,138.5131,-1.969,10.72,0,,,,,3,7.8,ok
TIC 419692115,191.4733,-55.1149,10.73,0,,,,,7,13.4,ok
TIC 432127312,137.2584,-22.8394,10.73,0,,,,,2,8.4,ok
TIC 210851954,212.9007,-54.7288,10.73,0,,,,,2,7.0,ok
TIC 318463593,204.3328,-65.3302,10.73,0,,,,,1,3.3,ok
TIC 411593353,218.8015,-58.6627,10.73,0,,,,,6,12.2,ok
TIC 463105245,152.9471,-57.8997,10.73,0,,,,,7,15.7,ok
TIC 403077556,227.4542,-73.1095,10.73,0,,,,,4,8.1,ok
TIC 152109597,169.7083,-39.4731,10.74,0,,,,,2,5.8,ok
TIC 412266361,231.3513,-59.4406,10.74,0,,,,,4,9.2,ok
TIC 169107856,126.9075,-5.6918,10.74,0,,,,,1,3.8,ok
TIC 260940739,201.7084,-51.3874,10.74,0,,,,,2,4.9,ok
TIC 88794507,122.3831,-5.3418,10.74,0,,,,,2,9.3,ok
TIC 71222516,154.1889,-31.1455,10.74,0,,,,,5,13.0,ok
TIC 448633760,212.1848,-68.7847,10.74,0,,,,,2,7.0,ok
TIC 405513314,190.313,-58.3921,10.75,0,,44.5,rejete,variabilite_continue;eclipse_secondaire,5,14.6,ok
TIC 313087584,201.8244,-63.7619,10.75,0,,,,,4,14.2,ok
TIC 402678536,224.0243,-75.0018,10.75,0,,,,,8,19.2,ok
TIC 411128821,178.3643,-67.1235,10.75,0,,,,,6,12.9,ok
TIC 82774204,170.1631,-50.1834,10.76,0,,,,,2,5.1,ok
TIC 410211252,133.8298,-23.8705,10.76,0,,,,,7,13.8,ok
TIC 160197791,189.4053,-51.7199,10.76,0,,,,,7,13.4,ok
TIC 321474625,175.4206,-62.6074,10.76,0,,,,,2,6.5,ok
TIC 48477974,150.0998,-33.4155,10.76,0,,,,,1,4.9,ok
TIC 465740584,164.3227,-59.9619,10.77,0,,,,,2,7.6,ok
TIC 328591096,190.5644,-71.639,10.77,0,,,,,8,16.0,ok
TIC 467207957,168.0418,-62.224,10.77,0,,,,,6,11.7,ok
TIC 168835186,193.903,-52.6531,10.77,0,,,,,5,9.1,ok
TIC 262161607,228.4294,-70.7486,10.77,0,,,,,5,10.7,ok
TIC 102767579,155.5177,-46.7736,10.78,0,,,,,1,3.5,ok
TIC 332012383,215.0499,-53.665,10.78,0,,,,,2,4.8,ok
TIC 13623825,133.0047,-8.4664,10.78,0,,,,,1,4.6,ok
TIC 312578035,182.487,-66.3042,10.79,0,,,,,2,4.3,ok
TIC 404144944,195.198,-51.1719,10.79,0,,,,,?,408.9,timeout
TIC 455359641,228.7761,-62.763,10.79,0,,,,,5,13.0,ok
TIC 13713598,133.6177,-8.1184,10.79,0,,,,,1,5.4,ok
TIC 1005005438,214.9781,-72.1777,10.79,0,,,,,7,14.8,ok
TIC 406338833,197.765,-55.984,10.79,0,,,,,2,7.0,ok
TIC 296782339,142.3065,-17.6478,10.79,0,,,,,1,5.9,ok
TIC 390100628,160.2484,-61.3541,10.8,0,,,,,1,4.0,ok
TIC 274681244,149.3027,-54.1623,10.8,0,,,,,1,3.3,ok
TIC 105710145,156.5083,-41.0983,10.8,0,,,,,6,11.9,ok
TIC 37692009,135.8214,-25.5847,10.8,0,,,,,1,7.1,ok
TIC 40592100,227.6445,-54.7452,10.8,0,,,,,2,6.5,ok
TIC 19342878,124.0737,-8.6865,10.8,0,,,,,?,1007.8,timeout
TIC 327278100,189.1919,-67.5287,10.81,0,,,,,?,539.3,timeout
TIC 160204059,189.4531,-52.163,10.81,0,,,,,4,17.2,ok
TIC 162363447,169.3898,-43.105,10.81,0,,,,,3,11.8,ok
TIC 54361956,161.8956,-30.6359,10.81,0,,,,,2,6.4,ok
TIC 146655837,159.7955,-46.2769,10.81,0,,,,,4,15.6,ok
TIC 21110028,186.862,-50.8738,10.81,0,,,,,3,6.7,ok
TIC 465870314,164.5495,-62.1601,10.82,0,,,,,2,8.7,ok
TIC 179556239,188.1767,-64.9477,10.82,0,,,,,6,16.0,ok
TIC 1232360,137.3145,-12.6049,10.82,0,,,,,3,10.5,ok
TIC 303416677,164.167,-55.8207,10.83,0,,,,,2,8.4,ok
TIC 465540915,163.6754,-60.3478,10.83,0,,46.4,rejete,variabilite_continue;eclipse_secondaire,4,17.0,ok
TIC 396811528,147.8795,-14.5145,10.83,0,,,,,3,7.7,ok
TIC 468095832,170.2381,-61.9167,10.83,0,,,,,5,13.6,ok
TIC 396599995,214.3586,-73.4246,10.83,0,,,,,8,16.2,ok
TIC 459328921,162.3579,-59.2784,10.83,0,,,,,1,5.8,ok
TIC 413721640,215.263,-59.8427,10.83,0,,,,,6,12.2,ok
TIC 448022291,185.2054,-66.0346,10.83,0,,,,,3,7.7,ok
TIC 54238138,160.9486,-33.1551,10.83,0,,,,,4,11.2,ok
TIC 286979043,187.1869,-70.739,10.83,0,,,,,2,8.1,ok
TIC 332946715,180.8805,-53.4121,10.83,0,,,,,5,12.0,ok
TIC 101955023,153.7045,-47.1537,10.84,0,,20.2,rejete,variabilite_continue,6,19.7,ok
TIC 36754234,225.7705,-56.0638,10.84,0,,,,,1,8.2,ok
TIC 387426198,217.2266,-65.5875,10.84,0,,,,,5,11.2,ok
TIC 338981544,199.3722,-70.8778,10.84,0,,,,,3,9.7,ok
TIC 89927721,204.286,-57.2696,10.84,0,,,,,4,11.7,ok
TIC 169016672,126.4712,-2.2558,10.84,0,,,,,1,8.5,ok
TIC 289867259,205.082,-56.724,10.84,0,,,,,4,11.0,ok
TIC 35542651,224.847,-59.395,10.85,0,,,,,6,11.6,ok
TIC 34297761,146.4969,-46.2676,10.85,0,,78.2,rejete,variabilite_continue;eclipse_secondaire,5,19.9,ok
TIC 405485406,143.7556,-12.0922,10.85,0,,,,,1,7.6,ok
TIC 405700729,192.057,-56.8944,10.85,0,,,,,7,16.2,ok
TIC 337056106,196.94,-66.3449,10.85,0,,,,,2,8.9,ok
TIC 268133174,176.543,-54.4375,10.85,0,,,,,2,10.0,ok
TIC 286999699,150.741,-41.4288,10.85,0,,,,,1,7.9,ok
TIC 328023626,190.0649,-70.2071,10.85,0,,,,,3,9.0,ok
TIC 439168784,195.5843,-63.4732,10.85,0,,50.7,rejete,variabilite_continue;eclipse_secondaire,7,25.2,ok
TIC 181110130,173.9055,-38.157,10.86,0,,,,,3,23.4,ok
TIC 467813146,169.4977,-61.9638,10.86,0,,,,,2,15.2,ok
TIC 119082477,136.229,-20.2951,10.86,0,,,,,4,8.6,ok
TIC 210327371,212.0974,-58.8391,10.86,0,,,,,4,7.5,ok
TIC 316422609,203.4714,-65.6133,10.87,0,,,,,2,5.7,ok
TIC 309025182,151.0074,-27.7072,10.87,0,,,,,4,8.3,ok
TIC 47179915,145.5913,-7.8306,10.87,0,,,,,2,7.8,ok
TIC 457694361,218.0506,-52.3441,10.87,0,,,,,1,10.3,ok
TIC 396599996,214.364,-73.4251,10.87,0,,,,,8,15.1,ok
TIC 192990023,155.3451,-28.6944,10.87,0,,,,,7,14.5,ok
TIC 92240191,172.4075,-48.6817,10.87,0,,,,,3,8.9,ok
TIC 426009799,236.6295,-73.4065,10.87,0,,,,,5,11.8,ok
TIC 147282859,162.7586,-43.3316,10.87,0,,,,,4,12.4,ok
TIC 44990085,146.8394,-37.0273,10.88,0,,,,,4,9.8,ok
TIC 421183040,175.4544,-47.0498,10.88,0,,,,,1,6.5,ok
TIC 419779239,191.4246,-53.9023,10.88,0,,,,,2,8.0,ok
TIC 310149582,152.3453,-51.2614,10.88,1,2.7567,10.7,rejete,variabilite_continue;eclipse_secondaire,1,9.6,ok
TIC 263352238,230.8488,-70.3451,10.88,0,,,,,2,9.6,ok
TIC 54109992,160.3532,-30.0251,10.88,0,,,,,6,18.9,ok
TIC 443199889,198.8881,-61.4431,10.88,1,10.3011,21.8,rejete,variabilite_continue,3,13.0,ok
TIC 210959442,213.1322,-59.4244,10.88,0,,,,,4,11.4,ok
TIC 105653795,156.0906,-36.9016,10.88,0,,,,,4,10.5,ok
TIC 35367551,148.3237,-46.2285,10.88,0,,,,,4,9.3,ok
TIC 340155678,200.9823,-68.6963,10.89,0,,,,,2,6.8,ok
TIC 341048070,202.3239,-71.2727,10.89,0,,,,,3,7.0,ok
TIC 458199429,159.3971,-56.7988,10.89,0,,,,,1,6.3,ok
TIC 874278066,154.1883,-31.1449,10.89,0,,,,,3,10.5,ok
TIC 146754366,160.472,-46.254,10.89,0,,,,,3,15.3,ok
TIC 152484496,171.9361,-39.8901,10.89,0,,,,,3,9.1,ok
TIC 360770382,190.6448,-72.6676,10.89,0,,,,,2,9.5,ok
TIC 334983005,184.8176,-48.8058,10.89,0,,,,,2,6.2,ok
TIC 463899225,154.8035,-58.4336,10.9,0,,,,,2,9.3,ok
TIC 393001369,218.4778,-61.1526,10.9,0,,,,,6,13.8,ok
TIC 151639642,166.9214,-36.1002,10.9,0,,,,,2,9.3,ok
TIC 72666097,152.1635,-39.4009,10.9,0,,,,,4,10.2,ok
TIC 393001368,218.4721,-61.1518,10.9,0,,,,,6,14.9,ok
TIC 421184129,175.3871,-46.1962,10.9,1,8.0241,11.8,rejete,variabilite_continue,2,9.9,ok
TIC 38149907,137.2815,-28.5571,10.9,0,,,,,1,7.0,ok
TIC 45655786,149.0346,-38.0888,10.91,0,,28.1,rejete,variabilite_continue,4,13.8,ok
TIC 35127609,147.8605,-46.6637,10.91,0,,,,,4,9.6,ok
TIC 405642977,191.8583,-54.7544,10.91,0,,,,,3,8.6,ok
TIC 396823875,148.1732,-15.6048,10.91,0,,,,,6,11.5,ok
TIC 842109570,144.0706,0.6867,10.91,0,,,,,3,9.9,ok
TIC 467066902,167.8118,-60.4975,10.91,0,,,,,4,10.7,ok
TIC 61001058,140.6581,-7.0609,10.92,0,,,,,3,8.6,ok
TIC 464232440,155.6526,-58.8009,10.92,0,,,,,1,6.4,ok
TIC 303330700,164.1414,-54.4421,10.93,0,,,,,4,14.7,ok
TIC 256911677,200.5163,-55.0174,10.93,0,,,,,6,13.5,ok
TIC 178710314,166.1567,-47.2433,10.93,0,,,,,5,12.6,ok
TIC 361593533,194.5655,-73.547,10.93,0,,,,,3,7.6,ok
TIC 163042814,190.916,-50.3522,10.93,0,,,,,5,10.6,ok
TIC 454047903,175.953,-41.3366,10.94,0,,,,,3,9.0,ok
TIC 162143408,168.3588,-45.3952,10.94,0,,,,,7,12.7,ok
TIC 332527862,180.0912,-50.6287,10.94,0,,,,,3,9.9,ok
TIC 450446759,186.1149,-60.3807,10.94,0,,,,,3,9.8,ok
TIC 358550747,151.0235,-46.1017,10.94,0,,,,,1,2.9,ok
TIC 460163254,222.2105,-51.9656,10.94,0,,,,,1,2.2,ok
TIC 467276601,168.0752,-60.5037,10.95,0,,,,,4,12.2,ok
TIC 267297416,175.9297,-57.4008,10.95,0,,,,,2,6.6,ok
TIC 264137167,216.9757,-59.7432,10.95,0,,,,,5,9.2,ok
TIC 4809705,141.4402,-36.0163,10.95,1,1.4659,10.3,rejete,variabilite_continue,1,5.0,ok
TIC 92624390,173.5168,-48.271,10.95,0,,,,,2,5.8,ok
TIC 146655839,159.7941,-46.277,10.95,0,,,,,3,6.0,ok
TIC 179662354,145.7944,-2.2294,10.95,0,,,,,3,5.9,ok
TIC 299688946,208.3059,-65.7429,10.96,0,,,,,3,10.0,ok
TIC 37924796,136.5006,-26.6235,10.96,0,,,,,1,3.3,ok
TIC 33973338,145.9527,-45.2468,10.96,0,,,,,1,5.9,ok
TIC 364894028,177.3662,-66.353,10.96,0,,,,,2,5.8,ok
TIC 181112829,173.8524,-41.5659,10.96,0,,,,,5,9.4,ok
TIC 19143373,138.7781,-30.3345,10.96,0,,,,,1,5.2,ok
TIC 348792049,134.6154,-17.6424,10.97,0,,,,,1,3.7,ok
TIC 410246785,134.0723,-19.1264,10.97,0,,,,,4,10.4,ok
TIC 103107644,156.3367,-42.6983,10.97,0,,,,,4,8.3,ok
TIC 336179958,195.7499,-66.2588,10.97,0,,,,,2,5.9,ok
TIC 151960246,169.0235,-38.0647,10.97,0,,,,,3,6.0,ok
TIC 163953017,191.5739,-51.7001,10.98,0,,,,,2,7.3,ok
TIC 874996854,143.6853,-31.9404,10.98,0,,,,,1,3.1,ok
TIC 332564140,136.8927,-14.3399,10.98,0,,,,,3,5.7,ok
TIC 19143371,138.7785,-30.3334,10.98,0,,,,,1,6.5,ok
TIC 119925436,162.4127,-50.5993,10.98,0,,91.8,rejete,variabilite_continue;eclipse_secondaire,7,16.5,ok
TIC 1030035125,205.8646,-60.5282,10.99,0,,,,,5,15.8,ok
TIC 119082265,136.1805,-20.0185,10.99,0,,,,,2,11.9,ok
TIC 133506847,149.7184,-53.5769,10.99,0,,,,,1,8.8,ok
TIC 147340930,162.9164,-44.9856,10.99,1,4.3114,43.4,rejete,variabilite_continue,4,19.4,ok
TIC 72564426,187.9081,-45.9833,10.99,0,,,,,6,21.3,ok
TIC 318825030,173.3334,-60.4328,10.99,0,,,,,3,11.8,ok
TIC 147566325,163.5959,-42.3912,11.0,1,8.2504,10.0,rejete,variabilite_continue,2,12.3,ok
TIC 149788158,130.737,-2.4989,11.0,0,,,,,5,14.2,ok
TIC 383228890,183.9169,-60.7839,11.0,0,,,,,6,16.1,ok
TIC 306922791,167.0257,-59.695,11.0,0,,,,,5,14.7,ok
TIC 1131062268,229.134,-58.9233,11.01,0,,,,,3,15.1,ok
TIC 162695785,190.7203,-53.6883,11.01,0,,34.5,rejete,variabilite_continue;eclipse_secondaire,5,14.9,ok
TIC 337451193,215.2843,-60.9335,11.01,0,,,,,4,14.1,ok
TIC 11974826,146.4909,-32.8906,11.01,0,,,,,4,12.1,ok
TIC 114824706,132.2051,-16.0257,11.01,0,,,,,1,12.7,ok
TIC 317497603,203.9739,-65.1067,11.01,0,,,,,2,10.8,ok
TIC 295757646,171.6135,-68.0178,11.01,0,,,,,5,14.4,ok
TIC 163032300,190.9108,-51.0651,11.01,0,,,,,3,9.8,ok
TIC 466358318,165.7934,-62.2076,11.01,0,,,,,6,15.1,ok
TIC 94635509,177.6344,-50.934,11.02,0,,,,,2,11.0,ok
TIC 257472655,220.3288,-70.9548,11.02,0,,,,,4,11.1,ok
TIC 152482621,171.9372,-41.8849,11.02,0,,,,,3,11.6,ok
TIC 188084909,161.3672,-29.6787,11.02,0,,,,,2,8.0,ok
TIC 163647847,191.552,-48.9428,11.02,1,3.1163,10.2,rejete,variabilite_continue;eclipse_secondaire,4,11.5,ok
TIC 465656485,164.1308,-65.0804,11.02,0,,,,,3,8.7,ok
TIC 49005243,164.2973,-33.3604,11.02,0,,,,,3,6.4,ok
TIC 289600366,145.9315,-17.7834,11.03,0,,,,,5,13.9,ok
TIC 68176067,193.4477,-57.8721,11.03,0,,,,,4,12.8,ok
TIC 264013424,216.9702,-58.3509,11.03,0,,,,,4,13.4,ok
TIC 419576295,191.2117,-57.5363,11.03,0,,,,,3,9.1,ok
TIC 412126585,189.9126,-54.9302,11.03,0,,,,,2,11.7,ok
TIC 265634550,174.4588,-56.7751,11.03,0,,,,,2,14.6,ok
TIC 432129069,137.1614,-20.6127,11.03,0,,,,,2,8.8,ok
TIC 118831178,134.9777,-23.6307,11.04,0,,,,,4,11.9,ok
TIC 245076932,198.0634,-51.2144,11.04,0,,,,,3,8.7,ok
TIC 336346953,195.9703,-71.1236,11.04,0,,,,,3,7.2,ok
TIC 189404041,142.689,-26.6867,11.04,0,,,,,3,8.9,ok
TIC 158500795,164.0573,-38.2044,11.05,0,,,,,2,8.5,ok
TIC 452160994,173.6044,-54.9172,11.06,0,,,,,2,8.4,ok
TIC 21818238,146.732,-29.3046,11.06,0,,,,,5,9.3,ok
TIC 47720998,158.879,-28.2952,11.06,0,,,,,2,6.5,ok
TIC 289536729,131.5875,-14.2174,11.06,0,,,,,3,16.2,ok
TIC 451670179,172.2764,-56.7954,11.06,0,,,,,2,6.6,ok
TIC 438657921,195.4354,-65.8701,11.06,0,,,,,2,6.2,ok
TIC 404277706,195.6118,-52.0142,11.07,0,,,,,2,7.7,ok
TIC 19974946,136.7664,-11.2449,11.07,0,,,,,1,9.3,ok
TIC 339308290,199.9862,-68.5207,11.07,0,,,,,6,19.1,ok
TIC 332408370,212.8125,-60.0279,11.07,0,,,,,5,12.1,ok
TIC 62475320,132.0968,-5.0945,11.07,0,,,,,2,11.8,ok
TIC 325647810,187.442,-69.6518,11.07,1,3.8038,30.1,rejete,variabilite_continue,3,18.2,ok
TIC 446853874,218.7988,-71.7699,11.08,0,,,,,4,10.2,ok
TIC 102628186,155.12,-47.4276,11.08,0,,,,,3,13.2,ok
TIC 265350422,133.5863,1.5755,11.08,0,,,,,3,8.9,ok
TIC 326750243,210.2327,-65.0318,11.09,0,,,,,4,10.9,ok
TIC 5364106,139.2311,-20.6762,11.09,0,,,,,3,4.6,ok
TIC 188042442,160.8528,-26.6347,11.09,0,,,,,2,4.2,ok
TIC 90630452,216.4372,-59.5876,11.1,0,,,,,4,13.9,ok
TIC 18936006,122.9518,-7.8992,11.1,0,,,,,2,11.0,ok
TIC 118201001,129.0963,-20.3055,11.1,0,,,,,2,10.8,ok
TIC 408147984,213.4824,-59.6431,11.1,0,,,,,5,8.8,ok
TIC 401762326,217.2001,-75.1036,11.1,0,,,,,3,9.8,ok
TIC 467055554,167.5425,-60.4503,11.1,0,,,,,4,11.4,ok
TIC 390100633,160.2423,-61.3533,11.1,0,,,,,1,6.2,ok
TIC 163360033,173.4292,-44.7336,11.1,0,,,,,3,5.7,ok
TIC 459265970,162.2225,-55.1534,11.1,0,,,,,2,5.0,ok
TIC 448098793,207.859,-69.7726,11.1,1,3.708,29.2,rejete,variabilite_continue;eclipse_secondaire,4,9.5,ok
TIC 253126207,194.6839,-58.4768,11.11,1,8.7173,12.2,rejete,variabilite_continue,5,17.5,ok
TIC 290511701,139.3334,0.6472,11.11,0,,,,,1,7.3,ok
TIC 272213425,180.165,-45.7995,11.11,1,4.3259,27.1,rejete,variabilite_continue,6,16.6,ok
TIC 19821721,125.8023,-8.6199,11.11,0,,,,,1,8.0,ok
TIC 454072318,176.2904,-41.5358,11.11,0,,,,,4,10.5,ok
TIC 13623483,132.9842,-7.8772,11.11,0,,,,,1,6.5,ok
TIC 347506869,133.4092,-13.6547,11.11,1,10.3127,13.1,rejete,eclipse_secondaire;compagnon_trop_gros_4.8Rjup,4,13.0,ok
TIC 420532114,216.1812,-52.1005,11.12,0,,,,,3,8.7,ok
TIC 259522008,223.477,-71.0107,11.12,0,,,,,4,10.7,ok
TIC 389933651,182.5188,-54.2673,11.13,0,,,,,3,12.3,ok
TIC 188042437,160.8382,-26.6271,11.13,0,,,,,2,10.3,ok
TIC 467368706,168.4193,-64.8165,11.13,0,,,,,7,14.8,ok
TIC 22850303,185.9083,-46.1057,11.14,0,,,,,6,13.6,ok
TIC 405984125,193.838,-59.2274,11.14,0,,,,,3,6.4,ok
TIC 448334902,209.7443,-69.9782,11.14,0,,,,,4,7.5,ok
TIC 44371766,145.2656,-39.7062,11.14,0,,,,,5,11.8,ok
TIC 53574111,157.0623,-31.2907,11.15,0,,,,,2,6.5,ok
TIC 333482849,181.7194,-50.7463,11.15,0,,,,,3,10.9,ok
TIC 314139276,202.5034,-63.6345,11.15,0,,,,,4,11.7,ok
TIC 178723395,166.1451,-43.2403,11.15,0,,,,,6,12.9,ok
TIC 412444432,192.8017,-56.513,11.16,0,,,,,5,12.8,ok
TIC 293842781,141.4012,-1.9327,11.16,0,,,,,3,10.6,ok
TIC 317362389,203.732,-64.8301,11.16,0,,,,,3,13.2,ok
TIC 359579428,183.6072,-72.2007,11.16,0,,,,,2,6.2,ok
TIC 48903471,163.4653,-34.7312,11.16,0,,,,,3,13.4,ok
TIC 831280802,134.978,-23.6301,11.16,0,,,,,4,9.9,ok
TIC 50717149,126.3515,-6.5094,11.16,0,,,,,1,11.3,ok
TIC 332410980,213.0508,-60.0571,11.17,0,,,,,4,12.2,ok
TIC 286896393,186.822,-71.5296,11.17,0,,,,,4,7.8,ok
TIC 448704677,212.7639,-67.8626,11.17,0,,,,,3,11.2,ok
TIC 307799997,138.1596,-15.6962,11.17,0,,,,,3,10.1,ok
TIC 458342769,159.8425,-55.4918,11.17,0,,,,,6,13.3,ok
TIC 308891456,184.4382,-65.5428,11.17,0,,,,,3,10.8,ok
TIC 181159386,174.3028,-38.3072,11.17,0,,87.4,rejete,variabilite_continue;eclipse_secondaire,8,25.1,ok
TIC 395301876,205.6374,-74.4273,11.18,0,,,,,3,17.2,ok
TIC 402678529,224.0136,-75.0042,11.18,0,,,,,8,20.4,ok
TIC 314802266,184.932,-71.4989,11.18,0,,,,,2,12.0,ok
TIC 219356805,153.652,-48.967,11.18,0,,,,,1,9.1,ok
TIC 265373738,133.7953,1.2721,11.18,0,,,,,2,6.1,ok
TIC 71733813,166.4942,-44.8713,11.18,0,,,,,5,10.4,ok
TIC 324830642,177.1137,-61.2592,11.19,0,,,,,2,10.2,ok
TIC 448500231,210.8315,-71.3192,11.19,0,,,,,4,12.8,ok
TIC 287662581,184.7405,-54.695,11.19,0,,,,,2,13.8,ok
TIC 288369368,187.548,-52.017,11.19,0,,,,,3,6.8,ok
TIC 152024569,169.3113,-36.4171,11.19,0,,,,,4,11.5,ok
TIC 401716733,217.2026,-73.9139,11.19,0,,,,,4,10.8,ok
TIC 162802770,171.1302,-42.7322,11.19,1,2.4405,55.6,rejete,variabilite_continue,6,17.8,ok
TIC 300032883,141.0155,-4.7449,11.19,0,,,,,1,4.2,ok
TIC 146937007,161.2474,-46.2937,11.19,1,3.0467,30.2,rejete,variabilite_continue,2,9.1,ok
TIC 334935237,194.0413,-70.6753,11.19,0,,,,,3,9.4,ok
TIC 263500755,231.0697,-66.4113,11.2,0,,,,,4,9.1,ok
TIC 375631179,178.6764,-57.7403,11.2,0,,,,,3,8.1,ok
TIC 94017782,176.6041,-48.2346,11.2,0,,,,,4,10.5,ok
TIC 66761070,181.4019,-58.6964,11.2,1,1.0337,21.5,rejete,variabilite_continue;eclipse_secondaire,8,19.9,ok
TIC 319991836,205.1257,-61.6083,11.2,0,,,,,4,9.2,ok
TIC 126125073,228.0352,-53.3134,11.2,0,,47.3,rejete,variabilite_continue;eclipse_secondaire,4,10.7,ok
TIC 241760543,209.0212,-52.8311,11.2,0,,,,,4,9.8,ok
TIC 417998024,223.8084,-56.8127,11.2,0,,,,,1,4.5,ok
TIC 245298317,199.4712,-50.9802,11.2,0,,,,,5,8.3,ok
TIC 189565557,143.6188,-26.7243,11.2,0,,,,,6,10.9,ok
TIC 49066806,164.6759,-35.341,11.21,0,,,,,3,7.2,ok
TIC 450824128,187.1562,-62.0512,11.21,0,,,,,5,9.7,ok
TIC 400693763,219.9545,-65.6034,11.21,0,,,,,4,11.2,ok
TIC 467285796,168.2737,-61.3751,11.21,0,,14.6,rejete,variabilite_continue;eclipse_secondaire,5,14.2,ok
TIC 146377739,158.6149,-46.516,11.21,0,,,,,3,5.9,ok
TIC 446873517,232.0606,-66.2598,11.22,0,,,,,4,9.8,ok
TIC 60760019,138.7594,-10.1273,11.22,0,,,,,1,6.4,ok
TIC 294930324,169.7194,-66.174,11.22,0,,,,,6,10.5,ok
TIC 459665727,163.1579,-59.5871,11.22,0,,90.5,rejete,variabilite_continue;eclipse_secondaire;compagnon_trop_gros_3.3Rjup,5,13.5,ok
TIC 42974961,228.8455,-54.686,11.22,0,,,,,4,10.4,ok
TIC 432129061,137.1647,-20.62,11.22,0,,,,,3,9.7,ok
TIC 871008637,152.1626,-39.4013,11.23,0,,,,,4,9.5,ok
TIC 401279432,187.9363,-48.1467,11.23,0,,,,,3,8.0,ok
TIC 33049037,144.5038,-45.541,11.23,0,,,,,1,6.9,ok
TIC 411478164,179.7465,-71.0384,11.23,0,,,,,6,16.2,ok
TIC 315705558,171.241,-62.8698,11.23,0,,,,,2,7.0,ok
TIC 332276046,179.7279,-52.9857,11.23,0,,,,,4,12.5,ok
TIC 458539166,160.2989,-58.6978,11.23,0,,,,,2,8.4,ok
TIC 253151299,194.9713,-55.5245,11.23,0,,,,,5,12.1,ok
TIC 49044042,164.3338,-30.1609,11.23,0,,25.3,rejete,variabilite_continue;eclipse_secondaire,5,15.1,ok
TIC 383233709,183.8725,-61.2964,11.24,0,,,,,3,9.0,ok
TIC 263484959,234.4165,-71.3299,11.24,0,,,,,5,13.3,ok
TIC 178623738,124.571,-5.4293,11.24,0,,,,,1,7.6,ok
TIC 158588039,164.5473,-37.4132,11.25,0,,,,,2,9.1,ok
TIC 273128088,179.0216,-52.4803,11.25,0,,,,,?,4.6,erreur
TIC 53735810,158.2251,-34.9899,11.25,0,,61.6,rejete,variabilite_continue;eclipse_secondaire,6,24.0,ok
TIC 35353045,224.8745,-56.0237,11.25,0,,,,,5,15.8,ok
TIC 358557578,151.1487,-42.9051,11.26,1,7.4556,33.0,rejete,variabilite_continue,6,18.2,ok
TIC 151959731,168.9946,-37.4098,11.26,0,,,,,3,8.2,ok
TIC 38503310,138.4655,-26.796,11.26,0,,,,,3,5.7,ok
TIC 319813357,174.4866,-62.2295,11.26,0,,,,,5,11.3,ok
TIC 102462453,154.8229,-44.6267,11.27,0,,,,,2,6.0,ok
TIC 7890169,132.9849,-0.7706,11.27,0,,,,,2,5.9,ok
TIC 447008590,233.672,-69.6383,11.27,0,,,,,4,7.0,ok
TIC 313961186,202.3338,-61.7006,11.27,1,4.8364,46.8,rejete,variabilite_continue,3,8.9,ok
TIC 275596004,179.1611,-43.556,11.27,0,,,,,5,10.0,ok
TIC 405911276,192.6864,-56.9135,11.27,0,,,,,?,2.9,erreur
TIC 259834419,224.104,-68.9881,11.28,0,,,,,6,12.9,ok
TIC 271293761,186.6778,-58.1853,11.28,0,,,,,3,6.0,ok
TIC 449608602,200.7577,-63.575,11.28,0,,,,,3,8.0,ok
TIC 118907356,135.179,-19.106,11.28,0,,,,,1,8.3,ok
TIC 383087344,183.6508,-60.6681,11.28,0,,16.9,rejete,variabilite_continue;eclipse_secondaire,3,8.4,ok
TIC 275472902,178.8709,-46.8053,11.28,0,,,,,4,15.5,ok
TIC 451071957,170.2939,-55.5242,11.29,0,,,,,6,13.5,ok
TIC 37692012,135.825,-25.5871,11.29,0,,,,,1,9.2,ok
TIC 449549170,200.4645,-62.5421,11.29,0,,,,,5,11.7,ok
TIC 187932283,159.344,-29.3408,11.29,0,,,,,2,11.6,ok
TIC 5480291,142.9423,-36.8672,11.29,0,,,,,2,6.5,ok
TIC 467050742,167.48,-60.8945,11.29,0,,,,,4,6.4,ok
TIC 446531663,155.9284,-50.256,11.29,0,,,,,1,5.9,ok
TIC 244839414,196.4616,-53.0718,11.29,0,,,,,2,7.7,ok
TIC 253501247,197.2585,-57.3337,11.29,0,,,,,4,10.7,ok
TIC 46770452,141.5592,-10.4572,11.29,0,,,,,1,7.1,ok
TIC 308473213,184.2034,-61.1213,11.3,0,,,,,3,7.2,ok
TIC 161156019,189.9607,-48.3619,11.3,0,,,,,3,9.9,ok
TIC 179801554,188.3379,-61.2537,11.3,0,,,,,3,9.5,ok
TIC 341048147,202.2904,-71.2975,11.3,0,,,,,3,9.1,ok
TIC 323485429,176.4742,-64.844,11.3,0,,,,,8,15.1,ok
TIC 163042241,191.2058,-49.3133,11.3,0,,,,,6,14.3,ok
TIC 62685908,143.0205,-4.9276,11.31,0,,,,,1,9.8,ok
TIC 152145351,169.9721,-37.0201,11.31,0,,,,,2,10.1,ok
TIC 410958734,160.435,-50.9949,11.31,0,,,,,4,6.4,ok
TIC 310553064,185.2321,-65.5769,11.31,0,,,,,5,9.9,ok
TIC 170525357,122.6069,-6.4657,11.31,0,,,,,2,5.4,ok
TIC 120774302,164.1642,-49.1779,11.31,0,,,,,3,7.6,ok
TIC 163260812,173.1377,-46.3153,11.31,0,,88.6,rejete,eclipse_secondaire,5,13.9,ok
TIC 19688775,125.2763,-6.4294,11.31,0,,,,,1,5.4,ok
TIC 319813350,174.4877,-62.2288,11.31,0,,,,,5,13.4,ok
TIC 324122933,176.8689,-61.9537,11.32,0,,,,,2,5.1,ok
TIC 296723590,141.7718,-13.7007,11.32,0,,,,,3,6.0,ok
TIC 413162396,127.9197,-20.1132,11.32,0,,29.5,rejete,eclipse_secondaire,4,9.4,ok
TIC 418101949,146.2141,-18.3783,11.32,0,,,,,2,6.3,ok
TIC 21814585,146.688,-23.9326,11.32,0,,,,,1,4.1,ok
TIC 14294467,144.3121,-1.989,11.32,0,,,,,4,8.3,ok
TIC 263083921,230.1967,-71.2699,11.33,0,,,,,6,12.9,ok
TIC 178342208,164.3878,-42.9821,11.33,0,,,,,2,7.4,ok
TIC 386259537,127.3872,-12.9448,11.33,0,,18.9,rejete,variabilite_continue;eclipse_secondaire,4,16.4,ok
TIC 446722383,217.8972,-68.7995,11.33,0,,,,,3,9.4,ok
TIC 24840626,142.3131,-31.8289,11.34,0,,,,,1,7.3,ok
TIC 102195674,154.1917,-42.5591,11.34,1,4.3781,17.4,rejete,variabilite_continue,5,16.4,ok
TIC 450806464,169.6723,-54.7183,11.34,0,,16.8,rejete,variabilite_continue;eclipse_secondaire;compagnon_trop_gros_2.2Rjup,6,15.9,ok
TIC 458539214,160.2958,-58.7036,11.34,0,,,,,2,7.7,ok
TIC 272355287,154.285,-52.593,11.35,0,,,,,1,6.7,ok
TIC 71587260,155.8874,-32.8083,11.35,0,,,,,3,8.0,ok
TIC 5471796,143.0111,-41.6206,11.35,0,,,,,5,12.8,ok
TIC 1474552,147.0674,-14.7964,11.35,0,,,,,4,9.7,ok
TIC 61879916,177.7565,-47.179,11.35,0,,,,,3,10.0,ok
TIC 280797223,137.2215,-3.3559,11.35,0,,,,,2,6.0,ok
TIC 68597871,202.8635,-55.1965,11.36,0,,,,,6,14.0,ok
TIC 71250579,154.3486,-30.6726,11.36,0,,,,,3,12.7,ok
TIC 339746952,200.5291,-68.2222,11.36,0,,,,,3,9.1,ok
TIC 179662356,145.7515,-2.2344,11.36,0,,,,,2,7.4,ok
TIC 261875527,227.8102,-69.5152,11.36,0,,,,,6,12.0,ok
TIC 47176598,145.5528,-7.0324,11.36,0,,,,,3,8.3,ok
TIC 261875511,227.8078,-69.5209,11.36,0,,,,,6,9.1,ok
TIC 312213701,210.3196,-51.7484,11.36,0,,,,,3,8.2,ok
TIC 61538902,176.2991,-42.064,11.37,0,,81.3,a_verifier,,8,21.9,ok
TIC 337451205,215.2834,-60.9326,11.37,0,,,,,4,7.5,ok
TIC 255775975,185.9957,-49.42,11.37,0,,,,,3,6.9,ok
TIC 71674064,156.403,-32.593,11.37,1,4.7377,11.1,rejete,variabilite_continue,4,13.5,ok
TIC 941125595,166.1567,-47.2438,11.38,0,,,,,5,14.6,ok
TIC 21733432,181.2375,-44.7455,11.38,0,,,,,4,10.4,ok
TIC 454073466,176.3947,-40.9339,11.38,0,,,,,7,14.5,ok
TIC 448471716,165.7172,-35.304,11.38,0,,,,,2,7.4,ok
TIC 38031104,136.6843,-26.0992,11.38,0,,,,,3,7.3,ok
TIC 391728183,161.8267,-62.1128,11.39,0,,17.4,rejete,variabilite_continue;eclipse_secondaire,1,6.8,ok
TIC 101417914,148.8996,-18.5239,11.39,0,,,,,5,9.4,ok
TIC 448820344,213.704,-66.7147,11.39,1,2.777,37.7,rejete,variabilite_continue;eclipse_secondaire,5,13.2,ok
TIC 419787969,191.7219,-56.399,11.39,0,,,,,3,6.4,ok
TIC 21113347,186.7873,-48.9784,11.4,0,,48.1,rejete,variabilite_continue,5,14.5,ok
TIC 299967735,139.0735,-11.9144,11.4,0,,,,,1,7.3,ok
TIC 35129233,147.8637,-47.1861,11.4,0,,,,,1,10.3,ok
TIC 280797224,137.2212,-3.3566,11.4,0,,,,,1,4.5,ok
TIC 438873057,195.3212,-61.6018,11.4,0,,,,,2,10.1,ok
TIC 21956905,182.1241,-46.6819,11.4,0,,,,,3,9.4,ok
TIC 394763382,218.5397,-60.757,11.4,0,,,,,4,8.7,ok
TIC 374158843,159.9101,-48.5382,11.4,1,10.9508,11.1,rejete,variabilite_continue,4,9.8,ok
TIC 466281230,165.5639,-61.8273,11.4,0,,,,,6,12.4,ok
TIC 457512814,157.6206,-57.0394,11.4,0,,,,,6,16.1,ok
TIC 68079502,190.2224,-54.3409,11.4,0,,,,,3,7.3,ok
TIC 253228981,195.2852,-59.0316,11.4,0,,,,,3,7.0,ok
TIC 443516590,199.5393,-62.6819,11.4,0,,,,,6,15.0,ok
TIC 434452008,139.7377,-19.2331,11.41,0,,,,,1,3.9,ok
TIC 102840237,155.8711,-43.8334,11.41,1,11.1973,23.1,rejete,variabilite_continue,4,13.4,ok
TIC 272055798,187.2756,-54.9316,11.42,0,,,,,3,7.1,ok
TIC 409970524,145.2636,-14.4969,11.42,0,,,,,3,7.6,ok
TIC 94012094,176.3969,-50.5665,11.43,1,4.9147,20.3,rejete,variabilite_continue,4,14.1,ok
TIC 36718592,150.7822,-44.0223,11.43,0,,,,,1,6.7,ok
TIC 419787958,191.7231,-56.3971,11.43,0,,,,,3,6.3,ok
TIC 81314580,167.255,-48.6669,11.43,0,,,,,7,16.0,ok
TIC 2133065,133.6717,-26.1291,11.43,0,,,,,3,8.3,ok
TIC 4598935,141.2198,-39.031,11.43,0,,,,,2,5.0,ok
TIC 392996206,218.3595,-60.9552,11.44,0,,,,,4,7.5,ok
TIC 329064084,211.474,-62.2538,11.45,1,4.7406,80.7,rejete,variabilite_continue;eclipse_secondaire,5,13.2,ok
TIC 81785393,168.0545,-53.7541,11.45,0,,,,,5,8.8,ok
TIC 408416214,145.6253,-18.0487,11.45,0,,,,,2,7.8,ok
TIC 457268255,158.9418,-50.4986,11.46,0,,16.7,rejete,variabilite_continue,4,12.9,ok
TIC 418082219,145.9152,-19.7615,11.46,0,,,,,5,12.5,ok
TIC 37690656,135.7726,-24.2672,11.46,0,,,,,1,5.2,ok
TIC 450861969,187.3095,-60.0203,11.46,0,,,,,5,10.0,ok
TIC 257699919,220.4155,-67.801,11.46,0,,,,,4,7.6,ok
TIC 49043805,164.2953,-30.2328,11.47,0,,,,,2,3.9,ok
TIC 44371768,145.2639,-39.7072,11.47,0,,,,,5,8.5,ok
TIC 452281203,174.0431,-56.6242,11.47,0,,,,,4,14.3,ok
TIC 101065211,129.9066,-17.4252,11.47,0,,,,,3,8.4,ok
TIC 71029363,153.0371,-31.4126,11.47,0,,,,,7,14.0,ok
TIC 308741897,135.5498,-14.376,11.47,0,,,,,2,9.7,ok
TIC 396826652,148.2423,-12.8645,11.47,0,,,,,4,10.8,ok
TIC 314228257,184.3109,-70.1533,11.48,0,,,,,2,10.7,ok
TIC 304234457,165.0343,-56.1227,11.48,0,,,,,6,13.1,ok
TIC 347357977,132.8988,-16.3863,11.49,1,12.6824,15.1,rejete,variabilite_continue,3,15.7,ok
TIC 403956193,188.5855,-53.5007,11.49,0,,,,,7,13.1,ok
TIC 11417087,145.9358,-25.5444,11.49,0,,,,,2,8.7,ok
TIC 304234452,165.0353,-56.1214,11.49,0,,,,,6,10.3,ok
TIC 409970232,145.275,-13.7602,11.49,0,,,,,3,6.2,ok
TIC 394092597,198.0177,-74.2596,11.49,0,,,,,3,5.6,ok
TIC 258191787,221.4649,-67.6196,11.49,0,,,,,3,6.2,ok
TIC 448600712,211.9271,-67.5449,11.49,0,,,,,5,9.4,ok
TIC 841944478,144.3119,-1.9887,11.49,0,,,,,3,5.8,ok
TIC 313215699,201.7965,-65.0774,11.49,0,,,,,3,7.7,ok
TIC 371090333,226.404,-53.0664,11.49,0,,,,,3,6.2,ok
TIC 44510874,145.4705,-41.4836,11.49,0,,,,,5,8.3,ok
TIC 168511614,193.6267,-50.5302,11.49,0,,,,,4,7.7,ok
TIC 38005437,136.5956,-27.674,11.5,1,2.1098,17.6,rejete,variabilite_continue;eclipse_secondaire,3,10.8,ok
TIC 860419,135.2026,-4.1268,11.5,0,,,,,1,6.2,ok
TIC 94017827,176.6143,-48.2544,11.5,0,,,,,4,12.7,ok
TIC 102978235,155.9917,-43.4241,11.5,0,,33.8,rejete,eclipse_secondaire,5,17.0,ok
TIC 446852361,218.6726,-71.2167,11.5,0,,,,,4,10.2,ok
TIC 4001749,140.1273,-40.4364,11.51,0,,,,,1,5.8,ok
TIC 426008107,236.7947,-72.6086,11.51,0,,,,,4,8.7,ok
TIC 308891440,184.4362,-65.5443,11.51,0,,,,,3,9.3,ok
TIC 102837813,155.8449,-42.3054,11.51,0,,,,,2,4.3,ok
TIC 152060280,169.5529,-38.4456,11.51,0,,,,,3,10.7,ok
TIC 291436784,217.7862,-58.1588,11.51,0,,,,,3,8.7,ok
TIC 407550702,213.3345,-55.9091,11.52,0,,,,,4,9.8,ok
TIC 455016331,227.7694,-64.675,11.52,0,,,,,4,9.3,ok
TIC 164582297,191.9462,-50.4564,11.52,0,,,,,4,10.5,ok
TIC 96093556,146.7706,-10.9183,11.52,0,,,,,3,10.1,ok
TIC 446370039,155.7973,-52.7502,11.52,0,,25.9,rejete,variabilite_continue;eclipse_secondaire,4,15.6,ok
TIC 118814062,134.7922,-20.9037,11.52,0,,,,,1,10.8,ok
TIC 37919807,136.3681,-29.2387,11.52,0,,,,,2,9.3,ok
TIC 158411393,163.8505,-36.2749,11.53,0,,,,,3,15.0,ok
TIC 421612077,219.7055,-53.7634,11.53,0,,,,,3,10.6,ok
TIC 207885877,207.5697,-59.239,11.53,0,,,,,4,17.1,ok
TIC 103249957,156.7254,-42.2908,11.53,0,,,,,2,11.6,ok
TIC 309371306,184.7265,-61.9764,11.53,0,,,,,4,14.7,ok
TIC 390389545,184.4917,-58.9325,11.53,0,,,,,2,12.0,ok
TIC 162208365,168.7281,-44.1705,11.54,0,,,,,3,11.4,ok
TIC 803575141,128.9517,-2.2522,11.54,0,,,,,1,10.6,ok
TIC 468205432,170.3009,-62.3451,11.54,0,,,,,2,5.4,ok
TIC 179730406,188.3813,-62.6925,11.54,0,,,,,3,13.6,ok
TIC 467101005,167.6851,-61.762,11.54,0,,,,,6,20.3,ok
TIC 334088902,193.0824,-69.0376,11.54,0,,,,,3,11.3,ok
TIC 382975217,183.7986,-63.6139,11.54,2,4.1402;8.2794,71.4,rejete,variabilite_continue;eclipse_secondaire,5,21.4,ok
TIC 405805240,192.3511,-59.2199,11.54,0,,,,,5,20.8,ok
TIC 450918676,187.3264,-62.447,11.55,0,,,,,3,19.2,ok
TIC 450932282,169.8953,-54.0642,11.55,0,,,,,2,13.0,ok
TIC 101007136,129.4964,-17.548,11.55,0,,,,,3,19.7,ok
TIC 179730093,188.3434,-62.7217,11.55,0,,,,,3,14.7,ok
TIC 13737885,133.7558,-9.1652,11.55,1,2.2287,21.6,rejete,variabilite_continue;eclipse_secondaire,3,15.4,ok
TIC 305508891,138.9076,-17.061,11.55,0,,,,,2,7.8,ok
TIC 432833841,146.9518,-51.4405,11.55,0,,,,,1,21.1,ok
TIC 333298129,181.3018,-53.5232,11.55,0,,,,,6,23.5,ok
TIC 71733814,166.4966,-44.8707,11.56,0,,,,,5,29.2,ok
TIC 39633709,227.0345,-57.0934,11.56,0,,,,,6,26.5,ok
TIC 260318516,144.0755,-45.9264,11.56,0,,,,,1,17.4,ok
TIC 348684814,133.993,-14.359,11.56,0,,,,,1,16.4,ok
TIC 332561639,136.7208,-14.3067,11.56,0,,,,,1,15.5,ok
TIC 292349703,221.4257,-65.8513,11.56,0,,,,,4,24.6,ok
TIC 320297485,205.2284,-62.1044,11.56,0,,,,,4,13.7,ok
TIC 308903145,184.4138,-64.1617,11.56,0,,,,,6,13.2,ok
TIC 337359464,197.1272,-68.747,11.57,0,,,,,6,14.4,ok
TIC 466592679,166.4709,-63.7795,11.57,0,,,,,?,2.4,erreur
TIC 117888314,128.2155,-20.6271,11.57,0,,,,,1,12.5,ok
TIC 44178141,229.4537,-58.5553,11.57,0,,56.5,rejete,variabilite_continue;eclipse_secondaire;compagnon_trop_gros_21.8Rjup,5,16.1,ok
TIC 158200352,162.4862,-37.4482,11.57,0,,,,,3,10.6,ok
TIC 326742300,210.1325,-64.2735,11.57,0,,,,,6,17.3,ok
TIC 335046560,184.9972,-50.3114,11.57,0,,,,,3,17.4,ok
TIC 210441429,212.2003,-55.7123,11.57,0,,69.6,rejete,variabilite_continue;eclipse_secondaire,5,21.2,ok
TIC 142794339,138.5257,-1.9541,11.57,0,,,,,3,14.7,ok
TIC 398466662,179.9445,-59.1737,11.57,1,8.7725,47.0,rejete,variabilite_continue,4,17.2,ok
TIC 450405006,186.0885,-63.0286,11.57,0,,,,,3,17.2,ok
TIC 273388181,185.8922,-51.0396,11.58,0,,,,,3,16.7,ok
TIC 468205407,170.3005,-62.3469,11.58,0,,,,,2,17.5,ok
TIC 403779497,220.878,-61.3202,11.58,0,,,,,4,6.7,ok
TIC 132542405,148.7034,-52.913,11.58,0,,,,,1,11.7,ok
TIC 432105280,136.9607,-18.621,11.58,0,,,,,3,8.8,ok
TIC 418869229,224.1341,-58.0734,11.58,0,,,,,6,17.9,ok
TIC 1474551,147.0692,-14.7958,11.58,0,,,,,4,12.8,ok
TIC 263206649,230.369,-66.5037,11.58,0,,,,,4,13.8,ok
TIC 446781382,218.1075,-71.413,11.59,0,,,,,4,15.1,ok
TIC 267846678,176.3336,-57.8193,11.59,0,,,,,4,14.8,ok
TIC 463753159,154.7315,-58.9461,11.59,0,,,,,1,10.1,ok
TIC 54147302,160.5344,-33.3586,11.59,0,,,,,4,14.3,ok
TIC 412635642,193.1813,-58.9317,11.59,1,8.7115,21.7,rejete,variabilite_continue,5,18.6,ok
TIC 460933755,159.239,-62.0995,11.59,0,,,,,4,16.8,ok
TIC 260997529,203.1052,-53.3903,11.6,0,,,,,4,10.9,ok
TIC 458399517,159.7606,-59.4539,11.6,0,,,,,1,12.1,ok
TIC 333771476,182.0315,-51.9657,11.6,0,,,,,4,17.8,ok
TIC 94011343,176.3684,-50.8884,11.6,0,,96.7,rejete,variabilite_continue,5,19.9,ok
TIC 465541764,163.4905,-60.2646,11.6,0,,,,,1,9.7,ok
TIC 289600809,145.8963,-16.7008,11.6,0,,,,,5,13.9,ok
TIC 35516889,148.4166,-45.6591,11.6,0,,,,,7,20.3,ok
TIC 92004082,172.0657,-49.6679,11.6,1,3.0467,51.9,rejete,variabilite_continue,5,20.6,ok
TIC 273811892,188.9659,-55.1899,11.6,0,,,,,3,11.7,ok
TIC 334204997,193.0448,-66.9877,11.6,0,,,,,3,9.7,ok
TIC 956921549,190.0663,-70.2069,11.6,0,,,,,3,9.1,ok
TIC 429511477,207.2303,-69.2504,11.6,0,,,,,3,8.9,ok
TIC 316921226,172.0146,-65.0021,11.61,0,,,,,2,9.0,ok
TIC 457272901,203.5313,-59.5756,11.61,1,4.6507,15.5,rejete,variabilite_continue,5,18.4,ok
TIC 77101201,141.282,-42.2546,11.61,0,,,,,1,9.7,ok
TIC 415528958,131.3942,-21.967,11.62,0,,,,,4,14.6,ok
TIC 446340380,216.8036,-66.3773,11.62,0,,,,,3,15.8,ok
TIC 81854410,168.1441,-49.0456,11.62,0,,,,,4,13.8,ok
TIC 54239334,161.0366,-31.2584,11.62,0,,,,,3,9.9,ok
TIC 70443554,138.8942,-25.1299,11.62,0,,,,,2,9.1,ok
TIC 439980330,196.2828,-64.6878,11.62,0,,,,,3,14.6,ok
TIC 62535407,132.6615,-5.6785,11.62,0,,,,,1,11.1,ok
TIC 13623872,133.0195,-8.5551,11.62,0,,,,,1,8.8,ok
TIC 411478119,179.7237,-71.0334,11.62,0,,,,,6,14.6,ok
TIC 455530946,229.215,-61.7083,11.62,0,,,,,4,11.1,ok
TIC 49043968,164.349,-29.9971,11.63,0,,47.5,rejete,variabilite_continue,4,16.0,ok
TIC 448165340,208.5129,-67.5585,11.63,0,,,,,6,13.8,ok
TIC 451670151,172.251,-56.7897,11.63,0,,,,,2,4.5,ok
TIC 305508893,138.9053,-17.0605,11.63,0,,,,,2,6.1,ok
TIC 405177882,181.1452,-47.6143,11.63,0,,,,,5,11.1,ok
TIC 280857321,173.3223,-67.4493,11.63,1,2.1736,12.2,rejete,variabilite_continue;eclipse_secondaire,3,8.9,ok
TIC 347546907,133.7055,-12.5617,11.63,0,,,,,1,5.7,ok
TIC 405984131,193.8386,-59.2267,11.63,0,,,,,3,13.1,ok
TIC 332656918,149.8396,-17.488,11.63,0,,,,,?,4.2,erreur
TIC 43354980,228.9432,-58.5173,11.63,0,,,,,5,12.0,ok
TIC 461837093,140.5824,-32.1474,11.63,0,,,,,4,12.8,ok
TIC 334567325,193.7028,-69.329,11.64,0,,,,,3,13.4,ok
TIC 466108819,165.1066,-60.4213,11.64,0,,,,,2,12.0,ok
TIC 432104967,137.0077,-19.0879,11.64,0,,,,,1,13.7,ok
TIC 409970233,145.2732,-13.7606,11.64,0,,,,,3,13.3,ok
TIC 433546897,190.4029,-65.7973,11.64,1,1.5761,39.9,rejete,variabilite_continue;eclipse_secondaire,5,17.5,ok
TIC 316430346,203.602,-65.2966,11.64,0,,,,,3,7.4,ok
TIC 152366332,171.097,-39.0133,11.64,0,,,,,7,14.5,ok
TIC 96033962,146.3522,-8.7185,11.64,0,,,,,1,4.4,ok
TIC 271628774,187.0369,-55.3818,11.65,0,,,,,2,8.4,ok
TIC 409359480,213.8199,-58.5416,11.65,0,,,,,4,9.5,ok
TIC 299967736,139.0735,-11.9176,11.65,0,,,,,1,4.9,ok
TIC 400913139,178.6317,-53.4091,11.65,0,,,,,4,7.8,ok
TIC 152479307,171.7133,-38.4155,11.66,0,,,,,7,11.9,ok
TIC 334205009,193.0519,-66.9854,11.66,0,,,,,3,12.8,ok
TIC 316893114,203.4947,-60.208,11.66,0,,,,,6,14.8,ok
TIC 1599403,131.1116,-2.4736,11.66,0,,11.4,rejete,variabilite_continue;eclipse_secondaire,2,13.4,ok
TIC 420202798,192.5019,-59.892,11.66,1,7.4788,70.9,rejete,variabilite_continue,5,18.7,ok
TIC 119470608,226.6366,-52.4622,11.66,0,,,,,3,9.0,ok
TIC 263890761,231.9243,-67.1171,11.66,0,,,,,4,9.8,ok
TIC 392995938,218.2784,-60.0934,11.67,0,,,,,4,9.8,ok
TIC 36541001,150.4156,-43.8488,11.67,0,,,,,1,4.4,ok
TIC 152147232,169.9093,-39.4621,11.67,0,,55.1,rejete,variabilite_continue,6,14.0,ok
TIC 49066805,164.681,-35.3405,11.67,0,,,,,2,7.4,ok
TIC 779276,134.7439,-5.2442,11.67,0,,,,,?,4.5,erreur
TIC 258323711,221.4925,-67.2589,11.67,0,,,,,3,7.3,ok
TIC 151825527,167.9912,-39.3283,11.67,0,,68.2,rejete,variabilite_continue,7,18.5,ok
TIC 49005244,164.2978,-33.3575,11.67,0,,,,,2,7.5,ok
TIC 315096343,145.161,-26.642,11.67,0,,,,,2,8.8,ok
TIC 467232553,167.8343,-61.6837,11.68,0,,,,,4,15.4,ok
TIC 5476310,142.9024,-39.2484,11.68,0,,,,,1,8.0,ok
TIC 35855047,149.0798,-46.6246,11.68,0,,15.1,rejete,variabilite_continue,4,14.7,ok
TIC 45310059,147.9573,-38.8115,11.68,0,,,,,7,14.7,ok
TIC 176660027,141.6812,-18.319,11.68,0,,,,,3,6.3,ok
TIC 262240975,199.7512,-56.1863,11.68,0,,,,,3,13.1,ok
TIC 229856791,138.1905,-21.2353,11.68,0,,,,,4,12.9,ok
TIC 404064679,194.8738,-52.1487,11.68,0,,,,,3,11.9,ok
TIC 2021531,133.3484,-25.5314,11.69,0,,,,,3,9.8,ok
TIC 459157691,161.9493,-59.0332,11.69,0,,,,,4,16.3,ok
TIC 296723589,141.7702,-13.7007,11.69,0,,,,,3,9.3,ok
TIC 412941535,204.5549,-55.2642,11.69,0,,,,,3,9.3,ok
TIC 286999694,150.7347,-41.4254,11.69,0,,,,,1,7.1,ok
TIC 389253973,179.8655,-45.1721,11.69,0,,,,,5,13.5,ok
TIC 329913641,192.4517,-67.4552,11.69,0,,,,,3,11.1,ok
TIC 118342897,129.5633,-22.1804,11.69,0,,,,,1,8.7,ok
TIC 834540635,129.9069,-17.4248,11.7,0,,,,,3,10.6,ok
TIC 209828429,211.0014,-59.4023,11.7,0,,,,,5,12.5,ok
TIC 440616430,196.7711,-65.5512,11.7,0,,,,,2,10.7,ok
TIC 229859330,138.3234,-23.3712,11.7,0,,,,,3,10.5,ok
TIC 386317536,127.6932,-13.191,11.7,0,,,,,3,9.0,ok
TIC 80677454,165.936,-52.8464,11.7,0,,,,,2,9.1,ok
TIC 335287811,194.4238,-66.8603,11.71,0,,,,,5,17.2,ok
TIC 318975390,173.4225,-61.0045,11.71,0,,,,,2,14.1,ok
TIC 260833774,225.8855,-69.5191,11.71,0,,,,,3,10.7,ok
TIC 408351887,144.9906,-19.3281,11.71,0,,,,,5,12.6,ok
TIC 326175038,209.8197,-61.942,11.71,0,,,,,4,10.7,ok
TIC 209828398,210.9593,-59.3988,11.71,0,,,,,6,11.8,ok
TIC 405756510,192.2284,-59.83,11.71,0,,,,,6,14.0,ok
TIC 413086082,204.7605,-58.6955,11.71,0,,,,,3,10.0,ok
TIC 403279641,228.8858,-75.3167,11.71,0,,,,,4,11.7,ok
TIC 262722802,138.343,3.6779,11.72,0,,,,,5,15.6,ok
TIC 294088497,130.3242,-23.93,11.72,0,,,,,1,8.7,ok
TIC 51254080,128.423,-6.7475,11.72,0,,,,,1,7.5,ok
TIC 209707800,210.8842,-55.4431,11.72,0,,111.6,rejete,variabilite_continue;eclipse_secondaire,5,20.3,ok
TIC 103111024,156.4013,-43.4152,11.72,0,,,,,2,9.5,ok
TIC 93325137,175.2329,-48.8015,11.72,0,,,,,3,11.5,ok
TIC 152175409,170.2417,-37.1878,11.73,0,,,,,4,16.2,ok
TIC 102918144,155.8827,-47.5805,11.73,0,,,,,2,13.3,ok
TIC 241690688,208.0871,-53.8208,11.73,0,,,,,6,15.9,ok
TIC 114824708,132.2096,-16.0267,11.73,0,,,,,1,11.1,ok
TIC 255957373,198.6828,-58.2372,11.73,0,,,,,3,14.3,ok
TIC 35423825,148.2449,-42.9202,11.74,0,,,,,5,14.6,ok
TIC 45604186,148.9493,-41.1809,11.74,0,,,,,1,8.9,ok
TIC 193194164,157.5089,-24.1056,11.74,0,,,,,4,13.3,ok
TIC 209344299,210.2349,-57.2008,11.74,0,,,,,4,10.7,ok
TIC 405485201,143.7319,-12.2505,11.75,1,7.7602,18.6,rejete,variabilite_continue,3,13.7,ok
TIC 261290640,226.6557,-69.1658,11.75,0,,,,,3,11.5,ok
TIC 73717937,192.1894,-47.6137,11.75,0,,,,,7,18.3,ok
TIC 834033122,129.0961,-20.3061,11.75,0,,,,,3,8.5,ok
TIC 47288895,134.9477,-10.3477,11.75,0,,,,,1,13.1,ok
TIC 316921212,172.014,-65.0004,11.75,0,,,,,2,8.5,ok
TIC 136825133,150.9454,-52.3767,11.76,0,,,,,1,7.9,ok
TIC 403905504,188.2982,-48.6931,11.76,0,,,,,3,10.4,ok
TIC 81077086,166.6555,-53.9574,11.76,0,,,,,2,9.2,ok
TIC 120074463,162.7171,-49.8474,11.76,0,,,,,2,14.4,ok
TIC 401770349,217.7424,-75.3034,11.76,0,,,,,7,17.8,ok
TIC 410554986,214.2254,-55.0133,11.76,0,,,,,5,13.2,ok
TIC 146842334,160.8964,-47.2563,11.76,0,,17.9,rejete,variabilite_continue;eclipse_secondaire,4,11.5,ok
TIC 53930974,158.9959,-34.3077,11.76,0,,,,,2,10.1,ok
TIC 310116547,184.9877,-60.718,11.76,0,,,,,3,15.0,ok
TIC 448853960,213.798,-69.5638,11.77,0,,,,,4,11.2,ok
TIC 35526913,148.5606,-47.037,11.77,0,,,,,1,9.2,ok
TIC 290646079,140.6954,0.2947,11.77,0,,,,,4,14.7,ok
TIC 831493439,136.181,-20.018,11.77,0,,,,,4,11.5,ok
TIC 210098552,211.7297,-59.4863,11.77,0,,,,,4,11.7,ok
TIC 262932181,230.0368,-67.0299,11.77,0,,,,,4,12.9,ok
TIC 412191425,190.502,-57.9969,11.77,0,,,,,5,17.3,ok
TIC 412330492,214.5043,-57.8253,11.77,0,,,,,4,13.7,ok
TIC 462830716,152.1524,-54.7405,11.77,0,,,,,5,14.6,ok
TIC 446747482,218.166,-66.883,11.78,0,,,,,3,10.8,ok
TIC 45492609,148.5304,-36.5333,11.78,0,,,,,4,13.3,ok
TIC 32988997,144.4731,-44.3919,11.78,0,,,,,1,8.8,ok
TIC 334935232,194.0359,-70.674,11.78,0,,,,,3,12.2,ok
TIC 21816202,146.6835,-26.5303,11.78,0,,,,,1,10.2,ok
TIC 394570569,201.1747,-72.6765,11.78,0,,,,,4,14.9,ok
TIC 410320609,150.1056,-18.7926,11.78,0,,,,,2,8.9,ok
TIC 146530594,159.0193,-45.0979,11.78,0,,,,,4,13.2,ok
TIC 73764693,155.8409,-37.6168,11.78,0,,,,,5,13.1,ok
TIC 241326434,204.1382,-51.0444,11.78,1,6.8378,76.1,a_verifier,,6,18.1,ok
TIC 229856792,138.1886,-21.2365,11.78,0,,,,,3,12.0,ok
TIC 41412508,227.9345,-54.3695,11.79,0,,,,,3,14.8,ok
TIC 38006982,136.594,-28.9426,11.79,0,,,,,2,8.7,ok
TIC 241585982,207.0542,-52.1698,11.79,0,,,,,5,14.0,ok
TIC 414475823,224.2112,-57.6859,11.79,0,,,,,3,10.5,ok
TIC 121341000,129.25,-3.5309,11.8,0,,,,,2,10.3,ok
TIC 942175310,170.2423,-37.1879,11.8,0,,,,,4,12.2,ok
TIC 152024570,169.312,-36.4181,11.8,0,,,,,4,14.1,ok
TIC 308773532,151.5875,-17.6773,11.81,0,,,,,6,14.5,ok
TIC 464030037,155.221,-56.2227,11.81,0,,,,,1,11.3,ok
TIC 7906972,133.3793,-5.0441,11.81,0,,,,,5,12.9,ok
TIC 170890165,139.4296,-1.2031,11.81,0,,,,,2,11.2,ok
TIC 1602970,131.2894,-1.3901,11.81,0,,,,,1,8.3,ok
TIC 297753518,224.7579,-62.5062,11.81,0,,,,,4,12.9,ok
TIC 386255379,127.3203,-15.4,11.81,0,,,,,1,11.2,ok
TIC 168281028,154.271,-25.2763,11.81,1,4.3752,53.0,rejete,variabilite_continue,4,15.6,ok
TIC 334088905,193.0878,-69.0367,11.82,0,,,,,3,11.9,ok
TIC 425316308,191.0887,-55.0133,11.82,0,,53.2,rejete,variabilite_continue;eclipse_secondaire,4,15.5,ok
TIC 313080679,201.8255,-63.1648,11.82,0,,42.3,rejete,variabilite_continue;eclipse_secondaire,3,13.9,ok
TIC 448567661,211.596,-69.821,11.82,0,,,,,4,13.1,ok
TIC 106056929,157.7913,-37.6156,11.82,0,,,,,2,10.9,ok
TIC 394672095,201.9157,-73.4333,11.82,0,,,,,3,11.3,ok
TIC 464232431,155.6605,-58.7998,11.83,0,,,,,1,9.7,ok
TIC 103248880,156.6845,-42.322,11.83,0,,,,,2,12.0,ok
TIC 434031954,190.8085,-64.6786,11.83,0,,,,,3,11.3,ok
TIC 132072538,148.22,-48.765,11.84,0,,,,,1,9.3,ok
TIC 448435566,210.6947,-70.3812,11.84,1,4.1054,37.8,rejete,variabilite_continue,5,18.4,ok
TIC 158151232,162.0827,-38.1744,11.84,0,,,,,4,13.4,ok
TIC 338131498,198.0579,-70.2121,11.84,0,,,,,3,12.9,ok
TIC 837115471,132.6622,-5.6787,11.84,0,,,,,2,9.9,ok
TIC 176660024,141.6827,-18.323,11.84,0,,,,,4,13.0,ok
TIC 21819176,181.4996,-45.7315,11.84,0,,,,,3,11.3,ok
TIC 7890170,132.9838,-0.7708,11.84,0,,,,,2,8.9,ok
TIC 415932885,223.331,-55.7399,11.85,0,,,,,2,12.3,ok
TIC 21816201,146.6858,-26.5301,11.85,0,,,,,1,14.9,ok
TIC 45996325,150.0805,-39.6596,11.85,0,,36.0,rejete,variabilite_continue;eclipse_secondaire,5,25.7,ok
TIC 263083919,230.2033,-71.2706,11.85,0,,,,,6,19.4,ok
TIC 447593267,157.3992,-53.6589,11.85,0,,,,,4,21.9,ok
TIC 101497151,149.2191,-33.8536,11.85,0,,,,,2,18.3,ok
TIC 308818579,151.7105,-17.1183,11.85,0,,,,,5,20.8,ok
TIC 462830655,152.1803,-54.7481,11.86,0,,,,,5,22.9,ok
TIC 179666990,146.0715,-3.6919,11.86,0,,,,,1,18.1,ok
TIC 360626856,189.5231,-73.0507,11.87,0,,,,,3,22.4,ok
TIC 258103219,221.2845,-71.2264,11.87,0,,,,,4,20.1,ok
TIC 189271907,141.642,-28.0841,11.87,0,,,,,1,15.9,ok
TIC 452006073,173.279,-56.5034,11.87,0,,,,,4,24.2,ok
TIC 263020470,229.8964,-67.9605,11.87,0,,,,,4,22.0,ok
TIC 123254077,143.7942,-2.7852,11.87,0,,,,,3,17.3,ok
TIC 1109703170,230.7787,-68.1262,11.87,0,,,,,7,21.8,ok
TIC 169051105,126.5398,-3.3246,11.87,0,,,,,1,16.6,ok
TIC 180991313,172.8586,-41.6895,11.87,0,,,,,6,21.2,ok
TIC 449457329,200.3157,-63.5662,11.88,0,,,,,2,10.1,ok
TIC 273343819,188.6723,-54.5783,11.88,0,,,,,3,17.1,ok
TIC 158588995,164.586,-36.8581,11.88,2,1.988;1.9764,23.9,rejete,variabilite_continue;eclipse_secondaire,7,28.8,ok
TIC 438784463,201.8923,-51.2372,11.88,0,,,,,4,14.0,ok
TIC 433010920,181.1545,-54.2145,11.88,0,,,,,3,13.0,ok
TIC 118329434,129.4459,-19.6347,11.88,0,,21.7,rejete,variabilite_continue;eclipse_secondaire,3,16.8,ok
TIC 330014070,213.0824,-53.7048,11.89,1,6.3099,30.0,rejete,variabilite_continue,4,17.4,ok
TIC 273712085,188.9971,-56.3018,11.89,0,,,,,3,17.1,ok
TIC 448303058,209.4234,-66.5701,11.89,0,,,,,3,18.8,ok
TIC 274681253,149.3032,-54.1633,11.89,0,,,,,1,16.3,ok
TIC 405452527,143.2593,-13.8306,11.89,0,,24.2,rejete,variabilite_continue,3,18.3,ok
TIC 270456887,135.1397,1.3901,11.89,2,2.2752;2.2636,19.0,rejete,variabilite_continue;eclipse_secondaire,3,19.6,ok
TIC 101007135,129.5243,-17.5478,11.89,0,,,,,2,13.5,ok
TIC 273706138,189.04,-57.4207,11.9,0,,,,,3,11.2,ok
TIC 449107129,216.4711,-69.8359,11.9,1,4.2534,32.5,rejete,variabilite_continue,5,12.7,ok
TIC 1441869,142.7147,-16.3966,11.9,0,,,,,1,7.2,ok
TIC 382739414,183.3846,-61.8315,11.9,0,,,,,3,8.6,ok
TIC 406694754,198.4268,-58.1229,11.9,0,,,,,4,11.4,ok
TIC 335598085,194.8981,-68.1338,11.9,0,,,,,5,13.6,ok
TIC 401770337,217.7427,-75.3097,11.91,0,,,,,7,13.7,ok
TIC 449771864,201.152,-63.4719,11.91,0,,,,,3,10.3,ok
TIC 106057743,157.8387,-38.4817,11.91,0,,,,,2,10.3,ok
TIC 54199152,160.8603,-32.6575,11.91,0,,,,,3,13.2,ok
TIC 25784582,145.6044,-35.605,11.91,0,,,,,1,11.0,ok
TIC 448472110,165.8659,-32.7557,11.91,0,,,,,4,14.7,ok
TIC 19199543,138.9047,-31.8478,11.91,0,,,,,1,14.1,ok
TIC 321471064,175.5275,-62.2673,11.91,0,,,,,2,11.1,ok
TIC 448552309,211.4067,-67.1512,11.92,0,,,,,3,11.9,ok
TIC 875217918,142.6888,-26.686,11.93,0,,,,,3,9.0,ok
TIC 332654763,149.6941,-12.5132,11.93,0,,,,,4,13.2,ok
TIC 306248357,166.5579,-54.5733,11.93,1,5.7181,28.0,rejete,variabilite_continue,3,13.8,ok
TIC 821838,135.0627,-0.9182,11.94,0,,,,,2,10.0,ok
TIC 166882965,192.9035,-51.3105,11.94,0,,,,,3,11.8,ok
TIC 391933017,218.0867,-64.6611,11.94,0,,,,,4,13.2,ok
TIC 448775221,213.3703,-68.011,11.94,0,,55.3,rejete,variabilite_continue;eclipse_secondaire,5,18.5,ok
TIC 36452991,150.0627,-47.4452,11.94,0,,,,,4,12.7,ok
TIC 118956453,135.4163,-20.7204,11.94,1,2.3448,117.9,rejete,variabilite_continue,5,16.2,ok
TIC 123254075,143.7928,-2.786,11.95,0,,,,,3,8.9,ok
TIC 258492932,221.8372,-70.5015,11.95,0,,,,,4,10.9,ok
TIC 71887510,166.9472,-47.2323,11.95,0,,,,,2,8.7,ok
TIC 467058752,167.5345,-60.1523,11.95,0,,,,,2,10.1,ok
TIC 209965800,211.2081,-54.2793,11.95,0,,,,,4,10.3,ok
TIC 262153390,228.2847,-69.8466,11.95,0,,,,,2,10.1,ok
TIC 73319962,154.2275,-41.7371,11.95,0,,,,,1,8.8,ok
TIC 332657364,149.9553,-17.3307,11.95,0,,,,,4,15.3,ok
TIC 402972310,226.2995,-73.5024,11.95,0,,,,,4,14.7,ok
TIC 158381418,163.5748,-36.2711,11.95,0,,51.7,rejete,variabilite_continue;eclipse_secondaire,2,15.5,ok
TIC 101007186,129.531,-17.5973,11.95,0,,,,,3,10.8,ok
TIC 308775024,151.6616,-13.4343,11.95,0,,,,,2,14.6,ok
TIC 38340995,137.6165,-29.1436,11.95,0,,,,,1,11.5,ok
TIC 306255021,166.6242,-56.0558,11.95,0,,24.3,rejete,variabilite_continue,4,24.4,ok
TIC 179921333,188.5245,-63.0871,11.96,0,,,,,3,17.3,ok
TIC 329834725,211.6989,-65.3118,11.96,0,,,,,4,14.2,ok
TIC 151959065,168.9984,-36.4594,11.96,1,10.5418,36.4,rejete,variabilite_continue,5,16.3,ok
TIC 35001854,224.6977,-58.2732,11.96,0,,,,,6,16.2,ok
TIC 259726904,224.158,-66.3952,11.97,0,,,,,2,12.6,ok
TIC 468241262,170.2877,-60.5371,11.97,0,,,,,5,15.5,ok
TIC 49045066,164.3165,-32.3224,11.97,0,,,,,4,17.4,ok
TIC 188083465,161.4336,-26.7788,11.97,0,,,,,4,10.1,ok
TIC 123253999,143.8084,-3.0205,11.97,0,,,,,4,12.7,ok
TIC 241532550,206.5569,-51.0378,11.98,0,,56.4,rejete,variabilite_continue;eclipse_secondaire,7,20.6,ok
TIC 295507430,171.2522,-66.488,11.98,1,7.3135,17.8,rejete,variabilite_continue,4,14.9,ok
TIC 412485680,193.084,-54.2285,11.99,1,4.6623,60.8,rejete,variabilite_continue,4,11.6,ok
TIC 462206806,150.4639,-55.6604,11.99,1,3.3716,31.5,rejete,variabilite_continue,4,15.8,ok
TIC 273051137,170.5765,-50.0196,11.99,0,,,,,3,6.6,ok
TIC 22214493,183.5817,-47.8465,11.99,0,,,,,3,9.5,ok
TIC 72806004,152.5675,-40.6473,11.99,0,,,,,3,7.2,ok
TIC 48973430,163.7843,-35.6332,11.99,0,,,,,2,6.2,ok
TIC 189271909,141.6413,-28.0829,12.0,0,,,,,1,8.0,ok
TIC 297223601,180.0684,-67.206,12.0,0,,,,,6,14.4,ok
TIC 297220446,180.0673,-67.7703,12.0,0,,,,,2,7.8,ok
TIC 245341495,199.7176,-50.0654,12.0,1,3.9343,39.8,rejete,variabilite_continue;eclipse_secondaire,5,11.8,ok
TIC 51325057,128.7312,-10.9303,12.0,0,,,,,1,4.4,ok
TIC 347512869,133.498,-16.7414,12.0,0,,,,,2,4.8,ok
TIC 308761607,184.2769,-64.683,12.0,0,,13.5,rejete,variabilite_continue;eclipse_secondaire,3,10.3,ok
TIC 329921262,192.3284,-68.7505,12.0,1,1.1816,46.7,rejete,variabilite_continue,5,14.0,ok
TIC 454047906,175.9531,-41.3382,12.0,0,,,,,3,8.2,ok
TIC 448990648,215.5281,-71.708,12.0,0,,,,,4,9.8,ok
TIC 60614088,137.6921,-7.4877,12.0,0,,,,,3,9.6,ok
TIC 207618341,206.8345,-54.916,12.01,0,,,,,4,13.5,ok
TIC 90154319,204.4508,-58.1576,12.01,1,2.745,15.7,rejete,variabilite_continue;eclipse_secondaire,4,10.9,ok
TIC 273817884,189.2354,-54.2049,12.01,0,,,,,2,4.4,ok
TIC 332705803,150.2019,-12.5059,12.02,0,,,,,5,12.2,ok
TIC 162922904,171.845,-44.0887,12.02,0,,37.5,rejete,variabilite_continue;eclipse_secondaire,5,14.6,ok
TIC 862047,135.2039,-4.1264,12.02,0,,,,,1,4.2,ok
TIC 73433128,154.7113,-41.194,12.02,0,,,,,4,8.5,ok
TIC 394997431,203.8206,-74.4624,12.02,0,,,,,3,11.3,ok
TIC 51364219,128.8728,-6.2588,12.02,0,,,,,1,5.2,ok
TIC 48939716,163.3853,-31.3625,12.02,0,,,,,4,7.9,ok
TIC 467779161,169.2821,-63.2996,12.02,0,,,,,4,7.2,ok
TIC 404012008,188.5192,-48.6268,12.02,0,,,,,3,8.2,ok
TIC 458740670,160.808,-57.895,12.03,0,,,,,1,9.0,ok
TIC 389148646,178.0803,-51.4971,12.03,0,,,,,3,9.9,ok
TIC 323150741,176.5405,-60.3996,12.03,0,,,,,2,7.4,ok
TIC 72927223,189.1653,-47.201,12.03,0,,,,,3,9.5,ok
TIC 334790064,184.4183,-50.0075,12.03,0,,,,,4,10.1,ok
TIC 305630106,178.8423,-60.4422,12.03,0,,,,,2,8.5,ok
TIC 375477302,152.4205,-46.4984,12.03,0,,41.4,rejete,eclipse_secondaire,3,11.7,ok
TIC 403734841,179.5657,-42.2337,12.03,0,,,,,4,11.4,ok
TIC 412540862,193.002,-56.2661,12.03,0,,,,,5,12.4,ok
TIC 38340997,137.6176,-29.1443,12.03,0,,,,,1,6.2,ok
TIC 426882871,236.7657,-69.7378,12.03,0,,,,,5,14.1,ok
TIC 375353623,152.085,-43.1944,12.03,0,,,,,1,5.4,ok
TIC 81785400,168.0557,-53.7526,12.04,0,,,,,5,15.0,ok
TIC 220005585,154.77,-52.4308,12.04,0,,,,,1,5.5,ok
TIC 450468168,186.4603,-61.8228,12.04,0,,,,,3,8.9,ok
TIC 219273179,153.6526,-52.1347,12.04,0,,,,,1,5.9,ok
TIC 331834097,212.4838,-64.0531,12.04,0,,,,,3,9.9,ok
TIC 299954761,208.2175,-62.6546,12.04,0,,,,,4,18.9,ok
TIC 311049874,185.5616,-60.0647,12.04,0,,,,,3,15.3,ok
TIC 941996822,163.5746,-36.2711,12.04,0,,51.9,rejete,variabilite_continue;eclipse_secondaire,5,13.1,ok
TIC 2220688,133.8463,-24.5774,12.05,0,,,,,1,3.5,ok
TIC 335836484,195.0182,-69.439,12.05,0,,,,,5,10.8,ok
TIC 310294189,185.1383,-62.4017,12.05,0,,71.1,rejete,variabilite_continue;eclipse_secondaire,7,17.0,ok
TIC 360622228,189.3225,-72.2459,12.05,0,,,,,3,13.2,ok
TIC 67801942,185.6197,-57.6535,12.05,0,,,,,2,8.4,ok
TIC 464605099,156.6937,-59.924,12.06,0,,,,,2,8.6,ok
TIC 329538372,191.8996,-70.5206,12.06,0,,,,,5,10.6,ok
TIC 241291714,203.5648,-51.9418,12.06,0,,,,,4,11.0,ok
TIC 333128099,181.1921,-52.5356,12.06,0,,,,,2,8.2,ok
TIC 409877090,126.8641,-17.0194,12.07,0,,,,,1,10.3,ok
TIC 439381274,195.7996,-64.8221,12.07,1,4.3143,38.1,rejete,variabilite_continue,3,12.7,ok
TIC 381996371,208.7008,-62.6852,12.07,0,,47.8,rejete,variabilite_continue,5,17.0,ok
TIC 13833280,134.3064,-10.8142,12.07,0,,,,,1,4.6,ok
TIC 195256633,222.683,-57.7613,12.07,0,,29.3,rejete,variabilite_continue,5,16.1,ok
TIC 468240308,170.3128,-60.6238,12.08,0,,,,,2,7.9,ok
TIC 158450472,163.7766,-39.8446,12.08,0,,,,,5,13.2,ok
TIC 263656216,216.8361,-55.0722,12.08,0,,,,,4,8.0,ok
TIC 13709577,133.4099,-8.7968,12.08,0,,,,,1,5.1,ok
TIC 318920788,204.5324,-61.3414,12.08,0,,,,,4,8.7,ok
TIC 394718427,202.1161,-74.4708,12.08,0,,,,,3,11.0,ok
TIC 43354942,228.9329,-58.5144,12.08,0,,,,,5,11.6,ok
TIC 288224503,187.3151,-51.0039,12.08,0,,28.8,rejete,variabilite_continue;eclipse_secondaire,4,13.7,ok
TIC 429388756,207.1445,-66.7257,12.08,0,,,,,4,11.5,ok
TIC 404153438,195.2399,-49.2035,12.09,0,,,,,4,10.2,ok
TIC 21112004,186.7113,-49.7772,12.09,0,,,,,4,8.9,ok
TIC 303301402,159.5597,-49.5665,12.09,0,,,,,8,15.2,ok
TIC 67699045,182.4236,-58.9116,12.09,0,,,,,2,6.2,ok
TIC 176397361,131.723,-18.9321,12.1,0,,,,,1,6.2,ok
TIC 45555201,148.6396,-36.1054,12.1,0,,,,,1,6.9,ok
TIC 37921735,136.4673,-29.1925,12.1,0,,,,,1,5.8,ok
TIC 263166679,216.6742,-55.2257,12.1,0,,,,,4,12.2,ok
TIC 404227343,195.4368,-52.5917,12.1,1,3.4963,14.4,rejete,variabilite_continue,3,7.0,ok
TIC 432105279,136.9635,-18.6228,12.1,0,,,,,3,13.1,ok
TIC 105884066,157.0341,-38.5678,12.1,0,,,,,3,12.5,ok
TIC 47683119,158.8569,-29.7023,12.1,0,,,,,4,10.9,ok
TIC 106756918,160.8411,-41.3776,12.1,0,,,,,3,8.3,ok
TIC 162262894,169.0055,-45.4999,12.1,0,,,,,3,8.2,ok
TIC 52012791,144.6349,-18.3363,12.1,0,,,,,1,5.3,ok
TIC 265338723,133.4954,0.2956,12.1,0,,,,,1,7.8,ok
TIC 456423098,231.4416,-65.8873,12.1,0,,,,,4,11.8,ok
TIC 294112461,159.1601,-50.7263,12.11,0,,,,,4,9.1,ok
TIC 294191640,159.3642,-45.3633,12.11,0,,,,,5,9.6,ok
TIC 152363448,171.0174,-36.7538,12.11,0,,,,,3,8.3,ok
TIC 241279195,203.382,-51.1717,12.11,0,,,,,4,10.9,ok
TIC 219356803,153.6543,-48.9698,12.11,0,,,,,1,3.3,ok
TIC 467558608,168.8106,-65.1104,12.11,0,,,,,2,6.1,ok
TIC 96033960,146.3523,-8.7193,12.11,0,,,,,1,4.8,ok
TIC 258094384,221.2138,-69.393,12.11,0,,,,,6,11.9,ok
TIC 449046160,215.564,-70.3966,12.11,0,,,,,9,17.1,ok
TIC 337147104,196.8227,-68.7364,12.11,0,,,,,5,9.6,ok
TIC 405508600,190.3439,-57.346,12.11,0,,,,,5,10.9,ok
TIC 308692360,135.182,-15.7808,12.11,0,,,,,1,3.7,ok
TIC 449610474,200.5836,-63.4078,12.11,0,,,,,3,7.3,ok
TIC 463365347,153.7295,-58.6779,12.11,1,8.9639,13.6,rejete,variabilite_continue,4,10.5,ok
TIC 169195306,127.3925,-4.0174,12.11,0,,,,,2,4.9,ok
TIC 62685906,143.0208,-4.9288,12.12,0,,,,,1,4.7,ok
TIC 37754672,135.7667,-29.2807,12.12,1,7.0669,12.9,rejete,variabilite_continue,2,8.2,ok
TIC 332414006,213.0919,-60.3103,12.12,0,,,,,4,11.7,ok
TIC 259834345,224.1166,-68.968,12.12,0,,,,,7,16.5,ok
TIC 273276384,188.5773,-57.1766,12.12,0,,,,,3,8.5,ok
TIC 158223878,162.6241,-39.7614,12.12,0,,,,,5,14.8,ok
TIC 73319961,154.2266,-41.7369,12.12,0,,,,,1,7.9,ok
TIC 360331566,188.1284,-72.9186,12.12,0,,,,,2,11.3,ok
TIC 36718594,150.7756,-44.023,12.12,0,,,,,1,3.9,ok
TIC 47683120,158.8579,-29.7011,12.12,0,,,,,4,13.7,ok
TIC 38149909,137.2821,-28.5548,12.12,0,,,,,1,7.6,ok
TIC 409737195,126.2206,-15.8721,12.12,0,,,,,1,8.3,ok
TIC 458399518,159.7636,-59.454,12.12,0,,,,,2,13.8,ok
TIC 105884067,157.0345,-38.5672,12.13,0,,,,,2,9.9,ok
TIC 257601932,220.4289,-66.656,12.13,0,,,,,4,11.9,ok
TIC 253319679,195.9201,-56.5817,12.13,0,,,,,3,9.8,ok
TIC 311049899,185.5534,-60.0683,12.13,0,,,,,3,10.4,ok
TIC 296850254,176.6483,-70.3358,12.13,1,6.7682,35.3,rejete,variabilite_continue,4,15.2,ok
TIC 394604516,201.3731,-74.7873,12.13,0,,,,,3,9.9,ok
TIC 131530268,229.3825,-51.9884,12.13,0,,,,,3,9.9,ok
TIC 319378090,204.923,-63.3943,12.14,0,,,,,3,10.4,ok
TIC 403368444,229.8837,-73.5226,12.14,1,6.5564,90.8,rejete,variabilite_continue,5,16.3,ok
TIC 258330621,221.4106,-66.0732,12.14,0,,,,,4,12.7,ok
TIC 152481891,171.6991,-41.2528,12.14,0,,,,,2,7.6,ok
TIC 358850609,151.6645,-22.8669,12.14,0,,,,,2,8.0,ok
TIC 409970523,145.2624,-14.4968,12.14,0,,,,,2,7.7,ok
TIC 72180082,186.5832,-47.6504,12.14,0,,,,,3,10.8,ok
TIC 324100081,176.9268,-60.4105,12.15,0,,,,,2,7.3,ok
TIC 405089321,185.4947,-67.9153,12.15,0,,,,,5,11.3,ok
TIC 443367158,199.1499,-62.7195,12.15,0,,,,,3,10.5,ok
TIC 36718161,150.7569,-43.7999,12.15,0,,15.1,rejete,variabilite_continue;eclipse_secondaire,5,13.9,ok
TIC 21948347,147.3109,-25.7439,12.15,0,,,,,3,5.1,ok
TIC 188084908,161.3631,-29.6786,12.15,0,,,,,3,9.0,ok
TIC 324100093,176.9282,-60.4115,12.15,0,,,,,2,9.7,ok
TIC 280775141,136.7836,-3.1039,12.16,0,,,,,3,10.9,ok
TIC 308984536,150.8982,-27.2954,12.16,0,,,,,5,11.2,ok
TIC 272885760,161.8187,-48.877,12.16,0,,,,,2,8.7,ok
TIC 146377740,158.6183,-46.5157,12.16,0,,,,,2,9.5,ok
TIC 316140945,203.278,-62.0374,12.17,0,,,,,4,12.6,ok
TIC 455569033,229.3234,-65.3675,12.17,0,,,,,4,12.2,ok
TIC 158405309,163.4703,-41.3677,12.17,0,,,,,2,10.7,ok
TIC 868993893,147.8602,-46.663,12.17,0,,,,,2,10.6,ok
TIC 119470607,226.6406,-52.4601,12.17,0,,,,,3,8.2,ok
TIC 290674357,174.0928,-60.8874,12.17,0,,,,,6,15.3,ok
TIC 29937483,166.4406,-38.356,12.17,0,,,,,2,9.6,ok
TIC 456488426,231.6692,-61.1825,12.18,0,,,,,3,9.2,ok
TIC 32994970,144.64,-42.3917,12.18,0,,,,,1,6.8,ok
TIC 70993065,152.9845,-30.5831,12.18,0,,,,,2,6.4,ok
TIC 101426609,149.0842,-35.3011,12.18,0,,,,,5,9.3,ok
TIC 25784583,145.6025,-35.6032,12.18,0,,,,,1,6.7,ok
TIC 17682958,135.6123,-33.1934,12.19,0,,,,,3,7.8,ok
TIC 263349427,231.029,-71.4861,12.19,0,,,,,4,9.2,ok
TIC 314401071,202.5525,-64.2961,12.19,1,1.3702,16.8,rejete,variabilite_continue;eclipse_secondaire,2,10.3,ok
TIC 413007047,204.7113,-58.7055,12.19,0,,,,,3,13.9,ok
TIC 317497604,203.9777,-65.1067,12.19,0,,,,,2,7.2,ok
TIC 402972304,226.3039,-73.5032,12.19,0,,,,,4,12.1,ok
TIC 46999289,143.541,-7.4336,12.19,0,,12.7,rejete,variabilite_continue,3,13.3,ok
TIC 103111027,156.4019,-43.416,12.19,0,,,,,2,8.8,ok
TIC 193019874,155.4053,-25.6499,12.2,0,,,,,4,10.9,ok
TIC 244943765,197.1354,-50.8922,12.2,0,,,,,6,14.1,ok
TIC 32822369,144.1709,-44.2472,12.2,0,,,,,5,10.1,ok
TIC 432132155,137.3117,-19.778,12.2,1,2.4492,32.7,rejete,variabilite_continue,3,9.5,ok
TIC 188083463,161.4354,-26.7779,12.2,0,,,,,3,8.9,ok
TIC 335860261,214.5001,-62.3552,12.2,1,4.2446,33.1,rejete,variabilite_continue,5,14.9,ok
TIC 119082478,136.225,-20.2963,12.2,0,,,,,4,9.9,ok
TIC 105712339,156.4123,-38.8593,12.2,0,,,,,2,5.2,ok
TIC 12061971,146.7163,-35.2065,12.2,0,,,,,2,9.1,ok
TIC 189097100,140.4222,-29.1081,12.2,0,,,,,2,6.7,ok
TIC 272055801,187.2747,-54.9309,12.2,0,,,,,3,11.6,ok
TIC 13349647,131.5804,-8.027,12.21,2,1.5471;1.5355,29.7,rejete,variabilite_continue;eclipse_secondaire,5,15.2,ok
TIC 401228266,187.627,-52.3747,12.21,0,,,,,2,9.0,ok
TIC 118603213,130.2235,-19.8512,12.21,1,1.8546,15.7,rejete,variabilite_continue;eclipse_secondaire,3,19.0,ok
TIC 37690653,135.7729,-24.2648,12.21,0,,,,,1,9.3,ok
TIC 68598724,202.831,-54.9761,12.21,0,,,,,6,22.0,ok
TIC 409952137,213.8784,-58.1483,12.21,0,,,,,4,11.4,ok
TIC 71250578,154.3474,-30.6727,12.21,0,,,,,2,8.7,ok
TIC 158195536,162.2498,-41.304,12.21,0,,,,,2,9.0,ok
TIC 273706145,189.0341,-57.419,12.21,0,,,,,3,10.2,ok
TIC 192088566,137.0994,-37.3766,12.21,0,,,,,1,8.5,ok
TIC 102914937,155.7711,-46.0943,12.21,0,,,,,1,6.0,ok
TIC 68597876,202.8664,-55.1951,12.21,0,,,,,4,11.4,ok
TIC 169475779,193.9827,-53.9254,12.22,0,,,,,5,11.2,ok
TIC 13389515,131.5736,-7.7159,12.22,0,,,,,1,5.7,ok
TIC 284041308,152.4907,-18.7503,12.22,0,,,,,2,6.7,ok
TIC 396136841,211.1554,-75.3544,12.22,0,,,,,3,7.1,ok
TIC 400701570,219.9672,-65.5972,12.22,0,,,,,4,10.5,ok
TIC 192559584,154.791,-18.109,12.22,0,,,,,6,10.6,ok
TIC 453028731,144.2526,1.0071,12.22,0,,,,,2,5.3,ok
TIC 45605519,148.9652,-40.311,12.22,0,,,,,5,11.8,ok
TIC 273460874,188.7468,-58.1813,12.23,0,,,,,2,5.8,ok
TIC 404012623,188.5849,-48.2555,12.23,0,,,,,4,8.2,ok
TIC 193096383,156.8735,-27.5155,12.23,0,,,,,2,7.0,ok
TIC 284041309,152.4897,-18.7519,12.23,0,,,,,2,7.5,ok
TIC 864994698,155.7711,-46.095,12.23,0,,,,,1,6.7,ok
TIC 447054140,156.6623,-52.2369,12.23,1,5.2221,41.6,rejete,variabilite_continue,3,9.9,ok
TIC 280675564,172.9907,-68.9218,12.23,0,,,,,8,20.1,ok
TIC 868968612,148.5618,-47.0369,12.23,0,,,,,1,5.5,ok
TIC 447674676,157.6611,-50.5221,12.23,0,,,,,1,4.7,ok
TIC 448881566,214.1127,-67.5824,12.23,0,,,,,3,7.3,ok
TIC 142753989,138.0588,-2.655,12.23,0,,,,,1,5.8,ok
TIC 434479001,156.2713,-20.1389,12.23,0,,,,,5,10.4,ok
TIC 1260235,131.4076,-26.5031,12.24,0,,,,,1,8.4,ok
TIC 334981118,184.822,-49.872,12.24,1,5.5876,32.6,rejete,variabilite_continue,3,9.2,ok
TIC 286099128,140.8456,2.9324,12.24,1,1.8894,16.9,rejete,variabilite_continue,3,9.0,ok
TIC 32988999,144.4715,-44.3916,12.24,0,,,,,1,4.6,ok
TIC 449368963,199.9378,-60.5752,12.24,0,,,,,3,8.4,ok
TIC 461044622,232.3446,-64.8417,12.24,0,,,,,4,10.6,ok
TIC 447667458,157.6609,-50.5274,12.24,0,,,,,1,8.5,ok
TIC 165291589,178.9932,-41.5801,12.25,0,,,,,5,11.4,ok
TIC 463116536,152.9662,-56.1778,12.25,0,,,,,1,4.4,ok
TIC 311377842,181.0753,-68.8509,12.25,0,,,,,6,11.7,ok
TIC 270457662,135.3139,0.8418,12.26,1,3.1511,24.0,rejete,variabilite_continue,3,11.0,ok
TIC 71887536,166.9448,-47.238,12.26,0,,,,,2,7.9,ok
TIC 22321793,183.8945,-43.7139,12.26,0,,,,,3,5.8,ok
TIC 448974504,215.0976,-67.8841,12.26,0,,,,,3,6.7,ok
TIC 209344314,210.2255,-57.2024,12.26,0,,,,,4,10.5,ok
TIC 44283994,229.3972,-59.7357,12.26,0,,,,,4,10.6,ok
TIC 176442805,131.8978,-21.8593,12.27,0,,,,,3,10.9,ok
TIC 101503100,149.4067,-33.6624,12.27,0,,,,,1,5.3,ok
TIC 280945693,174.0693,-69.4643,12.27,0,,,,,7,13.3,ok
TIC 942368354,163.785,-35.6336,12.27,0,,,,,2,6.4,ok
TIC 386456916,128.2079,-13.0643,12.27,1,7.1423,16.5,rejete,variabilite_continue,3,10.8,ok
TIC 434477274,156.1209,-23.0041,12.27,0,,22.7,rejete,variabilite_continue,4,13.7,ok
TIC 434563064,191.292,-62.5436,12.28,0,,,,,3,8.3,ok
TIC 831381057,135.2627,-21.4173,12.28,0,,,,,4,6.9,ok
TIC 77478617,141.6794,-3.7704,12.28,0,,,,,2,5.6,ok
TIC 20042416,137.0389,-7.7876,12.29,0,,,,,1,3.1,ok
TIC 1084245,130.9265,-25.1197,12.29,0,,,,,1,3.5,ok
TIC 404012628,188.5857,-48.2539,12.29,0,,,,,2,4.3,ok
TIC 308007414,167.3245,-55.0268,12.29,0,,,,,2,4.8,ok
TIC 415187404,189.3617,-62.2897,12.29,0,,,,,3,5.8,ok
TIC 152230058,170.4366,-37.9899,12.29,0,,,,,3,6.6,ok
TIC 17896514,136.2196,-31.9301,12.29,1,2.6377,42.5,rejete,variabilite_continue,3,8.0,ok
TIC 179921328,188.5301,-63.0866,12.29,0,,,,,3,5.5,ok
TIC 2220684,133.8486,-24.5801,12.29,0,,,,,1,3.9,ok
TIC 166562943,192.8466,-48.104,12.29,0,,,,,3,7.3,ok
TIC 72005718,167.4101,-45.5071,12.3,0,,,,,2,6.6,ok
TIC 22247626,183.6589,-46.0557,12.3,0,,,,,5,11.0,ok
TIC 91634476,171.3545,-53.3906,12.3,0,,,,,2,6.0,ok
TIC 329649607,192.1322,-68.4817,12.3,0,,,,,2,5.8,ok
TIC 118158916,128.8807,-21.7966,12.3,0,,,,,1,4.1,ok
TIC 446684383,156.1296,-49.7659,12.3,1,2.3129,20.3,rejete,variabilite_continue,3,11.2,ok
TIC 390597173,217.5941,-60.6916,12.3,0,,,,,4,8.9,ok
TIC 60729491,138.5094,-7.7711,12.31,0,,,,,1,7.6,ok
TIC 448589187,166.3187,-34.1227,12.31,0,,55.9,rejete,variabilite_continue;eclipse_secondaire,5,16.6,ok
TIC 358850612,151.6642,-22.8663,12.31,0,,,,,2,3.5,ok
TIC 261674916,185.8092,-55.6713,12.31,0,,,,,7,11.4,ok
TIC 348837694,134.7565,-16.9439,12.32,0,,,,,1,3.4,ok
TIC 412226318,180.7581,-69.0869,12.32,0,,,,,2,5.0,ok
TIC 404280088,195.6278,-52.9527,12.32,0,,,,,4,8.9,ok
TIC 168312820,154.328,-25.9144,12.32,0,,,,,6,10.3,ok
TIC 447898413,157.866,-51.6966,12.32,0,,,,,1,3.7,ok
TIC 308007049,167.3554,-55.0984,12.32,0,,,,,3,7.0,ok
TIC 263486257,234.5483,-71.9279,12.32,0,,64.5,rejete,variabilite_continue;eclipse_secondaire,7,21.3,ok
TIC 21164029,186.9722,-49.6046,12.33,0,,,,,3,5.8,ok
TIC 273460871,188.7454,-58.1812,12.33,0,,,,,2,6.7,ok
TIC 296354161,125.3489,-13.5078,12.33,1,6.0053,17.4,rejete,variabilite_continue,2,7.3,ok
TIC 47288893,134.947,-10.3468,12.33,0,,,,,1,4.6,ok
TIC 88977253,123.0977,-5.7687,12.33,0,,27.6,rejete,variabilite_continue;eclipse_secondaire,4,12.2,ok
TIC 272355255,154.2799,-52.5982,12.33,0,,,,,1,5.4,ok
TIC 7849349,132.8179,-0.0247,12.34,0,,,,,1,5.7,ok
TIC 72061932,167.5743,-42.7199,12.34,0,,,,,1,6.2,ok
TIC 332946719,180.8756,-53.4106,12.34,0,,,,,5,11.4,ok
TIC 423275733,140.5063,-23.9461,12.34,2,1.025;2.0489,52.0,rejete,variabilite_continue;eclipse_secondaire,5,14.5,ok
TIC 72401290,187.1107,-46.0729,12.34,1,6.5419,15.6,rejete,variabilite_continue,4,12.2,ok
TIC 461108807,159.6139,-62.3676,12.34,0,,,,,4,7.7,ok
TIC 192990043,155.2387,-28.7386,12.34,0,,,,,3,6.6,ok
TIC 106757680,160.9018,-41.8463,12.34,0,,,,,2,5.6,ok
TIC 364427226,161.2806,-48.6493,12.34,0,,12.5,rejete,variabilite_continue,4,10.7,ok
TIC 71341774,154.7513,-35.6839,12.34,1,3.4325,41.7,rejete,variabilite_continue,4,10.9,ok
TIC 447369160,157.2264,-52.749,12.34,0,,,,,1,6.6,ok
TIC 151641733,166.9298,-37.533,12.34,0,,,,,7,12.7,ok
TIC 29937142,166.435,-37.9168,12.34,0,,,,,4,7.5,ok
TIC 997524914,181.4985,-45.7319,12.35,0,,,,,3,9.1,ok
TIC 13833284,134.3225,-10.8051,12.35,0,,,,,1,6.2,ok
TIC 170883267,139.1033,-0.3104,12.35,0,,,,,5,14.7,ok
TIC 1133363476,224.1345,-58.0727,12.35,0,,,,,6,10.4,ok
TIC 5471801,143.0173,-41.6154,12.35,0,,,,,5,8.6,ok
TIC 348756659,134.1922,-12.5726,12.35,2,3.7254;11.177,16.8,rejete,variabilite_continue;eclipse_secondaire,3,8.7,ok
TIC 292303148,218.2695,-55.9871,12.35,0,,,,,4,9.2,ok
TIC 88999533,123.1922,-4.2477,12.35,1,5.0365,10.3,rejete,variabilite_continue,2,6.4,ok
TIC 411676439,189.4279,-54.0757,12.35,0,,,,,2,4.5,ok
TIC 389214920,179.8236,-42.6114,12.36,0,,,,,4,8.0,ok
TIC 360622220,189.3214,-72.2484,12.36,0,,,,,3,6.2,ok
TIC 330424797,211.9693,-60.6202,12.36,1,8.6245,29.8,rejete,variabilite_continue,4,10.1,ok
TIC 356374341,140.7565,-0.3402,12.36,0,,,,,1,5.2,ok
TIC 329691586,212.5474,-51.4531,12.36,0,,,,,4,8.8,ok
TIC 45599777,148.8261,-39.883,12.37,1,2.6667,11.2,rejete,variabilite_continue;eclipse_secondaire,6,13.2,ok
TIC 464328419,155.8413,-55.679,12.37,0,,52.5,a_verifier,,4,16.3,ok
TIC 21012193,186.4007,-48.8247,12.37,0,,,,,3,10.5,ok
TIC 209923610,211.181,-55.4477,12.37,0,,110.7,rejete,variabilite_continue;eclipse_secondaire,5,14.0,ok
TIC 939256498,177.7575,-47.1794,12.37,0,,,,,3,7.7,ok
TIC 304426002,177.7961,-65.3168,12.37,1,5.7675,49.5,rejete,variabilite_continue,4,12.3,ok
TIC 163029327,191.0291,-48.1031,12.37,1,2.5652,46.1,rejete,variabilite_continue,3,11.6,ok
TIC 359523751,201.2396,-57.7339,12.37,0,,50.6,rejete,variabilite_continue;eclipse_secondaire,5,16.2,ok
TIC 71670818,156.3207,-32.4927,12.37,0,,,,,2,4.9,ok
TIC 386317531,127.6968,-13.1862,12.37,0,,,,,3,8.6,ok
TIC 29726448,151.2488,-32.6628,12.37,0,,,,,1,8.2,ok
TIC 293843386,141.5423,-0.1298,12.38,0,,,,,3,7.9,ok
TIC 2397505,134.386,-25.2987,12.38,0,,,,,1,5.4,ok
TIC 209383792,210.2363,-59.79,12.38,0,,,,,4,12.8,ok
TIC 293427299,222.1459,-62.4954,12.38,0,,,,,3,8.4,ok
TIC 19694663,125.3776,-11.3385,12.38,0,,,,,1,4.9,ok
TIC 861345064,158.7389,-53.8978,12.38,0,,,,,6,14.9,ok
TIC 348837698,134.7598,-16.9484,12.38,0,,,,,2,7.6,ok
TIC 71221700,154.0486,-29.9763,12.39,0,,,,,5,9.5,ok
TIC 5709314,143.5956,-41.5258,12.39,1,1.3093,10.2,rejete,variabilite_continue,2,8.9,ok
TIC 446895445,232.5299,-71.3661,12.39,0,,,,,4,9.4,ok
TIC 160522555,189.4736,-49.1152,12.39,1,1.3064,14.6,rejete,variabilite_continue;eclipse_secondaire,4,11.2,ok
TIC 19451299,124.5501,-7.097,12.39,0,,,,,1,4.8,ok
TIC 38118291,137.0189,-28.916,12.39,0,,,,,3,8.3,ok
TIC 997607631,183.8937,-43.7134,12.39,0,,,,,3,10.0,ok
TIC 35652085,148.725,-43.6884,12.39,1,2.2055,65.5,rejete,variabilite_continue,5,16.4,ok
TIC 457789844,158.2163,-59.8804,12.39,0,,44.4,rejete,variabilite_continue;eclipse_secondaire,4,12.7,ok
TIC 1042208394,217.7432,-54.1032,12.4,0,,,,,3,6.9,ok
TIC 21009910,186.4086,-50.2509,12.4,0,,,,,4,8.7,ok
TIC 329156148,191.5052,-69.2654,12.4,0,,,,,3,9.1,ok
TIC 136504576,150.7313,-48.6284,12.4,0,,,,,3,6.6,ok
TIC 18657235,137.7094,-35.2253,12.4,0,,,,,1,2.8,ok
TIC 293522110,142.7793,-13.229,12.4,0,,,,,1,4.8,ok
TIC 81854401,168.1424,-49.0496,12.4,0,,,,,2,4.7,ok
TIC 293605269,149.6469,-14.7502,12.4,0,,,,,5,7.5,ok
TIC 121288727,128.6222,-5.3167,12.4,0,,,,,1,6.3,ok
TIC 310496060,152.5158,-47.9502,12.41,0,,,,,1,5.0,ok
TIC 14308792,144.6656,-1.9375,12.41,0,,,,,1,3.6,ok
TIC 419576284,191.2191,-57.534,12.41,0,,,,,3,7.2,ok
TIC 188080519,161.2698,-27.9541,12.41,0,,,,,2,5.5,ok
TIC 106260536,158.6426,-36.5965,12.41,0,,,,,4,10.5,ok
TIC 454239657,226.2321,-65.52,12.41,0,,,,,4,9.8,ok
TIC 360626882,189.5177,-73.0589,12.41,0,,,,,3,10.3,ok
TIC 448970489,215.1976,-67.1928,12.41,0,,,,,4,14.4,ok
TIC 290653193,141.243,4.6045,12.41,0,,,,,1,4.2,ok
TIC 262835482,229.5843,-68.315,12.41,0,,,,,4,9.3,ok
TIC 162694692,190.818,-52.3479,12.42,0,,,,,3,6.7,ok
TIC 120596335,163.6688,-48.7841,12.42,0,,,,,6,13.1,ok
TIC 438733975,201.4917,-51.1959,12.42,0,,,,,4,7.5,ok
TIC 410094645,133.2589,-22.1981,12.42,1,1.6573,29.2,rejete,variabilite_continue;eclipse_secondaire,7,16.6,ok
TIC 401028336,220.0046,-62.3777,12.42,0,,,,,5,10.3,ok
TIC 305540712,139.4831,-16.3105,12.43,0,,,,,1,3.4,ok
TIC 418101940,146.2112,-18.3888,12.43,0,,,,,2,6.3,ok
TIC 152024989,169.3687,-37.0364,12.43,0,,,,,2,6.0,ok
TIC 105759569,156.3879,-37.4077,12.43,1,1.8865,22.2,rejete,variabilite_continue;eclipse_secondaire,2,9.8,ok
TIC 334404665,183.3126,-53.5449,12.43,0,,,,,3,8.4,ok
TIC 29726450,151.2489,-32.6615,12.43,0,,,,,1,8.0,ok
TIC 315002523,144.9269,-28.5856,12.43,1,3.2875,44.2,rejete,variabilite_continue;eclipse_secondaire,6,17.0,ok
TIC 263775090,231.3809,-67.5537,12.43,0,,,,,3,11.0,ok
TIC 21641097,180.5016,-41.9386,12.43,0,,,,,4,10.6,ok
TIC 331297805,212.5964,-60.1384,12.44,1,4.9814,67.3,rejete,variabilite_continue,4,13.7,ok
TIC 68024924,190.1408,-56.9252,12.44,0,,,,,2,8.8,ok
TIC 189623014,144.1661,-27.5755,12.44,0,,,,,1,9.2,ok
TIC 48103627,147.4067,-33.2185,12.44,1,4.5695,48.2,rejete,variabilite_continue,4,7.9,ok
TIC 72799896,152.3966,-38.4378,12.44,0,,,,,1,5.6,ok
TIC 35129221,147.8651,-47.1824,12.44,0,,,,,1,6.1,ok
TIC 452244393,174.0137,-59.1871,12.44,0,,,,,2,6.6,ok
TIC 425794213,233.9615,-72.884,12.44,0,,,,,5,11.4,ok
TIC 933456043,166.655,-53.9567,12.44,0,,,,,2,8.7,ok
TIC 71035969,153.1559,-32.4068,12.44,0,,,,,2,8.8,ok
TIC 425871236,235.158,-74.3311,12.44,0,,,,,5,10.0,ok
TIC 303732826,168.7671,-34.1472,12.44,0,,,,,3,6.7,ok
TIC 460686828,158.3891,-61.7167,12.44,0,,35.8,rejete,variabilite_continue,4,15.9,ok
TIC 54147301,160.5355,-33.3585,12.44,0,,,,,5,13.6,ok
TIC 170317186,194.6761,-48.5315,12.44,0,,,,,4,11.0,ok
TIC 38031073,136.6938,-26.1264,12.45,0,,,,,3,9.3,ok
TIC 463479812,154.0234,-54.3914,12.45,0,,,,,1,6.4,ok
TIC 459604398,163.0909,-56.2639,12.45,0,,,,,3,9.1,ok
TIC 463508231,154.067,-55.7126,12.45,0,,31.1,rejete,variabilite_continue,4,14.7,ok
TIC 280667150,172.9569,-67.0065,12.45,0,,29.4,rejete,variabilite_continue;eclipse_secondaire,6,15.1,ok
TIC 262373716,228.6458,-66.1657,12.45,0,,,,,4,9.9,ok
TIC 44640568,146.1144,-36.3487,12.45,0,,,,,1,6.6,ok
TIC 411624704,185.4238,-54.563,12.46,0,,,,,2,6.2,ok
TIC 253395226,196.5774,-54.6612,12.46,0,,,,,3,8.0,ok
TIC 178707278,165.8665,-46.6342,12.46,0,,,,,5,11.0,ok
TIC 132072541,148.2228,-48.7637,12.46,0,,,,,1,3.9,ok
TIC 457626209,157.7257,-59.6092,12.46,0,,,,,5,10.5,ok
TIC 4261594,140.5501,-40.4658,12.46,0,,,,,1,5.2,ok
TIC 1042640023,219.1352,-52.0649,12.46,0,,,,,4,10.1,ok
TIC 179666988,146.0699,-3.6948,12.47,0,,,,,1,10.6,ok
TIC 316295827,203.4657,-65.1427,12.47,0,,,,,2,8.7,ok
TIC 62061163,178.2555,-44.9142,12.47,0,,,,,3,4.9,ok
TIC 394443982,200.2185,-73.7749,12.47,0,,40.5,rejete,variabilite_continue,4,9.3,ok
TIC 47212094,134.5338,-10.5751,12.47,0,,,,,2,7.0,ok
TIC 300464674,208.5645,-63.9276,12.47,0,,,,,4,9.7,ok
TIC 332654765,149.6953,-12.5093,12.47,0,,,,,4,6.8,ok
TIC 165909066,192.4432,-47.9757,12.47,0,,,,,6,10.2,ok
TIC 457018819,201.7418,-55.9152,12.47,1,2.9133,127.9,rejete,variabilite_continue,4,10.7,ok
TIC 458192739,159.4958,-55.7557,12.48,0,,,,,5,9.4,ok
TIC 258101498,221.1437,-71.9421,12.48,0,,,,,4,7.9,ok
TIC 176397088,131.743,-18.6433,12.48,0,,,,,4,7.3,ok
TIC 300032879,141.0184,-4.7525,12.48,0,,,,,1,4.9,ok
TIC 15356717,185.107,-47.9006,12.48,0,,,,,3,6.0,ok
TIC 403779498,220.8758,-61.3204,12.48,0,,,,,4,7.8,ok
TIC 34871128,147.4963,-42.2982,12.48,0,,,,,1,4.2,ok
TIC 409952138,213.8811,-58.1485,12.48,0,,,,,4,7.2,ok
TIC 80677458,165.932,-52.8455,12.49,0,,,,,2,4.9,ok
TIC 446918603,232.6053,-67.9388,12.49,1,8.0125,53.2,rejete,variabilite_continue,5,13.6,ok
TIC 36719346,150.8286,-44.3916,12.49,0,,,,,1,3.7,ok
TIC 463479816,154.0248,-54.3917,12.49,0,,,,,1,3.1,ok
TIC 189625051,144.2876,-29.8004,12.49,1,4.9089,61.1,rejete,variabilite_continue,4,11.1,ok
TIC 178657161,165.8589,-44.2687,12.49,0,,,,,4,8.3,ok
TIC 253395242,196.5778,-54.6666,12.49,0,,,,,3,8.3,ok
TIC 180994615,172.7781,-37.3964,12.49,0,,,,,4,7.7,ok
TIC 71248239,154.2653,-33.9172,12.49,0,,,,,8,14.7,ok
TIC 37924801,136.4999,-26.6224,12.49,0,,,,,1,5.7,ok
TIC 294112460,159.1621,-50.7264,12.49,0,,,,,4,7.8,ok
TIC 382749451,183.4002,-60.7524,12.5,0,,,,,3,6.1,ok
TIC 44990087,146.8532,-37.0273,12.5,0,,,,,4,9.5,ok
TIC 13437961,132.1143,-10.7547,12.5,0,,,,,1,4.4,ok
TIC 310496058,152.515,-47.9512,12.5,0,,,,,1,4.0,ok
TIC 17682961,135.6121,-33.1947,12.5,0,,,,,2,3.6,ok
TIC 106083343,157.9064,-37.8211,12.5,0,,,,,2,6.0,ok
TIC 72542131,151.681,-39.7108,12.5,2,5.4745;10.945,40.5,rejete,variabilite_continue,3,10.9,ok
TIC 327282466,189.121,-66.9475,12.5,0,,,,,2,6.2,ok
TIC 356374340,140.7554,-0.3409,12.51,0,,,,,1,3.9,ok
TIC 312578034,182.4809,-66.304,12.51,0,,,,,2,6.5,ok
TIC 166242494,192.8173,-52.8105,12.51,0,,,,,3,5.6,ok
TIC 263166635,216.6706,-55.2169,12.51,0,,,,,4,8.0,ok
TIC 464711858,156.9433,-56.7604,12.51,1,2.3477,10.1,rejete,variabilite_continue;eclipse_secondaire,3,9.0,ok
TIC 296780789,142.3468,-14.512,12.52,0,,,,,4,9.0,ok
TIC 241661288,207.9598,-52.3911,12.52,0,,,,,3,6.3,ok
TIC 467244015,167.8473,-60.5522,12.52,0,,,,,2,6.7,ok
TIC 392736653,175.7176,-67.2435,12.52,0,,,,,5,9.3,ok
TIC 68081952,193.4605,-54.3459,12.52,1,7.7021,54.4,rejete,variabilite_continue,4,11.0,ok
TIC 449557444,200.3661,-63.2314,12.53,0,,,,,3,10.6,ok
TIC 287584141,184.6128,-56.0021,12.53,1,2.31,24.4,rejete,variabilite_continue;eclipse_secondaire,3,9.3,ok
TIC 5480294,142.9417,-36.8663,12.53,0,,,,,1,5.0,ok
TIC 311051982,185.6658,-60.3402,12.53,0,,,,,5,10.8,ok
TIC 451254008,171.0153,-57.5436,12.53,0,,,,,3,7.4,ok
TIC 325259159,209.3431,-61.1824,12.53,0,,,,,4,7.8,ok
TIC 425644497,232.4097,-72.351,12.53,0,,,,,4,10.5,ok
TIC 15363163,185.1081,-50.086,12.53,0,,,,,4,8.0,ok
TIC 71621599,156.2007,-34.4499,12.54,0,,,,,3,11.6,ok
TIC 34737413,147.1745,-46.0806,12.54,1,1.5297,51.5,rejete,variabilite_continue,4,14.3,ok
TIC 273343825,188.6756,-54.5796,12.54,0,,,,,3,5.8,ok
TIC 332656914,149.8401,-17.4833,12.54,0,,,,,4,7.1,ok
TIC 289535142,131.5249,-13.2029,12.54,0,,46.7,rejete,variabilite_continue,5,14.3,ok
TIC 450932204,169.9006,-54.08,12.54,0,,,,,2,5.8,ok
TIC 446720239,217.6934,-69.2899,12.54,0,,,,,4,9.9,ok
TIC 102689293,155.4598,-41.9827,12.54,0,,,,,2,5.6,ok
TIC 395178027,205.1593,-72.2675,12.54,0,,,,,3,8.3,ok
TIC 78009874,142.3989,-42.6649,12.54,0,,,,,1,7.1,ok
TIC 458300989,159.6574,-56.5932,12.54,1,2.0692,12.6,rejete,variabilite_continue;eclipse_secondaire,4,13.0,ok
TIC 466187603,165.2714,-63.854,12.55,0,,,,,1,5.0,ok
TIC 419503191,191.3009,-55.319,12.55,1,8.1604,15.6,rejete,variabilite_continue,3,11.4,ok
TIC 132542388,148.7009,-52.9104,12.55,0,,,,,1,4.7,ok
TIC 133512515,150.0222,-53.4609,12.55,1,9.7935,11.7,rejete,variabilite_continue,2,7.3,ok
TIC 381374762,182.5379,-62.7349,12.55,0,,,,,2,4.2,ok
TIC 413869379,215.3133,-55.9256,12.55,0,,,,,4,8.5,ok
TIC 257587863,220.1878,-67.2251,12.55,0,,,,,3,6.4,ok
TIC 411796826,219.1687,-57.0099,12.55,1,3.096,39.0,rejete,variabilite_continue,5,17.4,ok
TIC 253285195,195.7333,-57.938,12.55,0,,,,,3,7.0,ok
TIC 44640569,146.1159,-36.3494,12.55,0,,,,,1,4.4,ok
TIC 272645619,161.4334,-52.5381,12.56,1,2.8321,18.8,rejete,variabilite_continue;eclipse_secondaire,5,12.4,ok
TIC 209875862,211.2552,-59.3609,12.56,0,,,,,4,8.6,ok
TIC 22850085,185.9176,-46.2551,12.56,0,,,,,3,6.5,ok
TIC 448385599,210.0904,-66.3078,12.56,0,,,,,4,7.8,ok
TIC 139314045,151.8346,-53.3433,12.56,0,,,,,2,5.6,ok
TIC 164592809,191.8996,-50.8479,12.56,0,,,,,5,12.1,ok
TIC 297223556,179.9927,-67.2157,12.56,0,,,,,6,13.6,ok
TIC 260493699,152.7901,-44.4889,12.56,0,,,,,1,7.4,ok
TIC 21864784,181.8268,-43.7936,12.56,1,2.1127,77.5,rejete,eclipse_secondaire;compagnon_trop_gros_2.5Rjup,2,8.2,ok
TIC 61828957,177.4599,-47.6537,12.56,0,,,,,5,10.9,ok
TIC 33301586,149.7247,-11.2472,12.56,0,,,,,5,9.3,ok
TIC 263890743,231.9256,-67.1154,12.56,0,,,,,4,10.8,ok
TIC 101840288,153.4495,-45.2662,12.56,0,,,,,1,5.9,ok
TIC 865846453,150.9441,-52.3765,12.57,0,,,,,1,5.4,ok
TIC 271104789,186.4781,-58.0704,12.57,0,,,,,3,7.4,ok
TIC 151920165,168.5639,-37.9101,12.57,1,6.9364,16.2,rejete,variabilite_continue;eclipse_secondaire,4,13.3,ok
TIC 245454701,200.2973,-50.6587,12.57,0,,,,,4,7.6,ok
TIC 449435745,200.3056,-65.7125,12.57,0,,,,,3,10.7,ok
TIC 307799993,138.1634,-15.6906,12.57,0,,,,,3,13.4,ok
TIC 386518121,144.2719,-14.2544,12.57,0,,,,,1,7.6,ok
TIC 380528770,140.1999,-18.6675,12.58,1,8.1169,18.9,rejete,variabilite_continue,2,9.5,ok
TIC 263088955,230.4206,-69.4004,12.58,0,,,,,4,9.9,ok
TIC 275126535,142.1073,0.2451,12.58,0,,,,,3,10.1,ok
TIC 60865101,139.6179,-7.9476,12.58,0,,,,,1,5.9,ok
TIC 401509690,215.6305,-72.8022,12.58,1,5.8023,18.7,rejete,variabilite_continue,5,14.2,ok
TIC 93093765,174.6992,-52.4003,12.58,1,2.7886,12.5,rejete,variabilite_continue;eclipse_secondaire,4,12.2,ok
TIC 407559226,213.3721,-56.0811,12.58,0,,,,,4,9.5,ok
TIC 263305292,234.193,-68.474,12.58,0,,,,,3,8.4,ok
TIC 432825873,146.9562,-51.4384,12.58,0,,,,,1,4.6,ok
TIC 253961767,199.1544,-59.0305,12.58,0,,,,,4,6.9,ok
TIC 53933417,159.0916,-30.5746,12.58,0,,,,,2,8.4,ok
TIC 317538297,172.4675,-63.3204,12.59,0,,,,,5,10.2,ok
TIC 260776145,189.1824,-52.057,12.59,1,10.7013,31.4,rejete,variabilite_continue,3,9.9,ok
TIC 163030461,172.1084,-45.0164,12.59,0,,37.6,rejete,variabilite_continue;eclipse_secondaire,5,18.1,ok
TIC 142787023,138.2608,-3.2871,12.59,0,,,,,3,7.9,ok
TIC 80215776,165.0914,-48.816,12.59,0,,,,,2,8.2,ok
TIC 337160286,215.3035,-64.5434,12.59,0,,,,,3,7.7,ok
TIC 263484035,234.3856,-70.927,12.59,0,,,,,?,4.0,erreur
TIC 250174789,221.9043,-53.6374,12.59,0,,,,,3,10.2,ok
TIC 332880327,216.2714,-53.505,12.59,0,,,,,4,10.5,ok
TIC 146841337,160.908,-47.7905,12.59,0,,31.4,rejete,variabilite_continue,4,12.8,ok
TIC 1602977,131.2887,-1.3933,12.59,0,,,,,1,5.3,ok
TIC 464388115,156.2223,-56.9505,12.59,1,2.4115,22.4,rejete,variabilite_continue;eclipse_secondaire,4,10.8,ok
TIC 459812750,163.6149,-58.7157,12.59,0,,,,,2,6.5,ok
TIC 332561638,136.7217,-14.3086,12.6,0,,,,,1,4.8,ok
TIC 36817199,150.9754,-46.1058,12.6,0,,,,,1,5.1,ok
TIC 29912370,165.9794,-38.804,12.6,0,,,,,2,6.2,ok
TIC 29912372,165.9813,-38.8029,12.6,0,,,,,2,5.8,ok
TIC 463103749,153.1147,-58.0812,12.6,1,1.9503,13.5,rejete,variabilite_continue;eclipse_secondaire,3,9.8,ok
TIC 209383785,210.2344,-59.7894,12.6,0,,,,,4,8.3,ok
TIC 80384677,165.1404,-49.0772,12.6,0,,,,,3,6.9,ok
TIC 452119719,173.6961,-58.7884,12.6,0,,,,,2,8.2,ok
TIC 119869388,162.3563,-51.1232,12.6,0,,,,,3,6.7,ok
TIC 426071262,237.5949,-74.7009,12.61,0,,,,,4,8.1,ok
TIC 22718633,185.3607,-47.2672,12.61,0,,,,,3,6.9,ok
TIC 448165330,208.5139,-67.5576,12.61,0,,,,,2,7.6,ok
TIC 120441503,163.5826,-49.4757,12.61,0,,,,,5,8.3,ok
TIC 1004582641,219.4215,-75.55,12.61,0,,,,,4,8.9,ok
TIC 340334471,201.5321,-67.3011,12.61,0,,,,,3,8.1,ok
TIC 167977443,151.9973,-27.7452,12.61,0,,,,,5,15.7,ok
TIC 260200424,224.824,-70.4812,12.61,0,,,,,4,7.1,ok
TIC 265634545,174.4658,-56.7761,12.61,0,,,,,2,6.2,ok
TIC 53576122,157.1835,-32.1021,12.62,0,,,,,4,8.6,ok
TIC 394997434,203.8156,-74.4605,12.62,0,,,,,3,8.4,ok
TIC 101383991,148.6414,-32.1293,12.62,0,,,,,1,5.1,ok
TIC 5476311,142.8986,-39.2482,12.62,0,,,,,1,3.6,ok
TIC 448471827,165.7953,-34.6096,12.62,0,,,,,3,6.3,ok
TIC 19199541,138.9032,-31.8484,12.62,0,,,,,1,4.3,ok
TIC 189569821,143.7679,-28.0251,12.62,0,,,,,1,3.1,ok
TIC 426071266,237.5957,-74.7027,12.63,0,,,,,4,6.6,ok
TIC 132963419,149.2636,-49.7505,12.63,1,10.3069,27.5,rejete,variabilite_continue,4,9.8,ok
TIC 369743688,192.1992,-64.77,12.63,0,,,,,3,6.1,ok
TIC 389999924,160.1086,-62.686,12.64,1,4.7639,15.6,rejete,variabilite_continue;eclipse_secondaire,3,11.1,ok
TIC 301317452,178.2696,-54.3898,12.64,0,,,,,3,8.7,ok
TIC 876166854,148.2422,-12.8652,12.64,0,,,,,3,7.4,ok
TIC 275596003,179.1647,-43.5566,12.64,0,,,,,5,13.8,ok
TIC 463278412,153.4529,-55.9553,12.64,0,,,,,1,7.0,ok
TIC 210681065,212.6142,-56.9824,12.64,0,,63.8,rejete,variabilite_continue;eclipse_secondaire,5,19.0,ok
TIC 465656480,164.1222,-65.081,12.64,0,,,,,3,6.5,ok
TIC 19694662,125.3765,-11.3385,12.64,0,,,,,1,4.7,ok
TIC 96093555,146.7675,-10.9147,12.64,0,,,,,2,6.8,ok
TIC 375897836,179.1404,-54.4588,12.64,0,,,,,3,13.4,ok
TIC 18011473,136.3357,-34.8911,12.64,0,,,,,2,7.5,ok
TIC 448525131,211.2174,-67.1142,12.64,0,,,,,3,11.2,ok
TIC 310822679,152.9116,-48.2059,12.64,0,,,,,3,9.6,ok
TIC 464530981,156.5038,-54.441,12.65,0,,,,,2,8.6,ok
TIC 300460827,208.411,-63.5479,12.65,0,,,,,5,12.0,ok
TIC 290588609,140.0045,0.0495,12.65,0,,,,,1,6.7,ok
TIC 17849961,136.1208,-35.7261,12.65,0,,,,,1,7.6,ok
TIC 192088569,137.0984,-37.3774,12.65,0,,,,,1,5.4,ok
TIC 118428917,129.7139,-21.2301,12.65,0,,,,,1,6.3,ok
TIC 80215763,165.0935,-48.808,12.65,0,,,,,2,8.7,ok
TIC 305630110,178.8441,-60.4428,12.65,0,,,,,2,7.2,ok
TIC 463278416,153.4519,-55.9543,12.65,0,,,,,1,6.7,ok
TIC 403840645,188.2444,-52.1163,12.65,0,,,,,3,6.7,ok
TIC 333351206,213.2532,-62.1966,12.65,1,1.9503,21.8,rejete,variabilite_continue,4,11.6,ok
TIC 36607746,225.5247,-55.2882,12.65,0,,48.4,rejete,variabilite_continue;eclipse_secondaire,5,13.9,ok
TIC 332075903,179.3069,-52.2088,12.65,0,,,,,3,7.0,ok
TIC 463011281,152.7275,-56.1826,12.66,0,,,,,4,8.3,ok
TIC 158290221,162.9135,-37.5616,12.66,0,,,,,2,10.4,ok
TIC 11927677,146.1503,-30.1048,12.66,1,1.843,15.5,rejete,variabilite_continue,2,6.2,ok
TIC 935959254,162.2222,-55.1528,12.66,0,,,,,2,4.2,ok
TIC 360473750,188.9121,-72.682,12.66,0,,14.6,rejete,variabilite_continue,5,11.9,ok
TIC 22386809,184.125,-47.0773,12.66,0,,22.6,rejete,variabilite_continue;eclipse_secondaire,3,10.5,ok
TIC 34871132,147.4978,-42.2994,12.66,0,,,,,1,6.7,ok
TIC 413111141,204.9398,-56.4635,12.66,0,,,,,4,9.1,ok
TIC 872923650,148.6391,-36.1058,12.66,0,,,,,1,5.1,ok
TIC 272885753,161.8183,-48.8787,12.66,0,,,,,2,4.3,ok
TIC 5483606,149.5646,-21.4624,12.67,0,,,,,2,5.3,ok
TIC 371090342,226.4069,-53.0681,12.67,0,,,,,3,6.6,ok
TIC 179230828,158.6,-23.7341,12.67,0,,26.9,rejete,variabilite_continue,5,17.4,ok
TIC 403911354,188.4587,-50.5975,12.67,0,,21.0,rejete,variabilite_continue,4,10.3,ok
TIC 448391362,210.4019,-66.1656,12.68,0,,,,,8,13.3,ok
TIC 5485318,149.7595,-22.9468,12.68,1,4.8306,44.0,rejete,variabilite_continue,3,10.7,ok
TIC 258103218,221.2979,-71.2266,12.68,0,,,,,4,7.6,ok
TIC 131809703,147.9812,-50.0616,12.68,0,,,,,1,5.7,ok
TIC 311377945,181.2108,-68.8281,12.68,0,,,,,6,10.6,ok
TIC 455530931,229.2161,-61.7065,12.68,0,,,,,4,9.1,ok
TIC 165590041,192.4424,-51.2091,12.69,0,,,,,?,3.5,erreur
TIC 262153393,228.2725,-69.8481,12.69,0,,,,,2,4.0,ok
TIC 315116996,145.3688,-28.7829,12.69,0,,,,,5,8.6,ok
TIC 19547831,139.6616,-32.7487,12.69,1,10.1241,15.9,rejete,variabilite_continue,3,8.4,ok
TIC 4729001,141.4248,-41.7628,12.69,0,,,,,3,7.0,ok
TIC 181241150,175.0071,-39.4448,12.69,0,,,,,3,7.8,ok
TIC 94248632,177.009,-50.0328,12.69,0,,,,,4,10.8,ok
TIC 411624708,185.4229,-54.562,12.69,0,,,,,2,5.6,ok
TIC 448497068,211.042,-70.3918,12.69,0,,,,,4,12.0,ok
TIC 41412477,227.9333,-54.3731,12.69,0,,,,,3,9.3,ok
TIC 332283910,212.758,-62.1504,12.7,0,,,,,4,8.8,ok
TIC 394092599,198.0199,-74.2605,12.7,0,,,,,3,11.3,ok
TIC 45604189,148.9508,-41.1799,12.7,0,,,,,1,5.3,ok
TIC 332017722,215.2693,-52.9808,12.7,0,,,,,3,8.7,ok
TIC 151738485,167.4573,-38.4691,12.7,0,,,,,2,8.1,ok
TIC 941761083,160.9012,-41.8467,12.7,0,,,,,2,5.5,ok
TIC 396794358,147.4828,-14.7332,12.7,1,1.5703,34.5,rejete,variabilite_continue;eclipse_secondaire,4,13.4,ok
TIC 149767908,130.543,-2.2213,12.7,0,,,,,4,13.1,ok
TIC 448525113,211.2206,-67.1159,12.7,0,,,,,3,11.5,ok
TIC 383410746,183.951,-64.5675,12.7,0,,62.7,rejete,variabilite_continue;eclipse_secondaire,5,15.1,ok
TIC 985999898,198.6822,-58.2379,12.7,0,,,,,3,9.3,ok
TIC 434430376,139.342,-18.4215,12.7,0,,,,,4,11.7,ok
TIC 409877091,126.8653,-17.0189,12.71,0,,,,,1,5.3,ok
TIC 160523545,189.5695,-50.7748,12.71,0,,,,,4,9.7,ok
TIC 332017724,215.2674,-52.9805,12.71,0,,,,,3,10.3,ok
TIC 35106764,224.7315,-56.4152,12.71,1,5.3585,12.1,rejete,variabilite_continue,4,12.9,ok
TIC 189062995,140.356,-24.4171,12.71,0,,,,,5,9.0,ok
TIC 132164160,148.393,-52.1003,12.71,0,,,,,1,4.5,ok
TIC 71716888,156.5352,-30.4373,12.71,0,,,,,8,14.1,ok
TIC 39041058,226.9756,-54.2292,12.71,0,,,,,3,8.5,ok
TIC 446853871,218.8039,-71.7689,12.71,0,,,,,4,7.6,ok
TIC 834432565,127.4732,-18.0893,12.71,0,,,,,1,4.9,ok
TIC 149769918,130.7288,-5.3469,12.72,0,,,,,1,4.0,ok
TIC 457446242,206.3527,-57.3313,12.72,0,,51.2,rejete,variabilite_continue,4,11.5,ok
TIC 158588030,164.5488,-37.4168,12.72,0,,,,,2,4.6,ok
TIC 301317451,178.2723,-54.3899,12.72,0,,,,,3,4.8,ok
TIC 49046332,164.3594,-34.6905,12.72,0,,20.4,rejete,variabilite_continue,4,11.0,ok
TIC 337160300,215.295,-64.5417,12.72,0,,,,,3,8.3,ok
TIC 61828194,177.4875,-47.8764,12.73,0,,,,,3,7.1,ok
TIC 192259856,137.3907,-37.7968,12.73,0,,22.8,rejete,variabilite_continue;eclipse_secondaire,3,9.1,ok
TIC 341694198,203.6027,-66.5764,12.73,0,,,,,3,6.8,ok
TIC 60687299,138.5071,-7.7694,12.73,0,,,,,1,4.4,ok
TIC 332657372,149.9577,-17.3199,12.73,0,,,,,4,9.8,ok
TIC 245206017,198.8732,-50.2263,12.73,0,,,,,4,7.6,ok
TIC 179554545,188.1779,-64.7607,12.73,0,,38.1,rejete,variabilite_continue;eclipse_secondaire,3,7.9,ok
TIC 270471065,135.456,0.9695,12.74,0,,10.3,rejete,variabilite_continue;eclipse_secondaire,3,8.4,ok
TIC 142796053,138.6391,-3.5202,12.74,0,,,,,3,6.5,ok
TIC 36227841,149.8538,-45.4493,12.74,0,,,,,5,7.6,ok
TIC 61827066,177.4559,-47.6501,12.74,0,,,,,5,9.9,ok
TIC 61828186,177.4884,-47.8784,12.74,0,,,,,3,6.1,ok
TIC 92454108,172.9419,-50.4126,12.74,0,,,,,3,6.3,ok
TIC 401716729,217.2217,-73.9129,12.74,0,,,,,4,8.9,ok
TIC 18795429,138.0983,-33.2568,12.74,0,,15.4,rejete,variabilite_continue;eclipse_secondaire,3,11.3,ok
TIC 336218061,214.7853,-65.1357,12.75,0,,,,,3,9.2,ok
TIC 147092818,161.9452,-47.0249,12.75,0,,17.8,rejete,variabilite_continue;eclipse_secondaire,4,11.7,ok
TIC 170323115,194.66,-48.5279,12.75,0,,,,,4,8.0,ok
TIC 330866178,212.3729,-64.6553,12.75,0,,,,,3,6.6,ok
TIC 120591487,163.6843,-50.8841,12.75,0,,,,,6,13.9,ok
TIC 260493663,152.7907,-44.465,12.75,0,,,,,1,7.1,ok
TIC 318668441,173.3403,-63.3419,12.75,1,2.2316,30.1,rejete,variabilite_continue;eclipse_secondaire,3,9.7,ok
TIC 289543187,131.663,-16.8576,12.76,0,,,,,1,4.6,ok
TIC 102919921,155.9101,-47.5742,12.76,0,,,,,2,4.7,ok
TIC 19817562,125.6811,-7.9008,12.76,0,,,,,1,7.5,ok
TIC 307799719,138.1753,-15.2095,12.76,0,,,,,1,6.1,ok
TIC 96033608,146.3259,-9.6739,12.76,0,,,,,4,9.5,ok
TIC 458192751,159.4938,-55.757,12.76,0,,,,,5,9.2,ok
TIC 303814029,164.5198,-56.386,12.77,0,,,,,5,9.1,ok
TIC 272212223,180.2251,-46.6719,12.77,0,,,,,4,8.0,ok
TIC 334496806,183.4102,-49.912,12.77,0,,,,,3,9.7,ok
TIC 50751260,126.5778,-10.5048,12.77,1,6.4317,11.9,rejete,variabilite_continue,3,8.5,ok
TIC 170317177,194.7874,-48.5126,12.77,0,,,,,3,6.4,ok
TIC 53574112,157.0659,-31.2904,12.77,0,,,,,2,5.3,ok
TIC 68286368,202.5739,-54.7314,12.77,0,,,,,7,11.4,ok
TIC 458995583,161.4128,-58.1334,12.78,0,,57.7,rejete,variabilite_continue;eclipse_secondaire,4,12.6,ok
TIC 391933013,218.0654,-64.6575,12.78,0,,,,,4,8.7,ok
TIC 77551544,142.338,-4.1729,12.78,0,,,,,3,7.0,ok
TIC 464060149,155.3716,-57.6581,12.78,0,,,,,5,8.9,ok
TIC 152368644,171.1028,-41.5986,12.78,0,,,,,3,7.6,ok
TIC 275453234,178.4926,-43.4585,12.78,0,,,,,4,9.5,ok
TIC 22121296,148.5657,-25.0936,12.78,0,,15.6,rejete,variabilite_continue;eclipse_secondaire,3,9.2,ok
TIC 241690685,208.0874,-53.8199,12.79,0,,,,,6,11.6,ok
TIC 384244834,216.5685,-63.0507,12.79,1,2.9887,70.8,rejete,variabilite_continue,4,11.7,ok
TIC 53576117,157.1761,-32.098,12.79,0,,,,,3,9.2,ok
TIC 332887363,216.3218,-51.818,12.79,1,4.8335,24.2,rejete,variabilite_continue,3,10.8,ok
TIC 458305620,159.5865,-55.8587,12.79,0,,,,,2,5.9,ok
TIC 332413989,213.0926,-60.309,12.79,0,,,,,4,9.3,ok
TIC 465275307,163.1114,-64.5235,12.8,0,,37.7,rejete,variabilite_continue;eclipse_secondaire,4,13.8,ok
TIC 146528748,159.0529,-43.7987,12.8,0,,,,,3,8.6,ok
TIC 36381058,150.0614,-44.0163,12.8,0,,,,,5,9.1,ok
TIC 362370757,145.1893,-49.8157,12.8,1,3.5166,27.1,rejete,variabilite_continue;eclipse_secondaire,5,12.8,ok
TIC 147660207,163.9061,-42.8525,12.8,0,,,,,2,8.6,ok
TIC 803067909,125.6819,-7.9006,12.8,0,,,,,1,4.6,ok
TIC 327551575,189.3908,-69.4515,12.8,0,,,,,4,7.5,ok
TIC 411943564,189.8242,-57.5935,12.8,1,7.5484,39.5,rejete,variabilite_continue,4,10.2,ok
TIC 102837814,155.843,-42.3061,12.8,0,,,,,2,4.7,ok
TIC 410159011,133.4472,-18.0032,12.8,1,2.6232,35.7,rejete,variabilite_continue;eclipse_secondaire,3,8.7,ok
TIC 259125159,222.7914,-71.3365,12.8,0,,,,,4,7.1,ok
TIC 412874472,194.0391,-54.9543,12.81,0,,,,,3,8.7,ok
TIC 19826447,140.3776,-30.7143,12.81,0,,,,,1,3.1,ok
TIC 941971488,162.9135,-37.5608,12.81,0,,,,,2,5.9,ok
TIC 401762315,217.225,-75.0953,12.81,0,,,,,3,7.2,ok
TIC 411874804,189.6372,-55.5096,12.81,0,,,,,6,9.1,ok
TIC 92240185,172.4119,-48.6831,12.81,0,,,,,?,2.6,erreur
TIC 192976435,155.0321,-29.2761,12.81,1,4.2272,88.4,rejete,variabilite_continue,5,13.2,ok
TIC 406106335,197.5464,-54.2188,12.81,0,,,,,4,7.6,ok
TIC 37787780,136.0165,-29.8581,12.81,0,,,,,3,8.7,ok
TIC 446722391,217.8936,-68.7987,12.82,0,,,,,3,8.2,ok
TIC 48210046,148.0435,-34.6378,12.82,1,3.2004,56.0,rejete,variabilite_continue;eclipse_secondaire,3,11.7,ok
TIC 1103432,130.5814,-17.1894,12.83,0,,23.5,rejete,variabilite_continue;eclipse_secondaire,4,13.3,ok
TIC 162530707,170.1449,-42.2673,12.83,0,,,,,2,7.8,ok
TIC 53933418,159.0913,-30.5738,12.83,0,,,,,2,5.9,ok
TIC 35973654,149.3652,-42.8612,12.83,0,,,,,3,12.3,ok
TIC 260772424,189.1022,-50.3454,12.83,0,,,,,4,6.7,ok
TIC 289543180,131.662,-16.8597,12.83,0,,,,,1,4.0,ok
TIC 421612052,219.7088,-53.7675,12.83,0,,,,,3,5.2,ok
TIC 265633507,174.5697,-56.9626,12.83,1,0.9786,11.2,rejete,variabilite_continue;eclipse_secondaire,3,8.6,ok
TIC 4261575,140.5383,-40.4718,12.83,0,,,,,1,4.7,ok
TIC 426706888,235.8407,-68.4138,12.83,0,,,,,4,7.3,ok
TIC 245099574,198.0043,-53.4494,12.84,0,,22.0,rejete,variabilite_continue;eclipse_secondaire,3,7.4,ok
TIC 464571250,156.5538,-57.9468,12.84,0,,,,,1,2.6,ok
TIC 121385574,129.2311,-2.0556,12.84,0,,,,,4,6.6,ok
TIC 449756693,201.1175,-64.9587,12.84,0,,,,,3,7.3,ok
TIC 2133062,133.6725,-26.1276,12.84,0,,,,,1,5.8,ok
TIC 133129971,149.4097,-51.3355,12.84,0,,,,,3,9.8,ok
TIC 308885144,152.4897,-16.515,12.84,0,,,,,2,5.5,ok
TIC 409737194,126.2211,-15.8704,12.84,0,,,,,1,7.3,ok
TIC 296728898,142.0306,-12.5366,12.84,0,,,,,3,7.3,ok
TIC 305492348,178.5754,-62.3751,12.84,1,3.3078,15.5,rejete,variabilite_continue;eclipse_secondaire,3,8.0,ok
TIC 19826450,140.3784,-30.715,12.85,0,,,,,1,2.8,ok
TIC 299581184,207.9233,-64.2289,12.85,0,,,,,4,7.4,ok
TIC 142796051,138.639,-3.5161,12.85,0,,,,,3,7.6,ok
TIC 438699027,201.0666,-52.7003,12.85,0,,,,,6,12.6,ok
TIC 94249922,176.9874,-50.6308,12.85,0,,,,,3,8.3,ok
TIC 176397362,131.7227,-18.9331,12.86,0,,,,,1,4.9,ok
TIC 455773717,230.102,-65.6916,12.86,0,,,,,4,8.4,ok
TIC 106634282,160.446,-40.6846,12.86,0,,,,,3,7.4,ok
TIC 71670817,156.3179,-32.4944,12.86,0,,,,,2,6.9,ok
TIC 394445358,200.2993,-74.363,12.86,0,,,,,3,7.0,ok
TIC 265301725,133.2436,0.6802,12.87,0,,,,,3,9.7,ok
TIC 169051107,126.5356,-3.3262,12.87,0,,,,,1,6.0,ok
TIC 219998377,154.7692,-52.4266,12.87,0,,,,,1,3.2,ok
TIC 448913091,214.5689,-68.0531,12.87,0,,,,,3,6.4,ok
TIC 389040826,141.9969,4.2131,12.87,1,4.7174,29.8,rejete,variabilite_continue,3,9.0,ok
TIC 118814592,134.7545,-20.2865,12.87,0,,,,,1,4.2,ok
TIC 396316939,212.3459,-73.5351,12.87,0,,,,,4,7.7,ok
TIC 13628994,133.1506,-6.7408,12.87,0,,,,,3,8.1,ok
TIC 411463659,179.5878,-68.717,12.87,1,4.8944,17.8,rejete,variabilite_continue,2,8.3,ok
TIC 54147357,160.5651,-33.4389,12.87,0,,,,,5,11.8,ok
TIC 15524435,185.5606,-49.314,12.87,0,,,,,3,6.4,ok
TIC 413633644,215.12,-56.5781,12.88,0,,,,,4,6.6,ok
TIC 402970134,226.312,-74.5247,12.88,0,,,,,4,8.8,ok
TIC 241436787,205.3629,-50.9193,12.88,0,,,,,4,6.4,ok
TIC 267712001,176.2915,-55.4988,12.88,1,2.8205,41.3,rejete,variabilite_continue,3,9.3,ok
TIC 458199018,159.3969,-56.7435,12.88,1,2.4579,29.1,rejete,variabilite_continue;eclipse_secondaire,4,10.2,ok
TIC 94381588,177.3354,-49.6889,12.88,0,,,,,4,6.9,ok
TIC 1037692585,218.8024,-58.6632,12.88,0,,,,,?,3.6,erreur
TIC 447898414,157.8727,-51.7022,12.88,0,,,,,1,4.1,ok
TIC 147278799,162.5523,-43.7379,12.88,0,,,,,3,8.7,ok
TIC 241760542,209.0255,-52.8316,12.88,0,,,,,4,8.1,ok
TIC 336613507,196.3739,-66.3852,12.88,0,,68.7,rejete,variabilite_continue;eclipse_secondaire,5,13.0,ok
TIC 94088626,176.5952,-52.6477,12.88,0,,,,,4,8.5,ok
TIC 406376573,198.077,-54.6758,12.88,0,,,,,5,8.6,ok
TIC 452160985,173.5849,-54.9191,12.89,0,,,,,2,8.6,ok
TIC 118814594,134.7536,-20.2855,12.89,0,,,,,1,3.7,ok
TIC 120074446,162.7184,-49.8517,12.89,0,,,,,2,5.7,ok
TIC 375897843,179.1397,-54.4603,12.89,0,,,,,3,6.2,ok
TIC 876366826,140.6573,-7.061,12.89,0,,,,,2,5.6,ok
TIC 438699024,201.0671,-52.7011,12.89,0,,,,,6,9.5,ok
TIC 120441501,163.585,-49.4756,12.89,0,,,,,4,9.0,ok
TIC 332705008,150.1891,-14.8347,12.89,0,,,,,3,8.5,ok
TIC 333115927,180.8945,-50.9349,12.9,0,,,,,3,6.1,ok
TIC 17683158,135.7219,-33.2948,12.9,1,5.9734,30.6,rejete,variabilite_continue,3,10.5,ok
TIC 827866902,135.7935,-31.6214,12.9,0,,31.6,rejete,variabilite_continue;eclipse_secondaire,3,9.7,ok
TIC 120987164,164.5881,-50.6388,12.9,0,,,,,4,8.9,ok
TIC 101426595,149.0682,-35.279,12.9,0,,,,,5,8.0,ok
TIC 315705539,171.2399,-62.872,12.9,0,,,,,2,5.5,ok
TIC 45605520,148.9665,-40.3108,12.91,0,,,,,5,8.7,ok
TIC 261020738,226.112,-66.2031,12.91,0,,66.1,rejete,variabilite_continue;eclipse_secondaire,5,16.1,ok
TIC 68523365,202.7927,-58.2891,12.91,2,3.447;10.3417,171.5,rejete,variabilite_continue,6,19.0,ok
TIC 450918685,187.3241,-62.448,12.91,0,,,,,3,8.6,ok
TIC 463105254,152.9456,-57.8989,12.91,0,,,,,5,8.7,ok
TIC 432164209,153.4142,-19.3655,12.91,0,,,,,2,9.9,ok
TIC 101503099,149.408,-33.6618,12.91,0,,,,,1,4.2,ok
TIC 46850463,142.5065,-7.6704,12.91,0,,,,,3,7.5,ok
TIC 364894007,177.3675,-66.3539,12.91,0,,,,,2,6.4,ok
TIC 101840286,153.449,-45.2671,12.92,0,,,,,1,5.4,ok
TIC 280797976,137.1921,-5.1252,12.92,0,,,,,3,6.9,ok
TIC 114881522,132.5682,-13.67,12.92,0,,,,,3,6.7,ok
TIC 35423857,148.2348,-42.9055,12.92,0,,,,,5,9.2,ok
TIC 258409964,221.8056,-68.5212,12.93,1,5.4861,58.7,rejete,variabilite_continue,4,10.6,ok
TIC 307888842,180.05,-61.6561,12.93,0,,,,,3,6.4,ok
TIC 405857845,192.6597,-54.7859,12.93,0,,,,,3,12.0,ok
TIC 333128094,181.1957,-52.5375,12.93,0,,,,,2,4.8,ok
TIC 448547498,211.4421,-66.5361,12.93,0,,,,,4,7.5,ok
TIC 438777551,201.7605,-53.4481,12.93,0,,162.4,rejete,variabilite_continue;eclipse_secondaire,6,14.3,ok
TIC 258323707,221.5105,-67.2598,12.93,0,,,,,3,7.9,ok
TIC 19976192,136.6844,-8.8055,12.93,0,,,,,3,5.7,ok
TIC 178623740,124.5697,-5.4304,12.94,0,,,,,1,2.5,ok
TIC 415643181,147.6202,-19.1443,12.94,0,,,,,4,8.7,ok
TIC 41755660,228.1856,-59.0944,12.94,0,,,,,4,8.0,ok
TIC 3840990,139.8198,-39.6882,12.94,1,3.5253,21.5,rejete,variabilite_continue,3,9.9,ok
TIC 358838026,151.6111,-47.0243,12.94,1,3.9546,13.9,rejete,variabilite_continue;eclipse_secondaire,2,5.9,ok
TIC 865460662,149.7171,-53.5772,12.95,0,,,,,1,2.9,ok
TIC 439259307,195.6019,-65.8285,12.95,0,,,,,3,6.6,ok
TIC 160203526,189.2815,-51.1322,12.95,0,,,,,4,6.4,ok
TIC 170466784,122.5491,-6.8028,12.95,0,,,,,2,4.3,ok
TIC 44514807,145.6913,-39.7868,12.95,0,,,,,4,6.0,ok
TIC 447585233,157.6725,-53.569,12.95,0,,10.1,rejete,variabilite_continue,4,17.4,ok
TIC 36719347,150.8247,-44.392,12.95,0,,,,,1,6.7,ok
TIC 332834145,180.5316,-48.4072,12.95,0,,,,,3,5.8,ok
TIC 335046558,184.9971,-50.3105,12.95,0,,,,,4,11.3,ok
TIC 448995064,215.4128,-70.2907,12.95,0,,,,,4,9.3,ok
TIC 241292985,203.6882,-51.353,12.95,0,,,,,4,8.2,ok
TIC 33159936,144.6848,-43.0273,12.96,0,,,,,5,8.0,ok
TIC 118907362,135.1954,-19.118,12.96,0,,,,,1,4.6,ok
TIC 425728012,233.6108,-72.7667,12.96,0,,,,,4,7.9,ok
TIC 90048949,204.2126,-55.2704,12.96,1,5.0162,22.6,rejete,variabilite_continue;eclipse_secondaire,3,12.1,ok
TIC 396359397,212.942,-72.2014,12.96,0,,,,,4,8.1,ok
TIC 446463666,155.7315,-50.1774,12.96,0,,,,,3,5.8,ok
TIC 433847260,190.7698,-60.5774,12.96,0,,,,,3,8.3,ok
TIC 359426909,183.6004,-72.3473,12.96,0,,23.9,rejete,variabilite_continue;eclipse_secondaire,4,8.8,ok
TIC 341590489,203.2627,-66.0392,12.96,0,,,,,3,5.7,ok
TIC 53930971,158.9992,-34.3097,12.96,0,,,,,2,6.5,ok
TIC 463116512,152.9596,-56.1821,12.96,0,,,,,1,2.6,ok
TIC 307799727,138.1988,-15.225,12.97,0,,,,,1,3.1,ok
TIC 412941478,204.5576,-55.2513,12.97,0,,,,,3,7.7,ok
TIC 334080358,192.9977,-71.6012,12.97,1,11.4526,19.4,rejete,variabilite_continue,4,9.0,ok
TIC 272885406,161.7016,-49.0482,12.97,1,4.3665,17.5,rejete,variabilite_continue;eclipse_secondaire,4,11.3,ok
TIC 875735564,156.2721,-20.1385,12.97,0,,,,,5,8.9,ok
TIC 273811887,188.9633,-55.191,12.97,0,,,,,3,8.1,ok
TIC 219265534,153.6613,-52.1401,12.97,0,,,,,1,1.9,ok
TIC 36808091,150.7192,-46.3747,12.97,1,3.7777,23.3,rejete,variabilite_continue;eclipse_secondaire,3,8.2,ok
TIC 447891218,157.9902,-52.1791,12.97,0,,,,,3,8.6,ok
TIC 22452837,184.3493,-46.1736,12.97,1,10.8116,16.3,rejete,variabilite_continue,3,8.8,ok
TIC 288281326,187.3674,-50.0354,12.98,0,,,,,3,7.3,ok
TIC 34383768,146.6151,-44.9613,12.98,0,,,,,3,5.7,ok
TIC 407559233,213.378,-56.0838,12.98,0,,,,,4,8.9,ok
TIC 54145416,160.6027,-30.2499,12.98,0,,,,,3,6.7,ok
TIC 941505522,167.5748,-42.7205,12.98,0,,,,,1,3.6,ok
TIC 260778617,189.0563,-53.0259,12.98,0,,,,,6,13.0,ok
TIC 118428912,129.7157,-21.2283,12.99,0,,,,,1,7.2,ok
TIC 263305302,234.2093,-68.4728,12.99,0,,,,,3,8.2,ok
TIC 312743439,201.6918,-59.9371,12.99,0,,,,,4,9.2,ok
TIC 17849960,136.12,-35.727,12.99,0,,,,,1,5.9,ok
TIC 258331923,221.5866,-65.9925,12.99,0,,,,,4,7.3,ok
TIC 449771858,201.1559,-63.4722,12.99,0,,,,,3,6.3,ok
TIC 105708489,156.3249,-41.2451,12.99,0,,,,,2,8.8,ok
TIC 258938122,222.5457,-66.9079,12.99,0,,,,,4,10.0,ok
TIC 188080520,161.2678,-27.9538,12.99,0,,,,,2,12.2,ok
TIC 303927735,164.6054,-58.6402,12.99,0,,,,,2,10.6,ok
TIC 406180136,197.5313,-57.5053,12.99,0,,,,,4,16.1,ok
TIC 94555919,177.4494,-48.9589,12.99,0,,,,,3,14.0,ok
TIC 394400943,218.6812,-63.215,12.99,0,,,,,3,12.2,ok
TIC 307099276,179.5245,-60.774,13.0,1,3.1453,20.7,rejete,variabilite_continue;eclipse_secondaire,3,10.6,ok
TIC 78009893,142.3913,-42.6587,13.0,0,,,,,1,9.8,ok
TIC 339746935,200.5199,-68.2199,13.0,0,,,,,3,8.8,ok
TIC 309913305,152.0749,-53.2871,13.0,1,6.3273,22.4,rejete,variabilite_continue,3,13.1,ok
TIC 462072242,150.4395,-54.1136,13.0,0,,,,,3,9.8,ok
TIC 21954983,182.048,-45.0265,13.0,0,,,,,3,10.6,ok
TIC 260194655,224.7687,-71.1278,13.0,0,,,,,4,11.8,ok
TIC 332657786,149.992,-16.1603,13.0,0,,,,,5,12.0,ok
TIC 94172739,176.8134,-52.304,13.0,0,,,,,4,10.1,ok
TIC 987565377,197.2792,-54.1793,13.0,0,,,,,3,6.1,ok
TIC 401283576,188.0068,-50.3724,13.01,0,,,,,4,15.2,ok
TIC 51950485,143.3507,-20.2209,13.01,0,,,,,4,9.5,ok
TIC 450460488,186.3822,-61.0519,13.01,0,,,,,3,7.4,ok
TIC 406249571,197.7219,-59.7581,13.01,0,,,,,1,7.1,ok
TIC 369743686,192.2194,-64.7698,13.01,0,,,,,4,13.5,ok
TIC 72443625,187.3233,-46.4725,13.01,0,,,,,3,13.6,ok
TIC 468136398,170.2353,-65.3448,13.01,0,,,,,2,8.1,ok
TIC 339640638,200.2064,-67.2531,13.01,0,,,,,3,8.9,ok
TIC 73308879,190.38,-46.6846,13.01,0,,,,,6,13.9,ok
TIC 241360142,204.4645,-51.0843,13.01,0,,,,,4,12.5,ok
TIC 304363215,164.9275,-58.659,13.01,0,,,,,3,7.4,ok
TIC 135610012,150.5576,-52.664,13.02,0,,,,,2,8.5,ok
TIC 301009491,178.0816,-57.8357,13.02,0,,,,,2,8.5,ok
TIC 39992051,227.3923,-56.584,13.02,0,,,,,4,16.2,ok
TIC 286855696,150.4245,-40.6094,13.02,0,,,,,3,10.0,ok
TIC 253277815,195.6854,-56.6185,13.02,0,,,,,3,10.2,ok
TIC 434428836,139.3467,-20.9234,13.03,0,,12.1,rejete,variabilite_continue,3,11.4,ok
TIC 207937389,207.4216,-57.15,13.03,0,,98.1,rejete,variabilite_continue,4,15.3,ok
TIC 38304058,226.5445,-55.1215,13.03,0,,,,,4,9.5,ok
TIC 245339150,199.5959,-50.9583,13.04,0,,,,,5,11.8,ok
TIC 102773127,155.6332,-46.6755,13.04,0,,,,,2,10.9,ok
TIC 314013231,184.0443,-66.0551,13.04,1,2.5333,60.5,rejete,variabilite_continue,5,17.3,ok
TIC 158378988,163.378,-38.7948,13.04,0,,,,,3,10.6,ok
TIC 450863762,187.4352,-60.2227,13.04,0,,,,,3,15.0,ok
TIC 273447192,188.7585,-56.969,13.04,0,,,,,3,13.8,ok
TIC 333574231,181.8523,-52.2037,13.04,0,,,,,5,12.8,ok
TIC 390476761,184.4817,-54.9495,13.05,0,,,,,1,8.4,ok
TIC 317356355,203.8275,-64.2004,13.05,0,,,,,4,20.3,ok
TIC 451947255,173.107,-57.6818,13.05,0,,,,,2,13.6,ok
TIC 77550515,142.404,-0.9926,13.05,0,,,,,2,9.8,ok
TIC 338131512,198.0281,-70.2153,13.05,0,,,,,3,9.5,ok
TIC 263866540,235.4477,-69.8063,13.05,0,,,,,4,12.8,ok
TIC 241375625,204.7168,-51.0853,13.05,0,,,,,4,10.2,ok
TIC 389255706,179.8232,-46.6634,13.05,0,,,,,3,12.3,ok
TIC 409972607,145.2401,-16.9969,13.05,0,,,,,4,13.6,ok
TIC 290263093,173.7083,-64.7317,13.05,1,5.2076,13.8,rejete,variabilite_continue;eclipse_secondaire,4,19.0,ok
TIC 404144116,195.0482,-51.5165,13.05,0,,,,,4,15.9,ok
TIC 402225631,220.5587,-75.2115,13.05,0,,,,,4,14.9,ok
TIC 314139743,202.2685,-63.679,13.05,0,,,,,3,9.3,ok
TIC 193136669,157.1903,-28.5105,13.06,0,,,,,7,18.1,ok
TIC 450696864,186.8412,-63.2465,13.06,0,,,,,5,16.0,ok
TIC 259926020,224.3192,-67.8217,13.06,0,,,,,4,16.8,ok
TIC 1968583,133.1202,-27.9555,13.06,0,,,,,2,13.5,ok
TIC 334624060,183.6238,-53.6154,13.06,0,,,,,3,13.2,ok
TIC 48274889,148.0649,-33.045,13.06,0,,,,,3,10.2,ok
TIC 303497835,159.6888,-50.3628,13.06,0,,,,,3,16.0,ok
TIC 413493314,214.975,-57.0128,13.07,0,,,,,4,11.7,ok
TIC 4264922,140.5534,-39.0237,13.07,0,,,,,2,14.0,ok
TIC 208387087,208.461,-55.0364,13.07,0,,,,,5,16.9,ok
TIC 289980305,204.9462,-54.0942,13.07,0,,,,,4,14.5,ok
TIC 403758407,180.0014,-47.2018,13.07,0,,,,,3,16.3,ok
TIC 44568897,145.8738,-38.5668,13.08,0,,,,,7,20.4,ok
TIC 62475469,132.0791,-5.377,13.08,0,,,,,1,10.8,ok
TIC 80783538,166.0702,-49.8215,13.08,0,,,,,5,14.3,ok
TIC 120656497,163.905,-50.8932,13.08,0,,,,,2,8.6,ok
TIC 438830326,202.3945,-52.0882,13.08,0,,,,,4,10.9,ok
TIC 106470229,159.6018,-37.8383,13.08,1,5.022,22.2,rejete,variabilite_continue;eclipse_secondaire,4,15.3,ok
TIC 339514463,200.2634,-68.6021,13.08,0,,,,,3,20.9,ok
TIC 313869987,183.9816,-68.1091,13.08,0,,,,,2,10.0,ok
TIC 297457992,180.242,-69.9458,13.08,1,2.8321,41.9,rejete,variabilite_continue,4,15.8,ok
TIC 315120585,145.429,-24.7854,13.08,1,7.4179,10.8,rejete,variabilite_continue,2,13.3,ok
TIC 319806044,174.4957,-61.4711,13.08,1,1.3528,20.0,rejete,variabilite_continue,3,11.9,ok
TIC 22384839,184.0371,-45.4263,13.08,1,3.5108,15.9,rejete,variabilite_continue;eclipse_secondaire,4,15.5,ok
TIC 458470683,160.0627,-55.219,13.09,0,,,,,2,9.7,ok
TIC 464326872,155.8621,-55.9357,13.09,0,,,,,4,12.1,ok
TIC 256168939,199.4835,-54.9283,13.09,0,,,,,4,13.3,ok
TIC 451557694,171.7449,-59.5799,13.09,0,,,,,2,9.0,ok
TIC 68030406,190.2192,-55.5016,13.09,0,,36.7,rejete,variabilite_continue,4,17.7,ok
TIC 394900138,203.1707,-72.9263,13.09,1,3.0931,67.8,rejete,variabilite_continue;eclipse_secondaire,4,18.8,ok
TIC 402582306,223.2265,-73.3794,13.09,0,,,,,3,12.9,ok
TIC 245066871,197.9123,-49.4107,13.09,0,,,,,8,20.6,ok
TIC 297549122,180.422,-69.2751,13.1,0,,,,,2,16.5,ok
TIC 461005938,232.2795,-62.0587,13.1,0,,,,,4,15.9,ok
TIC 316652224,171.9564,-61.5312,13.1,1,2.7015,17.9,rejete,variabilite_continue;eclipse_secondaire,2,14.7,ok
TIC 407827885,213.4053,-57.9998,13.1,0,,28.6,rejete,variabilite_continue;eclipse_secondaire,5,21.3,ok
TIC 329194679,211.8022,-53.4481,13.1,0,,,,,4,19.8,ok
TIC 316002536,171.5373,-61.9832,13.1,0,,,,,2,12.1,ok
TIC 118754987,134.5819,-22.7009,13.1,1,7.8414,10.2,rejete,variabilite_continue,2,12.6,ok
TIC 465176038,162.6633,-60.8469,13.1,1,4.0329,19.7,rejete,variabilite_continue,4,17.0,ok
TIC 324423834,209.2202,-61.2843,13.1,0,,,,,4,13.2,ok
TIC 275467000,178.7275,-44.7914,13.1,0,,,,,4,14.1,ok
TIC 35972578,149.2424,-43.3847,13.11,0,,,,,5,12.4,ok
TIC 448443176,210.5931,-68.6475,13.11,0,,74.9,rejete,variabilite_continue;eclipse_secondaire,4,12.1,ok
TIC 463754499,154.7737,-58.7749,13.11,1,2.2868,35.1,rejete,variabilite_continue;eclipse_secondaire,4,16.2,ok
TIC 394037235,197.3685,-72.4755,13.11,0,,,,,4,10.8,ok
TIC 209195231,209.8961,-58.3679,13.11,0,,,,,4,15.5,ok
TIC 244940011,197.0279,-52.4534,13.11,0,,,,,2,14.2,ok
TIC 467955232,169.8812,-64.9016,13.11,1,3.0525,31.7,rejete,variabilite_continue,3,13.0,ok
TIC 330140211,213.1141,-52.6889,13.11,0,,,,,3,9.6,ok
TIC 303426966,164.1417,-57.7044,13.11,0,,27.3,rejete,variabilite_continue;eclipse_secondaire,3,13.0,ok
TIC 395687190,208.8187,-72.4507,13.11,0,,,,,3,14.7,ok
TIC 316577292,203.5712,-63.2411,13.11,0,,,,,6,14.1,ok
TIC 423393242,157.2702,-20.9292,13.12,0,,,,,3,10.6,ok
TIC 360475034,188.7702,-73.1297,13.12,0,,,,,3,11.5,ok
TIC 13391274,131.7571,-7.0536,13.12,0,,,,,4,12.4,ok
TIC 312129805,210.138,-51.4986,13.12,0,,,,,4,10.1,ok
TIC 448923766,214.4267,-70.3644,13.13,1,2.2665,142.9,rejete,variabilite_continue;eclipse_secondaire,5,13.8,ok
TIC 381935642,183.018,-64.0537,13.13,0,,,,,3,8.2,ok
TIC 308469490,184.3147,-60.6476,13.13,0,,,,,3,11.7,ok
TIC 334864884,184.6355,-52.3215,13.13,0,,,,,3,9.7,ok
TIC 405857864,192.6554,-54.7934,13.13,0,,,,,3,8.7,ok
TIC 326657935,188.4575,-71.4247,13.14,0,,,,,3,9.9,ok
TIC 253236179,195.5322,-59.8154,13.14,0,,,,,3,6.5,ok
TIC 189300053,141.9296,-24.965,13.14,0,,,,,2,14.4,ok
TIC 446524637,155.8863,-52.9533,13.14,0,,,,,2,12.0,ok
TIC 92456967,172.9485,-51.6927,13.14,0,,,,,2,11.9,ok
TIC 359426550,183.371,-72.2096,13.14,0,,,,,2,13.5,ok
TIC 53858766,158.8671,-35.2021,13.14,0,,,,,2,10.5,ok
TIC 261230752,226.8426,-71.7384,13.14,0,,,,,4,21.0,ok
TIC 403911150,188.4636,-50.4842,13.14,0,,,,,3,20.5,ok
TIC 332524252,180.0144,-52.2449,13.15,0,,,,,4,26.4,ok
TIC 103062114,156.1989,-47.6757,13.15,0,,,,,1,19.9,ok
TIC 35542908,224.9539,-59.4197,13.15,0,,,,,4,26.3,ok
TIC 334309810,183.1725,-51.1564,13.15,0,,,,,3,24.2,ok
TIC 994964138,182.2424,-51.5048,13.15,0,,,,,4,23.6,ok
TIC 241467204,205.7972,-51.9366,13.15,0,,,,,8,26.2,ok
TIC 376209245,179.1846,-56.7566,13.15,0,,90.8,rejete,variabilite_continue;eclipse_secondaire,3,23.7,ok
TIC 162620529,170.3299,-44.308,13.15,1,3.2904,22.3,rejete,variabilite_continue;eclipse_secondaire,3,20.4,ok
TIC 21008409,186.3487,-51.1024,13.15,0,,,,,3,14.7,ok
TIC 453575944,205.4572,-59.1432,13.15,0,,,,,3,17.8,ok
TIC 163186937,172.6867,-42.4585,13.15,0,,,,,2,16.5,ok
TIC 67214828,181.9646,-54.7036,13.16,0,,,,,3,16.3,ok
TIC 410921444,178.0738,-66.7627,13.16,0,,,,,1,16.4,ok
TIC 451921637,173.1407,-56.5724,13.16,0,,,,,2,17.4,ok
TIC 400917660,178.5657,-52.1638,13.16,0,,,,,4,20.2,ok
TIC 35758536,148.9574,-43.0488,13.16,0,,26.7,rejete,variabilite_continue;eclipse_secondaire,5,19.1,ok
TIC 163028436,172.1105,-44.2954,13.17,0,,,,,5,14.3,ok
TIC 301227819,178.1519,-56.4985,13.17,0,,,,,3,13.1,ok
TIC 342899885,205.5029,-71.2989,13.17,0,,,,,3,12.6,ok
TIC 311191266,185.6544,-60.9743,13.17,0,,,,,3,15.1,ok
TIC 446897374,232.5986,-71.6426,13.17,0,,,,,4,16.2,ok
TIC 272212970,180.2088,-46.1364,13.17,0,,,,,6,17.5,ok
TIC 72542944,151.5879,-39.092,13.17,1,2.5014,17.6,rejete,variabilite_continue,3,16.9,ok
TIC 68088744,193.578,-56.3148,13.17,0,,,,,3,15.5,ok
TIC 245128327,198.2175,-50.1246,13.17,0,,,,,5,17.4,ok
TIC 429298660,184.2352,-49.1113,13.18,0,,,,,3,14.6,ok
TIC 332017079,215.2493,-53.1366,13.18,0,,42.3,rejete,variabilite_continue;eclipse_secondaire,4,17.6,ok
TIC 34499178,146.8943,-44.9389,13.18,0,,,,,5,15.2,ok
TIC 448201945,208.8397,-70.536,13.18,0,,,,,3,13.6,ok
TIC 19684256,140.0875,-31.2691,13.18,2,1.3615;10.9334,42.3,rejete,variabilite_continue;eclipse_secondaire,4,13.2,ok
TIC 22033034,182.738,-47.9419,13.19,0,,,,,3,10.4,ok
TIC 446942528,233.0761,-67.6054,13.19,0,,,,,4,11.5,ok
TIC 11520530,146.2984,-24.1756,13.19,0,,,,,4,12.7,ok
TIC 273218137,179.047,-48.6675,13.19,0,,,,,7,15.9,ok
TIC 323966987,176.9281,-60.0689,13.19,1,4.1344,46.5,rejete,variabilite_continue,3,13.0,ok
TIC 361386128,193.0615,-72.9138,13.2,0,,,,,6,16.9,ok
TIC 432744391,146.7378,-50.2044,13.2,0,,,,,8,18.3,ok
TIC 3233861,138.8296,-37.4104,13.2,0,,,,,1,11.8,ok
TIC 429452790,207.3035,-66.475,13.2,0,,,,,3,12.1,ok
TIC 448929805,214.696,-71.5458,13.2,0,,,,,4,16.7,ok
TIC 47245818,134.7317,-8.1348,13.2,0,,,,,1,10.9,ok
TIC 339509146,200.1279,-69.7919,13.21,0,,,,,3,13.6,ok
TIC 176396833,131.6598,-18.3597,13.21,0,,,,,1,15.9,ok
TIC 314906016,202.7777,-61.3769,13.21,1,1.0482,12.3,rejete,variabilite_continue;eclipse_secondaire,4,18.9,ok
TIC 161738781,190.4788,-48.3237,13.21,0,,,,,3,10.7,ok
TIC 262372298,228.466,-66.4361,13.21,0,,,,,4,12.9,ok
TIC 219451004,153.7786,-52.4813,13.21,0,,,,,1,7.8,ok
TIC 291668351,217.9854,-54.4007,13.21,0,,,,,3,10.3,ok
TIC 261759545,193.6838,-54.028,13.21,0,,,,,3,10.6,ok
TIC 45160946,147.6145,-36.192,13.21,0,,,,,1,8.0,ok
TIC 67318521,182.0283,-56.4821,13.21,0,,,,,4,11.9,ok
TIC 405905925,192.6894,-55.5067,13.21,0,,,,,4,12.3,ok
TIC 316575741,203.6701,-63.3739,13.21,0,,,,,4,12.1,ok
TIC 118683823,134.2477,-20.1054,13.21,0,,,,,3,13.9,ok
TIC 68587335,202.8807,-57.4947,13.22,0,,,,,3,14.9,ok
TIC 382104441,208.5847,-63.8945,13.22,0,,,,,4,13.3,ok
TIC 927353331,168.8455,-56.2495,13.22,0,,,,,3,15.4,ok
TIC 364512242,161.1525,-50.8961,13.22,0,,,,,2,14.2,ok
TIC 405443884,190.3185,-54.9129,13.22,0,,,,,4,16.0,ok
TIC 210625370,212.5299,-54.4325,13.22,0,,,,,4,14.5,ok
TIC 457110913,202.9227,-58.9981,13.23,0,,,,,6,13.0,ok
TIC 272642491,161.395,-53.5409,13.23,0,,,,,4,12.0,ok
TIC 241592217,207.1956,-53.5759,13.23,1,3.8647,43.8,rejete,variabilite_continue,4,14.6,ok
TIC 297668572,180.6064,-66.5292,13.23,1,4.6333,45.4,rejete,variabilite_continue,3,13.5,ok
TIC 425859147,234.962,-72.0188,13.23,0,,,,,4,13.2,ok
TIC 395594278,207.6672,-72.3682,13.23,0,,,,,3,10.0,ok
TIC 258318732,182.3489,-47.1694,13.23,0,,,,,3,12.6,ok
TIC 405856181,192.7096,-54.2235,13.23,0,,,,,4,16.2,ok
TIC 256168982,199.4684,-54.9118,13.24,0,,,,,2,11.2,ok
TIC 92002749,172.0375,-50.3031,13.24,0,,,,,5,17.5,ok
TIC 70780410,151.9063,-31.769,13.24,1,3.9227,14.6,rejete,variabilite_continue,4,16.0,ok
TIC 316282910,203.3875,-63.8165,13.24,0,,,,,2,9.4,ok
TIC 381377851,182.5053,-62.4453,13.24,0,,,,,5,13.3,ok
TIC 325502949,186.4977,-68.7945,13.24,0,,,,,3,10.6,ok
TIC 330307739,213.4535,-53.2697,13.24,0,,,,,3,11.4,ok
TIC 23498427,168.5368,-35.5535,13.25,0,,,,,3,8.4,ok
TIC 409896170,126.8983,-14.1254,13.25,1,1.5761,19.8,rejete,variabilite_continue;eclipse_secondaire,3,11.7,ok
TIC 316802745,172.0383,-64.4203,13.25,0,,,,,3,10.2,ok
TIC 310497279,152.6809,-48.2726,13.25,0,,,,,2,12.0,ok
TIC 161468577,190.2834,-53.936,13.25,0,,,,,3,12.2,ok
TIC 405385085,184.2489,-56.9662,13.25,0,,,,,6,13.5,ok
TIC 162024408,168.0656,-46.1135,13.25,0,,,,,3,11.0,ok
TIC 959877311,190.9855,-68.2106,13.25,0,,,,,3,11.9,ok
TIC 390001605,160.0599,-62.4611,13.26,0,,,,,1,9.5,ok
TIC 162729236,170.8526,-45.3549,13.26,0,,,,,3,11.0,ok
TIC 54253554,161.1997,-34.7174,13.26,0,,,,,4,12.9,ok
TIC 432467894,146.5398,-49.5773,13.26,1,1.7182,33.6,rejete,variabilite_continue;eclipse_secondaire,5,19.1,ok
TIC 401283491,188.1199,-50.3142,13.27,0,,35.4,rejete,variabilite_continue,4,13.4,ok
TIC 266169201,174.9678,-55.9334,13.27,0,,,,,2,8.5,ok
TIC 391645374,161.8071,-60.7503,13.27,0,,33.5,rejete,variabilite_continue;eclipse_secondaire,4,16.6,ok
TIC 464150825,155.5367,-55.3111,13.27,0,,,,,2,16.5,ok
TIC 316893437,203.6161,-60.1782,13.27,0,,,,,4,12.7,ok
TIC 22507789,184.5774,-45.4783,13.27,0,,,,,5,17.3,ok
TIC 245300722,199.4459,-51.8949,13.27,0,,,,,4,14.5,ok
TIC 94346376,177.1046,-52.4834,13.27,1,1.5674,11.1,rejete,variabilite_continue;eclipse_secondaire,4,15.6,ok
TIC 319650122,205.0779,-64.3552,13.27,0,,,,,4,15.4,ok
TIC 451084885,170.5553,-55.5289,13.27,1,2.9829,64.6,rejete,variabilite_continue,5,20.3,ok
TIC 418567812,224.0017,-59.6431,13.27,1,8.0154,31.8,rejete,variabilite_continue,5,13.4,ok
TIC 412413652,231.1796,-57.5904,13.27,0,,,,,4,12.5,ok
TIC 332163041,179.3313,-50.3814,13.28,0,,,,,3,9.4,ok
TIC 330280978,211.895,-60.51,13.28,0,,,,,4,15.2,ok
TIC 166235903,192.5701,-51.5104,13.28,0,,,,,3,10.3,ok
TIC 447742508,157.6693,-48.1502,13.28,0,,,,,3,9.5,ok
TIC 7976072,133.4843,-4.9259,13.29,0,,,,,3,11.0,ok
TIC 466026514,164.9779,-65.2523,13.29,0,,,,,2,10.6,ok
TIC 322082532,175.7501,-62.1126,13.29,0,,,,,2,14.9,ok
TIC 118072143,128.7799,-18.2446,13.29,0,,15.3,rejete,variabilite_continue;eclipse_secondaire,3,15.3,ok
TIC 72753359,188.2757,-46.1062,13.3,0,,,,,4,12.3,ok
TIC 38570182,138.5056,-24.8447,13.3,0,,,,,2,11.0,ok
TIC 162807942,171.1059,-46.9511,13.3,0,,,,,3,12.3,ok
TIC 133331642,149.7514,-48.1986,13.3,0,,28.2,rejete,variabilite_continue;eclipse_secondaire;compagnon_trop_gros_2.3Rjup,4,14.9,ok
TIC 319949055,174.3893,-65.3079,13.3,0,,21.3,rejete,variabilite_continue;eclipse_secondaire,4,16.0,ok
TIC 96055535,146.6413,-8.6048,13.3,0,,,,,3,14.0,ok
TIC 314906017,202.7763,-61.3769,13.3,0,,,,,4,14.5,ok
TIC 359108805,201.2073,-59.7041,13.3,0,,,,,3,9.8,ok
TIC 46807139,230.7896,-58.7268,13.3,0,,,,,6,15.2,ok
TIC 83010292,170.4144,-53.7719,13.3,0,,,,,2,9.4,ok
TIC 441866920,197.4656,-64.6664,13.3,0,,,,,3,12.3,ok
TIC 54773966,130.1295,-10.5895,13.3,0,,,,,1,13.8,ok
TIC 271948049,187.3032,-55.6269,13.3,0,,,,,8,19.4,ok
TIC 160827811,189.8467,-52.1793,13.3,0,,,,,3,10.4,ok
TIC 315117300,145.3294,-28.3547,13.31,1,8.787,11.7,rejete,variabilite_continue,3,11.7,ok
TIC 326662822,188.6015,-69.7581,13.31,1,4.0445,93.6,rejete,variabilite_continue;eclipse_secondaire,5,18.3,ok
TIC 152151649,170.0589,-39.3826,13.31,0,,,,,2,7.4,ok
TIC 426233891,239.4859,-73.463,13.31,0,,,,,4,12.1,ok
TIC 320994166,175.2041,-65.0269,13.31,0,,97.1,rejete,variabilite_continue;eclipse_secondaire,4,10.0,ok
TIC 101961987,153.7142,-43.5152,13.31,1,3.8154,16.3,rejete,variabilite_continue;eclipse_secondaire,2,12.2,ok
TIC 48877679,163.1285,-35.6537,13.32,0,,,,,2,9.5,ok
TIC 273392238,185.8416,-48.7864,13.32,0,,,,,4,9.1,ok
TIC 447976172,157.9136,-48.9941,13.32,1,5.3585,24.9,rejete,variabilite_continue,3,12.8,ok
TIC 316236118,171.8941,-65.1444,13.32,0,,29.1,rejete,variabilite_continue;eclipse_secondaire,4,13.9,ok
TIC 448128864,208.1237,-69.5135,13.32,0,,,,,4,7.5,ok
TIC 258187994,221.5086,-68.4431,13.32,0,,,,,4,10.6,ok
TIC 255845658,185.9881,-52.2169,13.32,0,,,,,3,17.0,ok
TIC 158295551,163.1235,-40.5367,13.33,0,,,,,2,6.3,ok
TIC 317352305,203.9521,-63.8061,13.33,0,,,,,4,8.4,ok
TIC 165904363,192.4252,-49.8879,13.33,0,,,,,4,6.6,ok
TIC 404144841,195.1442,-51.2183,13.33,0,,,,,7,13.8,ok
TIC 160198796,189.3095,-53.1736,13.33,0,,,,,4,10.5,ok
TIC 399020708,198.3799,-53.2478,13.33,0,,,,,4,9.5,ok
TIC 273314502,185.6955,-52.2513,13.33,0,,,,,3,7.5,ok
TIC 448688668,212.6755,-66.4577,13.34,0,,68.0,rejete,variabilite_continue;eclipse_secondaire;compagnon_trop_gros_3.2Rjup,5,20.9,ok
TIC 273461305,186.2892,-52.486,13.34,0,,,,,4,12.3,ok
TIC 395596227,208.0019,-72.115,13.34,0,,72.5,rejete,variabilite_continue;eclipse_secondaire,4,14.0,ok
TIC 397334810,175.0427,-47.5946,13.34,0,,,,,3,5.8,ok
TIC 18894470,138.2139,-33.7343,13.34,0,,,,,1,5.2,ok
TIC 24615998,141.3959,-33.2294,13.35,1,1.2745,13.1,rejete,variabilite_continue;eclipse_secondaire,1,4.8,ok
TIC 11526793,149.7919,-25.6987,13.35,0,,,,,6,16.3,ok
TIC 181113288,174.0399,-41.8105,13.35,0,,,,,3,7.1,ok
TIC 465144449,162.6467,-61.9639,13.35,0,,,,,1,9.4,ok
TIC 406100947,193.85,-55.3513,13.35,0,,,,,5,13.8,ok
TIC 442708084,198.2181,-63.3961,13.35,0,,,,,5,13.1,ok
TIC 446135868,147.4297,-48.1117,13.35,1,1.8111,23.0,rejete,variabilite_continue;eclipse_secondaire,3,11.6,ok
TIC 348755728,134.0893,-12.9306,13.35,0,,,,,4,11.8,ok
TIC 244862329,196.4519,-49.991,13.35,0,,,,,4,12.7,ok
TIC 909366288,172.0807,-66.6304,13.36,0,,,,,2,10.3,ok
TIC 434567667,191.2895,-62.5432,13.36,0,,,,,1,10.3,ok
TIC 411128422,178.3703,-67.187,13.36,0,,,,,5,21.0,ok
TIC 72606115,151.7339,-41.1236,13.36,0,,,,,3,10.8,ok
TIC 308010949,167.2122,-54.3151,13.36,1,3.4731,21.7,rejete,variabilite_continue,3,15.1,ok
TIC 101588793,150.4809,-31.7386,13.36,1,7.0321,11.8,rejete,variabilite_continue,2,12.5,ok
TIC 270651745,136.9817,2.0727,13.36,0,,,,,1,14.7,ok
TIC 106399675,159.344,-40.3209,13.36,0,,,,,3,12.8,ok
TIC 245363375,199.7562,-50.7793,13.36,0,,,,,4,16.1,ok
TIC 389214568,179.803,-42.2072,13.36,0,,,,,4,18.2,ok
TIC 467484304,168.6135,-61.5591,13.36,0,,,,,4,23.8,ok
TIC 21011493,186.3612,-49.289,13.37,0,,,,,3,12.3,ok
TIC 457325947,205.9948,-55.3288,13.37,0,,,,,4,12.9,ok
TIC 461066586,159.6846,-59.9121,13.37,0,,,,,5,16.4,ok
TIC 53735569,158.1542,-35.2973,13.37,0,,,,,3,16.9,ok
TIC 452049244,173.3991,-56.7024,13.37,0,,,,,4,22.6,ok
TIC 210629725,212.7078,-54.2975,13.37,2,3.0293;1.5123,43.1,rejete,variabilite_continue;eclipse_secondaire,5,26.9,ok
TIC 289597748,131.773,-14.9338,13.37,0,,,,,1,12.1,ok
TIC 333511802,213.3206,-60.3311,13.37,1,3.6181,53.8,rejete,variabilite_continue;eclipse_secondaire,3,18.2,ok
TIC 33355574,150.229,-10.3884,13.37,0,,,,,2,11.4,ok
TIC 404010167,188.6703,-49.6575,13.38,0,,,,,3,10.7,ok
TIC 463357699,153.6115,-57.6912,13.38,0,,,,,2,14.1,ok
TIC 132909878,149.2962,-53.7152,13.38,0,,,,,1,13.6,ok
TIC 25837464,145.796,-33.2519,13.38,0,,,,,5,24.6,ok
TIC 267704880,176.1089,-54.1647,13.38,0,,,,,2,13.0,ok
TIC 33651215,145.556,-43.0042,13.38,0,,82.3,rejete,variabilite_continue;eclipse_secondaire,5,19.5,ok
TIC 91794828,171.4739,-53.3101,13.38,1,3.0583,34.0,rejete,variabilite_continue;eclipse_secondaire,3,14.2,ok
TIC 189585273,143.7585,-24.9849,13.38,0,,,,,5,18.7,ok
TIC 403169749,220.6717,-60.9076,13.38,0,,,,,4,17.5,ok
TIC 334790937,184.4671,-49.5077,13.39,0,,,,,4,11.3,ok
TIC 93005589,174.4206,-51.6783,13.39,0,,,,,3,15.5,ok
TIC 1973623,133.3023,-28.7684,13.39,0,,,,,7,20.6,ok
TIC 327018071,188.9875,-68.3004,13.39,0,,,,,4,12.8,ok
TIC 343609939,206.3305,-68.7424,13.39,0,,,,,3,14.0,ok
TIC 453663577,205.9389,-55.1217,13.39,0,,,,,5,17.6,ok
TIC 359403471,201.422,-56.0074,13.4,1,2.5652,21.0,rejete,variabilite_continue;eclipse_secondaire,4,14.4,ok
TIC 103183399,156.5332,-46.622,13.4,0,,,,,3,9.9,ok
TIC 457050182,201.799,-54.1193,13.4,0,,,,,3,11.7,ok
TIC 412178399,180.7311,-68.5584,13.4,0,,,,,2,7.9,ok
TIC 290388627,173.7181,-63.4458,13.4,0,,,,,3,8.8,ok
TIC 462264076,150.8243,-56.0393,13.4,0,,,,,2,13.0,ok
TIC 164582436,191.9131,-50.8882,13.4,0,,,,,4,15.3,ok
TIC 313267940,183.1675,-71.7176,13.41,0,,,,,2,7.7,ok
TIC 92699962,173.7349,-52.3603,13.41,0,,,,,3,9.0,ok
TIC 429202565,183.9392,-52.5884,13.41,0,,,,,4,13.0,ok
TIC 57183789,170.6307,-35.6933,13.41,0,,,,,3,8.4,ok
TIC 290722293,217.4501,-59.6318,13.41,0,,,,,4,12.0,ok
TIC 270872592,186.1647,-57.5973,13.41,0,,,,,3,9.4,ok
TIC 464970642,162.111,-62.7558,13.41,0,,,,,2,10.3,ok
TIC 207621404,206.8865,-55.5505,13.42,0,,,,,5,10.0,ok
TIC 451922999,173.071,-56.8358,13.42,0,,,,,5,12.2,ok
TIC 18794442,138.0552,-33.832,13.42,1,2.0141,10.8,rejete,variabilite_continue;eclipse_secondaire,3,12.2,ok
TIC 19447218,124.4473,-9.057,13.43,0,,,,,2,8.3,ok
TIC 163585366,174.5077,-45.1583,13.43,0,,,,,1,7.3,ok
TIC 244867447,196.5104,-48.7865,13.43,0,,,,,4,11.0,ok
TIC 268539465,176.9633,-56.3664,13.43,0,,,,,3,10.3,ok
TIC 106756298,160.7694,-40.8173,13.43,0,,,,,2,9.8,ok
TIC 1044416496,203.5296,-56.4076,13.43,0,,,,,1,6.4,ok
TIC 29845113,165.6752,-36.1454,13.43,0,,,,,2,7.3,ok
TIC 259525263,223.6502,-71.502,13.43,0,,,,,4,11.8,ok
TIC 463833243,154.9402,-54.7132,13.43,0,,,,,2,8.1,ok
TIC 78582569,143.188,-45.0934,13.43,0,,,,,1,7.5,ok
TIC 340609756,201.8168,-71.6094,13.43,0,,,,,3,7.2,ok
TIC 163152220,172.6125,-44.0336,13.44,0,,,,,3,10.7,ok
TIC 245075679,197.9752,-50.7095,13.44,0,,,,,5,9.5,ok
TIC 67622702,182.2638,-55.3945,13.44,0,,,,,2,5.1,ok
TIC 390066015,182.4995,-59.5487,13.44,0,,,,,3,6.9,ok
TIC 263207857,230.3891,-66.2644,13.44,0,,26.2,rejete,variabilite_continue,4,12.3,ok
TIC 288224717,187.3017,-50.9075,13.44,0,,,,,3,7.7,ok
TIC 457187863,203.4838,-54.2196,13.44,0,,,,,4,8.2,ok
TIC 457244928,203.3589,-59.4982,13.44,0,,,,,4,7.6,ok
TIC 422214356,196.2576,-52.5641,13.44,0,,,,,4,12.4,ok
TIC 410303247,149.9708,-22.9226,13.44,0,,,,,2,17.5,ok
TIC 412750979,193.3343,-54.5818,13.45,0,,,,,5,15.2,ok
TIC 374158830,159.8815,-48.544,13.45,0,,,,,2,14.1,ok
TIC 281286325,150.9569,-19.2825,13.45,0,,,,,3,13.3,ok
TIC 382408105,183.3115,-64.8751,13.45,0,,,,,5,15.9,ok
TIC 360905647,190.8134,-72.1001,13.46,0,,,,,3,16.8,ok
TIC 262731527,229.5235,-68.5381,13.46,0,,,,,4,13.0,ok
TIC 241532908,206.4719,-50.8928,13.46,0,,,,,3,13.3,ok
TIC 163582746,174.4275,-42.943,13.46,0,,,,,4,12.2,ok
TIC 147193084,162.2709,-45.0855,13.46,0,,,,,2,12.6,ok
TIC 49001119,164.1277,-30.4704,13.46,0,,,,,2,9.5,ok
TIC 72755213,188.2349,-47.4127,13.46,0,,,,,3,7.5,ok
TIC 405571798,191.7597,-59.08,13.46,0,,,,,5,9.3,ok
TIC 313367898,202.1824,-64.6574,13.46,0,,,,,2,14.1,ok
TIC 164917186,192.0412,-51.1262,13.46,0,,,,,4,11.5,ok
TIC 24837152,142.2712,-34.7648,13.46,1,5.5702,18.1,rejete,variabilite_continue,3,9.5,ok
TIC 332710679,150.3891,-16.1269,13.47,0,,,,,4,17.6,ok
TIC 412178397,180.7337,-68.5581,13.47,0,,,,,2,11.9,ok
TIC 461051888,232.3533,-65.6728,13.47,0,,,,,4,16.1,ok
TIC 303327435,164.0159,-54.2804,13.47,1,2.7538,22.2,rejete,variabilite_continue,5,19.1,ok
TIC 245050667,197.7539,-53.4571,13.47,0,,,,,4,7.7,ok
TIC 280647591,144.3578,-48.2752,13.47,1,4.2388,12.4,rejete,variabilite_continue,3,10.7,ok
TIC 244862324,196.4096,-49.9932,13.47,0,,,,,4,8.9,ok
TIC 256124756,199.577,-59.7587,13.47,1,2.2316,21.6,rejete,variabilite_continue;eclipse_secondaire,3,9.3,ok
TIC 448209223,208.7466,-68.8998,13.48,0,,,,,4,8.9,ok
TIC 420008286,202.9063,-53.3439,13.48,0,,,,,4,10.7,ok
TIC 389545563,217.6645,-64.5245,13.48,0,,,,,4,10.4,ok
TIC 382734463,183.347,-62.3083,13.48,0,,,,,3,10.9,ok
TIC 332469864,179.8645,-52.5718,13.48,0,,,,,4,8.2,ok
TIC 25102706,143.1371,-31.1816,13.48,0,,,,,4,10.5,ok
TIC 245101687,198.2612,-53.7548,13.48,0,,,,,3,5.5,ok
TIC 296670796,223.9779,-61.0631,13.48,1,1.1555,146.5,rejete,variabilite_continue;eclipse_secondaire,5,13.2,ok
TIC 314894433,202.8682,-60.2995,13.48,0,,,,,4,8.8,ok
TIC 450657092,186.9006,-60.9838,13.48,0,,,,,3,6.8,ok
TIC 161156219,190.0734,-48.8132,13.48,0,,,,,4,8.4,ok
TIC 892149,135.572,-4.1154,13.48,0,,,,,5,9.1,ok
TIC 463590116,154.3282,-58.2771,13.49,0,,,,,4,10.8,ok
TIC 447438062,157.2068,-48.5578,13.49,0,,,,,1,14.7,ok
TIC 50928777,127.2708,-8.4247,13.49,0,,,,,1,9.6,ok
TIC 162093661,168.3067,-45.0887,13.49,1,6.3331,12.4,rejete,variabilite_continue,3,12.7,ok
TIC 259522658,223.3485,-71.2606,13.49,0,,,,,4,8.9,ok
TIC 319652511,205.0971,-64.1091,13.49,0,,,,,4,10.3,ok
TIC 162900778,171.5866,-46.4251,13.49,0,,,,,3,7.4,ok
TIC 25836205,145.7671,-31.9562,13.49,0,,,,,2,12.2,ok
TIC 166559647,192.7154,-51.9431,13.49,0,,,,,3,13.1,ok
TIC 396649769,214.41,-75.3243,13.49,1,2.1968,39.2,rejete,variabilite_continue,6,16.4,ok
TIC 48016265,147.1124,-33.3545,13.49,0,,,,,4,15.1,ok
TIC 181113291,174.0389,-41.8099,13.49,0,,,,,3,9.7,ok
TIC 142742276,137.6661,-5.4789,13.5,0,,,,,1,5.3,ok
TIC 466840665,166.9684,-61.1516,13.5,0,,,,,2,11.9,ok
TIC 335727136,194.8166,-65.9397,13.5,0,,,,,2,9.3,ok
TIC 426007626,236.8297,-72.4175,13.5,0,,,,,4,7.6,ok
TIC 267704420,176.0956,-54.2875,13.51,0,,,,,2,5.3,ok
TIC 209651509,210.888,-58.6236,13.51,0,,,,,7,16.4,ok
TIC 158503974,164.0373,-41.7855,13.51,0,,,,,3,9.4,ok
TIC 334307004,183.1222,-49.7437,13.51,0,,,,,3,6.2,ok
TIC 290600010,140.3674,2.7671,13.52,0,,,,,5,12.5,ok
TIC 336952653,196.593,-67.0302,13.52,0,,,,,3,13.6,ok
TIC 273341284,188.5079,-53.9625,13.52,0,,,,,2,7.4,ok
TIC 463343283,153.6735,-55.3793,13.52,1,4.8654,28.2,rejete,variabilite_continue;eclipse_secondaire,4,14.4,ok
TIC 72235515,186.8085,-47.5632,13.52,0,,,,,3,6.0,ok
TIC 311252710,151.8856,-43.6294,13.52,0,,88.8,rejete,variabilite_continue,5,18.2,ok
TIC 405318479,184.2903,-59.1853,13.52,0,,,,,8,21.1,ok
TIC 419909532,202.5065,-52.0902,13.52,0,,,,,4,13.6,ok
TIC 289409000,131.1594,-14.9341,13.52,0,,,,,1,7.2,ok
TIC 410290414,213.9749,-56.8235,13.52,0,,,,,4,10.0,ok
TIC 241752370,208.8894,-52.5245,13.53,0,,60.8,rejete,variabilite_continue;eclipse_secondaire,5,16.4,ok
TIC 336345669,196.139,-71.5756,13.53,0,,,,,3,23.0,ok
TIC 463469906,153.7796,-54.9373,13.53,0,,,,,4,22.2,ok
TIC 36133991,149.6589,-42.4503,13.53,0,,,,,3,15.9,ok
TIC 295238189,170.7413,-66.5339,13.53,0,,,,,6,12.6,ok
TIC 292889298,221.842,-60.5449,13.53,1,2.252,24.5,rejete,variabilite_continue;eclipse_secondaire,5,15.9,ok
TIC 49003558,164.1024,-35.3486,13.53,0,,,,,3,12.9,ok
TIC 77334137,141.6864,-43.0059,13.53,0,,,,,1,14.9,ok
TIC 393936180,197.141,-72.665,13.54,0,,,,,3,9.7,ok
TIC 272905971,188.3645,-54.0584,13.54,0,,,,,3,17.5,ok
TIC 163347230,191.1946,-53.2739,13.54,0,,,,,2,8.1,ok
TIC 48276576,148.0866,-34.9579,13.54,0,,,,,3,8.7,ok
TIC 293520468,142.8402,-17.2962,13.54,0,,,,,5,13.3,ok
TIC 335370623,194.5723,-69.1061,13.55,0,,,,,4,12.0,ok
TIC 210534663,212.4444,-58.4493,13.55,0,,,,,4,14.5,ok
TIC 404181546,195.284,-51.7079,13.55,0,,,,,4,15.1,ok
TIC 426654134,235.6607,-68.514,13.55,0,,,,,4,16.3,ok
TIC 457086288,203.0476,-58.6674,13.55,0,,,,,4,19.7,ok
TIC 313392862,183.4756,-68.9113,13.55,0,,,,,2,18.1,ok
TIC 465339118,163.0972,-61.4397,13.55,0,,,,,1,11.6,ok
TIC 37451241,225.9988,-54.0758,13.56,0,,,,,3,12.8,ok
TIC 48768158,162.2269,-32.42,13.56,0,,12.7,rejete,variabilite_continue;eclipse_secondaire,4,15.0,ok
TIC 341858898,203.731,-70.9597,13.56,0,,,,,3,10.6,ok
TIC 402509153,222.6139,-73.6918,13.57,0,,,,,3,11.8,ok
TIC 61988024,177.9503,-47.4441,13.57,0,,,,,3,20.4,ok
TIC 241615677,207.4758,-51.8665,13.57,0,,,,,4,11.2,ok
TIC 333827070,182.2295,-49.4521,13.58,0,,,,,3,17.5,ok
TIC 158455853,163.9518,-38.3196,13.58,0,,,,,2,14.1,ok
TIC 5224772,142.3299,-37.4716,13.58,0,,21.1,rejete,variabilite_continue,3,12.8,ok
TIC 448728685,213.0493,-69.9892,13.58,0,,,,,8,13.9,ok
TIC 448256726,209.0412,-70.326,13.58,0,,,,,4,11.8,ok
TIC 331160996,212.2825,-62.2687,13.59,0,,174.1,rejete,variabilite_continue;eclipse_secondaire,5,16.5,ok
TIC 333218248,216.6567,-52.8526,13.59,0,,,,,3,10.3,ok
TIC 272404751,187.6117,-55.6828,13.59,0,,,,,4,13.0,ok
TIC 448486970,211.0495,-68.3127,13.59,0,,,,,4,20.1,ok
TIC 259926608,224.4253,-67.6957,13.59,0,,,,,4,16.3,ok
TIC 94010239,176.4239,-51.3392,13.59,0,,11.1,rejete,variabilite_continue;eclipse_secondaire,6,17.6,ok
TIC 434244844,191.0157,-63.3756,13.59,0,,,,,3,16.4,ok
TIC 272875828,161.7339,-52.8223,13.6,0,,,,,3,13.4,ok
TIC 267637094,176.1222,-55.7261,13.6,0,,,,,3,14.2,ok
TIC 324859018,209.2668,-65.4862,13.6,0,,,,,3,13.0,ok
TIC 450519321,169.0245,-55.9673,13.6,0,,,,,3,13.1,ok
TIC 956099551,186.8818,-72.6706,13.6,0,,,,,2,9.3,ok
TIC 333892406,192.8821,-67.5542,13.6,0,,,,,3,8.9,ok
TIC 934105953,172.9474,-51.6928,13.61,0,,,,,2,12.1,ok
TIC 865577667,150.5571,-52.6646,13.61,0,,,,,2,20.9,ok
TIC 209469581,210.3277,-56.0941,13.61,0,,,,,4,16.3,ok
TIC 334757798,213.9643,-60.8369,13.61,1,2.3042,53.2,rejete,variabilite_continue;eclipse_secondaire,5,20.5,ok
TIC 395591716,207.6726,-73.2945,13.62,0,,,,,3,5.8,ok
TIC 348836257,134.7965,-14.6254,13.62,0,,,,,2,13.2,ok
TIC 425659058,232.7407,-74.1988,13.62,0,,,,,4,15.2,ok
TIC 360261300,187.6048,-72.4317,13.62,0,,,,,6,15.4,ok
TIC 456962262,201.4732,-59.1813,13.62,0,,59.2,rejete,variabilite_continue;eclipse_secondaire,6,15.9,ok
TIC 401947546,220.3709,-61.9912,13.63,0,,,,,4,7.2,ok
TIC 332362308,179.8386,-48.3979,13.63,0,,,,,3,4.5,ok
TIC 169995922,194.3984,-52.9603,13.63,0,,30.3,rejete,variabilite_continue;eclipse_secondaire,3,12.0,ok
TIC 401314439,187.9775,-52.6199,13.63,0,,,,,3,8.6,ok
TIC 37451321,225.9936,-54.0648,13.63,0,,,,,3,8.5,ok
TIC 327499969,210.5942,-61.857,13.63,0,,,,,4,11.9,ok
TIC 308630840,184.2217,-62.9346,13.63,0,,,,,3,8.6,ok
TIC 419858461,191.6436,-59.5648,13.63,0,,,,,4,16.5,ok
TIC 334120091,182.7604,-50.3747,13.63,0,,,,,4,8.4,ok
TIC 4342429,140.6438,-37.8594,13.63,0,,,,,3,11.2,ok
TIC 4102368,140.3283,-39.325,13.64,1,3.1308,13.4,rejete,variabilite_continue;eclipse_secondaire,2,16.9,ok
TIC 337818855,197.7178,-67.5586,13.64,0,,,,,3,13.8,ok
TIC 61987177,177.9924,-46.8546,13.64,0,,,,,4,16.2,ok
TIC 22717923,185.3317,-46.7283,13.64,0,,,,,3,10.7,ok
TIC 258322970,182.4454,-45.6165,13.64,0,,,,,3,11.1,ok
TIC 328474466,190.6903,-69.0643,13.64,0,,,,,3,7.6,ok
TIC 71824257,166.7357,-46.7684,13.64,0,,,,,3,8.6,ok
TIC 932325222,173.5848,-51.5799,13.64,0,,,,,2,10.1,ok
TIC 261389056,209.8213,-51.6171,13.64,0,,,,,3,9.1,ok
TIC 449823764,201.4897,-60.1027,13.64,0,,,,,3,7.6,ok
TIC 271111798,186.5087,-56.5553,13.64,0,,,,,3,6.1,ok
TIC 165274358,191.981,-49.0192,13.65,0,,,,,4,9.7,ok
TIC 391510223,161.5247,-61.8698,13.65,1,1.6544,40.7,rejete,variabilite_continue;eclipse_secondaire,4,11.2,ok
TIC 106311499,158.8529,-37.704,13.65,0,,,,,3,9.1,ok
TIC 40198665,227.3684,-59.6253,13.65,0,,,,,3,11.0,ok
TIC 448099152,208.1087,-69.8617,13.65,0,,,,,3,13.1,ok
TIC 178709444,166.074,-47.8216,13.66,0,,,,,7,16.2,ok
TIC 382174705,183.2746,-60.9293,13.66,0,,,,,3,12.3,ok
TIC 411428600,183.3474,-56.1343,13.66,0,,,,,4,18.1,ok
TIC 328477573,190.554,-69.7302,13.66,0,,,,,2,21.1,ok
TIC 327656082,189.9052,-71.9051,13.67,0,,,,,3,13.9,ok
TIC 449414393,199.9427,-64.6036,13.67,0,,,,,3,21.5,ok
TIC 1108525154,233.104,-69.9493,13.67,0,,,,,7,16.6,ok
TIC 68081161,193.4019,-54.0911,13.67,0,,,,,4,14.1,ok
TIC 457367358,206.0176,-58.9622,13.68,0,,,,,4,12.0,ok
TIC 446462469,155.9751,-48.1195,13.68,0,,,,,1,10.3,ok
TIC 1133917349,224.0531,-56.8224,13.68,0,,,,,2,12.8,ok
TIC 62066360,178.3928,-44.1972,13.68,0,,,,,4,10.4,ok
TIC 73182755,190.0233,-46.5665,13.69,0,,,,,5,19.6,ok
TIC 457712046,158.1044,-54.2719,13.69,0,,,,,2,6.8,ok
TIC 336464359,196.0214,-68.2994,13.69,1,2.1562,45.5,rejete,variabilite_continue,3,8.9,ok
TIC 409013363,213.7422,-54.4676,13.69,0,,,,,5,17.8,ok
TIC 375729536,178.7358,-59.9466,13.69,0,,,,,5,11.1,ok
TIC 457206597,203.3699,-55.3173,13.7,0,,,,,4,10.3,ok
TIC 448863446,214.293,-71.5591,13.7,0,,,,,4,11.7,ok
TIC 106374078,159.2274,-36.8779,13.7,0,,,,,5,11.9,ok
TIC 376271560,179.3206,-54.5402,13.7,0,,,,,3,16.3,ok
TIC 49173897,165.3944,-34.1826,13.7,0,,,,,5,14.6,ok
TIC 454070695,176.1949,-39.4598,13.71,0,,,,,6,23.8,ok
TIC 37642578,135.4633,-24.654,13.71,0,,,,,3,17.5,ok
TIC 192941085,154.7539,-26.7762,13.71,0,,,,,7,18.7,ok
TIC 334859638,184.6554,-49.8644,13.71,0,,,,,3,13.1,ok
TIC 422180499,196.2679,-49.8936,13.71,0,,55.2,rejete,variabilite_continue;eclipse_secondaire,4,15.5,ok
TIC 342500189,204.6555,-69.996,13.71,0,,,,,3,9.9,ok
TIC 180997904,173.0014,-39.3636,13.71,1,4.9379,14.1,rejete,variabilite_continue,4,9.8,ok
TIC 419502814,191.1433,-55.2129,13.72,1,1.0569,74.8,rejete,variabilite_continue;eclipse_secondaire,4,13.3,ok
TIC 332608132,213.0155,-61.0539,13.72,0,,,,,4,11.2,ok
TIC 263776190,231.5438,-67.3091,13.72,0,,,,,4,13.2,ok
TIC 13441775,132.122,-8.055,13.72,0,,,,,1,6.0,ok
TIC 396004353,210.4805,-75.2261,13.72,0,,,,,10,20.1,ok
TIC 167220199,193.0923,-49.599,13.72,0,,,,,5,12.8,ok
TIC 286661397,186.6745,-66.2065,13.72,0,,189.0,rejete,variabilite_continue;eclipse_secondaire,7,17.3,ok
TIC 412129392,189.9345,-54.0745,13.73,0,,,,,3,14.0,ok
TIC 436783866,193.7815,-63.9437,13.73,0,,,,,4,8.6,ok
TIC 325102000,209.4791,-62.7975,13.73,0,,,,,3,11.1,ok
TIC 244868635,196.6059,-49.4737,13.73,0,,,,,4,7.3,ok
TIC 49178826,165.4418,-35.0383,13.74,0,,,,,3,7.1,ok
TIC 37376063,134.7476,-29.1825,13.74,0,,,,,1,4.4,ok
TIC 411873161,189.5176,-55.9968,13.74,0,,,,,4,11.4,ok
TIC 260769622,189.2156,-48.8858,13.74,0,,,,,4,10.1,ok
TIC 459748586,163.5056,-53.916,13.74,0,,,,,2,9.5,ok
TIC 61475565,176.0991,-42.5504,13.75,0,,,,,5,14.6,ok
TIC 91472059,171.0056,-53.8315,13.75,0,,,,,2,10.4,ok
TIC 181086985,173.6854,-39.3663,13.75,0,,,,,4,12.8,ok
TIC 328851696,191.3856,-66.3616,13.75,0,,,,,2,11.5,ok
TIC 465296988,163.0758,-64.1811,13.76,0,,,,,2,9.2,ok
TIC 400955684,185.2,-54.7195,13.76,0,,,,,3,13.0,ok
TIC 381942312,183.078,-63.3599,13.76,0,,,,,3,5.9,ok
TIC 434801330,192.4992,-65.7411,13.76,0,,,,,6,17.9,ok
TIC 332841294,180.6085,-51.9166,13.77,0,,,,,4,23.1,ok
TIC 142829003,138.8552,-0.8089,13.77,0,,,,,5,11.6,ok
TIC 281757097,186.2995,-67.3625,13.77,0,,,,,5,8.8,ok
TIC 162306409,169.172,-45.1015,13.77,0,,,,,3,7.1,ok
TIC 313754586,184.1866,-71.3554,13.78,0,,,,,2,6.2,ok
TIC 120307709,163.22,-51.8414,13.78,0,,,,,2,8.0,ok
TIC 253457390,196.9952,-55.1317,13.78,0,,,,,3,5.4,ok
TIC 307140413,167.9692,-44.0317,13.78,0,,,,,3,14.2,ok
TIC 167208813,193.0898,-50.907,13.78,0,,,,,4,11.3,ok
TIC 273058186,178.767,-49.9039,13.79,0,,,,,2,12.2,ok
TIC 288282169,187.2647,-49.5696,13.79,0,,,,,3,15.8,ok
TIC 241719516,208.4729,-52.3448,13.79,0,,,,,4,7.4,ok
TIC 151735351,167.2875,-41.8922,13.8,0,,,,,6,24.4,ok
TIC 360156606,186.767,-72.4519,13.8,0,,,,,7,22.3,ok
TIC 328985850,191.1933,-68.2136,13.8,0,,,,,3,19.1,ok
TIC 438967573,195.6037,-60.7009,13.81,0,,,,,2,14.6,ok
TIC 401273023,187.9,-51.8106,13.81,0,,,,,3,24.8,ok
TIC 23226265,166.9499,-34.3495,13.81,0,,,,,5,13.1,ok
TIC 72116514,186.1245,-46.0484,13.82,0,,,,,3,11.6,ok
TIC 348754006,134.1286,-15.8692,13.82,0,,,,,2,20.8,ok
TIC 95736561,131.3447,-6.6691,13.82,0,,,,,1,13.9,ok
TIC 375838652,178.8596,-56.6974,13.82,0,,,,,5,13.7,ok
TIC 461239065,232.7137,-65.8536,13.82,0,,,,,4,14.5,ok
TIC 409952023,213.8879,-57.9329,13.83,0,,,,,4,15.8,ok
TIC 989740650,185.8097,-55.6707,13.83,0,,,,,3,9.1,ok
TIC 1030878844,201.933,-60.1272,13.83,0,,,,,4,9.9,ok
TIC 329693923,212.4385,-52.2083,13.83,0,,,,,3,11.1,ok
TIC 342500320,204.5885,-70.0385,13.83,0,,,,,3,11.6,ok
TIC 160522890,189.7012,-49.8006,13.83,0,,,,,5,11.5,ok
TIC 93470550,175.3024,-48.7718,13.83,0,,,,,3,10.6,ok
TIC 92237889,172.5361,-49.8749,13.83,0,,,,,2,13.9,ok
TIC 162801548,170.9647,-42.2983,13.84,0,,,,,3,11.9,ok
TIC 456222155,230.8917,-64.1893,13.84,0,,,,,4,13.2,ok
TIC 1352449,131.6102,-24.5912,13.84,0,,,,,3,8.5,ok
TIC 446334925,216.9718,-67.448,13.85,0,,,,,4,8.3,ok
TIC 152062150,169.6422,-35.9075,13.85,0,,,,,3,15.2,ok
TIC 15521702,185.2943,-48.2223,13.85,0,,,,,3,10.9,ok
TIC 169014637,126.5088,-5.243,13.85,0,,,,,1,6.4,ok
TIC 38348412,137.8488,-24.263,13.85,0,,,,,1,9.8,ok
TIC 146313523,158.3093,-45.9376,13.86,0,,,,,2,10.4,ok
TIC 72670312,188.2222,-45.8019,13.86,0,,,,,3,6.1,ok
TIC 425921879,235.5082,-74.1075,13.86,0,,,,,6,15.6,ok
TIC 316895281,203.693,-59.9948,13.87,0,,,,,4,24.3,ok
TIC 241406701,205.0755,-51.2841,13.88,0,,,,,6,19.3,ok
TIC 241376080,204.6882,-50.8867,13.88,0,,,,,8,18.1,ok
TIC 461102288,232.5259,-61.438,13.88,0,,,,,5,16.8,ok
TIC 332159979,179.4033,-51.7701,13.88,0,,,,,4,15.9,ok
TIC 342831798,205.3013,-68.2882,13.88,0,,,,,3,20.1,ok
TIC 181015225,172.9438,-41.1946,13.89,0,,,,,2,19.4,ok
TIC 253956777,199.1506,-55.717,13.89,0,,,,,3,17.7,ok
TIC 229853985,138.0859,-18.7222,13.89,0,,,,,2,5.7,ok
TIC 54358846,161.8436,-35.7219,13.89,0,,,,,3,7.2,ok
TIC 178538234,165.0684,-42.677,13.89,0,,,,,5,16.9,ok
TIC 149743444,130.3421,-5.4204,13.89,0,,,,,1,5.1,ok
TIC 396316592,212.4004,-73.6712,13.89,0,,,,,3,9.0,ok
TIC 176772671,142.5667,-18.8431,13.9,0,,,,,4,10.7,ok
TIC 1135163498,225.0185,-55.0565,13.9,0,,,,,3,4.6,ok
TIC 390397794,184.4748,-57.3034,13.9,0,,,,,6,17.8,ok
TIC 294230311,132.8336,-18.2063,13.9,0,,,,,2,6.3,ok
TIC 51444349,129.489,-8.4612,13.9,0,,,,,1,4.9,ok
TIC 93001428,174.5266,-49.7803,13.9,0,,,,,2,9.6,ok
TIC 81928447,168.3023,-53.3939,13.91,0,,,,,4,10.5,ok
TIC 260721076,225.81,-65.891,13.92,0,,,,,4,13.6,ok
TIC 168170826,193.5503,-49.5784,13.92,0,,,,,3,10.1,ok
TIC 375565862,178.5721,-54.0614,13.92,0,,,,,4,10.6,ok
TIC 459400252,162.5524,-56.4499,13.93,0,,,,,2,9.1,ok
TIC 460901691,159.1499,-60.7559,13.93,0,,,,,3,13.8,ok
TIC 388488465,217.4617,-61.2617,13.93,0,,,,,4,11.8,ok
TIC 162583323,170.1335,-46.975,13.94,0,,,,,2,4.4,ok
TIC 462261929,150.7545,-55.6327,13.94,0,,,,,2,6.2,ok
TIC 334503409,183.5245,-49.541,13.95,0,,,,,3,9.9,ok
TIC 403904021,188.2506,-49.5341,13.95,0,,,,,3,13.8,ok
TIC 411156758,214.191,-59.7708,13.95,0,,,,,4,15.1,ok
TIC 289027718,201.8823,-56.2985,13.95,0,,,,,3,15.5,ok
TIC 439479140,195.9122,-62.1492,13.95,0,,,,,2,12.7,ok
TIC 446882768,232.4929,-67.5177,13.95,0,,,,,4,13.7,ok
TIC 146839651,160.6798,-47.2244,13.95,0,,,,,3,9.4,ok
TIC 22139314,183.2243,-44.4711,13.95,0,,,,,5,19.2,ok
TIC 71340025,154.708,-33.5304,13.96,0,,,,,7,20.6,ok
TIC 275543479,178.9545,-43.053,13.96,0,,,,,2,11.2,ok
TIC 260196381,224.5272,-71.8274,13.96,0,,,,,4,18.2,ok
TIC 1044593182,201.3131,-56.3563,13.97,0,,,,,3,12.4,ok
TIC 152566738,172.322,-37.5133,13.97,0,,,,,4,11.3,ok
TIC 425929992,235.976,-73.5415,13.98,0,,,,,4,16.1,ok
TIC 312752420,201.8452,-60.7913,13.98,0,,,,,6,25.6,ok
TIC 331396281,214.4599,-52.1045,13.98,0,,,,,3,21.2,ok
TIC 209731183,210.9285,-54.5087,13.98,0,,,,,6,26.2,ok
TIC 70625581,139.4661,-25.3309,13.98,0,,,,,2,13.4,ok
TIC 54845404,130.5511,-8.5344,13.98,0,,,,,1,6.9,ok
TIC 21964875,182.1672,-47.8477,13.99,0,,,,,3,10.6,ok
TIC 933611769,168.95,-53.1512,13.99,0,,,,,3,10.6,ok
TIC 330431937,211.9788,-61.1937,13.99,0,,,,,4,14.3,ok
TIC 210634604,212.6419,-55.1679,13.99,0,,,,,5,17.4,ok
TIC 332560096,136.679,-16.9816,14.0,0,,,,,3,10.0,ok
TIC 241289379,203.6793,-52.8698,14.01,0,,,,,4,16.6,ok
TIC 463578988,154.3062,-59.6398,14.01,0,,,,,1,10.4,ok
TIC 343302662,205.9358,-71.2324,14.01,0,,,,,4,10.9,ok
TIC 245097161,197.9592,-52.585,14.01,0,,,,,3,12.0,ok
TIC 394812504,202.6405,-74.256,14.02,0,,,,,3,8.2,ok
TIC 423320660,140.8856,-22.8598,14.02,0,,,,,2,15.5,ok
TIC 779824,134.8065,-3.9934,14.02,0,,,,,1,12.2,ok
TIC 441172119,197.0479,-64.2188,14.02,0,,,,,3,14.5,ok
TIC 288096435,187.089,-48.6522,14.02,0,,,,,3,10.2,ok
TIC 188207457,162.5765,-27.5104,14.03,0,,,,,5,17.4,ok
TIC 151679995,166.918,-38.8556,14.03,0,,,,,3,10.9,ok
TIC 448193930,158.4949,-50.1676,14.03,0,,,,,2,6.8,ok
TIC 287105582,186.9872,-67.6436,14.03,0,,,,,3,9.7,ok
TIC 463278438,153.4915,-55.9517,14.03,0,,,,,5,10.7,ok
TIC 420094194,202.9327,-51.0038,14.03,0,,,,,4,13.2,ok
TIC 73308877,190.3728,-46.6874,14.03,0,,,,,4,14.0,ok
TIC 71886202,166.9558,-46.8752,14.04,0,,,,,2,11.0,ok
TIC 446926949,156.4907,-50.3991,14.04,0,,,,,1,8.7,ok
TIC 453955490,225.4149,-60.2466,14.04,0,,,,,4,11.5,ok
TIC 911292787,164.9779,-65.2518,14.05,0,,,,,2,6.9,ok
TIC 82770324,170.0464,-48.275,14.05,0,,,,,2,8.0,ok
TIC 241782708,209.2051,-51.23,14.05,0,,,,,3,7.1,ok
TIC 21943925,181.9975,-45.3493,14.05,0,,,,,3,17.3,ok
TIC 439879258,196.1769,-64.7892,14.06,0,,,,,3,7.6,ok
TIC 310821145,152.8751,-48.6832,14.06,0,,,,,2,12.5,ok
TIC 72817681,188.5837,-46.7951,14.06,0,,,,,3,11.3,ok
TIC 297482728,224.4424,-61.4171,14.06,0,,,,,3,15.9,ok
TIC 5452654,147.0179,-22.6577,14.06,0,,,,,4,14.4,ok
TIC 95728434,131.3183,-7.8752,14.07,0,,,,,1,10.1,ok
TIC 162028343,168.1268,-42.5455,14.07,0,,,,,1,9.3,ok
TIC 106609564,160.2658,-40.4217,14.08,0,,,,,3,21.9,ok
TIC 403910467,188.3221,-50.1435,14.08,0,,,,,3,16.1,ok
TIC 429231985,184.0617,-48.0941,14.08,0,,,,,3,11.6,ok
TIC 401619371,216.3145,-74.1155,14.08,0,,,,,4,17.1,ok
TIC 451095205,187.6093,-60.6741,14.09,0,,,,,3,18.6,ok
TIC 437002682,194.2378,-60.3308,14.09,0,,,,,6,22.5,ok
TIC 337707809,197.856,-70.4698,14.09,0,,,,,3,16.1,ok
TIC 434923593,192.4065,-63.5361,14.09,0,,,,,6,14.3,ok
TIC 33721975,145.6227,-47.5073,14.1,0,,,,,1,7.3,ok
TIC 310888517,185.4252,-61.7973,14.1,0,,,,,3,6.6,ok
TIC 289409074,131.2094,-14.8266,14.1,0,,,,,5,12.8,ok
TIC 67136919,181.7721,-58.7545,14.11,0,,,,,4,9.0,ok
TIC 389215319,179.8341,-43.036,14.11,0,,,,,3,9.4,ok
TIC 404274646,195.6845,-50.6757,14.11,0,,,,,3,7.2,ok
TIC 389895362,217.5712,-63.1911,14.11,0,,,,,4,19.1,ok
TIC 307255082,179.8727,-60.6852,14.12,0,,,,,6,19.3,ok
TIC 21013191,186.4676,-48.1846,14.12,0,,,,,3,10.7,ok
TIC 22558783,184.7382,-45.5116,14.12,0,,,,,4,9.6,ok
TIC 50716374,126.3843,-7.4729,14.12,0,,,,,4,10.0,ok
TIC 334791374,184.4484,-49.2637,14.12,0,,,,,4,13.0,ok
TIC 466508336,166.32,-60.6244,14.12,0,,,,,2,7.4,ok
TIC 425730409,233.5112,-73.8963,14.12,0,,,,,4,8.1,ok
TIC 450029027,168.2808,-55.2266,14.13,0,,,,,?,3.7,erreur
TIC 146883975,160.9742,-42.7148,14.13,0,,,,,2,6.8,ok
TIC 422149668,150.6583,-13.4607,14.13,0,,,,,5,11.3,ok
TIC 15523450,185.4964,-48.7163,14.13,0,,,,,4,13.1,ok
TIC 401952188,220.3698,-61.1177,14.13,0,,,,,4,18.8,ok
TIC 162025064,168.0676,-45.5461,14.13,0,,,,,2,22.1,ok
TIC 152024022,169.2002,-36.2182,14.13,0,,,,,3,27.6,ok
TIC 220087530,154.7427,-51.8657,14.13,0,,,,,1,10.2,ok
TIC 342197330,204.3509,-71.1827,14.13,0,,,,,3,14.7,ok
TIC 411710471,218.9928,-54.9026,14.14,0,,,,,3,8.5,ok
TIC 106193775,158.3898,-36.9683,14.14,0,,,,,2,7.2,ok
TIC 19122172,123.5192,-8.1616,14.14,0,,,,,1,14.0,ok
TIC 181114373,174.0392,-40.6755,14.14,0,,,,,2,9.7,ok
TIC 21985776,182.6309,-47.7442,14.14,0,,,,,3,12.3,ok
TIC 466840711,166.9799,-61.1462,14.15,0,,,,,7,13.4,ok
TIC 17685932,135.7178,-34.7777,14.15,0,,,,,1,6.3,ok
TIC 388857056,217.3463,-62.2451,14.15,0,,,,,4,8.5,ok
TIC 151859499,168.1483,-40.4309,14.16,0,,,,,3,13.2,ok
TIC 22216879,183.6581,-46.0266,14.16,0,,,,,3,6.9,ok
TIC 39039921,226.9195,-54.1043,14.17,0,,,,,3,9.4,ok
TIC 219532488,154.0066,-52.355,14.17,0,,,,,1,3.4,ok
TIC 152363549,171.0245,-36.6052,14.17,1,1.1613,25.3,rejete,variabilite_continue;eclipse_secondaire,3,17.4,ok
TIC 263903636,231.6768,-68.7194,14.18,0,,,,,4,7.4,ok
TIC 263670135,231.436,-70.3818,14.18,0,,,,,2,9.4,ok
TIC 152600539,172.6233,-37.9391,14.18,0,,,,,2,8.4,ok
TIC 327039106,188.8131,-70.7189,14.18,0,,,,,4,7.2,ok
TIC 96053424,146.5333,-9.7185,14.18,0,,,,,3,7.3,ok
TIC 334217994,183.0042,-52.242,14.18,0,,,,,7,16.1,ok
TIC 458108996,159.1901,-59.8342,14.19,0,,,,,1,6.0,ok
TIC 465390199,163.327,-61.4107,14.2,0,,,,,1,10.3,ok
TIC 219521711,154.0072,-52.3557,14.2,0,,,,,1,6.1,ok
TIC 244902151,196.805,-50.4156,14.21,0,,,,,4,9.7,ok
TIC 271217802,186.7518,-54.9092,14.21,0,,,,,3,12.0,ok
TIC 326538701,188.3527,-68.8155,14.21,0,,,,,3,8.4,ok
TIC 163376745,173.5169,-46.1272,14.21,0,,,,,2,7.5,ok
TIC 403757567,179.9965,-47.7867,14.21,0,,,,,3,6.0,ok
TIC 331665132,212.5309,-62.5071,14.21,0,,,,,6,16.1,ok
TIC 106882745,161.4612,-37.9163,14.21,0,,33.7,rejete,variabilite_continue;eclipse_secondaire,3,9.9,ok
TIC 62476540,132.1915,-4.5218,14.21,0,,,,,1,8.1,ok
TIC 29979567,166.6082,-40.3258,14.21,0,,,,,2,9.5,ok
TIC 245177949,198.7825,-53.4241,14.22,0,,,,,3,10.9,ok
TIC 287895933,184.8064,-59.5841,14.22,0,,,,,7,15.8,ok
TIC 396360052,212.9486,-72.4149,14.22,0,,,,,4,10.0,ok
TIC 299791507,208.1333,-64.185,14.22,0,,,,,4,18.1,ok
TIC 463006021,152.7323,-55.3098,14.22,0,,,,,6,14.5,ok
TIC 193030464,155.7954,-28.5034,14.23,0,,24.0,rejete,variabilite_continue;eclipse_secondaire,7,14.2,ok
TIC 418093187,145.8727,-22.9796,14.23,0,,,,,3,14.0,ok
TIC 422089507,188.725,-50.986,14.23,0,,,,,4,17.8,ok
TIC 266842406,175.5708,-57.1341,14.23,0,,,,,5,25.1,ok
TIC 394036711,197.6234,-72.6502,14.23,0,,,,,3,21.6,ok
TIC 442802643,198.2779,-62.2118,14.23,0,,,,,3,15.4,ok
TIC 405567345,191.7865,-59.7693,14.23,0,,,,,1,11.0,ok
TIC 447214065,156.7972,-49.7807,14.23,0,,,,,1,13.5,ok
TIC 462206547,150.6034,-55.7011,14.24,0,,,,,1,19.0,ok
TIC 332362063,179.8337,-48.2424,14.24,0,,,,,3,17.1,ok
TIC 464598129,156.5206,-59.1173,14.24,0,,,,,1,18.8,ok
TIC 15356720,185.1157,-47.9033,14.24,0,,,,,3,23.7,ok
TIC 179681608,146.2996,-3.1561,14.24,0,,,,,4,21.4,ok
TIC 465824449,164.351,-65.5374,14.25,0,,,,,1,14.0,ok
TIC 210958723,212.9977,-59.3463,14.26,0,,,,,7,18.2,ok
TIC 162400263,190.8591,-50.1814,14.26,0,,,,,3,9.9,ok
TIC 405176454,180.9807,-47.0862,14.26,0,,,,,4,16.3,ok
TIC 333823153,182.225,-51.2657,14.26,0,,,,,4,13.7,ok
TIC 334502092,183.453,-48.8704,14.27,0,,,,,3,22.2,ok
TIC 92692990,173.6949,-48.922,14.27,0,,,,,2,15.3,ok
TIC 54845368,130.5019,-8.4905,14.27,0,,,,,1,16.1,ok
TIC 54040633,159.7381,-33.7047,14.27,0,,,,,3,12.5,ok
TIC 165911097,192.6375,-48.2538,14.27,0,,,,,3,15.3,ok
TIC 448954629,214.7695,-66.8087,14.28,0,,,,,4,17.3,ok
TIC 341448790,203.0479,-71.7941,14.29,0,,,,,6,15.7,ok
TIC 458606169,160.433,-56.491,14.29,0,,,,,1,15.9,ok
TIC 24620431,141.5535,-31.1452,14.29,0,,,,,2,18.0,ok
TIC 459887002,163.802,-55.3163,14.29,0,,,,,6,18.1,ok
TIC 82586255,169.5018,-51.8464,14.29,0,,,,,2,4.6,ok
TIC 47143972,145.0119,-10.9771,14.3,0,,,,,2,9.8,ok
TIC 465621749,163.9056,-63.738,14.3,0,,,,,2,6.5,ok
TIC 61988212,178.0744,-47.5834,14.3,0,,,,,6,12.1,ok
TIC 22450573,184.4348,-44.2394,14.3,0,,,,,3,11.4,ok
TIC 152484651,171.9447,-39.7096,14.3,0,,,,,3,13.7,ok
TIC 163948584,191.5562,-49.6278,14.31,0,,,,,4,7.2,ok
TIC 21616475,180.2923,-46.8709,14.31,0,,,,,3,6.9,ok
TIC 382982786,183.745,-62.8841,14.31,0,,,,,3,12.2,ok
TIC 210777402,212.953,-58.7607,14.32,0,,,,,4,16.5,ok
TIC 67868078,185.676,-56.6032,14.33,0,,,,,5,7.4,ok
TIC 338653597,199.0311,-70.2102,14.33,0,,,,,5,9.7,ok
TIC 93627346,175.6454,-50.3766,14.33,0,,,,,2,4.2,ok
TIC 208101943,207.9585,-58.5312,14.34,0,,,,,4,12.2,ok
TIC 162258746,169.1082,-47.0628,14.34,0,,,,,4,8.7,ok
TIC 259030346,222.8479,-67.0626,14.34,0,,,,,4,13.0,ok
TIC 438717655,201.1894,-51.2552,14.34,0,,,,,5,9.9,ok
TIC 395497225,207.4546,-73.4747,14.34,0,,,,,6,12.7,ok
TIC 333822056,182.225,-51.7342,14.34,0,,,,,3,10.5,ok
TIC 265631178,174.459,-57.3762,14.35,0,,,,,4,11.2,ok
TIC 378898110,180.9109,-60.3802,14.35,0,,,,,6,11.7,ok
TIC 22761572,185.7584,-47.3168,14.35,0,,,,,3,10.0,ok
TIC 395517558,207.8131,-75.1071,14.36,0,,,,,3,8.2,ok
TIC 152666380,172.5834,-41.5049,14.36,0,,,,,2,6.9,ok
TIC 408147637,213.2525,-59.3266,14.36,0,,,,,6,19.7,ok
TIC 450561772,186.5478,-63.7634,14.36,0,,,,,3,15.2,ok
TIC 413093286,204.8781,-57.7001,14.36,0,,,,,4,15.0,ok
TIC 208346128,208.2751,-56.6619,14.37,0,,,,,6,15.5,ok
TIC 273310905,185.7794,-50.5121,14.37,0,,,,,4,11.5,ok
TIC 443010759,198.7185,-65.9055,14.38,0,,,,,3,15.0,ok
TIC 158586133,164.5823,-38.74,14.38,0,,,,,3,10.2,ok
TIC 272744793,161.5146,-50.6219,14.38,0,,,,,3,13.4,ok
TIC 34068883,146.1192,-45.7813,14.38,0,,,,,2,13.7,ok
TIC 101837914,153.3708,-46.4758,14.39,0,,,,,1,5.1,ok
TIC 261698173,227.3584,-66.8232,14.39,0,,,,,8,24.1,ok
TIC 412236102,231.2613,-59.784,14.39,0,,,,,5,22.8,ok
TIC 434486077,156.5725,-23.5081,14.39,0,,14.1,rejete,variabilite_continue,6,28.8,ok
TIC 29847084,165.9646,-37.1967,14.39,0,,,,,2,10.0,ok
TIC 459705607,163.4364,-57.6429,14.39,0,,,,,2,6.5,ok
TIC 419908772,202.5227,-52.3749,14.4,0,,,,,6,11.7,ok
TIC 176552763,132.0915,-18.1541,14.4,0,,,,,1,6.8,ok
TIC 441099902,197.158,-63.6072,14.41,0,,,,,3,7.5,ok
TIC 448589888,166.3016,-35.6967,14.41,0,,,,,2,11.2,ok
TIC 343298803,205.9351,-69.9504,14.41,0,,,,,3,8.7,ok
TIC 21711192,180.673,-43.7466,14.41,0,,,,,3,12.8,ok
TIC 189062159,140.3418,-25.3773,14.41,0,,,,,2,5.8,ok
TIC 328480578,190.7318,-70.5725,14.42,0,,,,,4,13.5,ok
TIC 333670205,182.0368,-50.4489,14.42,0,,,,,4,8.7,ok
TIC 262270566,228.4864,-67.0974,14.42,0,,,,,4,14.1,ok
TIC 166560208,192.8522,-49.7166,14.43,0,,,,,3,8.8,ok
TIC 169161446,194.0112,-50.0976,14.43,0,,,,,3,8.2,ok
TIC 82256386,168.8626,-48.2448,14.44,0,,,,,2,7.6,ok
TIC 288284837,187.2939,-47.9453,14.45,0,,,,,3,6.7,ok
TIC 415172289,189.2208,-60.6606,14.45,0,,,,,3,10.4,ok
TIC 934105955,172.9469,-51.692,14.45,0,,,,,2,17.6,ok
TIC 1142437067,226.4539,-53.3664,14.45,0,,,,,3,13.8,ok
TIC 988703236,187.9396,-57.0836,14.45,0,,,,,3,9.9,ok
TIC 292781652,218.6253,-59.6363,14.46,0,,,,,4,9.1,ok
TIC 270894327,220.2691,-56.4801,14.46,0,,,,,4,7.4,ok
TIC 19572898,124.9272,-7.6345,14.46,0,,,,,1,11.2,ok
TIC 72179928,186.5977,-47.756,14.46,0,,,,,3,12.9,ok
TIC 448325812,209.7534,-68.172,14.46,0,,,,,4,15.1,ok
TIC 158328237,163.0743,-38.2058,14.47,0,,,,,6,14.8,ok
TIC 308643885,135.1035,-15.9943,14.47,0,,,,,2,11.3,ok
TIC 158296367,162.9966,-39.6818,14.48,0,,,,,2,16.0,ok
TIC 334464609,193.3877,-68.3857,14.48,0,,,,,3,9.9,ok
TIC 374094625,160.0387,-49.387,14.48,0,,,,,2,5.7,ok
TIC 178364044,164.6656,-43.6141,14.48,0,,,,,1,7.4,ok
TIC 168078233,152.8579,-24.037,14.48,0,,,,,5,12.7,ok
TIC 339519599,200.3126,-67.6753,14.48,0,,11.4,rejete,variabilite_continue;eclipse_secondaire,3,17.4,ok
TIC 401058815,185.1689,-59.7604,14.48,0,,,,,3,15.9,ok
TIC 181242805,175.1177,-41.4025,14.49,0,,,,,3,13.2,ok
TIC 162992257,171.909,-42.7694,14.49,0,,,,,2,8.5,ok
TIC 403599671,231.683,-73.1691,14.49,0,,,,,4,11.0,ok
TIC 92574021,173.2049,-49.8188,14.49,0,,,,,2,10.9,ok
TIC 72542690,151.6163,-39.2858,14.49,0,,,,,1,8.5,ok
TIC 425795793,233.9306,-72.185,14.49,0,,,,,4,14.2,ok
TIC 449774895,201.1597,-63.2242,14.5,0,,,,,3,10.5,ok
TIC 163656130,191.229,-48.3364,14.51,0,,,,,3,6.8,ok
TIC 318308908,204.2272,-63.3691,14.51,0,,,,,4,12.1,ok
TIC 463630613,154.2742,-55.5171,14.52,0,,,,,1,7.8,ok
TIC 272642306,161.3625,-53.5891,14.52,0,,,,,2,4.9,ok
TIC 463722209,154.5289,-59.5827,14.52,0,,,,,1,4.3,ok
TIC 90225680,204.3842,-59.8374,14.52,0,,,,,4,13.7,ok
TIC 152149810,170.1324,-41.5338,14.53,0,,,,,3,8.1,ok
TIC 463645878,154.524,-54.5656,14.53,0,,,,,1,16.7,ok
TIC 449108077,216.2737,-70.0976,14.53,0,,,,,4,8.6,ok
TIC 334500186,183.4215,-48.0596,14.53,0,,,,,3,12.9,ok
TIC 275185040,144.0406,0.2204,14.54,0,,,,,4,10.5,ok
TIC 162093746,168.2741,-45.1732,14.54,0,,,,,2,11.4,ok
TIC 415101239,189.1651,-60.4012,14.54,0,,,,,3,9.2,ok
TIC 464023008,155.3687,-55.1489,14.55,0,,,,,1,6.5,ok
TIC 311043132,185.4964,-60.6878,14.55,0,,,,,3,12.0,ok
TIC 410926848,178.0998,-67.6411,14.56,0,,,,,2,13.0,ok
TIC 300302581,160.3561,-49.1382,14.56,0,,,,,2,6.1,ok
TIC 448996083,215.5249,-70.0035,14.56,0,,,,,4,8.0,ok
TIC 293860736,222.2604,-61.5051,14.56,0,,,,,4,16.0,ok
TIC 457774034,158.1742,-59.6501,14.57,0,,,,,1,13.9,ok
TIC 402269434,220.4518,-62.8207,14.57,0,,,,,3,15.7,ok
TIC 460603650,158.2287,-61.6652,14.58,0,,,,,2,14.0,ok
TIC 241626984,207.6676,-52.2931,14.58,0,,,,,3,14.1,ok
TIC 244863750,196.3106,-49.3165,14.58,0,,,,,4,16.9,ok
TIC 462392197,151.0736,-55.1815,14.58,0,,,,,1,11.8,ok
TIC 381072025,207.1416,-64.0997,14.59,0,,,,,4,11.3,ok
TIC 411006652,160.7209,-53.1781,14.59,0,,,,,2,4.9,ok
TIC 404179007,195.3052,-50.5633,14.59,0,,,,,3,14.3,ok
TIC 286099192,140.7845,2.7029,14.6,0,,,,,4,11.0,ok
TIC 21109023,186.8064,-51.4121,14.6,0,,,,,3,9.2,ok
TIC 278044407,178.0289,-40.3963,14.61,0,,,,,5,12.4,ok
TIC 328494744,211.0976,-62.2216,14.62,0,,,,,4,10.4,ok
TIC 82104938,168.6929,-48.4846,14.62,0,,,,,4,13.7,ok
TIC 404325184,220.7567,-65.7951,14.63,0,,,,,4,16.2,ok
TIC 181063703,173.428,-39.0209,14.63,0,,,,,4,7.8,ok
TIC 45881495,149.6376,-37.7076,14.63,1,9.0451,15.5,rejete,variabilite_continue,3,10.6,ok
TIC 464889174,159.9918,-61.9589,14.64,0,,,,,1,8.1,ok
TIC 71718925,156.6916,-32.6665,14.64,0,,,,,2,11.1,ok
TIC 106906779,161.7279,-36.9423,14.64,0,,,,,3,8.5,ok
TIC 300584799,208.4063,-65.8351,14.65,0,,,,,4,10.2,ok
TIC 446852351,218.6674,-71.213,14.65,0,,,,,4,13.2,ok
TIC 261954388,227.903,-68.3122,14.65,0,,,,,4,16.0,ok
TIC 71882444,166.8907,-45.7402,14.66,0,,,,,3,11.5,ok
TIC 322244853,176.0011,-61.1268,14.66,0,,,,,2,13.2,ok
TIC 451447436,171.5598,-59.0757,14.67,0,,,,,2,11.0,ok
TIC 5709015,143.5816,-41.6664,14.67,0,,,,,4,23.6,ok
TIC 333507889,213.232,-60.6445,14.67,0,,,,,4,9.2,ok
TIC 60952336,139.9893,-7.0833,14.68,0,,,,,3,9.3,ok
TIC 307934757,138.7842,-15.9105,14.68,0,,,,,5,12.7,ok
TIC 348686540,134.0263,-17.0567,14.68,0,,,,,4,11.5,ok
TIC 415189527,189.3497,-62.5012,14.68,0,,,,,3,16.5,ok
TIC 152510558,172.1143,-36.451,14.7,0,,,,,2,16.5,ok
TIC 915110182,163.1009,-61.4468,14.7,0,,,,,4,7.1,ok
TIC 446898201,232.7459,-71.2898,14.7,0,,,,,4,13.8,ok
TIC 410981161,178.049,-70.6989,14.7,0,,,,,3,15.4,ok
TIC 193092806,156.7353,-27.3826,14.7,0,,,,,7,13.3,ok
TIC 162731723,170.9264,-47.1804,14.71,0,,20.0,rejete,variabilite_continue;eclipse_secondaire,3,12.8,ok
TIC 178345419,164.3549,-45.82,14.71,0,,,,,7,16.7,ok
TIC 162208589,168.762,-43.9745,14.71,0,,,,,2,11.2,ok
TIC 14297223,144.543,-3.9996,14.72,0,,,,,3,15.0,ok
TIC 303206416,159.3223,-52.685,14.72,0,,,,,1,9.7,ok
TIC 13394042,131.6937,-11.569,14.73,0,,,,,1,15.4,ok
TIC 245235781,199.0962,-51.4738,14.73,0,,,,,3,19.1,ok
TIC 293520466,142.8384,-17.3014,14.73,0,,,,,5,21.3,ok
TIC 5785373,143.6864,-36.1962,14.73,0,,,,,1,17.8,ok
TIC 152600309,172.6887,-37.5978,14.73,0,,,,,2,11.0,ok
TIC 400962241,185.1817,-56.5663,14.73,0,,,,,3,11.3,ok
TIC 293811985,144.2461,-37.3573,14.74,0,,,,,7,26.4,ok
TIC 105915853,157.3691,-38.3941,14.74,0,,,,,2,15.4,ok
TIC 151641999,166.9092,-37.7036,14.74,0,,,,,5,17.5,ok
TIC 290262937,173.7538,-64.7585,14.74,0,,,,,2,6.3,ok
TIC 320402807,174.6339,-60.7242,14.75,0,,,,,2,9.8,ok
TIC 448409195,210.2614,-68.7193,14.76,0,,,,,4,7.0,ok
TIC 415937547,223.4202,-55.3612,14.76,0,,,,,7,16.5,ok
TIC 383080447,183.6943,-61.4154,14.76,0,,,,,3,10.8,ok
TIC 308037518,180.2393,-60.5262,14.77,0,,,,,3,12.5,ok
TIC 33981583,146.2415,-42.1897,14.77,0,,,,,3,17.3,ok
TIC 106904613,161.4925,-37.7138,14.77,0,,,,,3,25.1,ok
TIC 179872046,188.5021,-61.7176,14.77,0,,,,,3,23.8,ok
TIC 334304021,183.0626,-48.1223,14.77,0,,,,,3,20.0,ok
TIC 1026472742,201.3462,-63.0591,14.77,0,,,,,3,13.5,ok
TIC 170463675,122.3677,-8.1719,14.78,0,,,,,4,17.0,ok
TIC 95736255,131.3362,-7.1711,14.78,0,,,,,1,16.7,ok
TIC 22108150,183.0569,-45.5128,14.79,0,,,,,3,13.1,ok
TIC 360765786,190.2204,-72.6052,14.79,0,,,,,3,8.8,ok
TIC 1130311156,225.6036,-60.5469,14.79,0,,,,,4,10.2,ok
TIC 457693258,218.1822,-52.0926,14.8,0,,,,,3,4.5,ok
TIC 21615680,180.3036,-47.5787,14.8,0,,,,,3,15.7,ok
TIC 151790016,167.9144,-36.7161,14.81,0,,,,,3,8.1,ok
TIC 101110659,152.5453,-15.8702,14.81,0,,,,,5,18.5,ok
TIC 410567092,213.8492,-54.0323,14.81,0,,,,,3,9.0,ok
TIC 448621200,212.0445,-66.8117,14.82,0,,,,,4,9.3,ok
TIC 300685376,177.6886,-59.0294,14.82,0,,,,,2,7.9,ok
TIC 449825376,201.4595,-60.2517,14.82,0,,,,,7,18.0,ok
TIC 401952353,220.2521,-61.7038,14.82,0,,,,,4,8.7,ok
TIC 334028790,182.5452,-51.5747,14.82,0,,,,,3,9.3,ok
TIC 244998821,197.4999,-52.9444,14.82,0,,,,,2,5.5,ok
TIC 409732714,126.0137,-12.3285,14.82,0,,,,,4,10.0,ok
TIC 22234651,149.1357,-27.7361,14.82,0,,,,,2,12.2,ok
TIC 313781919,225.1921,-53.8411,14.84,0,,,,,3,13.1,ok
TIC 44571067,145.8387,-39.9891,14.84,0,,,,,4,12.6,ok
TIC 152173900,170.1469,-36.8559,14.84,0,,,,,3,15.7,ok
TIC 457371696,157.1462,-56.4304,14.84,0,,,,,1,11.8,ok
TIC 73071814,153.2783,-41.4076,14.84,0,,,,,1,11.3,ok
TIC 272214646,180.1397,-44.7977,14.85,0,,,,,3,16.5,ok
TIC 152232571,170.5974,-37.3431,14.85,0,,,,,3,11.1,ok
TIC 147620145,163.768,-44.3161,14.85,0,,,,,4,13.5,ok
TIC 386362811,216.8563,-61.8841,14.85,0,,,,,4,14.6,ok
TIC 162430639,169.4876,-44.7036,14.85,0,,,,,2,5.4,ok
TIC 106369570,159.0857,-41.5167,14.85,0,,,,,2,10.5,ok
TIC 241525834,206.5491,-53.3572,14.85,0,,,,,3,17.4,ok
TIC 146172601,157.849,-42.4525,14.85,0,,,,,2,11.7,ok
TIC 71338307,154.6644,-31.1333,14.86,0,,,,,7,16.2,ok
TIC 163380065,173.6807,-47.5064,14.86,0,,,,,2,10.1,ok
TIC 180104540,188.8937,-63.0275,14.86,0,,,,,3,11.0,ok
TIC 106081014,157.8878,-40.2478,14.86,0,,,,,2,14.3,ok
TIC 299792159,208.2841,-64.1214,14.87,0,,,,,4,14.2,ok
TIC 403017328,226.4604,-74.4846,14.87,0,,,,,4,12.4,ok
TIC 151962240,169.1078,-40.511,14.87,0,,,,,2,12.2,ok
TIC 318667177,173.2748,-63.505,14.87,0,,,,,5,15.2,ok
TIC 47330872,135.1186,-9.1561,14.87,0,,,,,4,13.7,ok
TIC 149769504,130.6131,-5.6802,14.87,0,,,,,1,5.5,ok
TIC 458726919,160.831,-59.7469,14.88,0,,,,,1,10.7,ok
TIC 381060836,207.3151,-65.3499,14.88,0,,,,,3,10.0,ok
TIC 410207296,133.9051,-19.5558,14.88,0,,,,,3,6.6,ok
TIC 334930659,194.0365,-69.4474,14.89,0,,,,,5,8.9,ok
TIC 333825919,182.2599,-49.9979,14.89,0,,,,,3,7.0,ok
TIC 405471275,143.5817,-13.8778,14.89,0,,,,,5,12.7,ok
TIC 49047002,164.4049,-35.8431,14.89,0,,,,,3,7.6,ok
TIC 73399040,190.7918,-47.0371,14.9,0,,,,,3,7.4,ok
TIC 462206367,150.646,-55.73,14.91,0,,,,,1,14.5,ok
TIC 22560356,184.8008,-46.7803,14.91,1,5.9328,15.0,rejete,variabilite_continue,3,13.7,ok
TIC 77551542,142.3371,-4.1679,14.91,0,,,,,3,20.9,ok
TIC 337720765,215.5427,-62.0782,14.92,0,,,,,4,16.4,ok
TIC 459128074,161.8084,-56.5364,14.92,0,,,,,6,21.9,ok
TIC 165584361,192.488,-52.4479,14.92,0,,,,,3,13.4,ok
TIC 11561667,149.8236,-27.3928,14.92,0,,16.7,rejete,variabilite_continue;eclipse_secondaire,5,15.1,ok
TIC 188118976,161.6272,-27.8634,14.93,0,,,,,2,9.5,ok
TIC 415346397,130.6784,-19.0494,14.93,0,,,,,2,14.0,ok
TIC 456119977,230.6961,-65.0988,14.93,0,,,,,4,9.9,ok
TIC 62462225,132.1574,-4.2243,14.93,0,,,,,1,5.8,ok
TIC 308475923,184.1969,-61.4142,14.93,0,,,,,3,17.8,ok
TIC 396807424,147.6596,-15.1125,14.94,0,,,,,2,13.5,ok
TIC 404390913,196.0869,-51.5604,14.94,0,,,,,4,8.9,ok
TIC 341785883,203.3456,-70.9264,14.94,0,,,,,3,10.2,ok
TIC 152394150,171.4467,-36.6636,14.94,0,,,,,3,9.8,ok
TIC 465773057,164.3225,-61.0347,14.94,0,,,,,4,8.8,ok
TIC 316285357,203.4547,-64.0441,14.95,0,,,,,3,14.9,ok
TIC 23433959,168.1319,-35.6092,14.95,0,,,,,1,10.0,ok
TIC 337714539,215.4053,-61.6053,14.95,1,1.3876,31.8,rejete,variabilite_continue;eclipse_secondaire,4,11.7,ok
TIC 37430543,134.8325,-24.4821,14.95,0,,,,,5,13.6,ok
TIC 306407111,179.4238,-60.1137,14.95,0,,,,,4,10.6,ok
TIC 188084200,161.4689,-28.3252,14.96,0,,,,,2,9.6,ok
TIC 335966847,214.5534,-62.4503,14.97,0,,,,,4,8.8,ok
TIC 289389326,202.2385,-56.7826,14.97,1,1.7995,17.8,rejete,variabilite_continue,2,13.9,ok
TIC 260653089,186.6434,-48.2634,14.97,0,,,,,3,11.0,ok
TIC 293811983,144.2467,-37.3562,14.97,0,,,,,7,18.0,ok
TIC 168936945,125.9304,-5.1896,14.97,0,,,,,1,10.2,ok
TIC 158292282,162.8532,-40.076,14.99,0,,,,,2,13.5,ok
TIC 162434199,169.6098,-47.3656,14.99,0,,,,,8,16.5,ok
TIC 315168754,202.87,-63.247,15.0,0,,,,,3,14.3,ok
TIC 449091644,216.415,-67.3195,15.01,0,,,,,4,12.3,ok
TIC 332169831,179.5904,-49.1928,15.01,0,,,,,3,10.2,ok
TIC 348902952,148.7868,-16.0053,15.01,0,,,,,2,13.1,ok
TIC 52104043,153.0038,-18.726,15.02,0,,,,,6,17.6,ok
TIC 447021800,233.7982,-69.2804,15.03,0,,,,,3,10.0,ok
TIC 188086093,161.5932,-27.7815,15.03,0,,,,,5,16.2,ok
TIC 67011162,181.5167,-57.7701,15.03,0,,,,,3,10.7,ok
TIC 178663612,125.0731,-5.0135,15.03,0,,,,,3,11.1,ok
TIC 448479988,211.0365,-67.242,15.03,0,,,,,3,7.3,ok
TIC 327666194,189.6901,-68.9666,15.03,0,,,,,3,9.5,ok
TIC 390533966,160.7759,-62.0891,15.03,0,,,,,1,8.2,ok
TIC 45923190,149.8177,-37.7725,15.04,0,,,,,1,8.1,ok
TIC 1036707862,218.2507,-61.3548,15.04,0,,,,,5,18.4,ok
TIC 72179439,186.3937,-47.7633,15.04,0,,,,,3,9.7,ok
TIC 102115280,153.9954,-47.3982,15.05,0,,,,,1,6.3,ok
TIC 21813791,146.5807,-25.1816,15.05,0,,,,,2,9.1,ok
TIC 146753011,160.3699,-45.2082,15.05,0,,,,,1,11.4,ok
TIC 106400760,159.3009,-41.3361,15.05,0,,,,,2,23.9,ok
TIC 382888768,216.0707,-65.1424,15.06,0,,,,,3,12.0,ok
TIC 24441509,140.9403,-30.3634,15.06,0,,,,,4,13.7,ok
TIC 166877527,192.9949,-53.2519,15.07,0,,,,,2,5.1,ok
TIC 389935368,182.4673,-54.7793,15.07,0,,,,,3,8.3,ok
TIC 462817693,152.2033,-56.7631,15.07,0,,,,,1,6.9,ok
TIC 425927911,236.0622,-72.5547,15.07,0,,,,,4,11.7,ok
TIC 263203214,230.4112,-67.2092,15.07,1,5.0075,36.2,rejete,variabilite_continue;compagnon_trop_gros_2.9Rjup,4,14.0,ok
TIC 469287400,148.7798,-54.5826,15.08,0,,,,,1,9.3,ok
TIC 1106787470,229.0883,-70.3055,15.08,0,,,,,4,6.9,ok
TIC 91533164,171.0064,-50.9943,15.08,0,,,,,7,21.3,ok
TIC 107012482,161.9357,-40.3979,15.09,0,,,,,2,21.0,ok
TIC 965409866,185.4339,-67.9878,15.09,0,,,,,3,20.3,ok
TIC 192544822,154.6863,-18.1521,15.09,0,,,,,3,20.1,ok
TIC 448955062,214.6855,-66.7411,15.09,0,,,,,4,6.8,ok
TIC 262260135,228.3851,-69.8239,15.1,0,,,,,7,7.0,ok
TIC 391516740,161.5685,-61.2032,15.1,0,,,,,1,7.9,ok
TIC 386011289,216.8202,-60.3794,15.11,0,,,,,4,9.9,ok
TIC 162151345,168.5743,-45.8235,15.12,0,,,,,2,4.6,ok
TIC 1107885,130.7,-13.7872,15.12,0,,,,,5,11.3,ok
TIC 448081980,207.8679,-66.8945,15.13,0,,13.3,rejete,variabilite_continue;eclipse_secondaire,4,17.1,ok
TIC 383217734,142.7484,2.8423,15.13,0,,,,,5,7.2,ok
TIC 434456672,155.9035,-19.8497,15.14,0,,,,,5,11.2,ok
TIC 389101539,177.8406,-48.1421,15.14,0,,,,,3,8.9,ok
TIC 334794256,184.6125,-48.2866,15.14,0,,,,,3,10.1,ok
TIC 338131505,198.0343,-70.2138,15.14,0,,,,,3,12.0,ok
TIC 320868884,205.4701,-63.2231,15.15,0,,,,,3,10.2,ok
TIC 392296720,218.172,-62.9073,15.16,0,,,,,4,9.2,ok
TIC 375838851,178.7868,-56.653,15.16,0,,,,,3,8.8,ok
TIC 163648025,191.2696,-49.2275,15.16,0,,,,,7,17.4,ok
TIC 381832021,182.8436,-65.1115,15.17,0,,,,,3,8.0,ok
TIC 420279755,198.8238,-56.9952,15.17,0,,,,,3,11.9,ok
TIC 13427743,131.8287,-6.4043,15.17,0,,,,,1,13.0,ok
TIC 91783550,171.4747,-50.7064,15.17,0,,,,,3,9.7,ok
TIC 939521653,172.535,-49.8752,15.18,0,,,,,2,9.6,ok
TIC 57261312,171.216,-35.9102,15.18,0,,,,,4,9.1,ok
TIC 402551340,220.6008,-64.824,15.18,0,,,,,4,15.0,ok
TIC 105653881,156.1776,-36.7976,15.18,0,,,,,2,7.9,ok
TIC 340612903,201.8579,-71.0858,15.18,0,,,,,3,9.6,ok
TIC 168840758,193.7828,-50.7056,15.19,0,,,,,5,14.6,ok
TIC 161733928,190.4778,-49.7532,15.19,0,,,,,3,6.6,ok
TIC 337306072,215.3006,-62.6989,15.19,0,,,,,4,13.7,ok
TIC 434477379,156.1409,-23.2803,15.2,0,,,,,2,10.9,ok
TIC 989935043,188.2595,-56.8549,15.2,0,,,,,3,11.4,ok
TIC 296589894,176.3266,-70.0354,15.2,0,,,,,2,7.1,ok
TIC 29932813,166.3728,-40.1191,15.21,0,,,,,3,12.3,ok
TIC 118690168,134.3426,-22.7585,15.21,0,,,,,6,14.5,ok
TIC 49177016,165.4545,-31.725,15.21,0,,,,,3,17.3,ok
TIC 262735671,229.5024,-69.3552,15.21,0,,,,,4,10.8,ok
TIC 462946113,152.5494,-56.9255,15.21,0,,,,,1,11.6,ok
TIC 423433528,157.5016,-23.801,15.21,0,,,,,5,13.2,ok
TIC 33724884,145.6684,-46.6219,15.21,0,,,,,6,18.9,ok
TIC 121389496,129.4153,-5.0682,15.22,0,,,,,1,4.4,ok
TIC 448475192,211.0467,-66.6196,15.23,0,,,,,4,14.2,ok
TIC 308842594,152.3458,-14.7175,15.24,0,,,,,5,16.8,ok
TIC 152023012,169.2499,-37.6089,15.24,0,,,,,2,10.6,ok
TIC 315714493,171.2804,-61.6984,15.24,0,,,,,4,10.3,ok
TIC 45156716,147.3962,-39.1831,15.25,0,,,,,2,17.0,ok
TIC 273452391,186.1819,-50.1988,15.26,0,,,,,3,13.3,ok
TIC 22027915,182.8299,-43.5146,15.26,0,,,,,3,11.9,ok
TIC 322452934,206.314,-61.9336,15.26,0,,,,,4,17.4,ok
TIC 290653324,141.2973,5.1585,15.27,0,,,,,7,18.6,ok
TIC 151766620,167.5856,-39.5757,15.27,0,,,,,3,11.9,ok
TIC 1044263939,201.4695,-57.4708,15.27,0,,,,,3,14.8,ok
TIC 326462167,210.2695,-61.0711,15.28,0,,,,,4,15.8,ok
TIC 459477156,162.7039,-58.4693,15.28,0,,,,,1,8.0,ok
TIC 321662350,175.3924,-64.1914,15.28,0,,,,,6,19.3,ok
TIC 426135160,238.294,-73.7982,15.28,1,1.637,11.7,rejete,variabilite_continue;eclipse_secondaire,8,21.4,ok
TIC 321460457,175.4696,-61.2532,15.29,0,,,,,2,9.3,ok
TIC 22717773,185.3988,-46.6085,15.29,0,,,,,3,10.0,ok
TIC 363349454,163.9176,-29.3318,15.29,0,,,,,5,14.3,ok
TIC 72603419,151.8569,-38.9561,15.3,0,,,,,1,8.3,ok
TIC 342194994,204.2356,-71.7368,15.3,0,,,,,3,10.7,ok
TIC 162362188,169.3186,-44.1931,15.31,0,,,,,7,20.6,ok
TIC 19690565,125.3188,-8.4731,15.31,0,,,,,4,13.1,ok
TIC 92089635,172.3633,-49.8652,15.31,0,,,,,2,15.8,ok
TIC 326779910,188.6026,-67.803,15.32,0,,,,,3,8.3,ok
TIC 423340050,141.1455,-20.4936,15.32,0,,,,,2,14.5,ok
TIC 72182461,186.5212,-45.8253,15.32,0,,,,,5,15.4,ok
TIC 36371238,225.5793,-58.2202,15.32,0,,,,,3,16.7,ok
TIC 415646477,147.7541,-21.0101,15.33,0,,,,,2,11.5,ok
TIC 181222423,174.8071,-38.3351,15.33,0,,,,,4,16.1,ok
TIC 448325900,209.6627,-68.1876,15.33,0,,,,,4,14.8,ok
TIC 60907492,139.9684,-10.7755,15.33,0,,,,,4,11.6,ok
TIC 451142852,187.926,-62.1151,15.34,0,,,,,3,15.9,ok
TIC 304286537,177.8041,-62.6248,15.34,0,,,,,1,9.6,ok
TIC 158670651,165.0393,-39.6691,15.34,0,,,,,3,9.9,ok
TIC 47481377,155.6817,-21.0006,15.34,0,,,,,6,15.0,ok
TIC 380124547,181.4597,-60.3442,15.35,0,,,,,3,12.6,ok
TIC 71544757,155.5218,-35.6322,15.35,0,,,,,4,9.8,ok
TIC 448963395,215.0422,-66.2054,15.36,0,,,,,4,10.4,ok
TIC 448361552,158.6107,-51.7068,15.36,0,,,,,1,5.4,ok
TIC 448548806,211.6047,-66.696,15.36,0,,,,,4,9.4,ok
TIC 93941207,176.2908,-52.3141,15.36,0,,,,,3,11.0,ok
TIC 443708466,199.7341,-60.5927,15.36,0,,,,,3,17.0,ok
TIC 310406392,185.0988,-63.4398,15.36,0,,,,,3,14.4,ok
TIC 101583521,150.57,-35.3455,15.37,0,,,,,4,16.3,ok
TIC 403068453,226.899,-72.6694,15.37,0,,,,,3,5.7,ok
TIC 62480770,132.3224,-3.8124,15.37,0,,,,,1,6.4,ok
TIC 323939423,208.8416,-64.5856,15.37,0,,,,,4,9.3,ok
TIC 147620508,163.7502,-44.0341,15.37,0,,,,,2,7.2,ok
TIC 295243734,170.5728,-67.6936,15.38,0,,,,,2,9.2,ok
TIC 870856230,147.6359,-40.9086,15.38,0,,,,,6,12.4,ok
TIC 464881733,160.0033,-61.0885,15.38,0,,,,,1,7.2,ok
TIC 178646685,124.955,-5.3078,15.38,0,,,,,1,8.5,ok
TIC 425316495,191.0601,-55.0619,15.38,0,,,,,3,7.5,ok
TIC 106807684,161.1062,-39.4093,15.39,0,,,,,3,9.6,ok
TIC 82765492,169.9996,-49.9338,15.39,0,,,,,2,8.1,ok
TIC 927605255,167.1952,-57.6502,15.39,0,,,,,2,6.2,ok
TIC 60682688,138.176,-9.9776,15.39,0,,,,,3,7.3,ok
TIC 468065273,170.1508,-60.3763,15.39,0,,,,,2,11.1,ok
TIC 51362923,128.7895,-8.0833,15.39,0,,,,,1,10.9,ok
TIC 466216082,165.4893,-65.0981,15.39,0,,,,,2,17.0,ok
TIC 152316067,170.9793,-40.1038,15.4,0,,,,,6,17.7,ok
TIC 102339995,154.4842,-46.5532,15.4,0,,,,,1,8.6,ok
TIC 275467311,178.6385,-45.0476,15.41,0,,,,,3,13.8,ok
TIC 258611017,222.1207,-66.4093,15.41,0,,,,,2,6.4,ok
TIC 208170106,208.1033,-55.0339,15.41,0,,,,,4,7.7,ok
TIC 23166588,166.5499,-35.8351,15.42,0,,,,,2,10.7,ok
TIC 181063549,173.3889,-39.2191,15.42,0,,,,,4,18.1,ok
TIC 306375414,166.6989,-57.3492,15.42,0,,,,,2,10.3,ok
TIC 61706683,177.008,-45.3864,15.43,0,,,,,5,8.0,ok
TIC 80296886,164.9819,-50.545,15.43,0,,,,,2,6.8,ok
TIC 448954318,214.9197,-66.8532,15.43,0,,,,,4,10.8,ok
TIC 336278309,195.5852,-68.704,15.43,0,,,,,5,11.0,ok
TIC 339325958,190.157,-65.1222,15.43,0,,,,,3,7.3,ok
TIC 118429656,129.7393,-21.7697,15.44,0,,,,,5,9.8,ok
TIC 461238865,232.7369,-65.813,15.44,0,,,,,8,14.0,ok
TIC 19816997,125.6303,-8.4825,15.44,0,,,,,1,12.0,ok
TIC 361722723,195.3822,-72.5801,15.44,0,,,,,8,19.8,ok
TIC 45990708,149.9144,-36.9821,15.45,0,,,,,1,4.0,ok
TIC 405142856,185.6336,-66.5856,15.45,0,,,,,3,13.8,ok
TIC 398960128,219.6763,-61.855,15.45,0,,,,,4,16.2,ok
TIC 39408363,226.9249,-59.4656,15.45,0,,,,,4,10.8,ok
TIC 448865254,214.2111,-70.9929,15.45,0,,,,,8,12.2,ok
TIC 21616399,180.3564,-46.9377,15.45,0,,,,,3,10.3,ok
TIC 33318760,150.1742,-11.8597,15.46,0,,,,,6,12.6,ok
TIC 48375881,149.6622,-35.7752,15.46,0,,,,,1,6.4,ok
TIC 146172582,157.7864,-42.4367,15.46,0,,,,,3,12.8,ok
TIC 446328899,216.9732,-68.9277,15.46,0,,,,,4,13.9,ok
TIC 106760503,160.9437,-39.1101,15.47,0,,,,,4,10.6,ok
TIC 342298592,204.52,-68.0769,15.47,0,,,,,7,22.4,ok
TIC 260023402,224.5425,-66.2409,15.47,0,,,,,4,10.6,ok
TIC 49046625,164.3192,-35.2153,15.47,0,,,,,2,8.0,ok
TIC 979309282,196.8373,-58.6271,15.48,0,,,,,3,13.3,ok
TIC 168071263,152.6987,-24.4534,15.48,0,,,,,6,10.0,ok
TIC 434023002,190.7494,-64.1307,15.48,0,,,,,6,10.7,ok
TIC 170888068,139.3149,-3.899,15.49,0,,,,,2,10.3,ok
TIC 105762960,156.5855,-38.5128,15.49,0,,,,,5,15.6,ok
TIC 403016190,226.5138,-73.9252,15.49,0,,,,,9,23.5,ok
TIC 21710187,180.6888,-44.7791,15.5,0,,,,,3,17.4,ok
TIC 452168290,173.9637,-54.8964,15.5,0,,,,,2,10.0,ok
TIC 21706693,180.6558,-47.8146,15.5,0,,,,,3,11.5,ok
TIC 463278069,153.3812,-56.0145,15.51,0,,,,,6,14.8,ok
TIC 306502064,166.8743,-58.6587,15.51,0,,,,,2,14.2,ok
TIC 376272707,179.2661,-54.2092,15.51,0,,,,,3,11.7,ok
TIC 61039665,141.047,-9.6947,15.51,0,,,,,1,14.0,ok
TIC 23433261,168.0277,-35.2286,15.51,0,,,,,2,15.7,ok
TIC 411625482,185.4709,-54.2901,15.52,0,,,,,3,11.0,ok
TIC 348832054,134.5802,-16.3612,15.52,0,,,,,2,13.1,ok
TIC 401187460,187.7402,-47.9322,15.52,0,,,,,3,15.9,ok
TIC 179198304,158.1987,-21.7192,15.52,0,,,,,5,19.8,ok
TIC 259440345,223.5802,-68.9576,15.53,0,,,,,3,22.8,ok
TIC 439169923,195.4946,-63.9691,15.53,0,,,,,3,12.0,ok
TIC 816793,134.8049,-0.9794,15.54,0,,,,,5,18.0,ok
TIC 253184319,195.2344,-58.5848,15.54,0,,,,,7,20.3,ok
TIC 1122119020,221.903,-66.5109,15.54,0,,,,,2,17.1,ok
TIC 977298227,189.9962,-62.5724,15.55,0,,,,,3,10.3,ok
TIC 179473880,187.995,-62.2677,15.55,0,,,,,3,10.0,ok
TIC 390191001,160.3795,-60.8079,15.55,0,,,,,1,2.8,ok
TIC 95993030,145.8152,-11.2976,15.55,0,,,,,4,14.1,ok
TIC 275648449,179.2866,-46.5431,15.56,0,,,,,4,7.8,ok
TIC 289481734,131.3383,-15.2667,15.56,0,,,,,1,9.4,ok
TIC 334510708,140.732,-16.5648,15.56,0,,,,,4,13.9,ok
TIC 426135813,238.4373,-74.1718,15.56,0,,,,,4,16.0,ok
TIC 1036822561,219.2625,-61.0697,15.56,0,,,,,4,13.6,ok
TIC 448458559,210.7408,-66.3698,15.56,0,,,,,4,15.7,ok
TIC 192083079,136.984,-36.8976,15.57,0,,,,,4,12.8,ok
TIC 258379678,182.3681,-43.9695,15.57,0,,,,,5,17.7,ok
TIC 388120343,217.2251,-60.7816,15.57,0,,,,,4,13.2,ok
TIC 463961387,155.1607,-56.0984,15.58,0,,,,,1,6.5,ok
TIC 325557321,186.6195,-70.7,15.58,0,,,,,2,7.4,ok
TIC 106610525,160.2421,-41.3972,15.58,0,,,,,2,7.2,ok
TIC 941632581,165.8251,-40.2625,15.58,0,,,,,2,10.5,ok
TIC 48337030,149.5069,-35.9033,15.58,0,,,,,6,21.0,ok
TIC 102062334,153.9104,-47.1556,15.58,0,,,,,1,17.8,ok
TIC 106989158,161.6937,-41.7784,15.58,0,,,,,5,18.4,ok
TIC 297458606,180.2295,-70.1232,15.59,0,,,,,2,8.6,ok
TIC 51431668,129.0542,-8.0399,15.59,0,,,,,4,10.9,ok
TIC 391040562,161.0473,-61.1131,15.59,0,,,,,1,5.9,ok
TIC 1131157472,229.015,-58.4419,15.59,0,,,,,5,15.2,ok
TIC 450783784,169.57,-54.1104,15.59,0,,,,,2,4.4,ok
TIC 390682554,160.8147,-61.4326,15.59,0,,,,,1,5.1,ok
TIC 469166897,148.5748,-54.2545,15.6,0,,,,,3,11.5,ok
TIC 1131278773,220.1167,-63.2378,15.6,0,,,,,3,5.5,ok
TIC 19940400,125.9761,-11.1111,15.6,0,,,,,2,5.3,ok
TIC 106145150,158.0968,-41.353,15.61,0,,,,,6,13.1,ok
TIC 297097966,179.9149,-70.3242,15.61,0,,,,,2,5.3,ok
TIC 1031652307,205.2196,-58.9356,15.61,0,,,,,3,9.3,ok
TIC 451295409,171.1521,-58.7662,15.61,0,,,,,3,8.1,ok
TIC 400921534,178.5655,-50.3006,15.62,0,,,,,2,7.3,ok
TIC 105917008,157.4122,-37.1179,15.62,0,,,,,2,11.5,ok
TIC 334982972,184.8459,-48.8235,15.62,0,,,,,3,5.9,ok
TIC 451616873,171.9628,-56.7489,15.63,0,,,,,4,9.5,ok
TIC 426609898,235.6554,-71.0853,15.63,0,,,,,3,11.2,ok
TIC 423392930,157.1922,-21.6853,15.63,0,,,,,4,9.1,ok
TIC 471013466,154.96,-20.8663,15.63,0,,,,,5,11.2,ok
TIC 21112371,186.8497,-49.5541,15.63,0,,,,,3,5.0,ok
TIC 93843119,176.34,-48.2367,15.64,0,,,,,3,13.7,ok
TIC 219352040,153.868,-49.8912,15.64,0,,,,,1,6.8,ok
TIC 325586784,209.6496,-61.9147,15.64,0,,,,,3,7.9,ok
TIC 258704121,222.3827,-66.4737,15.64,0,,,,,2,7.1,ok
TIC 466329868,165.7688,-61.2831,15.65,0,,,,,2,6.9,ok
TIC 458396782,159.9088,-59.0811,15.65,0,,,,,1,6.7,ok
TIC 317996940,203.9755,-60.042,15.66,0,,,,,4,8.8,ok
TIC 381391228,182.5565,-61.1148,15.66,0,,,,,3,13.4,ok
TIC 62627142,136.5495,-3.3509,15.66,0,,,,,1,7.5,ok
TIC 313387462,183.6445,-70.1149,15.66,0,,,,,2,7.6,ok
TIC 101414764,148.831,-23.0363,15.66,0,,,,,4,6.4,ok
TIC 25836202,145.7752,-31.9529,15.66,0,,,,,1,10.2,ok
TIC 429299639,184.1973,-48.5034,15.66,0,,,,,3,7.4,ok
TIC 358845409,199.3571,-54.6391,15.67,0,,,,,5,11.6,ok
TIC 5452928,146.9819,-23.2099,15.67,0,,,,,5,15.2,ok
TIC 338405890,189.5966,-62.7015,15.68,0,,,,,7,20.9,ok
TIC 425807156,234.5715,-73.5699,15.68,0,,,,,4,9.9,ok
TIC 258705047,222.3136,-66.6296,15.68,0,,,,,2,7.1,ok
TIC 19488490,139.515,-30.5965,15.69,0,,,,,2,8.6,ok
TIC 333670344,182.0277,-50.5191,15.69,0,,,,,3,10.7,ok
TIC 308622848,184.272,-62.1347,15.69,0,,,,,3,6.3,ok
TIC 119779818,162.2073,-50.4568,15.69,0,,,,,2,7.8,ok
TIC 51582450,129.8474,-7.8728,15.69,0,,,,,1,4.8,ok
TIC 270898354,220.2792,-56.0323,15.7,0,,,,,7,15.5,ok
TIC 450886116,170.0113,-58.7978,15.7,0,,,,,2,5.2,ok
TIC 296782690,142.4313,-17.5487,15.7,0,,,,,5,7.9,ok
TIC 35976533,149.4364,-42.5411,15.7,0,,,,,5,11.3,ok
TIC 95960421,141.3089,-9.5816,15.71,0,,,,,4,7.3,ok
TIC 135036669,150.2731,-52.4358,15.71,0,,,,,4,10.8,ok
TIC 390680913,160.7921,-61.2534,15.71,0,,,,,1,7.9,ok
TIC 45235393,147.7059,-41.3894,15.71,0,,,,,7,18.6,ok
TIC 401227082,187.6878,-51.8457,15.71,0,,,,,3,13.0,ok
TIC 918893,136.0557,-2.8757,15.71,0,,,,,4,5.2,ok
TIC 18213411,136.6694,-30.2076,15.72,0,,,,,3,6.6,ok
TIC 403565552,231.2941,-73.3356,15.72,0,,,,,4,17.9,ok
TIC 389101992,178.1116,-47.9833,15.72,0,,,,,3,4.5,ok
TIC 267072776,175.6827,-57.5532,15.72,0,,,,,4,8.2,ok
TIC 273388242,185.8517,-51.0099,15.72,0,,,,,3,11.8,ok
TIC 265350408,133.5934,1.614,15.72,0,,,,,5,7.5,ok
TIC 311725119,181.4298,-68.6179,15.72,0,,,,,6,8.1,ok
TIC 258329689,221.4331,-66.2237,15.73,0,,,,,2,6.0,ok
TIC 334631792,141.2898,-14.1896,15.73,0,,,,,5,14.8,ok
TIC 457356516,206.1629,-57.5078,15.73,0,,,,,6,10.6,ok
TIC 270489510,135.6321,2.7682,15.73,0,,,,,1,5.8,ok
TIC 335085706,214.1118,-64.0643,15.73,0,,,,,3,5.1,ok
TIC 21012881,186.472,-48.3927,15.73,0,,,,,3,7.8,ok
TIC 293605548,149.6566,-15.5516,15.73,0,,,,,2,3.1,ok
TIC 36846661,150.9066,-45.2649,15.74,0,,,,,4,6.5,ok
TIC 51915236,136.3126,-23.7157,15.74,0,,,,,3,12.7,ok
TIC 306157109,166.4972,-54.5921,15.74,0,,,,,3,8.9,ok
TIC 162623934,170.5212,-42.7912,15.74,0,,,,,2,5.3,ok
TIC 410788929,177.7085,-70.2004,15.74,0,,,,,2,5.6,ok
TIC 461837710,140.6013,-31.6931,15.75,0,,,,,4,11.7,ok
TIC 333203482,181.3462,-49.1103,15.75,0,,,,,3,4.1,ok
TIC 73005766,153.2132,-37.3802,15.75,0,,,,,6,17.9,ok
TIC 1868257,133.0608,-24.3863,15.75,0,,,,,1,4.7,ok
TIC 320868409,205.6134,-63.2713,15.76,0,,,,,4,7.1,ok
TIC 22014729,147.5747,-25.1904,15.76,0,,,,,4,10.1,ok
TIC 463470947,153.8564,-54.779,15.76,0,,,,,1,11.4,ok
TIC 433195942,181.1689,-59.8999,15.76,0,,,,,6,12.6,ok
TIC 1023690348,203.7078,-64.1422,15.76,0,,,,,6,16.2,ok
TIC 48942631,163.5501,-34.2669,15.76,0,,,,,3,6.3,ok
TIC 11560959,149.9049,-26.0736,15.77,0,,,,,3,11.2,ok
TIC 102332341,154.5748,-42.5951,15.77,0,,,,,4,8.4,ok
TIC 257901914,220.7237,-66.5556,15.77,0,,,,,2,8.0,ok
TIC 289149727,201.9195,-59.1716,15.77,0,,,,,7,18.0,ok
TIC 451287150,171.1285,-59.8239,15.77,0,,,,,2,11.8,ok
TIC 22083201,148.2512,-26.9625,15.77,0,,,,,4,15.8,ok
TIC 18289624,136.99,-32.6483,15.78,0,,,,,1,11.3,ok
TIC 13560467,132.7786,-6.101,15.78,0,,,,,1,11.3,ok
TIC 463005310,152.7591,-55.1968,15.78,0,,,,,1,4.0,ok
TIC 422091060,188.6824,-50.1705,15.79,0,,,,,3,7.9,ok
TIC 283993815,152.1123,-21.614,15.8,0,,,,,4,12.2,ok
TIC 383098822,216.1523,-62.8306,15.8,0,,,,,4,11.6,ok
TIC 402972169,226.2006,-73.5579,15.8,0,,,,,9,14.3,ok
TIC 102766158,155.5027,-46.0903,15.8,0,,,,,1,7.4,ok
TIC 332654913,149.7777,-11.9873,15.81,0,,,,,5,8.2,ok
TIC 364757715,177.2939,-70.5266,15.81,0,,,,,2,7.8,ok
TIC 158150879,162.1282,-38.6134,15.81,0,,,,,3,9.8,ok
TIC 295717391,223.599,-64.805,15.81,0,,,,,4,13.5,ok
TIC 405450659,143.2055,-14.3493,15.81,0,,,,,4,11.8,ok
TIC 310121026,184.9981,-60.1726,15.82,0,,,,,3,10.1,ok
TIC 176445717,131.8712,-18.9969,15.82,0,,,,,6,17.1,ok
TIC 5392904,146.5471,-19.4551,15.82,0,,,,,4,16.2,ok
TIC 13476741,132.2462,-8.9141,15.82,0,,,,,4,9.7,ok
TIC 273391974,185.8334,-48.9348,15.82,0,,,,,3,7.8,ok
TIC 101811578,152.9166,-45.5932,15.82,0,,,,,1,12.4,ok
TIC 458334932,159.8048,-53.9642,15.83,0,,,,,7,11.9,ok
TIC 401225424,187.6784,-51.0433,15.83,0,,,,,3,11.7,ok
TIC 313855023,184.2021,-70.668,15.84,0,,,,,2,11.9,ok
TIC 92167387,172.3402,-53.9288,15.84,0,,,,,6,18.7,ok
TIC 1008830949,208.8278,-68.9587,15.85,0,,,,,4,6.9,ok
TIC 297097969,179.9418,-70.3233,15.85,0,,,,,2,7.7,ok
TIC 61765848,177.2015,-45.1077,15.85,0,,,,,3,4.7,ok
TIC 306627908,166.8106,-55.9622,15.85,0,,,,,6,9.1,ok
TIC 381063581,207.2518,-65.0195,15.86,0,,,,,4,9.5,ok
TIC 13820601,134.1142,-6.9743,15.86,0,,,,,1,4.0,ok
TIC 463635608,154.2208,-54.7879,15.86,0,,,,,1,4.8,ok
TIC 398597669,219.5172,-65.183,15.86,0,,,,,7,17.1,ok
TIC 106735888,160.6029,-38.5788,15.86,0,,,,,3,10.1,ok
TIC 303234175,163.9429,-56.5647,15.86,0,,,,,1,6.1,ok
TIC 91534657,171.0593,-50.1882,15.87,0,,,,,6,13.5,ok
TIC 448661940,212.4411,-69.2466,15.87,0,,,,,4,13.3,ok
TIC 73764818,155.8873,-37.4871,15.87,0,,,,,3,7.5,ok
TIC 51440901,129.3593,-8.3067,15.88,0,,,,,1,4.6,ok
TIC 95995523,145.9438,-7.0667,15.88,0,,,,,3,7.3,ok
TIC 464897118,160.0238,-63.0442,15.88,0,,,,,3,9.4,ok
TIC 293919815,147.7716,-28.0113,15.88,0,,,,,2,6.8,ok
TIC 3520950,139.4005,-39.986,15.88,0,,,,,5,17.3,ok
TIC 450869034,187.3823,-60.8128,15.89,0,,,,,7,17.7,ok
TIC 315941906,203.2858,-60.1741,15.89,0,,,,,4,9.3,ok
TIC 305489388,178.7184,-62.6547,15.89,0,,,,,2,5.9,ok
TIC 306045981,166.5195,-58.9223,15.89,0,,,,,7,15.6,ok
TIC 48943694,163.6943,-35.8189,15.9,0,,,,,4,10.4,ok
TIC 327172124,210.4994,-60.9694,15.9,0,,,,,4,11.8,ok
TIC 425858182,234.8163,-72.4307,15.9,0,,,,,8,17.3,ok
TIC 448499141,211.0054,-70.9664,15.9,0,,,,,4,10.5,ok
TIC 260837931,225.9352,-70.8525,15.9,0,,,,,4,14.7,ok
TIC 961414542,195.8742,-67.0434,15.91,0,,,,,3,7.7,ok
TIC 455704571,229.8453,-61.0767,15.91,0,,,,,2,10.4,ok
TIC 941022639,174.7093,-38.5004,15.91,0,,,,,2,8.6,ok
TIC 466070559,165.0537,-61.2291,15.91,0,,,,,3,7.4,ok
TIC 463672334,154.5077,-55.5432,15.91,0,,,,,1,13.3,ok
TIC 45163849,147.6019,-38.6341,15.91,0,,,,,5,11.3,ok
TIC 309034257,184.3579,-63.4957,15.91,0,,,,,8,18.5,ok
TIC 36712089,150.6614,-43.4841,15.92,0,,,,,1,12.5,ok
TIC 446751329,218.155,-67.5139,15.92,0,,,,,4,15.5,ok
TIC 209826301,211.0207,-59.1463,15.92,0,,,,,4,10.5,ok
TIC 450595557,169.1669,-58.5054,15.92,0,,,,,2,18.9,ok
TIC 37371801,134.7599,-27.1644,15.92,0,,,,,1,6.8,ok
TIC 410792097,177.9645,-69.4752,15.92,0,,,,,2,7.6,ok
TIC 332168127,179.5824,-48.2369,15.92,0,,,,,3,9.8,ok
TIC 446901899,232.8197,-70.3177,15.93,0,,,,,3,10.1,ok
TIC 275123239,142.1046,3.7886,15.93,0,,,,,1,13.3,ok
TIC 25611385,144.9568,-32.4394,15.93,0,,,,,2,2.2,ok
TIC 281649136,170.6413,-60.528,15.93,0,,,,,2,10.7,ok
TIC 334561168,193.7151,-70.9713,15.93,0,,,,,6,14.3,ok
TIC 299573988,208.0363,-63.5073,15.93,0,,,,,4,9.0,ok
TIC 466329634,165.7026,-61.2611,15.94,0,,,,,2,6.7,ok
TIC 334794436,184.5371,-48.4021,15.94,0,,,,,3,11.1,ok
TIC 314539062,202.6416,-63.3337,15.94,0,,,,,3,9.3,ok
TIC 61413837,175.6761,-46.8399,15.94,0,,,,,5,14.5,ok
TIC 989083149,181.5172,-57.7696,15.94,0,,,,,3,10.8,ok
TIC 318603098,204.6864,-64.2613,15.95,0,,,,,4,9.9,ok
TIC 95734213,131.4248,-10.3632,15.96,0,,,,,1,9.6,ok
TIC 451889662,172.9221,-54.0304,15.96,0,,,,,5,15.5,ok
TIC 392562646,175.5671,-69.2779,15.96,0,,,,,2,12.3,ok
TIC 102336150,154.4914,-44.8969,15.96,0,,,,,1,9.4,ok
TIC 48011814,146.9661,-34.0156,15.97,0,,,,,5,9.1,ok
TIC 448568248,211.5328,-69.9577,15.97,0,,,,,9,21.8,ok
TIC 266173462,174.914,-55.0005,15.98,0,,,,,2,8.9,ok
TIC 15449742,185.2424,-50.9102,15.98,0,,,,,3,10.6,ok
TIC 334862071,184.6354,-51.0817,15.98,0,,,,,3,13.0,ok
TIC 259020837,222.5557,-66.3369,15.98,0,,,,,2,7.0,ok
TIC 376563018,180.7391,-55.478,15.98,0,,,,,4,6.6,ok
TIC 411603422,218.9688,-57.6265,15.98,0,,,,,5,9.4,ok
TIC 281555312,170.696,-62.089,15.99,0,,,,,4,7.9,ok
TIC 454073096,176.3865,-41.4189,15.99,0,,,,,4,10.2,ok
TIC 401235072,187.9052,-52.7857,15.99,0,,,,,5,13.0,ok
TIC 348884388,148.5409,-14.0517,16.0,0,,,,,2,8.0,ok
TIC 5624184,143.1996,-37.7412,16.0,0,,,,,5,11.0,ok
TIC 91624888,171.2724,-50.454,16.0,0,,,,,2,5.7,ok
TIC 314624925,184.6982,-66.3622,16.0,0,,,,,3,9.2,ok
TIC 263305175,234.05,-68.5055,16.0,0,,,,,2,8.5,ok
TIC 292426570,218.4173,-55.5924,16.0,0,,,,,3,7.8,ok
TIC 158229718,162.8153,-37.8899,16.01,0,,,,,1,5.4,ok
TIC 327773535,189.8764,-67.3071,16.01,0,,,,,2,6.3,ok
TIC 167861264,193.2642,-52.2185,16.01,0,,,,,2,5.8,ok
TIC 273220246,185.6894,-48.53,16.01,0,,,,,2,6.3,ok
TIC 297670501,180.5812,-66.272,16.02,0,,,,,1,6.9,ok
TIC 412709346,193.3589,-57.6995,16.02,0,,,,,2,6.9,ok
TIC 324587201,209.1477,-62.6261,16.02,0,,,,,2,6.6,ok
TIC 435414481,192.9782,-65.0346,16.02,0,,,,,2,7.2,ok
TIC 463283160,153.5028,-55.1817,16.03,0,,,,,1,4.1,ok
TIC 316758849,203.5339,-61.6474,16.03,0,,,,,3,5.7,ok
TIC 403326475,229.3498,-74.1676,16.03,0,,,,,3,7.7,ok
TIC 912881883,169.392,-63.8081,16.03,0,,,,,4,7.7,ok
TIC 192538483,154.3608,-21.8953,16.03,0,,,,,5,12.8,ok
TIC 253197611,195.2066,-55.9474,16.03,0,,,,,2,6.6,ok
TIC 466209622,165.302,-65.4633,16.03,0,,,,,2,7.2,ok
TIC 241660335,207.9902,-52.7264,16.03,0,,,,,3,7.1,ok
TIC 411809966,189.5739,-58.6457,16.03,0,,,,,2,5.4,ok
TIC 341978358,203.8782,-66.1506,16.03,0,,,,,2,5.1,ok
TIC 163046062,191.2128,-49.7977,16.03,0,,,,,2,6.9,ok
TIC 382214717,215.7121,-64.5113,16.04,0,,,,,3,4.8,ok
TIC 436497134,193.6147,-62.5289,16.04,0,,,,,2,5.8,ok
TIC 297214794,179.7973,-68.8992,16.04,0,,,,,1,4.2,ok
TIC 67534574,182.0786,-55.357,16.04,0,,,,,1,10.2,ok
TIC 253181080,195.0682,-59.0961,16.04,0,,,,,2,6.3,ok
TIC 334863760,184.5126,-51.8649,16.04,0,,,,,2,4.5,ok
TIC 261585090,227.4324,-69.1012,16.04,0,,,,,2,6.3,ok
TIC 94342280,177.2408,-53.7844,16.04,0,,,,,2,13.0,ok
TIC 51433730,129.2079,-6.7855,16.04,0,,,,,1,9.6,ok
TIC 262998312,216.0816,-55.7862,16.04,0,,,,,3,6.9,ok
TIC 135615891,150.5033,-52.7595,16.04,0,,,,,1,2.9,ok
TIC 331327236,214.2689,-51.8947,16.04,0,,,,,3,5.5,ok
TIC 268035612,176.5933,-56.7166,16.04,0,,,,,1,2.8,ok
TIC 162526221,170.0683,-45.5734,16.04,0,,,,,6,11.0,ok
TIC 258612345,222.0592,-66.1904,16.04,0,,,,,1,4.6,ok
TIC 465263287,162.8399,-64.7114,16.05,0,,,,,2,12.4,ok
TIC 448789084,213.3275,-71.1795,16.05,0,,,,,3,10.7,ok
TIC 466285484,165.5875,-61.4201,16.05,0,,,,,1,4.9,ok
TIC 163649080,191.2667,-49.8206,16.05,0,,,,,2,7.7,ok
TIC 410827461,177.9536,-68.13,16.05,0,,,,,1,10.5,ok
TIC 339643531,200.2066,-66.8419,16.05,0,,,,,5,10.2,ok
TIC 395404819,207.0198,-73.5354,16.05,0,,,,,2,12.6,ok
TIC 54079452,160.0757,-31.3858,16.05,0,,,,,4,15.5,ok
TIC 119786660,162.141,-52.8735,16.05,0,,,,,3,6.5,ok
TIC 293522346,142.8614,-12.5994,16.05,0,,,,,4,8.1,ok
TIC 67319732,181.9015,-56.7781,16.05,0,,,,,2,5.0,ok
TIC 391607644,217.8617,-65.2233,16.05,0,,,,,3,5.8,ok
TIC 107009027,162.0538,-36.274,16.06,0,,,,,1,5.0,ok
TIC 403011055,226.2594,-71.9892,16.06,0,,,,,3,5.6,ok
TIC 80673107,165.7059,-53.7234,16.06,0,,,,,1,6.5,ok
TIC 290511700,139.3325,0.6459,16.06,0,,,,,1,6.5,ok
TIC 304149581,164.8087,-55.1021,16.06,0,,,,,1,5.3,ok
TIC 158453849,163.9485,-40.5786,16.06,0,,,,,1,9.9,ok
TIC 95747689,131.4951,-7.6036,16.06,0,,,,,1,12.6,ok
TIC 273911309,189.1158,-57.8086,16.07,0,,,,,2,8.0,ok
TIC 457454276,206.2742,-56.0222,16.07,0,,,,,3,10.0,ok
TIC 364516534,161.2015,-52.4253,16.07,0,,,,,5,14.5,ok
TIC 169015406,126.436,-4.2002,16.07,0,,,,,2,12.8,ok
TIC 315710244,171.3174,-62.2052,16.07,0,,,,,1,10.2,ok
TIC 459398868,162.4816,-56.6469,16.07,0,,,,,1,11.2,ok
TIC 467279120,168.1485,-60.7283,16.07,0,,,,,2,13.3,ok
TIC 449036109,215.7712,-67.9569,16.07,0,,,,,3,8.9,ok
TIC 280563122,173.1503,-65.9022,16.07,0,,,,,1,8.1,ok
TIC 320076676,174.8352,-65.6402,16.07,0,,,,,1,6.1,ok
TIC 319486459,174.1896,-62.7039,16.07,0,,,,,1,12.2,ok
TIC 295759569,171.538,-67.5497,16.07,0,,,,,1,8.2,ok
TIC 289986918,205.281,-55.3492,16.08,0,,,,,2,15.2,ok
TIC 275469540,178.6635,-46.7571,16.08,0,,,,,1,15.1,ok
TIC 303420050,164.1704,-56.4755,16.08,0,,,,,1,14.9,ok
TIC 253428296,196.8298,-59.0813,16.08,0,,,,,1,16.3,ok
TIC 453721601,205.8845,-59.4518,16.08,0,,,,,2,18.3,ok
TIC 45993185,150.036,-37.1287,16.08,0,,,,,1,17.9,ok
TIC 465109422,162.6861,-64.1727,16.08,0,,,,,2,15.6,ok
TIC 451479240,171.623,-56.0149,16.08,0,,,,,2,18.9,ok
TIC 401233603,187.8435,-53.3823,16.08,0,,,,,1,16.3,ok
TIC 463405888,153.7675,-58.3809,16.09,0,,,,,1,19.6,ok
TIC 308006931,167.2675,-55.1225,16.09,0,,,,,1,20.2,ok
TIC 310120999,184.9346,-60.177,16.09,0,,,,,1,16.2,ok
TIC 151912932,168.4998,-37.6799,16.09,0,,,,,3,16.7,ok
TIC 467839347,169.4428,-60.9367,16.09,0,,,,,1,18.3,ok
TIC 219917473,154.4765,-49.5688,16.09,0,,,,,1,12.7,ok
TIC 391043218,161.0554,-60.8299,16.09,0,,,,,1,9.7,ok
TIC 296491950,173.5776,-67.9491,16.09,0,,,,,1,13.7,ok
TIC 409820699,126.5048,-16.3371,16.09,0,,,,,2,13.4,ok
TIC 162799410,170.96,-44.1958,16.09,0,,,,,4,9.4,ok
TIC 448429984,210.2109,-71.7798,16.1,0,,,,,1,9.0,ok
TIC 831147258,133.3982,-23.7354,16.1,0,,,,,5,8.8,ok
TIC 265919677,174.6782,-58.7401,16.1,0,,,,,4,8.0,ok
TIC 1023824714,204.6514,-63.7616,16.1,0,,,,,5,10.5,ok
TIC 189617625,144.0571,-27.9029,16.1,0,,,,,3,7.2,ok
TIC 466002697,164.785,-64.5812,16.1,0,,,,,2,4.2,ok
TIC 411073072,160.911,-51.0296,16.1,0,,,,,1,8.2,ok
TIC 449662885,200.8758,-60.0471,16.1,0,,,,,1,8.3,ok
TIC 463649088,154.5477,-55.0166,16.1,0,,,,,1,5.6,ok
TIC 453579957,205.5678,-59.6711,16.11,0,,,,,1,9.9,ok
TIC 2140147,133.8135,-28.9811,16.11,0,,,,,4,8.6,ok
TIC 313749663,183.7277,-70.7999,16.11,0,,,,,1,10.2,ok
TIC 308006921,167.2663,-55.124,16.11,0,,,,,1,9.7,ok
TIC 72956762,152.9653,-40.5734,16.11,0,,,,,1,11.9,ok
TIC 288965426,224.2169,-52.4779,16.11,0,,,,,3,11.6,ok
TIC 188499165,220.6469,-55.3249,16.11,0,,,,,2,10.6,ok
TIC 410007055,145.4841,-15.5372,16.11,0,,,,,3,15.3,ok
TIC 21986991,182.6766,-46.7176,16.12,0,,,,,2,14.3,ok
TIC 81549834,167.5537,-49.0782,16.12,0,,,,,6,14.3,ok
TIC 390676570,160.928,-60.7576,16.12,0,,,,,1,6.8,ok
TIC 207872275,207.4145,-59.0462,16.12,0,,,,,1,8.0,ok
TIC 463448739,153.9543,-55.0747,16.12,0,,,,,1,2.8,ok
TIC 92755792,173.9865,-53.0552,16.12,0,,,,,3,4.6,ok
TIC 425639147,232.6377,-75.0913,16.12,0,,,,,7,15.3,ok
TIC 71298589,154.3683,-32.6025,16.13,0,,,,,5,8.5,ok
TIC 290645865,140.7334,1.0508,16.13,0,,,,,4,12.5,ok
TIC 93461553,175.3367,-52.8059,16.13,0,,,,,1,11.9,ok
TIC 189001681,220.9981,-56.8481,16.13,0,,,,,2,14.1,ok
TIC 258414179,221.7858,-69.6782,16.13,0,,,,,4,13.9,ok
TIC 429202967,183.9529,-52.4042,16.13,0,,,,,1,6.1,ok
TIC 131853980,147.9953,-52.1705,16.13,0,,,,,3,12.1,ok
TIC 465661670,164.1025,-64.1195,16.13,0,,,,,2,12.0,ok
TIC 36379856,150.1618,-43.4102,16.13,0,,,,,1,8.0,ok
TIC 874037534,155.7156,-32.434,16.13,0,,,,,6,16.0,ok
TIC 414620561,224.3849,-54.7798,16.13,0,,,,,2,11.4,ok
TIC 464337973,155.9032,-54.1694,16.14,0,,,,,1,8.7,ok
TIC 286936972,150.5814,-37.2314,16.14,0,,,,,5,11.3,ok
TIC 241330840,204.1048,-52.7748,16.14,0,,,,,2,11.1,ok
TIC 338141388,198.2853,-70.535,16.14,0,,,,,1,10.8,ok
TIC 448657040,212.4253,-70.4007,16.14,0,,,,,2,8.9,ok
TIC 329540724,191.7791,-71.2802,16.14,0,,,,,1,9.8,ok
TIC 450707506,169.403,-59.244,16.14,0,,,,,1,3.4,ok
TIC 395596119,208.1473,-72.0812,16.14,0,,,,,1,5.6,ok
TIC 93317283,174.9184,-50.1039,16.14,0,,,,,4,16.2,ok
TIC 146587662,159.293,-44.4399,16.14,0,,,,,1,5.9,ok
TIC 413635363,215.2033,-56.8196,16.15,0,,,,,2,6.7,ok
TIC 415619202,223.3125,-54.9588,16.15,0,,,,,2,13.9,ok
TIC 403842301,188.2227,-51.3128,16.15,0,,,,,4,12.2,ok
TIC 296381245,223.8671,-65.5301,16.15,0,,,,,2,3.1,ok
TIC 71407717,154.9442,-34.0383,16.15,0,,,,,6,10.0,ok
TIC 390677527,160.9331,-60.8662,16.15,0,,,,,1,6.6,ok
TIC 460101355,206.5247,-72.1312,16.15,0,,,,,1,7.2,ok
TIC 158404133,163.5544,-40.144,16.15,0,,,,,1,7.1,ok
TIC 49046811,164.319,-35.5507,16.16,0,,,,,1,4.4,ok
TIC 51509218,129.6144,-11.8632,16.16,0,,,,,1,6.9,ok
TIC 463649538,154.5501,-55.0804,16.16,0,,,,,1,7.1,ok
TIC 266625355,175.3816,-56.5558,16.16,0,,,,,1,4.6,ok
TIC 185084647,219.6064,-56.02,16.16,0,,,,,4,11.1,ok
TIC 47143814,145.0493,-10.574,16.16,0,,,,,4,13.2,ok
TIC 259921967,224.4713,-68.7473,16.16,0,,,,,2,8.1,ok
TIC 453582493,205.6305,-59.8728,16.16,0,,,,,1,9.1,ok
TIC 2094712,133.6278,-25.1473,16.16,0,,,,,6,14.3,ok
TIC 38004089,136.6399,-26.4495,16.16,0,,,,,4,10.6,ok
TIC 448427732,210.4451,-71.0013,16.17,0,,,,,2,15.0,ok
TIC 459569471,162.9537,-56.5702,16.17,0,,,,,1,8.4,ok
TIC 293808242,144.1327,-37.1695,16.17,0,,,,,4,14.3,ok
TIC 466034300,165.0059,-63.8774,16.17,0,,,,,2,3.3,ok
TIC 273704200,188.9073,-57.7719,16.17,0,,,,,1,10.7,ok
TIC 360275913,217.4991,-67.2458,16.17,0,,,,,3,7.9,ok
TIC 390541031,160.759,-61.325,16.17,0,,,,,1,8.1,ok
TIC 361725670,195.0921,-73.5527,16.17,0,,,,,1,9.2,ok
TIC 326310147,209.812,-60.898,16.17,0,,,,,2,9.6,ok
TIC 446272538,206.4242,-59.8762,16.17,0,,,,,1,10.3,ok
TIC 451405701,171.3419,-58.6017,16.18,0,,,,,1,18.0,ok
TIC 460552671,190.1471,-61.787,16.18,0,,,,,1,5.0,ok
TIC 463472334,153.9546,-54.5778,16.18,0,,,,,1,9.5,ok
TIC 1360104,140.0925,-13.2589,16.18,0,,,,,4,16.3,ok
TIC 453581156,205.5006,-59.8344,16.18,0,,,,,2,10.5,ok
TIC 147023454,161.5314,-43.2072,16.18,0,,,,,3,14.7,ok
TIC 450737199,169.5921,-59.2576,16.18,0,,,,,1,9.3,ok
TIC 458664938,160.6225,-56.1643,16.19,0,,,,,1,9.7,ok
TIC 451705120,172.2387,-59.5726,16.19,0,,,,,1,6.0,ok
TIC 391039474,161.2632,-61.223,16.19,0,,,,,1,14.0,ok
TIC 13474738,132.1634,-6.4912,16.19,0,,,,,1,12.1,ok
TIC 337364872,197.1223,-68.2163,16.19,0,,,,,1,10.8,ok
TIC 395590846,207.6374,-73.6508,16.19,0,,,,,2,7.4,ok
TIC 13672797,133.2063,-9.9874,16.2,0,,,,,1,4.2,ok
TIC 407842066,213.3469,-59.1659,16.2,0,,,,,2,5.6,ok
TIC 462944553,152.5983,-57.2084,16.2,0,,,,,1,8.6,ok
TIC 170670905,194.7574,-52.9982,16.2,0,,,,,1,15.4,ok
TIC 426079838,237.8849,-74.5354,16.2,0,,,,,2,16.6,ok
TIC 22760680,185.7089,-46.6513,16.2,0,,,,,4,11.6,ok
TIC 319939332,174.5193,-63.7258,16.2,0,,,,,1,5.7,ok
TIC 467953288,169.8548,-65.2072,16.2,0,,,,,1,4.2,ok
TIC 325377141,186.487,-65.9544,16.2,0,,,,,1,9.7,ok
TIC 321774750,175.4023,-65.6745,16.2,0,,,,,1,12.1,ok
TIC 463142697,153.1307,-55.2522,16.2,0,,,,,1,10.4,ok
TIC 446997639,156.5562,-48.7896,16.21,0,,,,,1,9.7,ok
TIC 259019076,222.5069,-66.6186,16.21,0,,,,,1,9.7,ok
TIC 13627824,133.1129,-8.7317,16.21,0,,,,,1,10.2,ok
TIC 256470183,199.996,-56.6583,16.21,0,,,,,3,13.7,ok
TIC 379220318,180.7062,-65.4711,16.21,0,,,,,1,9.1,ok
TIC 446273148,206.5696,-59.7983,16.21,0,,,,,2,15.6,ok
TIC 106902943,161.5912,-39.5701,16.21,0,,,,,1,4.7,ok
TIC 93621429,175.6697,-52.8384,16.21,0,,,,,1,2.9,ok
TIC 13709539,133.4477,-8.722,16.22,0,,,,,1,6.1,ok
TIC 448927919,214.4336,-71.6111,16.22,0,,,,,2,4.7,ok
TIC 258608251,222.0575,-66.8904,16.22,0,,,,,1,8.5,ok
TIC 390967697,161.2357,-62.193,16.22,0,,,,,2,10.3,ok
TIC 192973597,155.0181,-24.3129,16.22,0,,,,,4,15.0,ok
TIC 448124358,158.2845,-50.614,16.22,0,,,,,2,11.3,ok
TIC 448603502,211.8226,-67.1526,16.22,0,,,,,2,6.1,ok
TIC 418093552,145.9068,-23.6803,16.22,0,,,,,2,12.7,ok
TIC 446274421,206.5897,-59.6244,16.23,0,,,,,2,7.1,ok
TIC 396361681,212.8931,-72.9403,16.23,0,,,,,3,10.3,ok
TIC 261997895,193.7498,-59.7445,16.23,0,,,,,1,10.4,ok
TIC 977377873,192.9516,-61.3108,16.23,0,,,,,5,14.4,ok
TIC 413012097,204.5509,-59.3508,16.23,0,,,,,2,9.5,ok
TIC 133800205,149.9671,-50.4539,16.23,0,,,,,2,10.1,ok
TIC 255846094,185.9635,-52.4038,16.23,0,,,,,1,12.6,ok
TIC 447442252,157.2213,-51.6503,16.23,0,,,,,1,4.8,ok
TIC 332565410,136.8366,-16.5566,16.23,0,,,,,2,9.7,ok
TIC 303399455,159.5066,-51.1076,16.23,0,,,,,4,9.0,ok
TIC 261706947,227.7407,-66.6054,16.23,0,,,,,2,13.1,ok
TIC 72656983,152.0104,-38.6165,16.23,0,,,,,1,13.4,ok
TIC 273020661,188.3837,-57.2362,16.23,0,,,,,1,5.8,ok
TIC 162244106,168.8665,-43.2261,16.23,0,,,,,4,9.1,ok
TIC 334024558,182.6622,-53.0977,16.24,0,,,,,1,19.6,ok
TIC 3444583,139.1816,-37.9245,16.24,0,,,,,1,20.8,ok
TIC 405039653,185.5155,-71.8645,16.24,0,,,,,1,18.7,ok
TIC 466401554,166.0568,-65.9555,16.24,0,,,,,1,6.9,ok
TIC 51442118,129.3778,-6.5412,16.24,0,,,,,1,9.7,ok
TIC 119867846,162.3069,-51.7077,16.24,0,,,,,1,7.1,ok
TIC 80212110,164.9027,-49.0356,16.24,0,,,,,1,3.3,ok
TIC 320231896,174.706,-63.0478,16.24,0,,,,,1,7.3,ok
TIC 465107251,162.5355,-64.5711,16.25,0,,,,,2,15.7,ok
TIC 451228902,170.9401,-55.7825,16.25,0,,,,,1,13.4,ok
TIC 287901037,185.0043,-59.5282,16.25,0,,,,,1,5.0,ok
TIC 335098724,214.0876,-65.5247,16.25,0,,,,,5,17.8,ok
TIC 253308828,195.9268,-58.4822,16.25,0,,,,,1,9.5,ok
TIC 413088783,204.8819,-58.3386,16.25,0,,,,,2,13.9,ok
TIC 432372776,146.4096,-48.4017,16.25,0,,,,,6,15.2,ok
TIC 411592957,218.8641,-58.7027,16.25,0,,,,,2,12.8,ok
TIC 163041049,191.0392,-48.2258,16.25,0,,,,,2,12.8,ok
TIC 437005572,194.0107,-60.1176,16.26,0,,,,,1,9.4,ok
TIC 324996780,177.4205,-60.9283,16.26,0,,,,,1,16.2,ok
TIC 429236349,184.0174,-50.6596,16.26,0,,,,,1,14.6,ok
TIC 465766497,164.3215,-60.4226,16.26,0,,,,,2,8.3,ok
TIC 409732973,126.0354,-12.0806,16.26,0,,,,,3,14.1,ok
TIC 333299727,181.5041,-53.8458,16.26,0,,,,,1,10.7,ok
TIC 303641461,164.392,-56.8478,16.26,0,,,,,1,11.3,ok
TIC 841940392,144.788,-2.8084,16.26,0,,,,,4,11.5,ok
TIC 105801182,156.75,-38.0849,16.27,0,,,,,1,10.1,ok
TIC 13627629,133.1483,-9.0846,16.27,0,,,,,1,6.6,ok
TIC 323150473,176.3931,-60.3674,16.27,0,,,,,1,7.8,ok
TIC 411883660,189.7802,-55.1053,16.27,0,,,,,1,13.5,ok
TIC 1027247023,209.8621,-62.6775,16.27,0,,,,,2,19.3,ok
TIC 439583233,195.9001,-60.882,16.27,0,,,,,1,9.9,ok
TIC 241552921,206.731,-52.2801,16.27,0,,,,,2,11.7,ok
TIC 51323394,128.7094,-8.9271,16.27,0,,,,,1,12.2,ok
TIC 4970499,141.9664,-39.1812,16.27,0,,,,,5,15.7,ok
TIC 466568973,166.2032,-63.9082,16.27,0,,,,,2,16.9,ok
TIC 50996424,127.3369,-8.7544,16.27,0,,,,,1,15.0,ok
TIC 391518726,161.544,-60.9941,16.27,0,,,,,1,12.9,ok
TIC 448761699,213.2121,-66.1023,16.28,0,,,,,7,19.1,ok
TIC 105803910,156.9519,-37.0779,16.28,0,,,,,1,13.6,ok
TIC 928666481,179.9753,-60.2746,16.28,0,,,,,3,16.7,ok
TIC 360764236,190.2292,-73.1355,16.28,0,,,,,1,12.1,ok
TIC 209300105,210.1718,-56.6322,16.28,0,,,,,2,17.4,ok
TIC 152282134,170.8937,-36.957,16.28,0,,,,,1,12.8,ok
TIC 259027745,222.8039,-66.6067,16.29,0,,,,,1,15.7,ok
TIC 19971013,126.2546,-8.2811,16.29,0,,,,,1,16.2,ok
TIC 149767969,130.5621,-2.374,16.29,0,,,,,4,18.1,ok
TIC 310500086,152.7229,-49.1112,16.29,0,,,,,1,3.2,ok
TIC 466320979,165.8195,-60.4638,16.29,0,,,,,1,2.9,ok
TIC 457934063,158.5355,-59.0982,16.29,0,,,,,1,7.0,ok
TIC 152479219,171.7759,-38.3171,16.29,0,,,,,1,4.6,ok
TIC 404145059,195.1573,-51.1213,16.29,0,,,,,1,10.2,ok
TIC 411676312,189.2913,-54.0297,16.29,0,,,,,1,7.2,ok
TIC 3120302,138.6628,-38.5618,16.29,0,,,,,3,12.2,ok
TIC 256340180,199.791,-54.5059,16.29,0,,,,,2,8.9,ok
TIC 258615387,222.3297,-66.1506,16.29,0,,,,,1,5.8,ok
TIC 189515538,221.1142,-58.8508,16.29,0,,,,,2,5.9,ok
TIC 300573008,177.5677,-56.6309,16.29,0,,,,,1,4.2,ok
TIC 62686022,143.0088,-4.6269,16.3,0,,,,,3,6.2,ok
TIC 71489738,155.4092,-34.8034,16.3,0,,,,,4,12.0,ok
TIC 442886406,198.4775,-61.3519,16.3,0,,,,,1,6.3,ok
TIC 347507271,133.3945,-13.0066,16.3,0,,,,,1,4.9,ok
TIC 988021195,182.8767,-59.4283,16.3,0,,,,,1,14.6,ok
TIC 459603487,163.1686,-56.087,16.3,0,,,,,1,13.3,ok
TIC 258328184,221.3634,-66.4656,16.3,0,,,,,1,8.7,ok
TIC 137134240,151.0406,-53.2588,16.3,0,,,,,1,12.3,ok
TIC 421421848,218.9183,-67.0625,16.3,0,,,,,2,12.5,ok
TIC 395742000,208.8971,-75.0835,16.3,0,,,,,1,9.8,ok
TIC 429291086,184.2169,-53.0843,16.3,0,,,,,1,11.0,ok
TIC 146312018,158.2105,-46.8069,16.3,0,,,,,1,8.3,ok
TIC 161741123,190.3705,-50.9463,16.3,0,,,,,1,15.5,ok
TIC 189163244,141.2083,-24.385,16.3,0,,,,,4,11.5,ok
TIC 73717642,192.1747,-47.4006,16.3,0,,,,,1,6.6,ok
TIC 101529716,149.3546,-35.8778,16.31,0,,,,,6,11.9,ok
TIC 358553681,151.0944,-44.8375,16.31,0,,,,,1,8.7,ok
TIC 1472576,146.8962,-13.9349,16.31,0,,,,,2,8.3,ok
TIC 36538701,150.4853,-42.6398,16.31,0,,,,,1,10.2,ok
TIC 13741797,133.7812,-7.7138,16.31,0,,,,,1,4.8,ok
TIC 391042758,161.1443,-60.8808,16.32,0,,,,,1,6.3,ok
TIC 446819869,218.6272,-67.1062,16.32,0,,,,,2,6.8,ok
TIC 23385704,168.0701,-33.8593,16.32,0,,,,,5,16.5,ok
TIC 261223334,226.4684,-69.4008,16.32,0,,,,,5,12.4,ok
TIC 402857102,225.5834,-73.321,16.32,0,,,,,2,6.4,ok
TIC 106986419,161.7226,-39.0012,16.33,0,,,,,1,6.8,ok
TIC 36632439,150.6158,-45.3311,16.33,0,,,,,1,6.2,ok
TIC 465260411,162.9364,-64.17,16.33,0,,,,,2,5.5,ok
TIC 167217347,193.0409,-49.8079,16.33,0,,,,,1,7.8,ok
TIC 348882376,148.4173,-15.8147,16.33,0,,,,,5,12.2,ok
TIC 392110715,174.3852,-68.0066,16.33,0,,,,,1,3.2,ok
TIC 429519443,207.427,-71.4492,16.33,0,,,,,1,8.8,ok
TIC 464299499,155.9561,-57.0438,16.33,0,,,,,1,11.1,ok
TIC 91907963,171.9638,-50.2514,16.33,0,,,,,1,9.8,ok
TIC 314316001,184.629,-69.8001,16.33,0,,,,,1,13.7,ok
TIC 32921394,144.4709,-46.0483,16.34,0,,,,,1,7.5,ok
TIC 466618052,166.396,-63.135,16.34,0,,,,,1,3.9,ok
TIC 121204895,128.1927,-2.6279,16.34,0,,,,,1,3.4,ok
TIC 163650511,191.3574,-50.6661,16.34,0,,,,,1,6.0,ok
TIC 447893165,158.0066,-51.0434,16.34,0,,,,,1,6.8,ok
TIC 336654031,215.0472,-60.5844,16.34,0,,,,,2,7.2,ok
TIC 162620042,170.4366,-44.7377,16.34,0,,,,,1,9.2,ok
TIC 375363552,152.0501,-45.6816,16.34,0,,,,,1,5.7,ok
TIC 13672141,133.2043,-8.9217,16.35,0,,,,,1,3.1,ok
TIC 449133292,216.4895,-67.118,16.35,0,,,,,2,7.4,ok
TIC 463858653,154.8584,-55.6187,16.35,0,,,,,1,3.3,ok
TIC 429208482,183.9633,-49.6264,16.35,0,,,,,1,5.0,ok
TIC 339745285,200.5876,-67.9162,16.35,0,,,,,1,3.0,ok
TIC 405485213,143.6725,-12.2189,16.35,0,,,,,3,13.4,ok
TIC 294653616,169.5186,-66.8178,16.35,0,,,,,1,11.0,ok
TIC 220169550,154.8627,-48.3304,16.35,0,,,,,1,10.3,ok
TIC 187123483,134.806,-31.4046,16.35,0,,,,,3,12.3,ok
TIC 401915787,218.4034,-74.865,16.35,0,,,,,7,16.6,ok
TIC 305348686,165.9282,-59.1542,16.36,0,,,,,1,6.5,ok
TIC 426060328,237.0021,-74.5233,16.36,0,,,,,2,10.8,ok
TIC 466529871,166.1449,-61.5957,16.36,0,,,,,1,10.2,ok
TIC 258007041,220.9983,-66.9723,16.36,0,,,,,2,6.8,ok
TIC 142724491,137.5458,-2.905,16.36,0,,,,,3,10.4,ok
TIC 448622397,212.2741,-66.9678,16.36,0,,,,,2,9.2,ok
TIC 313854259,184.0061,-70.9005,16.37,0,,,,,1,8.9,ok
TIC 259853747,153.4233,-52.5669,16.37,0,,,,,1,5.6,ok
TIC 51191085,128.2261,-8.3915,16.37,0,,,,,1,11.6,ok
TIC 62456052,131.8966,-4.2831,16.37,0,,,,,1,8.3,ok
TIC 392285838,218.2488,-61.3549,16.37,0,,,,,3,11.8,ok
TIC 458428479,160.0637,-59.2592,16.38,0,,,,,1,12.0,ok
TIC 61539454,176.3173,-42.406,16.38,0,,,,,6,12.6,ok
TIC 152363085,170.9253,-37.2227,16.38,0,,,,,1,9.2,ok
TIC 450115575,168.4485,-54.3918,16.38,0,,,,,1,11.1,ok
TIC 411049674,178.5758,-70.8452,16.38,0,,,,,1,8.2,ok
TIC 68518117,202.7142,-59.0149,16.38,0,,,,,2,7.5,ok
TIC 256923591,200.5459,-57.7571,16.38,0,,,,,1,2.7,ok
TIC 66939662,181.4328,-55.897,16.38,0,,,,,1,11.3,ok
TIC 451285192,170.9702,-59.8334,16.38,0,,,,,1,6.0,ok
TIC 181153195,174.0859,-38.1271,16.39,0,,,,,5,11.1,ok
TIC 93227899,174.8678,-52.3889,16.39,0,,,,,1,10.7,ok
TIC 50758624,126.713,-6.8896,16.39,0,,,,,1,5.1,ok
TIC 4814256,141.5668,-37.2228,16.39,0,,,,,4,13.9,ok
TIC 442881767,198.5641,-60.879,16.39,0,,,,,2,2.3,ok
TIC 413081043,204.9028,-59.3225,16.39,0,,,,,2,6.5,ok
TIC 281548721,170.5928,-62.8379,16.39,0,,,,,1,9.1,ok
TIC 464028672,155.282,-56.0225,16.39,0,,,,,1,6.0,ok
TIC 66939441,181.4935,-55.8353,16.39,0,,,,,1,8.6,ok
TIC 13438674,132.0976,-10.2459,16.39,0,,,,,1,8.4,ok
TIC 54779678,130.2671,-9.4889,16.39,0,,,,,1,5.8,ok
TIC 44851957,146.7855,-36.8387,16.39,0,,,,,5,10.9,ok
TIC 402680991,223.7641,-73.7373,16.4,0,,,,,5,10.2,ok
TIC 326547481,188.3604,-71.0895,16.4,0,,,,,1,9.5,ok
TIC 463319037,153.7415,-54.8937,16.4,0,,,,,1,9.6,ok
TIC 448080453,207.9709,-66.7027,16.4,0,,,,,2,13.6,ok
TIC 465803266,164.3388,-64.4047,16.4,0,,,,,2,5.5,ok
TIC 463982418,155.0324,-55.6717,16.4,0,,,,,1,7.0,ok
TIC 333022708,213.2337,-65.9605,16.41,0,,,,,2,10.7,ok
TIC 264378555,217.2474,-55.9058,16.41,0,,,,,2,7.4,ok
TIC 411878976,189.4877,-54.2207,16.41,0,,,,,1,5.1,ok
TIC 35597850,148.7218,-44.9521,16.41,0,,,,,1,7.4,ok
TIC 60729466,138.5925,-7.8566,16.41,0,,,,,4,6.1,ok
TIC 390676750,160.8279,-60.7794,16.41,0,,,,,1,7.1,ok
TIC 106906777,161.7278,-36.9407,16.42,0,,,,,1,6.1,ok
TIC 48209184,148.0177,-35.5687,16.42,0,,,,,5,12.6,ok
TIC 311137422,151.7627,-46.49,16.42,0,,,,,1,9.5,ok
TIC 307071791,166.2962,-43.0394,16.42,0,,,,,5,14.7,ok
TIC 241423838,205.2625,-52.2968,16.42,0,,,,,7,16.3,ok
TIC 978200467,189.5326,-61.0795,16.42,0,,,,,1,5.4,ok
TIC 360560877,189.3892,-72.9073,16.42,0,,,,,5,11.0,ok
TIC 396826456,148.2553,-13.5064,16.42,0,,,,,1,4.8,ok
TIC 178539314,165.2585,-42.3593,16.42,0,,,,,4,7.9,ok
TIC 297458571,180.3263,-70.1133,16.42,0,,,,,1,11.2,ok
TIC 1139748,131.25,-24.5678,16.43,0,,,,,1,7.2,ok
TIC 152026228,169.3667,-38.7109,16.43,0,,,,,1,9.6,ok
TIC 332705368,150.246,-13.789,16.43,0,,,,,1,8.7,ok
TIC 272015801,153.18,-45.6352,16.43,0,,,,,1,3.7,ok
TIC 464971931,162.0809,-62.5947,16.43,0,,,,,1,4.8,ok
TIC 324409972,209.1802,-60.1063,16.43,0,,,,,2,5.6,ok
TIC 359426829,183.242,-72.3155,16.43,0,,,,,1,5.9,ok
TIC 391042720,161.0657,-60.8843,16.43,0,,,,,1,4.8,ok
TIC 1024812054,208.1899,-62.3343,16.43,0,,,,,2,8.5,ok
TIC 446902093,232.7385,-70.284,16.43,0,,,,,2,7.4,ok
TIC 463320220,153.7445,-55.0773,16.43,0,,,,,1,6.1,ok
TIC 305819977,166.1771,-57.9726,16.43,0,,,,,1,12.9,ok
TIC 81848974,168.0896,-51.5011,16.43,0,,,,,6,14.2,ok
TIC 467162035,167.5903,-65.1893,16.43,0,,,,,1,4.7,ok
TIC 448761315,213.2271,-66.0594,16.44,0,,,,,2,8.0,ok
TIC 420102038,192.4206,-54.3982,16.44,0,,,,,1,6.4,ok
TIC 405259424,128.2878,-17.5314,16.44,0,,,,,4,7.7,ok
TIC 429233827,183.995,-49.2482,16.44,0,,,,,4,8.4,ok
TIC 289393944,202.0706,-55.8604,16.44,0,,,,,3,9.1,ok
TIC 33654813,145.6124,-44.501,16.44,0,,,,,5,9.5,ok
TIC 309025727,151.0072,-28.6789,16.44,0,,,,,4,13.1,ok
TIC 20086939,137.3956,-9.0564,16.44,0,,,,,3,6.1,ok
TIC 313264505,183.1633,-70.5687,16.44,0,,,,,1,5.9,ok
TIC 450592293,169.2267,-58.9244,16.45,0,,,,,1,5.2,ok
TIC 253161759,194.9885,-57.8441,16.45,0,,,,,1,5.7,ok
TIC 315556035,171.0467,-65.639,16.45,0,,,,,1,4.8,ok
TIC 36743437,225.5951,-54.8933,16.45,0,,,,,3,10.0,ok
TIC 326043263,187.6365,-71.9089,16.45,0,,,,,1,5.6,ok
TIC 834113294,131.0779,-20.4485,16.45,0,,,,,4,7.5,ok
TIC 412815827,194.193,-57.7171,16.45,0,,,,,1,5.2,ok
TIC 457422034,157.2928,-57.1435,16.45,0,,,,,1,3.7,ok
TIC 455359624,228.7514,-62.7578,16.45,0,,,,,1,3.8,ok
TIC 119716617,161.9335,-49.1544,16.46,0,,,,,1,4.9,ok
TIC 414306194,215.7351,-59.4406,16.46,0,,,,,2,7.1,ok
TIC 420532868,216.1424,-51.9222,16.46,0,,,,,2,7.6,ok
TIC 448256763,209.2486,-70.336,16.46,0,,,,,2,8.1,ok
TIC 132912289,149.2836,-53.3124,16.46,0,,,,,1,8.7,ok
TIC 405150013,180.9906,-44.676,16.46,0,,,,,1,5.9,ok
TIC 295498092,171.0619,-67.006,16.46,0,,,,,1,9.0,ok
TIC 907680559,170.1097,-67.139,16.46,0,,,,,1,5.7,ok
TIC 120649652,163.7334,-47.9803,16.46,0,,,,,4,9.6,ok
TIC 463318715,153.6284,-54.8413,16.47,0,,,,,1,4.0,ok
TIC 192945188,154.9284,-26.5254,16.47,0,,,,,1,3.4,ok
TIC 301227845,178.1367,-56.4894,16.47,0,,,,,1,11.3,ok
TIC 312804791,182.8632,-70.6206,16.47,0,,,,,1,10.5,ok
TIC 160532835,189.4421,-50.5588,16.47,0,,,,,1,9.0,ok
TIC 1039740967,219.1208,-55.5296,16.47,0,,,,,3,9.1,ok
TIC 81080703,166.6529,-52.8392,16.47,0,,,,,1,5.9,ok
TIC 259021094,222.5458,-66.2983,16.48,0,,,,,1,10.2,ok
TIC 43343195,228.9754,-57.5376,16.48,0,,,,,4,9.1,ok
TIC 942324271,167.4635,-35.6624,16.48,0,,,,,1,8.5,ok
TIC 267712978,176.2781,-55.7218,16.48,0,,,,,1,8.9,ok
TIC 91626990,171.1033,-51.4888,16.48,0,,,,,1,7.5,ok
TIC 1338424,137.9746,-13.6089,16.48,0,,,,,3,8.6,ok
TIC 324866632,209.4741,-65.5508,16.48,0,,,,,1,7.2,ok
TIC 876251699,145.0232,-11.6491,16.49,0,,,,,2,9.6,ok
TIC 102622579,155.1805,-44.5295,16.49,0,,,,,1,6.7,ok
TIC 22016715,147.8667,-28.0849,16.49,0,,,,,3,12.4,ok
TIC 389994091,160.1559,-63.5304,16.49,0,,,,,2,5.9,ok
TIC 33819781,145.6388,-43.5912,16.49,0,,,,,4,12.0,ok
TIC 337231536,197.1626,-70.6819,16.49,0,,,,,1,9.8,ok
TIC 332560116,136.6978,-16.945,16.49,0,,,,,4,10.5,ok
TIC 100944487,129.3989,-16.3532,16.49,0,,,,,3,10.6,ok
TIC 831028793,132.3364,-26.8714,16.49,0,,,,,2,11.0,ok
TIC 311839401,181.7192,-70.1591,16.49,0,,,,,1,5.8,ok
TIC 412609693,214.6486,-58.1003,16.5,0,,,,,5,16.6,ok
TIC 412711802,193.2247,-57.1897,16.5,0,,,,,1,3.7,ok
TIC 287042952,150.868,-38.339,16.5,0,,,,,6,13.0,ok
TIC 304643800,165.2456,-55.7275,16.5,0,,,,,1,4.6,ok
TIC 992447916,188.9138,-53.4578,16.5,0,,,,,2,7.4,ok
TIC 465137924,162.4939,-62.7279,16.5,0,,,,,1,5.8,ok
TIC 400911771,178.6004,-53.6713,16.5,0,,,,,1,5.5,ok
TIC 862590679,151.4278,-53.7977,16.51,0,,,,,1,10.8,ok
TIC 81926804,168.289,-52.8889,16.51,0,,,,,3,11.9,ok
TIC 102625052,155.198,-45.918,16.51,0,,,,,1,3.4,ok
TIC 873066211,143.2246,-37.29,16.51,0,,,,,4,4.9,ok
TIC 828077910,137.6194,-30.2965,16.51,0,,,,,3,7.4,ok
TIC 414680971,223.2356,-59.8227,16.52,0,,,,,3,7.6,ok
TIC 38454876,138.1166,-26.7014,16.52,0,,,,,4,5.4,ok
TIC 415604081,147.6239,-23.7549,16.52,0,,,,,4,8.1,ok
TIC 210782079,212.8252,-58.204,16.52,0,,,,,2,4.3,ok
TIC 360170160,217.1325,-67.0743,16.52,0,,,,,2,3.5,ok
TIC 461106093,159.6235,-62.0286,16.52,0,,,,,1,4.3,ok
TIC 102921813,156.0095,-46.7506,16.52,0,,,,,1,6.6,ok
TIC 1030971374,200.763,-60.0905,16.52,0,,,,,5,11.9,ok
TIC 244869373,196.5286,-49.9007,16.52,0,,,,,6,12.2,ok
TIC 19904160,125.9594,-8.5091,16.53,0,,,,,1,3.9,ok
TIC 303818223,164.609,-57.1251,16.53,0,,,,,1,6.3,ok
TIC 332704669,150.1836,-15.7078,16.53,0,,,,,1,3.4,ok
TIC 393204653,144.397,-38.8703,16.53,0,,,,,5,10.8,ok
TIC 1036881425,218.9336,-60.3719,16.53,0,,,,,2,7.5,ok
TIC 106199285,158.5863,-41.603,16.53,0,,,,,1,7.2,ok
TIC 158228464,162.7858,-39.3748,16.53,0,,,,,1,12.0,ok
TIC 72798121,152.4511,-36.8179,16.53,0,,,,,1,4.2,ok
TIC 72957934,152.9476,-41.5229,16.53,0,,,,,1,13.8,ok
TIC 258611508,221.8591,-66.3297,16.53,0,,,,,1,3.9,ok
TIC 874663104,159.0296,-24.1431,16.54,0,,,,,2,5.6,ok
TIC 2886586,138.194,-39.7586,16.54,0,,,,,3,8.8,ok
TIC 458407389,160.1286,-59.4217,16.54,0,,,,,1,5.2,ok
TIC 341379790,202.9799,-70.746,16.54,0,,,,,1,5.7,ok
TIC 257776531,220.4477,-70.8614,16.55,0,,,,,2,7.8,ok
TIC 102298050,154.3744,-44.398,16.55,0,,,,,1,8.2,ok
TIC 1442449,142.649,-15.2592,16.55,0,,,,,4,16.4,ok
TIC 13389629,131.6445,-7.528,16.55,0,,,,,1,11.9,ok
TIC 13566624,132.8947,-7.4745,16.55,0,,,,,4,20.8,ok
TIC 267171462,175.6631,-55.6955,16.55,0,,,,,1,11.5,ok
TIC 375567151,178.7291,-54.4633,16.55,0,,,,,1,10.0,ok
TIC 867215915,150.7573,-48.8945,16.55,0,,,,,3,11.5,ok
TIC 391039829,161.083,-61.1896,16.55,0,,,,,1,5.4,ok
TIC 1678913,131.7377,-2.1082,16.55,0,,,,,3,9.3,ok
TIC 313267144,183.2268,-71.4312,16.56,0,,,,,1,13.4,ok
TIC 464544424,156.6153,-56.6128,16.56,0,,,,,1,10.6,ok
TIC 329539486,191.7694,-70.8672,16.56,0,,,,,1,6.8,ok
TIC 873378220,147.5322,-33.8673,16.56,0,,,,,4,16.8,ok
TIC 163956906,191.4541,-53.3692,16.56,0,,,,,1,17.1,ok
TIC 135615658,150.5398,-50.9957,16.56,0,,,,,1,11.1,ok
TIC 102118447,154.1019,-45.9039,16.56,0,,,,,1,15.9,ok
TIC 259024844,222.828,-66.1517,16.56,0,,,,,2,16.0,ok
TIC 1107278707,222.8101,-69.7241,16.56,0,,,,,6,18.9,ok
TIC 434451273,139.7898,-17.8555,16.57,0,,,,,3,25.3,ok
TIC 293183930,221.8274,-65.4196,16.57,0,,,,,2,16.5,ok
TIC 22762469,185.8558,-47.926,16.57,0,,,,,1,11.0,ok
TIC 151765052,167.4971,-37.6103,16.57,0,,,,,4,17.3,ok
TIC 263643668,216.7937,-56.8675,16.57,0,,,,,2,5.3,ok
TIC 869366146,146.4576,-45.3944,16.57,0,,,,,4,12.8,ok
TIC 166884747,193.0193,-52.5306,16.57,0,,,,,1,7.4,ok
TIC 316376374,171.7573,-62.5008,16.57,0,,,,,1,5.9,ok
TIC 307416662,179.8143,-64.4153,16.58,0,,,,,1,5.4,ok
TIC 160532925,189.5327,-48.7052,16.58,0,,,,,1,3.9,ok
TIC 432192535,154.2426,-21.6932,16.58,0,,,,,4,8.1,ok
TIC 51365601,128.9927,-7.5463,16.58,0,,,,,1,4.4,ok
TIC 446342386,217.0223,-66.0785,16.58,0,,,,,2,7.3,ok
TIC 313748778,183.7537,-70.5519,16.58,0,,,,,1,6.9,ok
TIC 23559930,169.3233,-35.0181,16.58,0,,,,,1,4.7,ok
TIC 463631602,154.3239,-55.3737,16.58,0,,,,,1,4.4,ok
TIC 54870838,130.6292,-7.6534,16.59,0,,,,,1,5.3,ok
TIC 165226911,178.8578,-41.5092,16.59,0,,,,,1,5.5,ok
TIC 391035661,161.226,-61.6276,16.59,0,,,,,1,4.9,ok
TIC 2224750,133.9624,-26.6315,16.59,0,,,,,2,8.7,ok
TIC 338135528,198.0657,-71.4228,16.59,0,,,,,1,6.1,ok
TIC 256700560,200.3519,-59.5733,16.59,0,,,,,1,8.0,ok
TIC 19971031,126.243,-8.3081,16.59,0,,,,,1,9.5,ok
TIC 394573878,201.151,-73.9798,16.59,0,,,,,1,10.0,ok
TIC 467623318,168.9872,-61.7522,16.59,0,,,,,1,2.7,ok
TIC 342891780,205.3744,-69.5311,16.59,0,,,,,1,3.4,ok
TIC 71671894,156.2422,-30.7831,16.59,0,,,,,3,7.1,ok
TIC 323342147,176.381,-63.5417,16.6,0,,,,,2,6.4,ok
TIC 874292004,156.1838,-30.3503,16.6,0,,,,,3,10.6,ok
TIC 451861997,172.7882,-59.1835,16.6,0,,,,,1,14.9,ok
TIC 45754445,230.1702,-57.1667,16.6,0,,,,,4,11.1,ok
TIC 382283326,183.3026,-62.0096,16.6,0,,,,,1,9.8,ok
TIC 976854634,185.8384,-61.7995,16.6,0,,,,,2,8.5,ok
TIC 932788017,168.6975,-54.5681,16.6,0,,,,,2,12.0,ok
TIC 152229076,170.3571,-39.2572,16.6,0,,,,,1,8.5,ok
TIC 37926787,136.4536,-24.7422,16.6,0,,,,,4,9.7,ok
TIC 288825586,200.839,-55.9314,16.6,0,,,,,2,8.9,ok
TIC 448537517,166.1989,-32.1608,16.61,0,,,,,1,2.3,ok
TIC 396650010,214.5867,-75.4508,16.61,0,,,,,1,13.3,ok
TIC 870310469,155.2061,-42.5566,16.61,0,,,,,3,9.1,ok
TIC 443658240,199.6066,-62.9708,16.61,0,,,,,2,10.8,ok
TIC 447981029,158.077,-49.5403,16.61,0,,,,,3,8.9,ok
TIC 348884325,148.5354,-13.8634,16.61,0,,,,,1,11.1,ok
TIC 152597840,172.5556,-37.7645,16.61,0,,,,,3,11.2,ok
TIC 25103548,143.121,-30.3459,16.61,0,,,,,2,15.7,ok
TIC 241787148,209.3153,-52.8493,16.61,0,,,,,2,12.7,ok
TIC 1140720537,230.527,-55.162,16.61,0,,,,,5,10.8,ok
TIC 207718734,207.0278,-58.7941,16.61,0,,,,,1,2.9,ok
TIC 446924099,156.5766,-50.326,16.61,0,,,,,1,9.8,ok
TIC 991220619,182.4402,-56.3395,16.62,0,,,,,3,7.1,ok
TIC 5393020,146.4624,-19.7339,16.62,0,,,,,4,14.8,ok
TIC 253410027,196.4981,-57.9168,16.62,0,,,,,4,14.1,ok
TIC 106145033,158.1664,-41.241,16.62,0,,,,,4,12.2,ok
TIC 147277174,162.4785,-44.9595,16.62,0,,,,,3,12.6,ok
TIC 348884926,148.518,-15.4522,16.62,0,,,,,1,8.3,ok
TIC 253508604,197.2188,-55.8505,16.62,0,,,,,1,13.5,ok
TIC 459547744,163.0175,-57.0755,16.62,0,,,,,1,10.2,ok
TIC 448028753,207.5446,-71.9382,16.63,0,,,,,5,11.5,ok
TIC 942082177,167.5488,-39.9764,16.63,0,,,,,4,15.1,ok
TIC 313264753,183.3434,-70.6421,16.63,0,,,,,1,9.8,ok
TIC 402197704,168.4827,-67.0076,16.63,0,,,,,1,12.0,ok
TIC 392413033,175.1374,-66.7096,16.63,0,,,,,1,8.5,ok
TIC 465469137,163.667,-64.2481,16.63,0,,,,,2,8.2,ok
TIC 317224575,203.9191,-63.657,16.63,0,,,,,2,6.1,ok
TIC 35051273,147.7967,-42.6916,16.63,0,,,,,7,9.5,ok
TIC 287788560,184.7189,-56.1757,16.63,0,,,,,1,5.3,ok
TIC 261297767,226.7297,-67.4671,16.63,0,,,,,2,12.9,ok
TIC 938204210,160.7086,-45.3871,16.63,0,,,,,4,12.9,ok
TIC 313747247,183.6701,-70.1565,16.64,0,,,,,1,12.0,ok
TIC 132733002,148.906,-48.8372,16.64,0,,,,,1,10.7,ok
TIC 310124761,185.2452,-60.195,16.64,0,,,,,1,10.2,ok
TIC 925876940,169.7601,-59.6279,16.64,0,,,,,1,8.9,ok
TIC 118688924,134.4572,-21.5412,16.64,0,,,,,4,15.9,ok
TIC 3443498,139.2288,-37.4366,16.65,0,,,,,1,5.6,ok
TIC 131861591,148.0809,-53.5684,16.65,0,,,,,1,4.2,ok
TIC 830353303,131.5084,-26.8421,16.65,0,,,,,2,14.4,ok
TIC 68511480,202.8228,-59.8659,16.65,0,,,,,1,6.6,ok
TIC 916756749,177.5023,-64.152,16.65,0,,,,,3,6.2,ok
TIC 867696092,149.1232,-46.9306,16.65,0,,,,,4,14.1,ok
TIC 447147244,156.7905,-53.1823,16.65,0,,,,,1,9.5,ok
TIC 163254554,172.9812,-42.8154,16.65,0,,,,,1,4.7,ok
TIC 54144306,160.4334,-31.4987,16.66,0,,,,,1,5.5,ok
TIC 310014246,152.1946,-49.0902,16.66,0,,,,,1,5.9,ok
TIC 193090606,156.7,-28.6655,16.66,0,,,,,5,16.2,ok
TIC 873512101,145.8397,-30.5155,16.66,0,,,,,3,9.8,ok
TIC 459668538,163.169,-59.898,16.66,0,,,,,1,5.7,ok
TIC 132553856,148.8347,-52.9881,16.66,0,,,,,4,12.5,ok
TIC 295484401,223.3463,-62.2876,16.66,0,,,,,1,3.1,ok
TIC 392993298,218.2846,-61.2611,16.66,0,,,,,3,7.4,ok
TIC 831556430,138.6251,-16.5499,16.66,0,,,,,3,6.8,ok
TIC 332066433,179.1442,-52.0756,16.66,0,,,,,1,5.4,ok
TIC 458234097,159.5032,-59.1815,16.67,0,,,,,1,2.7,ok
TIC 51191192,128.2815,-8.5093,16.67,0,,,,,1,2.8,ok
TIC 106260533,158.706,-36.5941,16.67,0,,,,,4,9.9,ok
TIC 316109648,171.671,-64.3456,16.67,0,,,,,1,2.2,ok
TIC 803275629,126.5431,-3.3353,16.67,0,,,,,3,6.8,ok
TIC 458400660,159.7523,-59.6004,16.67,0,,,,,1,2.8,ok
TIC 934716497,161.9903,-58.696,16.67,0,,,,,3,6.5,ok
TIC 106144623,158.1232,-40.8762,16.67,0,,,,,1,4.5,ok
TIC 329791861,192.2971,-67.3863,16.67,0,,,,,1,4.2,ok
TIC 463485098,154.0349,-55.1542,16.68,0,,,,,1,6.2,ok
TIC 146587982,159.276,-44.209,16.68,0,,,,,3,15.3,ok
TIC 263608626,234.6501,-68.4485,16.68,0,,,,,2,13.5,ok
TIC 286936272,150.6669,-37.7972,16.68,0,,,,,1,7.5,ok
TIC 401146753,186.1426,-57.0987,16.68,0,,,,,1,8.8,ok
TIC 876016244,143.5366,-17.6075,16.68,0,,,,,4,11.5,ok
TIC 401876261,168.2442,-66.394,16.68,0,,,,,1,8.1,ok
TIC 464671436,156.7078,-54.7923,16.68,0,,,,,1,8.6,ok
TIC 259120405,222.9831,-69.71,16.68,0,,,,,2,17.8,ok
TIC 432159356,137.6022,-22.0056,16.68,0,,,,,3,9.4,ok
TIC 826529198,139.088,-37.0706,16.68,0,,,,,2,7.5,ok
TIC 390544783,160.749,-60.9267,16.68,0,,,,,1,17.0,ok
TIC 147619615,163.855,-44.7163,16.69,0,,,,,2,9.8,ok
TIC 458905001,161.2156,-56.8601,16.69,0,,,,,1,6.7,ok
TIC 268795617,177.1607,-58.8933,16.69,0,,,,,1,9.5,ok
TIC 321353817,205.8834,-62.1208,16.69,0,,,,,2,8.2,ok
TIC 92857904,174.0017,-52.0837,16.69,0,,,,,1,9.8,ok
TIC 297549250,180.6797,-69.2451,16.69,0,,,,,3,12.0,ok
TIC 146527092,159.1565,-42.4752,16.7,0,,,,,1,8.8,ok
TIC 831105456,133.1733,-25.4063,16.7,0,,,,,4,16.2,ok
TIC 151682667,166.9247,-41.9863,16.7,0,,,,,4,17.5,ok
TIC 158378977,163.2984,-38.8135,16.7,0,,,,,1,10.9,ok
TIC 272440804,154.3415,-50.887,16.7,0,,,,,1,10.7,ok
TIC 318003792,204.2796,-60.5056,16.7,0,,,,,2,14.7,ok
TIC 439788909,196.172,-62.3565,16.7,0,,,,,2,12.9,ok
TIC 1121971996,223.1979,-66.3356,16.71,0,,,,,1,13.7,ok
TIC 24970055,142.5487,-29.9948,16.71,0,,,,,2,17.1,ok
TIC 170888817,139.5365,-5.6261,16.71,0,,,,,2,13.8,ok
TIC 152313290,170.9154,-40.8252,16.71,0,,,,,1,12.3,ok
TIC 253102901,194.52,-57.8177,16.71,0,,,,,1,8.2,ok
TIC 311084000,151.6738,-47.1442,16.71,0,,,,,1,15.3,ok
TIC 426269299,240.2489,-74.42,16.71,0,,,,,2,12.3,ok
TIC 71620115,156.1052,-35.5582,16.72,0,,,,,4,14.9,ok
TIC 332266728,179.4549,-52.78,16.72,0,,,,,1,15.4,ok
TIC 82198136,168.7379,-52.3288,16.72,0,,,,,4,15.0,ok
TIC 419693875,191.443,-54.5786,16.72,0,,,,,1,12.9,ok
TIC 260137157,224.586,-67.9848,16.72,0,,,,,2,14.3,ok
TIC 5096718,142.2445,-39.6286,16.72,0,,,,,1,14.6,ok
TIC 959076014,189.552,-68.7215,16.73,0,,,,,4,15.5,ok
TIC 139902359,151.8682,-48.1826,16.73,0,,,,,1,16.3,ok
TIC 61371456,175.634,-42.8753,16.73,0,,,,,1,15.0,ok
TIC 333890372,192.7852,-67.2298,16.73,0,,,,,1,7.5,ok
TIC 158454423,164.0181,-40.0027,16.73,0,,,,,1,8.6,ok
TIC 446896905,232.8355,-71.8289,16.73,0,,,,,2,9.9,ok
TIC 15369700,185.1732,-51.7995,16.73,0,,,,,1,10.4,ok
TIC 463961519,155.091,-56.0811,16.73,0,,,,,1,10.8,ok
TIC 262263388,228.5328,-68.8214,16.73,0,,,,,2,5.4,ok
TIC 272643097,161.3475,-53.3485,16.73,0,,,,,1,9.4,ok
TIC 18649456,137.6678,-32.6904,16.73,0,,,,,2,14.6,ok
TIC 133795307,150.001,-50.5228,16.74,0,,,,,1,7.1,ok
TIC 286794622,186.7452,-68.0547,16.74,0,,,,,1,16.9,ok
TIC 335836870,195.0775,-69.5413,16.74,0,,,,,1,11.8,ok
TIC 263489037,234.6691,-70.7503,16.74,0,,,,,2,14.0,ok
TIC 259437523,223.563,-68.2719,16.74,0,,,,,3,12.6,ok
TIC 2962605,138.2997,-39.1726,16.74,0,,,,,2,14.8,ok
TIC 458113990,159.1827,-59.2212,16.74,0,,,,,1,5.9,ok
TIC 463470132,153.8753,-54.8999,16.74,0,,,,,1,2.8,ok
TIC 446693027,156.1751,-48.4452,16.74,0,,,,,3,16.4,ok
TIC 940585037,178.4519,-43.5045,16.75,0,,,,,5,11.5,ok
TIC 874172867,152.6163,-32.8297,16.75,0,,,,,3,14.8,ok
TIC 920608620,174.108,-60.911,16.75,0,,,,,1,5.0,ok
TIC 391164464,161.3231,-61.2602,16.75,0,,,,,1,11.4,ok
TIC 158291350,162.8611,-38.9886,16.75,0,,,,,2,12.6,ok
TIC 465382791,163.4689,-60.6875,16.75,0,,,,,1,6.8,ok
TIC 321773786,175.3614,-65.5048,16.75,0,,,,,1,12.0,ok
TIC 4505773,141.042,-37.9095,16.75,0,,,,,1,4.6,ok
TIC 280381005,170.7814,-61.7824,16.76,0,,,,,1,4.2,ok
TIC 258004693,221.2152,-66.5674,16.76,0,,,,,1,3.3,ok
TIC 339103953,199.5622,-70.2474,16.76,0,,,,,1,14.1,ok
TIC 836166585,133.8943,-15.7879,16.76,0,,,,,3,4.5,ok
TIC 412490558,193.1351,-55.7112,16.76,0,,,,,1,13.9,ok
TIC 312806334,182.9756,-70.2024,16.76,0,,,,,1,3.5,ok
TIC 189272916,141.6568,-26.8723,16.77,0,,,,,4,6.2,ok
TIC 192545917,154.7105,-21.008,16.77,0,,,,,3,14.1,ok
TIC 394445104,200.317,-74.2616,16.77,0,,,,,1,3.6,ok
TIC 45770266,149.1001,-40.3915,16.77,0,,,,,5,8.4,ok
TIC 114882926,132.5276,-15.5021,16.77,0,,,,,5,15.0,ok
TIC 451207679,170.7716,-55.5597,16.77,0,,,,,1,5.5,ok
TIC 937659476,165.738,-49.353,16.77,0,,,,,5,16.2,ok
TIC 132736020,148.9729,-47.9981,16.78,0,,,,,1,5.7,ok
TIC 941595960,164.9283,-41.1998,16.78,0,,,,,3,8.4,ok
TIC 335601502,194.9753,-67.5408,16.78,0,,,,,1,8.0,ok
TIC 458264684,159.6686,-59.2149,16.78,0,,,,,1,7.9,ok
TIC 303733688,168.6872,-35.7003,16.78,0,,,,,1,3.6,ok
TIC 432926917,146.9573,-51.8812,16.78,0,,,,,1,5.0,ok
TIC 304414131,177.8517,-63.7455,16.79,0,,,,,1,7.0,ok
TIC 429510172,207.4367,-68.9774,16.79,0,,,,,3,11.1,ok
TIC 268136174,176.6702,-54.2255,16.79,0,,,,,2,13.0,ok
TIC 333296465,181.394,-52.9502,16.79,0,,,,,1,10.5,ok
TIC 940242606,169.6374,-42.894,16.79,0,,,,,4,10.6,ok
TIC 258615116,222.3283,-66.1077,16.79,0,,,,,1,10.5,ok
TIC 418095386,146.0661,-20.6111,16.79,0,,,,,3,10.5,ok
TIC 940672081,177.0426,-41.9104,16.79,0,,,,,5,16.8,ok
TIC 872259069,141.5035,-39.3632,16.8,0,,,,,5,13.0,ok
TIC 826583903,137.7296,-36.9625,16.8,0,,,,,2,8.7,ok
TIC 82769677,169.9386,-47.877,16.8,0,,,,,2,7.7,ok
TIC 942707117,165.7964,-31.909,16.8,0,,,,,3,10.3,ok
TIC 2224747,133.961,-26.6301,16.8,0,,,,,4,10.6,ok
TIC 1005407467,219.6424,-70.3024,16.8,0,,,,,4,9.2,ok
TIC 93941008,176.3356,-52.2394,16.8,0,,,,,1,9.3,ok
TIC 462694542,152.0103,-55.0246,16.8,0,,,,,1,9.5,ok
TIC 406189118,197.6424,-58.98,16.81,0,,,,,1,9.0,ok
TIC 358556285,151.1609,-43.588,16.81,0,,,,,1,6.9,ok
TIC 969693596,188.028,-64.3137,16.81,0,,,,,2,7.8,ok
TIC 392334780,174.9178,-69.4882,16.81,0,,,,,1,8.9,ok
TIC 21818299,146.7146,-29.3889,16.82,0,,,,,3,6.8,ok
TIC 289151666,202.0323,-59.4199,16.82,0,,,,,2,7.2,ok
TIC 1024220941,207.1972,-64.0006,16.82,0,,,,,4,18.2,ok
TIC 297458323,180.3154,-70.0449,16.82,0,,,,,1,15.5,ok
TIC 262453834,228.9282,-69.2742,16.82,0,,,,,2,11.0,ok
TIC 1105465453,233.1936,-72.7186,16.82,0,,,,,3,11.1,ok
TIC 158330083,163.2485,-36.1066,16.82,0,,,,,1,14.3,ok
TIC 131622544,147.7707,-53.3903,16.82,0,,,,,1,12.4,ok
TIC 873528303,157.5193,-40.7002,16.82,0,,,,,2,7.4,ok
TIC 162481147,169.6901,-42.0974,16.82,0,,,,,4,13.5,ok
TIC 434475533,191.3085,-61.4108,16.82,0,,,,,1,5.6,ok
TIC 448006966,185.3501,-68.2306,16.82,0,,,,,2,15.6,ok
TIC 450113919,168.4621,-55.1022,16.82,0,,,,,3,18.2,ok
TIC 46847635,142.319,-8.6759,16.82,0,,,,,4,15.9,ok
TIC 51367593,129.0069,-10.1037,16.82,0,,,,,4,13.0,ok
TIC 33406297,145.2204,-42.5399,16.82,0,,,,,7,20.7,ok
TIC 396367096,212.6688,-75.1759,16.83,0,,,,,7,22.3,ok
TIC 463904978,154.8697,-59.1241,16.83,0,,,,,1,7.3,ok
TIC 34967182,147.4779,-46.9705,16.83,0,,,,,4,8.0,ok
TIC 132656665,148.9791,-49.7414,16.83,0,,,,,1,4.3,ok
TIC 413084251,204.9264,-58.9261,16.83,0,,,,,2,5.4,ok
TIC 51585034,129.9282,-7.8083,16.83,0,,,,,4,13.1,ok
TIC 464191231,155.7802,-55.5471,16.83,0,,,,,1,5.6,ok
TIC 1132641511,221.8546,-60.7659,16.83,0,,,,,4,7.1,ok
TIC 464192677,155.7391,-55.7858,16.83,0,,,,,1,3.7,ok
TIC 338791659,189.8909,-62.3741,16.83,0,,,,,1,3.8,ok
TIC 466907597,167.1188,-61.5764,16.83,0,,,,,1,9.2,ok
TIC 258329308,221.5196,-66.2872,16.84,0,,,,,1,6.9,ok
TIC 361043709,191.7176,-72.2139,16.84,0,,,,,1,6.7,ok
TIC 257026652,200.6031,-58.4093,16.84,0,,,,,1,8.2,ok
TIC 434481681,156.3019,-22.9509,16.84,0,,,,,1,5.8,ok
TIC 312709710,182.7009,-70.1406,16.84,0,,,,,1,8.8,ok
TIC 267852693,176.391,-58.7322,16.84,0,,,,,1,4.9,ok
TIC 398388486,179.7154,-58.8182,16.84,0,,,,,1,10.7,ok
TIC 73257724,154.0914,-36.2778,16.84,0,,,,,2,7.7,ok
TIC 207573867,206.6136,-58.575,16.84,0,,,,,2,7.8,ok
TIC 106083819,157.9044,-37.2515,16.84,0,,,,,4,15.1,ok
TIC 209615089,210.608,-59.1567,16.85,0,,,,,2,6.8,ok
TIC 411259971,179.1096,-70.342,16.85,0,,,,,1,6.2,ok
TIC 146377954,158.6652,-46.3758,16.85,0,,,,,1,5.2,ok
TIC 836083517,135.3037,-18.0208,16.85,0,,,,,4,9.6,ok
TIC 466571967,166.1948,-64.3885,16.85,0,,,,,1,6.2,ok
TIC 273215001,178.999,-50.4848,16.85,0,,,,,1,8.0,ok
TIC 158411520,163.8409,-36.4446,16.85,0,,,,,1,7.6,ok
TIC 872529354,146.2717,-39.4873,16.85,0,,,,,3,9.8,ok
TIC 281557890,170.5138,-61.8216,16.85,0,,,,,1,14.5,ok
TIC 462979814,152.5632,-54.0312,16.85,0,,,,,2,12.8,ok
TIC 294825057,169.9203,-67.7478,16.86,0,,,,,1,12.2,ok
TIC 1122146657,221.4656,-66.3456,16.86,0,,,,,?,5.2,erreur
TIC 158224259,162.6747,-40.1522,16.86,0,,,,,1,7.5,ok
TIC 1143228115,228.7701,-52.6037,16.86,0,,,,,3,6.9,ok
TIC 876285037,140.9596,-12.3066,16.86,0,,,,,3,12.4,ok
TIC 928833312,178.5604,-59.4495,16.86,0,,,,,2,19.3,ok
TIC 937113614,165.3193,-51.4876,16.86,0,,,,,2,13.2,ok
TIC 830935258,138.6903,-25.3081,16.86,0,,,,,3,12.8,ok
TIC 101762346,152.8551,-43.7321,16.86,0,,,,,3,9.5,ok
TIC 325424390,209.6408,-60.7802,16.86,0,,,,,2,9.5,ok
TIC 803455799,124.5482,-2.7076,16.86,0,,,,,4,13.1,ok
TIC 71302293,154.5555,-34.6479,16.87,0,,,,,3,10.6,ok
TIC 875701515,150.2479,-22.0262,16.87,0,,,,,1,9.5,ok
TIC 837076117,138.7966,-4.9586,16.87,0,,,,,3,9.3,ok
TIC 837075710,138.3863,-5.1105,16.87,0,,,,,3,10.1,ok
TIC 82198233,168.8576,-52.2926,16.87,0,,,,,3,12.9,ok
TIC 803632028,132.6107,0.044,16.88,0,,,,,1,12.2,ok
TIC 296729204,142.1183,-12.9597,16.88,0,,,,,4,11.0,ok
TIC 350224550,151.2075,-37.3363,16.88,0,,,,,1,12.3,ok
TIC 158549099,164.4051,-41.9766,16.88,0,,,,,1,9.2,ok
TIC 939912481,168.9492,-47.2629,16.88,0,,,,,4,14.9,ok
TIC 258705843,222.4017,-66.7689,16.88,0,,,,,1,9.0,ok
TIC 875856206,149.8361,-17.1023,16.89,0,,,,,2,12.0,ok
TIC 875160454,140.0486,-30.0975,16.89,0,,,,,3,10.5,ok
TIC 465691015,163.9989,-62.8818,16.89,0,,,,,2,8.9,ok
TIC 364892480,177.1565,-66.4591,16.89,0,,,,,1,7.1,ok
TIC 67211723,181.6791,-54.1748,16.89,0,,,,,1,10.8,ok
TIC 327931726,190.0543,-67.2859,16.89,0,,,,,1,7.6,ok
TIC 89825679,204.1098,-59.5538,16.89,0,,,,,1,8.7,ok
TIC 827672565,136.9782,-32.8758,16.89,0,,,,,2,12.0,ok
TIC 327156428,210.3806,-62.2742,16.89,0,,,,,2,10.5,ok
TIC 852070302,157.548,-59.8014,16.89,0,,,,,6,12.7,ok
TIC 178340150,164.0973,-42.921,16.89,0,,,,,1,7.7,ok
TIC 308944376,167.9147,-59.0298,16.89,0,,,,,1,9.7,ok
TIC 460530920,158.0016,-61.9909,16.9,1,2.1214,12.7,rejete,variabilite_continue;eclipse_secondaire,1,8.1,ok
TIC 464934514,162.2083,-64.5207,16.9,0,,,,,2,7.3,ok
TIC 151634042,166.7233,-39.334,16.9,0,,,,,3,10.7,ok
TIC 318922919,204.6027,-61.1684,16.9,0,,,,,2,9.6,ok
TIC 48014849,147.1664,-34.8604,16.9,0,,,,,3,14.6,ok
TIC 364660305,176.0956,-66.7961,16.9,0,,,,,1,2.7,ok
TIC 994827529,183.6077,-51.6975,16.9,0,,,,,4,11.5,ok
TIC 21894942,147.1898,-24.947,16.9,0,,,,,4,10.4,ok
TIC 350228788,151.2609,-41.1228,16.91,0,,,,,1,4.9,ok
TIC 872998703,147.7747,-34.3331,16.91,0,,,,,4,6.9,ok
TIC 458697053,160.7374,-58.2845,16.91,0,,,,,1,8.4,ok
TIC 942650109,164.7459,-31.6094,16.91,0,,,,,3,7.9,ok
TIC 189112745,140.8467,-29.477,16.91,0,,,,,3,7.9,ok
TIC 942399024,165.326,-33.8913,16.91,0,,,,,4,10.8,ok
TIC 400962442,185.2332,-56.6208,16.91,0,,,,,1,15.0,ok
TIC 871192237,150.8839,-37.1353,16.91,0,,,,,1,3.6,ok
TIC 271708665,187.1394,-58.0193,16.92,0,,,,,5,9.1,ok
TIC 54044014,159.9537,-33.2168,16.92,0,,,,,2,8.5,ok
TIC 135614358,150.5233,-51.1412,16.92,0,,,,,1,11.4,ok
TIC 293606064,149.6812,-17.121,16.92,0,,,,,1,8.0,ok
TIC 804394430,138.1675,0.5647,16.92,0,,,,,3,5.1,ok
TIC 321662206,175.3443,-64.1707,16.92,0,,,,,3,8.0,ok
TIC 961144148,193.2605,-67.6116,16.92,0,,,,,5,10.0,ok
TIC 831526370,138.6812,-17.8241,16.92,0,,,,,3,8.7,ok
TIC 405139910,185.5217,-67.0317,16.92,0,,,,,1,4.3,ok
TIC 1010136993,219.8567,-66.2482,16.92,0,,,,,2,6.1,ok
TIC 312202703,182.0511,-70.4722,16.92,0,,,,,1,5.0,ok
TIC 286936727,150.5419,-37.4597,16.92,0,,,,,1,8.5,ok
TIC 833807777,130.4929,-23.1486,16.93,0,,,,,2,8.3,ok
TIC 972974776,192.8221,-62.8348,16.93,0,,,,,5,12.1,ok
TIC 33301713,149.7551,-11.59,16.93,0,,,,,4,8.4,ok
TIC 468060097,169.834,-59.9646,16.93,0,,,,,1,10.5,ok
TIC 450850656,169.6424,-59.0794,16.93,0,,,,,1,5.4,ok
TIC 934735946,161.7664,-58.7496,16.94,0,,,,,5,13.6,ok
TIC 21105161,186.7306,-53.2209,16.94,0,,,,,2,6.0,ok
TIC 938779482,174.5453,-51.6636,16.94,0,,,,,3,8.5,ok
TIC 329368970,211.4861,-61.2754,16.94,0,,,,,3,7.7,ok
TIC 375895514,178.8024,-54.1061,16.94,0,,,,,1,5.0,ok
TIC 876289222,142.3267,-11.0643,16.94,0,,,,,4,8.9,ok
TIC 942396091,165.4436,-34.1899,16.94,0,,,,,3,6.8,ok
TIC 315791631,203.1787,-61.4476,16.95,0,,,,,2,10.0,ok
TIC 432933040,146.8579,-52.0184,16.95,0,,,,,1,6.1,ok
TIC 21163669,186.8983,-49.3966,16.95,0,,,,,1,7.3,ok
TIC 459782502,163.5226,-57.0269,16.95,0,,,,,1,12.0,ok
TIC 875558403,142.2792,-24.0849,16.95,0,,,,,3,10.4,ok
TIC 463282983,153.3942,-55.2119,16.95,0,,,,,1,3.8,ok
TIC 158223043,162.656,-38.786,16.95,0,,,,,1,5.9,ok
TIC 466701874,166.6767,-60.7496,16.95,0,,,,,1,5.7,ok
TIC 1011975395,205.0992,-68.6223,16.96,0,,,,,4,8.5,ok
TIC 334762203,213.9498,-61.1999,16.96,0,,,,,2,7.9,ok
TIC 803626437,133.4626,-0.1454,16.96,0,,,,,3,9.1,ok
TIC 930783807,174.904,-56.1776,16.96,0,,,,,3,10.5,ok
TIC 256243595,199.9004,-59.8472,16.96,0,,,,,1,8.3,ok
TIC 317398208,172.5604,-60.8077,16.96,0,,,,,1,10.0,ok
TIC 463304912,153.4439,-54.948,16.97,0,,,,,1,3.0,ok
TIC 446969701,233.4356,-67.7752,16.97,0,,,,,2,7.3,ok
TIC 836130726,134.8188,-17.0143,16.97,0,,,,,3,8.2,ok
TIC 72480239,151.5675,-36.201,16.97,0,,,,,1,3.5,ok
TIC 401830434,218.0432,-72.2504,16.97,0,,,,,2,8.6,ok
TIC 337805839,197.6792,-69.6712,16.98,0,,,,,1,4.4,ok
TIC 160201940,189.3414,-52.575,16.98,0,,,,,1,8.0,ok
TIC 37462239,226.144,-55.0015,16.98,0,,,,,3,13.5,ok
