nom,RA,Dec,Tmag,n_candidats,periodes,snr_max,verdict_auto,raisons_auto,n_secteurs,secondes,status
TIC 149988523,90.5391,-60.0968,4.0,0,,,,,44,10.1,ok
TIC 60954380,140.1208,-9.5559,4.02,0,,,,,4,4.2,ok
TIC 344023606,107.6976,-48.9307,4.03,0,,,,,11,9.2,ok
TIC 141301715,129.4109,-42.989,4.04,0,,,,,7,6.8,ok
TIC 439431474,143.6109,-59.2297,4.06,0,,,,,6,6.3,ok
TIC 36881111,156.4335,-7.0589,4.07,0,,,,,4,4.2,ok
TIC 140692280,73.7974,-74.9364,4.07,0,,,,,42,9.2,ok
TIC 196551580,129.9268,-29.5617,4.08,0,,,,,7,6.6,ok
TIC 386613392,159.6449,-16.8764,4.09,0,,,,,4,4.2,ok
TIC 309401053,124.5787,-65.613,4.1,0,,,,,22,9.0,ok
TIC 74785626,138.107,-43.7773,4.1,0,,,,,6,6.1,ok
TIC 144059866,119.4653,-45.5775,4.1,0,,,,,8,7.4,ok
TIC 278987417,101.8279,-55.5398,4.14,0,,,,,37,8.4,ok
TIC 149542947,86.1927,-65.7355,4.14,0,,,,,33,9.2,ok
TIC 34870661,147.5105,-42.0204,4.14,0,,,,,8,8.9,ok
TIC 176734833,142.3025,-20.7491,4.15,0,,,,,4,4.3,ok
TIC 237956133,101.7192,-51.2663,4.15,0,,,,,15,8.9,ok
TIC 190450203,133.2,-38.724,4.15,0,,,,,5,5.2,ok
TIC 167088607,95.66,-69.9838,4.15,0,,,,,40,8.8,ok
TIC 357639411,137.8191,-62.3169,4.17,0,,,,,10,9.0,ok
TIC 52007511,143.3018,-21.1156,4.18,0,,,,,4,4.2,ok
TIC 318184988,162.1688,-1.9588,4.18,0,,,,,7,6.7,ok
TIC 183611830,125.8205,-38.2861,4.19,0,,,,,7,6.8,ok
TIC 77549389,142.288,-2.7692,4.19,0,,,,,5,4.9,ok
TIC 308818588,151.7897,-17.1421,4.21,0,,,,,6,5.9,ok
TIC 381949122,76.3773,-57.4719,4.22,0,,,,,45,8.6,ok
TIC 11421324,146.05,-27.7692,4.23,0,,,,,6,6.2,ok
TIC 141280255,82.9743,-76.339,4.23,0,,,,,42,8.7,ok
TIC 182938696,124.6378,-36.6586,4.24,0,,,,,7,6.6,ok
TIC 341193607,119.2122,-59.1257,4.24,0,,,,,17,8.4,ok
TIC 260605873,97.3682,-56.8525,4.24,0,,,,,44,9.0,ok
TIC 291472646,111.591,-51.0184,4.24,0,,,,,11,9.4,ok
TIC 45602275,148.8588,-41.5869,4.25,0,,,,,7,7.0,ok
TIC 340001869,112.629,-54.3992,4.26,0,,,,,12,9.1,ok
TIC 280200611,144.205,-49.3547,4.26,1,1.3934,33.9,rejete,variabilite_continue,7,12.3,ok
TIC 143199501,117.3095,-46.3732,4.27,0,,,,,6,6.1,ok
TIC 296942775,159.0692,-16.3443,4.27,0,,,,,5,5.2,ok
TIC 308844962,122.2504,-61.3044,4.29,0,,,,,19,9.3,ok
TIC 193190992,157.3702,-29.6638,4.3,0,,,,,7,7.0,ok
TIC 57035113,127.6191,-32.1593,4.3,0,,,,,7,6.9,ok
TIC 3448013,139.2375,-39.4018,4.31,0,,,,,6,5.9,ok
TIC 238450713,121.2655,-53.1079,4.36,0,,,,,11,9.5,ok
TIC 189387794,142.4769,-26.5896,4.36,0,,,,,5,5.1,ok
TIC 184602707,127.6241,-36.7213,4.36,0,,,,,7,6.9,ok
TIC 358466601,119.0776,-60.5264,4.36,0,,,,,22,8.4,ok
TIC 123699670,115.7371,-45.177,4.36,0,,,,,8,7.7,ok
TIC 255686390,98.744,-52.9755,4.38,0,,,,,23,9.1,ok
TIC 38680734,65.4735,-63.3852,4.38,0,,,,,45,8.5,ok
TIC 283929077,151.884,-22.4896,4.39,0,,,,,5,5.1,ok
TIC 33417208,150.9207,-9.5739,4.4,0,,,,,4,4.2,ok
TIC 269064487,118.3256,-48.1029,4.41,0,,,,,9,8.4,ok
TIC 11310083,145.557,-23.9137,4.41,0,,,,,4,4.1,ok
TIC 385840548,138.5745,-55.5694,4.43,0,,,,,8,7.7,ok
TIC 186390425,132.4646,-32.7809,4.43,0,,,,,5,5.1,ok
TIC 141810080,92.5635,-74.7545,4.43,0,,,,,45,8.8,ok
TIC 180731888,129.4153,-40.4354,4.44,0,,,,,6,5.8,ok
TIC 62687230,142.9954,-1.1847,4.44,0,,,,,4,4.3,ok
TIC 30762159,75.6791,-71.3142,4.46,0,,,,,42,9.2,ok
TIC 133146580,120.6845,-41.303,4.47,0,,,,,6,5.7,ok
TIC 237948257,101.4738,-52.4096,4.47,0,,,,,20,9.0,ok
TIC 500178562,142.6733,-40.4664,4.47,0,,,,,5,6.1,ok
TIC 175299655,151.9844,-0.3717,4.47,0,,,,,6,5.7,ok
TIC 5851342,143.9122,-39.9035,4.5,0,,,,,6,6.0,ok
TIC 38574220,63.7022,-62.1911,4.5,0,,,,,42,8.8,ok
TIC 38699658,66.272,-61.238,4.5,0,,,,,44,9.2,ok
TIC 341188017,118.7213,-57.3026,4.5,0,,,,,14,9.0,ok
TIC 150320620,95.7558,-63.683,4.5,1,2.2113,17.0,rejete,variabilite_continue;eclipse_secondaire;compagnon_trop_gros_8.6Rjup,40,14.2,ok
TIC 354825493,122.3721,-47.3452,4.52,0,,,,,8,7.6,ok
TIC 167126852,96.369,-69.6889,4.53,0,,,,,42,9.6,ok
TIC 45297854,130.1542,-59.761,4.53,0,,,,,11,9.9,ok
TIC 146976616,124.5726,-35.4517,4.53,0,,,,,7,6.4,ok
TIC 432166381,153.5371,-23.8139,4.54,0,,,,,6,5.9,ok
TIC 405451015,143.2323,-13.5168,4.55,0,,,,,5,5.1,ok
TIC 306829961,121.9819,-68.6169,4.55,0,,,,,38,8.9,ok
TIC 423317953,140.8105,-21.0376,4.58,0,,,,,5,6.0,ok
TIC 185102925,128.6218,-37.6111,4.58,0,,,,,6,5.8,ok
TIC 310764588,129.3283,-62.8536,4.59,0,,,,,11,9.9,ok
TIC 56557252,147.922,-11.3408,4.59,0,,,,,6,5.8,ok
TIC 264768896,117.2779,-56.4103,4.6,0,,,,,12,9.0,ok
TIC 285695004,130.3046,-47.3171,4.6,0,,,,,7,7.8,ok
TIC 5546608,143.0804,-40.6494,4.61,0,,,,,7,6.8,ok
TIC 35126172,147.8317,-46.1937,4.63,0,,,,,5,5.3,ok
TIC 81285690,122.8578,-42.9872,4.63,0,,,,,8,7.1,ok
TIC 14341652,163.4316,-2.1291,4.63,0,,,,,6,6.8,ok
TIC 1712865,155.886,-3.6428,4.64,0,,,,,3,3.5,ok
TIC 45604747,149.022,-40.8247,4.64,0,,,,,8,7.9,ok
TIC 47379607,162.7722,-3.0927,4.65,0,,,,,7,6.9,ok
TIC 280393898,144.3025,-53.6685,4.66,0,,,,,8,8.3,ok
TIC 242080083,139.8883,-15.835,4.67,0,,,,,4,4.2,ok
TIC 182776916,124.4423,-36.0676,4.67,0,,,,,7,6.3,ok
TIC 32996636,144.5063,-43.1912,4.69,0,,,,,8,7.8,ok
TIC 286680821,152.8297,-18.9577,4.71,0,,,,,6,5.8,ok
TIC 46802551,141.9434,-6.0718,4.71,0,,,,,4,4.4,ok
TIC 344952754,151.8888,0.9183,4.72,0,,,,,6,5.9,ok
TIC 46028220,131.6772,-56.7697,4.72,0,,,,,9,8.9,ok
TIC 260507093,96.767,-58.0022,4.74,0,,,,,43,9.6,ok
TIC 319433485,100.2177,-52.4333,4.75,0,,,,,21,10.1,ok
TIC 189641373,144.2504,-25.2965,4.75,0,,,,,5,4.9,ok
TIC 408382023,145.3206,-23.5915,4.76,0,,,,,5,5.2,ok
TIC 260372062,95.4196,-56.3624,4.76,0,,,,,41,9.4,ok
TIC 356771041,135.1905,-60.9638,4.76,0,,,,,9,9.1,ok
TIC 25096757,142.889,-35.716,4.76,0,,,,,6,5.8,ok
TIC 74533697,137.7683,-44.8679,4.76,0,,,,,7,7.1,ok
TIC 142108949,99.4236,-77.5384,4.76,0,,,,,42,9.1,ok
TIC 30110465,73.3771,-66.6753,4.77,0,,,,,42,9.0,ok
TIC 101424907,149.1482,-33.4183,4.79,0,,,,,6,6.2,ok
TIC 132639481,119.8674,-39.2971,4.79,0,,,,,8,7.7,ok
TIC 385461878,138.2319,-59.4138,4.79,0,,,,,8,8.4,ok
TIC 383518546,134.8484,-59.0817,4.79,0,,,,,10,9.8,ok
TIC 92740216,128.921,-52.3222,4.8,0,,,,,9,8.2,ok
TIC 146544489,123.995,-35.9031,4.8,0,,,,,7,6.8,ok
TIC 19493810,139.5606,-33.0274,4.8,0,,,,,6,6.6,ok
TIC 3995093,140.1235,-37.5818,4.8,0,,,,,6,5.8,ok
TIC 391847245,160.6306,-13.9744,4.82,0,,,,,5,5.3,ok
TIC 34978189,147.6743,-46.9337,4.83,0,,,,,7,7.4,ok
TIC 296841367,142.593,-15.5778,4.83,0,,,,,5,5.0,ok
TIC 176768911,142.4578,-23.3454,4.84,0,,,,,4,4.2,ok
TIC 238137143,105.9727,-49.5829,4.84,0,,,,,11,9.2,ok
TIC 45102774,147.3662,-37.1867,4.85,0,,,,,7,7.3,ok
TIC 78585673,143.305,-45.5151,4.85,0,,,,,8,8.2,ok
TIC 355275755,108.6589,-48.2719,4.85,0,,,,,10,9.7,ok
TIC 26122483,151.9397,-7.6309,4.86,0,,,,,1,1.8,ok
TIC 349647610,112.2143,-64.5099,4.86,0,,,,,44,9.6,ok
TIC 229846907,137.9943,-19.7473,4.87,0,,,,,5,5.1,ok
TIC 430503597,130.7806,-45.8085,4.87,0,,,,,7,7.2,ok
TIC 28952350,132.4484,-45.3078,4.88,0,,,,,5,5.2,ok
TIC 305537854,139.282,-14.5741,4.88,0,,,,,4,5.0,ok
TIC 36833768,155.674,-9.3951,4.88,0,,,,,4,4.7,ok
TIC 73074625,153.4406,-40.346,4.88,0,,,,,6,6.3,ok
TIC 140694167,128.3761,-46.9706,4.88,0,,,,,8,7.9,ok
TIC 441226198,145.2602,-57.2598,4.88,0,,,,,9,9.5,ok
TIC 260972404,75.0545,-78.3,4.89,0,,,,,36,9.9,ok
TIC 81295437,123.0252,-43.4004,4.89,0,,,,,8,8.6,ok
TIC 382630542,118.6227,-61.8717,4.89,0,,,,,27,9.6,ok
TIC 38759751,66.9416,-62.5212,4.89,0,,,,,43,9.5,ok
TIC 400445441,134.0801,-52.7234,4.89,0,,,,,7,7.1,ok
TIC 350136745,52.495,-78.352,4.9,0,,,,,16,10.0,ok
TIC 293972244,106.7,-58.3809,4.9,0,,,,,42,9.8,ok
TIC 56608356,157.7446,-7.6376,4.9,0,,,,,4,4.4,ok
TIC 370327409,64.4981,-80.2136,4.9,0,,,,,18,9.8,ok
TIC 268971806,118.2651,-49.6129,4.91,0,,,,,9,8.9,ok
TIC 38828538,68.3897,-62.8238,4.91,0,,,,,42,9.7,ok
TIC 143995990,119.2412,-42.4064,4.91,0,,,,,8,8.1,ok
TIC 72906811,152.6574,-41.7162,4.93,0,,,,,7,7.1,ok
TIC 55109651,162.4313,-9.8529,4.93,0,,,,,5,5.4,ok
TIC 302134539,132.6467,-66.7923,4.94,0,,,,,13,9.6,ok
TIC 268754714,117.5985,-50.5098,4.94,0,,,,,9,8.6,ok
TIC 176960513,101.2315,-70.4337,4.95,0,,,,,41,9.6,ok
TIC 301867133,130.9764,-68.2114,4.95,0,,,,,16,9.7,ok
TIC 308884000,152.5237,-12.8167,4.95,0,,,,,5,5.3,ok
TIC 45883663,149.717,-35.8911,4.95,0,,,,,7,6.8,ok
TIC 76666951,140.5999,-46.0473,4.96,0,,,,,8,8.0,ok
TIC 30906332,134.7173,-47.2343,4.96,0,,,,,7,7.5,ok
TIC 36705991,154.4064,-8.0689,4.96,0,,,,,3,3.5,ok
TIC 308395911,120.0832,-63.5673,4.98,0,,,,,28,9.6,ok
TIC 295071039,72.6837,-69.8313,4.98,0,,,,,43,9.5,ok
TIC 1627306,132.5092,-29.4629,4.99,0,,,,,5,5.8,ok
TIC 400851344,134.4813,-48.5728,5.0,0,,,,,8,8.2,ok
TIC 445392679,112.4986,-52.6508,5.0,0,,,,,12,9.7,ok
TIC 56718067,127.4503,-30.556,5.0,0,,,,,7,7.3,ok
TIC 285823086,130.4871,-45.4107,5.0,0,,,,,7,6.9,ok
TIC 267685608,114.5758,-48.6014,5.0,0,,,,,8,7.9,ok
TIC 46821941,142.0553,-7.7208,5.0,0,,,,,5,5.0,ok
TIC 286153753,123.8467,-50.4493,5.01,0,,,,,8,8.6,ok
TIC 293810201,144.3681,-36.096,5.01,0,,,,,7,6.8,ok
TIC 34876569,147.5306,-44.652,5.01,0,,,,,7,7.7,ok
TIC 7978123,156.6535,-0.988,5.02,0,,,,,6,5.9,ok
TIC 29874303,133.4608,-47.521,5.02,0,,11.6,rejete,variabilite_continue;eclipse_secondaire,7,11.4,ok
TIC 446215954,147.5819,-50.4354,5.02,0,,,,,7,7.4,ok
TIC 93911780,130.6055,-53.1138,5.03,0,,,,,6,6.2,ok
TIC 453101438,116.0032,-67.2018,5.03,0,,,,,43,9.6,ok
TIC 355280935,108.8379,-52.4984,5.03,0,,,,,10,9.6,ok
TIC 359560031,140.8637,-60.3023,5.04,0,,,,,7,7.2,ok
TIC 372914091,119.4528,-60.3022,5.05,0,,,,,20,9.6,ok
TIC 344085174,108.1248,-50.3209,5.06,0,,,,,10,9.6,ok
TIC 386413568,139.4259,-54.4947,5.07,0,,,,,7,8.0,ok
TIC 45874765,149.5763,-40.7623,5.07,0,,,,,6,6.4,ok
TIC 46903697,142.9814,-10.3702,5.08,0,,,,,5,5.2,ok
TIC 182266101,123.3412,-41.4141,5.09,0,,,,,8,7.9,ok
TIC 372908550,119.4234,-65.9087,5.09,0,,,,,37,9.8,ok
TIC 359737516,141.0229,-61.6492,5.09,0,,,,,9,9.0,ok
TIC 296561077,141.6834,-53.5152,5.1,0,,,,,8,8.4,ok
TIC 364423809,69.5903,-77.6561,5.1,0,,,,,38,9.8,ok
TIC 441226729,145.1769,-57.9836,5.1,0,,,,,7,7.3,ok
TIC 31715822,136.7834,-43.2006,5.1,0,,,,,6,6.1,ok
TIC 383287220,134.2433,-59.2293,5.11,0,,,,,11,9.9,ok
TIC 339672887,110.4402,-56.2529,5.11,0,,,,,22,9.9,ok
TIC 431380163,48.9939,-77.388,5.11,0,,,,,15,9.9,ok
TIC 220414802,71.0886,-59.7325,5.11,0,,39.6,rejete,variabilite_continue;eclipse_secondaire,41,14.7,ok
TIC 261136679,84.3043,-80.4618,5.11,1,3.1337,16.7,rejete,variabilite_continue;eclipse_secondaire,24,15.2,ok
TIC 28793051,131.8285,-46.1554,5.11,0,,,,,5,5.1,ok
TIC 350094361,115.1369,-64.3233,5.11,0,,,,,44,9.7,ok
TIC 350765991,89.2001,-59.4222,5.12,0,,,,,43,9.5,ok
TIC 284349046,106.8052,-51.968,5.12,0,,,,,9,9.2,ok
TIC 308883330,152.3455,-13.3623,5.12,0,,,,,5,5.2,ok
TIC 37570528,135.2761,-27.5158,5.12,0,,,,,4,4.7,ok
TIC 33661827,145.616,-46.8651,5.13,0,,,,,8,7.9,ok
TIC 41331819,92.1834,-68.8433,5.13,0,,,,,33,10.4,ok
TIC 310198518,127.6279,-63.082,5.13,0,,,,,13,9.5,ok
TIC 309854901,126.4647,-64.6005,5.14,0,,,,,14,9.6,ok
TIC 356077841,138.3802,-49.0948,5.14,0,,,,,8,8.0,ok
TIC 183571143,125.7681,-38.8086,5.14,0,,,,,7,7.5,ok
TIC 26306754,154.0373,-11.2034,5.14,0,,,,,5,5.4,ok
TIC 146036695,123.3729,-35.8994,5.15,0,,,,,7,7.5,ok
TIC 168346285,154.5315,-28.9919,5.15,0,,,,,7,8.0,ok
TIC 1446147,146.8084,-17.2059,5.15,0,,,,,6,6.0,ok
TIC 1008931,165.9091,-3.2043,5.15,0,,,,,7,7.6,ok
TIC 180833380,129.8092,-37.47,5.15,0,,,,,6,6.2,ok
TIC 357126143,136.5321,-64.4997,5.16,0,,,,,11,10.0,ok
TIC 73440430,154.6574,-36.8045,5.17,0,,,,,7,7.1,ok
TIC 186652098,133.1088,-32.5094,5.17,0,,,,,5,5.1,ok
TIC 81352154,122.9998,-46.6443,5.17,0,,,,,7,7.7,ok
TIC 74964879,138.3276,-42.2729,5.18,0,,,,,6,6.8,ok
TIC 382577618,118.4766,-60.5836,5.18,0,,,,,21,9.5,ok
TIC 34879783,147.4878,-45.7327,5.18,0,,,,,6,6.6,ok
TIC 354997544,129.6162,-62.8432,5.18,0,,,,,11,9.4,ok
TIC 308086497,129.7719,-70.387,5.19,0,,,,,18,10.6,ok
TIC 238158736,106.3179,-50.3598,5.19,0,,,,,11,9.9,ok
TIC 28656140,131.6272,-45.9125,5.2,0,,,,,6,6.0,ok
TIC 279573219,106.0765,-56.7497,5.2,0,,,,,35,9.6,ok
TIC 193070745,156.3484,-29.1938,5.2,0,,,,,7,7.2,ok
TIC 19545682,139.6818,-34.0959,5.21,0,,,,,6,6.7,ok
TIC 237934406,59.0177,-63.4635,5.21,0,,,,,29,10.5,ok
TIC 8002833,157.5726,-0.6372,5.21,0,,,,,6,5.9,ok
TIC 347574391,147.9982,-16.5353,5.21,0,,,,,6,6.2,ok
TIC 309146836,123.816,-62.9157,5.21,0,,17.1,rejete,variabilite_continue;eclipse_secondaire,20,15.1,ok
TIC 89713287,127.8735,-54.3943,5.22,0,,,,,10,10.5,ok
TIC 299149226,143.5365,-51.2552,5.22,0,,,,,8,8.0,ok
TIC 267390078,113.5363,-50.84,5.22,0,,,,,10,11.4,ok
TIC 1344656,131.6513,-29.7281,5.22,0,,,,,6,7.4,ok
TIC 383801487,135.2138,-57.9169,5.22,0,,,,,8,8.6,ok
TIC 143405538,155.2798,-5.4147,5.22,0,,,,,3,4.5,ok
TIC 45410088,130.5858,-55.7743,5.23,0,,,,,9,10.3,ok
TIC 409941771,145.0763,-14.3324,5.23,0,,,,,5,4.9,ok
TIC 296561932,141.5746,-53.3788,5.23,0,,,,,8,8.4,ok
TIC 389865251,87.4726,-66.9011,5.23,0,,,,,26,9.0,ok
TIC 269402047,119.0867,-49.982,5.24,0,,,,,8,8.1,ok
TIC 126575327,136.8111,-51.2118,5.24,0,,,,,8,8.2,ok
TIC 46955658,143.3325,-7.1903,5.25,0,,,,,5,5.2,ok
TIC 143991082,119.3266,-44.1098,5.25,0,,,,,8,9.0,ok
TIC 37569580,135.2978,-26.6641,5.25,0,,,,,5,4.9,ok
TIC 1191321,135.9374,-17.4967,5.25,0,,,,,6,6.1,ok
TIC 300244770,109.8113,-67.1872,5.25,0,,,,,43,9.4,ok
TIC 262573254,114.6556,-56.2293,5.25,0,,,,,20,8.8,ok
TIC 7999997,157.3693,-2.7392,5.26,0,,,,,6,5.9,ok
TIC 382969293,133.7994,-54.9664,5.26,0,,,,,8,8.1,ok
TIC 350655963,88.0844,-57.1567,5.27,0,,,,,42,9.4,ok
TIC 364151367,139.6764,-51.5606,5.27,0,,,,,8,8.2,ok
TIC 189390061,142.5585,-24.2739,5.27,0,,,,,5,5.2,ok
TIC 134645927,122.7808,-40.7581,5.27,0,,,,,8,8.1,ok
TIC 37685634,135.7103,-28.1965,5.27,0,,,,,5,5.2,ok
TIC 300015238,107.1767,-70.4963,5.28,0,,,,,42,10.0,ok
TIC 280286408,144.1914,-52.943,5.28,0,,,,,6,6.6,ok
TIC 350193559,151.097,-39.9759,5.28,0,,,,,7,7.4,ok
TIC 46956144,143.2579,-8.5056,5.28,0,,,,,5,5.0,ok
TIC 180982797,130.0794,-40.2638,5.28,0,,,,,6,6.1,ok
TIC 73201323,153.8367,-36.5177,5.28,0,,,,,7,7.3,ok
TIC 287638396,125.5178,-73.3998,5.29,0,,,,,23,9.8,ok
TIC 382903517,137.4867,-52.0825,5.29,0,,,,,7,7.9,ok
TIC 350298145,83.7613,-58.871,5.29,0,,,,,44,10.5,ok
TIC 296844935,158.3022,-13.4043,5.29,0,,,,,4,4.8,ok
TIC 143779404,118.8503,-47.3131,5.3,0,,,,,7,7.4,ok
TIC 287003811,150.9368,-39.2788,5.3,0,,,,,6,6.5,ok
TIC 340458436,115.7218,-58.2298,5.3,0,,,,,21,9.7,ok
TIC 296780440,142.3216,-13.7368,5.3,0,,,,,5,4.9,ok
TIC 123105281,113.6821,-44.6917,5.3,0,,,,,7,7.1,ok
TIC 279359927,104.6648,-55.7297,5.3,0,,,,,32,9.9,ok
TIC 309476845,125.2817,-64.1061,5.3,0,,,,,18,9.8,ok
TIC 394678798,54.1251,-78.323,5.3,0,,,,,16,10.3,ok
TIC 410299875,149.8278,-20.3568,5.31,0,,,,,6,6.2,ok
TIC 24912242,142.3252,-33.6726,5.31,0,,,,,6,6.0,ok
TIC 438748592,142.6151,-55.2321,5.31,0,,,,,8,8.6,ok
TIC 455274792,146.598,1.7853,5.32,0,,,,,7,7.3,ok
TIC 319258493,59.9975,-61.8948,5.32,0,,,,,23,9.2,ok
TIC 289670773,146.2147,-17.7064,5.32,0,,,,,5,5.1,ok
TIC 269794986,68.2368,-78.128,5.32,0,,,,,32,9.6,ok
TIC 81609273,123.4006,-46.9916,5.32,1,2.4115,50.4,rejete,variabilite_continue;eclipse_secondaire,7,11.3,ok
TIC 17889301,136.1228,-32.4484,5.32,0,,,,,5,5.3,ok
TIC 14328047,163.3531,-2.2558,5.32,0,,,,,6,5.9,ok
TIC 182094771,122.9785,-41.7886,5.33,0,,,,,8,7.8,ok
TIC 186154147,131.8492,-34.6002,5.33,0,,,,,6,6.3,ok
TIC 422279419,163.3876,-15.4462,5.34,0,,,,,5,5.2,ok
TIC 30041152,133.5531,-43.4989,5.34,0,,,,,6,6.0,ok
TIC 293671132,139.5242,-51.0507,5.34,0,,,,,6,6.6,ok
TIC 72479538,151.3136,-36.3845,5.35,0,,,,,8,7.9,ok
TIC 93549555,129.9897,-53.0546,5.35,0,,,,,6,6.2,ok
TIC 123828222,116.0139,-42.9775,5.36,0,,,,,8,7.8,ok
TIC 410039214,161.7168,-17.297,5.36,0,,,,,5,5.5,ok
TIC 348838355,148.3468,-17.926,5.36,0,,,,,5,5.3,ok
TIC 386535539,144.5486,-16.7172,5.36,0,,,,,5,5.9,ok
TIC 284349207,106.8656,-52.2042,5.36,0,,,,,11,9.8,ok
TIC 46265415,132.1953,-57.4869,5.36,0,,,,,10,10.5,ok
TIC 38215537,137.2898,-24.8441,5.36,0,,,,,5,5.5,ok
TIC 340215551,114.0065,-55.8876,5.37,0,,,,,18,10.1,ok
TIC 382509773,117.3028,-60.2825,5.37,0,,,,,27,9.3,ok
TIC 140651145,128.1686,-47.042,5.37,0,,,,,8,8.2,ok
TIC 38828619,68.387,-63.0291,5.38,0,,,,,31,9.1,ok
TIC 71220227,153.9612,-32.1762,5.38,0,,,,,7,7.5,ok
TIC 260131665,92.5746,-54.9686,5.39,0,,,,,43,10.3,ok
TIC 34504326,146.92,-46.6402,5.39,0,,,,,7,7.7,ok
TIC 37380603,134.8155,-28.8059,5.39,0,,,,,5,5.2,ok
TIC 445586413,117.0812,-56.471,5.39,0,,,,,14,8.9,ok
TIC 140031673,126.3804,-51.7273,5.39,0,,,,,10,10.0,ok
TIC 295582613,140.9972,-51.7371,5.39,0,,,,,8,9.1,ok
TIC 183263569,125.3376,-36.4841,5.39,0,,,,,7,7.6,ok
TIC 354931043,122.3995,-44.1227,5.4,0,,,,,8,8.7,ok
TIC 124074495,116.8812,-46.6084,5.4,0,,,,,5,6.7,ok
TIC 343088838,126.0938,-55.7895,5.4,0,,,,,11,10.0,ok
TIC 260416268,95.7321,-56.3701,5.41,0,,,,,41,10.2,ok
TIC 34813771,147.287,-43.4827,5.41,0,,,,,7,7.3,ok
TIC 118413949,128.8145,-58.2247,5.41,0,,,,,9,9.3,ok
TIC 348762920,46.8868,-78.9888,5.41,0,,,,,12,10.1,ok
TIC 308986394,151.0864,-24.2854,5.41,0,,,,,6,6.2,ok
TIC 190155452,132.4131,-40.3202,5.41,0,,,,,4,4.9,ok
TIC 94196291,130.9178,-49.8228,5.42,0,,,,,8,8.2,ok
TIC 79928962,120.8732,-42.9484,5.42,0,,,,,8,8.2,ok
TIC 75143198,138.6018,-43.2274,5.42,0,,,,,6,22.7,ok
TIC 307160124,124.0005,-68.4722,5.42,0,,,,,27,10.6,ok
TIC 238034693,103.5088,-50.61,5.42,0,,,,,10,10.2,ok
TIC 123752487,115.8902,-45.8638,5.43,0,,,,,6,6.9,ok
TIC 307291318,124.9536,-71.5147,5.43,0,,,,,29,10.5,ok
TIC 93723838,130.4219,-48.1125,5.43,0,,,,,7,7.7,ok
TIC 33223312,149.0332,-7.6453,5.43,0,,,,,4,5.0,ok
TIC 386072621,138.8944,-57.5777,5.43,0,,,,,9,10.0,ok
TIC 191453947,135.5263,-39.402,5.43,0,,,,,4,4.7,ok
TIC 437872314,141.9801,-57.3295,5.44,0,,,,,7,7.6,ok
TIC 90356176,128.2348,-49.155,5.44,0,,,,,9,10.0,ok
TIC 79645882,120.4635,-44.5999,5.45,0,,,,,8,8.9,ok
TIC 355406539,110.1616,-52.0859,5.45,0,,,,,11,10.6,ok
TIC 295689389,140.9386,-48.8667,5.45,0,,,,,7,8.4,ok
TIC 432162869,153.254,-19.6891,5.45,0,,,,,6,6.9,ok
TIC 387176295,140.4577,-55.5142,5.46,0,,,,,7,10.2,ok
TIC 260041674,91.278,-56.2329,5.46,0,,,,,44,9.1,ok
TIC 388684352,125.632,-48.4903,5.46,0,,,,,8,9.7,ok
TIC 143737679,118.6468,-42.4723,5.46,0,,,,,8,8.7,ok
TIC 468976732,144.0611,-52.5448,5.46,0,,,,,8,9.6,ok
TIC 18556657,137.485,-30.3657,5.46,0,,,,,5,5.6,ok
TIC 60788949,139.2376,-11.1036,5.46,0,,,,,5,6.1,ok
TIC 238612881,122.4297,-47.9371,5.47,0,,,,,9,10.1,ok
TIC 169225390,160.3498,-1.7423,5.47,0,,26.2,rejete,variabilite_continue;eclipse_secondaire,7,15.3,ok
TIC 461802323,128.7975,-34.024,5.48,0,,,,,7,7.7,ok
TIC 143202322,117.3674,-44.751,5.48,0,,,,,8,8.4,ok
TIC 25778661,145.4677,-30.3033,5.49,0,,,,,4,5.1,ok
TIC 33833289,63.6293,-75.808,5.49,0,,,,,38,10.1,ok
TIC 309292175,124.23,-60.5505,5.49,0,,,,,16,11.6,ok
TIC 93269689,129.6999,-53.5228,5.49,0,,,,,8,10.4,ok
TIC 19148344,138.6986,-33.6824,5.5,0,,,,,6,6.7,ok
TIC 140129492,127.3645,-44.7248,5.5,0,,,,,8,9.3,ok
TIC 77551564,142.3849,-4.247,5.5,0,,,,,3,4.1,ok
TIC 141151953,80.6342,-73.8013,5.5,0,,,,,42,9.2,ok
TIC 220457904,74.5082,-58.2083,5.5,0,,,,,44,9.6,ok
TIC 294974397,140.4963,-52.5643,5.5,0,,,,,8,9.3,ok
TIC 189402332,142.6674,-28.7667,5.5,0,,,,,4,5.2,ok
TIC 82993285,125.2975,-42.2734,5.5,0,,,,,6,7.2,ok
TIC 339962335,112.5747,-57.2103,5.5,0,,,,,25,9.5,ok
TIC 45160286,147.4638,-36.2684,5.5,0,,,,,6,6.9,ok
TIC 349677777,112.2851,-63.2456,5.51,0,,,,,44,9.4,ok
TIC 73074667,153.4854,-40.3108,5.51,0,,,,,7,7.8,ok
TIC 143992817,119.2407,-43.5003,5.51,0,,,,,8,8.5,ok
TIC 72658342,152.0066,-37.3334,5.51,0,,,,,6,8.3,ok
TIC 186652208,133.2069,-32.5671,5.51,0,,,,,5,5.9,ok
TIC 134524880,122.416,-38.1747,5.51,0,,,,,8,9.0,ok
TIC 192561568,154.9535,-22.9714,5.51,0,,,,,7,6.8,ok
TIC 29632467,150.8479,-33.2383,5.51,0,,,,,4,4.3,ok
TIC 101626242,150.7053,-30.5773,5.52,0,,,,,5,5.3,ok
TIC 238543726,121.8896,-49.2703,5.52,0,,,,,6,6.4,ok
TIC 96102447,147.0161,-8.1688,5.52,0,,,,,5,5.0,ok
TIC 176873735,100.9034,-73.1189,5.52,0,,,,,41,9.6,ok
TIC 393914310,128.2436,-34.634,5.52,0,,,,,7,7.0,ok
TIC 179245728,159.2132,-22.6654,5.53,0,,,,,6,6.3,ok
TIC 167813113,104.7804,-60.8421,5.53,0,,,,,44,9.5,ok
TIC 297967252,142.5211,-51.5171,5.53,0,,,,,8,8.1,ok
TIC 275249237,148.0498,0.0755,5.53,0,,,,,5,5.2,ok
TIC 430502428,130.7786,-45.5617,5.53,0,,,,,7,7.3,ok
TIC 56257053,126.8182,-31.6728,5.53,0,,,,,7,7.1,ok
TIC 296724680,141.753,-16.0132,5.53,0,,,,,5,4.9,ok
TIC 177075997,102.8625,-70.9632,5.54,0,,,,,43,9.4,ok
TIC 181429773,131.0777,-37.527,5.54,0,,,,,6,6.1,ok
TIC 261205462,87.5698,-79.3609,5.54,0,,64.8,rejete,variabilite_continue;eclipse_secondaire,32,15.8,ok
TIC 370227780,85.6709,-75.2504,5.54,0,,,,,44,9.3,ok
TIC 140005690,127.2733,-43.9188,5.54,0,,,,,8,7.7,ok
TIC 41533313,93.728,-71.6559,5.55,0,,,,,41,9.4,ok
TIC 400527618,134.2439,-49.681,5.55,0,,,,,8,8.2,ok
TIC 55478023,71.2411,-63.2297,5.56,0,,,,,44,9.2,ok
TIC 238562738,122.1043,-48.6125,5.56,0,,,,,?,0.7,erreur
TIC 1228170,137.1856,-16.2778,5.56,0,,,,,4,4.0,ok
TIC 296099642,141.3385,-51.6725,5.56,0,,,,,8,8.0,ok
TIC 190647381,133.4614,-40.4475,5.56,0,,,,,5,5.2,ok
TIC 348938351,149.1287,-13.4639,5.57,0,,,,,6,5.9,ok
TIC 453102450,116.1824,-66.0716,5.57,0,,,,,34,9.1,ok
TIC 193222805,157.9522,-28.2371,5.57,0,,,,,6,6.5,ok
TIC 176876294,100.2405,-71.7755,5.57,0,,,,,44,9.0,ok
TIC 101136248,152.7178,-15.7091,5.57,0,,,,,6,6.0,ok
TIC 70829383,152.3785,-35.8567,5.57,0,,,,,6,6.6,ok
TIC 149347992,83.7392,-61.1762,5.57,0,,,,,43,9.3,ok
TIC 101423934,149.1044,-32.2428,5.57,0,,,,,4,4.3,ok
TIC 356302647,134.0713,-60.4719,5.57,0,,,,,10,9.9,ok
TIC 78106977,142.6379,-45.5704,5.58,0,,,,,8,8.9,ok
TIC 372913375,119.5401,-60.8168,5.58,0,,,,,22,9.6,ok
TIC 307573730,126.8194,-70.0932,5.58,0,,,,,22,9.7,ok
TIC 123442157,114.9782,-45.9697,5.58,0,,,,,5,5.6,ok
TIC 340216929,114.0149,-57.2954,5.58,0,,,,,23,9.3,ok
TIC 4346726,140.6517,-39.7749,5.59,0,,,,,7,6.7,ok
TIC 146602156,149.433,-1.9417,5.59,0,,,,,4,4.6,ok
TIC 300290824,110.2287,-71.5324,5.59,0,,,,,42,9.1,ok
TIC 299943748,106.5598,-68.8376,5.59,0,,,,,42,9.5,ok
TIC 178782568,150.2466,-3.1893,5.59,0,,,,,3,3.4,ok
TIC 37001119,157.6369,-10.8079,5.59,0,,,,,4,4.3,ok
TIC 238785348,123.273,-48.1321,5.59,0,,,,,8,8.0,ok
TIC 285412836,120.0813,-45.4569,5.59,0,,,,,8,7.9,ok
TIC 364322720,87.8461,-64.0334,5.59,0,,,,,36,9.1,ok
TIC 143402417,154.8845,-5.1066,5.59,0,,,,,3,3.3,ok
TIC 191602059,135.7893,-38.6098,5.6,0,,,,,5,5.0,ok
TIC 355406799,110.0888,-52.3105,5.6,0,,,,,11,9.7,ok
TIC 167720039,103.4345,-65.9138,5.6,0,,,,,44,9.1,ok
TIC 14295825,144.4413,-3.1707,5.61,0,,,,,5,4.9,ok
TIC 293845153,147.7855,-29.8959,5.61,0,,,,,4,4.1,ok
TIC 53612113,157.3972,-30.6071,5.61,0,,,,,6,6.2,ok
TIC 55852584,75.986,-65.0121,5.61,0,,,,,40,9.9,ok
TIC 334776134,157.7491,-13.5885,5.61,0,,,,,5,5.6,ok
TIC 89616588,127.4015,-55.191,5.62,0,,,,,8,8.3,ok
TIC 167121012,95.9932,-68.6008,5.62,0,,,,,35,9.3,ok
TIC 77161543,141.2556,-45.3764,5.62,0,,,,,7,7.6,ok
TIC 306895522,122.2369,-71.7218,5.62,0,,,,,33,9.1,ok
TIC 53477067,126.4661,-42.153,5.62,0,,,,,7,7.2,ok
TIC 189479916,143.1729,-27.415,5.62,0,,,,,6,5.8,ok
TIC 358559634,151.3036,-42.1723,5.62,0,,,,,7,7.1,ok
TIC 148612197,165.3123,-9.7719,5.62,0,,,,,4,4.4,ok
TIC 363237221,145.9252,-53.8911,5.63,0,,,,,8,8.5,ok
TIC 141482069,86.9504,-72.7021,5.63,0,,,,,42,9.3,ok
TIC 132314517,119.4786,-40.7843,5.63,0,,,,,8,7.9,ok
TIC 439609547,143.4444,-54.0397,5.63,0,,,,,7,7.2,ok
TIC 93272269,129.8491,-53.4396,5.63,0,,,,,7,7.2,ok
TIC 423365061,157.0095,-21.3965,5.63,0,,,,,6,7.2,ok
TIC 25671382,145.0703,-30.9217,5.63,0,,,,,5,5.9,ok
TIC 382510863,117.4781,-60.0514,5.64,0,,,,,23,9.3,ok
TIC 132313087,119.4214,-41.2733,5.64,0,,,,,8,8.0,ok
TIC 44566714,145.745,-36.9656,5.64,0,,,,,6,6.0,ok
TIC 76182862,140.0638,-45.1732,5.64,0,,,,,8,8.1,ok
TIC 386905827,140.3253,-58.6827,5.64,0,,,,,8,8.7,ok
TIC 279214471,103.1959,-54.0903,5.64,0,,,,,25,9.5,ok
TIC 176848605,143.0848,-19.4002,5.64,0,,,,,5,5.0,ok
TIC 375034557,99.5008,-61.5329,5.64,0,,,,,39,9.3,ok
TIC 22146284,148.7666,-25.3666,5.65,0,,,,,5,5.4,ok
TIC 393844873,128.2054,-31.4955,5.65,0,,,,,7,7.2,ok
TIC 393855012,158.7397,-23.176,5.65,0,,,,,6,6.3,ok
TIC 294747615,70.7667,-70.9308,5.65,0,,,,,43,9.8,ok
TIC 310539654,128.8197,-63.4414,5.65,0,,,,,11,9.3,ok
TIC 437279730,141.3304,-54.4638,5.65,0,,,,,8,8.1,ok
TIC 238198771,57.5803,-75.8956,5.65,0,,,,,29,10.2,ok
TIC 309151373,123.9358,-60.0571,5.66,0,,,,,15,9.5,ok
TIC 133146568,120.6865,-41.3097,5.66,0,,,,,8,8.0,ok
TIC 423364940,156.9772,-21.7331,5.66,0,,,,,6,6.0,ok
TIC 167554964,101.1841,-61.2242,5.66,0,,,,,39,9.2,ok
TIC 349371980,109.8845,-61.1449,5.66,0,,,,,44,9.2,ok
TIC 307900273,138.5128,-14.695,5.66,0,,,,,4,4.3,ok
TIC 44987367,146.895,-38.1897,5.66,0,,,,,7,7.8,ok
TIC 31929199,53.971,-69.1929,5.67,0,,,,,21,9.7,ok
TIC 143332975,117.677,-44.5799,5.67,0,,,,,8,7.8,ok
TIC 358501433,60.74,-79.845,5.67,0,,,,,17,10.3,ok
TIC 93911820,130.5789,-53.0999,5.67,0,,,,,6,6.4,ok
TIC 101417255,148.9989,-19.9523,5.67,0,,,,,7,6.8,ok
TIC 359822522,141.3618,-61.9501,5.67,0,,,,,9,9.0,ok
TIC 445586826,117.0629,-54.7143,5.68,0,,,,,12,10.2,ok
TIC 237940785,59.7177,-65.8814,5.68,0,,,,,38,9.6,ok
TIC 167656187,102.5043,-60.2484,5.68,0,,,,,40,9.5,ok
TIC 140296793,127.0051,-49.1197,5.68,0,,,,,6,6.2,ok
TIC 19197282,138.894,-33.3242,5.68,0,,,,,4,4.2,ok
TIC 237948122,101.3586,-52.2009,5.68,0,,,,,20,9.6,ok
TIC 220436223,73.7223,-58.5472,5.69,0,,,,,44,9.9,ok
TIC 189387790,142.4178,-26.5945,5.69,0,,,,,5,5.2,ok
TIC 55111103,162.5752,-8.8979,5.69,0,,,,,5,5.6,ok
TIC 394151928,128.6329,-32.5997,5.69,0,,,,,7,7.4,ok
TIC 122091954,132.902,-57.6335,5.7,0,,,,,10,10.4,ok
TIC 181147127,130.5612,-39.0706,5.7,0,,,,,6,6.3,ok
TIC 93549438,130.0725,-53.0152,5.7,0,,48.4,rejete,variabilite_continue;eclipse_secondaire,6,10.0,ok
TIC 181273463,130.8224,-38.88,5.7,0,,,,,6,6.6,ok
TIC 140060786,127.2697,-47.9289,5.7,0,,,,,7,7.7,ok
TIC 238150235,106.1161,-50.3722,5.7,0,,,,,11,9.5,ok
TIC 189158353,141.0952,-29.1809,5.71,0,,,,,3,3.3,ok
TIC 96144947,147.3215,-8.835,5.71,0,,,,,5,5.0,ok
TIC 25164677,143.4271,-34.7301,5.71,0,,,,,6,6.2,ok
TIC 339890862,112.0476,-58.0728,5.71,0,,17.3,rejete,variabilite_continue;eclipse_secondaire,28,14.8,ok
TIC 340634155,116.3979,-56.7225,5.71,0,,,,,15,9.6,ok
TIC 150431920,97.4175,-61.2419,5.71,0,,,,,43,9.1,ok
TIC 73114663,153.5572,-39.1038,5.72,0,,,,,7,7.3,ok
TIC 356837591,135.3282,-64.9241,5.72,0,,,,,11,9.9,ok
TIC 279476396,105.2705,-58.9389,5.72,0,,,,,43,9.1,ok
TIC 308884599,152.4302,-14.7625,5.72,0,,,,,6,6.0,ok
TIC 146325432,123.7362,-35.6884,5.72,0,,,,,8,8.0,ok
TIC 358500970,60.6177,-78.6332,5.72,0,,,,,21,9.7,ok
TIC 191446158,135.3367,-41.8642,5.72,0,,,,,4,4.2,ok
TIC 45044984,147.1168,-37.6361,5.73,0,,,,,7,7.0,ok
TIC 185173938,128.518,-41.6789,5.73,0,,,,,6,6.0,ok
TIC 7979548,156.6951,-4.3883,5.73,0,,,,,4,4.2,ok
TIC 22083423,148.2396,-27.3315,5.73,0,,,,,5,5.1,ok
TIC 401120275,135.0044,-49.5579,5.74,0,,,,,8,8.0,ok
TIC 293605011,149.6275,-13.9419,5.74,0,,13.7,rejete,variabilite_continue;eclipse_secondaire;compagnon_trop_gros_7.8Rjup,5,7.8,ok
TIC 193258096,158.2135,-26.6094,5.74,0,,,,,6,6.6,ok
TIC 56324924,126.8366,-34.6979,5.74,0,,,,,7,7.2,ok
TIC 24918650,142.582,-33.4039,5.74,0,,,,,6,6.1,ok
TIC 238378233,120.8731,-49.4984,5.74,0,,,,,9,8.7,ok
TIC 96143845,147.3879,-11.7849,5.74,0,,,,,5,5.1,ok
TIC 307291308,125.0018,-71.5051,5.74,0,,,,,28,9.4,ok
TIC 1818589,132.9069,-26.2062,5.74,0,,,,,5,5.1,ok
TIC 132480701,148.7131,-50.2439,5.75,0,,,,,7,7.1,ok
TIC 278960800,101.673,-54.6949,5.75,0,,,,,21,9.3,ok
TIC 75475939,139.0167,-44.8987,5.75,0,,,,,7,7.0,ok
TIC 267603216,114.1829,-48.8302,5.75,0,,,,,9,8.5,ok
TIC 48430763,149.9858,-31.3495,5.75,0,,,,,5,5.1,ok
TIC 391624171,138.9782,-49.9735,5.75,0,,,,,8,7.9,ok
TIC 372850543,98.193,-61.8276,5.75,0,,,,,28,9.5,ok
TIC 19086884,138.5895,-32.5572,5.75,0,,,,,4,4.6,ok
TIC 41232189,91.5393,-66.0394,5.75,0,,,,,27,9.7,ok
TIC 143150117,117.0177,-44.002,5.75,0,,,,,8,8.2,ok
TIC 150392584,96.6382,-60.5573,5.75,0,,,,,44,9.3,ok
TIC 279510954,105.5071,-59.4606,5.75,0,,,,,43,9.3,ok
TIC 238598228,122.2895,-48.6844,5.76,0,,,,,8,7.9,ok
TIC 118817518,134.916,-19.2087,5.76,0,,,,,7,6.8,ok
TIC 391901960,115.7164,-71.5418,5.76,0,,,,,43,9.2,ok
TIC 34384351,146.6264,-44.7551,5.76,0,,,,,7,7.0,ok
TIC 432130634,137.2671,-18.3284,5.76,0,,,,,4,4.1,ok
TIC 70676013,151.4383,-30.8918,5.77,0,,,,,6,6.1,ok
TIC 260301896,94.5927,-54.4039,5.77,0,,,,,34,10.2,ok
TIC 178875109,151.3012,-3.5173,5.77,0,,,,,3,3.8,ok
TIC 7980490,156.7245,-0.1488,5.77,0,,,,,6,6.0,ok
TIC 432085831,136.7281,-18.2017,5.77,0,,,,,6,6.1,ok
TIC 384769074,136.8276,-57.4636,5.78,0,,,,,6,7.1,ok
TIC 418091967,145.8774,-20.3659,5.78,0,,,,,5,5.1,ok
TIC 140690428,73.2725,-72.4058,5.78,0,,,,,42,9.6,ok
TIC 55501960,72.196,-60.259,5.78,0,,,,,40,9.3,ok
TIC 29428388,132.8985,-43.3959,5.78,0,,,,,5,5.7,ok
TIC 11742913,129.0897,-32.2616,5.78,0,,,,,7,7.0,ok
TIC 307981451,154.8202,-12.5282,5.78,0,,,,,5,5.4,ok
TIC 38469670,61.8431,-64.22,5.78,0,,,,,42,9.4,ok
TIC 307492324,126.5113,-71.0769,5.79,0,,,,,24,9.9,ok
TIC 455305421,147.6243,4.3433,5.79,0,,,,,7,6.7,ok
TIC 178833080,150.7052,-1.0685,5.79,0,,,,,4,4.2,ok
TIC 184103721,126.788,-36.9235,5.79,0,,,,,7,7.1,ok
TIC 307435661,125.8555,-70.2486,5.79,0,,,,,26,9.5,ok
TIC 19677378,139.9535,-33.6443,5.79,0,,,,,6,6.2,ok
TIC 299940359,106.146,-68.2485,5.79,0,,,,,42,9.5,ok
TIC 453100169,116.2226,-68.7567,5.79,0,,,,,43,9.3,ok
TIC 401478684,135.4355,-52.1886,5.8,0,,,,,8,7.9,ok
TIC 348903049,148.7502,-16.1937,5.8,0,,,,,5,5.0,ok
TIC 423366950,157.1537,-19.525,5.8,0,,,,,5,5.7,ok
TIC 260192754,93.4185,-56.9185,5.8,0,,,,,42,9.4,ok
TIC 255784686,99.9057,-52.8325,5.8,0,,,,,22,9.6,ok
TIC 78234556,148.7525,-0.1822,5.81,0,,,,,5,5.0,ok
TIC 101136679,152.738,-16.9308,5.81,0,,,,,5,5.0,ok
TIC 150359260,96.0572,-60.2811,5.81,0,,,,,43,14.7,ok
TIC 308616873,121.6502,-63.5155,5.81,0,,,,,23,9.4,ok
TIC 220402024,69.5312,-58.2036,5.81,0,,,,,35,9.3,ok
TIC 270835079,131.9765,-45.9216,5.81,0,,,,,3,3.4,ok
TIC 260640910,97.9929,-58.7538,5.81,0,,,,,44,9.6,ok
TIC 62647682,142.6723,-4.0654,5.82,0,,,,,3,3.7,ok
TIC 294159692,107.9808,-56.1552,5.82,0,,,,,31,9.2,ok
TIC 3356565,139.113,-38.6599,5.82,0,,,,,6,6.1,ok
TIC 71094440,153.3499,-33.0313,5.82,0,,,,,7,7.4,ok
TIC 300328258,110.7773,-70.6364,5.82,0,,,,,41,9.3,ok
TIC 299231532,143.4354,-49.005,5.82,0,,,,,7,7.6,ok
TIC 192988159,155.3396,-25.373,5.83,0,,,,,6,6.1,ok
TIC 178834118,150.735,-5.6179,5.83,0,,,,,3,3.3,ok
TIC 279321185,104.2755,-55.0474,5.83,0,,,,,29,9.4,ok
TIC 123150256,113.9703,-47.1556,5.83,0,,,,,9,8.8,ok
TIC 186242780,131.965,-33.3984,5.83,0,,,,,6,6.1,ok
TIC 184714967,127.6929,-41.5149,5.83,0,,,,,7,19.9,ok
TIC 186016587,131.4857,-32.1638,5.83,0,,,,,5,5.6,ok
TIC 190444087,133.1612,-36.5454,5.83,0,,,,,4,4.4,ok
TIC 181741837,131.9181,-41.7384,5.83,0,,,,,5,5.3,ok
TIC 373185440,139.7992,-50.3863,5.83,0,,,,,6,6.3,ok
TIC 438572733,142.4022,-58.299,5.84,0,,,,,7,7.4,ok
TIC 180929040,129.8406,-36.6063,5.84,0,,,,,6,6.8,ok
TIC 300865934,117.4208,-66.196,5.84,0,,,,,40,9.5,ok
TIC 71030224,153.0036,-32.5839,5.84,0,,,,,6,6.2,ok
TIC 355379702,131.1237,-65.8247,5.84,0,,,,,13,19.8,ok
TIC 101172135,153.0575,-16.1786,5.84,0,,,,,5,6.1,ok
TIC 101316032,156.4013,-16.7518,5.85,0,,,,,5,5.2,ok
TIC 340985103,118.1239,-54.3671,5.85,0,,,,,12,9.9,ok
TIC 381949031,76.3481,-57.1951,5.85,0,,,,,43,9.3,ok
TIC 123443101,115.0416,-45.3491,5.85,0,,,,,5,5.5,ok
TIC 139997997,127.0603,-42.2301,5.85,0,,,,,6,6.5,ok
TIC 118811777,134.7597,-23.2751,5.85,0,,,,,5,5.1,ok
TIC 75203477,138.6818,-43.4645,5.85,0,,,,,4,4.3,ok
TIC 262424906,111.4502,-48.2742,5.85,0,,,,,7,16.8,ok
TIC 31368290,136.1953,-44.8103,5.86,0,,,,,6,6.1,ok
TIC 319306883,151.5364,-20.9488,5.86,0,,,,,5,6.4,ok
TIC 405473897,143.6562,-16.3757,5.86,0,,,,,5,6.6,ok
TIC 47174633,145.3643,-10.5026,5.86,0,,,,,5,6.8,ok
TIC 34296700,146.5373,-45.918,5.86,0,,,,,6,8.3,ok
TIC 123254356,143.8675,-1.7858,5.86,0,,,,,5,5.2,ok
TIC 77166769,141.3143,-46.9427,5.86,0,,,,,6,6.6,ok
TIC 118830094,134.8772,-23.1679,5.86,0,,,,,5,5.4,ok
TIC 356095496,133.4526,-60.3538,5.86,0,,18.3,rejete,variabilite_continue;eclipse_secondaire,11,16.0,ok
TIC 1399933,140.2317,-15.6186,5.86,0,,,,,5,5.3,ok
TIC 293501400,140.6344,-15.235,5.86,0,,,,,5,5.1,ok
TIC 143491577,118.1531,-42.2567,5.86,0,,,,,8,8.1,ok
TIC 4509067,141.068,-39.4257,5.86,0,,,,,7,7.0,ok
TIC 36232310,149.8014,-47.0923,5.87,0,,,,,6,11.6,ok
TIC 179661716,145.5972,-0.2793,5.87,0,,,,,4,4.5,ok
TIC 185423083,129.9588,-34.0099,5.87,0,,,,,5,5.5,ok
TIC 238546119,121.8291,-48.3847,5.87,0,,,,,9,15.9,ok
TIC 185940333,131.1162,-32.0208,5.87,0,,,,,5,6.5,ok
TIC 30722080,75.3867,-68.0285,5.87,0,,,,,31,9.1,ok
TIC 177116244,103.9207,-68.5054,5.87,0,,,,,41,9.6,ok
TIC 150357613,96.1106,-63.4296,5.87,0,,,,,40,10.2,ok
TIC 139747364,126.7795,-44.2313,5.87,0,,,,,8,9.2,ok
TIC 46903632,142.9125,-10.5521,5.88,0,,,,,5,5.7,ok
TIC 190724105,133.8266,-38.3276,5.88,0,,,,,2,2.5,ok
TIC 340484005,116.1691,-54.64,5.88,0,,,,,12,10.4,ok
TIC 176930969,100.4258,-71.2176,5.88,0,,,,,29,17.8,ok
TIC 26228171,153.08,-10.3214,5.88,0,,,,,4,5.9,ok
TIC 46107485,132.0582,-57.6583,5.88,0,,,,,10,10.7,ok
TIC 269335268,119.0482,-51.3383,5.88,0,,,,,10,11.5,ok
TIC 203329235,140.1097,-29.127,5.89,0,,,,,3,3.4,ok
TIC 78153865,147.8086,-4.2435,5.89,0,,,,,4,4.9,ok
TIC 95961877,141.2189,-6.0088,5.89,0,,,,,5,5.2,ok
TIC 176649257,141.4735,-23.7636,5.89,0,,,,,4,4.9,ok
TIC 300039724,107.8201,-70.1188,5.89,0,,,,,41,9.7,ok
TIC 141133308,128.8603,-47.5715,5.89,0,,,,,6,11.7,ok
TIC 260266504,94.0777,-59.2157,5.89,0,,,,,39,10.4,ok
TIC 294327531,108.9149,-58.8055,5.89,0,,,,,31,10.0,ok
TIC 56650097,158.1188,-6.0753,5.9,0,,,,,3,11.7,ok
TIC 297463086,142.2559,-52.1817,5.9,0,,,,,2,3.9,ok
TIC 181463644,131.2163,-37.1472,5.9,0,,,,,6,6.9,ok
TIC 383514377,134.5928,-59.2198,5.9,0,,,,,8,9.1,ok
TIC 432141170,137.5655,-19.914,5.9,0,,,,,4,4.1,ok
TIC 285024852,119.7589,-47.1408,5.9,0,,,,,8,8.1,ok
TIC 56555398,147.8392,-6.1815,5.9,0,,,,,3,3.3,ok
TIC 177077420,103.153,-70.5098,5.91,0,,,,,31,9.6,ok
TIC 80986164,122.4673,-43.5283,5.91,0,,,,,6,6.3,ok
TIC 180497060,128.8029,-39.9701,5.91,0,,,,,6,6.3,ok
TIC 220418532,71.7788,-59.137,5.91,0,,,,,44,9.3,ok
TIC 401687356,135.7931,-49.6965,5.92,0,,,,,6,6.3,ok
TIC 52008576,143.358,-22.8635,5.92,0,,,,,4,4.1,ok
TIC 56332484,126.9975,-35.1137,5.92,0,,219.0,rejete,variabilite_continue;eclipse_secondaire,7,12.2,ok
TIC 167904450,151.5226,-29.1184,5.92,0,,,,,6,6.1,ok
TIC 71720393,156.6444,-34.7008,5.92,0,,,,,7,7.6,ok
TIC 295442862,140.7748,-53.8201,5.92,0,,,,,8,8.2,ok
TIC 180496341,128.8092,-39.6816,5.92,0,,,,,6,6.6,ok
TIC 177354054,104.3344,-75.9877,5.92,0,,,,,31,9.8,ok
TIC 296939839,158.9371,-17.3732,5.92,0,,,,,5,5.3,ok
TIC 132705184,120.0647,-40.6051,5.93,0,,,,,6,6.2,ok
TIC 177034802,102.6051,-69.9863,5.93,0,,,,,37,9.3,ok
TIC 59605887,109.3728,-46.9752,5.93,0,,,,,9,9.1,ok
TIC 38454685,138.1355,-26.5102,5.93,0,,,,,5,5.2,ok
TIC 404932577,85.3123,-68.7702,5.93,0,,,,,26,9.4,ok
TIC 410353662,150.4343,-23.8069,5.93,0,,,,,6,6.7,ok
TIC 185760647,130.8086,-34.0719,5.93,0,,,,,5,5.4,ok
TIC 364398342,119.7106,-60.8244,5.93,0,,,,,22,9.6,ok
TIC 4734401,141.4144,-40.314,5.94,0,,,,,5,5.1,ok
TIC 5165416,142.3164,-38.4035,5.94,0,,,,,7,6.7,ok
TIC 409942614,145.073,-16.3475,5.94,0,,,,,3,3.4,ok
TIC 437676607,141.7221,-54.3517,5.94,1,2.7305,12.8,rejete,variabilite_continue;eclipse_secondaire;compagnon_trop_gros_5.7Rjup,8,13.1,ok
TIC 71585429,155.8048,-30.1623,5.94,0,,,,,7,7.1,ok
TIC 281182515,144.8473,-52.9433,5.94,0,,,,,6,6.8,ok
TIC 296738596,142.2275,-13.5694,5.94,0,,,,,5,4.9,ok
TIC 278684936,99.0643,-55.8629,5.94,0,,,,,42,9.9,ok
TIC 150322340,95.6288,-60.2182,5.94,0,,,,,43,9.5,ok
TIC 238156722,106.3404,-52.6095,5.94,0,,,,,9,8.7,ok
TIC 418098714,146.1512,-22.7517,5.94,0,,,,,4,4.2,ok
TIC 37376262,134.774,-29.2766,5.94,0,,,,,5,5.0,ok
TIC 46822713,142.0855,-9.9869,5.94,0,,,,,5,4.9,ok
TIC 46267191,132.1124,-58.2269,5.95,0,,,,,10,9.9,ok
TIC 238136080,105.9768,-50.6614,5.95,0,,,,,8,8.1,ok
TIC 140580875,68.5643,-73.2084,5.95,0,,,,,35,9.4,ok
TIC 355540181,131.7359,-65.2468,5.95,0,,,,,9,9.2,ok
TIC 75047606,138.3933,-47.3383,5.95,0,,,,,8,8.0,ok
TIC 141640391,129.9267,-46.3832,5.95,0,,,,,6,6.3,ok
TIC 4847760,141.6187,-40.5017,5.95,0,,,,,7,7.0,ok
TIC 143736004,118.5787,-43.0772,5.95,0,,,,,6,6.4,ok
TIC 168160866,153.3306,-27.0286,5.95,0,,,,,7,7.0,ok
TIC 350334336,84.0902,-57.4576,5.96,0,,,,,31,9.2,ok
TIC 309704722,79.6829,-62.985,5.96,0,,,,,30,9.9,ok
TIC 149630160,87.402,-60.6762,5.96,0,,,,,38,9.4,ok
TIC 150437899,97.5126,-65.5678,5.96,0,,,,,38,9.3,ok
TIC 35596923,148.5734,-45.2835,5.96,0,,,,,6,6.3,ok
TIC 150393390,96.7998,-60.7285,5.96,0,,,,,44,9.4,ok
TIC 430546572,131.237,-47.3125,5.96,0,,,,,3,3.4,ok
TIC 143741916,118.6866,-42.9092,5.96,0,,,,,6,6.7,ok
TIC 356527812,134.6919,-64.5305,5.96,0,,,,,11,9.7,ok
TIC 133858150,121.5799,-38.8964,5.96,0,,,,,8,7.9,ok
TIC 150274386,94.9993,-61.3291,5.97,0,,,,,43,9.2,ok
TIC 95995254,146.0388,-6.1806,5.97,0,,,,,4,4.1,ok
TIC 193041823,156.1081,-25.5656,5.97,0,,,,,5,5.2,ok
TIC 82646096,124.7874,-46.2053,5.97,0,,,,,6,7.5,ok
TIC 36736310,154.9974,-9.0595,5.97,0,,,,,4,4.3,ok
TIC 35601530,148.6628,-43.3211,5.97,0,,,,,6,6.7,ok
TIC 279511712,105.8128,-59.178,5.97,0,,,,,43,10.3,ok
TIC 339769900,111.0379,-58.491,5.97,0,,,,,33,9.5,ok
TIC 300739338,115.126,-69.846,5.97,0,,,,,32,9.2,ok
TIC 404968457,85.374,-70.0337,5.97,0,,,,,27,9.6,ok
TIC 455269688,146.1585,3.3535,5.98,0,,,,,7,7.0,ok
TIC 180664865,129.3305,-40.1474,5.98,0,,,,,6,6.1,ok
TIC 143198743,117.3035,-46.8577,5.98,0,,,,,5,5.6,ok
TIC 405485269,143.7114,-12.1308,5.98,0,,,,,5,5.1,ok
TIC 238622063,122.3748,-51.8425,5.98,0,,,,,10,9.8,ok
TIC 38120064,137.0115,-27.3054,5.98,0,,,,,4,4.5,ok
TIC 196552592,129.9206,-29.0829,5.98,0,,,,,6,6.1,ok
TIC 344172592,108.4673,-49.9366,5.98,0,,,,,8,8.1,ok
TIC 96090423,146.6065,-6.0263,5.98,0,,,,,3,3.4,ok
TIC 123153249,114.0578,-44.9578,5.99,0,,,,,6,6.3,ok
TIC 339728935,110.7363,-55.5764,5.99,0,,,,,20,9.3,ok
TIC 238665926,122.7948,-48.462,5.99,0,,,,,9,9.1,ok
TIC 185166645,128.5457,-39.7289,5.99,0,,,,,7,7.3,ok
TIC 30562668,134.2814,-43.2561,5.99,0,,16.3,rejete,variabilite_continue;eclipse_secondaire,5,8.3,ok
TIC 133339772,120.734,-40.4025,5.99,0,,,,,8,8.1,ok
TIC 5506063,153.1566,-19.1537,5.99,0,,,,,6,6.5,ok
TIC 992137,165.6531,-3.5127,5.99,0,,,,,6,6.0,ok
TIC 54988585,160.6137,-8.7271,5.99,0,,,,,4,4.2,ok
TIC 1712781,155.86,-4.074,5.99,0,,,,,3,3.4,ok
TIC 38151942,137.181,-26.7675,5.99,0,,,,,5,5.0,ok
TIC 32052027,57.2515,-69.8786,6.0,0,,,,,38,9.7,ok
TIC 74200453,137.2832,-45.3667,6.0,0,,,,,5,5.3,ok
TIC 361060107,143.4322,-60.6275,6.0,0,,,,,7,7.2,ok
TIC 308745715,122.0537,-61.0773,6.0,0,,,,,14,9.5,ok
TIC 149250753,82.5662,-63.9273,6.0,0,,81.0,rejete,variabilite_continue;eclipse_secondaire,43,14.8,ok
TIC 257720503,78.3273,-59.5855,6.0,0,,,,,32,9.6,ok
TIC 341419283,120.2078,-54.1512,6.0,0,,,,,11,9.8,ok
TIC 394679100,54.1036,-79.0989,6.0,0,,,,,13,10.2,ok
TIC 75140706,138.534,-44.1457,6.0,0,,,,,7,7.2,ok
TIC 74628238,137.889,-46.5839,6.01,0,,,,,8,8.0,ok
TIC 140006471,127.2814,-44.1604,6.01,0,,,,,8,8.1,ok
TIC 238283336,120.0609,-48.9812,6.01,0,,,,,6,6.5,ok
TIC 1261860,131.4551,-25.388,6.01,0,,,,,7,7.4,ok
TIC 183357243,125.3509,-39.6207,6.01,0,,,,,7,7.6,ok
TIC 342503860,124.4816,-59.167,6.02,0,,,,,13,9.7,ok
TIC 193195442,157.7136,-26.4837,6.03,0,,,,,6,6.5,ok
TIC 7985099,157.1832,-3.7426,6.04,0,,,,,5,5.2,ok
TIC 185022913,128.4099,-38.8488,6.04,0,,,,,7,7.2,ok
TIC 261136000,83.9009,-78.8207,6.04,0,,48.8,rejete,variabilite_continue;eclipse_secondaire;compagnon_trop_gros_2.5Rjup,27,15.5,ok
TIC 344890482,151.0346,3.2004,6.04,0,,,,,7,7.1,ok
TIC 145991068,133.1607,-48.3591,6.05,1,1.7211,43.6,rejete,variabilite_continue;eclipse_secondaire,7,11.3,ok
TIC 430590314,131.2096,-44.5417,6.05,0,,,,,6,6.3,ok
TIC 355406796,110.0907,-52.3083,6.05,0,,,,,11,9.8,ok
TIC 5622007,143.2816,-39.1288,6.06,0,,,,,5,5.4,ok
TIC 280198016,144.1059,-48.7513,6.06,0,,39.0,rejete,variabilite_continue;eclipse_secondaire,7,11.5,ok
TIC 122258932,133.2655,-56.6492,6.06,0,,,,,10,10.0,ok
TIC 342754262,125.3004,-57.9732,6.06,0,,,,,12,9.7,ok
TIC 275249788,148.0494,2.4548,6.07,0,,,,,6,7.6,ok
TIC 25321576,143.7986,-35.8238,6.07,0,,,,,7,8.0,ok
TIC 286069970,123.855,-52.0607,6.07,0,,,,,11,11.1,ok
TIC 41533357,93.7747,-71.7024,6.07,0,,,,,41,9.6,ok
TIC 81802909,123.5994,-45.8345,6.08,0,,,,,8,8.2,ok
TIC 291635915,111.8529,-51.4026,6.08,0,,,,,11,9.8,ok
TIC 284843115,116.3251,-43.7526,6.09,0,,33.2,rejete,variabilite_continue;eclipse_secondaire,7,11.1,ok
TIC 279360385,104.6512,-56.3951,6.09,0,,,,,36,9.7,ok
TIC 71450103,155.141,-31.8133,6.1,0,,,,,5,5.4,ok
TIC 52108537,155.2829,-17.9852,6.1,0,,,,,6,6.5,ok
TIC 5529673,155.5536,-19.8665,6.1,0,,,,,6,6.1,ok
TIC 308883781,152.4853,-12.0954,6.1,0,,,,,4,4.4,ok
TIC 167814656,104.9962,-61.3343,6.1,0,,,,,44,10.0,ok
TIC 36808779,150.8355,-46.6363,6.11,0,,,,,6,6.4,ok
TIC 22235339,149.1946,-26.5495,6.11,0,,,,,5,5.5,ok
TIC 149248196,82.1875,-65.4475,6.11,0,,,,,36,9.8,ok
TIC 132306548,148.4586,-51.1467,6.11,0,,,,,8,8.2,ok
TIC 386016946,138.8233,-58.3884,6.12,0,,,,,10,10.1,ok
TIC 38425450,60.6173,-61.3562,6.12,0,,,,,21,10.6,ok
TIC 190158777,132.4676,-39.1413,6.12,0,,,,,5,5.2,ok
TIC 74890052,138.127,-43.6132,6.13,0,,,,,6,6.3,ok
TIC 285029577,119.7574,-45.2158,6.13,0,,,,,8,8.2,ok
TIC 432192080,154.1905,-20.6698,6.14,0,,,,,6,6.0,ok
TIC 140066660,127.4399,-46.3316,6.14,0,,,,,8,8.3,ok
TIC 22234795,149.2248,-27.475,6.14,0,,,,,5,5.9,ok
TIC 268181496,116.0509,-50.4557,6.14,0,,,,,8,8.1,ok
TIC 341547269,120.3459,-54.5155,6.15,0,,166.3,rejete,variabilite_continue;eclipse_secondaire,9,18.0,ok
TIC 189621047,144.1393,-24.7024,6.15,0,,,,,5,5.2,ok
TIC 47723906,159.0188,-26.676,6.15,0,,,,,5,5.6,ok
TIC 141411201,84.2619,-73.7001,6.15,0,,,,,42,9.8,ok
TIC 441435570,145.4495,-55.2137,6.15,0,,,,,8,8.4,ok
TIC 124534956,158.7092,-3.9008,6.16,0,,,,,5,5.2,ok
TIC 268119987,115.8389,-52.1631,6.16,0,,,,,10,11.0,ok
TIC 38602305,64.4179,-63.2552,6.16,0,,,,,43,10.3,ok
TIC 267457243,113.6649,-51.4745,6.17,0,,,,,10,10.3,ok
TIC 53292822,126.2384,-42.7698,6.17,0,,,,,7,7.7,ok
TIC 101395750,148.6324,-22.4875,6.17,0,,,,,7,7.6,ok
TIC 45653822,148.9957,-39.5537,6.17,0,,,,,5,12.1,ok
TIC 267760642,114.7511,-53.2733,6.18,0,,,,,8,8.0,ok
TIC 29207816,132.5875,-42.0898,6.19,0,,,,,5,5.3,ok
TIC 384261503,136.1995,-57.8524,6.19,0,,61.6,rejete,variabilite_continue;eclipse_secondaire;compagnon_trop_gros_2.0Rjup,5,8.4,ok
TIC 238283603,120.1206,-48.8718,6.19,0,,,,,4,4.5,ok
TIC 269566777,119.5888,-51.4482,6.19,0,,,,,7,7.1,ok
TIC 142085842,98.51,-77.6881,6.19,0,,,,,42,9.7,ok
TIC 47789691,129.3732,-33.746,6.2,0,,,,,6,6.3,ok
TIC 391844777,160.5572,-13.7889,6.2,0,,,,,5,5.2,ok
TIC 453099404,116.0533,-69.8215,6.21,0,,,,,44,9.6,ok
TIC 259909186,144.6693,-39.6144,6.21,0,,,,,6,6.2,ok
TIC 26209304,152.8241,-7.3167,6.21,0,,,,,4,4.2,ok
TIC 74792160,138.057,-45.8484,6.21,0,,,,,6,6.3,ok
TIC 70986117,152.9545,-34.3343,6.22,0,,,,,3,3.6,ok
TIC 37435039,134.9276,-27.8166,6.22,0,,,,,5,5.3,ok
TIC 21895899,147.1773,-26.4142,6.22,0,,,,,6,6.1,ok
TIC 29987134,72.8354,-68.0692,6.22,0,,,,,43,10.3,ok
TIC 272427921,119.8155,-73.2443,6.22,0,,,,,29,9.4,ok
TIC 374861869,88.5497,-64.4818,6.23,0,,,,,25,9.9,ok
TIC 384642833,136.6417,-55.8024,6.23,0,,,,,6,6.8,ok
TIC 38125059,137.1499,-25.8394,6.24,1,2.8292,11.1,rejete,variabilite_continue;eclipse_secondaire,5,8.1,ok
TIC 189476500,143.0759,-28.6275,6.24,0,,,,,5,5.1,ok
TIC 1740238,132.59,-28.6177,6.25,1,1.5761,12.2,rejete,variabilite_continue;eclipse_secondaire,6,9.7,ok
TIC 374859347,88.5169,-60.0239,6.25,0,,,,,42,9.6,ok
TIC 358509793,119.3031,-63.2967,6.25,0,,,,,21,9.4,ok
TIC 133043643,149.4274,-48.4141,6.25,1,5.1293,32.5,rejete,variabilite_continue;eclipse_secondaire,6,10.3,ok
TIC 262719749,149.2013,4.2417,6.26,0,,,,,7,6.9,ok
TIC 181600430,131.5988,-41.1253,6.26,0,,,,,6,6.2,ok
TIC 143488434,117.9181,-42.8882,6.26,0,,,,,8,7.8,ok
TIC 410211461,133.9826,-23.818,6.26,0,,,,,7,6.9,ok
TIC 362970860,145.8648,-51.2281,6.27,0,,,,,5,5.6,ok
TIC 308838551,152.1473,-15.6119,6.27,0,,,,,5,5.2,ok
TIC 319324516,151.7822,-21.2557,6.27,0,,,,,4,4.2,ok
TIC 11559798,149.7761,-23.9507,6.28,0,,,,,6,6.3,ok
TIC 140893238,76.5392,-73.0372,6.28,0,,245.6,rejete,variabilite_continue;eclipse_secondaire,43,14.4,ok
TIC 185099888,128.5467,-36.9058,6.28,0,,,,,6,6.3,ok
TIC 279159916,103.1892,-59.3409,6.29,0,,,,,29,9.4,ok
TIC 47144803,145.0835,-10.7692,6.29,0,,,,,5,5.4,ok
TIC 145253043,132.0031,-49.5753,6.29,0,,,,,8,8.2,ok
TIC 193032655,155.98,-29.6448,6.29,0,,,,,7,7.7,ok
TIC 308542383,121.1788,-62.8363,6.29,0,,,,,22,9.2,ok
TIC 80263196,121.3345,-46.9784,6.29,0,,,,,6,6.2,ok
TIC 413205850,143.8906,-19.5836,6.29,0,,,,,4,4.1,ok
TIC 150442264,97.7942,-61.8795,6.29,0,,61.8,rejete,variabilite_continue;eclipse_secondaire,39,14.9,ok
TIC 52106348,155.369,-23.7107,6.3,0,,,,,7,7.2,ok
TIC 182220794,123.2148,-37.9245,6.3,0,,,,,6,6.4,ok
TIC 168141109,153.0116,-28.606,6.3,0,,,,,5,5.5,ok
TIC 269482091,119.3335,-47.8906,6.3,0,,,,,5,5.3,ok
TIC 179231129,158.9119,-18.5689,6.3,0,,,,,5,5.1,ok
TIC 56719508,159.0726,-10.5836,6.3,0,,,,,3,3.5,ok
TIC 38586082,64.088,-60.9484,6.31,0,,,,,33,9.5,ok
TIC 307935244,138.8539,-15.025,6.32,0,,,,,4,4.5,ok
TIC 190856325,134.0812,-37.1224,6.32,0,,,,,4,4.2,ok
TIC 281285820,151.0115,-18.1014,6.32,0,,,,,5,5.2,ok
TIC 189271286,141.6869,-28.7877,6.33,0,,,,,5,4.9,ok
TIC 868508027,143.4348,-49.0054,6.33,0,,,,,6,6.3,ok
TIC 344955457,152.172,1.1609,6.33,0,,,,,6,6.1,ok
TIC 296999294,141.9887,-53.5174,6.33,0,,,,,8,8.2,ok
TIC 382959522,137.4375,-49.4246,6.33,0,,,,,8,7.9,ok
TIC 47124392,144.9474,-10.5702,6.33,0,,,,,4,4.1,ok
TIC 269256493,118.7516,-52.5832,6.34,0,,,,,8,8.5,ok
TIC 134321089,122.1568,-37.6812,6.34,0,,,,,8,7.6,ok
TIC 4422468,140.9362,-37.7567,6.34,0,,,,,6,6.0,ok
TIC 410451090,119.917,-60.2073,6.34,0,,,,,20,9.6,ok
TIC 348901198,148.6447,-12.9532,6.34,0,,,,,6,5.8,ok
TIC 150150734,93.0472,-65.5301,6.35,0,,,,,28,9.8,ok
TIC 81419057,123.1282,-46.2642,6.36,0,,,,,6,6.4,ok
TIC 140310392,127.6633,-44.7373,6.37,0,,,,,6,6.2,ok
TIC 141026903,78.8529,-73.5884,6.37,0,,,,,32,10.3,ok
TIC 32035258,56.3494,-71.6578,6.37,0,,,,,24,10.5,ok
TIC 306735869,120.6272,-66.0219,6.37,0,,,,,34,9.5,ok
TIC 350295056,83.394,-57.0828,6.38,0,,,,,21,10.1,ok
TIC 386753850,139.8852,-55.1864,6.38,0,,,,,6,6.7,ok
TIC 145240385,132.0006,-52.85,6.38,0,,,,,4,4.6,ok
TIC 308748912,122.1025,-63.8008,6.38,0,,,,,24,9.6,ok
TIC 260420061,95.9457,-58.5437,6.38,0,,,,,44,9.5,ok
TIC 150357404,96.2324,-63.8281,6.38,0,,,,,39,10.0,ok
TIC 123565844,115.3405,-44.6321,6.38,0,,,,,6,6.7,ok
TIC 277103567,84.229,-66.5602,6.38,0,,,,,29,9.7,ok
TIC 61004258,140.7117,-9.8389,6.39,0,,,,,4,4.3,ok
TIC 25784722,145.6721,-35.5017,6.4,0,,,,,6,5.9,ok
TIC 220456828,74.2811,-58.069,6.4,0,,,,,42,9.4,ok
TIC 300329283,111.1549,-71.4704,6.4,0,,,,,31,9.5,ok
TIC 77549396,142.2894,-2.7509,6.4,0,,,,,4,4.1,ok
TIC 185013064,128.3663,-41.6177,6.41,0,,,,,7,7.0,ok
TIC 275358524,149.929,3.385,6.41,0,,,,,7,7.0,ok
TIC 280495780,144.369,-49.9894,6.42,0,,,,,8,8.4,ok
TIC 296449358,141.401,-53.2524,6.42,0,,162.2,rejete,variabilite_continue;eclipse_secondaire;compagnon_trop_gros_2.1Rjup,8,12.9,ok
TIC 45192367,130.181,-57.5454,6.42,0,,,,,9,9.1,ok
TIC 185755388,130.7374,-35.9432,6.42,0,,,,,5,5.5,ok
TIC 24733359,141.9098,-35.0076,6.43,0,,39.1,rejete,variabilite_continue;eclipse_secondaire;compagnon_trop_gros_2.5Rjup,6,9.6,ok
TIC 238069953,104.4392,-52.6511,6.43,0,,,,,19,10.1,ok
TIC 341545909,120.3813,-55.4546,6.43,0,,,,,9,9.2,ok
TIC 122499093,133.7249,-58.2395,6.44,0,,,,,8,8.1,ok
TIC 149990865,90.4733,-64.8609,6.45,0,,,,,14,10.5,ok
TIC 167005517,94.813,-69.7841,6.45,0,,,,,41,9.8,ok
TIC 47089299,144.4642,-9.4244,6.45,0,,,,,5,5.2,ok
TIC 11970069,146.3499,-32.6829,6.46,0,,,,,5,5.1,ok
TIC 46799491,141.8109,-9.2238,6.47,0,,,,,4,4.1,ok
TIC 339635291,110.0953,-56.2942,6.47,0,,,,,23,9.3,ok
TIC 77855134,142.3268,-44.5389,6.47,2,2.3796;2.3564,17.0,rejete,variabilite_continue;eclipse_secondaire,7,13.5,ok
TIC 35055332,147.7838,-43.5061,6.47,0,,,,,7,7.2,ok
TIC 268046766,115.7791,-49.9931,6.48,0,,,,,6,6.3,ok
TIC 134747048,122.757,-37.2923,6.48,0,,,,,6,6.1,ok
TIC 12008201,146.4989,-35.8644,6.48,0,,,,,5,5.0,ok
TIC 19676627,139.9496,-34.1034,6.48,0,,,,,4,4.4,ok
TIC 44645100,146.0646,-39.5712,6.48,0,,,,,6,6.0,ok
TIC 401751570,135.772,-53.5503,6.49,0,,,,,6,6.5,ok
TIC 340358640,115.5425,-58.6309,6.49,0,,,,,19,9.4,ok
TIC 238235259,119.8012,-49.9768,6.5,1,5.5702,21.7,rejete,variabilite_continue,6,10.1,ok
TIC 78004131,142.3679,-44.5322,6.5,0,,,,,6,6.4,ok
TIC 118457056,129.0423,-56.7127,6.5,0,,,,,10,10.3,ok
TIC 238235254,119.8064,-49.9737,6.5,1,5.5702,25.7,a_verifier,,6,10.1,ok
TIC 430595969,131.1873,-42.6366,6.5,0,,,,,5,6.0,ok
TIC 147234207,124.8729,-34.5901,6.5,0,,,,,6,7.1,ok
TIC 29210198,132.8656,-42.5044,6.51,0,,,,,5,6.5,ok
TIC 186147640,131.7051,-34.6229,6.52,0,,,,,5,7.2,ok
TIC 238489837,121.6733,-48.4973,6.52,0,,,,,7,8.7,ok
TIC 75317451,138.8109,-45.5555,6.53,0,,,,,5,5.3,ok
TIC 25078674,60.1825,-71.1666,6.53,0,,,,,21,9.8,ok
TIC 93268488,129.6864,-53.0902,6.54,0,,,,,6,6.5,ok
TIC 150394126,96.9526,-62.1497,6.54,0,,28.4,rejete,variabilite_continue;eclipse_secondaire,40,15.3,ok
TIC 432160276,137.5956,-23.1767,6.54,0,,,,,5,5.2,ok
TIC 183356952,125.3654,-39.7038,6.54,0,,,,,7,7.4,ok
TIC 140258376,127.7941,-47.8666,6.54,0,,,,,8,8.1,ok
TIC 89408968,126.8647,-55.0111,6.54,0,,33.5,rejete,variabilite_continue;eclipse_secondaire,8,13.2,ok
TIC 143389181,117.8347,-43.0952,6.54,0,,,,,6,6.3,ok
TIC 293975288,107.0274,-57.3309,6.54,0,,,,,36,9.6,ok
TIC 60905906,139.8908,-11.3149,6.55,0,,,,,4,4.3,ok
TIC 386646447,139.8335,-58.9294,6.55,0,,,,,9,9.0,ok
TIC 60908478,140.0874,-9.6104,6.56,0,,,,,3,3.6,ok
TIC 132823272,149.0911,-51.3362,6.56,0,,,,,7,8.1,ok
TIC 182889144,124.5533,-37.3746,6.56,0,,,,,5,5.3,ok
TIC 11972111,146.3416,-30.2027,6.56,0,,,,,5,5.1,ok
TIC 321289619,159.2495,-8.8403,6.56,0,,,,,5,5.8,ok
TIC 220405047,70.0744,-58.9427,6.57,0,,,,,16,9.6,ok
TIC 118829622,134.9728,-22.6913,6.57,0,,,,,5,5.1,ok
TIC 293973218,106.8177,-59.7164,6.57,0,,,,,44,9.7,ok
TIC 294327312,108.8709,-58.5426,6.58,0,,107.3,rejete,variabilite_continue;eclipse_secondaire;compagnon_trop_gros_5.0Rjup,23,15.1,ok
TIC 300604036,113.3408,-68.7686,6.59,0,,,,,21,9.5,ok
TIC 38909679,69.7053,-62.3783,6.6,0,,,,,21,9.5,ok
TIC 184071291,126.5738,-39.0589,6.6,0,,,,,6,6.2,ok
TIC 409941263,145.0109,-12.9974,6.61,0,,,,,4,4.2,ok
TIC 55404385,78.0134,-65.1753,6.61,0,,17.8,rejete,eclipse_secondaire,39,14.5,ok
TIC 21812308,146.5899,-27.2766,6.61,0,,,,,4,4.4,ok
TIC 355941506,132.8626,-61.3619,6.62,0,,,,,10,9.9,ok
TIC 38510324,62.531,-61.5995,6.62,0,,,,,32,9.5,ok
TIC 5622763,143.3186,-38.6371,6.63,0,,,,,7,7.0,ok
TIC 270734635,132.0365,-42.4634,6.63,0,,,,,3,3.4,ok
TIC 308019693,155.2067,-15.4778,6.63,0,,,,,4,4.2,ok
TIC 437873486,141.8799,-58.0946,6.64,0,,,,,5,5.3,ok
TIC 184983647,128.3327,-38.3706,6.64,0,,,,,6,6.4,ok
TIC 141186075,81.3264,-75.6946,6.64,0,,,,,42,9.4,ok
TIC 184743673,127.8528,-39.064,6.64,0,,,,,6,6.2,ok
TIC 55172317,163.2024,-6.8233,6.65,0,,,,,4,4.6,ok
TIC 80989564,122.4486,-42.6408,6.65,0,,,,,6,6.4,ok
TIC 410060772,161.9081,-15.262,6.65,0,,31.1,rejete,variabilite_continue;eclipse_secondaire;compagnon_trop_gros_2.5Rjup,4,7.0,ok
TIC 358467471,119.0656,-61.0993,6.66,0,,,,,20,9.2,ok
TIC 300160320,109.2389,-71.7492,6.66,0,,,,,41,10.1,ok
TIC 118405580,128.9664,-56.3722,6.66,0,,,,,6,6.3,ok
TIC 300088321,108.0771,-67.7842,6.67,0,,,,,43,9.5,ok
TIC 143840974,118.944,-43.845,6.67,0,,,,,7,7.0,ok
TIC 370041241,65.9833,-66.7367,6.67,0,,,,,23,9.7,ok
TIC 5508565,155.399,-22.5285,6.68,0,,,,,6,6.1,ok
TIC 190166086,132.4808,-36.6159,6.68,0,,,,,5,5.0,ok
TIC 308985557,150.9233,-25.3167,6.69,0,,,,,5,5.0,ok
TIC 332635310,137.1013,-15.1462,6.69,0,,,,,5,5.4,ok
TIC 31716749,136.6623,-43.4907,6.69,0,,,,,6,6.1,ok
TIC 169248301,160.7021,-2.1853,6.69,0,,,,,7,7.2,ok
TIC 364395684,116.5961,-61.4282,6.7,0,,,,,34,9.3,ok
TIC 140898575,76.6534,-77.5704,6.7,0,,,,,43,9.6,ok
TIC 283994666,152.088,-19.7575,6.71,0,,,,,6,5.9,ok
TIC 168276119,154.0152,-28.6135,6.72,0,,,,,5,5.1,ok
TIC 349190908,108.5921,-61.0697,6.72,0,,,,,42,9.2,ok
TIC 180581211,129.0968,-38.4549,6.73,0,,,,,5,6.1,ok
TIC 193028886,155.8745,-26.056,6.73,0,,,,,6,6.1,ok
TIC 382259669,82.6858,-57.1601,6.73,0,,,,,33,9.9,ok
TIC 145923579,133.1699,-52.1288,6.73,0,,,,,7,7.3,ok
TIC 238196350,57.0495,-74.6939,6.74,0,,,,,31,10.1,ok
TIC 37644584,135.4521,-26.5615,6.74,0,,,,,4,4.3,ok
TIC 37691927,135.7867,-25.5042,6.74,0,,,,,4,4.2,ok
TIC 344175577,108.416,-53.6678,6.75,0,,,,,7,6.9,ok
TIC 267330921,113.3638,-50.5842,6.75,0,,,,,5,5.3,ok
TIC 453096328,114.0801,-69.0564,6.76,0,,,,,30,10.0,ok
TIC 278684081,99.114,-57.5388,6.76,0,,,,,42,9.4,ok
TIC 176935619,100.6061,-67.8428,6.76,0,,,,,39,9.5,ok
TIC 355084100,129.8044,-60.3172,6.76,0,,55.3,rejete,variabilite_continue;eclipse_secondaire,7,11.7,ok
TIC 374858533,88.3113,-61.8394,6.76,0,,,,,30,9.7,ok
TIC 300448625,111.7724,-68.6148,6.77,0,,,,,41,9.6,ok
TIC 21841664,146.9172,-28.3798,6.77,0,,,,,5,5.2,ok
TIC 294392620,108.9884,-55.7327,6.77,0,,,,,22,9.3,ok
TIC 220405048,70.0765,-58.9427,6.77,0,,,,,34,9.6,ok
TIC 31921921,136.9271,-44.6324,6.79,0,,,,,6,6.1,ok
TIC 140596513,68.6464,-72.7334,6.79,0,,61.1,rejete,variabilite_continue;eclipse_secondaire,21,15.0,ok
TIC 385328237,137.9075,-54.0369,6.8,0,,,,,2,2.8,ok
TIC 372819370,67.8489,-59.7668,6.81,0,,,,,19,9.8,ok
TIC 271972463,113.9039,-75.5443,6.81,0,,,,,41,10.1,ok
TIC 306739463,120.8379,-69.9715,6.81,0,,,,,28,9.7,ok
TIC 141811261,92.6101,-77.1055,6.82,0,,,,,21,9.6,ok
TIC 372913233,119.4384,-60.9264,6.83,0,,,,,22,9.7,ok
TIC 45992056,150.0228,-36.0428,6.83,0,,,,,6,6.5,ok
TIC 279249351,103.9717,-56.9381,6.83,0,,,,,43,9.6,ok
TIC 344081664,107.8819,-49.4185,6.84,0,,,,,10,10.0,ok
TIC 81614523,123.5221,-46.9174,6.86,0,,,,,6,6.2,ok
TIC 26074881,151.1125,-7.2198,6.86,0,,,,,2,2.6,ok
TIC 32001054,56.195,-70.0273,6.86,0,,,,,35,9.8,ok
TIC 297244521,142.0871,-49.655,6.86,0,,,,,6,6.3,ok
TIC 360830784,143.1327,-60.5234,6.86,0,,,,,7,7.3,ok
TIC 440745541,144.5001,-59.3986,6.86,0,,,,,6,6.6,ok
TIC 167415800,99.4102,-70.6041,6.86,0,,,,,40,9.8,ok
TIC 94193093,130.9635,-50.6557,6.86,0,,,,,?,0.4,erreur
TIC 191748452,135.9929,-36.7386,6.87,0,,,,,3,3.4,ok
TIC 167889542,105.2708,-65.706,6.88,0,,,,,44,9.3,ok
TIC 186760876,133.504,-35.6494,6.88,0,,,,,4,4.3,ok
TIC 189996908,132.1786,-39.2335,6.89,0,,,,,4,4.3,ok
TIC 357534718,137.5318,-65.4891,6.89,0,,,,,9,9.0,ok
TIC 415644524,147.7826,-18.6585,6.89,0,,,,,3,3.5,ok
TIC 54986166,160.474,-6.5749,6.9,0,,,,,4,4.5,ok
TIC 101496357,149.2445,-34.8255,6.9,0,,,,,5,6.0,ok
TIC 44308541,145.2914,-36.0281,6.9,0,,,,,4,4.4,ok
TIC 55501315,71.8412,-61.4763,6.9,0,,,,,42,9.7,ok
TIC 149479101,85.4896,-62.9137,6.9,0,,,,,29,11.1,ok
TIC 46907042,143.1048,-11.1844,6.91,0,,,,,4,4.3,ok
TIC 53178075,166.1715,-4.2218,6.91,0,,,,,3,3.6,ok
TIC 60953597,140.1838,-7.7302,6.92,0,,,,,4,4.2,ok
TIC 70871696,152.3808,-32.8464,6.93,0,,,,,5,5.1,ok
TIC 383287216,134.2644,-59.2265,6.93,0,,,,,2,2.6,ok
TIC 308840739,152.2837,-15.4959,6.93,0,,,,,4,4.2,ok
TIC 79698690,120.6112,-46.3347,6.93,0,,,,,7,7.0,ok
TIC 307993483,129.086,-70.6766,6.94,0,,38.8,rejete,variabilite_continue;eclipse_secondaire,18,17.1,ok
TIC 348964243,149.2409,-15.8956,6.94,0,,,,,5,5.1,ok
TIC 299475000,143.688,-52.028,6.94,0,,,,,8,7.9,ok
TIC 268181483,116.0674,-50.4656,6.94,0,,,,,8,7.9,ok
TIC 296727317,141.9749,-14.8688,6.95,0,,,,,4,4.1,ok
TIC 33770773,63.2798,-72.8205,6.95,0,,,,,42,9.3,ok
TIC 440537642,144.5133,-54.219,6.95,0,,,,,4,4.6,ok
TIC 455284843,147.5542,0.1047,6.95,0,,,,,5,5.1,ok
TIC 344988456,152.3462,2.371,6.95,0,,,,,6,6.0,ok
TIC 350858713,90.2309,-54.9513,6.96,0,,,,,42,9.7,ok
TIC 281062539,144.9178,-48.2368,6.96,0,,,,,6,6.2,ok
TIC 180499294,128.933,-40.8687,6.96,0,,,,,4,4.3,ok
TIC 123477856,115.0338,-44.4298,6.96,0,,,,,8,8.2,ok
TIC 453059861,145.8639,2.6275,6.97,0,,,,,6,6.0,ok
TIC 300703532,114.56,-67.4481,6.97,0,,,,,43,10.1,ok
TIC 422246633,162.6044,-15.1048,6.97,0,,,,,4,4.4,ok
TIC 47336144,162.3216,-4.0239,6.97,0,,,,,7,7.0,ok
TIC 271638135,108.8786,-75.8642,6.98,0,,,,,40,9.5,ok
TIC 296940878,158.9304,-13.9569,6.98,0,,,,,3,3.4,ok
TIC 45889557,131.273,-58.7243,6.98,0,,,,,8,7.9,ok
TIC 238666031,122.7412,-48.501,6.98,0,,,,,9,8.8,ok
TIC 45421861,148.3453,-38.4088,6.98,0,,,,,6,6.0,ok
TIC 355840538,132.4075,-62.5087,6.99,0,,,,,11,9.7,ok
TIC 35426426,148.4037,-42.3106,6.99,0,,,,,5,5.7,ok
TIC 340362225,115.5484,-55.1789,6.99,0,,,,,8,8.2,ok
TIC 349273907,109.1557,-64.1242,6.99,0,,,,,44,9.9,ok
TIC 294754816,71.497,-66.0785,6.99,0,,,,,42,9.9,ok
TIC 380024477,109.5516,-51.0515,7.0,0,,,,,10,10.2,ok
TIC 62734192,145.1321,-1.7303,7.0,0,,,,,2,2.7,ok
TIC 132085925,119.1005,-40.7361,7.0,0,,,,,6,6.5,ok
TIC 192582678,155.191,-19.0495,7.02,0,,,,,6,6.0,ok
TIC 140986020,128.9047,-42.5604,7.02,0,,,,,7,7.3,ok
TIC 457254512,124.3924,-58.6974,7.03,0,,,,,6,6.8,ok
TIC 358763709,151.5166,-42.5248,7.03,0,,,,,3,3.5,ok
TIC 357020772,135.7971,-62.3512,7.03,0,,,,,7,7.3,ok
TIC 32001057,56.2563,-70.0248,7.03,0,,,,,36,9.7,ok
TIC 350518530,86.0566,-55.6952,7.04,0,,,,,40,10.2,ok
TIC 231074032,67.5507,-67.8746,7.05,0,,,,,43,9.7,ok
TIC 432373301,146.3411,-49.8125,7.05,0,,,,,7,7.7,ok
TIC 45889555,131.2709,-58.7239,7.05,0,,,,,8,8.5,ok
TIC 131847036,118.8243,-41.8292,7.08,0,,,,,8,8.2,ok
TIC 143452776,155.5964,-4.4253,7.08,0,,,,,3,3.5,ok
TIC 271971626,113.8402,-74.2748,7.09,0,,,,,42,9.6,ok
TIC 55222124,163.1832,-11.4226,7.09,0,,,,,4,4.7,ok
TIC 376987652,77.6087,-80.4073,7.1,0,,,,,22,9.9,ok
TIC 286132101,146.6799,-3.211,7.1,0,,,,,3,3.4,ok
TIC 78104629,142.5806,-44.8598,7.1,0,,,,,5,5.4,ok
TIC 439237157,143.1713,-54.8307,7.1,0,,,,,6,6.4,ok
TIC 150143137,92.7206,-61.4996,7.1,0,,,,,38,10.1,ok
TIC 370101728,69.9901,-71.5059,7.1,0,,,,,41,9.5,ok
TIC 183513288,125.5341,-40.9912,7.11,0,,,,,7,7.1,ok
TIC 24912764,142.3699,-34.0301,7.11,0,,,,,3,3.4,ok
TIC 45553805,148.6205,-37.2904,7.11,0,,,,,5,5.2,ok
TIC 355276484,108.8698,-48.2289,7.11,0,,,,,10,9.9,ok
TIC 287636970,125.2876,-71.9681,7.12,0,,,,,20,9.6,ok
TIC 375057127,99.6602,-60.183,7.12,0,,95.6,rejete,variabilite_continue;eclipse_secondaire,30,14.8,ok
TIC 370222613,73.3667,-72.7649,7.13,0,,,,,22,10.3,ok
TIC 445968442,147.1921,-52.6141,7.13,0,,,,,8,8.1,ok
TIC 279317755,104.0975,-57.5775,7.13,0,,,,,42,9.4,ok
TIC 176931266,100.2607,-70.6507,7.13,0,,,,,19,9.7,ok
TIC 126738447,136.985,-50.4834,7.13,0,,,,,8,8.1,ok
TIC 55661424,74.2774,-65.0156,7.14,0,,,,,20,9.7,ok
TIC 44988465,146.8693,-37.7246,7.15,0,,,,,6,6.7,ok
TIC 300811971,116.5761,-71.7199,7.15,0,,,,,41,9.5,ok
TIC 140827588,75.4836,-76.6294,7.15,0,,,,,42,9.7,ok
TIC 349764112,112.8501,-64.3719,7.16,0,,,,,42,9.3,ok
TIC 260542710,97.076,-59.6179,7.16,0,,,,,41,9.4,ok
TIC 299901449,106.4047,-71.2704,7.16,0,,,,,43,9.5,ok
TIC 177309385,103.3171,-74.7239,7.16,0,,,,,42,9.3,ok
TIC 150165182,93.1342,-61.474,7.17,0,,,,,27,9.8,ok
TIC 391808645,160.0417,-16.3731,7.17,0,,,,,5,5.4,ok
TIC 455277613,146.8459,2.3152,7.17,0,,,,,7,7.0,ok
TIC 237932348,58.8484,-60.9071,7.17,0,,,,,18,10.5,ok
TIC 260474813,96.2741,-55.7248,7.17,0,,,,,41,9.6,ok
TIC 306668068,120.3859,-70.0231,7.17,0,,,,,40,9.5,ok
TIC 446046563,147.5206,-50.6269,7.17,0,,,,,6,6.4,ok
TIC 364399376,119.761,-61.5834,7.18,0,,80.0,rejete,variabilite_continue;eclipse_secondaire;compagnon_trop_gros_6.6Rjup,24,15.3,ok
TIC 36954567,157.048,-6.6025,7.18,0,,,,,4,4.5,ok
TIC 166972537,94.5865,-69.1627,7.18,0,,,,,41,9.9,ok
TIC 410060775,161.9174,-15.244,7.18,0,,,,,5,5.5,ok
TIC 101416882,148.9501,-20.7481,7.18,0,,,,,7,7.0,ok
TIC 389920950,87.7523,-69.9029,7.18,0,,,,,37,12.4,ok
TIC 132702068,119.9949,-41.7046,7.19,0,,,,,8,15.9,ok
TIC 453032130,144.5695,1.8347,7.2,0,,,,,2,11.6,ok
TIC 55497281,71.7184,-60.6026,7.2,0,,,,,43,13.3,ok
TIC 190118490,132.2726,-39.9535,7.21,0,,,,,5,7.1,ok
TIC 384722208,136.9162,-59.1846,7.21,0,,,,,8,10.7,ok
TIC 279477956,105.4451,-56.6214,7.21,0,,,,,34,9.6,ok
TIC 410060661,161.9012,-15.6271,7.21,0,,,,,4,4.2,ok
TIC 284194255,105.7981,-66.8886,7.22,0,,,,,38,9.5,ok
TIC 55272404,76.5465,-62.7874,7.22,0,,,,,40,9.4,ok
TIC 260655847,98.1444,-55.6492,7.23,0,,,,,43,9.6,ok
TIC 77612635,153.0725,-3.7474,7.24,0,,,,,4,4.8,ok
TIC 140828939,75.2897,-74.3408,7.24,0,,,,,28,9.6,ok
TIC 293627859,156.958,-15.9185,7.24,0,,,,,2,2.7,ok
TIC 407621805,71.0242,-76.3048,7.25,0,,,,,43,9.8,ok
TIC 182320704,123.5158,-36.9522,7.25,0,,,,,4,4.4,ok
TIC 455274780,146.6343,1.7189,7.25,0,,,,,5,5.2,ok
TIC 372908110,98.0401,-65.315,7.25,0,,,,,38,9.2,ok
TIC 145151809,131.8121,-51.9216,7.25,1,3.5369,74.3,rejete,variabilite_continue,7,11.9,ok
TIC 237920961,57.0102,-64.8359,7.25,0,,,,,28,9.7,ok
TIC 285833485,130.5287,-42.9301,7.26,0,,,,,6,6.4,ok
TIC 29832209,66.444,-69.9936,7.26,0,,,,,42,9.4,ok
TIC 410324206,150.2948,-23.1464,7.26,0,,,,,4,4.4,ok
TIC 237933846,58.9584,-65.1861,7.27,0,,,,,34,9.7,ok
TIC 55792361,126.3237,-34.3672,7.27,0,,,,,7,6.9,ok
TIC 167303815,97.9622,-68.1201,7.27,0,,,,,20,9.5,ok
TIC 30631031,75.1644,-70.6238,7.28,0,,47.9,rejete,variabilite_continue;eclipse_secondaire,32,19.4,ok
TIC 290892016,143.0493,-3.5152,7.28,0,,,,,2,2.9,ok
TIC 296657146,141.6787,-14.4917,7.28,0,,,,,4,4.2,ok
TIC 44762893,146.4043,-37.8123,7.28,0,,,,,6,6.3,ok
TIC 36733379,154.7509,-11.186,7.29,0,,,,,4,4.4,ok
TIC 260266502,94.0637,-59.2207,7.29,0,,,,,38,9.6,ok
TIC 8001231,157.4545,-3.9155,7.29,0,,,,,5,5.1,ok
TIC 300443794,111.66,-69.5762,7.29,0,,,,,44,10.4,ok
TIC 150064391,91.4243,-61.7485,7.29,0,,,,,37,9.9,ok
TIC 357982928,138.5424,-63.6923,7.29,0,,,,,9,9.1,ok
TIC 38698692,66.2871,-64.0778,7.29,0,,,,,38,9.6,ok
TIC 262686542,148.6432,0.9439,7.29,0,,,,,5,5.1,ok
TIC 294211535,108.2194,-53.8945,7.3,0,,,,,13,9.7,ok
TIC 391901095,115.8335,-70.0649,7.3,0,,,,,42,9.4,ok
TIC 284037902,152.2827,-23.5669,7.3,0,,,,,2,2.6,ok
TIC 19684898,140.1845,-31.7602,7.3,0,,,,,4,4.4,ok
TIC 181272668,130.8176,-39.1375,7.3,0,,,,,6,6.3,ok
TIC 38149453,137.2566,-28.9565,7.3,0,,,,,4,4.1,ok
TIC 167119619,96.0086,-70.1867,7.31,0,,,,,38,9.5,ok
TIC 123216164,114.1569,-44.9872,7.31,0,,,,,?,0.6,erreur
TIC 296735732,142.1449,-16.5239,7.31,0,,,,,4,4.5,ok
TIC 55092869,161.7067,-9.3996,7.32,1,4.7987,31.7,rejete,variabilite_continue;eclipse_secondaire,4,7.2,ok
TIC 123560830,115.2545,-47.8312,7.32,0,,,,,2,3.2,ok
TIC 387103691,140.5062,-54.5428,7.32,0,,50.1,rejete,variabilite_continue;eclipse_secondaire,8,13.4,ok
TIC 26073633,151.1555,-11.7299,7.32,0,,,,,4,5.1,ok
TIC 285214837,119.9765,-46.1688,7.32,0,,,,,3,3.5,ok
TIC 134737814,122.6433,-39.6642,7.33,0,,,,,6,6.6,ok
TIC 93832893,130.4439,-53.0624,7.33,0,,,,,3,3.5,ok
TIC 410060774,161.9169,-15.2458,7.33,0,,,,,1,1.7,ok
TIC 141127435,80.6869,-72.3382,7.33,1,3.2381,31.2,rejete,variabilite_continue;eclipse_secondaire,29,15.5,ok
TIC 287327575,109.613,-57.3519,7.33,0,,,,,24,10.3,ok
TIC 382625142,118.4202,-63.6463,7.34,0,,,,,37,10.7,ok
TIC 389506883,86.1266,-70.1349,7.35,0,,,,,42,10.3,ok
TIC 410061160,161.8699,-13.9794,7.35,0,,,,,4,4.8,ok
TIC 382198917,81.5181,-58.5614,7.36,0,,,,,21,9.4,ok
TIC 22221375,149.123,-24.0991,7.36,0,,19.3,rejete,variabilite_continue,6,9.9,ok
TIC 143406721,155.3425,-0.2202,7.36,0,,,,,6,6.2,ok
TIC 77560275,152.5993,-5.4703,7.36,0,,,,,4,4.3,ok
TIC 349828641,113.5296,-60.2432,7.36,0,,,,,32,9.4,ok
TIC 149120726,80.9416,-62.5822,7.36,0,,,,,40,9.6,ok
TIC 140129494,127.3642,-44.7235,7.36,0,,,,,6,6.7,ok
TIC 381949148,76.447,-57.553,7.36,0,,,,,44,9.7,ok
TIC 55383814,77.4057,-63.7768,7.36,0,,,,,39,10.5,ok
TIC 140689653,73.0158,-72.9946,7.36,0,,,,,41,9.6,ok
TIC 11665403,129.0944,-30.0372,7.37,0,,,,,7,7.6,ok
TIC 386613049,159.642,-17.8877,7.37,0,,,,,4,4.5,ok
TIC 453095415,114.1499,-67.6138,7.37,0,,,,,42,9.7,ok
TIC 289837055,161.4886,-16.7363,7.38,0,,,,,4,4.6,ok
TIC 167925833,151.7101,-24.7158,7.38,0,,,,,6,6.0,ok
TIC 237928695,57.9284,-60.3603,7.38,0,,,,,16,9.5,ok
TIC 300242735,109.8746,-70.2087,7.39,0,,,,,41,9.4,ok
TIC 289735427,146.7078,-16.5466,7.39,0,,,,,4,4.3,ok
TIC 122336360,133.3624,-56.5194,7.39,0,,,,,6,6.2,ok
TIC 357991362,138.5284,-60.5355,7.39,0,,,,,5,6.1,ok
TIC 432752288,146.6505,-50.5759,7.39,0,,,,,7,8.3,ok
TIC 260078030,91.8939,-55.7057,7.4,0,,,,,43,9.5,ok
TIC 44844319,146.5564,-40.6348,7.4,0,,,,,6,6.2,ok
TIC 349156177,108.316,-64.8734,7.4,0,,,,,32,9.4,ok
TIC 41591173,93.9145,-66.2922,7.4,0,,,,,21,9.5,ok
TIC 186315274,132.3625,-30.9341,7.4,0,,,,,3,3.7,ok
TIC 238229227,59.3025,-76.5105,7.41,0,,,,,30,10.0,ok
TIC 267537284,114.2613,-52.3658,7.41,0,,,,,11,9.6,ok
TIC 36733752,154.8174,-11.379,7.42,0,,,,,4,4.4,ok
TIC 349310293,109.6616,-63.3866,7.42,0,,,,,30,9.6,ok
TIC 272322827,119.0376,-71.9849,7.42,0,,,,,41,9.8,ok
TIC 1228450,137.2735,-16.7588,7.42,0,,,,,4,4.4,ok
TIC 220432921,73.4018,-57.3322,7.42,0,,,,,40,9.4,ok
TIC 179305185,79.5599,-69.2503,7.42,0,,,,,32,9.9,ok
TIC 287273024,109.4129,-59.2619,7.42,0,,,,,31,9.5,ok
TIC 340697083,116.9589,-54.2661,7.43,0,,,,,12,9.7,ok
TIC 279056282,102.5102,-55.9036,7.43,0,,,,,26,9.5,ok
TIC 875426293,151.7105,-24.7162,7.44,0,,,,,1,2.1,ok
TIC 80806861,122.2076,-44.7393,7.44,0,,,,,8,8.9,ok
TIC 220457967,74.4918,-57.9674,7.45,0,,,,,21,9.5,ok
TIC 238645199,122.5669,-49.0349,7.45,0,,,,,3,4.6,ok
TIC 350519062,86.0837,-56.9159,7.46,0,,,,,21,10.8,ok
TIC 149631289,87.5773,-62.0804,7.46,0,,,,,34,9.3,ok
TIC 279246287,103.7136,-55.2604,7.46,0,,,,,29,9.4,ok
TIC 380028124,109.7449,-52.54,7.46,0,,,,,10,9.6,ok
TIC 306932279,123.0681,-71.2667,7.46,0,,,,,32,9.4,ok
TIC 294966321,140.6182,-53.7368,7.46,0,,,,,7,7.0,ok
TIC 60320306,111.9282,-47.414,7.46,0,,,,,6,6.1,ok
TIC 140247876,126.6902,-48.9562,7.46,0,,,,,4,4.5,ok
TIC 441753021,145.6669,-55.8312,7.47,0,,,,,3,3.6,ok
TIC 55500825,71.8137,-62.8292,7.47,0,,,,,42,9.5,ok
TIC 306773428,121.1305,-67.208,7.47,0,,21.7,rejete,variabilite_continue;eclipse_secondaire,29,16.0,ok
TIC 294981037,72.2405,-67.7142,7.48,0,,,,,31,9.5,ok
TIC 344927749,151.6274,3.4742,7.48,0,,,,,4,4.1,ok
TIC 308983576,150.9039,-29.0431,7.48,0,,,,,5,5.4,ok
TIC 279050066,102.161,-54.014,7.48,0,,38.8,rejete,variabilite_continue;eclipse_secondaire,20,14.6,ok
TIC 145601161,132.5414,-50.5911,7.48,0,,,,,8,8.1,ok
TIC 189109594,140.7347,-27.1725,7.49,0,,,,,2,2.5,ok
TIC 38634217,65.0795,-63.1738,7.49,1,1.7211,20.4,rejete,variabilite_continue;eclipse_secondaire,43,15.0,ok
TIC 72798054,152.4538,-36.7516,7.5,0,,,,,5,5.9,ok
TIC 149390710,83.9069,-62.0525,7.5,0,,,,,42,10.7,ok
TIC 262571469,114.6451,-54.636,7.5,0,,,,,9,9.0,ok
TIC 176864171,143.2313,-22.5218,7.5,0,,,,,4,4.2,ok
TIC 150431791,97.328,-61.0054,7.51,0,,,,,43,10.5,ok
TIC 382507922,117.1981,-61.1621,7.51,0,,,,,31,9.5,ok
TIC 293936044,106.628,-57.7784,7.51,0,,17.8,rejete,variabilite_continue;eclipse_secondaire,21,19.5,ok
TIC 179687110,147.1496,-0.8105,7.51,0,,,,,2,2.5,ok
TIC 277295979,84.4936,-69.9563,7.51,0,,,,,35,9.4,ok
TIC 302368715,133.4763,-66.8002,7.51,0,,,,,12,10.2,ok
TIC 293271232,98.6952,-63.2622,7.51,0,,,,,30,9.6,ok
TIC 370228164,85.5667,-75.8306,7.51,0,,,,,33,9.5,ok
TIC 364423010,119.6145,-65.005,7.52,0,,,,,34,10.6,ok
TIC 308983854,150.9831,-28.4984,7.52,0,,,,,4,4.3,ok
TIC 432373800,146.265,-49.4847,7.52,0,,,,,7,7.4,ok
TIC 89712532,127.7883,-54.0872,7.52,0,,,,,10,9.7,ok
TIC 300139852,108.7352,-68.0721,7.52,0,,,,,41,10.1,ok
TIC 167303382,97.9853,-68.713,7.52,0,,,,,40,9.9,ok
TIC 281580801,114.2453,-54.0801,7.53,0,,,,,12,9.7,ok
TIC 384947603,137.0539,-57.5553,7.54,0,,,,,7,7.1,ok
TIC 33910267,66.2178,-77.6851,7.54,0,,,,,30,10.4,ok
TIC 189062660,140.3522,-24.8122,7.54,0,,,,,5,5.1,ok
TIC 45687531,131.101,-57.7686,7.54,0,,,,,7,7.5,ok
TIC 177258735,102.2203,-73.299,7.54,0,,,,,41,10.2,ok
TIC 355374784,131.1041,-62.5253,7.54,0,,,,,8,7.9,ok
TIC 32820141,144.2995,-43.273,7.54,0,,,,,7,7.0,ok
TIC 220397769,68.9224,-57.4257,7.54,0,,,,,24,9.4,ok
TIC 262498404,109.8875,-57.4488,7.55,0,,,,,29,10.1,ok
TIC 446207570,147.5447,-49.6202,7.55,0,,,,,6,6.4,ok
TIC 149101226,80.253,-64.3316,7.56,0,,,,,40,9.3,ok
TIC 76334584,140.2116,-42.829,7.56,0,,,,,4,4.6,ok
TIC 386576264,139.5893,-59.6462,7.56,0,,,,,5,5.2,ok
TIC 277888583,157.2272,0.8359,7.56,0,,,,,6,5.9,ok
TIC 8052280,157.7594,-2.5414,7.56,0,,,,,2,2.6,ok
TIC 268499317,116.9865,-49.758,7.56,0,,,,,6,6.3,ok
TIC 44440236,145.3921,-38.4961,7.56,0,,,,,4,4.9,ok
TIC 14309060,144.6169,-2.928,7.57,0,,,,,4,4.4,ok
TIC 101251226,155.893,-12.4863,7.57,0,,,,,4,5.3,ok
TIC 150250617,94.4575,-64.0301,7.58,0,,,,,29,10.0,ok
TIC 260160453,92.7082,-59.7998,7.58,0,,103.2,rejete,variabilite_continue;eclipse_secondaire,39,15.1,ok
TIC 294780563,71.2833,-68.0207,7.58,0,,,,,41,10.2,ok
TIC 370236914,105.2381,-72.5605,7.59,0,,,,,44,10.1,ok
TIC 140578304,67.9837,-75.6816,7.59,0,,,,,43,10.3,ok
TIC 391826567,160.2334,-13.1294,7.59,0,,,,,4,4.2,ok
TIC 434455307,155.902,-23.4673,7.59,0,,,,,3,3.4,ok
TIC 55293744,76.6603,-63.1487,7.59,0,,,,,31,9.6,ok
TIC 260656168,98.2006,-55.0803,7.59,0,,,,,37,9.5,ok
TIC 314865991,53.558,-72.8452,7.6,0,,,,,25,9.8,ok
TIC 38583375,63.5914,-64.9682,7.6,0,,,,,36,9.6,ok
TIC 14346374,163.93,-5.5521,7.61,0,,,,,5,5.3,ok
TIC 396826744,148.2944,-12.5933,7.61,0,,,,,4,4.3,ok
TIC 141943941,95.3335,-75.128,7.62,0,,,,,41,9.6,ok
TIC 37430318,134.8255,-24.7295,7.62,0,,,,,4,4.4,ok
TIC 31104764,76.4957,-68.4163,7.62,0,,,,,41,9.4,ok
TIC 182098386,123.0652,-40.5019,7.62,0,,,,,6,6.3,ok
TIC 340063145,113.245,-55.1585,7.62,0,,,,,17,9.6,ok
TIC 48426955,149.7819,-33.517,7.62,0,,,,,5,5.5,ok
TIC 55741018,74.5899,-63.2137,7.63,0,,,,,43,9.7,ok
TIC 55451918,70.5879,-63.2154,7.63,0,,,,,31,10.3,ok
TIC 434479378,156.1531,-19.0926,7.63,0,,,,,6,6.2,ok
TIC 33861444,64.753,-75.718,7.64,0,,,,,42,9.5,ok
TIC 279157426,103.0538,-56.5091,7.64,0,,,,,40,9.5,ok
TIC 319289907,72.0237,-80.779,7.64,0,,,,,18,10.6,ok
TIC 372913684,119.5121,-60.6147,7.64,0,,,,,22,10.7,ok
TIC 260043481,91.5116,-59.5484,7.64,0,,,,,43,11.0,ok
TIC 177174590,105.1879,-71.3959,7.64,0,,,,,41,9.6,ok
TIC 132698366,119.8926,-40.7524,7.65,0,,,,,8,8.4,ok
TIC 418100884,146.3121,-20.672,7.65,0,,,,,4,4.8,ok
TIC 349973705,114.5658,-63.5741,7.65,0,,,,,34,9.9,ok
TIC 81606112,123.4001,-45.9606,7.65,0,,,,,6,6.5,ok
TIC 179195652,158.1862,-19.2022,7.66,0,,,,,4,4.3,ok
TIC 238125233,105.5289,-50.4299,7.66,0,,,,,8,7.8,ok
TIC 192087959,137.0709,-37.1149,7.66,0,,,,,5,5.1,ok
TIC 453079732,113.6404,-70.3818,7.66,0,,,,,41,9.6,ok
TIC 384722301,136.8499,-59.1497,7.66,0,,,,,8,9.0,ok
TIC 296860004,158.4629,-17.8261,7.67,0,,,,,5,5.2,ok
TIC 186757477,133.3568,-34.8191,7.67,0,,,,,1,1.7,ok
TIC 38698083,66.3648,-65.8129,7.67,0,,,,,42,9.6,ok
TIC 32053388,57.6532,-66.3441,7.67,0,,,,,24,9.8,ok
TIC 283397452,128.3137,-29.9565,7.67,0,,,,,7,7.2,ok
TIC 141626634,89.7251,-75.1584,7.67,0,,,,,32,9.5,ok
TIC 73205660,153.9488,-40.3413,7.67,0,,,,,4,4.5,ok
TIC 359271092,140.3948,-60.2807,7.67,0,,,,,7,8.2,ok
TIC 150320178,95.7154,-64.5426,7.68,0,,,,,33,9.6,ok
TIC 198051324,62.9378,-59.1697,7.68,0,,,,,19,9.2,ok
TIC 381925156,76.3284,-56.7816,7.68,0,,,,,31,9.8,ok
TIC 275249970,148.0444,3.222,7.68,0,,,,,5,5.1,ok
TIC 363323864,146.2574,-49.4865,7.68,0,,,,,5,6.2,ok
TIC 306637962,119.8405,-66.1614,7.69,0,,,,,16,9.6,ok
TIC 33820550,145.7706,-43.2715,7.69,0,,,,,6,6.7,ok
TIC 434449811,139.6047,-20.3715,7.69,0,,,,,4,4.2,ok
TIC 141865875,93.8019,-77.0522,7.69,0,,37.5,rejete,variabilite_continue;eclipse_secondaire,45,15.3,ok
TIC 38587180,64.1642,-64.3153,7.7,0,,41.9,rejete,variabilite_continue;eclipse_secondaire,32,15.3,ok
TIC 41364284,92.8391,-69.7598,7.7,0,,,,,28,9.4,ok
TIC 262578140,116.3648,-64.1941,7.7,0,,,,,21,9.5,ok
TIC 78189262,142.7508,-47.3869,7.7,0,,,,,7,7.2,ok
TIC 167814517,105.1799,-61.1417,7.7,0,,,,,32,9.4,ok
TIC 278867391,100.9661,-54.5662,7.71,0,,,,,25,9.4,ok
TIC 140894354,76.4886,-73.593,7.71,0,,,,,41,9.5,ok
TIC 358109985,51.7176,-73.1326,7.71,0,,,,,23,9.4,ok
TIC 343962519,107.332,-51.8253,7.71,0,,,,,11,9.6,ok
TIC 150062447,91.314,-62.2935,7.71,0,,,,,36,9.6,ok
TIC 307091504,123.7101,-69.6226,7.71,0,,,,,30,10.4,ok
TIC 141268467,82.5143,-76.2487,7.71,0,,,,,40,9.4,ok
TIC 192943720,154.9495,-28.9624,7.71,0,,,,,7,7.4,ok
TIC 52929565,125.8663,-45.6118,7.71,0,,,,,6,6.4,ok
TIC 33910266,66.2303,-77.684,7.72,0,,,,,30,10.7,ok
TIC 278730120,99.6107,-58.3377,7.72,0,,,,,43,9.5,ok
TIC 38699545,66.3037,-61.6214,7.72,0,,,,,43,10.4,ok
TIC 341040849,118.0927,-59.493,7.72,0,,,,,?,0.4,erreur
TIC 293347978,98.9783,-64.8807,7.72,0,,,,,39,9.7,ok
TIC 184269804,127.0492,-36.7226,7.72,0,,,,,7,7.0,ok
TIC 192988609,155.3508,-26.2622,7.72,0,,,,,3,3.4,ok
TIC 391887389,82.6904,-70.9188,7.73,0,,,,,28,9.7,ok
TIC 18148055,136.683,-33.5687,7.73,0,,,,,3,3.3,ok
TIC 267757864,114.7234,-51.0848,7.73,0,,,,,6,6.3,ok
TIC 193025607,155.7137,-28.0132,7.73,0,,,,,5,5.3,ok
TIC 286254656,124.2383,-53.7024,7.74,0,,,,,5,14.2,ok
TIC 38602419,64.3211,-63.0968,7.74,0,,,,,42,13.0,ok
TIC 374912345,89.0305,-61.4469,7.74,0,,,,,42,16.2,ok
TIC 375064476,100.3169,-64.3598,7.74,0,,,,,31,15.1,ok
TIC 32033224,56.0776,-66.6962,7.74,0,,,,,27,18.4,ok
TIC 271693199,109.7677,-76.4159,7.74,0,,,,,40,14.5,ok
TIC 445457033,112.6656,-52.8967,7.74,0,,,,,11,16.8,ok
TIC 220408612,70.4774,-58.0208,7.74,0,,,,,34,14.4,ok
TIC 350559515,86.596,-55.9369,7.74,0,,,,,19,16.0,ok
TIC 8070677,157.9773,-2.4064,7.75,0,,,,,1,10.0,ok
TIC 364323133,87.879,-63.5312,7.75,0,,,,,26,18.8,ok
TIC 285153936,119.9055,-43.2974,7.75,0,,,,,8,13.9,ok
TIC 168345200,154.541,-27.1919,7.75,0,,,,,5,7.3,ok
TIC 238069161,104.4008,-53.6119,7.75,0,,,,,20,12.1,ok
TIC 357993299,138.6191,-59.9663,7.76,0,,,,,4,5.2,ok
TIC 446137194,147.5107,-49.7907,7.76,0,,,,,7,8.0,ok
TIC 309614870,78.6027,-63.5408,7.77,0,,,,,39,9.4,ok
TIC 142105308,98.5195,-72.27,7.77,0,,,,,33,9.2,ok
TIC 260304277,94.6196,-56.9999,7.77,0,,31.4,rejete,variabilite_continue;eclipse_secondaire,19,15.2,ok
TIC 284196481,105.7926,-70.5417,7.77,0,,,,,22,9.4,ok
TIC 350182638,115.7984,-61.9012,7.77,0,,,,,39,9.3,ok
TIC 286131767,146.7116,-1.9065,7.78,0,,,,,4,4.2,ok
TIC 184912380,128.1785,-37.4693,7.78,0,,,,,5,5.5,ok
TIC 189442696,142.9968,-28.2279,7.78,0,,,,,5,5.2,ok
TIC 298450613,142.8961,-51.2519,7.78,0,,,,,8,8.6,ok
TIC 308819711,151.8323,-15.4553,7.78,0,,,,,5,5.5,ok
TIC 294748147,70.6015,-71.4959,7.79,0,,,,,41,9.5,ok
TIC 191536753,135.6836,-41.0312,7.79,0,,,,,4,4.3,ok
TIC 38760904,67.0891,-65.711,7.79,0,,,,,34,9.4,ok
TIC 139370701,67.2684,-69.6122,7.79,0,,,,,34,10.3,ok
TIC 342888057,125.6915,-57.8885,7.79,0,,,,,9,8.8,ok
TIC 384169931,135.8461,-57.7663,7.79,0,,,,,6,6.5,ok
TIC 186313981,132.2656,-30.2201,7.79,0,,,,,3,4.1,ok
TIC 11419876,145.8337,-29.8038,7.8,0,,,,,6,6.1,ok
TIC 55649929,73.7932,-63.9588,7.8,0,,,,,40,10.3,ok
TIC 423394448,157.388,-18.2438,7.8,0,,,,,5,5.2,ok
TIC 267461550,113.8605,-52.4407,7.8,0,,,,,8,8.9,ok
TIC 2220886,133.7359,-24.3933,7.8,0,,,,,6,6.1,ok
TIC 341112260,118.6561,-58.7322,7.8,0,,,,,14,9.5,ok
TIC 261417533,95.249,-78.4123,7.8,0,,,,,41,9.7,ok
TIC 350715999,88.3988,-56.6709,7.8,0,,,,,34,9.8,ok
TIC 293521985,142.8362,-13.4883,7.8,0,,,,,4,4.2,ok
TIC 150187916,93.7146,-62.2834,7.8,0,,,,,39,9.8,ok
TIC 56630835,127.1791,-34.7316,7.81,0,,,,,7,7.3,ok
TIC 146195754,133.5137,-51.5854,7.81,0,,,,,8,8.1,ok
TIC 261205435,87.6763,-79.3,7.81,0,,,,,30,10.6,ok
TIC 167748771,103.5499,-62.4635,7.82,0,,,,,41,9.8,ok
TIC 453028978,144.3544,1.8813,7.82,0,,,,,4,4.3,ok
TIC 122093026,132.9665,-57.2935,7.82,0,,,,,10,9.7,ok
TIC 141609430,88.7252,-75.4582,7.82,0,,,,,40,9.4,ok
TIC 141545616,88.391,-75.3439,7.82,0,,,,,40,9.5,ok
TIC 386899832,139.9328,-59.4783,7.83,0,,,,,7,8.0,ok
TIC 306512813,119.0659,-69.6449,7.83,0,,,,,44,9.7,ok
TIC 260507598,96.6816,-59.0254,7.83,0,,,,,41,10.2,ok
TIC 167797285,104.5429,-60.2962,7.83,0,,,,,41,10.1,ok
TIC 71718643,156.6516,-32.2622,7.83,0,,,,,5,5.9,ok
TIC 364592454,86.1923,-72.6632,7.83,0,,,,,30,10.4,ok
TIC 140006710,127.2581,-44.2391,7.83,0,,,,,8,7.9,ok
TIC 33257294,149.1585,-8.8337,7.84,0,,,,,4,4.5,ok
TIC 294668465,70.8889,-66.7421,7.84,0,,,,,4,4.5,ok
TIC 167889402,105.1152,-65.9078,7.84,0,,,,,42,9.7,ok
TIC 167524563,100.5307,-64.5238,7.85,0,,,,,38,9.4,ok
TIC 32827547,144.1584,-46.3383,7.85,0,,,,,4,4.7,ok
TIC 260297096,94.4104,-58.5258,7.85,0,,,,,30,9.9,ok
TIC 167796443,104.36,-60.8512,7.85,0,,,,,44,9.7,ok
TIC 45407161,130.4386,-54.7741,7.86,0,,,,,4,4.9,ok
TIC 149972207,89.9754,-62.8087,7.86,0,,,,,31,10.4,ok
TIC 260418789,95.9078,-56.109,7.86,0,,,,,40,9.8,ok
TIC 432191068,154.1847,-18.3112,7.86,0,,,,,4,4.2,ok
TIC 334511232,140.7368,-15.4963,7.86,0,,,,,4,4.3,ok
TIC 167009292,94.8424,-66.0612,7.86,0,,,,,34,9.6,ok
TIC 262719969,149.2833,3.3299,7.86,0,,,,,5,5.7,ok
TIC 1861139,132.9509,-29.4645,7.86,0,,,,,5,5.4,ok
TIC 413203447,143.7998,-23.844,7.86,0,,,,,4,4.3,ok
TIC 341849421,121.9057,-55.0661,7.86,0,,,,,7,7.3,ok
TIC 260303793,94.5259,-56.4439,7.87,0,,,,,33,9.7,ok
TIC 319258261,60.0577,-62.9016,7.87,0,,,,,20,9.6,ok
TIC 34945061,163.9947,-2.8934,7.87,0,,,,,4,4.3,ok
TIC 278823382,100.0911,-59.1231,7.87,0,,,,,31,9.9,ok
TIC 55663264,74.3708,-61.2872,7.87,0,,,,,39,9.5,ok
TIC 149160778,81.6878,-64.6053,7.87,0,,,,,16,10.7,ok
TIC 386563186,159.1271,-13.8431,7.87,0,,,,,4,8.3,ok
TIC 423364953,156.981,-21.7014,7.88,0,,,,,3,3.5,ok
TIC 391927456,107.6249,-72.3427,7.88,0,,,,,31,9.7,ok
TIC 167526213,100.5955,-61.224,7.88,0,,,,,39,10.1,ok
TIC 5703872,143.36,-39.3652,7.88,1,5.431,12.1,rejete,variabilite_continue,5,8.5,ok
TIC 287298969,82.3553,-66.439,7.88,0,,,,,37,10.2,ok
TIC 8000195,157.3152,-3.5292,7.89,0,,,,,?,0.4,erreur
TIC 260967812,74.6289,-78.1858,7.89,0,,,,,36,9.8,ok
TIC 260370233,95.2584,-54.9353,7.89,0,,,,,38,10.0,ok
TIC 321288575,159.1924,-6.8928,7.89,0,,,,,2,9.4,ok
TIC 150360766,96.3533,-62.4222,7.89,0,,,,,38,9.9,ok
TIC 350522196,86.3126,-55.7249,7.89,0,,,,,41,9.7,ok
TIC 149347480,83.6093,-60.104,7.9,0,,,,,42,9.9,ok
TIC 186248481,131.993,-35.7277,7.9,0,,,,,5,5.3,ok
TIC 167602961,102.0392,-60.8331,7.9,0,,,,,21,13.3,ok
TIC 37533318,135.3024,-25.529,7.9,0,,,,,5,5.2,ok
TIC 314916505,144.5488,-26.375,7.9,0,,,,,3,4.8,ok
TIC 394232171,48.1323,-77.9147,7.91,0,,,,,14,10.1,ok
TIC 358817580,139.3918,-63.3871,7.91,0,,,,,10,10.0,ok
TIC 150390619,96.5127,-64.3304,7.91,0,,,,,35,9.6,ok
TIC 276861788,83.288,-65.9421,7.91,0,,,,,34,9.8,ok
TIC 140576174,67.4944,-72.2755,7.91,0,,,,,32,12.6,ok
TIC 220421191,71.9532,-58.361,7.91,0,,,,,32,10.2,ok
TIC 389750989,87.0809,-70.3461,7.91,0,,,,,38,9.5,ok
TIC 179280554,159.4184,-20.2988,7.91,0,,,,,4,4.5,ok
TIC 310024075,127.2802,-61.8733,7.91,0,,,,,8,8.7,ok
TIC 140429699,127.2176,-48.1904,7.91,0,,,,,6,6.4,ok
TIC 40405143,77.3582,-69.7138,7.92,0,,,,,40,9.5,ok
TIC 384476969,136.5733,-59.0668,7.92,0,,,,,2,2.7,ok
TIC 47003428,143.7866,-7.0853,7.92,0,,,,,4,4.3,ok
TIC 255759613,99.6103,-53.6519,7.92,0,,,,,25,9.9,ok
TIC 404763926,84.8986,-67.0418,7.93,0,,,,,29,9.2,ok
TIC 47349943,162.3289,-2.7768,7.93,0,,,,,7,6.8,ok
TIC 72600876,151.8663,-37.5038,7.93,0,,,,,5,5.8,ok
TIC 380025379,109.5421,-52.0328,7.93,0,,,,,8,8.4,ok
TIC 134281152,122.0811,-38.8966,7.93,0,,,,,6,6.3,ok
TIC 308397121,120.0984,-64.8431,7.94,0,,39.1,rejete,variabilite_continue;eclipse_secondaire,15,15.2,ok
TIC 300653260,114.2304,-68.5106,7.94,0,,,,,43,9.4,ok
TIC 271598242,108.8573,-77.03,7.94,0,,,,,40,9.4,ok
TIC 306511307,119.1375,-67.7721,7.94,0,,,,,39,9.6,ok
TIC 260371000,95.3447,-54.3513,7.94,0,,,,,25,9.5,ok
TIC 413201748,143.6746,-21.1019,7.95,0,,,,,3,3.4,ok
TIC 339962133,112.5896,-57.4452,7.96,0,,,,,25,9.6,ok
TIC 30916207,134.94,-47.3069,7.96,0,,,,,3,3.6,ok
TIC 350764186,88.9564,-56.5285,7.96,0,,,,,29,9.4,ok
TIC 349483715,110.9825,-60.8378,7.96,0,,,,,21,9.7,ok
TIC 80995687,122.7193,-42.8138,7.96,0,,,,,8,9.7,ok
TIC 440647911,144.5236,-56.961,7.97,0,,,,,7,7.2,ok
TIC 279477561,105.2852,-57.1918,7.97,0,,,,,29,9.6,ok
TIC 25453400,144.263,-31.8897,7.97,0,,,,,5,5.1,ok
TIC 132453193,119.7796,-41.5848,7.97,0,,,,,8,8.1,ok
TIC 149665755,87.6626,-65.2599,7.97,0,,,,,24,10.3,ok
TIC 21815643,146.6177,-25.6722,7.97,0,,,,,4,4.4,ok
TIC 423317929,140.7508,-21.0013,7.97,0,,,,,4,4.2,ok
TIC 382437069,117.1608,-63.6888,7.97,0,,,,,29,9.2,ok
TIC 167526477,100.3881,-60.6875,7.97,0,,,,,38,9.3,ok
TIC 461603391,129.2099,-46.3222,7.97,0,,,,,6,6.2,ok
TIC 279430029,105.0432,-56.9069,7.98,1,1.1207,58.9,rejete,variabilite_continue;eclipse_secondaire,40,14.7,ok
TIC 272187783,116.7108,-74.0904,7.98,0,,42.3,rejete,variabilite_continue;eclipse_secondaire,20,15.0,ok
TIC 177349900,104.2659,-72.0373,7.98,0,,,,,20,9.5,ok
TIC 55274956,76.5883,-65.9668,7.98,0,,,,,9,9.6,ok
TIC 350144504,115.4416,-65.7901,7.99,0,,,,,35,9.4,ok
TIC 141610050,88.6955,-76.8075,7.99,0,,,,,39,9.6,ok
TIC 255640029,98.3526,-52.4843,7.99,0,,,,,20,9.8,ok
TIC 167248140,97.6154,-68.9476,7.99,0,,,,,28,9.5,ok
TIC 55402208,78.0425,-62.0397,7.99,0,,,,,39,9.6,ok
TIC 29778225,64.8193,-65.9666,7.99,0,,,,,44,9.5,ok
TIC 82639973,124.6859,-47.7573,7.99,0,,,,,6,7.0,ok
TIC 150144415,92.8411,-60.06,7.99,0,,,,,30,9.3,ok
TIC 332655536,149.8455,-13.7405,8.0,0,,,,,5,5.4,ok
TIC 359569731,140.8305,-63.0563,8.0,0,,,,,6,6.4,ok
TIC 150357935,96.1954,-62.8364,8.0,0,,12.0,rejete,variabilite_continue;eclipse_secondaire,40,15.1,ok
TIC 31106039,76.2779,-68.0864,8.0,0,,,,,29,9.3,ok
TIC 122326071,133.2346,-59.8377,8.0,0,,113.9,rejete,variabilite_continue;eclipse_secondaire,10,15.3,ok
TIC 150063627,91.4257,-60.1056,8.0,0,,,,,29,9.8,ok
TIC 342679502,125.1142,-54.611,8.0,0,,,,,8,9.1,ok
TIC 434485151,156.5736,-20.9961,8.0,0,,,,,4,4.3,ok
TIC 359559917,140.681,-60.2734,8.0,0,,,,,5,5.2,ok
TIC 310028784,127.5038,-60.715,8.0,0,,,,,8,8.2,ok
TIC 132086345,119.111,-40.5816,8.0,0,,,,,6,6.4,ok
TIC 268041638,115.769,-53.5452,8.0,0,,,,,8,9.4,ok
TIC 349269343,108.9713,-61.8623,8.0,0,,,,,30,9.5,ok
TIC 345031474,152.7174,1.005,8.0,0,,,,,6,6.7,ok
TIC 300658296,114.6477,-68.2707,8.0,0,,,,,43,10.2,ok
TIC 283995507,152.2949,-18.1862,8.0,0,,,,,5,5.1,ok
TIC 237933451,58.8262,-65.2842,8.0,0,,,,,34,9.7,ok
TIC 189334583,141.9326,-24.1707,8.0,0,,,,,3,3.4,ok
TIC 4506340,141.0112,-38.1842,8.0,0,,,,,5,5.3,ok
TIC 300241371,109.4016,-71.3341,8.0,0,,,,,30,9.4,ok
TIC 441226365,145.197,-57.1213,8.0,0,,,,,7,7.5,ok
TIC 410301282,149.9343,-18.665,8.0,0,,,,,7,7.2,ok
TIC 340699092,116.8375,-55.8211,8.0,0,,,,,9,8.8,ok
TIC 55401680,77.9797,-60.655,8.0,0,,,,,31,10.3,ok
TIC 309931476,127.0342,-61.5633,8.01,0,,,,,6,6.3,ok
TIC 78178416,148.1202,-2.9991,8.01,0,,,,,3,3.4,ok
TIC 279324004,104.2197,-59.3788,8.01,0,,,,,30,9.6,ok
TIC 299021914,143.4429,-53.8222,8.01,0,,,,,5,5.8,ok
TIC 72797911,152.4554,-36.5962,8.01,0,,,,,6,6.5,ok
TIC 182838752,124.552,-41.2603,8.01,0,,,,,6,6.2,ok
TIC 220477045,75.5281,-57.4834,8.01,0,,,,,29,10.1,ok
TIC 73495813,154.7529,-39.3532,8.01,0,,,,,6,6.5,ok
TIC 26077211,151.3331,-11.2012,8.01,0,,,,,5,5.0,ok
TIC 183407026,125.3976,-35.9715,8.01,0,,,,,6,6.3,ok
TIC 260656935,98.4145,-54.1171,8.01,0,,,,,29,9.7,ok
TIC 356358845,134.0346,-62.2209,8.01,0,,,,,7,7.6,ok
TIC 17684976,135.607,-34.2454,8.01,0,,,,,4,4.4,ok
TIC 189136670,140.944,-27.8748,8.01,0,,,,,4,4.3,ok
TIC 278775103,99.7408,-55.2986,8.01,0,,,,,26,9.6,ok
TIC 186552820,133.0364,-35.2198,8.01,0,,,,,4,4.2,ok
TIC 461605205,129.2203,-45.9381,8.01,0,,,,,6,6.1,ok
TIC 278777070,99.7439,-58.836,8.01,0,,,,,45,9.4,ok
TIC 55478693,71.2144,-64.9763,8.01,0,,,,,32,9.7,ok
TIC 291555268,111.8005,-49.7692,8.01,0,,,,,7,7.1,ok
TIC 169228279,160.6367,-2.5218,8.01,0,,,,,6,5.9,ok
TIC 237951156,101.6004,-51.1997,8.01,0,,,,,15,9.3,ok
TIC 189342985,142.1041,-26.2979,8.01,0,,,,,5,5.1,ok
TIC 267333998,113.353,-53.1703,8.01,0,,,,,9,9.3,ok
TIC 296782131,142.3095,-17.258,8.01,0,,,,,4,4.4,ok
TIC 101172103,153.1598,-16.2829,8.01,0,,,,,5,5.3,ok
TIC 293812652,144.2815,-37.8261,8.01,0,,,,,5,5.2,ok
TIC 74707795,137.7925,-44.0523,8.01,0,,,,,6,6.2,ok
TIC 29986479,72.8589,-68.4397,8.01,0,,,,,30,9.7,ok
TIC 176773084,142.5566,-19.5654,8.01,0,,,,,4,4.3,ok
TIC 363075229,145.9315,-50.3802,8.01,1,1.6486,11.2,rejete,variabilite_continue;eclipse_secondaire,8,14.2,ok
TIC 46772383,141.6804,-8.0673,8.01,0,,,,,3,3.5,ok
TIC 11521786,146.3547,-25.7969,8.01,0,,,,,4,4.5,ok
TIC 272088627,115.5212,-74.9482,8.01,0,,,,,29,9.4,ok
TIC 260709282,98.5248,-57.086,8.01,0,,,,,28,9.7,ok
TIC 167415965,99.4575,-70.9305,8.01,1,9.2772,15.2,rejete,variabilite_continue,40,15.6,ok
TIC 118913380,135.3499,-22.0759,8.01,0,,,,,4,4.3,ok
TIC 270836958,132.001,-46.2824,8.01,0,,,,,3,3.4,ok
TIC 150393049,96.7989,-60.1051,8.01,0,,,,,31,9.5,ok
TIC 150141471,92.7644,-63.2742,8.01,0,,,,,27,9.3,ok
TIC 45877289,149.5852,-39.8232,8.01,0,,,,,7,7.1,ok
TIC 44843526,146.6166,-41.1272,8.01,0,,,,,7,7.0,ok
TIC 364326091,101.7985,-61.8132,8.01,0,,,,,39,9.8,ok
TIC 190602192,133.581,-36.1697,8.02,0,,,,,3,3.3,ok
TIC 70624037,139.5365,-27.2846,8.02,0,,,,,5,5.0,ok
TIC 132641659,119.9334,-39.9841,8.02,0,,,,,6,6.1,ok
TIC 423248552,140.407,-21.4346,8.02,0,,,,,4,4.2,ok
TIC 283994290,152.1419,-20.5708,8.02,0,,,,,5,5.2,ok
TIC 33979250,145.9508,-42.8512,8.02,0,,,,,3,3.5,ok
TIC 124001995,116.6337,-45.459,8.02,0,,,,,6,6.2,ok
TIC 38811498,67.3874,-65.3774,8.02,0,,,,,44,10.1,ok
TIC 11932968,146.1294,-32.3767,8.02,0,,,,,3,3.5,ok
TIC 31153716,135.2263,-45.6317,8.02,0,,,,,6,6.2,ok
TIC 48162585,147.6512,-32.8634,8.02,0,,,,,6,6.2,ok
TIC 410162322,133.5709,-21.8106,8.02,0,,,,,6,6.1,ok
TIC 47384065,162.9301,-2.4676,8.02,0,,,,,7,6.8,ok
TIC 37869076,136.2695,-24.1902,8.02,0,,,,,5,4.9,ok
TIC 37530621,135.067,-25.1669,8.02,0,,,,,5,5.5,ok
TIC 401307217,135.2619,-50.5122,8.02,0,,,,,8,8.0,ok
TIC 190417303,133.0972,-39.8335,8.02,0,,,,,2,2.6,ok
TIC 423336545,141.1354,-22.7247,8.02,0,,,,,4,4.3,ok
TIC 78008158,142.4793,-43.2214,8.02,0,,26.0,rejete,variabilite_continue;eclipse_secondaire,6,9.7,ok
TIC 150440362,97.5378,-61.2657,8.02,0,,,,,26,10.1,ok
TIC 370327326,64.1486,-79.9933,8.02,0,,,,,13,9.7,ok
TIC 77450175,141.8284,-47.7406,8.02,0,,,,,6,6.3,ok
TIC 77730789,142.1895,-46.0479,8.02,0,,,,,5,5.4,ok
TIC 74972873,138.2989,-45.0583,8.02,0,,,,,3,3.6,ok
TIC 267835184,115.0402,-48.5132,8.02,0,,,,,7,7.1,ok
TIC 96174244,147.5455,-10.2186,8.02,0,,,,,3,3.3,ok
TIC 96103977,147.1335,-11.5336,8.02,0,,,,,4,4.6,ok
TIC 22233733,149.1962,-29.2664,8.02,0,,,,,5,5.2,ok
TIC 384956142,137.2687,-59.5574,8.02,0,,,,,8,8.2,ok
TIC 45637272,130.8922,-58.8805,8.02,0,,,,,8,8.3,ok
TIC 238159015,106.3463,-50.0579,8.02,0,,,,,8,7.9,ok
TIC 140800765,74.7115,-72.1251,8.02,0,,,,,30,10.0,ok
TIC 142110261,99.272,-74.796,8.02,0,,,,,29,9.3,ok
TIC 38515329,62.7588,-62.4473,8.02,0,,,,,29,10.9,ok
TIC 41488282,93.284,-66.0456,8.02,0,,,,,20,9.7,ok
TIC 191367089,135.3009,-36.051,8.02,0,,,,,2,3.1,ok
TIC 277777486,155.6874,1.1512,8.02,0,,,,,6,5.9,ok
TIC 301868495,131.0157,-67.2287,8.02,0,,,,,2,2.6,ok
TIC 269478149,119.2585,-49.7179,8.03,0,,,,,5,5.3,ok
TIC 36955732,157.1771,-8.9306,8.03,0,,,,,4,4.6,ok
TIC 388131027,65.3619,-69.6155,8.03,0,,,,,44,9.4,ok
TIC 190425388,132.9956,-37.2021,8.03,0,,,,,3,3.3,ok
TIC 189402469,142.6654,-28.603,8.03,0,,,,,5,5.0,ok
TIC 167205241,97.3487,-71.5065,8.03,0,,,,,42,10.2,ok
TIC 375089268,100.2399,-62.7231,8.03,0,,,,,30,14.1,ok
TIC 32062343,137.1003,-46.2536,8.03,0,,,,,7,7.0,ok
TIC 123568460,115.3645,-43.1868,8.03,0,,,,,5,5.6,ok
TIC 81299063,123.0033,-44.4621,8.03,0,,,,,5,5.5,ok
TIC 25132314,62.1286,-68.7022,8.03,0,,,,,43,9.4,ok
TIC 32152605,59.4453,-69.5254,8.03,0,,,,,44,9.6,ok
TIC 79648300,120.3796,-45.6133,8.03,0,,,,,6,7.4,ok
TIC 285409835,120.0119,-46.6288,8.03,0,,,,,6,6.1,ok
TIC 229865592,138.5394,-21.7786,8.03,0,,,,,4,4.9,ok
TIC 124006925,116.5741,-42.9687,8.03,0,,,,,2,2.7,ok
TIC 359050452,139.8807,-61.6698,8.03,0,,,,,7,7.4,ok
TIC 62650185,142.7578,-4.0951,8.03,0,,,,,2,2.4,ok
TIC 19016131,138.5118,-30.5733,8.03,0,,,,,3,3.4,ok
TIC 437164426,140.9903,-54.1507,8.03,0,,,,,6,6.2,ok
TIC 73442184,154.7895,-37.0165,8.03,0,,,,,6,6.5,ok
TIC 141945095,95.6582,-73.3449,8.03,0,,,,,26,9.6,ok
TIC 260217792,144.0364,-43.9169,8.03,0,,,,,5,6.7,ok
TIC 143405743,155.3487,-4.5987,8.03,0,,,,,3,3.4,ok
TIC 1732081,156.1471,-2.6203,8.03,0,,,,,4,4.8,ok
TIC 286255541,124.1528,-53.2139,8.03,0,,,,,11,11.6,ok
TIC 167720983,103.3031,-64.0493,8.03,0,,,,,28,9.9,ok
TIC 279053000,102.1496,-58.4673,8.03,1,0.996,18.0,rejete,variabilite_continue;eclipse_secondaire,43,14.7,ok
TIC 5229041,142.5622,-37.0882,8.03,0,,,,,7,7.5,ok
TIC 341487531,120.1891,-59.5148,8.03,0,,,,,11,10.0,ok
TIC 238372645,120.7064,-52.5763,8.03,0,,,,,11,12.3,ok
TIC 148499176,163.831,-10.8523,8.03,0,,,,,5,8.7,ok
TIC 300325379,110.7053,-66.5387,8.03,0,,,,,39,15.4,ok
TIC 357728580,138.0041,-65.9152,8.03,0,,,,,7,10.4,ok
TIC 38633493,64.9986,-61.0057,8.03,0,,,,,25,13.2,ok
TIC 29832379,66.6763,-70.3811,8.03,0,,,,,29,13.3,ok
TIC 47391595,164.8847,-4.3899,8.03,0,,,,,1,2.3,ok
TIC 410164289,133.6317,-23.8497,8.03,0,,,,,6,6.3,ok
TIC 193091290,156.57,-29.8633,8.03,0,,,,,6,6.1,ok
TIC 355318476,130.9354,-60.5773,8.03,0,,,,,7,7.4,ok
TIC 140527781,66.8969,-71.9958,8.03,0,,,,,31,9.7,ok
TIC 34068865,146.1197,-45.7806,8.03,0,,,,,7,7.3,ok
TIC 121717744,132.4064,-54.5365,8.04,0,,,,,5,5.9,ok
TIC 386517907,144.2886,-13.6727,8.04,0,,,,,5,5.8,ok
TIC 82903968,125.1284,-44.957,8.04,0,,,,,6,6.5,ok
TIC 101496135,149.3084,-35.0846,8.04,0,,,,,7,7.1,ok
TIC 119008348,135.4852,-20.0425,8.04,0,,,,,5,5.0,ok
TIC 383360490,134.5227,-58.4736,8.04,0,,,,,5,5.6,ok
TIC 334511196,140.6517,-15.5477,8.04,0,,,,,4,4.0,ok
TIC 405423422,143.042,-16.88,8.04,0,,,,,4,4.1,ok
TIC 77597269,141.8299,-42.6934,8.04,0,,,,,5,5.3,ok
TIC 453082318,113.6843,-66.6419,8.04,0,,,,,29,9.4,ok
TIC 279361762,104.7667,-58.5147,8.04,0,,,,,34,9.7,ok
TIC 59858193,110.4952,-46.688,8.04,0,,,,,6,6.1,ok
TIC 72842554,152.4941,-39.068,8.04,0,,,,,6,6.3,ok
TIC 344029878,107.9202,-51.2976,8.04,0,,,,,11,9.6,ok
TIC 348899264,106.1815,-60.808,8.04,0,,,,,44,9.5,ok
TIC 237926568,57.7436,-63.7832,8.04,0,,,,,20,9.5,ok
TIC 360121992,141.6228,-60.8018,8.04,0,,,,,4,4.5,ok
TIC 415572385,147.3346,-23.3828,8.04,0,,,,,4,4.2,ok
TIC 334805513,158.005,-12.1994,8.04,0,,,,,3,3.3,ok
TIC 55604274,73.5677,-59.9433,8.04,0,,,,,32,9.4,ok
TIC 34304135,146.7549,-47.7133,8.04,0,,,,,2,2.5,ok
TIC 269475596,119.29,-51.0847,8.04,0,,,,,7,7.3,ok
TIC 18887757,138.1575,-31.5292,8.04,0,,,,,4,4.1,ok
TIC 18786687,137.8841,-34.0992,8.04,0,,,,,4,4.3,ok
TIC 260127606,92.0672,-57.9323,8.04,0,,,,,44,9.2,ok
TIC 356619347,134.8169,-61.8702,8.04,0,,,,,9,8.9,ok
TIC 140133844,127.4037,-43.3335,8.04,0,,,,,6,6.3,ok
TIC 192542930,154.5975,-22.7564,8.04,0,,,,,7,6.9,ok
TIC 55148907,162.7379,-8.8872,8.04,0,,,,,5,5.2,ok
TIC 169250438,160.9316,-4.6532,8.04,0,,,,,5,5.2,ok
TIC 142109251,99.1913,-76.8026,8.04,0,,,,,29,9.5,ok
TIC 260949692,73.3153,-78.1456,8.04,0,,,,,36,10.1,ok
TIC 176658718,141.691,-20.648,8.04,0,,,,,4,4.2,ok
TIC 141606660,88.9284,-72.4065,8.04,0,,,,,28,10.4,ok
TIC 396813735,148.0896,-14.5869,8.04,0,,,,,5,5.0,ok
TIC 211445207,165.7519,-8.3899,8.04,0,,,,,4,4.7,ok
TIC 1573395,132.157,-25.6543,8.04,0,,,,,6,6.3,ok
TIC 180537138,128.982,-41.3389,8.05,0,,,,,5,5.5,ok
TIC 101227584,155.7629,-16.1697,8.05,0,,,,,3,3.3,ok
TIC 349273158,109.3431,-63.0216,8.05,0,,,,,32,9.5,ok
TIC 380502855,139.9987,-18.0853,8.05,0,,,,,4,4.2,ok
TIC 182880367,124.5312,-39.6579,8.05,0,,,,,6,6.1,ok
TIC 126787922,136.8737,-47.9807,8.05,0,,,,,6,6.4,ok
TIC 413201246,143.6974,-20.2055,8.05,0,,,,,3,3.3,ok
TIC 340356526,115.2108,-58.8707,8.05,0,,55.6,rejete,variabilite_continue;eclipse_secondaire,22,14.8,ok
TIC 192484767,138.0035,-36.6196,8.05,0,,,,,4,4.3,ok
TIC 192405672,137.7681,-41.245,8.05,0,,,,,6,6.6,ok
TIC 38825397,68.122,-64.8535,8.05,0,,,,,19,9.4,ok
TIC 307216840,124.8862,-68.9901,8.05,0,,,,,17,9.5,ok
TIC 5530177,155.5395,-21.2761,8.05,0,,,,,6,6.0,ok
TIC 293271686,98.8083,-62.5028,8.05,0,,,,,30,9.6,ok
TIC 38469560,61.9717,-64.604,8.05,0,,,,,30,9.5,ok
TIC 268818796,117.6407,-52.9481,8.05,0,,,,,8,8.1,ok
TIC 26352390,154.2512,-9.0418,8.05,0,,,,,4,4.3,ok
TIC 410298536,149.8787,-23.1221,8.05,0,,,,,3,3.3,ok
TIC 71719908,156.7327,-34.0284,8.05,0,,,,,6,6.2,ok
TIC 349411267,110.3439,-60.2531,8.05,0,,,,,30,9.2,ok
TIC 260984889,76.6092,-78.4085,8.05,0,,,,,26,9.5,ok
TIC 149305070,83.3084,-65.0217,8.05,0,,,,,30,9.7,ok
TIC 383518653,134.9016,-59.0403,8.05,0,,,,,8,8.1,ok
TIC 438376282,142.3669,-54.8986,8.05,0,,,,,6,6.8,ok
TIC 146613141,149.3202,-5.1827,8.05,0,,,,,3,3.5,ok
TIC 432106951,137.0154,-19.7585,8.05,0,,,,,4,4.5,ok
TIC 446216446,147.7145,-51.5029,8.05,0,,,,,6,6.5,ok
TIC 70444448,138.8603,-26.2314,8.05,0,,,,,4,4.3,ok
TIC 70675805,151.484,-31.1998,8.05,0,,,,,6,6.4,ok
TIC 260079513,92.0713,-55.2383,8.05,0,,,,,43,10.8,ok
TIC 70829545,152.3985,-35.661,8.05,0,,,,,4,4.5,ok
TIC 238710520,122.9888,-51.9626,8.05,0,,,,,7,7.5,ok
TIC 145713666,132.7015,-49.8172,8.05,0,,,,,8,8.3,ok
TIC 196604413,130.112,-27.2579,8.05,0,,,,,7,6.9,ok
TIC 295228333,140.6864,-49.5055,8.05,0,,,,,7,7.3,ok
TIC 35905736,149.2885,-46.4592,8.05,0,,,,,6,6.2,ok
TIC 394144045,128.6452,-34.9679,8.05,0,,,,,7,7.2,ok
TIC 81861980,123.635,-47.3267,8.05,0,,,,,5,5.5,ok
TIC 47091310,144.5764,-8.0739,8.05,0,,,,,4,4.0,ok
TIC 381975243,77.1218,-56.9873,8.05,0,,,,,28,10.0,ok
TIC 2132354,133.7137,-25.5559,8.05,0,,,,,7,6.8,ok
TIC 432083201,136.6812,-21.9616,8.05,0,,,,,4,4.1,ok
TIC 7985934,157.1814,-0.3363,8.05,0,,,,,6,6.0,ok
TIC 101324902,148.5733,-35.7916,8.05,0,,,,,6,6.1,ok
TIC 409901306,144.8757,-15.9617,8.05,0,,,,,5,5.1,ok
TIC 307780535,127.9615,-68.3955,8.05,0,,,,,15,9.7,ok
TIC 177119085,104.2109,-67.227,8.06,0,,,,,28,9.3,ok
TIC 445976787,147.2161,-53.585,8.06,0,,,,,8,8.2,ok
TIC 168077518,152.8367,-25.1811,8.06,0,,,,,6,6.5,ok
TIC 262576911,116.3782,-65.7218,8.06,0,,,,,31,9.4,ok
TIC 341628692,121.0971,-54.9954,8.06,0,,,,,11,9.7,ok
TIC 46955439,143.3441,-6.5103,8.06,0,,,,,4,4.4,ok
TIC 37000206,157.7001,-7.8946,8.06,0,,,,,4,4.3,ok
TIC 29831118,66.4705,-67.5722,8.06,0,,,,,30,10.1,ok
TIC 357636366,137.9615,-61.2091,8.06,0,,,,,7,7.1,ok
TIC 350859255,90.2849,-56.0816,8.06,0,,,,,29,9.3,ok
TIC 291557742,111.7661,-52.3203,8.06,0,,,,,11,9.4,ok
TIC 5909560,143.9419,-39.4205,8.06,0,,,,,5,5.6,ok
TIC 281631335,115.9742,-64.6231,8.06,0,,,,,32,9.2,ok
TIC 306739511,120.7379,-70.0301,8.06,0,,,,,28,9.5,ok
TIC 380025482,109.5388,-52.1498,8.06,0,,,,,7,8.0,ok
TIC 410899017,106.9818,-48.9171,8.06,0,,,,,8,7.9,ok
TIC 396792779,147.4327,-17.032,8.06,0,,,,,5,5.3,ok
TIC 179236629,158.9549,-21.6316,8.06,0,,,,,4,4.3,ok
TIC 141628215,89.8005,-77.2712,8.06,0,,,,,29,9.3,ok
TIC 220411786,70.8635,-58.7895,8.06,0,,,,,43,9.4,ok
TIC 285996570,123.605,-49.7758,8.06,0,,,,,5,5.3,ok
TIC 362157419,145.0055,-53.3847,8.06,0,,25.3,rejete,variabilite_continue;eclipse_secondaire,8,14.0,ok
TIC 453079811,113.755,-70.2432,8.06,0,,,,,22,9.8,ok
TIC 48273292,148.1728,-31.2432,8.06,0,,,,,3,3.3,ok
TIC 181219375,130.732,-41.1586,8.06,0,,,,,5,5.7,ok
TIC 355853506,132.7293,-65.619,8.06,0,,,,,9,9.0,ok
TIC 1209680,131.3377,-27.5691,8.06,0,,,,,5,5.3,ok
TIC 187930104,159.3496,-25.0638,8.06,0,,,,,3,3.6,ok
TIC 53109404,125.9306,-46.3853,8.06,0,,,,,5,5.1,ok
TIC 293624996,153.6726,-14.2772,8.06,0,,,,,4,4.2,ok
TIC 300011376,106.7439,-67.2936,8.06,0,,,,,29,9.1,ok
TIC 238195769,56.8384,-76.4211,8.06,0,,,,,22,9.8,ok
TIC 90134626,127.8429,-48.7491,8.06,0,,80.3,rejete,variabilite_continue;eclipse_secondaire,6,9.9,ok
TIC 21891703,147.0046,-27.9767,8.06,0,,,,,5,5.2,ok
TIC 344139179,108.3566,-48.7134,8.06,0,,,,,7,7.0,ok
TIC 141300827,129.3374,-43.2313,8.06,0,,,,,5,5.3,ok
TIC 294205275,108.0761,-58.4032,8.06,0,,,,,44,9.9,ok
TIC 146772271,124.3134,-35.5018,8.06,0,,,,,5,5.5,ok
TIC 294206429,108.0422,-59.8393,8.06,0,,,,,34,9.3,ok
TIC 350711249,88.1114,-57.9008,8.07,0,,,,,40,9.4,ok
TIC 101249277,155.8556,-13.5948,8.07,0,,,,,4,4.3,ok
TIC 299943844,106.5159,-69.0078,8.07,0,,,,,?,1.0,erreur
TIC 300560731,112.7634,-67.545,8.07,0,,,,,21,9.3,ok
TIC 260606533,97.3503,-55.5113,8.07,0,,,,,42,9.7,ok
TIC 191019052,134.3965,-41.3511,8.07,0,,,,,4,4.2,ok
TIC 310133917,127.5815,-65.3692,8.07,0,,,,,9,8.9,ok
TIC 261107827,83.5471,-79.8289,8.07,0,,,,,20,10.1,ok
TIC 284037005,152.1992,-21.7556,8.07,0,,,,,6,6.8,ok
TIC 350444342,85.3599,-59.7668,8.07,0,,,,,43,9.5,ok
TIC 284070255,152.5295,-23.6506,8.07,0,,,,,5,5.3,ok
TIC 17758265,135.7832,-32.6495,8.07,0,,,,,4,4.6,ok
TIC 183658624,125.8376,-39.2069,8.07,0,,,,,6,6.1,ok
TIC 271595936,108.3439,-74.0541,8.07,0,,,,,29,9.5,ok
TIC 237935915,59.1474,-61.708,8.07,0,,,,,13,9.6,ok
TIC 289800274,160.8774,-16.6549,8.07,0,,,,,4,4.3,ok
TIC 413274373,144.279,-21.4002,8.07,0,,,,,5,5.1,ok
TIC 260472262,96.1102,-56.6369,8.07,0,,,,,30,9.5,ok
TIC 192978702,155.2178,-26.8696,8.07,0,,,,,4,4.3,ok
TIC 33281417,149.3804,-7.5138,8.07,0,,,,,3,3.4,ok
TIC 278992159,102.0622,-56.086,8.07,0,,,,,42,9.7,ok
TIC 357725483,137.8277,-64.6145,8.07,0,,,,,8,8.4,ok
TIC 167089430,95.7825,-70.9446,8.07,0,,,,,41,9.5,ok
TIC 25899030,145.7946,-34.802,8.07,0,,,,,5,5.4,ok
TIC 238309393,120.3575,-53.4712,8.07,0,,,,,8,8.2,ok
TIC 260075032,91.7292,-57.0984,8.07,0,,,,,29,9.6,ok
TIC 278899461,101.1777,-57.4399,8.07,0,,,,,45,10.1,ok
TIC 18654515,137.6574,-35.3582,8.07,0,,,,,5,5.3,ok
TIC 229847062,137.9738,-19.9595,8.07,0,,,,,4,4.0,ok
TIC 349480752,110.8602,-64.692,8.07,0,,,,,44,9.5,ok
TIC 446143295,147.6292,-47.9704,8.07,0,,,,,6,6.1,ok
TIC 55102931,162.2292,-7.1766,8.07,0,,,,,3,3.5,ok
TIC 25116373,61.2365,-65.95,8.07,0,,,,,29,9.5,ok
TIC 281634912,117.0799,-62.6768,8.07,0,,,,,29,9.8,ok
TIC 80487340,121.709,-47.5605,8.07,0,,,,,7,7.4,ok
TIC 334630157,141.2457,-13.2893,8.07,0,,,,,4,4.2,ok
TIC 41464373,93.1624,-69.24,8.07,0,,,,,37,9.5,ok
TIC 139746149,126.6891,-44.6273,8.07,0,,,,,5,6.0,ok
TIC 62815027,149.1166,-3.839,8.07,0,,,,,4,4.1,ok
TIC 35129589,147.8731,-47.2964,8.07,0,,,,,6,7.1,ok
TIC 133566240,121.0159,-38.4133,8.07,0,,,,,8,8.0,ok
TIC 150249155,94.3374,-61.2461,8.07,0,,,,,41,9.4,ok
TIC 300447314,111.9724,-66.9837,8.07,0,,,,,22,9.5,ok
TIC 1503583,131.9091,-24.3938,8.07,0,,,,,8,8.1,ok
TIC 434429720,139.4051,-19.5551,8.08,0,,,,,5,5.0,ok
TIC 349784936,113.1788,-63.3245,8.08,0,,35.0,rejete,variabilite_continue;eclipse_secondaire,43,15.0,ok
TIC 140520549,128.1047,-44.2714,8.08,0,,,,,6,6.4,ok
TIC 96034298,146.3011,-7.9437,8.08,0,,,,,4,4.2,ok
TIC 140127984,127.4822,-45.1844,8.08,0,,,,,6,6.1,ok
TIC 81291194,123.0488,-42.3271,8.08,0,,,,,6,6.4,ok
TIC 167902077,151.6367,-25.3222,8.08,0,,,,,5,9.9,ok
TIC 96030850,146.2229,-6.7036,8.08,0,,,,,5,11.7,ok
TIC 383946834,135.4684,-56.8411,8.08,0,,,,,9,9.9,ok
TIC 290159983,119.6057,-55.8462,8.08,0,,40.1,rejete,variabilite_continue;eclipse_secondaire,13,15.4,ok
TIC 186609289,132.9345,-31.1444,8.08,0,,,,,3,3.5,ok
TIC 149930673,89.5607,-62.7551,8.08,0,,,,,30,9.3,ok
TIC 297850978,142.5847,-50.3099,8.08,0,,,,,6,6.1,ok
TIC 453049832,145.0414,2.9648,8.08,0,,,,,7,6.4,ok
TIC 279319721,104.1985,-54.7954,8.08,0,,,,,18,9.2,ok
TIC 11930663,146.1073,-31.3975,8.08,0,,,,,5,4.9,ok
TIC 260542038,96.9866,-58.1444,8.08,0,,,,,30,10.4,ok
TIC 30568285,134.4722,-42.5249,8.08,0,,,,,4,4.1,ok
TIC 55103467,162.1617,-8.2952,8.08,0,,,,,4,4.2,ok
TIC 33836359,64.0615,-75.3439,8.08,0,,,,,45,9.6,ok
TIC 30478248,134.2326,-47.0459,8.08,0,,,,,5,5.4,ok
TIC 373604254,81.1833,-67.8974,8.08,0,,,,,29,9.4,ok
TIC 71403283,154.8718,-31.8892,8.08,0,,,,,7,7.1,ok
TIC 26173070,152.3953,-8.0802,8.08,0,,,,,1,1.5,ok
TIC 348964236,149.2969,-15.8838,8.08,0,,,,,3,3.2,ok
TIC 268344691,116.5506,-52.1026,8.08,0,,,,,7,7.1,ok
TIC 300448273,111.9811,-68.1552,8.08,0,,,,,27,9.7,ok
TIC 268830428,117.8707,-50.5515,8.08,0,,,,,9,8.6,ok
TIC 190673591,133.724,-39.2559,8.08,0,,,,,2,3.3,ok
TIC 271639931,108.9224,-72.7413,8.08,0,,,,,42,9.5,ok
TIC 339858488,111.4648,-55.3633,8.08,0,,,,,20,10.7,ok
TIC 34298539,146.4926,-46.5218,8.08,0,,,,,7,7.1,ok
TIC 92746150,129.1728,-53.3188,8.08,0,,,,,7,7.2,ok
TIC 55478222,71.2127,-63.7797,8.08,0,,,,,42,9.3,ok
TIC 185370567,129.7425,-30.7973,8.08,0,,,,,6,6.9,ok
TIC 432168980,153.5586,-17.9008,8.08,0,,,,,6,5.9,ok
TIC 362453636,145.1777,-51.326,8.09,0,,,,,5,5.3,ok
TIC 78234895,148.7769,-1.3862,8.09,0,,,,,4,4.1,ok
TIC 47056170,144.2092,-9.453,8.09,0,,,,,4,4.0,ok
TIC 238729586,123.1379,-48.3121,8.09,0,,,,,5,5.3,ok
TIC 11523448,146.3675,-28.4055,8.09,0,,,,,6,5.7,ok
TIC 231744961,78.0995,-67.9479,8.09,0,,,,,42,9.2,ok
TIC 287496048,124.135,-73.0178,8.09,0,,,,,25,9.4,ok
TIC 46956421,143.2829,-9.3166,8.09,0,,,,,4,4.1,ok
TIC 309710741,126.0576,-60.6493,8.09,0,,,,,13,9.5,ok
TIC 79705703,120.5637,-43.668,8.09,0,,,,,8,7.8,ok
TIC 70781964,151.8521,-33.7897,8.09,0,,,,,5,5.2,ok
TIC 385464250,138.1958,-58.6547,8.09,0,,,,,2,2.8,ok
TIC 150185581,93.4831,-65.5221,8.09,0,,,,,31,9.4,ok
TIC 278779899,99.902,-55.6096,8.09,0,,,,,41,9.4,ok
TIC 296884440,158.8323,-17.1965,8.09,0,,,,,5,5.3,ok
TIC 340179086,113.8535,-56.1338,8.09,0,,,,,20,9.5,ok
TIC 19911846,140.6408,-32.6113,8.09,0,,,,,6,6.0,ok
TIC 29944057,133.6106,-47.693,8.09,0,,,,,7,6.8,ok
TIC 307785290,128.2167,-70.4312,8.09,0,,,,,12,10.1,ok
TIC 80539690,121.8015,-46.6408,8.09,0,,,,,8,8.0,ok
TIC 455272199,146.3313,2.2966,8.09,0,,,,,7,6.9,ok
TIC 384029310,135.7834,-57.5324,8.09,0,,,,,4,4.3,ok
TIC 383658034,135.0597,-54.2589,8.09,0,,,,,6,6.3,ok
TIC 355540736,131.8602,-64.8739,8.09,0,,,,,9,9.0,ok
TIC 180496730,128.7997,-39.8307,8.09,0,,,,,6,6.1,ok
TIC 31408736,88.6751,-66.4878,8.09,0,,,,,15,9.6,ok
TIC 355806059,132.4031,-61.9648,8.09,0,,,,,7,8.0,ok
TIC 307784098,128.1854,-71.7953,8.09,0,,,,,21,9.6,ok
TIC 150029538,90.7415,-60.6441,8.09,0,,,,,43,9.4,ok
TIC 189570845,143.7608,-26.8127,8.09,0,,,,,4,4.1,ok
TIC 148611612,165.3971,-6.9811,8.09,0,,,,,4,4.2,ok
TIC 189387220,142.4831,-27.2489,8.09,0,,,,,4,4.2,ok
TIC 308821405,151.9926,-13.8399,8.09,0,,,,,6,5.9,ok
TIC 37761454,135.8627,-25.027,8.09,0,,,,,4,4.2,ok
TIC 132479279,148.7,-49.9324,8.09,0,,,,,5,5.4,ok
TIC 271698614,109.9831,-76.692,8.09,0,,,,,29,9.5,ok
TIC 349761928,112.6494,-64.5573,8.09,0,,,,,30,9.3,ok
TIC 260002453,91.0697,-59.8223,8.09,0,,,,,43,9.5,ok
TIC 269898043,150.9673,-36.7784,8.09,0,,,,,7,7.1,ok
TIC 101185510,153.4589,-15.269,8.09,0,,,,,5,5.2,ok
TIC 261138245,84.6683,-78.6479,8.09,0,,,,,37,9.4,ok
TIC 385224945,137.7341,-57.6655,8.09,0,,,,,8,8.1,ok
TIC 149972211,90.1513,-62.8122,8.09,0,,,,,39,9.5,ok
TIC 349890276,108.944,-53.602,8.09,0,,,,,10,9.6,ok
TIC 262614074,116.6362,-61.9345,8.09,0,,,,,24,9.4,ok
TIC 183291816,125.205,-38.6123,8.09,0,,,,,6,5.9,ok
TIC 262497025,109.9812,-59.2949,8.09,0,,,,,31,9.4,ok
TIC 29631614,150.7883,-32.0307,8.09,0,,,,,5,5.0,ok
TIC 279514056,105.8143,-55.6425,8.09,0,,,,,29,9.4,ok
TIC 231122278,69.5552,-68.8116,8.09,0,,,,,43,9.6,ok
TIC 62727635,144.8148,-3.3567,8.09,0,,,,,5,4.7,ok
TIC 19436296,139.2877,-35.4527,8.1,0,,,,,2,2.5,ok
TIC 30762052,75.8561,-71.4138,8.1,0,,,,,29,9.7,ok
TIC 340181061,113.895,-54.2835,8.1,0,,,,,12,9.4,ok
TIC 260189950,93.0654,-56.6793,8.1,0,,,,,41,9.5,ok
TIC 238194921,56.6401,-76.7159,8.1,0,,,,,22,10.1,ok
TIC 261397368,94.1327,-79.4443,8.1,0,,,,,23,10.7,ok
TIC 132084542,119.1665,-41.2474,8.1,0,,,,,4,4.4,ok
TIC 238188583,55.296,-73.9291,8.1,0,,12.7,rejete,variabilite_continue;eclipse_secondaire,31,20.6,ok
TIC 72960243,153.2265,-40.6405,8.1,0,,,,,7,7.2,ok
TIC 179301898,159.8712,-20.8494,8.1,0,,,,,5,5.2,ok
TIC 302440596,133.6022,-68.5387,8.1,0,,,,,12,9.9,ok
TIC 349523628,111.3987,-63.0604,8.1,0,,,,,43,9.3,ok
TIC 78135330,147.5434,-2.1527,8.1,0,,,,,4,4.2,ok
TIC 349927305,109.2363,-50.3022,8.1,0,,,,,10,9.6,ok
TIC 78345494,142.8847,-42.5288,8.1,0,,,,,6,6.1,ok
TIC 385624852,138.4022,-55.1979,8.1,0,,,,,6,6.1,ok
TIC 358466708,119.2278,-60.5984,8.1,0,,,,,21,9.2,ok
TIC 384089241,135.6982,-55.6089,8.1,0,,,,,7,6.8,ok
TIC 364589559,85.8902,-76.7663,8.1,0,,,,,33,9.9,ok
TIC 12013892,146.7034,-30.0626,8.1,0,,,,,4,4.1,ok
TIC 123224205,143.5906,-3.7737,8.1,1,1.0395,11.1,rejete,variabilite_continue;eclipse_secondaire,5,7.8,ok
TIC 294053203,107.1365,-58.0735,8.1,0,,,,,21,9.5,ok
TIC 82215211,124.1543,-42.1315,8.1,0,,,,,6,6.1,ok
TIC 370227221,85.5473,-74.5674,8.1,0,,,,,31,9.4,ok
TIC 38038082,136.8795,-28.6562,8.1,0,,,,,4,4.2,ok
TIC 453099619,116.0861,-69.5104,8.1,0,,,,,44,9.2,ok
TIC 177282306,102.1595,-72.2219,8.1,0,,,,,31,9.3,ok
TIC 140255113,127.6432,-47.1178,8.1,0,,,,,4,4.4,ok
TIC 308456810,120.7813,-62.1327,8.1,0,,,,,24,9.3,ok
TIC 358253471,61.8423,-59.7303,8.11,0,,,,,19,8.9,ok
TIC 409977271,145.3689,-13.961,8.11,0,,,,,4,4.1,ok
TIC 46879680,142.7588,-9.8204,8.11,0,,,,,4,4.2,ok
TIC 267457437,113.6744,-51.6401,8.11,0,,,,,9,8.5,ok
TIC 348993107,106.7215,-64.0038,8.11,0,,,,,40,9.3,ok
TIC 283774155,128.7721,-28.8996,8.11,0,,,,,6,6.3,ok
TIC 296568037,141.6576,-52.469,8.11,0,,,,,6,6.2,ok
TIC 144997260,131.4536,-53.5788,8.11,0,,,,,4,5.1,ok
TIC 56607984,157.743,-6.998,8.11,0,,,,,4,4.1,ok
TIC 260046328,91.8062,-54.6641,8.11,0,,,,,34,9.4,ok
TIC 242076976,139.5336,-14.6475,8.11,0,,,,,4,4.0,ok
TIC 410010991,145.8351,-13.2018,8.11,0,,,,,5,4.9,ok
TIC 1680927,155.664,-5.3886,8.11,0,,,,,3,3.6,ok
TIC 149629077,87.3747,-63.0208,8.11,0,,,,,29,8.9,ok
TIC 442239738,145.945,-56.3416,8.11,0,,,,,8,8.3,ok
TIC 349766265,112.968,-61.6921,8.11,0,,,,,41,9.1,ok
TIC 238634706,122.3877,-53.5415,8.11,0,,,,,11,9.6,ok
TIC 189274252,141.5843,-25.1059,8.11,0,,,,,4,4.1,ok
TIC 275294326,149.6594,2.5028,8.11,0,,,,,7,6.4,ok
TIC 345073474,155.0423,1.4653,8.11,0,,,,,6,5.7,ok
TIC 5850860,143.873,-40.1984,8.11,0,,,,,7,6.8,ok
TIC 872755,130.5393,-28.6816,8.11,0,,,,,7,6.8,ok
TIC 296843652,158.1771,-14.5023,8.11,0,,,,,4,4.2,ok
TIC 286132427,146.7244,-4.2983,8.11,0,,,,,4,4.0,ok
TIC 101421163,149.0242,-31.3034,8.11,0,,,,,4,4.2,ok
TIC 101110335,152.5565,-16.8895,8.11,0,,,,,6,6.0,ok
TIC 179665076,146.0019,-0.4075,8.11,0,,,,,4,4.1,ok
TIC 342169249,122.8959,-56.3596,8.11,0,,,,,11,9.4,ok
TIC 36462760,150.3039,-44.8329,8.11,0,,,,,6,6.3,ok
TIC 193134676,157.1771,-24.4323,8.11,0,,,,,5,5.0,ok
TIC 396811847,147.8882,-15.384,8.11,0,,,,,6,5.8,ok
TIC 271642609,109.3679,-75.6807,8.11,0,,,,,42,9.0,ok
TIC 4588120,141.0497,-40.5193,8.11,0,,,,,7,6.8,ok
TIC 5904494,144.0524,-36.0343,8.11,0,,,,,5,5.0,ok
TIC 300556816,112.4283,-70.338,8.11,0,,,,,29,9.3,ok
TIC 309780483,126.2311,-63.1122,8.11,0,,,,,14,9.2,ok
TIC 321293235,159.5204,-9.2536,8.11,0,,,,,5,5.2,ok
TIC 193221784,158.0231,-26.0711,8.11,0,,,,,5,5.3,ok
TIC 339771483,111.2981,-59.2246,8.11,0,,,,,18,9.5,ok
TIC 36806408,150.7272,-45.6686,8.11,0,,,,,6,6.2,ok
TIC 189297201,141.8644,-28.3946,8.11,0,,,,,5,4.9,ok
TIC 30853028,75.7767,-66.9099,8.11,0,,,,,40,9.5,ok
TIC 432190622,153.9959,-18.6686,8.11,0,,,,,5,4.9,ok
TIC 306577335,119.3053,-67.6934,8.11,0,,,,,40,10.8,ok
TIC 238076306,104.5818,-50.1806,8.11,0,,,,,9,8.5,ok
TIC 259998358,144.8621,-40.6756,8.11,0,,,,,7,6.8,ok
TIC 150440079,97.5652,-61.7886,8.11,0,,,,,31,9.3,ok
TIC 300654054,114.3702,-69.6002,8.11,0,,,,,32,9.2,ok
TIC 35127461,147.8446,-46.6158,8.11,0,,,,,4,4.3,ok
TIC 80647757,121.9075,-42.6697,8.11,0,,,,,8,7.7,ok
TIC 284934290,119.6331,-43.1878,8.11,0,,,,,8,7.8,ok
TIC 80472204,121.7033,-43.8951,8.12,0,,,,,5,5.3,ok
TIC 60380693,112.2284,-46.1664,8.12,0,,,,,9,8.6,ok
TIC 178781720,150.1593,-0.2004,8.12,0,,,,,5,5.1,ok
TIC 220473999,75.292,-59.5789,8.12,0,,,,,32,9.9,ok
TIC 278987334,101.9314,-55.3904,8.12,0,,,,,33,9.4,ok
TIC 52682670,125.4182,-43.9753,8.12,0,,,,,8,7.8,ok
TIC 184602088,127.6439,-36.5741,8.12,0,,,,,7,6.9,ok
TIC 382625239,118.3884,-63.7697,8.12,0,,,,,31,9.2,ok
TIC 90353273,128.1408,-48.3738,8.12,0,,,,,8,8.0,ok
TIC 260004064,91.1724,-55.9463,8.12,0,,,,,22,9.4,ok
TIC 123254422,143.8645,-1.5603,8.12,0,,,,,5,4.9,ok
TIC 348842808,98.9169,-56.0077,8.12,0,,,,,42,9.5,ok
TIC 47428090,165.0596,-5.8069,8.12,0,,,,,8,7.7,ok
TIC 238079902,104.8898,-53.3607,8.12,0,,,,,18,9.5,ok
TIC 141868836,93.7407,-72.4968,8.12,0,,,,,41,9.6,ok
TIC 394225555,128.6409,-29.9677,8.12,0,,,,,7,6.9,ok
TIC 55746206,74.7277,-61.1081,8.12,0,,,,,33,9.5,ok
TIC 134396782,122.221,-37.1474,8.12,0,,,,,4,4.4,ok
TIC 82579115,124.6985,-46.944,8.12,0,,,,,8,8.0,ok
TIC 82132800,124.0893,-45.1639,8.12,0,,,,,8,7.8,ok
TIC 344910094,151.4663,3.3891,8.12,0,,,,,8,7.3,ok
TIC 261256082,89.2397,-79.3866,8.12,0,,,,,21,9.6,ok
TIC 71222058,154.1231,-30.4134,8.12,0,,,,,6,7.2,ok
TIC 197908104,58.6794,-57.9394,8.12,0,,,,,12,9.7,ok
TIC 141823041,93.1772,-75.9292,8.12,0,,,,,21,9.7,ok
TIC 60954103,140.1371,-8.8873,8.12,0,,,,,3,3.4,ok
TIC 355361457,110.097,-49.4025,8.12,0,,104.1,rejete,variabilite_continue;eclipse_secondaire,9,13.7,ok
TIC 192544809,154.7424,-18.1044,8.12,0,,,,,6,6.3,ok
TIC 440928120,144.7818,-56.1064,8.12,0,,,,,4,4.8,ok
TIC 437865646,141.9282,-59.9089,8.12,0,,,,,7,7.6,ok
TIC 19612326,139.8292,-32.2217,8.12,0,,,,,6,6.0,ok
TIC 439040577,143.217,-59.1301,8.12,0,,,,,5,5.4,ok
TIC 75828290,139.4856,-43.0201,8.12,0,,,,,6,5.9,ok
TIC 277291895,84.3617,-70.6849,8.12,0,,,,,39,9.3,ok
TIC 5394046,146.4781,-21.7557,8.12,0,,,,,4,4.1,ok
TIC 278865342,100.7742,-56.7052,8.12,0,,,,,45,9.4,ok
TIC 340004523,112.7956,-56.1752,8.12,0,,,,,1,1.9,ok
TIC 22081770,148.2875,-24.4118,8.12,0,,,,,6,6.0,ok
TIC 383051469,133.7652,-56.8512,8.12,0,,,,,6,6.4,ok
TIC 191025774,134.5084,-40.26,8.12,0,,,,,5,5.1,ok
TIC 423443090,157.766,-22.572,8.12,0,,,,,6,6.2,ok
TIC 26172055,152.3228,-7.3786,8.12,0,,,,,2,2.4,ok
TIC 447963577,136.0113,-43.8432,8.12,0,,,,,6,5.9,ok
TIC 34294699,146.5925,-45.2503,8.12,0,,,,,7,7.3,ok
TIC 294097225,107.5988,-55.4255,8.12,0,,,,,24,9.4,ok
TIC 141526547,87.1268,-76.5434,8.13,0,,,,,43,9.6,ok
TIC 4737360,141.4759,-39.2694,8.13,0,,,,,7,6.9,ok
TIC 12058766,146.7586,-31.8576,8.13,0,,,,,3,3.4,ok
TIC 186311970,132.1468,-30.7836,8.13,0,,,,,5,5.2,ok
TIC 358457606,60.3643,-78.5484,8.13,0,,,,,20,9.8,ok
TIC 415571256,147.2229,-21.3608,8.13,0,,,,,4,4.1,ok
TIC 181067002,130.3034,-36.3104,8.13,0,,,,,5,5.1,ok
TIC 101363271,148.35,-22.7706,8.13,0,,,,,5,5.2,ok
TIC 220436129,73.7246,-58.8373,8.13,0,,,,,43,9.2,ok
TIC 293808660,144.0951,-36.8753,8.13,0,,,,,3,3.2,ok
TIC 453049472,145.0862,1.6645,8.13,0,,,,,5,4.8,ok
TIC 306633087,119.8215,-71.433,8.13,0,,,,,40,9.4,ok
TIC 192003908,136.7604,-36.6303,8.13,0,,,,,5,4.9,ok
TIC 45631939,131.0089,-56.643,8.13,0,,,,,6,6.3,ok
TIC 340255470,114.8432,-57.2584,8.13,0,,,,,20,9.2,ok
TIC 350620310,87.3268,-58.6712,8.13,0,,,,,39,10.0,ok
TIC 41173667,91.3987,-69.9151,8.13,0,,,,,38,9.2,ok
TIC 364540782,85.2322,-72.2747,8.13,0,,,,,43,9.4,ok
TIC 279512574,105.7828,-57.7287,8.13,0,,,,,39,9.5,ok
TIC 300871376,117.6961,-70.7779,8.13,0,,,,,33,9.4,ok
TIC 271597672,108.5413,-77.5634,8.13,0,,,,,35,9.7,ok
TIC 189993991,132.216,-40.2915,8.13,0,,,,,4,4.1,ok
TIC 30630877,75.1355,-70.6991,8.13,0,,,,,41,9.2,ok
TIC 262689212,148.9005,0.6559,8.13,0,,,,,5,5.1,ok
TIC 168275432,153.946,-27.4468,8.13,0,,,,,7,6.8,ok
TIC 340174734,113.6794,-58.6575,8.13,0,,,,,28,9.0,ok
TIC 149121385,80.9201,-63.615,8.13,0,,,,,43,9.2,ok
TIC 192942147,154.718,-28.4375,8.13,0,,,,,6,6.9,ok
TIC 149423433,84.6103,-61.1668,8.13,0,,,,,40,9.2,ok
TIC 391550834,138.8892,-51.9005,8.13,0,,64.4,rejete,variabilite_continue;eclipse_secondaire;compagnon_trop_gros_34.3Rjup,7,12.1,ok
TIC 468997317,144.0237,-51.7446,8.13,0,,,,,8,7.9,ok
TIC 306736615,120.7969,-66.6053,8.13,0,,,,,36,9.5,ok
TIC 93205987,129.6632,-50.9168,8.13,0,,,,,7,7.1,ok
TIC 400136515,133.6497,-50.8244,8.13,0,,,,,8,7.9,ok
TIC 176772635,142.5275,-18.7856,8.13,0,,,,,5,4.8,ok
TIC 384714697,136.7295,-58.1419,8.13,0,,,,,6,6.1,ok
TIC 396795219,147.5773,-12.2774,8.14,0,,,,,2,2.5,ok
TIC 287435694,82.2872,-70.8254,8.14,0,,,,,31,9.4,ok
TIC 72536626,151.4995,-40.0733,8.14,0,,,,,7,7.4,ok
TIC 191197049,134.812,-38.0517,8.14,0,,,,,5,5.1,ok
TIC 140892453,76.5012,-72.6702,8.14,0,,,,,30,9.7,ok
TIC 300039874,107.6087,-70.3487,8.14,0,,,,,36,9.6,ok
TIC 168206242,153.4879,-28.9923,8.14,0,,,,,5,5.1,ok
TIC 28709025,131.8905,-42.4852,8.14,0,,,,,3,3.6,ok
TIC 264927315,118.0216,-55.033,8.14,0,,,,,11,9.8,ok
TIC 267328699,113.2929,-48.8898,8.14,0,,,,,9,8.7,ok
TIC 350094458,115.088,-64.4829,8.14,0,,,,,33,11.1,ok
TIC 238285409,120.0197,-48.1014,8.14,0,,,,,4,4.5,ok
TIC 54962786,160.108,-6.4826,8.14,0,,,,,4,4.3,ok
TIC 145453053,132.4782,-51.2247,8.14,0,,,,,7,7.0,ok
TIC 315120285,145.5041,-24.2729,8.14,0,,,,,5,5.2,ok
TIC 260368525,95.2411,-58.352,8.14,0,,,,,41,9.3,ok
TIC 176958231,101.2218,-66.8661,8.14,0,,,,,33,9.5,ok
TIC 90456655,128.4928,-52.1538,8.14,0,,22.9,rejete,variabilite_continue;eclipse_secondaire,9,14.6,ok
TIC 176935006,100.4395,-66.9474,8.14,0,,,,,39,9.6,ok
TIC 24914757,142.3461,-35.5893,8.14,0,,,,,6,6.0,ok
TIC 255760894,99.8363,-52.185,8.14,0,,,,,12,9.2,ok
TIC 300939409,117.7361,-70.0879,8.14,0,,,,,44,9.4,ok
TIC 60982057,140.379,-11.8437,8.14,0,,,,,4,5.2,ok
TIC 434457991,156.0322,-19.7812,8.14,0,,,,,6,6.1,ok
TIC 141281495,83.2485,-75.2367,8.14,0,,,,,41,9.4,ok
TIC 259910595,144.6691,-38.7142,8.14,0,,,,,5,5.3,ok
TIC 277877407,157.1304,0.5241,8.14,0,,,,,6,6.2,ok
TIC 394232135,47.8078,-77.8053,8.14,0,,,,,14,10.1,ok
TIC 439331136,143.2841,-57.15,8.14,0,,,,,7,7.3,ok
TIC 255632493,97.9589,-53.2612,8.14,0,,,,,19,9.6,ok
TIC 184234082,126.8855,-39.6376,8.15,0,,,,,6,6.2,ok
TIC 261088377,81.4551,-79.7624,8.15,0,,,,,25,9.7,ok
TIC 36714241,150.5793,-42.3153,8.15,0,,,,,6,6.9,ok
TIC 461608042,129.1888,-45.2493,8.15,0,,,,,4,4.4,ok
TIC 141152931,80.5865,-75.0103,8.15,0,,,,,43,10.2,ok
TIC 408414768,145.5013,-20.9193,8.15,0,,,,,5,5.1,ok
TIC 18281615,136.7585,-35.1196,8.15,0,,,,,6,5.9,ok
TIC 53474609,126.4943,-42.9193,8.15,0,,,,,7,7.0,ok
TIC 184512118,127.4046,-41.5248,8.15,0,,,,,7,8.3,ok
TIC 70509982,139.1643,-25.3683,8.15,0,,,,,4,4.3,ok
TIC 308994213,123.2109,-63.9776,8.15,0,,,,,23,9.5,ok
TIC 1340317,137.9708,-16.9875,8.15,0,,,,,?,261.9,timeout
TIC 101170045,152.9912,-13.563,8.15,0,,,,,5,5.6,ok
TIC 179229757,158.7014,-20.8448,8.15,0,,,,,5,6.2,ok
TIC 38587665,64.2061,-65.6298,8.15,0,,,,,44,10.4,ok
TIC 432101609,136.9424,-23.3962,8.15,0,,,,,5,6.4,ok
TIC 261261527,90.3194,-79.8714,8.15,0,,,,,19,10.5,ok
TIC 118312397,128.6035,-54.9341,8.15,0,,,,,7,7.6,ok
TIC 332516713,136.5727,-17.1397,8.15,0,,,,,2,2.7,ok
TIC 300136653,108.3789,-70.5333,8.15,0,,,,,21,9.6,ok
TIC 36831862,155.6035,-8.9194,8.15,0,,,,,3,3.7,ok
TIC 123698480,115.6072,-45.958,8.15,0,,,,,6,6.4,ok
TIC 26256664,153.2102,-11.2021,8.15,0,,,,,5,5.2,ok
TIC 25133052,62.1405,-71.6391,8.15,0,,,,,31,10.2,ok
TIC 413325612,160.3673,-22.9098,8.15,0,,,,,?,0.6,erreur
TIC 339672106,110.422,-57.2802,8.15,0,,,,,26,9.6,ok
TIC 19494877,139.55,-33.7209,8.15,0,,,,,6,7.2,ok
TIC 37758544,135.8853,-27.6224,8.15,0,,,,,2,2.8,ok
TIC 220478230,75.8744,-58.4462,8.15,0,,,,,43,9.6,ok
TIC 339733451,110.9054,-58.097,8.15,0,,,,,21,9.5,ok
TIC 33826259,145.8935,-43.324,8.15,0,,,,,8,8.0,ok
TIC 260128701,92.4076,-59.5219,8.15,0,,26.5,rejete,variabilite_continue;eclipse_secondaire,42,15.4,ok
TIC 341490108,120.3675,-58.1188,8.15,0,,,,,13,10.4,ok
TIC 187934753,159.4117,-25.8626,8.15,0,,,,,5,7.0,ok
TIC 340486523,116.0295,-56.7479,8.15,0,,,,,16,10.6,ok
TIC 184750462,127.7864,-37.5659,8.15,0,,,,,3,4.1,ok
TIC 31975419,137.0347,-43.5774,8.15,0,,,,,4,5.0,ok
TIC 22020278,147.875,-25.8865,8.15,0,,,,,6,6.4,ok
TIC 45638784,130.9709,-59.5873,8.15,0,,,,,5,6.0,ok
TIC 178782295,150.1966,-2.0458,8.16,0,,,,,4,4.5,ok
TIC 148564129,164.718,-8.8533,8.16,0,,,,,4,5.1,ok
TIC 72912099,152.8018,-37.8775,8.16,0,,,,,7,7.5,ok
TIC 38954456,70.2612,-60.8458,8.16,0,,,,,42,10.1,ok
TIC 32091606,58.7224,-66.4486,8.16,0,,,,,35,10.4,ok
TIC 38516267,62.5915,-65.3302,8.16,0,,,,,43,9.6,ok
TIC 183731023,126.0628,-40.5708,8.16,0,,,,,6,6.7,ok
TIC 348996104,107.0206,-62.8204,8.16,0,,,,,40,10.4,ok
TIC 386538221,144.6501,-12.638,8.16,0,,,,,5,5.7,ok
TIC 339859805,111.5254,-56.9559,8.16,0,,13.7,rejete,variabilite_continue;eclipse_secondaire,25,15.8,ok
TIC 364421326,119.5729,-63.1315,8.16,0,,,,,27,10.1,ok
TIC 4000387,140.1516,-39.8999,8.16,0,,,,,7,8.0,ok
TIC 35426674,148.4195,-42.4524,8.16,0,,,,,6,9.0,ok
TIC 3522887,139.3178,-39.224,8.16,0,,,,,6,6.7,ok
TIC 62734300,145.1014,-1.3869,8.16,0,,,,,5,6.1,ok
TIC 143154968,117.1346,-42.2472,8.16,0,,,,,8,8.6,ok
TIC 453056696,145.6581,4.2669,8.16,0,,,,,1,2.6,ok
TIC 394677476,52.1953,-80.1709,8.16,0,,,,,11,10.4,ok
TIC 350433903,85.0495,-56.5068,8.16,0,,,,,31,9.6,ok
TIC 32036692,56.7999,-67.3906,8.16,0,,,,,34,9.6,ok
TIC 423246899,140.3609,-23.7862,8.16,0,,,,,5,5.0,ok
TIC 382436277,117.1425,-64.8223,8.16,0,,,,,33,9.6,ok
TIC 350742475,88.5479,-59.7715,8.16,0,,,,,42,9.2,ok
TIC 290300414,136.4125,-62.1034,8.16,0,,,,,7,7.1,ok
TIC 391843498,160.4078,-14.6048,8.16,0,,,,,5,5.4,ok
TIC 271903890,113.5808,-75.0731,8.16,0,,,,,22,9.4,ok
TIC 198011827,60.7071,-57.4594,8.16,0,,13.1,rejete,variabilite_continue;eclipse_secondaire,9,14.5,ok
TIC 55450888,70.5834,-61.619,8.16,0,,,,,34,10.1,ok
TIC 191605380,135.8291,-37.3513,8.16,0,,,,,5,5.2,ok
TIC 358930061,151.6626,-19.3112,8.16,0,,,,,5,5.1,ok
TIC 123223660,143.5535,-5.6034,8.16,0,,,,,5,4.9,ok
TIC 131732441,147.8902,-48.9541,8.16,0,,,,,8,8.1,ok
TIC 238634461,122.4628,-53.4023,8.16,0,,,,,11,9.6,ok
TIC 77736851,142.1331,-44.2222,8.17,0,,,,,7,6.9,ok
TIC 140755216,73.8533,-73.7616,8.17,0,,,,,42,9.9,ok
TIC 341789776,121.1826,-55.9074,8.17,0,,,,,11,10.3,ok
TIC 350024659,114.5233,-63.9462,8.17,0,,,,,32,10.0,ok
TIC 178882210,151.5668,-1.4914,8.17,0,,,,,4,4.1,ok
TIC 18930259,138.3026,-32.314,8.17,0,,,,,5,5.0,ok
TIC 60983926,140.4968,-7.9733,8.17,0,,,,,4,4.2,ok
TIC 167795786,104.3913,-61.8695,8.17,0,,,,,45,9.9,ok
TIC 28702067,131.659,-43.9686,8.17,0,,15.2,rejete,variabilite_continue;eclipse_secondaire,5,8.4,ok
TIC 401027524,134.9217,-51.6801,8.17,0,,,,,8,8.4,ok
TIC 279088395,102.747,-56.2396,8.17,0,,,,,34,9.6,ok
TIC 260605506,97.2312,-57.603,8.17,1,1.7182,18.2,rejete,variabilite_continue;eclipse_secondaire,32,15.8,ok
TIC 71339606,154.7271,-32.9732,8.17,0,,,,,8,8.1,ok
TIC 193042875,156.0544,-27.4258,8.17,0,,,,,6,6.1,ok
TIC 169250731,160.9425,-3.1879,8.17,0,,,,,6,5.8,ok
TIC 341109767,118.5871,-56.7451,8.17,0,,,,,12,9.8,ok
TIC 437278711,141.3342,-55.3403,8.17,0,,,,,6,6.6,ok
TIC 21944234,147.3187,-28.5362,8.17,0,,,,,2,2.5,ok
TIC 141770198,91.8755,-76.6904,8.17,0,,,,,45,9.4,ok
TIC 124535006,158.6564,-4.1069,8.17,0,,,,,5,5.0,ok
TIC 293272754,98.7282,-60.7139,8.17,0,,,,,41,9.6,ok
TIC 284195833,105.581,-69.3525,8.17,0,,,,,41,11.6,ok
TIC 283990684,152.0305,-19.5645,8.17,0,,,,,6,7.6,ok
TIC 55402580,77.8438,-62.8176,8.17,0,,,,,41,9.3,ok
TIC 24729857,141.8177,-34.1283,8.17,0,,,,,5,5.0,ok
TIC 38122361,137.0125,-24.9635,8.17,0,,,,,4,4.3,ok
TIC 350716053,88.5071,-56.5547,8.17,0,,,,,40,11.7,ok
TIC 1742152,132.6463,-29.7531,8.17,0,,,,,5,6.5,ok
TIC 1731678,156.1215,-4.4556,8.17,0,,,,,3,3.3,ok
TIC 238198708,57.1904,-75.7006,8.17,0,,,,,29,9.7,ok
TIC 285529488,130.397,-42.5928,8.17,0,,,,,7,8.8,ok
TIC 55739880,126.2705,-32.6023,8.17,0,,,,,6,8.0,ok
TIC 285626080,130.3065,-45.2772,8.18,0,,,,,7,11.0,ok
TIC 300010961,106.9456,-67.9368,8.18,0,,,,,43,10.4,ok
TIC 62760824,149.0242,-3.8083,8.18,0,,,,,4,4.3,ok
TIC 44763021,146.3612,-37.9151,8.18,0,,,,,6,6.6,ok
TIC 81539064,123.3473,-43.1373,8.18,0,,,,,6,7.3,ok
TIC 186367921,132.2711,-32.2766,8.18,0,,,,,5,5.4,ok
TIC 281637522,117.0101,-59.905,8.18,0,,,,,25,9.2,ok
TIC 294396282,109.1616,-55.9364,8.18,0,,,,,21,9.7,ok
TIC 255586960,96.7239,-53.5819,8.18,0,,,,,28,10.4,ok
TIC 432131379,137.3328,-18.717,8.18,0,,,,,3,3.5,ok
TIC 321289353,159.222,-7.7835,8.18,0,,,,,5,5.3,ok
TIC 55170969,163.0037,-9.9564,8.18,0,,,,,4,5.9,ok
TIC 17841822,136.0019,-31.9111,8.18,0,,,,,5,6.7,ok
TIC 237920279,56.8279,-64.3277,8.18,0,,,,,20,9.6,ok
TIC 123443349,115.0084,-45.1658,8.18,0,,,,,7,7.2,ok
TIC 71716646,156.5103,-30.8472,8.18,0,,,,,7,7.8,ok
TIC 350519682,86.0947,-58.275,8.18,0,,,,,40,10.6,ok
TIC 413252895,144.1353,-22.4294,8.18,0,,,,,5,17.1,ok
TIC 79703670,120.5439,-44.3861,8.18,0,,,,,8,10.6,ok
TIC 167574667,101.528,-60.6741,8.18,0,,,,,39,10.3,ok
TIC 380531995,140.2606,-20.1762,8.18,0,,,,,4,4.9,ok
TIC 418102812,146.4145,-19.5807,8.18,0,,,,,5,5.9,ok
TIC 62729160,144.9082,-4.2677,8.18,0,,,,,5,6.1,ok
TIC 286938395,150.6061,-36.0106,8.18,0,,,,,7,7.0,ok
TIC 350825116,89.6051,-55.2044,8.18,0,,,,,42,11.1,ok
TIC 141292310,129.3311,-45.2072,8.18,0,,,,,6,7.2,ok
TIC 21941526,147.1455,-28.7289,8.18,0,,,,,5,5.5,ok
TIC 461805704,128.8618,-32.8464,8.18,0,,,,,7,7.5,ok
TIC 220428894,72.9117,-59.011,8.18,0,,,,,42,10.4,ok
TIC 272235353,117.4267,-72.357,8.18,0,,,,,31,10.5,ok
TIC 340313069,115.0266,-59.2298,8.18,0,,,,,21,9.9,ok
TIC 275251343,148.2139,2.9617,8.18,0,,,,,8,7.4,ok
TIC 38396389,60.1242,-60.3547,8.18,0,,,,,17,9.5,ok
TIC 358107357,51.0559,-73.4922,8.18,0,,,,,20,9.6,ok
TIC 96095969,146.8085,-9.1869,8.18,0,,,,,3,3.6,ok
TIC 101416328,148.9653,-21.8414,8.18,0,,,,,7,8.9,ok
TIC 55298271,76.8636,-62.75,8.18,1,1.5384,26.0,rejete,variabilite_continue;eclipse_secondaire,38,19.2,ok
TIC 11382822,145.6127,-27.4404,8.18,0,,,,,6,7.2,ok
TIC 192542489,154.5853,-23.7292,8.18,0,,,,,6,7.1,ok
TIC 293549985,139.3119,-48.678,8.18,0,,,,,6,6.9,ok
TIC 269793513,67.9073,-79.871,8.19,0,,,,,15,10.2,ok
TIC 358841149,151.3446,-22.7107,8.19,0,,,,,5,5.8,ok
TIC 410359667,150.5958,-19.0506,8.19,0,,,,,6,6.9,ok
TIC 1362343,140.1144,-17.4249,8.19,0,,,,,4,5.6,ok
TIC 340065168,113.1887,-57.3748,8.19,0,,30.6,rejete,variabilite_continue;eclipse_secondaire;compagnon_trop_gros_3.5Rjup,23,21.9,ok
TIC 405451423,143.2372,-12.5877,8.19,0,,,,,5,6.2,ok
TIC 30403921,74.5298,-70.1492,8.19,0,,,,,31,10.3,ok
TIC 101365484,148.4918,-21.1261,8.19,0,,,,,7,8.0,ok
TIC 401784948,136.0625,-51.9959,8.19,0,,,,,8,10.0,ok
TIC 140890028,76.3932,-72.106,8.19,0,,,,,20,10.1,ok
TIC 293440988,139.3383,-52.5695,8.19,0,,,,,3,3.7,ok
TIC 357539762,137.5325,-62.9138,8.19,0,,,,,8,8.9,ok
TIC 189534385,143.4816,-28.7771,8.19,0,,,,,5,6.6,ok
TIC 410127392,133.4064,-23.0323,8.19,0,,,,,7,8.4,ok
TIC 78131818,147.3821,-0.8515,8.19,0,,,,,4,4.9,ok
TIC 307934688,138.7907,-16.0665,8.19,0,,,,,4,5.1,ok
TIC 147594172,125.2888,-34.0738,8.19,0,,,,,7,7.9,ok
TIC 198051596,63.0965,-57.8064,8.19,0,,,,,15,13.6,ok
TIC 5450638,147.0283,-18.3771,8.19,0,,,,,5,6.9,ok
TIC 271976400,114.3271,-73.7107,8.19,0,,,,,43,11.5,ok
TIC 22222900,149.0303,-26.9148,8.19,0,,,,,5,6.0,ok
TIC 300969869,118.1507,-69.033,8.19,0,,,,,30,10.1,ok
TIC 185756778,130.7769,-35.4374,8.19,0,,,,,6,6.5,ok
TIC 38632722,64.8391,-61.2626,8.19,0,,,,,20,10.3,ok
TIC 307214209,124.6619,-71.9773,8.19,0,,34.1,rejete,variabilite_continue;eclipse_secondaire,28,16.7,ok
TIC 47172504,145.2994,-7.6281,8.19,0,,,,,5,5.8,ok
TIC 386521744,144.4149,-13.2973,8.19,0,,,,,2,2.9,ok
TIC 430428929,130.8287,-43.203,8.19,0,,,,,4,5.4,ok
TIC 53575889,157.1731,-31.72,8.19,0,,,,,7,7.2,ok
TIC 122907424,112.9701,-46.7322,8.19,0,,,,,8,8.6,ok
TIC 121948496,132.6355,-56.1667,8.19,0,,,,,9,9.6,ok
TIC 70560432,139.2084,-28.4393,8.19,0,,,,,3,4.0,ok
TIC 344843690,150.4169,1.1311,8.19,0,,,,,8,8.4,ok
TIC 24440555,140.8057,-30.4897,8.19,0,,,,,6,6.1,ok
TIC 309779168,126.259,-64.0859,8.19,0,,,,,13,11.0,ok
TIC 348881873,148.3758,-17.1301,8.19,0,,,,,5,5.1,ok
TIC 45549614,148.5996,-40.3136,8.19,0,,,,,8,8.5,ok
TIC 300940126,117.8871,-71.0949,8.19,0,,,,,39,10.0,ok
TIC 231098685,69.1679,-67.2333,8.19,0,,,,,39,10.3,ok
TIC 1523352,153.5813,-12.5844,8.2,0,,,,,5,5.3,ok
TIC 181565207,131.586,-36.3981,8.2,0,,,,,5,6.2,ok
TIC 393030999,65.6848,-78.7144,8.2,0,,,,,26,10.1,ok
TIC 357799061,138.163,-62.2645,8.2,0,,,,,6,6.9,ok
TIC 278991349,102.0586,-57.4844,8.2,0,,,,,33,10.0,ok
TIC 461767324,138.7302,-50.9338,8.2,0,,,,,8,8.4,ok
TIC 374911986,89.1033,-60.5826,8.2,0,,,,,41,10.3,ok
TIC 140997242,78.1137,-75.1449,8.2,0,,,,,43,10.1,ok
TIC 75483878,139.0402,-47.2752,8.2,0,,,,,7,7.8,ok
TIC 279575424,106.3728,-54.12,8.2,0,,,,,17,11.7,ok
TIC 359158057,140.082,-62.3496,8.2,0,,,,,3,4.2,ok
TIC 189388619,142.4567,-25.5909,8.2,0,,,,,3,3.6,ok
TIC 179300700,159.7596,-18.2347,8.2,0,,,,,4,4.5,ok
TIC 293464355,49.3903,-78.5001,8.2,0,,,,,13,11.1,ok
TIC 405422983,142.9953,-15.9675,8.2,0,,,,,5,5.4,ok
TIC 148498368,163.8328,-7.6012,8.2,0,,,,,5,5.2,ok
TIC 189587387,143.9429,-25.8813,8.2,0,,,,,4,4.2,ok
TIC 289801172,160.9704,-13.8731,8.2,0,,,,,5,5.1,ok
TIC 177023289,102.4435,-69.3294,8.2,0,,,,,42,9.8,ok
TIC 89328464,126.5518,-57.9043,8.2,0,,,,,12,10.3,ok
TIC 122089775,132.939,-58.3661,8.2,0,,,,,5,5.7,ok
TIC 62816685,154.2325,-1.4172,8.2,0,,,,,4,4.2,ok
TIC 46746210,141.4442,-10.4867,8.2,0,,,,,5,4.9,ok
TIC 349056430,107.4061,-62.3046,8.2,0,,,,,34,9.7,ok
TIC 350559756,86.4913,-56.4514,8.2,0,,,,,41,10.4,ok
TIC 141796057,130.0823,-44.2606,8.2,0,,,,,6,6.2,ok
TIC 268968347,118.1846,-51.5574,8.2,0,,,,,4,4.5,ok
TIC 408308657,144.8372,-18.3116,8.2,0,,,,,4,4.4,ok
TIC 408307172,144.6845,-20.5153,8.2,0,,,,,5,5.0,ok
TIC 281495893,112.0915,-58.5362,8.2,0,,,,,30,9.2,ok
TIC 309066741,123.5018,-61.6568,8.21,0,,,,,20,9.6,ok
TIC 269901428,71.3604,-80.6408,8.21,0,,,,,19,9.6,ok
TIC 1474831,147.0154,-15.4208,8.21,0,,,,,5,5.0,ok
TIC 260415628,95.6191,-57.5921,8.21,0,,,,,40,9.2,ok
TIC 309029591,151.1703,-24.021,8.21,0,,,,,6,6.0,ok
TIC 260369855,95.2015,-55.6752,8.21,0,,,,,41,9.4,ok
TIC 38678868,65.4048,-62.1219,8.21,0,,,,,41,9.3,ok
TIC 372848396,67.7026,-57.4497,8.21,0,,,,,23,9.2,ok
TIC 56976008,127.5804,-31.9523,8.21,0,,,,,7,6.8,ok
TIC 269342892,119.0724,-48.245,8.21,0,,,,,8,8.1,ok
TIC 101760788,152.856,-42.7491,8.21,0,,,,,2,2.6,ok
TIC 262500573,109.9236,-54.8223,8.21,0,,,,,15,9.7,ok
TIC 238099447,105.4031,-51.488,8.21,0,,,,,14,9.1,ok
TIC 3849122,139.9841,-41.2503,8.21,0,,,,,5,5.7,ok
TIC 308774033,151.6375,-16.3385,8.21,0,,,,,6,6.1,ok
TIC 176957187,100.8214,-66.501,8.21,0,,,,,29,9.2,ok
TIC 18290325,136.9417,-32.275,8.21,0,,,,,5,5.0,ok
TIC 386025523,138.8911,-58.8775,8.21,1,2.7015,11.0,rejete,variabilite_continue;eclipse_secondaire,10,15.9,ok
TIC 198076334,63.6506,-59.0896,8.21,0,,130.6,rejete,variabilite_continue;eclipse_secondaire;compagnon_trop_gros_2.4Rjup,23,16.3,ok
TIC 307771740,138.0463,-13.3694,8.21,0,,,,,3,3.5,ok
TIC 142050046,97.3119,-73.5895,8.21,0,,,,,23,9.5,ok
TIC 81200615,122.8251,-46.1212,8.21,0,,,,,7,7.0,ok
TIC 339960404,112.6176,-59.5584,8.21,0,,,,,35,9.2,ok
TIC 134399535,122.2957,-37.7975,8.21,0,,,,,5,5.5,ok
TIC 261260905,90.727,-78.5206,8.21,0,,,,,39,10.0,ok
TIC 260505542,96.7453,-55.0331,8.21,0,,,,,32,9.3,ok
TIC 279088861,102.6969,-56.9525,8.21,0,,,,,40,9.1,ok
TIC 141155264,81.0946,-75.6204,8.21,0,,,,,40,9.1,ok
TIC 308537204,120.8363,-61.4078,8.21,0,,,,,8,8.9,ok
TIC 178827771,150.4685,-5.706,8.21,0,,,,,4,3.9,ok
TIC 294212483,108.4261,-54.9008,8.21,0,,,,,18,9.0,ok
TIC 80544278,121.8597,-45.0647,8.21,0,,,,,8,7.8,ok
TIC 179662359,145.7189,-2.2405,8.21,0,,,,,3,3.2,ok
TIC 33224518,148.9749,-11.2486,8.21,0,,,,,6,5.8,ok
TIC 36077696,149.5668,-47.4109,8.21,0,,,,,6,6.9,ok
TIC 189090682,140.4367,-26.1818,8.21,0,,,,,3,3.4,ok
TIC 168313306,154.3254,-25.0807,8.21,0,,,,,7,6.9,ok
TIC 374312406,160.0589,0.1325,8.21,0,,,,,7,6.9,ok
TIC 294330174,109.0868,-57.6408,8.21,0,,,,,36,9.3,ok
TIC 332510406,136.3626,-17.8798,8.21,0,,,,,6,5.8,ok
TIC 309402974,124.8516,-64.494,8.21,0,,,,,18,9.7,ok
TIC 192310075,137.6076,-39.0862,8.21,0,,,,,5,4.9,ok
TIC 37693102,135.788,-26.5985,8.21,0,,,,,4,4.0,ok
TIC 382187278,81.2631,-57.2353,8.21,0,,,,,42,9.4,ok
TIC 278729421,99.5016,-59.7735,8.21,0,,,,,31,10.2,ok
TIC 469002747,144.0049,-50.5425,8.21,0,,,,,4,4.6,ok
TIC 349964939,114.342,-65.8453,8.21,0,,,,,31,11.2,ok
TIC 38011191,136.6613,-27.5444,8.21,0,,,,,2,2.5,ok
TIC 73254229,154.0016,-39.5055,8.21,0,,,,,2,2.7,ok
TIC 36879392,156.2902,-10.2278,8.21,0,,,,,4,4.6,ok
TIC 370236000,105.2594,-74.0174,8.21,0,,,,,42,10.1,ok
TIC 238203650,58.1845,-77.8622,8.22,0,,,,,21,11.0,ok
TIC 364145817,139.7302,-50.218,8.22,0,,,,,7,7.4,ok
TIC 430553236,131.1165,-45.9405,8.22,0,,,,,5,5.3,ok
TIC 341929445,122.0228,-57.1172,8.22,0,,,,,12,10.2,ok
TIC 356366528,134.2339,-65.1237,8.22,0,,,,,11,11.7,ok
TIC 33835925,64.1494,-74.2875,8.22,0,,,,,38,11.0,ok
TIC 300938638,117.868,-69.1277,8.22,0,,,,,21,11.1,ok
TIC 381974270,76.9305,-59.485,8.22,0,,,,,31,10.2,ok
TIC 272548575,121.8532,-72.1561,8.22,0,,,,,16,10.3,ok
TIC 47005222,143.9621,-11.6811,8.22,0,,,,,5,5.2,ok
TIC 415602092,147.5046,-20.2743,8.22,0,,,,,4,4.4,ok
TIC 76909415,140.9617,-47.0594,8.22,0,,,,,7,7.5,ok
TIC 189620753,144.13,-24.2302,8.22,0,,,,,4,4.5,ok
TIC 80658396,122.0193,-44.1003,8.22,0,,,,,2,3.3,ok
TIC 318185293,162.1468,-3.436,8.22,0,,,,,7,7.3,ok
TIC 445329934,112.0075,-53.2366,8.22,0,,,,,12,10.9,ok
TIC 287329624,109.6281,-59.7357,8.22,0,,,,,22,11.0,ok
TIC 358463026,119.0602,-62.1178,8.22,0,,,,,25,9.7,ok
TIC 405487207,143.8311,-16.2759,8.22,0,,,,,4,5.1,ok
TIC 185750349,130.6501,-34.2116,8.22,0,,,,,6,6.5,ok
TIC 349311517,109.7568,-65.2256,8.22,0,,,,,40,10.0,ok
TIC 55523561,72.0655,-62.4282,8.22,0,,,,,39,9.9,ok
TIC 176659885,141.6801,-18.6031,8.23,0,,,,,5,5.2,ok
TIC 384471898,136.3597,-58.9248,8.23,0,,,,,10,10.2,ok
TIC 197905813,58.4596,-59.7,8.23,0,,,,,14,10.4,ok
TIC 260296875,94.4458,-58.8089,8.23,0,,,,,25,11.7,ok
TIC 382690427,137.2295,-51.6028,8.23,0,,,,,8,9.3,ok
TIC 36832895,155.7013,-6.5259,8.23,0,,,,,4,4.4,ok
TIC 238714926,123.0618,-49.8696,8.23,0,,,,,3,4.9,ok
TIC 349372072,110.0004,-61.035,8.23,0,,,,,42,9.6,ok
TIC 141823020,93.2125,-75.9584,8.23,0,,,,,21,10.2,ok
TIC 231089952,68.6065,-66.1935,8.23,0,,,,,43,10.8,ok
TIC 396810588,147.7983,-12.34,8.23,0,,,,,4,4.4,ok
TIC 260657210,98.4084,-54.5894,8.23,0,,,,,26,10.5,ok
TIC 95993405,145.831,-10.7788,8.23,0,,,,,5,6.4,ok
TIC 268910725,117.8748,-49.0369,8.23,0,,,,,9,10.7,ok
TIC 45490164,148.3092,-37.4277,8.23,0,,,,,7,7.5,ok
TIC 349273478,109.2763,-63.4789,8.23,0,,,,,21,10.7,ok
TIC 143733526,118.5347,-44.0808,8.23,0,,,,,8,9.1,ok
TIC 30135253,133.7465,-47.5924,8.23,0,,,,,3,4.7,ok
TIC 29662381,150.875,-30.2499,8.23,0,,,,,5,5.8,ok
TIC 193160044,157.2558,-25.5667,8.23,0,,,,,6,7.0,ok
TIC 314830254,52.803,-76.4001,8.23,0,,,,,21,10.4,ok
TIC 350844714,90.1382,-56.1614,8.23,0,,,,,33,10.1,ok
TIC 14279875,144.1383,-3.225,8.23,0,,,,,4,4.8,ok
TIC 237949640,101.5943,-53.3422,8.24,0,,,,,21,10.2,ok
TIC 148562228,164.6244,-7.0553,8.24,0,,,,,6,6.5,ok
TIC 364538492,71.1731,-74.3226,8.24,0,,,,,42,10.9,ok
TIC 267833722,114.9795,-49.4271,8.24,0,,115.8,rejete,variabilite_continue;eclipse_secondaire;compagnon_trop_gros_4.0Rjup,6,10.6,ok
TIC 189272753,141.6937,-27.0635,8.24,0,,,,,5,5.6,ok
TIC 342883332,125.4888,-58.7237,8.24,0,,,,,12,12.0,ok
TIC 148574718,164.8181,-10.955,8.24,0,,,,,4,4.4,ok
TIC 260242697,93.8258,-54.5584,8.24,0,,,,,34,10.9,ok
TIC 260507500,96.6828,-58.833,8.24,0,,,,,36,9.3,ok
TIC 180466753,128.7176,-38.0812,8.24,0,,,,,6,6.0,ok
TIC 278866220,100.8264,-55.2298,8.24,0,,,,,32,9.6,ok
TIC 132706871,120.0134,-40.0442,8.24,0,,,,,4,4.5,ok
TIC 271058763,132.3098,-42.3325,8.24,0,,34.5,rejete,variabilite_continue;eclipse_secondaire,5,8.4,ok
TIC 269855919,70.8315,-79.1261,8.24,0,,,,,19,10.5,ok
TIC 307158324,124.0627,-70.4014,8.24,1,1.9561,61.9,rejete,variabilite_continue;eclipse_secondaire,31,14.9,ok
TIC 176773905,142.5554,-21.0026,8.24,0,,,,,3,3.5,ok
TIC 300323829,110.3461,-67.2925,8.24,0,,,,,41,9.6,ok
TIC 182747470,124.1662,-38.4037,8.24,0,,,,,6,6.5,ok
TIC 272089457,115.6303,-76.2177,8.24,0,,,,,31,9.8,ok
TIC 18556792,137.4207,-30.2715,8.24,0,,,,,4,4.1,ok
TIC 178781496,150.1161,-1.2391,8.24,0,,,,,4,4.3,ok
TIC 190783321,133.858,-41.0788,8.24,0,,,,,5,5.3,ok
TIC 101424622,149.0934,-33.1007,8.24,0,,,,,6,6.2,ok
TIC 286854355,150.5311,-39.7111,8.24,0,,,,,6,6.5,ok
TIC 290366208,136.3174,-64.1727,8.24,0,,,,,11,10.1,ok
TIC 53209334,166.8781,-4.6482,8.24,0,,,,,7,7.4,ok
TIC 279250316,103.9618,-58.4105,8.24,0,,,,,40,11.5,ok
TIC 220424315,72.3325,-57.1004,8.24,0,,,,,32,9.6,ok
TIC 26050633,150.9848,-7.6619,8.25,0,,,,,3,3.5,ok
TIC 432183805,153.7397,-22.2218,8.25,0,,,,,6,6.0,ok
TIC 360009458,141.4705,-61.4969,8.25,0,,,,,4,4.3,ok
TIC 407661867,83.077,-72.8325,8.25,0,,,,,41,9.6,ok
TIC 33355798,150.2815,-11.0822,8.25,0,,,,,6,7.1,ok
TIC 177284199,102.4186,-74.5568,8.25,0,,,,,45,9.6,ok
TIC 192332330,137.6979,-37.9618,8.25,0,,,,,5,5.1,ok
TIC 271812702,112.1746,-75.4081,8.25,0,,,,,34,9.4,ok
TIC 76569867,140.4632,-43.2476,8.25,0,,,,,7,6.9,ok
TIC 410322559,150.2284,-21.3948,8.25,0,,,,,5,5.4,ok
TIC 300330109,111.1149,-70.1266,8.25,0,,,,,21,9.5,ok
TIC 305565413,139.4227,-13.7558,8.25,0,,,,,4,4.2,ok
TIC 308147425,130.1718,-68.6177,8.25,0,,,,,19,9.8,ok
TIC 18075983,136.4597,-30.28,8.25,0,,,,,4,4.3,ok
TIC 277767839,154.1409,2.4029,8.25,0,,,,,7,6.8,ok
TIC 5290209,142.4728,-41.0316,8.25,0,,,,,7,6.9,ok
TIC 409943021,145.0231,-17.2515,8.25,0,,,,,4,4.4,ok
TIC 308454245,120.9581,-64.6291,8.25,0,,,,,30,9.7,ok
TIC 55849142,75.8264,-61.4154,8.25,0,,,,,43,10.2,ok
TIC 300653642,114.3004,-69.0448,8.25,0,,,,,21,9.7,ok
TIC 262498136,109.9286,-57.7788,8.25,0,,,,,32,9.9,ok
TIC 41532123,93.7556,-70.4603,8.25,0,,,,,36,16.3,ok
TIC 33357624,150.3434,-7.1538,8.25,0,,,,,2,3.9,ok
TIC 261061538,81.3406,-78.1385,8.25,0,,,,,39,11.9,ok
TIC 179224226,158.3114,-18.2841,8.25,0,,,,,4,4.4,ok
TIC 118260274,128.4088,-57.8177,8.25,0,,,,,10,9.6,ok
TIC 299802045,59.8784,-75.6607,8.26,0,,,,,?,0.5,erreur
TIC 25194865,63.9506,-66.2181,8.26,0,,,,,9,9.2,ok
TIC 33734517,61.7672,-77.5662,8.26,0,,,,,25,9.8,ok
TIC 8051731,157.6777,-4.8431,8.26,0,,,,,3,3.5,ok
TIC 33393639,150.5821,-9.8495,8.26,0,,,,,4,4.5,ok
TIC 38762657,67.3523,-61.2187,8.26,0,,,,,43,9.7,ok
TIC 445581870,117.0204,-54.4179,8.26,0,,,,,12,9.9,ok
TIC 445517852,112.7494,-48.2615,8.26,0,,,,,7,7.2,ok
TIC 271900960,112.9419,-75.5276,8.26,0,,,,,34,9.5,ok
TIC 287326898,109.7045,-56.6433,8.26,0,,,,,25,9.8,ok
TIC 286998391,150.7035,-40.6014,8.26,0,,,,,7,7.3,ok
TIC 220391964,68.1409,-58.6551,8.26,0,,,,,31,10.0,ok
TIC 11466228,146.2412,-26.6578,8.26,0,,,,,5,5.1,ok
TIC 38587771,64.141,-65.9112,8.26,0,,,,,31,9.9,ok
TIC 38424405,60.4108,-61.9584,8.26,0,,,,,23,10.9,ok
TIC 150391988,96.4981,-61.6245,8.26,0,,,,,43,9.5,ok
TIC 149575726,86.769,-64.7628,8.26,0,,,,,36,9.9,ok
TIC 186841433,133.7247,-33.513,8.26,0,,,,,4,4.4,ok
TIC 306668692,120.1596,-70.8415,8.26,0,,,,,19,9.6,ok
TIC 93196537,129.71,-48.4257,8.27,0,,,,,2,2.6,ok
TIC 237935160,58.9216,-60.7836,8.27,0,,,,,19,9.8,ok
TIC 300443831,111.7549,-69.5154,8.27,0,,,,,35,9.6,ok
TIC 260353507,94.7664,-53.9733,8.27,0,,17.1,rejete,variabilite_continue;eclipse_secondaire,34,15.2,ok
TIC 238491701,121.6349,-49.202,8.27,0,,,,,6,6.9,ok
TIC 55350010,125.8033,-34.6795,8.27,0,,22.4,rejete,variabilite_continue;eclipse_secondaire,6,10.1,ok
TIC 31382876,88.781,-70.9478,8.27,0,,,,,3,3.6,ok
TIC 453097891,114.1032,-71.7117,8.27,0,,,,,41,9.5,ok
TIC 150440176,97.6861,-61.6086,8.27,0,,,,,39,9.7,ok
TIC 143679088,118.5389,-45.2942,8.27,0,,,,,2,2.6,ok
TIC 294779080,71.4832,-66.517,8.27,0,,,,,32,11.0,ok
TIC 375038128,99.7237,-63.4642,8.27,0,,,,,?,0.6,erreur
TIC 5504065,149.7701,-21.6716,8.27,0,,,,,3,3.6,ok
TIC 76188657,140.0117,-46.7692,8.27,0,,,,,8,8.5,ok
TIC 191929687,136.4922,-39.7661,8.27,0,,,,,4,4.9,ok
TIC 149390585,84.1056,-62.3199,8.27,0,,,,,7,7.2,ok
TIC 307157616,124.0854,-71.2763,8.27,0,,,,,29,10.7,ok
TIC 285021965,119.6284,-47.3921,8.27,0,,,,,4,4.8,ok
TIC 279571832,106.1392,-58.8295,8.27,0,,,,,43,9.6,ok
TIC 193067087,156.1968,-25.4161,8.27,0,,,,,5,5.5,ok
TIC 257720377,78.285,-59.9821,8.27,0,,,,,34,10.6,ok
TIC 44309607,145.2939,-36.8908,8.27,0,,,,,5,5.4,ok
TIC 271903417,113.4997,-75.7851,8.27,0,,,,,26,9.8,ok
TIC 260077376,91.8324,-57.1762,8.27,0,,,,,21,9.8,ok
TIC 132736769,148.9906,-48.0922,8.27,0,,,,,7,7.4,ok
TIC 231739745,67.3409,-75.6256,8.27,0,,,,,40,9.9,ok
TIC 350744678,88.7508,-55.2317,8.27,0,,,,,34,10.6,ok
TIC 2225329,133.9473,-27.0815,8.27,0,,,,,4,4.4,ok
TIC 308934388,150.6342,-25.4648,8.27,0,,,,,6,6.7,ok
TIC 383517469,134.8686,-59.4715,8.27,0,,,,,10,10.4,ok
TIC 309089515,151.3418,-27.1138,8.27,0,,,,,7,7.4,ok
TIC 140034097,126.3653,-50.9168,8.27,0,,,,,9,9.2,ok
TIC 1531533,156.5975,-12.077,8.27,0,,,,,5,5.4,ok
TIC 178782501,150.1869,-2.9436,8.27,0,,,,,2,3.0,ok
TIC 179201407,79.3173,-70.2596,8.27,0,,,,,42,10.4,ok
TIC 53785316,158.2172,-29.9773,8.27,0,,,,,7,7.6,ok
TIC 308019528,155.1523,-14.9864,8.27,0,,,,,5,7.4,ok
TIC 52065148,152.8953,-19.1202,8.27,0,,,,,6,6.6,ok
TIC 3227721,138.753,-40.1271,8.27,0,,,,,3,5.2,ok
TIC 321292340,159.5226,-6.0161,8.28,0,,,,,4,4.6,ok
TIC 350433501,85.1964,-57.5264,8.28,0,,,,,41,10.5,ok
TIC 187242192,135.0222,-30.2034,8.28,0,,,,,4,4.7,ok
TIC 310766227,129.3094,-63.9011,8.28,0,,,,,11,10.4,ok
TIC 276943440,83.6695,-70.9387,8.28,0,,,,,40,10.1,ok
TIC 286131445,146.6601,-0.6117,8.28,0,,,,,4,5.1,ok
TIC 55366779,77.2653,-63.9412,8.28,0,,,,,41,10.1,ok
TIC 55384838,77.3317,-65.1287,8.28,0,,,,,30,15.5,ok
TIC 405469312,143.4291,-14.3806,8.28,0,,,,,5,6.7,ok
TIC 262687235,148.6979,4.0229,8.28,0,,,,,7,8.4,ok
TIC 279516815,105.8631,-55.81,8.28,0,,,,,29,10.4,ok
TIC 281072129,144.9867,-50.2149,8.28,0,,,,,5,6.2,ok
TIC 177082055,103.5474,-68.1579,8.28,0,,,,,42,10.2,ok
TIC 101413156,148.8679,-19.9792,8.28,0,,,,,7,7.7,ok
TIC 382517621,117.6032,-63.8721,8.28,0,,,,,42,9.8,ok
TIC 77630837,153.7378,-3.1688,8.28,0,,,,,3,3.7,ok
TIC 150390490,96.5365,-64.5532,8.28,0,,,,,36,10.3,ok
TIC 33770863,63.4186,-73.04,8.28,0,,,,,43,10.4,ok
TIC 146775428,124.376,-34.695,8.28,0,,,,,3,4.0,ok
TIC 148545939,164.2777,-9.9618,8.28,0,,,,,5,7.3,ok
TIC 71093939,153.3663,-32.3936,8.28,0,,,,,7,7.7,ok
TIC 409945931,145.3371,-12.3085,8.28,0,,,,,6,6.6,ok
TIC 55497082,71.5509,-60.0176,8.28,0,,,,,40,10.3,ok
TIC 293936969,106.6186,-56.646,8.28,0,,,,,35,10.5,ok
TIC 350930032,90.4294,-54.7411,8.28,0,,,,,5,6.8,ok
TIC 332701748,150.1589,-12.1446,8.28,0,,,,,5,6.7,ok
TIC 124575151,159.095,-1.7738,8.28,0,,,,,6,6.8,ok
TIC 260351540,94.804,-58.054,8.28,0,,,,,41,10.3,ok
TIC 56898970,127.3587,-35.4737,8.28,0,,,,,7,8.8,ok
TIC 260352227,94.7857,-56.6805,8.28,0,,,,,41,10.6,ok
TIC 36890022,156.4646,-10.0314,8.28,0,,,,,5,6.2,ok
TIC 309067801,123.4973,-62.4356,8.28,0,,,,,21,10.0,ok
TIC 101319448,148.22,-18.2707,8.28,0,,,,,5,6.1,ok
TIC 350138611,115.2042,-60.9007,8.28,0,,,,,14,10.6,ok
TIC 45238147,147.7236,-39.5841,8.28,0,,,,,8,8.8,ok
TIC 2251147,134.2046,-24.3607,8.29,0,,,,,5,6.0,ok
TIC 349907707,114.1051,-61.8738,8.29,0,,13.6,rejete,variabilite_continue;eclipse_secondaire;compagnon_trop_gros_3.3Rjup,31,17.4,ok
TIC 298082834,142.6623,-53.0479,8.29,0,,,,,5,6.3,ok
TIC 279477819,105.3096,-56.825,8.29,0,,,,,36,10.5,ok
TIC 150028806,90.8916,-62.1985,8.29,0,,,,,38,11.4,ok
TIC 279361252,104.6368,-57.6883,8.29,0,,,,,5,5.9,ok
TIC 386079053,138.897,-56.0679,8.29,0,,,,,7,8.0,ok
TIC 75053771,138.441,-46.1883,8.29,0,,,,,7,8.8,ok
TIC 141805180,92.147,-74.3933,8.29,0,,,,,45,11.4,ok
TIC 31961002,55.076,-68.4182,8.29,0,,,,,32,10.7,ok
TIC 349154160,108.2421,-61.6135,8.29,0,,,,,41,11.1,ok
TIC 149347534,83.4977,-59.9505,8.29,0,,,,,41,11.4,ok
TIC 387106852,140.5283,-55.0106,8.29,0,,,,,6,7.1,ok
TIC 25155698,63.4129,-70.5068,8.29,0,,,,,44,9.9,ok
TIC 2020964,133.4586,-25.0843,8.29,0,,,,,6,6.3,ok
TIC 25451900,144.1784,-33.3355,8.29,0,,,,,5,5.8,ok
TIC 126737992,136.9191,-50.6402,8.29,0,,,,,8,8.3,ok
TIC 62734648,145.1521,-0.2984,8.29,0,,,,,5,5.1,ok
TIC 355375058,131.0816,-62.6858,8.29,0,,,,,11,9.6,ok
TIC 349967099,114.207,-63.3003,8.29,0,,,,,24,10.0,ok
TIC 190449858,133.2812,-38.591,8.29,0,,,,,5,5.4,ok
TIC 8053122,157.8767,-1.0339,8.29,0,,,,,6,6.3,ok
TIC 175344943,152.3922,-3.1964,8.29,0,,,,,3,4.2,ok
TIC 33170236,148.5254,-8.7075,8.29,0,,,,,4,5.1,ok
TIC 141121793,80.3436,-76.2983,8.29,0,,,,,38,9.6,ok
TIC 344999162,152.5206,0.2232,8.29,0,,,,,8,7.7,ok
TIC 300043830,146.6251,-2.6924,8.29,0,,,,,4,4.2,ok
TIC 177350315,104.1215,-72.6457,8.3,0,,,,,41,9.8,ok
TIC 190084433,132.2809,-37.6966,8.3,0,,,,,4,4.2,ok
TIC 432186595,153.8762,-20.4001,8.3,0,,,,,6,6.9,ok
TIC 191245853,135.0556,-39.6609,8.3,0,,,,,5,6.3,ok
TIC 278955132,101.4907,-55.0295,8.3,0,,,,,23,11.0,ok
TIC 177388502,104.9873,-75.207,8.3,0,,,,,42,10.4,ok
TIC 38699825,66.3975,-60.7568,8.3,0,,,,,34,9.9,ok
TIC 94103840,130.6852,-52.8471,8.3,0,,,,,6,6.1,ok
TIC 71547807,155.6492,-32.3755,8.3,0,,,,,4,4.5,ok
TIC 370247585,55.4819,-78.7698,8.3,0,,,,,14,10.5,ok
TIC 306736346,120.9473,-66.343,8.3,0,,,,,35,9.9,ok
TIC 306736789,120.8389,-66.839,8.3,0,,,,,?,0.5,erreur
TIC 55009613,161.1929,-10.9095,8.3,0,,,,,4,4.6,ok
TIC 388761462,125.823,-51.7417,8.3,1,2.7247,13.1,rejete,variabilite_continue;eclipse_secondaire,11,16.9,ok
TIC 260540898,97.1905,-55.9171,8.3,0,,,,,32,9.9,ok
TIC 38943971,70.2055,-62.8007,8.3,0,,,,,43,9.5,ok
TIC 272431788,120.0892,-75.5035,8.3,0,,,,,28,9.7,ok
TIC 272550198,121.8219,-74.1817,8.3,0,,,,,28,9.5,ok
TIC 11969087,146.3509,-33.7974,8.3,0,,,,,3,3.5,ok
TIC 355702403,132.3291,-64.1525,8.3,0,,,,,10,10.2,ok
TIC 356072479,138.4357,-50.2235,8.3,0,,,,,8,8.1,ok
TIC 193096221,156.8574,-27.237,8.3,0,,,,,7,7.8,ok
TIC 140580482,68.5288,-73.9511,8.3,0,,,,,43,9.9,ok
TIC 176732276,142.1379,-19.5781,8.3,0,,,,,3,3.4,ok
TIC 300935162,117.7097,-66.6952,8.3,0,,,,,42,9.6,ok
TIC 307441274,126.2207,-66.7878,8.3,0,,,,,20,10.2,ok
TIC 177173234,104.8054,-71.2564,8.3,0,,,,,42,10.9,ok
TIC 186463936,132.5374,-34.2297,8.3,0,,,,,5,5.3,ok
TIC 178869481,151.2473,-0.4755,8.3,0,,,,,4,4.3,ok
TIC 382260143,82.5422,-58.5432,8.3,0,,,,,43,9.4,ok
TIC 306470369,118.4769,-67.4551,8.3,0,,,,,41,9.7,ok
TIC 185696492,130.4765,-33.1154,8.3,0,,,,,4,4.6,ok
TIC 33717073,60.9142,-77.9156,8.3,0,,,,,21,10.1,ok
TIC 8003653,157.6017,-2.4169,8.31,0,,,,,7,7.0,ok
TIC 375062809,100.037,-65.9367,8.31,0,,,,,39,9.5,ok
TIC 285704249,130.4476,-46.6273,8.31,0,,,,,7,7.0,ok
TIC 432189365,154.0435,-21.524,8.31,0,,,,,4,4.9,ok
TIC 90201575,127.8652,-50.1835,8.31,0,,,,,6,6.2,ok
TIC 33282085,149.5814,-6.6036,8.31,0,,,,,2,3.0,ok
TIC 143593524,118.2282,-42.5206,8.31,0,,,,,8,8.1,ok
TIC 445330461,112.125,-49.1494,8.31,0,,,,,9,9.2,ok
TIC 306579787,119.6347,-66.7744,8.31,0,,,,,21,9.6,ok
TIC 294225514,132.684,-23.0137,8.31,0,,,,,1,1.6,ok
TIC 355408526,110.2152,-53.7695,8.31,0,,,,,13,9.8,ok
TIC 257720280,77.8086,-59.6788,8.31,0,,,,,43,9.8,ok
TIC 19620549,140.0618,-34.7754,8.31,0,,,,,2,2.7,ok
TIC 381975295,77.0249,-56.7927,8.31,0,,,,,19,9.6,ok
TIC 37925216,136.5017,-26.2381,8.31,0,,,,,5,5.2,ok
TIC 75891776,139.6458,-44.6153,8.31,0,,,,,7,7.3,ok
TIC 33260898,149.3433,-9.8857,8.31,0,,,,,5,5.0,ok
TIC 318119611,161.8171,-1.8766,8.31,0,,,,,6,6.0,ok
TIC 55664116,74.4822,-60.9408,8.31,0,,,,,41,11.4,ok
TIC 21893844,147.086,-24.7128,8.31,0,,,,,4,4.6,ok
TIC 260267208,93.9123,-57.7012,8.31,0,,,,,31,10.2,ok
TIC 185098957,128.5997,-36.6937,8.31,0,,106.7,rejete,variabilite_continue;eclipse_secondaire,6,11.3,ok
TIC 1258971,137.5572,-15.0139,8.31,0,,,,,5,5.1,ok
TIC 167925952,151.7473,-24.594,8.32,0,,,,,6,6.1,ok
TIC 140298355,126.9365,-49.6047,8.32,0,,,,,9,9.1,ok
TIC 260659557,98.2459,-59.0398,8.32,0,,,,,43,9.8,ok
TIC 308537791,120.9234,-60.9075,8.32,0,,40.2,rejete,variabilite_continue;eclipse_secondaire,20,15.4,ok
TIC 51950059,143.3971,-19.497,8.32,0,,,,,5,5.3,ok
TIC 5234091,142.5656,-39.905,8.32,0,,,,,7,7.5,ok
TIC 48335612,148.4644,-34.5286,8.32,0,,,,,6,6.0,ok
TIC 356922571,135.7807,-62.2321,8.32,0,,,,,8,8.7,ok
TIC 150103650,92.3417,-65.6794,8.32,0,,,,,19,26.3,ok
TIC 175301780,151.9883,-2.1433,8.32,0,,,,,1,9.7,ok
TIC 33283409,149.5189,-10.7279,8.32,0,,,,,6,25.7,ok
TIC 362522510,145.4552,-52.2176,8.32,0,,,,,6,18.5,ok
TIC 179665922,145.9735,-3.8729,8.32,0,,,,,4,19.4,ok
TIC 46822538,142.1342,-9.4088,8.32,0,,,,,5,17.1,ok
TIC 434484010,156.4473,-18.4351,8.32,0,,,,,4,15.0,ok
TIC 388107420,62.6571,-71.6914,8.32,0,,,,,43,27.5,ok
TIC 36722312,154.5045,-6.1591,8.32,0,,,,,3,10.1,ok
TIC 25134377,62.5144,-67.3263,8.32,0,,,,,33,17.8,ok
TIC 3996132,140.051,-38.0812,8.32,0,,,,,6,10.8,ok
TIC 47378923,162.8016,-5.8934,8.32,0,,,,,5,12.5,ok
TIC 355452003,110.5542,-48.6997,8.32,0,,,,,9,17.7,ok
TIC 358757194,151.3586,-44.8504,8.32,0,,,,,5,10.4,ok
TIC 37314293,134.5612,-26.3499,8.32,0,,,,,5,11.7,ok
TIC 150098542,91.6836,-62.6814,8.32,0,,,,,29,17.2,ok
TIC 44636740,145.9403,-38.5875,8.32,0,,,,,7,13.1,ok
TIC 22085864,148.3888,-28.7596,8.32,0,,,,,5,9.0,ok
TIC 278865766,100.7113,-56.016,8.32,0,,,,,40,19.1,ok
TIC 19149687,138.7455,-34.4631,8.33,0,,,,,6,10.7,ok
TIC 33766654,62.5543,-73.7584,8.33,0,,,,,34,16.9,ok
TIC 340219007,114.0547,-59.6152,8.33,0,,,,,33,17.1,ok
TIC 423447063,157.9261,-23.7161,8.33,0,,,,,3,9.9,ok
TIC 300656986,114.4909,-70.0679,8.33,0,,,,,34,18.2,ok
TIC 34881144,147.5509,-46.1694,8.33,0,,,,,2,5.6,ok
TIC 237937700,59.4377,-64.0216,8.33,0,,,,,32,18.4,ok
TIC 307928254,129.1454,-67.2529,8.33,0,,,,,16,17.1,ok
TIC 150356903,96.1942,-64.7691,8.33,0,,,,,19,17.5,ok
TIC 178826948,150.4669,-2.2709,8.33,0,,,,,1,5.7,ok
TIC 281299017,151.1985,-18.208,8.33,0,,,,,6,11.1,ok
TIC 76661807,140.6467,-44.563,8.33,0,,,,,5,9.5,ok
TIC 455285205,147.5116,1.7935,8.33,0,,,,,8,15.9,ok
TIC 183903581,126.3126,-37.7979,8.33,0,,,,,3,12.6,ok
TIC 1969495,133.1507,-28.5072,8.33,0,,,,,6,15.3,ok
TIC 145505986,132.3731,-48.1748,8.33,0,,,,,3,9.1,ok
TIC 180661948,129.3181,-41.318,8.33,0,,,,,5,12.6,ok
TIC 388680425,125.7055,-49.8965,8.33,0,,,,,5,13.4,ok
TIC 89457495,127.0993,-56.0411,8.33,0,,,,,8,20.9,ok
TIC 267606725,114.4819,-49.2718,8.33,0,,,,,10,20.1,ok
TIC 179663115,145.7325,-4.9273,8.33,0,,,,,5,13.3,ok
TIC 305539512,139.2739,-17.4859,8.33,0,,,,,4,11.2,ok
TIC 356843550,135.5789,-63.2603,8.33,0,,,,,6,14.4,ok
TIC 349647797,112.2035,-64.7724,8.33,0,,,,,21,24.3,ok
TIC 350857661,90.1311,-55.0857,8.33,0,,,,,40,19.2,ok
TIC 167247077,97.6387,-67.6025,8.34,0,,,,,37,21.5,ok
TIC 141184207,81.2618,-73.3735,8.34,0,,,,,41,22.2,ok
TIC 141210448,81.7891,-74.7554,8.34,0,,,,,41,26.4,ok
TIC 7978592,156.6409,-3.151,8.34,0,,,,,4,12.8,ok
TIC 307925788,128.8918,-66.361,8.34,0,,,,,14,19.4,ok
TIC 386751445,139.8788,-55.5902,8.34,0,,,,,8,18.1,ok
TIC 48331751,148.4184,-29.9982,8.34,0,,,,,4,11.9,ok
TIC 441858208,145.7056,-54.113,8.34,0,,,,,8,18.9,ok
TIC 77560387,152.6045,-5.8451,8.34,0,,,,,3,9.5,ok
TIC 1401516,140.2168,-12.5614,8.34,0,,,,,4,11.4,ok
TIC 874892,130.4431,-29.9513,8.34,0,,,,,6,12.3,ok
TIC 334653999,141.3232,-17.1034,8.34,0,,,,,3,10.6,ok
TIC 3516034,139.3698,-41.8123,8.34,0,,,,,5,9.6,ok
TIC 186468126,132.531,-35.9484,8.34,0,,,,,3,7.9,ok
TIC 350344317,84.4866,-59.7764,8.34,0,,,,,33,16.9,ok
TIC 56555162,147.7982,-6.9792,8.34,0,,,,,5,10.4,ok
TIC 14343100,163.7045,-2.8472,8.34,0,,,,,5,8.3,ok
TIC 286539962,124.6201,-50.4816,8.34,0,,,,,9,15.3,ok
TIC 344859627,150.6786,3.67,8.34,0,,,,,3,6.3,ok
TIC 140787906,128.4462,-42.1288,8.34,0,,,,,8,14.0,ok
TIC 178870113,151.1522,-2.7059,8.34,0,,,,,1,4.8,ok
TIC 33246163,144.934,-44.2312,8.34,0,,,,,8,14.6,ok
TIC 238005820,102.43,-53.8408,8.35,0,,,,,20,17.8,ok
TIC 343962699,107.2988,-52.0626,8.35,0,,,,,3,6.5,ok
TIC 422247512,162.6543,-11.9286,8.35,0,,,,,3,7.4,ok
TIC 375090431,100.1502,-60.6659,8.35,0,,,,,21,16.5,ok
TIC 309615189,78.7065,-63.0743,8.35,0,,,,,23,17.3,ok
TIC 26077428,151.3729,-10.4701,8.35,0,,,,,4,12.1,ok
TIC 307433440,125.7483,-71.0354,8.35,0,,,,,19,16.9,ok
TIC 375442569,152.3086,-44.1976,8.35,0,,,,,5,10.0,ok
TIC 45046261,147.1958,-36.559,8.35,0,,,,,6,12.8,ok
TIC 455270045,146.1045,4.8692,8.35,0,,,,,7,12.1,ok
TIC 455269708,146.0566,3.4408,8.35,0,,,,,8,15.0,ok
TIC 300444376,111.4782,-68.7373,8.35,0,,,,,32,18.4,ok
TIC 36627452,150.6143,-47.2914,8.35,0,,,,,3,6.5,ok
TIC 425085686,82.9053,-66.6781,8.35,0,,,,,37,16.5,ok
TIC 344952707,151.9677,0.6979,8.35,0,,,,,7,14.8,ok
TIC 167811761,104.8255,-62.9067,8.35,0,,,,,39,19.2,ok
TIC 60983070,140.5151,-9.9046,8.35,0,,,,,4,7.4,ok
TIC 70448372,138.9797,-29.4323,8.35,0,,,,,3,6.3,ok
TIC 70443179,138.7732,-24.6538,8.35,0,,,,,5,12.0,ok
TIC 275250249,148.1091,4.422,8.35,0,,,,,8,12.5,ok
TIC 26166113,152.2566,-11.5366,8.35,0,,,,,5,11.8,ok
TIC 394701606,64.9279,-80.12,8.35,0,,,,,17,17.4,ok
TIC 178782846,150.2313,-4.2649,8.35,0,,,,,3,6.3,ok
TIC 11388137,145.792,-24.4808,8.35,0,,,,,3,8.1,ok
TIC 52010072,143.4034,-22.5727,8.35,0,,,,,2,4.2,ok
TIC 167415960,99.2897,-70.9176,8.35,0,,,,,39,17.5,ok
TIC 167367237,99.2724,-67.4686,8.35,0,,,,,30,19.7,ok
TIC 71493811,155.4897,-30.6846,8.35,0,,,,,7,12.1,ok
TIC 264865297,117.5977,-56.3255,8.35,0,,,,,8,14.8,ok
TIC 350560804,86.5671,-58.7748,8.35,0,,,,,31,16.9,ok
TIC 176872401,100.4971,-73.0211,8.35,0,,,,,42,16.0,ok
TIC 141093693,79.6681,-72.6942,8.35,0,,,,,41,17.0,ok
TIC 182579173,123.9246,-40.205,8.35,0,,,,,7,15.3,ok
TIC 55096063,161.9865,-9.0345,8.35,0,,,,,4,8.9,ok
TIC 334777479,157.7669,-17.5808,8.35,0,,,,,6,12.7,ok
TIC 140608230,71.5297,-77.0205,8.36,0,,,,,43,18.3,ok
TIC 167978341,152.028,-26.3425,8.36,0,,,,,6,10.6,ok
TIC 285696138,130.3161,-47.5749,8.36,0,,,,,4,9.3,ok
TIC 305599641,163.7783,-12.2036,8.36,0,,,,,3,6.9,ok
TIC 118830452,134.8911,-23.5274,8.36,0,,,,,?,4.2,erreur
TIC 118953391,135.2534,-19.0643,8.36,0,,,,,2,7.4,ok
TIC 410040293,161.6494,-13.5665,8.36,0,,,,,5,10.7,ok
TIC 350146577,115.9039,-63.3989,8.36,0,,,,,20,16.3,ok
TIC 300867625,117.3131,-68.1085,8.36,0,,,,,42,16.9,ok
TIC 56983725,127.6499,-30.6419,8.36,0,,,,,1,3.7,ok
TIC 145923906,133.2034,-52.0284,8.36,0,,,,,1,6.5,ok
TIC 260267074,93.9866,-58.0006,8.36,0,,,,,41,19.5,ok
TIC 149664423,87.6482,-63.5812,8.36,0,,,,,34,14.7,ok
TIC 149990098,90.5412,-63.5453,8.36,0,,,,,37,14.8,ok
TIC 71216609,153.934,-35.0575,8.36,0,,,,,5,8.3,ok
TIC 261105201,82.8275,-79.0083,8.36,0,,,,,23,15.2,ok
TIC 44570978,145.8532,-39.9409,8.36,0,,,,,6,9.5,ok
TIC 238537358,121.8831,-52.3901,8.36,0,,,,,9,27.4,ok
TIC 238018529,103.0544,-52.6154,8.36,0,,,,,20,14.6,ok
TIC 375349954,152.0367,-41.8897,8.36,0,,,,,7,10.7,ok
TIC 334693185,157.2359,-16.148,8.36,0,,,,,5,7.8,ok
TIC 55659357,74.0214,-64.5806,8.36,0,,,,,40,14.9,ok
TIC 149971828,90.0786,-61.9996,8.37,0,,,,,41,15.1,ok
TIC 349055837,107.2455,-61.4353,8.37,0,,,,,32,14.8,ok
TIC 340062939,113.2493,-54.9597,8.37,0,,,,,16,15.0,ok
TIC 182888697,124.5456,-37.4767,8.37,0,,,,,5,8.3,ok
TIC 271595974,108.2768,-74.138,8.37,0,,,,,20,15.1,ok
TIC 231077890,67.8313,-71.2332,8.37,0,,,,,43,14.6,ok
TIC 306470809,118.4403,-68.0092,8.37,0,,,,,32,14.9,ok
TIC 410092815,162.5415,-17.3276,8.37,0,,,,,5,7.9,ok
TIC 281630320,115.9332,-63.2921,8.37,0,,,,,34,15.0,ok
TIC 29868657,133.418,-46.3556,8.37,0,,,,,6,9.7,ok
TIC 60788872,139.1738,-10.9391,8.37,0,,,,,5,7.7,ok
TIC 193221062,157.962,-24.4909,8.37,0,,,,,1,2.1,ok
TIC 149174494,81.6192,-63.1826,8.37,0,,,,,31,15.4,ok
TIC 191780450,136.1602,-41.0644,8.37,0,,,,,2,3.5,ok
TIC 139982827,126.2037,-53.5444,8.37,0,,,,,2,3.7,ok
TIC 376985587,77.1759,-80.2682,8.37,0,,,,,23,14.6,ok
TIC 81801316,123.6101,-45.2959,8.38,0,,,,,6,9.2,ok
TIC 167120830,96.216,-68.8032,8.38,0,,,,,27,15.1,ok
TIC 144717817,131.0746,-51.803,8.38,0,,,,,5,7.7,ok
TIC 70509940,139.1187,-25.3032,8.38,0,,,,,4,6.3,ok
TIC 77643964,154.0207,-2.1867,8.38,0,,,,,4,6.1,ok
TIC 32651288,143.7522,-44.5724,8.38,0,,,,,7,10.7,ok
TIC 294093824,107.4545,-56.3715,8.38,0,,61.5,rejete,variabilite_continue;eclipse_secondaire,25,21.0,ok
TIC 118414770,128.8468,-58.6237,8.38,0,,,,,10,15.0,ok
TIC 18650179,137.6611,-33.1016,8.38,0,,,,,3,5.3,ok
TIC 300657526,114.6184,-69.3261,8.38,0,,,,,34,15.6,ok
TIC 178867222,151.0674,-4.1848,8.38,0,,,,,4,6.2,ok
TIC 410451677,119.9908,-60.7467,8.38,0,,,,,22,15.1,ok
TIC 287720584,126.4267,-72.5907,8.38,0,,,,,13,14.8,ok
TIC 38573641,63.7259,-60.3737,8.38,0,,,,,29,15.1,ok
TIC 81210526,122.8525,-43.1159,8.38,0,,,,,8,12.6,ok
TIC 140510714,66.7822,-77.7797,8.38,0,,,,,31,15.0,ok
TIC 278824686,100.311,-58.2357,8.38,0,,,,,13,15.4,ok
TIC 277895116,157.4642,1.3569,8.38,0,,,,,6,9.2,ok
TIC 443493880,147.0209,-54.5784,8.38,0,,,,,6,9.4,ok
TIC 55401489,70.4385,-61.2176,8.38,0,,,,,21,14.8,ok
TIC 179120455,79.0108,-70.4561,8.38,0,,27.2,rejete,variabilite_continue;eclipse_secondaire,33,20.3,ok
TIC 277673625,153.1035,2.7552,8.39,0,,,,,2,3.7,ok
TIC 140938247,77.1778,-74.8468,8.39,0,,,,,33,15.7,ok
TIC 33866571,65.7921,-76.1855,8.39,0,,,,,31,16.2,ok
TIC 341729898,121.3045,-59.2446,8.39,0,,,,,14,15.0,ok
TIC 342671711,124.9051,-57.133,8.39,0,,,,,13,14.8,ok
TIC 150164875,93.244,-62.0716,8.39,0,,,,,42,15.0,ok
TIC 19491373,139.61,-31.3454,8.39,0,,,,,5,8.0,ok
TIC 60319965,111.8962,-47.0958,8.39,0,,,,,8,12.2,ok
TIC 277697265,153.3754,0.4382,8.39,0,,,,,8,11.6,ok
TIC 272469224,120.9255,-72.4562,8.39,0,,,,,26,14.9,ok
TIC 279091621,102.8897,-58.3282,8.39,0,,,,,29,15.9,ok
TIC 92829117,129.1072,-52.2186,8.39,0,,,,,4,6.6,ok
TIC 1141092,131.2103,-25.5427,8.39,0,,,,,5,7.9,ok
TIC 119080264,136.0095,-18.5444,8.39,0,,12.2,rejete,variabilite_continue;eclipse_secondaire,6,12.3,ok
TIC 140433921,127.8787,-45.9293,8.39,0,,,,,3,5.0,ok
TIC 374859230,88.4688,-60.0881,8.39,0,,,,,39,15.3,ok
TIC 140441949,127.8403,-47.4435,8.39,0,,,,,8,12.2,ok
TIC 119061368,135.8678,-22.9976,8.39,0,,,,,6,9.4,ok
TIC 339887586,111.868,-54.2875,8.39,0,,,,,13,15.5,ok
TIC 385209855,154.4265,-12.818,8.39,0,,,,,5,8.0,ok
TIC 47055672,144.15,-10.8015,8.39,0,,,,,4,6.4,ok
TIC 56651131,158.3156,-9.3689,8.39,0,,,,,4,6.6,ok
TIC 148562084,164.6458,-6.3575,8.39,0,,,,,6,9.6,ok
TIC 469009735,143.9161,-48.9206,8.39,0,,,,,7,11.1,ok
TIC 393836933,157.94,-21.8316,8.39,0,,,,,1,2.1,ok
TIC 45772916,149.2407,-41.8485,8.39,0,,,,,6,9.8,ok
TIC 382510066,117.1423,-60.1668,8.39,0,,,,,21,14.9,ok
TIC 149540525,86.3013,-62.917,8.39,0,,,,,38,14.8,ok
TIC 70872241,152.3384,-32.1366,8.39,0,,,,,8,11.9,ok
TIC 139894337,126.2348,-48.6757,8.39,0,,,,,8,13.2,ok
TIC 309552570,125.3053,-61.4453,8.39,0,,,,,13,15.8,ok
TIC 349059821,107.42,-63.8103,8.39,0,,,,,41,15.0,ok
TIC 51870154,136.3801,-20.473,8.39,0,,,,,4,6.3,ok
TIC 238080589,104.8514,-52.5815,8.4,0,,,,,12,15.9,ok
TIC 298456269,142.852,-52.1979,8.4,0,,,,,8,12.4,ok
TIC 5361836,139.0954,-18.9593,8.4,0,,,,,2,3.6,ok
TIC 2020365,133.3942,-24.6031,8.4,0,,,,,7,11.0,ok
TIC 29217027,132.8787,-44.6087,8.4,0,,,,,3,4.9,ok
TIC 142148228,100.3689,-74.6738,8.4,1,1.5616,43.6,rejete,variabilite_continue;eclipse_secondaire,29,19.7,ok
TIC 237937112,59.1928,-65.8031,8.4,0,,,,,20,15.5,ok
TIC 167417444,99.5538,-70.0943,8.4,0,,,,,40,15.0,ok
TIC 38460465,61.2662,-61.4824,8.4,0,,,,,21,15.7,ok
TIC 350299588,83.9101,-57.1387,8.4,0,,,,,44,15.3,ok
TIC 294392274,109.0971,-56.1064,8.4,0,,,,,11,14.9,ok
TIC 22221279,148.9198,-23.9268,8.4,0,,,,,6,9.2,ok
TIC 2241706,133.8839,-29.306,8.4,0,,,,,5,7.8,ok
TIC 32088907,58.2646,-69.6456,8.4,0,,,,,23,14.9,ok
TIC 32051091,56.9166,-70.922,8.4,0,,,,,35,15.2,ok
TIC 189619748,143.9712,-25.144,8.4,0,,,,,5,7.6,ok
TIC 146601322,149.2776,-1.3443,8.4,0,,,,,3,5.0,ok
TIC 276866031,83.4633,-67.9395,8.4,0,,,,,29,15.6,ok
TIC 271723952,110.7061,-71.9583,8.4,0,,,,,43,14.9,ok
TIC 183867546,126.3128,-41.2505,8.4,0,,,,,5,8.1,ok
TIC 77561413,152.8013,-1.9848,8.4,0,,,,,3,5.0,ok
TIC 182161229,123.0705,-39.3113,8.41,0,,,,,8,12.2,ok
TIC 408381079,145.3667,-21.7914,8.41,0,,,,,5,7.5,ok
TIC 21840773,146.9124,-27.1011,8.41,0,,,,,6,9.2,ok
TIC 123332514,114.678,-47.5541,8.41,0,,,,,6,9.3,ok
TIC 260266066,93.7451,-59.7277,8.41,0,,,,,37,14.6,ok
TIC 38696264,66.1217,-60.6584,8.41,0,,,,,24,15.1,ok
TIC 271811957,112.3815,-74.262,8.41,0,,,,,21,15.3,ok
TIC 410251532,134.2075,-22.5254,8.41,0,,,,,6,9.2,ok
TIC 38600576,64.4307,-65.7099,8.41,0,,,,,44,14.9,ok
TIC 279090824,102.8783,-59.7094,8.41,0,,,,,40,14.7,ok
TIC 289822471,161.3189,-17.4233,8.41,0,,,,,5,7.8,ok
TIC 308146525,130.164,-69.3878,8.41,0,,,,,19,15.1,ok
TIC 355151781,130.0748,-64.8379,8.41,0,,,,,12,15.4,ok
TIC 38153086,137.279,-25.6303,8.41,0,,,,,4,6.3,ok
TIC 36733527,154.7637,-11.7228,8.41,0,,,,,2,3.7,ok
TIC 55523592,72.131,-62.4834,8.41,0,,,,,21,15.7,ok
TIC 339634305,110.0939,-57.6476,8.41,0,,,,,21,15.6,ok
TIC 62760364,148.9842,-2.2878,8.41,0,,,,,4,6.5,ok
TIC 300157797,108.8714,-68.0432,8.41,0,,,,,30,14.7,ok
TIC 382032570,78.9837,-56.4499,8.41,0,,,,,42,15.3,ok
TIC 31487792,136.3645,-43.0332,8.41,0,,,,,6,9.7,ok
TIC 300329728,110.9664,-70.7725,8.41,0,,,,,42,14.9,ok
TIC 41035485,90.4306,-67.8637,8.41,0,,,,,21,15.2,ok
TIC 296656196,141.7221,-16.285,8.41,0,,,,,4,6.1,ok
TIC 189058126,140.3457,-29.6747,8.41,0,,,,,5,7.6,ok
TIC 262713845,148.9981,2.7987,8.42,0,,,,,8,11.3,ok
TIC 294982517,72.2822,-66.5612,8.42,0,,,,,42,15.3,ok
TIC 308987587,123.1723,-61.8491,8.42,0,,,,,1,2.1,ok
TIC 189529184,143.4015,-24.5954,8.42,0,,,,,5,7.7,ok
TIC 382247321,82.125,-56.6872,8.42,0,,,,,38,15.1,ok
TIC 380037612,109.9483,-52.7979,8.42,0,,,,,11,14.8,ok
TIC 55400261,70.5409,-62.3849,8.42,0,,,,,38,15.0,ok
TIC 293164978,66.2363,-59.4704,8.42,0,,,,,34,14.9,ok
TIC 349270369,109.0482,-60.5248,8.42,0,,,,,20,14.8,ok
TIC 29781308,65.0573,-68.0734,8.42,0,,,,,41,15.6,ok
TIC 36765481,155.2102,-7.9827,8.42,0,,,,,4,6.4,ok
TIC 35429856,148.5193,-43.9372,8.42,0,,,,,7,10.9,ok
TIC 150439289,97.5355,-63.1917,8.42,0,,,,,30,14.7,ok
TIC 281634018,116.9289,-63.7188,8.42,0,,,,,40,15.0,ok
TIC 150431839,97.2339,-61.0949,8.42,0,,,,,21,15.4,ok
TIC 25668673,145.0284,-33.6939,8.42,0,,,,,4,6.1,ok
TIC 294096938,107.5235,-55.0671,8.42,0,,,,,22,15.0,ok
TIC 410039739,161.636,-15.5763,8.42,0,,,,,5,8.1,ok
TIC 272550324,121.7312,-74.3227,8.42,0,,,,,27,14.7,ok
TIC 149572723,86.3167,-60.5276,8.42,0,,,,,41,14.8,ok
TIC 41259424,92.2639,-71.5062,8.42,0,,,,,42,15.1,ok
TIC 413276333,144.4059,-23.2331,8.42,0,,,,,4,6.2,ok
TIC 38470115,61.9651,-62.7624,8.42,0,,,,,35,15.0,ok
TIC 220399049,69.1687,-57.5445,8.42,0,,,,,6,9.2,ok
TIC 279088392,102.7408,-56.2366,8.43,0,,,,,33,14.9,ok
TIC 101253621,155.9734,-15.2641,8.43,0,,,,,5,7.6,ok
TIC 38573074,63.495,-61.1645,8.43,0,,,,,31,15.0,ok
TIC 78193340,148.2984,-3.6933,8.43,0,,,,,4,6.6,ok
TIC 150249737,94.4211,-62.3041,8.43,0,,,,,21,15.2,ok
TIC 270557659,99.6303,-79.2083,8.43,0,,,,,31,15.4,ok
TIC 269406442,119.1173,-52.4593,8.43,0,,,,,8,38.4,ok
TIC 388180971,105.5425,-73.2556,8.43,0,,,,,41,14.7,ok
TIC 279317632,104.0193,-57.7645,8.43,0,,,,,21,15.1,ok
TIC 370223705,73.5263,-71.9659,8.43,0,,,,,21,15.0,ok
TIC 306898941,122.2422,-67.5757,8.43,0,,,,,32,15.1,ok
TIC 348718444,45.4948,-78.7781,8.43,0,,,,,13,15.5,ok
TIC 289708266,146.231,-16.312,8.43,0,,,,,4,6.2,ok
TIC 5508287,155.511,-23.338,8.43,0,,,,,6,9.1,ok
TIC 382436104,117.161,-65.0793,8.43,0,,,,,21,15.0,ok
TIC 22283726,149.4616,-28.5654,8.43,0,,,,,5,7.7,ok
TIC 350520348,86.3055,-59.9229,8.43,0,,,,,40,15.0,ok
TIC 453031189,144.4259,1.7904,8.43,0,,,,,2,4.9,ok
TIC 31380039,88.2635,-70.8311,8.43,0,,,,,17,15.2,ok
TIC 393554442,127.8243,-33.8195,8.43,0,,,,,6,9.5,ok
TIC 31999747,55.8799,-69.8894,8.43,0,,,,,24,15.5,ok
TIC 141809220,92.8079,-73.5988,8.43,0,,,,,43,15.3,ok
TIC 141471522,86.3565,-73.5965,8.43,0,,,,,42,14.8,ok
TIC 348882312,148.3252,-15.9602,8.43,0,,,,,6,9.3,ok
TIC 176980995,101.4412,-70.5832,8.43,0,,,,,36,15.4,ok
TIC 344926632,151.5996,2.0291,8.43,0,,,,,8,11.7,ok
TIC 260297253,94.322,-58.3809,8.43,0,,,,,32,14.7,ok
TIC 348771456,47.2028,-79.8917,8.43,0,,,,,13,15.1,ok
TIC 141029787,79.5437,-76.9031,8.43,0,,,,,31,14.8,ok
TIC 73629828,155.2322,-37.957,8.43,0,,,,,5,8.3,ok
TIC 259999047,144.9383,-41.0651,8.43,0,,,,,7,10.9,ok
TIC 191602603,135.8306,-38.4089,8.43,0,,,,,5,7.7,ok
TIC 348843152,98.9699,-55.3468,8.43,0,,21.5,rejete,variabilite_continue;eclipse_secondaire,20,24.2,ok
TIC 149039372,78.3547,-65.236,8.43,0,,107.3,rejete,variabilite_continue;eclipse_secondaire,39,19.7,ok
TIC 56263068,126.8072,-33.4576,8.43,0,,,,,6,9.7,ok
TIC 391845853,160.5523,-17.322,8.43,0,,,,,5,8.0,ok
TIC 332655814,149.9308,-14.5703,8.44,0,,,,,5,7.6,ok
TIC 47480396,155.6734,-23.832,8.44,0,,,,,2,3.7,ok
TIC 350584303,87.2567,-57.4559,8.44,0,,,,,40,15.0,ok
TIC 71342915,154.7933,-34.8054,8.44,0,,,,,6,9.6,ok
TIC 141121236,80.2075,-77.9184,8.44,0,,,,,31,15.4,ok
TIC 300703844,114.6482,-67.1012,8.44,0,,,,,29,15.1,ok
TIC 350740740,88.629,-55.8424,8.44,0,,,,,34,14.8,ok
TIC 124574737,159.0324,-3.355,8.44,0,,,,,6,9.3,ok
TIC 349094313,107.8824,-64.9464,8.44,0,,,,,45,14.9,ok
TIC 260297461,94.3118,-58.1652,8.44,0,,,,,39,14.8,ok
TIC 182262892,123.1821,-41.2428,8.44,0,,,,,7,10.7,ok
TIC 77482535,141.7864,-4.7553,8.44,0,,,,,4,6.3,ok
TIC 167697441,103.0361,-60.2294,8.44,0,,,,,21,14.6,ok
TIC 167339584,98.5406,-68.477,8.44,0,,,,,41,15.2,ok
TIC 373985424,81.8747,-71.217,8.44,0,,,,,29,14.8,ok
TIC 167549377,100.7028,-62.8957,8.44,0,,,,,22,15.5,ok
TIC 442240741,146.09,-55.6317,8.44,0,,,,,5,8.3,ok
TIC 229838873,137.6737,-20.6703,8.44,0,,,,,4,6.2,ok
TIC 358457831,60.1882,-79.2098,8.44,0,,,,,17,15.2,ok
TIC 29426246,133.0172,-44.0097,8.44,0,,,,,2,3.5,ok
TIC 167904255,151.5663,-28.8633,8.44,0,,,,,7,10.5,ok
TIC 307905437,138.6785,-12.3217,8.44,0,,,,,5,7.6,ok
TIC 272233699,117.4117,-74.6375,8.44,0,,,,,40,14.8,ok
TIC 340701548,116.8426,-57.9895,8.44,0,,,,,16,14.5,ok
TIC 181473478,131.2395,-40.2498,8.44,0,,,,,5,7.9,ok
TIC 181682119,131.6413,-37.9094,8.44,0,,,,,4,6.3,ok
TIC 434478160,156.2602,-22.4995,8.44,0,,,,,6,9.0,ok
TIC 48429176,149.8197,-30.6896,8.44,0,,,,,5,7.7,ok
TIC 31537728,136.413,-45.1602,8.44,0,,,,,3,5.1,ok
TIC 255560319,96.0715,-53.5755,8.44,0,,,,,29,15.2,ok
TIC 14342121,163.4234,-4.3043,8.44,0,,,,,6,9.5,ok
TIC 391845826,160.5572,-17.2516,8.44,0,,,,,3,4.8,ok
TIC 77616716,153.4964,-4.9451,8.45,0,,,,,3,4.7,ok
TIC 339961460,112.4671,-58.2249,8.45,0,,,,,11,14.8,ok
TIC 79444409,120.3122,-47.3518,8.45,0,,,,,8,12.3,ok
TIC 180780436,129.5641,-39.4176,8.45,0,,,,,6,9.2,ok
TIC 307569458,126.862,-66.107,8.45,0,,,,,4,6.4,ok
TIC 38573584,63.5856,-60.2083,8.45,0,,33.7,rejete,variabilite_continue;eclipse_secondaire,20,19.5,ok
TIC 220395316,68.5112,-59.8092,8.45,0,,,,,30,15.2,ok
TIC 78175364,147.9311,-3.9026,8.45,0,,,,,3,4.9,ok
TIC 181750099,132.0884,-39.0749,8.45,0,,,,,4,6.3,ok
TIC 181309395,130.9547,-38.1574,8.45,0,,,,,6,8.9,ok
TIC 389365531,85.8022,-68.5932,8.45,0,,,,,37,14.9,ok
TIC 453094949,114.1137,-66.9236,8.45,0,,,,,20,15.5,ok
TIC 308539673,121.1488,-60.4861,8.45,0,,,,,17,14.3,ok
TIC 349153143,108.3301,-60.0583,8.45,0,,38.0,rejete,variabilite_continue;eclipse_secondaire,45,19.2,ok
TIC 60379352,112.1862,-45.1554,8.45,0,,,,,2,4.0,ok
TIC 56664864,158.6869,-6.6271,8.45,0,,,,,4,6.3,ok
TIC 310648021,129.1303,-61.9627,8.45,0,,,,,11,15.6,ok
TIC 124576729,159.1246,-4.8291,8.45,0,,,,,4,6.4,ok
TIC 238448104,121.418,-51.4739,8.45,0,,,,,2,3.6,ok
TIC 46878407,142.6286,-10.6559,8.45,0,,,,,5,7.9,ok
TIC 132966319,149.2345,-49.0838,8.45,0,,,,,7,11.3,ok
TIC 32000460,56.1967,-71.7036,8.45,0,,,,,32,14.9,ok
TIC 141608289,88.7151,-74.0711,8.45,0,,,,,40,15.0,ok
TIC 220473309,75.1968,-57.2566,8.46,0,,,,,41,14.6,ok
TIC 31946252,54.6836,-70.8653,8.46,0,,,,,32,15.4,ok
TIC 297257303,142.0991,-49.1984,8.46,0,,,,,5,7.7,ok
TIC 396697266,65.1985,-59.409,8.46,0,,,,,23,14.9,ok
TIC 300324587,110.5625,-66.301,8.46,0,,,,,19,14.8,ok
TIC 300326839,110.6861,-68.511,8.46,0,,,,,22,14.7,ok
TIC 237947691,101.3143,-51.5699,8.46,0,,,,,17,15.4,ok
TIC 31998451,55.6621,-66.1883,8.46,0,,,,,7,11.2,ok
TIC 33249817,144.8767,-45.5244,8.46,0,,,,,1,2.3,ok
TIC 400529079,134.1674,-49.3146,8.46,0,,,,,6,9.2,ok
TIC 71494380,155.5505,-31.517,8.46,0,,,,,4,6.4,ok
TIC 400217280,133.9006,-53.3524,8.46,0,,,,,8,13.5,ok
TIC 307931825,138.7198,-14.8607,8.46,0,,,,,3,4.9,ok
TIC 25450219,144.1938,-34.7388,8.46,0,,,,,6,10.2,ok
TIC 34945262,164.079,-3.8557,8.46,0,,,,,5,7.7,ok
TIC 291553430,111.6903,-48.088,8.46,0,,,,,8,12.3,ok
TIC 302790829,135.4801,-66.4907,8.46,0,,,,,11,15.4,ok
TIC 61039046,141.003,-11.0887,8.46,0,,,,,4,6.4,ok
TIC 185742441,130.6221,-32.0073,8.46,0,,,,,6,9.3,ok
TIC 271554516,105.9082,-71.9991,8.46,0,,,,,41,14.6,ok
TIC 358467087,119.1966,-60.8408,8.46,0,,,,,22,14.9,ok
TIC 279318738,104.0893,-56.0908,8.46,0,,,,,34,15.3,ok
TIC 422168457,150.9194,-15.4401,8.46,0,,,,,6,9.0,ok
TIC 279218413,103.4755,-59.8808,8.46,0,,,,,29,14.8,ok
TIC 296728505,141.9361,-12.1422,8.46,0,,,,,5,7.3,ok
TIC 309755356,79.7704,-60.0231,8.46,0,,,,,23,14.7,ok
TIC 53189262,166.5031,-5.3814,8.46,0,,,,,7,11.6,ok
TIC 2350053,134.1339,-28.6057,8.46,0,,,,,6,9.1,ok
TIC 31530164,89.5416,-69.0209,8.46,0,,,,,40,15.8,ok
TIC 149970613,89.9175,-60.4814,8.46,0,,,,,33,15.3,ok
TIC 375058105,99.958,-61.4777,8.46,0,,,,,39,15.1,ok
TIC 149600846,87.0306,-61.2027,8.46,0,,,,,36,15.1,ok
TIC 238164799,106.3961,-51.384,8.46,0,,,,,10,15.0,ok
TIC 238086647,104.9594,-49.5077,8.46,0,,,,,11,16.7,ok
TIC 334632171,141.2552,-14.9681,8.46,0,,,,,5,7.9,ok
TIC 381979590,77.603,-58.4861,8.46,0,,,,,44,16.0,ok
TIC 364425379,69.6717,-72.7612,8.46,0,,,,,41,17.9,ok
TIC 345073704,155.0682,0.3067,8.47,0,,,,,6,8.8,ok
TIC 260268711,94.027,-54.6784,8.47,0,,,,,31,14.8,ok
TIC 422250290,162.9091,-13.8461,8.47,0,,,,,5,13.5,ok
TIC 184318481,127.0757,-38.972,8.47,0,,,,,6,9.7,ok
TIC 183913026,126.4513,-36.1449,8.47,0,,,,,6,9.4,ok
TIC 306830024,121.9416,-68.6951,8.47,0,,,,,32,21.0,ok
TIC 410487677,119.8914,-65.4357,8.47,0,,,,,36,15.0,ok
TIC 307216507,124.6062,-69.3135,8.47,0,,,,,19,18.8,ok
TIC 413367354,160.6537,-22.2189,8.47,0,,,,,5,15.7,ok
TIC 295782737,141.113,-48.6536,8.47,0,,,,,1,2.2,ok
TIC 408351779,144.9507,-19.5541,8.47,0,,,,,5,7.7,ok
TIC 268189641,116.2775,-49.4057,8.47,0,,,,,7,10.6,ok
TIC 186777643,133.5584,-31.8852,8.47,0,,,,,5,7.8,ok
TIC 140687826,73.2839,-75.0176,8.47,0,,,,,40,14.6,ok
TIC 72654558,151.9417,-40.6041,8.47,0,,,,,1,2.1,ok
TIC 344840363,150.1064,3.1192,8.47,0,,,,,8,11.6,ok
TIC 141870152,94.3662,-72.6972,8.47,0,,,,,1,2.1,ok
TIC 123383643,114.7937,-43.9049,8.47,0,,,,,7,11.2,ok
TIC 55401488,70.4358,-61.2191,8.47,0,,,,,21,17.8,ok
TIC 177179614,105.1461,-67.5438,8.47,0,,,,,20,15.4,ok
TIC 308018326,155.0989,-13.1904,8.47,0,,,,,5,7.7,ok
TIC 4727022,141.3451,-41.372,8.47,0,,,,,5,8.0,ok
TIC 260239177,93.4481,-58.8264,8.48,0,,,,,40,17.5,ok
TIC 410447919,117.9621,-62.9087,8.48,0,,,,,35,16.0,ok
TIC 360124571,141.6585,-61.3834,8.48,0,,,,,1,17.3,ok
TIC 345032207,152.9073,2.2214,8.48,0,,,,,7,10.2,ok
TIC 349965094,114.3024,-65.6307,8.48,0,,,,,43,16.0,ok
TIC 431591408,50.3054,-74.2918,8.48,0,,,,,20,16.1,ok
TIC 141472806,86.5619,-75.3297,8.48,0,,,,,43,15.0,ok
TIC 231742691,78.0749,-67.0948,8.48,0,,,,,36,15.0,ok
TIC 141974066,95.8051,-72.3701,8.48,0,,,,,21,15.3,ok
TIC 441850019,145.6955,-54.871,8.48,0,,,,,6,12.7,ok
TIC 89535101,127.147,-57.1772,8.48,0,,,,,12,15.7,ok
TIC 29129323,132.7168,-43.8397,8.48,0,,,,,6,9.5,ok
TIC 193134324,157.0706,-24.2651,8.48,0,,,,,2,3.5,ok
TIC 134647072,122.7449,-40.4444,8.48,0,,,,,8,16.0,ok
TIC 413328822,160.5982,-21.491,8.48,0,,,,,5,8.0,ok
TIC 146543073,123.9523,-35.6313,8.48,0,,,,,6,9.5,ok
TIC 150442497,97.8507,-62.3382,8.48,0,,,,,39,15.2,ok
TIC 38846146,68.9957,-63.1725,8.48,0,,,,,31,14.8,ok
TIC 370140250,73.5925,-76.1515,8.48,0,,,,,33,15.0,ok
TIC 38813141,67.6941,-62.3793,8.48,0,,,,,41,19.1,ok
TIC 57036422,127.7015,-32.6903,8.48,0,,,,,7,13.2,ok
TIC 77560198,152.621,-5.1449,8.48,0,,,,,2,3.5,ok
TIC 374911449,88.8892,-60.5532,8.48,0,,,,,41,15.1,ok
TIC 294850595,140.3372,-50.8802,8.48,0,,,,,5,8.0,ok
TIC 344859368,150.6823,2.5126,8.48,0,,,,,8,11.2,ok
TIC 142146835,100.2082,-77.5797,8.48,0,,,,,41,16.1,ok
TIC 238037707,103.7015,-53.3546,8.48,0,,,,,22,14.9,ok
TIC 389663914,86.8929,-70.9888,8.48,0,,,,,39,15.2,ok
TIC 149971113,90.1133,-60.4949,8.48,0,,,,,32,15.6,ok
TIC 47173132,145.2937,-9.5317,8.48,0,,,,,5,7.7,ok
TIC 55758485,75.3082,-65.5524,8.48,0,,,,,42,15.4,ok
TIC 133848187,121.533,-41.7905,8.48,0,,,,,8,12.1,ok
TIC 134279993,122.1022,-39.1973,8.48,0,,,,,8,13.6,ok
TIC 315003745,144.9177,-29.3927,8.49,0,,,,,3,4.9,ok
TIC 36946032,156.9586,-7.9093,8.49,0,,,,,4,6.3,ok
TIC 38151688,137.2646,-27.0304,8.49,0,,,,,5,8.3,ok
TIC 306933992,122.8078,-69.2608,8.49,0,,,,,22,15.9,ok
TIC 279320615,104.3618,-54.2846,8.49,0,,,,,22,14.9,ok
TIC 140802488,74.8902,-73.0826,8.49,0,,,,,21,17.1,ok
TIC 309402106,124.7486,-65.2781,8.49,0,,,,,18,14.9,ok
TIC 422271542,163.1405,-15.9504,8.49,0,,,,,1,2.1,ok
TIC 272286122,118.1414,-74.0975,8.49,0,,,,,19,19.0,ok
TIC 271595985,108.3636,-74.1577,8.49,0,,,,,33,15.2,ok
TIC 30469371,74.569,-66.26,8.49,0,,,,,40,14.9,ok
TIC 370038084,60.6062,-70.2721,8.49,0,,,,,44,17.2,ok
TIC 278683664,99.1676,-58.4087,8.49,0,,,,,44,18.7,ok
TIC 25196356,63.7787,-71.1331,8.49,0,,,,,34,15.3,ok
TIC 238202274,58.3449,-73.9492,8.49,0,,,,,37,15.4,ok
TIC 32645011,143.7248,-46.837,8.49,0,,,,,7,11.6,ok
TIC 167894031,105.6945,-61.0627,8.49,0,,,,,34,16.7,ok
TIC 389796373,87.5848,-71.3558,8.49,0,,,,,18,15.4,ok
TIC 374858999,88.4476,-60.7127,8.49,0,,,,,30,15.2,ok
TIC 72482842,151.4616,-38.663,8.49,0,,,,,6,10.4,ok
TIC 38506944,61.9742,-60.5242,8.49,0,,,,,19,15.0,ok
TIC 238317411,120.3591,-48.9132,8.49,0,,,,,6,9.7,ok
TIC 149572666,86.3679,-60.7218,8.49,0,,,,,30,16.3,ok
TIC 386853614,139.9827,-56.7096,8.49,0,,,,,3,4.9,ok
TIC 176873028,100.9429,-71.9761,8.49,0,,,,,42,16.5,ok
TIC 55760329,75.3476,-63.0774,8.5,0,,,,,33,32.7,ok
TIC 300560526,112.7824,-67.8206,8.5,0,,,,,41,15.3,ok
TIC 309716846,125.8515,-65.1851,8.5,0,,,,,5,7.7,ok
TIC 269173032,118.5487,-52.2575,8.5,0,,,,,7,10.6,ok
TIC 131855129,147.9849,-52.3629,8.5,0,,,,,4,6.7,ok
TIC 269336377,118.8933,-50.7089,8.5,0,,,,,5,8.8,ok
TIC 48060149,147.3087,-34.9279,8.5,0,,,,,5,8.0,ok
TIC 388131463,65.2423,-70.9182,8.5,0,,,,,22,14.9,ok
TIC 140899825,76.9667,-76.439,8.5,0,,,,,34,15.3,ok
TIC 350028973,114.7698,-62.6646,8.5,0,,,,,40,15.4,ok
TIC 260243101,93.7611,-55.3302,8.5,0,,,,,39,15.4,ok
TIC 198036035,61.3852,-59.0218,8.5,0,,,,,16,15.4,ok
TIC 176875114,100.9581,-75.5822,8.5,0,,,,,42,15.7,ok
TIC 358105506,48.2691,-77.028,8.5,0,,,,,6,9.8,ok
TIC 1622841,132.3121,-27.7052,8.5,0,,,,,7,10.6,ok
TIC 132482589,148.7605,-50.6733,8.5,0,,,,,7,11.0,ok
TIC 384854110,137.1732,-54.7381,8.5,0,,,,,5,7.9,ok
TIC 5158796,142.3542,-41.7823,8.51,0,,,,,7,10.9,ok
TIC 74890864,138.1233,-43.293,8.51,0,,,,,4,6.6,ok
TIC 47721352,158.9194,-27.4788,8.51,0,,,,,4,6.5,ok
TIC 301921072,131.0509,-65.9883,8.51,0,,,,,12,15.6,ok
TIC 310487160,129.0073,-60.1861,8.51,0,,,,,5,8.0,ok
TIC 289672415,146.0924,-13.8233,8.51,0,,,,,2,3.5,ok
TIC 372913582,119.4548,-60.6836,8.51,0,,,,,22,15.0,ok
TIC 447916060,135.5878,-41.9626,8.51,0,,,,,3,4.8,ok
TIC 279093407,102.8929,-55.5936,8.51,0,,,,,26,15.5,ok
TIC 300708926,114.7858,-70.8706,8.51,0,,,,,41,14.9,ok
TIC 349191590,108.5066,-60.1052,8.51,0,,,,,21,15.6,ok
TIC 296882982,158.8365,-12.7443,8.51,0,,,,,2,3.6,ok
TIC 187050177,134.3331,-32.5662,8.51,0,,,,,5,7.6,ok
TIC 357124706,136.6108,-65.3441,8.51,0,,,,,5,8.6,ok
TIC 180778708,129.6125,-40.1932,8.51,0,,,,,5,8.2,ok
TIC 358402782,78.1218,-56.7161,8.51,0,,,,,41,15.8,ok
TIC 62683976,142.8577,-1.6056,8.51,0,,,,,4,12.7,ok
TIC 401683991,135.8518,-48.688,8.51,0,,,,,8,19.7,ok
TIC 423394553,157.3099,-18.5799,8.51,0,,,,,6,13.2,ok
TIC 179195602,158.0958,-19.0521,8.51,0,,,,,5,12.0,ok
TIC 270557257,99.9089,-78.4403,8.51,0,,,,,36,16.6,ok
TIC 279157429,103.045,-56.5165,8.52,0,,,,,41,15.1,ok
TIC 139871765,127.0487,-47.6734,8.52,0,,,,,8,12.3,ok
TIC 33153766,144.7736,-45.4262,8.52,0,,,,,4,6.2,ok
TIC 398217467,139.8773,-24.6675,8.52,0,,,,,5,7.8,ok
TIC 141413219,83.9055,-76.479,8.52,0,,,,,42,15.0,ok
TIC 220428118,72.6424,-58.1489,8.52,0,,,,,41,14.5,ok
TIC 309068746,123.4709,-63.2345,8.52,0,,,,,18,15.2,ok
TIC 269857621,71.0035,-78.0217,8.52,0,,,,,26,15.4,ok
TIC 294054151,107.2664,-59.3739,8.52,0,,,,,41,15.0,ok
TIC 4107582,140.3122,-36.8585,8.52,0,,,,,1,2.3,ok
TIC 3054883,138.5033,-37.5041,8.52,0,,,,,1,2.3,ok
TIC 350585031,87.1898,-55.8563,8.52,0,,,,,39,14.9,ok
TIC 185163987,128.5196,-38.8789,8.52,0,,,,,6,9.4,ok
TIC 308887516,150.3957,-26.6686,8.52,0,,,,,4,6.3,ok
TIC 281066674,144.9406,-49.2181,8.52,0,,,,,3,5.3,ok
TIC 193196584,157.7474,-28.7946,8.52,0,,,,,6,9.6,ok
TIC 34987098,164.4408,-2.9274,8.52,0,,,,,6,9.4,ok
TIC 25377812,143.878,-30.7659,8.52,0,,,,,3,5.0,ok
TIC 373523595,80.9151,-69.5029,8.52,0,,,,,42,16.2,ok
TIC 45234567,147.7761,-41.9366,8.52,0,,,,,8,13.0,ok
TIC 302855294,135.7513,-67.405,8.52,0,,,,,8,13.2,ok
TIC 348962012,106.6525,-61.4601,8.52,0,,,,,32,15.5,ok
TIC 141229782,129.422,-47.0824,8.53,0,,,,,5,7.8,ok
TIC 150392753,96.5269,-60.258,8.53,0,,,,,34,15.1,ok
TIC 150139263,92.8194,-65.1301,8.53,0,,,,,14,15.0,ok
TIC 185473011,129.8701,-32.3005,8.53,0,,,,,7,11.0,ok
TIC 272546396,121.3467,-74.4099,8.53,0,,,,,21,15.4,ok
TIC 25094115,142.9948,-33.5998,8.53,0,,,,,5,7.9,ok
TIC 362452801,145.3116,-51.1577,8.53,0,,,,,1,2.4,ok
TIC 260042834,91.2543,-58.8304,8.53,0,,,,,44,15.2,ok
TIC 14326122,163.1319,-0.9662,8.53,0,,,,,3,5.0,ok
TIC 339731418,110.7044,-58.9141,8.53,0,,,,,22,15.8,ok
TIC 260504147,96.4302,-55.1618,8.53,0,,13.3,rejete,variabilite_continue;eclipse_secondaire,38,21.1,ok
TIC 413247338,143.9976,-18.8883,8.53,0,,,,,2,3.7,ok
TIC 179369863,80.1235,-71.5335,8.53,0,,,,,38,16.1,ok
TIC 54964080,160.1864,-10.3141,8.53,0,,,,,4,6.5,ok
TIC 168277191,154.1334,-29.5241,8.53,0,,,,,7,10.9,ok
TIC 238189798,55.6354,-73.3256,8.53,0,,,,,30,15.1,ok
TIC 55604441,73.6271,-60.4143,8.53,0,,,,,34,15.1,ok
TIC 299943301,106.6636,-68.061,8.53,0,,,,,29,14.9,ok
TIC 143088133,117.038,-47.2756,8.53,0,,,,,6,9.8,ok
TIC 141611461,89.215,-75.7089,8.54,0,,,,,41,15.7,ok
TIC 268338213,116.5891,-48.2011,8.54,0,,,,,2,3.8,ok
TIC 40602927,77.8046,-66.6879,8.54,0,,,,,31,15.4,ok
TIC 385212956,154.5316,-13.7914,8.54,0,,,,,5,8.0,ok
TIC 279089140,102.6748,-57.3862,8.54,0,,,,,33,15.5,ok
TIC 167719689,103.0796,-65.259,8.54,0,,,,,24,15.5,ok
TIC 360527688,142.479,-61.5738,8.54,0,,,,,5,8.6,ok
TIC 89863262,127.4089,-49.3969,8.54,0,,,,,6,10.0,ok
TIC 150301529,95.4405,-62.3843,8.54,0,,,,,32,15.3,ok
TIC 167006493,94.8114,-68.8308,8.54,0,,,,,35,16.4,ok
TIC 33822703,145.7679,-42.2462,8.54,0,,,,,8,12.3,ok
TIC 308543034,121.0783,-63.5123,8.54,0,,,,,24,16.0,ok
TIC 350144298,115.4995,-65.5185,8.54,0,,,,,42,15.8,ok
TIC 272357134,119.4796,-73.4731,8.54,2,1.3992;4.1924,27.4,rejete,variabilite_continue;eclipse_secondaire,40,22.4,ok
TIC 150390189,96.5896,-65.1524,8.54,0,,67.8,rejete,variabilite_continue;eclipse_secondaire;compagnon_trop_gros_19.2Rjup,17,20.2,ok
TIC 307573424,126.7427,-69.7455,8.54,0,,,,,21,15.3,ok
TIC 38763021,67.3197,-60.2678,8.54,0,,,,,40,15.6,ok
TIC 1402874,140.3452,-13.858,8.54,0,,,,,5,7.5,ok
TIC 33484911,145.2949,-47.8029,8.54,0,,62.3,rejete,variabilite_continue;eclipse_secondaire,8,17.0,ok
TIC 14342365,163.3976,-5.4015,8.54,0,,,,,4,6.6,ok
TIC 187104072,134.7365,-34.0068,8.55,0,,13.5,rejete,variabilite_continue;eclipse_secondaire,4,8.8,ok
TIC 60862586,139.5843,-9.7099,8.55,0,,,,,5,7.8,ok
TIC 270474308,97.2458,-78.0069,8.55,0,,,,,42,15.3,ok
TIC 168274937,154.0037,-26.5944,8.55,0,,,,,7,10.9,ok
TIC 382968820,133.8923,-54.8428,8.55,0,,,,,8,12.4,ok
TIC 55755059,75.0375,-62.2789,8.55,0,,,,,20,15.1,ok
TIC 279249069,103.9572,-56.5255,8.55,0,,,,,38,15.0,ok
TIC 150109008,92.5505,-64.3419,8.55,0,,,,,34,14.8,ok
TIC 191962087,136.6579,-38.0092,8.55,0,,,,,3,4.9,ok
TIC 271721765,110.4407,-75.3518,8.55,0,,,,,33,15.2,ok
TIC 167007869,94.805,-67.5982,8.55,0,,,,,36,15.6,ok
TIC 36721842,154.4284,-7.3607,8.55,0,,,,,3,5.3,ok
TIC 176683620,141.9593,-22.41,8.55,0,,,,,4,6.8,ok
TIC 300141992,109.058,-66.8057,8.55,0,,,,,22,15.5,ok
TIC 53208435,166.7869,-3.3256,8.55,0,,,,,6,9.3,ok
TIC 355843604,132.4558,-63.2848,8.55,0,,,,,9,13.6,ok
TIC 141610486,88.8625,-77.8896,8.56,0,,,,,22,15.0,ok
TIC 295440174,140.6531,-53.4336,8.56,0,,26.3,rejete,variabilite_continue,6,12.9,ok
TIC 267462321,113.8818,-51.776,8.56,0,,,,,5,8.6,ok
TIC 150248762,94.3962,-60.4801,8.56,0,,,,,39,15.4,ok
TIC 275185063,144.048,0.1409,8.56,0,,,,,4,6.1,ok
TIC 141092369,79.7228,-71.9754,8.56,0,,,,,19,15.1,ok
TIC 268917138,118.0794,-49.838,8.56,0,,,,,7,10.8,ok
TIC 391891749,115.5668,-69.2058,8.56,0,,,,,21,14.9,ok
TIC 26174727,152.5781,-10.3471,8.56,0,,,,,3,5.2,ok
TIC 418132615,146.7422,-20.3769,8.56,0,,,,,5,8.1,ok
TIC 83092282,125.305,-46.4843,8.56,0,,166.4,a_verifier,,8,16.7,ok
TIC 141914082,94.6174,-72.0443,8.56,1,2.6551,21.1,rejete,variabilite_continue;eclipse_secondaire,40,20.1,ok
TIC 349485031,111.0571,-60.4993,8.56,0,,,,,31,15.4,ok
TIC 260502294,96.3666,-58.6197,8.56,0,,,,,41,15.2,ok
TIC 437371303,141.2484,-58.2015,8.56,0,,,,,4,7.0,ok
TIC 308839401,152.0901,-13.0502,8.56,0,,,,,2,4.2,ok
TIC 25524289,144.456,-31.8139,8.56,0,,,,,6,9.8,ok
TIC 260610468,97.522,-59.9089,8.57,0,,,,,21,15.2,ok
TIC 60082780,111.3172,-46.248,8.57,0,,,,,5,8.0,ok
TIC 167694397,102.954,-65.6195,8.57,0,,,,,31,15.2,ok
TIC 193192746,157.624,-27.0375,8.57,0,,,,,6,9.4,ok
TIC 32721604,143.8516,-47.7841,8.57,0,,,,,7,10.7,ok
TIC 38497826,138.2736,-27.0041,8.57,0,,,,,4,6.4,ok
TIC 279953380,82.1005,-67.8727,8.57,0,,,,,20,15.1,ok
TIC 185978221,131.2398,-33.6084,8.57,0,,,,,2,3.9,ok
TIC 178874347,151.2046,-5.2931,8.57,0,,,,,4,6.1,ok
TIC 300810618,116.8246,-69.7013,8.57,0,,,,,21,14.7,ok
TIC 278867172,100.9624,-54.182,8.57,0,,,,,27,16.0,ok
TIC 47384311,162.9519,-3.5368,8.57,0,,,,,5,8.0,ok
TIC 48013854,147.141,-35.823,8.57,0,,,,,6,9.2,ok
TIC 141606060,88.4614,-71.9602,8.57,0,,,,,19,15.2,ok
TIC 267396248,113.7684,-49.5483,8.57,0,,,,,9,13.6,ok
TIC 30941184,76.2141,-69.7048,8.57,0,,,,,22,15.0,ok
TIC 55398886,70.4376,-65.9079,8.57,0,,,,,42,15.0,ok
TIC 60909442,140.0688,-8.3758,8.58,0,,,,,4,6.6,ok
TIC 31960529,55.0913,-69.9548,8.58,0,,,,,31,15.4,ok
TIC 307644031,127.513,-68.6235,8.58,0,,,,,8,12.7,ok
TIC 350709413,88.1186,-56.2007,8.58,0,,,,,27,15.3,ok
TIC 75636605,139.3288,-43.3976,8.58,0,,,,,6,9.5,ok
TIC 186054583,131.4058,-32.9816,8.58,0,,,,,3,4.8,ok
TIC 95962150,141.3408,-6.4825,8.58,0,,,,,4,6.0,ok
TIC 306509308,118.6937,-66.2109,8.58,0,,,,,29,15.3,ok
TIC 93552494,130.1356,-53.7978,8.58,0,,,,,1,2.4,ok
TIC 447939179,135.9043,-46.878,8.58,0,,,,,7,10.9,ok
TIC 192931530,154.7018,-26.2272,8.58,0,,,,,7,10.4,ok
TIC 7984673,157.2088,-5.4736,8.59,0,,,,,4,6.4,ok
TIC 141479310,86.6535,-76.1696,8.59,0,,,,,32,15.4,ok
TIC 96053693,146.5322,-10.3911,8.59,0,,,,,5,7.9,ok
TIC 141621803,89.2889,-73.5938,8.59,0,,,,,31,15.8,ok
TIC 38697444,66.0547,-64.2638,8.59,0,,,,,41,15.5,ok
TIC 38697412,66.0538,-64.1894,8.59,0,,,,,39,15.6,ok
TIC 35978888,149.4288,-43.6989,8.59,0,,,,,3,5.2,ok
TIC 350585323,87.0978,-55.2032,8.59,0,,,,,3,4.9,ok
TIC 306573201,119.1953,-70.7161,8.59,0,,,,,23,15.4,ok
TIC 45659093,149.1224,-36.5341,8.59,0,,,,,7,11.1,ok
TIC 294099086,107.5296,-57.7671,8.59,0,,,,,33,15.5,ok
TIC 260419879,95.8874,-58.1787,8.59,0,,,,,43,15.4,ok
TIC 422148645,150.6517,-16.5677,8.59,0,,,,,3,5.1,ok
TIC 36809148,150.8105,-46.7671,8.59,0,,,,,1,2.2,ok
TIC 307210868,124.45,-68.3552,8.59,0,,,,,26,15.2,ok
TIC 468975150,144.0902,-52.8225,8.59,1,1.0772,60.8,rejete,variabilite_continue;eclipse_secondaire;compagnon_trop_gros_23.8Rjup,4,9.5,ok
TIC 141910606,94.7482,-77.3284,8.59,0,,,,,45,14.9,ok
TIC 18073590,136.3655,-31.1795,8.59,0,,,,,4,9.0,ok
TIC 46881667,142.8782,-7.4251,8.59,0,,,,,5,12.6,ok
TIC 141269997,82.4732,-73.4704,8.59,0,,,,,20,21.2,ok
TIC 300136074,108.473,-69.5786,8.59,0,,,,,43,17.0,ok
TIC 231077009,67.7718,-69.7397,8.59,0,,,,,3,5.2,ok
TIC 176686165,141.9545,-18.0324,8.59,0,,,,,3,4.8,ok
TIC 349308191,109.6932,-60.6025,8.6,0,,81.9,rejete,variabilite_continue;eclipse_secondaire,31,19.5,ok
TIC 62685314,142.8699,-5.3694,8.6,0,,,,,5,7.9,ok
TIC 350708927,88.2349,-55.6914,8.6,0,,,,,39,15.0,ok
TIC 238227273,58.9977,-73.5553,8.6,0,,,,,29,15.7,ok
TIC 238029239,103.4605,-51.4324,8.6,0,,,,,9,14.2,ok
TIC 149059954,80.3488,-61.2415,8.6,0,,,,,41,15.4,ok
TIC 30848801,75.7676,-68.5113,8.6,0,,,,,34,15.7,ok
TIC 386461608,143.9675,-17.5804,8.6,0,,,,,5,7.6,ok
TIC 177181322,104.9415,-66.419,8.6,0,,,,,41,15.2,ok
TIC 77615118,153.353,-0.9405,8.6,0,,,,,3,5.0,ok
TIC 342509784,124.4444,-55.2854,8.6,0,,,,,2,3.8,ok
TIC 179198279,158.1951,-21.7696,8.6,0,,,,,5,7.6,ok
TIC 293268667,98.5601,-63.918,8.6,0,,,,,43,14.6,ok
TIC 440546814,144.3454,-54.7447,8.6,0,,,,,3,5.1,ok
TIC 294733959,140.3441,-48.1497,8.6,0,,13.4,rejete,variabilite_continue;eclipse_secondaire;compagnon_trop_gros_24.9Rjup,7,14.6,ok
TIC 193023697,155.5978,-28.8474,8.6,0,,,,,7,11.4,ok
TIC 262686764,148.6109,1.927,8.6,0,,,,,8,11.5,ok
TIC 92591522,128.8273,-49.5498,8.6,0,,,,,4,6.3,ok
TIC 306672432,120.5929,-67.7948,8.6,0,,,,,41,14.9,ok
TIC 349647697,112.1552,-64.6365,8.6,0,,,,,21,14.9,ok
TIC 307286216,125.0066,-66.4972,8.6,0,,,,,21,14.6,ok
TIC 5396022,146.6944,-22.4475,8.61,0,,,,,1,2.1,ok
TIC 445324999,112.204,-51.5168,8.61,0,,,,,11,14.9,ok
TIC 51947301,138.7738,-21.0206,8.61,0,,,,,5,7.6,ok
TIC 314828399,52.5647,-72.9808,8.61,0,,,,,20,15.5,ok
TIC 237969900,101.9852,-53.1781,8.61,0,,,,,22,15.3,ok
TIC 30570404,134.3642,-43.435,8.61,0,,,,,5,7.8,ok
TIC 177038077,103.1103,-66.8269,8.61,0,,,,,38,15.0,ok
TIC 32051052,56.9925,-70.8006,8.61,0,,,,,27,14.9,ok
TIC 455281688,147.2086,2.5808,8.61,0,,,,,8,11.2,ok
TIC 349478970,110.7301,-64.6331,8.61,0,,,,,34,14.9,ok
TIC 71156479,153.7667,-33.3989,8.61,0,,,,,7,10.7,ok
TIC 349966449,114.4343,-64.0504,8.61,0,,,,,29,14.6,ok
TIC 82474821,124.7117,-42.7531,8.61,0,,,,,6,9.6,ok
TIC 78152831,147.7942,-0.1628,8.61,0,,,,,5,7.5,ok
TIC 356460611,134.5337,-61.3158,8.62,0,,,,,4,6.6,ok
TIC 358155844,70.4023,-73.5316,8.62,0,,,,,33,15.0,ok
TIC 26306629,154.0322,-11.4667,8.62,0,,,,,3,4.8,ok
TIC 29762078,64.5395,-67.244,8.62,0,,,,,38,14.6,ok
TIC 29834926,66.9297,-67.9981,8.62,0,,,,,22,14.9,ok
TIC 272129477,116.2505,-73.8414,8.62,0,,,,,32,14.6,ok
TIC 287496163,124.0394,-73.15,8.62,0,,,,,21,15.3,ok
TIC 349902873,113.7696,-63.0394,8.62,0,,17.0,rejete,variabilite_continue;eclipse_secondaire,33,20.1,ok
TIC 167207589,97.4456,-68.4102,8.62,0,,,,,28,15.2,ok
TIC 167344043,98.6712,-69.8848,8.62,0,,,,,40,14.3,ok
TIC 55557848,72.9736,-60.7837,8.63,0,,,,,30,15.5,ok
TIC 38697111,65.9732,-63.2986,8.63,0,,,,,45,15.0,ok
TIC 38761384,67.2381,-64.9025,8.63,0,,,,,19,15.2,ok
TIC 308453624,120.765,-65.3261,8.63,0,,,,,25,15.0,ok
TIC 36835297,155.7903,-9.6841,8.63,0,,,,,5,7.9,ok
TIC 370227155,85.577,-74.486,8.63,0,,,,,32,15.3,ok
TIC 140656499,128.4136,-47.5085,8.63,0,,,,,6,9.9,ok
TIC 382967323,133.8358,-54.4823,8.63,0,,,,,4,6.6,ok
TIC 167905035,151.7077,-29.967,8.63,0,,,,,6,8.9,ok
TIC 293974041,107.0809,-58.9817,8.63,0,,,,,2,3.6,ok
TIC 192563947,155.1205,-18.962,8.63,0,,,,,6,9.1,ok
TIC 405471961,143.5529,-15.3855,8.63,0,,,,,5,7.5,ok
TIC 348839374,98.766,-56.817,8.63,0,,,,,42,14.7,ok
TIC 231085102,68.2433,-70.897,8.64,0,,,,,40,14.9,ok
TIC 394699148,58.3334,-79.8098,8.64,0,,,,,17,15.3,ok
TIC 55511261,126.0008,-33.4207,8.64,0,,,,,6,9.3,ok
TIC 77245138,141.4834,-43.5951,8.64,0,,,,,4,6.2,ok
TIC 279427111,104.8421,-55.1035,8.64,0,,,,,22,14.8,ok
TIC 38343638,137.7322,-28.4734,8.64,0,,,,,3,5.0,ok
TIC 82068473,123.9427,-46.3613,8.64,0,,,,,8,12.2,ok
TIC 300871572,117.664,-70.4985,8.64,0,,,,,34,16.6,ok
TIC 310136441,127.5664,-63.483,8.64,0,,,,,11,15.2,ok
TIC 179296928,159.6496,-19.6333,8.64,0,,,,,3,4.8,ok
TIC 293626053,156.7735,-13.529,8.64,0,,,,,5,7.9,ok
TIC 179683774,146.4259,-5.3463,8.64,0,,,,,2,3.5,ok
TIC 150066631,91.4943,-65.307,8.64,0,,19.3,rejete,variabilite_continue;eclipse_secondaire,23,19.9,ok
TIC 391807733,160.0425,-13.4012,8.64,0,,,,,5,7.8,ok
TIC 62759650,149.016,-0.0444,8.64,0,,,,,5,7.7,ok
TIC 48063177,147.3693,-33.9603,8.64,0,,,,,3,4.9,ok
TIC 134435687,108.0283,-47.808,8.64,0,,,,,2,3.7,ok
TIC 396697394,65.4704,-59.8279,8.64,0,,,,,31,14.8,ok
TIC 300139323,108.6967,-68.8676,8.65,0,,,,,27,15.1,ok
TIC 260636511,97.7018,-57.1068,8.65,0,,,,,32,15.4,ok
TIC 306634577,120.075,-70.1815,8.65,0,,,,,30,15.4,ok
TIC 149125377,81.2094,-64.3686,8.65,0,,,,,42,14.8,ok
TIC 182659932,124.083,-39.8487,8.65,0,,,,,4,6.6,ok
TIC 300037209,107.7282,-66.3247,8.65,0,,,,,44,14.9,ok
TIC 358290432,66.1845,-58.1195,8.65,0,,,,,24,14.8,ok
TIC 118256134,128.523,-55.9576,8.65,0,,,,,7,10.6,ok
TIC 167977224,151.974,-28.1195,8.65,0,,,,,7,10.9,ok
TIC 56652182,158.3524,-10.7961,8.65,0,,,,,5,8.2,ok
TIC 350518984,86.185,-56.715,8.65,0,,,,,29,15.1,ok
TIC 167810464,104.7761,-65.2152,8.65,0,,,,,28,14.5,ok
TIC 55559067,73.0626,-63.9416,8.65,0,,,,,38,15.2,ok
TIC 30911541,134.7936,-47.9108,8.65,0,,,,,6,9.7,ok
TIC 350343922,84.4174,-58.7863,8.65,0,,,,,43,15.0,ok
TIC 373777400,81.4098,-69.595,8.65,0,,,,,41,15.0,ok
TIC 55558113,73.0975,-61.54,8.65,0,,,,,39,14.7,ok
TIC 46825557,142.1615,-6.1658,8.65,0,,,,,5,7.5,ok
TIC 7980206,156.8023,-1.5311,8.65,0,,,,,6,9.3,ok
TIC 141471870,86.5383,-74.0489,8.65,0,,,,,33,14.8,ok
TIC 53046959,125.8268,-41.895,8.65,0,,,,,6,9.8,ok
TIC 33716196,60.7949,-75.1599,8.65,0,,,,,25,14.7,ok
TIC 31999683,55.864,-69.6908,8.65,0,,,,,25,15.4,ok
TIC 133852634,121.5073,-40.4656,8.65,0,,,,,6,9.5,ok
TIC 374209678,158.4976,0.08,8.66,0,,,,,6,9.3,ok
TIC 150165657,93.2683,-60.4627,8.66,0,,23.2,rejete,variabilite_continue;eclipse_secondaire,33,19.3,ok
TIC 275295023,149.7421,0.479,8.66,0,,,,,6,9.1,ok
TIC 990995,165.4595,-2.9356,8.66,0,,,,,5,8.1,ok
TIC 18146772,136.5886,-34.2475,8.66,0,,,,,1,2.1,ok
TIC 11748495,129.0098,-34.2111,8.66,0,,,,,7,11.1,ok
TIC 167752082,103.9614,-63.3167,8.66,0,,,,,33,14.8,ok
TIC 96029622,146.0601,-8.7966,8.66,0,,,,,5,8.1,ok
TIC 167344196,98.9338,-70.0969,8.66,0,,,,,20,14.8,ok
TIC 71093270,153.3356,-31.4377,8.66,0,,,,,7,10.4,ok
TIC 75819424,139.4244,-45.794,8.66,0,,,,,8,12.0,ok
TIC 300327924,110.6889,-70.0926,8.66,0,,,,,41,15.2,ok
TIC 302855632,135.8656,-67.2235,8.67,0,,,,,1,2.2,ok
TIC 14343805,163.8247,-5.8532,8.67,0,,,,,4,6.4,ok
TIC 294092966,107.3479,-57.4959,8.67,0,,,,,38,14.4,ok
TIC 306824672,121.6474,-68.6173,8.67,0,,,,,38,15.1,ok
TIC 357981425,138.4921,-64.3744,8.67,0,,,,,4,6.8,ok
TIC 186706662,133.2656,-32.2877,8.67,0,,,,,3,5.1,ok
TIC 26255469,153.1857,-9.3708,8.67,0,,,,,1,2.0,ok
TIC 422170477,151.031,-15.2243,8.67,0,,,,,3,4.9,ok
TIC 334632624,141.3479,-15.9223,8.67,0,,,,,5,8.1,ok
TIC 377017533,78.0583,-78.9861,8.67,0,,,,,5,7.6,ok
TIC 31960109,54.9252,-71.0983,8.67,0,,,,,22,15.0,ok
TIC 321293899,159.5327,-11.4661,8.67,0,,,,,5,7.5,ok
TIC 176934407,100.5383,-66.0938,8.67,0,,,,,21,15.2,ok
TIC 55063221,161.5344,-8.0504,8.67,0,,,,,2,3.6,ok
TIC 294870118,71.617,-68.7418,8.67,0,,,,,32,15.2,ok
TIC 55781698,75.5468,-62.1186,8.67,0,,,,,13,14.8,ok
TIC 150274487,94.9865,-61.5363,8.67,0,,,,,21,14.9,ok
TIC 78455026,142.9628,-47.3739,8.67,0,,,,,7,11.0,ok
TIC 279360449,104.7212,-56.4699,8.67,0,,,,,34,15.4,ok
TIC 47003969,143.7683,-8.7727,8.68,0,,,,,5,7.8,ok
TIC 307284756,124.8663,-66.6207,8.68,0,,,,,11,14.9,ok
TIC 36824921,155.5458,-11.1822,8.68,0,,,,,5,7.7,ok
TIC 150273255,94.6258,-60.7389,8.68,0,,,,,42,15.0,ok
TIC 185320401,129.6125,-35.8224,8.68,0,,,,,5,7.9,ok
TIC 141095359,79.5769,-74.0622,8.68,0,,,,,34,15.3,ok
TIC 389801637,87.3707,-69.787,8.68,0,,,,,12,14.9,ok
TIC 260188534,93.0926,-59.7817,8.68,0,,,,,20,14.8,ok
TIC 349642732,111.8337,-60.9559,8.68,0,,,,,41,15.5,ok
TIC 179208877,79.4837,-69.2677,8.68,0,,,,,29,15.3,ok
TIC 1404122,140.2844,-16.2399,8.68,0,,,,,4,6.3,ok
TIC 355463383,131.3813,-61.2622,8.68,0,,,,,7,10.6,ok
TIC 38759499,66.985,-61.8077,8.68,0,,,,,35,15.3,ok
TIC 238430654,121.2223,-48.2734,8.68,0,,,,,5,8.0,ok
TIC 372911993,119.4813,-62.0644,8.68,0,,,,,20,15.1,ok
TIC 279573142,106.0822,-56.8629,8.69,0,,,,,23,14.7,ok
TIC 305643823,164.1061,-12.7953,8.69,0,,,,,1,2.0,ok
TIC 293970254,106.7606,-55.7701,8.69,0,,,,,24,14.9,ok
TIC 364395704,116.619,-61.4009,8.69,0,,,,,24,14.8,ok
TIC 33152712,144.7001,-45.8851,8.69,0,,,,,2,3.5,ok
TIC 295435513,140.8238,-52.7478,8.69,0,,,,,8,12.5,ok
TIC 38462407,61.5075,-64.0939,8.69,0,,,,,41,15.3,ok
TIC 340061260,112.9266,-54.5125,8.69,0,,,,,12,15.0,ok
TIC 349909808,114.145,-64.2144,8.69,0,,,,,31,14.7,ok
TIC 357383758,137.1463,-60.3329,8.69,0,,,,,7,11.3,ok
TIC 314864631,53.1903,-75.6318,8.69,0,,,,,24,15.9,ok
TIC 291467934,111.1637,-49.7653,8.7,0,,,,,6,9.1,ok
TIC 34984957,147.6867,-45.145,8.7,0,,,,,3,4.9,ok
TIC 101586121,150.503,-33.6846,8.7,0,,,,,4,6.3,ok
TIC 289802657,161.0383,-15.1806,8.7,0,,,,,4,6.1,ok
TIC 140609648,71.6871,-73.9187,8.7,0,,,,,42,14.5,ok
TIC 28469758,131.4236,-42.0527,8.7,0,,,,,3,5.0,ok
TIC 309617509,78.8139,-62.1494,8.7,0,,,,,41,14.8,ok
TIC 339885174,111.7512,-56.2442,8.7,0,,,,,20,15.2,ok
TIC 408420719,161.332,-19.6945,8.7,0,,,,,4,6.5,ok
TIC 408382624,145.4607,-23.2376,8.7,0,,,,,5,7.7,ok
TIC 55369613,77.3709,-62.564,8.7,0,,,,,33,14.8,ok
TIC 350478528,85.6628,-57.912,8.7,0,,,,,40,14.9,ok
TIC 25195623,63.755,-68.734,8.7,1,1.9474,45.5,rejete,variabilite_continue;eclipse_secondaire,30,20.7,ok
TIC 272285267,118.121,-75.3847,8.7,0,,,,,25,16.5,ok
TIC 279088394,102.6099,-56.2395,8.7,0,,,,,37,14.7,ok
TIC 167170023,97.0357,-67.0063,8.7,0,,,,,36,16.0,ok
TIC 55781680,75.4066,-62.089,8.7,0,,,,,32,15.0,ok
TIC 5382156,142.6158,-36.9664,8.7,0,,,,,2,3.7,ok
TIC 55603918,73.2918,-60.8295,8.7,0,,,,,31,15.0,ok
TIC 300710144,115.2641,-71.2088,8.7,0,,,,,34,15.3,ok
TIC 300703521,114.7386,-67.4611,8.7,0,,,,,42,15.1,ok
TIC 177283605,102.4374,-73.5582,8.7,0,,,,,38,14.7,ok
TIC 123695471,115.4688,-47.9688,8.7,0,,,,,1,2.1,ok
TIC 300656410,114.487,-70.8805,8.7,0,,,,,39,15.0,ok
TIC 175345373,152.4413,-5.0274,8.71,0,,,,,2,3.5,ok
TIC 296942725,159.0822,-16.2024,8.71,0,,,,,3,5.1,ok
TIC 132639799,119.8132,-39.3897,8.71,0,,,,,2,3.7,ok
TIC 5362024,139.0837,-18.6248,8.71,0,,,,,5,7.7,ok
TIC 52107085,155.3052,-21.9517,8.71,0,,,,,6,9.5,ok
TIC 358229560,139.075,-60.5252,8.71,0,,,,,8,12.6,ok
TIC 281298122,151.0889,-19.8178,8.71,0,,,,,4,6.2,ok
TIC 358459933,118.9589,-65.283,8.71,0,,,,,40,15.3,ok
TIC 22020255,147.8186,-25.9353,8.71,0,,,,,5,7.9,ok
TIC 391892828,115.4503,-67.6981,8.71,0,,,,,41,15.7,ok
TIC 425069023,82.9955,-69.1608,8.71,0,,,,,38,15.0,ok
TIC 257720049,77.9279,-58.9858,8.71,0,,,,,34,14.8,ok
TIC 220414682,71.1126,-59.3212,8.71,0,,,,,42,15.0,ok
TIC 370236798,105.2939,-72.7646,8.71,0,,,,,42,15.2,ok
TIC 179245814,159.1715,-22.7707,8.71,0,,,,,6,9.7,ok
TIC 293626961,156.8771,-16.9056,8.71,0,,,,,5,7.9,ok
TIC 382301971,83.3566,-59.565,8.72,0,,,,,31,14.9,ok
TIC 340006157,112.7373,-57.991,8.72,0,,,,,23,14.9,ok
TIC 229849701,138.0196,-23.3996,8.72,0,,,,,5,7.6,ok
TIC 229848797,137.9554,-22.2344,8.72,0,,,,,3,4.9,ok
TIC 150187382,93.6773,-63.3028,8.72,0,,,,,20,15.3,ok
TIC 56665695,158.7249,-8.4276,8.72,0,,,,,5,8.3,ok
TIC 41227922,91.5849,-69.2584,8.72,0,,,,,26,14.9,ok
TIC 358460464,118.9576,-64.7096,8.72,0,,,,,29,15.1,ok
TIC 428627916,145.6952,-18.6569,8.72,0,,,,,5,8.0,ok
TIC 294205649,107.9591,-58.8506,8.72,0,,,,,31,14.7,ok
TIC 177252842,101.793,-72.1114,8.72,0,,,,,42,15.0,ok
TIC 344844269,150.5179,3.8819,8.72,0,,,,,4,6.4,ok
TIC 35977125,149.4899,-42.8398,8.72,0,,,,,7,11.6,ok
TIC 357896715,138.302,-62.4221,8.72,0,,,,,2,3.7,ok
TIC 30921380,134.9657,-46.4599,8.72,0,,,,,5,7.7,ok
TIC 300744369,116.5026,-69.4979,8.72,0,,,,,44,14.8,ok
TIC 193091873,156.8253,-28.9818,8.72,0,,,,,7,11.0,ok
TIC 356769942,135.2796,-61.2455,8.72,0,,,,,5,7.7,ok
TIC 55558734,73.2016,-63.2021,8.72,0,,,,,33,15.1,ok
TIC 260043723,91.6088,-58.9537,8.73,1,3.1395,122.3,rejete,variabilite_continue;eclipse_secondaire,34,19.9,ok
TIC 149914338,88.2003,-65.1876,8.73,0,,,,,27,15.0,ok
TIC 306774815,121.4939,-66.084,8.73,0,,,,,26,16.1,ok
TIC 350824219,89.5611,-57.1668,8.73,0,,,,,42,15.0,ok
TIC 382033285,79.0088,-58.5079,8.73,0,,,,,40,14.6,ok
TIC 382042802,79.1733,-56.4599,8.73,0,,,,,2,3.7,ok
TIC 220395015,68.681,-58.6097,8.73,0,,,,,27,16.0,ok
TIC 150322991,95.9378,-60.9009,8.73,0,,,,,41,15.1,ok
TIC 70779215,151.9293,-30.0555,8.73,0,,,,,6,9.6,ok
TIC 150357424,96.0608,-63.7875,8.73,0,,,,,30,14.7,ok
TIC 177164901,104.3744,-68.3493,8.73,0,,,,,40,15.1,ok
TIC 36880653,156.3481,-6.0824,8.73,0,,,,,4,7.3,ok
TIC 47001733,143.6302,-9.9675,8.73,0,,,,,5,7.5,ok
TIC 294668993,70.6982,-67.4072,8.73,0,,,,,30,14.6,ok
TIC 31967341,136.8291,-42.8051,8.73,0,,,,,2,3.6,ok
TIC 271901346,113.3093,-76.1984,8.73,0,,,,,6,9.3,ok
TIC 237923772,57.2631,-65.777,8.73,0,,,,,5,7.9,ok
TIC 169249207,160.8989,-1.7995,8.73,0,,,,,6,9.0,ok
TIC 193256964,158.2684,-25.5889,8.73,0,,,,,2,3.6,ok
TIC 41532261,93.7113,-70.5989,8.73,0,,,,,38,14.6,ok
TIC 308400796,120.402,-62.856,8.73,0,,,,,19,14.6,ok
TIC 140661368,72.7047,-72.424,8.74,0,,,,,42,15.2,ok
TIC 413248763,144.0079,-21.6677,8.74,0,,24.1,rejete,variabilite_continue,5,10.5,ok
TIC 150272064,94.6422,-63.1351,8.74,0,,,,,38,16.0,ok
TIC 55104372,162.1408,-9.8422,8.74,0,,,,,1,2.1,ok
TIC 149631035,87.7248,-61.4244,8.74,0,,,,,30,14.7,ok
TIC 318120169,161.9655,-1.2257,8.74,0,,,,,5,7.7,ok
TIC 4638862,141.3396,-37.039,8.74,0,,,,,1,2.1,ok
TIC 44519683,145.6749,-35.8818,8.74,0,,,,,5,7.7,ok
TIC 237931174,58.5053,-63.1864,8.74,0,,,,,25,14.8,ok
TIC 33732017,61.4352,-73.2805,8.74,0,,18.2,rejete,variabilite_continue;eclipse_secondaire,20,19.6,ok
TIC 358467049,119.1927,-60.8161,8.74,0,,,,,22,15.8,ok
TIC 140946237,77.2286,-76.463,8.74,0,,,,,43,15.3,ok
TIC 332703779,150.0932,-17.8298,8.74,0,,,,,7,10.5,ok
TIC 382028854,78.5723,-57.659,8.74,0,,,,,42,14.8,ok
TIC 192992073,155.4143,-27.9872,8.74,0,,,,,7,10.7,ok
TIC 177164194,104.5513,-69.3804,8.75,0,,,,,34,14.9,ok
TIC 389925768,87.6589,-71.8712,8.75,0,,,,,38,15.3,ok
TIC 36124955,149.6479,-46.4285,8.75,0,,,,,6,10.0,ok
TIC 1009252,165.9143,-4.7903,8.75,0,,,,,8,12.1,ok
TIC 62892583,161.3085,-0.7823,8.75,0,,,,,6,9.2,ok
TIC 134821648,122.9017,-37.2132,8.75,0,,,,,4,6.6,ok
TIC 147439854,125.1186,-35.1305,8.75,0,,,,,6,9.6,ok
TIC 179681967,146.3646,-1.723,8.75,0,,,,,4,6.3,ok
TIC 22019290,147.8932,-27.5501,8.75,0,,,,,4,6.4,ok
TIC 220453880,74.0826,-59.0921,8.75,0,,,,,32,14.7,ok
TIC 30035088,73.1828,-71.5717,8.75,0,,,,,33,15.0,ok
TIC 302131782,132.1707,-66.5733,8.75,0,,,,,4,6.5,ok
TIC 5344139,139.0162,-19.5323,8.75,0,,,,,1,2.1,ok
TIC 193270454,158.4393,-28.4685,8.75,0,,,,,5,8.6,ok
TIC 260269838,94.2924,-55.4559,8.75,0,,,,,30,15.1,ok
TIC 296783943,142.493,-15.0848,8.76,0,,,,,5,7.7,ok
TIC 440737956,144.5336,-58.7913,8.76,1,12.0936,16.1,rejete,variabilite_continue;eclipse_secondaire;compagnon_trop_gros_4.4Rjup,7,14.8,ok
TIC 301861807,130.7247,-70.6412,8.76,0,,,,,7,11.5,ok
TIC 293218474,66.6823,-58.7765,8.76,0,,,,,29,15.1,ok
TIC 293437409,48.5692,-79.2109,8.76,0,,,,,12,15.3,ok
TIC 364393161,116.476,-64.4047,8.76,0,,,,,35,15.0,ok
TIC 123036723,113.5286,-46.6438,8.76,0,,,,,8,12.3,ok
TIC 34871390,147.548,-42.4329,8.76,0,,,,,1,2.1,ok
TIC 431589306,50.5802,-75.1803,8.76,0,,,,,21,15.8,ok
TIC 54986760,160.4561,-8.7325,8.76,0,,,,,5,7.8,ok
TIC 296940900,158.8909,-13.8767,8.76,0,,,,,3,4.9,ok
TIC 293225274,98.514,-60.5877,8.76,0,,,,,40,14.8,ok
TIC 385194991,154.1885,-11.966,8.77,0,,,,,4,6.5,ok
TIC 300085625,107.6846,-71.7815,8.77,0,,,,,30,14.8,ok
TIC 77525746,142.1865,-3.1376,8.77,0,,,,,5,8.0,ok
TIC 349647498,112.2455,-64.3619,8.77,0,,,,,31,14.9,ok
TIC 308926825,123.0287,-60.3108,8.77,0,,,,,9,14.2,ok
TIC 96031988,146.1863,-9.7746,8.77,0,,,,,4,6.2,ok
TIC 142109185,99.4337,-76.9266,8.77,0,,,,,21,14.6,ok
TIC 358848830,151.3509,-21.0804,8.77,0,,,,,2,3.5,ok
TIC 184663253,127.7006,-38.4338,8.77,0,,,,,4,6.6,ok
TIC 149976535,90.1949,-62.8717,8.77,0,,,,,38,15.5,ok
TIC 278777449,99.6944,-59.5025,8.77,0,,,,,21,14.8,ok
TIC 41338480,92.6518,-67.9612,8.77,0,,,,,29,14.9,ok
TIC 37379932,134.8404,-29.0656,8.77,0,,,,,5,7.7,ok
TIC 382259748,82.6629,-57.392,8.77,0,,,,,34,15.0,ok
TIC 33222793,148.901,-6.0237,8.77,0,,,,,3,5.1,ok
TIC 150102227,91.9503,-64.4413,8.77,0,,,,,33,15.3,ok
TIC 350522225,86.3197,-55.649,8.77,0,,,,,25,15.3,ok
TIC 404852431,85.2304,-69.1752,8.77,0,,,,,28,15.2,ok
TIC 269341832,118.9368,-48.0418,8.77,1,2.7305,12.6,rejete,variabilite_continue,2,5.6,ok
TIC 150029272,90.7407,-61.1923,8.78,0,,,,,33,15.3,ok
TIC 350821790,89.5483,-57.3733,8.78,0,,,,,42,14.8,ok
TIC 278896737,101.0268,-57.3997,8.78,0,,,,,21,14.8,ok
TIC 364398190,119.628,-60.729,8.78,0,,,,,22,19.9,ok
TIC 81790160,123.7057,-42.2175,8.78,0,,,,,2,3.7,ok
TIC 268181601,116.1388,-50.384,8.78,0,,,,,3,4.8,ok
TIC 358511856,119.1586,-65.6138,8.78,0,,,,,30,14.6,ok
TIC 423316978,140.8221,-19.4276,8.78,0,,,,,5,7.8,ok
TIC 305536573,139.317,-12.0079,8.78,0,,,,,3,5.2,ok
TIC 341799955,121.6228,-54.8065,8.78,0,,,,,9,13.7,ok
TIC 143401454,155.0002,-0.8288,8.78,0,,,,,6,8.8,ok
TIC 60138055,111.3724,-45.8646,8.78,0,,,,,2,3.9,ok
TIC 279613634,106.4419,-56.222,8.78,0,,,,,28,14.8,ok
TIC 149576413,86.6722,-65.4867,8.78,0,,,,,31,14.9,ok
TIC 139739221,126.7189,-46.8096,8.78,0,,,,,2,3.6,ok
TIC 391903064,106.5297,-75.8195,8.78,0,,,,,43,15.8,ok
TIC 278861774,100.6488,-56.4445,8.79,0,,,,,33,14.3,ok
TIC 141411713,83.9319,-74.2503,8.79,0,,,,,30,14.9,ok
TIC 53194797,126.1625,-45.4199,8.79,0,,,,,7,10.7,ok
TIC 33418336,150.8898,-6.0016,8.79,0,,,,,3,4.9,ok
TIC 277099881,83.7449,-67.4747,8.79,0,,,,,35,14.6,ok
TIC 89328359,126.655,-57.8429,8.79,0,,,,,2,3.6,ok
TIC 150439989,97.6229,-61.9414,8.79,0,,,,,32,14.7,ok
TIC 150271169,94.6878,-64.7893,8.79,0,,,,,26,15.0,ok
TIC 271597127,108.3823,-76.3947,8.79,0,,,,,20,14.6,ok
TIC 25161053,143.1792,-34.3955,8.79,0,,,,,6,8.8,ok
TIC 167723383,103.4588,-60.0563,8.79,0,,,,,23,14.6,ok
TIC 5505403,149.7225,-18.4862,8.79,0,,,,,3,4.7,ok
TIC 190122499,132.3819,-41.5638,8.79,0,,,,,2,3.6,ok
TIC 62847299,160.0597,-0.8951,8.79,0,,,,,7,10.2,ok
TIC 45966938,131.538,-55.3303,8.79,0,,,,,1,2.2,ok
TIC 349369985,110.0396,-64.0012,8.79,0,,,,,42,15.1,ok
TIC 386615559,159.8149,-14.5024,8.79,0,,,,,3,4.9,ok
TIC 55527661,72.4913,-65.6195,8.79,0,,,,,41,14.9,ok
TIC 309290531,124.3098,-61.6555,8.79,0,,,,,3,5.0,ok
TIC 167549709,100.8545,-63.5616,8.79,0,,,,,27,17.1,ok
TIC 140688941,72.9408,-73.6274,8.79,0,,,,,21,14.9,ok
TIC 388107335,62.583,-71.3448,8.79,0,,,,,31,15.3,ok
TIC 289736264,146.6064,-14.5281,8.79,0,,,,,5,7.7,ok
TIC 364327598,101.8253,-64.3363,8.79,0,,,,,9,14.8,ok
TIC 300654773,114.3512,-70.5774,8.79,0,,,,,33,14.7,ok
TIC 298699639,143.0084,-51.0889,8.79,0,,,,,4,6.3,ok
TIC 300444243,111.5457,-68.9052,8.8,0,,,,,34,14.7,ok
TIC 260005509,91.4127,-55.1092,8.8,0,,,,,40,15.0,ok
TIC 26226183,152.9485,-6.8655,8.8,0,,,,,3,4.8,ok
TIC 277022967,83.8193,-69.6773,8.8,0,,,,,38,15.3,ok
TIC 142145534,99.8066,-75.5088,8.8,0,,,,,31,15.0,ok
TIC 300326000,110.6191,-67.2973,8.8,0,,,,,20,14.6,ok
TIC 271891360,112.5578,-72.9447,8.8,0,,,,,20,14.9,ok
TIC 150272447,94.596,-62.3412,8.8,0,,,,,31,15.2,ok
TIC 375032207,99.2288,-62.3507,8.8,0,,,,,28,15.6,ok
TIC 45415827,148.1547,-41.4559,8.8,0,,,,,1,2.2,ok
TIC 260947637,73.0905,-78.2696,8.8,0,,,,,26,15.0,ok
TIC 149126810,81.1045,-62.3695,8.8,0,,,,,31,14.7,ok
TIC 140608905,71.3576,-75.1399,8.8,0,,,,,31,14.7,ok
TIC 272429196,120.2928,-72.175,8.8,0,,160.6,rejete,variabilite_continue;eclipse_secondaire,28,19.8,ok
TIC 391901997,115.8935,-71.6115,8.8,0,,,,,32,14.8,ok
TIC 150065109,91.6089,-63.0608,8.81,0,,,,,29,15.1,ok
TIC 287410832,82.5169,-69.7842,8.81,0,,,,,31,15.0,ok
TIC 279425700,105.0267,-57.0832,8.81,0,,,,,20,14.9,ok
TIC 5230879,142.4631,-38.1808,8.81,0,,,,,4,6.4,ok
TIC 350581003,86.9264,-55.3971,8.81,0,,,,,31,14.6,ok
TIC 123829271,115.9602,-42.4701,8.81,0,,,,,8,12.3,ok
TIC 279053888,102.379,-59.8587,8.81,0,,,,,31,15.3,ok
TIC 278901711,101.3588,-54.1526,8.81,0,,,,,20,15.1,ok
TIC 47123263,144.8255,-10.2114,8.81,0,,,,,5,7.5,ok
TIC 47180450,145.5743,-6.2229,8.81,0,,,,,5,7.4,ok
TIC 183459431,125.5553,-37.1474,8.81,0,,,,,4,6.8,ok
TIC 53576727,157.22,-33.0812,8.81,0,,,,,1,2.1,ok
TIC 149572342,86.4693,-61.5657,8.81,0,,,,,7,11.2,ok
TIC 306471461,118.4789,-68.8984,8.81,0,,,,,32,14.8,ok
TIC 140659350,72.2893,-72.9653,8.81,0,,,,,21,14.9,ok
TIC 340005947,112.6839,-57.7379,8.82,0,,,,,21,14.6,ok
TIC 169226442,160.52,-5.5491,8.82,0,,,,,2,3.9,ok
TIC 358181695,107.1807,-72.3122,8.82,0,,,,,20,14.9,ok
TIC 180842834,129.7204,-40.9081,8.82,0,,,,,2,3.7,ok
TIC 349153627,108.3659,-60.7628,8.82,0,,,,,31,14.5,ok
TIC 47639780,150.1576,-29.5979,8.82,0,,,,,6,8.9,ok
TIC 391635191,139.066,-49.5911,8.82,0,,,,,4,6.3,ok
TIC 294871044,71.6673,-68.1218,8.82,0,,,,,23,14.7,ok
TIC 82128636,124.1103,-46.4298,8.82,1,7.4759,28.7,rejete,variabilite_continue,8,16.6,ok
TIC 220425726,72.5446,-57.7319,8.82,0,,,,,28,14.7,ok
TIC 260131310,92.6436,-54.1764,8.82,0,,,,,5,7.8,ok
TIC 349408403,110.4693,-63.8996,8.82,0,,,,,22,14.2,ok
TIC 438271888,142.2359,-59.5004,8.82,0,,,,,3,5.2,ok
TIC 187022132,134.2345,-35.0461,8.82,0,,,,,4,6.2,ok
TIC 229862891,138.3393,-18.1889,8.82,0,,,,,5,7.4,ok
TIC 294209068,108.1814,-56.664,8.82,0,,,,,22,14.5,ok
TIC 149177271,81.7564,-62.4898,8.82,0,,,,,41,15.4,ok
TIC 342673240,124.9743,-56.25,8.82,0,,,,,7,10.8,ok
TIC 386648991,139.9058,-58.2653,8.83,0,,,,,1,2.1,ok
TIC 178827245,150.515,-3.5724,8.83,0,,,,,3,5.1,ok
TIC 302281192,132.9554,-69.1806,8.83,0,,,,,2,3.9,ok
TIC 29664663,151.1407,-33.0,8.83,0,,,,,4,6.2,ok
TIC 24478533,141.0191,-33.4476,8.83,0,,,,,3,4.8,ok
TIC 167203674,97.0789,-70.2584,8.83,0,,,,,20,14.6,ok
TIC 299970288,139.0487,-16.9697,8.83,0,,,,,2,3.5,ok
TIC 355455187,110.5576,-51.487,8.83,0,,,,,10,15.3,ok
TIC 382512330,117.5163,-60.667,8.83,0,,,,,21,14.8,ok
TIC 991159,165.4193,-3.8141,8.83,0,,,,,7,10.4,ok
TIC 124598686,159.3994,-0.5981,8.83,0,,,,,7,10.6,ok
TIC 350622144,87.6816,-56.905,8.83,0,,,,,32,14.6,ok
TIC 349055915,107.3854,-61.5442,8.83,0,,,,,31,14.4,ok
TIC 277713012,153.6023,1.4682,8.83,0,,,,,8,11.2,ok
TIC 364265848,62.814,-58.1131,8.83,0,,,,,14,14.5,ok
TIC 191129940,134.6597,-36.6439,8.83,0,,,,,2,4.0,ok
TIC 334776641,157.8504,-15.1744,8.83,0,,,,,5,7.7,ok
TIC 350767303,89.2585,-56.6106,8.84,0,,,,,20,15.2,ok
TIC 141497319,129.7453,-46.2271,8.84,0,,,,,4,6.6,ok
TIC 296657253,141.6556,-14.2649,8.84,0,,,,,5,7.5,ok
TIC 167794129,104.4597,-64.8537,8.84,0,,,,,32,14.6,ok
TIC 79792807,120.5447,-41.9575,8.84,0,,,,,1,2.1,ok
TIC 71546531,155.758,-34.1411,8.84,0,,,,,7,10.8,ok
TIC 294207756,108.1489,-58.2351,8.84,0,,,,,43,15.6,ok
TIC 294157254,107.9509,-54.2773,8.84,0,,,,,13,15.7,ok
TIC 55453219,70.9958,-65.504,8.84,0,,,,,19,15.0,ok
TIC 293271918,98.689,-62.0993,8.84,0,,,,,30,14.8,ok
TIC 55004738,160.7287,-11.6461,8.84,0,,,,,3,5.0,ok
TIC 220401858,69.6846,-58.8144,8.84,0,,,,,38,15.1,ok
TIC 350744293,88.875,-55.9831,8.84,0,,,,,20,15.0,ok
TIC 41259805,92.1221,-71.1199,8.84,0,,,,,34,14.9,ok
TIC 261377762,93.3275,-78.2303,8.84,0,,,,,33,15.1,ok
TIC 408416845,145.6402,-19.4606,8.84,0,,,,,2,3.6,ok
TIC 307087642,123.5372,-66.026,8.84,0,,,,,25,14.9,ok
TIC 260640855,97.8919,-58.6294,8.84,0,,,,,33,16.0,ok
TIC 167010957,95.3107,-67.583,8.84,0,,,,,36,14.9,ok
TIC 62732682,144.9711,-5.8222,8.84,0,,,,,3,5.1,ok
TIC 350620788,87.422,-59.839,8.85,0,,,,,38,15.3,ok
TIC 45597870,148.8484,-38.5247,8.85,0,,,,,6,9.8,ok
TIC 1018843,130.932,-26.9809,8.85,1,1.9126,37.4,rejete,variabilite_continue,4,9.1,ok
TIC 432088308,136.7601,-21.2086,8.85,0,,,,,5,7.8,ok
TIC 350334038,83.9999,-56.718,8.85,0,,,,,33,15.5,ok
TIC 268764405,117.7624,-50.3039,8.85,0,,,,,4,6.6,ok
TIC 260636592,97.7742,-56.9389,8.85,0,,,,,31,14.7,ok
TIC 192545587,154.6719,-20.1449,8.85,0,,,,,6,9.0,ok
TIC 150030411,90.9472,-61.1516,8.85,0,,,,,34,14.3,ok
TIC 118316147,128.9278,-54.3173,8.85,0,,,,,5,7.9,ok
TIC 269852295,69.9511,-78.8073,8.85,0,,,,,22,15.3,ok
TIC 300602132,113.4813,-71.6196,8.85,0,,,,,41,14.6,ok
TIC 73252511,154.0942,-40.8524,8.85,0,,,,,1,2.1,ok
TIC 294053971,107.2691,-59.0886,8.85,0,,,,,33,15.1,ok
TIC 149275235,83.0162,-60.9615,8.85,0,,,,,34,14.9,ok
TIC 349681003,112.5401,-60.3433,8.85,0,,,,,5,7.9,ok
TIC 38515566,62.7659,-63.1605,8.85,0,,108.6,rejete,variabilite_continue;eclipse_secondaire;compagnon_trop_gros_2.7Rjup,20,20.2,ok
TIC 287637087,125.8573,-72.0092,8.85,0,,,,,19,15.0,ok
TIC 149540013,86.1515,-62.0673,8.86,0,,,,,36,14.9,ok
TIC 374942490,89.3436,-65.2887,8.86,0,,,,,23,14.8,ok
TIC 38586863,64.2051,-63.3349,8.86,0,,,,,41,15.2,ok
TIC 167086201,95.7947,-67.4233,8.86,0,,,,,16,15.9,ok
TIC 284348793,106.7779,-51.6392,8.86,0,,,,,10,15.4,ok
TIC 261397043,94.2514,-78.7636,8.86,0,,,,,34,14.9,ok
TIC 145323225,132.2343,-49.0774,8.86,0,,,,,6,9.3,ok
TIC 260241479,93.67,-55.808,8.86,0,,,,,31,15.4,ok
TIC 73080557,153.5778,-37.0835,8.86,0,,,,,6,9.5,ok
TIC 389624081,86.6979,-71.6035,8.86,0,,,,,40,14.8,ok
TIC 350954102,90.8582,-55.7764,8.86,0,,,,,8,11.9,ok
TIC 384716688,136.7183,-58.7565,8.86,0,,,,,3,5.0,ok
TIC 404849302,85.108,-69.8584,8.87,0,,,,,37,14.8,ok
TIC 257719469,77.8042,-57.1873,8.87,0,,,,,29,14.6,ok
TIC 275309731,149.9012,3.8713,8.87,0,,,,,8,11.6,ok
TIC 41030824,90.4611,-71.959,8.87,0,,,,,20,14.9,ok
TIC 260609222,97.4442,-57.2749,8.87,0,,,,,21,15.0,ok
TIC 167724857,103.6739,-62.1435,8.87,0,,,,,21,15.0,ok
TIC 47391558,164.8903,-4.192,8.87,0,,,,,3,4.9,ok
TIC 177115893,104.0051,-69.0224,8.87,0,,,,,32,14.7,ok
TIC 275249752,148.098,2.3218,8.87,0,,,,,2,3.6,ok
TIC 76567542,140.4188,-44.0837,8.87,0,,,,,2,3.6,ok
TIC 388131109,65.4126,-69.8695,8.87,0,,,,,34,15.4,ok
TIC 167654890,102.3272,-62.4825,8.87,0,,,,,28,15.1,ok
TIC 11560294,149.8952,-24.8572,8.87,0,,,,,6,9.2,ok
TIC 38567284,138.5579,-27.8441,8.87,0,,,,,4,6.3,ok
TIC 408310006,144.8749,-20.9824,8.87,0,,42.4,rejete,variabilite_continue,5,10.6,ok
TIC 375056781,99.7371,-60.8405,8.87,0,,,,,33,15.2,ok
TIC 5382079,142.6244,-37.0152,8.88,0,,,,,2,3.6,ok
TIC 177023707,102.407,-69.9859,8.88,0,,,,,29,15.5,ok
TIC 350743339,88.7407,-58.1495,8.88,0,,,,,20,14.7,ok
TIC 180540045,129.0451,-40.2269,8.88,0,,,,,4,6.6,ok
TIC 78455417,142.931,-47.4846,8.88,0,,,,,5,8.1,ok
TIC 185016895,128.3431,-40.6545,8.88,0,,,,,6,9.3,ok
TIC 237924298,57.6373,-64.0674,8.88,0,,,,,20,15.1,ok
TIC 220420859,71.8425,-57.1492,8.88,0,,,,,22,15.4,ok
TIC 33880674,66.5163,-74.7033,8.88,0,,,,,29,15.4,ok
TIC 350860764,90.271,-59.4704,8.88,0,,,,,41,14.8,ok
TIC 52027628,149.1746,-20.8443,8.88,0,,,,,7,11.0,ok
TIC 29832530,66.6673,-70.7542,8.88,0,,,,,21,15.1,ok
TIC 260076575,92.0214,-59.0479,8.88,0,,,,,33,14.9,ok
TIC 356303212,133.9967,-60.6976,8.88,0,,,,,1,2.1,ok
TIC 279251558,104.1464,-59.3269,8.88,0,,,,,21,15.7,ok
TIC 339735827,110.9528,-55.1348,8.88,0,,,,,13,14.7,ok
TIC 286437785,124.4285,-50.3285,8.89,0,,,,,6,9.5,ok
TIC 268120499,115.8485,-52.5077,8.89,0,,,,,2,3.7,ok
TIC 257720478,78.2849,-59.642,8.89,0,,,,,28,14.9,ok
TIC 386563092,159.1571,-14.1462,8.89,0,,,,,3,5.0,ok
TIC 150105372,92.1333,-62.9803,8.89,0,,,,,30,14.6,ok
TIC 255785240,99.8685,-53.7097,8.89,0,,,,,11,14.9,ok
TIC 56640616,127.2019,-34.5501,8.89,0,,,,,6,9.2,ok
TIC 33878145,66.1609,-74.5092,8.89,0,,,,,33,15.2,ok
TIC 150166759,93.4584,-61.5384,8.89,0,,,,,32,14.9,ok
TIC 141281526,83.315,-75.182,8.89,0,,,,,39,14.7,ok
TIC 271889401,112.5872,-75.8983,8.89,0,,,,,?,1.1,erreur
TIC 38907328,69.3906,-64.1221,8.89,0,,,,,43,15.4,ok
TIC 150299548,95.0966,-61.5985,8.89,0,,,,,41,14.9,ok
TIC 300745960,116.4439,-67.5401,8.89,0,,,,,16,14.7,ok
TIC 307490251,126.1586,-70.1598,8.89,0,,,,,18,15.8,ok
TIC 126797048,137.0467,-50.6138,8.89,0,,,,,7,11.0,ok
TIC 257720864,78.3413,-58.5576,8.9,0,,,,,29,15.5,ok
TIC 355280346,108.8719,-51.8957,8.9,0,,,,,3,5.1,ok
TIC 60981733,140.3764,-11.1232,8.9,0,,,,,3,5.0,ok
TIC 168141647,152.9793,-27.7262,8.9,0,,,,,7,10.8,ok
TIC 177241155,101.1944,-75.9258,8.9,0,,,,,32,14.7,ok
TIC 167206607,97.2918,-69.624,8.9,0,,,,,41,14.6,ok
TIC 271725395,110.7515,-74.1138,8.9,0,,,,,33,15.1,ok
TIC 150185722,93.5223,-65.7492,8.9,0,,,,,22,14.9,ok
TIC 306470049,118.5658,-67.0711,8.9,0,,,,,21,14.8,ok
TIC 53205542,166.5729,-2.375,8.9,0,,,,,2,3.5,ok
TIC 141187126,81.8761,-77.3821,8.9,0,,,,,31,15.0,ok
TIC 220414222,71.133,-57.5768,8.9,0,,,,,14,15.2,ok
TIC 260192346,93.3793,-56.0744,8.91,0,,,,,40,15.5,ok
TIC 334510516,140.6429,-16.9045,8.91,0,,,,,4,6.3,ok
TIC 54965739,160.3213,-7.96,8.91,0,,,,,5,8.0,ok
TIC 255560473,96.2014,-53.2948,8.91,0,,,,,17,14.6,ok
TIC 181298422,130.8669,-37.086,8.91,0,,,,,5,8.2,ok
TIC 38710712,66.7832,-61.7119,8.91,0,,,,,33,15.4,ok
TIC 434486482,156.7265,-23.3467,8.91,0,,,,,4,6.5,ok
TIC 149992221,90.7882,-65.2547,8.91,0,,,,,26,15.5,ok
TIC 32071556,58.1547,-66.8236,8.91,0,,,,,26,15.2,ok
TIC 44764338,146.4185,-38.8873,8.91,0,,,,,4,6.6,ok
TIC 360121399,141.6618,-60.6763,8.91,0,,,,,4,6.6,ok
TIC 140899383,77.0006,-77.0293,8.91,0,,,,,20,14.5,ok
TIC 384257658,136.0916,-59.1569,8.91,0,,,,,8,12.0,ok
TIC 141823881,92.9955,-74.5145,8.91,0,,,,,42,14.8,ok
TIC 300705632,114.7639,-66.7219,8.91,0,,,,,35,14.5,ok
TIC 267397220,113.7255,-50.3092,8.91,0,,,,,10,15.3,ok
TIC 287273244,109.4748,-58.9961,8.91,0,,,,,21,14.4,ok
TIC 167163613,96.2621,-70.9974,8.91,0,,,,,32,15.6,ok
TIC 31065297,135.1142,-44.6593,8.92,0,,,,,1,2.2,ok
TIC 25153109,63.0169,-70.389,8.92,0,,,,,33,14.8,ok
TIC 35909965,149.3316,-45.6325,8.92,0,,,,,5,8.0,ok
TIC 343171358,126.4207,-59.2348,8.92,0,,,,,10,15.3,ok
TIC 38459103,61.0184,-63.1123,8.92,0,,,,,24,15.2,ok
TIC 286680386,152.7417,-19.9569,8.92,0,,,,,5,8.0,ok
TIC 342004233,122.4508,-59.2099,8.92,0,,,,,11,16.0,ok
TIC 294784092,71.2626,-70.6719,8.92,0,,,,,41,14.8,ok
TIC 32154687,59.5966,-67.517,8.92,0,,,,,44,15.2,ok
TIC 308993193,123.3095,-64.9675,8.92,0,,,,,20,15.1,ok
TIC 455282366,147.3319,0.6088,8.92,0,,,,,5,7.8,ok
TIC 309090983,151.2615,-29.5524,8.92,0,,,,,6,9.4,ok
TIC 140898436,76.6853,-77.3301,8.93,0,,,,,35,16.0,ok
TIC 388129392,63.5677,-67.1105,8.93,0,,,,,?,1.1,erreur
TIC 141771483,92.4906,-76.2556,8.93,0,,,,,21,15.6,ok
TIC 167088119,95.885,-69.4534,8.93,0,,,,,32,14.8,ok
TIC 349945078,109.1759,-53.4369,8.93,0,,,,,12,14.6,ok
TIC 355221036,108.6751,-50.8609,8.93,0,,,,,8,12.1,ok
TIC 271892595,113.2566,-72.5881,8.93,0,,,,,20,14.3,ok
TIC 364424104,69.637,-76.2176,8.93,0,,,,,42,14.8,ok
TIC 141030721,79.4505,-75.1858,8.93,0,,,,,35,15.0,ok
TIC 294272049,108.4072,-58.1458,8.93,0,,,,,34,15.1,ok
TIC 391904670,106.4556,-72.6023,8.93,0,,,,,33,15.3,ok
TIC 385206575,154.2363,-14.9344,8.93,0,,,,,5,8.1,ok
TIC 262570768,114.5591,-54.0082,8.93,0,,,,,11,15.1,ok
TIC 309150376,123.8108,-60.4404,8.93,0,,,,,4,6.3,ok
TIC 275253300,148.3211,4.6857,8.94,0,,,,,2,3.5,ok
TIC 118828032,134.9203,-20.906,8.94,0,,,,,5,7.6,ok
TIC 287273694,109.4936,-58.4297,8.94,0,,,,,7,11.0,ok
TIC 176955379,100.7776,-69.2977,8.94,0,,380.4,rejete,variabilite_continue;eclipse_secondaire,41,19.6,ok
TIC 1203886,131.3192,-28.868,8.94,0,,,,,5,7.9,ok
TIC 41115548,90.9663,-66.4879,8.94,0,,,,,17,14.7,ok
TIC 25134376,62.4962,-67.328,8.94,0,,,,,42,15.3,ok
TIC 150030950,90.9857,-62.3311,8.94,0,,,,,31,15.4,ok
TIC 268762695,117.6947,-49.3737,8.94,0,,,,,2,3.7,ok
TIC 176785419,142.7751,-18.0684,8.94,0,,,,,4,6.4,ok
TIC 179369970,79.9841,-71.4854,8.94,0,,,,,32,15.0,ok
TIC 55269822,76.1498,-63.5958,8.94,0,,,,,33,15.6,ok
TIC 71674289,156.4255,-32.9279,8.94,0,,,,,8,13.1,ok
TIC 29781292,65.2385,-68.1027,8.94,0,,,,,44,14.9,ok
TIC 307438092,125.8272,-67.7832,8.94,0,,,,,20,14.7,ok
TIC 167548586,100.8484,-61.4065,8.94,0,,,,,30,15.2,ok
TIC 176958810,101.0598,-67.7025,8.94,0,,,,,29,14.6,ok
TIC 410445955,118.0413,-65.2912,8.94,0,,,,,20,14.8,ok
TIC 55850719,76.0966,-62.266,8.94,0,,,,,32,15.4,ok
TIC 350622185,87.541,-56.8061,8.94,0,,,,,26,15.1,ok
TIC 55745413,74.89,-63.0284,8.95,0,,,,,34,14.9,ok
TIC 133334108,120.7875,-38.7423,8.95,1,2.8582,19.1,rejete,variabilite_continue;eclipse_secondaire,8,17.1,ok
TIC 350297075,83.7359,-56.0013,8.95,0,,,,,33,15.5,ok
TIC 308144559,130.053,-71.3188,8.95,0,,17.2,rejete,variabilite_continue;eclipse_secondaire,7,16.6,ok
TIC 89452383,126.714,-54.2344,8.95,0,,,,,7,11.1,ok
TIC 93723498,130.3311,-48.0431,8.95,0,,,,,4,7.3,ok
TIC 189226497,141.3089,-27.8456,8.95,0,,,,,2,3.4,ok
TIC 33880746,66.398,-74.8702,8.95,0,,,,,36,15.5,ok
TIC 446047505,147.4059,-51.8725,8.95,0,,,,,8,12.3,ok
TIC 193274078,158.7409,-24.2054,8.95,0,,,,,1,2.2,ok
TIC 44920185,146.7444,-39.6451,8.95,0,,,,,1,2.1,ok
TIC 302214961,132.8598,-67.425,8.95,0,,,,,5,8.1,ok
TIC 190990336,134.373,-39.7784,8.95,0,,,,,3,5.2,ok
TIC 179302971,159.9239,-23.6807,8.95,0,,,,,5,8.3,ok
TIC 55272070,76.5402,-62.044,8.95,0,,,,,41,15.1,ok
TIC 381950094,76.6887,-59.0504,8.95,0,,,,,32,14.9,ok
TIC 238337815,120.5944,-50.9553,8.95,0,,,,,10,16.0,ok
TIC 349576238,111.9538,-63.5534,8.96,0,,,,,32,18.6,ok
TIC 321293016,159.5321,-8.4914,8.96,0,,,,,2,3.8,ok
TIC 350343101,84.5362,-56.7122,8.96,0,,,,,29,14.8,ok
TIC 382033361,78.9333,-58.7179,8.96,0,,,,,21,14.7,ok
TIC 46955977,143.3277,-8.1151,8.96,0,,,,,3,5.0,ok
TIC 193088122,156.6566,-23.869,8.96,0,,,,,2,3.5,ok
TIC 141708546,90.3616,-77.7241,8.96,0,,,,,33,14.9,ok
TIC 278823421,100.0977,-59.1981,8.96,0,,,,,32,14.9,ok
TIC 267466707,113.9015,-48.3378,8.96,0,,,,,7,11.0,ok
TIC 149304723,83.348,-64.667,8.96,0,,,,,4,6.4,ok
TIC 118084044,128.1813,-58.5755,8.96,0,,,,,8,12.6,ok
TIC 260503914,96.5112,-55.5814,8.96,0,,,,,28,15.0,ok
TIC 186772616,133.619,-34.3215,8.96,0,,,,,3,6.0,ok
TIC 350431335,85.01,-56.8984,8.96,0,,200.6,rejete,variabilite_continue;eclipse_secondaire,41,20.1,ok
TIC 349521873,111.4591,-65.5531,8.96,0,,,,,43,15.2,ok
TIC 238808904,123.4529,-53.8484,8.96,0,,,,,9,13.6,ok
TIC 38844604,68.6401,-60.8029,8.97,0,,,,,45,15.7,ok
TIC 355946913,132.9777,-60.7017,8.97,0,,,,,8,12.1,ok
TIC 60504223,112.5402,-46.6821,8.97,0,,,,,3,4.9,ok
TIC 175318270,152.2106,-0.5967,8.97,0,,,,,1,2.0,ok
TIC 350763936,89.0054,-55.9854,8.97,0,,,,,42,15.2,ok
TIC 260353074,94.836,-54.8656,8.97,0,,17.3,rejete,variabilite_continue,28,19.6,ok
TIC 143401648,154.9795,-1.7376,8.97,0,,,,,1,2.3,ok
TIC 350843855,90.0295,-57.8927,8.97,0,,15.9,rejete,variabilite_continue;eclipse_secondaire,42,23.0,ok
TIC 55450951,70.6834,-61.8069,8.97,0,,,,,21,15.6,ok
TIC 294873276,71.7798,-66.0069,8.97,0,,,,,20,14.9,ok
TIC 33224791,149.151,-11.8098,8.97,0,,,,,2,3.6,ok
TIC 52844997,125.6021,-47.915,8.97,0,,,,,4,6.5,ok
TIC 386021691,138.6994,-59.8077,8.97,0,,,,,8,12.3,ok
TIC 357197629,136.5452,-60.6208,8.97,0,,,,,5,8.2,ok
TIC 34635166,147.2463,-44.1783,8.97,0,,,,,5,8.4,ok
TIC 350841387,89.8748,-56.6315,8.97,0,,,,,33,15.2,ok
TIC 29778628,64.7281,-67.2854,8.97,0,,,,,21,15.2,ok
TIC 133153926,120.6313,-39.0407,8.98,0,,,,,2,3.5,ok
TIC 177115013,103.9543,-70.4413,8.98,0,,,,,34,15.6,ok
TIC 140659980,72.4736,-72.4628,8.98,0,,,,,31,15.6,ok
TIC 308396947,120.0772,-64.6477,8.98,0,,,,,25,15.1,ok
TIC 48166598,147.7973,-32.0272,8.98,0,,,,,2,3.7,ok
TIC 47682347,150.2659,-28.7866,8.98,0,,,,,5,8.2,ok
TIC 271892200,112.9317,-72.0045,8.98,0,,,,,29,15.2,ok
TIC 350443417,85.3048,-57.4411,8.98,0,,458.5,rejete,variabilite_continue;eclipse_secondaire;compagnon_trop_gros_2.6Rjup,42,19.1,ok
TIC 177354263,104.6141,-75.6301,8.98,0,,,,,33,15.7,ok
TIC 344024080,107.7307,-49.4406,8.98,0,,,,,5,8.0,ok
TIC 391905265,106.8622,-72.2143,8.98,0,,,,,31,14.9,ok
TIC 141414217,84.3521,-76.676,8.98,0,,,,,33,15.3,ok
TIC 261061800,81.1748,-78.6765,8.98,0,,,,,6,10.1,ok
TIC 73388245,154.5478,-38.5935,8.98,0,,,,,3,5.1,ok
TIC 294273900,108.7114,-59.268,8.98,0,,,,,42,15.5,ok
TIC 300515700,112.4424,-68.3841,8.98,0,,,,,33,15.8,ok
TIC 287534359,124.3445,-73.8253,8.98,0,,,,,21,15.2,ok
TIC 237927133,58.1213,-65.9254,8.99,0,,,,,22,15.0,ok
TIC 260300455,94.4504,-54.9897,8.99,0,,,,,37,15.0,ok
TIC 372848077,67.6875,-58.6256,8.99,0,,,,,23,14.7,ok
TIC 293936312,106.6194,-57.4533,8.99,0,,,,,34,14.9,ok
TIC 350840417,89.9375,-54.6178,8.99,0,,,,,32,15.6,ok
TIC 281634192,116.8901,-63.4979,8.99,0,,,,,30,14.7,ok
TIC 44573029,145.8451,-41.1232,8.99,0,,,,,2,3.7,ok
TIC 356372450,140.8369,-5.9354,8.99,0,,,,,5,7.8,ok
TIC 394069647,128.5383,-30.9723,8.99,0,,,,,7,11.0,ok
TIC 168079518,152.9605,-26.4594,8.99,0,,,,,7,10.8,ok
TIC 339771969,111.382,-58.5326,8.99,0,,,,,24,14.7,ok
TIC 309254930,124.2999,-65.657,8.99,0,,14.5,rejete,variabilite_continue,18,20.4,ok
TIC 26307449,154.0399,-9.7353,8.99,0,,,,,2,4.0,ok
TIC 308994098,123.3976,-64.0908,8.99,0,,,,,22,14.8,ok
TIC 350480893,85.9455,-56.6202,9.0,0,,,,,31,14.9,ok
TIC 260188633,93.2454,-59.5645,9.0,0,,,,,30,15.1,ok
TIC 262577077,116.2187,-65.4821,9.0,0,,,,,22,15.1,ok
TIC 149218497,82.3718,-59.9992,9.0,0,,,,,20,15.5,ok
TIC 93923487,130.6187,-49.7647,9.0,0,,,,,9,13.5,ok
TIC 176935871,100.6076,-68.2685,9.0,0,,,,,27,15.1,ok
TIC 175300427,151.8742,-3.9797,9.0,0,,,,,3,4.9,ok
TIC 167552111,101.0922,-63.7963,9.0,0,,,,,39,15.6,ok
TIC 82470990,124.4823,-42.138,9.0,0,,,,,7,10.8,ok
TIC 149175396,81.566,-61.6936,9.0,0,,,,,38,15.2,ok
TIC 300555859,112.6102,-68.9966,9.0,0,,,,,34,15.3,ok
TIC 220402076,69.7336,-57.9856,9.0,0,,,,,27,15.9,ok
TIC 34626961,147.072,-43.4942,9.0,0,,,,,3,5.0,ok
TIC 150393302,96.9745,-60.5821,9.01,0,,,,,33,15.4,ok
TIC 189479327,143.1819,-28.1057,9.01,0,,,,,2,3.6,ok
TIC 391890749,115.3791,-70.7948,9.01,0,,,,,24,14.8,ok
TIC 41530565,93.7423,-69.1334,9.01,0,,,,,30,15.2,ok
TIC 308842888,122.249,-62.97,9.01,0,,,,,2,3.6,ok
TIC 177257949,101.9491,-74.6418,9.01,0,,,,,33,15.1,ok
TIC 55225335,163.4226,-11.4094,9.01,0,,,,,4,6.5,ok
TIC 31926908,53.7875,-69.7599,9.01,0,,,,,5,7.9,ok
TIC 220438947,74.003,-58.4591,9.01,0,,,,,30,14.9,ok
TIC 150389853,96.6448,-65.7804,9.01,0,,,,,27,15.6,ok
TIC 309698515,79.2858,-62.3906,9.01,0,,,,,20,16.0,ok
TIC 255616848,97.6088,-53.6236,9.01,0,,,,,14,15.4,ok
TIC 430625041,131.3311,-45.9595,9.01,0,,,,,4,6.4,ok
TIC 381976956,77.5464,-57.5867,9.01,0,,,,,32,15.0,ok
TIC 272131069,116.4547,-76.3507,9.01,0,,,,,30,15.2,ok
TIC 400080677,133.5868,-48.4304,9.02,0,,,,,6,9.6,ok
TIC 182319931,123.5398,-36.7409,9.02,0,,,,,1,2.1,ok
TIC 186251079,132.1255,-35.082,9.02,0,,,,,2,3.6,ok
TIC 410061711,161.8657,-11.9028,9.02,0,,,,,2,3.7,ok
TIC 370227488,85.6647,-74.8584,9.02,0,,,,,29,15.0,ok
TIC 140687382,72.9088,-75.9121,9.02,0,,,,,21,15.1,ok
TIC 306739537,120.8633,-70.0542,9.02,0,,,,,19,15.1,ok
TIC 380032452,109.7284,-48.2335,9.02,0,,,,,6,10.2,ok
TIC 349575610,111.9612,-64.3572,9.02,0,,,,,21,15.5,ok
TIC 34946049,164.1662,-4.8027,9.02,0,,,,,5,8.1,ok
TIC 300557107,112.363,-70.7942,9.02,0,,,,,32,15.3,ok
TIC 220431435,73.2146,-57.4572,9.02,0,,,,,20,15.4,ok
TIC 189479494,143.1728,-27.8999,9.02,0,,,,,6,9.5,ok
TIC 357484817,137.459,-62.286,9.02,0,,,,,2,3.8,ok
TIC 75745359,139.3121,-46.275,9.02,0,,,,,8,12.8,ok
TIC 238201491,57.9805,-72.0273,9.02,0,,,,,30,15.7,ok
TIC 275310200,149.8849,2.009,9.02,0,,,,,2,3.7,ok
TIC 422201212,150.9901,-17.276,9.03,0,,,,,2,3.7,ok
TIC 287405060,82.3633,-68.8678,9.03,0,,,,,40,15.5,ok
TIC 141187570,81.677,-76.1957,9.03,0,,,,,31,15.5,ok
TIC 142049025,97.6272,-72.1821,9.03,0,,,,,32,15.1,ok
TIC 257721005,78.3718,-58.1473,9.03,0,,,,,21,15.3,ok
TIC 167249270,97.5092,-70.481,9.03,0,,,,,32,16.1,ok
TIC 33480723,145.2446,-46.5271,9.03,0,,,,,6,10.0,ok
TIC 340700770,116.8196,-57.267,9.03,0,,,,,8,12.3,ok
TIC 168161967,153.3431,-25.1058,9.03,0,,,,,4,6.4,ok
TIC 261332418,92.2403,-77.9185,9.03,0,,,,,26,15.6,ok
TIC 45306890,147.851,-36.2855,9.03,0,,,,,1,2.3,ok
TIC 73117808,153.5921,-41.7473,9.03,0,,,,,3,5.3,ok
TIC 307936094,138.8825,-13.1963,9.04,0,,,,,1,2.3,ok
TIC 22022963,148.0511,-26.5726,9.04,0,,,,,4,6.8,ok
TIC 261399435,94.5761,-78.5293,9.04,0,,,,,34,15.4,ok
TIC 167888770,105.0461,-64.7368,9.04,0,,,,,29,16.2,ok
TIC 76846632,140.9278,-42.4499,9.04,0,,,,,2,3.7,ok
TIC 238018633,103.1089,-52.4572,9.04,0,,,,,18,15.2,ok
TIC 32090960,58.5419,-67.4241,9.04,0,,,,,17,15.1,ok
TIC 455278748,146.9391,4.6104,9.04,0,,,,,7,11.6,ok
TIC 149159039,81.2998,-65.7947,9.04,0,,,,,38,15.4,ok
TIC 358112395,69.8646,-74.7854,9.04,0,,,,,42,14.9,ok
TIC 356696332,135.0986,-63.002,9.04,0,,,,,1,2.3,ok
TIC 41464526,93.2635,-69.3742,9.04,0,,,,,28,15.4,ok
TIC 350297922,83.6771,-58.3007,9.04,0,,,,,33,15.8,ok
TIC 142144969,99.7308,-74.4252,9.04,0,,,,,42,16.1,ok
TIC 149305792,83.2079,-65.6827,9.04,0,,,,,7,11.1,ok
TIC 285621148,130.3975,-44.2502,9.04,0,,,,,1,2.3,ok
TIC 364589064,85.4288,-77.6967,9.04,0,,,,,33,15.3,ok
TIC 141278888,82.9097,-73.6292,9.05,0,,,,,37,16.5,ok
TIC 355356261,109.3536,-51.0395,9.05,0,,,,,9,13.8,ok
TIC 140828663,75.6332,-74.7032,9.05,0,,,,,31,15.4,ok
TIC 24842600,142.3227,-29.9952,9.05,0,,,,,4,6.4,ok
TIC 308403604,120.3809,-60.2312,9.05,0,,,,,7,11.0,ok
TIC 401844323,136.0744,-49.61,9.05,0,,,,,5,8.2,ok
TIC 45598176,148.8278,-38.7628,9.05,0,,37.5,rejete,variabilite_continue;eclipse_secondaire,8,17.0,ok
TIC 179242057,159.0151,-18.5458,9.05,0,,,,,1,2.3,ok
TIC 149933253,89.9134,-65.4468,9.05,0,,,,,20,15.5,ok
TIC 279571543,106.2081,-59.2835,9.05,0,,,,,33,15.8,ok
TIC 149630117,87.4445,-60.8053,9.05,0,,,,,31,16.0,ok
TIC 33974979,146.068,-44.647,9.05,0,,,,,5,8.7,ok
TIC 287402009,82.4949,-67.7403,9.05,1,6.8378,41.0,rejete,variabilite_continue,17,20.0,ok
TIC 141770299,91.859,-76.9262,9.05,0,,,,,21,15.8,ok
TIC 1446262,146.7279,-17.4823,9.05,0,,,,,4,6.5,ok
TIC 344173746,108.4522,-51.3083,9.06,0,,,,,8,12.6,ok
TIC 306931346,122.7069,-71.331,9.06,0,,,,,25,15.5,ok
TIC 33834447,63.7703,-72.9571,9.06,0,,,,,21,15.6,ok
TIC 141627237,89.5477,-76.2367,9.06,0,,,,,20,15.6,ok
TIC 192054779,136.9546,-41.8255,9.06,0,,,,,1,2.1,ok
TIC 279569707,105.968,-57.6291,9.06,0,,122.1,rejete,eclipse_secondaire,28,19.7,ok
TIC 410245196,134.0641,-21.1466,9.06,0,,,,,1,2.2,ok
TIC 55526343,72.4981,-63.1649,9.06,0,,,,,30,16.4,ok
TIC 260503815,96.3771,-55.7572,9.06,0,,,,,32,16.9,ok
TIC 308991822,123.1129,-65.5437,9.06,0,,,,,20,15.6,ok
TIC 300810086,116.813,-69.0302,9.06,0,,23.5,rejete,variabilite_continue,23,20.8,ok
TIC 349830679,113.5802,-62.4155,9.06,0,,,,,32,16.9,ok
TIC 55557836,73.1245,-60.7509,9.06,0,,,,,31,15.5,ok
TIC 238194082,56.5072,-74.0262,9.06,0,,,,,25,17.0,ok
TIC 394356035,43.0547,-80.0317,9.06,0,,,,,1,2.2,ok
TIC 101364728,148.4572,-22.5309,9.06,0,,,,,2,3.6,ok
TIC 60561299,112.9514,-44.5273,9.06,0,,,,,1,2.1,ok
TIC 45309661,147.8553,-38.5178,9.06,0,,,,,5,8.2,ok
TIC 260994536,79.0047,-79.5897,9.06,0,,,,,19,15.7,ok
TIC 260708670,98.552,-58.2911,9.06,0,,,,,3,5.0,ok
TIC 176980774,101.5512,-71.0312,9.07,0,,,,,19,16.4,ok
TIC 231091557,68.9469,-68.2374,9.07,0,,,,,?,1.2,erreur
TIC 37688556,135.706,-25.7142,9.07,0,,,,,4,6.6,ok
TIC 30192406,73.873,-70.2936,9.07,0,,,,,40,15.9,ok
TIC 31962935,55.3736,-69.2706,9.07,0,,,,,29,15.7,ok
TIC 299833107,59.939,-72.2039,9.07,0,,,,,23,15.3,ok
TIC 18078606,136.5212,-31.8439,9.07,0,,,,,1,2.4,ok
TIC 76847753,140.9004,-42.7837,9.07,0,,,,,5,8.0,ok
TIC 350299541,83.9638,-57.279,9.07,0,,,,,21,15.4,ok
TIC 124608700,159.6714,-2.9911,9.07,0,,,,,7,11.1,ok
TIC 306669564,120.5978,-71.6992,9.07,0,,,,,20,15.0,ok
TIC 141911519,94.8355,-75.3947,9.07,0,,,,,43,15.0,ok
TIC 300867814,117.213,-68.3414,9.07,0,,,,,22,15.3,ok
TIC 55651790,73.99,-60.4189,9.07,0,,,,,21,14.8,ok
TIC 392010760,79.8961,-80.8847,9.07,0,,,,,3,5.0,ok
TIC 150166721,93.5047,-61.473,9.07,0,,,,,38,15.1,ok
TIC 238791187,123.5891,-49.9664,9.07,0,,,,,3,5.3,ok
TIC 255685007,98.5789,-52.4167,9.07,0,,,,,1,2.1,ok
TIC 271806633,112.1311,-77.5449,9.07,0,,,,,26,15.3,ok
TIC 167523976,100.6014,-65.7426,9.07,0,,,,,44,15.2,ok
TIC 308455131,120.9721,-63.6988,9.07,0,,,,,10,15.4,ok
TIC 364328234,101.827,-65.5729,9.08,0,,,,,21,15.8,ok
TIC 278990983,101.975,-58.0809,9.08,0,,,,,31,16.1,ok
TIC 177311830,103.7091,-76.2659,9.08,0,,,,,27,15.3,ok
TIC 166973387,94.7036,-69.9918,9.08,0,,,,,38,15.5,ok
TIC 167696090,102.841,-62.6033,9.08,0,,,,,20,16.5,ok
TIC 140938975,76.8919,-73.9935,9.08,0,,,,,42,15.0,ok
TIC 71620179,156.1657,-35.6254,9.08,0,,,,,4,7.2,ok
TIC 167719618,103.0925,-65.0978,9.08,0,,,,,43,15.7,ok
TIC 350563225,86.7776,-55.5672,9.08,0,,,,,28,15.5,ok
TIC 140598179,68.6734,-76.1119,9.08,0,,,,,36,15.8,ok
TIC 56524329,127.1453,-31.2789,9.08,0,,,,,1,2.4,ok
TIC 375033759,99.5137,-60.118,9.09,0,,,,,31,15.2,ok
TIC 272284732,118.1128,-76.2483,9.09,0,,,,,20,15.2,ok
TIC 167343976,98.708,-69.7782,9.09,0,,,,,29,15.7,ok
TIC 149574542,86.7113,-63.2719,9.09,0,,,,,26,15.1,ok
TIC 339767830,111.1386,-55.9415,9.09,0,,,,,15,15.0,ok
TIC 279571361,106.1545,-59.5769,9.09,0,,,,,22,15.4,ok
TIC 150270977,94.7111,-65.1135,9.09,0,,,,,34,15.2,ok
TIC 349972600,114.4733,-62.3051,9.09,0,,53.2,rejete,variabilite_continue;eclipse_secondaire,31,20.6,ok
TIC 149601768,87.1372,-61.0352,9.09,0,,,,,29,14.9,ok
TIC 286852895,150.5085,-38.6875,9.09,0,,,,,4,6.5,ok
TIC 278898692,101.1421,-58.8665,9.09,0,,,,,31,15.9,ok
TIC 289669322,146.0662,-14.794,9.09,0,,,,,3,4.8,ok
TIC 309066745,123.6054,-61.6594,9.09,0,,,,,8,12.4,ok
TIC 391948057,107.9124,-76.1922,9.09,0,,,,,33,14.9,ok
TIC 300383439,111.3738,-69.3716,9.09,0,,,,,21,15.4,ok
TIC 764986356,112.3975,-68.156,9.09,0,,,,,6,9.3,ok
TIC 38570985,63.1583,-64.2549,9.09,0,,,,,22,15.3,ok
TIC 118076526,128.1103,-57.39,9.1,0,,,,,5,8.1,ok
TIC 279215865,103.4977,-55.78,9.1,0,,,,,25,15.3,ok
TIC 300809119,116.6858,-67.75,9.1,0,,,,,32,15.5,ok
TIC 271696207,110.1583,-72.5942,9.1,0,,,,,31,15.3,ok
TIC 293269165,98.6631,-64.8683,9.1,0,,,,,29,15.2,ok
TIC 300038935,107.8437,-68.8332,9.1,0,,,,,43,15.4,ok
TIC 41112771,90.9365,-68.5271,9.1,0,,,,,26,15.3,ok
TIC 140858140,76.0782,-76.3589,9.1,0,,,,,30,15.0,ok
TIC 349928361,109.2141,-51.5988,9.1,0,,,,,11,15.3,ok
TIC 310126626,127.3732,-61.1097,9.1,0,,,,,2,3.9,ok
TIC 11521555,146.4472,-25.4578,9.1,0,,25.2,rejete,variabilite_continue;eclipse_secondaire,4,9.1,ok
TIC 391925508,107.5988,-76.1827,9.1,0,,,,,21,15.1,ok
TIC 410297323,134.19,-23.1941,9.1,0,,,,,1,2.1,ok
TIC 278684745,99.2466,-56.258,9.1,0,,,,,25,15.3,ok
TIC 357198478,136.5583,-60.3359,9.1,0,,,,,6,9.5,ok
TIC 53188775,166.3122,-4.3013,9.1,0,,,,,1,2.3,ok
TIC 140894185,76.5113,-73.5008,9.1,0,,,,,30,15.4,ok
TIC 307716123,127.8322,-68.0238,9.1,0,,,,,20,15.7,ok
TIC 423391000,157.1614,-21.5336,9.11,0,,,,,5,8.3,ok
TIC 150030205,90.9847,-60.6663,9.11,1,4.5115,17.1,rejete,variabilite_continue,44,19.9,ok
TIC 238165982,106.4176,-52.5675,9.11,0,,,,,10,15.4,ok
TIC 150360599,96.4015,-62.1675,9.11,0,,105.1,rejete,variabilite_continue;eclipse_secondaire,30,19.5,ok
TIC 30385470,134.05,-45.7377,9.11,0,,,,,1,3.4,ok
TIC 141607972,88.6923,-73.7487,9.11,0,,,,,33,15.3,ok
TIC 126486580,136.5779,-48.6285,9.11,0,,99.5,rejete,variabilite_continue;eclipse_secondaire,6,12.7,ok
TIC 272188493,116.6341,-73.1243,9.11,0,,,,,42,15.8,ok
TIC 349972562,114.5771,-62.2575,9.11,0,,,,,20,15.4,ok
TIC 31943231,54.3146,-70.5458,9.11,0,,,,,22,15.5,ok
TIC 260304296,94.6155,-57.0135,9.11,0,,246.4,rejete,variabilite_continue;eclipse_secondaire,30,20.1,ok
TIC 26164968,152.1987,-7.6185,9.11,0,,,,,1,2.4,ok
TIC 140632571,71.8292,-72.447,9.11,0,,,,,32,15.6,ok
TIC 167795079,104.4052,-63.0709,9.11,0,,,,,41,15.0,ok
TIC 310540592,128.9014,-64.0845,9.12,0,,,,,1,2.2,ok
TIC 425086349,82.9997,-66.3552,9.12,0,,,,,19,15.1,ok
TIC 269854349,69.9034,-80.6857,9.12,0,,,,,16,15.2,ok
TIC 149539158,86.0186,-59.9461,9.12,0,,,,,40,14.9,ok
TIC 77240114,141.4381,-45.2336,9.12,0,,,,,7,11.5,ok
TIC 294153481,107.8008,-58.0152,9.12,0,,,,,33,15.3,ok
TIC 78193357,148.2774,-3.7478,9.12,0,,,,,1,2.8,ok
TIC 54959262,159.914,-6.9245,9.12,0,,,,,4,6.7,ok
TIC 148560541,164.3896,-11.6401,9.12,0,,,,,4,6.3,ok
TIC 73385238,154.3318,-36.3404,9.12,0,,,,,3,5.2,ok
TIC 382030592,78.6982,-56.7583,9.12,0,,,,,33,15.4,ok
TIC 220421985,72.017,-58.7313,9.12,0,,,,,32,14.8,ok
TIC 150064238,91.548,-61.4384,9.12,0,,,,,32,15.2,ok
TIC 1008761,165.9474,-2.1769,9.12,0,,,,,3,5.3,ok
TIC 268435822,116.87,-51.1821,9.12,0,,,,,7,10.8,ok
TIC 55454149,70.8526,-63.1627,9.12,0,,,,,30,14.7,ok
TIC 141625486,89.3765,-73.7647,9.12,0,,,,,38,15.0,ok
TIC 373846934,81.3606,-66.1027,9.12,0,,,,,27,15.2,ok
TIC 220474789,75.4917,-57.629,9.12,0,,,,,21,15.2,ok
TIC 184351709,127.0517,-41.8345,9.12,0,,,,,6,9.3,ok
TIC 453099697,116.1598,-69.3991,9.12,0,,,,,34,15.4,ok
TIC 300290097,110.1681,-70.3152,9.13,0,,,,,39,15.5,ok
TIC 142082642,98.3845,-72.3231,9.13,0,,,,,32,15.5,ok
TIC 447933173,135.7008,-46.9635,9.13,0,,,,,7,10.9,ok
TIC 307923809,129.0264,-67.8637,9.13,0,,,,,1,2.3,ok
TIC 407621267,69.4621,-77.0808,9.13,0,,,,,34,15.5,ok
TIC 385225408,137.6525,-57.5302,9.13,0,,,,,4,6.8,ok
TIC 344859480,150.6839,3.0604,9.13,0,,,,,1,2.1,ok
TIC 101534291,150.2859,-30.3856,9.13,1,1.7356,16.8,rejete,variabilite_continue;eclipse_secondaire,5,11.1,ok
TIC 293218068,66.8266,-57.9578,9.13,0,,,,,22,16.2,ok
TIC 350842552,89.8578,-59.1984,9.13,0,,,,,43,15.4,ok
TIC 55399514,70.3284,-64.4728,9.13,0,,20.9,rejete,variabilite_continue;eclipse_secondaire,20,19.5,ok
TIC 186890165,134.0081,-31.3203,9.13,0,,,,,2,3.9,ok
TIC 291471120,111.6033,-52.5484,9.13,0,,,,,8,13.1,ok
TIC 179507124,80.2237,-69.2596,9.13,0,,,,,10,16.7,ok
TIC 149914697,88.0304,-65.5713,9.13,0,,,,,21,15.6,ok
TIC 350091456,115.0962,-61.2043,9.13,0,,,,,28,15.1,ok
TIC 349275562,109.4547,-65.214,9.13,0,,,,,34,15.7,ok
TIC 423444069,157.6942,-20.1045,9.13,0,,,,,4,7.0,ok
TIC 77644776,154.0721,-0.6416,9.13,0,,,,,6,9.6,ok
TIC 349152048,108.051,-61.2718,9.13,0,,,,,32,15.7,ok
TIC 293547742,139.1989,-49.3005,9.13,0,,,,,2,3.7,ok
TIC 1339767,138.0107,-16.145,9.13,0,,,,,1,2.0,ok
TIC 140760164,74.2529,-74.5837,9.14,0,,,,,22,15.2,ok
TIC 140598542,68.8788,-77.3533,9.14,0,,,,,26,15.1,ok
TIC 262610450,116.2877,-61.3474,9.14,0,,,,,26,15.1,ok
TIC 123876543,116.1938,-46.2341,9.14,0,,,,,5,8.1,ok
TIC 142148289,100.0531,-74.5562,9.14,0,,,,,31,14.9,ok
TIC 142086091,98.6011,-77.1208,9.14,0,,,,,41,15.7,ok
TIC 364425576,69.5675,-72.3699,9.14,0,,61.8,rejete,variabilite_continue;eclipse_secondaire,34,20.2,ok
TIC 382572066,118.2553,-65.2761,9.14,0,,,,,20,15.5,ok
TIC 55525781,72.6707,-61.5223,9.15,0,,,,,37,15.2,ok
TIC 167754523,104.1817,-60.6886,9.15,1,3.4006,11.0,rejete,variabilite_continue;eclipse_secondaire,21,20.4,ok
TIC 150249384,94.3297,-61.6418,9.15,0,,,,,20,15.4,ok
TIC 150390543,96.713,-64.4618,9.15,0,,,,,28,16.0,ok
TIC 300510927,112.3601,-69.4551,9.15,0,,,,,33,14.8,ok
TIC 260608940,97.52,-56.749,9.15,0,,,,,21,15.5,ok
TIC 1008989,165.961,-3.5036,9.15,0,,,,,2,3.6,ok
TIC 26119570,151.7204,-9.7022,9.15,0,,,,,1,2.3,ok
TIC 141484981,87.2926,-73.616,9.15,0,,148.0,rejete,variabilite_continue;eclipse_secondaire,20,22.9,ok
TIC 349092320,107.835,-61.8286,9.15,0,,,,,28,15.4,ok
TIC 134522557,122.3693,-38.8581,9.15,0,,,,,8,12.4,ok
TIC 176960818,101.1796,-70.9705,9.15,0,,,,,30,15.6,ok
TIC 279614617,106.3013,-57.5706,9.15,0,,,,,36,15.2,ok
TIC 270424782,95.5731,-79.6308,9.15,0,,,,,21,14.8,ok
TIC 349834497,113.7467,-64.8067,9.16,0,,,,,23,15.0,ok
TIC 408440341,161.6313,-18.0483,9.16,0,,,,,1,2.1,ok
TIC 260188017,92.8602,-58.9814,9.16,0,,,,,40,15.6,ok
TIC 167201721,97.1282,-68.0239,9.16,0,,,,,24,14.9,ok
TIC 220401171,69.4714,-58.4417,9.16,0,,,,,27,15.6,ok
TIC 356242557,138.5248,-51.6629,9.16,0,,,,,1,2.7,ok
TIC 260299812,94.4319,-55.5882,9.16,0,,,,,33,15.5,ok
TIC 349833420,113.5674,-65.6909,9.16,0,,,,,21,15.2,ok
TIC 140861548,76.2388,-72.5026,9.16,0,,,,,30,15.1,ok
TIC 370226095,85.4683,-73.426,9.16,0,,,,,31,15.4,ok
TIC 293680998,139.3797,-52.8387,9.16,0,,58.2,rejete,variabilite_continue;eclipse_secondaire,8,17.3,ok
TIC 293272915,98.7866,-60.4497,9.16,0,,,,,39,15.7,ok
TIC 75214196,138.7612,-46.8044,9.16,0,,,,,6,10.7,ok
TIC 991098,165.5124,-3.4876,9.16,0,,,,,1,2.4,ok
TIC 445330462,112.0915,-49.1435,9.16,0,,,,,7,11.2,ok
TIC 38457604,138.2005,-29.2842,9.17,0,,,,,1,2.2,ok
TIC 410486078,119.8501,-63.5534,9.17,0,,,,,21,15.4,ok
TIC 279051829,102.2294,-56.5796,9.17,0,,,,,32,15.1,ok
TIC 118910681,135.2136,-22.9068,9.17,0,,,,,4,6.6,ok
TIC 140688867,72.9817,-73.7183,9.17,0,,,,,21,15.5,ok
TIC 293225109,98.4889,-60.2785,9.17,0,,,,,33,15.1,ok
TIC 31506424,88.9668,-71.9057,9.17,0,,,,,38,16.9,ok
TIC 270474754,97.377,-78.8155,9.17,0,,,,,27,15.2,ok
TIC 385206853,154.1615,-15.8684,9.17,0,,,,,5,8.0,ok
TIC 25064731,59.9243,-66.6278,9.17,0,,,,,23,15.5,ok
TIC 277301232,84.3583,-68.729,9.17,0,,,,,25,14.9,ok
TIC 62905053,167.4335,-2.995,9.17,0,,,,,3,4.8,ok
TIC 370227982,85.7864,-75.5298,9.17,0,,,,,33,15.7,ok
TIC 150104808,92.2798,-63.9606,9.17,0,,,,,34,15.2,ok
TIC 350146296,115.7396,-63.7019,9.17,0,,,,,40,15.5,ok
TIC 394678864,54.1295,-78.4943,9.17,0,,,,,4,6.4,ok
TIC 358710635,72.3518,-62.2839,9.17,0,,,,,21,15.9,ok
TIC 386562756,159.136,-15.2164,9.17,0,,,,,3,5.1,ok
TIC 260161144,92.7851,-58.2875,9.17,0,,,,,40,15.3,ok
TIC 220411010,70.7359,-58.3237,9.17,0,,,,,20,15.2,ok
TIC 150062527,91.1763,-62.1264,9.17,0,,,,,38,15.5,ok
TIC 350840554,89.8403,-54.871,9.17,0,,,,,30,16.2,ok
TIC 350622878,87.6123,-55.2888,9.17,0,,,,,20,15.3,ok
TIC 260128069,92.0428,-58.9681,9.17,0,,,,,33,15.1,ok
TIC 193024473,155.7456,-29.8082,9.17,0,,,,,5,8.1,ok
TIC 139369436,67.2279,-66.9482,9.18,0,,,,,21,15.0,ok
TIC 149302086,83.1876,-60.7236,9.18,0,,,,,20,15.3,ok
TIC 149498198,85.7583,-60.8681,9.18,0,,,,,21,15.2,ok
TIC 319467760,100.3721,-52.8389,9.18,0,,,,,1,2.1,ok
TIC 33300926,149.7336,-9.2917,9.18,0,,,,,2,3.6,ok
TIC 268123993,116.0377,-52.7863,9.18,0,,,,,7,11.1,ok
TIC 257720801,78.2479,-58.689,9.18,0,,,,,32,15.4,ok
TIC 55093477,161.7069,-11.7813,9.18,0,,,,,4,6.5,ok
TIC 167570500,101.3282,-63.3354,9.18,0,,,,,32,15.1,ok
TIC 167011368,95.1002,-67.9455,9.18,0,,,,,30,15.4,ok
TIC 1342846,131.4899,-29.1501,9.18,0,,,,,2,4.0,ok
TIC 220411510,70.8837,-59.6859,9.18,0,,,,,31,15.7,ok
TIC 260075733,91.6574,-58.7835,9.18,0,,,,,34,15.5,ok
TIC 1230105,137.378,-16.4328,9.18,0,,,,,2,3.7,ok
TIC 123940627,116.517,-47.0072,9.18,0,,,,,4,6.9,ok
TIC 150272277,94.7878,-62.7044,9.18,0,,,,,31,15.8,ok
TIC 71036115,153.1222,-32.2158,9.18,0,,,,,1,2.2,ok
TIC 143333105,117.5808,-44.5121,9.19,0,,,,,6,9.8,ok
TIC 177386428,104.6333,-72.0753,9.19,0,,,,,32,15.5,ok
TIC 149423652,84.4659,-60.6442,9.19,0,,,,,33,14.9,ok
TIC 231094769,69.3695,-71.7555,9.19,0,,,,,39,15.0,ok
TIC 359740883,140.8954,-61.1932,9.19,0,,,,,7,11.5,ok
TIC 38461883,61.3487,-65.7907,9.19,0,,,,,21,15.9,ok
TIC 41486474,93.4427,-67.5523,9.19,0,,,,,7,10.8,ok
TIC 167752123,103.8092,-63.2496,9.19,0,,,,,33,15.5,ok
TIC 31532870,89.6143,-71.3708,9.19,0,,,,,22,15.9,ok
TIC 38908399,69.6056,-65.4072,9.19,0,,,,,28,15.5,ok
TIC 358510446,119.0929,-64.0125,9.19,0,,,,,28,15.2,ok
TIC 307218185,124.7239,-67.6914,9.19,0,,,,,19,15.1,ok
TIC 315098995,145.3931,-29.3737,9.2,0,,,,,5,8.0,ok
TIC 306470921,118.6065,-68.1477,9.2,0,,,,,21,15.3,ok
TIC 296859282,158.2692,-15.8181,9.2,0,,,,,4,6.7,ok
TIC 267678943,114.6252,-53.8698,9.2,0,,,,,9,13.9,ok
TIC 334695191,157.3566,-14.2623,9.2,0,,,,,5,8.2,ok
TIC 167892588,105.3548,-60.7618,9.2,0,,,,,21,15.1,ok
TIC 364588501,85.4035,-76.0721,9.2,0,,,,,43,16.1,ok
TIC 455305712,147.7333,3.0724,9.2,0,,,,,1,2.2,ok
TIC 238768324,123.4221,-50.7816,9.2,0,,,,,4,6.4,ok
TIC 294257082,156.9051,-20.4532,9.2,0,,,,,5,8.4,ok
TIC 296737508,142.1793,-14.6865,9.2,0,,,,,5,7.9,ok
TIC 141123013,80.2752,-74.5017,9.2,0,,,,,20,15.5,ok
TIC 229858964,138.3832,-23.8285,9.2,0,,,,,1,2.4,ok
TIC 38600988,64.3781,-65.0781,9.21,0,,,,,21,15.6,ok
TIC 150513194,97.9235,-64.7102,9.21,0,,,,,28,15.4,ok
TIC 193027263,155.6398,-24.9519,9.21,0,,,,,4,6.6,ok
TIC 192516518,137.9779,-38.2406,9.21,0,,,,,2,4.1,ok
TIC 350480377,85.9827,-57.7609,9.21,0,,,,,21,15.2,ok
TIC 269730326,63.5068,-78.9078,9.21,0,,,,,19,16.3,ok
TIC 81350641,123.0594,-46.149,9.21,0,,,,,5,9.0,ok
TIC 306511559,119.1625,-68.0804,9.21,0,,,,,29,16.3,ok
TIC 453051982,145.1885,0.5005,9.21,0,,11.1,rejete,variabilite_continue;eclipse_secondaire;compagnon_trop_gros_2.5Rjup,4,9.5,ok
TIC 140941153,77.1322,-72.2567,9.21,0,,,,,42,15.3,ok
TIC 145883532,132.9317,-52.5083,9.21,0,,,,,3,5.3,ok
TIC 348956945,106.3854,-61.8058,9.21,0,,,,,31,15.7,ok
TIC 55272819,76.4808,-63.5894,9.21,0,,,,,41,15.9,ok
TIC 25132694,61.9839,-70.2252,9.21,0,,,,,34,15.7,ok
TIC 55603501,73.2685,-61.8918,9.21,0,,,,,36,15.3,ok
TIC 279356535,104.6028,-56.7781,9.21,0,,,,,19,15.7,ok
TIC 141757230,91.4447,-73.7008,9.21,0,,,,,21,16.0,ok
TIC 8004087,157.5858,-3.2391,9.21,0,,,,,4,6.6,ok
TIC 76493270,140.415,-45.8695,9.21,0,,,,,6,9.8,ok
TIC 382098944,79.9035,-58.8981,9.22,0,,,,,32,15.7,ok
TIC 193159691,157.3438,-26.2947,9.22,0,,,,,2,3.6,ok
TIC 142144162,99.8512,-73.0035,9.22,0,,,,,34,15.1,ok
TIC 149174106,81.646,-63.6924,9.22,0,,,,,33,15.2,ok
TIC 36822088,155.3342,-10.2383,9.22,0,,,,,3,5.0,ok
TIC 24972851,142.7148,-32.5727,9.22,0,,26.2,rejete,eclipse_secondaire;compagnon_trop_gros_3.9Rjup,4,10.4,ok
TIC 294257130,156.8777,-20.3148,9.22,0,,,,,3,5.3,ok
TIC 32065016,137.0666,-47.0081,9.22,0,,,,,3,5.2,ok
TIC 334805282,157.9135,-11.9983,9.22,0,,,,,3,4.9,ok
TIC 55110023,162.4325,-11.1105,9.22,0,,,,,5,7.9,ok
TIC 300708192,114.7994,-69.9469,9.23,0,,,,,30,15.4,ok
TIC 238128978,105.7667,-49.1548,9.23,0,,,,,4,6.6,ok
TIC 101110749,152.6307,-15.625,9.23,0,,,,,5,8.5,ok
TIC 177037750,103.1116,-66.375,9.23,0,,,,,20,15.9,ok
TIC 423324389,140.9675,-19.3274,9.23,0,,,,,2,3.5,ok
TIC 77611913,153.1483,-0.977,9.23,0,,,,,4,7.6,ok
TIC 38827175,68.1215,-60.3118,9.23,0,,,,,42,17.4,ok
TIC 271724675,110.7898,-73.0245,9.23,0,,,,,21,16.7,ok
TIC 307494078,126.4328,-69.0404,9.23,0,,,,,?,1.0,erreur
TIC 349274728,109.2227,-65.3854,9.23,0,,,,,21,16.4,ok
TIC 177258265,102.1496,-74.1066,9.23,0,,,,,21,15.6,ok
TIC 141435818,84.7246,-76.3025,9.23,0,,,,,33,15.9,ok
TIC 349061746,107.504,-60.834,9.23,0,,,,,21,15.4,ok
TIC 149497522,85.5025,-60.7824,9.24,0,,,,,41,15.7,ok
TIC 300292124,110.4137,-70.2625,9.24,0,,,,,21,15.5,ok
TIC 309714906,126.0248,-63.5672,9.24,0,,,,,14,15.3,ok
TIC 453048088,144.9012,3.6792,9.24,0,,,,,2,3.9,ok
TIC 370225925,85.6831,-73.2649,9.24,0,,,,,40,16.4,ok
TIC 382572536,118.3122,-64.6983,9.24,0,,,,,24,15.2,ok
TIC 455279693,146.9093,0.224,9.24,0,,,,,1,2.2,ok
TIC 1338828,137.95,-14.4308,9.24,0,,,,,2,3.6,ok
TIC 93723398,130.3873,-48.0251,9.24,0,,,,,6,8.6,ok
TIC 41256240,91.9358,-69.3444,9.24,0,,,,,27,10.7,ok
TIC 30569481,134.4749,-43.1535,9.24,0,,,,,5,10.1,ok
TIC 167524928,100.5502,-63.717,9.24,0,,,,,32,14.5,ok
TIC 291554175,111.6757,-48.7893,9.24,0,,,,,4,9.9,ok
TIC 364393429,116.5931,-64.0555,9.24,0,,,,,42,12.5,ok
TIC 391927730,108.171,-72.0029,9.24,0,,,,,34,11.8,ok
TIC 55368519,77.2433,-60.1762,9.24,0,,,,,21,11.6,ok
TIC 101414841,148.826,-23.1892,9.24,0,,,,,1,3.7,ok
TIC 36717834,150.7645,-43.6221,9.24,0,,,,,7,11.0,ok
TIC 101224405,155.5965,-17.4973,9.24,0,,,,,5,5.8,ok
TIC 391925156,107.6106,-77.0278,9.25,0,,,,,32,9.5,ok
TIC 45962684,131.5983,-56.7666,9.25,0,,,,,5,9.2,ok
TIC 167695253,102.9305,-64.0299,9.25,0,,,,,28,11.1,ok
TIC 294326461,108.7943,-57.4877,9.25,0,,,,,27,11.1,ok
TIC 271807631,111.868,-75.7528,9.25,0,,,,,32,9.8,ok
TIC 119054770,135.7872,-21.0937,9.25,0,,,,,5,6.4,ok
TIC 150429481,96.9917,-63.1898,9.25,0,,,,,40,9.9,ok
TIC 308821815,151.9265,-15.1154,9.25,0,,,,,5,7.1,ok
TIC 350183722,115.7102,-60.7413,9.25,0,,,,,15,10.5,ok
TIC 306829151,122.1114,-67.7667,9.25,0,,,,,24,16.0,ok
TIC 150430837,97.2143,-60.5344,9.25,0,,,,,34,9.8,ok
TIC 279160488,103.3414,-58.3556,9.25,0,,,,,40,9.7,ok
TIC 286352720,124.1612,-48.4364,9.26,0,,,,,8,8.5,ok
TIC 30533103,74.9298,-70.1108,9.26,0,,,,,31,12.0,ok
TIC 167122528,96.0798,-66.9773,9.26,0,,,,,7,10.5,ok
TIC 279055830,102.4878,-56.6081,9.26,0,,,,,34,11.8,ok
TIC 29598925,133.368,-47.5187,9.26,0,,,,,6,7.7,ok
TIC 140644000,128.2879,-45.1814,9.26,0,,,,,4,5.2,ok
TIC 364394197,116.4258,-63.1154,9.26,0,,,,,4,6.1,ok
TIC 32153468,59.7495,-71.5985,9.26,0,,,,,32,14.8,ok
TIC 183807953,126.2412,-38.3064,9.26,0,,,,,1,16.1,ok
TIC 62731568,145.0598,-2.5316,9.26,0,,,,,5,6.6,ok
TIC 149269178,82.8643,-64.0948,9.26,0,,,,,43,12.3,ok
TIC 339891905,111.9837,-59.3925,9.26,0,,,,,27,12.0,ok
TIC 350764481,89.0109,-57.0637,9.26,0,,29.7,rejete,variabilite_continue;eclipse_secondaire,20,19.7,ok
TIC 441530251,145.3566,-57.256,9.26,0,,,,,4,6.1,ok
TIC 404967301,85.3654,-69.801,9.26,0,,,,,38,17.2,ok
TIC 272316843,118.663,-75.1288,9.26,0,,,,,24,10.6,ok
TIC 55527351,72.6208,-65.1833,9.26,0,,,,,8,8.5,ok
TIC 349765842,112.7839,-62.211,9.26,0,,,,,20,9.3,ok
TIC 55369219,77.5086,-61.5997,9.26,0,,121.7,rejete,eclipse_secondaire,30,15.0,ok
TIC 167604719,102.1269,-62.2012,9.26,0,,,,,22,9.7,ok
TIC 386568590,139.5833,-57.568,9.27,0,,,,,3,6.0,ok
TIC 55849446,75.7339,-60.6785,9.27,0,,,,,34,9.7,ok
TIC 404850274,85.0507,-69.668,9.27,0,,,,,28,10.4,ok
TIC 348899659,105.9774,-60.2239,9.27,0,,,,,29,10.4,ok
TIC 238190767,55.6184,-76.1797,9.27,0,,,,,12,10.8,ok
TIC 140529555,67.5075,-73.4116,9.27,0,,,,,32,11.8,ok
TIC 149573096,86.6983,-60.3283,9.27,0,,,,,30,11.4,ok
TIC 349576089,111.8116,-63.7291,9.27,0,,,,,30,9.8,ok
TIC 300138689,108.5748,-69.867,9.27,0,,,,,40,11.2,ok
TIC 220457739,74.5663,-58.7087,9.27,0,,,,,33,11.3,ok
TIC 350562128,86.7445,-58.1198,9.27,0,,,,,28,9.4,ok
TIC 350030187,114.7658,-61.4175,9.27,0,,,,,32,9.9,ok
TIC 279570447,105.944,-58.8382,9.27,0,,,,,40,9.6,ok
TIC 280206394,144.1193,-50.463,9.27,0,,,,,8,9.8,ok
TIC 362808488,145.551,-51.0526,9.27,0,,,,,6,8.3,ok
TIC 300244634,109.8149,-67.3831,9.27,0,,,,,21,20.4,ok
TIC 150105350,92.2907,-63.0189,9.27,0,,,,,39,11.4,ok
TIC 55511463,126.0681,-33.4787,9.27,1,1.2658,102.9,rejete,variabilite_continue,4,10.6,ok
TIC 374996363,99.3284,-63.8667,9.27,0,,,,,41,11.6,ok
TIC 55293484,76.6056,-63.3831,9.27,0,,,,,12,12.8,ok
TIC 41484615,93.554,-69.0287,9.27,0,,,,,31,14.5,ok
TIC 150443296,97.835,-63.7118,9.28,0,,,,,30,11.9,ok
TIC 5095070,142.2731,-38.7839,9.28,0,,,,,6,9.2,ok
TIC 278992674,102.0966,-55.2032,9.28,0,,,,,23,12.2,ok
TIC 47427328,165.1581,-2.0009,9.28,0,,,,,1,3.9,ok
TIC 278683844,99.2387,-58.0167,9.28,2,5.5412;10.6926,55.6,rejete,variabilite_continue,44,22.9,ok
TIC 294750180,71.0432,-70.3239,9.28,0,,,,,28,11.0,ok
TIC 220389296,67.9828,-59.875,9.28,0,,,,,41,12.1,ok
TIC 61004795,140.79,-8.6148,9.28,0,,,,,2,7.4,ok
TIC 388130597,65.4679,-68.4524,9.28,0,,,,,33,13.2,ok
TIC 350479101,85.7945,-59.1447,9.28,0,,36.0,rejete,variabilite_continue,28,16.4,ok
TIC 150150095,92.961,-65.0479,9.28,0,,,,,22,10.6,ok
TIC 307087370,123.6635,-66.2702,9.28,0,,,,,4,6.2,ok
TIC 294208879,108.1829,-56.897,9.28,0,,,,,27,9.8,ok
TIC 286543741,124.674,-48.9113,9.28,0,,,,,4,4.5,ok
TIC 300159082,109.001,-70.0347,9.29,0,,,,,31,9.8,ok
TIC 177173686,104.7938,-71.6889,9.29,0,,,,,30,9.8,ok
TIC 257720376,78.2865,-59.9832,9.29,0,,,,,34,9.8,ok
TIC 140309502,127.7229,-44.9759,9.29,1,4.6507,82.9,rejete,variabilite_continue,6,11.7,ok
TIC 350442619,85.3387,-55.5358,9.29,0,,,,,32,11.2,ok
TIC 348841745,98.8952,-58.2117,9.29,0,,,,,33,10.6,ok
TIC 425068767,83.1196,-69.2187,9.29,0,,,,,30,13.0,ok
TIC 306631299,119.6766,-68.8792,9.29,0,,,,,20,10.5,ok
TIC 80649214,121.8654,-42.2641,9.29,0,,,,,2,4.0,ok
TIC 142087340,98.4251,-74.7009,9.29,0,,,,,41,11.4,ok
TIC 373843125,81.6108,-67.8244,9.29,0,,,,,30,14.2,ok
TIC 190785296,133.7702,-41.7237,9.29,0,,,,,1,3.1,ok
TIC 277103955,84.2542,-66.7905,9.29,1,1.3093,29.4,rejete,variabilite_continue,26,15.3,ok
TIC 150100627,91.9152,-61.6959,9.29,0,,,,,28,10.6,ok
TIC 314824949,52.3355,-77.458,9.29,0,,,,,19,13.3,ok
TIC 73009948,153.3801,-38.5639,9.3,0,,,,,6,10.7,ok
TIC 299940268,106.3911,-68.3929,9.3,0,,,,,30,10.9,ok
TIC 25132222,62.0004,-68.3614,9.3,0,,,,,34,10.3,ok
TIC 358467700,119.0944,-61.2838,9.3,0,,,,,19,10.7,ok
TIC 391948885,79.6345,-78.2198,9.3,0,,,,,32,10.0,ok
TIC 167206326,97.198,-69.9918,9.3,0,,,,,27,10.6,ok
TIC 349966274,114.3662,-64.2553,9.3,0,,,,,21,13.4,ok
TIC 150144933,92.8608,-60.3298,9.3,0,,,,,27,26.4,ok
TIC 307031171,123.1814,-68.3576,9.3,0,,,,,29,12.5,ok
TIC 19272162,139.1223,-34.7707,9.3,0,,,,,2,7.0,ok
TIC 358402977,78.103,-57.3247,9.3,0,,,,,20,13.1,ok
TIC 418100733,146.2697,-20.964,9.3,0,,,,,5,7.2,ok
TIC 32051273,56.9251,-71.5873,9.3,0,,,,,25,12.7,ok
TIC 350146388,115.662,-63.6037,9.3,0,,,,,45,12.9,ok
TIC 271793579,111.3177,-77.4479,9.3,0,,,,,26,10.8,ok
TIC 349677222,112.4001,-63.9466,9.3,0,,,,,21,9.7,ok
TIC 231739221,67.178,-74.3255,9.3,0,,,,,20,13.9,ok
TIC 382257632,82.4501,-56.2224,9.3,0,,,,,34,10.0,ok
TIC 238226832,58.862,-72.3416,9.3,0,,,,,28,13.5,ok
TIC 38469934,62.0061,-63.3337,9.3,0,,,,,21,12.7,ok
TIC 55064092,161.5404,-6.287,9.3,0,,,,,4,8.9,ok
TIC 348839788,98.8426,-57.6261,9.3,0,,84.3,rejete,variabilite_continue;eclipse_secondaire,44,17.8,ok
TIC 149473467,85.2703,-61.8579,9.3,0,,,,,40,12.5,ok
TIC 410092126,162.5351,-15.2436,9.3,0,,,,,4,6.9,ok
TIC 36841966,156.0743,-9.8604,9.31,0,,,,,4,6.2,ok
TIC 279217116,103.4228,-57.6962,9.31,0,,,,,20,11.6,ok
TIC 238201672,58.1314,-72.3184,9.31,0,,,,,26,11.5,ok
TIC 382437043,117.2148,-63.7201,9.31,0,,,,,40,10.9,ok
TIC 38824311,67.9066,-64.3371,9.31,0,,,,,34,10.8,ok
TIC 281575623,114.1982,-59.5935,9.31,0,,,,,23,11.7,ok
TIC 286156790,123.8287,-49.2231,9.31,0,,28.8,rejete,variabilite_continue;eclipse_secondaire,8,15.5,ok
TIC 140635111,72.0019,-75.7821,9.31,1,6.3911,14.4,rejete,variabilite_continue;eclipse_secondaire,23,17.2,ok
TIC 177253202,101.718,-72.5775,9.31,0,,,,,21,9.4,ok
TIC 150187908,93.7671,-62.2961,9.31,0,,,,,29,10.3,ok
TIC 375038081,99.6522,-63.5498,9.31,0,,,,,31,10.1,ok
TIC 72606000,151.8087,-41.0425,9.31,0,,,,,4,8.4,ok
TIC 404933493,85.335,-69.0853,9.31,0,,,,,38,11.6,ok
TIC 220478211,75.829,-58.5175,9.31,0,,,,,32,13.7,ok
TIC 410066548,162.3307,-16.51,9.32,0,,,,,3,7.1,ok
TIC 300324030,110.4916,-67.0342,9.32,0,,,,,26,11.5,ok
TIC 220404759,69.8615,-59.9051,9.32,0,,,,,41,13.8,ok
TIC 432183286,153.7468,-23.4073,9.32,0,,,,,1,3.6,ok
TIC 167892638,105.3708,-60.6906,9.32,0,,,,,21,9.8,ok
TIC 300708584,114.8816,-70.4455,9.32,0,,,,,30,10.2,ok
TIC 198051539,62.9819,-58.0296,9.32,0,,,,,15,10.8,ok
TIC 238124302,105.6451,-51.4637,9.32,0,,,,,8,8.7,ok
TIC 295319995,140.8222,-50.2298,9.32,0,,,,,4,7.0,ok
TIC 148563075,164.6186,-10.7704,9.32,0,,,,,3,6.3,ok
TIC 272468689,120.4408,-72.0518,9.32,0,,,,,19,11.8,ok
TIC 177389261,104.8306,-76.7085,9.32,0,,,,,24,11.4,ok
TIC 38461594,61.0896,-65.2538,9.32,0,,,,,33,10.7,ok
TIC 278862750,100.5879,-58.1833,9.33,0,,,,,32,9.8,ok
TIC 55662550,74.3005,-63.1296,9.33,0,,,,,42,11.7,ok
TIC 167813804,105.2163,-60.0276,9.33,0,,,,,33,9.6,ok
TIC 278824412,100.3942,-58.7791,9.33,0,,,,,33,10.4,ok
TIC 356073087,138.299,-50.1071,9.33,0,,,,,4,5.1,ok
TIC 260003140,91.0321,-58.2008,9.33,0,,,,,33,10.0,ok
TIC 141480176,86.7837,-74.7702,9.33,0,,,,,31,9.9,ok
TIC 410447183,118.0808,-63.7563,9.33,0,,,,,3,4.1,ok
TIC 131846784,118.8172,-41.9691,9.33,0,,,,,3,4.6,ok
TIC 238196326,57.145,-74.7802,9.33,0,,,,,30,11.2,ok
TIC 38634757,65.0082,-64.7994,9.33,0,,,,,35,11.5,ok
TIC 260418055,95.9297,-54.7684,9.33,0,,,,,26,11.3,ok
TIC 149478846,85.5245,-63.2954,9.33,0,,,,,36,13.5,ok
TIC 300866979,117.2645,-67.3395,9.33,0,,,,,21,10.7,ok
TIC 55369263,77.5263,-61.7345,9.33,0,,,,,40,11.6,ok
TIC 55295028,76.804,-61.805,9.33,0,,,,,43,13.3,ok
TIC 300657009,114.6186,-70.028,9.33,0,,,,,33,12.7,ok
TIC 349269962,109.0206,-61.0525,9.33,0,,,,,20,11.2,ok
TIC 30469454,74.743,-66.2043,9.34,0,,,,,19,12.5,ok
TIC 278897868,101.1113,-59.4866,9.34,0,,,,,28,11.3,ok
TIC 350654140,87.8954,-58.7268,9.34,0,,,,,32,11.8,ok
TIC 53116377,126.1619,-47.3001,9.34,0,,,,,6,7.8,ok
TIC 36842652,156.1546,-7.7147,9.34,0,,,,,4,5.5,ok
TIC 391887875,82.6991,-71.0673,9.34,0,,,,,39,11.0,ok
TIC 260607682,97.4722,-54.4037,9.34,0,,,,,25,12.0,ok
TIC 141823882,93.0043,-74.5141,9.34,0,,,,,33,11.1,ok
TIC 350742718,88.7835,-59.5708,9.34,0,,,,,27,12.5,ok
TIC 300655749,114.4983,-71.8867,9.34,0,,,,,33,10.5,ok
TIC 300739542,115.2698,-69.5252,9.34,0,,,,,33,13.3,ok
TIC 38940036,69.8694,-60.6122,9.34,0,,,,,37,10.0,ok
TIC 141435705,84.8849,-76.0329,9.34,0,,,,,32,9.7,ok
TIC 410486022,120.0227,-63.4882,9.34,0,,,,,21,10.1,ok
TIC 309755442,79.979,-60.2944,9.34,0,,,,,21,10.4,ok
TIC 55500860,71.7819,-62.7287,9.34,0,,,,,33,12.6,ok
TIC 370221617,73.5077,-73.5342,9.34,0,,,,,32,13.1,ok
TIC 46114128,132.053,-55.416,9.34,0,,,,,3,5.4,ok
TIC 7977666,156.5233,-0.8631,9.35,0,,,,,6,7.9,ok
TIC 350027679,114.9217,-64.1205,9.35,0,,,,,21,10.9,ok
TIC 299833889,60.0273,-74.4472,9.35,0,,,,,32,14.5,ok
TIC 38584357,63.9149,-64.0498,9.35,0,,,,,7,10.1,ok
TIC 187245538,135.1248,-31.6791,9.35,0,,,,,5,6.0,ok
TIC 150431659,97.4219,-60.7793,9.35,0,,,,,43,11.6,ok
TIC 391892593,115.455,-68.0283,9.35,0,,,,,33,10.7,ok
TIC 149497543,85.4722,-60.7286,9.35,0,,,,,32,11.1,ok
TIC 238765267,123.3415,-52.33,9.35,0,,,,,2,4.7,ok
TIC 141185270,81.4145,-74.607,9.35,0,,,,,20,15.9,ok
TIC 284344410,106.6685,-49.2337,9.35,0,,,,,8,11.0,ok
TIC 278959348,101.644,-57.2046,9.35,0,,,,,32,12.6,ok
TIC 374862395,88.7102,-65.1228,9.35,0,,,,,24,13.7,ok
TIC 139745026,126.7977,-44.9856,9.35,0,,,,,8,12.2,ok
TIC 36816836,150.9158,-46.261,9.35,0,,,,,3,6.8,ok
TIC 32051872,57.2477,-70.4238,9.35,0,,,,,36,14.1,ok
TIC 36764498,155.093,-6.963,9.35,0,,,,,3,9.0,ok
TIC 231124605,69.4881,-71.0807,9.35,0,,,,,20,11.0,ok
TIC 272127517,115.9212,-72.4744,9.35,0,,,,,29,27.2,ok
TIC 349412453,110.768,-60.9798,9.35,0,,,,,21,13.1,ok
TIC 56604899,148.259,-9.7218,9.35,0,,,,,1,5.3,ok
TIC 149102602,80.4275,-65.6416,9.35,0,,,,,17,14.2,ok
TIC 382629006,118.7672,-63.5612,9.35,0,,,,,6,9.7,ok
TIC 184743498,127.7985,-39.1126,9.36,0,,,,,3,6.6,ok
TIC 237920719,56.9607,-65.8215,9.36,0,,,,,4,8.4,ok
TIC 140968357,77.9833,-76.5921,9.36,0,,,,,20,13.9,ok
TIC 140598047,68.6593,-75.675,9.36,0,,,,,?,973.4,timeout
TIC 177255132,101.898,-75.7013,9.36,0,,,,,31,13.3,ok
TIC 31071523,135.1085,-46.79,9.36,0,,,,,1,4.3,ok
TIC 306575290,119.4322,-70.2627,9.36,0,,,,,21,13.7,ok
TIC 8052491,157.7324,-1.5978,9.36,0,,,,,1,4.2,ok
TIC 238238539,119.9342,-51.7479,9.36,0,,,,,6,8.1,ok
TIC 179306195,79.6055,-69.3595,9.36,0,,,,,30,14.2,ok
TIC 150162697,93.2352,-65.8154,9.36,0,,,,,13,14.2,ok
TIC 300449121,111.7778,-69.2989,9.36,0,,,,,34,10.5,ok
TIC 167250269,97.9409,-71.8464,9.36,0,,,,,32,10.0,ok
TIC 344926404,151.5256,3.0493,9.36,0,,,,,4,11.7,ok
TIC 25153041,63.139,-70.6392,9.36,0,,,,,33,17.5,ok
TIC 294784522,71.3159,-70.9992,9.36,0,,,,,40,10.0,ok
TIC 28949811,132.5406,-44.6229,9.36,0,,,,,4,4.7,ok
TIC 149603071,87.0738,-63.4053,9.36,0,,,,,23,12.3,ok
TIC 38423834,60.5352,-63.7798,9.37,0,,,,,7,11.2,ok
TIC 220461599,74.9167,-58.2377,9.37,0,,,,,33,10.2,ok
TIC 382202268,81.7296,-58.5319,9.37,0,,,,,21,10.6,ok
TIC 422270253,162.9901,-15.4529,9.37,0,,,,,2,6.3,ok
TIC 260708537,98.4528,-58.5229,9.37,0,,,,,44,10.4,ok
TIC 432647225,146.7057,-53.5797,9.37,0,,,,,1,3.4,ok
TIC 33837441,64.3251,-77.1699,9.37,0,,,,,25,13.7,ok
TIC 78151317,147.6638,-5.5122,9.37,0,,,,,3,7.1,ok
TIC 149449530,85.0798,-62.6477,9.37,0,,,,,32,9.7,ok
TIC 391903048,106.5394,-75.8506,9.37,0,,,,,34,10.0,ok
TIC 149539552,86.2839,-60.9181,9.37,0,,,,,31,11.1,ok
TIC 41174274,91.3656,-70.4627,9.37,0,,,,,29,10.2,ok
TIC 55270123,76.2943,-63.0268,9.37,0,,,,,31,12.1,ok
TIC 55291546,76.8382,-64.828,9.37,0,,,,,30,13.0,ok
TIC 167524393,100.4049,-64.8861,9.37,0,,,,,1,4.6,ok
TIC 272286042,118.1237,-74.2153,9.37,0,,63.8,rejete,variabilite_continue;eclipse_secondaire,19,37.6,ok
TIC 364323837,88.0009,-62.5177,9.37,0,,,,,27,14.5,ok
TIC 197906018,58.5673,-58.753,9.38,0,,,,,3,8.1,ok
TIC 30476113,134.2098,-47.5804,9.38,0,,,,,1,4.1,ok
TIC 142017826,97.1882,-76.0954,9.38,0,,,,,22,12.8,ok
TIC 46029878,131.7899,-57.3753,9.38,0,,,,,8,14.0,ok
TIC 391903734,106.5964,-74.3909,9.38,0,,,,,39,10.3,ok
TIC 309616407,78.7094,-60.3358,9.38,0,,,,,32,11.4,ok
TIC 77550985,142.3874,-2.4781,9.38,0,,,,,1,6.2,ok
TIC 150513591,97.8799,-65.3939,9.38,0,,,,,29,11.0,ok
TIC 299942685,106.5045,-67.1183,9.38,0,,,,,39,15.5,ok
TIC 167656135,102.5077,-60.3368,9.38,0,,,,,32,15.8,ok
TIC 150324787,95.7755,-64.5497,9.38,0,,,,,16,10.4,ok
TIC 260417220,95.5921,-54.5687,9.38,0,,,,,26,11.5,ok
TIC 389625539,86.7616,-71.524,9.38,0,,,,,30,10.0,ok
TIC 340176098,113.8534,-59.5369,9.38,0,,,,,26,11.2,ok
TIC 445451648,112.873,-53.866,9.39,0,,,,,10,13.7,ok
TIC 374209868,158.422,0.9794,9.39,0,,,,,5,8.2,ok
TIC 386520912,144.4168,-15.4013,9.39,0,,,,,3,8.9,ok
TIC 142014655,96.8069,-73.2282,9.39,0,,,,,29,13.5,ok
TIC 25905620,145.8717,-30.6763,9.39,0,,,,,4,5.3,ok
TIC 267680723,114.6145,-52.2743,9.39,0,,,,,2,3.9,ok
TIC 396722019,65.8083,-58.3379,9.39,0,,,,,22,10.6,ok
TIC 93264350,129.7275,-51.7021,9.39,0,,,,,3,7.6,ok
TIC 339672028,110.5128,-57.3851,9.39,0,,143.7,rejete,variabilite_continue,26,18.0,ok
TIC 341414951,119.9488,-56.5754,9.39,0,,,,,1,4.1,ok
TIC 177034213,102.5594,-70.945,9.39,0,,,,,31,10.6,ok
TIC 281063679,144.8247,-48.5215,9.39,0,,,,,1,3.9,ok
TIC 279614943,106.3626,-58.0571,9.39,0,,,,,21,12.0,ok
TIC 55223642,163.2491,-6.8166,9.39,0,,,,,3,10.1,ok
TIC 149972102,90.1018,-62.6031,9.4,0,,,,,38,13.8,ok
TIC 38635856,65.2892,-63.9001,9.4,0,,,,,38,13.4,ok
TIC 358112951,69.8084,-76.0665,9.4,0,,,,,20,12.1,ok
TIC 278777282,99.7358,-59.2114,9.4,0,,,,,22,11.0,ok
TIC 150163695,93.1384,-64.2689,9.4,0,,,,,28,10.0,ok
TIC 150107703,92.385,-61.8978,9.4,0,,,,,20,11.0,ok
TIC 71340127,154.7144,-33.6769,9.4,0,,,,,6,12.5,ok
TIC 294052132,107.2337,-56.6357,9.4,0,,80.1,rejete,variabilite_continue;eclipse_secondaire,18,19.5,ok
TIC 272356014,119.2455,-72.0532,9.4,0,,,,,29,12.0,ok
TIC 122497437,133.6878,-57.6965,9.4,0,,,,,8,10.7,ok
TIC 149120706,80.9019,-62.5353,9.4,0,,,,,24,15.1,ok
TIC 349480507,110.9364,-65.0106,9.4,0,,,,,26,11.5,ok
TIC 393491490,67.6316,-58.1797,9.4,0,,,,,19,18.8,ok
TIC 364423100,119.7013,-65.1099,9.4,0,,,,,3,9.9,ok
TIC 261107147,83.2451,-78.276,9.4,0,,,,,33,10.9,ok
TIC 55296056,76.7403,-60.2209,9.41,0,,,,,40,12.2,ok
TIC 167814411,105.0072,-60.988,9.41,0,,,,,33,11.0,ok
TIC 17547198,135.4146,-30.8463,9.41,0,,,,,4,8.0,ok
TIC 176936125,100.5832,-68.6967,9.41,0,,,,,32,12.8,ok
TIC 375089653,100.1784,-62.057,9.41,0,,,,,30,9.3,ok
TIC 177308364,103.4222,-73.0758,9.41,0,,,,,44,11.8,ok
TIC 260710175,98.5921,-55.4279,9.41,0,,,,,20,13.5,ok
TIC 141979696,96.1542,-73.1247,9.41,0,,,,,39,17.4,ok
TIC 40897656,78.7057,-69.6637,9.41,0,,,,,31,11.2,ok
TIC 167721378,103.4835,-63.3707,9.41,0,,,,,30,10.7,ok
TIC 271797685,111.6887,-72.8935,9.41,0,,,,,20,11.2,ok
TIC 307210830,124.5335,-68.3154,9.41,1,3.6906,211.7,rejete,variabilite_continue,27,15.7,ok
TIC 77016979,141.159,-44.7844,9.42,0,,,,,6,8.2,ok
TIC 385858369,138.7029,-54.2818,9.42,0,,,,,6,8.4,ok
TIC 300710088,115.0942,-71.2914,9.42,0,,,,,29,15.0,ok
TIC 349091511,107.7509,-60.7366,9.42,0,,,,,29,11.4,ok
TIC 389663831,86.7632,-71.0092,9.42,0,,,,,30,13.2,ok
TIC 294627157,70.4739,-70.0123,9.42,0,,,,,41,10.3,ok
TIC 422277792,163.2088,-14.9682,9.42,0,,,,,2,3.8,ok
TIC 36834571,155.8589,-11.8752,9.42,0,,,,,5,6.4,ok
TIC 133105599,120.4817,-40.6689,9.42,0,,,,,3,5.3,ok
TIC 294399290,109.2948,-59.4101,9.42,0,,,,,22,10.1,ok
TIC 372816588,67.0383,-58.3623,9.42,0,,,,,19,11.6,ok
TIC 55652231,74.0659,-61.6175,9.42,0,,,,,27,11.0,ok
TIC 307633699,127.223,-68.9802,9.42,0,,,,,13,10.8,ok
TIC 350954417,90.8889,-55.2262,9.42,0,,,,,29,9.3,ok
TIC 294399068,109.245,-59.1228,9.43,0,,,,,21,11.4,ok
TIC 308920920,122.7976,-64.5082,9.43,0,,,,,19,9.8,ok
TIC 349648867,112.4788,-65.6313,9.43,0,,,,,4,4.5,ok
TIC 150443185,97.8678,-63.535,9.43,0,,,,,17,11.3,ok
TIC 220389297,67.9856,-59.8741,9.43,0,,,,,41,10.0,ok
TIC 77599634,141.9694,-41.9131,9.43,0,,,,,4,6.2,ok
TIC 307432660,125.7499,-70.1566,9.43,0,,,,,20,11.0,ok
TIC 145496866,132.3993,-50.184,9.43,0,,,,,6,8.1,ok
TIC 293224419,98.4163,-60.7128,9.43,0,,,,,31,9.9,ok
TIC 383615666,134.8695,-54.7802,9.43,0,,,,,7,6.8,ok
TIC 38909740,69.5929,-62.1789,9.43,0,,,,,17,9.7,ok
TIC 33910322,66.2659,-77.8859,9.43,0,,,,,?,144.8,timeout
TIC 279219639,103.7038,-57.8559,9.43,0,,,,,19,9.8,ok
TIC 360124115,141.7459,-61.2747,9.44,0,,,,,1,3.6,ok
TIC 25156036,63.4412,-71.7059,9.44,0,,,,,32,11.3,ok
TIC 374997695,99.2176,-62.5401,9.44,0,,,,,35,11.5,ok
TIC 220389494,67.9355,-59.1832,9.44,0,,,,,34,11.2,ok
TIC 55760886,75.382,-61.7939,9.44,0,,,,,31,17.2,ok
TIC 278183342,109.8902,-78.0753,9.44,0,,,,,23,14.3,ok
TIC 278731442,99.5594,-55.7866,9.44,0,,,,,34,16.1,ok
TIC 299899924,106.0103,-69.687,9.44,0,,88.0,rejete,variabilite_continue;eclipse_secondaire,29,19.5,ok
TIC 349061718,107.5319,-60.8811,9.44,0,,,,,34,13.7,ok
TIC 60415858,112.378,-46.7876,9.44,0,,,,,4,12.6,ok
TIC 29781872,65.1933,-66.2131,9.44,0,,,,,20,16.9,ok
TIC 260968691,74.7875,-79.2159,9.44,0,,,,,20,27.7,ok
TIC 408449178,161.8083,-19.0607,9.44,0,,,,,1,14.9,ok
TIC 307160287,124.158,-68.3002,9.44,0,,,,,18,18.1,ok
TIC 19911611,140.6426,-32.4362,9.44,0,,,,,1,12.2,ok
TIC 61040744,141.0392,-7.3072,9.44,0,,,,,4,12.8,ok
TIC 278956004,101.4736,-56.4,9.44,0,,,,,21,18.7,ok
TIC 370039100,65.5404,-70.6606,9.45,0,,,,,21,14.1,ok
TIC 118914286,135.3358,-20.9735,9.45,1,5.2889,10.7,rejete,variabilite_continue,2,6.9,ok
TIC 307088684,123.7157,-66.7822,9.45,0,,,,,1,5.1,ok
TIC 41596872,94.4026,-70.7992,9.45,0,,,,,31,12.4,ok
TIC 168140114,152.9198,-29.7449,9.45,0,,,,,6,13.6,ok
TIC 38762664,67.1709,-61.2001,9.45,0,,,,,32,16.7,ok
TIC 38587506,64.1411,-65.1479,9.45,0,,,,,21,15.1,ok
TIC 294785164,71.4724,-71.6127,9.45,0,,,,,29,14.3,ok
TIC 278898255,101.2911,-59.6889,9.45,0,,26.1,rejete,variabilite_continue;eclipse_secondaire,27,21.5,ok
TIC 272235688,117.4126,-71.9629,9.45,0,,,,,34,13.6,ok
TIC 364324070,88.0045,-62.0331,9.45,0,,,,,28,20.6,ok
TIC 25133068,62.087,-71.6983,9.45,0,,,,,20,12.1,ok
TIC 56662591,158.578,-9.1626,9.46,0,,,,,5,7.8,ok
TIC 168066864,152.4401,-29.3664,9.46,0,,,,,2,5.7,ok
TIC 38679011,65.2847,-61.6474,9.46,0,,,,,8,10.5,ok
TIC 260370506,95.1817,-54.4439,9.46,0,,,,,26,11.5,ok
TIC 294328148,108.8548,-59.546,9.46,0,,,,,21,13.0,ok
TIC 141686455,90.3454,-74.452,9.46,0,,,,,20,12.6,ok
TIC 279322448,104.2288,-56.8978,9.46,0,,,,,32,14.5,ok
TIC 308739856,135.6326,-17.9197,9.46,0,,,,,1,2.8,ok
TIC 30191789,73.6103,-70.0339,9.46,0,,,,,39,12.8,ok
TIC 35655828,148.7444,-45.2905,9.47,0,,,,,6,10.8,ok
TIC 167086013,95.7217,-67.2137,9.47,0,,,,,34,10.9,ok
TIC 55452503,70.635,-64.9047,9.47,0,,,,,35,12.6,ok
TIC 349767833,112.8478,-60.0274,9.47,0,,,,,31,15.1,ok
TIC 19266009,139.0137,-33.649,9.47,0,,,,,1,5.6,ok
TIC 260191777,93.4045,-54.9026,9.47,0,,,,,30,12.3,ok
TIC 350764483,89.0814,-57.0638,9.47,0,,,,,20,12.4,ok
TIC 300037819,107.8339,-67.1274,9.47,0,,,,,35,11.5,ok
TIC 38468952,61.7084,-65.407,9.47,0,,,,,35,26.7,ok
TIC 38516117,62.6458,-64.7973,9.47,0,,,,,21,12.2,ok
TIC 238633709,122.4859,-52.9635,9.47,0,,,,,11,12.5,ok
TIC 300515837,112.6296,-68.5843,9.47,0,,,,,41,13.9,ok
TIC 381975024,76.9857,-57.772,9.47,0,,,,,39,15.4,ok
TIC 358508351,119.1195,-61.9446,9.47,0,,,,,20,13.5,ok
TIC 520100825,80.7835,-66.4238,9.47,0,,,,,15,27.1,ok
TIC 73386477,154.5508,-36.8052,9.47,0,,,,,6,12.9,ok
TIC 141028164,79.1197,-75.0626,9.47,0,,,,,33,14.5,ok
TIC 169252305,161.0958,-3.9923,9.48,0,,,,,5,10.0,ok
TIC 308745216,122.1044,-60.6826,9.48,0,,,,,3,7.0,ok
TIC 284288207,106.6597,-53.3981,9.48,0,,,,,15,11.6,ok
TIC 141282136,83.2337,-74.1557,9.48,0,,,,,32,12.6,ok
TIC 278992816,102.1245,-54.9978,9.48,0,,,,,20,13.5,ok
TIC 306665596,120.1648,-67.0473,9.48,0,,,,,20,12.8,ok
TIC 279160979,103.1942,-57.5836,9.48,0,,,,,33,12.2,ok
TIC 350584963,87.1161,-56.0041,9.48,0,,,,,41,13.8,ok
TIC 231074610,67.4184,-66.7346,9.48,0,,,,,30,14.5,ok
TIC 340358373,115.4569,-58.905,9.48,0,,,,,21,12.8,ok
TIC 179583882,80.5457,-69.7648,9.48,0,,,,,31,14.1,ok
TIC 374910243,88.9469,-63.0865,9.48,0,,,,,28,15.6,ok
TIC 30192292,73.8706,-70.2451,9.48,0,,,,,31,16.5,ok
TIC 348993084,106.8501,-63.9608,9.48,0,,,,,32,18.2,ok
TIC 38939275,69.6511,-61.3435,9.48,0,,,,,42,17.0,ok
TIC 309657610,79.1653,-62.7987,9.48,0,,,,,32,12.7,ok
TIC 150393198,96.7552,-60.3794,9.48,0,,,,,33,12.1,ok
TIC 140577207,67.8835,-73.2396,9.48,0,,,,,30,15.1,ok
TIC 177039581,103.1023,-69.0663,9.48,0,,,,,33,15.2,ok
TIC 140598464,68.7942,-77.0654,9.49,0,,,,,39,14.4,ok
TIC 220392644,68.3176,-58.4183,9.49,0,,,,,22,13.9,ok
TIC 40895175,78.9217,-70.0444,9.49,0,,,,,29,17.9,ok
TIC 349304574,109.374,-64.1715,9.49,0,,,,,43,10.4,ok
TIC 278820988,100.2229,-54.9369,9.49,0,,,,,24,14.5,ok
TIC 179241092,158.9702,-19.9796,9.49,0,,,,,3,9.7,ok
TIC 382437845,117.2315,-62.7317,9.49,0,,,,,21,14.9,ok
TIC 44634764,145.9713,-39.8849,9.49,0,,,,,1,5.9,ok
TIC 418095582,145.9475,-20.197,9.49,0,,,,,4,12.4,ok
TIC 44226892,144.7641,-41.7674,9.49,0,,,,,5,11.7,ok
TIC 33357252,150.3663,-8.3598,9.49,0,,,,,2,8.3,ok
TIC 140635285,72.0503,-76.2714,9.49,0,,,,,21,16.9,ok
TIC 167602822,101.8993,-61.0875,9.49,0,,,,,21,16.8,ok
TIC 300293197,110.2798,-68.5783,9.49,0,,,,,?,983.4,timeout
TIC 349480480,110.8325,-65.0543,9.49,0,,,,,?,146.5,timeout
TIC 300932883,117.6072,-69.3851,9.49,0,,,,,21,10.0,ok
TIC 140687446,73.0012,-75.7759,9.49,0,,,,,34,11.7,ok
TIC 231123287,69.6604,-69.7556,9.49,0,,,,,31,10.5,ok
TIC 349477633,110.6131,-62.8305,9.49,0,,,,,32,12.3,ok
TIC 149347296,83.4292,-60.5369,9.49,0,,,,,33,11.2,ok
TIC 349153550,108.2454,-60.6468,9.49,0,,,,,21,10.9,ok
TIC 294275677,108.6416,-57.0491,9.5,0,,,,,24,14.6,ok
TIC 192932518,154.6746,-24.4682,9.5,0,,,,,7,9.5,ok
TIC 41226614,91.7124,-70.5372,9.5,0,,,,,32,14.3,ok
TIC 453100417,116.1965,-68.436,9.5,0,,,,,21,12.1,ok
TIC 260503393,96.5261,-56.5211,9.5,0,,,,,42,12.3,ok
TIC 339633702,110.116,-58.4905,9.5,0,,,,,40,13.6,ok
TIC 817523618,126.5342,-48.9091,9.5,0,,,,,2,8.5,ok
TIC 286255959,166.1766,-6.5803,9.5,0,,,,,2,9.4,ok
TIC 350582771,87.0138,-59.054,9.5,0,,,,,20,14.0,ok
TIC 167808687,104.5906,-63.5444,9.5,0,,,,,38,17.1,ok
TIC 149902411,88.0598,-61.3847,9.5,0,,,,,29,12.2,ok
TIC 149543900,86.4193,-65.1356,9.5,0,,,,,25,12.3,ok
TIC 181004405,130.145,-38.7704,9.5,0,,,,,3,8.2,ok
TIC 150101501,92.0443,-63.3077,9.5,0,,,,,29,12.1,ok
TIC 30122338,133.8501,-44.1872,9.5,0,,,,,3,6.4,ok
TIC 279052858,102.334,-58.2217,9.5,0,,,,,20,10.8,ok
TIC 388131593,65.3477,-71.2844,9.5,0,,,,,31,12.4,ok
TIC 869645265,146.2037,-42.5084,9.5,0,,,,,2,7.1,ok
TIC 410163387,133.6073,-22.95,9.5,0,,,,,4,8.1,ok
TIC 184515469,127.525,-41.6386,9.51,0,,,,,4,8.2,ok
TIC 269854281,70.0979,-80.522,9.51,0,,,,,15,11.6,ok
TIC 238006200,102.6389,-53.7189,9.51,0,,,,,16,13.6,ok
TIC 231099181,69.2053,-66.4306,9.51,0,,,,,30,12.4,ok
TIC 150139182,92.7525,-65.2111,9.51,0,,,,,26,12.8,ok
TIC 294399474,109.3105,-59.6335,9.51,0,,,,,38,12.1,ok
TIC 30825759,134.8387,-42.1657,9.51,0,,,,,1,5.0,ok
TIC 189443737,142.9827,-26.9458,9.51,0,,,,,4,7.0,ok
TIC 260709448,98.4913,-56.7446,9.51,0,,,,,32,12.5,ok
TIC 29762012,64.5096,-67.4501,9.51,0,,,,,31,12.2,ok
TIC 177284702,102.3764,-75.4495,9.51,0,,,,,25,13.3,ok
TIC 31412505,88.9672,-68.263,9.51,0,,,,,22,10.9,ok
TIC 28658119,131.6502,-45.4049,9.51,0,,,,,2,5.0,ok
TIC 47350711,162.4965,-0.7917,9.51,0,,,,,6,7.1,ok
TIC 191677002,135.8466,-40.9805,9.51,0,,,,,2,4.8,ok
TIC 350345393,84.6024,-57.3189,9.51,0,,,,,29,11.0,ok
TIC 220391773,68.1411,-57.7468,9.51,0,,,,,18,12.8,ok
TIC 348937261,149.0705,-16.5901,9.52,0,,,,,1,6.1,ok
TIC 348958418,106.3503,-64.2433,9.52,0,,,,,21,12.8,ok
TIC 349306470,109.3529,-61.4514,9.52,0,,,,,21,13.0,ok
TIC 93730538,130.4106,-49.598,9.52,0,,,,,9,10.6,ok
TIC 149602308,87.2503,-62.229,9.52,0,,,,,34,14.4,ok
TIC 30186481,73.6227,-68.2998,9.52,0,,,,,33,12.7,ok
TIC 22147322,148.8486,-27.2624,9.52,0,,,,,3,5.8,ok
TIC 350861012,90.4487,-59.8643,9.52,0,,,,,41,10.9,ok
TIC 385212033,154.611,-16.6098,9.52,0,,,,,4,11.7,ok
TIC 358336282,77.3009,-57.0228,9.52,0,,,,,24,10.9,ok
TIC 341266729,119.212,-54.8542,9.52,0,,,,,2,9.1,ok
TIC 306737452,120.7554,-67.5385,9.52,0,,,,,31,13.3,ok
TIC 348992408,106.7441,-62.8698,9.52,0,,,,,33,13.1,ok
TIC 33160735,144.7043,-42.6713,9.52,0,,,,,?,282.5,timeout
TIC 231082997,68.3862,-68.0486,9.52,0,,,,,29,12.7,ok
TIC 261090191,82.4274,-78.4261,9.52,0,,,,,33,13.4,ok
TIC 148575402,164.9627,-10.0902,9.52,0,,,,,1,3.9,ok
TIC 29760053,64.3281,-69.8947,9.52,0,,,,,21,11.4,ok
TIC 279572710,106.2331,-57.4942,9.52,0,,,,,5,8.8,ok
TIC 294099852,107.5998,-58.7514,9.52,0,,,,,30,11.8,ok
TIC 391893148,115.3666,-67.2426,9.52,0,,,,,43,10.7,ok
TIC 350933263,90.7495,-59.4724,9.52,0,,,,,42,10.6,ok
TIC 150271680,94.7549,-63.8648,9.52,0,,,,,31,10.6,ok
TIC 141283921,83.4472,-72.2471,9.52,0,,,,,32,11.9,ok
TIC 455304563,147.5995,3.7254,9.53,0,,,,,8,8.5,ok
TIC 339668192,110.3157,-57.0347,9.53,0,,,,,21,12.5,ok
TIC 150166091,93.4629,-60.2243,9.53,0,,,,,30,13.7,ok
TIC 350477830,85.7405,-56.2565,9.53,0,,,,,20,10.7,ok
TIC 150442152,97.9252,-61.6868,9.53,0,,,,,31,11.8,ok
TIC 141269217,82.4449,-74.6618,9.53,0,,,,,30,11.4,ok
TIC 141429030,84.7366,-73.5952,9.53,0,,,,,37,10.7,ok
TIC 141712167,90.8819,-72.7642,9.53,0,,,,,32,11.7,ok
TIC 260159741,92.4853,-58.4261,9.53,0,,,,,31,13.5,ok
TIC 40339576,77.4529,-67.8685,9.53,0,,,,,40,10.5,ok
TIC 38632809,64.7355,-60.9539,9.53,0,,,,,6,6.8,ok
TIC 319259194,71.651,-78.5616,9.53,0,,,,,31,12.0,ok
TIC 81543065,123.2838,-44.2786,9.53,0,,,,,4,9.9,ok
TIC 294873457,71.8716,-66.1207,9.53,0,,,,,21,12.1,ok
TIC 180987952,130.2614,-41.4428,9.53,0,,24.4,rejete,variabilite_continue;eclipse_secondaire,5,11.7,ok
TIC 359823248,141.2144,-62.1562,9.53,0,,,,,2,6.2,ok
TIC 140695580,128.3483,-46.6063,9.53,0,,,,,3,7.0,ok
TIC 349574361,111.7157,-65.8852,9.53,0,,,,,21,21.0,ok
TIC 385012516,137.3721,-55.6408,9.53,0,,,,,9,12.5,ok
TIC 308924539,122.7453,-61.2747,9.53,0,,,,,2,4.6,ok
TIC 356088697,133.2848,-62.445,9.53,0,,,,,7,11.3,ok
TIC 272129171,116.3999,-73.4197,9.53,0,,,,,33,12.2,ok
TIC 261059311,80.4731,-78.157,9.53,0,,,,,27,11.6,ok
TIC 278898462,101.2169,-59.3038,9.53,0,,,,,31,11.0,ok
TIC 149120276,80.8376,-61.638,9.53,0,,,,,32,10.8,ok
TIC 289668400,145.986,-12.5304,9.54,0,,,,,6,6.4,ok
TIC 141152927,80.7054,-75.0047,9.54,0,,,,,20,12.8,ok
TIC 350443250,85.4159,-57.0769,9.54,0,,,,,31,10.8,ok
TIC 278683641,99.2454,-58.4598,9.54,0,,83.5,rejete,eclipse_secondaire,44,15.1,ok
TIC 167366681,99.5056,-66.6595,9.54,0,,,,,31,10.6,ok
TIC 150394536,96.7781,-62.9704,9.54,0,,,,,31,11.3,ok
TIC 220394878,68.5349,-58.0386,9.54,0,,,,,20,9.4,ok
TIC 167698719,103.1205,-61.7489,9.54,0,,,,,41,11.9,ok
TIC 238230740,59.1973,-72.1312,9.54,0,,,,,8,9.4,ok
TIC 260044482,91.5912,-57.1632,9.54,0,,,,,22,12.5,ok
TIC 229837975,137.6743,-19.3228,9.54,0,,,,,2,5.5,ok
TIC 141471357,86.5796,-73.4009,9.54,0,,,,,31,11.3,ok
TIC 396697919,65.5488,-57.4371,9.54,0,,,,,19,10.4,ok
TIC 167574513,101.3934,-60.8929,9.54,0,,,,,38,12.4,ok
TIC 167696766,102.9473,-61.3325,9.54,0,,,,,28,11.7,ok
TIC 150189153,94.066,-60.0753,9.55,0,,,,,32,12.6,ok
TIC 38603673,64.4151,-61.392,9.55,0,,,,,?,152.1,timeout
TIC 260658714,98.285,-57.344,9.55,0,,,,,21,11.2,ok
TIC 150167420,93.3967,-62.8159,9.55,0,,,,,27,12.2,ok
TIC 220478522,75.8043,-57.5745,9.55,0,,,,,32,10.0,ok
TIC 391892132,115.4907,-68.661,9.55,0,,,,,29,11.0,ok
TIC 345073329,155.0841,2.1754,9.55,0,,,,,2,5.9,ok
TIC 309618061,78.8382,-63.1689,9.55,0,,,,,34,12.3,ok
TIC 76078608,139.7524,-43.4086,9.55,0,,,,,5,18.3,ok
TIC 220454507,74.116,-57.1721,9.55,0,,,,,41,18.3,ok
TIC 260542286,97.1657,-58.7014,9.55,0,,,,,25,13.2,ok
TIC 45059728,129.7977,-58.5743,9.55,0,,,,,8,12.5,ok
TIC 349191740,108.8235,-59.9985,9.55,0,,,,,21,10.6,ok
TIC 81419525,123.1083,-46.1091,9.55,0,,27.1,rejete,variabilite_continue;eclipse_secondaire,6,12.4,ok
TIC 32153316,59.4296,-71.9024,9.55,0,,,,,20,16.2,ok
TIC 150358991,96.1499,-60.7528,9.55,0,,,,,31,11.8,ok
TIC 306576033,119.5,-69.2931,9.55,0,,,,,28,9.9,ok
TIC 167655573,102.5213,-61.3489,9.55,0,,,,,32,11.5,ok
TIC 287273334,109.5687,-58.8973,9.55,0,,,,,18,11.6,ok
TIC 55887808,126.366,-32.0647,9.55,0,,,,,1,5.1,ok
TIC 461607866,129.2482,-45.2898,9.56,0,,18.0,rejete,variabilite_continue;eclipse_secondaire,6,10.9,ok
TIC 684955922,69.5925,-62.1793,9.56,0,,,,,7,9.7,ok
TIC 177039559,103.1124,-69.0237,9.56,0,,,,,32,11.2,ok
TIC 287045523,159.5822,-7.069,9.56,0,,,,,5,9.3,ok
TIC 380505364,140.044,-22.3421,9.56,0,,,,,4,9.0,ok
TIC 307933380,138.6609,-17.5487,9.56,0,,,,,2,7.2,ok
TIC 388129489,63.5893,-66.7902,9.56,0,,,,,20,12.2,ok
TIC 279361255,104.808,-57.6913,9.56,0,,,,,23,11.2,ok
TIC 38709365,66.7183,-65.4916,9.56,0,,,,,21,13.2,ok
TIC 300378596,110.9447,-68.6767,9.56,0,,,,,32,13.0,ok
TIC 167421913,100.0286,-69.0311,9.56,0,,,,,32,11.8,ok
TIC 300447218,111.8171,-66.847,9.56,0,,,,,17,12.6,ok
TIC 141977935,96.3876,-76.4263,9.56,0,,,,,35,13.6,ok
TIC 74787842,137.9925,-44.4948,9.56,0,,,,,5,18.4,ok
TIC 149060586,80.2538,-62.6199,9.56,0,,,,,30,15.1,ok
TIC 196466162,129.6412,-28.725,9.57,0,,,,,7,10.2,ok
TIC 410451752,119.8644,-60.7964,9.57,0,,,,,17,12.2,ok
TIC 141472777,86.4647,-75.2851,9.57,0,,,,,20,12.2,ok
TIC 332709622,150.4006,-12.9262,9.57,0,,,,,2,4.1,ok
TIC 141744440,130.082,-46.1443,9.57,0,,,,,4,7.9,ok
TIC 279219156,103.6611,-58.7209,9.57,0,,,,,31,12.5,ok
TIC 141771691,92.3952,-75.8594,9.57,0,,,,,39,10.2,ok
TIC 168001677,152.2959,-27.2511,9.57,0,,,,,1,6.2,ok
TIC 150393191,96.816,-60.3679,9.57,0,,,,,33,11.6,ok
TIC 261237085,88.753,-78.339,9.57,0,,,,,27,13.1,ok
TIC 31945753,54.7793,-69.265,9.58,0,,,,,9,14.3,ok
TIC 167166946,96.6073,-68.7189,9.58,0,,,,,24,17.2,ok
TIC 260305166,94.5259,-57.9281,9.58,0,,,,,19,13.1,ok
TIC 391948920,79.2504,-78.2968,9.58,0,,,,,38,12.6,ok
TIC 318185205,162.2279,-2.9743,9.58,0,,,,,2,4.7,ok
TIC 231801630,78.1988,-71.1187,9.58,0,,,,,30,13.8,ok
TIC 272085437,115.2847,-73.1282,9.58,0,,,,,33,12.9,ok
TIC 350862394,90.545,-57.0283,9.58,0,,,,,44,12.7,ok
TIC 300508896,111.9845,-71.3361,9.58,0,,,,,33,15.0,ok
TIC 293225895,98.6241,-61.6721,9.58,0,,,,,32,13.8,ok
TIC 38516712,62.9483,-65.0322,9.59,0,,,,,23,49.3,ok
TIC 38877496,69.1719,-62.9147,9.59,0,,,,,39,11.0,ok
TIC 410359381,150.5482,-19.7668,9.59,0,,,,,3,4.7,ok
TIC 358459324,77.9968,-59.7725,9.59,0,,,,,30,15.0,ok
TIC 348898673,106.1613,-61.8439,9.59,0,,,,,24,16.1,ok
TIC 404768019,84.6442,-68.885,9.59,0,,,,,38,12.8,ok
TIC 231078132,67.6432,-71.6904,9.59,0,,,,,32,18.5,ok
TIC 55452577,70.6856,-65.0722,9.59,0,,,,,27,15.4,ok
TIC 260242234,93.6692,-54.2424,9.59,0,,,,,34,18.1,ok
TIC 81346864,122.9578,-44.9088,9.59,0,,155.8,rejete,variabilite_continue;eclipse_secondaire,6,14.7,ok
TIC 260127863,92.1423,-58.4862,9.59,0,,18.3,rejete,variabilite_continue;eclipse_secondaire,29,17.7,ok
TIC 278991580,102.0742,-57.049,9.59,0,,,,,32,11.2,ok
TIC 141903541,130.1269,-47.2097,9.59,0,,,,,7,10.9,ok
TIC 300558459,112.6883,-70.8535,9.6,0,,,,,32,12.9,ok
TIC 271698660,109.8987,-76.8023,9.6,0,,,,,27,13.8,ok
TIC 55451820,70.6533,-62.9604,9.6,0,,,,,21,11.9,ok
TIC 190721237,133.7548,-37.341,9.6,0,,,,,3,6.0,ok
TIC 30113151,73.7962,-67.1696,9.6,1,1.3702,29.7,rejete,variabilite_continue;eclipse_secondaire,28,16.7,ok
TIC 141772259,92.1749,-74.8488,9.6,0,,,,,34,11.7,ok
TIC 300157969,108.8928,-68.3063,9.6,0,,,,,20,13.4,ok
TIC 384360078,136.214,-54.7165,9.6,0,,,,,3,7.8,ok
TIC 391887390,82.6776,-70.9195,9.6,0,,,,,36,13.4,ok
TIC 300810012,116.6804,-68.9158,9.6,0,,,,,21,14.6,ok
TIC 358174909,70.7873,-77.009,9.6,0,,,,,43,12.0,ok
TIC 294324819,108.8845,-55.5548,9.6,0,,,,,18,15.1,ok
TIC 281495662,112.2261,-58.2643,9.6,0,,,,,20,14.2,ok
TIC 300035977,107.52,-67.3506,9.6,0,,,,,30,13.8,ok
TIC 364539359,71.2846,-72.8205,9.6,0,,,,,32,15.7,ok
TIC 176984144,101.7656,-66.2159,9.6,0,,,,,29,13.9,ok
TIC 30037565,73.5423,-70.379,9.6,0,,,,,42,13.4,ok
TIC 307434940,125.837,-71.0331,9.6,0,,,,,19,13.0,ok
TIC 350431472,84.906,-57.1815,9.6,0,,39.8,rejete,variabilite_continue,40,17.6,ok
TIC 300323956,110.4934,-67.1166,9.6,0,,,,,40,10.9,ok
TIC 287326127,109.7776,-55.8379,9.61,0,,,,,11,16.9,ok
TIC 149990367,90.5813,-64.0329,9.61,0,,,,,26,15.4,ok
TIC 279572280,106.0719,-58.0806,9.61,0,,,,,21,17.7,ok
TIC 238913750,93.8109,-53.7484,9.61,0,,,,,23,12.4,ok
TIC 176872955,100.4989,-72.0338,9.61,0,,,,,34,12.8,ok
TIC 260356202,95.0586,-59.3759,9.61,0,,,,,33,11.7,ok
TIC 272468672,120.4881,-72.0775,9.61,0,,,,,19,13.4,ok
TIC 166969346,94.6497,-66.1729,9.61,0,,111.8,rejete,variabilite_continue;eclipse_secondaire,25,15.3,ok
TIC 278779561,100.0768,-56.2233,9.61,0,,,,,21,12.8,ok
TIC 306573721,119.1997,-71.4417,9.61,0,,,,,31,10.3,ok
TIC 38906005,69.4425,-60.5233,9.61,0,,,,,28,10.7,ok
TIC 55760351,75.1536,-63.0448,9.61,0,,,,,34,10.2,ok
TIC 81951833,123.8045,-43.2406,9.61,0,,,,,2,5.5,ok
TIC 30035035,72.9975,-71.5287,9.61,0,,,,,21,15.8,ok
TIC 140970613,77.9142,-73.5809,9.61,0,,,,,31,10.6,ok
TIC 375055723,99.8157,-62.7932,9.61,0,,,,,39,10.3,ok
TIC 150142806,92.7114,-61.8752,9.62,0,,,,,?,278.9,timeout
TIC 149935360,89.9261,-62.1421,9.62,0,,,,,42,11.5,ok
TIC 391926765,107.4839,-73.5738,9.62,0,,,,,21,11.5,ok
TIC 55169185,162.8502,-7.567,9.62,0,,,,,1,4.0,ok
TIC 350823719,89.7463,-58.2687,9.62,0,,,,,44,12.5,ok
TIC 93389192,129.9263,-48.6005,9.62,0,,,,,3,5.9,ok
TIC 269729972,63.8481,-77.9587,9.62,0,,,,,21,13.6,ok
TIC 141025090,79.0004,-72.2311,9.62,0,,,,,39,12.8,ok
TIC 408350711,144.9639,-21.5715,9.62,0,,,,,5,12.5,ok
TIC 141805493,92.2592,-73.9811,9.62,0,,,,,33,16.3,ok
TIC 55481208,71.3831,-61.1235,9.62,0,,,,,22,14.8,ok
TIC 55523180,72.2065,-61.4013,9.62,0,,,,,21,13.9,ok
TIC 176956040,100.9044,-68.2471,9.62,0,,,,,33,12.2,ok
TIC 150429807,97.0606,-62.5285,9.62,0,,,,,27,13.4,ok
TIC 284194837,105.6815,-67.7959,9.62,0,,,,,?,968.5,timeout
TIC 177161030,104.1882,-69.3582,9.62,0,,,,,34,11.3,ok
TIC 278732681,99.8715,-54.1414,9.62,0,,,,,21,10.6,ok
TIC 186239331,132.0099,-31.781,9.63,0,,,,,2,9.2,ok
TIC 308841571,152.4018,-17.841,9.63,0,,,,,6,8.0,ok
TIC 169226822,160.5588,-3.835,9.63,0,,,,,?,281.8,timeout
TIC 142019343,97.2278,-73.3264,9.63,0,,,,,?,146.5,timeout
TIC 183083258,124.8477,-36.7141,9.63,0,,,,,1,5.1,ok
TIC 260368246,95.2999,-58.9595,9.63,0,,,,,33,10.1,ok
TIC 294982222,72.2734,-66.8591,9.63,1,1.5471,103.8,rejete,variabilite_continue,7,12.5,ok
TIC 123828144,116.0648,-43.0178,9.63,0,,,,,6,9.0,ok
TIC 293267910,98.5768,-62.4849,9.63,0,,,,,30,11.5,ok
TIC 350929806,90.4027,-55.2179,9.63,0,,,,,23,11.1,ok
TIC 38707757,66.5578,-61.7318,9.63,0,,,,,41,15.4,ok
TIC 441334176,145.2735,-54.9242,9.63,0,,,,,4,8.2,ok
TIC 272187410,116.7745,-74.6175,9.63,0,,,,,19,12.0,ok
TIC 55784567,75.5304,-65.891,9.63,0,,,,,7,13.5,ok
TIC 349644592,112.181,-60.849,9.63,0,,,,,21,13.4,ok
TIC 300743667,116.3762,-70.4245,9.63,0,,,,,34,14.2,ok
TIC 260079188,92.1201,-54.5807,9.63,0,,,,,35,16.7,ok
TIC 220428348,72.7666,-59.0025,9.63,0,,,,,21,11.9,ok
TIC 350297677,83.6672,-57.6969,9.64,0,,,,,34,13.3,ok
TIC 445330586,112.2634,-48.4537,9.64,0,,,,,3,5.6,ok
TIC 177167539,104.8788,-67.0995,9.64,0,,,,,29,11.5,ok
TIC 293935874,106.4893,-58.0017,9.64,0,,,,,21,12.6,ok
TIC 25118098,61.7916,-71.5135,9.64,0,,,,,31,16.6,ok
TIC 150429609,96.9986,-62.9539,9.64,0,,,,,21,11.7,ok
TIC 31266926,88.1558,-71.5154,9.64,0,,,,,30,17.5,ok
TIC 179688102,147.2309,-4.8117,9.64,0,,,,,1,6.8,ok
TIC 198076565,63.9074,-59.8243,9.64,0,,,,,19,16.4,ok
TIC 32089054,58.3193,-70.1738,9.64,0,,,,,22,12.7,ok
TIC 167795243,104.2787,-62.7768,9.64,0,,,,,18,11.0,ok
TIC 142017509,96.8427,-76.7369,9.64,0,,,,,33,11.5,ok
TIC 238185145,54.7776,-72.5133,9.64,0,,,,,22,12.2,ok
TIC 19493816,139.6101,-33.0312,9.64,0,,,,,1,4.7,ok
TIC 141408295,83.7112,-71.9856,9.65,0,,,,,7,8.7,ok
TIC 350583319,87.1227,-59.5901,9.65,0,,,,,31,10.9,ok
TIC 279361150,104.7813,-57.524,9.65,0,,,,,30,12.7,ok
TIC 55652825,74.093,-63.1084,9.65,0,,,,,43,11.8,ok
TIC 350931523,90.7213,-56.0144,9.65,0,,,,,32,11.3,ok
TIC 187930369,159.2784,-25.5717,9.65,0,,,,,6,7.8,ok
TIC 375089600,100.2806,-62.1622,9.65,0,,,,,31,10.9,ok
TIC 272003260,114.9561,-76.4611,9.65,0,,,,,25,15.5,ok
TIC 277022505,83.765,-69.7506,9.65,0,,,,,38,11.7,ok
TIC 300446243,111.6267,-66.2479,9.65,0,,,,,20,11.7,ok
TIC 38570700,63.1394,-63.4629,9.65,0,,,,,17,11.3,ok
TIC 60905191,139.9437,-10.4765,9.65,0,,,,,4,7.4,ok
TIC 300655891,114.729,-71.6791,9.65,0,,,,,21,10.9,ok
TIC 279052764,102.2008,-58.0723,9.65,0,,,,,32,12.8,ok
TIC 33864178,65.4125,-72.9758,9.65,0,,,,,30,14.0,ok
TIC 373594903,80.9897,-66.3885,9.65,0,,,,,26,13.4,ok
TIC 306631838,119.7494,-69.6845,9.66,0,,,,,29,12.5,ok
TIC 276863693,83.68,-66.9023,9.66,0,,,,,?,970.5,timeout
TIC 278776865,99.8601,-58.4599,9.66,0,,,,,?,155.1,timeout
TIC 300381910,111.2891,-67.3426,9.66,0,,,,,34,12.2,ok
TIC 300442914,111.586,-70.9906,9.66,0,,,,,20,12.9,ok
TIC 260266449,94.0744,-59.3151,9.66,0,,,,,30,12.7,ok
TIC 141811445,92.5599,-77.4696,9.66,0,,,,,33,10.9,ok
TIC 55295030,76.6842,-61.8018,9.66,0,,,,,20,12.3,ok
TIC 150141418,92.8363,-63.3183,9.66,0,,,,,29,11.6,ok
TIC 38607156,64.4748,-63.233,9.66,0,,,,,20,11.6,ok
TIC 278684349,99.2294,-57.0118,9.66,0,,,,,33,10.4,ok
TIC 260003329,91.125,-57.6724,9.66,0,,,,,42,14.0,ok
TIC 231744384,78.2222,-67.7433,9.66,0,,,,,28,12.0,ok
TIC 25080435,60.791,-70.7598,9.66,0,,,,,21,15.0,ok
TIC 278775323,99.6883,-55.6673,9.67,0,,,,,34,12.4,ok
TIC 150356135,95.8456,-65.6931,9.67,0,,,,,7,9.6,ok
TIC 75140051,138.5227,-44.348,9.67,0,,,,,1,2.8,ok
TIC 300290733,109.998,-71.3691,9.67,0,,,,,43,11.0,ok
TIC 279056085,102.5208,-56.1767,9.67,0,,,,,28,11.9,ok
TIC 149473171,85.1728,-61.2091,9.67,0,,,,,32,9.7,ok
TIC 29778239,64.8283,-66.0429,9.67,0,,,,,32,9.5,ok
TIC 299943243,106.6418,-67.9757,9.67,0,,,,,21,9.4,ok
TIC 150250236,94.4005,-63.2827,9.67,0,,,,,31,9.9,ok
TIC 149449888,85.0704,-62.1066,9.67,0,,,,,31,12.6,ok
TIC 391808671,160.0153,-16.4675,9.67,0,,,,,2,4.6,ok
TIC 238229082,59.3634,-76.9635,9.67,0,,,,,27,12.7,ok
TIC 350743714,88.8862,-57.2909,9.67,1,7.7573,269.7,a_verifier,,28,15.0,ok
TIC 300510333,112.2535,-70.239,9.67,0,,,,,41,10.9,ok
TIC 238061845,104.1212,-50.1579,9.67,0,,32.4,rejete,variabilite_continue;eclipse_secondaire,9,17.1,ok
TIC 370227778,85.5087,-75.2479,9.67,0,,,,,28,12.2,ok
TIC 167420065,100.0652,-66.066,9.67,0,,,,,21,12.6,ok
TIC 141481311,86.8712,-73.4754,9.68,0,,,,,40,14.9,ok
TIC 167554898,101.3156,-61.0913,9.68,1,4.4535,292.9,a_verifier,,37,15.4,ok
TIC 358460382,118.9409,-64.804,9.68,0,,,,,32,11.4,ok
TIC 55745232,74.7742,-63.4248,9.68,0,,,,,34,16.6,ok
TIC 300443382,111.7632,-70.2048,9.68,0,,,,,33,10.5,ok
TIC 177017653,101.9326,-71.3573,9.68,0,,,,,30,11.5,ok
TIC 382626661,118.5691,-65.4414,9.68,1,8.8073,17.0,rejete,variabilite_continue,40,15.9,ok
TIC 141410789,84.0085,-73.2369,9.68,0,,,,,21,14.5,ok
TIC 306738356,120.8045,-68.5587,9.68,0,,,,,31,10.2,ok
TIC 294625561,70.5659,-71.6062,9.68,0,,,,,29,11.0,ok
TIC 384473857,136.383,-59.6667,9.68,0,,,,,1,2.0,ok
TIC 295070302,72.608,-69.5253,9.68,0,,,,,1,3.5,ok
TIC 220457103,74.3083,-58.9675,9.68,0,,,,,33,10.6,ok
TIC 141755414,91.3835,-76.4023,9.68,0,,,,,21,11.7,ok
TIC 293218142,66.7662,-58.1,9.69,0,,,,,17,11.6,ok
TIC 413373047,160.9916,-18.8636,9.69,0,,,,,5,8.1,ok
TIC 3130636,138.8168,-41.2306,9.69,0,,,,,3,4.6,ok
TIC 150098860,91.7996,-61.9974,9.69,1,10.6955,40.9,rejete,variabilite_continue,38,16.6,ok
TIC 302047241,132.2279,-69.1672,9.69,0,,,,,17,11.7,ok
TIC 29828884,66.1385,-70.4304,9.69,0,,,,,33,12.2,ok
TIC 300601639,113.1222,-71.4352,9.69,0,,,,,28,10.8,ok
TIC 279055252,102.3537,-57.5692,9.69,0,,,,,32,10.7,ok
TIC 299802315,59.6478,-74.7465,9.69,0,,,,,21,10.3,ok
TIC 237921538,57.0506,-62.6486,9.69,0,,,,,19,11.3,ok
TIC 375056762,99.8522,-60.8686,9.69,0,,,,,30,11.5,ok
TIC 382627751,118.7745,-65.0104,9.69,0,,,,,32,9.8,ok
TIC 31382009,88.7212,-71.6519,9.69,0,,,,,26,10.8,ok
TIC 349095214,107.9961,-65.3927,9.69,0,,,,,21,11.7,ok
TIC 11936042,146.1146,-35.1047,9.69,0,,,,,3,4.7,ok
TIC 38425946,60.7811,-63.1048,9.69,0,,,,,23,11.1,ok
TIC 257720189,77.9634,-59.3927,9.69,0,,,,,32,10.3,ok
TIC 141606563,88.7589,-72.3186,9.69,0,,,,,15,9.8,ok
TIC 141412532,84.2288,-75.1595,9.69,0,,,,,31,11.3,ok
TIC 56557317,147.959,-11.5187,9.69,0,,,,,3,5.3,ok
TIC 300939511,117.8534,-70.2321,9.69,0,,,,,34,12.6,ok
TIC 260127345,92.1269,-57.3208,9.7,0,,,,,21,12.2,ok
TIC 55746262,74.9044,-60.9541,9.7,1,3.8067,31.8,rejete,variabilite_continue,31,16.6,ok
TIC 237923988,57.5739,-65.2852,9.7,0,,,,,22,14.7,ok
TIC 141471105,86.2727,-73.1343,9.7,0,,,,,31,9.5,ok
TIC 278862747,100.5876,-58.1816,9.7,0,,,,,29,10.0,ok
TIC 238374636,120.8376,-51.3456,9.7,1,1.3238,293.4,rejete,variabilite_continue,5,10.8,ok
TIC 293164833,66.2636,-58.782,9.7,0,,,,,20,12.7,ok
TIC 260075743,91.7826,-58.8013,9.7,0,,,,,21,9.6,ok
TIC 141000877,78.4506,-73.737,9.7,0,,,,,28,9.4,ok
TIC 350840485,89.7783,-54.7256,9.7,0,,,,,20,10.2,ok
TIC 300293429,110.4811,-68.2587,9.7,0,,,,,20,11.8,ok
TIC 32150672,59.1261,-68.4665,9.7,0,,,,,21,13.6,ok
TIC 293466528,50.3403,-79.2858,9.7,0,,,,,10,10.7,ok
TIC 33833443,63.5205,-75.3601,9.7,0,,,,,28,13.7,ok
TIC 350334901,84.1834,-58.8746,9.7,0,,,,,33,10.3,ok
TIC 149930150,89.6929,-61.7036,9.7,0,,,,,32,12.6,ok
TIC 382199165,81.5211,-57.8026,9.7,0,,,,,42,13.5,ok
TIC 74797054,138.0641,-47.5255,9.7,0,,,,,3,7.4,ok
TIC 179124163,79.4561,-71.9235,9.7,0,,,,,29,13.4,ok
TIC 25116119,61.2767,-66.8057,9.71,0,,,,,37,12.7,ok
TIC 260128434,92.2279,-59.7753,9.71,0,,,,,29,11.1,ok
TIC 300039099,107.6994,-69.0835,9.71,0,,,,,33,10.3,ok
TIC 167340438,98.561,-67.2201,9.71,0,,,,,7,9.1,ok
TIC 190216154,132.6513,-41.1979,9.71,0,,,,,1,5.7,ok
TIC 372851851,98.1561,-64.0705,9.71,0,,,,,29,11.5,ok
TIC 400391630,134.0446,-49.4906,9.71,0,,,,,8,10.4,ok
TIC 150441810,97.7121,-61.0892,9.71,0,,26.5,rejete,variabilite_continue;compagnon_trop_gros_2.7Rjup,20,18.5,ok
TIC 149603524,87.1397,-63.9883,9.71,0,,,,,38,10.9,ok
TIC 167011856,95.1469,-68.384,9.71,0,,,,,33,12.5,ok
TIC 293221711,98.3394,-63.3094,9.71,0,,,,,20,12.9,ok
TIC 197908268,58.6121,-58.5776,9.72,0,,,,,8,14.6,ok
TIC 41030783,90.2351,-71.9327,9.72,0,,,,,42,13.7,ok
TIC 350480967,85.9233,-56.4626,9.72,0,,,,,20,19.0,ok
TIC 360286627,141.9752,-61.33,9.72,0,,,,,5,17.8,ok
TIC 260266656,94.0179,-58.8822,9.72,0,,,,,39,15.1,ok
TIC 78151272,147.6295,-5.6334,9.72,0,,,,,2,4.1,ok
TIC 271575428,106.0028,-75.6943,9.72,0,,,,,?,283.9,timeout
TIC 382159772,80.9053,-57.136,9.72,0,,,,,34,11.5,ok
TIC 372913344,119.3686,-60.8399,9.72,0,,,,,18,17.9,ok
TIC 281630486,115.9513,-63.4789,9.72,0,,,,,6,11.1,ok
TIC 55780996,75.4853,-60.5118,9.72,0,,,,,32,14.0,ok
TIC 299899690,106.0722,-69.2684,9.72,0,,,,,32,15.1,ok
TIC 142149242,100.3327,-72.7775,9.72,0,,,,,33,12.7,ok
TIC 150361489,96.4565,-63.8168,9.72,0,,,,,23,12.6,ok
TIC 141608224,88.748,-74.0052,9.72,0,,,,,19,13.1,ok
TIC 286763141,150.3507,-38.8416,9.72,0,,,,,6,10.4,ok
TIC 260540380,97.0324,-54.9877,9.73,0,,,,,27,13.5,ok
TIC 177309573,103.1378,-75.0751,9.73,0,,,,,26,15.8,ok
TIC 149902366,88.0231,-61.271,9.73,0,,,,,30,15.5,ok
TIC 140997860,78.181,-76.1292,9.73,0,,,,,20,14.3,ok
TIC 293937351,106.6333,-56.1395,9.73,0,,,,,23,16.5,ok
TIC 220458134,74.6683,-57.427,9.73,0,,,,,31,13.7,ok
TIC 167337533,98.4282,-71.3238,9.73,0,,,,,41,18.6,ok
TIC 300159675,108.9999,-71.0529,9.73,0,,,,,21,16.4,ok
TIC 401014546,134.7022,-53.0563,9.73,0,,,,,5,8.6,ok
TIC 400598180,134.4671,-49.6973,9.73,0,,,,,8,10.8,ok
TIC 278957489,101.3402,-59.0083,9.73,0,,,,,20,10.6,ok
TIC 141826495,93.6174,-72.0785,9.73,0,,,,,32,10.8,ok
TIC 141978023,96.3005,-76.235,9.73,0,,,,,28,11.4,ok
TIC 261104864,82.9871,-78.2906,9.73,0,,,,,20,12.6,ok
TIC 307212227,124.4742,-69.7041,9.73,0,,,,,20,13.0,ok
TIC 300444683,111.4942,-68.3011,9.73,0,,,,,21,13.1,ok
TIC 339961200,112.555,-58.5395,9.73,0,,,,,29,14.3,ok
TIC 150320456,95.6675,-64.0463,9.73,0,,,,,29,12.9,ok
TIC 143842198,118.9162,-43.3568,9.74,0,,,,,6,8.4,ok
TIC 382518753,117.5556,-65.3582,9.74,0,,,,,21,11.5,ok
TIC 300602255,113.4344,-71.4476,9.74,0,,,,,21,13.0,ok
TIC 350294979,83.5157,-57.302,9.74,0,,,,,32,14.1,ok
TIC 391891312,115.401,-69.9074,9.74,0,,,,,32,9.6,ok
TIC 33877534,66.0393,-76.2803,9.74,0,,,,,30,14.2,ok
TIC 238192857,56.0407,-73.1485,9.74,0,,,,,23,15.4,ok
TIC 350560674,86.5545,-58.4865,9.74,0,,,,,20,13.2,ok
TIC 149931603,89.492,-64.2983,9.74,0,,,,,33,16.5,ok
TIC 391625084,138.9858,-49.7511,9.74,0,,,,,6,10.1,ok
TIC 271977529,114.4183,-72.166,9.74,0,,,,,31,12.6,ok
TIC 167751145,103.9712,-64.9971,9.74,0,,,,,34,19.1,ok
TIC 29832730,66.7112,-71.2046,9.74,0,,,,,20,12.3,ok
TIC 364588606,85.0679,-76.3861,9.74,0,,,,,33,11.9,ok
TIC 185414992,129.7657,-34.9199,9.74,0,,,,,3,10.2,ok
TIC 149625812,87.0407,-65.0391,9.75,0,,,,,26,13.7,ok
TIC 349194688,108.7848,-64.2294,9.75,0,,,,,33,17.8,ok
TIC 142085192,98.2176,-76.7889,9.75,0,,,,,33,17.0,ok
TIC 25155984,63.3166,-71.5565,9.75,0,,,,,34,15.2,ok
TIC 44764568,146.4159,-39.0423,9.75,0,,,,,4,7.9,ok
TIC 408416746,145.6451,-19.2363,9.75,0,,,,,5,15.4,ok
TIC 350335258,84.0255,-59.8576,9.75,0,,,,,?,289.2,timeout
TIC 40717365,78.6196,-67.4735,9.75,0,,,,,?,149.3,timeout
TIC 150359500,96.4834,-60.0567,9.75,0,,,,,42,10.0,ok
TIC 391893752,115.5577,-66.4364,9.75,0,,,,,24,17.8,ok
TIC 141480937,86.9666,-73.8818,9.75,0,,,,,29,15.3,ok
TIC 257721425,78.3156,-56.8194,9.75,0,,,,,29,12.2,ok
TIC 306671851,120.574,-68.5139,9.75,0,,,,,20,15.0,ok
TIC 430503923,130.8846,-45.8934,9.75,0,,,,,3,7.0,ok
TIC 350481129,86.0226,-56.1274,9.75,0,,,,,20,15.7,ok
TIC 139371265,67.2903,-70.7757,9.75,0,,,,,21,14.8,ok
TIC 38827910,68.4859,-61.4878,9.75,0,,,,,41,15.0,ok
TIC 177080157,103.3169,-66.3443,9.75,0,,,,,29,15.7,ok
TIC 349971680,114.5864,-61.3455,9.75,0,,,,,20,13.1,ok
TIC 1524976,153.5418,-17.1685,9.76,0,,,,,5,9.0,ok
TIC 349765331,112.883,-62.8171,9.76,0,,,,,21,11.7,ok
TIC 350842838,89.913,-59.8265,9.76,0,,,,,39,8.8,ok
TIC 309699051,79.4113,-63.2051,9.76,0,,,,,33,14.4,ok
TIC 149601451,87.1013,-60.1911,9.76,0,,,,,20,11.3,ok
TIC 350560959,86.5005,-59.176,9.76,0,,,,,39,13.2,ok
TIC 38634014,65.0103,-62.5491,9.76,0,,,,,20,13.7,ok
TIC 349835272,113.8762,-63.8622,9.76,0,,,,,21,14.6,ok
TIC 38680230,65.527,-61.9163,9.76,0,,,,,30,11.0,ok
TIC 300515248,112.6122,-67.8258,9.76,0,,,,,34,15.5,ok
TIC 260162101,92.7776,-56.1686,9.76,0,,,,,21,11.8,ok
TIC 410486289,119.9779,-63.8076,9.76,0,,,,,23,12.5,ok
TIC 149178462,81.7511,-64.0378,9.76,0,,,,,30,11.7,ok
TIC 33834068,63.5732,-73.8234,9.76,0,,,,,33,12.6,ok
TIC 349097226,108.0564,-62.0467,9.76,0,,,,,21,12.8,ok
TIC 261154865,86.4282,-78.8004,9.76,0,,,,,35,14.6,ok
TIC 141413706,84.2094,-77.7357,9.76,0,,,,,20,12.7,ok
TIC 275254541,148.3682,2.0572,9.76,0,,,,,6,7.6,ok
TIC 33881153,66.2969,-76.1934,9.76,0,,,,,32,10.6,ok
TIC 150320610,95.62,-63.6958,9.76,0,,,,,14,11.6,ok
TIC 48014453,147.2014,-35.2257,9.76,0,,,,,4,5.1,ok
TIC 294328158,108.9131,-59.5581,9.77,0,,,,,21,11.1,ok
TIC 141770592,92.0997,-77.6534,9.77,0,,,,,?,971.9,timeout
TIC 381924953,76.1736,-57.369,9.77,0,,,,,?,149.8,timeout
TIC 167812099,104.7628,-62.3537,9.77,0,,,,,32,12.6,ok
TIC 300243406,109.6837,-69.1195,9.77,0,,,,,32,12.6,ok
TIC 142081674,97.649,-72.8333,9.77,0,,,,,27,9.8,ok
TIC 382575967,118.2226,-60.7859,9.77,0,,,,,25,12.9,ok
TIC 30265037,74.0162,-70.6141,9.77,0,,,,,40,10.9,ok
TIC 123036539,113.5831,-46.504,9.77,0,,,,,5,8.3,ok
TIC 300808472,116.6116,-67.0067,9.77,0,,,,,21,12.2,ok
TIC 167602738,101.8456,-61.2151,9.77,0,,,,,?,151.5,timeout
TIC 261260849,90.2757,-78.4012,9.77,0,,,,,19,13.3,ok
TIC 33879314,66.1659,-72.0886,9.77,0,,,,,32,13.3,ok
TIC 185476952,129.9748,-30.5,9.77,0,,,,,7,11.1,ok
TIC 306578324,119.2512,-66.5974,9.77,0,,,,,18,13.0,ok
TIC 41172972,91.2881,-69.3016,9.77,0,,,,,24,13.2,ok
TIC 40511114,77.6985,-69.7517,9.77,0,,,,,30,12.6,ok
TIC 40795195,78.6316,-69.2315,9.77,0,,,,,29,13.9,ok
TIC 344888598,150.8055,0.3111,9.77,0,,,,,6,9.6,ok
TIC 31105402,76.3771,-68.2561,9.77,0,,,,,30,16.1,ok
TIC 33879968,66.2988,-73.1186,9.77,0,,,,,22,13.0,ok
TIC 189643457,144.3942,-25.7875,9.78,0,,,,,2,11.8,ok
TIC 177117281,103.805,-67.0176,9.78,0,,,,,38,14.8,ok
TIC 349156098,108.1822,-64.7082,9.78,1,1.2019,307.3,rejete,variabilite_continue;eclipse_secondaire,42,18.0,ok
TIC 150102853,91.9625,-65.2783,9.78,0,,,,,19,11.4,ok
TIC 350331962,83.778,-56.2832,9.78,0,,,,,21,12.2,ok
TIC 260471066,96.1578,-58.9934,9.78,0,,,,,32,11.6,ok
TIC 357898147,138.3755,-62.9857,9.78,0,,,,,7,8.3,ok
TIC 349374407,110.0853,-61.6536,9.78,0,,,,,33,11.1,ok
TIC 25080867,61.0908,-71.5588,9.78,0,,,,,31,13.2,ok
TIC 340175990,113.82,-59.6913,9.78,0,,,,,24,14.7,ok
TIC 167012000,95.168,-68.508,9.78,0,,,,,24,15.7,ok
TIC 272189867,117.1231,-72.3987,9.78,0,,,,,41,11.2,ok
TIC 167793452,104.2359,-65.7139,9.78,0,,,,,22,13.1,ok
TIC 150275360,94.8529,-63.2057,9.78,0,,,,,31,14.8,ok
TIC 391947542,108.1025,-75.0165,9.78,0,,,,,38,12.7,ok
TIC 350343735,84.4225,-58.3252,9.78,0,,,,,25,13.4,ok
TIC 991806,165.5969,-5.0505,9.78,0,,,,,2,7.4,ok
TIC 30314282,74.4067,-67.1919,9.78,0,,,,,30,14.9,ok
TIC 142106374,99.0929,-73.2224,9.78,0,,,,,29,13.0,ok
TIC 167755378,104.2042,-62.1672,9.79,0,,,,,34,16.7,ok
TIC 141822625,93.1734,-76.7694,9.79,0,,,,,21,19.8,ok
TIC 294874367,71.8591,-67.1595,9.79,0,,,,,21,18.1,ok
TIC 418096656,146.1855,-18.2148,9.79,0,,,,,5,8.4,ok
TIC 440971753,144.7532,-54.0626,9.79,0,,,,,6,8.2,ok
TIC 56665956,158.7563,-9.412,9.79,0,,,,,4,7.3,ok
TIC 306631844,119.8056,-69.6884,9.79,0,,,,,20,16.7,ok
TIC 38586127,64.1215,-61.0837,9.79,0,,,,,24,17.5,ok
TIC 441444256,145.3729,-54.4239,9.79,0,,,,,6,12.5,ok
TIC 143403118,155.0541,-3.904,9.79,0,,,,,1,9.0,ok
TIC 277300045,84.54,-69.1059,9.79,0,,,,,28,13.3,ok
TIC 141910291,94.1845,-77.8941,9.79,0,,,,,21,13.9,ok
TIC 38601129,64.4595,-64.8508,9.79,0,,,,,21,13.7,ok
TIC 55659311,74.1176,-64.4873,9.79,0,,,,,26,12.5,ok
TIC 33837347,64.4199,-77.4835,9.79,0,,,,,29,13.1,ok
TIC 357373996,137.0425,-64.5392,9.79,0,,,,,1,9.5,ok
TIC 149543201,86.5384,-65.869,9.79,0,,,,,2,8.5,ok
TIC 182992572,124.6595,-40.6188,9.79,0,,,,,3,8.1,ok
TIC 167417551,99.6084,-69.9153,9.79,0,,,,,20,13.7,ok
TIC 278779927,100.0133,-55.5578,9.79,0,,,,,21,13.8,ok
TIC 55369456,77.5011,-62.2273,9.79,0,,,,,20,16.3,ok
TIC 293220616,98.4253,-64.404,9.79,0,,,,,18,17.3,ok
TIC 144996866,131.4695,-53.4578,9.79,0,,,,,6,7.8,ok
TIC 141626783,89.683,-75.3956,9.8,0,,,,,?,418.2,timeout
TIC 141622065,89.2288,-73.3425,9.8,0,,,,,26,12.5,ok
TIC 55388535,77.6635,-63.3734,9.8,0,,,,,20,11.8,ok
TIC 300442687,111.5392,-71.3978,9.8,0,,,,,21,11.8,ok
TIC 38845336,68.9919,-61.0436,9.8,0,,,,,7,9.6,ok
TIC 149473839,85.1105,-62.5525,9.8,0,,,,,21,12.9,ok
TIC 77610685,153.0475,-3.5277,9.8,0,,,,,4,7.9,ok
TIC 302792253,135.4515,-67.1874,9.8,0,,,,,1,3.5,ok
TIC 167365279,98.9507,-67.3804,9.8,0,,,,,37,14.2,ok
TIC 349644606,112.1162,-60.8654,9.81,0,,,,,21,13.6,ok
TIC 271795905,111.1716,-73.5236,9.81,0,,,,,43,11.0,ok
TIC 294205605,107.9418,-58.7919,9.81,0,,,,,33,11.5,ok
TIC 260132330,92.5969,-56.3778,9.81,0,,,,,?,967.9,timeout
TIC 277103752,84.078,-66.6765,9.81,0,,,,,?,285.7,timeout
TIC 299023386,143.4663,-53.5616,9.81,0,,,,,6,11.2,ok
TIC 370228189,85.6731,-75.8607,9.81,0,,,,,29,14.1,ok
TIC 348993992,106.9072,-65.5363,9.81,0,,,,,21,14.0,ok
TIC 262609501,116.3091,-62.3532,9.81,0,,,,,20,13.3,ok
TIC 308919449,122.6181,-65.8524,9.81,0,,,,,23,13.6,ok
TIC 38515807,62.7587,-63.8796,9.81,0,,,,,19,12.6,ok
TIC 55761028,75.3721,-61.3951,9.81,0,,,,,20,12.6,ok
TIC 277173650,84.1966,-69.4978,9.81,0,,,,,38,13.3,ok
TIC 375059587,100.1043,-63.339,9.82,0,,,,,43,14.0,ok
TIC 350582439,86.9623,-58.3186,9.82,0,,,,,19,12.0,ok
TIC 177253314,101.9074,-72.7432,9.82,0,,,,,34,10.5,ok
TIC 382302322,83.1764,-58.4309,9.82,0,,,,,33,12.2,ok
TIC 382517717,117.5966,-64.0039,9.82,0,,,,,21,11.8,ok
TIC 55455221,70.7872,-60.8817,9.82,0,,,,,32,14.1,ok
TIC 340003212,112.8328,-54.7839,9.82,0,,,,,12,10.4,ok
TIC 150065244,91.6148,-63.3124,9.82,0,,,,,28,11.3,ok
TIC 350743723,88.7911,-57.2597,9.82,0,,,,,20,11.9,ok
TIC 300161002,109.3068,-70.6126,9.82,0,,,,,32,12.3,ok
TIC 300039564,107.6626,-69.8406,9.82,0,,,,,33,12.6,ok
TIC 300085109,107.6547,-70.8607,9.82,0,,,,,29,14.0,ok
TIC 141607553,88.7157,-73.2886,9.82,0,,,,,21,13.6,ok
TIC 377017255,78.403,-78.309,9.82,0,,,,,25,11.3,ok
