nom,RA,Dec,Tmag,n_candidats,periodes,snr_max,verdict_auto,raisons_auto,n_secteurs,secondes,status
TIC 149988523,90.5391,-60.0968,4.0,0,,,,,44,18.3,ok
TIC 139232635,346.7193,-43.5204,4.04,0,,,,,5,9.4,ok
TIC 278634692,333.9042,-41.3465,4.05,0,,,,,4,7.6,ok
TIC 234309613,35.4364,-68.6594,4.07,0,,,,,11,18.4,ok
TIC 140692280,73.7974,-74.9364,4.07,0,,,,,42,17.8,ok
TIC 80081010,330.8199,-31.4453,4.11,0,,,,,3,6.4,ok
TIC 394007775,329.4801,-54.9926,4.11,0,,,,,7,12.1,ok
TIC 230981234,24.187,-58.271,4.12,0,,,,,6,10.1,ok
TIC 278987417,101.8279,-55.5398,4.14,0,,,,,37,17.4,ok
TIC 149542947,86.1927,-65.7355,4.14,0,,,,,33,18.6,ok
TIC 289950895,318.3229,-27.6201,4.14,0,,,,,5,9.2,ok
TIC 167088607,95.66,-69.9838,4.15,0,,,,,40,17.4,ok
TIC 201234655,359.733,-52.7454,4.15,0,,,,,10,17.7,ok
TIC 215114682,342.7591,-39.1569,4.16,0,,,,,5,9.6,ok
TIC 137836578,335.3981,-21.5988,4.19,0,,,,,5,33.0,ok
TIC 259862349,39.8989,-68.2669,4.2,0,,,,,12,17.6,ok
TIC 381949122,76.3773,-57.4719,4.22,0,,,,,45,17.4,ok
TIC 141280255,82.974,-76.3391,4.23,0,,,,,42,17.9,ok
TIC 260605873,97.3683,-56.8526,4.24,0,,,,,44,17.7,ok
TIC 234524385,15.6789,-65.4561,4.24,0,,,,,8,14.6,ok
TIC 47296054,340.1641,-27.0436,4.26,0,,,,,4,7.4,ok
TIC 92730897,316.6028,-32.3416,4.27,0,,,,,4,7.5,ok
TIC 271503437,7.8907,-62.9659,4.28,0,,,,,10,18.3,ok
TIC 308844962,122.2506,-61.3043,4.29,0,,,,,19,18.4,ok
TIC 253923638,337.8768,-32.3462,4.31,0,,,,,4,7.6,ok
TIC 219323708,331.4633,-59.6364,4.31,0,,,,,10,17.6,ok
TIC 278664109,334.1105,-41.6273,4.31,0,,,,,3,6.2,ok
TIC 270678026,87.7218,-52.1094,4.33,0,,,,,17,18.0,ok
TIC 262843771,52.35,-62.9351,4.33,0,,,,,12,18.2,ok
TIC 165109591,323.0247,-41.1792,4.36,0,,,,,4,7.5,ok
TIC 358466601,119.0776,-60.5264,4.36,0,,,,,22,17.2,ok
TIC 281703963,10.8384,-57.463,4.37,0,,26.2,rejete,variabilite_continue;eclipse_secondaire,10,24.2,ok
TIC 255686390,98.744,-52.9755,4.38,0,,,,,23,17.2,ok
TIC 44625967,341.4196,-46.5474,4.38,0,,,,,5,9.2,ok
TIC 38680734,65.4734,-63.3852,4.38,0,,,,,45,17.3,ok
TIC 204451102,326.237,-33.0264,4.4,0,,,,,4,7.5,ok
TIC 326327761,325.5036,-23.2635,4.41,0,,,,,4,7.3,ok
TIC 237906898,21.2725,-64.3696,4.41,0,,,,,8,14.3,ok
TIC 115108198,316.6066,-41.386,4.41,0,,,,,4,7.8,ok
TIC 161383245,345.2825,-50.95,4.42,0,,,,,7,12.4,ok
TIC 141810080,92.5633,-74.7544,4.43,0,,,,,45,17.9,ok
TIC 299800007,37.923,-79.1097,4.43,0,,,,,11,18.0,ok
TIC 271503441,7.8873,-62.9586,4.44,0,,,,,10,17.5,ok
TIC 149304313,83.2489,-64.2275,4.45,0,,,,,40,18.0,ok
TIC 229057867,332.0965,-32.9887,4.46,0,,,,,4,7.9,ok
TIC 30762159,75.6791,-71.3142,4.46,0,,,,,42,17.7,ok
TIC 350222083,356.0504,-64.4042,4.48,0,,,,,7,12.6,ok
TIC 97402436,332.5399,-32.5483,4.48,0,,,,,4,7.5,ok
TIC 50308940,30.4681,-74.4458,4.5,0,,,,,12,18.1,ok
TIC 38699658,66.272,-61.238,4.5,0,,,,,44,17.7,ok
TIC 38574220,63.7022,-62.1912,4.5,0,,,,,42,17.7,ok
TIC 150320620,95.7558,-63.683,4.5,1,2.2113,17.0,rejete,variabilite_continue;eclipse_secondaire;compagnon_trop_gros_8.6Rjup,40,23.7,ok
TIC 39082723,13.7514,-69.5274,4.51,0,,,,,9,16.1,ok
TIC 52194638,18.9496,-68.8752,4.52,0,,,,,8,14.9,ok
TIC 167126852,96.3691,-69.689,4.53,0,,,,,42,18.5,ok
TIC 402311665,33.87,-67.7464,4.54,0,,,,,8,14.5,ok
TIC 306829961,121.9819,-68.6169,4.55,0,,,,,38,17.7,ok
TIC 469906369,336.8343,-64.9663,4.55,0,,,,,10,17.9,ok
TIC 355653322,359.9798,-65.5773,4.57,0,,,,,6,11.0,ok
TIC 234547938,16.8288,-61.7754,4.59,0,,,,,10,17.5,ok
TIC 206663039,343.1311,-32.8757,4.59,0,,,,,4,7.5,ok
TIC 317019578,336.1818,-72.2598,4.6,0,,,,,11,18.2,ok
TIC 161167878,339.1626,-48.3061,4.6,0,,,,,5,9.4,ok
TIC 152875656,337.1637,-39.1328,4.63,0,,,,,4,7.3,ok
TIC 231842161,25.45,-60.7896,4.63,0,,,,,8,14.7,ok
TIC 129649472,321.5967,-37.8295,4.63,0,,,,,4,7.1,ok
TIC 279649049,49.5724,-62.5021,4.64,0,,,,,11,18.0,ok
TIC 220424200,72.2697,-56.6664,4.66,0,,,,,29,18.0,ok
TIC 29388651,313.5273,-27.9253,4.66,0,,,,,4,7.5,ok
TIC 197692262,329.825,-38.3951,4.66,0,,,,,4,7.5,ok
TIC 301892354,328.9096,-21.1402,4.67,0,,,,,5,9.3,ok
TIC 144301739,354.4631,-45.4924,4.68,0,,,,,8,14.2,ok
TIC 219120679,340.2045,-57.4224,4.68,0,,,,,7,12.5,ok
TIC 266586474,319.4849,-32.1727,4.68,0,,,,,4,7.4,ok
TIC 389662055,323.3478,-44.8487,4.69,0,,,,,4,7.4,ok
TIC 319244608,351.3321,-56.8491,4.71,0,,,,,7,12.8,ok
TIC 403150483,334.0344,-57.5682,4.71,0,,,,,7,12.7,ok
TIC 159834975,320.1908,-40.8095,4.71,0,,,,,4,8.5,ok
TIC 267091211,5.3703,-77.4269,4.71,0,,,,,6,25.6,ok
TIC 259291108,336.2365,-57.7998,4.71,0,,,,,6,13.1,ok
TIC 70450439,340.0921,-30.6603,4.73,0,,,,,3,5.8,ok
TIC 441203057,335.8793,-24.7627,4.73,0,,,,,3,5.3,ok
TIC 260507093,96.767,-58.0021,4.74,0,,,,,43,18.4,ok
TIC 206554793,333.5753,-21.0742,4.74,0,,,,,4,7.1,ok
TIC 260372062,95.4196,-56.3624,4.76,0,,,,,41,17.5,ok
TIC 237881358,19.3964,-65.2117,4.76,0,,,,,8,14.7,ok
TIC 142108949,99.4236,-77.5384,4.76,0,,,,,42,17.5,ok
TIC 30110465,73.3771,-66.6753,4.77,0,,,,,42,18.1,ok
TIC 406320735,327.5005,-64.7128,4.78,0,,,,,9,16.3,ok
TIC 231709307,351.8131,-58.4756,4.78,0,,,,,6,10.7,ok
TIC 259902074,41.3871,-67.6163,4.78,0,,,,,12,17.6,ok
TIC 229058393,332.0809,-34.5564,4.78,0,,,,,4,7.7,ok
TIC 175375523,348.7452,-41.1061,4.79,0,,,,,5,9.2,ok
TIC 389751797,350.9394,-43.1243,4.8,0,,,,,6,11.3,ok
TIC 92708166,316.5051,-30.1256,4.81,0,,,,,4,7.3,ok
TIC 53991812,331.0993,-29.9165,4.82,0,,,,,4,7.4,ok
TIC 231267777,334.5699,-53.6312,4.82,0,,,,,7,13.0,ok
TIC 404223181,356.1719,-78.7914,4.82,0,,,,,7,12.7,ok
TIC 355765312,3.5868,-62.7719,4.83,0,,,,,9,15.7,ok
TIC 159672173,318.2644,-39.4257,4.83,0,,,,,4,7.3,ok
TIC 80085234,331.1771,-35.6963,4.84,0,,,,,3,5.9,ok
TIC 234293880,357.4928,-61.1353,4.85,0,,,,,8,14.8,ok
TIC 349647610,112.2143,-64.5099,4.86,0,,,,,44,17.6,ok
TIC 281763691,12.4841,-57.3862,4.87,0,,,,,10,17.9,ok
TIC 220559249,44.6995,-64.0713,4.87,0,,,,,9,17.2,ok
TIC 234497281,10.6783,-60.2631,4.87,0,,,,,10,17.6,ok
TIC 253934781,339.1473,-31.6641,4.88,0,,,,,4,7.4,ok
TIC 160070294,345.9986,-41.4785,4.89,0,,,,,6,11.4,ok
TIC 260972404,75.0546,-78.3,4.89,0,,,,,36,18.3,ok
TIC 197980430,326.0755,-55.4732,4.89,0,,,,,9,15.9,ok
TIC 255560740,96.2015,-52.8062,4.89,0,,,,,20,17.5,ok
TIC 38759751,66.9416,-62.5212,4.89,0,,,,,43,17.8,ok
TIC 382630542,118.6227,-61.8717,4.89,0,,,,,27,18.0,ok
TIC 279649057,49.4614,-62.571,4.9,0,,,,,11,17.8,ok
TIC 370327409,64.498,-80.2136,4.9,0,,,,,18,18.0,ok
TIC 350136745,52.495,-78.352,4.9,0,,,,,16,18.5,ok
TIC 293972244,106.7,-58.3809,4.9,0,,,,,42,18.1,ok
TIC 214659089,340.8762,-40.129,4.9,0,,,,,4,8.0,ok
TIC 234498449,10.6191,-65.4678,4.91,0,,,,,10,17.0,ok
TIC 115015109,315.7412,-38.6322,4.91,0,,,,,4,8.1,ok
TIC 38828538,68.3898,-62.8238,4.91,0,,,,,42,17.6,ok
TIC 350563801,86.8056,-54.3607,4.91,0,,,,,32,17.6,ok
TIC 220517490,41.3648,-63.7046,4.92,0,,,,,11,17.9,ok
TIC 273476652,347.1489,-73.5861,4.93,0,,,,,10,17.8,ok
TIC 321908941,0.2689,-48.8099,4.93,0,,,,,7,12.6,ok
TIC 176960513,101.2315,-70.4337,4.95,0,,,,,41,17.3,ok
TIC 115011683,315.6145,-38.5321,4.96,0,,,,,4,7.5,ok
TIC 220526882,43.0801,-62.9096,4.96,0,,,,,11,17.4,ok
TIC 260852919,349.5838,-67.4711,4.98,0,,,,,10,17.4,ok
TIC 308395911,120.0832,-63.5673,4.98,0,,,,,28,17.3,ok
TIC 425904893,359.7691,-56.5757,4.98,0,,,,,11,17.0,ok
TIC 382582555,36.2237,-60.3128,4.99,0,,,,,7,12.7,ok
TIC 316934780,356.08,-54.4361,5.0,0,,,,,10,17.9,ok
TIC 204500565,326.9337,-30.8983,5.0,0,,,,,4,7.8,ok
TIC 363913149,89.31,-53.4257,5.0,0,,,,,29,17.7,ok
TIC 375092757,88.7085,-52.6339,5.02,1,1.4688,23.4,rejete,variabilite_continue;eclipse_secondaire,20,23.9,ok
TIC 139349673,349.1658,-44.4892,5.02,0,,,,,6,11.2,ok
TIC 147407292,327.0672,-47.3056,5.02,0,,,,,4,7.7,ok
TIC 453101438,116.0032,-67.2018,5.03,0,,,,,43,17.8,ok
TIC 260971201,74.7121,-82.4705,5.04,0,,,,,13,18.2,ok
TIC 197951792,346.7894,-49.6061,5.04,0,,,,,8,16.2,ok
TIC 238925893,94.4657,-52.733,5.05,0,,,,,22,17.9,ok
TIC 372914091,119.4523,-60.3023,5.05,0,,,,,20,17.6,ok
TIC 261746757,26.2426,-80.1855,5.06,0,,,,,8,15.0,ok
TIC 50440486,35.7161,-73.6457,5.08,0,,,,,12,18.4,ok
TIC 255559203,95.9072,-52.181,5.08,0,,,,,18,17.1,ok
TIC 160070136,345.9276,-40.817,5.08,0,,,,,5,9.3,ok
TIC 469974193,8.1842,-63.0318,5.08,0,,,,,10,17.6,ok
TIC 139730235,323.3233,-52.7379,5.09,0,,,,,7,13.0,ok
TIC 372908550,119.4234,-65.9087,5.09,0,,,,,37,17.5,ok
TIC 255630992,97.8275,-51.8253,5.09,0,,,,,15,17.8,ok
TIC 364423809,69.5903,-77.6561,5.1,0,,,,,38,18.1,ok
TIC 431380163,48.9937,-77.388,5.11,0,,,,,15,18.0,ok
TIC 220414802,71.0885,-59.7325,5.11,0,,39.6,rejete,variabilite_continue;eclipse_secondaire,41,22.9,ok
TIC 261136679,84.3035,-80.4622,5.11,1,3.1337,16.7,rejete,variabilite_continue;eclipse_secondaire,24,24.0,ok
TIC 350094361,115.1369,-64.3233,5.11,0,,,,,44,17.9,ok
TIC 350765991,89.2001,-59.4222,5.12,0,,,,,43,17.7,ok
TIC 175400332,349.5423,-40.8252,5.12,0,,,,,6,10.8,ok
TIC 441162150,333.4357,-25.1808,5.12,0,,,,,4,7.6,ok
TIC 394633233,351.7805,-66.581,5.12,0,,,,,9,16.7,ok
TIC 159746875,319.2861,-38.8749,5.12,0,,,,,4,7.4,ok
TIC 41331819,92.1835,-68.8433,5.13,0,,,,,33,17.5,ok
TIC 144002706,336.4426,-49.8259,5.13,0,,,,,6,11.0,ok
TIC 355476572,351.6529,-52.7208,5.14,0,,,,,8,14.1,ok
TIC 401986701,352.8628,-44.8437,5.15,0,,,,,8,13.8,ok
TIC 281597433,8.8892,-54.8222,5.15,0,,,,,8,14.4,ok
TIC 129646354,321.3683,-41.702,5.15,0,,,,,4,7.3,ok
TIC 441186077,334.1564,-25.8982,5.15,0,,,,,4,7.5,ok
TIC 270535673,324.8331,-30.3044,5.15,0,,,,,4,7.7,ok
TIC 452358088,88.1023,-52.0553,5.15,0,,,,,18,18.3,ok
TIC 89004350,337.9935,-43.5481,5.16,0,,,,,4,8.2,ok
TIC 97402066,332.482,-34.0148,5.16,0,,,,,4,7.1,ok
TIC 289842172,317.5249,-29.7211,5.17,0,,,,,4,7.5,ok
TIC 234968549,349.2428,-62.0014,5.17,0,,,,,7,13.3,ok
TIC 382577618,118.4766,-60.5836,5.18,0,,,,,21,17.3,ok
TIC 255759158,99.5959,-52.9319,5.18,0,,,,,23,17.6,ok
TIC 220522615,42.2576,-62.8063,5.18,0,,,,,10,18.9,ok
TIC 149219496,82.3222,-62.3144,5.19,0,,,,,38,18.8,ok
TIC 219327907,333.5111,-57.2185,5.19,0,,,,,7,13.0,ok
TIC 260751444,346.2184,-68.8198,5.2,0,,,,,10,18.1,ok
TIC 144335025,356.0085,-45.0831,5.2,0,,,,,8,14.9,ok
TIC 237934406,59.0176,-63.4635,5.21,0,,,,,29,17.9,ok
TIC 234498473,10.6728,-65.6086,5.21,0,,,,,9,16.3,ok
TIC 309146836,123.816,-62.9157,5.21,0,,17.1,rejete,variabilite_continue;eclipse_secondaire,20,23.5,ok
TIC 167572319,101.3552,-65.0443,5.21,0,,,,,39,18.8,ok
TIC 197691162,329.6253,-41.721,5.21,0,,,,,4,8.4,ok
TIC 277890728,353.3321,-77.3853,5.22,0,,,,,8,14.4,ok
TIC 235004484,351.7899,-62.7371,5.22,0,,,,,7,12.8,ok
TIC 143896271,332.4918,-48.1081,5.22,0,,,,,3,6.0,ok
TIC 277911545,354.6019,-76.8697,5.22,0,,,,,8,14.8,ok
TIC 234293501,357.4369,-62.8397,5.23,0,,,,,5,8.9,ok
TIC 389865251,87.4727,-66.9011,5.23,0,,,,,26,17.9,ok
TIC 29495621,314.1979,-26.2968,5.23,0,,,,,5,9.7,ok
TIC 197572805,326.1235,-38.5536,5.23,0,,,,,3,5.6,ok
TIC 159732098,318.8108,-40.506,5.24,0,,,,,4,7.5,ok
TIC 44565276,340.6798,-44.2478,5.24,0,,,,,3,5.7,ok
TIC 389757979,1.5857,-49.0755,5.25,0,,,,,7,13.1,ok
TIC 152809690,343.8125,-36.3886,5.25,0,,,,,4,7.5,ok
TIC 265612457,333.2347,-55.9451,5.25,0,,,,,6,13.8,ok
TIC 255640115,98.3592,-52.329,5.25,0,,,,,19,17.9,ok
TIC 370010028,46.9533,-69.2648,5.25,0,,,,,13,18.3,ok
TIC 300244770,109.8112,-67.1872,5.25,0,,,,,43,18.3,ok
TIC 92141259,333.896,-44.4515,5.26,0,,,,,3,5.9,ok
TIC 261724825,23.4122,-78.5057,5.26,0,,,,,10,17.8,ok
TIC 325220689,356.1108,-70.4898,5.27,0,,,,,9,16.0,ok
TIC 206594461,334.2499,-23.1406,5.27,0,,,,,3,6.0,ok
TIC 316968340,356.7136,-55.8094,5.27,0,,,,,8,14.6,ok
TIC 350655963,88.0844,-57.1567,5.27,0,,,,,42,18.4,ok
TIC 300015238,107.1767,-70.4964,5.28,0,,,,,42,18.4,ok
TIC 79405480,320.3191,-49.9393,5.29,0,,,,,6,11.0,ok
TIC 144386393,357.2327,-46.8421,5.29,0,,,,,6,11.0,ok
TIC 197980131,325.978,-54.5,5.29,0,,,,,9,16.4,ok
TIC 350298145,83.7613,-58.871,5.29,0,,,,,?,0.8,erreur
TIC 147113185,321.7563,-42.5478,5.3,0,,,,,4,7.6,ok
TIC 279359927,104.6648,-55.7297,5.3,0,,,,,32,17.5,ok
TIC 309476845,125.2817,-64.1061,5.3,0,,,,,18,17.5,ok
TIC 206618475,341.8293,-34.1615,5.3,0,,,,,3,6.1,ok
TIC 394234013,24.4881,-82.9742,5.3,0,,,,,12,18.1,ok
TIC 394678798,54.1251,-78.323,5.3,0,,,,,16,18.6,ok
TIC 161267453,341.6732,-51.0503,5.31,0,,,,,6,15.1,ok
TIC 267116011,42.185,-73.8413,5.31,0,,,,,12,17.8,ok
TIC 214368082,339.7315,-38.4775,5.31,0,,,,,4,8.1,ok
TIC 302301248,320.4547,-29.1662,5.32,0,,,,,4,7.2,ok
TIC 355509477,15.5077,-57.0023,5.32,0,,,,,8,14.5,ok
TIC 319258493,59.9975,-61.8948,5.32,0,,,,,23,17.8,ok
TIC 269794986,68.2368,-78.128,5.32,0,,,,,32,18.0,ok
TIC 220538497,43.5867,-64.4356,5.33,0,,,,,11,17.7,ok
TIC 403317785,343.0421,-63.1889,5.34,0,,,,,6,11.6,ok
TIC 237886201,20.5886,-61.3293,5.35,0,,,,,9,16.5,ok
TIC 144301755,354.458,-45.5689,5.36,0,,,,,8,14.4,ok
TIC 188644642,336.0681,-21.5971,5.36,0,,,,,5,8.6,ok
TIC 206362352,356.8167,-50.2266,5.36,0,,,,,10,17.8,ok
TIC 197643062,328.5924,-41.2662,5.36,0,,,,,2,4.0,ok
TIC 234489900,9.1575,-65.1245,5.37,0,,,,,9,16.1,ok
TIC 382509773,117.3028,-60.2826,5.37,0,,,,,27,17.9,ok
TIC 441193734,334.8326,-28.2086,5.37,0,,,,,4,7.7,ok
TIC 281667171,10.1184,-59.4517,5.37,0,,,,,10,17.7,ok
TIC 38828619,68.387,-63.0291,5.38,0,,,,,31,17.5,ok
TIC 405410684,337.1595,-67.4895,5.38,0,,,,,11,17.6,ok
TIC 260131665,92.5746,-54.9686,5.39,0,,,,,43,18.1,ok
TIC 219120579,340.3142,-57.0282,5.4,0,,,,,5,8.8,ok
TIC 197682684,329.0947,-37.2537,5.4,0,,,,,4,7.5,ok
TIC 139258210,347.4861,-42.8614,5.4,0,,,,,6,10.8,ok
TIC 219338027,354.5521,-56.4511,5.4,0,,,,,8,14.4,ok
TIC 348762920,46.8866,-78.9888,5.41,0,,,,,12,17.3,ok
TIC 159670453,318.0576,-40.2708,5.41,0,,,,,5,8.9,ok
TIC 92313158,313.3543,-30.7191,5.41,0,,,,,4,7.9,ok
TIC 259885176,40.7108,-71.2044,5.41,0,,,,,12,18.1,ok
TIC 147206199,323.5713,-42.9247,5.41,0,,,,,4,7.4,ok
TIC 260416268,95.7321,-56.3701,5.41,0,,,,,41,17.3,ok
TIC 259847500,39.7218,-70.6798,5.42,0,,,,,11,18.1,ok
TIC 355587549,325.1407,-55.7379,5.42,0,,,,,10,17.5,ok
TIC 394125166,348.5343,-62.7028,5.42,0,,,,,5,9.2,ok
TIC 291210674,352.2538,-44.4982,5.43,0,,,,,7,11.8,ok
TIC 393031938,65.2424,-81.5791,5.43,0,,,,,14,18.1,ok
TIC 469979458,342.1353,-70.9334,5.44,0,,,,,11,17.6,ok
TIC 299753136,341.8981,-65.5603,5.45,0,,,,,11,18.2,ok
TIC 381915829,350.8417,-55.5535,5.45,0,,,,,8,15.0,ok
TIC 441021158,323.817,-23.4544,5.45,0,,,,,5,9.1,ok
TIC 47276617,339.9348,-28.3259,5.45,0,,,,,3,5.5,ok
TIC 278614418,333.6661,-41.3869,5.45,0,,,,,4,7.4,ok
TIC 1992811603,315.7928,-27.7319,5.46,0,,,,,4,7.3,ok
TIC 139878414,326.3288,-49.4984,5.46,0,,,,,5,9.2,ok
TIC 260041674,91.278,-56.2329,5.46,0,,,,,44,17.7,ok
TIC 139679488,322.2514,-53.7061,5.46,0,,,,,9,15.9,ok
TIC 299754951,342.0901,-61.6844,5.46,0,,,,,7,12.6,ok
TIC 29753609,315.7927,-27.7318,5.46,0,,,,,4,7.5,ok
TIC 270536913,324.776,-33.6791,5.46,0,,,,,3,5.5,ok
TIC 161314759,343.4102,-48.5988,5.47,0,,,,,7,12.3,ok
TIC 277774779,343.6637,-70.0732,5.47,0,,,,,10,18.1,ok
TIC 355365289,349.0183,-51.8721,5.48,0,,,,,7,13.0,ok
TIC 161265576,341.6188,-49.6876,5.48,0,,,,,7,12.4,ok
TIC 309292175,124.23,-60.5505,5.49,0,,,,,16,17.4,ok
TIC 219155952,90.2046,-51.2157,5.49,0,,,,,17,18.2,ok
TIC 273511930,347.6901,-76.4633,5.49,0,,,,,9,16.2,ok
TIC 209374489,325.4425,-25.1015,5.49,0,,,,,5,10.0,ok
TIC 44577692,340.6538,-47.213,5.49,0,,,,,5,9.8,ok
TIC 33833289,63.6292,-75.808,5.49,0,,,,,38,17.8,ok
TIC 234524844,15.8275,-64.3633,5.49,0,,,,,10,17.8,ok
TIC 425907353,2.4225,-63.5901,5.49,0,,,,,9,16.5,ok
TIC 197600208,327.3989,-36.697,5.5,0,,,,,4,7.4,ok
TIC 141151953,80.6343,-73.8013,5.5,0,,,,,42,18.1,ok
TIC 382299907,324.0969,-40.3303,5.5,0,,,,,4,7.5,ok
TIC 234500678,11.2279,-63.1969,5.5,0,,,,,10,18.2,ok
TIC 197644690,328.5796,-36.0617,5.5,0,,,,,4,7.5,ok
TIC 220457904,74.5082,-58.2083,5.5,0,,,,,44,17.7,ok
TIC 290132638,319.7242,-28.7663,5.51,0,,,,,4,7.8,ok
TIC 300272070,320.9833,-25.2026,5.51,0,,,,,3,5.6,ok
TIC 349677777,112.2851,-63.2456,5.51,0,,,,,44,17.6,ok
TIC 69764515,336.9616,-21.8697,5.52,0,,,,,4,6.9,ok
TIC 41230564,91.7105,-67.2833,5.52,0,,,,,27,17.7,ok
TIC 176873735,100.9034,-73.1189,5.52,0,,,,,41,17.3,ok
TIC 167813113,104.7804,-60.8421,5.53,0,,,,,44,17.9,ok
TIC 394242338,25.3418,-79.148,5.53,0,,,,,10,17.9,ok
TIC 209316699,337.7244,-26.0742,5.53,0,,,,,3,5.4,ok
TIC 79327789,319.4687,-48.7188,5.53,0,,,,,4,7.3,ok
TIC 220481536,342.9368,-59.8814,5.53,0,,,,,6,11.0,ok
TIC 406345664,328.7981,-61.8872,5.53,0,,,,,11,17.3,ok
TIC 402026857,353.4675,-45.0501,5.54,0,,,,,8,14.1,ok
TIC 144048277,337.1253,-51.7881,5.54,0,,,,,7,13.0,ok
TIC 262883439,53.2159,-61.0166,5.54,0,,,,,12,17.7,ok
TIC 370227780,85.6709,-75.2504,5.54,0,,,,,44,17.0,ok
TIC 261205462,87.5698,-79.3609,5.54,0,,64.8,rejete,variabilite_continue;eclipse_secondaire,32,24.2,ok
TIC 281637751,9.3268,-54.3938,5.54,0,,,,,8,13.8,ok
TIC 441110063,324.0465,-26.1717,5.54,0,,,,,5,9.0,ok
TIC 441182258,333.5783,-27.7669,5.54,0,,,,,4,7.3,ok
TIC 177075997,102.8625,-70.9632,5.54,0,,,,,43,17.6,ok
TIC 220526765,42.8995,-63.5408,5.55,0,,,,,9,16.9,ok
TIC 139131968,344.1989,-47.9692,5.55,0,,,,,6,11.4,ok
TIC 281638019,9.404,-55.6602,5.55,0,,,,,9,15.8,ok
TIC 41533313,93.728,-71.6559,5.55,0,,,,,41,17.2,ok
TIC 55478023,71.2411,-63.2297,5.56,0,,,,,44,17.7,ok
TIC 377016448,78.108,-81.5414,5.56,0,,,,,17,17.7,ok
TIC 394008336,329.5267,-56.7058,5.56,0,,,,,8,14.0,ok
TIC 320964222,324.9759,-37.9868,5.57,0,,,,,4,7.8,ok
TIC 149347992,83.7392,-61.1762,5.57,0,,,,,43,17.4,ok
TIC 152272693,328.9822,-30.6061,5.57,0,,,,,3,6.1,ok
TIC 31799975,51.401,-69.336,5.57,0,,,,,22,18.5,ok
TIC 394209494,5.1626,-69.6249,5.57,0,,,,,7,12.6,ok
TIC 453102450,116.1824,-66.0716,5.57,0,,,,,34,17.5,ok
TIC 206500312,332.3709,-23.6591,5.57,0,,,,,4,7.7,ok
TIC 176876294,100.2405,-71.7755,5.57,0,,,,,44,18.4,ok
TIC 270676778,87.6201,-52.7678,5.58,0,,,,,23,18.0,ok
TIC 355788466,29.4719,-65.4247,5.58,0,,,,,7,12.2,ok
TIC 372913375,119.5401,-60.8168,5.58,0,,,,,22,17.4,ok
TIC 115175339,316.9777,-41.6374,5.58,0,,,,,4,8.3,ok
TIC 175397925,349.2074,-41.1943,5.59,0,,,,,5,9.3,ok
TIC 204495427,326.6008,-32.7149,5.59,0,,,,,2,3.7,ok
TIC 364322720,87.8461,-64.0334,5.59,0,,,,,36,17.6,ok
TIC 300290824,110.2287,-71.5324,5.59,0,,,,,42,17.0,ok
TIC 299943748,106.5597,-68.8376,5.59,0,,,,,42,17.2,ok
TIC 370325449,341.5194,-55.0636,5.6,0,,,,,7,12.5,ok
TIC 167720039,103.4345,-65.9138,5.6,0,,,,,44,17.1,ok
TIC 277836910,344.8208,-71.8367,5.6,0,,,,,10,17.9,ok
TIC 209313164,337.4425,-27.1073,5.6,0,,,,,3,5.7,ok
TIC 231712871,352.3207,-54.5013,5.61,0,,,,,8,14.1,ok
TIC 197617428,328.0619,-37.3262,5.61,0,,,,,4,7.4,ok
TIC 31798594,51.0101,-69.6245,5.61,0,,26.5,rejete,variabilite_continue;eclipse_secondaire;compagnon_trop_gros_2.7Rjup,19,24.1,ok
TIC 206539520,17.5306,-57.6951,5.61,0,,,,,8,15.0,ok
TIC 389433788,85.9445,-67.6996,5.61,0,,,,,31,17.4,ok
TIC 144398601,357.6486,-47.3767,5.61,0,,,,,6,11.0,ok
TIC 260795727,347.5553,-66.8574,5.61,0,,,,,9,15.7,ok
TIC 55852584,75.986,-65.0121,5.61,0,,,,,40,18.1,ok
TIC 220538050,43.2276,-65.4554,5.62,0,,,,,10,18.8,ok
TIC 206536202,332.7608,-21.2331,5.62,0,,,,,6,10.8,ok
TIC 267000601,3.9783,-75.9116,5.62,0,,,,,8,14.4,ok
TIC 389089359,333.4303,-68.1264,5.62,0,,,,,11,17.9,ok
TIC 229062225,344.6458,-35.524,5.62,0,,,,,4,7.2,ok
TIC 167121012,95.9932,-68.6008,5.62,0,,,,,35,17.9,ok
TIC 441205252,336.1936,-26.8601,5.62,0,,,,,4,7.9,ok
TIC 141482069,86.9504,-72.7021,5.63,0,,,,,42,17.0,ok
TIC 281668790,10.4444,-56.5009,5.63,1,3.9517,10.9,rejete,variabilite_continue;eclipse_secondaire,7,16.7,ok
TIC 279214471,103.1959,-54.0903,5.64,0,,,,,25,18.1,ok
TIC 139825840,324.9986,-52.359,5.64,0,,79.4,rejete,eclipse_secondaire;compagnon_trop_gros_16.8Rjup,6,17.5,ok
TIC 201289521,2.2605,-54.0019,5.64,0,,,,,10,18.3,ok
TIC 382510863,117.4781,-60.0514,5.64,0,,,,,23,17.9,ok
TIC 270219259,330.2094,-28.4537,5.64,0,,,,,?,0.5,erreur
TIC 350222730,355.9572,-61.7299,5.64,0,,,,,7,12.6,ok
TIC 175286843,346.7237,-38.8923,5.65,1,1.3818,10.3,rejete,variabilite_continue;eclipse_secondaire,4,9.7,ok
TIC 139091614,319.6142,-47.0027,5.65,0,,,,,?,1.0,erreur
TIC 206652823,23.8161,-58.1397,5.65,0,,,,,6,10.6,ok
TIC 469944932,341.9893,-58.6848,5.65,0,,,,,6,10.5,ok
TIC 238198771,57.5802,-75.8956,5.65,0,,,,,29,18.2,ok
TIC 294747615,70.7667,-70.9308,5.65,0,,,,,43,18.6,ok
TIC 410214126,354.922,-66.254,5.65,0,,,,,7,13.1,ok
TIC 167554964,101.1841,-61.2242,5.66,0,,,,,39,18.8,ok
TIC 70442570,339.7145,-33.0812,5.66,0,,,,,5,8.9,ok
TIC 349371980,109.8845,-61.1449,5.66,0,,,,,44,18.0,ok
TIC 232084963,30.6569,-70.4193,5.67,0,,,,,11,18.5,ok
TIC 31929199,53.971,-69.1929,5.67,0,,,,,21,18.2,ok
TIC 358501433,60.7399,-79.845,5.67,0,,,,,17,18.7,ok
TIC 277874564,353.0958,-74.2019,5.67,0,,,,,10,18.4,ok
TIC 99647776,321.4524,-23.8222,5.67,0,,,,,5,9.3,ok
TIC 237886661,20.9864,-60.629,5.67,0,,,,,9,16.9,ok
TIC 266637354,319.7628,-32.3563,5.67,0,,,,,4,7.1,ok
TIC 253929725,338.3214,-35.1389,5.67,0,,,,,4,7.5,ok
TIC 167656187,102.5043,-60.2484,5.68,0,,,,,40,17.8,ok
TIC 147425848,327.5082,-47.7252,5.68,0,,,,,4,7.8,ok
TIC 355738164,1.9025,-62.3151,5.68,0,,,,,9,16.9,ok
TIC 281727592,11.6473,-58.0485,5.69,0,,,,,9,16.2,ok
TIC 184137021,21.9375,-75.0434,5.69,0,,,,,?,0.5,erreur
TIC 280096428,46.2489,-74.3194,5.69,0,,,,,16,17.9,ok
TIC 220436223,73.7223,-58.5472,5.69,0,,,,,44,18.4,ok
TIC 220560148,44.9275,-63.6281,5.69,0,,,,,9,17.3,ok
TIC 262956415,11.1479,-78.0823,5.7,0,,,,,7,12.6,ok
TIC 206600479,334.6422,-20.7402,5.7,0,,,,,5,8.8,ok
TIC 327856894,1.1727,-71.437,5.7,0,,,,,8,14.7,ok
TIC 302455483,322.6084,-25.1934,5.7,0,,,,,5,9.6,ok
TIC 259961168,42.7177,-67.5224,5.7,0,,,,,13,19.4,ok
TIC 150431920,97.4175,-61.2419,5.71,0,,,,,43,17.8,ok
TIC 147407408,327.1324,-46.9142,5.71,1,12.5693,14.8,rejete,variabilite_continue,3,8.2,ok
TIC 393950079,345.6424,-36.4211,5.71,0,,,,,5,9.7,ok
TIC 237324472,345.4797,-63.0854,5.71,0,,,,,8,14.2,ok
TIC 197639285,328.0895,-41.4128,5.71,0,,,,,2,3.9,ok
TIC 140041127,329.0146,-52.464,5.71,0,,,,,6,10.7,ok
TIC 339890862,112.0476,-58.0728,5.71,0,,17.3,rejete,variabilite_continue;eclipse_secondaire,28,22.7,ok
TIC 79513950,322.0444,-52.3024,5.71,0,,,,,7,13.1,ok
TIC 114916975,314.9996,-36.13,5.71,0,,,,,4,7.5,ok
TIC 358500970,60.6177,-78.6332,5.72,0,,,,,21,17.7,ok
TIC 231861257,28.9439,-60.8605,5.72,0,,,,,6,11.4,ok
TIC 50381965,33.5794,-76.3574,5.72,0,,,,,12,18.3,ok
TIC 393891675,330.6719,-27.3676,5.72,0,,,,,4,7.6,ok
TIC 389727478,349.999,-47.5401,5.72,0,,,,,7,13.2,ok
TIC 261748427,26.9408,-80.1767,5.72,0,,,,,8,14.6,ok
TIC 279476396,105.2706,-58.939,5.72,0,,,,,43,18.1,ok
TIC 421893475,339.0936,-72.7132,5.72,0,,,,,11,18.4,ok
TIC 394274870,28.964,-78.3482,5.73,0,,,,,10,18.5,ok
TIC 214874883,341.7882,-41.6918,5.73,0,,,,,4,7.8,ok
TIC 394586941,341.0687,-60.4995,5.73,0,,,,,5,9.3,ok
TIC 290486039,2.5337,-78.3009,5.73,0,,,,,5,9.1,ok
TIC 234988643,349.504,-61.0043,5.74,0,,,,,5,9.0,ok
TIC 160066134,345.874,-38.4334,5.74,0,,,,,3,6.0,ok
TIC 281779224,12.8486,-59.6295,5.75,0,,,,,10,17.5,ok
TIC 41232189,91.5393,-66.0394,5.75,0,,,,,27,18.5,ok
TIC 88244980,332.8637,-43.8424,5.75,0,,,,,4,7.4,ok
TIC 150392584,96.6382,-60.5573,5.75,0,,,,,44,17.6,ok
TIC 259886730,40.8626,-66.7148,5.75,0,,,,,10,17.9,ok
TIC 278960800,101.6731,-54.6949,5.75,0,,,,,21,18.0,ok
TIC 114950426,315.2219,-36.0535,5.75,0,,,,,4,7.9,ok
TIC 231693006,321.5643,-54.6602,5.75,0,,,,,8,14.6,ok
TIC 279510954,105.5071,-59.4606,5.75,0,,,,,43,17.4,ok
TIC 389726852,329.6458,-44.0629,5.76,0,,,,,2,3.9,ok
TIC 220565276,45.9023,-65.5284,5.76,0,,,,,9,17.4,ok
TIC 139114943,319.8355,-47.0548,5.76,0,,,,,4,7.5,ok
TIC 403288575,332.8488,-64.0143,5.76,0,,,,,11,18.2,ok
TIC 355425084,350.2095,-50.307,5.76,1,3.4267,49.8,rejete,eclipse_secondaire,6,14.4,ok
TIC 38807464,6.676,-69.3072,5.77,0,,,,,6,10.5,ok
TIC 278564051,333.1246,-40.2036,5.77,0,,,,,4,7.4,ok
TIC 260301896,94.5927,-54.404,5.77,0,,,,,34,18.9,ok
TIC 140690428,73.2725,-72.4059,5.78,0,,,,,42,18.8,ok
TIC 38469670,61.843,-64.2201,5.78,0,,,,,42,18.5,ok
TIC 55501960,72.196,-60.259,5.78,0,,,,,40,17.8,ok
TIC 266997506,3.5186,-74.9118,5.78,0,,,,,8,14.8,ok
TIC 215113338,342.8347,-41.5821,5.78,0,,,,,4,7.6,ok
TIC 60646102,334.292,-34.761,5.78,0,,,,,4,7.7,ok
TIC 327724621,331.8389,-68.7201,5.78,0,,,,,9,16.7,ok
TIC 259886108,40.8529,-69.1595,5.79,0,,,,,11,17.5,ok
TIC 299940359,106.146,-68.2485,5.79,0,,,,,42,17.5,ok
TIC 453100169,116.2226,-68.7567,5.79,0,,,,,43,17.5,ok
TIC 144386207,357.2011,-47.6501,5.79,0,,,,,7,12.5,ok
TIC 188636446,335.8766,-20.314,5.79,0,,,,,5,9.2,ok
TIC 197951576,346.8112,-50.6868,5.79,0,,,,,7,12.3,ok
TIC 255784686,99.9057,-52.8325,5.8,0,,,,,22,17.7,ok
TIC 260192754,93.4185,-56.9185,5.8,0,,,,,42,19.0,ok
TIC 235007556,352.2547,-63.1107,5.8,0,,,,,7,13.1,ok
TIC 253923475,337.9389,-35.2905,5.8,0,,,,,3,5.5,ok
TIC 237925364,57.6248,-60.4276,5.8,0,,,,,16,17.5,ok
TIC 211336288,320.4329,-30.1488,5.8,0,,,,,4,7.5,ok
TIC 204420613,325.3276,-35.585,5.81,0,,,,,2,3.8,ok
TIC 235043302,354.6829,-62.8855,5.81,0,,,,,6,10.4,ok
TIC 308616873,121.6502,-63.5156,5.81,0,,,,,23,18.3,ok
TIC 150359260,96.0573,-60.2811,5.81,0,,,,,43,17.8,ok
TIC 350346371,84.6071,-54.9542,5.81,0,,,,,39,18.2,ok
TIC 260640910,97.9929,-58.7538,5.81,0,,,,,44,17.8,ok
TIC 220402024,69.5312,-58.2036,5.81,0,,,,,35,17.9,ok
TIC 294159692,107.9808,-56.1552,5.82,0,,,,,31,17.8,ok
TIC 152819773,343.9772,-41.0966,5.83,0,,,,,5,9.1,ok
TIC 394595576,341.1558,-62.5485,5.83,0,,,,,9,15.8,ok
TIC 234500531,11.1334,-62.4975,5.83,0,,,,,10,17.4,ok
TIC 279321185,104.2755,-55.0474,5.83,0,,,,,29,17.6,ok
TIC 129636548,321.1036,-41.0067,5.83,0,,16.1,rejete,variabilite_continue;eclipse_secondaire,4,10.9,ok
TIC 201175966,357.7544,-48.6595,5.83,0,,,,,7,12.5,ok
TIC 50377750,32.7229,-75.9589,5.83,0,,,,,10,18.7,ok
TIC 253931784,338.9491,-30.3357,5.84,0,,,,,3,6.0,ok
TIC 237338062,347.795,-63.1901,5.84,0,,,,,6,11.3,ok
TIC 300865934,117.4208,-66.196,5.84,0,,,,,40,17.4,ok
TIC 266583037,319.3569,-30.7457,5.84,0,,,,,3,5.9,ok
TIC 234305624,34.5609,-67.7886,5.84,0,,,,,8,13.9,ok
TIC 181655818,13.7522,-74.3016,5.84,0,,,,,6,11.5,ok
TIC 144334942,355.9756,-45.463,5.84,0,,,,,7,12.5,ok
TIC 31867144,52.7157,-66.4897,5.84,0,,,,,19,17.4,ok
TIC 114988852,315.461,-36.5742,5.85,0,,,,,4,7.8,ok
TIC 381949031,76.3481,-57.1951,5.85,0,,,,,43,17.9,ok
TIC 38847248,8.3488,-71.2663,5.85,0,,,,,7,12.9,ok
TIC 220506705,346.9595,-56.1433,5.85,0,,,,,5,9.2,ok
TIC 259901747,41.5285,-68.8904,5.85,0,,,,,9,15.9,ok
TIC 393977332,322.7515,-56.8847,5.86,0,,,,,9,16.5,ok
TIC 139697052,322.1501,-52.2597,5.86,0,,,,,6,11.1,ok
TIC 220563964,45.7333,-60.7977,5.86,0,,,,,7,13.1,ok
TIC 394086684,339.0152,-65.1194,5.86,0,,,,,11,18.0,ok
TIC 327917972,1.9211,-65.9328,5.86,0,,,,,6,11.5,ok
TIC 382581130,35.9751,-65.3358,5.86,0,,,,,9,15.8,ok
TIC 144331653,355.7745,-46.312,5.86,0,,,,,8,14.4,ok
TIC 197686479,329.259,-37.7468,5.86,0,,12.3,rejete,variabilite_continue;eclipse_secondaire;compagnon_trop_gros_3.8Rjup,4,10.6,ok
TIC 150357613,96.1106,-63.4296,5.87,0,,,,,40,18.7,ok
TIC 177116244,103.9207,-68.5055,5.87,0,,,,,41,17.5,ok
TIC 389672830,86.8427,-67.7581,5.87,0,,,,,30,17.7,ok
TIC 121475272,343.1101,-45.9917,5.87,0,,,,,3,5.7,ok
TIC 161153072,338.8877,-51.604,5.87,0,,,,,6,10.9,ok
TIC 30722080,75.3867,-68.0285,5.87,0,,,,,31,17.5,ok
TIC 220554203,43.7001,-64.0015,5.88,0,,,,,10,18.4,ok
TIC 220518620,41.4555,-62.7244,5.88,0,,,,,10,18.1,ok
TIC 91510119,340.851,-30.4856,5.88,0,,,,,3,6.5,ok
TIC 469933721,350.978,-53.809,5.88,0,,,,,8,13.9,ok
TIC 92561835,315.169,-35.2923,5.88,0,,,,,2,4.1,ok
TIC 147285823,324.9667,-43.132,5.88,0,,,,,4,7.4,ok
TIC 176930969,100.4258,-71.2176,5.88,0,,,,,29,18.5,ok
TIC 53992729,331.1255,-25.8831,5.88,0,,,,,4,7.3,ok
TIC 197572123,326.2501,-40.7433,5.88,0,,,,,4,7.7,ok
TIC 165064829,322.3076,-41.416,5.88,0,,,,,3,5.8,ok
TIC 326395505,319.9358,-26.3552,5.88,0,,,,,5,9.4,ok
TIC 350295877,83.4356,-54.9022,5.89,0,,,,,39,17.7,ok
TIC 214203655,339.2456,-40.5915,5.89,0,,,,,4,7.7,ok
TIC 260266504,94.0777,-59.2156,5.89,0,,,,,39,17.5,ok
TIC 270499718,324.2039,-33.0479,5.89,0,,,,,1,2.7,ok
TIC 294327531,108.9149,-58.8055,5.89,0,,,,,31,17.5,ok
TIC 382262019,323.6668,-36.647,5.9,0,,,,,4,7.6,ok
TIC 92729808,316.6,-34.6288,5.9,0,,,,,4,7.8,ok
TIC 126914484,318.4527,-43.1302,5.9,0,,,,,4,7.3,ok
TIC 280794284,359.334,-62.9564,5.9,0,,,,,8,13.6,ok
TIC 219139751,342.421,-58.9293,5.9,0,,,,,5,9.1,ok
TIC 406319088,326.583,-62.55,5.9,0,,,,,11,17.4,ok
TIC 237881567,20.0534,-60.0743,5.91,0,,,,,10,17.7,ok
TIC 220418532,71.7788,-59.137,5.91,0,,,,,44,17.4,ok
TIC 259862594,40.1683,-69.2331,5.91,0,,,,,11,17.5,ok
TIC 177077420,103.153,-70.5099,5.91,0,,,,,31,16.9,ok
TIC 235011974,353.1177,-63.6552,5.91,0,,,,,6,10.8,ok
TIC 290543478,4.069,-79.8515,5.91,0,,,,,7,13.0,ok
TIC 139756492,323.7189,-51.8276,5.91,0,,,,,7,12.2,ok
TIC 197686459,329.2595,-37.6588,5.92,0,,,,,4,7.4,ok
TIC 197593829,326.8939,-37.9522,5.92,0,,,,,3,5.6,ok
TIC 152867947,337.0555,-39.0893,5.92,0,,,,,4,7.0,ok
TIC 121487860,343.3152,-45.1478,5.92,0,,,,,4,7.1,ok
TIC 79425183,320.6887,-48.4584,5.92,0,,,,,5,9.1,ok
TIC 139282432,347.8382,-42.9778,5.92,0,,,,,6,11.1,ok
TIC 303974454,24.1416,-76.372,5.92,0,,,,,6,10.7,ok
TIC 177354054,104.3344,-75.9877,5.92,0,,,,,31,17.7,ok
TIC 61454702,335.185,-34.5168,5.92,0,,,,,4,7.9,ok
TIC 25375770,328.8635,-23.2895,5.92,0,,,,,5,9.1,ok
TIC 441156819,332.8632,-27.1526,5.93,0,,,,,4,7.5,ok
TIC 404932577,85.3123,-68.7702,5.93,0,,,,,26,17.4,ok
TIC 31747041,49.4971,-66.9268,5.93,0,,,,,16,18.0,ok
TIC 364398342,119.7106,-60.8244,5.93,0,,,,,22,18.1,ok
TIC 270070443,312.3235,-25.7814,5.93,0,,,,,4,7.6,ok
TIC 234501204,11.1661,-65.6544,5.93,0,,,,,10,17.7,ok
TIC 273854939,31.7457,-65.9458,5.93,0,,,,,6,11.5,ok
TIC 177034802,102.6051,-69.9863,5.93,0,,,,,37,17.0,ok
TIC 89428500,323.0607,-33.9447,5.93,0,,,,,3,5.7,ok
TIC 381950979,76.6023,-56.2314,5.93,0,,,,,36,17.5,ok
TIC 327857918,1.3632,-67.9597,5.94,0,,,,,7,12.7,ok
TIC 70459329,339.9926,-35.1749,5.94,0,,,,,5,9.3,ok
TIC 150322340,95.6288,-60.2182,5.94,0,,,,,43,17.9,ok
TIC 253928234,338.6126,-34.6753,5.94,0,,,,,4,8.1,ok
TIC 278684936,99.0643,-55.8629,5.94,0,,,,,42,18.6,ok
TIC 140580875,68.5643,-73.2084,5.95,0,,,,,35,17.7,ok
TIC 147422354,327.4396,-46.6112,5.95,0,,,,,4,7.5,ok
TIC 150437899,97.5126,-65.5678,5.96,0,,,,,38,17.3,ok
TIC 149630160,87.402,-60.6762,5.96,0,,,,,38,17.8,ok
TIC 350334336,84.0902,-57.4577,5.96,0,,,,,31,17.9,ok
TIC 237319282,344.8635,-64.1825,5.96,0,,,,,8,14.3,ok
TIC 402046099,352.3581,-52.6786,5.96,0,,,,,9,16.1,ok
TIC 309704722,79.6829,-62.985,5.96,0,,,,,30,16.8,ok
TIC 150393390,96.7998,-60.7285,5.96,0,,,,,44,18.1,ok
TIC 300739338,115.126,-69.846,5.97,0,,,,,32,17.4,ok
TIC 150274386,94.9993,-61.3292,5.97,0,,,,,43,18.9,ok
TIC 279511712,105.8128,-59.178,5.97,0,,,,,43,18.1,ok
TIC 89039719,338.4781,-44.6906,5.97,0,,,,,4,7.0,ok
TIC 425884418,359.6298,-57.2809,5.97,0,,,,,11,17.8,ok
TIC 144070566,337.8888,-53.3826,5.97,0,,,,,7,12.9,ok
TIC 339769900,111.038,-58.491,5.97,0,,,,,33,16.9,ok
TIC 197960386,348.3141,-49.6186,5.97,0,,,,,7,12.1,ok
TIC 404968457,85.374,-70.0337,5.97,0,,,,,27,17.8,ok
TIC 231711783,352.2051,-59.4366,5.97,0,,,,,6,10.8,ok
TIC 204440619,325.4146,-32.5314,5.98,0,,,,,2,3.9,ok
TIC 410148949,339.8789,-68.0606,5.98,0,,,,,9,15.5,ok
TIC 394004824,329.0588,-57.8995,5.98,0,,,,,8,13.7,ok
TIC 147204909,323.5058,-46.611,5.98,0,,,,,3,6.0,ok
TIC 259862015,39.8942,-66.9574,5.99,0,,,,,7,12.2,ok
TIC 206615033,341.7271,-33.1825,5.99,0,,,,,3,5.5,ok
TIC 382473600,0.1437,-53.0978,5.99,0,,,,,11,17.5,ok
TIC 321908598,0.2236,-50.4464,5.99,0,,,,,7,12.3,ok
TIC 220571639,47.0348,-61.1497,6.0,0,,,,,8,14.7,ok
TIC 394679100,54.1036,-79.0989,6.0,0,,,,,13,17.6,ok
TIC 149250753,82.5662,-63.9273,6.0,0,,81.0,rejete,variabilite_continue;eclipse_secondaire,43,27.4,ok
TIC 219197061,92.3475,-49.5623,6.0,0,,,,,12,25.2,ok
TIC 257720503,78.3273,-59.5855,6.0,0,,,,,32,20.4,ok
TIC 308745715,122.0537,-61.0773,6.0,0,,,,,14,23.9,ok
TIC 32052027,57.2515,-69.8786,6.0,0,,,,,38,24.8,ok
TIC 197981077,325.9945,-57.3256,6.01,0,,,,,7,18.1,ok
TIC 29671013,315.4388,-26.8812,6.02,0,,,,,5,14.1,ok
TIC 206649891,342.4965,-32.8056,6.03,0,,,,,4,21.1,ok
TIC 261136000,83.9009,-78.8207,6.04,0,,48.8,rejete,variabilite_continue;eclipse_secondaire;compagnon_trop_gros_2.5Rjup,27,30.8,ok
TIC 161265414,341.5356,-48.9791,6.04,0,,,,,6,11.2,ok
TIC 441161288,333.2393,-26.328,6.05,0,,,,,?,2.4,erreur
TIC 403224147,338.9716,-57.8838,6.05,0,,,,,7,12.3,ok
TIC 41533357,93.7747,-71.7024,6.07,0,,,,,41,18.2,ok
TIC 260795404,347.4364,-67.8766,6.07,0,,,,,10,17.5,ok
TIC 506939512,346.72,-43.5206,6.07,0,,,,,4,7.4,ok
TIC 231824922,86.617,-53.2202,6.08,0,,,,,26,19.0,ok
TIC 389689344,328.9794,-46.9284,6.08,0,,,,,4,7.4,ok
TIC 214299836,339.4487,-39.8571,6.08,0,,,,,2,5.7,ok
TIC 349096525,108.0083,-63.1901,6.08,0,,,,,26,18.0,ok
TIC 279360385,104.6513,-56.3951,6.09,0,,,,,36,17.6,ok
TIC 265529741,330.1013,-55.8836,6.09,0,,,,,6,15.4,ok
TIC 234298029,358.4155,-65.9466,6.1,0,,,,,7,13.0,ok
TIC 167814656,104.9963,-61.3344,6.1,0,,,,,44,17.9,ok
TIC 149248196,82.1875,-65.4476,6.11,0,,,,,36,16.8,ok
TIC 234282954,335.2687,-62.5486,6.11,0,,,,,7,16.0,ok
TIC 277913391,354.909,-72.727,6.11,0,,,,,9,16.8,ok
TIC 38425450,60.6171,-61.3563,6.12,0,,,,,21,17.5,ok
TIC 389658670,321.0873,-46.6148,6.13,0,,,,,5,9.8,ok
TIC 53992511,331.1533,-26.8224,6.13,0,,,,,4,7.5,ok
TIC 80080066,330.6372,-32.1336,6.14,0,,,,,4,39.4,ok
TIC 141411201,84.2617,-73.7001,6.15,0,,,,,42,17.8,ok
TIC 229059574,332.1778,-33.1255,6.15,0,,,,,4,7.2,ok
TIC 38602305,64.4179,-63.2552,6.16,0,,,,,43,20.1,ok
TIC 234518259,14.5932,-60.6961,6.16,0,,,,,10,17.9,ok
TIC 139112038,319.6158,-43.3345,6.16,0,,,,,5,9.3,ok
TIC 79404795,320.347,-51.7532,6.16,0,,,,,6,10.8,ok
TIC 441120034,324.7951,-27.3071,6.17,0,,,,,4,7.4,ok
TIC 147335048,325.7609,-43.4965,6.17,0,,,,,4,11.8,ok
TIC 39071103,13.1022,-69.5042,6.18,0,,,,,9,15.8,ok
TIC 160037874,339.1225,-40.5831,6.19,0,,,,,?,0.5,erreur
TIC 142085842,98.51,-77.6881,6.19,0,,,,,42,17.4,ok
TIC 155896956,4.228,-52.6499,6.19,0,,,,,8,14.0,ok
TIC 382147200,80.5922,-56.1343,6.19,0,,,,,29,17.5,ok
TIC 161335014,343.8144,-48.4914,6.2,0,,,,,7,12.5,ok
TIC 278805095,336.1647,-41.4406,6.2,0,,,,,4,7.3,ok
TIC 453099404,116.0534,-69.8215,6.21,0,,,,,44,17.8,ok
TIC 201306559,3.5612,-55.0699,6.21,0,,,,,10,18.4,ok
TIC 260823248,348.538,-70.0576,6.21,0,,,,,7,12.8,ok
TIC 29987134,72.8355,-68.0693,6.22,0,,,,,43,17.7,ok
TIC 374861869,88.5497,-64.4818,6.23,0,,,,,25,17.7,ok
TIC 259901124,41.4055,-71.236,6.23,0,,,,,13,18.0,ok
TIC 358509793,119.3031,-63.2967,6.25,0,,,,,21,17.4,ok
TIC 117510145,339.1801,-43.471,6.25,0,,,,,4,7.8,ok
TIC 144068704,337.7502,-49.4345,6.25,0,,,,,6,11.2,ok
TIC 374859347,88.517,-60.0239,6.25,0,,,,,42,17.4,ok
TIC 326396699,323.1391,-24.5904,6.26,0,,,,,5,9.3,ok
TIC 214913675,341.9459,-38.2226,6.26,0,,,,,5,8.7,ok
TIC 140893238,76.5391,-73.0373,6.28,0,,245.6,rejete,variabilite_continue;eclipse_secondaire,43,22.5,ok
TIC 469979280,342.323,-70.3478,6.29,0,,,,,11,18.7,ok
TIC 262874982,52.7193,-62.0078,6.29,0,,,,,12,17.9,ok
TIC 308542383,121.1788,-62.8363,6.29,0,,,,,22,17.8,ok
TIC 355477670,351.7883,-50.1572,6.29,0,,,,,6,11.2,ok
TIC 238928269,94.6949,-50.3591,6.29,0,,,,,7,13.3,ok
TIC 206361964,356.833,-48.277,6.29,0,,,,,8,14.9,ok
TIC 358050165,38.466,-60.9826,6.3,0,,,,,8,14.3,ok
TIC 373916957,81.749,-68.6227,6.3,0,,,,,38,18.1,ok
TIC 149176305,81.912,-60.4166,6.3,0,,,,,41,18.3,ok
TIC 265592045,331.9131,-59.3208,6.31,0,,,,,3,5.7,ok
TIC 144309212,354.8666,-46.6376,6.31,0,,,,,8,13.7,ok
TIC 273945912,30.2421,-78.8707,6.31,0,,,,,10,18.9,ok
TIC 234522993,15.3303,-60.8595,6.31,0,,,,,10,17.6,ok
TIC 38586082,64.0879,-60.9484,6.31,0,,,,,33,17.5,ok
TIC 32199952,332.5009,-28.2923,6.31,0,,,,,4,7.8,ok
TIC 238171697,356.9831,-66.5673,6.32,0,,,,,6,10.5,ok
TIC 139770629,324.1763,-50.8467,6.32,0,,,,,6,10.5,ok
TIC 69746340,336.5447,-23.6825,6.32,0,,,,,3,5.5,ok
TIC 290542693,4.2037,-78.7803,6.33,0,,,,,6,10.2,ok
TIC 161172103,339.785,-52.692,6.33,0,,26.3,rejete,variabilite_continue;eclipse_secondaire;compagnon_trop_gros_2.5Rjup,7,16.9,ok
TIC 44628526,341.6825,-46.9394,6.33,0,,,,,5,9.4,ok
TIC 238871118,38.4353,-72.3492,6.33,0,,,,,12,17.5,ok
TIC 266968029,2.6634,-73.2243,6.33,0,,,,,7,12.9,ok
TIC 231700251,330.894,-55.9776,6.34,0,,,,,7,12.4,ok
TIC 410451090,119.917,-60.2073,6.34,0,,,,,20,17.6,ok
TIC 261643880,351.0781,-72.1655,6.35,0,,,,,9,16.0,ok
TIC 2028631543,327.8541,-23.271,6.37,0,,,,,2,4.0,ok
TIC 358512601,30.4596,-63.6224,6.37,0,,,,,5,8.7,ok
TIC 306735869,120.6274,-66.0218,6.37,0,,,,,34,18.1,ok
TIC 207074616,323.8073,-34.3305,6.38,0,,,,,4,7.5,ok
TIC 150357404,96.2324,-63.8281,6.38,0,,,,,39,17.5,ok
TIC 277103567,84.229,-66.5602,6.38,0,,,,,29,18.3,ok
TIC 260420061,95.9457,-58.5437,6.38,0,,,,,44,18.1,ok
TIC 25300818,327.8549,-23.2711,6.38,0,,,,,3,6.0,ok
TIC 308748912,122.1025,-63.8008,6.38,0,,,,,24,17.7,ok
TIC 197981057,326.0002,-57.2834,6.39,0,,,,,10,17.4,ok
TIC 358071115,47.5818,-74.2953,6.39,0,,,,,18,18.6,ok
TIC 233967252,37.0188,-64.2997,6.39,0,,,,,10,17.8,ok
TIC 39048880,12.7181,-71.1512,6.4,0,,,,,8,13.9,ok
TIC 220456828,74.2811,-58.069,6.4,0,,,,,42,17.9,ok
TIC 300329283,111.1548,-71.4704,6.4,0,,,,,31,18.4,ok
TIC 220476607,75.5705,-56.0758,6.41,0,,,,,34,18.3,ok
TIC 52195664,19.2665,-66.3978,6.41,0,,,,,8,14.5,ok
TIC 231827609,22.8184,-65.1178,6.43,0,,,,,6,11.1,ok
TIC 238169432,356.8482,-68.3942,6.43,0,,,,,10,17.6,ok
TIC 327724364,331.8706,-68.0238,6.44,0,,,,,11,18.2,ok
TIC 238869865,38.3213,-75.8933,6.44,0,,,,,14,18.3,ok
TIC 167005517,94.813,-69.7841,6.45,0,,,,,41,17.4,ok
TIC 234516451,14.0932,-63.9574,6.45,0,,,,,8,14.8,ok
TIC 211401599,321.3158,-34.8573,6.45,0,,,,,4,7.0,ok
TIC 340358640,115.5425,-58.6309,6.49,0,,,,,19,17.6,ok
TIC 441104450,323.7209,-29.6962,6.5,0,,,,,3,5.7,ok
TIC 211432414,322.2657,-31.2386,6.5,0,,,,,4,7.6,ok
TIC 262828433,349.107,-55.5268,6.51,0,,,,,7,12.5,ok
TIC 201293664,3.2079,-57.9124,6.51,0,,,,,11,17.9,ok
TIC 441181339,333.6973,-24.0048,6.53,0,,,,,4,7.6,ok
TIC 293975288,107.0274,-57.3309,6.54,0,,,,,36,17.6,ok
TIC 52195943,19.1235,-67.4309,6.54,0,,,,,8,14.7,ok
TIC 197951574,346.8074,-50.6875,6.55,0,,,,,7,13.2,ok
TIC 394275950,29.1604,-81.4991,6.56,0,,,,,10,18.5,ok
TIC 140069652,330.4028,-53.0969,6.57,0,,,,,7,12.6,ok
TIC 234511278,13.1508,-63.7409,6.57,0,,,,,8,14.5,ok
TIC 293973218,106.8177,-59.7164,6.57,0,,,,,44,17.3,ok
TIC 220405047,70.0743,-58.9428,6.57,0,,,,,16,18.4,ok
TIC 269742895,65.7119,-82.899,6.57,0,,21.2,rejete,variabilite_continue,13,24.9,ok
TIC 197844066,54.543,-59.7761,6.57,0,,,,,9,16.5,ok
TIC 419667736,338.0401,-69.108,6.58,0,,,,,7,12.3,ok
TIC 262885414,53.6042,-65.7641,6.58,0,,,,,20,17.9,ok
TIC 92498124,314.8722,-33.6176,6.58,0,,,,,3,5.9,ok
TIC 294327312,108.8709,-58.5426,6.58,0,,107.3,rejete,variabilite_continue;eclipse_secondaire;compagnon_trop_gros_5.0Rjup,23,23.3,ok
TIC 52242834,19.939,-68.8974,6.59,0,,,,,9,15.8,ok
TIC 141828072,93.6748,-73.6263,6.59,0,,,,,29,17.8,ok
TIC 409698623,332.7092,-55.458,6.6,0,,,,,4,8.0,ok
TIC 382635688,39.8825,-64.2816,6.61,0,,,,,7,12.7,ok
TIC 55404385,78.0134,-65.1753,6.61,0,,17.8,rejete,eclipse_secondaire,39,23.1,ok
TIC 38510324,62.531,-61.5995,6.62,0,,,,,32,18.7,ok
TIC 294208349,108.193,-57.4908,6.62,0,,,,,8,14.1,ok
TIC 340459410,115.6496,-59.2964,6.62,0,,,,,25,18.4,ok
TIC 161335008,343.8158,-48.4654,6.62,0,,,,,3,6.3,ok
TIC 260822727,348.4708,-68.2914,6.63,0,,,,,5,9.5,ok
TIC 278525792,332.6566,-37.7503,6.63,0,,,,,3,5.6,ok
TIC 183306205,18.0464,-73.9069,6.63,0,,,,,4,7.2,ok
TIC 206583981,20.1185,-57.3379,6.64,0,,,,,7,13.0,ok
TIC 237334931,347.1545,-63.8729,6.64,0,,,,,8,14.8,ok
TIC 141186075,81.3265,-75.6944,6.64,0,,,,,42,17.6,ok
TIC 206554261,333.5855,-19.2493,6.65,0,,,,,5,8.6,ok
TIC 358467471,119.0656,-61.0993,6.66,0,,,,,20,17.1,ok
TIC 300160320,109.2389,-71.7492,6.66,0,,,,,41,17.0,ok
TIC 121421711,341.8611,-44.9651,6.66,0,,,,,4,8.0,ok
TIC 29260474,312.9109,-29.4427,6.66,0,,,,,4,7.5,ok
TIC 300088321,108.0769,-67.7841,6.67,0,,,,,43,18.2,ok
TIC 201295243,3.4725,-56.9994,6.67,0,,,,,9,15.5,ok
TIC 261137158,83.9129,-81.6117,6.67,0,,,,,18,18.4,ok
TIC 281498595,6.1796,-53.9842,6.67,0,,,,,7,12.8,ok
TIC 261462443,334.7076,-68.3143,6.68,0,,,,,11,17.2,ok
TIC 238171952,357.3891,-66.2581,6.68,0,,,,,7,12.9,ok
TIC 139754153,323.3911,-49.0144,6.68,0,,,,,5,9.3,ok
TIC 147113992,321.7578,-44.8074,6.69,0,,,,,4,7.4,ok
TIC 140898575,76.6531,-77.5702,6.7,0,,,,,43,17.6,ok
TIC 364395684,116.5962,-61.4283,6.7,0,,,,,34,17.4,ok
TIC 70460363,340.2325,-31.9899,6.71,0,,,,,3,5.8,ok
TIC 147114436,321.6553,-46.068,6.71,0,,,,,4,7.4,ok
TIC 139699247,322.311,-50.317,6.72,0,,,,,6,10.9,ok
TIC 349190908,108.5922,-61.0697,6.72,0,,,,,42,17.5,ok
TIC 231861399,28.8312,-60.3127,6.72,0,,,,,6,10.8,ok
TIC 47295522,340.1836,-29.6746,6.72,0,,,,,2,4.4,ok
TIC 206534309,17.3442,-56.5953,6.73,0,,,,,5,8.9,ok
TIC 238196350,57.0494,-74.694,6.74,0,,,,,31,18.3,ok
TIC 238815210,328.0411,-62.053,6.75,0,,,,,11,17.4,ok
TIC 289952026,318.5093,-29.6638,6.75,0,,,,,4,7.4,ok
TIC 237321214,344.9355,-62.7723,6.75,0,,,,,5,8.8,ok
TIC 453096328,114.0801,-69.0564,6.76,0,,,,,30,17.8,ok
TIC 278684081,99.114,-57.5388,6.76,0,,,,,42,17.3,ok
TIC 176935619,100.6061,-67.8429,6.76,0,,,,,39,18.2,ok
TIC 231836962,24.473,-60.5115,6.76,0,,,,,9,16.1,ok
TIC 300448625,111.7724,-68.6148,6.77,0,,,,,41,17.5,ok
TIC 267433369,9.6688,-73.1376,6.77,0,,,,,7,12.7,ok
TIC 92749735,316.9393,-31.0561,6.77,0,,,,,4,7.3,ok
TIC 615614567,18.9469,-68.8743,6.77,0,,,,,4,7.5,ok
TIC 220405048,70.0765,-58.9428,6.77,0,,,,,34,17.5,ok
TIC 403153647,336.8381,-58.0006,6.78,0,,19.7,rejete,eclipse_secondaire,5,12.0,ok
TIC 39071101,13.1183,-69.5034,6.78,0,,,,,9,16.6,ok
TIC 139197566,345.6139,-45.304,6.78,0,,,,,5,9.6,ok
TIC 235037790,353.8047,-64.689,6.79,0,,,,,5,8.9,ok
TIC 165076924,322.4564,-37.6931,6.79,0,,,,,4,7.4,ok
TIC 220538394,43.5063,-64.8994,6.8,0,,,,,8,13.8,ok
TIC 52194662,18.7608,-68.8184,6.8,0,,,,,5,9.7,ok
TIC 306739463,120.8379,-69.9715,6.81,0,,,,,28,17.5,ok
TIC 431479801,49.74,-73.9868,6.81,0,,,,,20,17.3,ok
TIC 80080623,330.822,-29.9047,6.82,0,,,,,4,7.4,ok
TIC 394339087,38.7591,-82.2368,6.82,0,,,,,9,16.3,ok
TIC 279249351,103.9717,-56.9383,6.83,0,,,,,43,18.4,ok
TIC 358068593,38.3903,-62.5866,6.83,0,,,,,6,11.8,ok
TIC 372913233,119.4384,-60.9264,6.83,0,,,,,22,17.3,ok
TIC 144046368,336.8562,-49.3681,6.84,0,,,,,6,10.8,ok
TIC 209404113,326.1355,-24.9111,6.85,0,,,,,5,9.0,ok
TIC 41487605,93.4207,-66.6797,6.85,0,,,,,29,17.4,ok
TIC 32001054,56.195,-70.0273,6.86,0,,,,,35,18.1,ok
TIC 264765942,117.365,-59.3823,6.86,0,,,,,21,17.6,ok
TIC 167415800,99.4102,-70.604,6.86,0,,,,,40,17.9,ok
TIC 234281360,334.1215,-63.3386,6.87,0,,,,,7,12.5,ok
TIC 261592170,350.1549,-75.6326,6.88,0,,,,,10,17.3,ok
TIC 167889542,105.271,-65.7061,6.88,0,,,,,44,17.7,ok
TIC 382322852,320.211,-45.8109,6.88,0,,,,,5,9.3,ok
TIC 165076764,322.3795,-38.0862,6.89,0,,,,,4,7.3,ok
TIC 266905680,1.1275,-72.8976,6.89,0,,,,,8,14.0,ok
TIC 92911696,318.0308,-30.5895,6.9,0,,,,,3,5.3,ok
TIC 55501315,71.8412,-61.4763,6.9,0,,,,,42,17.8,ok
TIC 92442460,314.2173,-33.9984,6.9,0,,,,,4,7.8,ok
TIC 149479101,85.4896,-62.9137,6.9,0,,,,,29,17.4,ok
TIC 206614902,341.7908,-32.6761,6.91,0,,,,,3,5.9,ok
TIC 266995561,349.6555,-58.3074,6.92,0,,,,,6,10.6,ok
TIC 369705637,32.5396,-64.355,6.92,0,,,,,8,14.1,ok
TIC 121474901,343.0772,-47.5752,6.92,0,,,,,4,8.0,ok
TIC 219196118,92.3653,-51.3892,6.92,0,,,,,17,17.7,ok
TIC 197601262,327.522,-38.6159,6.93,0,,,,,3,5.7,ok
TIC 129636999,321.0148,-40.0303,6.93,0,,,,,4,7.4,ok
TIC 284073790,342.7269,-62.8147,6.94,0,,,,,5,9.0,ok
TIC 181233908,13.2884,-74.6514,6.94,0,,,,,4,7.6,ok
TIC 279649845,49.7519,-65.8885,6.95,0,,,,,12,17.6,ok
TIC 33770773,63.2797,-72.8205,6.95,0,,,,,42,18.1,ok
TIC 197686484,329.3335,-37.7644,6.95,0,,,,,4,7.3,ok
TIC 425934574,4.6102,-63.4779,6.95,0,,,,,9,15.9,ok
TIC 270101243,329.9488,-28.6189,6.95,0,,,,,3,6.1,ok
TIC 115177591,317.1722,-37.2427,6.96,0,,,,,4,7.1,ok
TIC 267435281,9.571,-73.9635,6.96,0,,,,,8,14.1,ok
TIC 207077159,320.8434,-41.5535,6.96,0,,,,,4,7.2,ok
TIC 350858713,90.2309,-54.9513,6.96,0,,,,,42,17.7,ok
TIC 403223176,339.0362,-54.6123,6.96,0,,,,,2,4.2,ok
TIC 214912529,342.0301,-37.7567,6.96,0,,,,,5,9.6,ok
TIC 139468902,337.5659,-42.2911,6.97,0,,55.6,rejete,variabilite_continue;eclipse_secondaire,4,9.8,ok
TIC 421950985,329.8237,-22.8717,6.97,0,,,,,5,9.1,ok
TIC 300703532,114.5599,-67.4481,6.97,0,,,,,43,18.7,ok
TIC 139898417,326.9815,-52.9312,6.98,0,,,,,7,13.2,ok
TIC 267081284,359.4688,-67.0062,6.98,0,,,,,7,12.3,ok
TIC 271638135,108.8786,-75.8642,6.98,0,,,,,40,18.0,ok
TIC 69812541,337.2055,-22.0703,6.98,0,,,,,3,5.8,ok
TIC 139842723,325.5921,-50.0936,6.99,0,,,,,4,7.6,ok
TIC 279741379,51.752,-63.5007,6.99,0,,,,,15,18.8,ok
TIC 421940749,343.6173,-74.8649,6.99,0,,,,,6,11.5,ok
TIC 161403043,345.6327,-49.6981,6.99,0,,,,,7,11.8,ok
TIC 349273907,109.1556,-64.1243,6.99,0,,,,,44,17.8,ok
TIC 294754816,71.497,-66.0785,6.99,0,,,,,42,18.0,ok
TIC 201292966,3.0228,-58.5262,7.0,0,,,,,6,10.7,ok
TIC 355426214,1.28,-52.1526,7.0,0,,,,,8,14.2,ok
TIC 410187303,353.6452,-70.9626,7.0,0,,,,,10,17.5,ok
TIC 231064749,31.8601,-59.6795,7.0,0,,,,,3,5.9,ok
TIC 220507581,347.1575,-59.737,7.0,0,,,,,7,12.3,ok
TIC 259861796,39.9637,-66.1188,7.01,0,,,,,8,14.8,ok
TIC 61709833,335.4901,-34.52,7.01,0,,,,,4,7.7,ok
TIC 97407616,332.6349,-33.8277,7.01,0,,,,,4,7.3,ok
TIC 32001057,56.2563,-70.0247,7.03,0,,,,,36,17.7,ok
TIC 231826813,22.9054,-61.2493,7.03,0,,,,,8,14.6,ok
TIC 350518530,86.0566,-55.6952,7.04,0,,,,,40,17.9,ok
TIC 231074032,67.5505,-67.8748,7.05,0,,,,,43,17.2,ok
TIC 350622984,87.5497,-55.0807,7.05,0,,,,,37,17.5,ok
TIC 237309999,343.3179,-63.7652,7.06,0,,,,,5,9.1,ok
TIC 159746942,319.3203,-39.0492,7.06,0,,,,,4,7.6,ok
TIC 229037380,329.9814,-31.5259,7.07,0,,,,,1,2.4,ok
TIC 206545643,333.1943,-20.8909,7.07,0,,,,,5,8.9,ok
TIC 165096889,322.6767,-38.6385,7.07,0,,,,,4,7.4,ok
TIC 139149551,344.6524,-45.519,7.08,0,,,,,5,10.1,ok
TIC 161378573,344.6259,-51.1271,7.08,0,,,,,3,5.7,ok
TIC 92562474,315.3043,-35.1845,7.08,0,,,,,3,5.5,ok
TIC 340638289,116.6127,-59.0891,7.09,0,,,,,15,17.7,ok
TIC 260795451,347.4151,-67.7342,7.09,0,,,,,7,13.3,ok
TIC 214990792,342.5406,-41.4915,7.09,0,,,,,4,7.4,ok
TIC 207080350,320.9193,-39.7791,7.09,0,,,,,3,5.7,ok
TIC 271971626,113.8402,-74.2748,7.09,0,,,,,42,18.3,ok
TIC 150143137,92.7206,-61.4996,7.1,0,,,,,38,18.1,ok
TIC 370101728,69.9901,-71.5058,7.1,0,,,,,41,18.1,ok
TIC 231049285,29.1557,-58.4714,7.1,0,,,,,5,9.8,ok
TIC 376987652,77.6086,-80.4073,7.1,0,,,,,22,18.6,ok
TIC 139232645,346.6627,-43.5039,7.11,0,,,,,5,10.8,ok
TIC 180205840,11.0349,-74.2655,7.11,0,,,,,8,14.7,ok
TIC 139831197,325.1794,-48.7165,7.11,0,,,,,4,7.4,ok
TIC 273605663,358.2029,-72.3994,7.12,0,,,,,7,12.7,ok
TIC 375057127,99.6602,-60.183,7.12,0,,95.6,rejete,variabilite_continue;eclipse_secondaire,30,23.9,ok
TIC 139356318,349.3732,-45.2319,7.12,0,,,,,4,7.9,ok
TIC 267092279,0.1617,-66.6834,7.12,0,,,,,8,15.2,ok
TIC 259902846,41.7605,-67.2777,7.14,0,,,,,12,17.7,ok
TIC 234294089,357.3406,-60.0722,7.14,0,,,,,3,5.8,ok
TIC 316968412,356.7544,-55.4082,7.14,0,,,,,9,16.2,ok
TIC 266907710,1.8084,-76.731,7.15,0,,,,,8,14.7,ok
TIC 375092128,88.7518,-50.9886,7.15,0,,,,,16,18.4,ok
TIC 139699256,322.4278,-50.3423,7.15,0,,,,,2,4.2,ok
TIC 140827588,75.4836,-76.6293,7.15,0,,,,,42,17.3,ok
TIC 177309385,103.3172,-74.724,7.16,0,,,,,42,17.8,ok
TIC 253928127,338.3805,-35.4455,7.16,0,,,,,4,7.5,ok
TIC 349764112,112.8501,-64.3719,7.16,0,,,,,42,17.6,ok
TIC 299901449,106.4048,-71.2705,7.16,0,,,,,43,17.2,ok
TIC 260542710,97.076,-59.6179,7.16,0,,,,,41,17.7,ok
TIC 150165182,93.1342,-61.474,7.17,0,,,,,27,17.6,ok
TIC 237932348,58.8484,-60.9071,7.17,0,,,,,18,17.3,ok
TIC 219203064,92.616,-48.9565,7.17,0,,,,,10,17.9,ok
TIC 234525772,15.8252,-60.099,7.17,0,,,,,8,15.1,ok
TIC 389047458,332.7155,-63.0995,7.17,0,,,,,7,12.3,ok
TIC 92656030,316.2701,-32.8262,7.17,0,,,,,3,5.8,ok
TIC 53938218,328.4254,-28.6721,7.17,0,,,,,3,5.9,ok
TIC 277774028,343.6672,-67.6124,7.17,0,,,,,5,8.8,ok
TIC 260474813,96.2741,-55.7248,7.17,0,,,,,41,18.5,ok
TIC 306668068,120.3859,-70.0232,7.17,0,,,,,40,17.4,ok
TIC 394584352,340.2712,-62.9434,7.18,0,,,,,6,10.9,ok
TIC 389920950,87.7523,-69.9029,7.18,0,,,,,37,17.4,ok
TIC 139191168,345.4442,-44.8411,7.18,0,,,,,5,9.1,ok
TIC 166972537,94.5865,-69.1627,7.18,0,,,,,41,17.4,ok
TIC 364399376,119.761,-61.5834,7.18,0,,80.0,rejete,variabilite_continue;eclipse_secondaire;compagnon_trop_gros_6.6Rjup,24,23.8,ok
TIC 349679418,112.487,-61.2499,7.19,0,,,,,38,17.6,ok
TIC 393889922,329.259,-26.4799,7.19,0,,,,,3,6.0,ok
TIC 55497281,71.7184,-60.6027,7.2,0,,,,,43,17.4,ok
TIC 220500424,345.8184,-55.169,7.2,0,,,,,6,10.9,ok
TIC 257735550,30.1249,-62.7622,7.2,0,,,,,6,10.7,ok
TIC 281460954,6.0502,-54.5671,7.2,0,,,,,5,9.1,ok
TIC 284194255,105.7982,-66.8886,7.22,0,,,,,38,17.2,ok
TIC 265613590,333.1621,-54.2914,7.22,0,,,,,4,7.5,ok
TIC 159835781,320.1939,-38.7811,7.22,0,,,,,4,7.2,ok
TIC 55272404,76.5465,-62.7876,7.22,0,,,,,40,17.6,ok
TIC 358247684,52.8518,-59.857,7.23,0,,,,,5,9.3,ok
TIC 260655847,98.1443,-55.6492,7.23,0,,,,,43,17.7,ok
TIC 231839456,25.1011,-60.9991,7.23,0,,,,,8,14.5,ok
TIC 441117607,324.6315,-27.894,7.23,0,,,,,3,5.4,ok
TIC 278564554,333.0098,-38.3031,7.24,0,,,,,2,4.2,ok
TIC 140828939,75.2897,-74.3408,7.24,0,,,,,28,17.6,ok
TIC 370240932,327.5997,-58.3056,7.24,0,,,,,6,10.7,ok
TIC 372908110,98.0402,-65.3151,7.25,0,,,,,38,17.6,ok
TIC 237920961,57.0099,-64.836,7.25,0,,,,,28,18.1,ok
TIC 231848236,26.6631,-61.3911,7.25,1,1.463,22.2,rejete,variabilite_continue;eclipse_secondaire,8,19.3,ok
TIC 407621805,71.024,-76.3049,7.25,0,,,,,43,18.5,ok
TIC 139199620,345.8689,-43.0793,7.26,0,,,,,5,9.1,ok
TIC 29832209,66.4438,-69.9937,7.26,0,,,,,42,17.9,ok
TIC 79423914,320.7614,-51.9426,7.27,0,,,,,4,7.5,ok
TIC 149253686,82.9003,-61.5411,7.27,0,,,,,29,17.8,ok
TIC 237933846,58.9583,-65.1861,7.27,0,,,,,34,19.0,ok
TIC 117512247,339.5195,-46.7102,7.27,0,,,,,2,4.0,ok
TIC 262924920,54.0016,-61.5421,7.28,0,,,,,10,17.5,ok
TIC 326451898,339.5492,-27.4433,7.28,0,,,,,2,4.1,ok
TIC 150064391,91.4244,-61.7485,7.29,0,,,,,37,17.7,ok
TIC 260266502,94.0637,-59.2206,7.29,0,,,,,38,17.5,ok
TIC 219329308,335.3456,-55.7645,7.29,0,,,,,5,8.9,ok
TIC 38698692,66.2872,-64.078,7.29,0,,,,,38,18.3,ok
TIC 300443794,111.6601,-69.5762,7.29,0,,,,,44,17.7,ok
TIC 302966630,61.684,-80.7376,7.3,0,,,,,11,18.0,ok
TIC 391901095,115.8335,-70.0648,7.3,0,,,,,42,17.7,ok
TIC 197683308,329.013,-39.3095,7.3,0,,,,,4,7.5,ok
TIC 137837137,335.4997,-19.4358,7.3,0,,,,,5,8.9,ok
TIC 262818224,348.7933,-56.7287,7.3,0,,,,,4,7.4,ok
TIC 358049328,34.1847,-63.3921,7.3,0,,,,,8,14.5,ok
TIC 167119619,96.0086,-70.1867,7.31,0,,,,,38,18.2,ok
TIC 273570263,356.7778,-73.0992,7.31,0,,,,,7,12.6,ok
TIC 403285071,332.0696,-63.5052,7.31,0,,,,,5,8.7,ok
TIC 253923637,337.8782,-32.3546,7.31,0,,,,,3,5.9,ok
TIC 139200569,345.7992,-47.2558,7.31,0,,,,,6,10.8,ok
TIC 273398705,341.0857,-74.8208,7.32,0,,,,,8,13.9,ok
TIC 403266307,330.9282,-60.4374,7.32,0,,,,,8,13.8,ok
TIC 152962952,338.8951,-38.7243,7.32,0,,,,,4,7.5,ok
TIC 238870817,38.2738,-72.4436,7.32,0,,,,,11,17.9,ok
TIC 52121796,17.6986,-66.189,7.33,0,,,,,8,14.3,ok
TIC 141127435,80.6869,-72.3382,7.33,1,3.2381,31.2,rejete,variabilite_continue;eclipse_secondaire,29,23.0,ok
TIC 231716612,352.837,-58.2098,7.33,0,,,,,4,7.3,ok
TIC 287327575,109.613,-57.3519,7.33,0,,,,,24,18.6,ok
TIC 280053409,46.1526,-77.1665,7.33,0,,,,,14,18.5,ok
TIC 63280198,337.1763,-33.7706,7.34,0,,,,,3,5.7,ok
TIC 382625142,118.4203,-63.6464,7.34,0,,,,,37,17.8,ok
TIC 277716351,329.7893,-60.608,7.34,0,,,,,6,10.3,ok
TIC 389506883,86.127,-70.1354,7.35,0,,,,,42,17.3,ok
TIC 206615548,22.6939,-59.6596,7.35,0,,,,,8,14.5,ok
TIC 220567625,46.2087,-65.1845,7.35,1,4.8567,20.9,rejete,variabilite_continue;eclipse_secondaire,9,21.8,ok
TIC 115105140,316.4953,-36.2596,7.35,0,,,,,3,5.9,ok
TIC 469936356,355.5548,-53.4233,7.36,0,,,,,7,12.5,ok
TIC 381949148,76.447,-57.553,7.36,0,,,,,44,18.5,ok
TIC 235011055,352.8288,-64.3715,7.36,0,,,,,3,6.1,ok
TIC 55383814,77.4057,-63.7768,7.36,0,,,,,39,17.9,ok
TIC 32176064,331.7234,-29.6133,7.36,0,,,,,4,7.5,ok
TIC 267046689,5.069,-77.2225,7.36,0,,,,,6,11.4,ok
TIC 149120726,80.9416,-62.5822,7.36,0,,,,,40,17.3,ok
TIC 140689653,73.0156,-72.9947,7.36,0,,,,,41,18.0,ok
TIC 349828641,113.5297,-60.2432,7.36,0,,,,,32,17.7,ok
TIC 453095415,114.1499,-67.6138,7.37,0,,,,,42,17.5,ok
TIC 92254406,313.0764,-31.3966,7.37,0,,,,,3,6.0,ok
TIC 279675528,50.3506,-61.4884,7.37,0,,,,,12,17.8,ok
TIC 302751922,322.9164,-25.3012,7.38,0,,,,,5,10.4,ok
TIC 183494752,19.7609,-77.0306,7.38,0,,,,,8,14.7,ok
TIC 403224672,338.9832,-59.865,7.38,0,,23.8,rejete,variabilite_continue,7,17.2,ok
TIC 62221758,336.1615,-33.27,7.38,0,,,,,4,8.0,ok
TIC 237928695,57.9284,-60.3602,7.38,0,,,,,16,17.3,ok
TIC 115108199,316.6539,-41.3849,7.39,0,,,,,4,7.9,ok
TIC 201235046,359.8846,-52.8436,7.4,0,,,,,8,14.6,ok
TIC 349156177,108.316,-64.8734,7.4,0,,,,,32,17.6,ok
TIC 260078030,91.8939,-55.7056,7.4,0,,,,,43,18.3,ok
TIC 139188326,345.0121,-46.4923,7.4,0,,,,,2,4.2,ok
TIC 278536554,332.7574,-39.5482,7.41,0,,,,,4,7.3,ok
TIC 238229227,59.3025,-76.5105,7.41,0,,,,,30,17.8,ok
TIC 327857952,1.3217,-67.8363,7.41,0,,,,,4,7.6,ok
TIC 234508705,12.6026,-64.0677,7.41,0,,,,,8,14.2,ok
TIC 382463166,353.0194,-43.5899,7.41,0,,,,,6,10.5,ok
TIC 325490655,357.7267,-79.8985,7.42,0,,,,,5,9.2,ok
TIC 375063320,100.3749,-65.4691,7.42,0,,,,,38,17.5,ok
TIC 349310293,109.6616,-63.3866,7.42,0,,,,,30,17.6,ok
TIC 270500463,324.1993,-30.7248,7.42,0,,,,,4,7.7,ok
TIC 287273024,109.4129,-59.2619,7.42,0,,,,,31,18.0,ok
TIC 220432921,73.4018,-57.3322,7.42,0,,,,,40,18.7,ok
TIC 289839102,317.4648,-24.4006,7.42,0,,,,,3,5.9,ok
TIC 279056282,102.5102,-55.9036,7.43,0,,,,,26,17.2,ok
TIC 147114002,321.6486,-44.8468,7.43,0,,,,,4,7.4,ok
TIC 340637365,116.5609,-59.8131,7.43,0,,,,,24,17.9,ok
TIC 89304808,318.5976,-32.5391,7.44,0,,,,,2,4.1,ok
TIC 24705473,25.6082,-66.8428,7.44,0,,,,,3,5.6,ok
TIC 320952706,324.8383,-37.1415,7.44,0,,,,,4,8.4,ok
TIC 231709033,351.7139,-59.6449,7.44,0,,,,,2,4.1,ok
TIC 161401705,345.4244,-51.469,7.44,0,,,,,4,7.7,ok
TIC 290486299,2.5191,-79.0019,7.45,0,,,,,8,14.6,ok
TIC 29583588,314.8786,-27.0258,7.45,0,,,,,4,7.3,ok
TIC 291243532,352.4594,-45.8945,7.46,0,,,,,6,10.4,ok
TIC 273792220,30.5512,-62.5916,7.46,0,,,,,7,12.9,ok
TIC 149631289,87.5773,-62.0804,7.46,0,,,,,34,17.1,ok
TIC 279741942,51.8204,-61.2588,7.46,0,,,,,10,17.4,ok
TIC 421873120,338.7928,-72.5508,7.46,0,,,,,8,14.5,ok
TIC 279246287,103.7136,-55.2604,7.46,0,,,,,29,17.3,ok
TIC 273396009,340.6507,-73.2442,7.46,0,,,,,8,15.0,ok
TIC 425936552,4.9558,-60.9121,7.46,0,,,,,7,13.0,ok
TIC 234514305,13.6666,-65.4604,7.47,0,,,,,8,14.6,ok
TIC 55500825,71.8137,-62.8292,7.47,0,,,,,42,18.4,ok
TIC 219194201,92.2024,-52.1353,7.48,0,,,,,18,18.1,ok
TIC 279050066,102.161,-54.014,7.48,0,,38.8,rejete,variabilite_continue;eclipse_secondaire,20,24.2,ok
TIC 69816235,337.4685,-23.8559,7.48,0,,,,,3,6.1,ok
TIC 211412634,321.9168,-31.7955,7.48,0,,,,,3,6.1,ok
TIC 267083739,0.1672,-69.6764,7.48,0,,,,,7,13.3,ok
TIC 469903886,335.3521,-51.1012,7.49,0,,,,,2,4.8,ok
TIC 38634217,65.0794,-63.1738,7.49,1,1.7211,20.3,rejete,variabilite_continue;eclipse_secondaire,43,23.7,ok
TIC 197979974,325.953,-53.9771,7.49,0,,,,,6,11.9,ok
TIC 350222188,355.9186,-63.9616,7.49,0,,,,,3,6.7,ok
TIC 234306483,34.8923,-67.7005,7.49,0,,,,,8,14.2,ok
TIC 89426339,322.9563,-31.5477,7.49,0,,,,,3,6.1,ok
TIC 261562268,349.6119,-74.5164,7.49,0,,,,,6,10.8,ok
TIC 389020089,339.2622,-59.5588,7.5,0,,,,,4,7.3,ok
TIC 52121469,17.6021,-67.4412,7.5,0,,,,,8,14.7,ok
TIC 47336943,340.7183,-27.8873,7.5,0,,,,,3,6.3,ok
TIC 149390710,83.9069,-62.0525,7.5,0,,,,,42,17.8,ok
TIC 277295979,84.4935,-69.9564,7.51,0,,,,,35,17.7,ok
TIC 327857282,1.2457,-70.2131,7.51,0,,,,,7,12.7,ok
TIC 31509222,89.31,-69.4774,7.51,0,,,,,35,17.9,ok
TIC 150431791,97.3281,-61.0054,7.51,0,,,,,43,18.1,ok
TIC 147339266,326.1866,-42.1295,7.51,0,,,,,4,7.5,ok
TIC 382507922,117.1982,-61.1621,7.51,0,,,,,31,17.7,ok
TIC 147086494,321.4615,-43.7785,7.51,0,,,,,3,6.3,ok
TIC 231861553,29.1413,-60.2254,7.51,0,,,,,7,13.0,ok
TIC 300139852,108.7351,-68.072,7.52,0,,,,,41,18.5,ok
TIC 277649549,329.0413,-60.2295,7.52,0,,,,,10,19.2,ok
TIC 364423010,119.6145,-65.0051,7.52,0,,,,,34,18.5,ok
TIC 167303382,97.9854,-68.7128,7.52,0,,,,,40,18.4,ok
TIC 182078289,14.8908,-75.8148,7.52,0,,,,,8,14.7,ok
TIC 231266199,334.4163,-48.6512,7.53,0,,,,,3,5.8,ok
TIC 262883563,53.184,-60.5739,7.53,0,,,,,9,16.0,ok
TIC 293526000,351.779,-72.8816,7.53,0,,,,,6,11.4,ok
TIC 139757119,323.7063,-49.7938,7.53,0,,,,,5,9.3,ok
TIC 389726435,329.6575,-45.7433,7.54,0,,,,,2,5.6,ok
TIC 182729795,16.3269,-72.5548,7.54,0,,,,,8,14.3,ok
TIC 348717439,45.0604,-81.0881,7.54,0,,,,,9,15.9,ok
TIC 469970988,1.5707,-64.2404,7.54,0,,,,,2,4.9,ok
TIC 280051640,45.7148,-72.4564,7.54,0,,,,,15,18.9,ok
TIC 177258735,102.2205,-73.299,7.54,0,,,,,41,18.4,ok
TIC 33910267,66.2179,-77.6851,7.54,0,,,,,30,18.7,ok
TIC 209302764,336.5407,-29.0824,7.54,0,,,,,1,2.4,ok
TIC 280803137,359.7168,-61.5869,7.54,0,,,,,4,7.6,ok
TIC 235044245,82.437,-53.2657,7.54,0,,,,,22,17.5,ok
TIC 29719050,315.6314,-24.8753,7.55,0,,,,,3,5.9,ok
TIC 389728618,349.9525,-41.9643,7.55,0,,,,,6,13.0,ok
TIC 262498404,109.8875,-57.4488,7.55,0,,,,,29,18.1,ok
TIC 152272780,328.9994,-30.9232,7.55,0,,,,,2,4.2,ok
TIC 149101226,80.2531,-64.3316,7.56,0,,,,,40,17.8,ok
TIC 152808277,343.6334,-41.8284,7.56,0,,,,,3,6.2,ok
TIC 407584737,352.7748,-74.1344,7.57,0,,,,,6,11.4,ok
TIC 31746672,49.4342,-68.1596,7.57,0,,,,,15,17.5,ok
TIC 260160453,92.7082,-59.7998,7.58,0,,103.2,rejete,variabilite_continue;eclipse_secondaire,39,24.1,ok
TIC 325204189,355.5055,-67.7707,7.58,0,,,,,4,7.8,ok
TIC 294780563,71.2833,-68.0207,7.58,0,,,,,41,17.4,ok
TIC 260656168,98.2006,-55.0803,7.59,0,,,,,37,18.3,ok
TIC 140578304,67.9836,-75.6816,7.59,0,,,,,43,17.3,ok
TIC 370236914,105.2381,-72.5605,7.59,0,,,,,44,17.4,ok
TIC 355706675,1.2917,-62.8451,7.59,0,,,,,9,16.2,ok
TIC 314865991,53.5579,-72.8452,7.6,0,,,,,25,18.5,ok
TIC 220573558,47.3475,-64.8547,7.6,0,,,,,8,14.6,ok
TIC 231704229,335.5654,-54.5591,7.6,0,,,,,4,7.6,ok
TIC 51938503,15.0417,-70.1767,7.61,0,,,,,4,7.6,ok
TIC 139327615,348.8652,-43.6054,7.61,0,,,,,4,7.4,ok
TIC 237339895,348.07,-61.333,7.61,0,,,,,4,7.7,ok
TIC 214992249,342.4416,-37.856,7.62,0,,,,,5,9.1,ok
TIC 141943941,95.3335,-75.128,7.62,0,,,,,41,17.7,ok
TIC 31104764,76.4957,-68.4163,7.62,0,,,,,41,18.8,ok
TIC 219323877,331.4033,-58.9609,7.63,0,,,,,5,9.3,ok
TIC 55741018,74.59,-63.2137,7.63,0,,,,,43,18.1,ok
TIC 304033639,25.2471,-76.2429,7.63,0,,,,,6,12.1,ok
TIC 220521199,42.0036,-62.9647,7.63,0,,,,,6,11.2,ok
TIC 280793604,359.4019,-65.7757,7.63,0,,,,,4,7.5,ok
TIC 177174590,105.188,-71.3959,7.64,0,,,,,41,17.3,ok
TIC 372913684,119.5121,-60.6147,7.64,0,,,,,22,17.8,ok
TIC 33861444,64.7529,-75.718,7.64,0,,,,,42,19.0,ok
TIC 260043481,91.5117,-59.5481,7.64,0,,,,,43,18.0,ok
TIC 319289907,72.0235,-80.779,7.64,0,,,,,18,19.0,ok
TIC 80142226,331.3981,-30.7077,7.64,0,,,,,1,3.0,ok
TIC 52121848,17.6505,-65.9216,7.64,0,,,,,8,14.8,ok
TIC 279157426,103.0538,-56.5091,7.64,0,,,,,40,18.5,ok
TIC 271576444,105.8804,-77.943,7.65,0,,,,,32,19.3,ok
TIC 394585454,340.872,-64.8122,7.65,0,,,,,7,12.7,ok
TIC 279314081,331.6965,-45.3942,7.65,0,,,,,4,7.4,ok
TIC 304032067,24.9737,-74.9833,7.66,0,,,,,7,13.2,ok
TIC 453079732,113.6404,-70.3818,7.66,0,,,,,41,17.8,ok
TIC 39018622,12.1472,-67.5318,7.66,0,,,,,6,11.1,ok
TIC 219183080,92.0565,-53.2823,7.66,0,,,,,26,17.1,ok
TIC 69819180,337.8059,-22.9968,7.66,0,,,,,3,5.8,ok
TIC 152866374,345.493,-39.7562,7.67,0,,,,,3,6.0,ok
TIC 139201113,346.0252,-46.0012,7.67,0,,,,,3,5.8,ok
TIC 238179321,358.4577,-70.6792,7.67,0,,,,,5,9.4,ok
TIC 38698083,66.3649,-65.8129,7.67,0,,,,,42,18.5,ok
TIC 235004082,351.8702,-61.1873,7.67,0,,,,,4,8.0,ok
TIC 441081454,323.5387,-27.9017,7.67,0,,,,,4,8.3,ok
TIC 165109941,323.0478,-40.1993,7.67,0,,,,,3,5.7,ok
TIC 369966028,5.2301,-65.1138,7.67,0,,,,,6,11.4,ok
TIC 198051324,62.9378,-59.1697,7.68,0,,,,,19,16.8,ok
TIC 270627594,87.2348,-53.462,7.68,0,,,,,26,17.5,ok
TIC 382451092,350.5103,-46.8836,7.68,0,,,,,8,14.4,ok
TIC 150320178,95.7154,-64.5426,7.68,0,,,,,33,17.7,ok
TIC 309476899,125.1774,-64.0647,7.68,0,,,,,9,17.0,ok
TIC 47338708,340.7969,-28.1511,7.68,0,,,,,3,6.2,ok
TIC 47317896,340.3588,-27.2571,7.69,0,,,,,1,2.4,ok
TIC 141865875,93.8019,-77.0522,7.69,0,,37.5,rejete,variabilite_continue;eclipse_secondaire,45,23.7,ok
TIC 369683383,18.5139,-61.0095,7.69,0,,,,,6,10.9,ok
TIC 53952985,328.9254,-29.7073,7.69,0,,,,,3,5.8,ok
TIC 143853999,331.5311,-49.6864,7.7,0,,,,,2,3.8,ok
TIC 370232736,325.5677,-57.6129,7.7,0,,,,,6,10.8,ok
TIC 152863598,345.2005,-39.8948,7.7,0,,,,,3,5.7,ok
TIC 139120863,320.0215,-42.6788,7.7,0,,,,,4,7.3,ok
TIC 167814517,105.1799,-61.1417,7.7,0,,,,,32,17.4,ok
TIC 281779814,12.9622,-56.5775,7.7,0,,,,,5,9.0,ok
TIC 425907418,2.51,-63.297,7.7,0,,,,,4,7.4,ok
TIC 197594519,327.0011,-40.2584,7.71,0,,,,,4,7.1,ok
TIC 370137704,46.9095,-72.3219,7.71,0,,,,,15,18.6,ok
TIC 278867391,100.9661,-54.5663,7.71,0,,,,,25,17.7,ok
TIC 358109985,51.7175,-73.1326,7.71,0,,,,,23,17.4,ok
TIC 140894354,76.4887,-73.5931,7.71,0,,,,,41,17.8,ok
TIC 141268467,82.5142,-76.2487,7.71,0,,,,,40,17.3,ok
TIC 150062447,91.314,-62.2935,7.71,0,,,,,36,17.2,ok
TIC 394136313,4.3934,-69.8784,7.72,0,,,,,8,15.1,ok
TIC 341040849,118.0927,-59.493,7.72,0,,,,,19,16.9,ok
TIC 425940518,8.7749,-63.6986,7.72,0,,,,,8,15.4,ok
TIC 38699545,66.3036,-61.6214,7.72,0,,,,,43,17.7,ok
TIC 293347978,98.9783,-64.8807,7.72,0,,,,,39,18.3,ok
TIC 33910266,66.2304,-77.684,7.72,0,,,,,30,17.8,ok
TIC 52206436,19.7425,-71.1149,7.72,0,,,,,7,12.8,ok
TIC 278730120,99.6107,-58.3377,7.72,0,,,,,43,20.1,ok
TIC 260795157,347.5869,-68.8368,7.73,0,,,,,9,16.5,ok
TIC 140051677,330.0319,-52.3034,7.73,0,,,,,4,7.3,ok
TIC 260852228,349.3428,-66.922,7.73,0,,,,,6,11.0,ok
TIC 38602419,64.3212,-63.0968,7.74,0,,,,,42,17.3,ok
TIC 293480995,50.358,-82.4779,7.74,0,,,,,12,18.2,ok
TIC 220408612,70.4774,-58.0208,7.74,0,,,,,34,17.6,ok
TIC 374912345,89.0304,-61.4469,7.74,0,,,,,42,18.1,ok
TIC 270564435,329.1629,-31.3902,7.74,0,,,,,1,2.5,ok
TIC 32033224,56.0776,-66.6962,7.74,0,,,,,27,18.5,ok
TIC 271693199,109.7678,-76.416,7.74,0,,,,,40,16.8,ok
TIC 204452012,326.1677,-35.6164,7.75,0,,,,,4,7.5,ok
TIC 281669973,10.6446,-54.1189,7.75,0,,,,,6,10.6,ok
TIC 121490734,343.5683,-45.889,7.75,0,,,,,4,7.2,ok
TIC 279647684,49.419,-63.0777,7.75,0,,,,,10,18.3,ok
TIC 204543786,327.3034,-35.6391,7.75,0,,,,,3,5.7,ok
TIC 231009108,25.6545,-58.4134,7.76,0,,,,,6,10.8,ok
TIC 139994847,328.5541,-53.1251,7.76,0,,,,,5,9.4,ok
TIC 24704862,25.3168,-67.6799,7.76,0,,,,,7,12.4,ok
TIC 139878735,326.2994,-50.4471,7.76,0,,,,,5,9.7,ok
TIC 206285533,352.9356,-53.7703,7.77,0,,,,,6,11.4,ok
TIC 350182638,115.7984,-61.9012,7.77,0,,,,,39,17.9,ok
TIC 309614870,78.6026,-63.5409,7.77,0,,,,,39,17.3,ok
TIC 200658785,2.4691,-50.2679,7.77,0,,,,,6,11.1,ok
TIC 232059033,339.2691,-65.8582,7.77,0,,,,,7,12.6,ok
TIC 234991587,349.7712,-60.5209,7.77,0,,,,,4,7.5,ok
TIC 139285893,347.964,-44.7258,7.78,0,,,,,2,4.2,ok
TIC 201293055,2.8913,-58.9099,7.78,0,,,,,7,13.0,ok
TIC 159858571,325.5438,-41.1268,7.79,0,,,,,2,3.9,ok
TIC 183799419,20.8606,-76.6119,7.79,0,,,,,8,14.8,ok
TIC 294748147,70.6016,-71.4959,7.79,0,,,,,41,18.0,ok
TIC 238168526,356.5021,-66.8533,7.79,0,,,,,4,7.7,ok
TIC 150187916,93.7146,-62.2834,7.8,0,,,,,39,18.0,ok
TIC 92628706,315.7432,-32.5881,7.8,0,,,,,4,7.6,ok
TIC 261417533,95.249,-78.4123,7.8,0,,,,,41,18.7,ok
TIC 55649929,73.7932,-63.9588,7.8,0,,,,,40,17.7,ok
TIC 382374850,332.1119,-44.7253,7.8,0,,,,,2,4.1,ok
TIC 238870744,38.3498,-72.6718,7.8,0,,,,,11,17.8,ok
TIC 238870740,38.2487,-72.6861,7.8,0,,,,,11,18.9,ok
TIC 293568265,359.2901,-74.3013,7.8,0,,,,,8,14.2,ok
TIC 260949184,73.0934,-82.475,7.8,0,,,,,13,18.4,ok
TIC 261205435,87.6761,-79.3,7.81,0,,,,,30,18.0,ok
TIC 349155285,108.2756,-63.3412,7.81,0,,,,,35,17.8,ok
TIC 238877488,39.5799,-72.8664,7.81,0,,,,,9,17.1,ok
TIC 281666783,10.1862,-58.4659,7.81,0,,,,,4,7.5,ok
TIC 412064386,0.3219,-68.3714,7.81,0,,,,,?,256.0,timeout
TIC 29348570,313.3347,-28.0244,7.82,0,,,,,2,6.1,ok
TIC 167748771,103.5499,-62.4635,7.82,0,,,,,41,18.6,ok
TIC 141609430,88.7251,-75.4582,7.82,0,,,,,40,20.9,ok
TIC 141545616,88.391,-75.3439,7.82,0,,,,,40,19.2,ok
TIC 88327071,333.4425,-46.7438,7.82,0,,,,,3,8.4,ok
TIC 201251549,0.9163,-57.1645,7.83,0,,,,,6,11.4,ok
TIC 306512813,119.066,-69.645,7.83,0,,,,,44,17.9,ok
TIC 144277323,353.8975,-46.9468,7.83,0,,,,,6,12.1,ok
TIC 389754101,351.4191,-42.9,7.83,0,,,,,3,6.1,ok
TIC 159780236,319.6424,-39.2553,7.83,0,,,,,3,6.3,ok
TIC 152825519,344.5761,-41.8576,7.83,0,,,,,5,10.2,ok
TIC 167797285,104.5429,-60.2962,7.83,0,,,,,41,20.1,ok
TIC 209362892,338.6215,-27.396,7.83,0,,,,,3,6.8,ok
TIC 260507598,96.6816,-59.0253,7.83,0,,,,,41,19.2,ok
TIC 167889402,105.1153,-65.9079,7.84,0,,,,,42,20.1,ok
TIC 220536846,43.1103,-59.9329,7.84,0,,,,,6,11.3,ok
TIC 469946168,341.935,-54.4964,7.84,0,,,,,6,11.8,ok
TIC 259886044,40.8596,-69.3826,7.84,0,,,,,11,18.6,ok
TIC 220563774,45.7357,-59.9995,7.84,0,,,,,4,8.5,ok
TIC 165062589,322.3305,-38.8276,7.84,0,,,,,3,6.3,ok
TIC 29758639,316.0497,-29.1492,7.84,0,,,,,4,8.2,ok
TIC 219170912,91.0498,-52.8936,7.84,0,,,,,20,18.8,ok
TIC 410214986,354.916,-69.1962,7.85,1,2.864,10.1,rejete,variabilite_continue;eclipse_secondaire,10,25.1,ok
TIC 290081384,319.5219,-29.5143,7.85,0,,,,,3,7.1,ok
TIC 167796443,104.36,-60.8512,7.85,0,,,,,44,20.6,ok
TIC 167524563,100.5307,-64.5238,7.85,0,,,,,38,18.9,ok
TIC 260418789,95.9079,-56.109,7.86,0,,,,,40,17.5,ok
TIC 237333869,347.0531,-63.6286,7.87,0,,,,,3,5.8,ok
TIC 402104884,358.4653,-75.635,7.87,0,,,,,8,15.2,ok
TIC 55663264,74.3709,-61.2873,7.87,0,,,,,?,0.9,erreur
TIC 278823382,100.0911,-59.1231,7.87,0,,,,,31,18.2,ok
TIC 355480244,351.8422,-52.3045,7.87,0,,,,,6,11.3,ok
TIC 201230210,358.908,-51.3748,7.88,0,,,,,6,11.2,ok
TIC 152808505,343.7503,-40.9262,7.88,0,,,,,4,7.6,ok
TIC 287298969,82.3553,-66.439,7.88,0,,,,,37,18.2,ok
TIC 290131778,319.6996,-26.6165,7.88,0,,46.7,rejete,variabilite_continue;eclipse_secondaire,5,12.9,ok
TIC 167526213,100.5955,-61.2241,7.88,0,,,,,39,18.8,ok
TIC 197590315,326.6285,-38.7217,7.89,0,,,,,2,4.1,ok
TIC 260370233,95.2584,-54.9352,7.89,0,,,,,38,17.8,ok
TIC 139721086,322.7643,-50.8472,7.89,0,,,,,6,10.8,ok
TIC 280096830,46.3421,-75.6955,7.89,0,,,,,10,18.0,ok
TIC 260967812,74.6288,-78.1858,7.89,0,,,,,36,18.3,ok
TIC 394015919,329.9062,-59.7536,7.89,0,,,,,7,12.9,ok
TIC 273513941,347.8479,-72.525,7.89,0,,,,,6,11.2,ok
TIC 350522196,86.3126,-55.7249,7.89,0,,,,,41,17.8,ok
TIC 234510670,13.2537,-61.0769,7.89,0,,,,,6,11.0,ok
TIC 278772999,335.557,-39.8217,7.9,0,,,,,4,7.2,ok
TIC 355509542,15.6398,-57.3414,7.9,0,,,,,5,9.1,ok
TIC 394045518,334.5462,-63.0071,7.9,0,,,,,5,9.4,ok
TIC 267062522,359.2581,-67.5941,7.9,0,,,,,5,9.0,ok
TIC 214709500,341.1075,-38.5555,7.91,0,,,,,3,5.9,ok
TIC 276861788,83.2879,-65.9421,7.91,0,,,,,34,18.4,ok
TIC 238874577,39.2455,-72.6821,7.91,0,,,,,11,18.5,ok
TIC 206592394,20.8397,-57.481,7.91,0,,,,,8,14.8,ok
TIC 80085363,331.2765,-35.1829,7.91,0,,,,,3,5.8,ok
TIC 394232171,48.1322,-77.9147,7.91,0,,,,,14,19.7,ok
TIC 92732750,316.8445,-31.5,7.91,0,,,,,2,4.6,ok
TIC 267089153,5.6447,-73.0327,7.91,0,,,,,7,12.6,ok
TIC 150390619,96.5128,-64.3304,7.91,0,,,,,35,18.1,ok
TIC 389750989,87.0809,-70.3461,7.91,0,,,,,38,20.2,ok
TIC 469942964,341.7595,-54.4122,7.91,0,,,,,3,7.2,ok
TIC 201225399,358.3446,-48.9367,7.92,0,,,,,4,7.6,ok
TIC 40405143,77.3581,-69.7139,7.92,0,,,,,40,18.9,ok
TIC 143980902,335.6511,-50.8144,7.92,0,,,,,4,8.1,ok
TIC 139201076,345.9996,-46.1677,7.92,0,,,,,3,6.0,ok
TIC 318569322,332.7681,-66.3415,7.92,0,,,,,7,12.8,ok
TIC 255759613,99.6103,-53.652,7.92,0,,,,,25,18.0,ok
TIC 139191140,345.4086,-44.9886,7.92,0,,,,,3,7.8,ok
TIC 273650690,3.7702,-68.5297,7.93,0,,,,,4,9.7,ok
TIC 62221706,336.0303,-33.7233,7.93,0,,,,,3,7.0,ok
TIC 197963166,348.6758,-48.5782,7.93,0,,,,,5,10.7,ok
TIC 355738548,1.8953,-60.6421,7.93,0,,,,,7,13.5,ok
TIC 231861543,29.0947,-60.1935,7.93,0,,,,,6,11.1,ok
TIC 306511307,119.1376,-67.7722,7.94,0,,,,,39,19.1,ok
TIC 369988770,37.7085,-59.8972,7.94,0,,,,,8,15.6,ok
TIC 183495016,18.3456,-74.2776,7.94,0,,,,,6,11.7,ok
TIC 402289575,325.9667,-63.4086,7.94,0,,,,,3,6.6,ok
TIC 300653260,114.2304,-68.5106,7.94,0,,,,,43,19.8,ok
TIC 25245922,327.2794,-22.8184,7.95,0,,,,,4,8.0,ok
TIC 289839756,317.5343,-24.8233,7.95,0,,,,,5,10.2,ok
TIC 267182905,5.8181,-76.7242,7.95,0,,,,,5,9.7,ok
TIC 231712332,352.2053,-56.8784,7.95,0,,,,,4,8.1,ok
TIC 62763555,336.4791,-35.6614,7.96,0,,,,,4,8.6,ok
TIC 204501868,327.015,-32.3427,7.96,0,,,,,1,2.8,ok
TIC 260852224,349.3283,-66.9406,7.96,0,,,,,10,18.5,ok
TIC 262829638,349.3247,-54.9352,7.96,0,,,,,2,4.9,ok
TIC 350764186,88.9564,-56.5285,7.96,0,,,,,29,18.8,ok
TIC 238809626,326.9477,-63.9238,7.96,0,,,,,6,12.1,ok
TIC 219137994,342.3543,-53.9375,7.96,0,,,,,1,2.5,ok
TIC 60912947,334.4791,-32.4802,7.96,0,,,,,4,7.7,ok
TIC 237329910,346.4151,-60.0803,7.97,0,,,,,3,6.6,ok
TIC 220536421,42.9727,-61.6171,7.97,0,,,,,11,21.0,ok
TIC 382437069,117.1608,-63.6888,7.97,0,,,,,29,18.6,ok
TIC 290405947,0.1188,-79.0624,7.97,0,,,,,6,12.5,ok
TIC 311924816,54.8495,-60.0769,7.98,0,,,,,8,14.6,ok
TIC 279616114,48.4241,-65.8302,7.98,0,,,,,9,16.9,ok
TIC 99647872,321.3685,-23.5827,7.98,0,,,,,3,6.5,ok
TIC 355705451,0.9336,-63.6006,7.98,0,,,,,4,7.4,ok
TIC 255640029,98.3526,-52.4843,7.99,0,,,,,20,18.7,ok
TIC 370324466,341.246,-56.6949,7.99,0,,,,,3,7.0,ok
TIC 141610050,88.6955,-76.8075,7.99,0,,,,,39,18.5,ok
TIC 139127457,343.8553,-42.8846,7.99,0,,,,,2,4.4,ok
TIC 55402208,78.0424,-62.0397,7.99,0,,,,,39,19.1,ok
TIC 29778225,64.8193,-65.9666,7.99,0,,,,,44,19.6,ok
TIC 391949880,79.5202,-80.9643,7.99,1,4.9408,21.3,rejete,variabilite_continue,20,26.2,ok
TIC 167248140,97.6155,-68.9476,7.99,0,,,,,28,19.6,ok
TIC 150063627,91.4257,-60.1056,8.0,0,,,,,29,18.5,ok
TIC 24706089,25.7738,-69.5726,8.0,0,,,,,8,15.4,ok
TIC 234306874,35.0142,-69.4313,8.0,0,,,,,9,15.3,ok
TIC 303909512,22.9703,-76.9139,8.0,0,,,,,8,16.0,ok
TIC 231828422,23.1303,-62.8435,8.0,0,,,,,8,14.9,ok
TIC 300658296,114.6477,-68.2707,8.0,0,,,,,43,17.8,ok
TIC 253937638,339.3657,-29.9651,8.0,0,,,,,2,4.5,ok
TIC 253929873,338.4676,-33.7592,8.0,0,,,,,3,5.4,ok
TIC 55401680,77.9797,-60.655,8.0,0,,,,,31,17.6,ok
TIC 31106039,76.2779,-68.0864,8.0,0,,,,,29,17.8,ok
TIC 273420262,343.9962,-71.9677,8.0,0,,,,,8,14.5,ok
TIC 237933451,58.8262,-65.2842,8.0,0,,,,,34,18.0,ok
TIC 349269343,108.9713,-61.8623,8.0,0,,,,,30,18.1,ok
TIC 32207638,332.5347,-27.6748,8.0,0,,,,,4,7.7,ok
TIC 160037769,339.0223,-41.175,8.0,0,,,,,3,5.4,ok
TIC 159837822,320.3444,-38.1743,8.0,0,,,,,4,7.5,ok
TIC 382145521,80.3228,-56.2451,8.0,0,,56.7,rejete,variabilite_continue;eclipse_secondaire,42,23.5,ok
TIC 115105263,316.3971,-36.4656,8.0,0,,,,,5,9.2,ok
TIC 238867738,343.2036,-66.73,8.0,0,,,,,7,13.2,ok
TIC 237312349,343.5965,-65.0833,8.0,0,,,,,7,12.9,ok
TIC 260656935,98.4145,-54.1171,8.01,0,,,,,29,17.8,ok
TIC 452377101,88.3345,-51.0529,8.01,0,,,,,9,16.8,ok
TIC 394584686,340.2865,-64.148,8.01,0,,,,,9,16.6,ok
TIC 220477045,75.5281,-57.4834,8.01,0,,,,,?,0.8,erreur
TIC 167415965,99.4577,-70.9306,8.01,1,9.2772,15.2,rejete,variabilite_continue,40,24.6,ok
TIC 211433060,322.3514,-30.4116,8.01,0,,,,,3,6.7,ok
TIC 364326091,101.7985,-61.8132,8.01,0,,,,,39,18.3,ok
TIC 139256639,347.3581,-47.7611,8.01,0,,,,,3,6.0,ok
TIC 303910111,22.6402,-75.2319,8.01,0,,,,,6,11.6,ok
TIC 280051011,43.5748,-73.4528,8.01,0,,,,,11,18.1,ok
TIC 150141471,92.7644,-63.2742,8.01,0,,,,,27,17.6,ok
TIC 29986479,72.8589,-68.4397,8.01,0,,,,,30,18.3,ok
TIC 183979379,21.2916,-72.0535,8.01,0,,,,,9,16.2,ok
TIC 229013861,329.6602,-32.3555,8.01,0,,,,,3,6.6,ok
TIC 260753626,346.5492,-70.4882,8.01,0,,,,,9,16.8,ok
TIC 279324004,104.2197,-59.3788,8.01,0,,,,,30,17.8,ok
TIC 220523140,42.2272,-65.239,8.01,0,,,,,7,14.0,ok
TIC 394358667,43.6532,-81.5592,8.01,0,,,,,9,16.4,ok
TIC 219328436,333.5096,-55.2991,8.01,0,,,,,6,11.8,ok
TIC 278777070,99.7439,-58.836,8.01,0,,,,,45,18.6,ok
TIC 220412239,70.8468,-57.0927,8.01,0,,,,,20,19.1,ok
TIC 355508120,15.1946,-57.7192,8.01,0,,,,,8,14.3,ok
TIC 278775103,99.7408,-55.2986,8.01,0,,,,,26,19.0,ok
TIC 150393049,96.7989,-60.1051,8.01,0,,,,,31,18.1,ok
TIC 55478693,71.2144,-64.9763,8.01,0,,,,,32,18.4,ok
TIC 219327284,333.52,-59.4946,8.01,0,,,,,9,19.6,ok
TIC 219326123,331.4951,-56.4724,8.01,0,,,,,5,10.9,ok
TIC 201177084,357.9129,-53.8931,8.01,0,,,,,9,15.8,ok
TIC 267091453,5.9825,-77.6451,8.01,0,,,,,5,9.2,ok
TIC 293505416,351.0747,-70.7612,8.01,0,,,,,9,16.6,ok
TIC 339578340,359.1539,-59.5327,8.01,0,,,,,7,12.2,ok
TIC 24705240,25.5341,-66.0176,8.01,0,,,,,5,10.2,ok
TIC 302297226,320.2216,-26.6153,8.01,0,,,,,5,9.7,ok
TIC 260709282,98.5248,-57.086,8.01,0,,,,,28,18.0,ok
TIC 394045029,334.5862,-64.5575,8.01,0,,,,,10,17.5,ok
TIC 259862052,40.0871,-67.1039,8.02,0,,,,,6,11.2,ok
TIC 327672504,330.8826,-68.0589,8.02,0,,,,,8,14.1,ok
TIC 201288535,2.3273,-59.0605,8.02,0,,,,,8,14.2,ok
TIC 259886373,41.0167,-68.1489,8.02,0,,,,,12,17.8,ok
TIC 31814318,51.2206,-68.3343,8.02,0,,,,,20,18.2,ok
TIC 309787691,126.376,-61.3488,8.02,0,,,,,7,13.2,ok
TIC 370327326,64.1485,-79.9933,8.02,0,,,,,13,18.8,ok
TIC 425937794,5.4363,-64.3714,8.02,0,,,,,7,12.6,ok
TIC 38515329,62.7588,-62.4473,8.02,0,,,,,29,19.5,ok
TIC 38811498,67.3874,-65.3774,8.02,0,,,,,44,18.6,ok
TIC 140800765,74.7115,-72.1251,8.02,0,,,,,30,17.8,ok
TIC 264871967,117.7464,-59.1806,8.02,0,,,,,14,17.8,ok
TIC 278709638,335.2326,-41.43,8.02,0,,,,,4,7.6,ok
TIC 142110261,99.272,-74.796,8.02,0,,,,,29,18.0,ok
TIC 209395921,325.6909,-24.7039,8.02,0,,,,,4,7.8,ok
TIC 206595483,334.3981,-20.4696,8.02,0,,,,,5,9.6,ok
TIC 388104889,55.9867,-63.527,8.02,0,,,,,14,18.5,ok
TIC 234299744,358.7205,-62.1346,8.02,0,,,,,7,12.9,ok
TIC 233962972,32.4391,-64.4257,8.02,0,,,,,4,7.2,ok
TIC 92498515,314.8925,-34.4268,8.02,0,,,,,3,5.8,ok
TIC 300903424,321.4322,-29.8676,8.02,0,,,,,3,5.6,ok
TIC 140045614,329.4582,-50.7817,8.02,0,,,,,5,9.5,ok
TIC 159736750,319.0809,-40.5994,8.02,0,,,,,3,6.0,ok
TIC 238915288,94.0118,-50.9771,8.02,0,,,,,9,16.0,ok
TIC 197936256,335.076,-50.3658,8.02,0,,,,,4,7.2,ok
TIC 206651551,342.7239,-32.4886,8.02,0,,,,,3,5.5,ok
TIC 220490324,344.1077,-57.78,8.02,0,,,,,5,9.2,ok
TIC 209359681,338.3552,-28.1476,8.02,0,,,,,2,3.9,ok
TIC 139455526,336.7048,-45.6191,8.02,0,,,,,5,10.0,ok
TIC 232085969,30.8115,-66.599,8.03,0,,,,,4,7.4,ok
TIC 53976522,329.089,-29.3488,8.03,0,,,,,3,5.9,ok
TIC 32152605,59.4453,-69.5254,8.03,0,,,,,44,17.9,ok
TIC 220492687,344.5879,-59.4083,8.03,0,,,,,4,7.6,ok
TIC 144219287,328.5025,-47.0209,8.03,0,,,,,2,4.2,ok
TIC 25132314,62.1286,-68.7022,8.03,0,,,,,43,18.1,ok
TIC 388131027,65.3619,-69.6155,8.03,0,,,,,44,17.5,ok
TIC 167205241,97.3487,-71.5065,8.03,0,,,,,42,17.7,ok
TIC 234294074,357.4954,-60.1448,8.03,0,,,,,7,12.1,ok
TIC 92862464,317.5215,-30.4946,8.03,0,,,,,3,5.5,ok
TIC 167720983,103.3031,-64.0493,8.03,0,,,,,28,17.9,ok
TIC 382381406,334.4869,-46.3357,8.03,0,,,,,3,5.8,ok
TIC 141945095,95.6582,-73.3449,8.03,0,,,,,26,18.1,ok
TIC 220565588,46.0117,-64.2122,8.03,0,,,,,7,13.0,ok
TIC 279053000,102.1496,-58.4673,8.03,1,0.996,18.0,rejete,variabilite_continue;eclipse_secondaire,43,25.7,ok
TIC 147382908,326.5402,-45.1549,8.03,0,,,,,3,6.3,ok
TIC 375089268,100.2399,-62.7232,8.03,0,,,,,30,18.3,ok
TIC 161169386,339.5662,-53.9515,8.03,0,,,,,5,9.4,ok
TIC 382200572,81.6541,-54.0039,8.03,0,,,,,19,18.3,ok
TIC 38633493,64.9986,-61.0057,8.03,0,,,,,25,20.8,ok
TIC 39015747,11.5962,-71.7824,8.03,0,,,,,6,10.6,ok
TIC 281540835,6.7046,-59.878,8.03,0,,,,,8,21.2,ok
TIC 441080767,323.5243,-29.8831,8.03,0,,,,,3,5.9,ok
TIC 121470291,342.4632,-44.4236,8.03,0,,,,,4,7.3,ok
TIC 300325379,110.7053,-66.5388,8.03,0,,,,,39,17.7,ok
TIC 140527781,66.8969,-71.9958,8.03,0,,,,,31,19.5,ok
TIC 61708139,335.3985,-35.9368,8.04,0,,,,,4,7.7,ok
TIC 231853979,27.654,-62.0706,8.04,0,,,,,6,11.3,ok
TIC 80080413,330.6757,-30.7128,8.04,0,,,,,3,5.9,ok
TIC 402047030,352.3573,-48.4001,8.04,0,,,,,9,16.2,ok
TIC 260949692,73.3153,-78.1456,8.04,0,,,,,36,19.8,ok
TIC 300577534,321.1767,-28.0048,8.04,0,,,,,3,5.8,ok
TIC 52285715,21.5415,-67.843,8.04,0,,,,,4,8.1,ok
TIC 92594505,315.4694,-33.485,8.04,0,,,,,4,7.6,ok
TIC 355689348,0.8444,-63.7342,8.04,0,,,,,7,13.3,ok
TIC 425940120,8.7956,-62.0815,8.04,0,,,,,8,14.0,ok
TIC 121489136,343.3956,-44.8739,8.04,0,,,,,4,7.4,ok
TIC 142109251,99.1913,-76.8026,8.04,0,,,,,29,18.6,ok
TIC 261749149,26.7076,-82.673,8.04,0,,44.5,rejete,variabilite_continue;eclipse_secondaire,12,28.5,ok
TIC 92752807,317.0762,-35.2734,8.04,0,,,,,2,5.2,ok
TIC 234291977,357.099,-62.0081,8.04,0,,,,,8,15.2,ok
TIC 141606660,88.9284,-72.4065,8.04,0,,,,,28,19.2,ok
TIC 139731252,323.348,-49.4272,8.04,0,,,,,4,7.9,ok
TIC 209376399,325.5093,-29.6722,8.04,0,,,,,3,5.9,ok
TIC 55604274,73.5677,-59.9433,8.04,0,,,,,32,17.3,ok
TIC 31511890,89.3424,-67.4283,8.04,0,,,,,18,17.4,ok
TIC 439364836,319.2398,-23.9088,8.04,0,,,,,4,9.9,ok
TIC 237926568,57.7436,-63.7832,8.04,0,,,,,20,18.1,ok
TIC 348899264,106.1815,-60.808,8.04,0,,,,,44,18.0,ok
TIC 62481633,336.1888,-34.8019,8.04,0,,,,,3,6.5,ok
TIC 139898595,326.9087,-52.303,8.04,0,,,,,6,11.7,ok
TIC 260127606,92.0671,-57.9322,8.04,0,,,,,44,18.1,ok
TIC 279316880,331.9802,-46.0453,8.04,0,,,,,3,6.3,ok
TIC 304103851,27.9379,-75.9914,8.04,0,,,,,9,16.3,ok
TIC 234522714,15.4132,-62.1623,8.04,0,,,,,10,18.9,ok
TIC 382371872,329.8288,-42.042,8.05,0,,,,,3,5.8,ok
TIC 114990108,315.5525,-37.6978,8.05,0,,,,,3,5.7,ok
TIC 270501383,324.5352,-31.738,8.05,0,,,,,4,7.4,ok
TIC 259886581,40.9298,-67.2825,8.05,0,,,,,9,15.7,ok
TIC 53994275,331.5446,-28.0247,8.05,0,,,,,4,7.3,ok
TIC 260079513,92.0713,-55.2384,8.05,0,,,,,43,18.4,ok
TIC 349411267,110.3439,-60.2531,8.05,0,,,,,30,17.5,ok
TIC 38469560,61.9716,-64.604,8.05,0,,,,,30,18.2,ok
TIC 161440007,345.7226,-49.0639,8.05,0,,,,,5,9.2,ok
TIC 358576515,38.6978,-61.0625,8.05,0,,,,,5,9.3,ok
TIC 281709735,11.1248,-54.3132,8.05,0,,,,,8,14.1,ok
TIC 280804030,44.5424,-67.3762,8.05,0,,,,,14,17.6,ok
TIC 219200215,92.5076,-52.7993,8.05,0,,,,,23,18.2,ok
TIC 425905468,2.2081,-60.1373,8.05,0,,,,,8,14.6,ok
TIC 279741177,51.8502,-64.3308,8.05,0,,,,,12,18.3,ok
TIC 381975243,77.1218,-56.9873,8.05,0,,,,,28,17.8,ok
TIC 389021976,331.1854,-60.4647,8.05,0,,,,,8,14.2,ok
TIC 320940203,324.653,-41.0971,8.05,0,,,,,3,5.5,ok
TIC 266904464,1.1399,-76.3464,8.05,0,,,,,6,10.4,ok
TIC 117511950,339.4127,-47.8288,8.05,0,,,,,3,5.5,ok
TIC 260984889,76.6092,-78.4085,8.05,0,,,,,26,17.5,ok
TIC 381855290,322.2849,-55.1666,8.05,0,,,,,8,14.5,ok
TIC 220484175,343.2301,-59.6337,8.05,0,,,,,4,7.0,ok
TIC 340356526,115.2108,-58.8707,8.05,0,,55.6,rejete,variabilite_continue;eclipse_secondaire,22,23.5,ok
TIC 115148535,316.8357,-39.2616,8.05,0,,,,,3,5.7,ok
TIC 259976119,43.5179,-70.0504,8.06,0,,,,,10,17.9,ok
TIC 281631335,115.9742,-64.6231,8.06,0,,,,,32,18.4,ok
TIC 382420474,335.699,-46.1653,8.06,0,,20.9,rejete,variabilite_continue;eclipse_secondaire,5,13.1,ok
TIC 260001669,44.2325,-68.884,8.06,0,,,,,13,18.1,ok
TIC 144398582,357.5772,-47.4538,8.06,0,,,,,3,5.7,ok
TIC 262576911,116.3782,-65.7218,8.06,0,,,,,31,17.8,ok
TIC 234291808,357.1836,-61.2055,8.06,0,,,,,7,12.9,ok
TIC 238195769,56.8383,-76.4211,8.06,0,,,,,22,17.8,ok
TIC 306739511,120.7379,-70.0301,8.06,0,,,,,28,17.6,ok
TIC 231843574,25.731,-64.9087,8.06,0,,,,,6,11.2,ok
TIC 234515059,13.8529,-62.4979,8.06,0,,,,,8,13.9,ok
TIC 294206429,108.0422,-59.8393,8.06,0,,,,,34,19.0,ok
TIC 139845588,325.8843,-48.8562,8.06,0,,,,,4,7.6,ok
TIC 394581017,338.4879,-62.6004,8.06,0,,,,,7,12.4,ok
TIC 301795095,322.1989,-27.7375,8.06,0,,,,,3,5.5,ok
TIC 300011376,106.7439,-67.2936,8.06,0,,,,,29,17.9,ok
TIC 29831118,66.4705,-67.5722,8.06,0,,,,,30,18.4,ok
TIC 220411786,70.8635,-58.7895,8.06,0,,,,,43,17.6,ok
TIC 219210420,93.228,-49.4122,8.06,0,,,,,7,12.8,ok
TIC 281563487,7.2838,-55.6393,8.06,0,,,,,9,16.3,ok
TIC 419668416,338.0961,-67.067,8.06,0,,,,,8,15.2,ok
TIC 220571983,47.0962,-60.1717,8.06,0,,,,,8,15.0,ok
TIC 231703102,335.5314,-58.4789,8.06,0,,,,,7,12.3,ok
TIC 177119085,104.2108,-67.227,8.06,0,,,,,28,18.4,ok
TIC 137813648,335.1295,-19.2046,8.06,0,,,,,3,5.6,ok
TIC 294205275,108.0761,-58.4032,8.06,0,,,,,44,17.2,ok
TIC 141628215,89.8005,-77.2712,8.06,0,,,,,29,17.5,ok
TIC 350859255,90.2849,-56.0816,8.06,0,,,,,29,17.8,ok
TIC 115114066,316.6658,-37.5656,8.06,0,,,,,4,7.5,ok
TIC 29634122,314.9715,-28.9706,8.06,0,,,,,3,5.8,ok
TIC 63036214,336.8276,-34.304,8.06,0,,,,,2,4.3,ok
TIC 197734220,330.5146,-39.1125,8.07,0,,,,,3,5.8,ok
TIC 278828306,336.3732,-39.4897,8.07,0,,,,,3,5.5,ok
TIC 394103702,342.7937,-62.8521,8.07,0,,,,,3,5.7,ok
TIC 41464373,93.1624,-69.24,8.07,0,,,,,37,18.8,ok
TIC 271595936,108.3439,-74.0541,8.07,0,,,,,29,18.9,ok
TIC 159641988,317.9361,-35.8987,8.07,0,,,,,4,7.5,ok
TIC 197601156,327.5501,-38.2303,8.07,0,,,,,3,5.6,ok
TIC 261107827,83.5471,-79.8289,8.07,0,,,,,20,19.1,ok
TIC 144004245,336.6542,-52.6813,8.07,0,,,,,5,9.7,ok
TIC 349480752,110.8602,-64.692,8.07,0,,,,,44,17.9,ok
TIC 350711249,88.1114,-57.9008,8.07,0,,,,,40,18.3,ok
TIC 92733195,316.8268,-32.5438,8.07,0,,,,,3,5.6,ok
TIC 394585107,340.0775,-65.7777,8.07,0,,,,,11,18.4,ok
TIC 139700081,322.3829,-52.897,8.07,0,,,,,6,10.9,ok
TIC 139763242,323.7742,-52.5899,8.07,0,,,,,6,11.0,ok
TIC 281634912,117.0799,-62.6768,8.07,0,,,,,29,18.4,ok
TIC 206549835,18.5519,-59.5123,8.07,0,,,,,8,14.8,ok
TIC 209312124,337.3538,-28.7286,8.07,0,,,,,1,2.3,ok
TIC 234519192,14.5517,-64.7615,8.07,0,,,,,9,16.0,ok
TIC 278992159,102.0622,-56.086,8.07,0,,,,,42,18.0,ok
TIC 278899461,101.1778,-57.4399,8.07,0,,,,,45,18.1,ok
TIC 425863973,352.1288,-46.714,8.07,0,,,,,10,17.4,ok
TIC 290045925,319.0937,-28.2706,8.07,0,,,,,4,8.2,ok
TIC 260075032,91.7292,-57.0984,8.07,0,,,,,29,18.4,ok
TIC 229040965,330.2683,-31.509,8.07,0,,,,,2,4.1,ok
TIC 350444342,85.3598,-59.7668,8.07,0,,,,,43,17.3,ok
TIC 237935915,59.1474,-61.708,8.07,0,,,,,13,18.1,ok
TIC 260472262,96.1102,-56.6369,8.07,0,,,,,30,16.5,ok
TIC 167089430,95.7825,-70.9446,8.07,0,,,,,41,15.0,ok
TIC 299943844,106.516,-69.0079,8.07,0,,,,,41,14.0,ok
TIC 260606533,97.3503,-55.5113,8.07,0,,,,,42,15.1,ok
TIC 410153599,340.4608,-69.2986,8.07,0,,,,,11,14.9,ok
TIC 30319402,74.4275,-69.0012,8.07,0,,,,,40,13.9,ok
TIC 150249155,94.3374,-61.2461,8.07,0,,,,,41,14.1,ok
TIC 25116373,61.2365,-65.95,8.07,0,,,,,29,18.5,ok
TIC 369964729,4.2995,-61.2584,8.08,0,,,,,10,18.9,ok
TIC 197613880,327.8509,-37.4089,8.08,0,,,,,4,11.2,ok
TIC 219137894,342.1831,-54.3601,8.08,0,,,,,7,17.2,ok
TIC 53783180,327.0457,-24.0553,8.08,0,,,,,5,14.8,ok
TIC 316967119,356.4797,-58.3699,8.08,0,,,,,8,19.2,ok
TIC 231708574,339.7599,-58.2286,8.08,0,,,,,7,18.7,ok
TIC 265610450,332.1109,-59.4878,8.08,0,,,,,8,18.0,ok
TIC 231057293,30.6374,-59.8439,8.08,0,,,,,3,9.9,ok
TIC 139457787,336.9895,-42.6875,8.08,0,,,,,4,7.8,ok
TIC 255701070,98.9023,-52.5349,8.08,0,,,,,13,14.9,ok
TIC 211335296,320.2434,-32.0235,8.08,0,,,,,4,6.3,ok
TIC 300448273,111.9811,-68.1552,8.08,0,,,,,27,13.6,ok
TIC 279727421,50.5676,-63.5575,8.08,0,,,,,12,14.0,ok
TIC 279319721,104.1985,-54.7954,8.08,0,,,,,18,14.2,ok
TIC 220571386,46.8533,-62.1841,8.08,0,,,,,11,14.5,ok
TIC 349784936,113.1788,-63.3246,8.08,0,,35.0,rejete,variabilite_continue;eclipse_secondaire,43,20.9,ok
TIC 55478222,71.2127,-63.7797,8.08,0,,,,,42,15.2,ok
TIC 260542038,96.9866,-58.1444,8.08,0,,,,,30,14.3,ok
TIC 31705248,48.4744,-67.1846,8.08,0,,,,,16,15.5,ok
TIC 289828778,317.5081,-26.0523,8.08,0,,,,,4,7.4,ok
TIC 289936278,318.1997,-26.7031,8.08,0,,,,,5,7.4,ok
TIC 152878017,337.4748,-36.4613,8.08,0,,,,,3,4.6,ok
TIC 175296097,347.2085,-40.2638,8.08,0,,,,,4,6.1,ok
TIC 238169256,356.872,-67.72,8.08,0,,,,,8,11.4,ok
TIC 149930673,89.5606,-62.7551,8.08,0,,,,,30,14.1,ok
TIC 394557413,335.1037,-63.0162,8.08,0,,,,,10,13.6,ok
TIC 271639931,108.9225,-72.7413,8.08,0,,,,,42,14.8,ok
TIC 33836359,64.0615,-75.3439,8.08,0,,,,,45,14.5,ok
TIC 38736839,6.031,-70.4439,8.09,0,,,,,7,10.9,ok
TIC 469903573,335.3436,-52.2485,8.09,0,,,,,6,9.4,ok
TIC 89358345,319.0367,-30.949,8.09,0,,,,,3,4.8,ok
TIC 349761928,112.6494,-64.5573,8.09,0,,,,,30,14.3,ok
TIC 229042207,330.2496,-35.4576,8.09,0,,,,,4,5.9,ok
TIC 150029538,90.7415,-60.6441,8.09,0,,,,,43,14.8,ok
TIC 31408736,88.6752,-66.4879,8.09,0,,,,,15,15.5,ok
TIC 234500881,11.1955,-63.9605,8.09,0,,,,,10,14.7,ok
TIC 237907292,21.0679,-62.4469,8.09,0,,,,,9,13.5,ok
TIC 277873049,345.5469,-69.6817,8.09,0,,,,,9,13.5,ok
TIC 233966810,36.9449,-61.9845,8.09,0,,,,,7,9.9,ok
TIC 38823638,7.4853,-66.1644,8.09,0,,,,,7,11.6,ok
TIC 382426322,350.1999,-46.4993,8.09,0,,,,,8,12.1,ok
TIC 231819720,86.1362,-52.6049,8.09,0,,10.5,rejete,variabilite_continue;eclipse_secondaire,22,20.1,ok
TIC 267548593,10.3993,-74.1771,8.09,0,,,,,8,12.2,ok
TIC 53941148,328.6446,-28.8371,8.09,0,,,,,2,3.5,ok
TIC 389050387,333.3073,-65.6723,8.09,0,,,,,10,14.6,ok
TIC 262497025,109.9812,-59.2949,8.09,0,,,,,31,13.7,ok
TIC 262614074,116.6362,-61.9345,8.09,0,,,,,24,15.1,ok
TIC 279514056,105.8143,-55.6425,8.09,0,,,,,29,13.9,ok
TIC 355653467,0.2157,-65.6468,8.09,0,,,,,6,8.8,ok
TIC 370283442,336.1962,-56.0044,8.09,0,,,,,7,9.8,ok
TIC 231907114,6.278,-65.3992,8.09,0,,,,,8,12.0,ok
TIC 220556072,44.3059,-61.1754,8.09,0,,,,,8,12.0,ok
TIC 231815570,86.0019,-53.3779,8.09,0,,,,,21,13.6,ok
TIC 231744961,78.0995,-67.9479,8.09,0,,,,,42,14.0,ok
TIC 209302254,336.5278,-27.124,8.09,0,,,,,4,5.9,ok
TIC 259884612,40.745,-69.0311,8.09,0,,,,,9,12.5,ok
TIC 99739128,322.1176,-23.618,8.09,0,,,,,5,7.8,ok
TIC 204543724,327.3195,-35.4852,8.09,0,,,,,4,5.9,ok
TIC 469978297,342.0888,-67.4286,8.09,0,,,,,9,12.3,ok
TIC 290649460,9.0986,-78.4641,8.09,0,,,,,5,7.7,ok
TIC 278779899,99.9023,-55.6096,8.09,0,,,,,41,15.3,ok
TIC 308457039,120.8182,-61.9085,8.09,0,,,,,15,16.4,ok
TIC 261138245,84.6683,-78.6479,8.09,0,,,,,37,14.5,ok
TIC 231122278,69.5552,-68.8116,8.09,0,,,,,43,15.4,ok
TIC 149972211,90.1513,-62.8122,8.09,0,,,,,39,13.7,ok
TIC 389570470,86.43,-67.8644,8.09,0,,,,,29,13.9,ok
TIC 441185178,334.0101,-25.3767,8.09,0,,,,,4,6.2,ok
TIC 280794907,359.2635,-60.4035,8.09,0,,,,,9,12.1,ok
TIC 260002453,91.0697,-59.8223,8.09,0,,,,,43,13.9,ok
TIC 115074549,316.0358,-37.5292,8.09,0,,,,,4,6.1,ok
TIC 126804554,316.9449,-42.2454,8.09,0,,,,,5,7.4,ok
TIC 204451004,326.2093,-32.6947,8.09,0,,,,,2,3.3,ok
TIC 261499941,335.2388,-68.3296,8.1,0,,,,,11,14.0,ok
TIC 261397368,94.1327,-79.4443,8.1,0,,,,,23,14.7,ok
TIC 53812109,327.1157,-26.2358,8.1,0,,,,,3,4.7,ok
TIC 201229564,359.0018,-47.9437,8.1,0,,,,,8,10.9,ok
TIC 92593091,315.4416,-35.4711,8.1,0,,,,,3,4.5,ok
TIC 273604791,357.8065,-73.7031,8.1,0,,,,,7,9.6,ok
TIC 238194921,56.6401,-76.7159,8.1,0,,,,,22,14.4,ok
TIC 238188583,55.296,-73.9291,8.1,0,,,,,?,997.1,timeout
TIC 349523628,111.3987,-63.0604,8.1,0,,,,,?,148.8,timeout
TIC 402063857,352.1607,-66.0857,8.1,0,,,,,9,13.7,ok
TIC 273568902,356.8151,-77.2351,8.1,0,,,,,8,11.5,ok
TIC 370227221,85.5473,-74.5674,8.1,0,,,,,31,15.5,ok
TIC 220509935,347.3421,-59.0078,8.1,0,,,,,5,7.6,ok
TIC 273472870,344.2091,-73.9605,8.1,0,,,,,8,12.1,ok
TIC 231834793,24.2949,-61.9348,8.1,0,,,,,8,12.9,ok
TIC 394168066,5.2449,-66.9182,8.1,0,,,,,7,9.9,ok
TIC 262885069,53.5544,-64.6614,8.1,0,,,,,13,14.0,ok
TIC 260189950,93.0653,-56.6793,8.1,0,,,,,41,15.6,ok
TIC 358466708,119.2278,-60.5984,8.1,0,,,,,21,14.9,ok
TIC 197963087,348.6966,-48.996,8.1,0,,,,,8,11.0,ok
TIC 234993582,350.1351,-63.5433,8.1,0,,,,,5,7.4,ok
TIC 214567611,340.8608,-35.9699,8.1,0,,,,,5,7.9,ok
TIC 453099619,116.0861,-69.5104,8.1,0,,,,,44,14.7,ok
TIC 29189037,312.629,-29.017,8.1,0,,,,,4,5.9,ok
TIC 201334108,4.7754,-56.4609,8.1,0,,,,,9,13.0,ok
TIC 30762052,75.8561,-71.4138,8.1,0,,,,,29,14.5,ok
TIC 308456810,120.7813,-62.1327,8.1,0,,,,,24,14.9,ok
TIC 140068194,330.338,-48.211,8.1,0,,,,,5,7.8,ok
TIC 144046929,336.9077,-51.1478,8.1,0,,,,,5,7.2,ok
TIC 410120539,336.8064,-69.705,8.1,0,,,,,11,14.0,ok
TIC 237332597,346.8292,-60.8763,8.1,1,2.951,19.7,rejete,variabilite_continue;eclipse_secondaire,3,6.5,ok
TIC 177282306,102.1595,-72.2219,8.1,0,,,,,31,16.2,ok
TIC 139728864,323.1056,-50.787,8.11,0,,,,,6,8.9,ok
TIC 271642609,109.3678,-75.6807,8.11,0,,,,,42,14.1,ok
TIC 267492210,10.0034,-73.7619,8.11,0,,,,,5,7.5,ok
TIC 349766265,112.968,-61.6921,8.11,0,,,,,41,14.5,ok
TIC 370009047,33.3751,-70.7913,8.11,0,,,,,10,15.8,ok
TIC 234298182,358.2544,-65.1287,8.11,0,,,,,?,0.6,erreur
TIC 306577335,119.3053,-67.6934,8.11,0,,,,,40,18.5,ok
TIC 263075821,16.886,-78.0932,8.11,0,,,,,3,5.9,ok
TIC 358577149,38.5708,-63.9128,8.11,0,,,,,8,12.1,ok
TIC 126944775,318.5806,-42.7989,8.11,0,,,,,3,4.9,ok
TIC 280052879,45.6084,-76.8681,8.11,0,,,,,11,14.9,ok
TIC 300654054,114.3702,-69.6002,8.11,0,,,,,?,1.0,erreur
TIC 358253471,61.8423,-59.7303,8.11,0,,,,,19,15.5,ok
TIC 155917395,5.0731,-51.9785,8.11,0,,,,,9,13.1,ok
TIC 237326584,345.7828,-60.4431,8.11,0,,,,,6,8.4,ok
TIC 238891740,40.4747,-75.2381,8.11,0,,,,,13,15.4,ok
TIC 197643940,328.5881,-38.4666,8.11,0,,,,,2,3.2,ok
TIC 30853028,75.7767,-66.9099,8.11,0,,,,,40,14.3,ok
TIC 267115100,41.6685,-72.9315,8.11,0,,,,,12,14.4,ok
TIC 259902437,41.4821,-66.3176,8.11,0,,,,,10,14.8,ok
TIC 88328317,333.5515,-44.7144,8.11,0,,,,,5,8.7,ok
TIC 348993107,106.7215,-64.0038,8.11,0,,,,,40,14.4,ok
TIC 300556816,112.4283,-70.338,8.11,0,,,,,29,17.2,ok
TIC 273418879,343.9128,-75.4656,8.11,0,,,,,8,12.4,ok
TIC 115014739,315.6678,-39.2809,8.11,0,,,,,5,7.5,ok
TIC 200643254,320.4154,-46.1222,8.11,0,,,,,6,9.5,ok
TIC 382300028,324.1003,-40.6796,8.11,0,,,,,3,5.3,ok
TIC 301795382,322.0333,-25.2858,8.11,0,,,,,5,7.4,ok
TIC 261089147,81.7065,-81.5848,8.11,0,,,,,17,16.2,ok
TIC 262818763,348.685,-54.5098,8.11,0,,,,,7,10.9,ok
TIC 469943599,341.6525,-56.5999,8.11,0,,,,,8,11.0,ok
TIC 206596946,334.6136,-21.0029,8.12,0,,,,,3,5.0,ok
TIC 139283644,347.8421,-45.6251,8.12,0,,,,,7,11.0,ok
TIC 197951752,346.8138,-49.7962,8.12,0,,,,,7,10.8,ok
TIC 139350006,349.0984,-45.8758,8.12,0,,,,,8,12.7,ok
TIC 141868836,93.7407,-72.4968,8.12,0,,,,,41,14.3,ok
TIC 71266277,330.0135,-42.9522,8.12,0,,,,,4,5.6,ok
TIC 278987334,101.9314,-55.3904,8.12,0,,,,,33,13.6,ok
TIC 350580827,86.8899,-55.0364,8.12,0,,,,,37,13.5,ok
TIC 270262152,356.3121,-72.4395,8.12,0,,,,,8,11.0,ok
TIC 382625239,118.3884,-63.7697,8.12,0,,,,,31,13.8,ok
TIC 382415461,335.6911,-44.3248,8.12,0,,,,,5,7.0,ok
TIC 469978750,342.2328,-68.8064,8.12,0,,,,,5,7.0,ok
TIC 215053614,342.6096,-35.9939,8.12,0,,,,,3,4.5,ok
TIC 89305963,318.5603,-35.3742,8.12,0,,,,,4,6.0,ok
TIC 220538788,43.5962,-63.0059,8.12,0,,,,,10,13.6,ok
TIC 219164117,90.6386,-50.5829,8.12,0,,,,,10,14.9,ok
TIC 139913910,326.9825,-49.59,8.12,0,,,,,3,4.7,ok
TIC 139285666,347.9677,-45.1369,8.12,0,,,,,6,8.6,ok
TIC 277291895,84.3617,-70.6849,8.12,0,,,,,39,13.4,ok
TIC 348842808,98.9169,-56.0077,8.12,0,,,,,42,13.5,ok
TIC 389723412,329.233,-44.3129,8.12,0,,,,,5,7.3,ok
TIC 261256082,89.2397,-79.3866,8.12,0,,,,,21,13.9,ok
TIC 278865342,100.7742,-56.7052,8.12,0,,,,,45,13.5,ok
TIC 220473999,75.292,-59.5789,8.12,0,,,,,32,13.4,ok
TIC 214912513,342.0483,-38.0475,8.12,0,,,,,5,6.9,ok
TIC 290463663,0.9058,-80.5113,8.12,0,,,,,7,9.6,ok
TIC 261726676,23.7475,-78.5905,8.12,0,,,,,10,13.5,ok
TIC 149121385,80.9201,-63.615,8.13,0,,,,,43,13.8,ok
TIC 234968587,349.2069,-61.8612,8.13,0,,,,,8,11.7,ok
TIC 147148195,322.5377,-47.7592,8.13,0,,,,,5,7.3,ok
TIC 53992917,331.1841,-25.1209,8.13,0,,,,,4,6.9,ok
TIC 402026984,353.4602,-45.6492,8.13,0,,,,,9,12.8,ok
TIC 364540782,85.2322,-72.2747,8.13,0,,,,,43,13.8,ok
TIC 41173667,91.3987,-69.9151,8.13,0,,,,,38,14.2,ok
TIC 278613604,333.5888,-39.7483,8.13,0,,,,,3,5.0,ok
TIC 209312966,337.4718,-27.8404,8.13,0,,,,,2,3.3,ok
TIC 370139723,73.373,-77.5363,8.13,0,,,,,6,8.1,ok
TIC 30630877,75.1355,-70.6991,8.13,0,,,,,41,13.3,ok
TIC 306736615,120.7969,-66.6054,8.13,0,,,,,36,14.2,ok
TIC 350620310,87.3268,-58.6712,8.13,0,,,,,39,13.8,ok
TIC 234528187,16.4141,-60.7283,8.13,0,,,,,8,11.4,ok
TIC 403237036,330.6277,-62.0487,8.13,0,,,,,11,14.1,ok
TIC 266997586,3.4729,-74.6886,8.13,0,,,,,8,12.2,ok
TIC 32197094,332.25,-26.6767,8.13,0,,,,,4,6.5,ok
TIC 370250136,335.8103,-54.6154,8.13,0,,,,,5,7.2,ok
TIC 279512574,105.7828,-57.7287,8.13,0,,,,,39,13.6,ok
TIC 141526547,87.1268,-76.5434,8.13,0,,,,,43,14.1,ok
TIC 197692450,329.7104,-37.7398,8.13,0,,,,,4,7.4,ok
TIC 394273833,27.9949,-81.0193,8.13,0,,,,,10,15.2,ok
TIC 301980959,329.574,-20.7372,8.13,0,,,,,5,7.7,ok
TIC 50379749,32.9705,-74.0874,8.13,0,,,,,12,15.6,ok
TIC 421920604,342.7647,-73.3075,8.13,0,,,,,10,14.5,ok
TIC 201233593,359.4453,-49.4002,8.13,0,,,,,9,12.6,ok
TIC 281727553,11.5855,-58.2674,8.13,0,,,,,11,14.7,ok
TIC 358457606,60.3643,-78.5484,8.13,0,,,,,20,13.8,ok
TIC 340174734,113.6794,-58.6575,8.13,0,,,,,28,14.1,ok
TIC 220523818,42.5303,-64.0195,8.13,0,,,,,11,14.2,ok
TIC 181229779,13.0071,-74.8703,8.13,0,,,,,6,10.2,ok
TIC 278634046,333.8198,-39.1408,8.13,0,,,,,5,7.9,ok
TIC 220436129,73.7246,-58.8373,8.13,0,,,,,43,14.1,ok
TIC 31508240,89.1374,-70.2894,8.14,0,,,,,38,14.6,ok
TIC 316787200,323.4482,-55.8265,8.14,0,,,,,?,147.4,timeout
TIC 281797898,13.8869,-56.7412,8.14,0,,,,,9,13.9,ok
TIC 219338105,354.5752,-56.8353,8.14,0,,,,,9,15.4,ok
TIC 326395126,320.011,-27.3047,8.14,0,,,,,2,4.1,ok
TIC 234335992,36.7706,-69.908,8.14,0,,,,,10,16.3,ok
TIC 92313821,313.3189,-30.164,8.14,0,,,,,4,7.9,ok
TIC 207072484,323.6879,-32.6254,8.14,0,,,,,3,6.4,ok
TIC 300939409,117.7361,-70.0879,8.14,0,,,,,44,15.8,ok
TIC 287435694,82.2872,-70.8254,8.14,0,,,,,31,16.3,ok
TIC 278526130,332.7053,-39.0369,8.14,0,,,,,1,2.4,ok
TIC 281599082,9.1358,-57.0951,8.14,0,,,,,12,14.9,ok
TIC 278665478,334.3089,-37.4104,8.14,0,,,,,4,7.4,ok
TIC 176935006,100.4395,-66.9474,8.14,0,,,,,39,15.7,ok
TIC 237919436,56.8711,-61.1745,8.14,0,,,,,16,14.5,ok
TIC 253928368,338.5069,-32.8635,8.14,0,,,,,5,8.7,ok
TIC 140892453,76.5012,-72.6702,8.14,0,,,,,30,19.2,ok
TIC 441190040,334.5008,-29.6039,8.14,0,,,,,2,7.5,ok
TIC 143981396,335.5095,-49.0506,8.14,0,,,,,7,10.8,ok
TIC 266586207,319.5179,-32.8635,8.14,0,,,,,4,7.4,ok
TIC 260368525,95.2411,-58.352,8.14,0,,,,,41,15.4,ok
TIC 141281495,83.2485,-75.2367,8.14,0,,,,,41,16.4,ok
TIC 277834603,344.7173,-67.3995,8.14,0,,,,,9,14.0,ok
TIC 394232135,47.8077,-77.8053,8.14,0,,,,,14,16.0,ok
TIC 238814023,327.3881,-61.4635,8.14,0,,,,,11,15.1,ok
TIC 229806104,352.4566,-71.6633,8.14,0,,,,,9,13.1,ok
TIC 231020717,27.7188,-58.2914,8.14,0,,,,,?,1.2,erreur
TIC 302925037,40.1584,-79.0719,8.14,0,,,,,10,15.7,ok
TIC 261088377,81.455,-79.7624,8.15,0,,,,,25,16.5,ok
TIC 317019189,336.2608,-72.9007,8.15,0,,,,,10,15.2,ok
TIC 389529907,325.4592,-37.964,8.15,0,,,,,5,10.3,ok
TIC 29495056,314.218,-27.2528,8.15,0,,,,,4,7.5,ok
TIC 220478230,75.8744,-58.4462,8.15,0,,,,,43,14.3,ok
TIC 441112491,324.2546,-28.6853,8.15,0,,,,,4,6.3,ok
TIC 370232454,325.679,-58.3893,8.15,0,,,,,9,13.1,ok
TIC 234301836,32.8519,-66.3531,8.15,0,,,,,8,13.1,ok
TIC 267084318,5.1769,-73.9771,8.15,0,,,,,8,13.5,ok
TIC 144456476,335.8523,-43.4068,8.15,0,,,,,3,6.8,ok
TIC 308994213,123.2109,-63.9776,8.15,0,,,,,23,15.7,ok
TIC 267192489,6.2598,-72.618,8.15,0,,,,,7,11.1,ok
TIC 53939120,328.4834,-25.777,8.15,0,,,,,4,6.4,ok
TIC 425952950,17.4858,-64.3591,8.15,0,,,,,9,13.4,ok
TIC 88244880,332.7629,-43.4586,8.15,0,,,,,5,8.4,ok
TIC 303910380,22.8723,-74.6112,8.15,0,,,,,6,10.3,ok
TIC 167524278,100.5792,-65.1343,8.15,0,,,,,37,15.3,ok
TIC 141152931,80.5865,-75.0103,8.15,0,,,,,43,14.4,ok
TIC 302753540,322.7558,-28.729,8.15,0,,,,,?,0.6,erreur
TIC 197844078,54.6373,-59.8206,8.15,0,,,,,10,15.0,ok
TIC 277691038,329.5283,-60.8895,8.15,0,,,,,10,15.8,ok
TIC 370328324,64.1894,-82.997,8.15,0,,,,,12,15.4,ok
TIC 409141063,312.1391,-26.994,8.15,0,,,,,5,7.8,ok
TIC 339733451,110.9054,-58.097,8.15,0,,,,,21,15.1,ok
TIC 38587665,64.2061,-65.6298,8.15,0,,,,,44,14.9,ok
TIC 339672106,110.422,-57.2802,8.15,0,,,,,26,14.7,ok
TIC 260128701,92.4076,-59.5219,8.15,0,,,,,?,1003.9,timeout
TIC 289951419,318.3443,-28.783,8.15,0,,,,,4,6.7,ok
TIC 289824588,317.2924,-24.7834,8.16,0,,,,,5,8.2,ok
TIC 229061843,332.4025,-34.7756,8.16,0,,,,,4,6.4,ok
TIC 355765896,3.4539,-65.2527,8.16,0,,,,,5,7.4,ok
TIC 425931249,2.7441,-61.7464,8.16,0,,,,,8,11.3,ok
TIC 349791471,113.4655,-60.7499,8.16,0,,,,,36,14.1,ok
TIC 358069236,38.3511,-65.6393,8.16,0,,,,,10,14.7,ok
TIC 197589098,326.489,-37.181,8.16,0,,,,,3,4.5,ok
TIC 266641464,320.0525,-34.3399,8.16,0,,,,,2,3.5,ok
TIC 381857833,322.5175,-56.2779,8.16,0,,,,,?,153.2,timeout
TIC 238870892,38.0742,-72.1808,8.16,0,,,,,?,284.9,timeout
TIC 32091606,58.7223,-66.4487,8.16,0,,,,,35,14.8,ok
TIC 32036692,56.7999,-67.3906,8.16,0,,,,,34,14.9,ok
TIC 231832850,23.9211,-65.2941,8.16,0,,,,,6,10.0,ok
TIC 350433903,85.0495,-56.5068,8.16,0,,,,,31,15.0,ok
TIC 38954456,70.2612,-60.8458,8.16,0,,,,,42,14.2,ok
TIC 382298360,324.083,-36.0164,8.16,0,,,,,4,6.7,ok
TIC 348996104,107.0206,-62.8204,8.16,0,,,,,40,14.4,ok
TIC 52122434,17.8206,-68.0485,8.16,0,,,,,8,11.7,ok
TIC 92451349,314.7459,-31.6436,8.16,0,,,,,4,6.6,ok
TIC 38516267,62.5914,-65.3302,8.16,0,,,,,43,14.1,ok
TIC 220515953,41.1689,-63.238,8.16,0,,,,,9,14.7,ok
TIC 63280289,337.0426,-32.266,8.16,0,,,,,4,7.6,ok
TIC 393950811,345.679,-39.7693,8.16,0,,,,,4,6.5,ok
TIC 364421326,119.573,-63.1315,8.16,0,,,,,27,13.8,ok
TIC 394677476,52.1953,-80.1709,8.16,0,,,,,11,15.3,ok
TIC 350742475,88.5479,-59.7715,8.16,0,,,,,42,14.4,ok
TIC 29253938,312.6656,-27.9769,8.16,0,,,,,?,0.8,erreur
TIC 238198708,57.1904,-75.7006,8.17,0,,,,,29,14.1,ok
TIC 167795786,104.3913,-61.8695,8.17,0,,,,,45,13.9,ok
TIC 139765633,324.113,-48.0553,8.17,0,,,,,5,8.4,ok
TIC 31814200,51.3306,-68.708,8.17,0,,,,,7,11.0,ok
TIC 71314259,330.4728,-46.3869,8.17,0,,,,,5,8.2,ok
TIC 469974742,8.1171,-60.6729,8.17,0,,,,,10,14.1,ok
TIC 197787143,51.1228,-59.8483,8.17,0,,,,,10,14.8,ok
TIC 267322856,7.7798,-74.167,8.17,0,,,,,7,10.7,ok
TIC 97408163,332.5621,-35.979,8.17,0,,,,,2,3.4,ok
TIC 350716053,88.5071,-56.5547,8.17,0,,,,,40,15.2,ok
TIC 53895723,328.1521,-26.0275,8.17,0,,,,,3,5.5,ok
TIC 231240670,330.7887,-49.3298,8.17,0,,,,,7,10.5,ok
TIC 270342006,33.3271,-82.8937,8.17,0,,,,,12,14.8,ok
TIC 234279113,333.969,-64.8128,8.17,0,,,,,7,9.6,ok
TIC 31816240,51.5925,-69.6057,8.17,0,,,,,23,19.3,ok
TIC 141770198,91.8755,-76.6904,8.17,0,,,,,45,14.1,ok
TIC 55402580,77.8438,-62.8176,8.17,0,,,,,41,14.8,ok
TIC 370282395,336.221,-59.78,8.17,0,,,,,8,11.6,ok
TIC 350024659,114.5233,-63.9462,8.17,0,,,,,32,14.2,ok
TIC 24695556,25.2064,-67.1833,8.17,0,,,,,6,9.2,ok
TIC 293272754,98.7282,-60.7139,8.17,0,,,,,41,14.8,ok
TIC 278704274,334.554,-36.261,8.17,0,,,,,4,6.8,ok
TIC 140755216,73.8533,-73.7616,8.17,0,,,,,42,14.0,ok
TIC 350154173,52.992,-81.5224,8.18,0,,,,,9,13.9,ok
TIC 55298271,76.8636,-62.75,8.18,0,,,,,?,1005.8,timeout
TIC 159734479,318.9345,-37.1834,8.18,0,,,,,5,8.3,ok
TIC 167574667,101.528,-60.6741,8.18,0,,,,,39,14.5,ok
TIC 229056956,331.9096,-29.9874,8.18,0,,,,,4,6.4,ok
TIC 358107357,51.0559,-73.4922,8.18,0,,,,,20,14.7,ok
TIC 255586960,96.7239,-53.5819,8.18,0,,,,,28,14.5,ok
TIC 206541781,18.091,-57.3621,8.18,0,,,,,9,12.8,ok
TIC 350519682,86.0947,-58.275,8.18,0,,,,,40,13.1,ok
TIC 300010961,106.9457,-67.9368,8.18,0,,,,,43,15.5,ok
TIC 350825116,89.6051,-55.2044,8.18,0,,,,,42,14.6,ok
TIC 38952079,10.8227,-68.6401,8.18,0,,,,,8,12.2,ok
TIC 197575514,326.3487,-41.9843,8.18,0,,,,,5,8.5,ok
TIC 38396389,60.1242,-60.3547,8.18,0,,,,,17,13.8,ok
TIC 452377786,88.267,-52.5122,8.18,0,,,,,19,14.6,ok
TIC 53940519,328.6186,-26.6356,8.18,0,,,,,4,6.8,ok
TIC 469934741,351.1252,-49.3477,8.18,0,,,,,5,8.0,ok
TIC 382319010,318.3441,-45.6436,8.18,0,,,,,5,7.7,ok
TIC 139113397,319.7623,-44.2804,8.18,0,,,,,6,8.8,ok
TIC 267549604,10.3415,-75.8128,8.18,0,,,,,5,8.7,ok
TIC 69744129,336.336,-20.0308,8.18,0,,,,,5,7.7,ok
TIC 327918216,2.1947,-66.7595,8.18,0,,,,,8,12.0,ok
TIC 181233653,12.9144,-76.3863,8.18,0,,,,,6,10.7,ok
TIC 139130598,344.0309,-43.1444,8.18,0,,,,,5,9.0,ok
TIC 293618559,0.1881,-72.3181,8.18,0,,,,,8,11.9,ok
TIC 220428894,72.9118,-59.0109,8.18,0,,,,,42,14.2,ok
TIC 281637522,117.0101,-59.905,8.18,0,,,,,25,14.8,ok
TIC 52365176,23.4824,-67.5287,8.18,0,,,,,6,8.7,ok
TIC 272235353,117.4267,-72.357,8.18,0,,,,,31,13.4,ok
TIC 262815962,348.2334,-54.1867,8.18,0,,,,,8,11.4,ok
TIC 299897380,10.3641,-61.5163,8.19,0,,,,,9,13.1,ok
TIC 300969869,118.1507,-69.033,8.19,0,,,,,30,14.8,ok
TIC 152809065,343.7885,-38.2414,8.19,0,,,,,3,5.1,ok
TIC 300940126,117.8871,-71.0949,8.19,0,,,,,39,13.8,ok
TIC 302751745,322.9857,-26.8411,8.19,0,,,,,4,6.7,ok
TIC 350477148,85.6825,-54.6452,8.19,0,,,,,34,14.2,ok
TIC 271976400,114.3271,-73.7107,8.19,0,,,,,43,14.2,ok
TIC 260855442,350.0261,-67.3227,8.19,0,,,,,10,16.3,ok
TIC 197954428,347.1663,-48.9953,8.19,0,,,,,9,13.3,ok
TIC 403135431,333.721,-58.6699,8.19,0,,,,,9,14.0,ok
TIC 214710750,341.1542,-38.807,8.19,0,,,,,4,6.1,ok
TIC 269793513,67.9073,-79.871,8.19,0,,,,,15,14.4,ok
TIC 281543010,6.8683,-58.9531,8.19,0,,,,,6,9.4,ok
TIC 219325050,331.4015,-54.9537,8.19,0,,,,,9,14.6,ok
TIC 281639246,9.4889,-58.062,8.19,0,,,,,11,14.7,ok
TIC 281594845,8.2884,-54.1546,8.19,0,,,,,9,12.7,ok
TIC 325490376,357.9748,-79.1619,8.19,0,,,,,7,10.3,ok
TIC 231098685,69.1679,-67.2333,8.19,0,,,,,39,14.5,ok
TIC 278784031,335.8203,-37.9876,8.19,0,,,,,?,0.8,erreur
TIC 25375915,328.8473,-23.7353,8.19,0,,,,,5,8.0,ok
TIC 278661555,328.9387,-66.1566,8.19,0,,,,,8,11.8,ok
TIC 197765015,326.9878,-58.0392,8.19,0,,,,,9,12.9,ok
TIC 278827695,336.3075,-41.7662,8.19,0,,,,,5,7.3,ok
TIC 278515786,332.1965,-38.0802,8.19,0,,,,,3,5.2,ok
TIC 92324595,313.5493,-32.8509,8.2,0,,,,,4,6.6,ok
TIC 234339041,37.4503,-70.6854,8.2,0,,,,,11,14.2,ok
TIC 302374907,320.7135,-25.8514,8.2,0,,,,,4,7.2,ok
TIC 255568611,96.5688,-51.0104,8.2,0,,,,,1,2.9,ok
TIC 281495893,112.0915,-58.5362,8.2,0,,,,,30,15.5,ok
TIC 139256883,347.2708,-46.7257,8.2,0,,,,,7,10.4,ok
TIC 350559756,86.4913,-56.4514,8.2,0,,,,,41,14.2,ok
TIC 177023289,102.4435,-69.3294,8.2,0,,,,,42,14.2,ok
TIC 403136832,333.8342,-53.9814,8.2,0,,,,,8,12.6,ok
TIC 425931703,2.6588,-63.6344,8.2,0,,,,,9,12.9,ok
TIC 290129797,319.5755,-25.7111,8.2,0,,,,,5,8.1,ok
TIC 234502511,11.4658,-60.0053,8.2,0,,,,,11,14.7,ok
TIC 253931639,338.7324,-31.9744,8.2,0,,,,,5,7.9,ok
TIC 182521194,15.5522,-75.8003,8.2,0,,,,,8,11.6,ok
TIC 374911986,89.1033,-60.5826,8.2,0,,,,,41,13.9,ok
TIC 159638876,317.7561,-40.5393,8.2,0,,,,,4,6.8,ok
TIC 139933139,327.2799,-48.9968,8.2,0,,,,,5,7.3,ok
TIC 265529944,330.2246,-56.4712,8.2,0,,,,,6,9.2,ok
TIC 441031736,324.5025,-22.5773,8.2,0,,,,,2,4.0,ok
TIC 426018576,43.193,-75.6831,8.2,0,,,,,14,14.3,ok
TIC 144377264,356.602,-46.3309,8.2,0,,,,,8,12.0,ok
TIC 266927338,2.5141,-77.4805,8.2,0,,,,,8,12.2,ok
TIC 140997242,78.1137,-75.1449,8.2,0,,,,,43,14.4,ok
TIC 441186241,334.1955,-26.4674,8.2,0,,,,,3,4.9,ok
TIC 142086812,98.4224,-75.6281,8.2,0,,,,,40,14.5,ok
TIC 270673094,87.3592,-51.6901,8.2,0,,,,,10,15.3,ok
TIC 234989679,349.516,-65.057,8.2,0,,,,,7,10.2,ok
TIC 293464355,49.3903,-78.5001,8.2,0,,,,,13,14.8,ok
TIC 31853965,52.4264,-67.2157,8.2,0,,,,,21,14.6,ok
TIC 393030999,65.6849,-78.7144,8.2,0,,,,,26,14.6,ok
TIC 197598203,327.2365,-40.3469,8.2,0,,,,,4,6.7,ok
TIC 382604704,39.3686,-63.0655,8.21,0,,,,,11,14.6,ok
TIC 141155264,81.0946,-75.6204,8.21,0,,,,,40,13.8,ok
TIC 382187278,81.2631,-57.2353,8.21,0,,,,,42,14.4,ok
TIC 117518457,340.201,-45.5664,8.21,0,,,,,6,9.8,ok
TIC 260415628,95.6192,-57.5921,8.21,0,,,,,40,14.5,ok
TIC 339960404,112.6176,-59.5584,8.21,0,,,,,35,15.5,ok
TIC 389089927,333.4056,-66.593,8.21,0,,,,,10,14.2,ok
TIC 370236000,105.2594,-74.0174,8.21,0,,,,,42,14.0,ok
TIC 271808029,111.931,-75.0907,8.21,0,,,,,1,3.0,ok
TIC 269901428,71.3603,-80.6409,8.21,0,,,,,19,15.3,ok
TIC 261463562,335.0579,-67.2933,8.21,0,,,,,9,12.5,ok
TIC 261260905,90.727,-78.5206,8.21,0,,,,,39,14.2,ok
TIC 309402974,124.8516,-64.494,8.21,0,,,,,18,14.6,ok
TIC 260369855,95.2015,-55.6752,8.21,0,,,,,41,15.3,ok
TIC 309066741,123.5018,-61.6568,8.21,0,,,,,20,15.7,ok
TIC 304135281,28.8832,-73.3617,8.21,0,,,,,12,16.5,ok
TIC 279088861,102.6969,-56.9525,8.21,0,,,,,40,16.3,ok
TIC 350274059,356.6332,-64.5738,8.21,0,,,,,7,12.4,ok
TIC 349964939,114.342,-65.8453,8.21,0,,,,,31,16.2,ok
TIC 198076334,63.6506,-59.0896,8.21,0,,130.6,rejete,variabilite_continue;eclipse_secondaire;compagnon_trop_gros_2.4Rjup,23,21.2,ok
TIC 231694736,323.3715,-58.2054,8.21,0,,,,,10,15.4,ok
TIC 92325639,313.5599,-31.9709,8.21,0,,,,,4,6.9,ok
TIC 176957187,100.8214,-66.501,8.21,0,,,,,29,15.3,ok
TIC 220506646,346.865,-55.9479,8.21,0,,,,,1,2.9,ok
TIC 38678868,65.4048,-62.1219,8.21,0,,,,,41,16.2,ok
TIC 294330174,109.0868,-57.6408,8.21,0,,,,,36,14.6,ok
TIC 175398506,349.3635,-39.8693,8.21,0,,,,,3,5.7,ok
TIC 293527488,352.3679,-75.9437,8.21,0,,,,,9,13.4,ok
TIC 149346163,83.6124,-62.8385,8.21,0,,,,,38,14.8,ok
TIC 469854402,321.2964,-47.9069,8.21,0,,,,,6,9.3,ok
TIC 206497582,332.1745,-21.689,8.21,0,,,,,5,8.0,ok
TIC 255633362,98.0333,-51.6517,8.22,0,,,,,15,14.8,ok
TIC 214301313,339.3939,-36.5088,8.22,0,,,,,4,5.8,ok
TIC 206691359,344.4616,-34.9985,8.22,0,,,,,4,6.1,ok
TIC 349311517,109.7568,-65.2256,8.22,0,,,,,40,14.9,ok
TIC 204445438,325.7293,-30.3879,8.22,0,,,,,4,7.6,ok
TIC 33835925,64.1494,-74.2875,8.22,0,,,,,38,15.1,ok
TIC 139898940,326.8093,-51.1997,8.22,0,,,,,7,10.8,ok
TIC 55523561,72.0655,-62.4282,8.22,0,,,,,39,16.4,ok
TIC 394580082,338.336,-60.8172,8.22,0,,,,,3,5.5,ok
TIC 232058719,338.6749,-61.125,8.22,0,,,,,9,14.5,ok
TIC 220565780,45.8501,-63.3752,8.22,0,,,,,10,16.1,ok
TIC 147115399,321.8406,-47.1585,8.22,0,,,,,6,10.2,ok
TIC 253923427,337.5886,-35.4955,8.22,0,,,,,3,5.5,ok
TIC 197570902,326.032,-39.2316,8.22,0,,,,,5,7.5,ok
TIC 273654237,18.9189,-78.3813,8.22,0,,,,,8,12.0,ok
TIC 394017228,329.9204,-55.7246,8.22,0,,,,,8,11.9,ok
TIC 238203650,58.1844,-77.8623,8.22,0,,,,,21,14.6,ok
TIC 60369861,334.0412,-32.0372,8.22,0,,,,,4,6.7,ok
TIC 394166876,4.9021,-69.103,8.22,0,,,,,6,10.5,ok
TIC 219176630,91.4205,-53.1329,8.22,0,,,,,24,13.7,ok
TIC 29821613,316.1186,-26.7351,8.22,0,,,,,5,8.5,ok
TIC 358463026,119.0602,-62.1178,8.22,0,,,,,25,14.9,ok
TIC 211353887,320.5647,-35.0012,8.22,0,,,,,4,6.5,ok
TIC 206473439,331.3312,-23.4391,8.22,0,,,,,5,7.8,ok
TIC 175296437,347.1356,-41.8443,8.22,0,,,,,5,7.7,ok
TIC 267495646,9.7523,-72.2825,8.22,0,,,,,6,9.4,ok
TIC 235037404,353.8295,-63.1717,8.22,0,,,,,8,12.0,ok
TIC 144000467,336.2639,-53.8113,8.23,0,,,,,7,11.8,ok
TIC 270250297,330.4525,-25.4613,8.23,0,,,,,4,6.7,ok
TIC 233967143,36.9437,-63.6241,8.23,0,,,,,8,12.1,ok
TIC 260296875,94.4458,-58.8089,8.23,0,,,,,25,15.9,ok
TIC 197905813,58.4595,-59.7,8.23,0,,,,,14,14.6,ok
TIC 207079467,320.9084,-37.111,8.23,0,,,,,5,8.1,ok
TIC 257735470,30.0784,-62.4208,8.23,0,,,,,7,10.4,ok
TIC 301510161,321.896,-28.6088,8.23,0,,,,,3,5.0,ok
TIC 231089952,68.6066,-66.1935,8.23,0,,,,,43,14.0,ok
TIC 257735735,30.1807,-63.4077,8.23,0,,,,,4,6.7,ok
TIC 234506637,12.3666,-65.0046,8.23,0,,,,,10,14.2,ok
TIC 314830254,52.803,-76.4001,8.23,0,,,,,21,15.4,ok
TIC 206598581,21.3862,-57.1408,8.23,0,,,,,2,4.4,ok
TIC 255568529,96.4174,-51.1336,8.23,0,,,,,8,12.3,ok
TIC 403190647,337.0731,-56.5119,8.23,0,,,,,6,9.9,ok
TIC 349372072,110.0004,-61.035,8.23,0,,,,,42,20.4,ok
TIC 140045538,329.4213,-51.0087,8.23,0,,,,,6,13.4,ok
TIC 231851620,27.3057,-63.5165,8.23,0,,,,,?,994.2,timeout
TIC 206530512,16.8114,-56.1037,8.23,0,,,,,3,5.6,ok
TIC 234516483,14.1964,-64.075,8.23,0,,,,,4,6.6,ok
TIC 215053606,342.5793,-36.2944,8.23,0,,,,,3,5.1,ok
TIC 183306127,18.3038,-75.1042,8.23,0,,,,,6,9.7,ok
TIC 219175812,91.3789,-51.3027,8.23,0,,,,,16,14.6,ok
TIC 300323829,110.3461,-67.2925,8.24,0,,,,,41,15.0,ok
TIC 201233348,359.6048,-50.9093,8.24,0,,,,,7,11.1,ok
TIC 232079133,29.6562,-69.5545,8.24,0,,,,,11,14.6,ok
TIC 220424315,72.3325,-57.1005,8.24,0,,,,,32,14.7,ok
TIC 260242697,93.8258,-54.5584,8.24,0,,,,,34,14.3,ok
TIC 69750051,336.8566,-22.5346,8.24,0,,,,,3,4.5,ok
TIC 370005656,38.7744,-62.3992,8.24,0,,,,,9,13.5,ok
TIC 232068489,27.4209,-66.5757,8.24,0,,,,,6,9.7,ok
TIC 237949640,101.5943,-53.3422,8.24,0,,,,,21,14.7,ok
TIC 412064277,0.3691,-67.9421,8.24,0,,,,,8,11.9,ok
TIC 229806012,329.6374,-53.9875,8.24,0,,,,,9,14.0,ok
TIC 303980842,24.7552,-73.1627,8.24,0,,,,,11,14.7,ok
TIC 214515931,340.3354,-39.3487,8.24,0,,,,,3,5.6,ok
TIC 147302432,325.1611,-46.6456,8.24,0,,,,,1,2.2,ok
TIC 50441632,35.7357,-75.7698,8.24,0,,,,,12,14.3,ok
TIC 141154236,80.3548,-77.6957,8.24,0,,,,,7,11.4,ok
TIC 403190983,337.1242,-57.6977,8.24,0,,,,,6,9.3,ok
TIC 364538492,71.1731,-74.3226,8.24,0,,,,,42,13.8,ok
TIC 441201947,335.8858,-29.6944,8.24,0,,,,,4,6.4,ok
TIC 237312965,343.9162,-64.3773,8.24,0,,,,,8,11.5,ok
TIC 469905944,336.8357,-63.6881,8.24,0,,,,,11,15.3,ok
TIC 304093214,26.9165,-76.7803,8.24,0,,,,,8,12.0,ok
TIC 278866220,100.8264,-55.2298,8.24,0,,,,,32,13.5,ok
TIC 41532123,93.7556,-70.4603,8.25,0,,,,,36,14.5,ok
TIC 177284199,102.4186,-74.5569,8.25,0,,,,,45,14.0,ok
TIC 320938965,324.6057,-39.3128,8.25,0,,,,,4,7.2,ok
TIC 159844964,320.45,-36.4172,8.25,0,,,,,5,7.1,ok
TIC 31944460,54.3731,-66.5243,8.25,0,,,,,22,14.4,ok
TIC 394231269,47.7857,-75.2329,8.25,0,,,,,11,13.5,ok
TIC 279727206,50.5575,-62.6786,8.25,0,,,,,10,14.9,ok
TIC 55849142,75.8263,-61.4154,8.25,0,,,,,43,14.5,ok
TIC 161135636,338.4622,-49.7892,8.25,0,,,,,7,10.4,ok
TIC 262498136,109.9286,-57.7788,8.25,0,,,,,32,14.0,ok
TIC 29344151,313.1601,-26.9207,8.25,0,,,,,4,6.6,ok
TIC 126946283,318.7468,-44.2195,8.25,0,,,,,5,7.9,ok
TIC 24695570,25.1006,-67.2322,8.25,0,,,,,4,6.3,ok
TIC 407661867,83.0771,-72.8325,8.25,0,,,,,41,14.0,ok
TIC 188644804,336.0906,-22.2576,8.25,0,,,,,3,5.3,ok
TIC 206534261,17.4577,-56.3559,8.25,0,,,,,5,7.8,ok
TIC 370137710,46.7218,-72.3024,8.25,0,,,,,14,15.0,ok
TIC 299899403,106.0803,-68.722,8.25,0,,,,,4,6.5,ok
TIC 206472881,331.2136,-22.2884,8.25,0,,,,,3,5.4,ok
TIC 290486246,2.397,-78.84,8.25,0,,,,,7,9.9,ok
TIC 89018471,337.9468,-45.9803,8.25,0,,,,,5,7.4,ok
TIC 152927388,338.6623,-35.9681,8.25,0,,,,,4,6.0,ok
TIC 309926308,126.6472,-61.4063,8.25,0,,,,,3,5.3,ok
TIC 308454245,120.9581,-64.6291,8.25,0,,,,,30,15.2,ok
TIC 273986610,351.5777,-78.9917,8.25,0,,,,,8,11.9,ok
TIC 441079063,323.4013,-25.7657,8.25,0,,,,,5,8.7,ok
TIC 232060678,339.4627,-60.0947,8.25,0,,,,,7,9.9,ok
TIC 139772257,324.398,-51.5864,8.26,0,,,,,5,7.4,ok
TIC 52244325,19.9717,-66.2087,8.26,0,,,,,7,10.6,ok
TIC 316936115,356.2586,-59.1753,8.26,0,,,,,9,12.8,ok
TIC 304133090,28.3092,-74.6271,8.26,0,,,,,8,12.3,ok
TIC 426030159,44.4888,-72.545,8.26,0,,,,,14,14.6,ok
TIC 394520503,334.8702,-60.7994,8.26,0,,,,,4,7.1,ok
TIC 201249058,0.5207,-56.515,8.26,0,,,,,12,14.8,ok
TIC 150391988,96.4981,-61.6245,8.26,0,,,,,43,15.0,ok
TIC 389088733,333.4188,-69.8438,8.26,0,,,,,2,4.5,ok
TIC 33734517,61.7672,-77.5662,8.26,0,,,,,25,14.7,ok
TIC 469906999,336.917,-64.7432,8.26,0,,,,,9,13.0,ok
TIC 38762657,67.3523,-61.2187,8.26,0,,,,,43,15.6,ok
TIC 293506035,351.1104,-68.3925,8.26,0,,,,,9,13.9,ok
TIC 53894830,328.1718,-28.8943,8.26,0,,,,,2,3.6,ok
TIC 149575726,86.769,-64.7627,8.26,0,,,,,36,15.6,ok
TIC 219123085,342.0333,-58.2692,8.26,0,,,,,6,9.4,ok
TIC 280050583,43.7165,-74.9052,8.26,0,,,,,2,4.1,ok
TIC 281461437,6.1576,-57.0367,8.26,0,,,,,12,14.0,ok
TIC 144277475,353.8559,-47.7242,8.26,0,,,,,10,14.2,ok
TIC 231239894,330.6557,-52.3333,8.26,0,,,,,5,8.7,ok
TIC 39080548,13.5726,-69.0867,8.26,0,,,,,10,14.0,ok
TIC 234510319,12.8617,-60.4424,8.26,0,,,,,11,14.8,ok
TIC 234511396,13.2623,-64.1636,8.26,0,,,,,9,13.8,ok
TIC 287326898,109.7045,-56.6434,8.26,0,,,,,25,15.1,ok
TIC 209319298,338.1789,-26.4642,8.26,0,,,,,3,5.4,ok
TIC 235038511,354.1106,-64.2239,8.26,0,,,,,6,10.7,ok
TIC 220391964,68.1409,-58.6551,8.26,0,,,,,31,14.0,ok
TIC 425977043,18.3105,-63.7604,8.26,0,,,,,9,13.8,ok
TIC 206669880,343.6466,-34.5644,8.27,0,,,,,4,6.4,ok
TIC 231711146,352.1072,-57.6303,8.27,0,,,,,7,10.5,ok
TIC 231739745,67.3408,-75.6256,8.27,0,,,,,40,14.7,ok
TIC 238167433,356.6171,-71.0745,8.27,0,,,,,9,13.4,ok
TIC 139089310,319.466,-42.0467,8.27,0,,,,,5,7.3,ok
TIC 206288957,353.4977,-48.5221,8.27,0,,,,,8,11.1,ok
TIC 206532868,17.1597,-59.5443,8.27,0,,,,,10,14.9,ok
TIC 38808065,6.7285,-71.2377,8.27,0,,,,,7,10.3,ok
TIC 260353507,94.7664,-53.9733,8.27,0,,17.1,rejete,variabilite_continue;eclipse_secondaire,34,20.5,ok
TIC 161378663,344.6062,-50.799,8.27,0,,,,,8,12.3,ok
TIC 237935160,58.9216,-60.7836,8.27,0,,,,,19,14.0,ok
TIC 266994864,349.6734,-55.1673,8.27,0,,,,,7,10.2,ok
TIC 266968250,2.8442,-72.6052,8.27,0,,,,,8,11.3,ok
TIC 319246375,353.5769,-59.0806,8.27,0,,,,,7,10.2,ok
TIC 300443831,111.7549,-69.5154,8.27,0,,,,,35,14.4,ok
TIC 279571832,106.1392,-58.8295,8.27,0,,,,,43,14.7,ok
TIC 179201407,79.3173,-70.2596,8.27,0,,,,,42,14.1,ok
TIC 79449320,321.5183,-51.814,8.27,0,,,,,8,12.5,ok
TIC 255565991,96.3196,-52.2096,8.27,0,,,,,16,14.7,ok
TIC 403137725,333.8768,-56.8676,8.27,0,,,,,9,13.4,ok
TIC 425864422,352.1221,-44.5869,8.27,0,,,,,?,1.2,erreur
TIC 219173413,91.2685,-49.4793,8.27,0,,,,,11,15.3,ok
TIC 441204260,336.0545,-28.6746,8.27,0,,,,,3,5.0,ok
TIC 234997844,350.917,-61.0173,8.28,0,,,,,8,11.8,ok
TIC 175294432,347.0523,-39.0661,8.28,0,,,,,5,7.7,ok
TIC 55497082,71.5509,-60.0176,8.28,0,,,,,40,13.8,ok
TIC 55366779,77.2653,-63.9412,8.28,0,,,,,41,13.9,ok
TIC 231912596,7.3176,-65.2559,8.28,0,,,,,6,10.3,ok
TIC 309067801,123.4974,-62.4356,8.28,0,,,,,21,14.4,ok
TIC 39080180,13.5449,-70.1174,8.28,0,,,,,7,10.7,ok
TIC 355636696,358.1156,-56.6427,8.28,0,,,,,9,13.7,ok
TIC 277889967,353.342,-74.8564,8.28,0,,,,,10,14.1,ok
TIC 350221848,355.9072,-65.4311,8.28,0,,,,,6,8.4,ok
TIC 279516815,105.8631,-55.81,8.28,0,,,,,29,13.7,ok
TIC 394124583,348.3427,-60.4459,8.28,0,,,,,8,11.5,ok
TIC 441155514,332.7571,-25.8406,8.28,0,,,,,4,6.0,ok
TIC 276943440,83.6695,-70.9388,8.28,0,,,,,40,13.6,ok
TIC 350433501,85.1964,-57.5265,8.28,0,,,,,41,13.2,ok
TIC 177082055,103.5474,-68.1579,8.28,0,,,,,42,13.9,ok
TIC 69812413,337.2313,-21.6054,8.28,0,,,,,4,5.7,ok
TIC 69819741,337.8957,-22.678,8.28,0,,,,,2,3.6,ok
TIC 52383260,24.2967,-67.0829,8.28,0,,,,,4,5.8,ok
TIC 293438694,48.2616,-83.4883,8.28,0,,,,,12,14.1,ok
TIC 150390490,96.5365,-64.5532,8.28,0,,,,,?,0.6,erreur
TIC 267082653,359.878,-70.0501,8.28,0,,,,,9,12.5,ok
TIC 260351540,94.804,-58.054,8.28,0,,,,,41,13.5,ok
TIC 260352227,94.7857,-56.6805,8.28,0,,,,,41,14.3,ok
TIC 382517621,117.6032,-63.8721,8.28,0,,,,,42,13.4,ok
TIC 33770863,63.4185,-73.04,8.28,0,,,,,43,13.5,ok
TIC 61454861,334.952,-32.4508,8.28,0,,,,,4,5.8,ok
TIC 144002630,336.5132,-49.5655,8.28,0,,,,,7,9.8,ok
TIC 349907707,114.1051,-61.8738,8.29,0,,13.6,rejete,variabilite_continue;eclipse_secondaire;compagnon_trop_gros_3.3Rjup,31,18.6,ok
TIC 139368904,349.8457,-47.2295,8.29,0,,,,,7,9.7,ok
TIC 147349525,326.2157,-42.2859,8.29,0,,,,,3,4.8,ok
TIC 141121793,80.3436,-76.2983,8.29,0,,,,,38,13.5,ok
TIC 150028806,90.8916,-62.1985,8.29,0,,,,,38,13.4,ok
TIC 234343957,38.6266,-66.6239,8.29,0,,,,,9,12.3,ok
TIC 349154160,108.242,-61.6135,8.29,0,,,,,41,13.3,ok
TIC 141805180,92.147,-74.3933,8.29,0,,,,,45,13.5,ok
TIC 271503364,7.723,-63.2752,8.29,0,,,,,10,14.3,ok
TIC 197734527,330.5233,-40.1543,8.29,0,,,,,5,7.3,ok
TIC 183978824,21.8781,-76.0739,8.29,0,,,,,6,8.2,ok
TIC 469935712,355.6172,-50.6995,8.29,0,,,,,11,14.1,ok
TIC 290132834,319.6587,-29.256,8.29,0,,,,,4,5.6,ok
TIC 197759518,331.521,-40.2427,8.29,0,,,,,5,7.3,ok
TIC 159671085,318.1365,-41.8075,8.29,0,,,,,4,5.7,ok
TIC 31961002,55.076,-68.4182,8.29,0,,,,,32,13.6,ok
TIC 406322391,327.4608,-60.0557,8.29,0,,12.1,rejete,variabilite_continue;eclipse_secondaire,10,18.4,ok
TIC 25155698,63.4129,-70.5068,8.29,0,,,,,44,13.9,ok
TIC 375061989,99.9234,-65.2743,8.29,0,,,,,35,13.0,ok
TIC 139467299,337.1567,-43.363,8.3,0,,,,,4,5.7,ok
TIC 206605688,341.3269,-33.3596,8.3,0,,,,,3,4.6,ok
TIC 161403090,345.5902,-49.8644,8.3,0,,,,,7,9.4,ok
TIC 177350315,104.1215,-72.6457,8.3,0,,,,,41,13.1,ok
TIC 52243348,20.0908,-68.0697,8.3,0,,,,,6,8.7,ok
TIC 316915351,356.0227,-54.2071,8.3,0,,,,,11,13.6,ok
TIC 300935162,117.7098,-66.6952,8.3,0,,,,,42,13.6,ok
TIC 260540898,97.1905,-55.9171,8.3,0,,,,,32,13.3,ok
TIC 140580482,68.5288,-73.9511,8.3,0,,,,,43,13.3,ok
TIC 370247585,55.4817,-78.7698,8.3,0,,,,,14,14.0,ok
TIC 261593636,350.8509,-74.8452,8.3,0,,,,,6,8.4,ok
TIC 139207284,346.1135,-42.0744,8.3,0,,,,,6,8.3,ok
TIC 92980022,318.4555,-30.1956,8.3,0,,,,,4,5.6,ok
TIC 139250626,347.1456,-43.0147,8.3,0,,,,,7,10.1,ok
TIC 144309153,354.9031,-46.3262,8.3,0,,,,,9,12.3,ok
TIC 266926314,2.2882,-74.4216,8.3,0,,,,,8,11.0,ok
TIC 177388502,104.9873,-75.207,8.3,0,,,,,42,13.0,ok
TIC 31815637,51.5796,-67.6159,8.3,0,,,,,21,14.0,ok
TIC 382260143,82.5422,-58.5432,8.3,0,,,,,43,13.2,ok
TIC 38943971,70.2055,-62.8007,8.3,0,,,,,43,13.6,ok
TIC 441196602,335.4081,-28.7727,8.3,0,,,,,?,0.7,erreur
TIC 393906953,333.5163,-23.9242,8.3,0,,,,,3,5.0,ok
TIC 114950700,315.2107,-36.5363,8.3,0,,,,,5,7.4,ok
TIC 117509447,339.1548,-46.4597,8.3,0,,,,,?,141.5,timeout
TIC 270342707,33.9402,-79.0261,8.3,0,,,,,10,13.3,ok
TIC 306736346,120.9473,-66.343,8.3,0,,,,,35,13.3,ok
TIC 306736789,120.8389,-66.839,8.3,0,,,,,37,13.3,ok
TIC 306470369,118.4769,-67.4551,8.3,0,,,,,41,13.6,ok
TIC 38699825,66.3975,-60.7568,8.3,0,,,,,34,13.1,ok
TIC 155984704,7.2097,-53.0594,8.3,0,,,,,8,10.8,ok
TIC 229039308,330.1098,-33.7504,8.3,0,,,,,3,4.6,ok
TIC 206473269,331.2069,-23.7295,8.3,0,,,,,3,4.4,ok
TIC 177173234,104.8054,-71.2564,8.3,0,,,,,42,13.9,ok
TIC 33717073,60.9142,-77.9156,8.3,0,,,,,21,13.9,ok
TIC 219205475,92.9595,-51.5975,8.3,0,,,,,18,13.5,ok
TIC 237310691,343.4243,-60.9948,8.3,0,,,,,8,10.8,ok
TIC 143856845,331.9052,-51.8782,8.31,0,,,,,5,7.1,ok
TIC 257720280,77.8086,-59.6788,8.31,0,,,,,43,13.2,ok
TIC 260749554,346.1569,-68.3792,8.31,0,,,,,10,13.5,ok
TIC 382304620,345.48,-74.7139,8.31,0,,,,,10,13.7,ok
TIC 179638714,80.6512,-67.358,8.31,0,,,,,13,13.4,ok
TIC 206408374,330.2826,-22.6646,8.31,0,,,,,4,6.0,ok
TIC 147267222,324.2917,-43.9834,8.31,0,,,,,3,4.4,ok
TIC 231906514,6.2371,-63.9508,8.31,0,,,,,8,10.9,ok
TIC 302923993,34.9587,-63.5445,8.31,0,,,,,8,11.5,ok
TIC 91513076,341.1187,-31.13,8.31,0,,,,,3,4.7,ok
TIC 270538617,325.015,-33.191,8.31,0,,,,,2,3.3,ok
TIC 279639176,49.068,-63.2806,8.31,0,,,,,8,10.7,ok
TIC 206627169,342.3802,-34.3517,8.31,0,,,,,3,4.2,ok
TIC 370008580,33.418,-68.7063,8.31,0,,,,,11,13.8,ok
TIC 121421968,341.8087,-43.6062,8.31,0,,,,,5,6.8,ok
TIC 55664116,74.4822,-60.9409,8.31,0,,,,,41,13.5,ok
TIC 349829477,113.6764,-61.0827,8.31,0,,,,,39,13.8,ok
TIC 410151515,340.247,-68.5533,8.31,0,,,,,?,150.5,timeout
TIC 388107420,62.657,-71.6915,8.32,0,,,,,43,13.7,ok
TIC 143924219,332.7032,-48.8907,8.32,0,,,,,5,7.4,ok
TIC 308537791,120.9235,-60.9075,8.32,0,,40.2,rejete,variabilite_continue;eclipse_secondaire,20,18.8,ok
TIC 231010756,25.7942,-58.0113,8.32,0,,,,,3,4.6,ok
TIC 234306168,35.0268,-66.3772,8.32,0,,,,,8,11.3,ok
TIC 238874890,39.4677,-73.7936,8.32,0,,,,,12,14.2,ok
TIC 328027864,3.4043,-68.1977,8.32,0,,,,,7,9.9,ok
TIC 53849347,327.7379,-25.3175,8.32,0,,,,,4,5.9,ok
TIC 267081681,359.8031,-66.3772,8.32,0,,,,,8,11.4,ok
TIC 206547467,333.2893,-21.406,8.32,0,,,,,5,6.7,ok
TIC 149628632,87.39,-63.7037,8.32,0,,,,,10,14.4,ok
TIC 369682539,18.6212,-64.896,8.32,0,,,,,8,11.4,ok
TIC 403286400,332.339,-64.3398,8.32,0,,,,,5,7.1,ok
TIC 317100332,348.3605,-78.3466,8.32,0,,,,,7,9.5,ok
TIC 204586890,328.2903,-34.8658,8.32,0,,,,,4,5.9,ok
TIC 382146576,80.4807,-54.5081,8.32,0,,,,,27,13.1,ok
TIC 278865766,100.7113,-56.016,8.32,0,,,,,40,13.1,ok
TIC 260659557,98.2459,-59.0398,8.32,0,,,,,43,13.3,ok
TIC 238829525,340.9401,-70.8467,8.32,0,,,,,9,12.1,ok
TIC 183979262,21.6509,-72.7488,8.33,1,1.7153,32.2,rejete,variabilite_continue;eclipse_secondaire,6,11.6,ok
TIC 144457947,336.1389,-46.9274,8.33,0,,,,,6,8.7,ok
TIC 50272813,29.7483,-77.0639,8.33,0,,,,,9,12.4,ok
TIC 369771333,35.3848,-61.8949,8.33,0,,,,,10,13.1,ok
TIC 70441350,339.5642,-32.6602,8.33,0,,,,,4,5.8,ok
TIC 237937700,59.4378,-64.0216,8.33,0,,,,,32,13.9,ok
TIC 350857661,90.1312,-55.0858,8.33,0,,,,,40,13.5,ok
TIC 92709778,316.4561,-33.424,8.33,0,,,,,4,5.9,ok
TIC 261683756,22.4389,-79.6179,8.33,0,,,,,8,10.7,ok
TIC 349193923,108.6774,-63.064,8.33,0,,,,,25,13.4,ok
TIC 207072109,323.6191,-33.8057,8.33,0,,,,,3,4.5,ok
TIC 91476286,340.5211,-33.5746,8.33,0,,,,,3,4.2,ok
TIC 340219007,114.0547,-59.6152,8.33,0,,,,,33,13.0,ok
TIC 33766654,62.5543,-73.7584,8.33,0,,,,,34,13.2,ok
TIC 336733643,312.3424,-26.3407,8.33,0,,,,,1,2.0,ok
TIC 29825720,316.2635,-29.1557,8.34,0,,,,,4,5.9,ok
TIC 220577959,48.061,-62.2876,8.34,0,,,,,10,14.1,ok
TIC 238900351,93.7712,-53.1552,8.34,0,,,,,24,13.6,ok
TIC 47354815,341.0236,-28.9318,8.34,0,,,,,3,4.5,ok
TIC 394699687,58.2561,-81.1231,8.34,0,,,,,13,14.5,ok
TIC 304056146,26.1627,-73.9887,8.34,0,,,,,11,14.9,ok
TIC 279639108,48.9526,-62.9859,8.34,0,,,,,10,14.5,ok
TIC 141210448,81.7891,-74.7554,8.34,0,,,,,41,13.9,ok
TIC 141184207,81.2618,-73.3735,8.34,0,,,,,41,13.4,ok
TIC 237316813,344.2311,-61.6738,8.34,0,,,,,7,9.4,ok
TIC 161303459,342.7798,-50.3926,8.34,0,,,,,7,9.6,ok
TIC 326356701,325.5969,-21.7627,8.34,0,,,,,4,5.9,ok
TIC 234497780,10.7709,-62.766,8.34,0,,,,,9,11.9,ok
TIC 382067256,79.519,-55.7071,8.34,0,,,,,39,13.2,ok
TIC 273827258,33.6091,-62.969,8.34,0,,,,,8,10.8,ok
TIC 71317544,330.9242,-47.1373,8.34,0,,,,,5,7.2,ok
TIC 53993782,331.5255,-26.173,8.34,0,,,,,4,5.7,ok
TIC 29499461,314.3396,-28.3424,8.34,0,,,,,5,7.0,ok
TIC 394008752,329.448,-58.0352,8.34,0,,,,,7,9.8,ok
TIC 469945425,341.9646,-57.0911,8.35,0,,,,,3,4.5,ok
TIC 149388265,84.0907,-65.1795,8.35,0,,,,,38,13.5,ok
TIC 237320184,344.7259,-61.0375,8.35,0,,,,,3,4.7,ok
TIC 290027838,318.8334,-26.9343,8.35,0,,,,,5,7.2,ok
TIC 206586520,334.0071,-21.2952,8.35,0,,,,,5,7.1,ok
TIC 200691273,3.7384,-52.1669,8.35,0,,,,,8,11.2,ok
TIC 262925465,53.9038,-62.6317,8.35,0,,,,,12,13.7,ok
TIC 394701606,64.9279,-80.12,8.35,0,,,,,17,13.9,ok
TIC 167811761,104.8255,-62.9067,8.35,0,,,,,39,13.5,ok
TIC 29861079,316.8087,-27.3838,8.35,0,,,,,4,5.6,ok
TIC 176872401,100.4971,-73.0212,8.35,0,,,,,42,13.0,ok
TIC 425085686,82.9053,-66.6781,8.35,0,,,,,37,13.4,ok
TIC 206480502,331.4682,-19.7739,8.35,0,,,,,5,7.1,ok
TIC 152926769,338.4581,-37.3536,8.35,0,,,,,4,5.7,ok
TIC 403284457,332.2639,-61.7111,8.35,0,,,,,10,14.1,ok
TIC 220563149,45.3973,-62.4473,8.35,0,,,,,11,13.3,ok
TIC 141093693,79.6681,-72.6942,8.35,0,,,,,41,13.9,ok
TIC 277751710,330.4149,-63.3611,8.35,0,,,,,10,13.1,ok
TIC 233967362,36.9265,-64.7782,8.35,0,,,,,10,13.9,ok
TIC 167415960,99.2898,-70.9176,8.35,0,,,,,39,13.4,ok
TIC 260981689,75.2269,-81.3788,8.35,0,,,,,16,13.5,ok
TIC 182078288,14.9207,-75.8139,8.35,0,,,,,?,0.5,erreur
TIC 238005820,102.43,-53.8408,8.35,0,,,,,20,13.7,ok
TIC 44577874,340.7598,-47.7479,8.35,0,,,,,2,3.2,ok
TIC 260267074,93.9866,-58.0006,8.36,0,,,,,41,13.5,ok
TIC 99738616,322.022,-22.9309,8.36,0,,,,,4,5.7,ok
TIC 214517314,340.4399,-39.4621,8.36,0,,,,,4,5.6,ok
TIC 306774665,121.4794,-65.8872,8.36,0,,,,,31,13.8,ok
TIC 152911953,337.7219,-41.675,8.36,0,,,,,4,5.7,ok
TIC 392792806,345.755,-76.8208,8.36,0,,,,,8,11.1,ok
TIC 304101379,27.6026,-73.7702,8.36,0,,,,,5,7.3,ok
TIC 206285112,352.7885,-51.6917,8.36,0,,,,,4,5.6,ok
TIC 149664423,87.6482,-63.5812,8.36,0,,,,,34,13.5,ok
TIC 381855507,322.361,-55.7573,8.36,0,,,,,6,8.6,ok
TIC 319246136,351.5576,-59.2813,8.36,0,,,,,6,8.1,ok
TIC 160074946,346.2531,-36.9053,8.36,0,,,,,5,6.9,ok
TIC 152962835,338.9431,-38.2595,8.36,0,,,,,4,6.0,ok
TIC 300867625,117.3131,-68.1085,8.36,0,,,,,42,13.6,ok
TIC 149990098,90.5412,-63.5453,8.36,0,,,,,37,13.1,ok
TIC 161403719,345.5264,-52.3038,8.36,0,,,,,6,8.2,ok
TIC 55659357,74.0215,-64.5806,8.36,0,,,,,40,13.4,ok
TIC 99565851,320.7331,-23.4711,8.36,0,,,,,4,5.3,ok
TIC 261543143,348.6945,-75.125,8.36,0,,,,,1,1.9,ok
TIC 261105201,82.8275,-79.0083,8.36,0,,,,,23,13.9,ok
TIC 38952678,10.8037,-70.297,8.37,0,,,,,6,8.0,ok
TIC 370284932,340.9161,-57.4131,8.37,0,,,,,6,7.9,ok
TIC 231077890,67.8313,-71.2332,8.37,0,,,,,43,13.1,ok
TIC 382321955,320.2604,-46.853,8.37,0,,,,,5,7.1,ok
TIC 302753973,322.8979,-24.4405,8.37,0,,,,,5,7.2,ok
TIC 269742498,66.1316,-81.5775,8.37,0,,,,,12,13.6,ok
TIC 406321525,327.5283,-62.5868,8.37,0,,,,,11,13.2,ok
TIC 31655134,46.7449,-70.8848,8.37,0,,,,,16,14.6,ok
TIC 266971294,3.5396,-76.2587,8.37,0,,,,,?,0.5,erreur
TIC 293525241,351.9037,-75.4187,8.37,0,,,,,4,6.0,ok
TIC 38835654,8.1243,-69.4964,8.37,0,,,,,8,10.9,ok
TIC 441183795,333.8294,-24.9911,8.37,0,,,,,3,5.2,ok
TIC 382263711,323.8074,-39.7126,8.37,0,,,,,4,5.8,ok
TIC 376985587,77.1759,-80.2682,8.37,0,,,,,23,13.4,ok
TIC 220501977,345.9646,-59.5164,8.37,0,,,,,6,8.9,ok
TIC 349055837,107.2455,-61.4353,8.37,0,,,,,32,13.0,ok
TIC 32072196,58.2352,-68.9648,8.37,0,,,,,38,13.3,ok
TIC 147112674,321.5467,-42.7988,8.37,0,,,,,5,7.2,ok
TIC 237322105,345.1632,-65.6645,8.37,0,,,,,11,13.0,ok
TIC 149971828,90.0786,-61.9996,8.37,0,,,,,41,13.1,ok
TIC 309559586,125.5523,-62.9722,8.37,0,,,,,3,4.4,ok
TIC 180206335,11.2509,-73.2292,8.37,0,,,,,7,9.6,ok
TIC 393892772,333.4532,-28.6682,8.38,0,,,,,3,4.5,ok
TIC 425975442,18.0042,-61.2284,8.38,0,,,,,9,12.5,ok
TIC 389757606,1.0937,-48.8094,8.38,0,,,,,8,10.9,ok
TIC 320965223,325.177,-37.0784,8.38,0,,,,,4,6.0,ok
TIC 410451677,119.9908,-60.7467,8.38,0,,,,,22,14.0,ok
TIC 71335277,331.1899,-45.4911,8.38,0,,,,,3,4.7,ok
TIC 220502463,346.2624,-58.1699,8.38,0,,,,,7,10.4,ok
TIC 161404450,345.7784,-52.6473,8.38,0,,,,,1,1.8,ok
TIC 144276893,353.8963,-44.5297,8.38,0,,,,,8,10.7,ok
TIC 140510714,66.7822,-77.7797,8.38,0,,,,,31,13.2,ok
TIC 229054644,331.7732,-33.9825,8.38,0,,,,,4,5.7,ok
TIC 165065403,322.411,-41.7989,8.38,0,,,,,5,7.3,ok
TIC 270098064,329.4074,-26.7203,8.38,0,,,,,3,4.8,ok
TIC 425940082,8.7146,-61.9165,8.38,0,,,,,10,13.7,ok
TIC 220563659,45.3504,-60.3321,8.38,0,,,,,8,11.1,ok
TIC 206472442,331.1986,-20.6911,8.38,0,,,,,5,6.9,ok
TIC 206617841,341.7849,-35.3363,8.38,0,,,,,3,4.4,ok
TIC 209365889,338.8879,-27.7498,8.38,0,,,,,1,2.0,ok
TIC 231856135,28.0713,-60.3219,8.38,0,,,,,6,8.2,ok
TIC 159641092,317.9075,-37.9605,8.38,0,,,,,5,7.2,ok
TIC 267188864,6.06,-71.9804,8.38,0,,,,,3,4.6,ok
TIC 147132048,322.0617,-44.3783,8.38,0,,,,,5,7.1,ok
TIC 147333786,325.7449,-47.3862,8.38,0,,,,,5,7.6,ok
TIC 38573641,63.7259,-60.3737,8.38,0,,,,,29,13.4,ok
TIC 200656263,2.1123,-53.4431,8.38,0,,,,,10,13.1,ok
TIC 382383386,335.2357,-42.7492,8.38,0,,,,,4,6.0,ok
TIC 279091621,102.8897,-58.3282,8.39,0,,,,,29,14.2,ok
TIC 231263835,334.103,-49.395,8.39,0,,,,,5,7.2,ok
TIC 63281483,337.1859,-31.5056,8.39,0,,,,,4,6.2,ok
TIC 139841874,325.3822,-48.1289,8.39,0,,,,,2,3.1,ok
TIC 253934704,339.3131,-32.5088,8.39,0,,,,,2,3.1,ok
TIC 374859230,88.4688,-60.0881,8.39,0,,,,,39,13.4,ok
TIC 92630472,315.9217,-30.7213,8.39,0,,,,,4,5.7,ok
TIC 231018104,27.3156,-59.3734,8.39,0,,,,,6,8.1,ok
TIC 152866289,345.5385,-40.2125,8.39,0,,,,,2,3.1,ok
TIC 50308200,30.3185,-72.3638,8.39,0,,,,,10,13.2,ok
TIC 152937439,338.7151,-40.3824,8.39,0,,,,,5,7.5,ok
TIC 234511748,13.4688,-65.8673,8.39,0,,,,,10,13.5,ok
TIC 425934616,4.5799,-63.6669,8.39,0,,,,,9,12.1,ok
TIC 349059821,107.42,-63.8103,8.39,0,,,,,41,13.5,ok
TIC 293571051,0.1475,-77.0201,8.39,0,,,,,6,9.1,ok
TIC 382222129,323.3944,-37.8867,8.39,0,,,,,5,6.9,ok
TIC 382263355,323.7644,-38.7951,8.39,0,,,,,5,7.1,ok
TIC 38833739,7.7731,-69.0388,8.39,0,,,,,7,10.3,ok
TIC 150164875,93.2441,-62.0716,8.39,0,,,,,42,13.5,ok
TIC 261542854,348.7765,-74.1845,8.39,0,,,,,10,13.6,ok
TIC 309552570,125.3053,-61.4453,8.39,0,,,,,13,13.3,ok
TIC 149154927,81.0848,-59.9546,8.39,0,,,,,40,13.5,ok
TIC 149540525,86.3013,-62.917,8.39,0,,,,,38,13.6,ok
TIC 309556213,125.5011,-60.62,8.39,0,,,,,5,6.7,ok
TIC 219321172,326.3774,-55.2806,8.39,0,,,,,9,12.4,ok
TIC 25230545,327.177,-22.1256,8.4,0,,,,,4,5.7,ok
TIC 350299588,83.9101,-57.1387,8.4,0,,,,,44,13.2,ok
TIC 302295733,320.1045,-29.9357,8.4,0,,,,,4,5.7,ok
TIC 32051091,56.9164,-70.922,8.4,0,,,,,35,13.2,ok
TIC 52120715,17.7355,-69.9551,8.4,0,,,,,4,6.1,ok
TIC 206652542,23.897,-59.6568,8.4,0,,,,,7,9.6,ok
TIC 60112584,333.7032,-33.1434,8.4,0,,,,,3,4.5,ok
TIC 147269346,324.4189,-46.0417,8.4,0,,,,,5,7.1,ok
TIC 97433004,332.989,-31.3857,8.4,0,,,,,3,4.8,ok
TIC 382455766,351.1064,-45.1545,8.4,0,,,,,3,4.7,ok
TIC 47294705,340.0241,-26.1704,8.4,0,,,,,4,5.8,ok
TIC 358579652,54.4921,-61.8974,8.4,0,,,,,13,13.3,ok
TIC 406342407,327.7684,-64.9786,8.4,0,,,,,2,3.3,ok
TIC 425938647,8.299,-63.9081,8.4,0,,,,,8,10.7,ok
TIC 38460465,61.2662,-61.4824,8.4,0,,,,,21,13.8,ok
TIC 142148228,100.3689,-74.6738,8.4,0,,,,,?,997.2,timeout
TIC 382372903,329.8703,-45.2166,8.4,0,,,,,5,7.9,ok
TIC 29433169,313.789,-25.702,8.4,0,,,,,5,7.8,ok
TIC 261562893,349.3688,-76.5396,8.4,0,,,,,9,12.8,ok
TIC 299887679,10.2096,-65.8574,8.4,0,,,,,9,14.7,ok
TIC 220478950,75.8778,-56.1674,8.4,0,,,,,36,14.8,ok
TIC 271723952,110.7062,-71.9583,8.4,0,,,,,43,14.1,ok
TIC 152876779,337.3264,-40.2704,8.4,0,,,,,5,7.7,ok
TIC 469853160,320.8639,-51.1494,8.4,0,,,,,7,9.6,ok
TIC 53782107,326.8233,-27.1134,8.4,0,,,,,4,5.8,ok
TIC 167417444,99.5538,-70.0943,8.4,0,,,,,40,14.2,ok
TIC 139198604,345.6735,-45.2821,8.4,0,,,,,4,6.0,ok
TIC 287148985,337.9891,-73.6913,8.4,0,,,,,11,14.2,ok
TIC 281710480,11.4145,-57.3101,8.4,0,,,,,10,14.0,ok
TIC 197764063,326.801,-58.7093,8.4,0,,,,,3,6.2,ok
TIC 201353088,5.2626,-58.7609,8.4,0,,,,,12,14.0,ok
TIC 260750622,346.2048,-71.7567,8.41,0,,,,,8,11.8,ok
TIC 38833347,7.9064,-67.701,8.41,0,,,,,9,13.0,ok
TIC 237331910,346.7884,-63.7873,8.41,0,,,,,8,11.6,ok
TIC 237909385,21.7576,-64.5798,8.41,0,,,,,8,11.6,ok
TIC 279090824,102.8782,-59.7094,8.41,0,,,,,40,15.8,ok
TIC 38600576,64.4307,-65.7099,8.41,0,,,,,44,14.8,ok
TIC 325373801,346.2768,-75.761,8.41,0,,,,,?,0.6,erreur
TIC 197598550,327.2983,-41.6215,8.41,0,,,,,5,7.4,ok
TIC 269762577,66.2983,-82.2544,8.41,0,,,,,7,11.0,ok
TIC 270339594,334.9194,-24.6399,8.41,0,,,,,3,4.8,ok
TIC 260266066,93.7451,-59.7277,8.41,0,,,,,37,14.6,ok
TIC 289826199,317.3262,-28.1072,8.41,0,,,,,4,6.8,ok
TIC 211408441,321.7354,-31.233,8.41,0,,,,,4,6.0,ok
TIC 316787978,323.7755,-54.5846,8.41,0,,,,,11,14.0,ok
TIC 300157797,108.8714,-68.0432,8.41,0,,,,,30,14.8,ok
TIC 160037571,339.0905,-41.9792,8.41,0,,,,,5,7.4,ok
TIC 215054758,342.6202,-37.451,8.41,0,,,,,5,7.9,ok
TIC 321908147,0.2823,-52.4841,8.41,0,,,,,8,11.2,ok
TIC 209282956,336.4797,-28.7202,8.41,0,,,,,1,2.0,ok
TIC 44578552,340.8835,-44.5665,8.41,0,,,,,5,7.5,ok
TIC 441206200,336.3665,-25.3556,8.41,0,,,,,3,4.5,ok
TIC 370246784,41.8781,-83.6134,8.41,0,,,,,12,14.0,ok
TIC 370246235,42.3075,-82.6232,8.41,0,,,,,12,14.6,ok
TIC 281574212,7.7002,-56.5947,8.42,0,,,,,11,13.8,ok
TIC 294982517,72.2822,-66.5612,8.42,0,,,,,42,14.8,ok
TIC 237879861,19.2466,-61.6577,8.42,0,,,,,9,13.0,ok
TIC 237878575,18.9652,-64.081,8.42,0,,,,,6,9.0,ok
TIC 281634018,116.9289,-63.7188,8.42,0,,,,,40,14.2,ok
TIC 616046959,2.6966,-57.4867,8.42,0,,,,,2,4.0,ok
TIC 293164978,66.2363,-59.4705,8.42,0,,,,,34,13.9,ok
TIC 234967625,349.2183,-65.7205,8.42,0,,,,,7,9.8,ok
TIC 389086433,333.1276,-67.7336,8.42,0,,,,,11,13.9,ok
TIC 139348952,348.9462,-42.5878,8.42,0,,,,,6,8.6,ok
TIC 38470115,61.9651,-62.7624,8.42,0,,,,,35,13.8,ok
TIC 150439289,97.5355,-63.1917,8.42,0,,,,,?,0.7,erreur
TIC 29781308,65.0573,-68.0734,8.42,0,,,,,41,13.9,ok
TIC 405425424,337.2904,-68.0627,8.42,0,,,,,11,13.6,ok
TIC 147383795,326.6667,-47.6328,8.42,0,,,,,4,5.8,ok
TIC 55400261,70.5409,-62.3849,8.42,0,,,,,38,15.8,ok
TIC 263013845,13.5349,-80.6659,8.42,0,,,,,9,12.6,ok
TIC 263077260,17.0147,-82.0741,8.42,0,,,,,9,12.3,ok
TIC 220399049,69.1687,-57.5445,8.42,0,,,,,6,9.0,ok
TIC 41259424,92.2639,-71.5062,8.42,0,,,,,42,13.7,ok
TIC 149572723,86.3167,-60.5276,8.42,0,,,,,41,13.9,ok
TIC 137836270,335.4064,-22.8218,8.43,0,,,,,3,4.7,ok
TIC 141471522,86.3565,-73.5965,8.43,0,,,,,42,14.5,ok
TIC 234490671,8.9392,-61.3352,8.43,0,,,,,10,14.0,ok
TIC 149039372,78.3547,-65.236,8.43,0,,107.3,rejete,variabilite_continue;eclipse_secondaire,39,19.8,ok
TIC 141809220,92.8079,-73.5988,8.43,0,,,,,43,13.5,ok
TIC 176980995,101.4412,-70.5832,8.43,0,,,,,36,13.7,ok
TIC 277683097,329.0009,-61.6058,8.43,0,,,,,11,13.8,ok
TIC 270557659,99.6303,-79.2083,8.43,0,,,,,31,13.4,ok
TIC 279834531,35.3117,-61.2175,8.43,0,,,,,?,0.5,erreur
TIC 382267747,82.9062,-54.102,8.43,0,,,,,25,13.2,ok
TIC 306898941,122.2422,-67.5757,8.43,0,,,,,32,14.9,ok
TIC 214568827,340.705,-38.0435,8.43,0,,,,,4,5.5,ok
TIC 161440311,345.7819,-47.8968,8.43,0,,,,,8,11.3,ok
TIC 201288496,2.2631,-59.282,8.43,0,,,,,6,9.1,ok
TIC 175373180,348.5427,-41.7145,8.43,0,,,,,6,8.5,ok
TIC 60369729,334.0625,-33.7882,8.43,0,,,,,4,6.0,ok
TIC 348771456,47.2028,-79.8917,8.43,0,,,,,13,13.4,ok
TIC 139121144,320.1329,-43.5768,8.43,0,,,,,6,8.6,ok
TIC 38573074,63.495,-61.1645,8.43,0,,,,,31,13.4,ok
TIC 139772499,324.4468,-50.797,8.43,0,,,,,7,10.2,ok
TIC 91509292,340.7993,-32.7567,8.43,0,,,,,3,4.6,ok
TIC 234340362,37.7427,-67.6995,8.43,0,,,,,9,12.5,ok
TIC 206688155,344.2281,-33.4397,8.43,0,,,,,5,7.1,ok
TIC 350520348,86.3056,-59.923,8.43,0,,,,,40,13.3,ok
TIC 348718444,45.4947,-78.7781,8.43,0,,,,,13,14.2,ok
TIC 117544915,340.3278,-43.8415,8.44,0,,,,,4,6.2,ok
TIC 300703844,114.6482,-67.1012,8.44,0,,,,,29,13.9,ok
TIC 370136983,46.8775,-74.5078,8.44,0,,,,,12,14.5,ok
TIC 260297461,94.3118,-58.1652,8.44,0,,,,,39,13.9,ok
TIC 358457831,60.1882,-79.2097,8.44,0,,,,,17,14.5,ok
TIC 327672379,330.7394,-68.3744,8.44,0,,,,,4,6.2,ok
TIC 167339584,98.5406,-68.477,8.44,0,,,,,41,14.0,ok
TIC 394357388,43.672,-78.083,8.44,0,,,,,11,14.0,ok
TIC 204444392,325.7556,-33.2591,8.44,0,,,,,3,4.6,ok
TIC 341330466,119.3817,-59.8232,8.44,0,,,,,8,10.9,ok
TIC 234348603,39.4581,-70.1167,8.44,0,,,,,11,13.5,ok
TIC 234297691,358.2296,-64.4896,8.44,0,,,,,2,3.2,ok
TIC 349094313,107.8824,-64.9464,8.44,0,,,,,45,13.1,ok
TIC 279255553,331.5723,-46.6236,8.44,0,,,,,2,3.4,ok
TIC 441180755,333.4156,-27.4596,8.44,0,,,,,3,4.3,ok
TIC 141473594,86.2821,-77.1853,8.44,0,,,,,13,13.5,ok
TIC 255560319,96.0715,-53.5756,8.44,0,,,,,29,13.9,ok
TIC 350584303,87.2567,-57.4559,8.44,0,,,,,40,13.4,ok
TIC 231707840,339.8715,-55.2164,8.44,0,,,,,8,11.0,ok
TIC 349153143,108.3301,-60.0583,8.45,0,,38.0,rejete,variabilite_continue;eclipse_secondaire,45,19.0,ok
TIC 469935154,355.4793,-48.2876,8.45,0,,,,,7,9.6,ok
TIC 161262978,341.2551,-51.2035,8.45,0,,,,,4,5.5,ok
TIC 220555048,44.0586,-63.8363,8.45,0,,26.7,rejete,variabilite_continue;eclipse_secondaire,4,8.3,ok
TIC 308539673,121.1488,-60.4861,8.45,0,,,,,17,13.7,ok
TIC 159731771,318.8677,-41.3956,8.45,0,,,,,6,8.7,ok
TIC 269858347,71.3114,-79.6158,8.45,0,,,,,7,10.8,ok
TIC 270677029,87.6607,-53.3282,8.45,0,,,,,26,13.5,ok
TIC 259902152,41.4651,-67.3697,8.45,0,,,,,7,9.5,ok
TIC 44564772,340.4681,-41.9043,8.45,0,,,,,5,7.4,ok
TIC 29638934,315.2202,-25.5348,8.45,0,,,,,5,7.3,ok
TIC 219333983,353.8933,-58.1099,8.45,0,,,,,7,10.1,ok
TIC 89425708,322.9945,-33.2785,8.45,0,,,,,2,4.2,ok
TIC 349681964,112.6258,-61.4125,8.45,0,,,,,38,14.1,ok
TIC 389365531,85.8021,-68.5932,8.45,0,,,,,37,14.8,ok
TIC 326445729,339.4217,-25.1667,8.45,0,,,,,2,3.7,ok
TIC 206591925,20.9123,-59.8742,8.45,0,,,,,?,149.7,timeout
TIC 219195015,92.3745,-53.8894,8.45,0,,,,,29,14.9,ok
TIC 278830372,336.5181,-40.1196,8.46,0,,,,,3,5.0,ok
TIC 206365038,357.1932,-51.4885,8.46,0,,,,,10,15.0,ok
TIC 375058105,99.9581,-61.4777,8.46,0,,,,,39,14.7,ok
TIC 139250909,347.1615,-44.2038,8.46,0,,,,,7,11.9,ok
TIC 220473309,75.1968,-57.2566,8.46,0,,,,,41,14.9,ok
TIC 271554516,105.9083,-71.9992,8.46,0,,,,,41,15.8,ok
TIC 149600846,87.0306,-61.2027,8.46,0,,,,,36,14.6,ok
TIC 92914986,318.2664,-34.8294,8.46,0,,,,,1,3.2,ok
TIC 197732687,330.364,-38.3323,8.46,0,,,,,4,8.7,ok
TIC 31946252,54.6835,-70.8653,8.46,0,,,,,32,14.6,ok
TIC 358467087,119.1966,-60.8408,8.46,0,,,,,22,14.7,ok
TIC 262843950,52.3983,-63.5959,8.46,0,,,,,15,14.8,ok
TIC 279218413,103.4755,-59.8808,8.46,0,,,,,29,14.7,ok
TIC 279318738,104.0893,-56.0907,8.46,0,,,,,34,14.3,ok
TIC 149970613,89.9175,-60.4814,8.46,0,,,,,33,15.8,ok
TIC 381979590,77.603,-58.4861,8.46,0,,,,,44,14.5,ok
TIC 267210445,6.2356,-75.2634,8.46,0,,,,,7,10.9,ok
TIC 364425379,69.6717,-72.7612,8.46,0,,,,,41,14.5,ok
TIC 31530164,89.5416,-69.0209,8.46,0,,,,,40,15.8,ok
TIC 306830024,121.9416,-68.6951,8.47,0,,,,,32,15.4,ok
TIC 140687826,73.2839,-75.0176,8.47,0,,,,,40,14.7,ok
TIC 327915121,1.4788,-68.8115,8.47,0,,,,,10,14.5,ok
TIC 165096169,322.7192,-40.5752,8.47,0,,,,,5,8.1,ok
TIC 339577695,359.1493,-56.1774,8.47,0,,,,,10,13.8,ok
TIC 406320921,327.6156,-64.2271,8.47,0,,,,,10,15.0,ok
TIC 441113863,324.4003,-26.9467,8.47,0,,,,,4,7.2,ok
TIC 152799629,343.4271,-37.5925,8.47,0,,,,,2,4.2,ok
TIC 211402790,321.3638,-33.9902,8.47,0,,,,,2,3.9,ok
TIC 29543573,314.5743,-26.3504,8.47,0,,,,,5,8.4,ok
TIC 201255487,1.5647,-55.4987,8.47,0,,,,,11,15.4,ok
TIC 410487677,119.8915,-65.4357,8.47,0,,,,,36,14.1,ok
TIC 278615882,333.7167,-36.186,8.47,0,,,,,4,6.0,ok
TIC 143980685,335.6646,-51.5488,8.47,0,,,,,4,5.8,ok
TIC 144284767,354.0056,-43.448,8.47,0,,,,,8,11.1,ok
TIC 232064715,340.4289,-63.2702,8.47,0,,,,,4,5.4,ok
TIC 403191366,337.2564,-59.2307,8.47,0,,,,,8,11.3,ok
TIC 293508796,352.0237,-76.9656,8.47,0,,,,,8,11.3,ok
TIC 144334647,356.0495,-47.0843,8.47,0,,,,,9,12.2,ok
TIC 355510058,15.6507,-59.8618,8.47,0,,,,,11,13.6,ok
TIC 382200050,81.5495,-55.4256,8.48,0,,,,,?,0.7,erreur
TIC 431591408,50.3054,-74.2918,8.48,0,,,,,20,21.6,ok
TIC 219164846,90.7206,-52.1776,8.48,0,,,,,20,14.1,ok
TIC 389663914,86.8929,-70.9888,8.48,0,,,,,?,0.7,erreur
TIC 238178474,358.7263,-67.2409,8.48,0,,,,,7,10.1,ok
TIC 410447919,117.9621,-62.9087,8.48,0,,,,,35,14.0,ok
TIC 421919182,342.3157,-74.5159,8.48,0,,,,,8,10.9,ok
TIC 141472806,86.5619,-75.3297,8.48,0,,,,,43,13.6,ok
TIC 142146835,100.2083,-77.5796,8.48,0,,,,,41,14.0,ok
TIC 267363191,8.6326,-75.5886,8.48,0,,,,,5,7.2,ok
TIC 69764720,336.9562,-22.6046,8.48,0,,,,,2,3.4,ok
TIC 70440709,339.6444,-35.6365,8.48,0,,,,,4,5.9,ok
TIC 370140250,73.5925,-76.1515,8.48,0,,,,,33,13.4,ok
TIC 403208717,338.3486,-56.1448,8.48,0,,,,,8,11.9,ok
TIC 144201318,328.259,-43.029,8.48,0,,,,,5,7.1,ok
TIC 260239177,93.4481,-58.8264,8.48,0,,,,,40,13.5,ok
TIC 147337107,325.9883,-46.6135,8.48,0,,,,,4,6.1,ok
TIC 349965094,114.3024,-65.6306,8.48,0,,,,,43,14.9,ok
TIC 38849364,8.6751,-66.8963,8.48,0,,,,,3,4.7,ok
TIC 38846146,68.9957,-63.1725,8.48,0,,,,,31,13.8,ok
TIC 260795902,347.5798,-66.3052,8.48,0,,,,,8,11.4,ok
TIC 38813141,67.6941,-62.3793,8.48,0,,,,,41,14.4,ok
TIC 469916192,350.7027,-53.0551,8.48,0,,,,,8,11.2,ok
TIC 232078911,29.6182,-70.4471,8.48,0,,,,,1,1.9,ok
TIC 231742691,78.0749,-67.0948,8.48,0,,,,,36,14.2,ok
TIC 152831841,345.0312,-39.0686,8.49,0,,,,,3,4.5,ok
TIC 391922780,106.8722,-73.3841,8.49,0,,,,,3,4.4,ok
TIC 176873028,100.9428,-71.9761,8.49,0,,,,,42,13.5,ok
TIC 278683664,99.1676,-58.4087,8.49,0,,,,,44,13.8,ok
TIC 238202274,58.345,-73.9491,8.49,0,,,,,37,13.9,ok
TIC 204527734,327.3036,-33.3117,8.49,0,,,,,2,3.3,ok
TIC 126947245,318.7478,-46.3623,8.49,0,,,,,5,7.3,ok
TIC 29639766,315.2177,-27.0475,8.49,0,,,,,4,5.8,ok
TIC 355582393,323.0532,-57.3032,8.49,0,,,,,10,13.4,ok
TIC 394557838,335.2083,-61.6706,8.49,0,,,,,10,13.6,ok
TIC 403149996,334.0559,-59.2337,8.49,0,,,,,4,5.5,ok
TIC 340459681,115.715,-59.5994,8.49,0,,,,,25,14.1,ok
TIC 321928761,0.5607,-51.5404,8.49,0,,,,,8,11.5,ok
TIC 197950616,346.6892,-52.1472,8.49,0,,,,,6,8.2,ok
TIC 370038084,60.6062,-70.2721,8.49,0,,,,,44,14.3,ok
TIC 30469371,74.569,-66.26,8.49,0,,,,,40,13.6,ok
TIC 159737143,319.0909,-39.5863,8.49,0,,,,,5,7.1,ok
TIC 234509974,12.823,-61.9251,8.49,0,,,,,10,13.5,ok
TIC 38506944,61.9742,-60.5242,8.49,0,,,,,19,13.6,ok
TIC 149572666,86.368,-60.7218,8.49,0,,,,,30,13.9,ok
TIC 139916678,327.1889,-53.0179,8.49,0,,,,,8,11.2,ok
TIC 32155510,331.664,-28.7492,8.49,0,,,,,4,5.8,ok
TIC 198036035,61.3852,-59.0218,8.5,0,,,,,16,13.2,ok
TIC 176875114,100.9581,-75.5821,8.5,0,,,,,42,15.1,ok
TIC 50378837,32.8464,-76.696,8.5,0,,,,,11,14.1,ok
TIC 260243101,93.7611,-55.3302,8.5,0,,,,,39,13.4,ok
TIC 317100352,348.4031,-78.4113,8.5,0,,,,,5,7.5,ok
TIC 350028973,114.7698,-62.6646,8.5,0,,,,,40,13.8,ok
TIC 232075675,29.0587,-71.6136,8.5,0,,,,,11,13.9,ok
TIC 204393504,323.5297,-31.6632,8.5,0,,,,,2,3.3,ok
TIC 300560526,112.7824,-67.8206,8.5,0,,,,,41,13.6,ok
TIC 355369707,349.4755,-51.541,8.5,0,,,,,7,9.8,ok
TIC 355651607,358.5522,-55.4746,8.5,0,,,,,12,13.9,ok
TIC 161265291,341.5006,-48.4663,8.5,0,,,,,7,10.5,ok
TIC 144202131,328.2296,-46.0192,8.5,0,,,,,5,7.2,ok
TIC 277835242,344.9718,-66.5024,8.51,0,,,,,10,13.4,ok
TIC 270557257,99.9089,-78.4403,8.51,0,,,,,36,14.2,ok
TIC 44626002,341.5154,-46.3621,8.51,0,,,,,3,4.9,ok
TIC 206506464,332.5669,-20.0216,8.51,0,,,,,5,7.6,ok
TIC 300708926,114.7859,-70.8706,8.51,0,,,,,41,15.1,ok
TIC 229051540,331.497,-35.3593,8.51,0,,,,,2,3.4,ok
TIC 238894157,40.9685,-76.4696,8.51,0,,,,,14,14.3,ok
TIC 372913582,119.4548,-60.6836,8.51,0,,,,,22,13.6,ok
TIC 206557836,19.4571,-57.2784,8.51,0,,,,,8,11.0,ok
TIC 469869569,321.2426,-49.5936,8.51,0,,,,,8,11.0,ok
TIC 382259475,82.5459,-56.6081,8.51,0,,,,,1,2.3,ok
TIC 441076690,323.2271,-28.0172,8.51,0,,,,,3,4.8,ok
TIC 358402782,78.1218,-56.7161,8.51,0,,,,,41,14.0,ok
TIC 279157429,103.045,-56.5165,8.52,0,,,,,41,14.9,ok
TIC 99647472,321.3229,-23.2652,8.52,0,,,,,5,7.4,ok
TIC 431479944,49.587,-72.3795,8.52,0,,,,,19,13.7,ok
TIC 278634010,333.8976,-39.0143,8.52,0,,,,,5,7.3,ok
TIC 308666886,121.8271,-62.4262,8.52,0,,,,,13,14.8,ok
TIC 373523595,80.9151,-69.503,8.52,0,,,,,42,14.4,ok
TIC 309068746,123.4709,-63.2345,8.52,0,,,,,18,14.0,ok
TIC 267094416,41.6673,-77.521,8.52,0,,,,,?,0.5,erreur
TIC 175342875,347.8507,-41.1727,8.52,0,,,,,5,7.3,ok
TIC 139131746,344.2506,-46.6508,8.52,0,,,,,4,6.0,ok
TIC 139190335,345.2734,-46.8775,8.52,0,,,,,6,8.6,ok
TIC 270394036,36.0105,-80.0455,8.52,0,,,,,8,12.0,ok
TIC 294054151,107.2664,-59.3739,8.52,0,,,,,41,13.4,ok
TIC 294154844,107.7432,-56.2529,8.52,0,,,,,?,0.7,erreur
TIC 325095105,339.0279,-66.9261,8.52,0,,,,,4,6.0,ok
TIC 141413219,83.9055,-76.479,8.52,0,,,,,42,13.4,ok
TIC 231845963,26.3693,-63.5311,8.52,0,,,,,8,11.0,ok
TIC 220428118,72.6424,-58.1489,8.52,0,,,,,41,13.2,ok
TIC 350585031,87.1898,-55.8563,8.52,0,,,,,39,13.2,ok
TIC 281670630,10.4997,-55.784,8.52,0,,,,,5,7.4,ok
TIC 206326414,353.9617,-52.2538,8.53,0,,,,,9,12.1,ok
TIC 24695017,35.0246,-72.8292,8.53,0,,,,,9,12.9,ok
TIC 469907979,337.0544,-61.5293,8.53,0,,,,,10,13.7,ok
TIC 129645620,321.3008,-40.3151,8.53,0,,,,,5,7.6,ok
TIC 209313671,337.514,-25.3875,8.53,0,,,,,3,4.5,ok
TIC 177311244,103.5508,-77.5064,8.53,0,,,,,38,13.7,ok
TIC 441041471,324.9877,-23.1991,8.53,0,,,,,3,4.5,ok
TIC 273606667,358.0603,-74.9059,8.53,0,,,,,8,11.3,ok
TIC 382159212,80.9091,-55.5906,8.53,0,,,,,41,15.3,ok
TIC 144200130,328.0131,-45.0079,8.53,0,,,,,5,7.4,ok
TIC 144199300,327.9085,-47.8191,8.53,0,,,,,5,7.4,ok
TIC 179369863,80.1235,-71.5335,8.53,0,,,,,38,13.5,ok
TIC 238189798,55.6354,-73.3256,8.53,0,,,,,30,14.0,ok
TIC 197639722,328.2326,-40.8721,8.53,0,,,,,2,3.7,ok
TIC 200671041,3.4615,-52.5709,8.53,0,,,,,5,7.0,ok
TIC 139206636,345.967,-44.5952,8.53,0,,,,,5,7.7,ok
TIC 389725245,329.3734,-45.8856,8.53,0,,,,,5,7.2,ok
TIC 260504147,96.4302,-55.1618,8.53,0,,,,,?,1003.7,timeout
TIC 237325372,345.7504,-65.0507,8.53,0,,,,,5,7.6,ok
TIC 260042834,91.2543,-58.8304,8.53,0,,,,,44,13.8,ok
TIC 141611461,89.215,-75.7089,8.54,0,,,,,41,13.9,ok
TIC 38763021,67.3197,-60.2678,8.54,0,,,,,?,0.7,erreur
TIC 92865812,317.7852,-34.9952,8.54,0,,,,,1,2.0,ok
TIC 50386332,35.358,-77.645,8.54,0,,,,,10,13.6,ok
TIC 52205160,19.8711,-66.7979,8.54,0,,,,,8,13.1,ok
TIC 267018696,350.2148,-56.8071,8.54,0,,,,,8,12.0,ok
TIC 89040036,338.5009,-43.3539,8.54,0,,,,,5,7.1,ok
TIC 70461194,340.3503,-31.6285,8.54,0,,,,,3,4.4,ok
TIC 308543034,121.0782,-63.5123,8.54,0,,,,,24,14.9,ok
TIC 277751989,330.5444,-64.3344,8.54,0,,,,,10,13.9,ok
TIC 201252144,1.0691,-59.3152,8.54,0,,,,,11,14.8,ok
TIC 161333043,343.31,-53.0896,8.54,0,,,,,4,6.6,ok
TIC 389051428,333.4628,-62.2809,8.54,0,,,,,5,7.0,ok
TIC 150390189,96.5896,-65.1524,8.54,0,,67.8,rejete,variabilite_continue;eclipse_secondaire;compagnon_trop_gros_19.2Rjup,17,19.6,ok
TIC 261378866,93.2636,-80.3094,8.54,0,,,,,19,13.9,ok
TIC 211383327,321.1237,-33.1791,8.54,0,,,,,4,5.8,ok
TIC 350144298,115.4995,-65.5185,8.54,0,,,,,42,14.0,ok
TIC 300141992,109.058,-66.8057,8.55,0,,,,,22,13.6,ok
TIC 270358249,337.9399,-24.7028,8.55,0,,,,,3,4.3,ok
TIC 270474308,97.2459,-78.0069,8.55,0,,,,,42,13.3,ok
TIC 204495698,326.6527,-31.9796,8.55,0,,,,,4,5.8,ok
TIC 38951568,10.9076,-66.9892,8.55,0,,,,,9,12.1,ok
TIC 25351345,328.1373,-22.68,8.55,0,,,,,5,6.9,ok
TIC 60369998,334.0717,-30.4093,8.55,0,,,,,4,5.8,ok
TIC 270537028,324.7447,-33.9768,8.55,0,,,,,2,3.1,ok
TIC 197685109,329.115,-38.412,8.55,0,,,,,4,5.8,ok
TIC 279249069,103.9572,-56.5255,8.55,0,,,,,38,13.4,ok
TIC 79405499,320.4198,-49.8767,8.55,0,,,,,3,4.5,ok
TIC 167007869,94.805,-67.5982,8.55,0,,,,,36,13.8,ok
TIC 51913912,14.4879,-70.8697,8.55,0,,,,,7,9.6,ok
TIC 152888752,337.6479,-39.1659,8.55,0,,,,,4,6.1,ok
TIC 206686430,344.0574,-33.8807,8.55,0,,,,,2,3.4,ok
TIC 147130319,321.8372,-43.9252,8.55,0,,,,,3,4.7,ok
TIC 147084337,321.2545,-43.5271,8.55,0,,,,,5,7.5,ok
TIC 197617173,328.0983,-36.5156,8.55,0,,,,,4,6.3,ok
TIC 260004910,91.1132,-54.0488,8.55,0,,,,,28,13.5,ok
TIC 370010133,46.7622,-68.8553,8.55,0,,,,,13,13.5,ok
TIC 139090355,319.3569,-44.996,8.56,0,,,,,5,7.0,ok
TIC 229054294,331.828,-32.7637,8.56,0,,,,,2,3.3,ok
TIC 260502294,96.3666,-58.6197,8.56,0,,,,,41,13.9,ok
TIC 150248762,94.3962,-60.4801,8.56,0,,,,,39,13.8,ok
TIC 238894957,93.6295,-53.0792,8.56,0,,,,,26,14.7,ok
TIC 318607977,9.4891,-81.1775,8.56,0,,,,,5,7.1,ok
TIC 229808107,354.0036,-69.6676,8.56,0,,,,,10,15.2,ok
TIC 278516355,332.1302,-35.9612,8.56,0,,,,,4,5.6,ok
TIC 141914082,94.6174,-72.0444,8.56,1,2.6551,21.1,rejete,variabilite_continue;eclipse_secondaire,40,17.9,ok
TIC 200662899,2.6767,-50.9701,8.56,0,,,,,8,11.4,ok
TIC 237325937,345.8183,-62.8175,8.56,0,,,,,7,9.9,ok
TIC 41590715,93.9288,-66.758,8.56,0,,18.2,rejete,variabilite_continue;eclipse_secondaire,28,19.2,ok
TIC 147201971,323.0813,-47.2334,8.56,0,,,,,5,7.6,ok
TIC 31673724,47.6211,-66.4997,8.56,0,,,,,12,13.6,ok
TIC 349485031,111.0571,-60.4993,8.56,0,,,,,31,14.7,ok
TIC 231828182,23.0783,-63.9845,8.56,0,,,,,8,12.6,ok
TIC 38807149,6.5923,-68.1801,8.56,0,,,,,7,10.3,ok
TIC 234994963,350.4216,-61.8111,8.56,0,,,,,4,5.8,ok
TIC 441202398,335.9547,-27.8018,8.56,0,,,,,4,6.9,ok
TIC 183492689,18.7249,-73.2579,8.56,0,,,,,2,3.4,ok
TIC 231262665,334.002,-51.304,8.57,0,,,,,6,9.2,ok
TIC 30941184,76.2141,-69.7048,8.57,0,,,,,22,13.9,ok
TIC 69813320,337.328,-23.0315,8.57,0,,,,,3,4.5,ok
TIC 381975585,77.1285,-55.8224,8.57,0,,,,,2,3.3,ok
TIC 206561858,333.889,-19.6412,8.57,0,,,,,4,5.7,ok
TIC 140039144,328.9577,-48.9898,8.57,0,,,,,5,7.4,ok
TIC 230983365,24.7339,-58.5801,8.57,0,,72.1,rejete,variabilite_continue;eclipse_secondaire,4,8.0,ok
TIC 71334105,331.0693,-42.9901,8.57,0,,,,,5,7.3,ok
TIC 278867172,100.9624,-54.182,8.57,0,,,,,?,149.0,timeout
TIC 289938068,318.368,-24.8745,8.57,0,,,,,3,5.0,ok
TIC 304095431,27.024,-72.617,8.57,0,,,,,10,13.5,ok
TIC 304092156,26.4605,-75.8891,8.57,0,,,,,4,5.9,ok
TIC 281540786,6.5598,-59.788,8.57,0,,,,,7,10.0,ok
TIC 167694397,102.954,-65.6195,8.57,0,,,,,31,13.4,ok
TIC 144336624,356.2253,-47.3451,8.57,0,,,,,3,4.5,ok
TIC 55398886,70.4376,-65.9079,8.57,0,,,,,42,13.8,ok
TIC 206285518,352.9639,-53.8554,8.57,0,,,,,10,13.7,ok
TIC 302259141,320.1275,-24.4771,8.57,0,,,,,4,5.9,ok
TIC 206356201,355.8299,-52.106,8.57,0,,,,,12,13.2,ok
TIC 126821282,317.2814,-43.2755,8.57,0,,,,,5,7.4,ok
TIC 266905588,1.189,-73.147,8.58,0,,,,,8,11.2,ok
TIC 270356871,335.1712,-28.2329,8.58,0,,,,,3,4.9,ok
TIC 350618622,87.4018,-54.9103,8.58,0,,,,,37,13.3,ok
TIC 300271822,321.0615,-29.1715,8.58,0,,,,,4,5.7,ok
TIC 44565054,340.6756,-43.1836,8.58,0,,,,,5,7.2,ok
TIC 234507522,12.419,-61.1485,8.58,0,,,,,11,13.7,ok
TIC 152865111,345.4268,-38.249,8.58,0,,,,,3,4.2,ok
TIC 129648890,321.6011,-36.3072,8.58,0,,,,,2,3.2,ok
TIC 281658180,10.0307,-54.5986,8.58,0,,,,,8,11.0,ok
TIC 302300490,320.3583,-28.675,8.58,0,,,,,4,6.0,ok
TIC 38809518,6.9882,-70.2191,8.58,0,,,,,3,4.6,ok
