nom,RA,Dec,Tmag,n_candidats,periodes,snr_max,verdict_auto,raisons_auto,n_secteurs,secondes,status
TIC 139232635,346.7192,-43.5205,4.04,0,,,,,5,12.0,ok
TIC 234997609,350.7378,-60.0559,4.04,0,,,,,5,9.1,ok
TIC 278634692,333.9042,-41.3465,4.05,0,,,,,4,8.0,ok
TIC 184398869,29.2931,-47.3852,4.06,0,,,,,8,15.3,ok
TIC 152225810,312.4921,-33.7799,4.06,0,,,,,3,6.1,ok
TIC 199733788,22.3773,-46.7563,4.09,0,,,,,8,14.7,ok
TIC 166580852,312.8752,-51.6082,4.1,0,,,,,4,8.0,ok
TIC 394007775,329.4801,-54.9926,4.11,0,,,,,7,13.0,ok
TIC 62119727,290.6596,-44.4591,4.11,0,,,,,5,9.6,ok
TIC 230981234,24.187,-58.271,4.12,0,,,,,6,11.5,ok
TIC 61732312,289.0906,-45.466,4.13,0,,,,,5,9.8,ok
TIC 80015851,297.5587,-47.5575,4.14,0,,,,,5,10.0,ok
TIC 201234655,359.7331,-52.7453,4.15,0,,,,,10,19.1,ok
TIC 231622072,316.3096,-54.7273,4.16,0,,,,,6,11.9,ok
TIC 424986661,293.9883,-53.0084,4.17,0,,,,,5,9.6,ok
TIC 262529098,313.4179,-39.8106,4.23,0,,,,,4,9.2,ok
TIC 101780227,303.5796,-52.4462,4.24,0,,,,,4,8.1,ok
TIC 100708841,311.0116,-51.9214,4.27,0,,,,,4,7.8,ok
TIC 651236339,44.5679,-40.3046,4.29,0,,,,,3,6.7,ok
TIC 219323708,331.4634,-59.6365,4.31,0,,,,,10,18.1,ok
TIC 278664109,334.1105,-41.6273,4.31,0,,,,,3,11.1,ok
TIC 389471549,312.7531,-37.9135,4.31,0,,,,,3,10.6,ok
TIC 62189739,291.0898,-43.7221,4.35,0,,,,,5,9.5,ok
TIC 32354173,25.5353,-32.327,4.35,0,,,,,4,8.4,ok
TIC 165109591,323.0247,-41.1792,4.36,0,,,,,4,9.9,ok
TIC 281703963,10.8384,-57.463,4.37,0,,26.2,rejete,variabilite_continue;eclipse_secondaire,10,25.6,ok
TIC 44625967,341.4196,-46.5474,4.38,0,,,,,5,10.8,ok
TIC 79394646,319.9679,-53.4499,4.39,0,,,,,6,11.5,ok
TIC 142163992,36.7465,-47.7039,4.39,0,,,,,6,12.3,ok
TIC 178154701,42.6684,-35.6763,4.39,0,,,,,5,10.5,ok
TIC 115108198,316.6066,-41.3861,4.41,0,,,,,4,8.2,ok
TIC 161383245,345.2826,-50.95,4.42,0,,,,,7,13.3,ok
TIC 140497146,21.742,-32.5434,4.42,0,,,,,4,8.4,ok
TIC 128790255,300.1106,-43.0432,4.43,0,,,,,4,8.1,ok
TIC 140121699,57.685,-38.9817,4.44,0,,,,,3,7.0,ok
TIC 129479481,304.7334,-47.7108,4.48,0,,,,,3,6.0,ok
TIC 166713077,55.7919,-31.0193,4.49,0,,,,,1,2.6,ok
TIC 389198736,302.8039,-36.1128,4.49,0,,,,,3,6.1,ok
TIC 358232450,17.0965,-55.2455,4.5,0,,,,,5,9.7,ok
TIC 41863903,21.1701,-41.4928,4.51,0,,,,,6,11.1,ok
TIC 304989038,289.561,-50.4468,4.52,0,,,,,5,9.3,ok
TIC 441387330,310.0828,-33.4316,4.53,0,,,,,4,8.2,ok
TIC 123322772,30.3104,-30.0026,4.54,0,,,,,4,8.4,ok
TIC 144276313,353.7694,-42.6151,4.56,0,,,,,6,11.5,ok
TIC 211277570,299.9341,-35.2764,4.57,0,,,,,3,6.3,ok
TIC 41976025,23.2336,-36.8654,4.58,0,,,,,4,8.1,ok
TIC 142206468,38.7489,-42.1131,4.6,0,,,,,4,8.6,ok
TIC 161167878,339.1627,-48.3061,4.6,0,,,,,5,9.7,ok
TIC 166500725,305.0597,-50.7034,4.61,0,,,,,4,8.2,ok
TIC 102029734,15.7049,-46.3972,4.61,0,,,,,6,11.2,ok
TIC 142889216,51.89,-35.6813,4.62,0,,,,,3,6.7,ok
TIC 129649472,321.5969,-37.8295,4.63,0,,,,,4,8.1,ok
TIC 97508002,44.5245,-23.6056,4.63,0,,,,,3,6.7,ok
TIC 370109204,305.1348,-55.0511,4.64,0,,,,,6,11.2,ok
TIC 142268253,39.951,-42.8919,4.67,0,,,,,4,8.5,ok
TIC 144301739,354.4632,-45.4924,4.68,0,,,,,8,15.3,ok
TIC 166762393,56.9837,-30.1696,4.68,0,,,,,2,4.5,ok
TIC 219120679,340.2046,-57.4224,4.68,0,,,,,7,13.1,ok
TIC 115284458,26.8197,-41.7596,4.69,0,,,,,4,8.4,ok
TIC 389662055,323.3478,-44.8487,4.69,0,,,,,4,8.4,ok
TIC 79016952,315.1811,-53.7392,4.69,0,,,,,4,8.3,ok
TIC 146731630,45.733,-46.975,4.69,0,,,,,4,8.9,ok
TIC 159834975,320.1908,-40.8095,4.71,0,,,,,4,8.0,ok
TIC 259291108,336.2366,-57.8001,4.71,0,,,,,6,11.5,ok
TIC 319244608,351.3322,-56.8491,4.71,0,,,,,7,13.4,ok
TIC 403150483,334.0344,-57.5682,4.71,0,,,,,7,13.4,ok
TIC 92281021,50.3499,-23.6353,4.72,0,,,,,2,4.6,ok
TIC 290361108,305.4502,-40.7556,4.75,0,,,,,3,6.1,ok
TIC 300550436,299.0443,-38.3267,4.75,0,,,,,4,8.2,ok
TIC 155996406,7.8557,-48.8034,4.76,0,,,,,5,10.1,ok
TIC 129766612,35.7774,-37.5764,4.76,0,,,,,4,9.0,ok
TIC 389610795,312.1233,-43.9893,4.77,0,,,,,3,6.7,ok
TIC 7219876,32.2882,-43.517,4.78,0,,,,,4,9.0,ok
TIC 231709307,351.8132,-58.4756,4.78,0,,,,,6,12.4,ok
TIC 175375523,348.7453,-41.1062,4.79,0,,,,,5,10.4,ok
TIC 62348907,291.6732,-46.579,4.8,0,,,,,5,10.2,ok
TIC 389751797,350.9395,-43.1243,4.8,0,,,,,6,13.5,ok
TIC 231267777,334.5705,-53.6317,4.82,0,,,,,7,15.4,ok
TIC 159672173,318.2646,-39.4258,4.83,0,,,,,4,9.4,ok
TIC 140072112,57.1502,-37.6202,4.84,0,,,,,2,5.3,ok
TIC 234293880,357.4928,-61.1353,4.85,0,,,,,8,18.3,ok
TIC 72586907,31.1227,-29.2967,4.85,0,,,,,4,9.8,ok
TIC 290519412,306.4487,-40.7968,4.86,0,,,,,3,7.2,ok
TIC 234497281,10.6787,-60.2632,4.87,0,,,,,10,21.6,ok
TIC 281763691,12.4841,-57.3862,4.87,0,,,,,?,155.9,timeout
TIC 166853853,40.6433,-50.7987,4.88,0,,,,,6,12.9,ok
TIC 122541607,39.0385,-30.045,4.88,0,,,,,4,8.6,ok
TIC 197980430,326.0756,-55.4733,4.89,0,,,,,9,17.1,ok
TIC 369666165,12.6723,-50.9865,4.89,0,,,,,4,7.8,ok
TIC 160070294,345.9986,-41.4785,4.89,0,,,,,6,12.2,ok
TIC 214659089,340.8763,-40.129,4.9,0,,,,,4,7.7,ok
TIC 159734053,318.9452,-36.2108,4.9,0,,,,,2,4.4,ok
TIC 115015109,315.7412,-38.6322,4.91,0,,,,,4,8.3,ok
TIC 219140650,342.5043,-55.2342,4.91,0,,,,,5,10.2,ok
TIC 278509633,303.9612,-30.0052,4.92,0,,,,,4,8.1,ok
TIC 62020670,290.252,-45.374,4.93,0,,,,,5,9.7,ok
TIC 308209899,11.0527,-38.4208,4.93,0,,,,,5,9.7,ok
TIC 321908941,0.2689,-48.8099,4.93,0,,,,,7,13.5,ok
TIC 115011683,315.6147,-38.5322,4.96,0,,,,,4,8.0,ok
TIC 231005905,24.9527,-56.1932,4.96,0,,,,,3,6.3,ok
TIC 424856699,291.2915,-51.1008,4.97,0,,,,,5,9.5,ok
TIC 326262576,43.3978,-22.3769,4.98,0,,,,,3,6.7,ok
TIC 425904893,359.7691,-56.5757,4.98,0,,,,,11,18.6,ok
TIC 316934780,356.08,-54.4361,5.0,0,,,,,10,19.0,ok
TIC 406123721,286.9244,-48.5748,5.01,0,,,,,5,10.0,ok
TIC 139349673,349.1658,-44.4892,5.02,0,,,,,6,11.4,ok
TIC 147407292,327.0674,-47.3058,5.02,0,,,,,4,8.8,ok
TIC 122506121,38.2791,-34.6501,5.03,0,,,,,4,8.7,ok
TIC 42056775,24.6144,-36.5291,5.04,0,,,,,4,8.2,ok
TIC 65291439,38.4611,-28.2324,5.04,0,,,,,4,18.0,ok
TIC 197951792,346.7894,-49.6061,5.04,0,,,,,8,15.1,ok
TIC 229142326,26.5277,-53.5216,5.05,0,,,,,7,13.2,ok
TIC 231005052,24.9523,-56.1964,5.06,0,,,,,3,6.1,ok
TIC 80418008,9.9669,-44.7962,5.07,0,,,,,5,9.7,ok
TIC 165880227,1.3666,-42.8874,5.07,0,,,,,5,9.5,ok
TIC 160070136,345.9276,-40.817,5.08,0,,,,,5,10.0,ok
TIC 138740189,33.6329,-41.1669,5.09,0,,,,,3,6.5,ok
TIC 156016477,8.9221,-48.0017,5.09,0,,,,,4,7.8,ok
TIC 139730235,323.3233,-52.7379,5.09,0,,,,,7,13.5,ok
TIC 126916326,318.3728,-47.5507,5.09,0,,,,,4,7.8,ok
TIC 300787049,300.0666,-37.7017,5.09,0,,,,,3,6.0,ok
TIC 91529289,37.0073,-33.811,5.09,0,,,,,4,8.9,ok
TIC 144598569,53.1111,-25.6586,5.1,0,,,,,1,2.5,ok
TIC 290322019,305.1937,-36.8529,5.11,0,,,,,3,6.2,ok
TIC 88405751,45.4091,-28.0948,5.11,0,,,,,3,6.9,ok
TIC 423763376,51.5939,-27.3171,5.11,0,,,,,2,4.3,ok
TIC 129108435,302.2665,-47.0684,5.12,0,,,,,5,9.7,ok
TIC 129376321,303.8685,-44.4105,5.12,0,,,,,2,4.2,ok
TIC 159746875,319.2828,-38.8758,5.12,0,,,,,4,7.8,ok
TIC 156003229,8.6187,-52.3728,5.12,0,,,,,4,8.1,ok
TIC 61692011,288.6653,-45.1938,5.12,0,,,,,5,9.4,ok
TIC 175400332,349.5424,-40.8253,5.12,0,,,,,6,11.5,ok
TIC 354654467,25.0267,-48.7612,5.12,0,,,,,8,15.5,ok
TIC 140074174,57.3395,-36.0925,5.12,0,,,,,1,2.4,ok
TIC 144002706,336.4427,-49.8259,5.13,0,,,,,6,11.6,ok
TIC 382525675,14.965,-49.7506,5.14,0,,,,,4,8.1,ok
TIC 111363395,31.5598,-39.539,5.14,0,,,,,4,8.5,ok
TIC 355476572,351.653,-52.7207,5.14,0,,,,,8,14.7,ok
TIC 159690250,318.3293,-36.4235,5.14,0,,,,,2,4.4,ok
TIC 209405817,44.7557,-34.1891,5.15,0,,,,,5,10.4,ok
TIC 129646354,321.3683,-41.702,5.15,0,,,,,4,8.4,ok
TIC 281597433,8.8892,-54.8222,5.15,0,,,,,8,15.2,ok
TIC 166700241,55.5621,-31.9383,5.15,0,,,,,1,2.4,ok
TIC 401986701,352.8628,-44.8437,5.15,0,,,,,8,15.5,ok
TIC 115378668,28.3478,-38.5944,5.15,0,,,,,3,6.9,ok
TIC 122542393,39.1924,-35.829,5.16,0,,,,,5,10.2,ok
TIC 178153166,42.5621,-35.8435,5.16,0,,,,,6,11.8,ok
TIC 142977105,53.6401,-31.8748,5.16,0,,,,,2,4.2,ok
TIC 89004350,337.9936,-43.5481,5.16,0,,,,,4,7.9,ok
TIC 32268449,23.711,-31.8926,5.17,0,,,,,4,8.4,ok
TIC 64144847,40.4895,-22.6063,5.17,0,,,,,3,6.8,ok
TIC 229099027,28.5915,-42.4971,5.17,0,,,,,4,8.8,ok
TIC 211278117,299.965,-34.6983,5.17,0,,,,,3,6.1,ok
TIC 197989685,335.1515,-57.5098,5.17,0,,,,,6,11.5,ok
TIC 234968549,349.2431,-62.0014,5.17,0,,,,,7,13.5,ok
TIC 211305389,300.0855,-33.7056,5.18,0,,,,,2,4.2,ok
TIC 155895864,4.0318,-48.5558,5.18,0,,,,,6,12.1,ok
TIC 122555698,39.244,-34.5799,5.18,0,,,,,5,10.5,ok
TIC 219327907,333.5111,-57.2185,5.19,0,,,,,7,13.5,ok
TIC 257722735,37.1473,-31.1026,5.19,0,,,,,3,6.6,ok
TIC 144335025,356.0089,-45.0831,5.2,0,,,,,8,15.6,ok
TIC 80431620,11.442,-47.5514,5.21,0,,,,,5,10.2,ok
TIC 197691162,329.6252,-41.721,5.21,0,,,,,4,8.0,ok
TIC 291111335,309.7983,-37.93,5.21,0,,,,,1,2.7,ok
TIC 181164331,16.6155,-39.8561,5.21,0,,,,,5,9.7,ok
TIC 143896271,332.4919,-48.1081,5.22,0,,,,,3,6.0,ok
TIC 235004484,351.7899,-62.7371,5.22,0,,,,,7,14.0,ok
TIC 308226686,40.5277,-38.3836,5.22,0,,,,,5,10.3,ok
TIC 234293501,357.437,-62.8397,5.23,0,,,,,5,10.1,ok
TIC 197572805,326.1236,-38.5537,5.23,0,,,,,3,6.6,ok
TIC 65479645,42.4619,-24.5613,5.23,0,,,,,3,6.8,ok
TIC 44565276,340.6799,-44.2478,5.24,0,,,,,3,6.1,ok
TIC 159732098,318.8109,-40.506,5.24,0,,,,,4,8.1,ok
TIC 299936884,296.8824,-41.1793,5.25,0,,,,,2,4.6,ok
TIC 389757979,1.5864,-49.0755,5.25,0,,,,,7,13.3,ok
TIC 97507956,44.3498,-23.8624,5.25,0,,,,,3,6.9,ok
TIC 92249151,49.3225,-23.5202,5.25,0,,,,,1,2.7,ok
TIC 265612457,333.2347,-55.9451,5.25,0,,,,,6,11.5,ok
TIC 166833382,58.4126,-34.7323,5.25,0,,,,,2,4.3,ok
TIC 88379311,44.7771,-28.9076,5.26,0,,,,,3,7.0,ok
TIC 340784974,33.8551,-41.0688,5.26,0,,,,,3,6.9,ok
TIC 88532487,48.4082,-29.8042,5.26,0,,,,,3,6.9,ok
TIC 92141259,333.896,-44.4515,5.26,0,,,,,3,6.1,ok
TIC 129083414,302.3426,-47.171,5.27,0,,,,,5,9.5,ok
TIC 101311910,300.1047,-49.351,5.27,0,,,,,5,9.6,ok
TIC 316968340,356.7136,-55.8094,5.27,0,,,,,8,16.2,ok
TIC 382420372,335.7857,-45.9289,5.28,0,,,,,4,8.4,ok
TIC 7146534,4.6778,-43.2356,5.28,0,,,,,5,9.9,ok
TIC 401867535,26.908,-46.2573,5.28,0,,,,,9,18.3,ok
TIC 168727902,62.5143,-34.4975,5.29,0,,,,,?,0.7,erreur
TIC 215336148,42.7759,-40.9632,5.29,0,,,,,5,10.6,ok
TIC 79405480,320.3191,-49.9394,5.29,0,,,,,6,12.9,ok
TIC 197980131,325.978,-54.5,5.29,0,,,,,9,17.5,ok
TIC 144386393,357.2328,-46.8421,5.29,0,,,,,6,11.7,ok
TIC 199729842,21.1745,-44.5287,5.3,0,,,,,8,14.8,ok
TIC 140476743,20.8219,-33.548,5.3,0,,,,,4,8.6,ok
TIC 147113185,321.7563,-42.5478,5.3,0,,,,,4,8.0,ok
TIC 70525154,33.2271,-30.7238,5.3,0,,,,,4,8.5,ok
TIC 79015105,315.0885,-51.2643,5.3,0,,,,,6,12.0,ok
TIC 155991217,7.6102,-48.2156,5.3,0,,,,,6,11.6,ok
TIC 161267453,341.6733,-51.0503,5.31,0,,,,,6,11.9,ok
TIC 32433365,27.3317,-31.0726,5.31,0,,,,,4,8.6,ok
TIC 34463960,305.2166,-35.6735,5.31,0,,,,,3,6.3,ok
TIC 88380516,44.9022,-25.2735,5.32,0,,,,,3,6.8,ok
TIC 355509477,15.5077,-57.0023,5.32,0,,,,,8,15.5,ok
TIC 355333839,297.2297,-52.8885,5.32,0,,,,,5,9.8,ok
TIC 160196569,27.5854,-47.816,5.32,0,,,,,8,15.7,ok
TIC 139485032,36.0841,-25.8473,5.33,0,,,,,4,8.6,ok
TIC 155985198,7.1815,-50.5329,5.34,0,,,,,6,11.8,ok
TIC 142868366,50.9361,-32.7071,5.34,0,,,,,3,6.6,ok
TIC 7147484,4.8356,-46.499,5.35,0,,,,,4,7.7,ok
TIC 129278622,303.3849,-47.7136,5.35,0,,,,,4,7.6,ok
TIC 197643062,328.5924,-41.2662,5.36,0,,,,,2,4.5,ok
TIC 220017951,32.6328,-50.819,5.36,0,,,,,8,16.2,ok
TIC 144301755,354.458,-45.5689,5.36,0,,,,,8,15.2,ok
TIC 206362352,356.8168,-50.2266,5.36,0,,,,,10,19.1,ok
TIC 281667171,10.1198,-59.4513,5.37,0,,,,,10,19.3,ok
TIC 122556844,39.5786,-30.1946,5.37,0,,,,,4,8.9,ok
TIC 77112042,34.8533,-41.8482,5.37,0,,,,,4,8.4,ok
TIC 65452015,42.4762,-27.9418,5.38,0,,,,,2,4.3,ok
TIC 79111499,316.0592,-50.4355,5.38,0,,,,,6,12.3,ok
TIC 101589406,302.0681,-53.5503,5.38,0,,,,,5,9.6,ok
TIC 166762313,56.7536,-30.0556,5.39,0,,,,,2,4.5,ok
TIC 49618099,38.062,-36.4272,5.39,0,,,,,3,5.9,ok
TIC 140072113,57.1484,-37.6221,5.39,0,,,,,2,4.7,ok
TIC 166779441,57.5692,-32.2853,5.4,0,,,,,2,4.5,ok
TIC 229097168,19.684,-43.3329,5.4,0,,,,,7,13.5,ok
TIC 139258210,347.4857,-42.8614,5.4,0,,,,,6,12.0,ok
TIC 219120579,340.3142,-57.0282,5.4,0,,,,,5,9.8,ok
TIC 219338027,354.5521,-56.4511,5.4,0,,,,,8,15.5,ok
TIC 147206199,323.5712,-42.9247,5.41,0,,,,,4,8.0,ok
TIC 159670453,318.0577,-40.271,5.41,0,,,,,5,10.1,ok
TIC 389310059,310.7209,-39.5589,5.42,0,,,,,3,6.3,ok
TIC 394125166,348.5351,-62.7031,5.42,0,,,,,5,9.6,ok
TIC 355587549,325.1407,-55.7379,5.42,0,,,,,10,19.1,ok
TIC 291210674,352.2538,-44.4982,5.43,0,,,,,7,13.4,ok
TIC 166654885,314.0353,-53.8826,5.43,0,,,,,4,8.0,ok
TIC 91451212,313.941,-44.5758,5.44,0,,,,,5,10.0,ok
TIC 120428555,0.3207,-41.4877,5.44,0,,,,,4,7.9,ok
TIC 393483049,35.5496,-43.1995,5.44,0,,,,,3,6.7,ok
TIC 278614418,333.6667,-41.3876,5.45,0,,,,,4,8.2,ok
TIC 381915829,350.8417,-55.5535,5.45,0,,,,,8,15.4,ok
TIC 389610711,312.0778,-44.1972,5.45,0,,,,,3,6.1,ok
TIC 139679488,322.2515,-53.7061,5.46,0,,,,,9,17.5,ok
TIC 425819615,305.9715,-42.4226,5.46,0,,,,,3,6.2,ok
TIC 139878414,326.3289,-49.4984,5.46,0,,,,,5,9.9,ok
TIC 88481036,47.1565,-26.4463,5.47,0,,,,,1,3.1,ok
TIC 100669012,310.5066,-50.2629,5.47,0,,,,,4,8.1,ok
TIC 161265576,341.6189,-49.6878,5.48,0,,,,,7,13.7,ok
TIC 115318198,26.949,-37.1593,5.48,0,,,,,4,8.3,ok
TIC 122504826,38.048,-32.6064,5.48,0,,,,,4,8.6,ok
TIC 44577692,340.6538,-47.2133,5.49,0,,,,,5,9.9,ok
TIC 80470539,12.2362,-46.6975,5.5,0,,,,,5,9.9,ok
TIC 128842562,300.6509,-45.196,5.5,0,,,,,4,8.4,ok
TIC 271282342,292.3502,-43.446,5.5,0,,,,,5,10.1,ok
TIC 382299907,324.0969,-40.3303,5.5,0,,,,,4,8.3,ok
TIC 41898588,21.7425,-41.7475,5.5,0,,,,,6,11.4,ok
TIC 126819791,317.3009,-46.7679,5.51,0,,,,,4,8.9,ok
TIC 215480963,43.3939,-38.4367,5.51,0,,,,,6,12.1,ok
TIC 123318675,29.6113,-33.067,5.51,0,,,,,1,2.4,ok
TIC 183984086,358.6645,-40.2998,5.51,0,,,,,4,8.0,ok
TIC 128791834,300.2013,-45.1129,5.51,0,,,,,3,6.3,ok
TIC 146732878,45.9803,-43.8979,5.52,0,,,,,5,10.3,ok
TIC 42013785,23.9953,-36.4537,5.52,0,,,,,4,8.5,ok
TIC 101431588,301.0136,-51.2125,5.53,0,,,,,5,9.8,ok
TIC 7244910,32.9761,-47.1707,5.53,0,,,,,6,12.2,ok
TIC 115349676,27.86,-39.8361,5.53,0,,,,,3,7.4,ok
TIC 158622711,22.5814,-52.4937,5.53,0,,,,,6,12.1,ok
TIC 91190426,310.517,-46.4002,5.53,0,,,,,3,6.2,ok
TIC 406345664,328.7982,-61.8873,5.53,0,,,,,11,19.0,ok
TIC 224224681,352.9652,-41.7523,5.53,0,,,,,5,10.7,ok
TIC 402026857,353.4675,-45.0501,5.54,0,,,,,8,15.1,ok
TIC 281637751,9.3269,-54.3938,5.54,0,,,,,8,14.8,ok
TIC 7222091,32.5206,-43.8156,5.54,0,,,,,4,8.3,ok
TIC 144048277,337.1253,-51.7881,5.54,0,,,,,7,13.9,ok
TIC 88338008,43.854,-25.9334,5.54,0,,,,,3,7.0,ok
TIC 139131968,344.1989,-47.9692,5.55,0,,,,,6,11.7,ok
TIC 79283165,318.9416,-53.2632,5.55,0,,31.5,rejete,variabilite_continue;eclipse_secondaire,6,15.1,ok
TIC 32307244,24.8398,-33.5648,5.55,0,,,,,4,9.1,ok
TIC 281638019,9.404,-55.6602,5.55,0,,,,,9,17.0,ok
TIC 394008336,329.5267,-56.7058,5.56,0,,,,,8,14.9,ok
TIC 41861271,20.7603,-37.7024,5.56,0,,,,,3,6.4,ok
TIC 41955938,22.2074,-36.8331,5.56,0,,,,,4,8.2,ok
TIC 290597544,306.7831,-38.993,5.56,0,,,,,1,2.4,ok
TIC 229092982,19.0496,-42.0099,5.56,0,,,,,6,12.1,ok
TIC 401912252,52.4792,-42.6343,5.56,0,,,,,5,11.3,ok
TIC 71446375,47.6478,-23.7384,5.56,0,,,,,2,4.3,ok
TIC 100794584,311.6132,-50.8057,5.56,0,,,,,4,8.1,ok
TIC 128917793,301.2827,-46.0971,5.57,0,,,,,4,7.7,ok
TIC 91010657,308.5693,-43.4485,5.57,0,,,,,3,6.0,ok
TIC 144460668,0.0801,-44.2913,5.57,0,,,,,6,13.8,ok
TIC 143028361,54.5413,-31.2994,5.57,0,,,,,2,4.5,ok
TIC 320964222,324.9759,-37.9868,5.57,0,,,,,4,8.0,ok
TIC 34802109,307.137,-34.4098,5.57,0,,,,,3,6.1,ok
TIC 166425461,298.5565,-49.4618,5.58,0,,,,,4,7.9,ok
TIC 115175339,316.9777,-41.6374,5.58,0,,,,,4,7.9,ok
TIC 32396858,26.1534,-34.4062,5.58,0,,,,,2,4.7,ok
TIC 129782156,36.1434,-40.8397,5.58,0,,,,,3,6.6,ok
TIC 369457005,311.5841,-39.1995,5.59,0,,,,,5,9.9,ok
TIC 290593125,306.7183,-37.4038,5.59,0,,,,,2,4.3,ok
TIC 175397925,349.2074,-41.1943,5.59,0,,,,,5,9.6,ok
TIC 218987651,42.4478,-20.2459,5.6,0,,,,,3,6.9,ok
TIC 166467008,298.8695,-53.9473,5.6,0,,,,,5,9.7,ok
TIC 421438914,293.3399,-45.272,5.6,0,,,,,5,9.7,ok
TIC 370325449,341.5194,-55.0636,5.6,0,,,,,7,14.6,ok
TIC 206539520,17.5306,-57.6952,5.61,0,,,,,8,15.4,ok
TIC 231712871,352.3207,-54.5013,5.61,0,,,,,8,15.4,ok
TIC 144398601,357.6486,-47.3767,5.61,0,,,,,6,12.1,ok
TIC 144482357,49.5121,-28.7972,5.62,0,,,,,2,4.2,ok
TIC 49593774,37.0676,-36.3407,5.62,0,,,,,4,8.4,ok
TIC 355336604,297.1963,-49.5249,5.62,0,,,,,5,10.1,ok
TIC 88337888,43.8738,-25.3051,5.62,0,,,,,3,6.8,ok
TIC 129579498,305.615,-42.0502,5.62,0,,,,,3,6.4,ok
TIC 2027471967,333.6643,-41.3851,5.62,0,,,,,0,4.2,aucune_donnee
TIC 229159785,29.2541,-51.7644,5.62,0,,,,,7,13.8,ok
TIC 281668790,10.4445,-56.5009,5.63,0,,,,,?,1016.4,timeout
TIC 71351260,45.2018,-20.6937,5.63,0,,,,,2,5.3,ok
TIC 122608292,40.4142,-30.0609,5.63,0,,,,,4,8.6,ok
TIC 231273588,41.2357,-48.6697,5.63,0,,,,,2,5.1,ok
TIC 116156578,7.6226,-39.5191,5.63,0,,,,,6,12.1,ok
TIC 350222730,355.9572,-61.7299,5.64,0,,,,,7,13.8,ok
TIC 166790495,57.6445,-30.6901,5.64,0,,,,,2,4.6,ok
TIC 122575441,40.0102,-30.6341,5.64,0,,,,,4,8.5,ok
TIC 139825840,324.9986,-52.359,5.64,0,,79.4,rejete,eclipse_secondaire;compagnon_trop_gros_16.8Rjup,6,18.4,ok
TIC 201289521,2.2606,-54.0018,5.64,0,,,,,10,19.5,ok
TIC 308265697,51.8957,-39.8806,5.65,0,,,,,5,10.6,ok
TIC 229804573,329.6255,-59.012,5.65,0,,,,,8,15.6,ok
TIC 323283392,52.5565,-41.3712,5.65,0,,,,,?,1.6,erreur
TIC 206652823,23.8166,-58.1397,5.65,0,,,,,6,12.4,ok
TIC 139091614,319.6143,-47.0027,5.65,0,,,,,3,6.1,ok
TIC 469944932,341.9894,-58.6848,5.65,0,,,,,6,11.5,ok
TIC 72748794,34.742,-25.9424,5.65,0,,,,,3,6.7,ok
TIC 322008555,2.9827,-42.1725,5.65,0,,,,,6,11.9,ok
TIC 114790360,304.062,-41.4786,5.65,0,,,,,3,7.6,ok
TIC 156084350,11.2526,-53.7149,5.66,0,,,,,6,12.5,ok
TIC 161173191,339.8676,-50.6815,5.66,0,,,,,6,11.8,ok
TIC 80430415,11.2368,-42.6773,5.66,0,,,,,5,9.9,ok
TIC 111243506,30.117,-41.7757,5.66,0,,,,,4,8.9,ok
TIC 300277685,297.9424,-37.3368,5.67,0,,,,,3,7.0,ok
TIC 92302981,50.5683,-21.1003,5.67,0,,,,,2,6.9,ok
TIC 158549631,20.353,-50.937,5.67,0,,,,,6,13.3,ok
TIC 123270975,29.1445,-32.1383,5.68,0,,,,,4,9.8,ok
TIC 80337213,8.6049,-45.4257,5.68,0,,,,,4,9.1,ok
TIC 355738164,1.9025,-62.3151,5.68,0,,,,,9,25.3,ok
TIC 147425848,327.5082,-47.7252,5.68,0,,,,,4,10.5,ok
TIC 129479892,304.8265,-47.5816,5.68,0,,,,,3,8.9,ok
TIC 166578055,305.4219,-50.7769,5.68,0,,,,,3,8.2,ok
TIC 231053750,30.0713,-55.0128,5.68,0,,,,,7,15.7,ok
TIC 281727592,11.6473,-58.0485,5.69,0,,,,,9,21.9,ok
TIC 183595451,18.1901,-37.8567,5.69,0,,,,,4,10.8,ok
TIC 115943849,7.3466,-40.6655,5.69,0,,,,,6,14.6,ok
TIC 137862246,48.2514,-20.0265,5.7,0,,,,,2,6.7,ok
TIC 322052313,13.9709,-53.1929,5.7,0,,,,,6,14.3,ok
TIC 142306008,41.3196,-46.287,5.7,0,,,,,3,11.1,ok
TIC 180444482,15.1475,-36.2383,5.7,0,,,,,5,13.4,ok
TIC 79104313,315.881,-52.8891,5.71,0,,,,,6,17.9,ok
TIC 158507202,294.8696,-52.8569,5.71,0,,,,,5,15.7,ok
TIC 147407408,327.1324,-46.9142,5.71,0,,,,,?,1021.5,timeout
TIC 114916975,314.9997,-36.1301,5.71,0,,,,,?,277.8,timeout
TIC 140041127,329.0146,-52.464,5.71,0,,,,,6,12.4,ok
TIC 237324472,345.4798,-63.0853,5.71,0,,,,,8,15.7,ok
TIC 299744422,296.1156,-41.6092,5.71,0,,,,,3,6.1,ok
TIC 79513950,322.0444,-52.3024,5.71,0,,,,,7,13.6,ok
TIC 143359172,294.0363,-46.1516,5.72,0,,,,,5,9.9,ok
TIC 142976476,53.4864,-31.0796,5.72,0,,,,,2,4.4,ok
TIC 80087110,298.0264,-45.6529,5.72,0,,,,,3,6.2,ok
TIC 152972531,48.1078,-44.4198,5.72,0,,,,,5,10.5,ok
TIC 91541563,36.9972,-30.4411,5.72,0,,,,,2,4.5,ok
TIC 389727478,349.9991,-47.5401,5.72,0,,,,,7,14.7,ok
TIC 115272975,25.5122,-36.8324,5.73,0,,,,,4,8.8,ok
TIC 387190281,303.8701,-54.608,5.73,0,,,,,5,10.1,ok
TIC 155940286,5.5895,-50.9921,5.73,0,,,,,6,11.9,ok
TIC 394586941,341.0687,-60.4995,5.73,0,,,,,5,9.9,ok
TIC 393964386,352.6417,-41.9894,5.73,0,,,,,5,9.7,ok
TIC 214874883,341.7882,-41.6918,5.73,0,,,,,4,8.3,ok
TIC 389587930,311.8487,-45.8546,5.73,0,,,,,3,6.3,ok
TIC 166578417,305.4169,-50.0013,5.73,0,,,,,3,6.5,ok
TIC 91591144,44.2018,-35.3778,5.73,0,,,,,5,10.8,ok
TIC 382180510,304.4318,-39.1129,5.74,0,,,,,3,6.3,ok
TIC 234988643,349.5041,-61.0043,5.74,0,,,,,5,10.1,ok
TIC 219989778,30.5639,-49.4093,5.74,0,,,,,8,16.5,ok
TIC 322512633,43.3259,-22.0909,5.74,0,,,,,2,4.9,ok
TIC 158342117,288.7535,-48.9626,5.74,0,,,,,5,9.8,ok
TIC 114950426,315.2219,-36.0535,5.75,0,,,,,4,8.1,ok
TIC 88244980,332.8637,-43.8424,5.75,0,,,,,4,8.7,ok
TIC 231693006,321.5643,-54.6602,5.75,0,,,,,8,15.4,ok
TIC 281779224,12.8486,-59.6295,5.75,0,,,,,10,19.4,ok
TIC 166787777,38.4774,-51.0938,5.75,0,,,,,7,15.1,ok
TIC 166698220,35.7281,-51.0916,5.75,0,,,,,8,16.0,ok
TIC 422044019,301.8964,-55.0158,5.75,0,,,,,5,10.1,ok
TIC 355425084,350.2096,-50.3071,5.76,1,3.4267,49.8,rejete,eclipse_secondaire,6,15.0,ok
TIC 88347117,44.3036,-29.8553,5.76,0,,,,,4,9.1,ok
TIC 389726852,329.6458,-44.063,5.76,0,,,,,2,4.4,ok
TIC 262471410,313.4163,-36.1964,5.76,0,,,,,1,2.4,ok
TIC 139114943,319.8355,-47.0549,5.76,0,,,,,4,8.5,ok
TIC 165145322,46.6406,-39.78,5.77,0,,,,,5,10.3,ok
TIC 7084946,286.1668,-48.4041,5.77,0,,,,,4,8.1,ok
TIC 129178510,302.8159,-43.6623,5.77,0,,,,,2,4.3,ok
TIC 278564051,333.1246,-40.2036,5.77,0,,,,,4,8.1,ok
TIC 79281046,318.7586,-49.0976,5.77,0,,,,,5,10.2,ok
TIC 215113338,342.8347,-41.5821,5.78,0,,,,,4,8.2,ok
TIC 370205754,314.0146,-58.3585,5.78,0,,,,,7,13.7,ok
TIC 229150702,27.7263,-50.2062,5.78,1,1.5297,10.4,rejete,variabilite_continue;eclipse_secondaire,7,17.7,ok
TIC 197951576,346.8111,-50.6869,5.79,0,,,,,7,13.8,ok
TIC 144386207,357.2011,-47.6501,5.79,0,,,,,7,13.5,ok
TIC 115271591,25.3643,-38.1324,5.8,0,,,,,4,8.4,ok
TIC 65416379,41.0922,-29.2065,5.8,0,,,,,5,10.6,ok
TIC 123404506,32.237,-31.7455,5.8,0,,,,,3,6.7,ok
TIC 235007556,352.2547,-63.1108,5.8,0,,,,,7,13.9,ok
TIC 381912636,323.0032,-58.8152,5.81,0,,,,,5,10.1,ok
TIC 235043302,354.683,-62.8855,5.81,0,,,,,6,11.5,ok
TIC 206550614,18.7521,-55.6326,5.81,0,,,,,4,8.4,ok
TIC 166284611,295.6395,-50.6676,5.81,0,,,,,5,9.8,ok
TIC 180551159,15.3919,-38.2154,5.81,0,,,,,6,11.8,ok
TIC 325691177,56.6143,-29.3381,5.82,0,,,,,2,4.3,ok
TIC 70552338,33.2171,-34.5387,5.82,0,,,,,4,8.1,ok
TIC 424878286,291.4815,-49.8435,5.82,0,,,,,4,8.1,ok
TIC 394595576,341.1558,-62.5486,5.83,0,,,,,9,17.3,ok
TIC 129636548,321.1037,-41.0067,5.83,0,,16.1,rejete,variabilite_continue;eclipse_secondaire,4,11.5,ok
TIC 201175966,357.7544,-48.6595,5.83,0,,,,,7,13.9,ok
TIC 207085716,23.1512,-49.7283,5.83,0,,,,,7,13.5,ok
TIC 113583603,293.5354,-40.0347,5.84,0,,,,,2,4.3,ok
TIC 41861079,20.6799,-36.5967,5.84,0,,,,,1,2.5,ok
TIC 237338062,347.7952,-63.1901,5.84,0,,,,,6,11.7,ok
TIC 155942035,5.9321,-49.3578,5.84,0,,,,,6,11.8,ok
TIC 290591466,306.6091,-37.1092,5.84,0,,,,,3,6.4,ok
TIC 140493740,21.1688,-34.1396,5.84,0,,,,,4,8.7,ok
TIC 144334942,355.9756,-45.463,5.84,0,,,,,7,13.3,ok
TIC 146246251,34.3343,-35.9826,5.84,0,,,,,4,8.5,ok
TIC 114988852,315.461,-36.5742,5.85,0,,,,,4,8.2,ok
TIC 159895008,48.3158,-41.3798,5.85,0,,,,,5,10.2,ok
TIC 176779461,48.1301,-32.3965,5.85,0,,,,,3,7.0,ok
TIC 220506705,346.9595,-56.1433,5.85,0,,,,,5,9.7,ok
TIC 129139856,302.6634,-46.7355,5.85,0,,,,,4,7.5,ok
TIC 146250001,34.9175,-33.6195,5.86,0,,,,,4,8.6,ok
TIC 64105644,39.4351,-22.9916,5.86,0,,,,,4,8.8,ok
TIC 144331653,355.7745,-46.312,5.86,0,,,,,8,16.0,ok
TIC 139697052,322.1501,-52.2597,5.86,0,,,,,6,11.7,ok
TIC 354899658,300.9003,-37.5292,5.86,0,,,,,2,4.3,ok
TIC 393977332,322.7515,-56.8847,5.86,0,,,,,9,17.9,ok
TIC 138734144,33.3244,-36.0612,5.86,0,,,,,2,5.0,ok
TIC 121475272,343.1101,-45.9917,5.87,0,,,,,3,5.9,ok
TIC 116157537,7.6159,-40.9395,5.87,0,,,,,6,11.6,ok
TIC 115347503,27.4536,-38.4007,5.87,0,,,,,3,6.9,ok
TIC 139482969,35.8473,-26.9958,5.87,0,,,,,2,5.3,ok
TIC 165064829,322.3076,-41.416,5.88,0,,,,,3,6.3,ok
TIC 469933721,350.9781,-53.809,5.88,0,,,,,8,15.6,ok
TIC 72644360,32.4288,-29.0069,5.88,0,,,,,2,5.2,ok
TIC 197572123,326.2501,-40.7433,5.88,0,,,,,4,8.1,ok
TIC 92361481,52.4545,-22.5053,5.88,0,,,,,1,2.5,ok
TIC 147285823,324.9667,-43.132,5.88,0,,,,,4,7.9,ok
TIC 32284043,24.2035,-32.2972,5.89,0,,,,,3,7.2,ok
TIC 214203655,339.2456,-40.5915,5.89,0,,,,,4,8.0,ok
TIC 322737077,37.6558,-31.2781,5.89,0,,,,,2,5.3,ok
TIC 278454368,303.6192,-35.8369,5.89,0,,,,,3,6.4,ok
TIC 441315390,308.6763,-34.2946,5.89,0,,,,,3,6.2,ok
TIC 144504128,50.1887,-26.6063,5.89,0,,,,,1,2.6,ok
TIC 70552979,33.3772,-33.3352,5.9,0,,,,,3,6.8,ok
TIC 280794284,359.3342,-62.9564,5.9,0,,,,,8,17.1,ok
TIC 126914484,318.4528,-43.1302,5.9,0,,,,,4,8.7,ok
TIC 61856320,289.5041,-45.6244,5.9,0,,,,,5,9.7,ok
TIC 139756492,323.7186,-51.8277,5.91,0,,,,,7,13.7,ok
TIC 178155732,42.9854,-30.8137,5.91,0,,,,,?,1027.8,timeout
TIC 61458992,287.9221,-46.8811,5.92,0,,,,,?,143.4,timeout
TIC 290422635,306.0035,-41.7956,5.92,0,,,,,3,6.5,ok
TIC 121487860,343.3153,-45.1478,5.92,0,,,,,4,8.1,ok
TIC 139282432,347.8382,-42.9778,5.92,0,,,,,6,12.4,ok
TIC 166932528,60.1698,-30.4907,5.92,1,4.1054,11.5,rejete,variabilite_continue;eclipse_secondaire,3,9.1,ok
TIC 197593829,326.8939,-37.9522,5.92,0,,,,,3,6.1,ok
TIC 62227239,291.2328,-44.1949,5.93,0,,,,,5,9.7,ok
TIC 160220653,27.8606,-45.4712,5.93,0,,,,,8,16.4,ok
TIC 143029733,54.676,-35.2041,5.93,0,,,,,1,2.6,ok
TIC 146636025,42.2461,-45.0901,5.93,0,,,,,5,11.0,ok
TIC 126584063,314.4117,-44.1365,5.94,0,,,,,5,10.1,ok
TIC 122670952,42.1288,-33.7833,5.94,0,,,,,5,10.1,ok
TIC 71409529,47.0388,-19.303,5.94,0,,,,,2,4.5,ok
TIC 89044739,47.6152,-33.0497,5.95,0,,,,,3,7.2,ok
TIC 91430917,313.4347,-44.3408,5.95,0,,,,,4,8.0,ok
TIC 140459480,20.4131,-33.2323,5.95,0,,,,,3,7.0,ok
TIC 114733031,300.9265,-36.0598,5.95,0,,,,,2,4.2,ok
TIC 425767093,292.2036,-42.1161,5.95,0,,,,,4,7.9,ok
TIC 144523211,51.0679,-24.3007,5.95,0,,,,,1,2.7,ok
TIC 147422354,327.4397,-46.6113,5.95,0,,,,,4,8.1,ok
TIC 321067241,44.1846,-36.6995,5.95,0,,,,,4,8.6,ok
TIC 209459060,46.6643,-29.9877,5.96,0,,,,,2,5.0,ok
TIC 402046099,352.3582,-52.6786,5.96,0,,,,,9,17.0,ok
TIC 34798133,306.9342,-30.8717,5.96,0,,,,,3,6.2,ok
TIC 322048605,13.4973,-48.7913,5.96,0,,,,,5,10.1,ok
TIC 120489003,1.722,-38.8776,5.97,0,,,,,4,7.7,ok
TIC 231711783,352.2051,-59.4366,5.97,0,,,,,6,12.0,ok
TIC 89039719,338.4781,-44.6907,5.97,0,,,,,4,8.2,ok
TIC 231640069,318.386,-54.9888,5.97,0,,,,,5,9.6,ok
TIC 144070566,337.8888,-53.3826,5.97,0,,,,,7,13.5,ok
TIC 389611277,312.1508,-43.0077,5.97,0,,,,,4,7.9,ok
TIC 158535249,19.8359,-53.6361,5.97,0,,,,,4,8.2,ok
TIC 42055006,24.3867,-38.1346,5.97,0,,,,,3,7.0,ok
TIC 197960386,348.3141,-49.6186,5.97,0,,,,,7,13.5,ok
TIC 72587179,31.3179,-28.5584,5.97,0,,,,,2,5.0,ok
TIC 143463658,294.9238,-45.2785,5.97,0,,,,,5,9.5,ok
TIC 425884418,359.6298,-57.2809,5.97,0,,,,,11,19.6,ok
TIC 231636215,317.8932,-56.5173,5.98,0,,,,,?,0.6,erreur
TIC 115178586,317.3433,-36.7069,5.98,0,,,,,2,4.6,ok
TIC 421358611,292.8426,-46.273,5.98,0,,,,,4,7.6,ok
TIC 394004824,329.0588,-57.8995,5.98,0,,,,,8,15.5,ok
TIC 147204909,323.5058,-46.6111,5.98,0,,,,,3,6.1,ok
TIC 421432683,293.0568,-44.5461,5.98,0,,,,,5,10.0,ok
TIC 325707134,56.8431,-29.469,5.98,0,,,,,2,4.5,ok
TIC 126565548,314.2266,-43.664,5.98,0,,,,,4,7.8,ok
TIC 166745012,37.0456,-50.3025,5.98,0,,,,,8,15.9,ok
TIC 159897819,48.8614,-39.7619,5.98,0,,,,,3,6.9,ok
TIC 321908598,0.2236,-50.4464,5.99,0,,,,,7,13.4,ok
TIC 406122216,286.7318,-48.2992,5.99,0,,,,,5,10.3,ok
TIC 126765925,316.4203,-44.9492,5.99,0,,,,,3,6.1,ok
TIC 91638523,39.6046,-37.991,5.99,0,,,,,?,279.2,timeout
TIC 382473600,0.1437,-53.0979,5.99,0,,,,,11,40.0,ok
TIC 300020398,297.0633,-37.848,5.99,0,,,,,4,8.3,ok
TIC 290971627,309.1491,-38.0255,6.0,0,,,,,2,4.5,ok
TIC 34613661,305.7722,-33.0482,6.0,0,,,,,3,6.7,ok
TIC 278319585,303.0986,-35.7828,6.0,0,,,,,3,6.3,ok
TIC 65484424,43.1324,-27.9576,6.0,0,,,,,3,6.7,ok
TIC 42013007,23.9603,-39.9475,6.01,0,,,,,5,10.3,ok
TIC 126702952,315.5537,-43.003,6.03,0,,,,,4,8.1,ok
TIC 161265414,341.5358,-48.9792,6.04,0,,,,,6,11.9,ok
TIC 88478795,46.9624,-27.8313,6.04,0,,,,,3,6.7,ok
TIC 89094110,54.6988,-27.9429,6.05,0,,,,,2,4.5,ok
TIC 403224147,338.9718,-57.8838,6.05,0,,,,,7,13.7,ok
TIC 204614426,41.7961,-22.4861,6.06,0,,,,,3,6.7,ok
TIC 166762338,56.8346,-29.9021,6.06,0,,,,,2,4.5,ok
TIC 506939512,346.72,-43.5206,6.07,0,,,,,4,8.2,ok
TIC 231061242,31.1475,-54.8819,6.08,0,,,,,8,16.0,ok
TIC 369458706,311.5779,-36.1205,6.08,0,,,,,2,4.4,ok
TIC 265529741,330.1014,-55.8836,6.09,0,,,,,6,11.6,ok
TIC 165193011,47.9912,-39.366,6.1,0,,,,,3,6.7,ok
TIC 299697326,295.9068,-37.5389,6.12,0,,,,,3,6.2,ok
TIC 204613780,41.6885,-21.6394,6.12,0,,,,,3,6.9,ok
TIC 389658670,321.0874,-46.6148,6.13,0,,,,,5,10.1,ok
TIC 224284988,356.5062,-40.1828,6.14,0,,,,,5,10.4,ok
TIC 300611652,299.4229,-38.0596,6.15,0,,,,,3,6.4,ok
TIC 234518259,14.5933,-60.6961,6.16,0,,,,,10,20.4,ok
TIC 139112038,319.6161,-43.3345,6.16,0,,,,,5,10.8,ok
TIC 152624787,304.1102,-35.1981,6.16,0,,,,,3,7.3,ok
TIC 34864575,307.1948,-35.596,6.17,0,,,,,3,6.2,ok
TIC 147335048,325.7611,-43.4966,6.17,0,,,,,4,8.3,ok
TIC 160004049,50.8975,-40.0761,6.17,0,,,,,5,10.8,ok
TIC 290924504,308.7313,-38.09,6.18,0,,,,,2,4.9,ok
TIC 290824002,308.3446,-41.5262,6.18,0,,,,,3,6.3,ok
TIC 160037874,339.1225,-40.5832,6.19,0,,,,,4,8.3,ok
TIC 155896956,4.2284,-52.6498,6.19,0,,,,,8,15.7,ok
TIC 129887847,56.0402,-38.2796,6.19,0,,,,,2,5.2,ok
TIC 153027837,48.7752,-45.6638,6.19,0,,,,,5,10.8,ok
TIC 425907664,2.4674,-62.2967,6.2,0,,,,,3,6.8,ok
TIC 278805095,336.1649,-41.4406,6.2,0,,,,,4,8.3,ok
TIC 122613463,41.0858,-32.5249,6.2,0,,,,,4,9.0,ok
TIC 88571133,48.7511,-26.1006,6.21,0,,,,,1,2.6,ok
TIC 201306559,3.5612,-55.0699,6.21,0,,,,,10,19.0,ok
TIC 80474886,12.5158,-43.3948,6.22,0,,,,,5,10.9,ok
TIC 300844158,300.3618,-40.8146,6.23,0,,,,,3,6.3,ok
TIC 101311292,300.0355,-50.2166,6.25,0,,,,,4,8.9,ok
TIC 144068704,337.75,-49.4347,6.25,0,,,,,6,11.9,ok
TIC 155950028,6.1931,-51.0457,6.25,0,,,,,5,10.0,ok
TIC 70489756,22.1809,-33.7642,6.26,0,,,,,4,8.9,ok
TIC 120932152,37.5579,-25.1862,6.28,0,,,,,?,1014.8,timeout
TIC 355477670,351.7883,-50.1572,6.29,0,,,,,?,145.6,timeout
TIC 206361964,356.8325,-48.2772,6.29,0,,,,,8,15.1,ok
TIC 308244519,51.5493,-41.6367,6.3,0,,,,,5,10.6,ok
TIC 165218220,56.9569,-36.1057,6.3,0,,,,,1,2.5,ok
TIC 144596888,52.974,-25.6143,6.3,0,,,,,1,2.7,ok
TIC 100908125,32.0235,-41.8805,6.3,0,,,,,3,6.8,ok
TIC 313940354,30.6176,-29.6656,6.31,0,,,,,4,8.7,ok
TIC 144309212,354.8667,-46.6375,6.31,0,,,,,8,15.6,ok
TIC 129276723,303.4806,-45.1652,6.32,0,,,,,2,4.2,ok
TIC 139770629,324.1768,-50.8469,6.32,0,,,,,6,12.6,ok
TIC 215256883,42.6996,-39.9323,6.33,0,,,,,4,8.8,ok
TIC 166628329,313.6464,-50.7275,6.33,0,,,,,3,6.0,ok
TIC 161172103,339.785,-52.692,6.33,0,,,,,?,151.2,timeout
TIC 44628526,341.6826,-46.9394,6.33,0,,,,,?,145.9,timeout
TIC 142874735,51.483,-35.9209,6.34,0,,,,,3,6.8,ok
TIC 231700251,330.8937,-55.9777,6.34,0,,,,,7,13.2,ok
TIC 176780031,48.2562,-35.9436,6.35,0,,,,,4,8.6,ok
TIC 144514566,50.5679,-25.5878,6.37,0,,,,,2,4.6,ok
TIC 65416950,41.0621,-25.4951,6.38,0,,,,,4,8.6,ok
TIC 441246257,294.9818,-39.4333,6.39,0,,,,,2,4.3,ok
TIC 197981057,326.0,-57.2834,6.39,0,,,,,10,18.9,ok
TIC 142889338,52.0484,-35.8535,6.44,0,,,,,3,6.7,ok
TIC 79394645,319.9645,-53.45,6.44,0,,,,,4,7.8,ok
TIC 321068946,44.386,-38.1908,6.45,0,,,,,6,12.3,ok
TIC 143021874,54.2146,-33.7806,6.45,0,,,,,2,4.4,ok
TIC 41860807,20.5387,-37.0516,6.46,0,,,,,2,4.4,ok
TIC 231626393,316.9638,-54.2171,6.46,0,,,,,6,11.7,ok
TIC 215476716,43.182,-41.3921,6.49,0,,,,,4,8.6,ok
TIC 340705975,16.6114,-35.6608,6.51,0,,,,,6,11.4,ok
TIC 201293664,3.2077,-57.9124,6.51,0,,,,,11,19.1,ok
TIC 229117257,25.4215,-50.0387,6.51,0,,,,,6,11.9,ok
TIC 144504182,50.1861,-26.2868,6.51,0,,,,,1,2.4,ok
TIC 262828433,349.107,-55.5268,6.51,0,,,,,7,13.2,ok
TIC 165191661,47.9699,-39.0234,6.54,0,,,,,5,10.3,ok
TIC 166650821,313.7857,-52.1207,6.54,0,,,,,3,6.4,ok
TIC 89184917,57.2507,-26.0327,6.54,0,,,,,2,4.3,ok
TIC 197951574,346.8074,-50.6876,6.55,0,,,,,7,13.5,ok
TIC 115319029,27.0898,-41.4939,6.55,0,,,,,4,8.6,ok
TIC 281598439,9.0048,-59.7174,6.55,0,,,,,8,15.3,ok
TIC 118585879,10.6787,-38.4635,6.55,0,,,,,5,9.7,ok
TIC 237338677,347.6136,-60.5646,6.56,0,,,,,4,8.2,ok
TIC 140069652,330.4028,-53.0973,6.57,0,,,,,7,13.2,ok
TIC 439440472,301.3835,-32.9999,6.58,0,,,,,3,6.0,ok
TIC 300997818,30.9836,-45.4125,6.59,0,,,,,6,12.1,ok
TIC 308241590,42.1592,-37.4006,6.59,0,,,,,5,10.1,ok
TIC 114816470,304.2109,-40.9059,6.6,0,,,,,3,6.1,ok
TIC 197767178,327.2271,-56.274,6.61,0,,,,,3,6.3,ok
TIC 197740634,331.0956,-38.8767,6.62,0,,,,,3,6.3,ok
TIC 231005004,24.783,-56.4296,6.64,0,,,,,4,8.1,ok
TIC 206583981,20.1188,-57.3379,6.64,0,,,,,7,13.6,ok
TIC 91542972,43.7066,-33.5248,6.64,0,,,,,3,6.9,ok
TIC 1989169801,317.8448,-52.3391,6.65,0,,,,,1,2.4,ok
TIC 326241978,41.2542,-22.1672,6.65,0,,,,,3,6.8,ok
TIC 121421711,341.8611,-44.9651,6.66,0,,,,,4,8.1,ok
TIC 142977635,53.6243,-34.8328,6.66,0,,,,,1,2.5,ok
TIC 201295243,3.4726,-56.9993,6.67,0,,,,,9,17.2,ok
TIC 281498595,6.1799,-53.9842,6.67,0,,,,,7,13.9,ok
TIC 257526233,45.9475,-21.3617,6.67,0,,,,,2,4.4,ok
TIC 115014847,315.7346,-39.0969,6.67,0,,,,,2,4.5,ok
TIC 92281720,50.425,-20.3248,6.68,0,,,,,1,2.4,ok
TIC 139754153,323.391,-49.015,6.68,0,,,,,5,10.0,ok
TIC 176841012,49.0473,-30.8274,6.68,0,,,,,3,6.8,ok
TIC 158637830,24.7022,-53.4393,6.7,0,,,,,7,13.5,ok
TIC 152308886,29.3513,-36.0573,6.72,0,,,,,4,8.2,ok
TIC 139699247,322.311,-50.317,6.72,0,,,,,6,11.6,ok
TIC 354901621,300.8971,-38.853,6.72,0,,,,,1,2.5,ok
TIC 140072708,57.196,-40.3988,6.72,0,,,,,2,4.9,ok
TIC 325687967,56.3878,-25.9155,6.72,0,,,,,1,2.4,ok
TIC 159895674,48.4586,-38.8097,6.72,0,,,,,?,1024.5,timeout
TIC 301049767,48.2256,-47.1554,6.73,0,,,,,5,10.9,ok
TIC 144285638,354.1428,-44.893,6.74,0,,,,,2,4.5,ok
TIC 80337807,8.582,-42.4311,6.74,0,,,,,2,4.3,ok
TIC 238815210,328.0412,-62.053,6.75,0,,,,,11,18.8,ok
TIC 156083207,11.0604,-49.3859,6.76,0,,,,,3,6.2,ok
TIC 231632822,317.6025,-59.4078,6.76,0,,,,,4,7.9,ok
TIC 111245241,30.1381,-40.7344,6.77,0,,,,,4,8.5,ok
TIC 403153647,336.8381,-58.0006,6.78,0,,19.7,rejete,eclipse_secondaire,5,12.9,ok
TIC 180999411,16.3409,-40.2701,6.79,0,,,,,5,10.9,ok
TIC 168786254,63.1002,-31.5819,6.79,0,,,,,3,6.2,ok
TIC 382471734,353.1695,-45.1214,6.79,0,,,,,2,4.4,ok
TIC 220491897,344.3419,-56.8751,6.81,0,,14.1,rejete,variabilite_continue;eclipse_secondaire,5,12.5,ok
TIC 200671724,3.4377,-48.6843,6.81,0,,,,,3,6.3,ok
TIC 146725387,44.7466,-43.7496,6.82,0,,,,,5,10.6,ok
TIC 140204398,58.8147,-38.7593,6.82,0,,,,,1,2.6,ok
TIC 220496357,345.2551,-58.4375,6.83,0,,,,,4,8.0,ok
TIC 139453917,336.487,-45.1134,6.83,0,,,,,1,2.4,ok
TIC 280792785,359.0363,-62.8723,6.83,0,,,,,3,6.2,ok
TIC 168787288,63.2605,-32.7947,6.83,0,,,,,2,4.5,ok
TIC 89255576,58.5726,-27.6686,6.84,0,,,,,1,2.7,ok
TIC 183596451,18.3618,-39.5398,6.84,0,,,,,5,9.7,ok
TIC 144046368,336.8566,-49.3684,6.84,0,,,,,6,12.2,ok
TIC 257432067,56.9959,-26.3286,6.85,0,,,,,0,1.2,aucune_donnee
TIC 165190615,47.6782,-39.0515,6.87,0,,,,,3,6.9,ok
TIC 382322852,320.2109,-45.8109,6.88,0,,,,,5,10.1,ok
TIC 140122230,57.6564,-36.4255,6.91,0,,,,,1,2.5,ok
TIC 101930568,12.9677,-43.709,6.92,0,,,,,4,7.9,ok
TIC 266995561,349.6558,-58.3075,6.92,0,,,,,6,11.6,ok
TIC 129636999,321.0148,-40.0303,6.93,0,,,,,4,8.0,ok
TIC 197601262,327.5221,-38.616,6.93,0,,,,,3,6.0,ok
TIC 165199850,56.189,-38.8176,6.95,0,,,,,2,5.0,ok
TIC 89150513,55.9912,-28.6288,6.95,0,,,,,1,2.6,ok
TIC 115177591,317.1722,-37.2427,6.96,0,,,,,4,8.0,ok
TIC 166760533,37.595,-51.3777,6.96,0,,,,,7,14.2,ok
TIC 394495632,321.1916,-57.2575,6.96,0,,,,,3,6.4,ok
TIC 88532113,48.3421,-27.5737,6.96,0,,,,,1,2.5,ok
TIC 147426184,40.8345,-40.5278,6.97,0,,,,,3,6.1,ok
TIC 139468902,337.5659,-42.2911,6.97,0,,55.6,rejete,variabilite_continue;eclipse_secondaire,4,10.5,ok
TIC 220378915,320.9181,-55.544,6.97,0,,,,,6,11.8,ok
TIC 231697062,327.9745,-54.6526,6.97,0,,,,,2,4.4,ok
TIC 165193206,48.0612,-40.4091,6.97,0,,,,,3,6.7,ok
TIC 120462356,1.4699,-41.7536,6.98,0,,,,,6,12.3,ok
TIC 128709723,299.7448,-46.0878,6.98,0,,,,,4,7.9,ok
TIC 79249818,318.1983,-51.5138,6.98,0,,,,,5,10.0,ok
TIC 139898417,326.9816,-52.9313,6.98,0,,,,,7,18.5,ok
TIC 144598757,53.11,-24.6163,6.98,0,,,,,0,3.7,aucune_donnee
TIC 161403043,345.6329,-49.6983,6.99,0,,,,,7,13.6,ok
TIC 220507581,347.1576,-59.737,7.0,0,,,,,7,13.6,ok
TIC 176841424,49.2296,-31.3524,7.0,0,,,,,3,6.7,ok
TIC 355426214,1.2799,-52.1527,7.0,0,,,,,8,15.6,ok
TIC 152796589,304.9922,-32.6165,7.0,0,,,,,2,4.4,ok
TIC 79422142,320.5494,-51.1247,7.0,0,,,,,2,4.3,ok
TIC 7146022,4.6221,-46.532,7.0,0,,,,,4,7.9,ok
TIC 259718796,322.6047,-60.2072,7.0,0,,,,,3,6.2,ok
TIC 152319089,34.008,-36.4727,7.02,0,,,,,4,8.6,ok
TIC 209461158,46.9886,-30.3138,7.02,0,,,,,2,4.7,ok
TIC 308243453,51.4961,-35.9583,7.03,0,,,,,3,6.9,ok
TIC 122522167,38.5514,-33.1181,7.05,0,,,,,4,8.5,ok
TIC 224285325,356.6396,-41.5882,7.05,0,,,,,2,4.6,ok
TIC 425865767,320.6497,-55.7838,7.05,0,,,,,6,11.7,ok
TIC 277688819,329.2365,-61.8465,7.06,0,,,,,7,13.8,ok
TIC 142938499,52.4914,-35.7488,7.07,0,,,,,3,6.7,ok
TIC 231631019,317.6073,-54.5739,7.08,0,,,,,6,11.6,ok
TIC 147469587,41.4226,-38.1568,7.08,0,,,,,5,10.1,ok
TIC 262825539,348.9607,-58.0833,7.09,0,,,,,2,4.5,ok
TIC 207080350,320.9194,-39.7791,7.09,0,,,,,3,6.0,ok
TIC 122575742,40.1279,-31.4675,7.1,0,,,,,4,8.5,ok
TIC 326242263,41.3266,-20.4016,7.11,0,,,,,3,7.1,ok
TIC 144401881,357.8403,-42.3728,7.11,0,,,,,4,7.9,ok
TIC 382420379,335.6845,-45.9481,7.11,0,,,,,4,8.3,ok
TIC 269635636,301.974,-39.8441,7.13,0,,,,,0,10.0,aucune_donnee
TIC 143897365,332.5919,-51.9609,7.13,0,,,,,4,8.3,ok
TIC 316968412,356.7545,-55.4082,7.14,0,,,,,9,17.7,ok
TIC 165143508,46.3264,-40.9842,7.15,0,,,,,5,10.6,ok
TIC 65344368,39.1983,-25.0243,7.15,0,,,,,3,7.0,ok
TIC 102029895,15.683,-47.2886,7.16,0,,,,,6,11.8,ok
TIC 308209763,10.9528,-37.4729,7.16,0,,,,,3,6.4,ok
TIC 382551556,19.4973,-52.1058,7.16,0,,,,,3,6.5,ok
TIC 219332123,338.5781,-54.2981,7.17,0,,,,,5,9.6,ok
TIC 120506209,2.2497,-39.7373,7.18,0,,,,,2,4.4,ok
TIC 129809287,54.2693,-36.2922,7.18,0,,,,,2,4.9,ok
TIC 142206123,38.5946,-43.7985,7.18,0,,,,,3,7.4,ok
TIC 139191168,345.4441,-44.8411,7.18,0,,,,,5,9.9,ok
TIC 394484541,316.1425,-58.9334,7.18,0,,,,,5,9.9,ok
TIC 41862035,20.9057,-41.2703,7.18,0,,,,,6,11.9,ok
TIC 147459425,41.4376,-39.7167,7.19,0,,,,,5,10.2,ok
TIC 220500424,345.8186,-55.1691,7.2,0,,,,,6,11.8,ok
TIC 219338374,354.4936,-58.1886,7.2,0,,,,,4,8.2,ok
TIC 207084429,22.7582,-51.2159,7.2,0,,,,,7,13.7,ok
TIC 311410476,36.222,-42.1592,7.21,0,,,,,3,7.2,ok
TIC 65289930,38.1253,-27.0031,7.21,0,,,,,4,8.9,ok
TIC 88339242,44.0308,-26.1995,7.22,0,,,,,2,4.9,ok
TIC 159835781,320.1939,-38.7811,7.22,0,,,,,4,7.9,ok
TIC 128790976,300.2132,-43.9829,7.22,0,,,,,4,7.9,ok
TIC 158637022,24.7843,-48.7753,7.23,0,,,,,3,6.2,ok
TIC 166582002,313.1739,-53.2738,7.23,0,,,,,1,2.5,ok
TIC 231631020,317.6088,-54.5747,7.24,0,,,,,6,12.1,ok
TIC 166848903,58.7052,-35.7015,7.24,0,,,,,2,4.4,ok
TIC 156086958,11.4238,-48.3015,7.25,0,,,,,6,11.9,ok
TIC 139199620,345.8689,-43.0794,7.26,0,,,,,5,11.2,ok
TIC 118586897,10.8029,-37.9835,7.26,0,,,,,5,11.1,ok
TIC 89060881,54.2878,-29.8303,7.26,0,,,,,1,2.5,ok
TIC 146635812,42.2185,-46.3468,7.27,0,,,,,3,7.0,ok
TIC 165901981,31.103,-43.5077,7.28,0,,,,,?,278.4,timeout
TIC 219329308,335.3457,-55.7644,7.29,0,,,,,5,10.8,ok
TIC 220369051,308.3057,-58.1126,7.29,0,,,,,5,10.1,ok
TIC 144444708,359.3331,-46.1101,7.29,0,,,,,4,8.0,ok
TIC 201253941,1.3407,-56.9557,7.29,0,,,,,7,13.6,ok
TIC 34724550,306.665,-30.676,7.3,0,,,,,3,6.4,ok
TIC 231864288,5.6435,-61.0348,7.3,0,,,,,5,10.5,ok
TIC 139200569,345.7993,-47.2559,7.31,0,,,,,6,11.5,ok
TIC 632326038,35.8096,-29.8706,7.32,0,,,,,1,3.1,ok
TIC 403266307,330.9284,-60.4374,7.32,0,,,,,8,15.8,ok
TIC 7319369,35.0961,-46.924,7.32,0,,,,,6,12.4,ok
TIC 88532366,48.3507,-28.9752,7.33,0,,,,,3,7.3,ok
TIC 101234184,299.5643,-51.8957,7.33,0,,,,,3,6.5,ok
TIC 355686601,0.3725,-62.923,7.33,0,,,,,3,6.6,ok
TIC 146729223,45.4702,-47.559,7.34,0,,,,,4,8.7,ok
TIC 200250061,294.4745,-48.1131,7.34,0,,,,,2,4.4,ok
TIC 115105140,316.4953,-36.2596,7.35,0,,,,,3,6.1,ok
TIC 391474315,53.5189,-41.3384,7.35,0,,,,,5,10.5,ok
TIC 401868169,26.8251,-42.6391,7.36,0,,,,,2,5.2,ok
TIC 165144649,46.4678,-37.3389,7.36,0,,,,,3,6.8,ok
TIC 140204942,58.8734,-36.3098,7.36,0,,,,,2,4.4,ok
TIC 80313923,7.827,-43.6064,7.37,0,,,,,3,6.2,ok
TIC 147455347,40.8574,-37.9291,7.37,0,,,,,5,10.5,ok
TIC 281573888,7.6661,-54.97,7.37,0,,,,,4,7.9,ok
TIC 129887115,55.7797,-37.0439,7.38,0,,,,,2,5.9,ok
TIC 308227406,41.6896,-40.9588,7.38,0,,,,,5,10.5,ok
TIC 403224672,338.9831,-59.8651,7.38,0,,,,,?,1027.4,timeout
TIC 219281257,309.4845,-57.8739,7.38,0,,,,,?,141.5,timeout
TIC 32397921,26.2579,-31.386,7.39,0,,,,,4,9.2,ok
TIC 70577478,37.8905,-27.5044,7.4,0,,,,,3,6.8,ok
TIC 262826499,349.041,-59.7809,7.4,0,,,,,5,10.2,ok
TIC 441398770,310.4658,-32.4384,7.4,0,,,,,3,7.8,ok
TIC 41842901,20.0656,-36.243,7.41,0,,,,,1,2.7,ok
TIC 441315646,308.6958,-33.9219,7.41,0,,,,,2,4.6,ok
TIC 382463166,353.0195,-43.5899,7.41,0,,,,,6,12.6,ok
TIC 355767583,4.4225,-60.7993,7.43,0,,,,,5,11.0,ok
TIC 166787220,38.4213,-48.3898,7.43,0,,,,,5,11.5,ok
TIC 219967673,306.0379,-54.5433,7.44,0,,,,,6,12.4,ok
TIC 401889161,52.3601,-42.4692,7.45,0,,,,,2,5.2,ok
TIC 219342182,355.2111,-56.421,7.46,0,,,,,3,7.2,ok
TIC 139524304,36.1911,-28.6518,7.46,0,,,,,3,7.2,ok
TIC 159937499,49.1859,-41.2708,7.46,0,,,,,5,10.9,ok
TIC 67668604,19.5126,-34.1376,7.47,0,,,,,2,4.8,ok
TIC 129840634,55.3468,-41.7533,7.48,0,,,,,4,8.8,ok
TIC 219994278,31.2808,-49.6815,7.48,0,,,,,7,15.9,ok
TIC 326330498,43.6116,-20.9252,7.48,0,,,,,2,4.6,ok
TIC 387268311,312.2117,-59.2347,7.48,0,,,,,4,8.3,ok
TIC 290237358,304.5617,-38.9531,7.51,0,,,,,1,3.0,ok
TIC 161268141,341.7025,-48.3151,7.51,0,,,,,3,6.7,ok
TIC 425850752,28.1438,-34.1944,7.51,0,,,,,2,5.6,ok
TIC 277649549,329.0414,-60.2295,7.52,0,,,,,10,19.1,ok
TIC 61613763,288.482,-47.3586,7.54,0,,,,,3,7.1,ok
TIC 219316126,320.1615,-57.8487,7.54,0,,,,,4,8.5,ok
TIC 389726435,329.6575,-45.7433,7.54,0,,,,,2,4.8,ok
TIC 265610638,333.2742,-59.6917,7.55,0,,,,,6,12.0,ok
TIC 143657942,285.1974,-47.0444,7.56,0,,,,,2,4.6,ok
TIC 88481934,47.3065,-26.7156,7.56,0,,,,,3,7.7,ok
TIC 320847025,299.6388,-54.9378,7.56,0,,,,,5,10.8,ok
TIC 220022156,33.1775,-53.7437,7.56,0,,,,,8,16.8,ok
TIC 122521250,38.483,-32.1968,7.56,0,,,,,4,8.9,ok
TIC 220504623,346.3635,-58.8992,7.57,0,,,,,4,8.4,ok
TIC 79271642,318.3649,-49.7944,7.57,0,,,,,6,13.1,ok
TIC 235002901,351.6154,-63.2368,7.58,0,,,,,4,8.3,ok
TIC 142944116,52.8957,-31.6736,7.59,0,,,,,1,2.8,ok
TIC 220501097,345.9978,-55.6981,7.59,0,,,,,4,8.3,ok
TIC 64109026,39.9756,-23.9299,7.6,0,,,,,4,8.8,ok
TIC 144335400,356.0653,-43.024,7.6,0,,,,,2,4.6,ok
TIC 129178469,302.7096,-43.6031,7.61,0,,,,,1,2.6,ok
TIC 224272721,354.7326,-41.4753,7.61,0,,,,,2,4.7,ok
TIC 281594607,8.374,-55.3282,7.62,0,,,,,4,8.8,ok
TIC 122686610,42.3573,-30.8127,7.63,0,,,,,5,11.0,ok
TIC 91515798,36.367,-34.052,7.63,0,,,,,2,4.6,ok
TIC 237329178,346.3512,-62.3909,7.65,0,,,,,2,4.8,ok
TIC 206504193,16.3095,-57.7949,7.65,0,,,,,2,4.3,ok
TIC 308266467,52.0842,-36.013,7.67,0,,,,,3,19.3,ok
TIC 231009795,25.7063,-54.6971,7.67,0,,,,,4,9.4,ok
TIC 290761749,307.9706,-40.9026,7.68,0,,,,,3,6.5,ok
TIC 129581480,305.6588,-44.5871,7.68,0,,,,,0,5.5,aucune_donnee
TIC 382451092,350.5104,-46.8836,7.68,0,,,,,8,16.6,ok
TIC 156083158,11.0899,-49.7065,7.69,0,,,,,3,7.0,ok
TIC 206287037,353.1383,-50.1155,7.69,0,,,,,2,5.3,ok
TIC 123255131,28.2615,-33.3145,7.69,0,,,,,2,4.6,ok
TIC 67655560,19.324,-34.664,7.7,0,,,,,4,10.2,ok
TIC 175517571,45.6425,-40.2441,7.7,0,,,,,6,14.1,ok
TIC 290761750,307.97,-40.9015,7.7,0,,,,,3,6.6,ok
TIC 290597237,306.8903,-39.5323,7.71,0,,,,,0,4.7,aucune_donnee
TIC 67630419,18.2292,-35.746,7.72,0,,,,,1,2.9,ok
TIC 152287933,28.9845,-36.2454,7.72,0,,,,,2,5.6,ok
TIC 262815737,348.2779,-55.1066,7.73,0,,,,,3,6.6,ok
TIC 65324756,38.7953,-28.6976,7.74,0,,,,,1,3.2,ok
TIC 425939298,8.3858,-61.1472,7.76,0,,,,,2,4.4,ok
TIC 401986129,352.858,-42.1592,7.77,0,,,,,3,6.6,ok
TIC 234283544,335.2326,-60.4305,7.77,0,,,,,3,7.3,ok
TIC 129277030,303.395,-45.5907,7.78,0,,,,,1,2.8,ok
TIC 409696822,314.5492,-58.5058,7.78,0,,,,,5,10.5,ok
TIC 115355856,28.1098,-38.745,7.78,0,,,,,2,5.5,ok
TIC 156069089,9.737,-52.5345,7.78,0,,,,,3,6.4,ok
TIC 7243102,32.8203,-46.5851,7.79,0,,,,,3,7.5,ok
TIC 144497692,49.9058,-25.5791,7.81,0,,,,,0,2.2,aucune_donnee
TIC 144445282,359.2222,-43.3384,7.81,0,,,,,5,10.2,ok
TIC 156065197,9.5099,-50.734,7.81,0,,,,,3,6.9,ok
TIC 220013641,31.9944,-49.1156,7.82,0,,,,,3,7.2,ok
TIC 123255204,28.2491,-32.7771,7.83,0,,,,,2,5.9,ok
TIC 469946168,341.935,-54.4963,7.84,0,,,,,6,12.7,ok
TIC 142939517,52.6482,-30.335,7.84,0,,,,,2,4.6,ok
TIC 165062589,322.3305,-38.8276,7.84,0,,,,,3,10.2,ok
TIC 129081711,302.1586,-46.302,7.85,0,,,,,2,5.5,ok
TIC 126766627,316.4239,-46.5072,7.86,0,,,,,2,5.5,ok
TIC 166870522,59.1197,-31.6954,7.87,0,,,,,1,3.0,ok
TIC 229098638,19.8126,-43.6316,7.88,0,,,,,6,12.4,ok
TIC 220504581,346.5441,-58.694,7.88,0,,,,,3,6.4,ok
TIC 32522691,28.048,-32.5399,7.88,0,,,,,3,6.9,ok
TIC 139721086,322.7643,-50.8472,7.89,0,,,,,6,12.0,ok
TIC 234287863,336.0735,-63.1563,7.89,0,,,,,?,140.4,timeout
TIC 219997529,31.75,-50.6374,7.89,0,,,,,?,146.8,timeout
TIC 308265405,51.9751,-41.5071,7.9,0,,,,,1,3.4,ok
TIC 441387674,310.1071,-32.8514,7.9,0,,,,,3,6.6,ok
TIC 88533834,48.6877,-26.4455,7.9,0,,,,,2,4.5,ok
TIC 206592394,20.8398,-57.481,7.91,0,,,,,8,15.8,ok
TIC 117875969,10.0083,-38.9462,7.91,0,,,,,3,6.4,ok
TIC 42055368,24.3273,-40.1774,7.91,0,,,,,2,6.0,ok
TIC 370078468,296.3177,-48.0704,7.91,0,,,,,4,8.3,ok
TIC 215476767,43.4663,-40.1941,7.91,0,,,,,5,10.7,ok
TIC 61613777,288.4808,-47.3537,7.92,0,,,,,3,6.6,ok
TIC 65347620,39.7969,-28.2983,7.92,0,,,,,1,3.2,ok
TIC 100895652,312.8484,-50.6492,7.94,0,,,,,2,4.5,ok
TIC 403266389,330.8774,-60.1675,7.95,0,,,,,3,6.2,ok
TIC 277715787,329.819,-62.4768,7.95,0,,,,,5,10.4,ok
TIC 102069549,17.3931,-46.2656,7.96,0,,,,,6,12.7,ok
TIC 179492666,13.176,-38.1387,7.97,0,,,,,5,9.9,ok
TIC 394580364,338.5072,-60.1437,7.98,0,,,,,4,8.6,ok
TIC 389204314,303.0088,-39.7302,8.0,0,,,,,1,2.6,ok
TIC 206592567,20.9581,-56.6046,8.0,0,,,,,5,9.8,ok
TIC 89045238,47.5219,-29.9235,8.0,0,,,,,2,5.2,ok
TIC 129277761,303.4128,-46.5878,8.0,0,,,,,3,6.2,ok
TIC 183563578,11.521,-37.8678,8.0,0,,,,,3,6.6,ok
TIC 160037769,339.0223,-41.175,8.0,0,,,,,3,6.5,ok
TIC 115105263,316.3972,-36.4656,8.0,0,,,,,5,10.7,ok
TIC 143028097,54.5141,-32.7413,8.0,0,,,,,2,4.7,ok
TIC 79301758,318.8883,-51.0127,8.0,0,,,,,6,12.2,ok
TIC 159837822,320.3445,-38.1743,8.0,0,,,,,4,8.2,ok
TIC 166968974,60.5083,-30.4683,8.01,0,,,,,3,6.7,ok
TIC 382551780,19.4223,-51.0346,8.01,0,,,,,6,12.5,ok
TIC 166317799,296.1494,-51.44,8.01,0,,,,,3,6.3,ok
TIC 32453448,28.0118,-32.9798,8.01,0,,,,,3,7.7,ok
TIC 183582657,11.8714,-36.3518,8.01,0,,,,,4,8.1,ok
TIC 32452634,27.7487,-33.6372,8.01,0,,,,,1,2.5,ok
TIC 360915662,310.4853,-59.009,8.01,0,,,,,5,10.7,ok
TIC 231297873,45.1568,-48.2108,8.01,0,,,,,2,5.0,ok
TIC 79403675,320.2085,-53.0349,8.01,0,,,,,6,12.2,ok
TIC 152180220,307.6202,-33.1556,8.01,0,,,,,2,4.4,ok
TIC 219327284,333.52,-59.4946,8.01,0,,,,,9,17.7,ok
TIC 91515492,36.4053,-31.7984,8.01,0,,,,,2,5.3,ok
TIC 219326123,331.4952,-56.4725,8.01,0,,,,,5,10.9,ok
TIC 48838982,302.1462,-33.6043,8.01,0,,,,,2,5.2,ok
TIC 219328436,333.5096,-55.2991,8.01,0,,,,,6,12.7,ok
TIC 146654383,42.804,-45.9942,8.01,0,,,,,?,1044.7,timeout
TIC 219303172,315.1353,-54.92,8.01,0,,,,,4,9.1,ok
TIC 201177084,357.9129,-53.8931,8.01,0,,,,,9,19.3,ok
TIC 166713554,55.8665,-33.5023,8.01,0,,,,,2,4.2,ok
TIC 80418594,10.2069,-47.8289,8.01,0,,,,,5,10.1,ok
TIC 339578340,359.1539,-59.5327,8.01,0,,,,,7,14.1,ok
TIC 231627272,316.9732,-56.6361,8.01,0,,,,,4,8.2,ok
TIC 355508120,15.1946,-57.7192,8.01,0,,,,,8,15.7,ok
TIC 142198784,37.9887,-43.2653,8.01,0,,,,,2,4.9,ok
TIC 123267854,28.4616,-30.3023,8.01,0,,,,,3,7.3,ok
TIC 139525924,36.4256,-27.1442,8.01,0,,,,,2,5.0,ok
TIC 291194976,294.0595,-48.7238,8.02,0,,,,,4,7.9,ok
TIC 166678790,35.2026,-50.8853,8.02,0,,,,,6,12.1,ok
TIC 111362929,31.4309,-41.1808,8.02,0,,,,,4,9.2,ok
TIC 393483115,35.5444,-43.6135,8.02,0,,,,,3,7.0,ok
TIC 220490324,344.1077,-57.78,8.02,0,,,,,5,9.9,ok
TIC 166551954,305.2892,-52.5905,8.02,0,,,,,4,8.2,ok
TIC 234299744,358.7205,-62.1347,8.02,0,,,,,7,13.5,ok
TIC 632011518,34.9487,-35.4452,8.02,0,,,,,3,7.2,ok
TIC 200671634,3.4265,-49.1984,8.02,0,,,,,5,9.9,ok
TIC 34721929,306.6094,-33.3061,8.02,0,,,,,3,6.1,ok
TIC 229157718,28.9248,-52.1418,8.02,0,,,,,5,14.3,ok
TIC 290745249,307.6239,-37.0353,8.02,0,,,,,3,5.9,ok
TIC 183675845,358.258,-40.0139,8.02,0,,,,,4,8.0,ok
TIC 175411471,350.1192,-39.9921,8.02,0,,,,,5,9.8,ok
TIC 278709638,335.2327,-41.43,8.02,0,,,,,4,8.2,ok
TIC 139845816,325.7668,-48.1896,8.02,0,,,,,2,4.5,ok
TIC 197936256,335.0761,-50.3658,8.02,0,,,,,4,8.1,ok
TIC 201288535,2.3273,-59.0605,8.02,0,,,,,8,15.0,ok
TIC 311237365,38.807,-34.9818,8.02,0,,,,,3,6.9,ok
TIC 100107808,25.3974,-46.0074,8.02,0,,,,,8,15.2,ok
TIC 123366634,31.2621,-31.8004,8.02,0,,,,,3,6.9,ok
TIC 139455526,336.7049,-45.6191,8.02,0,,,,,5,9.7,ok
TIC 142151645,36.478,-47.4237,8.02,0,,,,,3,6.8,ok
TIC 229156385,28.6403,-50.6215,8.02,0,,,,,5,9.8,ok
TIC 159736750,319.081,-40.5994,8.02,0,,,,,3,6.1,ok
TIC 144496130,49.6833,-25.429,8.02,0,,,,,0,2.7,aucune_donnee
TIC 354654335,25.0956,-47.9127,8.02,0,,,,,6,11.6,ok
TIC 404027788,291.685,-50.0966,8.02,0,,,,,4,7.7,ok
TIC 65348719,39.9738,-26.3209,8.02,0,,,,,?,145.5,timeout
TIC 144455250,359.6009,-43.9333,8.03,0,,,,,5,10.1,ok
TIC 168698627,61.6863,-30.9203,8.03,0,,,,,3,6.2,ok
TIC 290480337,306.058,-41.0645,8.03,0,,,,,3,6.0,ok
TIC 234294074,357.4954,-60.1448,8.03,0,,,,,7,13.2,ok
TIC 300081112,297.4232,-36.8355,8.03,0,,,,,2,4.4,ok
TIC 355138159,307.1914,-45.3874,8.03,0,,,,,3,6.1,ok
TIC 144219287,328.5025,-47.0209,8.03,0,,,,,2,4.1,ok
TIC 100828499,312.164,-50.5093,8.03,0,,,,,4,7.8,ok
TIC 439420089,301.2689,-34.0215,8.03,0,,,,,3,6.6,ok
TIC 7148510,4.9072,-43.0821,8.03,0,,,,,5,9.7,ok
TIC 219927265,298.3686,-49.4762,8.03,0,,,,,4,7.7,ok
TIC 79023394,315.4307,-49.6073,8.03,0,,,,,5,9.7,ok
TIC 147382908,326.5403,-45.1549,8.03,0,,,,,3,5.8,ok
TIC 101947808,14.5243,-44.1334,8.03,0,,,,,6,11.4,ok
TIC 382381406,334.4869,-46.3357,8.03,0,,,,,3,6.4,ok
TIC 152966470,47.1334,-44.3142,8.03,0,,,,,3,6.6,ok
TIC 121470291,342.4632,-44.4236,8.03,0,,,,,4,7.9,ok
TIC 80509417,12.6108,-46.4819,8.03,0,,,,,4,8.3,ok
TIC 79659787,295.6729,-46.0474,8.03,0,,,,,5,9.9,ok
TIC 129140860,302.639,-45.4164,8.03,0,,,,,3,6.0,ok
TIC 179985566,13.8629,-37.5249,8.03,0,,,,,4,7.9,ok
TIC 7245573,33.1993,-45.2158,8.03,0,,,,,2,4.9,ok
TIC 161169386,339.5662,-53.9515,8.03,0,,,,,5,9.7,ok
TIC 80430728,11.3881,-43.1409,8.03,0,,,,,4,7.8,ok
TIC 422004982,301.4085,-54.8225,8.03,0,,,,,4,8.2,ok
TIC 79394364,319.8886,-53.612,8.03,0,,,,,5,9.4,ok
TIC 220492687,344.588,-59.4083,8.03,0,,,,,4,7.6,ok
TIC 88267762,333.1869,-42.5344,8.04,0,,,,,3,6.3,ok
TIC 404125110,292.4541,-48.2578,8.04,0,,,,,4,7.9,ok
TIC 389447098,312.1785,-37.1642,8.04,0,,,,,2,4.2,ok
TIC 215480877,43.4329,-41.2521,8.04,0,,,,,5,10.2,ok
TIC 206534188,17.4191,-55.9466,8.04,0,,,,,5,9.9,ok
TIC 139728222,323.0664,-48.8539,8.04,0,,,,,1,2.9,ok
TIC 139898595,326.9088,-52.303,8.04,0,,,,,6,11.4,ok
TIC 229091476,3.7905,-44.6506,8.04,0,,,,,4,7.6,ok
TIC 234291977,357.099,-62.0081,8.04,0,,,,,8,15.2,ok
TIC 200248099,294.4967,-50.6805,8.04,0,,,,,4,7.6,ok
TIC 262789062,348.3697,-58.7663,8.04,0,,,,,4,9.5,ok
TIC 101231357,299.3248,-48.0218,8.04,0,,,,,4,7.6,ok
TIC 279316880,331.9802,-46.0453,8.04,0,,,,,3,5.9,ok
TIC 92752807,317.0762,-35.2734,8.04,0,,,,,2,4.3,ok
TIC 153077619,49.6612,-42.6421,8.04,0,,,,,3,6.7,ok
TIC 291011593,309.4493,-36.0665,8.04,0,,,,,3,6.1,ok
TIC 355052397,303.5187,-36.6152,8.04,0,,,,,3,6.1,ok
TIC 402047030,352.3573,-48.4001,8.04,0,,,,,9,17.3,ok
TIC 220345349,307.4018,-53.9212,8.04,0,,,,,4,7.8,ok
TIC 389021976,331.1854,-60.4647,8.05,0,,,,,8,15.4,ok
TIC 281709735,11.1248,-54.3132,8.05,0,,,,,8,15.6,ok
TIC 262470159,312.1316,-37.9682,8.05,0,,,,,2,4.3,ok
TIC 300840726,300.3919,-36.8511,8.05,0,,,,,3,6.2,ok
TIC 325708934,56.9077,-27.1847,8.05,0,,,,,1,2.9,ok
TIC 382371872,329.8288,-42.042,8.05,0,,,,,3,6.0,ok
TIC 80166433,298.2878,-46.37,8.05,0,,,,,3,6.5,ok
TIC 291170750,292.8526,-51.6785,8.05,0,,,,,4,7.7,ok
TIC 320940203,324.653,-41.0971,8.05,0,,,,,3,5.9,ok
TIC 117511950,339.4127,-47.8288,8.05,0,,,,,3,6.2,ok
TIC 304985492,288.3601,-48.4023,8.05,0,,,,,4,7.7,ok
TIC 381855290,322.2849,-55.1667,8.05,0,,,,,8,15.0,ok
TIC 425905468,2.2081,-60.1373,8.05,0,,,,,8,15.1,ok
TIC 166765288,37.7367,-52.0001,8.05,0,,,,,7,13.9,ok
TIC 161440007,345.7226,-49.0639,8.05,0,,,,,5,9.9,ok
TIC 323297738,52.9683,-40.3846,8.05,0,,,,,3,7.2,ok
TIC 80314629,8.1279,-44.0659,8.05,0,,,,,4,7.8,ok
TIC 389527820,314.5394,-38.9899,8.05,0,,,,,2,4.3,ok
TIC 166629107,313.6421,-52.5239,8.05,0,,,,,3,6.0,ok
TIC 220373696,308.9687,-54.1538,8.05,0,,,,,5,10.0,ok
TIC 219260541,309.0534,-58.3175,8.05,0,,,,,7,13.2,ok
TIC 219998026,31.8263,-53.1992,8.05,0,,,,,?,290.4,timeout
TIC 114990108,315.5524,-37.6978,8.05,0,,,,,?,277.2,timeout
TIC 142169429,37.121,-45.0229,8.05,0,,,,,3,7.0,ok
TIC 115148535,316.8357,-39.2616,8.05,0,,,,,3,6.2,ok
TIC 71400062,46.8203,-20.6491,8.05,0,,,,,2,4.5,ok
TIC 159937910,49.3452,-40.47,8.05,0,,,,,5,10.6,ok
TIC 142875477,51.5309,-31.6612,8.05,0,,,,,1,2.6,ok
TIC 129041173,302.0055,-44.1931,8.05,0,,,,,2,4.3,ok
TIC 300455525,298.8769,-37.3137,8.06,0,,,,,3,6.2,ok
TIC 139845588,325.8843,-48.8562,8.06,0,,,,,4,8.3,ok
TIC 92346844,51.5319,-22.1606,8.06,0,,,,,1,2.6,ok
TIC 234291808,357.1836,-61.2055,8.06,0,,,,,7,25.0,ok
TIC 321067350,44.1006,-36.0159,8.06,0,,,,,3,6.8,ok
TIC 394581017,338.4879,-62.6004,8.06,0,,,,,7,13.4,ok
TIC 100382531,307.8869,-48.0085,8.06,0,,,,,4,8.6,ok
TIC 231703102,335.5314,-58.4789,8.06,0,,,,,7,14.1,ok
TIC 144398582,357.5772,-47.4538,8.06,0,,,,,3,6.1,ok
TIC 129836962,54.9008,-35.94,8.06,0,,,,,1,2.6,ok
TIC 142960733,53.4738,-33.4373,8.06,0,,,,,1,2.5,ok
TIC 142315312,41.4701,-45.6077,8.06,0,,,,,4,8.5,ok
TIC 166801868,38.9082,-49.5643,8.06,0,,,,,5,10.3,ok
TIC 88329701,333.7961,-44.2025,8.06,0,,,,,2,4.3,ok
TIC 100615932,309.9823,-53.3926,8.06,0,,,,,4,7.8,ok
TIC 224268135,354.1141,-40.1632,8.06,0,,,,,3,6.5,ok
TIC 100668092,310.6516,-48.4151,8.06,0,,,,,4,8.1,ok
TIC 300020529,297.1631,-37.994,8.06,0,,,,,4,8.3,ok
TIC 65399082,40.6028,-25.8908,8.06,0,,,,,3,6.8,ok
TIC 139470229,337.7628,-47.2995,8.06,0,,,,,3,6.0,ok
TIC 115114066,316.6658,-37.5656,8.06,0,,,,,4,9.3,ok
TIC 382420474,335.699,-46.1653,8.06,0,,,,,?,1021.4,timeout
TIC 290665716,307.4575,-39.4555,8.06,0,,,,,?,139.3,timeout
TIC 168752196,62.7679,-34.113,8.06,0,,,,,3,6.5,ok
TIC 281563487,7.2838,-55.6393,8.06,0,,,,,9,17.1,ok
TIC 369215639,313.8153,-40.5707,8.06,0,,,,,3,6.3,ok
TIC 168634010,60.7073,-31.2426,8.06,0,,,,,3,6.2,ok
TIC 441500807,46.6566,-17.4762,8.06,0,,,,,1,2.6,ok
TIC 159732516,318.901,-39.4529,8.06,0,,,,,1,2.7,ok
TIC 142304592,41.267,-45.3653,8.06,0,,,,,4,9.0,ok
TIC 161171437,339.7331,-50.0149,8.07,0,,,,,4,8.2,ok
TIC 88453672,46.1314,-24.4217,8.07,0,,,,,1,2.5,ok
TIC 278828306,336.3732,-39.4897,8.07,0,,,,,3,5.9,ok
TIC 197734220,330.5147,-39.1125,8.07,0,,,,,3,6.2,ok
TIC 92228844,48.9577,-26.3925,8.07,0,,,,,2,4.2,ok
TIC 166900603,60.0106,-35.6378,8.07,0,,,,,1,2.6,ok
TIC 179823154,13.5806,-38.231,8.07,0,,,,,4,7.7,ok
TIC 7317423,34.8615,-45.665,8.07,0,,,,,2,4.5,ok
TIC 206549835,18.5519,-59.5123,8.07,0,,,,,8,15.0,ok
TIC 123318795,29.6952,-32.2223,8.07,0,,,,,4,8.8,ok
TIC 122669243,41.8193,-34.7875,8.07,0,,,,,2,4.8,ok
TIC 422005639,301.4999,-55.8933,8.07,0,,,,,4,8.3,ok
TIC 425863973,352.1288,-46.714,8.07,0,,,,,10,19.3,ok
TIC 144285137,354.186,-42.3626,8.07,0,,,,,?,0.6,erreur
TIC 219262080,309.0104,-54.942,8.07,0,,,,,5,10.3,ok
TIC 128843322,300.6436,-44.222,8.07,0,,,,,4,7.7,ok
TIC 152318830,29.4246,-36.9773,8.07,0,,,,,3,6.7,ok
TIC 140495832,21.4826,-35.751,8.07,0,,,,,1,2.6,ok
TIC 144004245,336.6542,-52.6813,8.07,0,,,,,5,9.7,ok
TIC 300841993,300.4334,-38.2281,8.07,0,,,,,3,6.2,ok
TIC 61896955,289.9325,-46.3766,8.07,0,,,,,4,10.2,ok
TIC 139700081,322.383,-52.897,8.07,0,,,,,6,11.6,ok
TIC 291111653,309.8085,-37.4112,8.07,0,,,,,3,6.3,ok
TIC 101935230,13.7781,-41.9786,8.07,0,,,,,3,6.4,ok
TIC 118826494,11.1542,-36.9438,8.07,0,,,,,4,8.0,ok
TIC 159641988,317.9362,-35.8987,8.07,0,,,,,4,8.2,ok
TIC 382524669,13.3698,-51.0528,8.07,0,,,,,6,12.5,ok
TIC 128913158,301.1456,-43.5594,8.07,0,,,,,4,8.3,ok
TIC 197601156,327.5501,-38.2303,8.07,0,,,,,4,13.5,ok
TIC 139763242,323.7742,-52.5899,8.07,0,,,,,7,19.6,ok
TIC 206500773,15.8523,-54.1622,8.08,0,,,,,6,14.4,ok
TIC 219137894,342.1831,-54.3601,8.08,0,,,,,7,14.5,ok
TIC 370141811,310.1586,-55.7337,8.08,0,,,,,6,12.6,ok
TIC 65346708,39.7051,-25.3658,8.08,0,,,,,5,13.1,ok
TIC 265610450,332.1109,-59.4878,8.08,0,,,,,8,15.3,ok
TIC 122522061,38.6107,-33.8475,8.08,0,,,,,6,11.7,ok
TIC 152745202,304.846,-33.1537,8.08,0,,,,,4,9.4,ok
TIC 394557413,335.1037,-63.0162,8.08,0,,,,,10,20.1,ok
TIC 231708574,339.7599,-58.2286,8.08,0,,,,,7,13.7,ok
TIC 80361793,9.3691,-44.4079,8.08,0,,,,,3,9.2,ok
TIC 142852626,50.3301,-29.9879,8.08,0,,,,,2,5.5,ok
TIC 61857507,289.4767,-44.6104,8.08,0,,,,,6,15.1,ok
TIC 175296097,347.2084,-40.2638,8.08,0,,,,,4,11.0,ok
TIC 421435209,293.0899,-42.1245,8.08,0,,,,,5,14.7,ok
TIC 235040315,354.1322,-62.7553,8.08,0,,,,,5,11.1,ok
TIC 369964729,4.2995,-61.2584,8.08,0,,,,,10,17.6,ok
TIC 139457787,336.9895,-42.6875,8.08,0,,,,,4,14.3,ok
TIC 230980624,24.2605,-54.558,8.08,0,,,,,6,17.5,ok
TIC 88348916,44.3011,-24.6265,8.08,0,,,,,4,11.6,ok
TIC 100767052,311.7493,-49.0213,8.08,0,,,,,5,14.8,ok
TIC 316967119,356.4797,-58.3699,8.08,0,,,,,8,27.0,ok
TIC 79547762,50.801,-44.2314,8.08,0,,,,,6,16.4,ok
TIC 101949434,14.8705,-46.6134,8.08,0,,,,,7,20.5,ok
TIC 89183726,56.2631,-25.7357,8.08,0,,,,,2,12.3,ok
TIC 441383419,309.9489,-32.1285,8.08,0,,,,,4,17.5,ok
TIC 229091700,3.762,-45.9778,8.09,0,,,,,5,19.6,ok
TIC 159894075,48.2843,-36.48,8.09,0,,,,,5,15.1,ok
TIC 160263882,28.425,-46.0345,8.09,0,,,,,7,22.0,ok
TIC 382426322,350.1999,-46.4993,8.09,0,,,,,8,18.6,ok
TIC 469903573,335.3437,-52.2485,8.09,0,,,,,6,15.7,ok
TIC 72779475,35.4046,-29.6101,8.09,0,,,,,4,11.1,ok
TIC 181164356,16.507,-39.4139,8.09,0,,,,,6,14.9,ok
TIC 126804554,316.9449,-42.2454,8.09,0,,,,,5,13.6,ok
TIC 401838998,26.2289,-43.6455,8.09,0,,,,,6,13.5,ok
TIC 280794907,359.2635,-60.4035,8.09,0,,,,,9,18.5,ok
TIC 144433625,358.4682,-46.8308,8.09,0,,,,,5,11.4,ok
TIC 389349360,310.8651,-37.7447,8.09,0,,,,,3,9.1,ok
TIC 101931962,13.305,-47.8429,8.09,0,,,,,6,15.9,ok
TIC 100518933,309.0638,-52.6852,8.09,0,,,,,5,11.9,ok
TIC 370283442,336.1962,-56.0044,8.09,0,,,,,7,16.9,ok
TIC 144403542,357.9606,-44.5054,8.09,0,,,,,6,12.8,ok
TIC 121475494,343.1508,-44.9673,8.09,0,,,,,2,9.1,ok
TIC 156070640,9.8006,-52.6049,8.09,0,,,,,5,14.2,ok
TIC 88524791,48.1211,-29.4222,8.09,0,,,,,4,8.4,ok
TIC 111245923,30.4592,-39.3163,8.09,0,,,,,5,15.7,ok
TIC 144539611,52.3471,-24.1001,8.09,0,,,,,2,8.3,ok
TIC 220509935,347.3421,-59.0077,8.1,0,,,,,5,12.4,ok
TIC 146708855,43.9653,-43.2529,8.1,0,,,,,5,11.0,ok
TIC 421363972,292.8926,-42.9588,8.1,0,,,,,4,15.9,ok
TIC 128789494,300.232,-42.0224,8.1,0,,,,,2,14.0,ok
TIC 65325205,38.9254,-28.312,8.1,0,,,,,3,14.1,ok
TIC 129028414,301.4596,-47.3788,8.1,0,,,,,6,21.2,ok
TIC 140139673,58.0914,-37.5243,8.1,0,,,,,2,10.6,ok
TIC 89114582,55.4172,-28.8337,8.1,0,,,,,2,5.6,ok
TIC 224287447,356.7208,-41.8662,8.1,0,,,,,6,10.9,ok
TIC 232062851,339.6491,-63.5728,8.1,0,,,,,4,9.7,ok
TIC 322054057,14.2322,-51.8754,8.1,0,,,,,4,11.9,ok
TIC 144435085,358.7216,-41.9983,8.1,0,,,,,5,13.7,ok
TIC 183535256,5.5361,-38.3849,8.1,0,,,,,6,11.2,ok
TIC 140068194,330.338,-48.211,8.1,0,,,,,5,11.4,ok
TIC 152715346,304.7538,-29.9976,8.1,0,,,,,5,9.7,ok
TIC 152966205,47.0585,-42.8892,8.1,0,,,,,4,15.2,ok
TIC 234993582,350.1351,-63.5433,8.1,0,,,,,5,12.5,ok
TIC 92593091,315.4417,-35.4712,8.1,0,,,,,3,6.4,ok
TIC 201334108,4.7754,-56.4609,8.1,0,,,,,9,16.7,ok
TIC 197963087,348.6965,-48.996,8.1,0,,,,,8,16.6,ok
TIC 114681345,293.971,-41.4461,8.1,0,,,,,2,5.2,ok
TIC 209407706,45.0924,-35.0945,8.1,0,,,,,4,12.8,ok
TIC 80418757,10.2165,-46.8223,8.1,0,,,,,4,11.3,ok
TIC 201229564,359.0018,-47.9437,8.1,0,,,,,8,18.3,ok
TIC 224283245,356.3595,-40.9242,8.1,0,,,,,5,14.0,ok
TIC 146728657,45.2212,-45.2801,8.11,0,,,,,6,14.7,ok
TIC 262818763,348.685,-54.5098,8.11,0,,,,,7,20.8,ok
TIC 114727938,294.1073,-39.7194,8.11,0,,,,,3,8.3,ok
TIC 126944775,318.5807,-42.799,8.11,0,,,,,3,7.6,ok
TIC 469943599,341.6524,-56.6,8.11,0,,,,,8,17.6,ok
TIC 142851546,50.1772,-35.1986,8.11,0,,,,,4,12.4,ok
TIC 123370003,31.9143,-33.0453,8.11,0,,,,,4,18.7,ok
TIC 115014739,315.6678,-39.2809,8.11,0,,,,,5,12.7,ok
TIC 441399632,310.4604,-33.8881,8.11,0,,,,,5,19.3,ok
TIC 176780393,48.3002,-33.5604,8.11,0,,,,,4,18.0,ok
TIC 155917395,5.0731,-51.9785,8.11,0,,,,,9,21.5,ok
TIC 139728864,323.1056,-50.787,8.11,0,,,,,6,18.2,ok
TIC 369371844,59.6386,-36.7961,8.11,0,,,,,3,9.7,ok
TIC 165219211,57.0118,-39.9307,8.11,0,,,,,3,14.5,ok
TIC 237326584,345.7828,-60.4431,8.11,0,,,,,6,14.1,ok
TIC 88328317,333.5515,-44.7145,8.11,0,,,,,5,22.5,ok
TIC 211274192,299.8753,-33.0365,8.11,0,,,,,1,7.8,ok
TIC 200643254,320.4154,-46.1222,8.11,0,,,,,6,17.0,ok
TIC 79305024,319.1124,-53.0046,8.11,0,,,,,7,18.3,ok
TIC 122556717,39.4432,-30.5721,8.12,0,,,,,5,20.3,ok
TIC 389723412,329.2331,-44.3129,8.12,0,,,,,5,14.5,ok
TIC 231641537,318.3724,-59.0977,8.12,0,,,,,9,27.3,ok
TIC 211333421,300.456,-35.6111,8.12,0,,,,,3,11.7,ok
TIC 401868338,27.0203,-42.1359,8.12,0,,,,,5,18.4,ok
TIC 382415461,335.6912,-44.3248,8.12,0,,,,,5,16.6,ok
TIC 209457341,46.6443,-32.6672,8.12,0,,,,,5,22.9,ok
TIC 278515459,332.1927,-39.4637,8.12,0,,,,,4,14.9,ok
TIC 159732916,318.7644,-38.4356,8.12,0,,,,,4,16.1,ok
TIC 71266277,330.0135,-42.9522,8.12,0,,,,,4,13.3,ok
TIC 143762392,285.3906,-46.9669,8.12,0,,,,,3,19.7,ok
TIC 139283644,347.8421,-45.6251,8.12,0,,,,,7,30.4,ok
TIC 139285666,347.9678,-45.137,8.12,0,,,,,6,11.8,ok
TIC 139350006,349.0984,-45.8758,8.12,0,,,,,8,17.4,ok
TIC 266996987,349.9446,-54.7182,8.12,0,,,,,?,2.4,erreur
TIC 206590268,20.5789,-56.7317,8.12,0,,,,,5,9.3,ok
TIC 72668676,33.3561,-28.6897,8.13,0,,,,,3,7.3,ok
TIC 229115773,18.1643,-49.7685,8.13,0,,,,,6,19.6,ok
TIC 32432767,27.4076,-34.4591,8.13,0,,,,,3,11.9,ok
TIC 7218781,32.0954,-46.3732,8.13,0,,,,,7,17.7,ok
TIC 70513361,32.5355,-31.0712,8.13,1,11.1451,12.9,rejete,variabilite_continue,5,17.3,ok
TIC 147148195,322.5377,-47.7592,8.13,0,,,,,5,15.3,ok
TIC 100227109,306.2134,-50.147,8.13,0,,,,,5,11.3,ok
TIC 262530871,20.5092,-44.425,8.13,0,,,,,7,14.9,ok
TIC 402026984,353.4603,-45.6492,8.13,0,,,,,9,19.7,ok
TIC 370132474,307.1184,-54.5996,8.13,0,,,,,4,7.6,ok
TIC 278634046,333.8198,-39.1408,8.13,0,,,,,5,10.9,ok
TIC 290925810,308.8342,-40.2852,8.13,0,,,,,4,7.9,ok
TIC 290632021,307.0576,-38.0002,8.13,0,,,,,4,7.5,ok
TIC 281727553,11.5855,-58.2674,8.13,0,,,,,11,20.2,ok
TIC 231670778,320.1082,-59.2243,8.13,0,,,,,9,15.9,ok
TIC 144463670,49.0162,-28.6344,8.13,0,,,,,3,8.9,ok
TIC 122616490,41.5856,-34.9102,8.13,0,,,,,4,10.9,ok
TIC 425816002,305.9447,-46.9752,8.13,0,,,,,4,11.8,ok
TIC 219925222,298.4645,-52.6572,8.13,0,,,,,5,12.8,ok
TIC 142930937,52.3352,-35.5821,8.13,0,,,,,4,10.5,ok
TIC 101777834,303.5231,-48.8118,8.13,0,,,,,6,17.3,ok
TIC 101935408,13.8086,-43.0485,8.13,0,,,,,7,18.5,ok
TIC 234968587,349.207,-61.8612,8.13,0,,,,,8,21.1,ok
TIC 201233593,359.4454,-49.4002,8.13,0,,,,,9,19.7,ok
TIC 403237036,330.6278,-62.0487,8.13,0,,,,,11,19.0,ok
TIC 129209617,303.0443,-43.7044,8.13,0,,,,,3,8.2,ok
TIC 143981396,335.5095,-49.0506,8.14,0,,,,,7,15.9,ok
TIC 291059336,309.4979,-39.2285,8.14,0,,,,,4,15.7,ok
TIC 91397147,313.2878,-47.7766,8.14,0,,,,,4,11.2,ok
TIC 184533481,29.8311,-44.7418,8.14,0,,,,,6,11.5,ok
TIC 238814023,327.3881,-61.4635,8.14,0,,,,,11,18.9,ok
TIC 219137548,342.0308,-55.7911,8.14,0,,,,,6,12.9,ok
TIC 281797898,13.887,-56.7412,8.14,0,,,,,9,16.6,ok
TIC 143396585,294.2075,-44.5998,8.14,0,,,,,5,14.6,ok
TIC 44646912,59.4665,-27.8723,8.14,0,,,,,4,11.1,ok
TIC 219338105,354.5752,-56.8353,8.14,0,,,,,9,18.8,ok
TIC 278406858,303.4828,-30.9031,8.14,0,,,,,3,10.3,ok
TIC 79225710,317.9002,-52.1631,8.14,0,,,,,7,15.1,ok
TIC 281599082,9.1359,-57.0951,8.14,0,,,,,12,18.8,ok
TIC 201746005,303.4559,-55.1699,8.14,0,,,,,7,17.1,ok
TIC 89094896,54.7499,-24.0878,8.14,0,,,,,1,4.8,ok
TIC 370205071,314.0266,-56.703,8.14,0,,,,,7,13.3,ok
TIC 204613960,41.6782,-22.6612,8.14,0,,,,,4,15.6,ok
TIC 165163786,47.1423,-41.3378,8.14,0,,,,,2,9.5,ok
TIC 269634857,302.0845,-38.8008,8.14,0,,,,,3,10.0,ok
TIC 144456476,335.8523,-43.4068,8.15,0,,,,,3,8.9,ok
TIC 122555448,39.2922,-32.9063,8.15,0,,,,,5,13.5,ok
TIC 88244880,332.7629,-43.4586,8.15,0,,,,,5,13.1,ok
TIC 389529907,325.4592,-37.9641,8.15,0,,,,,5,12.1,ok
TIC 100974442,54.3683,-42.4695,8.15,0,,,,,6,13.3,ok
TIC 101309914,300.127,-52.3868,8.15,0,,,,,5,9.5,ok
TIC 274017287,34.0026,-50.7723,8.15,0,,,,,9,17.5,ok
TIC 215258001,42.6464,-38.746,8.15,0,,,,,5,16.9,ok
TIC 370232454,325.679,-58.3894,8.15,0,,,,,9,16.9,ok
TIC 220014931,32.0885,-53.491,8.15,0,,,,,9,22.3,ok
TIC 115271947,25.4085,-40.4043,8.15,0,,,,,5,16.2,ok
TIC 322063016,14.181,-52.2867,8.15,0,,,,,6,13.8,ok
TIC 158509309,294.7878,-49.8568,8.15,0,,,,,6,14.9,ok
TIC 91310628,311.4555,-43.2467,8.15,0,,,,,4,12.5,ok
TIC 277691038,329.5283,-60.8895,8.15,0,,,,,10,20.8,ok
TIC 89186641,57.6075,-29.6762,8.15,0,,,,,3,9.2,ok
TIC 160196644,27.5803,-47.2699,8.16,0,,,,,7,16.6,ok
TIC 115282972,26.4614,-38.6371,8.16,0,,,,,5,12.0,ok
TIC 176841971,49.2243,-34.8024,8.16,0,,,,,4,9.1,ok
TIC 406477930,53.409,-22.9504,8.16,0,,,,,3,9.5,ok
TIC 89113546,55.3502,-25.3452,8.16,0,,,,,3,10.8,ok
TIC 71445771,47.5678,-20.5558,8.16,0,,,,,2,8.7,ok
TIC 308267477,52.1388,-41.6085,8.16,0,,,,,5,15.1,ok
TIC 168794172,63.985,-31.9878,8.16,0,,,,,5,14.4,ok
TIC 381857833,322.5175,-56.2779,8.16,0,,16.6,rejete,variabilite_continue;eclipse_secondaire,9,23.4,ok
TIC 146687419,42.9362,-47.2038,8.16,0,,,,,5,14.1,ok
TIC 425931249,2.7441,-61.7464,8.16,0,,,,,8,19.3,ok
TIC 269586620,301.7065,-40.9028,8.16,0,,,,,3,10.3,ok
TIC 129814095,54.6,-36.6249,8.16,0,,,,,3,8.5,ok
TIC 234520902,15.1329,-60.6979,8.16,0,,,,,3,6.4,ok
TIC 393950811,345.679,-39.7693,8.16,0,,,,,4,12.1,ok
TIC 100566535,309.4935,-48.5459,8.16,0,,,,,5,11.4,ok
TIC 142273588,40.1873,-45.1665,8.16,0,,,,,4,7.8,ok
TIC 122669969,42.0039,-32.286,8.16,0,,,,,6,16.5,ok
TIC 64112314,40.4299,-21.1712,8.16,0,,,,,4,13.8,ok
TIC 91555460,44.0514,-35.1639,8.16,0,,,,,6,11.7,ok
TIC 41858253,20.3726,-40.9714,8.16,0,,,,,6,15.5,ok
TIC 229147944,27.1872,-48.4138,8.16,0,,,,,9,20.0,ok
TIC 265438551,321.1116,-60.6757,8.17,0,,,,,8,20.7,ok
TIC 128728519,300.0295,-45.4871,8.17,0,,,,,4,9.5,ok
TIC 354892631,300.7419,-39.1951,8.17,0,,,,,3,8.3,ok
TIC 115275287,25.9678,-37.1309,8.17,0,,,,,5,12.5,ok
TIC 160220441,27.7814,-44.1146,8.17,0,,,,,7,18.8,ok
TIC 179678584,13.4771,-37.0801,8.17,0,,,,,6,17.7,ok
TIC 231240670,330.7887,-49.3298,8.17,0,,,,,7,18.3,ok
TIC 257526283,45.9909,-21.0925,8.17,0,,,,,3,13.5,ok
TIC 206590856,20.7765,-54.1832,8.17,0,,,,,5,17.5,ok
TIC 152796276,305.0077,-32.0954,8.17,0,,,,,4,14.9,ok
TIC 469974742,8.1171,-60.6729,8.17,0,,,,,10,24.6,ok
TIC 423782901,52.052,-29.4278,8.17,0,,,,,3,15.1,ok
TIC 422043310,301.6319,-54.0849,8.17,0,,,,,6,15.3,ok
TIC 360877445,307.2945,-57.1776,8.17,0,,,,,8,18.6,ok
TIC 290417892,305.6939,-37.2625,8.17,0,,,,,4,8.8,ok
TIC 290820376,308.1919,-36.2289,8.17,0,,,,,4,8.9,ok
TIC 139765633,324.113,-48.0553,8.17,0,,,,,5,10.5,ok
TIC 152310131,29.3847,-40.6362,8.17,0,,,,,5,12.4,ok
TIC 128797775,300.3776,-42.4846,8.17,0,,,,,5,10.1,ok
TIC 304984560,288.3608,-49.1583,8.17,0,,,,,6,10.7,ok
TIC 147284977,324.8787,-43.0304,8.17,0,,,,,4,8.7,ok
TIC 300736769,299.9978,-40.8058,8.17,0,,15.0,rejete,variabilite_continue;eclipse_secondaire,4,12.5,ok
TIC 370282395,336.221,-59.78,8.17,0,,,,,8,20.8,ok
TIC 71314259,330.4729,-46.387,8.17,0,,,,,5,16.6,ok
TIC 165878493,1.2779,-42.568,8.18,0,,,,,5,15.8,ok
TIC 80453215,12.1758,-47.1163,8.18,0,,,,,6,14.9,ok
TIC 146249749,34.948,-35.4456,8.18,0,,,,,5,13.1,ok
TIC 115693368,6.9803,-41.9673,8.18,0,,,,,6,14.6,ok
TIC 158209675,287.2611,-48.6348,8.18,0,,,,,1,3.0,ok
TIC 290276476,305.0516,-39.3832,8.18,0,,,,,2,4.4,ok
TIC 183618947,18.6353,-40.5493,8.18,0,,,,,8,15.3,ok
TIC 257723089,37.1456,-32.9289,8.18,0,,,,,5,9.1,ok
TIC 77092480,34.3364,-38.6698,8.18,0,,,,,4,12.7,ok
TIC 152625558,304.295,-35.3932,8.18,0,,,,,4,10.5,ok
TIC 197575514,326.3488,-41.9844,8.18,0,,,,,5,10.9,ok
TIC 61512415,288.0249,-45.2998,8.18,0,,,,,6,11.3,ok
TIC 382319010,318.3441,-45.6436,8.18,0,,,,,5,11.7,ok
TIC 423783847,52.1282,-25.7004,8.18,0,,,,,3,11.0,ok
TIC 159734479,318.9345,-37.1834,8.18,0,,,,,5,18.9,ok
TIC 120916069,37.1503,-29.2733,8.18,0,,,,,3,9.9,ok
TIC 139113397,319.7623,-44.2805,8.18,0,,,,,6,16.6,ok
TIC 231626584,316.9931,-54.7404,8.18,0,,,,,7,16.2,ok
TIC 144539383,52.2553,-24.8956,8.18,0,,,,,1,7.9,ok
TIC 206541781,18.091,-57.3621,8.18,0,,,,,9,21.7,ok
TIC 144398869,357.6579,-45.9513,8.18,0,,,,,8,17.6,ok
TIC 262815962,348.2335,-54.1867,8.18,0,,,,,8,15.9,ok
TIC 88406214,45.4093,-25.4272,8.18,0,,,,,4,10.7,ok
TIC 469934741,351.1252,-49.3477,8.18,0,,,,,5,14.8,ok
TIC 143462428,294.8616,-43.8659,8.19,0,,,,,5,13.1,ok
TIC 140432638,20.2757,-35.6084,8.19,0,,,,,5,15.6,ok
TIC 300284790,298.2095,-38.0847,8.19,0,,,,,4,15.0,ok
TIC 278827695,336.3075,-41.7662,8.19,0,,,,,5,10.3,ok
TIC 197765015,326.9878,-58.0392,8.19,0,,,,,9,17.7,ok
TIC 281594845,8.2885,-54.1546,8.19,0,,,,,9,20.1,ok
TIC 281543010,6.8684,-58.9531,8.19,0,,,,,6,12.4,ok
TIC 160004409,50.8792,-38.3777,8.19,0,,,,,5,9.8,ok
TIC 197954428,347.1664,-48.9953,8.19,0,,,,,9,17.9,ok
TIC 229093048,19.0764,-42.4796,8.19,0,,,,,7,12.9,ok
TIC 229115589,18.2216,-48.8432,8.19,0,,,,,6,13.9,ok
TIC 65345479,39.4211,-29.3235,8.19,0,,,,,?,3.3,erreur
TIC 402028558,16.6942,-48.078,8.19,0,,,,,6,11.6,ok
TIC 144651951,53.9609,-26.7875,8.19,0,,,,,2,4.7,ok
TIC 142888833,51.8464,-34.5061,8.19,0,,,,,4,8.0,ok
TIC 403135431,333.721,-58.6699,8.19,0,,,,,9,17.4,ok
TIC 41898948,21.8391,-39.4627,8.19,0,,,,,6,12.6,ok
TIC 41832541,19.4692,-36.529,8.19,0,,,,,5,13.9,ok
TIC 219325050,331.4016,-54.9537,8.19,0,,,,,9,17.9,ok
TIC 281639246,9.4889,-58.062,8.19,0,,,,,11,16.8,ok
TIC 219306160,316.7426,-59.5356,8.19,0,,,,,8,14.6,ok
TIC 166750610,56.7385,-33.6993,8.19,0,,,,,2,6.3,ok
TIC 156000591,8.0885,-51.9906,8.19,0,,,,,6,11.7,ok
TIC 140072441,57.2638,-39.0709,8.2,0,,,,,4,8.8,ok
TIC 139256883,347.2709,-46.7257,8.2,0,,,,,7,11.8,ok
TIC 129811221,54.2934,-38.4241,8.2,0,,,,,4,8.6,ok
TIC 48959495,302.7164,-34.769,8.2,0,,,,,4,8.0,ok
TIC 49618208,37.9681,-36.9262,8.2,0,,,,,4,9.9,ok
TIC 234502511,11.4658,-60.0054,8.2,0,,,,,11,18.1,ok
TIC 144386733,357.2477,-45.0072,8.2,0,,,,,8,15.6,ok
TIC 123335909,30.6137,-33.4647,8.2,0,,,,,5,12.1,ok
TIC 197598203,327.2365,-40.3469,8.2,0,,,,,4,10.1,ok
TIC 183588622,17.1794,-39.9848,8.2,0,,,,,6,15.1,ok
TIC 403136832,333.8342,-53.9814,8.2,0,,,,,8,19.4,ok
TIC 166744141,36.8985,-49.8905,8.2,0,,,,,8,17.6,ok
TIC 168788561,63.3905,-33.5054,8.2,0,,,,,4,9.1,ok
TIC 265529944,330.2246,-56.4712,8.2,0,,,,,6,11.0,ok
TIC 118115269,10.0574,-37.5794,8.2,0,,,,,6,10.7,ok
TIC 166699944,55.5278,-30.2579,8.2,0,,,,,2,5.4,ok
TIC 404159325,296.4415,-52.6159,8.2,0,,,,,4,7.8,ok
TIC 139933139,327.2799,-48.9968,8.2,0,,,,,5,10.1,ok
TIC 441333062,309.34,-34.7358,8.2,0,,,,,4,6.6,ok
TIC 206563239,19.7325,-54.9141,8.2,0,,,,,7,13.5,ok
TIC 159638876,317.7561,-40.5393,8.2,0,,,,,4,12.7,ok
TIC 32290739,24.2929,-33.5064,8.2,0,,,,,5,12.3,ok
TIC 156004112,8.7622,-48.9341,8.2,0,,,,,7,14.1,ok
TIC 152969181,47.5509,-43.7211,8.2,0,,,,,5,14.5,ok
TIC 144377264,356.602,-46.3309,8.2,0,,,,,8,17.7,ok
TIC 91099636,309.7683,-47.5283,8.21,0,,,,,4,14.2,ok
TIC 147147526,322.2911,-46.3637,8.21,0,,,,,5,15.3,ok
TIC 65325436,38.9345,-26.697,8.21,0,,,,,5,12.4,ok
TIC 101453390,301.1987,-49.7551,8.21,0,,,,,5,12.7,ok
TIC 117518457,340.2011,-45.5664,8.21,0,,,,,6,14.5,ok
TIC 165940297,31.5325,-45.2349,8.21,0,,,,,7,13.4,ok
TIC 387313600,312.6801,-56.2431,8.21,0,,,,,2,8.1,ok
TIC 72639071,32.1426,-28.5502,8.21,0,,,,,4,13.4,ok
TIC 220508771,346.9706,-54.075,8.21,0,,,,,7,19.9,ok
TIC 389310689,310.7094,-40.861,8.21,0,,,,,4,11.0,ok
TIC 101400947,300.5995,-51.4457,8.21,0,,,,,5,12.2,ok
TIC 140496111,21.6905,-34.1612,8.21,0,,,,,5,12.3,ok
TIC 231694736,323.3715,-58.2054,8.21,0,,,,,10,24.8,ok
TIC 71344880,44.93,-23.3817,8.21,0,,,,,4,15.8,ok
TIC 91596513,38.7795,-39.9951,8.21,0,,,,,5,14.0,ok
TIC 322008992,3.2265,-43.5704,8.21,0,,,,,7,17.1,ok
TIC 123319998,29.8358,-35.739,8.21,0,,,,,4,16.9,ok
TIC 219924521,298.4013,-53.9286,8.21,0,,,,,2,7.6,ok
TIC 219986012,29.9561,-50.5667,8.21,0,,,,,9,22.2,ok
TIC 159898381,48.8216,-37.0417,8.21,0,,,,,5,13.7,ok
TIC 180145859,14.3944,-41.257,8.21,0,,,,,2,7.9,ok
TIC 369954725,295.4245,-47.8266,8.21,0,,,,,6,15.1,ok
TIC 469854402,321.2964,-47.9069,8.21,0,,,,,6,16.6,ok
TIC 389587663,311.9876,-45.2177,8.21,0,,,,,4,11.3,ok
TIC 92141603,333.8993,-42.9768,8.21,0,,,,,4,7.7,ok
TIC 168786960,63.3088,-31.2835,8.21,0,,,,,4,9.4,ok
TIC 197570902,326.032,-39.2316,8.22,0,,,,,5,9.8,ok
TIC 70523408,32.9304,-31.3983,8.22,0,,,,,4,12.0,ok
TIC 439453212,301.5935,-35.6017,8.22,0,,,,,4,8.6,ok
TIC 129081714,302.1809,-46.3051,8.22,0,,,,,2,4.4,ok
TIC 80474441,12.474,-43.9903,8.22,0,,,,,6,17.1,ok
TIC 139898940,326.8093,-51.1997,8.22,0,,,,,7,14.7,ok
TIC 143042696,55.1538,-35.091,8.22,0,,,,,3,9.7,ok
TIC 441261072,295.2386,-41.3888,8.22,0,,,,,3,6.4,ok
TIC 129782747,53.8028,-39.9455,8.22,0,,38.9,rejete,variabilite_continue;eclipse_secondaire;compagnon_trop_gros_2.3Rjup,5,13.3,ok
TIC 220378886,320.7536,-55.4428,8.22,0,,,,,8,16.6,ok
TIC 140431282,19.9274,-33.7212,8.22,0,,,,,3,11.0,ok
TIC 166774841,57.2654,-33.0847,8.22,0,,,,,3,15.0,ok
TIC 102072525,17.9412,-45.911,8.22,0,,,,,7,19.3,ok
TIC 326211924,41.0304,-20.5235,8.22,0,,,,,4,8.9,ok
TIC 147115399,321.8406,-47.1585,8.22,0,,,,,6,11.1,ok
TIC 235037404,353.8295,-63.1717,8.22,0,,,,,8,17.7,ok
TIC 409699728,332.8275,-56.4172,8.22,0,,,,,6,12.4,ok
TIC 408249361,51.3485,-24.5778,8.22,0,,,,,1,4.3,ok
TIC 394017228,329.9204,-55.7246,8.22,0,,,,,8,15.7,ok
TIC 322053620,14.2892,-49.598,8.22,0,,,,,4,14.9,ok
TIC 41994005,23.6234,-40.8315,8.22,0,,,,,7,14.3,ok
TIC 219990936,30.6458,-52.5324,8.22,0,,,,,9,18.1,ok
TIC 175296437,347.1356,-41.8443,8.22,0,,,,,5,11.5,ok
TIC 209408331,45.0536,-31.6405,8.22,0,,,,,5,13.6,ok
TIC 120430137,0.7399,-39.5277,8.22,0,,,,,6,14.5,ok
TIC 160188131,6.4984,-46.9741,8.22,0,,,,,7,15.2,ok
TIC 115350571,27.9016,-38.3558,8.22,0,,,,,5,17.5,ok
TIC 232058719,338.6749,-61.125,8.22,0,,,,,9,18.9,ok
TIC 65348249,39.7808,-24.5069,8.23,0,,,,,5,10.8,ok
TIC 308267142,52.0587,-39.6987,8.23,0,,,,,4,11.0,ok
TIC 207079467,320.9084,-37.111,8.23,0,,,,,5,14.3,ok
TIC 403190647,337.073,-56.5119,8.23,0,,,,,6,16.1,ok
TIC 129764433,35.4793,-37.9167,8.23,0,,,,,5,13.6,ok
TIC 41954053,21.9547,-37.668,8.23,0,,,,,5,12.0,ok
TIC 219974785,306.4124,-56.7355,8.23,0,,,,,8,18.3,ok
TIC 79180181,317.3666,-48.4416,8.23,0,,,,,5,12.6,ok
TIC 140045538,329.4213,-51.009,8.23,0,,,,,6,15.6,ok
TIC 144000467,336.264,-53.8114,8.23,0,,,,,7,18.2,ok
TIC 156077913,10.8992,-50.9766,8.23,0,,,,,7,15.7,ok
TIC 155991147,7.5823,-48.0536,8.23,0,,,,,7,17.8,ok
TIC 156016142,8.945,-50.2884,8.23,0,,,,,6,16.1,ok
TIC 65398159,40.486,-28.5467,8.23,0,,,,,5,13.3,ok
TIC 100826322,312.0336,-52.5613,8.23,0,,,,,5,12.1,ok
TIC 79325855,319.2611,-52.1073,8.23,0,,,,,7,12.2,ok
TIC 79753826,296.2694,-42.9164,8.23,0,,,,,4,8.2,ok
TIC 122609480,40.5067,-34.8329,8.24,0,,,,,6,13.2,ok
TIC 229806012,329.6374,-53.9874,8.24,0,,,,,9,18.2,ok
TIC 257555692,46.5112,-19.2879,8.24,0,,,,,3,7.4,ok
TIC 142866312,50.5903,-32.9947,8.24,0,,,,,4,8.2,ok
TIC 199731400,21.3775,-47.2272,8.24,0,,,,,8,16.7,ok
TIC 160004227,50.8578,-39.1642,8.24,0,,,,,5,13.0,ok
TIC 143398024,294.31,-46.1606,8.24,0,,,,,6,13.4,ok
TIC 355058575,303.8737,-40.0322,8.24,0,,,,,3,9.3,ok
TIC 218986661,42.3389,-21.6562,8.24,0,,,,,3,10.4,ok
TIC 219992932,31.0745,-51.1542,8.24,0,,,,,9,19.8,ok
TIC 269530556,301.7531,-36.7028,8.24,0,,,,,3,10.4,ok
TIC 369250964,314.2953,-37.9634,8.24,0,,,,,4,12.4,ok
TIC 70489829,22.2586,-33.349,8.24,0,,,,,5,13.3,ok
TIC 72667052,33.0804,-26.6402,8.24,0,,,,,4,13.6,ok
TIC 101582880,302.0918,-49.1077,8.24,0,,,,,6,20.9,ok
TIC 144495867,49.6071,-24.1018,8.24,0,,,,,2,8.0,ok
TIC 166700282,55.583,-32.109,8.24,0,,,,,2,4.9,ok
TIC 32267583,23.5648,-34.3237,8.24,0,,,,,5,13.6,ok
TIC 231274037,41.3801,-50.1308,8.24,0,,,,,6,13.5,ok
TIC 326061803,303.5917,-29.2274,8.25,0,,,,,1,7.3,ok
TIC 220015232,32.3188,-52.6337,8.25,0,,,,,9,19.0,ok
TIC 159844964,320.4501,-36.4172,8.25,0,,,,,5,13.8,ok
TIC 80059947,297.9154,-43.4563,8.25,0,,,,,5,10.9,ok
TIC 220508128,347.0253,-57.1251,8.25,0,,,,,7,14.7,ok
TIC 161135636,338.4622,-49.7892,8.25,0,,,,,7,13.5,ok
TIC 89255336,58.6462,-28.9973,8.25,0,,,,,2,8.4,ok
TIC 281850414,14.496,-55.2442,8.25,0,,,,,8,16.3,ok
TIC 232060678,339.4627,-60.0947,8.25,0,,,,,7,14.7,ok
TIC 64105494,39.3402,-23.7226,8.25,0,,,,,5,10.4,ok
TIC 389613626,312.2797,-45.7036,8.25,0,,,,,4,6.9,ok
TIC 320938965,324.6057,-39.3128,8.25,0,,,,,4,8.8,ok
TIC 89018471,337.9469,-45.9803,8.25,0,,,,,5,10.9,ok
TIC 129839574,55.459,-36.9242,8.25,0,,,,,3,11.2,ok
TIC 129580353,305.6808,-42.9558,8.25,0,,,,,2,4.7,ok
TIC 300399890,298.5364,-35.9864,8.25,0,,,,,4,10.2,ok
TIC 126946283,318.7468,-44.2195,8.25,0,,,,,5,9.1,ok
TIC 91430444,313.3317,-45.318,8.25,0,,,,,3,11.5,ok
TIC 71400887,46.937,-22.4532,8.25,0,,,,,3,5.6,ok
TIC 469850267,316.8161,-49.157,8.26,0,,,,,6,12.9,ok
TIC 183582165,11.9455,-39.1563,8.26,0,,,,,6,13.7,ok
TIC 234510319,12.8617,-60.4424,8.26,0,,,,,11,18.4,ok
TIC 65481072,42.7447,-28.1325,8.26,0,,,,,5,12.8,ok
TIC 88363281,44.4187,-27.6681,8.26,0,,,,,3,7.8,ok
TIC 220344205,307.3494,-56.4969,8.26,0,,,,,4,8.7,ok
TIC 231048207,29.0381,-54.4029,8.26,0,,,,,6,11.7,ok
TIC 355547387,320.9919,-58.4237,8.26,0,,,,,9,15.8,ok
TIC 158343153,288.7583,-49.9899,8.26,0,,,,,6,14.7,ok
TIC 123322094,30.196,-34.4207,8.26,0,,,,,4,11.9,ok
TIC 166932002,60.2197,-33.056,8.26,0,,,,,4,8.7,ok
TIC 201249058,0.5207,-56.515,8.26,0,,,,,12,19.0,ok
TIC 159858551,325.5843,-41.2097,8.26,0,,,,,3,8.0,ok
TIC 300997574,30.9995,-43.9998,8.26,0,,,,,4,11.3,ok
TIC 142218811,39.0335,-46.2546,8.26,0,,,,,5,11.3,ok
TIC 281461437,6.1576,-57.0367,8.26,0,,,,,12,20.0,ok
TIC 316936115,356.2587,-59.1753,8.26,0,,,,,9,21.5,ok
TIC 126745610,315.7837,-45.7528,8.26,0,,,,,5,10.6,ok
TIC 101543745,301.931,-53.1088,8.26,0,,,,,6,11.5,ok
TIC 321055375,44.1422,-39.448,8.26,0,,,,,7,16.4,ok
TIC 231239894,330.6558,-52.3333,8.26,0,,,,,5,12.3,ok
TIC 144602115,53.4676,-29.2247,8.26,0,,,,,3,13.8,ok
TIC 118114124,10.2276,-40.5314,8.26,0,,,,,7,15.0,ok
TIC 139772257,324.398,-51.5864,8.26,0,,,,,5,10.5,ok
TIC 144277475,353.856,-47.7242,8.26,0,,,,,10,19.1,ok
TIC 146269096,35.5638,-31.0464,8.26,0,,,,,2,5.6,ok
TIC 160147850,1.0264,-44.0504,8.26,0,,,,,7,13.0,ok
TIC 184240674,359.2784,-41.4389,8.26,0,,,,,5,10.0,ok
TIC 80089548,298.0865,-42.6229,8.26,0,,,,,4,12.2,ok
TIC 231668062,319.717,-56.0624,8.26,0,,,,,9,18.5,ok
TIC 257525895,46.0552,-23.1437,8.26,0,,,,,3,7.6,ok
TIC 219123085,342.0333,-58.2692,8.26,0,,,,,6,12.6,ok
TIC 407585696,49.8643,-31.5609,8.26,0,,,,,4,8.9,ok
TIC 120607450,4.6533,-40.1099,8.27,0,,,,,5,11.4,ok
TIC 206288957,353.4977,-48.5222,8.27,0,,,,,8,18.9,ok
TIC 403137725,333.8768,-56.8676,8.27,0,,,,,9,17.0,ok
TIC 404162242,296.5239,-48.94,8.27,0,,,,,6,10.7,ok
TIC 231711146,352.1073,-57.6303,8.27,0,,,,,7,14.8,ok
TIC 235009501,352.4417,-61.282,8.27,0,,,,,2,4.7,ok
TIC 319246375,353.5769,-59.0806,8.27,0,,,,,7,15.0,ok
TIC 166464480,298.7197,-50.1502,8.27,0,,,,,5,9.0,ok
TIC 129767096,35.8932,-37.1105,8.27,0,,,,,5,10.7,ok
TIC 165165033,47.2361,-39.6156,8.27,0,,,,,5,12.7,ok
TIC 425864422,352.1221,-44.5869,8.27,0,,,,,8,12.2,ok
TIC 160221083,28.0621,-47.5117,8.27,0,,,,,7,11.7,ok
TIC 92363134,52.674,-22.6206,8.27,0,,,,,2,5.4,ok
TIC 161378663,344.6063,-50.799,8.27,0,,,,,8,15.0,ok
TIC 158621849,22.4847,-48.3517,8.27,0,,,,,8,17.1,ok
TIC 139089310,319.466,-42.0467,8.27,0,,,,,5,8.9,ok
TIC 152744780,304.8995,-33.8171,8.27,0,,,,,1,5.9,ok
TIC 266994864,349.6734,-55.1673,8.27,0,,,,,7,11.5,ok
TIC 206532868,17.1597,-59.5443,8.27,0,,,,,10,20.3,ok
TIC 79449320,321.5183,-51.814,8.27,0,,,,,8,17.2,ok
TIC 91643239,40.7635,-41.237,8.27,0,,,,,4,7.7,ok
TIC 161112323,338.4091,-48.2686,8.28,0,,,,,4,9.3,ok
TIC 394124583,348.3427,-60.4459,8.28,0,,,,,8,17.6,ok
TIC 146686867,42.9373,-43.9359,8.28,0,,,,,5,9.8,ok
TIC 229114957,17.9704,-50.5899,8.28,0,,,,,7,15.2,ok
TIC 62351972,291.8994,-45.7114,8.28,0,,,,,6,12.0,ok
TIC 144002630,336.5132,-49.5655,8.28,0,,,,,7,14.0,ok
TIC 291015425,309.5339,-40.8925,8.28,0,,,,,4,7.2,ok
TIC 197575748,326.4587,-41.23,8.28,0,,,,,2,7.9,ok
TIC 181165358,16.7866,-38.723,8.28,0,,,,,6,11.5,ok
TIC 355636696,358.1157,-56.6427,8.28,0,,,,,9,14.8,ok
TIC 183586181,12.5322,-40.6199,8.28,0,,,,,6,11.6,ok
TIC 230976974,300.4339,-55.5217,8.28,0,,,,,6,9.7,ok
TIC 166342286,297.6936,-51.6976,8.28,0,,,,,6,11.2,ok
TIC 42013134,23.9369,-39.2453,8.28,0,,,,,6,13.6,ok
TIC 176799235,48.6916,-33.861,8.28,0,,,,,3,7.5,ok
TIC 41898667,21.8058,-41.2485,8.28,0,,,,,7,14.2,ok
TIC 389378986,311.8406,-41.5348,8.28,0,,,,,3,8.3,ok
TIC 234997844,350.9169,-61.0173,8.28,0,,,,,8,14.4,ok
TIC 219293393,311.3402,-54.7749,8.28,0,,,,,6,10.7,ok
TIC 441407954,310.712,-35.4189,8.28,0,,,,,2,4.8,ok
TIC 142218258,39.1573,-43.2823,8.28,0,,,,,5,12.6,ok
TIC 354655848,33.787,-51.4825,8.28,0,,,,,9,17.6,ok
TIC 299936689,296.9774,-41.4345,8.29,0,,,,,5,10.0,ok
TIC 231065613,31.7796,-55.1503,8.29,0,,,,,9,15.3,ok
TIC 231063412,31.3757,-54.2551,8.29,0,,,,,9,17.7,ok
TIC 230980897,24.2921,-56.2707,8.29,0,,,,,4,8.1,ok
TIC 100918210,32.5175,-38.2229,8.29,0,,,,,5,12.2,ok
TIC 91556441,44.1761,-30.8602,8.29,0,,,,,5,13.7,ok
TIC 88483134,47.4182,-26.2552,8.29,0,,,,,1,5.7,ok
TIC 165886378,1.8655,-44.644,8.29,0,,,,,6,11.9,ok
TIC 197759518,331.521,-40.2427,8.29,0,,,,,5,11.8,ok
TIC 197734527,330.5233,-40.1543,8.29,0,,,,,5,9.6,ok
TIC 139368904,349.8457,-47.2295,8.29,0,,,,,7,12.9,ok
TIC 67650835,19.0286,-34.1488,8.29,0,,,,,3,9.3,ok
TIC 143295589,293.5698,-46.6795,8.29,0,,,,,6,10.2,ok
TIC 100196754,306.0158,-51.773,8.29,0,,,,,4,10.0,ok
TIC 89096495,54.8917,-27.364,8.29,0,,,,,3,7.4,ok
TIC 129570707,305.5733,-47.6848,8.29,0,,,,,5,9.6,ok
TIC 129139441,302.5663,-47.3318,8.29,0,,,,,6,11.7,ok
TIC 382532335,15.7942,-50.6838,8.29,0,,,,,5,10.2,ok
TIC 88523276,48.0218,-27.5781,8.29,0,,,,,4,9.5,ok
TIC 41993482,23.4176,-39.9121,8.29,0,,,,,6,13.9,ok
TIC 231638013,318.1998,-58.3506,8.29,0,,,,,9,16.2,ok
TIC 79005592,314.9897,-53.4417,8.29,0,,,,,5,10.6,ok
TIC 41860240,20.5584,-40.4739,8.29,0,,,,,7,12.4,ok
TIC 229147081,27.2835,-53.0114,8.29,0,,,,,8,18.7,ok
TIC 469935712,355.6172,-50.6995,8.29,0,,,,,11,18.2,ok
TIC 64105756,39.5066,-22.1318,8.29,0,,,,,3,5.4,ok
TIC 229150662,27.8237,-49.9741,8.29,0,,,,,8,19.9,ok
TIC 122522501,38.5971,-30.6984,8.29,0,,,,,5,10.3,ok
TIC 406322391,327.4608,-60.0557,8.29,0,,12.1,rejete,variabilite_continue;eclipse_secondaire,10,26.2,ok
TIC 71445968,47.5761,-21.694,8.3,0,,,,,2,8.2,ok
TIC 128791030,300.1281,-44.0528,8.3,0,,,,,1,10.6,ok
TIC 139467299,337.1567,-43.363,8.3,0,,,,,4,10.3,ok
TIC 176780257,48.2843,-34.3753,8.3,0,,,,,5,8.8,ok
TIC 79923335,297.2358,-44.2379,8.3,0,,,,,4,8.8,ok
TIC 144537920,51.0479,-27.1382,8.3,0,,,,,3,8.5,ok
TIC 129480459,304.8065,-46.7504,8.3,0,,,,,4,9.4,ok
TIC 166496817,304.9921,-49.7473,8.3,0,,,,,1,4.7,ok
TIC 117509447,339.1548,-46.4597,8.3,0,,,,,6,11.4,ok
TIC 370146806,312.7147,-57.3485,8.3,0,,,,,?,3.1,erreur
TIC 269380430,292.0743,-41.899,8.3,0,,,,,3,6.2,ok
TIC 144309153,354.9031,-46.3262,8.3,0,,,,,9,17.0,ok
TIC 370011562,307.3629,-42.9398,8.3,0,,,,,1,3.5,ok
TIC 139250626,347.1456,-43.0147,8.3,0,,,,,7,13.2,ok
TIC 139207284,346.1135,-42.0744,8.3,0,,,,,6,11.2,ok
TIC 158621007,22.4218,-51.7877,8.3,0,,,,,8,14.6,ok
TIC 389450214,312.3984,-40.8898,8.3,0,,,,,6,16.3,ok
TIC 114950700,315.2107,-36.5363,8.3,0,,,,,5,13.1,ok
TIC 120506364,2.3847,-40.6494,8.3,0,,,,,5,12.3,ok
TIC 237310691,343.4243,-60.9948,8.3,0,,,,,8,17.6,ok
TIC 155984704,7.2097,-53.0594,8.3,0,,,,,8,16.4,ok
TIC 71372819,45.5545,-21.751,8.3,0,,,,,3,12.6,ok
TIC 161403090,345.5902,-49.8644,8.3,0,,,,,7,11.3,ok
TIC 316915351,356.0228,-54.2071,8.3,0,,,,,11,16.5,ok
TIC 115445124,6.6171,-39.5826,8.3,0,,,,,6,21.1,ok
TIC 166606391,313.3585,-49.3831,8.3,0,,,,,5,23.2,ok
TIC 128792681,300.2231,-46.3551,8.3,0,,,,,4,11.1,ok
TIC 144460942,0.0087,-45.762,8.31,0,,,,,7,14.3,ok
TIC 231911238,7.0268,-61.0272,8.31,0,,,,,1,3.3,ok
TIC 121421968,341.8088,-43.6062,8.31,0,,,,,5,10.1,ok
TIC 118327447,10.5297,-39.2567,8.31,0,,,,,6,10.2,ok
TIC 224279320,355.569,-40.3204,8.31,0,,,,,5,11.2,ok
TIC 166767473,38.1319,-51.2876,8.31,0,,,,,8,17.5,ok
TIC 166764364,57.1363,-31.7807,8.31,0,,,,,3,6.4,ok
TIC 340795327,36.768,-36.1703,8.31,0,,,,,5,9.3,ok
TIC 143856845,331.9052,-51.8782,8.31,0,,,,,5,11.9,ok
TIC 308305519,52.3539,-37.0115,8.31,0,,,,,4,12.3,ok
TIC 147267222,324.2917,-43.9834,8.31,0,,,,,3,7.2,ok
TIC 166869616,59.0348,-32.6658,8.31,0,,,,,3,6.8,ok
TIC 146246612,34.4273,-33.3824,8.31,0,,,,,5,15.2,ok
TIC 89149898,55.796,-28.1396,8.31,0,,,,,3,8.6,ok
TIC 129815484,54.9839,-41.5314,8.31,0,,,,,5,9.6,ok
TIC 316832189,324.1308,-54.1912,8.31,0,,12.0,rejete,variabilite_continue;eclipse_secondaire,3,13.6,ok
TIC 88523868,48.0078,-24.0601,8.31,0,,,,,3,16.3,ok
TIC 152167411,307.5722,-35.355,8.31,0,,,,,4,14.8,ok
TIC 259784083,323.4389,-60.6968,8.31,0,,,,,7,19.3,ok
TIC 262531697,20.6657,-43.4318,8.31,0,,,,,9,19.6,ok
TIC 220344515,307.3652,-55.7953,8.32,0,,,,,7,17.6,ok
TIC 143924219,332.7033,-48.8907,8.32,0,,,,,5,16.0,ok
TIC 137883862,48.377,-23.0269,8.32,0,,,,,3,14.8,ok
TIC 165144579,46.3852,-37.6309,8.32,0,,,,,7,21.5,ok
TIC 224275217,355.1178,-41.7475,8.32,0,,,,,6,32.7,ok
TIC 115275931,26.0479,-41.3496,8.32,0,,,,,6,19.2,ok
TIC 160008457,51.1461,-41.2022,8.32,0,,,,,6,19.2,ok
TIC 7152332,5.581,-44.6492,8.32,0,,,,,5,18.1,ok
TIC 120896927,36.8676,-27.6368,8.32,0,,13.2,rejete,variabilite_continue,5,20.5,ok
TIC 90906535,307.902,-43.9813,8.32,0,,,,,2,12.8,ok
TIC 229145358,26.8152,-49.4283,8.32,0,,,,,8,19.1,ok
TIC 62294176,291.3131,-45.0584,8.32,0,,,,,5,13.8,ok
TIC 160148053,0.986,-45.2887,8.32,0,,,,,6,15.1,ok
TIC 389423271,311.9376,-36.5952,8.32,0,,21.0,rejete,variabilite_continue;eclipse_secondaire,3,12.9,ok
TIC 143289803,293.528,-43.4644,8.32,0,,,,,2,9.3,ok
TIC 88405947,45.2877,-26.8755,8.33,0,,,,,2,8.0,ok
TIC 143461757,294.8459,-43.1336,8.33,0,,,,,4,11.1,ok
TIC 159967884,50.0563,-41.7114,8.33,0,,,,,6,14.2,ok
TIC 158537249,20.2135,-52.4744,8.33,0,,,,,7,14.3,ok
TIC 34638294,305.9525,-34.9701,8.33,0,,,,,4,10.9,ok
TIC 126818017,317.0947,-44.8471,8.33,0,,,,,5,10.7,ok
TIC 62188123,290.9301,-42.2877,8.33,0,,,,,1,5.4,ok
TIC 166852967,40.4464,-49.5749,8.33,0,,,,,6,11.7,ok
TIC 117643381,9.4899,-40.8896,8.33,0,,,,,6,10.8,ok
TIC 101817600,303.7854,-52.0952,8.33,0,,,,,6,11.5,ok
TIC 229091021,3.8176,-42.1651,8.33,0,,,,,6,12.1,ok
TIC 144378364,356.7487,-43.4502,8.33,0,,,,,6,11.6,ok
TIC 219984873,29.8137,-51.3267,8.33,0,,,,,8,16.2,ok
TIC 144457947,336.139,-46.9274,8.33,0,,,,,6,10.5,ok
TIC 206361691,356.6281,-48.9579,8.34,0,,,,,8,14.9,ok
TIC 100103909,24.8512,-47.0811,8.34,0,,,,,9,14.7,ok
TIC 235003683,351.6492,-60.2859,8.34,0,,,,,1,4.5,ok
TIC 121421450,341.7113,-46.0775,8.34,0,,,,,4,8.0,ok
TIC 48789500,301.9431,-32.8523,8.34,0,,,,,4,9.1,ok
TIC 209453255,46.0614,-34.4082,8.34,0,,,,,5,15.1,ok
TIC 71317544,330.9242,-47.1374,8.34,0,,,,,5,14.9,ok
TIC 142178943,37.6034,-42.251,8.34,0,,,,,4,9.6,ok
TIC 152966636,47.0322,-45.1277,8.34,0,,,,,6,14.0,ok
TIC 166810657,39.5963,-52.3465,8.34,0,,,,,1,6.6,ok
TIC 79155247,316.5194,-52.3791,8.34,0,,,,,7,13.1,ok
TIC 237316813,344.2311,-61.6738,8.34,0,,,,,7,15.2,ok
TIC 387292987,312.2948,-54.7798,8.34,0,,,,,5,9.3,ok
TIC 175532926,45.9992,-40.1064,8.34,0,,,,,6,12.4,ok
TIC 394008752,329.448,-58.0352,8.34,0,,,,,7,10.9,ok
TIC 168675425,61.3522,-33.5755,8.34,0,,,,,4,7.0,ok
TIC 161303459,342.7798,-50.3926,8.34,0,,,,,7,12.1,ok
TIC 271360449,292.2839,-47.0928,8.35,0,,,,,6,13.2,ok
TIC 152358667,44.7962,-36.8673,8.35,0,,,,,7,13.9,ok
TIC 175489453,351.6849,-40.4505,8.35,0,,,,,6,11.6,ok
TIC 158636435,24.3387,-51.4407,8.35,0,,,,,8,15.0,ok
TIC 79883776,296.8865,-46.2822,8.35,0,,,,,5,8.9,ok
TIC 100271073,307.0354,-49.3097,8.35,0,,,,,5,8.1,ok
TIC 300350767,298.3201,-36.7699,8.35,0,,,,,1,3.2,ok
TIC 231009764,25.7543,-54.8567,8.35,0,,,,,7,18.2,ok
TIC 180146098,14.2987,-36.4354,8.35,0,,,,,4,7.2,ok
TIC 101991235,15.4324,-42.1217,8.35,0,,,,,7,14.4,ok
TIC 152359244,44.7005,-39.8932,8.35,0,,,,,7,13.7,ok
TIC 44646517,59.4097,-29.8681,8.35,0,,,,,4,6.8,ok
TIC 403284457,332.2639,-61.7111,8.35,0,,,,,10,19.1,ok
TIC 231283446,43.2178,-48.1532,8.35,0,,,,,4,9.6,ok
TIC 142875938,51.5653,-30.761,8.35,0,,,,,3,7.9,ok
TIC 200691273,3.7384,-52.1669,8.35,0,,,,,8,14.7,ok
TIC 122608780,40.3934,-33.1032,8.35,0,,,,,5,11.6,ok
TIC 126639048,314.8756,-43.9529,8.35,0,,,,,5,9.3,ok
TIC 155941622,5.7094,-49.1848,8.35,0,,,,,7,19.1,ok
TIC 237319917,344.8866,-61.9866,8.35,0,,,,,4,8.4,ok
TIC 142938954,52.6597,-33.5301,8.36,0,,,,,3,5.9,ok
TIC 199730239,21.1366,-42.4258,8.36,0,,,,,8,14.8,ok
TIC 321011736,43.5478,-38.4306,8.36,0,,,,,7,16.0,ok
TIC 70556711,37.6192,-26.7509,8.36,0,,,,,?,2.6,erreur
TIC 91449342,313.7017,-43.111,8.36,0,,,,,6,11.6,ok
TIC 183564529,11.6795,-40.2691,8.36,0,,,,,5,10.3,ok
TIC 115245749,19.3228,-37.3483,8.36,0,,,,,3,9.5,ok
TIC 158595208,22.0374,-52.639,8.36,0,,,,,7,14.6,ok
TIC 152911953,337.722,-41.675,8.36,0,,,,,4,8.5,ok
TIC 161403719,345.5264,-52.3038,8.36,0,,,,,6,10.7,ok
TIC 278567091,333.4052,-41.1371,8.36,0,,,,,4,8.1,ok
TIC 319246136,351.5576,-59.2813,8.36,0,,,,,6,12.8,ok
TIC 155951125,6.378,-50.5186,8.36,0,,,,,6,11.5,ok
TIC 326262309,43.4494,-20.5332,8.36,0,,,,,3,7.0,ok
TIC 102031398,16.0295,-43.3005,8.36,0,,,,,7,13.2,ok
TIC 441428622,311.6662,-33.6043,8.36,0,,,,,3,9.3,ok
TIC 34686417,306.4133,-31.2387,8.36,0,,,,,1,4.8,ok
TIC 100413610,308.3009,-53.2706,8.36,0,,,,,6,11.2,ok
TIC 381855507,322.361,-55.7572,8.36,0,,,,,6,12.8,ok
TIC 200668903,3.1332,-52.3339,8.36,0,,,,,1,5.0,ok
TIC 389308200,310.5534,-36.1328,8.36,0,,,,,2,5.1,ok
TIC 421363822,293.0108,-42.8158,8.36,0,,,,,2,9.3,ok
TIC 7263621,33.8878,-43.6753,8.37,0,,,,,5,12.4,ok
TIC 158549349,20.4546,-49.37,8.37,0,,,,,7,15.4,ok
TIC 158535216,19.774,-53.8506,8.37,0,,,,,5,13.5,ok
TIC 123334512,30.4313,-35.2134,8.37,0,,,,,4,11.1,ok
TIC 146709950,44.1997,-46.7236,8.37,0,,,,,4,11.2,ok
TIC 215403644,43.1028,-41.1505,8.37,0,,,,,5,14.7,ok
TIC 41976669,23.1946,-41.2555,8.37,0,,,,,2,5.5,ok
TIC 101277731,299.9511,-50.2942,8.37,0,,,,,6,13.1,ok
TIC 147112674,321.5467,-42.7989,8.37,0,,,,,5,10.7,ok
TIC 70513478,32.5169,-29.9965,8.37,0,,,,,4,9.2,ok
TIC 61693966,288.8068,-46.8857,8.37,0,,,,,6,14.2,ok
TIC 382321955,320.2605,-46.853,8.37,0,,,,,5,13.5,ok
TIC 97518764,44.4019,-19.3084,8.37,0,,,,,3,8.9,ok
TIC 382263711,323.8074,-39.7126,8.37,0,,,,,4,13.4,ok
TIC 423160649,287.7379,-48.7789,8.37,0,,,,,2,5.9,ok
TIC 321125764,60.4931,-36.0994,8.37,0,,,,,1,7.5,ok
TIC 41863376,21.0837,-38.9173,8.37,0,,,,,6,13.0,ok
TIC 220501977,345.9646,-59.5164,8.37,0,,,,,6,11.4,ok
TIC 370284932,340.9161,-57.4131,8.37,0,,,,,6,11.1,ok
TIC 176778611,47.9695,-32.7799,8.37,0,,,,,4,8.9,ok
TIC 122609268,40.4416,-35.6025,8.37,0,,,,,6,10.8,ok
TIC 308227279,41.698,-41.6893,8.37,0,,,,,4,11.2,ok
TIC 165065403,322.411,-41.7989,8.38,0,,,,,5,11.5,ok
TIC 41977658,23.2968,-36.4098,8.38,0,,,,,4,8.0,ok
TIC 355367813,349.434,-52.8381,8.38,0,,,,,8,13.8,ok
TIC 42056880,24.587,-37.1255,8.38,0,,,,,5,10.0,ok
TIC 159641092,317.9075,-37.9605,8.38,0,,,,,5,8.5,ok
TIC 71335277,331.1899,-45.4912,8.38,0,,,,,3,5.9,ok
TIC 355579231,320.9943,-54.7752,8.38,0,,,,,3,6.4,ok
TIC 123336783,30.7157,-32.4859,8.38,0,,,,,2,6.6,ok
TIC 147333786,325.7449,-47.3862,8.38,0,,,,,5,9.8,ok
TIC 389757606,1.0937,-48.8094,8.38,0,,,,,8,13.4,ok
TIC 200656263,2.1123,-53.4431,8.38,0,,,,,10,18.1,ok
TIC 80261781,7.4957,-46.6817,8.38,0,,,,,6,9.6,ok
TIC 147132048,322.0617,-44.3783,8.38,0,,,,,5,9.4,ok
TIC 278402677,303.3547,-35.3768,8.38,0,,,,,4,6.9,ok
TIC 65517357,43.3099,-29.8326,8.38,0,,,,,5,9.8,ok
TIC 92361302,52.5593,-23.7452,8.38,0,,,,,2,4.8,ok
TIC 144403776,357.9265,-43.1136,8.38,0,,,,,7,11.8,ok
TIC 220502463,346.2624,-58.1699,8.38,0,,,,,7,16.3,ok
TIC 144460504,0.0871,-43.3619,8.38,0,,,,,6,11.5,ok
TIC 201799652,36.0651,-54.0576,8.38,0,,,,,?,3.2,erreur
TIC 382383386,335.2357,-42.7492,8.38,0,,,,,4,9.4,ok
TIC 49623960,38.2658,-39.3415,8.38,0,,,,,5,11.4,ok
TIC 144276893,353.8963,-44.5297,8.38,0,,,,,8,14.5,ok
TIC 114733122,301.0493,-36.1624,8.38,0,,,,,1,5.0,ok
TIC 155995065,7.7716,-51.2291,8.39,0,,,,,7,13.7,ok
TIC 114680194,293.9586,-40.4981,8.39,0,,,,,5,12.9,ok
TIC 100015126,23.2137,-44.0281,8.39,0,,,,,8,14.7,ok
TIC 129433078,304.3346,-45.9605,8.39,0,,,,,3,7.4,ok
TIC 423781267,51.8095,-26.9094,8.39,0,,,,,3,8.6,ok
TIC 382263355,323.7644,-38.7951,8.39,0,,,,,5,10.8,ok
TIC 382552251,19.5032,-48.6078,8.39,0,,,,,7,14.3,ok
TIC 115272310,25.5124,-41.1181,8.39,0,,,,,2,10.9,ok
TIC 231263835,334.1031,-49.395,8.39,0,,,,,5,11.0,ok
TIC 301051609,50.0757,-45.8285,8.39,0,,,,,6,12.2,ok
TIC 424725124,290.4464,-48.668,8.39,0,,,,,6,12.5,ok
TIC 382222129,323.3944,-37.8868,8.39,0,,,,,5,9.8,ok
TIC 117875006,9.9643,-37.4083,8.39,0,,,,,2,6.5,ok
TIC 219321172,326.3774,-55.2806,8.39,0,,,,,9,16.6,ok
TIC 152937439,338.7152,-40.3825,8.39,0,,,,,5,13.5,ok
TIC 183373095,357.6322,-41.3576,8.4,0,,,,,6,13.4,ok
TIC 281710480,11.4145,-57.3101,8.4,0,,,,,10,18.8,ok
TIC 279328531,43.5915,-28.8506,8.4,0,,,,,4,12.2,ok
TIC 147269346,324.4189,-46.0417,8.4,0,,,,,5,10.0,ok
TIC 115319748,27.1126,-36.8525,8.4,0,,,,,5,10.8,ok
TIC 158459745,289.4015,-48.4589,8.4,0,,,,,6,14.5,ok
TIC 158458809,289.3879,-49.462,8.4,0,,,,,5,14.8,ok
TIC 201353088,5.2626,-58.7609,8.4,0,,,,,12,20.5,ok
TIC 139198604,345.6735,-45.2821,8.4,0,,,,,4,12.1,ok
TIC 91310121,311.4164,-44.2635,8.4,0,,,,,4,11.8,ok
TIC 220491428,344.3416,-54.9398,8.4,0,,,,,6,13.3,ok
TIC 469853160,320.8638,-51.1494,8.4,0,,,,,7,15.8,ok
TIC 382372903,329.8703,-45.2166,8.4,0,,,,,5,18.4,ok
TIC 231287949,43.8139,-49.6595,8.4,0,,,,,2,6.3,ok
TIC 152876779,337.3264,-40.2704,8.4,0,,,,,5,10.8,ok
TIC 91308746,311.3683,-47.2209,8.4,0,,,,,4,8.3,ok
TIC 34613528,305.7704,-33.2555,8.4,0,,,,,2,5.8,ok
TIC 180999530,16.2614,-37.8378,8.41,0,,,,,6,10.8,ok
TIC 321908147,0.2824,-52.4841,8.41,0,,,,,8,14.4,ok
TIC 316787978,323.7756,-54.5846,8.41,0,,,,,11,20.3,ok
TIC 44578552,340.8834,-44.5665,8.41,0,,,,,5,15.9,ok
TIC 197598550,327.2983,-41.6216,8.41,0,,,,,5,13.9,ok
TIC 100915828,31.9934,-36.4271,8.41,0,,,,,5,18.7,ok
TIC 389298001,303.36,-38.3562,8.41,0,,,,,3,11.5,ok
TIC 300283476,298.2164,-39.579,8.41,0,,,,,3,12.8,ok
TIC 72691373,33.8371,-25.9156,8.41,0,,,,,2,9.6,ok
TIC 290663828,307.2272,-41.4338,8.41,0,,,,,4,13.2,ok
TIC 206503039,16.1785,-55.4543,8.41,0,,,,,6,16.7,ok
TIC 387195976,304.7081,-55.0669,8.41,0,,,,,6,15.7,ok
TIC 71468490,47.7216,-18.3172,8.41,0,,,,,3,13.4,ok
TIC 144383009,356.9009,-45.3296,8.41,0,,,,,4,10.3,ok
TIC 65483724,42.8982,-24.1877,8.41,0,,,,,4,13.0,ok
TIC 34558016,305.4785,-30.3797,8.41,0,,13.2,rejete,variabilite_continue;eclipse_secondaire,5,20.7,ok
TIC 160037571,339.0905,-41.9792,8.41,0,,,,,5,19.3,ok
TIC 111242889,29.9704,-38.1264,8.42,0,,,,,4,13.9,ok
TIC 160196097,27.4365,-44.8031,8.42,0,,,,,8,22.5,ok
TIC 165182835,47.3953,-40.4367,8.42,0,,,,,6,15.7,ok
TIC 370107365,314.8375,-50.6839,8.42,0,,,,,5,15.7,ok
TIC 231638228,318.1634,-57.6385,8.42,0,,,,,8,16.9,ok
TIC 234293950,357.2938,-60.763,8.42,0,,23.9,rejete,variabilite_continue;eclipse_secondaire,4,17.3,ok
TIC 231023810,28.154,-55.3105,8.42,0,,,,,8,19.8,ok
TIC 147383795,326.6668,-47.6328,8.42,0,,,,,4,16.0,ok
TIC 88415691,45.8351,-29.0484,8.42,0,,,,,4,16.3,ok
TIC 354655660,33.8578,-52.2679,8.42,0,,,,,8,20.8,ok
TIC 32292960,24.6362,-32.2498,8.42,0,,,,,5,13.3,ok
TIC 183560028,5.5699,-41.933,8.42,0,,,,,6,18.5,ok
TIC 281574212,7.7002,-56.5946,8.42,0,,,,,11,22.3,ok
TIC 139348952,348.9463,-42.5878,8.42,0,,,,,6,15.7,ok
TIC 91035744,308.9162,-46.6896,8.43,0,,,,,4,12.8,ok
TIC 32397826,26.321,-31.8924,8.43,0,,,,,5,24.8,ok
TIC 201256434,1.724,-56.8466,8.43,0,,,,,9,33.6,ok
TIC 139121144,320.1329,-43.5768,8.43,0,,,,,6,23.7,ok
TIC 369457060,311.5739,-39.0744,8.43,0,,,,,1,8.6,ok
TIC 165918231,31.3109,-42.7141,8.43,0,,,,,5,15.0,ok
TIC 139772499,324.4468,-50.797,8.43,0,,,,,7,14.9,ok
TIC 79570565,53.4645,-42.3804,8.43,0,,,,,1,8.3,ok
TIC 80362051,9.3853,-45.6989,8.43,0,,,,,6,19.5,ok
TIC 180145922,14.3607,-39.947,8.43,0,,,,,3,9.2,ok
TIC 234490671,8.9392,-61.3352,8.43,0,,,,,10,24.0,ok
TIC 316831649,324.0178,-55.2668,8.43,0,,,,,2,10.2,ok
TIC 161440311,345.782,-47.8968,8.43,0,,,,,8,19.3,ok
TIC 277683097,329.0009,-61.6058,8.43,0,,,,,11,22.3,ok
TIC 102030675,15.8973,-44.2418,8.43,0,,,,,7,23.1,ok
TIC 67598235,17.5736,-35.0433,8.43,0,,,,,5,16.0,ok
TIC 146654926,42.8485,-42.8311,8.43,0,,,,,5,16.8,ok
TIC 175373180,348.5426,-41.7145,8.43,0,,,,,6,14.6,ok
TIC 323344536,53.1064,-39.4844,8.43,0,,,,,5,13.5,ok
TIC 224283513,356.2527,-39.4372,8.43,0,,,,,5,14.1,ok
TIC 88406493,45.3332,-24.0129,8.43,0,,,,,3,10.6,ok
TIC 366989877,302.1142,-54.3175,8.44,0,,,,,6,17.0,ok
TIC 231707840,339.8715,-55.2164,8.44,0,,,,,8,19.2,ok
TIC 142982701,53.8848,-35.8696,8.44,0,,,,,4,11.3,ok
TIC 142937955,52.4669,-32.6382,8.44,0,,,,,3,11.3,ok
TIC 273210870,313.6531,-55.7296,8.44,0,,,,,4,8.9,ok
TIC 370283747,336.0703,-55.0176,8.44,0,,,,,3,7.4,ok
TIC 401888550,52.1334,-44.2437,8.44,0,,,,,6,12.7,ok
TIC 300734047,299.821,-39.6944,8.44,0,,,,,4,13.5,ok
TIC 117544915,340.3278,-43.8415,8.44,0,,,,,4,11.4,ok
TIC 159731771,318.8677,-41.3956,8.45,0,,,,,6,14.8,ok
TIC 184399050,29.5508,-43.4471,8.45,0,,,,,?,3.2,erreur
TIC 61135611,286.9903,-46.1608,8.45,0,,,,,5,12.3,ok
TIC 155897483,4.2121,-49.6279,8.45,0,,,,,4,12.1,ok
TIC 219333983,353.8933,-58.1099,8.45,0,,,,,7,16.8,ok
TIC 79171381,316.8564,-51.0118,8.45,0,,,,,7,18.8,ok
TIC 146284643,36.1667,-34.778,8.45,0,,,,,5,13.2,ok
TIC 41976098,23.1027,-37.2845,8.45,0,,,,,5,9.9,ok
TIC 166679521,35.2563,-52.6923,8.45,0,,,,,9,17.6,ok
TIC 469935154,355.4793,-48.2876,8.45,0,,,,,7,12.7,ok
TIC 44564772,340.4681,-41.9043,8.45,0,,,,,5,9.4,ok
TIC 120917003,37.2153,-24.8124,8.46,0,,,,,4,10.0,ok
TIC 355370191,349.5234,-53.5755,8.46,0,,,,,7,16.1,ok
TIC 33665341,30.0503,-29.8661,8.46,0,,,,,3,7.4,ok
TIC 123366077,31.3091,-35.8194,8.46,0,,,,,4,8.5,ok
TIC 146727510,45.0872,-44.4118,8.46,0,,,,,6,16.7,ok
TIC 88478727,46.9795,-28.2206,8.46,0,,,,,4,9.7,ok
TIC 168793956,63.9347,-32.9821,8.46,0,,,,,5,10.4,ok
TIC 166932248,60.1156,-31.7674,8.46,0,,,,,4,11.5,ok
TIC 77112151,35.0609,-41.3881,8.46,0,,,,,3,10.0,ok
TIC 201793781,34.6848,-54.8597,8.46,1,5.9908,13.7,rejete,variabilite_continue,8,19.7,ok
TIC 48840541,302.0765,-31.2882,8.46,0,,,,,4,12.9,ok
TIC 146251688,35.2557,-33.8868,8.46,0,,,,,5,11.6,ok
TIC 183230668,357.3804,-40.3761,8.46,0,,,,,5,12.2,ok
TIC 231060707,30.9735,-55.6613,8.46,0,,,,,5,10.5,ok
TIC 139250909,347.1615,-44.2038,8.46,0,,,,,7,15.1,ok
TIC 142852005,50.3338,-33.8856,8.46,0,,,,,4,13.2,ok
TIC 144313499,355.2176,-43.8753,8.46,0,,,,,7,17.1,ok
TIC 166650959,313.8601,-51.7283,8.46,0,,,,,4,8.2,ok
TIC 142884815,51.549,-33.783,8.46,0,,,,,4,10.6,ok
TIC 126800999,316.8003,-45.6298,8.46,0,,,,,5,10.6,ok
TIC 91168672,310.2993,-44.5426,8.46,0,,,,,4,9.3,ok
TIC 92233829,48.98,-20.8263,8.47,0,,,,,3,5.7,ok
TIC 355510058,15.6507,-59.8618,8.47,0,,,,,11,22.3,ok
TIC 165096169,322.7191,-40.5752,8.47,0,,,,,5,8.3,ok
TIC 382524018,13.0706,-53.369,8.47,0,,,,,6,10.7,ok
TIC 166313415,295.9503,-50.2763,8.47,0,,,,,6,12.3,ok
TIC 144284767,354.0056,-43.448,8.47,0,,,,,8,15.9,ok
TIC 115355995,28.1216,-39.6653,8.47,0,,,,,4,10.6,ok
TIC 139805947,324.9947,-48.9462,8.47,0,,,,,3,9.1,ok
TIC 168674646,61.1664,-30.0076,8.47,0,,,,,4,8.4,ok
TIC 92257800,313.1523,-35.4236,8.47,0,,,,,3,12.1,ok
TIC 65480941,42.7513,-29.0026,8.47,0,,,,,5,11.1,ok
TIC 339577695,359.1492,-56.1774,8.47,0,,,,,10,20.8,ok
TIC 200665593,2.8779,-49.6296,8.47,0,,,,,5,15.0,ok
TIC 201255487,1.5648,-55.4987,8.47,0,,,,,11,22.9,ok
TIC 234496947,10.4431,-61.0944,8.47,0,,,,,2,5.7,ok
TIC 403191366,337.2565,-59.2307,8.47,0,,,,,8,18.0,ok
TIC 144334647,356.0495,-47.0843,8.47,0,,,,,9,18.2,ok
TIC 469916192,350.7028,-53.0551,8.48,0,,,,,8,14.9,ok
TIC 144201318,328.259,-43.0291,8.48,0,,,,,5,12.7,ok
TIC 201752367,33.0425,-55.4726,8.48,0,,,,,8,17.0,ok
TIC 301773068,302.6462,-29.7614,8.48,0,,,,,5,10.4,ok
TIC 100327437,307.2988,-50.6169,8.48,0,,,,,5,9.3,ok
TIC 403208717,338.3486,-56.1448,8.48,0,,,,,8,14.1,ok
TIC 183589888,17.285,-36.144,8.48,0,,,,,6,13.2,ok
TIC 8191897,301.4946,-39.976,8.48,0,,,,,1,4.4,ok
TIC 166732511,36.353,-49.2524,8.48,0,,,,,8,17.1,ok
TIC 183618424,18.7144,-38.8417,8.48,0,,,,,5,11.4,ok
TIC 64033287,37.994,-23.9293,8.48,0,,,,,4,12.1,ok
TIC 387222654,308.7434,-57.8152,8.48,0,,,,,5,11.2,ok
TIC 156140497,11.8107,-47.9907,8.49,0,,,,,5,9.2,ok
TIC 158549834,20.4349,-52.0765,8.49,0,,,,,3,7.9,ok
TIC 123320451,29.8884,-33.0958,8.49,0,,,,,2,5.7,ok
TIC 206309502,353.5608,-50.5536,8.49,0,,,,,7,13.5,ok
TIC 139916678,327.1889,-53.0179,8.49,0,,,,,8,20.9,ok
TIC 197950616,346.6892,-52.1472,8.49,0,,,,,6,18.1,ok
TIC 321928761,0.5607,-51.5404,8.49,0,,,,,8,14.8,ok
TIC 100617209,309.9987,-50.8756,8.49,0,,,,,3,7.5,ok
TIC 142267603,39.87,-46.7027,8.49,0,,,,,5,11.6,ok
TIC 370078849,297.4256,-48.2778,8.49,0,,,,,5,9.8,ok
TIC 126947245,318.7478,-46.3623,8.49,0,,,,,5,10.2,ok
TIC 355582393,323.0532,-57.3032,8.49,0,,,,,10,18.0,ok
TIC 439450350,301.6444,-32.2258,8.49,0,,,,,1,4.5,ok
TIC 394557838,335.2083,-61.6706,8.49,0,,,,,?,259.7,timeout
TIC 159737143,319.0909,-39.5863,8.49,0,,,,,5,18.0,ok
TIC 72730296,34.5044,-29.8275,8.5,0,,,,,4,8.1,ok
TIC 144521956,50.7789,-29.3652,8.5,0,,,,,3,5.9,ok
TIC 122542985,39.1483,-31.8504,8.5,0,,,,,5,10.3,ok
TIC 161265291,341.5006,-48.4663,8.5,0,,,,,7,13.2,ok
TIC 32292486,24.5754,-35.2132,8.5,0,,,,,2,4.6,ok
TIC 355651607,358.5523,-55.4746,8.5,0,,,,,12,17.9,ok
TIC 144202131,328.2296,-46.0192,8.5,0,,,,,5,10.8,ok
TIC 102070580,17.5339,-44.0769,8.5,0,,,,,8,16.8,ok
TIC 402029194,16.9171,-51.1415,8.5,0,,,,,6,13.4,ok
TIC 61697095,288.892,-46.1688,8.5,0,,,,,5,10.3,ok
TIC 231627703,316.8322,-57.7742,8.5,0,,,,,4,9.9,ok
TIC 123322695,30.1393,-30.4246,8.5,0,,,,,5,14.4,ok
TIC 183584486,12.2585,-38.2882,8.5,0,,,,,6,12.6,ok
TIC 355130607,299.0981,-43.7547,8.5,0,,,,,3,12.8,ok
TIC 219263859,309.1899,-56.7459,8.5,0,,,,,6,17.4,ok
TIC 326262917,43.5364,-23.4096,8.51,0,,,,,4,12.9,ok
TIC 204613668,41.6907,-21.0802,8.51,0,,,,,4,13.5,ok
TIC 257722771,37.1837,-31.2273,8.51,0,,,,,4,8.3,ok
TIC 129886903,55.8632,-38.0189,8.51,0,,,,,3,8.1,ok
TIC 71334169,331.0804,-42.7248,8.51,0,,12.4,rejete,variabilite_continue;eclipse_secondaire,3,7.7,ok
TIC 308265904,52.0158,-38.8078,8.51,0,,,,,4,7.5,ok
TIC 80473506,12.506,-45.3281,8.51,0,,,,,7,13.9,ok
TIC 206557836,19.4571,-57.2784,8.51,0,,,,,8,16.5,ok
TIC 311402554,35.7583,-42.0471,8.51,0,,,,,4,9.3,ok
TIC 100894248,312.5623,-48.3201,8.51,0,,,,,4,8.2,ok
TIC 79303568,319.047,-49.3511,8.51,0,,,,,6,12.5,ok
TIC 160009428,51.231,-36.2113,8.51,0,,,,,3,8.2,ok
TIC 469869569,321.2426,-49.5936,8.51,0,,,,,8,15.3,ok
TIC 142961056,53.4978,-31.7729,8.52,0,,,,,3,5.7,ok
TIC 44679387,60.1018,-29.2345,8.52,0,,,,,4,7.9,ok
TIC 394480664,315.8004,-58.4976,8.52,0,,,,,7,12.0,ok
TIC 278634010,333.8977,-39.0144,8.52,0,,,,,5,10.2,ok
TIC 274000470,42.6298,-20.127,8.52,0,,,,,4,7.4,ok
TIC 144522901,50.9755,-25.2373,8.52,0,,,,,1,9.5,ok
TIC 165880614,1.5134,-43.4256,8.52,0,,,,,3,10.8,ok
TIC 139190335,345.2734,-46.8776,8.52,0,,,,,6,15.3,ok
TIC 115357192,28.3211,-36.5554,8.52,0,,,,,5,15.2,ok
TIC 80431036,11.316,-45.0205,8.52,0,,,,,6,17.9,ok
TIC 220020672,32.9813,-49.2201,8.52,0,,,,,8,27.3,ok
TIC 143822655,330.8141,-48.2705,8.52,0,,,,,3,12.8,ok
TIC 175342875,347.8508,-41.1727,8.52,0,,,,,5,17.9,ok
TIC 123366823,31.3747,-30.5923,8.52,0,,,,,5,11.0,ok
TIC 91637482,39.4914,-38.7691,8.52,0,,,,,4,9.2,ok
TIC 44735812,60.645,-28.6687,8.52,0,,,,,1,3.0,ok
TIC 72582474,30.9551,-29.6251,8.52,0,,,,,5,9.3,ok
TIC 144199300,327.9085,-47.8191,8.53,0,,,,,5,15.8,ok
TIC 370203682,312.8197,-54.2216,8.53,0,,,,,4,11.8,ok
TIC 89184357,57.2825,-28.7555,8.53,0,,,,,3,9.5,ok
TIC 206326414,353.9617,-52.2538,8.53,0,,,,,9,18.2,ok
TIC 469907979,337.0544,-61.5293,8.53,0,,,,,10,29.8,ok
TIC 271490910,299.3412,-35.1012,8.53,0,,,,,4,9.3,ok
TIC 144200130,328.0131,-45.008,8.53,0,,,,,5,12.9,ok
TIC 129645620,321.3008,-40.3151,8.53,0,,,,,5,15.1,ok
TIC 209428549,45.177,-35.9371,8.53,0,,,,,?,259.9,timeout
TIC 224264057,353.6032,-40.9531,8.53,0,,,,,4,9.3,ok
TIC 278324684,303.3281,-30.2524,8.53,0,,,,,2,10.2,ok
TIC 166742533,56.4261,-30.9333,8.53,0,,,,,2,6.6,ok
TIC 199734113,22.3916,-44.8091,8.53,0,,,,,8,14.3,ok
TIC 116157521,7.7051,-41.3906,8.53,0,,,,,6,10.8,ok
TIC 299803761,296.2704,-40.1727,8.53,0,,,,,4,9.4,ok
TIC 389725245,329.3734,-45.8857,8.53,0,,,,,5,11.2,ok
TIC 290969234,308.8936,-37.843,8.53,0,,,,,4,10.0,ok
TIC 77068862,34.0351,-37.8532,8.54,0,,,,,3,6.5,ok
TIC 179986582,13.9959,-39.1076,8.54,0,,,,,6,12.1,ok
TIC 89040036,338.501,-43.3539,8.54,0,,,,,5,8.8,ok
TIC 79755051,296.1933,-44.5013,8.54,0,,,,,5,11.1,ok
TIC 166931837,60.2127,-33.7861,8.54,0,,,,,4,7.9,ok
TIC 267018696,350.2148,-56.8071,8.54,0,,,,,8,12.5,ok
TIC 139196676,345.375,-42.4429,8.54,0,,,,,4,7.7,ok
TIC 201252144,1.0691,-59.3152,8.54,0,,,,,11,19.0,ok
TIC 389051428,333.4628,-62.2809,8.54,0,,,,,5,10.5,ok
TIC 389306927,310.5306,-38.6775,8.54,0,,,,,5,9.5,ok
TIC 142200409,38.2232,-45.193,8.55,0,,,,,5,10.2,ok
TIC 70524156,33.0694,-35.4195,8.55,0,,,,,5,10.7,ok
TIC 122615848,41.5125,-30.5245,8.55,0,,,,,6,12.1,ok
TIC 441378551,309.7799,-35.4184,8.55,0,,,,,5,8.9,ok
TIC 404054947,292.1044,-50.9303,8.55,0,,,,,5,9.1,ok
TIC 147084337,321.2545,-43.5271,8.55,0,,,,,5,11.6,ok
TIC 144284279,353.9669,-46.1664,8.55,0,,,,,3,6.5,ok
TIC 147201971,323.0813,-47.2335,8.56,0,,,,,5,19.8,ok
TIC 179284154,12.6968,-41.5556,8.56,0,,,,,6,11.2,ok
TIC 80260422,7.2958,-45.0592,8.56,0,,,,,5,9.5,ok
TIC 355583634,323.0364,-58.9672,8.56,0,,,,,6,10.0,ok
TIC 410441308,319.7697,-60.4516,8.56,0,,,,,5,12.2,ok
TIC 165919382,31.3617,-46.9837,8.56,0,,,,,8,17.0,ok
TIC 71384002,46.1757,-20.3071,8.56,0,,,,,3,16.0,ok
TIC 101235109,299.5848,-53.2901,8.56,0,,,,,2,6.8,ok
TIC 237325937,345.8184,-62.8175,8.56,0,,,,,7,14.1,ok
TIC 143023563,54.3807,-33.9497,8.56,0,,,,,?,2.9,erreur
TIC 206285518,352.9639,-53.8554,8.57,0,,,,,10,19.4,ok
TIC 300075943,297.1798,-40.7314,8.57,0,,,,,3,7.8,ok
TIC 206356201,355.8299,-52.1061,8.57,0,,,,,12,18.6,ok
TIC 229159040,29.0262,-48.2369,8.57,0,,,,,8,18.6,ok
TIC 197639370,328.1526,-41.7177,8.57,0,,,,,2,7.0,ok
TIC 140039144,328.9577,-48.9898,8.57,0,,,,,5,12.9,ok
TIC 146724455,44.6326,-47.3995,8.57,0,,,,,5,12.8,ok
TIC 65448761,41.9731,-24.2391,8.57,0,,,,,4,10.2,ok
TIC 269765537,302.4807,-37.124,8.57,0,,,,,3,6.8,ok
TIC 41995112,23.7409,-37.8962,8.57,0,,,,,5,18.8,ok
TIC 146689029,43.2548,-44.5809,8.57,0,,,,,4,11.3,ok
TIC 71334105,331.0693,-42.9901,8.57,0,,,,,5,10.3,ok
TIC 80092907,298.1316,-45.2951,8.57,0,,,,,5,11.8,ok
TIC 126821282,317.2814,-43.2755,8.57,0,,,,,5,9.6,ok
TIC 7318157,35.0378,-42.272,8.57,0,,,,,2,12.5,ok
TIC 403237284,330.8302,-62.7784,8.58,0,,,,,3,9.0,ok
TIC 101962962,15.0554,-45.1029,8.58,0,,,,,7,13.6,ok
TIC 441286791,295.5437,-37.8749,8.58,0,,,,,4,13.0,ok
TIC 100764977,311.5636,-51.266,8.58,0,,,,,5,12.6,ok
TIC 201751737,303.7698,-54.5005,8.58,0,,,,,5,12.8,ok
TIC 147333422,325.6536,-47.3184,8.58,0,,,,,1,3.8,ok
TIC 234507522,12.419,-61.1485,8.58,0,,,,,11,18.8,ok
TIC 140071744,57.2689,-35.9902,8.58,0,,,,,2,7.0,ok
TIC 147458754,41.2864,-40.6646,8.58,0,,,,,2,5.8,ok
TIC 355578230,321.0215,-56.1516,8.58,0,,,,,7,14.9,ok
TIC 278401181,303.3681,-33.2892,8.58,0,,,,,4,11.4,ok
TIC 209452435,45.8846,-30.1309,8.58,0,,,,,4,9.7,ok
TIC 281658180,10.0307,-54.5986,8.58,0,,,,,8,15.5,ok
TIC 126894129,318.001,-47.0583,8.58,0,,,,,4,8.2,ok
TIC 144597306,52.8772,-27.6643,8.58,0,,,,,3,6.3,ok
TIC 44565054,340.6757,-43.1836,8.58,0,,,,,5,10.9,ok
TIC 140045348,329.3703,-51.6154,8.59,0,,,,,5,9.4,ok
TIC 197741710,331.2612,-40.8837,8.59,0,,,,,4,9.9,ok
TIC 178171080,43.2662,-31.4039,8.59,0,,,,,6,13.5,ok
TIC 166777182,57.3705,-33.0104,8.59,0,,,,,3,7.9,ok
TIC 355094959,314.6441,-37.2446,8.59,0,,,,,3,10.4,ok
TIC 146725417,44.8499,-43.6153,8.59,0,,,,,6,14.6,ok
TIC 387194565,304.8455,-57.492,8.59,0,,,,,1,5.5,ok
TIC 100474493,308.5789,-52.0145,8.59,0,,,,,5,9.9,ok
TIC 100506362,308.7874,-51.2447,8.59,0,,,,,5,16.6,ok
TIC 117515674,339.8504,-44.746,8.59,0,,,,,?,3.5,erreur
TIC 65416723,41.1397,-26.7464,8.59,0,,,,,5,12.0,ok
TIC 469905676,336.734,-62.7262,8.59,0,,,,,6,15.3,ok
TIC 278634904,333.9341,-41.8277,8.59,0,,,,,5,11.7,ok
TIC 128915053,301.1579,-46.0311,8.59,0,,,,,4,9.2,ok
TIC 91394598,313.1893,-42.2985,8.59,0,,,,,6,11.1,ok
TIC 166870971,59.2254,-33.8584,8.59,0,,,,,3,7.1,ok
TIC 281728055,11.6961,-55.6209,8.59,0,,,,,9,16.3,ok
TIC 70491193,22.3447,-35.3985,8.59,0,,,,,4,9.6,ok
TIC 142315628,41.5561,-43.7498,8.59,0,,,,,5,11.8,ok
TIC 159857518,320.5962,-39.5886,8.6,0,,,,,5,11.3,ok
TIC 140158171,58.629,-38.8428,8.6,0,,,,,2,5.2,ok
TIC 139327558,348.7462,-43.2991,8.6,0,,,,,5,10.7,ok
TIC 404518509,51.6403,-43.6137,8.6,0,,,,,6,14.3,ok
TIC 201291889,2.8243,-54.5527,8.6,0,,,,,12,17.3,ok
TIC 316968392,356.8457,-55.5506,8.6,0,,,,,8,16.1,ok
TIC 178155959,42.9202,-32.4027,8.6,0,,,,,6,14.6,ok
TIC 214568651,340.6237,-40.9045,8.6,0,,,,,5,12.6,ok
TIC 71351278,45.2198,-20.8449,8.6,0,,,,,3,9.4,ok
TIC 115150623,317.0318,-37.0454,8.6,0,,,,,2,6.8,ok
TIC 129226321,303.3042,-42.1889,8.6,0,,,,,4,9.6,ok
TIC 144067396,337.5174,-53.5281,8.6,0,,,,,5,12.2,ok
TIC 65434172,41.4929,-25.2105,8.61,0,,,,,5,13.4,ok
TIC 206548652,18.4752,-55.242,8.61,0,,,,,5,14.6,ok
TIC 97492473,44.0994,-18.7039,8.61,0,,,,,3,10.3,ok
TIC 48936479,302.6326,-32.3156,8.61,0,,,,,4,10.4,ok
TIC 120580554,4.1665,-39.492,8.61,0,,,,,1,7.7,ok
TIC 389686116,324.1975,-47.2,8.61,0,,,,,4,9.9,ok
TIC 139233425,346.8954,-43.9204,8.61,0,,,,,4,9.3,ok
TIC 121423788,342.1315,-47.552,8.61,0,,,,,5,12.1,ok
TIC 180551039,15.3519,-40.4326,8.61,0,,,,,5,13.0,ok
TIC 425673246,286.7182,-47.6829,8.61,0,,,,,6,11.1,ok
TIC 231908398,6.5431,-60.241,8.61,0,,,,,1,4.3,ok
TIC 100360470,307.4354,-51.767,8.61,0,,,,,5,15.8,ok
TIC 290272921,304.8903,-37.9614,8.61,0,,,,,3,7.5,ok
TIC 206602911,21.4881,-59.2774,8.61,0,,,,,3,6.6,ok
TIC 231010701,25.8794,-57.6864,8.61,0,,,,,4,8.7,ok
TIC 161168904,339.343,-51.9208,8.61,0,,,,,8,16.0,ok
TIC 278709880,335.2392,-40.5409,8.61,0,,,,,4,10.1,ok
TIC 184534300,29.726,-47.4753,8.61,0,,,,,8,18.0,ok
TIC 111228007,29.6103,-41.4081,8.62,0,,,,,5,11.4,ok
TIC 142179451,37.7249,-44.4449,8.62,0,,,,,5,10.5,ok
TIC 311402004,35.8923,-44.7649,8.62,0,,,,,5,10.9,ok
TIC 140122502,57.8405,-36.7559,8.62,0,,,,,2,8.0,ok
TIC 159972021,50.0398,-40.2945,8.62,0,,,,,6,13.7,ok
TIC 229139161,26.063,-50.0992,8.62,0,,,,,7,18.3,ok
TIC 290824116,308.356,-41.353,8.62,0,,,,,4,9.9,ok
TIC 206327795,354.0747,-48.5883,8.62,0,,34.6,rejete,variabilite_continue;eclipse_secondaire,6,16.6,ok
TIC 232064349,340.3662,-61.8801,8.62,0,,,,,9,18.6,ok
TIC 166734540,36.5587,-53.2826,8.62,0,,,,,8,16.5,ok
TIC 382525982,14.999,-51.3434,8.62,0,,,,,7,12.8,ok
TIC 7264479,33.962,-44.7376,8.62,0,,,,,3,10.2,ok
TIC 7264867,34.0279,-46.8845,8.63,0,,,,,7,13.9,ok
TIC 355635713,358.0397,-58.806,8.63,0,,,,,10,17.4,ok
TIC 161223947,341.1037,-51.0785,8.63,0,,,,,1,4.1,ok
TIC 215335253,42.8058,-36.7356,8.63,0,,,,,7,13.6,ok
TIC 425765275,292.1114,-43.5439,8.63,0,,29.8,rejete,variabilite_continue;eclipse_secondaire,5,13.4,ok
TIC 355427131,350.852,-48.4172,8.63,0,,,,,8,14.4,ok
TIC 80427890,10.6232,-44.5326,8.63,0,,,,,5,10.8,ok
TIC 65414965,40.8462,-26.5121,8.63,0,,,,,5,10.2,ok
TIC 137862455,48.3492,-18.613,8.63,0,,,,,1,4.1,ok
TIC 404189168,296.3607,-48.1583,8.63,0,,,,,5,12.4,ok
TIC 114986559,315.3778,-40.8933,8.63,0,,,,,3,13.3,ok
TIC 7222624,32.7852,-42.7522,8.63,0,,,,,4,7.9,ok
TIC 231276602,42.0024,-48.5477,8.63,0,,,,,4,9.9,ok
TIC 88462296,46.5635,-27.6551,8.63,0,,,,,1,3.5,ok
TIC 206359911,356.5358,-49.9388,8.63,0,,,,,9,16.0,ok
TIC 281765034,12.6876,-57.3297,8.63,0,,,,,10,17.4,ok
TIC 183373207,357.7098,-39.4061,8.64,0,,,,,6,12.7,ok
TIC 100918369,32.499,-39.2588,8.64,0,,,,,4,9.7,ok
TIC 115378564,28.471,-37.7769,8.64,0,,,,,5,10.2,ok
TIC 126762645,316.1618,-43.7418,8.64,0,,,,,5,10.8,ok
TIC 71264969,330.1063,-47.7978,8.64,0,,,,,1,4.3,ok
TIC 389352512,311.019,-40.0224,8.64,0,,,,,5,14.2,ok
TIC 144597894,53.0196,-29.016,8.64,0,,,,,1,4.2,ok
TIC 158647053,24.9335,-48.0097,8.64,0,,,,,3,7.3,ok
TIC 316787174,323.5832,-55.9179,8.64,0,,,,,1,3.2,ok
TIC 101545420,301.9334,-50.6875,8.64,0,,,,,5,9.4,ok
TIC 32421775,27.1407,-32.5982,8.64,0,,,,,1,3.5,ok
TIC 34520027,305.5084,-35.7759,8.64,0,,,,,4,8.9,ok
TIC 139115514,319.8565,-45.2003,8.64,0,,,,,1,3.8,ok
TIC 129529898,305.1222,-42.3069,8.65,0,,,,,2,5.3,ok
TIC 197979094,325.785,-56.6666,8.65,0,,,,,11,22.4,ok
TIC 142180206,37.9621,-46.6663,8.65,0,,,,,4,10.2,ok
TIC 166803688,57.9206,-31.5368,8.65,0,,,,,3,7.4,ok
TIC 152359069,44.7073,-38.85,8.65,0,,,,,6,12.0,ok
TIC 316913639,355.6417,-57.4781,8.65,0,,,,,4,7.4,ok
TIC 113352611,292.7794,-40.9875,8.65,0,,,,,1,5.8,ok
TIC 175483980,351.5677,-41.6944,8.65,0,,,,,7,16.5,ok
TIC 183594152,18.0837,-38.2478,8.65,0,,,,,6,11.7,ok
TIC 123269386,28.7435,-31.2225,8.65,0,,,,,5,16.3,ok
TIC 183589690,17.2955,-37.3396,8.65,0,,,,,6,10.5,ok
TIC 206503364,16.1678,-57.1523,8.65,0,,,,,8,14.8,ok
TIC 197957624,347.9806,-51.175,8.65,0,,,,,7,13.1,ok
TIC 158582370,21.4522,-53.1264,8.65,0,,,,,6,10.7,ok
TIC 158549404,20.2901,-49.6407,8.65,0,,,,,3,8.8,ok
TIC 156084291,11.2758,-53.235,8.65,0,,,,,6,11.3,ok
TIC 231281571,42.7758,-50.306,8.65,0,,,,,3,6.0,ok
TIC 231640673,318.3635,-56.8026,8.65,0,,,,,4,7.7,ok
TIC 166791648,57.7133,-34.7999,8.66,0,,,,,3,7.9,ok
TIC 183534900,5.4514,-40.2404,8.66,0,,,,,3,7.4,ok
TIC 70555645,33.8162,-32.112,8.66,0,,,,,5,9.3,ok
TIC 229153733,28.3841,-53.3147,8.66,0,,,,,8,15.4,ok
TIC 100378749,307.7085,-52.8763,8.66,0,,,,,4,8.5,ok
TIC 369643326,12.5356,-50.5844,8.66,0,,,,,5,9.6,ok
TIC 369376701,60.7595,-36.728,8.66,0,,,,,4,9.4,ok
TIC 235010655,352.9045,-62.9214,8.66,0,,,,,6,10.0,ok
TIC 322065373,14.51,-51.7571,8.66,0,,,,,3,8.0,ok
TIC 88455581,46.4468,-25.3934,8.66,0,,,,,3,7.5,ok
TIC 66397554,13.0262,-35.7477,8.66,0,,,,,2,5.2,ok
TIC 401840741,26.5532,-46.9482,8.66,0,,,,,7,15.1,ok
TIC 142217032,38.7618,-47.7471,8.66,0,,,,,4,8.4,ok
TIC 279338897,43.6926,-25.5829,8.66,0,,,,,1,4.1,ok
TIC 199737492,22.9628,-45.8972,8.67,0,,,,,8,14.2,ok
TIC 91642216,40.2025,-37.5488,8.67,0,,,,,4,9.7,ok
TIC 101312741,299.9916,-48.1906,8.67,0,,,,,2,8.0,ok
TIC 91611882,39.0987,-41.4222,8.67,0,,,,,4,10.5,ok
TIC 122686279,42.2252,-31.5663,8.67,0,,,,,6,12.5,ok
TIC 220018920,32.9314,-49.9862,8.67,0,,,,,8,17.0,ok
TIC 166222061,295.4199,-49.1819,8.67,0,,,,,4,10.1,ok
TIC 100415355,308.2822,-49.9227,8.67,0,,,,,5,11.7,ok
TIC 322048362,359.8331,-42.0562,8.67,0,,,,,6,12.3,ok
TIC 91590767,44.132,-32.7866,8.68,0,,,,,6,11.9,ok
TIC 274016637,42.7982,-22.3668,8.68,0,,,,,4,8.2,ok
TIC 214567435,340.6871,-39.6361,8.68,0,,,,,4,9.0,ok
TIC 143895646,332.256,-49.887,8.68,0,,,,,7,11.9,ok
TIC 71316709,330.929,-44.0503,8.68,0,,,,,5,8.7,ok
TIC 117395436,9.0394,-36.9373,8.68,0,,,,,5,9.9,ok
TIC 117156568,8.9173,-38.9305,8.68,0,,,,,7,15.4,ok
TIC 115284124,26.5486,-40.2476,8.68,0,,,,,3,6.8,ok
TIC 159897876,48.7767,-39.4973,8.68,0,,,,,4,7.4,ok
TIC 355579354,321.1012,-54.5784,8.68,0,,,,,8,15.8,ok
TIC 415615027,313.5561,-36.171,8.68,0,,,,,1,3.2,ok
TIC 382223444,323.3181,-41.2494,8.68,0,,,,,4,8.9,ok
TIC 146267588,35.3393,-30.5501,8.68,0,,,,,1,3.9,ok
TIC 219342300,355.0512,-55.9587,8.68,0,,,,,10,17.1,ok
TIC 152360370,44.8576,-38.0963,8.68,0,,,,,7,13.5,ok
TIC 123290322,29.2682,-33.6872,8.68,0,,,,,3,9.4,ok
TIC 79326557,319.2081,-50.3257,8.68,0,,,,,6,10.9,ok
TIC 259783887,323.37,-61.3556,8.69,0,,,,,5,10.8,ok
TIC 61803982,289.1653,-43.9646,8.69,0,,,,,1,4.4,ok
TIC 137860799,48.2298,-18.4386,8.69,0,,,,,3,6.2,ok
TIC 7219134,32.235,-47.2918,8.69,0,,,,,7,12.9,ok
TIC 166739873,36.692,-52.1382,8.69,0,,,,,1,5.1,ok
TIC 281597511,8.9402,-55.1709,8.69,0,,,,,10,17.8,ok
TIC 138996918,306.5169,-46.1582,8.69,0,,,,,1,5.3,ok
TIC 229117167,25.4142,-50.529,8.69,0,,,,,9,16.8,ok
TIC 70524558,33.0611,-32.8524,8.69,0,,,,,4,7.3,ok
TIC 229803931,328.6596,-58.567,8.69,0,,,,,3,5.2,ok
TIC 126604889,314.748,-45.4787,8.69,0,,,,,6,12.1,ok
TIC 80431315,11.3604,-46.5488,8.69,0,,,,,6,9.8,ok
TIC 129399713,304.0573,-42.6445,8.69,0,,,,,2,4.1,ok
TIC 80256357,6.6557,-43.216,8.69,0,,,,,6,10.5,ok
TIC 209457811,46.5147,-35.0389,8.69,0,,,,,6,11.8,ok
TIC 89239891,58.4189,-27.2536,8.69,0,,,,,3,7.2,ok
TIC 158624501,24.323,-49.0804,8.69,0,,,,,9,17.6,ok
TIC 406228804,290.0359,-50.4098,8.7,0,,,,,5,8.4,ok
TIC 158624542,24.3423,-49.1948,8.7,0,,,,,7,13.2,ok
TIC 168750495,62.6038,-30.2824,8.7,0,,,,,4,7.3,ok
TIC 290866003,308.4454,-39.6069,8.7,0,,,,,4,10.9,ok
TIC 90849631,307.7223,-42.8209,8.7,0,,,,,4,8.4,ok
TIC 70490868,22.3589,-33.3205,8.7,0,,,,,5,10.5,ok
TIC 393483567,35.5708,-46.468,8.7,0,,,,,3,5.5,ok
TIC 220347064,307.5676,-57.6862,8.7,0,,,,,5,8.8,ok
TIC 219985706,29.9143,-48.8452,8.7,0,,,,,9,16.0,ok
TIC 409699026,332.6051,-54.007,8.7,0,,,,,8,12.8,ok
TIC 147206862,323.5986,-42.771,8.7,0,,,,,5,9.1,ok
TIC 89188314,57.6487,-26.6001,8.7,0,,,,,3,6.8,ok
TIC 126762993,316.1308,-44.4621,8.7,0,,,,,5,9.8,ok
TIC 369641467,11.9739,-51.8379,8.7,0,,,,,7,12.7,ok
TIC 92233494,312.9791,-33.5937,8.7,0,,,,,4,7.2,ok
TIC 231702073,333.0664,-57.8688,8.7,0,,,,,8,19.2,ok
TIC 166851227,58.965,-34.8951,8.71,0,,,,,3,7.2,ok
TIC 152985470,48.7387,-44.5626,8.71,0,,,,,5,11.2,ok
TIC 65516748,43.42,-26.1557,8.71,0,,,,,4,9.9,ok
TIC 143022520,54.3484,-30.9229,8.71,0,,,,,3,7.4,ok
TIC 129544247,305.2741,-45.1447,8.71,0,,,,,4,8.0,ok
TIC 153045997,49.1887,-46.1333,8.71,0,,,,,3,7.4,ok
TIC 147250309,323.927,-42.0363,8.71,0,,,,,5,10.1,ok
TIC 91396361,313.2173,-46.0557,8.72,0,,,,,5,9.3,ok
TIC 381916415,350.7119,-58.417,8.72,0,,,,,6,11.5,ok
TIC 120548433,3.0993,-39.6087,8.72,0,,,,,1,4.0,ok
TIC 111268197,30.7124,-36.9173,8.72,0,,,,,3,11.1,ok
TIC 469938174,1.8233,-50.22,8.72,0,,,,,9,15.9,ok
TIC 340784762,33.7775,-39.7917,8.72,0,,,,,5,10.3,ok
TIC 262824477,348.8568,-56.0158,8.72,0,,,,,8,12.8,ok
TIC 140068794,330.3349,-50.1699,8.72,0,,,,,1,7.7,ok
TIC 129765831,35.7488,-41.9905,8.72,0,,,,,4,10.4,ok
TIC 231262216,333.9115,-53.0602,8.72,0,,,,,8,19.3,ok
TIC 114790718,304.0504,-40.9882,8.72,0,,,,,3,6.5,ok
TIC 159836649,320.2187,-36.6568,8.72,0,,,,,1,6.5,ok
TIC 290660156,307.1814,-36.362,8.72,0,,,,,4,11.7,ok
TIC 424797611,290.9437,-50.8607,8.72,0,,,,,5,12.1,ok
TIC 139485131,36.0652,-25.0944,8.72,0,,,,,5,13.4,ok
TIC 206549676,18.5869,-58.5366,8.72,0,,,,,10,17.5,ok
TIC 146247948,34.5844,-35.7578,8.72,0,,,,,5,9.7,ok
TIC 320595792,297.3256,-54.5852,8.73,0,,,,,?,3.3,erreur
TIC 100104758,24.9629,-42.3209,8.73,0,,,,,5,14.9,ok
TIC 281741839,12.2164,-57.1992,8.73,0,,,,,3,5.6,ok
TIC 355404183,350.1459,-50.4252,8.73,0,,,,,7,12.4,ok
TIC 159925200,49.0449,-38.2531,8.73,0,,,,,4,8.8,ok
TIC 274016246,42.7587,-19.2277,8.73,0,,,,,3,6.6,ok
TIC 129764767,35.4408,-36.0372,8.73,0,,,,,5,10.3,ok
TIC 152890579,337.7699,-39.6523,8.73,0,,,,,1,4.2,ok
TIC 71411534,47.2795,-18.8797,8.73,0,,,,,2,5.8,ok
TIC 128711864,299.6816,-43.1036,8.73,0,,,,,3,10.6,ok
TIC 100124351,25.7137,-44.8852,8.73,0,,,,,5,14.0,ok
TIC 102030114,15.8451,-47.2982,8.73,0,,,,,7,12.6,ok
TIC 41865223,21.4076,-38.182,8.73,0,,,,,1,5.4,ok
TIC 201689125,300.8339,-54.5374,8.73,0,,,,,2,10.6,ok
TIC 97490317,43.9963,-21.6151,8.73,0,,,,,4,10.2,ok
TIC 299804443,296.2714,-40.9695,8.73,0,,,,,2,8.1,ok
TIC 70503505,32.3051,-27.5689,8.73,0,,,,,3,14.1,ok
TIC 166205584,295.105,-52.7358,8.73,0,,,,,2,16.3,ok
TIC 144218334,328.5521,-43.8029,8.73,0,,,,,3,7.5,ok
TIC 147271232,324.6688,-42.7107,8.73,0,,,,,4,9.5,ok
TIC 278567420,333.4384,-40.0491,8.73,0,,,,,4,8.8,ok
TIC 89111480,54.986,-26.2221,8.74,0,,,,,3,8.5,ok
TIC 262816932,348.4235,-57.6125,8.74,0,,,,,7,15.9,ok
TIC 197686971,329.3212,-39.2902,8.74,0,,,,,5,14.3,ok
TIC 165110772,323.0116,-37.7699,8.74,0,,,,,3,11.1,ok
TIC 91529142,37.1043,-34.7819,8.74,0,,,,,4,7.7,ok
TIC 199735836,22.7583,-47.2643,8.74,0,,,,,9,25.4,ok
TIC 123318611,29.624,-33.4195,8.74,0,,,,,2,7.7,ok
TIC 387268403,312.1589,-58.9695,8.74,0,,,,,8,14.0,ok
TIC 219001381,42.5854,-23.4812,8.74,0,,,,,4,10.9,ok
TIC 389049086,333.2498,-61.9814,8.74,0,,,,,4,7.6,ok
TIC 229149909,27.6103,-49.8664,8.74,0,,,,,6,10.6,ok
TIC 88479623,47.0302,-24.7588,8.74,0,,,,,3,6.7,ok
TIC 166775674,57.2121,-35.202,8.74,0,,,,,2,5.7,ok
TIC 120609985,5.1643,-41.0954,8.74,0,,,,,5,8.8,ok
TIC 88330115,333.8652,-45.6292,8.74,0,,,,,5,8.0,ok
TIC 144331448,355.8219,-45.1578,8.74,0,,,,,8,15.5,ok
TIC 381854887,321.9326,-53.9132,8.74,0,,,,,9,17.2,ok
TIC 101738336,303.2452,-52.9018,8.75,0,,,,,4,7.4,ok
TIC 231712555,352.1935,-55.8504,8.75,0,,,,,9,15.8,ok
TIC 140044682,329.5032,-53.5494,8.75,0,,,,,5,12.7,ok
TIC 142300461,40.9621,-42.8379,8.75,0,,,,,5,11.0,ok
TIC 72645409,32.615,-27.8173,8.75,0,,,,,1,6.3,ok
TIC 229098388,19.8523,-45.1083,8.75,0,,,,,8,13.9,ok
TIC 237339597,348.123,-62.6219,8.75,0,,,,,5,9.3,ok
TIC 92260155,50.0014,-20.4806,8.75,0,,,,,3,7.3,ok
TIC 209409281,45.2488,-33.6566,8.75,0,,,,,6,11.1,ok
TIC 266997039,350.0582,-54.473,8.75,0,,,,,9,16.6,ok
TIC 219990267,30.7853,-48.7941,8.75,0,,,,,5,9.3,ok
TIC 404155944,294.2004,-51.0837,8.75,0,,,,,3,6.3,ok
TIC 469947288,15.0985,-52.8294,8.75,0,,,,,6,12.4,ok
TIC 219954613,305.3238,-55.7677,8.75,0,,,,,?,3.4,erreur
TIC 220502315,346.2528,-58.7755,8.76,0,,,,,5,9.6,ok
TIC 165184563,47.7153,-37.1836,8.76,0,,,,,5,11.6,ok
TIC 281667628,10.3833,-59.2897,8.76,0,,,,,11,23.6,ok
TIC 166791418,57.7775,-33.641,8.76,0,,,,,1,5.4,ok
TIC 340785059,33.8746,-41.6403,8.76,0,,,,,4,8.3,ok
TIC 220501238,346.0961,-56.3434,8.76,0,,,,,6,10.5,ok
TIC 144440290,359.1632,-44.7196,8.76,1,12.7172,11.8,rejete,variabilite_continue,7,16.5,ok
TIC 79152524,316.3944,-50.1453,8.76,0,,,,,7,11.5,ok
TIC 147269753,324.5066,-44.9206,8.76,0,,,,,4,6.7,ok
TIC 142299840,40.8156,-46.5203,8.76,0,,,,,1,3.9,ok
TIC 123268713,28.6581,-35.8838,8.76,0,,,,,5,9.2,ok
TIC 340794080,36.6589,-40.1408,8.76,0,,,,,5,10.0,ok
TIC 441296602,308.033,-32.3056,8.77,0,,,,,4,7.8,ok
TIC 139755973,323.6841,-53.3485,8.77,0,,,,,9,15.4,ok
TIC 147470086,41.6001,-36.4156,8.77,0,,,,,4,8.3,ok
TIC 231667553,319.841,-57.5129,8.77,0,,,,,9,14.7,ok
TIC 265490239,321.7382,-61.311,8.77,0,,,,,1,4.0,ok
TIC 350214208,355.4154,-62.5245,8.77,0,,,,,5,10.5,ok
TIC 278453255,303.6877,-34.2847,8.77,0,,,,,4,8.2,ok
TIC 403283276,331.8352,-61.5438,8.77,0,,,,,7,12.0,ok
TIC 126583083,314.4285,-46.2724,8.77,0,,,,,6,11.5,ok
TIC 34639846,305.9926,-32.507,8.77,0,,,,,2,4.9,ok
TIC 77093104,34.6234,-36.785,8.77,0,,,,,5,9.5,ok
TIC 214198337,339.2709,-39.5378,8.78,0,,,,,3,6.4,ok
TIC 88405858,45.3234,-27.4935,8.78,0,,,,,4,9.1,ok
TIC 402029824,17.1508,-53.3486,8.78,0,,,,,7,12.3,ok
TIC 79302534,318.9634,-48.9987,8.78,0,,,,,1,3.8,ok
TIC 265567174,330.5637,-54.7621,8.78,0,,,,,5,16.5,ok
TIC 123291972,29.466,-33.4113,8.78,0,,,,,2,4.2,ok
TIC 165183128,47.6537,-41.9363,8.78,0,,,,,6,11.1,ok
TIC 206355688,355.7247,-53.0569,8.78,0,,,,,10,16.6,ok
TIC 197646225,328.769,-40.8144,8.78,0,,,,,5,10.3,ok
TIC 229157853,28.9589,-52.8406,8.78,0,,,,,4,8.6,ok
TIC 231019806,27.4994,-57.1855,8.78,0,,,,,7,12.3,ok
TIC 231638394,318.0846,-57.2147,8.78,0,,,,,4,10.3,ok
TIC 220493535,344.6641,-55.8109,8.78,0,,,,,7,12.0,ok
TIC 102050449,17.006,-44.8087,8.78,0,,,,,7,12.0,ok
TIC 156069347,9.6188,-51.0573,8.78,0,,,,,6,11.3,ok
TIC 197641992,328.4422,-38.7475,8.78,0,,,,,2,4.7,ok
TIC 401841555,26.47,-42.8279,8.78,0,,,,,3,6.3,ok
TIC 123370805,32.0476,-32.046,8.78,0,,,,,2,4.3,ok
TIC 129544887,305.17,-44.2253,8.78,0,,,,,1,4.8,ok
TIC 117509701,339.196,-45.3549,8.78,0,,,,,6,12.3,ok
TIC 120957863,54.1378,-23.3681,8.78,0,,,,,1,4.1,ok
TIC 180145941,14.3332,-39.5272,8.79,0,,,,,2,8.1,ok
TIC 178198721,43.5362,-33.172,8.79,0,,,,,2,11.0,ok
TIC 120489748,1.8907,-41.2046,8.79,0,,,,,2,6.1,ok
TIC 165161774,47.2195,-36.0434,8.79,0,,,,,6,11.3,ok
TIC 300400510,298.6145,-36.5758,8.79,0,,,,,2,4.6,ok
TIC 201225061,357.9902,-48.8438,8.79,0,,,,,8,14.4,ok
TIC 34862631,307.2002,-32.2277,8.79,0,,,,,4,9.3,ok
TIC 231867016,6.1116,-61.6946,8.79,0,,,,,12,17.6,ok
TIC 91126170,309.7313,-42.0997,8.79,0,,,,,4,9.3,ok
TIC 89040964,338.6655,-44.6341,8.79,0,,,,,4,8.1,ok
TIC 299895935,296.5896,-37.3302,8.79,0,,,,,3,7.5,ok
TIC 441386522,310.0476,-34.7158,8.79,0,,,,,2,5.6,ok
TIC 153046829,49.1879,-42.5256,8.79,0,,,,,6,12.5,ok
TIC 409858532,341.5757,-62.5519,8.79,0,,,,,9,14.0,ok
TIC 32354834,25.754,-35.8157,8.79,0,,,,,5,10.0,ok
TIC 220496045,345.2294,-57.1507,8.8,0,,,,,6,10.6,ok
TIC 215256793,343.2872,-41.3893,8.8,0,,,,,6,11.0,ok
TIC 161173677,340.0227,-48.731,8.8,0,,,,,6,12.1,ok
TIC 61849366,289.4323,-44.0049,8.8,0,,,,,5,10.9,ok
TIC 394017571,329.9849,-54.6555,8.8,0,,,,,7,13.5,ok
TIC 144433286,358.465,-45.1237,8.8,0,,,,,5,9.6,ok
TIC 237336366,347.3942,-61.5992,8.8,0,,,,,5,11.6,ok
TIC 129276279,303.4181,-44.6088,8.8,0,,,,,3,9.3,ok
TIC 206583766,20.0121,-58.4131,8.8,0,,,,,9,14.6,ok
TIC 89114587,55.4543,-28.7877,8.8,0,,,,,2,7.7,ok
TIC 49617121,37.7786,-40.9717,8.81,0,,,,,5,14.7,ok
TIC 206608449,22.466,-54.1563,8.81,0,,,,,3,6.6,ok
TIC 100906714,31.7784,-38.0984,8.81,0,,,,,4,10.4,ok
TIC 65325314,38.9301,-27.5249,8.81,0,,,,,5,12.3,ok
TIC 143041544,54.9735,-31.3419,8.81,0,,,,,1,8.3,ok
TIC 166774008,57.2762,-30.8639,8.81,0,,,,,3,8.5,ok
TIC 140496355,21.6198,-32.5522,8.81,0,,,,,5,12.2,ok
TIC 143948150,333.235,-51.7088,8.81,0,,,,,2,7.2,ok
TIC 166874846,59.6637,-31.5955,8.81,0,,,,,4,11.2,ok
TIC 80374316,9.768,-42.8478,8.81,0,,,,,7,19.5,ok
TIC 166424433,298.6207,-50.9534,8.81,0,,,,,5,11.3,ok
TIC 152968603,47.5681,-46.5661,8.81,0,,,,,6,12.3,ok
TIC 214773383,341.4587,-41.8046,8.81,0,,,,,5,11.6,ok
TIC 197949562,346.3601,-52.8587,8.81,0,,,,,8,18.6,ok
TIC 91451170,313.9056,-44.4725,8.82,0,,,,,1,5.9,ok
TIC 142889317,52.0313,-35.9121,8.82,0,,,,,4,13.3,ok
TIC 146250174,34.9015,-32.3573,8.82,0,,,,,3,9.2,ok
TIC 403136921,333.9073,-54.2242,8.82,0,,,,,6,13.2,ok
TIC 158402038,289.0198,-50.1962,8.82,0,,,,,3,7.2,ok
TIC 201354238,5.3388,-54.5733,8.82,0,,28.8,rejete,variabilite_continue;eclipse_secondaire,10,23.1,ok
TIC 41897639,21.7031,-36.3824,8.82,0,,,,,3,6.6,ok
TIC 350191191,355.0565,-60.1853,8.82,0,,,,,9,16.6,ok
TIC 166740554,56.076,-32.645,8.83,0,,,,,1,8.5,ok
TIC 144620136,53.6438,-24.337,8.83,0,,,,,1,4.9,ok
TIC 123338562,31.0698,-32.4913,8.83,0,,,,,2,5.0,ok
TIC 281596133,8.8093,-59.8164,8.83,0,,,,,11,18.5,ok
TIC 92248458,49.3035,-19.2075,8.83,0,,,,,3,6.1,ok
TIC 100100827,24.3546,-45.6777,8.83,0,,,,,9,21.3,ok
TIC 100263687,306.3563,-48.2714,8.83,0,,,,,1,2.6,ok
TIC 33665280,30.0936,-29.5061,8.83,0,,,,,5,10.3,ok
TIC 155918800,5.3157,-48.2922,8.83,0,,,,,7,14.3,ok
TIC 64146138,40.6279,-21.8171,8.84,0,,,,,4,10.6,ok
TIC 161223618,341.0388,-52.4092,8.84,0,,,,,6,11.6,ok
TIC 215113416,342.8008,-39.8917,8.84,0,,,,,6,13.7,ok
TIC 142273150,40.2965,-47.471,8.84,0,,,,,5,16.7,ok
TIC 121487197,343.2939,-42.2499,8.84,0,,,,,1,6.3,ok
TIC 394102545,340.6298,-60.9868,8.84,0,,,,,8,15.7,ok
TIC 115443952,6.5908,-40.5546,8.84,0,,,,,6,11.9,ok
TIC 201307842,3.81,-58.8586,8.84,0,,,,,10,20.1,ok
TIC 129763978,35.4275,-40.155,8.84,0,,,,,1,4.1,ok
TIC 79395976,319.9317,-49.6128,8.84,0,,,,,2,6.1,ok
TIC 79565919,52.844,-42.9528,8.84,0,,,,,6,13.2,ok
TIC 147382208,326.6551,-43.0269,8.84,0,,,,,5,10.7,ok
TIC 64110704,40.1776,-22.8243,8.84,0,,,,,4,8.1,ok
TIC 115115510,316.7411,-40.5915,8.84,0,,,,,5,10.9,ok
TIC 123320241,29.9142,-34.44,8.84,0,,,,,3,9.6,ok
TIC 229101365,28.9847,-44.2911,8.84,0,,,,,6,12.7,ok
TIC 166748556,56.4979,-31.9866,8.84,0,,,,,3,7.5,ok
TIC 219315902,320.2918,-58.5323,8.84,0,,,,,4,15.0,ok
TIC 139770421,324.1031,-50.1204,8.84,0,,,,,5,12.3,ok
TIC 393489271,35.5814,-42.87,8.84,0,,,,,4,12.0,ok
TIC 382427577,350.4641,-42.8383,8.85,0,,,,,6,16.4,ok
TIC 370146757,312.8345,-57.4626,8.85,0,,,,,6,15.3,ok
TIC 321088236,44.6265,-41.4656,8.85,0,,,,,7,17.4,ok
TIC 469880618,328.0279,-56.4032,8.85,0,,,,,9,16.6,ok
TIC 165192743,48.115,-38.1839,8.85,0,,,,,1,6.1,ok
TIC 116416441,7.929,-39.6969,8.85,0,,,,,7,15.1,ok
TIC 153046739,49.2753,-42.9516,8.85,0,,,,,6,15.2,ok
TIC 176841549,49.1901,-32.0893,8.85,0,,,,,4,12.5,ok
TIC 300547662,299.0544,-41.6918,8.85,0,,,,,1,6.3,ok
TIC 308225941,40.3736,-37.7902,8.85,0,,,,,5,12.3,ok
TIC 158536414,19.9432,-50.0155,8.85,0,,,,,7,16.7,ok
TIC 144652899,54.1054,-27.889,8.85,0,,,,,2,8.7,ok
TIC 290755643,307.6905,-38.5782,8.85,0,,,,,2,6.6,ok
TIC 139719498,322.5207,-50.1555,8.85,0,,,,,7,17.8,ok
TIC 281797559,13.8908,-55.0046,8.86,0,,,,,8,19.3,ok
TIC 206365884,357.3684,-52.3012,8.86,0,,,,,12,19.0,ok
TIC 139840668,325.4104,-51.8315,8.86,0,,,,,5,11.8,ok
TIC 111242757,29.9632,-37.365,8.86,0,,10.2,rejete,variabilite_continue;eclipse_secondaire,2,11.8,ok
TIC 144540373,52.41,-28.4946,8.86,0,,,,,2,8.7,ok
TIC 71274052,330.3569,-44.272,8.86,0,,,,,3,10.0,ok
TIC 355051872,303.6122,-37.3358,8.86,0,,,,,2,9.9,ok
TIC 403152066,334.1836,-55.9033,8.86,0,,,,,7,14.1,ok
TIC 144403212,357.9579,-46.3191,8.86,0,,,,,5,15.9,ok
TIC 139484364,35.9887,-29.4347,8.86,0,,,,,2,8.9,ok
TIC 220488040,343.7753,-55.679,8.86,0,,,,,5,14.1,ok
TIC 382551366,19.3976,-53.141,8.86,0,,,,,6,16.5,ok
TIC 147422205,327.3616,-47.089,8.87,0,,,,,3,8.9,ok
TIC 122610019,40.6089,-31.5964,8.87,0,,,,,5,14.1,ok
TIC 406238334,293.2684,-52.5513,8.87,0,,,,,1,8.4,ok
TIC 220501072,346.0015,-55.5946,8.87,0,,,,,7,17.9,ok
TIC 168697660,61.6689,-35.7643,8.87,0,,,,,1,10.9,ok
TIC 389758646,1.4573,-52.82,8.87,0,,,,,11,25.2,ok
TIC 211331581,300.4209,-33.6567,8.87,0,,,,,3,13.4,ok
TIC 219334547,353.8836,-55.2559,8.87,0,,,,,10,22.4,ok
TIC 92253059,49.8418,-22.3731,8.87,0,,,,,3,11.2,ok
TIC 265588613,331.1377,-58.1706,8.87,0,,,,,10,24.5,ok
TIC 206585031,20.2743,-56.0428,8.87,0,,,,,3,12.7,ok
TIC 89184869,57.3435,-26.2807,8.87,0,,,,,3,13.3,ok
TIC 219020154,286.5166,-48.1635,8.88,0,,,,,3,14.2,ok
TIC 140040460,328.9019,-53.1711,8.88,0,,,,,8,24.0,ok
TIC 71373815,45.6048,-18.1343,8.88,0,,,,,3,12.4,ok
TIC 441402428,310.5968,-33.4692,8.88,0,,,,,1,12.6,ok
TIC 139065442,318.8968,-42.6512,8.88,0,,,,,3,19.4,ok
TIC 231068366,32.5826,-54.6658,8.88,0,,,,,4,12.4,ok
TIC 142958941,53.1132,-31.0789,8.88,0,,,,,3,7.3,ok
TIC 206604947,22.0025,-57.7855,8.88,0,,,,,8,20.9,ok
TIC 129764249,35.4771,-38.9763,8.88,0,,,,,5,13.1,ok
TIC 201175605,357.6911,-50.6136,8.88,0,,,,,3,7.5,ok
TIC 389753601,351.358,-45.4229,8.88,0,,,,,9,19.6,ok
TIC 425884522,359.7395,-57.7831,8.88,0,,,,,11,22.6,ok
TIC 370080615,297.358,-50.5452,8.88,0,,,,,6,12.0,ok
TIC 394558419,337.9259,-60.1576,8.88,0,,,,,9,22.8,ok
TIC 321043680,43.6707,-39.2774,8.89,0,,,,,6,16.3,ok
TIC 322308377,14.9969,-54.4956,8.89,0,,,,,4,13.3,ok
TIC 231707361,337.9357,-54.584,8.89,0,,,,,6,11.5,ok
TIC 129814851,54.8713,-39.1208,8.89,0,,,,,4,14.7,ok
TIC 79270121,318.2435,-49.9285,8.89,0,,,,,7,17.7,ok
TIC 394596952,348.7567,-63.5738,8.89,0,,46.8,rejete,variabilite_continue;eclipse_secondaire,6,19.5,ok
TIC 66434034,14.0828,-35.6124,8.89,0,,,,,5,12.5,ok
TIC 143821220,330.9748,-53.2354,8.89,0,,,,,8,18.5,ok
TIC 65347635,39.7173,-28.1663,8.89,0,,,,,2,11.6,ok
TIC 139876330,326.2523,-52.4631,8.89,0,,,,,6,12.4,ok
TIC 120955572,53.7265,-23.8594,8.89,0,,,,,1,5.7,ok
TIC 355133506,307.2093,-42.1455,8.9,0,,,,,2,9.8,ok
TIC 115275423,26.0494,-38.0015,8.9,0,,,,,5,10.2,ok
TIC 382461907,351.6343,-46.144,8.9,0,,,,,8,18.8,ok
TIC 421360083,292.741,-44.7543,8.9,0,,,,,2,12.7,ok
TIC 71374409,45.7,-19.7157,8.9,0,,,,,3,10.9,ok
TIC 354606243,22.9397,-52.9209,8.9,0,,,,,7,15.8,ok
TIC 322064704,14.5811,-48.5735,8.9,0,,,,,4,10.5,ok
TIC 209454475,46.1974,-30.8555,8.9,0,,,,,4,19.1,ok
TIC 139995595,328.7438,-52.3845,8.9,0,,,,,7,22.2,ok
TIC 161383853,345.2695,-53.4413,8.91,0,,,,,8,21.5,ok
TIC 159972561,50.0439,-37.6784,8.91,0,,,,,4,16.3,ok
TIC 100106657,25.264,-43.8759,8.91,0,,,,,7,20.3,ok
TIC 366988231,301.9902,-56.6645,8.91,0,,,,,6,17.5,ok
TIC 316853965,324.5536,-57.3583,8.91,0,,,,,8,20.6,ok
TIC 219332944,338.6151,-57.3794,8.91,0,,,,,7,20.8,ok
TIC 158622966,22.5487,-53.8705,8.91,0,,,,,6,17.7,ok
TIC 80510448,12.8622,-43.5904,8.91,0,,,,,6,18.6,ok
TIC 175516814,45.5095,-39.5238,8.91,0,,,,,7,19.8,ok
TIC 138713301,32.8995,-41.8696,8.91,0,,,,,5,16.3,ok
TIC 144068001,337.856,-52.0765,8.92,0,,,,,6,14.8,ok
TIC 387191408,304.0269,-56.5067,8.92,0,,,,,4,9.0,ok
TIC 144515022,50.5151,-27.9131,8.92,0,,,,,1,7.3,ok
TIC 7186577,5.954,-46.4057,8.92,0,,,,,3,8.6,ok
TIC 200648020,320.7093,-41.9362,8.92,0,,,,,3,8.9,ok
TIC 219334879,354.131,-54.0521,8.92,0,,,,,9,20.3,ok
TIC 166764713,57.1201,-30.0778,8.92,0,,,,,1,8.3,ok
TIC 269633656,302.0955,-37.9254,8.92,0,,,,,3,10.1,ok
TIC 387191568,303.9318,-56.776,8.92,0,,,,,8,15.5,ok
TIC 394124951,348.4903,-61.8268,8.92,0,,,,,4,11.0,ok
TIC 92261712,50.268,-23.0793,8.92,0,,,,,3,13.0,ok
TIC 355141264,329.4634,-47.5469,8.93,0,,,,,5,14.4,ok
TIC 158517339,295.0148,-52.8889,8.93,0,,,,,6,17.1,ok
TIC 257723620,37.2354,-35.6863,8.93,0,,,,,3,8.8,ok
TIC 166836920,39.8977,-50.0083,8.93,0,,70.7,rejete,variabilite_continue,6,24.4,ok
TIC 72637323,31.8947,-29.3341,8.93,0,,,,,4,15.6,ok
TIC 67649560,18.891,-34.0311,8.93,0,,,,,5,16.9,ok
TIC 281499618,6.557,-58.7962,8.93,0,,,,,8,20.3,ok
TIC 370250759,335.8784,-54.2924,8.93,0,,,,,3,10.3,ok
TIC 92195847,334.3021,-43.6392,8.93,0,,,,,2,6.6,ok
TIC 259718515,322.5924,-60.4643,8.93,0,,,,,5,14.9,ok
TIC 200657826,2.2155,-51.7622,8.93,0,,,,,9,20.1,ok
TIC 166806759,39.0953,-50.5593,8.93,0,,,,,7,20.7,ok
TIC 166849661,58.777,-32.0987,8.93,0,,,,,1,10.5,ok
TIC 147330285,325.5175,-46.5188,8.94,0,,,,,1,7.6,ok
TIC 209453524,45.9856,-35.9127,8.94,0,,,,,5,15.0,ok
TIC 206349329,354.6675,-49.0847,8.94,0,,,,,10,22.0,ok
TIC 117513867,339.5947,-43.885,8.94,0,,,,,4,18.0,ok
TIC 67565745,15.9995,-34.6768,8.94,0,,,,,2,10.0,ok
TIC 403206837,338.1429,-58.2215,8.94,0,,,,,7,16.8,ok
TIC 100015466,23.2479,-42.2316,8.94,0,,,,,3,13.9,ok
TIC 382298818,324.0745,-37.2679,8.94,0,,,,,5,14.3,ok
TIC 231012651,26.3328,-56.1082,8.94,0,,,,,7,34.1,ok
TIC 100099876,24.1977,-43.0093,8.95,0,,,,,5,12.9,ok
TIC 139327901,348.8042,-44.9269,8.95,0,,,,,7,15.7,ok
TIC 115277157,26.2471,-36.4466,8.95,0,,,,,5,13.1,ok
TIC 121424132,342.1838,-46.7976,8.95,0,,,,,1,10.7,ok
TIC 139525426,36.2951,-24.0317,8.95,0,,,,,5,17.8,ok
TIC 72762957,34.929,-27.756,8.95,0,,,,,3,17.9,ok
TIC 168727443,62.3779,-34.8988,8.96,0,,,,,3,9.5,ok
TIC 142162271,36.6262,-46.4865,8.96,0,,,,,4,9.3,ok
TIC 64177237,40.9232,-22.6704,8.96,0,,,,,4,8.3,ok
TIC 100229370,306.4847,-53.1235,8.96,0,,,,,3,12.1,ok
TIC 67655843,19.3339,-35.3812,8.96,0,,,,,5,9.8,ok
TIC 100360477,307.5591,-51.7533,8.96,0,,,,,5,9.9,ok
TIC 220495378,345.2432,-54.2175,8.96,0,,,,,4,13.4,ok
TIC 168725927,62.1946,-31.8791,8.96,0,,,,,4,11.5,ok
TIC 389522775,313.0695,-39.9986,8.96,0,,,,,3,8.8,ok
TIC 91100264,309.7518,-46.259,8.97,0,,,,,2,6.0,ok
TIC 146654022,42.7954,-47.9642,8.97,0,,,,,3,9.4,ok
TIC 120429898,0.701,-40.8095,8.97,0,,,,,6,16.1,ok
TIC 166206219,295.1477,-51.8333,8.97,0,,,,,2,8.0,ok
TIC 92346704,51.5445,-22.9006,8.97,0,,,,,3,7.5,ok
TIC 42071874,24.8842,-36.0504,8.97,0,,,,,5,18.6,ok
TIC 34643336,306.0857,-32.7001,8.97,0,,,,,4,10.4,ok
TIC 402028212,16.8081,-50.0452,8.97,0,,,,,7,15.7,ok
TIC 231698310,330.7112,-57.2639,8.97,0,,,,,6,16.5,ok
TIC 197949776,346.659,-47.9103,8.97,0,,,,,4,19.0,ok
TIC 144439505,358.9238,-43.1315,8.97,0,,,,,7,20.8,ok
TIC 120567078,3.9898,-40.5407,8.97,0,,,,,3,16.4,ok
TIC 229116145,18.2367,-51.5351,8.97,0,,,,,7,24.0,ok
TIC 231005223,24.7806,-55.2493,8.97,0,,,,,5,17.3,ok
TIC 80336817,8.5866,-47.6872,8.97,0,,,,,5,10.4,ok
TIC 91596721,38.6869,-38.6494,8.97,0,,,,,4,22.5,ok
TIC 180444434,15.0305,-37.2182,8.98,0,,,,,1,11.6,ok
TIC 140138454,57.9154,-39.8141,8.98,0,,,,,3,13.9,ok
TIC 201230928,359.118,-52.573,8.98,1,0.9409,15.9,rejete,variabilite_continue;eclipse_secondaire,10,28.2,ok
TIC 100196783,306.0493,-51.7237,8.98,0,,,,,4,19.1,ok
TIC 469915806,350.3932,-53.1783,8.98,0,,,,,7,18.1,ok
TIC 144496636,49.7388,-28.2745,8.98,0,,,,,3,10.6,ok
TIC 369362791,53.675,-37.0386,8.98,0,,,,,3,9.0,ok
TIC 165886019,1.8501,-42.5602,8.98,0,,,,,3,7.9,ok
TIC 290239948,304.7668,-40.2254,8.98,0,,,,,2,7.4,ok
TIC 144069454,337.9546,-49.1759,8.98,0,,,,,5,11.1,ok
TIC 234528371,16.475,-60.0608,8.98,0,,30.7,rejete,variabilite_continue;eclipse_secondaire,7,21.2,ok
TIC 158621556,22.3284,-49.0976,8.99,0,,,,,7,19.8,ok
TIC 382523220,13.208,-48.9906,8.99,0,,,,,4,9.4,ok
TIC 32308360,25.0416,-32.8231,8.99,0,,,,,1,6.7,ok
TIC 91641928,40.2873,-39.5963,8.99,0,,,,,3,7.2,ok
TIC 92230185,48.771,-23.9376,8.99,0,,,,,3,7.6,ok
TIC 139149885,344.7554,-43.9355,8.99,0,,,,,2,7.9,ok
TIC 129814088,54.6568,-36.6831,8.99,0,,,,,2,10.9,ok
TIC 206534962,17.7081,-59.7688,8.99,0,,,,,3,11.2,ok
TIC 406275275,325.6612,-62.1107,8.99,0,,,,,1,6.9,ok
TIC 155985916,7.3666,-49.0754,8.99,0,,,,,4,13.3,ok
TIC 147469505,41.4844,-38.5955,8.99,0,,,,,5,16.7,ok
TIC 234518278,14.6462,-60.77,9.0,0,,,,,3,13.2,ok
TIC 155917736,5.0788,-53.7381,9.0,0,,,,,7,24.3,ok
TIC 281710293,11.4106,-56.3233,9.0,0,,,,,8,24.3,ok
TIC 80164917,298.1228,-47.4452,9.0,0,,,,,1,10.0,ok
TIC 66492282,15.1309,-35.003,9.0,0,,,,,6,19.0,ok
TIC 122504931,38.0323,-31.904,9.0,0,,,,,5,16.4,ok
TIC 238814402,327.3342,-60.3322,9.0,1,1.8285,10.0,rejete,variabilite_continue;eclipse_secondaire,6,20.1,ok
TIC 389729060,350.7946,-44.1066,9.0,0,,,,,7,18.8,ok
TIC 166850491,58.8937,-31.2839,9.0,0,,,,,3,13.0,ok
TIC 71409596,47.0793,-19.6802,9.0,0,,,,,2,10.6,ok
TIC 200668769,3.1873,-53.1092,9.01,0,,,,,8,20.3,ok
TIC 299894694,296.6387,-38.72,9.01,0,,,,,3,11.9,ok
TIC 219316150,320.2774,-57.7955,9.01,0,,,,,1,7.1,ok
TIC 88483318,47.4395,-25.0837,9.01,0,,,,,3,13.1,ok
TIC 166787303,38.506,-48.8093,9.01,0,,,,,3,10.0,ok
TIC 65480116,42.5477,-26.0406,9.01,0,,,,,4,9.3,ok
TIC 199734467,22.501,-42.8481,9.01,0,,,,,7,18.9,ok
TIC 142937186,52.2923,-31.3627,9.01,0,,,,,2,11.3,ok
TIC 101695873,302.9504,-49.7634,9.01,1,1.0134,12.0,rejete,variabilite_continue;eclipse_secondaire;compagnon_trop_gros_14.4Rjup,1,6.8,ok
TIC 139729243,323.0275,-52.0741,9.01,0,,,,,7,15.1,ok
TIC 160116483,59.5011,-38.0318,9.01,0,,,,,1,8.7,ok
TIC 7143811,4.1097,-47.8684,9.02,0,,,,,7,23.7,ok
TIC 339578682,359.3939,-58.8255,9.02,0,,,,,4,15.3,ok
TIC 92705248,316.3956,-35.7023,9.02,0,,,,,2,16.6,ok
TIC 44670258,60.0166,-29.038,9.02,0,,,,,4,10.8,ok
TIC 101932572,13.294,-44.5707,9.02,0,,,,,7,17.6,ok
TIC 144325770,355.3908,-42.8519,9.02,0,,,,,6,20.7,ok
TIC 231621867,316.3308,-54.1676,9.02,0,,,,,5,23.9,ok
TIC 32451658,27.7164,-32.2451,9.02,0,,,,,4,20.0,ok
TIC 140049346,329.8515,-50.9695,9.02,0,,,,,2,17.5,ok
TIC 166741134,56.1023,-35.7716,9.02,0,,,,,3,17.5,ok
TIC 146731509,45.8245,-47.6772,9.02,0,,,,,4,17.1,ok
TIC 123268357,28.7008,-33.5405,9.02,0,,,,,2,15.3,ok
TIC 77111977,34.8296,-41.396,9.03,0,,,,,5,21.3,ok
TIC 139284419,347.8084,-47.6215,9.03,0,,,,,8,19.3,ok
TIC 161360890,344.4597,-48.4365,9.03,0,,,,,8,18.0,ok
TIC 234507929,12.6505,-60.4907,9.03,0,,,,,3,10.3,ok
TIC 206617460,23.2524,-58.2103,9.03,0,,,,,7,13.5,ok
TIC 176833477,49.1344,-32.82,9.03,0,,,,,4,8.8,ok
TIC 79808564,296.6169,-47.0211,9.03,0,,,,,?,3.7,erreur
TIC 65346691,39.6523,-25.2521,9.03,0,,,,,5,11.6,ok
TIC 129637892,321.115,-37.8502,9.03,0,,,,,4,9.9,ok
TIC 142266760,39.7108,-43.8231,9.03,0,,,,,4,12.9,ok
TIC 62296704,291.2796,-47.7594,9.03,0,,,,,6,13.0,ok
TIC 425849442,351.7254,-42.808,9.04,0,,,,,7,17.0,ok
TIC 234299476,358.669,-60.8599,9.04,0,,,,,9,17.6,ok
TIC 166760924,37.5852,-49.4168,9.04,0,,,,,2,9.4,ok
TIC 404160133,296.451,-51.5619,9.04,0,,,,,5,17.8,ok
TIC 165879493,1.3975,-47.5695,9.04,0,,,,,?,3.6,erreur
TIC 166809600,39.3891,-48.6601,9.04,0,,,,,7,13.2,ok
TIC 201307489,3.7854,-57.2074,9.04,0,,,,,1,10.6,ok
TIC 199731304,21.4544,-47.7843,9.04,0,,,,,6,16.0,ok
TIC 140493662,21.2256,-33.5984,9.04,0,,,,,4,11.6,ok
TIC 144622242,53.8812,-25.1459,9.04,0,,,,,3,6.3,ok
TIC 101883318,304.4837,-50.7956,9.04,0,,,,,6,12.0,ok
TIC 66469006,14.8184,-35.4908,9.05,0,,,,,2,10.5,ok
TIC 394483121,316.0573,-55.3339,9.05,0,,,,,3,11.2,ok
TIC 231068332,32.5335,-54.511,9.05,0,,,,,3,9.7,ok
TIC 123368358,31.586,-32.5012,9.05,0,,,,,2,9.5,ok
TIC 231269245,334.7666,-48.2675,9.05,0,,,,,5,24.3,ok
TIC 209450205,45.5782,-30.4837,9.05,0,,,,,2,7.9,ok
TIC 70513270,32.6053,-31.7462,9.05,0,,,,,2,12.5,ok
TIC 200659219,2.5888,-48.1436,9.05,0,,,,,6,18.1,ok
TIC 100919035,32.5988,-40.3556,9.05,0,,,,,4,11.8,ok
TIC 389352124,311.0429,-39.2257,9.05,1,9.9095,25.6,rejete,variabilite_continue,5,19.0,ok
TIC 409857922,341.585,-60.4813,9.05,0,,,,,1,9.8,ok
TIC 129741794,35.2532,-40.8432,9.05,0,,,,,2,9.7,ok
TIC 224225040,353.0436,-39.97,9.05,0,,,,,4,9.9,ok
TIC 234280067,333.9367,-61.1613,9.05,0,,,,,10,20.7,ok
TIC 234520819,15.1157,-60.267,9.06,0,,,,,3,13.1,ok
TIC 274000285,42.6703,-21.552,9.06,0,,,,,4,16.3,ok
TIC 91190203,310.3623,-46.8589,9.06,0,,,,,4,16.4,ok
TIC 144461317,0.0399,-47.7449,9.06,0,,,,,7,18.1,ok
TIC 389627246,359.8216,-39.5029,9.06,0,,,,,5,16.2,ok
TIC 381853092,321.8806,-59.9039,9.06,0,,,,,7,17.4,ok
TIC 101944811,14.1576,-45.8989,9.06,0,,,,,7,18.6,ok
TIC 355689565,0.732,-62.8723,9.06,0,,,,,10,20.1,ok
TIC 166464277,298.7723,-49.886,9.06,0,,,,,3,15.2,ok
TIC 389300204,303.3508,-41.7369,9.06,0,,,,,1,10.1,ok
TIC 219319702,326.4556,-59.7953,9.06,0,,,,,5,13.7,ok
TIC 281497804,6.1939,-58.0142,9.06,0,,,,,5,15.0,ok
TIC 382218911,316.2284,-41.2521,9.06,0,,,,,5,16.9,ok
TIC 321979806,0.6249,-46.4208,9.06,0,,,,,5,17.9,ok
TIC 88524347,48.1404,-26.9535,9.06,0,,,,,3,15.3,ok
TIC 62023270,290.1539,-43.2651,9.07,0,,,,,1,7.6,ok
TIC 166578537,305.5571,-49.7381,9.07,0,,,,,3,17.6,ok
TIC 290665111,307.4763,-40.3744,9.07,0,,,,,2,11.2,ok
TIC 65435335,41.6173,-27.8539,9.07,0,,,,,2,12.0,ok
TIC 370132371,306.9456,-54.4258,9.08,0,,,,,5,13.7,ok
TIC 200665800,2.8417,-49.0881,9.08,0,,,,,5,14.7,ok
TIC 147335066,325.8145,-43.4458,9.08,0,,,,,4,14.7,ok
TIC 279328263,332.5409,-47.5793,9.08,0,,,,,3,17.5,ok
TIC 201335011,5.0465,-55.994,9.08,0,,,,,5,14.7,ok
TIC 88481050,47.2077,-26.356,9.08,0,,,,,2,11.7,ok
TIC 114890464,314.8148,-38.3326,9.08,0,,,,,1,7.9,ok
TIC 32421479,27.1641,-34.2366,9.09,0,,,,,2,8.4,ok
TIC 144252096,328.7982,-44.6935,9.09,0,,,,,3,11.4,ok
TIC 126601729,314.5782,-43.7517,9.09,0,,,,,2,8.9,ok
TIC 229146363,27.1297,-51.3386,9.09,0,,,,,8,20.1,ok
TIC 201287915,2.0317,-57.8636,9.09,0,,,,,12,20.1,ok
TIC 33574569,27.7788,-29.7084,9.09,0,,,,,3,12.4,ok
TIC 7129726,4.2239,-43.5406,9.09,0,,,,,5,13.0,ok
TIC 389452573,312.6327,-39.9979,9.09,0,,,,,1,7.2,ok
TIC 102028904,15.5896,-42.1232,9.09,0,,,,,6,15.5,ok
TIC 7153462,5.7527,-45.4865,9.1,0,,,,,6,11.7,ok
TIC 425862832,351.9687,-43.7038,9.1,0,,,,,8,16.6,ok
TIC 32268329,23.7972,-32.6898,9.1,0,,,,,5,9.4,ok
TIC 89116063,55.6079,-26.8312,9.1,0,,,,,2,5.6,ok
TIC 269527382,301.5402,-39.3793,9.1,0,,,,,2,10.4,ok
TIC 219997008,31.7256,-48.0362,9.1,0,,,,,6,14.6,ok
TIC 72581108,30.7124,-28.06,9.1,0,,,,,2,9.7,ok
TIC 160191930,27.1915,-46.8564,9.11,0,,,,,5,18.4,ok
TIC 126945917,318.7328,-43.3955,9.11,0,,,,,6,18.3,ok
TIC 142205276,38.4801,-46.8548,9.11,0,,,,,4,20.0,ok
TIC 92262046,50.2641,-21.1035,9.11,0,,,,,2,13.5,ok
TIC 168704114,62.068,-33.2581,9.11,0,,,,,1,9.4,ok
TIC 91231096,310.6673,-46.6723,9.11,0,,,,,3,6.4,ok
TIC 101992312,15.519,-47.3908,9.11,0,,,,,4,7.1,ok
TIC 300355974,298.4272,-41.1132,9.11,0,,,,,2,4.7,ok
TIC 32314028,25.0317,-34.4088,9.11,0,,,,,4,7.5,ok
TIC 146245819,34.235,-32.9971,9.11,0,,,,,3,5.9,ok
TIC 231639513,318.2573,-54.2573,9.11,0,,,,,5,8.5,ok
TIC 88329702,333.8171,-44.2046,9.11,0,,,,,2,5.0,ok
TIC 215336287,42.7893,-38.0814,9.11,0,,,,,5,9.2,ok
TIC 369666413,12.7163,-52.3518,9.11,0,,,,,5,9.3,ok
TIC 321067331,44.1957,-36.1545,9.11,0,,,,,4,9.4,ok
TIC 321088561,60.0421,-36.9783,9.11,0,,,,,3,6.6,ok
TIC 206500880,15.7228,-54.9163,9.12,0,,,,,2,7.0,ok
TIC 147338055,326.1852,-45.9048,9.12,0,,,,,1,6.0,ok
TIC 129710682,321.9494,-36.5291,9.12,0,,,,,1,7.4,ok
TIC 144062960,337.2039,-48.9232,9.12,0,,,,,7,16.9,ok
TIC 281779463,12.8838,-58.3707,9.12,0,,,,,11,20.0,ok
TIC 92444059,314.3874,-34.5749,9.12,0,,,,,2,12.1,ok
TIC 159732510,318.8968,-39.4689,9.12,0,,,,,2,10.7,ok
TIC 156075569,10.6473,-49.7312,9.12,0,,,,,6,17.7,ok
TIC 70557761,37.7516,-27.9991,9.13,0,,,,,5,20.5,ok
TIC 146282666,35.9881,-34.1103,9.13,0,,,,,4,21.9,ok
TIC 301050533,48.2275,-43.2364,9.13,0,,,,,3,15.4,ok
TIC 123370279,31.857,-31.1694,9.13,0,,,,,5,12.0,ok
TIC 142178693,37.6358,-43.7066,9.13,0,,,,,5,16.0,ok
TIC 42072590,24.9313,-40.4949,9.13,0,,,,,2,8.9,ok
TIC 166767310,38.1294,-50.4238,9.13,0,,,,,3,14.1,ok
TIC 32315976,25.2632,-34.5913,9.13,0,,,,,2,8.2,ok
TIC 320425891,295.8031,-53.8988,9.14,0,,,,,1,7.0,ok
TIC 206608071,22.2504,-55.6194,9.14,0,,,,,5,18.7,ok
TIC 72668629,33.3533,-28.9701,9.14,0,,,,,1,11.7,ok
TIC 101452013,301.175,-51.7359,9.14,0,,,,,3,15.8,ok
TIC 165160580,47.0016,-38.843,9.14,0,,,,,4,15.3,ok
TIC 147350277,326.2276,-44.4829,9.15,0,,,,,1,17.3,ok
TIC 120506582,2.3294,-41.8863,9.15,0,,,,,6,19.0,ok
TIC 70554152,33.603,-34.3151,9.15,0,,,,,5,16.3,ok
TIC 72691619,33.8051,-27.4493,9.15,0,,,,,4,19.1,ok
TIC 439422342,301.2125,-31.4729,9.15,0,,,,,1,15.0,ok
TIC 91193236,310.6719,-42.6918,9.15,0,,,,,1,11.5,ok
TIC 402048186,352.411,-53.419,9.15,0,,,,,4,17.3,ok
TIC 80289178,7.7833,-42.2929,9.15,0,,,,,5,16.6,ok
TIC 469974682,7.965,-60.9452,9.15,0,,,,,6,18.6,ok
TIC 355687729,0.6378,-61.3916,9.16,0,,,,,9,27.8,ok
TIC 197596057,327.0849,-38.3708,9.16,0,,,,,1,7.4,ok
TIC 197950297,346.6028,-50.5822,9.16,0,,,,,8,23.2,ok
TIC 142218933,39.0166,-47.0826,9.16,0,,,,,4,10.4,ok
TIC 381922972,351.1075,-54.0252,9.16,0,,,,,9,25.1,ok
TIC 166767005,38.0841,-48.8253,9.16,0,,,,,7,24.3,ok
TIC 155912332,4.5767,-52.7798,9.16,0,,,,,8,17.8,ok
TIC 115347584,27.4727,-38.9386,9.16,0,,,,,1,9.3,ok
TIC 146247774,34.5895,-34.4646,9.16,0,,,,,5,14.4,ok
TIC 278773152,335.4932,-39.324,9.17,0,,,,,5,14.3,ok
TIC 80432574,11.6567,-42.1605,9.17,0,,,,,4,12.6,ok
TIC 139988630,327.9189,-49.6876,9.17,0,,,,,1,10.2,ok
TIC 291011039,309.2304,-36.7959,9.17,0,,,,,3,10.8,ok
TIC 146732724,45.955,-43.021,9.17,0,,,,,6,16.8,ok
TIC 219119796,339.9773,-54.1265,9.17,0,,,,,5,19.9,ok
TIC 144194304,327.9725,-42.3734,9.17,0,,,,,4,17.6,ok
TIC 229144504,26.8538,-53.8825,9.18,0,,,,,3,15.9,ok
TIC 79172136,316.9252,-53.2083,9.18,0,,,,,6,22.4,ok
TIC 126658868,315.2239,-42.1443,9.18,0,,,,,5,18.2,ok
TIC 206616302,23.0312,-56.2153,9.18,0,,,,,6,20.0,ok
TIC 266980320,349.561,-56.904,9.18,1,6.0343,84.9,rejete,variabilite_continue,8,28.5,ok
TIC 219336754,354.2166,-57.3166,9.18,0,,,,,4,10.2,ok
TIC 201290666,2.5368,-59.3577,9.18,0,,,,,4,18.4,ok
TIC 175288634,346.8046,-41.0527,9.18,0,,,,,4,9.6,ok
TIC 176780738,48.1962,-31.39,9.18,0,,,,,1,6.9,ok
TIC 441300067,308.1406,-34.0909,9.18,0,,,,,1,17.0,ok
