nom,RA,Dec,Tmag,n_candidats,periodes,snr_max,verdict_auto,raisons_auto,n_secteurs,secondes,status
TIC 149988523,90.5391,-60.0968,4.0,0,,,,,44,11.1,ok
TIC 469811127,300.1499,-72.9114,4.0,0,,,,,10,12.6,ok
TIC 91167330,310.3532,-42.134,4.0,0,,,,,3,3.9,ok
TIC 113241255,293.119,-30.8697,4.02,0,,,,,5,6.1,ok
TIC 234309613,35.4364,-68.6594,4.07,0,,,,,11,11.9,ok
TIC 140692280,73.7974,-74.9365,4.07,0,,,,,42,10.6,ok
TIC 166580852,312.8752,-51.6082,4.1,0,,,,,4,5.8,ok
TIC 441396067,310.3494,-31.5987,4.1,0,,,,,4,5.9,ok
TIC 98423184,290.9718,-40.6167,4.1,0,,,,,4,6.6,ok
TIC 62119727,290.6596,-44.4591,4.11,0,,,,,5,7.3,ok
TIC 61732312,289.0906,-45.466,4.13,0,,,,,5,5.9,ok
TIC 254181386,287.3688,-37.9051,4.13,0,,,,,4,6.6,ok
TIC 149542947,86.1927,-65.7355,4.14,0,,,,,33,10.8,ok
TIC 278987417,101.8279,-55.5398,4.14,0,,,,,37,10.2,ok
TIC 318179763,309.5776,-81.2893,4.14,0,,,,,8,9.3,ok
TIC 80015851,297.5587,-47.5575,4.14,0,,,,,5,6.9,ok
TIC 167088607,95.66,-69.9838,4.15,0,,,,,40,11.2,ok
TIC 231622072,316.3095,-54.7273,4.16,0,,,,,6,7.4,ok
TIC 424986661,293.9883,-53.0084,4.17,0,,,,,5,7.8,ok
TIC 451606344,283.6907,-87.6067,4.19,0,,,,,7,9.3,ok
TIC 259862349,39.8989,-68.2669,4.2,0,,,,,12,13.4,ok
TIC 381949122,76.3773,-57.4719,4.22,0,,,,,45,10.2,ok
TIC 262529098,313.4178,-39.8105,4.23,0,,,,,4,8.4,ok
TIC 141280255,82.974,-76.3391,4.23,0,,,,,42,10.7,ok
TIC 260605873,97.3683,-56.8526,4.24,0,,,,,44,12.5,ok
TIC 320359912,295.8066,-56.2606,4.25,0,,,,,6,8.7,ok
TIC 339129239,293.8664,-62.7594,4.25,0,,,,,7,9.4,ok
TIC 100708841,311.0114,-51.9213,4.27,0,,,,,4,6.1,ok
TIC 90954303,308.4796,-44.5163,4.28,0,,,,,3,5.1,ok
TIC 352350404,300.4692,-66.9444,4.29,0,,,,,7,9.6,ok
TIC 410255832,358.0248,-82.0189,4.29,0,,,,,8,12.5,ok
TIC 410118760,327.6961,-69.6294,4.3,0,,,,,10,13.3,ok
TIC 219323708,331.4633,-59.6364,4.31,0,,,,,10,12.5,ok
TIC 389471549,312.7531,-37.9134,4.31,0,,,,,3,5.4,ok
TIC 382198789,81.5801,-58.9123,4.32,0,,,,,43,12.2,ok
TIC 270678026,87.7218,-52.1094,4.33,0,,,,,?,0.6,erreur
TIC 383715654,218.8606,-89.7718,4.35,0,,,,,8,10.8,ok
TIC 62189739,291.0897,-43.7221,4.35,0,,,,,5,6.7,ok
TIC 376669357,292.796,-68.434,4.35,0,,,,,10,13.1,ok
TIC 401821273,352.0183,-87.4821,4.37,0,,,,,7,9.2,ok
TIC 375232307,283.0543,-62.1877,4.37,0,,,,,9,12.2,ok
TIC 514062507,286.6054,-37.0651,4.37,0,,,,,3,4.5,ok
TIC 38680734,65.4734,-63.3852,4.38,0,,,,,45,12.0,ok
TIC 79394646,319.9678,-53.4499,4.39,0,,,,,6,8.3,ok
TIC 254125171,286.6057,-37.0655,4.4,0,,,,,4,5.2,ok
TIC 278202079,111.4077,-79.0942,4.41,0,,,,,23,11.3,ok
TIC 320003784,292.988,-54.1653,4.42,0,,,,,5,6.2,ok
TIC 290495172,2.508,-82.2242,4.42,0,,,,,4,6.0,ok
TIC 141810080,92.5633,-74.7544,4.43,0,,,,,45,12.8,ok
TIC 299800007,37.923,-79.1097,4.43,0,,,,,11,13.2,ok
TIC 128790255,300.1106,-43.0432,4.43,0,,,,,4,4.9,ok
TIC 149304313,83.2489,-64.2275,4.45,0,,,,,40,11.6,ok
TIC 246801501,284.0704,-42.7109,4.46,0,,,,,3,3.8,ok
TIC 30762159,75.6791,-71.3142,4.46,0,,,,,42,10.8,ok
TIC 372172890,312.3246,-68.7768,4.47,0,,,,,7,9.2,ok
TIC 319740048,291.9504,-54.3252,4.47,0,,,,,5,6.7,ok
TIC 129479481,304.7334,-47.7108,4.48,0,,,,,3,3.9,ok
TIC 466232301,303.6075,-62.2792,4.48,0,,,,,8,9.4,ok
TIC 389198736,302.8035,-36.1115,4.49,0,,,,,3,3.8,ok
TIC 351475845,308.8961,-60.583,4.49,0,,,,,7,8.7,ok
TIC 351535191,309.3979,-61.5304,4.5,0,,19.4,rejete,variabilite_continue;eclipse_secondaire;compagnon_trop_gros_2.9Rjup,7,15.6,ok
TIC 50308940,30.4681,-74.4458,4.5,0,,,,,12,14.0,ok
TIC 38699658,66.272,-61.238,4.5,0,,,,,44,13.2,ok
TIC 38574220,63.7022,-62.1912,4.5,0,,,,,42,13.9,ok
TIC 150320620,95.7558,-63.683,4.5,1,2.2113,17.0,rejete,variabilite_continue;eclipse_secondaire;compagnon_trop_gros_8.6Rjup,40,16.7,ok
TIC 39082723,13.7514,-69.5274,4.51,0,,,,,9,11.0,ok
TIC 304989038,289.561,-50.4468,4.52,0,,,,,5,8.0,ok
TIC 382276084,287.473,-68.4247,4.52,0,,,,,10,14.2,ok
TIC 167126852,96.3691,-69.689,4.53,0,,,,,42,10.8,ok
TIC 441387330,310.0828,-33.4316,4.53,0,,,,,4,6.0,ok
TIC 381925942,76.2525,-54.4074,4.54,0,,,,,21,12.8,ok
TIC 339276534,295.4055,-65.8549,4.55,0,,,,,7,9.4,ok
TIC 469906369,336.8343,-64.9663,4.55,0,,,,,10,12.1,ok
TIC 211277570,299.9341,-35.2764,4.57,0,,,,,3,8.8,ok
TIC 254141367,286.6872,-41.5403,4.59,0,,,,,5,6.3,ok
TIC 317019578,336.1817,-72.2598,4.6,0,,,,,11,13.2,ok
TIC 265435357,316.1798,-77.0262,4.61,0,,,,,9,13.4,ok
TIC 166500725,305.0597,-50.7034,4.61,0,,,,,4,8.1,ok
TIC 351604689,310.0152,-60.5526,4.61,0,,,,,7,9.0,ok
TIC 406116890,286.5835,-52.3417,4.64,0,,,,,4,5.8,ok
TIC 370109204,305.1347,-55.0511,4.64,0,,,,,6,9.8,ok
TIC 220424200,72.2697,-56.6664,4.66,0,,,,,29,14.3,ok
TIC 392772420,327.7309,-82.7191,4.67,0,,,,,7,11.5,ok
TIC 79016952,315.1811,-53.7392,4.69,0,,,,,4,7.4,ok
TIC 267091211,5.3703,-77.4269,4.71,0,,,,,6,9.1,ok
TIC 254003502,284.6797,-37.108,4.72,0,,,,,3,4.8,ok
TIC 341421940,317.1361,-63.9282,4.72,0,,,,,7,8.5,ok
TIC 318125360,308.3239,-80.965,4.73,0,,,,,8,9.8,ok
TIC 260507093,96.767,-58.0021,4.74,0,,,,,43,12.3,ok
TIC 290361108,305.4502,-40.7556,4.75,0,,,,,3,3.9,ok
TIC 300550436,299.0443,-38.3267,4.75,0,,,,,4,5.1,ok
TIC 142108949,99.4236,-77.5384,4.76,0,,,,,42,13.4,ok
TIC 30110465,73.3771,-66.6753,4.77,0,,,,,42,11.4,ok
TIC 389610795,312.1231,-43.9892,4.77,0,,,,,3,3.9,ok
TIC 259902074,41.3871,-67.6163,4.78,0,,,,,12,12.3,ok
TIC 406320735,327.5005,-64.7128,4.78,0,,,,,9,10.6,ok
TIC 62348907,291.6732,-46.5789,4.8,0,,,,,5,6.4,ok
TIC 219405754,78.4722,-52.0308,4.81,0,,,,,14,11.8,ok
TIC 404223181,356.1719,-78.7914,4.82,0,,,,,7,8.8,ok
TIC 325525016,359.3859,-82.17,4.83,0,,,,,7,10.4,ok
TIC 352312148,300.0959,-66.9507,4.83,0,,,,,7,10.7,ok
TIC 32273560,290.1091,-31.8175,4.84,0,,,,,5,7.3,ok
TIC 290519412,306.4488,-40.7968,4.86,0,,,,,3,4.8,ok
TIC 349647610,112.2143,-64.5099,4.86,0,,,,,44,13.0,ok
TIC 405479191,24.3693,-84.7694,4.86,0,,,,,9,11.7,ok
TIC 424995989,337.9028,-85.9669,4.88,0,,,,,7,8.8,ok
TIC 32445095,290.6069,-31.9367,4.88,0,,,,,5,6.5,ok
TIC 38759751,66.9416,-62.5212,4.89,0,,,,,43,15.9,ok
TIC 396170579,298.8413,-71.5465,4.89,0,,,,,10,13.8,ok
TIC 260972404,75.0546,-78.3,4.89,0,,,,,36,13.7,ok
TIC 273651959,338.8623,-78.7716,4.89,0,,,,,8,11.0,ok
TIC 197980430,326.0755,-55.4732,4.89,0,,,,,9,11.7,ok
TIC 350136745,52.495,-78.352,4.9,0,,,,,16,13.1,ok
TIC 271973682,114.0176,-77.634,4.9,0,,,,,27,12.7,ok
TIC 7015571,285.9902,-51.0196,4.9,0,,,,,3,4.1,ok
TIC 370327409,64.498,-80.2136,4.9,0,,,,,18,11.9,ok
TIC 293972244,106.7,-58.3809,4.9,0,,,,,42,12.4,ok
TIC 151954475,284.5883,-31.0363,4.9,0,,,,,4,5.1,ok
TIC 38828538,68.3898,-62.8238,4.91,0,,,,,42,11.7,ok
TIC 350563801,86.8056,-54.3607,4.91,0,,,,,32,11.2,ok
TIC 6670156,284.6159,-52.9387,4.91,0,,,,,4,5.0,ok
TIC 278509633,303.9611,-30.0052,4.92,0,,,,,4,7.9,ok
TIC 164660231,306.3619,-28.6632,4.93,0,,,,,4,6.9,ok
TIC 62020670,290.252,-45.374,4.93,0,,,,,5,8.7,ok
TIC 273476652,347.1488,-73.5861,4.93,0,,,,,10,14.8,ok
TIC 201723074,300.7562,-58.4611,4.93,0,,,,,7,11.8,ok
TIC 409891490,302.0851,-66.3547,4.95,0,,,,,8,9.6,ok
TIC 276967365,277.3322,-80.2331,4.95,0,,,,,10,12.1,ok
TIC 176960513,101.2315,-70.4337,4.95,0,,,,,41,12.1,ok
TIC 410273686,298.1574,-54.971,4.95,0,,,,,5,6.2,ok
TIC 290306250,328.7959,-76.9406,4.95,0,,,,,6,8.2,ok
TIC 339522902,296.7743,-62.4541,4.96,0,,,,,8,10.2,ok
TIC 316991247,335.301,-74.9676,4.96,0,,,,,8,12.3,ok
TIC 313585374,302.4048,-81.4413,4.97,0,,,,,9,11.9,ok
TIC 219420836,79.8425,-50.6045,4.97,0,,,,,9,10.9,ok
TIC 424856699,291.2915,-51.1008,4.97,0,,,,,5,6.2,ok
TIC 295071039,72.6837,-69.8313,4.98,0,,,,,43,12.1,ok
TIC 260852919,349.5838,-67.4711,4.98,0,,,,,10,11.4,ok
TIC 265336403,308.9661,-69.6109,4.98,0,,,,,8,9.3,ok
TIC 317099286,348.0534,-80.9128,4.99,0,,,,,8,10.9,ok
TIC 363913149,89.31,-53.4257,5.0,0,,,,,29,12.9,ok
TIC 406123721,286.9244,-48.5748,5.01,0,,,,,5,7.8,ok
TIC 375092757,88.7085,-52.6339,5.02,1,1.4688,23.4,rejete,variabilite_continue;eclipse_secondaire,20,18.3,ok
TIC 323445628,72.2622,-88.2711,5.04,0,,,,,9,11.3,ok
TIC 260971201,74.7121,-82.4705,5.04,0,,,,,13,12.0,ok
TIC 464480679,284.228,-62.8019,5.05,0,,,,,8,9.9,ok
TIC 360689728,290.7136,-54.4245,5.07,0,,,,,5,7.8,ok
TIC 290403648,330.9828,-72.7419,5.07,0,,,,,10,13.7,ok
TIC 50440486,35.7161,-73.6457,5.08,0,,,,,12,13.3,ok
TIC 139730235,323.3233,-52.7379,5.09,0,,,,,7,11.8,ok
TIC 126916326,318.3728,-47.5507,5.09,0,,,,,4,8.9,ok
TIC 311430135,317.3536,-73.1751,5.09,0,,,,,6,9.9,ok
TIC 300787049,300.0665,-37.7017,5.09,0,,,,,3,8.8,ok
TIC 364423809,69.5903,-77.6561,5.1,0,,,,,38,15.8,ok
TIC 326024061,298.7711,-33.0462,5.1,0,,,,,3,9.0,ok
TIC 396090368,297.4726,-66.813,5.11,0,,,,,8,12.4,ok
TIC 431380163,48.9937,-77.388,5.11,0,,,,,15,13.8,ok
TIC 339672887,110.4402,-56.2529,5.11,0,,,,,22,14.4,ok
TIC 265184287,299.008,-81.3498,5.11,0,,,,,9,13.2,ok
TIC 261136679,84.3035,-80.4622,5.11,1,3.1337,16.7,rejete,variabilite_continue;eclipse_secondaire,24,19.3,ok
TIC 350094361,115.1369,-64.3233,5.11,0,,,,,44,12.6,ok
TIC 290322019,305.1937,-36.8529,5.11,0,,,,,3,4.7,ok
TIC 129108435,302.2665,-47.0683,5.12,0,,,,,5,6.0,ok
TIC 320841837,299.2403,-57.9259,5.12,0,,,,,7,8.2,ok
TIC 129376321,303.8685,-44.4105,5.12,0,,,,,2,2.8,ok
TIC 61692011,288.6653,-45.1938,5.12,0,,,,,5,6.0,ok
TIC 394633233,351.7805,-66.581,5.12,0,,,,,9,10.6,ok
TIC 350765991,89.2001,-59.4222,5.12,0,,,,,43,11.7,ok
TIC 389012309,134.1605,-85.6629,5.13,0,,,,,11,12.0,ok
TIC 41331819,92.1835,-68.8433,5.13,0,,,,,33,11.9,ok
TIC 452358088,88.1023,-52.0553,5.15,0,,,,,18,11.9,ok
TIC 467969559,285.015,-66.6539,5.17,0,,,,,7,8.2,ok
TIC 352228274,288.2883,-77.864,5.17,0,,,,,10,12.1,ok
TIC 211278117,299.9649,-34.6983,5.17,0,,,,,3,3.9,ok
TIC 218930202,298.3067,-32.089,5.17,0,,,,,4,4.8,ok
TIC 129208800,303.0991,-42.7807,5.18,0,,,,,2,2.8,ok
TIC 372042699,309.7342,-71.0945,5.18,0,,,,,6,7.6,ok
TIC 211305389,300.0854,-33.7053,5.18,0,,,,,2,3.0,ok
TIC 468184895,317.2048,-88.9565,5.18,0,,21.8,rejete,variabilite_continue;eclipse_secondaire;compagnon_trop_gros_2.7Rjup,7,12.8,ok
TIC 253825414,283.0497,-41.7094,5.18,0,,,,,4,5.5,ok
TIC 468191145,323.015,-84.8103,5.18,0,,,,,8,10.8,ok
TIC 372104506,310.488,-66.7608,5.18,0,,,,,6,7.5,ok
TIC 394779757,28.9261,-84.7511,5.18,0,,,,,9,11.0,ok
TIC 34685480,306.3373,-29.9846,5.19,0,,,,,4,5.0,ok
TIC 149219496,82.3222,-62.3144,5.19,0,,,,,38,11.7,ok
TIC 320592617,297.0061,-56.3635,5.19,0,,,,,6,7.5,ok
TIC 279573219,106.0764,-56.7497,5.2,0,,,,,35,11.4,ok
TIC 410256121,358.4635,-83.0067,5.2,0,,,,,8,10.7,ok
TIC 423240775,297.3556,-72.5033,5.2,0,,,,,10,11.9,ok
TIC 260751444,346.2184,-68.8198,5.2,0,,,,,10,12.3,ok
TIC 237934406,59.0176,-63.4635,5.21,0,,,,,29,11.8,ok
TIC 376670273,292.6053,-69.7927,5.21,0,,,,,9,10.1,ok
TIC 167572319,101.3552,-65.0443,5.21,0,,,,,39,11.3,ok
TIC 277911545,354.6019,-76.8697,5.22,0,,,,,8,9.4,ok
TIC 325279209,334.4597,-77.5115,5.22,0,,,,,6,7.4,ok
TIC 277890728,353.3321,-77.3853,5.22,0,,,,,8,9.3,ok
TIC 379405328,283.9405,-56.4234,5.23,0,,,,,7,8.4,ok
TIC 262573254,114.6556,-56.2293,5.25,0,,,,,20,10.9,ok
TIC 410397673,291.0225,-68.3711,5.25,0,,,,,9,10.3,ok
TIC 370010028,46.9533,-69.2648,5.25,0,,,,,13,11.8,ok
TIC 325247654,317.838,-72.5445,5.25,0,,,,,7,8.1,ok
TIC 113346025,293.2632,-30.363,5.25,0,,,,,4,4.9,ok
TIC 300244770,109.8112,-67.1872,5.25,0,,,,,43,11.3,ok
TIC 468189765,320.7774,-85.6387,5.26,0,,,,,8,9.7,ok
TIC 234300677,32.9536,-71.4841,5.26,0,,,,,9,10.9,ok
TIC 369718807,130.5344,-89.4606,5.26,0,,,,,9,10.3,ok
TIC 261724825,23.4122,-78.5057,5.26,0,,,,,10,12.0,ok
TIC 318515879,325.8903,-68.0647,5.27,0,,,,,10,12.3,ok
TIC 129083414,302.3426,-47.171,5.27,0,,,,,5,6.0,ok
TIC 325220689,356.1108,-70.4898,5.27,0,,,,,9,10.3,ok
TIC 350655963,88.0844,-57.1567,5.27,0,,,,,42,11.1,ok
TIC 464527084,285.2708,-62.8653,5.27,0,,,,,9,10.2,ok
TIC 101311910,300.1048,-49.351,5.27,0,,,,,5,6.3,ok
TIC 300015238,107.1767,-70.4964,5.28,0,,,,,42,11.4,ok
TIC 277131946,283.4208,-31.9921,5.28,0,,,,,4,4.8,ok
TIC 265334885,308.7754,-71.1887,5.28,0,,,,,6,7.1,ok
TIC 200230198,288.1927,-50.4867,5.29,0,,,,,5,5.9,ok
TIC 197980131,325.978,-54.5,5.29,0,,,,,9,10.2,ok
TIC 320809967,299.2766,-58.9014,5.29,0,,,,,6,7.0,ok
TIC 350298145,83.7613,-58.871,5.29,0,,,,,44,11.2,ok
TIC 79405480,320.3191,-49.9393,5.29,0,,,,,6,7.4,ok
TIC 394234013,24.4881,-82.9742,5.3,0,,,,,12,11.5,ok
TIC 79015105,315.0886,-51.2644,5.3,0,,,,,6,7.4,ok
TIC 340458436,115.7218,-58.2298,5.3,0,,,,,21,11.1,ok
TIC 279359927,104.6648,-55.7297,5.3,0,,,,,32,11.4,ok
TIC 346701818,296.2276,-80.0889,5.3,0,,,,,9,10.6,ok
TIC 34463960,305.2165,-35.6735,5.31,0,,,,,3,3.8,ok
TIC 267116011,42.185,-73.8413,5.31,0,,,,,12,11.8,ok
TIC 355333839,297.2297,-52.8884,5.32,0,,,,,5,6.1,ok
TIC 319869261,292.4695,-55.4422,5.32,0,,,,,5,6.1,ok
TIC 269794986,68.2368,-78.128,5.32,0,,,,,32,11.9,ok
TIC 261427053,304.6125,-72.9796,5.33,0,,,,,8,8.9,ok
TIC 277898508,284.1136,-31.6891,5.34,0,,,,,4,5.0,ok
TIC 320259956,295.0789,-54.4179,5.35,0,,,,,5,6.0,ok
TIC 129278622,303.3849,-47.7135,5.35,0,,,,,4,4.5,ok
TIC 340215551,114.0065,-55.8876,5.37,0,,,,,18,11.1,ok
TIC 382509773,117.3028,-60.2826,5.37,0,,,,,27,11.7,ok
TIC 277982164,104.1436,-79.4202,5.37,0,,,,,23,11.8,ok
TIC 382151113,285.8733,-68.7556,5.37,0,,,,,11,11.9,ok
TIC 79111499,316.0592,-50.4355,5.38,0,,,,,6,7.5,ok
TIC 382389727,289.3011,-66.6611,5.38,0,,,,,10,11.3,ok
TIC 211255152,299.7358,-30.5388,5.38,0,,,,,3,3.9,ok
TIC 38828619,68.387,-63.0291,5.38,0,,,,,31,11.4,ok
TIC 101589406,302.068,-53.5502,5.38,0,,,,,5,6.2,ok
TIC 405410684,337.1595,-67.4895,5.38,0,,,,,11,11.2,ok
TIC 260131665,92.5746,-54.9686,5.39,0,,,,,43,12.0,ok
TIC 445586413,117.0812,-56.471,5.39,0,,,,,14,11.1,ok
TIC 272319474,118.8387,-76.4975,5.39,0,,,,,25,11.4,ok
TIC 261526008,336.2966,-70.432,5.4,0,,,,,10,11.3,ok
TIC 360740665,294.6085,-57.9837,5.4,0,,,,,7,8.3,ok
TIC 254079940,285.8238,-38.2531,5.4,0,,,,,3,4.0,ok
TIC 325393424,337.4622,-78.2133,5.4,0,,,,,7,8.3,ok
TIC 469814866,304.7624,-63.2312,5.41,0,,,,,8,9.3,ok
TIC 270558473,100.0119,-80.8132,5.41,0,,,,,19,12.1,ok
TIC 259885176,40.7108,-71.2044,5.41,0,,,,,12,11.4,ok
TIC 259847500,39.7218,-70.6798,5.42,0,,,,,11,11.4,ok
TIC 389310059,310.7208,-39.5589,5.42,0,,,,,3,3.8,ok
TIC 323423878,67.3203,-84.8052,5.42,0,,,,,9,10.4,ok
TIC 355587549,325.1407,-55.7379,5.42,0,,,,,10,11.3,ok
TIC 219410336,78.9119,-52.182,5.43,0,,,,,14,11.7,ok
TIC 393031938,65.2424,-81.5791,5.43,0,,,,,14,12.0,ok
TIC 166654885,314.0353,-53.8826,5.43,0,,,,,4,5.0,ok
TIC 276963807,276.5714,-79.9275,5.43,0,,,,,10,12.0,ok
TIC 91451212,313.941,-44.5758,5.44,0,,,,,5,6.5,ok
TIC 394817660,34.8551,-84.6002,5.44,0,,,,,10,11.7,ok
TIC 469979458,342.1353,-70.9334,5.44,0,,,,,11,11.5,ok
TIC 299753136,341.8981,-65.5603,5.45,0,,,,,11,11.1,ok
TIC 311461627,317.1975,-76.2126,5.45,0,,,,,8,9.5,ok
TIC 389610711,312.0777,-44.1972,5.45,0,,,,,3,4.0,ok
TIC 271520227,288.3886,-62.9231,5.46,0,,,,,9,10.6,ok
TIC 425572138,286.1044,-31.0472,5.46,0,,,,,5,6.1,ok
TIC 260041674,91.278,-56.2329,5.46,0,,,,,44,11.2,ok
TIC 425819615,305.9715,-42.4226,5.46,0,,,,,3,4.6,ok
TIC 139679488,322.2514,-53.7061,5.46,0,,,,,9,10.4,ok
TIC 100669012,310.5066,-50.2629,5.47,0,,,,,4,4.8,ok
TIC 277774779,343.6637,-70.0732,5.47,0,,,,,10,11.7,ok
TIC 91167490,310.2319,-42.3966,5.47,0,,,,,3,3.9,ok
TIC 352402781,301.4009,-67.3253,5.48,0,,,,,7,8.5,ok
TIC 280684074,342.5958,-80.1239,5.48,0,,,,,7,8.6,ok
TIC 301580669,301.8492,-29.7207,5.49,0,,,,,3,3.8,ok
TIC 33833289,63.6292,-75.808,5.49,0,,,,,38,12.2,ok
TIC 273511930,347.6901,-76.4633,5.49,0,,,,,9,10.5,ok
TIC 406237800,293.2247,-53.1857,5.5,0,,,,,5,6.0,ok
TIC 141151953,80.6343,-73.8013,5.5,0,,,,,42,11.6,ok
TIC 113272022,284.1688,-37.3434,5.5,0,,,,,3,3.8,ok
TIC 220457904,74.5082,-58.2083,5.5,0,,,,,44,11.1,ok
TIC 230953185,287.2187,-55.7212,5.5,0,,,,,5,5.9,ok
TIC 339962335,112.5747,-57.2103,5.5,0,,,,,25,11.2,ok
TIC 128842562,300.6509,-45.196,5.5,0,,,,,4,4.9,ok
TIC 271282342,292.3501,-43.4459,5.5,0,,,,,5,6.0,ok
TIC 349677777,112.2851,-63.2456,5.51,0,,,,,44,11.7,ok
TIC 126819791,317.3009,-46.7679,5.51,0,,,,,4,5.6,ok
TIC 176873735,100.9034,-73.1189,5.52,0,,,,,41,11.8,ok
TIC 41230564,91.7105,-67.2833,5.52,0,,,,,27,11.5,ok
TIC 254147274,286.717,-37.8131,5.53,0,,,,,4,5.1,ok
TIC 254186676,287.4157,-39.8274,5.53,0,,,,,4,5.0,ok
TIC 406345664,328.7981,-61.8872,5.53,0,,,,,11,11.4,ok
TIC 101431588,301.0136,-51.2125,5.53,0,,,,,5,6.1,ok
TIC 91190426,310.517,-46.4002,5.53,0,,,,,3,3.9,ok
TIC 79327789,319.4687,-48.7188,5.53,0,,,,,4,4.9,ok
TIC 394242338,25.3417,-79.1481,5.53,0,,,,,10,11.7,ok
TIC 167813113,104.7804,-60.8421,5.53,0,,,,,44,11.3,ok
TIC 317130136,349.7871,-79.4723,5.54,0,,,,,8,9.4,ok
TIC 253888556,283.8482,-37.3866,5.54,0,,,,,2,2.7,ok
TIC 177075997,102.8625,-70.9632,5.54,0,,,,,43,11.3,ok
TIC 261205462,87.5698,-79.3609,5.54,0,,64.8,rejete,variabilite_continue;eclipse_secondaire,32,17.6,ok
TIC 370227780,85.6709,-75.2504,5.54,0,,,,,44,11.4,ok
TIC 327303945,310.5177,-76.1807,5.55,0,,,,,9,10.6,ok
TIC 6725846,284.7208,-48.5059,5.55,0,,,,,3,3.7,ok
TIC 79283165,318.9415,-53.2632,5.55,0,,31.5,rejete,variabilite_continue;eclipse_secondaire,6,10.9,ok
TIC 41533313,93.728,-71.6559,5.55,0,,,,,41,11.8,ok
TIC 100794584,311.6131,-50.8056,5.56,0,,,,,4,5.2,ok
TIC 91034492,308.9491,-44.3374,5.56,0,,,,,3,3.8,ok
TIC 377016448,78.108,-81.5414,5.56,0,,,,,17,11.7,ok
TIC 317021841,336.4646,-75.0156,5.56,0,,,,,8,9.5,ok
TIC 55478023,71.2411,-63.2297,5.56,0,,,,,44,12.0,ok
TIC 343960640,286.0044,-57.9599,5.56,0,,,,,7,8.2,ok
TIC 394008336,329.5267,-56.7058,5.56,0,,,,,8,9.4,ok
TIC 320690083,297.687,-59.1937,5.57,0,,,,,7,8.0,ok
TIC 128917793,301.2828,-46.0971,5.57,0,,,,,4,4.6,ok
TIC 394209494,5.1626,-69.6249,5.57,0,,,,,7,8.4,ok
TIC 453102450,116.1825,-66.0716,5.57,0,,,,,34,11.4,ok
TIC 31799975,51.401,-69.336,5.57,0,,,,,22,11.9,ok
TIC 34802109,307.137,-34.4098,5.57,0,,,,,3,4.0,ok
TIC 374343586,299.6733,-69.1646,5.57,0,,,,,8,8.9,ok
TIC 176876294,100.2405,-71.7755,5.57,0,,,,,44,11.3,ok
TIC 290401720,330.7666,-76.1189,5.57,0,,,,,7,8.1,ok
TIC 91010657,308.5693,-43.4484,5.57,0,,,,,3,4.0,ok
TIC 149347992,83.7392,-61.1762,5.57,0,,,,,43,11.1,ok
TIC 254225031,288.0408,-37.5831,5.58,0,,,,,4,4.7,ok
TIC 270676778,87.6201,-52.7678,5.58,0,,,,,23,11.3,ok
TIC 166425461,298.5565,-49.4618,5.58,0,,,,,4,4.8,ok
TIC 376629907,292.3727,-70.6691,5.58,0,,,,,9,10.1,ok
TIC 340216929,114.0149,-57.2954,5.58,0,,,,,23,11.1,ok
TIC 369457005,311.584,-39.1994,5.59,0,,,,,5,5.9,ok
TIC 299943748,106.5597,-68.8376,5.59,0,,,,,42,11.6,ok
TIC 352080579,284.8627,-75.3901,5.59,0,,,,,9,10.5,ok
TIC 300290824,110.2287,-71.5324,5.59,0,,,,,42,11.1,ok
TIC 290593125,306.7186,-37.4037,5.59,0,,,,,2,2.7,ok
TIC 364322720,87.8461,-64.0334,5.59,0,,,,,36,11.5,ok
TIC 352477366,323.1268,-73.8931,5.6,0,,,,,7,7.9,ok
TIC 421438914,293.3399,-45.2719,5.6,0,,,,,5,6.1,ok
TIC 166467008,298.8695,-53.9473,5.6,0,,,,,5,6.7,ok
TIC 167720039,103.4345,-65.9138,5.6,0,,,,,44,11.0,ok
TIC 277836910,344.8208,-71.8367,5.6,0,,,,,10,11.9,ok
TIC 200228924,288.1005,-51.8057,5.61,0,,,,,?,0.4,erreur
TIC 55852584,75.986,-65.0121,5.61,0,,,,,40,11.9,ok
TIC 31798594,51.0101,-69.6245,5.61,0,,26.5,rejete,variabilite_continue;eclipse_secondaire;compagnon_trop_gros_2.7Rjup,19,17.8,ok
TIC 129579498,305.615,-42.0501,5.62,0,,,,,3,3.9,ok
TIC 167121012,95.9932,-68.6008,5.62,0,,,,,35,11.1,ok
TIC 267000601,3.9783,-75.9116,5.62,0,,,,,8,9.9,ok
TIC 355336604,297.1963,-49.5249,5.62,0,,,,,5,6.2,ok
TIC 389089359,333.4303,-68.1264,5.62,0,,,,,11,11.2,ok
TIC 97673330,297.2993,-28.7896,5.63,0,,,,,4,4.9,ok
TIC 141482069,86.9504,-72.7021,5.63,0,,,,,42,11.2,ok
TIC 424988021,328.5911,-85.0335,5.63,0,,,,,7,8.7,ok
TIC 280051467,45.5649,-71.9023,5.63,0,,,,,13,12.2,ok
TIC 382510863,117.4781,-60.0514,5.64,0,,,,,23,11.1,ok
TIC 341200426,314.6982,-61.8115,5.64,0,,,,,8,9.2,ok
TIC 375034557,99.5009,-61.5329,5.64,0,,,,,39,11.2,ok
TIC 238198771,57.5802,-75.8956,5.65,0,,,,,29,12.5,ok
TIC 229804573,329.6255,-59.012,5.65,0,,,,,8,9.4,ok
TIC 294747615,70.7667,-70.9308,5.65,0,,,,,43,11.1,ok
TIC 114790360,304.062,-41.4786,5.65,0,,,,,3,4.0,ok
TIC 410417579,81.5259,-86.3881,5.65,0,,,,,9,10.3,ok
TIC 253806930,282.7866,-39.1748,5.66,0,,,,,4,5.0,ok
TIC 349371980,109.8845,-61.1449,5.66,0,,,,,44,11.6,ok
TIC 167554964,101.1841,-61.2242,5.66,0,,,,,39,11.1,ok
TIC 277874564,353.0958,-74.2019,5.67,0,,,,,10,11.7,ok
TIC 396211656,300.4153,-74.7639,5.67,0,,,,,10,11.6,ok
TIC 358501433,60.7399,-79.845,5.67,0,,,,,17,11.9,ok
TIC 232084963,30.6569,-70.4193,5.67,0,,,,,11,11.8,ok
TIC 275734412,282.3218,-34.7499,5.67,0,,,,,3,3.8,ok
TIC 167656187,102.5043,-60.2484,5.68,0,,,,,40,11.3,ok
TIC 166578055,305.4218,-50.7768,5.68,0,,,,,3,5.8,ok
TIC 129479892,304.8263,-47.5815,5.68,0,,,,,3,3.8,ok
TIC 237940785,59.7177,-65.8814,5.68,0,,,,,38,11.3,ok
TIC 184137021,21.9375,-75.0434,5.69,0,,,,,7,8.6,ok
TIC 220436223,73.7223,-58.5472,5.69,0,,,,,44,10.9,ok
TIC 280096428,46.2489,-74.3194,5.69,0,,,,,16,11.6,ok
TIC 259961168,42.7177,-67.5224,5.7,0,,,,,13,11.9,ok
TIC 169009884,291.7355,-29.7436,5.7,0,,,,,5,6.1,ok
TIC 411983347,291.1066,-63.3616,5.7,0,,,,,9,10.7,ok
TIC 327856894,1.1727,-71.437,5.7,0,,,,,8,9.6,ok
TIC 262956415,11.1479,-78.0823,5.7,0,,,,,7,8.4,ok
TIC 396212145,300.234,-74.0127,5.7,0,,,,,10,11.3,ok
TIC 340634155,116.3979,-56.7225,5.71,0,,,,,15,11.1,ok
TIC 32047333,289.9167,-35.4215,5.71,0,,,,,4,4.9,ok
TIC 299744422,296.1156,-41.6092,5.71,0,,,,,3,3.8,ok
TIC 158507202,294.8696,-52.8569,5.71,0,,,,,5,5.9,ok
TIC 79513950,322.0444,-52.3024,5.71,0,,,,,7,8.3,ok
TIC 354944747,324.7375,-79.4428,5.71,0,,,,,9,10.0,ok
TIC 339890862,112.0476,-58.0728,5.71,0,,17.3,rejete,variabilite_continue;eclipse_secondaire,28,16.7,ok
TIC 79104313,315.881,-52.8891,5.71,0,,,,,6,7.2,ok
TIC 423158814,287.7106,-50.341,5.71,0,,,,,5,6.1,ok
TIC 150431920,97.4175,-61.2419,5.71,0,,,,,43,11.8,ok
TIC 279476396,105.2706,-58.939,5.72,0,,,,,43,11.7,ok
TIC 358500970,60.6177,-78.6332,5.72,0,,,,,21,11.5,ok
TIC 421893475,339.0936,-72.7132,5.72,0,,,,,11,11.5,ok
TIC 80087110,298.0264,-45.6529,5.72,0,,,,,3,3.7,ok
TIC 50381965,33.5794,-76.3574,5.72,0,,,,,12,11.6,ok
TIC 143359172,294.0363,-46.1516,5.72,0,,,,,5,5.9,ok
TIC 290486039,2.5337,-78.3009,5.73,0,,,,,5,6.0,ok
TIC 166578417,305.4173,-50.0011,5.73,0,,,,,3,3.7,ok
TIC 394274870,28.964,-78.3482,5.73,0,,,,,10,12.3,ok
TIC 389587930,311.8487,-45.8545,5.73,0,,,,,3,3.7,ok
TIC 158342117,288.7534,-48.9626,5.74,0,,,,,5,5.9,ok
TIC 382180510,304.4318,-39.1129,5.74,0,,,,,3,3.7,ok
TIC 441354986,309.5388,-30.978,5.75,0,,,,,4,4.7,ok
TIC 372850543,98.193,-61.8277,5.75,0,,,,,28,11.5,ok
TIC 256302510,258.9788,-87.5673,5.75,0,,,,,8,9.3,ok
TIC 279510954,105.5071,-59.4606,5.75,0,,,,,43,11.2,ok
TIC 346630890,293.7493,-81.7529,5.75,0,,,,,10,11.5,ok
TIC 150392584,96.6382,-60.5573,5.75,0,,,,,44,11.3,ok
TIC 231693006,321.5643,-54.6602,5.75,0,,,,,8,9.4,ok
TIC 278960800,101.6731,-54.6949,5.75,0,,,,,21,11.3,ok
TIC 41232189,91.5393,-66.0394,5.75,0,,,,,27,11.1,ok
TIC 422044019,301.8964,-55.0158,5.75,0,,,,,5,5.8,ok
TIC 403288575,332.8488,-64.0143,5.76,0,,,,,11,11.6,ok
TIC 391901960,115.7164,-71.5418,5.76,0,,,,,43,11.4,ok
TIC 317250749,122.5276,-84.4448,5.76,0,,,,,11,11.8,ok
TIC 339665237,298.8926,-63.0144,5.76,0,,,,,7,8.4,ok
TIC 464491480,284.6195,-64.0019,5.77,0,,,,,8,9.2,ok
TIC 7084946,286.1668,-48.4041,5.77,0,,,,,4,4.9,ok
TIC 319670360,291.6444,-56.922,5.77,0,,,,,5,6.1,ok
TIC 129178510,302.8159,-43.6623,5.77,0,,,,,2,2.8,ok
TIC 410036261,320.0812,-67.2567,5.77,0,,,,,7,8.2,ok
TIC 260301896,94.5927,-54.404,5.77,0,,,,,34,11.3,ok
TIC 38807464,6.676,-69.3072,5.77,0,,,,,6,7.4,ok
TIC 320056471,293.5249,-56.1003,5.77,0,,,,,5,6.0,ok
TIC 79281046,318.7586,-49.0976,5.77,0,,,,,5,6.0,ok
TIC 346704014,297.0414,-78.7268,5.78,0,,,,,9,10.8,ok
TIC 370205754,314.0146,-58.3585,5.78,0,,,,,7,8.0,ok
TIC 266997506,3.5186,-74.9118,5.78,0,,,,,8,9.9,ok
TIC 140690428,73.2725,-72.4059,5.78,0,,,,,42,11.4,ok
TIC 38469670,61.8429,-64.2201,5.78,0,,,,,42,11.8,ok
TIC 327724621,331.8389,-68.7201,5.78,0,,,,,9,10.3,ok
TIC 299940359,106.146,-68.2485,5.79,0,,,,,42,11.3,ok
TIC 466231610,303.6115,-63.4156,5.79,0,,,,,8,9.1,ok
TIC 453100169,116.2226,-68.7567,5.79,0,,,,,43,11.4,ok
TIC 339260231,294.5445,-63.9155,5.79,0,,,,,6,7.0,ok
TIC 259886108,40.8529,-69.1595,5.79,0,,,,,11,11.4,ok
TIC 319568906,290.904,-53.9462,5.79,0,,,,,5,6.0,ok
TIC 260192754,93.4185,-56.9185,5.8,0,,,,,42,11.3,ok
TIC 382274013,287.5344,-71.5485,5.8,0,,,,,10,11.3,ok
TIC 220402024,69.5312,-58.2036,5.81,0,,,,,35,11.5,ok
TIC 260640910,97.9929,-58.7538,5.81,0,,,,,44,11.2,ok
TIC 150359260,96.0573,-60.2811,5.81,0,,,,,43,11.2,ok
TIC 166284611,295.6395,-50.6676,5.81,0,,,,,5,5.9,ok
TIC 372039385,309.2275,-67.4194,5.81,0,,,,,7,7.9,ok
TIC 253813459,282.9086,-36.4622,5.81,0,,,,,3,4.0,ok
TIC 350346371,84.6071,-54.9542,5.81,0,,,,,39,11.1,ok
TIC 381912636,323.0032,-58.8152,5.81,0,,,,,5,6.2,ok
TIC 280912523,102.4716,-82.7247,5.82,0,,,,,13,11.7,ok
TIC 424878286,291.4818,-49.8435,5.82,0,,,,,4,4.9,ok
TIC 294159692,107.9808,-56.1552,5.82,0,,,,,31,11.2,ok
TIC 300328258,110.7774,-70.6364,5.82,0,,,,,41,11.4,ok
TIC 290352455,329.2674,-76.2112,5.82,0,,,,,6,7.5,ok
TIC 466095512,294.8507,-69.3379,5.83,0,,,,,10,11.3,ok
TIC 451607620,284.4227,-85.5655,5.83,0,,,,,8,9.6,ok
TIC 410464609,320.4417,-64.4097,5.83,0,,,,,8,9.7,ok
TIC 113246307,293.0921,-33.7567,5.83,0,,,,,4,5.0,ok
TIC 50377750,32.7229,-75.9589,5.83,0,,,,,10,11.5,ok
TIC 394595576,341.1558,-62.5485,5.83,0,,,,,9,10.4,ok
TIC 279321185,104.2755,-55.0474,5.83,0,,,,,29,11.3,ok
TIC 345176811,281.9539,-77.8673,5.84,0,,,,,9,10.4,ok
TIC 31867144,52.7157,-66.4897,5.84,0,,,,,19,11.2,ok
TIC 181655818,13.7522,-74.3016,5.84,0,,,,,6,7.4,ok
TIC 324654011,312.9432,-82.5362,5.84,0,,,,,8,9.5,ok
TIC 113583603,293.5354,-40.0347,5.84,0,,,,,2,2.7,ok
TIC 290591466,306.6091,-37.1092,5.84,0,,,,,3,3.8,ok
TIC 300865934,117.4208,-66.196,5.84,0,,,,,40,12.1,ok
TIC 101588050,302.0395,-52.5779,5.84,0,,,,,?,0.5,erreur
TIC 38847248,8.3488,-71.2663,5.85,0,,,,,7,8.3,ok
TIC 259901747,41.5285,-68.8904,5.85,0,,,,,9,10.6,ok
TIC 219427489,80.3464,-51.5751,5.85,0,,,,,13,11.3,ok
TIC 381949031,76.3481,-57.1951,5.85,0,,,,,43,11.3,ok
TIC 129139856,302.6634,-46.7354,5.85,0,,,,,4,4.9,ok
TIC 31695387,289.1366,-33.5223,5.85,0,,,,,3,3.7,ok
TIC 112243846,290.6996,-32.5033,5.85,0,,,,,5,5.9,ok
TIC 394086684,339.0152,-65.1194,5.86,0,,,,,11,11.4,ok
TIC 441210585,294.53,-38.7582,5.86,0,,,,,3,3.9,ok
TIC 393977332,322.7515,-56.8847,5.86,0,,,,,9,10.7,ok
TIC 354899658,300.9002,-37.5292,5.86,0,,,,,2,2.7,ok
TIC 7014733,285.8641,-50.3168,5.86,0,,,,,3,3.8,ok
TIC 139697052,322.1501,-52.2597,5.86,0,,,,,6,6.8,ok
TIC 319869555,292.6447,-55.1101,5.87,0,,,,,5,6.3,ok
TIC 30722080,75.3867,-68.0285,5.87,0,,,,,31,12.0,ok
TIC 305065042,289.541,-53.3876,5.87,0,,,,,5,6.0,ok
TIC 177116244,103.9207,-68.5055,5.87,0,,,,,41,11.4,ok
TIC 150357613,96.1106,-63.4296,5.87,0,,,,,40,11.6,ok
TIC 341359462,316.1642,-64.0476,5.88,0,,,,,6,7.0,ok
TIC 176930969,100.4258,-71.2176,5.88,0,,,,,29,11.4,ok
TIC 253979617,284.5619,-37.3171,5.88,0,,,,,?,0.5,erreur
TIC 98130873,290.1973,-38.7464,5.88,0,,,,,4,4.9,ok
TIC 350295877,83.4356,-54.9022,5.89,0,,,,,39,11.7,ok
TIC 294327531,108.9149,-58.8055,5.89,0,,,,,31,12.2,ok
TIC 300039724,107.8201,-70.1188,5.89,0,,,,,41,11.3,ok
TIC 32360983,290.3748,-34.984,5.89,0,,,,,4,5.0,ok
TIC 219919806,283.0364,-44.5366,5.89,0,,,,,4,5.2,ok
TIC 278454368,303.6192,-35.8368,5.89,0,,,,,3,3.9,ok
TIC 158442384,289.153,-52.438,5.89,0,,,,,5,6.2,ok
TIC 441315390,308.6763,-34.2946,5.89,0,,,,,3,4.1,ok
TIC 406319088,326.583,-62.55,5.9,0,,,,,11,11.4,ok
TIC 61856320,289.5041,-45.6244,5.9,0,,,,,5,6.1,ok
TIC 320330186,295.4094,-55.2662,5.9,0,,,,,4,5.0,ok
TIC 230968006,287.8415,-56.3067,5.9,0,,,,,5,6.1,ok
TIC 220418532,71.7788,-59.137,5.91,0,,,,,44,11.6,ok
TIC 259765082,323.2164,-64.1501,5.91,0,,,,,8,9.0,ok
TIC 259862594,40.1683,-69.2331,5.91,0,,,,,11,11.7,ok
TIC 139756492,323.7189,-51.8276,5.91,0,,,,,7,8.3,ok
TIC 164551412,306.178,-29.0782,5.91,0,,,,,4,5.0,ok
TIC 177077420,103.153,-70.5099,5.91,0,,,,,31,11.6,ok
TIC 6524232,284.1334,-48.9925,5.91,0,,,,,4,5.7,ok
TIC 177354054,104.3344,-75.9877,5.92,0,,,,,31,12.4,ok
TIC 280911834,101.9168,-81.0651,5.92,0,,,,,13,13.3,ok
TIC 61458992,287.9221,-46.8811,5.92,0,,,,,5,6.8,ok
TIC 290422635,306.0035,-41.7956,5.92,0,,,,,3,4.7,ok
TIC 303974454,24.1416,-76.372,5.92,0,,,,,6,7.3,ok
TIC 370137810,46.6798,-72.0247,5.93,0,,,,,14,12.5,ok
TIC 31747041,49.4971,-66.9268,5.93,0,,,,,16,12.2,ok
TIC 327303574,310.4378,-75.3519,5.93,0,,,,,?,0.4,erreur
TIC 177034802,102.6051,-69.9863,5.93,0,,,,,37,11.3,ok
TIC 62227239,291.2329,-44.1949,5.93,0,,,,,5,6.1,ok
TIC 381950979,76.6023,-56.2314,5.93,0,,,,,36,11.6,ok
TIC 150322340,95.6288,-60.2182,5.94,0,,,,,43,11.7,ok
TIC 126584063,314.4122,-44.1358,5.94,0,,,,,5,6.2,ok
TIC 113636487,293.9358,-32.8229,5.94,0,,,,,4,5.3,ok
TIC 278684936,99.0643,-55.8629,5.94,0,,,,,42,11.9,ok
TIC 327857918,1.3632,-67.9597,5.94,0,,,,,?,0.5,erreur
TIC 235061209,83.6033,-52.6287,5.95,0,,,,,13,11.4,ok
TIC 98120652,290.056,-36.2278,5.95,0,,,,,4,4.9,ok
TIC 140580875,68.5643,-73.2084,5.95,0,,,,,35,11.8,ok
TIC 114733031,300.9265,-36.0598,5.95,0,,,,,2,3.5,ok
TIC 318235184,315.1361,-83.1466,5.95,0,,,,,7,10.4,ok
TIC 91430917,313.4347,-44.3408,5.95,0,,,,,4,5.2,ok
TIC 425767093,292.2036,-42.1161,5.95,0,,,,,4,4.9,ok
TIC 350334336,84.0902,-57.4577,5.96,0,,,,,31,11.2,ok
TIC 182516987,15.6549,-77.5513,5.96,0,,,,,3,9.1,ok
TIC 309704722,79.6829,-62.985,5.96,0,,,,,30,11.4,ok
TIC 149630160,87.402,-60.6762,5.96,0,,,,,38,11.4,ok
TIC 254068483,285.6828,-36.6581,5.96,0,,,,,2,2.8,ok
TIC 34798133,306.9342,-30.8713,5.96,0,,,,,3,4.6,ok
TIC 150393390,96.7998,-60.7285,5.96,0,,,,,44,11.2,ok
TIC 150437899,97.5126,-65.5678,5.96,0,,,,,38,11.4,ok
TIC 237319282,344.8635,-64.1825,5.96,0,,,,,8,9.3,ok
TIC 404968457,85.374,-70.0337,5.97,0,,,,,27,12.0,ok
TIC 143463658,294.9239,-45.2785,5.97,0,,,,,5,6.1,ok
TIC 231640069,318.386,-54.9888,5.97,0,,,,,5,6.8,ok
TIC 318087025,306.2301,-83.3106,5.97,0,,,,,10,11.8,ok
TIC 300739338,115.126,-69.846,5.97,0,,,,,32,12.1,ok
TIC 169444915,292.7768,-29.4954,5.97,0,,,,,5,5.8,ok
TIC 254068094,285.6555,-38.2849,5.97,0,,,,,2,2.8,ok
TIC 339769900,111.038,-58.491,5.97,0,,,,,33,11.8,ok
TIC 279511712,105.8128,-59.178,5.97,0,,,,,43,12.3,ok
TIC 320266984,295.2203,-58.2698,5.97,0,,,,,6,6.9,ok
TIC 97983710,289.8395,-36.8948,5.97,0,,,,,4,4.9,ok
TIC 112334565,290.9591,-34.967,5.97,0,,,,,4,4.8,ok
TIC 150274386,94.9993,-61.3292,5.97,0,,,,,43,11.4,ok
TIC 389611277,312.1508,-43.0077,5.97,0,,,,,4,4.9,ok
TIC 421432683,293.057,-44.5461,5.98,0,,,,,5,5.9,ok
TIC 421358611,292.8426,-46.273,5.98,0,,,,,4,4.8,ok
TIC 410148949,339.8789,-68.0606,5.98,0,,,,,9,9.9,ok
TIC 231636215,317.8932,-56.5173,5.98,0,,,,,8,9.3,ok
TIC 461736510,84.9946,-85.9143,5.98,0,,,,,8,9.9,ok
TIC 394004824,329.0588,-57.8995,5.98,0,,,,,8,9.2,ok
TIC 126565548,314.2266,-43.664,5.98,0,,,,,4,4.7,ok
TIC 396089749,297.368,-65.9793,5.98,0,,,,,7,7.9,ok
TIC 126746626,316.034,-47.961,5.99,0,,,,,3,3.8,ok
TIC 126765925,316.4204,-44.9492,5.99,0,,,,,3,4.0,ok
TIC 300020398,297.0633,-37.848,5.99,0,,,,,4,4.9,ok
TIC 339728935,110.7364,-55.5764,5.99,0,,,,,20,11.2,ok
TIC 406122216,286.7318,-48.2992,5.99,0,,,,,5,6.0,ok
TIC 380821639,287.3406,-34.4899,6.0,0,,,,,3,3.9,ok
TIC 451565878,270.3921,-85.2158,6.0,0,,,,,8,9.4,ok
TIC 290971627,309.1491,-38.0255,6.0,0,,,,,2,2.8,ok
TIC 32052027,57.2515,-69.8786,6.0,0,,,,,38,11.6,ok
TIC 394679100,54.1036,-79.0989,6.0,0,,,,,13,12.1,ok
TIC 257720503,78.3273,-59.5855,6.0,0,,,,,32,11.4,ok
TIC 149250753,82.5662,-63.9273,6.0,0,,81.0,rejete,variabilite_continue;eclipse_secondaire,43,16.9,ok
TIC 34613661,305.7721,-33.0482,6.0,0,,,,,3,3.9,ok
TIC 410338728,45.8057,-85.6394,6.0,0,,,,,8,9.9,ok
TIC 278319585,303.0986,-35.7828,6.0,0,,,,,3,3.7,ok
TIC 197981077,325.9945,-57.3256,6.01,0,,,,,7,8.3,ok
TIC 451507272,255.2447,-86.3643,6.01,0,,,,,6,7.4,ok
TIC 318567328,332.3528,-70.9041,6.02,0,,,,,10,11.7,ok
TIC 317089497,347.1027,-79.4809,6.02,0,,,,,7,8.5,ok
TIC 126702952,315.5537,-43.0029,6.03,0,,,,,4,4.9,ok
TIC 371796948,305.3654,-66.7497,6.03,0,,,,,8,9.2,ok
TIC 261136000,83.9009,-78.8207,6.04,0,,48.8,rejete,variabilite_continue;eclipse_secondaire;compagnon_trop_gros_2.5Rjup,27,28.4,ok
TIC 397232783,101.7447,-87.0249,6.04,0,,,,,7,8.6,ok
TIC 277130983,282.992,-83.3165,6.04,0,,,,,7,8.1,ok
TIC 352289506,298.6684,-61.1707,6.06,0,,,,,8,9.4,ok
TIC 260795404,347.4364,-67.8766,6.07,0,,,,,10,11.6,ok
TIC 41533357,93.7747,-71.7024,6.07,0,,,,,41,11.7,ok
TIC 349096525,108.0083,-63.1901,6.08,0,,,,,26,12.4,ok
TIC 406092887,283.2596,-48.3614,6.08,0,,,,,4,5.0,ok
TIC 369458706,311.5779,-36.1205,6.08,0,,,,,2,3.1,ok
TIC 231824922,86.617,-53.2202,6.08,0,,,,,26,12.0,ok
TIC 382384315,289.1193,-69.191,6.09,0,,,,,9,10.8,ok
TIC 279360385,104.6513,-56.3951,6.09,0,,,,,36,11.3,ok
TIC 253966001,284.3934,-39.823,6.1,0,,,,,3,4.0,ok
TIC 152797900,305.0608,-34.5857,6.1,0,,,,,3,3.8,ok
TIC 167814656,104.9964,-61.3344,6.1,0,,,,,44,11.8,ok
TIC 277913391,354.909,-72.727,6.11,0,,,,,9,10.6,ok
TIC 327594610,326.3704,-71.0089,6.11,0,,,,,7,8.2,ok
TIC 149248196,82.1875,-65.4476,6.11,0,,,,,36,11.8,ok
TIC 234282954,335.2687,-62.5486,6.11,0,,,,,7,8.1,ok
TIC 299697326,295.9068,-37.5389,6.12,0,,,,,3,3.7,ok
TIC 201532957,283.2496,-46.5863,6.12,0,,,,,3,3.9,ok
TIC 326193747,307.7368,-29.1127,6.12,0,,,,,3,3.7,ok
TIC 341080012,312.9116,-62.4296,6.13,0,,,,,7,8.1,ok
TIC 300611652,299.4228,-38.0595,6.15,0,,,,,3,4.6,ok
TIC 141411201,84.2616,-73.7001,6.15,0,,,,,42,12.0,ok
TIC 411977884,291.0514,-62.998,6.15,0,,,,,4,5.2,ok
TIC 318566416,331.9736,-70.2856,6.16,0,,,,,10,12.2,ok
TIC 152624787,304.1102,-35.1981,6.16,0,,,,,3,3.9,ok
TIC 38602305,64.4179,-63.2552,6.16,0,,,,,43,11.3,ok
TIC 79404795,320.347,-51.7532,6.16,0,,,,,6,6.9,ok
TIC 441422527,311.2987,-35.1666,6.17,0,,,,,2,2.7,ok
TIC 290376803,330.4689,-77.6626,6.17,0,,,,,7,8.6,ok
TIC 34864575,307.1948,-35.596,6.17,0,,,,,3,3.9,ok
TIC 290924504,308.7313,-38.09,6.18,0,,,,,2,2.9,ok
TIC 291014523,309.4332,-41.228,6.18,0,,,,,2,2.8,ok
TIC 39071103,13.1022,-69.5042,6.18,0,,,,,9,10.5,ok
TIC 290824002,308.3447,-41.526,6.18,0,,,,,3,3.9,ok
TIC 467933738,282.4322,-72.9958,6.19,0,,,,,10,11.5,ok
TIC 382147200,80.5922,-56.1343,6.19,0,,,,,?,0.5,erreur
TIC 142085842,98.51,-77.6881,6.19,0,,,,,42,11.2,ok
TIC 260823248,348.538,-70.0576,6.21,0,,,,,7,9.8,ok
TIC 453099404,116.0534,-69.8216,6.21,0,,,,,44,11.4,ok
TIC 403121375,324.5124,-64.8242,6.21,0,,,,,8,9.1,ok
TIC 101882563,304.4327,-51.9172,6.21,0,,,,,4,5.1,ok
TIC 113051738,292.563,-32.0916,6.21,0,,,,,5,5.9,ok
TIC 410418820,82.5574,-84.7848,6.21,0,,,,,10,11.9,ok
TIC 231725691,81.1928,-52.3164,6.22,0,,,,,11,11.9,ok
TIC 374343837,299.7214,-68.7631,6.22,0,,,,,8,9.5,ok
TIC 272427921,119.8155,-73.2443,6.22,0,,,,,29,11.3,ok
TIC 29987134,72.8355,-68.0693,6.22,0,,,,,43,11.3,ok
TIC 290356320,232.0618,-88.1335,6.22,0,,,,,6,7.3,ok
TIC 300844158,300.3618,-40.8146,6.23,0,,,,,3,3.6,ok
TIC 376135345,292.0258,-69.6313,6.23,0,,,,,5,5.8,ok
TIC 259901124,41.4055,-71.236,6.23,0,,,,,13,11.6,ok
TIC 404376186,323.4785,-82.6831,6.23,0,,,,,7,8.2,ok
TIC 374859347,88.517,-60.0239,6.25,0,,,,,42,11.2,ok
TIC 376986714,76.8307,-83.859,6.27,0,,,,,10,12.1,ok
TIC 150442264,97.7942,-61.8795,6.29,0,,61.8,rejete,variabilite_continue;eclipse_secondaire,39,16.6,ok
TIC 279159916,103.1892,-59.3409,6.29,0,,,,,29,11.3,ok
TIC 372315670,315.0327,-69.5813,6.29,0,,,,,7,8.3,ok
TIC 254220246,287.7579,-39.0048,6.29,0,,,,,3,3.7,ok
TIC 469979280,342.323,-70.3478,6.29,0,,,,,11,11.0,ok
TIC 149176305,81.912,-60.4166,6.3,0,,,,,41,11.3,ok
TIC 373916957,81.749,-68.6227,6.3,0,,,,,38,12.0,ok
TIC 273945912,30.2421,-78.8707,6.31,0,,,,,10,11.6,ok
TIC 38586082,64.0879,-60.9484,6.31,0,,,,,33,11.4,ok
TIC 265592045,331.9131,-59.3208,6.31,0,,,,,3,3.9,ok
TIC 343953616,285.801,-56.9977,6.31,0,,,,,2,2.9,ok
TIC 1988853839,312.9131,-62.4295,6.32,0,,,,,6,6.9,ok
TIC 129276723,303.4797,-45.1651,6.32,0,,,,,2,2.7,ok
TIC 290542693,4.2037,-78.7803,6.33,0,,,,,6,6.8,ok
TIC 266968029,2.6634,-73.2243,6.33,0,,,,,7,8.1,ok
TIC 238871118,38.4353,-72.3492,6.33,0,,,,,12,11.7,ok
TIC 114786312,301.0118,-37.879,6.33,0,,,,,2,2.8,ok
TIC 166628329,313.6464,-50.7274,6.33,0,,,,,3,3.7,ok
TIC 355542556,302.7809,-57.5244,6.34,0,,,,,5,6.1,ok
TIC 339546330,297.5907,-61.0611,6.34,0,,,,,7,8.0,ok
TIC 261643880,351.0781,-72.1655,6.35,0,,,,,9,10.5,ok
TIC 466098380,294.968,-66.6858,6.36,0,,,,,8,8.9,ok
TIC 406098569,283.3,-51.9315,6.38,0,,,,,4,4.8,ok
TIC 345173268,281.564,-72.814,6.38,0,,,,,6,7.1,ok
TIC 260420061,95.9457,-58.5437,6.38,0,,,,,44,11.4,ok
TIC 150357404,96.2324,-63.8281,6.38,0,,,,,39,11.0,ok
TIC 277103567,84.229,-66.5602,6.38,0,,,,,29,11.8,ok
TIC 351920521,280.5607,-81.8082,6.38,0,,,,,8,9.1,ok
TIC 401701660,317.3488,-82.0276,6.39,0,,,,,9,10.5,ok
TIC 441246257,294.9818,-39.4332,6.39,0,,,,,2,2.6,ok
TIC 197981057,326.0002,-57.2834,6.39,0,,,,,10,11.0,ok
TIC 441285430,295.5543,-36.6338,6.39,0,,,,,3,3.9,ok
TIC 410273682,298.1633,-54.9764,6.39,0,,,,,4,5.2,ok
TIC 410422209,319.5023,-64.6818,6.39,0,,,,,7,8.1,ok
TIC 358071115,47.5818,-74.2953,6.39,0,,,,,18,11.6,ok
TIC 220456828,74.2811,-58.069,6.4,0,,,,,42,11.5,ok
TIC 166348459,297.9282,-50.9794,6.4,0,,,,,4,5.1,ok
TIC 39048880,12.7181,-71.1512,6.4,0,,,,,8,9.2,ok
TIC 300329283,111.1548,-71.4704,6.4,0,,,,,31,11.3,ok
TIC 371797294,305.4005,-67.3127,6.4,0,,,,,4,5.1,ok
TIC 271480023,299.205,-30.5703,6.4,0,,,,,1,1.8,ok
TIC 220476607,75.5705,-56.0758,6.41,0,,,,,34,11.4,ok
TIC 32041567,289.7459,-33.279,6.42,0,,,,,3,3.8,ok
TIC 238169432,356.8482,-68.3942,6.43,0,,,,,10,11.4,ok
TIC 238869865,38.3213,-75.8933,6.44,0,,,,,14,11.4,ok
TIC 79394645,319.9643,-53.4499,6.44,0,,,,,4,5.0,ok
TIC 52246613,20.4941,-69.7187,6.44,0,,,,,6,7.1,ok
TIC 327724364,331.8706,-68.0238,6.44,0,,,,,11,11.3,ok
TIC 389298058,303.3912,-38.4492,6.45,0,,,,,2,2.8,ok
TIC 167005517,94.813,-69.7841,6.45,0,,,,,41,11.3,ok
TIC 231626393,316.9637,-54.217,6.46,0,,,,,6,7.4,ok
TIC 404351212,323.339,-80.0395,6.47,0,,,,,7,8.1,ok
TIC 339635291,110.0953,-56.2942,6.47,0,,,,,23,11.7,ok
TIC 441317866,308.6976,-30.4736,6.48,0,,,,,3,3.9,ok
TIC 6402381,283.6352,-49.8793,6.48,0,,,,,3,3.8,ok
TIC 340358640,115.5425,-58.6309,6.49,0,,,,,19,11.8,ok
TIC 383473544,198.826,-87.5617,6.49,0,,,,,5,6.4,ok
TIC 254045251,285.268,-37.0617,6.51,0,,,,,2,2.7,ok
TIC 253996491,284.7957,-39.5349,6.52,0,,,,,3,3.9,ok
TIC 257721857,78.3668,-55.5695,6.52,0,,,,,33,11.0,ok
TIC 126763848,316.1342,-46.256,6.53,0,,,,,4,5.1,ok
TIC 254181874,287.4015,-36.1649,6.53,0,,,,,3,3.8,ok
TIC 166650821,313.7856,-52.1206,6.54,0,,,,,3,3.9,ok
TIC 293975288,107.0274,-57.3309,6.54,0,,,,,36,11.2,ok
TIC 150394126,96.9526,-62.1498,6.54,0,,28.4,rejete,variabilite_continue;eclipse_secondaire,40,17.1,ok
TIC 164382752,305.1162,-29.1972,6.56,0,,,,,4,4.9,ok
TIC 394275950,29.1604,-81.4991,6.56,0,,,,,10,11.4,ok
TIC 300614319,299.5562,-36.6872,6.57,0,,,,,3,3.8,ok
TIC 269742895,65.7119,-82.899,6.57,0,,21.2,rejete,variabilite_continue,13,17.9,ok
TIC 293973218,106.8177,-59.7164,6.57,0,,,,,44,11.1,ok
TIC 439440472,301.3835,-32.9999,6.58,0,,,,,3,3.8,ok
TIC 327303570,310.4439,-75.3475,6.58,0,,,,,9,10.5,ok
TIC 419667736,338.0401,-69.108,6.58,0,,,,,7,8.5,ok
TIC 294327312,108.8709,-58.5426,6.58,0,,107.3,rejete,variabilite_continue;eclipse_secondaire;compagnon_trop_gros_5.0Rjup,23,16.9,ok
TIC 262885414,53.6042,-65.7641,6.58,0,,,,,20,11.5,ok
TIC 112995114,292.4191,-30.7995,6.59,0,,,,,5,6.0,ok
TIC 141828072,93.6748,-73.6263,6.59,0,,,,,29,11.5,ok
TIC 246729528,283.5066,-47.2746,6.59,0,,,,,4,5.0,ok
TIC 360689837,290.7459,-54.5386,6.59,0,,,,,5,6.0,ok
TIC 79881477,296.8537,-43.3456,6.59,0,,,,,3,3.7,ok
TIC 52242834,19.939,-68.8974,6.59,0,,,,,9,10.2,ok
TIC 114816470,304.2108,-40.9058,6.6,0,,,,,3,3.8,ok
TIC 259719464,322.7019,-62.1681,6.6,0,,,,,9,10.2,ok
TIC 55404385,78.0134,-65.1753,6.61,0,,17.8,rejete,eclipse_secondaire,39,16.3,ok
TIC 261745953,25.733,-83.3673,6.61,0,,,,,8,9.8,ok
TIC 271580224,319.5682,-75.347,6.62,0,,,,,7,8.8,ok
TIC 294208349,108.193,-57.4908,6.62,0,,,,,8,9.1,ok
TIC 38510324,62.531,-61.5995,6.62,0,,,,,32,11.8,ok
TIC 340459410,115.6496,-59.2964,6.62,0,,,,,25,11.6,ok
TIC 260822727,348.4708,-68.2914,6.63,0,,,,,5,6.6,ok
TIC 269445868,291.9307,-40.098,6.63,0,,,,,1,1.7,ok
TIC 141186075,81.3266,-75.6944,6.64,0,,,,,42,11.2,ok
TIC 276843427,283.1737,-30.7342,6.64,0,,,,,3,3.7,ok
TIC 300160320,109.2389,-71.7492,6.66,0,,,,,41,11.0,ok
TIC 421918385,342.4238,-77.0511,6.66,0,,,,,7,8.5,ok
TIC 261137158,83.9129,-81.6117,6.67,0,,,,,18,11.6,ok
TIC 300088321,108.0769,-67.7841,6.67,0,,,,,43,11.2,ok
TIC 410355565,55.6385,-85.2618,6.68,0,,,,,9,10.6,ok
TIC 261462443,334.7076,-68.3143,6.68,0,,,,,11,11.2,ok
TIC 392706770,327.4066,-82.4343,6.69,0,,,,,7,8.3,ok
TIC 381987118,284.2375,-67.2334,6.69,0,,,,,8,9.2,ok
TIC 278413303,116.8753,-81.5962,6.69,0,,,,,7,8.1,ok
TIC 140898575,76.6531,-77.5702,6.7,0,,,,,43,11.4,ok
TIC 274144464,143.3185,-86.0102,6.7,0,,,,,10,12.9,ok
TIC 364395684,116.5962,-61.4283,6.7,0,,,,,34,11.9,ok
TIC 79153687,316.5714,-48.5266,6.7,0,,,,,5,6.1,ok
TIC 349190908,108.5922,-61.0697,6.72,0,,,,,42,11.3,ok
TIC 354901621,300.8971,-38.8529,6.72,0,,,,,1,1.6,ok
TIC 238196350,57.0494,-74.694,6.74,0,,,,,31,11.9,ok
TIC 238815210,328.0411,-62.053,6.75,0,,,,,11,11.1,ok
TIC 300611942,299.4049,-37.7448,6.75,0,,,,,3,3.8,ok
TIC 176935619,100.6061,-67.8429,6.76,0,,,,,39,11.4,ok
TIC 278684081,99.114,-57.5388,6.76,0,,,,,42,11.5,ok
TIC 201643820,288.6989,-58.0089,6.76,0,,,,,4,5.1,ok
TIC 100606047,309.759,-49.3313,6.76,0,,,,,3,3.8,ok
TIC 453096328,114.0801,-69.0564,6.76,0,,,,,30,11.2,ok
TIC 267433369,9.6688,-73.1376,6.77,0,,,,,7,8.3,ok
TIC 294392620,108.9884,-55.7327,6.77,0,,,,,22,11.2,ok
TIC 300448625,111.7724,-68.6148,6.77,0,,,,,41,11.2,ok
TIC 39071101,13.1183,-69.5034,6.78,0,,,,,9,10.4,ok
TIC 290305042,328.6838,-73.4413,6.8,0,,,,,7,8.8,ok
TIC 2025820827,327.7373,-82.7187,6.81,0,,,,,6,7.2,ok
TIC 431479801,49.74,-73.9868,6.81,0,,,,,20,11.2,ok
TIC 271972463,113.9042,-75.5443,6.81,0,,,,,41,11.1,ok
TIC 394339087,38.7591,-82.2368,6.82,0,,,,,9,10.4,ok
TIC 254051086,285.2636,-37.0611,6.82,0,,,,,2,2.8,ok
TIC 279249351,103.9717,-56.9383,6.83,0,,,,,43,11.3,ok
TIC 340786513,292.0458,-73.0911,6.83,0,,,,,10,12.0,ok
TIC 369819478,159.5791,-86.8969,6.84,0,,,,,6,7.4,ok
TIC 371930277,307.1737,-67.7583,6.84,0,,,,,3,3.9,ok
TIC 41487605,93.4207,-66.6797,6.85,0,,,,,29,11.3,ok
TIC 423241700,297.8094,-72.7956,6.85,0,,,,,6,7.7,ok
TIC 32001054,56.195,-70.0273,6.86,0,,,,,35,11.7,ok
TIC 167415800,99.4102,-70.604,6.86,0,,,,,40,11.6,ok
TIC 264765942,117.365,-59.3823,6.86,0,,,,,21,11.1,ok
TIC 234281360,334.1215,-63.3386,6.87,0,,,,,7,7.9,ok
TIC 381952089,76.8921,-54.9887,6.87,0,,,,,27,11.5,ok
TIC 254278612,288.8976,-36.9495,6.87,0,,,,,3,3.9,ok
TIC 129543945,305.2252,-45.546,6.88,0,,,,,3,3.7,ok
TIC 167889542,105.271,-65.7061,6.88,0,,,,,44,11.6,ok
TIC 261592170,350.1549,-75.6326,6.88,0,,,,,10,11.4,ok
TIC 113425037,293.4259,-34.1979,6.89,0,,,,,2,2.6,ok
TIC 266905680,1.1275,-72.8976,6.89,0,,,,,8,9.1,ok
TIC 149479101,85.4896,-62.9137,6.9,0,,,,,29,11.0,ok
TIC 55501315,71.8412,-61.4763,6.9,0,,,,,42,11.4,ok
TIC 319567241,290.9163,-55.9359,6.9,0,,,,,4,5.0,ok
TIC 129463749,304.6636,-42.6212,6.91,0,,,,,3,3.8,ok
TIC 351534793,309.4629,-60.6349,6.92,0,,,,,7,8.2,ok
TIC 181233908,13.2884,-74.6514,6.94,0,,,,,4,5.3,ok
TIC 253825917,283.0665,-40.918,6.95,0,,,,,1,1.7,ok
TIC 279649845,49.7519,-65.8885,6.95,0,,,,,12,11.5,ok
TIC 33770773,63.2797,-72.8205,6.95,0,,,,,42,11.5,ok
TIC 466131866,295.9995,-66.2989,6.96,0,,,,,8,9.4,ok
TIC 280726888,345.7202,-82.7089,6.96,0,,,,,7,8.3,ok
TIC 350858713,90.2309,-54.9513,6.96,0,,,,,42,11.8,ok
TIC 290358640,305.4301,-36.6104,6.96,0,,,,,3,3.9,ok
TIC 382276154,287.4801,-68.3,6.96,0,,,,,6,7.2,ok
TIC 267435281,9.571,-73.9635,6.96,0,,,,,8,9.3,ok
TIC 113061684,292.7393,-32.6994,6.97,0,,,,,3,3.8,ok
TIC 300703532,114.5599,-67.4481,6.97,0,,,,,43,11.1,ok
TIC 271638135,108.8786,-75.8642,6.98,0,,,,,40,11.3,ok
TIC 421363414,292.9501,-42.4296,6.98,0,,,,,3,3.9,ok
TIC 349273907,109.1556,-64.1243,6.99,0,,,,,44,11.3,ok
TIC 294754816,71.497,-66.0785,6.99,0,,,,,42,11.1,ok
TIC 421940749,343.6173,-74.8649,6.99,0,,,,,6,7.2,ok
TIC 410187303,353.6452,-70.9626,7.0,0,,,,,10,11.4,ok
TIC 351453197,308.0025,-65.8155,7.0,0,,,,,3,3.8,ok
TIC 389368692,85.674,-67.1391,7.01,0,,,,,29,11.6,ok
TIC 201174171,283.4471,-36.2881,7.02,0,,,,,1,1.7,ok
TIC 370016916,290.2753,-52.7223,7.03,0,,,,,5,6.1,ok
TIC 372223062,313.9199,-66.15,7.03,0,,,,,4,4.9,ok
TIC 32001057,56.2563,-70.0247,7.03,0,,,,,36,11.3,ok
TIC 370229296,319.106,-54.8561,7.03,0,,,,,3,4.0,ok
TIC 464547765,285.6516,-64.9272,7.04,0,,,,,8,9.1,ok
TIC 350518530,86.0566,-55.6952,7.04,0,,,,,40,11.6,ok
TIC 268886967,282.832,-44.4763,7.04,0,,,,,3,3.8,ok
TIC 397231463,101.5576,-83.9911,7.04,0,,,,,13,11.6,ok
TIC 354898048,300.8819,-36.5965,7.05,0,,,,,1,1.7,ok
TIC 301370769,301.3318,-29.0803,7.05,0,,,,,3,3.8,ok
TIC 350622984,87.5497,-55.0807,7.05,0,,,,,37,11.3,ok
TIC 231074032,67.5504,-67.8748,7.05,0,,,,,43,11.1,ok
TIC 317383399,65.33,-87.8125,7.06,0,,,,,9,10.5,ok
TIC 237309999,343.3179,-63.7652,7.06,0,,,,,5,6.0,ok
TIC 451558465,267.9669,-84.1112,7.07,0,,,,,9,10.2,ok
TIC 257653274,292.2312,-84.7207,7.07,0,,,,,8,9.4,ok
TIC 370111235,305.1598,-58.7296,7.08,0,,,,,7,7.9,ok
TIC 97623696,296.9622,-29.1591,7.08,0,,,,,4,4.8,ok
TIC 129137213,302.4282,-45.3675,7.08,0,,,,,2,2.7,ok
TIC 61275837,287.2106,-42.4289,7.08,0,,,,,4,4.8,ok
TIC 231631019,317.6071,-54.5739,7.08,0,,,,,6,6.9,ok
TIC 183641919,19.8382,-76.149,7.09,0,,,,,6,7.2,ok
TIC 340638289,116.6127,-59.0891,7.09,0,,,,,15,11.2,ok
TIC 469828125,302.2663,-74.2206,7.09,0,,,,,6,7.1,ok
TIC 271971626,113.8402,-74.2748,7.09,0,,,,,42,11.8,ok
TIC 404159381,296.4778,-52.5317,7.09,0,,,,,4,5.0,ok
TIC 260795451,347.4151,-67.7342,7.09,0,,,,,7,8.3,ok
TIC 376987652,77.6086,-80.4073,7.1,0,,,,,22,11.4,ok
TIC 469811792,299.8427,-74.1305,7.1,0,,,,,4,5.0,ok
TIC 370101728,69.9902,-71.5058,7.1,0,,,,,41,11.1,ok
TIC 379470817,284.3775,-55.9941,7.1,0,,,,,3,3.9,ok
TIC 404224395,355.9826,-82.5091,7.11,0,,,,,8,10.1,ok
TIC 180205840,11.0349,-74.2655,7.11,0,,,,,8,9.6,ok
TIC 375057127,99.6602,-60.183,7.12,0,,95.6,rejete,variabilite_continue;eclipse_secondaire,30,16.7,ok
TIC 273605663,358.2029,-72.3994,7.12,0,,,,,7,8.2,ok
TIC 451538080,264.8442,-86.8852,7.12,0,,,,,7,8.7,ok
TIC 279317755,104.0975,-57.5774,7.13,0,,,,,42,11.4,ok
TIC 48777312,301.8317,-35.54,7.13,0,,,,,3,3.9,ok
TIC 259863352,40.3671,-71.4629,7.13,0,,,,,8,9.5,ok
TIC 259902846,41.7605,-67.2777,7.14,0,,,,,12,11.3,ok
TIC 300811971,116.5761,-71.7199,7.15,0,,,,,41,11.7,ok
TIC 266907710,1.8084,-76.731,7.15,0,,,,,8,9.3,ok
TIC 140827588,75.4836,-76.6293,7.15,0,,,,,42,12.5,ok
TIC 79183127,317.4305,-50.9107,7.16,0,,,,,5,6.1,ok
TIC 339203147,293.9427,-61.6311,7.16,0,,,,,6,7.0,ok
TIC 299901449,106.4048,-71.2705,7.16,0,,,,,43,11.1,ok
TIC 253888495,283.8295,-37.5007,7.16,0,,,,,2,2.8,ok
TIC 177309385,103.3172,-74.724,7.16,0,,,,,42,12.5,ok
TIC 349764112,112.8501,-64.3719,7.16,0,,,,,42,11.1,ok
TIC 260542710,97.076,-59.6179,7.16,0,,,,,41,11.0,ok
TIC 389047458,332.7155,-63.0995,7.17,0,,,,,7,9.0,ok
TIC 277774028,343.6672,-67.6124,7.17,0,,,,,5,5.9,ok
TIC 382179645,304.4605,-40.1859,7.18,0,,,,,3,3.7,ok
TIC 166972537,94.5865,-69.1627,7.18,0,,,,,41,11.8,ok
TIC 394584352,340.2712,-62.9434,7.18,0,,,,,6,7.1,ok
TIC 166550568,305.2595,-50.0173,7.18,0,,,,,1,1.6,ok
TIC 469690423,285.6107,-79.2154,7.18,0,,,,,5,6.2,ok
TIC 389920950,87.7523,-69.9029,7.18,0,,,,,37,11.6,ok
TIC 349679418,112.487,-61.2499,7.19,0,,,,,38,11.4,ok
TIC 412013522,291.4315,-62.1877,7.2,0,,,,,4,4.9,ok
TIC 390997803,287.1325,-30.973,7.2,0,,,,,5,6.0,ok
TIC 55497281,71.7184,-60.6027,7.2,0,,,,,43,11.5,ok
TIC 279477956,105.4451,-56.6214,7.21,0,,,,,34,11.6,ok
TIC 101312330,300.0499,-48.7486,7.21,0,,,,,4,4.9,ok
TIC 6406550,283.6916,-48.9478,7.21,0,,,,,4,4.9,ok
TIC 8194114,301.4421,-36.4996,7.21,0,,,,,2,2.7,ok
TIC 218875180,297.4343,-32.7644,7.21,0,,,,,3,3.8,ok
TIC 128790976,300.2131,-43.9828,7.22,0,,,,,4,4.8,ok
TIC 280867290,101.2891,-82.8958,7.22,0,,,,,13,11.5,ok
TIC 55272404,76.5465,-62.7876,7.22,0,,,,,40,11.6,ok
TIC 331731084,320.8639,-75.4931,7.23,0,,,,,4,5.0,ok
TIC 8167647,301.3191,-36.3793,7.23,0,,,,,1,1.7,ok
TIC 260655847,98.1443,-55.6492,7.23,0,,,,,43,11.3,ok
TIC 211303908,300.1616,-32.1758,7.23,0,,,,,1,1.8,ok
TIC 370240932,327.5997,-58.3056,7.24,0,,,,,6,6.9,ok
TIC 320356377,295.6411,-59.011,7.24,0,,,,,3,4.0,ok
TIC 254045302,285.4122,-36.8909,7.24,0,,,,,3,3.9,ok
TIC 231631020,317.6086,-54.5747,7.24,0,,,,,6,6.9,ok
TIC 237920961,57.0099,-64.836,7.25,0,,,,,28,11.5,ok
TIC 372908110,98.0402,-65.3151,7.25,0,,,,,38,11.1,ok
TIC 300837344,300.308,-38.6802,7.25,0,,,,,2,2.8,ok
TIC 407621805,71.024,-76.3049,7.25,0,,,,,43,11.3,ok
TIC 317057430,336.8812,-77.7185,7.26,0,,,,,6,7.3,ok
TIC 29832209,66.4438,-69.9937,7.26,0,,,,,42,11.7,ok
TIC 277903801,284.0833,-33.2713,7.27,0,,,,,2,24.2,ok
TIC 149253686,82.9003,-61.5411,7.27,0,,,,,29,19.1,ok
TIC 79423914,320.7614,-51.9426,7.27,0,,,,,4,14.4,ok
TIC 237933846,58.9582,-65.1861,7.27,0,,,,,34,18.4,ok
TIC 344030185,286.0274,-59.7433,7.28,0,,,,,3,8.3,ok
TIC 91447759,313.7059,-46.6015,7.28,0,,,,,3,10.6,ok
TIC 34517930,305.3005,-32.7398,7.28,0,,,,,2,6.8,ok
TIC 409883397,293.7904,-69.9767,7.28,0,,,,,6,14.2,ok
TIC 38698692,66.2872,-64.078,7.29,0,,,,,38,20.4,ok
TIC 300443794,111.6601,-69.5762,7.29,0,,,,,44,17.9,ok
TIC 220369051,308.3056,-58.1125,7.29,0,,,,,5,15.0,ok
TIC 468187303,319.8625,-84.7568,7.3,0,,,,,6,13.1,ok
TIC 302966630,61.684,-80.7376,7.3,0,,,,,11,17.6,ok
TIC 391901095,115.8335,-70.0648,7.3,0,,,,,42,18.7,ok
TIC 273651895,338.8137,-78.6142,7.3,0,,,,,6,19.2,ok
TIC 410374801,291.0767,-70.1087,7.3,0,,,,,5,15.8,ok
TIC 325081244,327.9481,-70.352,7.3,0,,,,,9,20.3,ok
TIC 466134845,296.2918,-70.0169,7.3,0,,,,,10,21.2,ok
TIC 34724550,306.665,-30.676,7.3,0,,,,,3,12.2,ok
TIC 403285071,332.0696,-63.5052,7.31,0,,,,,5,14.7,ok
TIC 167119619,96.0086,-70.1867,7.31,0,,,,,38,25.7,ok
TIC 273570263,356.7777,-73.0992,7.31,0,,,,,7,29.5,ok
TIC 401818985,336.9485,-86.1571,7.32,0,,,,,4,14.9,ok
TIC 273398705,341.0857,-74.8208,7.32,0,,,,,8,19.6,ok
TIC 143603006,284.9457,-47.3304,7.32,0,,,,,2,10.3,ok
TIC 403266307,330.9282,-60.4374,7.32,0,,,,,8,20.4,ok
TIC 269450900,292.1953,-36.0003,7.32,0,,29.9,rejete,variabilite_continue;eclipse_secondaire,2,22.6,ok
TIC 238870817,38.2738,-72.4436,7.32,0,,,,,11,25.7,ok
TIC 80058782,297.864,-42.0936,7.32,0,,,,,4,14.9,ok
TIC 339662528,298.4332,-63.573,7.33,0,,,,,5,18.9,ok
TIC 425764889,292.0888,-43.8855,7.33,0,,,,,2,18.8,ok
TIC 287327575,109.613,-57.3519,7.33,0,,,,,24,31.6,ok
TIC 141127435,80.6869,-72.3382,7.33,1,3.2381,31.2,rejete,variabilite_continue;eclipse_secondaire,29,37.3,ok
TIC 280053409,46.1526,-77.1665,7.33,0,,,,,14,30.9,ok
TIC 316830331,323.9185,-59.6934,7.33,0,,,,,4,20.0,ok
TIC 277716351,329.7893,-60.608,7.34,0,,,,,6,23.3,ok
TIC 290459991,237.2705,-87.2669,7.34,0,,,,,5,21.2,ok
TIC 389506883,86.127,-70.1355,7.35,0,,,,,42,28.2,ok
TIC 339547190,297.4828,-62.5669,7.35,0,,,,,4,16.5,ok
TIC 349828641,113.5297,-60.2432,7.36,0,,,,,32,28.5,ok
TIC 267046689,5.069,-77.2225,7.36,0,,,,,6,24.2,ok
TIC 381949148,76.447,-57.553,7.36,0,,,,,44,36.0,ok
TIC 140689653,73.0156,-72.9947,7.36,0,,,,,41,45.5,ok
TIC 55383814,77.4057,-63.7768,7.36,0,,,,,39,26.8,ok
TIC 290348383,328.7205,-77.3392,7.37,0,,,,,7,8.9,ok
TIC 231729308,81.428,-53.4802,7.37,0,,,,,21,53.1,ok
TIC 253851993,283.3529,-37.2746,7.37,0,,,,,?,0.5,erreur
TIC 453095415,114.1499,-67.6138,7.37,0,,,,,42,12.0,ok
TIC 183494752,19.7609,-77.0306,7.38,0,,,,,8,9.5,ok
TIC 300242735,109.8746,-70.2087,7.39,0,,,,,41,12.2,ok
TIC 387137157,291.597,-63.23,7.39,0,,,,,3,4.0,ok
TIC 349156177,108.316,-64.8734,7.4,0,,,,,32,11.6,ok
TIC 41591173,93.9145,-66.2922,7.4,0,,,,,21,11.7,ok
TIC 441398770,310.4655,-32.4382,7.4,0,,,,,3,4.0,ok
TIC 404264731,308.0715,-72.8328,7.4,0,,,,,3,4.0,ok
TIC 260078030,91.8939,-55.7056,7.4,0,,,,,43,11.8,ok
TIC 257611654,293.1822,-81.5309,7.4,0,,,,,5,6.3,ok
TIC 441315646,308.6958,-33.9219,7.41,0,,,,,2,2.9,ok
TIC 327857952,1.3217,-67.8363,7.41,0,,,,,4,5.4,ok
TIC 238229227,59.3025,-76.5105,7.41,0,,,,,30,12.1,ok
TIC 369787597,155.0505,-86.5566,7.41,0,,,,,7,8.6,ok
TIC 277034621,279.2602,-79.629,7.41,0,,,,,6,7.5,ok
TIC 375063320,100.3749,-65.4691,7.42,0,,,,,38,11.9,ok
TIC 220432921,73.4018,-57.3322,7.42,0,,,,,40,11.7,ok
TIC 287273024,109.4129,-59.2619,7.42,0,,,,,31,11.7,ok
TIC 379410540,284.0786,-55.8577,7.42,0,,,,,3,4.0,ok
TIC 349310293,109.6616,-63.3866,7.42,0,,,,,30,11.9,ok
TIC 100670109,310.5792,-52.7063,7.42,0,,,,,3,4.0,ok
TIC 272322827,119.0376,-71.985,7.42,0,,,,,41,12.0,ok
TIC 401700343,317.3873,-79.2736,7.42,0,,,,,6,7.3,ok
TIC 279056282,102.5102,-55.9036,7.43,0,,,,,26,11.9,ok
TIC 271478281,299.1574,-31.3351,7.43,1,12.2735,10.7,rejete,variabilite_continue,4,7.7,ok
TIC 371836443,305.9748,-66.179,7.43,0,,,,,4,5.1,ok
TIC 340637365,116.5609,-59.8131,7.43,0,,,,,24,11.5,ok
TIC 219967673,306.0379,-54.5432,7.44,0,,,,,6,7.5,ok
TIC 407883810,290.2038,-72.6293,7.44,0,,,,,6,7.3,ok
TIC 398449624,299.067,-72.3663,7.44,0,,,,,6,7.4,ok
TIC 31235017,288.358,-31.6924,7.44,0,,,,,3,4.6,ok
TIC 253972986,284.4934,-38.1703,7.45,0,,,,,3,3.7,ok
TIC 290486299,2.5191,-79.0019,7.45,0,,,,,8,9.5,ok
TIC 421873120,338.7928,-72.5508,7.46,0,,,,,8,9.6,ok
TIC 273738778,341.4075,-83.742,7.46,0,,,,,4,5.2,ok
TIC 279246287,103.7136,-55.2604,7.46,0,,,,,29,11.9,ok
TIC 149631289,87.5773,-62.0804,7.46,0,,,,,34,12.5,ok
TIC 273396009,340.6507,-73.2442,7.46,0,,,,,8,9.7,ok
TIC 327788069,312.9047,-73.6924,7.46,0,,,,,7,9.5,ok
TIC 114178837,295.3064,-32.8741,7.46,0,,,,,4,5.3,ok
TIC 113164011,292.9482,-35.9581,7.46,0,,,,,3,3.9,ok
TIC 129178346,302.7698,-43.4743,7.46,0,,,,,1,2.3,ok
TIC 331635461,305.8265,-72.6523,7.47,0,,,,,4,6.0,ok
TIC 269716804,302.3462,-36.5055,7.47,0,,,,,3,4.7,ok
TIC 55500825,71.8137,-62.8292,7.47,0,,,,,42,12.2,ok
TIC 411977728,290.9008,-63.1928,7.47,0,,,,,9,10.8,ok
TIC 468150691,307.1033,-87.4726,7.48,0,,,,,6,7.7,ok
TIC 254273753,288.8343,-39.6628,7.48,0,,,,,4,5.0,ok
TIC 201750307,303.7345,-56.9771,7.48,0,,,,,3,4.3,ok
TIC 267083739,0.1672,-69.6764,7.48,0,,,,,7,8.1,ok
TIC 38634217,65.0794,-63.1738,7.49,1,1.7211,20.4,rejete,variabilite_continue;eclipse_secondaire,43,17.3,ok
TIC 352316369,300.471,-69.1888,7.49,0,,,,,4,5.6,ok
TIC 197979974,325.953,-53.9771,7.49,0,,,,,6,7.4,ok
TIC 410399074,291.2861,-66.4673,7.49,0,,,,,5,6.2,ok
TIC 261562268,349.6119,-74.5164,7.49,0,,,,,6,9.6,ok
TIC 441398530,310.524,-32.0468,7.5,0,,,,,4,6.7,ok
TIC 466684359,295.7489,-75.3971,7.5,0,,,,,4,10.4,ok
TIC 320691598,297.849,-58.5104,7.5,0,,,,,4,5.5,ok
TIC 149390710,83.9069,-62.0525,7.5,0,,,,,42,12.4,ok
TIC 91046891,309.2998,-44.7452,7.5,0,,,,,3,3.9,ok
TIC 100850270,312.2909,-48.7702,7.5,0,,,,,3,3.8,ok
TIC 150431791,97.3281,-61.0054,7.51,0,,,,,43,11.9,ok
TIC 158403855,289.0736,-48.4665,7.51,0,,,,,4,5.9,ok
TIC 31509222,89.31,-69.4774,7.51,0,,,,,35,12.7,ok
TIC 277295979,84.4935,-69.9564,7.51,0,,,,,35,11.9,ok
TIC 441332688,309.3151,-34.1583,7.51,0,,,,,4,5.0,ok
TIC 382507922,117.1982,-61.1621,7.51,0,,,,,31,11.2,ok
TIC 327857282,1.2457,-70.2131,7.51,0,,,,,7,8.4,ok
TIC 143603703,284.999,-46.845,7.51,0,,,,,1,1.7,ok
TIC 439449790,301.617,-31.57,7.52,0,,,,,4,5.0,ok
TIC 167303382,97.9854,-68.7128,7.52,0,,,,,40,11.6,ok
TIC 277649549,329.0413,-60.2295,7.52,0,,,,,10,11.3,ok
TIC 182078289,14.8908,-75.8148,7.52,0,,,,,8,9.6,ok
TIC 320529221,296.4822,-57.5478,7.52,0,,,,,4,5.2,ok
TIC 300139852,108.7351,-68.072,7.52,0,,,,,41,11.4,ok
TIC 8193341,301.4219,-37.7148,7.52,0,,,,,1,1.7,ok
TIC 339546241,297.5402,-60.9236,7.52,0,,,,,3,4.1,ok
TIC 100327725,307.2653,-51.0848,7.52,0,,,,,2,2.7,ok
TIC 293526000,351.779,-72.8816,7.53,0,,,,,6,7.4,ok
TIC 33910267,66.2179,-77.6851,7.54,0,,,,,30,12.0,ok
TIC 280051640,45.7148,-72.4564,7.54,0,,,,,15,13.6,ok
TIC 235044245,82.437,-53.2657,7.54,0,,,,,22,11.4,ok
TIC 348717439,45.0604,-81.0881,7.54,0,,,,,9,11.0,ok
TIC 273272710,321.6455,-80.6824,7.54,0,,,,,6,8.2,ok
TIC 177258735,102.2205,-73.299,7.54,0,,,,,41,11.4,ok
TIC 32271135,290.2233,-33.0539,7.54,0,,,,,4,5.1,ok
TIC 182729795,16.3269,-72.5548,7.54,0,,,,,8,9.8,ok
TIC 409883979,293.8187,-69.0946,7.55,0,,,,,6,7.0,ok
TIC 262498404,109.8875,-57.4488,7.55,0,,,,,29,12.1,ok
TIC 61572817,288.419,-47.1329,7.56,0,,,,,3,3.7,ok
TIC 441453170,311.8205,-35.1546,7.56,0,,,,,4,5.0,ok
TIC 129480666,304.9003,-46.4288,7.56,0,,,,,3,3.8,ok
TIC 143657942,285.1974,-47.0444,7.56,0,,,,,2,3.0,ok
TIC 451599528,279.7257,-85.7092,7.56,0,,,,,8,9.7,ok
TIC 320847025,299.6387,-54.9377,7.56,0,,,,,5,6.3,ok
TIC 254090599,285.9464,-40.2513,7.56,0,,,,,2,2.9,ok
TIC 410389503,72.6425,-85.3754,7.56,0,,,,,9,10.8,ok
TIC 149101226,80.2531,-64.3316,7.56,0,,,,,?,0.8,erreur
TIC 407584737,352.7748,-74.1344,7.57,0,,,,,6,7.7,ok
TIC 31746672,49.4342,-68.1596,7.57,0,,,,,15,11.5,ok
TIC 101400058,300.6502,-50.0552,7.57,0,,,,,4,5.1,ok
TIC 339377079,295.353,-61.8209,7.57,0,,,,,4,5.2,ok
TIC 79271642,318.3649,-49.7944,7.57,0,,,,,6,7.3,ok
TIC 419792423,325.2537,-70.8072,7.57,0,,,,,3,4.9,ok
TIC 79007128,314.9198,-52.1761,7.57,0,,,,,3,4.0,ok
TIC 150250617,94.4575,-64.0301,7.58,0,,,,,29,11.8,ok
TIC 278291931,113.1051,-78.0858,7.58,0,,,,,26,11.8,ok
TIC 325204189,355.5055,-67.7707,7.58,0,,,,,4,68.4,ok
TIC 341114583,313.1643,-64.5346,7.58,0,,,,,3,4.1,ok
TIC 294780563,71.2833,-68.0207,7.58,0,,,,,41,12.4,ok
TIC 260160453,92.7082,-59.7998,7.58,0,,103.2,rejete,variabilite_continue;eclipse_secondaire,39,17.3,ok
TIC 372126923,311.3297,-70.715,7.58,0,,,,,2,3.0,ok
TIC 466659459,304.9087,-69.0155,7.59,0,,,,,4,5.3,ok
TIC 260656168,98.2006,-55.0803,7.59,0,,,,,37,11.8,ok
TIC 370236914,105.2381,-72.5605,7.59,0,,,,,44,12.1,ok
TIC 406095880,283.2746,-50.1811,7.59,0,,,,,4,5.1,ok
TIC 314865991,53.5579,-72.8452,7.6,0,,,,,25,11.6,ok
TIC 113248833,293.1238,-35.4507,7.61,0,,,,,4,5.2,ok
TIC 51938503,15.0417,-70.1767,7.61,0,,,,,4,5.0,ok
TIC 398420416,286.6385,-82.4921,7.61,0,,,,,8,9.8,ok
TIC 129178469,302.7096,-43.6031,7.61,0,,,,,1,2.2,ok
TIC 325093686,327.7342,-68.4895,7.61,0,,,,,4,5.4,ok
TIC 370206121,314.1109,-59.2739,7.61,0,,,,,3,4.1,ok
TIC 219418800,79.6171,-51.428,7.61,0,,,,,10,11.8,ok
TIC 97914505,289.5535,-38.3852,7.62,0,,,,,4,5.2,ok
TIC 340063145,113.2451,-55.1585,7.62,0,,,,,17,11.7,ok
TIC 141943941,95.3335,-75.128,7.62,0,,,,,41,12.1,ok
TIC 31104764,76.4957,-68.4163,7.62,0,,,,,41,12.5,ok
TIC 31087037,288.1046,-33.0618,7.62,0,,,,,3,4.1,ok
TIC 128970930,301.5121,-44.9802,7.62,0,,,,,3,4.0,ok
TIC 166224885,295.4351,-53.2531,7.62,0,,,,,3,4.1,ok
TIC 219323877,331.4033,-58.9609,7.63,0,,,,,5,6.7,ok
TIC 55741018,74.59,-63.2137,7.63,0,,,,,43,11.9,ok
TIC 304033639,25.2471,-76.2429,7.63,0,,,,,6,8.0,ok
TIC 61799536,289.1808,-45.8921,7.63,0,,,,,3,3.9,ok
TIC 260043481,91.5118,-59.548,7.64,0,,,,,43,11.3,ok
TIC 441423288,311.4037,-35.3754,7.64,0,,,,,3,5.2,ok
TIC 319289907,72.0235,-80.779,7.64,0,,,,,18,12.1,ok
TIC 254056234,285.6086,-41.2728,7.64,0,,,,,2,3.3,ok
TIC 339548546,297.4544,-64.9055,7.64,0,,,,,3,4.4,ok
TIC 177174590,105.188,-71.3959,7.64,0,,,,,41,12.9,ok
TIC 33861444,64.7529,-75.718,7.64,0,,,,,?,0.6,erreur
TIC 374288294,299.4246,-67.8278,7.64,0,,,,,7,8.4,ok
TIC 279157426,103.0538,-56.5091,7.64,0,,,,,40,11.8,ok
TIC 466158995,296.5167,-67.0484,7.65,0,,,,,4,5.2,ok
TIC 394585454,340.872,-64.8122,7.65,0,,,,,7,8.3,ok
TIC 271576444,105.8804,-77.943,7.65,0,,,,,32,11.4,ok
TIC 218922558,298.0921,-32.5611,7.66,0,,,,,3,3.7,ok
TIC 318009249,303.3225,-82.0283,7.66,0,,,,,7,9.0,ok
TIC 219183080,92.0565,-53.2823,7.66,0,,,,,26,11.3,ok
TIC 62024334,290.1847,-42.4686,7.66,0,,,,,3,3.9,ok
TIC 304032067,24.9737,-74.9833,7.66,0,,,,,7,8.3,ok
TIC 453079732,113.6404,-70.3818,7.66,0,,,,,41,11.9,ok
TIC 38698083,66.3649,-65.8129,7.67,0,,,,,?,0.6,erreur
TIC 238179321,358.4577,-70.6792,7.67,0,,,,,5,6.2,ok
TIC 290761749,307.9705,-40.9025,7.68,0,,,,,3,3.9,ok
TIC 425569341,286.1728,-31.373,7.68,0,,,,,5,6.4,ok
TIC 270627594,87.2348,-53.462,7.68,0,,,,,26,11.5,ok
TIC 150320178,95.7154,-64.5426,7.68,0,,,,,33,13.1,ok
TIC 129277485,303.3614,-46.2014,7.69,0,,,,,2,2.7,ok
TIC 141865875,93.8019,-77.0522,7.69,0,,37.5,rejete,variabilite_continue;eclipse_secondaire,45,17.0,ok
TIC 219423316,79.9369,-52.038,7.69,0,,,,,5,6.6,ok
TIC 139056239,307.0003,-42.6204,7.69,0,,,,,3,3.8,ok
TIC 100471358,308.4838,-52.8394,7.69,0,,,,,3,4.0,ok
TIC 167814517,105.1799,-61.1417,7.7,0,,,,,32,11.2,ok
TIC 451603829,282.2856,-86.1958,7.7,0,,,,,8,9.8,ok
TIC 231726168,81.2366,-50.9757,7.7,0,,,,,12,11.5,ok
TIC 343894578,285.4945,-56.9731,7.7,0,,,,,2,3.0,ok
TIC 370232736,325.5677,-57.6129,7.7,0,,,,,6,7.0,ok
TIC 290761750,307.9699,-40.9014,7.7,0,,,,,3,3.7,ok
TIC 370137704,46.9095,-72.3219,7.71,0,,,,,15,11.5,ok
TIC 352436870,310.8179,-62.5377,7.71,0,,,,,3,4.0,ok
TIC 358109985,51.7175,-73.1326,7.71,0,,,,,23,11.3,ok
TIC 141268467,82.5142,-76.2487,7.71,0,,,,,40,11.5,ok
TIC 269770213,302.5771,-41.1463,7.71,0,,,,,1,1.7,ok
TIC 389447416,312.2863,-36.4852,7.71,0,,,,,1,2.0,ok
TIC 278867391,100.9661,-54.5663,7.71,0,,,,,25,11.5,ok
TIC 391055686,287.187,-33.7949,7.71,0,,,,,2,3.1,ok
TIC 372040460,309.6083,-66.5414,7.72,0,,,,,3,4.1,ok
TIC 33910266,66.2304,-77.684,7.72,0,,,,,30,12.0,ok
TIC 52206436,19.7425,-71.1149,7.72,0,,,,,7,8.2,ok
TIC 278730120,99.6107,-58.3377,7.72,0,,,,,43,11.6,ok
TIC 293347978,98.9783,-64.8807,7.72,0,,,,,39,12.6,ok
TIC 38699545,66.3036,-61.6214,7.72,0,,,,,43,12.5,ok
TIC 394136313,4.3934,-69.8784,7.72,0,,,,,8,9.7,ok
TIC 369366915,294.6488,-85.0048,7.72,0,,,,,6,8.1,ok
TIC 392756613,327.2814,-72.1042,7.73,0,,,,,5,6.1,ok
TIC 260852228,349.3428,-66.922,7.73,0,,,,,6,7.4,ok
TIC 260795157,347.5869,-68.8368,7.73,0,,,,,9,10.5,ok
TIC 469849622,314.5372,-48.2056,7.74,0,,,,,5,6.0,ok
TIC 324607962,312.7879,-78.1316,7.74,0,,,,,4,5.2,ok
TIC 220408612,70.4774,-58.0208,7.74,0,,,,,34,11.4,ok
TIC 374912345,89.0304,-61.4469,7.74,0,,,,,42,11.7,ok
TIC 6943013,285.5857,-53.508,7.74,0,,,,,3,4.1,ok
TIC 126802858,316.9205,-45.7689,7.74,0,,,,,3,4.2,ok
TIC 32033224,56.0776,-66.6962,7.74,0,,,,,27,11.5,ok
TIC 38602419,64.3212,-63.0968,7.74,0,,,,,42,13.1,ok
TIC 293480995,50.358,-82.4779,7.74,0,,,,,12,12.2,ok
TIC 355547281,321.0617,-58.6924,7.74,0,,,,,4,5.1,ok
TIC 271693199,109.7678,-76.416,7.74,0,,,,,40,11.4,ok
TIC 101231568,299.5185,-48.1336,7.74,0,,,,,3,4.0,ok
TIC 101234191,299.5321,-51.906,7.74,0,,,,,2,2.9,ok
TIC 382075815,285.4921,-68.1348,7.74,0,,,,,3,4.0,ok
TIC 100852555,312.371,-51.8904,7.75,0,,,,,3,4.0,ok
TIC 31165050,288.2018,-34.4356,7.75,0,,,,,3,3.9,ok
TIC 339544395,297.281,-61.8156,7.76,0,,,,,3,4.4,ok
TIC 114390321,295.9706,-35.255,7.76,0,,,,,4,5.3,ok
TIC 464646604,287.7412,-60.2729,7.76,1,2.2316,15.2,rejete,variabilite_continue;eclipse_secondaire,7,13.0,ok
TIC 304983634,288.2559,-49.9029,7.76,0,,,,,4,4.8,ok
TIC 380651349,285.3696,-34.3769,7.76,0,,,,,3,3.9,ok
TIC 372361075,316.945,-67.9211,7.76,0,,,,,4,4.8,ok
TIC 370230471,321.7513,-56.1243,7.77,0,,,,,5,6.1,ok
TIC 262021818,323.396,-75.4132,7.77,0,,,,,3,4.0,ok
TIC 232059033,339.2691,-65.8582,7.77,0,,,,,7,8.2,ok
TIC 309614870,78.6026,-63.5409,7.77,0,,,,,39,11.6,ok
TIC 350182638,115.7983,-61.9012,7.77,0,,,,,39,11.7,ok
TIC 464559887,286.3382,-61.6895,7.77,0,,,,,5,6.2,ok
TIC 277368267,283.7318,-35.7354,7.77,0,,,,,1,61.5,ok
TIC 410276260,298.2949,-56.6682,7.78,0,,,,,3,4.3,ok
TIC 346630628,294.0681,-81.2464,7.78,0,,,,,8,9.4,ok
TIC 129277030,303.395,-45.5907,7.78,0,,,,,1,1.7,ok
TIC 290418638,305.6187,-36.0886,7.79,0,,,,,3,4.0,ok
TIC 317128611,349.069,-80.5122,7.79,0,,,,,5,6.5,ok
TIC 238168526,356.5021,-66.8533,7.79,0,,,,,4,6.7,ok
TIC 183799419,20.8606,-76.6119,7.79,0,,,,,8,10.8,ok
TIC 294748147,70.6016,-71.4959,7.79,0,,,,,41,11.8,ok
TIC 325391321,333.5161,-78.3311,7.8,0,,,,,3,4.3,ok
TIC 55649929,73.7932,-63.9588,7.8,0,,,,,40,12.3,ok
TIC 260949184,73.0934,-82.475,7.8,0,,,,,13,12.6,ok
TIC 293568265,359.2901,-74.3013,7.8,0,,,,,8,9.5,ok
TIC 238870740,38.2486,-72.6861,7.8,0,,,,,11,11.7,ok
TIC 468144799,305.0963,-75.5769,7.8,0,,,,,5,6.2,ok
TIC 150187916,93.7146,-62.2834,7.8,0,,,,,39,11.9,ok
TIC 380645083,285.2065,-34.8804,7.8,0,,,,,2,3.6,ok
TIC 238870744,38.3498,-72.6718,7.8,0,,,,,11,11.9,ok
TIC 261417533,95.249,-78.4123,7.8,0,,,,,41,11.7,ok
TIC 238877488,39.5799,-72.8664,7.81,0,,,,,9,10.6,ok
TIC 129294590,303.7221,-44.0577,7.81,0,,,,,1,1.7,ok
TIC 261205435,87.6761,-79.3,7.81,0,,,,,30,11.7,ok
TIC 319740055,291.9204,-54.3378,7.81,0,,,,,3,3.9,ok
TIC 32041305,289.7809,-33.1584,7.81,0,,,,,3,4.1,ok
TIC 349155285,108.2756,-63.3412,7.81,0,,,,,35,11.4,ok
TIC 412064386,0.3219,-68.3714,7.81,0,,,,,7,8.5,ok
TIC 141545616,88.391,-75.3439,7.82,0,,,,,40,11.4,ok
TIC 319605530,291.2888,-56.9837,7.82,0,,,,,2,3.6,ok
TIC 141609430,88.7251,-75.4582,7.82,0,,,,,40,12.0,ok
TIC 167748771,103.5499,-62.4635,7.82,0,,,,,41,11.6,ok
TIC 261401412,94.6063,-82.9712,7.82,0,,36.0,rejete,variabilite_continue;eclipse_secondaire,6,11.6,ok
TIC 152624701,304.1599,-35.0405,7.83,0,,,,,3,4.0,ok
TIC 61094097,286.6091,-45.9512,7.83,0,,,,,2,2.7,ok
TIC 260507598,96.6816,-59.0253,7.83,0,,,,,41,11.4,ok
TIC 311461527,317.1017,-75.9807,7.83,0,,,,,3,4.3,ok
TIC 167797285,104.5429,-60.2962,7.83,0,,,,,41,12.0,ok
TIC 219943849,289.8219,-58.7225,7.83,0,,,,,3,4.0,ok
TIC 306512813,119.066,-69.645,7.83,0,,,,,44,11.7,ok
TIC 167889402,105.1153,-65.9079,7.84,0,,,,,42,11.4,ok
TIC 219170912,91.0498,-52.8936,7.84,0,,,,,?,0.6,erreur
TIC 259886044,40.8596,-69.3826,7.84,0,,,,,11,12.2,ok
TIC 209183484,298.8735,-29.0971,7.85,0,,,,,3,3.9,ok
TIC 468217890,328.0444,-85.8366,7.85,0,,,,,6,7.3,ok
TIC 167524563,100.5307,-64.5238,7.85,0,,,,,38,11.6,ok
TIC 410214986,354.916,-69.1962,7.85,1,2.864,10.1,rejete,variabilite_continue;eclipse_secondaire,10,16.6,ok
TIC 167796443,104.36,-60.8512,7.85,0,,,,,44,11.5,ok
TIC 372068780,310.4437,-68.1349,7.85,0,,,,,6,7.1,ok
TIC 167009292,94.8425,-66.0611,7.86,0,,,,,34,11.5,ok
TIC 376134052,292.1936,-71.5968,7.86,0,,,,,4,5.2,ok
TIC 370019110,296.218,-52.3369,7.86,0,,,,,4,5.1,ok
TIC 292824951,274.8587,-81.1463,7.86,0,,,,,7,8.4,ok
TIC 402104884,358.4652,-75.635,7.87,0,,,,,8,9.6,ok
TIC 6896550,285.3793,-51.6485,7.87,0,,,,,1,1.8,ok
TIC 55663264,74.3709,-61.2873,7.87,0,,,,,39,11.5,ok
TIC 112545965,291.3839,-30.2958,7.87,0,,,,,5,6.1,ok
TIC 278823382,100.0911,-59.1231,7.87,0,,,,,31,11.4,ok
TIC 394005299,329.084,-59.3511,7.87,0,,,,,4,5.3,ok
TIC 34680975,306.1269,-34.7173,7.88,0,,,,,2,3.0,ok
TIC 276188635,282.7415,-30.9614,7.88,0,,,,,1,2.3,ok
TIC 466093370,293.665,-65.0308,7.88,0,,,,,2,3.4,ok
TIC 287298969,82.3553,-66.439,7.88,0,,,,,37,11.5,ok
TIC 167526213,100.5955,-61.2241,7.88,0,,,,,39,11.8,ok
TIC 150360766,96.3533,-62.4222,7.89,0,,,,,38,11.6,ok
TIC 273513941,347.8479,-72.525,7.89,0,,,,,6,7.9,ok
TIC 394015919,329.9061,-59.7536,7.89,0,,,,,7,8.8,ok
TIC 260967812,74.6288,-78.1858,7.89,0,,,,,36,11.5,ok
TIC 350522196,86.3126,-55.7249,7.89,0,,,,,41,13.2,ok
TIC 389477357,313.0176,-38.1655,7.89,0,,,,,2,3.2,ok
TIC 260370233,95.2584,-54.9352,7.89,0,,,,,38,11.6,ok
TIC 201641317,285.2786,-58.892,7.89,0,,,,,4,4.8,ok
TIC 256242891,256.8068,-87.2966,7.89,0,,,,,6,7.5,ok
TIC 280725157,344.0226,-83.3516,7.89,0,,,,,4,5.1,ok
TIC 280096830,46.3421,-75.6955,7.89,0,,,,,10,11.6,ok
TIC 340849155,293.3643,-75.2127,7.89,0,,,,,5,6.5,ok
TIC 302987775,62.9815,-83.6016,7.89,0,,,,,12,11.9,ok
TIC 267062522,359.258,-67.5941,7.9,0,,,,,5,7.9,ok
TIC 101908971,304.6873,-48.5879,7.9,0,,,,,1,1.8,ok
TIC 441387674,310.1071,-32.8515,7.9,0,,,,,3,4.0,ok
TIC 394045518,334.5462,-63.0071,7.9,0,,,,,5,6.0,ok
TIC 149347480,83.6093,-60.104,7.9,0,,,,,42,11.5,ok
TIC 150390619,96.5128,-64.3304,7.91,0,,,,,35,12.8,ok
TIC 394232171,48.1322,-77.9147,7.91,0,,,,,14,14.0,ok
TIC 267089153,5.6447,-73.0327,7.91,0,,,,,7,10.6,ok
TIC 389750989,87.0809,-70.3461,7.91,0,,,,,38,11.8,ok
TIC 113677629,294.0645,-34.6559,7.91,0,,,,,3,4.1,ok
TIC 406348031,330.9153,-85.9023,7.91,0,,,,,8,9.4,ok
TIC 370078468,296.3178,-48.0703,7.91,0,,,,,4,6.2,ok
TIC 238874577,39.2455,-72.6821,7.91,0,,,,,11,12.2,ok
TIC 220430912,73.1177,-55.697,7.91,0,,,,,24,11.8,ok
TIC 276861788,83.2879,-65.9421,7.91,0,,,,,34,12.6,ok
TIC 40405143,77.3581,-69.7139,7.92,0,,,,,40,12.2,ok
TIC 394459715,314.3438,-59.0763,7.92,0,,,,,2,3.1,ok
TIC 324430490,285.8898,-72.3928,7.92,0,,,,,5,6.4,ok
TIC 318569322,332.7681,-66.3415,7.92,0,,,,,7,8.2,ok
TIC 352508760,324.8131,-74.4825,7.92,0,,,,,3,4.3,ok
TIC 113353231,292.6968,-40.4552,7.93,0,,,,,3,4.1,ok
TIC 318273824,303.4512,-87.8238,7.93,0,,,,,7,8.8,ok
TIC 79403459,320.2496,-52.4785,7.93,0,,,,,3,4.1,ok
TIC 404763926,84.8986,-67.0418,7.93,0,,,,,29,12.1,ok
TIC 273650690,3.7702,-68.5297,7.93,0,,,,,4,6.1,ok
TIC 271598242,108.857,-77.03,7.94,0,,,,,40,12.6,ok
TIC 451534813,263.8709,-84.6968,7.94,0,,,,,7,8.9,ok
TIC 402289575,325.9667,-63.4086,7.94,0,,,,,3,5.8,ok
TIC 300653260,114.2304,-68.5106,7.94,0,,,,,43,14.8,ok
TIC 382073690,285.275,-66.1952,7.94,0,,,,,4,5.3,ok
TIC 259719785,322.6623,-63.107,7.95,0,,,,,3,4.3,ok
TIC 327784709,312.5672,-75.0383,7.95,0,,,,,3,4.1,ok
TIC 352006621,283.5678,-75.8174,7.95,0,,,,,6,7.7,ok
TIC 267182905,5.8181,-76.7242,7.95,0,,,,,5,6.4,ok
TIC 129291066,303.5274,-44.1736,7.96,0,,,,,1,1.9,ok
TIC 339962133,112.5895,-57.4453,7.96,0,,,,,25,11.5,ok
TIC 238809626,326.9477,-63.9238,7.96,0,,,,,6,43.2,ok
TIC 350764186,88.9564,-56.5285,7.96,0,,,,,29,13.1,ok
TIC 260852224,349.3283,-66.9406,7.96,0,,,,,10,12.1,ok
TIC 382362559,288.9294,-71.142,7.96,0,,,,,4,6.9,ok
TIC 382437069,117.1608,-63.6888,7.97,0,,,,,29,12.7,ok
TIC 201732264,303.2837,-57.4789,7.97,0,,,,,6,7.3,ok
TIC 290405947,0.1187,-79.0624,7.97,0,,,,,6,7.5,ok
TIC 279477561,105.2852,-57.1918,7.97,0,,,,,29,11.7,ok
TIC 254108118,286.1851,-36.8449,7.97,0,,,,,4,5.0,ok
TIC 98493877,290.9369,-37.0775,7.97,0,,,,,2,3.0,ok
TIC 167526477,100.3881,-60.6875,7.97,0,,,,,38,11.4,ok
TIC 98114398,290.1007,-38.159,7.98,0,,,,,?,0.6,erreur
TIC 279430029,105.0432,-56.9069,7.98,1,1.1207,58.9,rejete,variabilite_continue;eclipse_secondaire,40,18.5,ok
TIC 253838775,283.1359,-36.5848,7.98,0,,,,,1,2.0,ok
TIC 79155460,316.5262,-52.9141,7.98,0,,,,,2,3.0,ok
TIC 257610407,293.1481,-79.1934,7.98,0,,,,,5,6.4,ok
TIC 219292370,311.452,-56.9538,7.98,0,,,,,2,3.0,ok
TIC 364115836,289.4583,-74.3249,7.99,0,,,,,10,11.4,ok
TIC 200228917,288.0708,-51.8124,7.99,0,,,,,2,2.9,ok
TIC 61383320,287.7172,-47.1628,7.99,0,,,,,3,3.7,ok
TIC 141610050,88.6955,-76.8075,7.99,0,,,,,39,12.1,ok
TIC 391949880,79.5202,-80.9643,7.99,1,4.9408,21.3,rejete,variabilite_continue,20,19.1,ok
TIC 392705273,327.1247,-78.4325,7.99,0,,,,,6,7.3,ok
TIC 29778225,64.8193,-65.9666,7.99,0,,,,,44,11.9,ok
TIC 167248140,97.6155,-68.9476,7.99,0,,,,,28,11.6,ok
TIC 300241371,109.4017,-71.3341,8.0,0,,,,,30,11.6,ok
TIC 276064652,282.5694,-35.6662,8.0,0,,,,,2,3.0,ok
TIC 352077779,284.1079,-75.8482,8.0,0,,,,,7,8.0,ok
TIC 201687177,300.6907,-56.41,8.0,0,,,,,5,5.9,ok
TIC 372042957,309.519,-71.6354,8.0,0,,,,,7,8.4,ok
TIC 401727043,334.4005,-80.4581,8.0,0,,,,,6,7.8,ok
TIC 31106039,76.2779,-68.0864,8.0,0,,,,,29,11.6,ok
TIC 257462965,287.759,-70.0819,8.0,0,,29.2,rejete,variabilite_continue;eclipse_secondaire,10,16.4,ok
TIC 238867738,343.2036,-66.73,8.0,0,,,,,7,8.3,ok
TIC 254142418,286.6031,-39.1774,8.0,0,,,,,3,3.8,ok
TIC 129277761,303.4128,-46.5878,8.0,0,,,,,3,3.9,ok
TIC 24706089,25.7738,-69.5726,8.0,0,,,,,8,9.3,ok
TIC 237312349,343.5964,-65.0833,8.0,0,,,,,7,8.5,ok
TIC 382145521,80.3228,-56.2451,8.0,0,,56.7,rejete,variabilite_continue;eclipse_secondaire,42,17.2,ok
TIC 349269343,108.9713,-61.8623,8.0,0,,,,,30,12.2,ok
TIC 254131256,286.4865,-36.1964,8.0,0,,,,,4,5.3,ok
TIC 372218461,313.1111,-67.5992,8.0,0,,,,,8,9.3,ok
TIC 394756166,25.0407,-86.6891,8.0,0,,,,,6,7.2,ok
TIC 409780413,290.3548,-60.8821,8.0,0,,,,,7,7.9,ok
TIC 234306874,35.0142,-69.4313,8.0,0,,,,,9,10.6,ok
TIC 55401680,77.9797,-60.655,8.0,0,,,,,31,13.9,ok
TIC 237933451,58.8262,-65.2842,8.0,0,,,,,34,10.7,ok
TIC 277122829,281.551,-79.2259,8.0,0,,,,,10,12.6,ok
TIC 339453875,296.401,-63.0418,8.0,0,,,,,7,8.3,ok
TIC 303909512,22.9703,-76.9139,8.0,0,,,,,8,9.2,ok
TIC 79301758,318.8883,-51.0127,8.0,0,,,,,6,7.3,ok
TIC 290604408,247.7345,-88.5854,8.0,0,,,,,7,8.5,ok
TIC 273420262,343.9962,-71.9677,8.0,0,,,,,8,9.1,ok
TIC 150357935,96.1954,-62.8364,8.0,0,,12.0,rejete,variabilite_continue;eclipse_secondaire,40,18.8,ok
TIC 340699092,116.8375,-55.8211,8.0,0,,,,,9,10.7,ok
TIC 300658296,114.6477,-68.2707,8.0,0,,,,,43,12.0,ok
TIC 150063627,91.4257,-60.1056,8.0,0,,,,,29,11.4,ok
TIC 278775103,99.7408,-55.2986,8.01,0,,,,,26,13.1,ok
TIC 265214627,302.5586,-67.4801,8.01,0,,,,,6,6.8,ok
TIC 273307549,321.9425,-81.9656,8.01,0,,,,,8,9.8,ok
TIC 360915662,310.4853,-59.0089,8.01,0,,,,,5,7.8,ok
TIC 260753626,346.5492,-70.4882,8.01,0,,,,,9,11.8,ok
TIC 261331895,91.5914,-83.2572,8.01,0,,,,,8,10.0,ok
TIC 260709282,98.5248,-57.086,8.01,0,,,,,28,12.6,ok
TIC 401777570,333.2829,-86.4792,8.01,0,,,,,3,4.1,ok
TIC 396167830,298.676,-68.259,8.01,0,,,,,7,8.0,ok
TIC 279324004,104.2197,-59.3788,8.01,0,,,,,30,11.4,ok
TIC 219327284,333.52,-59.4946,8.01,0,,,,,9,10.1,ok
TIC 394584686,340.2865,-64.148,8.01,0,,,,,9,10.3,ok
TIC 280051011,43.5748,-73.4528,8.01,0,,,,,11,11.7,ok
TIC 394358667,43.6532,-81.5592,8.01,0,,,,,9,10.5,ok
TIC 29986479,72.8589,-68.4397,8.01,0,,,,,30,11.5,ok
TIC 379402513,283.9001,-59.1335,8.01,0,,,,,6,7.2,ok
TIC 150141471,92.7644,-63.2742,8.01,0,,,,,27,12.3,ok
TIC 152180220,307.6202,-33.1556,8.01,0,,,,,2,2.8,ok
TIC 150393049,96.7989,-60.1051,8.01,0,,,,,31,11.2,ok
TIC 272088627,115.5212,-74.9482,8.01,0,,,,,29,11.7,ok
TIC 303910111,22.6402,-75.2319,8.01,0,,,,,6,6.9,ok
TIC 364326091,101.7985,-61.8131,8.01,0,,,,,39,11.4,ok
TIC 394045029,334.5862,-64.5575,8.01,0,,,,,10,11.8,ok
TIC 278777070,99.7439,-58.836,8.01,0,,,,,45,11.6,ok
TIC 219303172,315.1352,-54.92,8.01,0,,,,,4,5.4,ok
TIC 167415965,99.4577,-70.9307,8.01,1,9.2772,15.2,rejete,variabilite_continue,40,16.8,ok
TIC 293439813,48.9342,-80.8173,8.01,0,,,,,8,9.3,ok
TIC 293505416,351.0747,-70.7612,8.01,0,,,,,9,28.1,ok
TIC 166317799,296.1494,-51.44,8.01,0,,,,,3,3.7,ok
TIC 220477045,75.5281,-57.4834,8.01,0,,,,,29,11.4,ok
TIC 79403675,320.2085,-53.0348,8.01,0,,,,,6,7.2,ok
TIC 231729342,81.4601,-53.5823,8.01,0,,,,,23,13.0,ok
TIC 48838982,302.1462,-33.6043,8.01,0,,,,,2,2.8,ok
TIC 320204627,294.7934,-58.6656,8.01,0,,,,,6,6.9,ok
TIC 55478693,71.2144,-64.9763,8.01,0,,,,,32,11.2,ok
TIC 183979379,21.2916,-72.0535,8.01,0,,,,,9,10.4,ok
TIC 219425479,80.2254,-49.7694,8.01,0,,,,,10,11.7,ok
TIC 220412239,70.8468,-57.0927,8.01,0,,,,,20,12.0,ok
TIC 267091453,5.9825,-77.6451,8.01,0,,,,,5,6.0,ok
TIC 382471461,291.8884,-66.5227,8.01,0,,,,,9,10.3,ok
TIC 260656935,98.4145,-54.1171,8.01,0,,,,,29,12.1,ok
TIC 230962153,287.6656,-58.0889,8.02,0,,,,,5,6.7,ok
TIC 327672504,330.8826,-68.0589,8.02,0,,,,,8,9.5,ok
TIC 350717211,88.4022,-54.056,8.02,0,,,,,23,11.3,ok
TIC 6526871,284.1709,-51.0276,8.02,0,,,,,4,5.0,ok
TIC 276690601,283.2024,-35.0432,8.02,0,,,,,2,3.0,ok
TIC 291194976,294.0595,-48.7238,8.02,0,,,,,4,4.7,ok
TIC 259886373,41.0167,-68.1489,8.02,0,,,,,12,11.4,ok
TIC 142110261,99.272,-74.796,8.02,0,,,,,29,11.6,ok
TIC 166551954,305.2892,-52.5905,8.02,0,,,,,4,5.0,ok
TIC 290745249,307.6239,-37.0352,8.02,0,,,,,3,3.8,ok
TIC 8194633,311.3483,-41.5709,8.02,0,,,,,3,3.7,ok
TIC 38811498,67.3874,-65.3774,8.02,0,,,,,44,11.6,ok
TIC 6948665,285.7501,-49.3403,8.02,0,,,,,1,1.6,ok
TIC 31814318,51.2206,-68.3343,8.02,0,,,,,20,11.4,ok
TIC 140800765,74.7115,-72.1251,8.02,0,,,,,30,11.8,ok
TIC 38515329,62.7588,-62.4473,8.02,0,,,,,29,11.5,ok
TIC 34721929,306.6094,-33.3061,8.02,0,,,,,3,3.8,ok
TIC 41488282,93.284,-66.0456,8.02,0,,,,,20,11.5,ok
TIC 356333389,155.8466,-87.1562,8.02,0,,,,,6,7.5,ok
TIC 404027788,291.685,-50.0966,8.02,0,,,,,4,4.7,ok
TIC 369324314,289.1398,-81.8529,8.02,0,,,,,8,9.1,ok
TIC 290605911,6.7155,-83.1391,8.02,0,,,,,9,10.7,ok
TIC 370327326,64.1485,-79.9933,8.02,0,,,,,13,12.2,ok
TIC 278270821,111.982,-81.4155,8.03,0,,,,,10,11.5,ok
TIC 100828499,312.164,-50.5093,8.03,0,,,,,4,4.9,ok
TIC 439420089,301.2689,-34.0215,8.03,0,,,,,3,3.8,ok
TIC 38633493,64.9986,-61.0057,8.03,0,,,,,25,11.5,ok
TIC 167205241,97.3487,-71.5065,8.03,0,,,,,42,12.5,ok
TIC 25132314,62.1285,-68.7022,8.03,0,,,,,43,11.9,ok
TIC 290655383,83.9055,-51.7318,8.03,0,,,,,8,10.0,ok
TIC 113643828,293.687,-37.3233,8.03,0,,,,,3,3.9,ok
TIC 79394364,319.8886,-53.612,8.03,0,,,,,5,6.2,ok
TIC 32152605,59.4453,-69.5254,8.03,0,,,,,44,12.3,ok
TIC 279053000,102.1496,-58.4673,8.03,1,0.996,18.0,rejete,variabilite_continue;eclipse_secondaire,43,17.5,ok
TIC 423179896,287.8595,-51.953,8.03,0,,,,,4,5.5,ok
TIC 253850511,283.2324,-41.2261,8.03,0,,,,,2,2.8,ok
TIC 290480337,306.058,-41.0645,8.03,0,,,,,3,3.9,ok
TIC 422004982,301.4084,-54.8225,8.03,0,,,,,4,5.2,ok
TIC 101312169,299.9925,-48.9752,8.03,0,,,,,3,3.9,ok
TIC 218902449,297.6891,-32.6108,8.03,0,,,,,3,3.8,ok
TIC 406272866,325.4195,-64.1437,8.03,0,,,,,9,10.3,ok
TIC 355138159,307.1914,-45.3873,8.03,0,,,,,3,3.9,ok
TIC 387135600,291.5906,-65.1964,8.03,0,,,,,10,11.4,ok
TIC 30421442,285.7592,-32.7457,8.03,0,,,,,5,6.3,ok
TIC 79023394,315.4307,-49.6073,8.03,0,,,,,5,6.0,ok
TIC 29832379,66.6763,-70.3811,8.03,0,,,,,29,10.5,ok
TIC 129140860,302.6389,-45.4164,8.03,0,,,,,3,3.9,ok
TIC 339544830,297.1945,-61.1114,8.03,0,,,,,7,8.2,ok
TIC 411978510,291.039,-62.2197,8.03,0,,,,,7,8.1,ok
TIC 141945095,95.6582,-73.3449,8.03,0,,,,,26,11.4,ok
TIC 219927265,298.3686,-49.4762,8.03,0,,,,,4,5.0,ok
TIC 167720983,103.3031,-64.0493,8.03,0,,,,,28,10.6,ok
TIC 389586477,311.9448,-42.5867,8.03,0,,,,,4,4.6,ok
TIC 375089268,100.2399,-62.7232,8.03,0,,,,,30,11.3,ok
TIC 388131027,65.3619,-69.6155,8.03,0,,,,,44,10.8,ok
TIC 140527781,66.8969,-71.9958,8.03,0,,,,,31,11.7,ok
TIC 257463588,287.7538,-69.2182,8.03,0,,,,,?,0.5,erreur
TIC 340849137,293.449,-75.2536,8.03,0,,,,,8,9.9,ok
TIC 79659787,295.6728,-46.0474,8.03,0,,,,,5,6.2,ok
TIC 39015747,11.5962,-71.7824,8.03,0,,,,,6,7.2,ok
TIC 317097514,347.0356,-81.2604,8.04,0,,,,,5,6.1,ok
TIC 371836310,305.7914,-65.915,8.04,0,,,,,7,7.9,ok
TIC 260949692,73.3153,-78.1456,8.04,0,,,,,36,11.8,ok
TIC 101231357,299.3248,-48.0218,8.04,0,,,,,4,4.8,ok
TIC 260127606,92.0671,-57.9322,8.04,0,,,,,44,11.7,ok
TIC 231622600,316.2742,-56.1211,8.04,0,,,,,4,4.8,ok
TIC 200248099,294.4967,-50.6805,8.04,0,,,,,4,4.9,ok
TIC 379505475,284.4323,-55.4821,8.04,0,,,,,7,8.3,ok
TIC 142109251,99.1913,-76.8026,8.04,0,,,,,29,11.6,ok
TIC 220345349,307.4017,-53.9212,8.04,0,,,,,4,4.6,ok
TIC 446546310,286.6481,-57.112,8.04,0,,,,,4,4.9,ok
TIC 277593708,283.8034,-32.4539,8.04,0,,,,,4,4.8,ok
TIC 31560152,288.8551,-35.0588,8.04,0,,,,,3,3.9,ok
TIC 219920019,283.0103,-44.6852,8.04,0,,,,,4,5.0,ok
TIC 141606660,88.9284,-72.4065,8.04,0,,,,,28,11.1,ok
TIC 341311287,315.8066,-60.6233,8.04,0,,,,,6,6.9,ok
TIC 291011593,309.4493,-36.0665,8.04,0,,,,,3,3.8,ok
TIC 355052397,303.5187,-36.6152,8.04,0,,,,,3,3.8,ok
TIC 261749149,26.7076,-82.673,8.04,0,,44.5,rejete,variabilite_continue;eclipse_secondaire,12,17.1,ok
TIC 304103851,27.9379,-75.9914,8.04,0,,,,,9,10.4,ok
TIC 237926568,57.7436,-63.7832,8.04,0,,,,,20,11.6,ok
TIC 464527551,285.3428,-63.35,8.04,0,,,,,8,9.0,ok
TIC 318613764,321.6472,-85.7232,8.04,0,,,,,7,8.5,ok
TIC 31511890,89.3424,-67.4283,8.04,0,,,,,18,11.9,ok
TIC 466098985,294.9325,-67.4571,8.04,0,,,,,?,0.5,erreur
TIC 401574080,312.3587,-77.6039,8.04,0,,,,,8,9.1,ok
TIC 404125110,292.4541,-48.2578,8.04,0,,,,,4,5.0,ok
TIC 55604274,73.5677,-59.9433,8.04,0,,,,,32,11.1,ok
TIC 325376866,332.6602,-83.9132,8.05,0,,,,,6,8.1,ok
TIC 262470159,312.1316,-37.9682,8.05,0,,,,,2,2.8,ok
TIC 396170076,298.5071,-71.5326,8.05,0,,,,,8,9.9,ok
TIC 351559682,309.7552,-60.8265,8.05,0,,,,,7,8.2,ok
TIC 219200215,92.5076,-52.7993,8.05,0,,,,,23,11.4,ok
TIC 219260541,309.0534,-58.3175,8.05,0,,,,,7,8.2,ok
TIC 304985492,288.3601,-48.4023,8.05,0,,,,,4,4.9,ok
TIC 280804030,44.5424,-67.3762,8.05,0,,,,,14,11.6,ok
TIC 381855290,322.2849,-55.1666,8.05,0,,,,,8,29.4,ok
TIC 371929854,307.38,-66.9625,8.05,0,,,,,3,3.9,ok
TIC 469779830,292.5111,-39.3186,8.05,0,,,,,4,5.1,ok
TIC 30900417,287.7025,-32.392,8.05,0,,,,,4,4.9,ok
TIC 166629107,313.6421,-52.5239,8.05,0,,,,,3,3.9,ok
TIC 381975243,77.1218,-56.9873,8.05,0,,,,,28,11.3,ok
TIC 80166433,298.2877,-46.37,8.05,0,,,,,3,3.7,ok
TIC 80252615,298.824,-44.0111,8.05,1,1.3412,25.6,rejete,eclipse_secondaire;compagnon_trop_gros_5.1Rjup,2,4.0,ok
TIC 349411267,110.3439,-60.2531,8.05,0,,,,,30,11.1,ok
TIC 260079513,92.0713,-55.2384,8.05,0,,,,,43,11.3,ok
TIC 319608242,291.4753,-54.0916,8.05,0,,,,,5,6.4,ok
TIC 98419066,290.856,-40.3166,8.05,0,,,,,2,2.7,ok
TIC 320007483,293.2148,-58.0224,8.05,0,,,,,6,7.0,ok
TIC 466167005,299.1607,-60.9256,8.05,0,,,,,7,8.1,ok
TIC 98116868,290.1439,-37.3965,8.05,0,,,,,3,3.8,ok
TIC 266904464,1.1399,-76.3464,8.05,0,,,,,6,7.1,ok
TIC 300840726,300.3919,-36.8511,8.05,0,,,,,3,3.8,ok
TIC 291170750,292.8526,-51.6785,8.05,0,,,,,4,4.9,ok
TIC 340356526,115.2108,-58.8707,8.05,0,,55.6,rejete,variabilite_continue;eclipse_secondaire,22,16.6,ok
TIC 260984889,76.6092,-78.4085,8.05,0,,,,,26,11.3,ok
TIC 401669307,315.9938,-80.4738,8.05,0,,,,,7,8.2,ok
TIC 410057499,321.07,-69.7339,8.05,0,,,,,7,8.5,ok
TIC 372347022,315.8089,-66.0356,8.05,0,,,,,5,6.0,ok
TIC 259886581,40.9298,-67.2825,8.05,0,,,,,9,11.4,ok
TIC 259717418,322.377,-63.5402,8.05,0,,,,,8,9.0,ok
TIC 467963650,285.8331,-64.5622,8.05,0,,,,,8,9.0,ok
TIC 259719482,322.7114,-62.2392,8.05,0,,,,,8,9.0,ok
TIC 410004674,319.6412,-66.7986,8.05,0,,,,,7,8.1,ok
TIC 389021976,331.1854,-60.4647,8.05,0,,,,,8,9.3,ok
TIC 220373696,308.9687,-54.1538,8.05,0,,,,,5,5.9,ok
TIC 466279308,306.0666,-63.8902,8.05,0,,,,,7,8.0,ok
TIC 129041173,302.0055,-44.1931,8.05,0,,,,,2,2.7,ok
TIC 382274223,287.4695,-71.204,8.05,0,,,,,9,10.0,ok
TIC 38469560,61.9716,-64.604,8.05,0,,,,,30,11.5,ok
TIC 6945699,285.7913,-51.7741,8.06,0,,,,,3,3.9,ok
TIC 394581017,338.4879,-62.6004,8.06,0,,,,,7,7.8,ok
TIC 254202423,287.6295,-40.3298,8.06,0,,,,,1,1.7,ok
TIC 290287775,226.5825,-87.2418,8.06,0,,,,,5,6.2,ok
TIC 262576911,116.3782,-65.7218,8.06,0,,,,,31,11.5,ok
TIC 452358322,88.2326,-51.526,8.06,0,,,,,9,10.5,ok
TIC 141628215,89.8005,-77.2712,8.06,0,,,,,29,11.9,ok
TIC 164285047,304.5878,-28.5372,8.06,0,,,,,4,5.1,ok
TIC 372106894,310.8874,-70.3248,8.06,0,,,,,6,7.0,ok
TIC 300011376,106.7439,-67.2936,8.06,0,,,,,29,11.5,ok
TIC 304129546,291.8643,-63.2165,8.06,0,,,,,7,7.9,ok
TIC 419668416,338.0961,-67.067,8.06,0,,,,,8,8.9,ok
TIC 100615932,309.9823,-53.3926,8.06,0,,,,,4,5.4,ok
TIC 269379244,291.8427,-40.9362,8.06,0,,,,,3,3.8,ok
TIC 294206429,108.0422,-59.8394,8.06,0,,,,,34,11.4,ok
TIC 441408433,310.9311,-35.6402,8.06,0,,,,,3,3.7,ok
TIC 278226171,284.3632,-33.4945,8.06,0,,,,,3,3.8,ok
TIC 360918475,283.0113,-63.499,8.06,0,,,,,8,9.6,ok
TIC 300020529,297.1631,-37.994,8.06,0,,,,,4,5.1,ok
TIC 98067467,290.0021,-41.2535,8.06,0,,,,,2,2.8,ok
TIC 294205275,108.0761,-58.4032,8.06,0,,,,,44,11.5,ok
TIC 238195769,56.8383,-76.4211,8.06,0,,,,,22,12.1,ok
TIC 350859255,90.2849,-56.0816,8.06,0,,,,,29,11.4,ok
TIC 290665716,307.4576,-39.4555,8.06,0,,,,,3,3.7,ok
TIC 276404786,282.8727,-34.9537,8.06,0,,,,,1,1.7,ok
TIC 410398278,291.2965,-67.5207,8.06,0,,,,,8,9.1,ok
TIC 369215639,313.8152,-40.5707,8.06,0,,,,,3,3.9,ok
TIC 317300584,125.3602,-86.3763,8.06,0,,,,,10,12.2,ok
TIC 260001669,44.2325,-68.884,8.06,0,,,,,13,12.6,ok
TIC 281631335,115.9742,-64.6231,8.06,0,,,,,32,11.1,ok
TIC 177119085,104.2108,-67.227,8.06,0,,,,,28,11.5,ok
TIC 220411786,70.8635,-58.7895,8.06,0,,,,,43,26.9,ok
TIC 300455525,298.8769,-37.3137,8.06,0,,,,,3,3.8,ok
TIC 259976119,43.5179,-70.0504,8.06,0,,,,,10,11.3,ok
TIC 100668092,310.6516,-48.4151,8.06,0,,,,,4,4.8,ok
TIC 100382531,307.8869,-48.0085,8.06,0,,,,,4,5.0,ok
TIC 392761154,327.7381,-72.5023,8.06,0,,,,,6,6.9,ok
TIC 419735582,324.0306,-70.861,8.07,0,,,,,6,6.8,ok
TIC 300560731,112.7634,-67.545,8.07,0,,,,,21,11.3,ok
TIC 139700081,322.3829,-52.897,8.07,0,,,,,6,7.0,ok
TIC 181233533,13.5385,-77.8584,8.07,0,,,,,5,5.9,ok
TIC 114048530,294.9788,-29.9207,8.07,0,,,,,4,4.7,ok
TIC 61896955,289.9325,-46.3766,8.07,0,,,,,4,4.9,ok
TIC 394585107,340.0775,-65.7777,8.07,0,,,,,11,11.2,ok
TIC 25116373,61.2365,-65.95,8.07,0,,,,,29,11.7,ok
TIC 404265471,308.5196,-72.3734,8.07,0,,,,,?,0.8,erreur
TIC 350711249,88.1114,-57.9008,8.07,0,,,,,40,11.7,ok
TIC 372203352,312.711,-70.9842,8.07,0,,,,,8,9.9,ok
TIC 261137717,84.2672,-83.292,8.07,0,,,,,11,12.4,ok
TIC 278594030,123.056,-82.9549,8.07,0,,,,,7,8.8,ok
TIC 271595936,108.3439,-74.0541,8.07,0,,,,,29,12.3,ok
TIC 278077329,106.236,-81.1714,8.07,0,,,,,?,0.6,erreur
TIC 278023852,105.0134,-79.3368,8.07,0,,,,,17,11.4,ok
TIC 349480752,110.8602,-64.692,8.07,0,,,,,44,11.7,ok
TIC 291111653,309.8085,-37.4112,8.07,0,,,,,3,4.0,ok
TIC 300841993,300.4334,-38.2281,8.07,0,,,,,3,3.8,ok
TIC 261107827,83.5471,-79.8289,8.07,0,,,,,20,11.5,ok
TIC 219262080,309.0104,-54.9419,8.07,0,,,,,5,6.1,ok
TIC 381978020,77.5357,-54.2778,8.07,0,,,,,16,11.4,ok
TIC 299943844,106.516,-69.0079,8.07,0,,,,,41,11.2,ok
TIC 410153599,340.4608,-69.2986,8.07,0,,,,,11,11.5,ok
TIC 167089430,95.7825,-70.9446,8.07,0,,,,,41,11.3,ok
TIC 260606533,97.3503,-55.5113,8.07,0,,,,,42,10.9,ok
TIC 128913158,301.1456,-43.5594,8.07,0,,,,,4,4.8,ok
TIC 128843322,300.6436,-44.222,8.07,0,,,,,4,4.8,ok
TIC 150249155,94.3374,-61.2461,8.07,0,,,,,41,11.1,ok
TIC 441302283,308.1715,-30.6114,8.07,0,,,,,2,2.7,ok
TIC 139763242,323.7742,-52.5899,8.07,0,,,,,6,7.0,ok
TIC 278899461,101.1778,-57.4399,8.07,0,,,,,45,11.1,ok
TIC 30319402,74.4275,-69.0012,8.07,0,,,,,40,11.0,ok
TIC 270272344,333.6376,-76.9425,8.07,0,,,,,3,4.0,ok
TIC 281634912,117.0799,-62.6768,8.07,0,,,,,29,11.4,ok
TIC 389047321,332.7036,-63.5694,8.07,0,,,,,7,7.8,ok
TIC 260075032,91.7292,-57.0984,8.07,0,,,,,29,12.5,ok
TIC 327855227,359.3937,-84.3322,8.07,0,,,,,5,6.6,ok
TIC 410415432,318.8338,-63.6878,8.07,0,,,,,3,4.3,ok
TIC 41464373,93.1624,-69.24,8.07,0,,,,,37,12.0,ok
TIC 388243049,117.9485,-85.0318,8.07,0,,,,,8,20.8,ok
TIC 327670036,329.9126,-69.226,8.07,0,,,,,8,8.9,ok
TIC 350444342,85.3598,-59.7668,8.07,0,,,,,43,11.6,ok
TIC 422005639,301.4998,-55.8933,8.07,0,,,,,4,5.4,ok
TIC 278992159,102.0622,-56.086,8.07,0,,,,,42,11.4,ok
TIC 422039615,301.409,-59.2311,8.07,0,,,,,4,4.9,ok
TIC 61136774,286.9621,-45.3301,8.07,0,,10.2,rejete,variabilite_continue;eclipse_secondaire,5,9.5,ok
TIC 271639931,108.9225,-72.7413,8.08,0,,,,,42,11.7,ok
TIC 373604254,81.1833,-67.8974,8.08,0,,,,,29,11.4,ok
TIC 439448315,301.7011,-29.914,8.08,0,,,,,3,3.8,ok
TIC 394557413,335.1037,-63.0162,8.08,0,,,,,9,10.0,ok
TIC 238169256,356.872,-67.72,8.08,0,,,,,8,9.4,ok
TIC 100767052,311.7493,-49.0212,8.08,0,,,,,4,4.8,ok
TIC 61857507,289.4767,-44.6104,8.08,0,,,,,5,5.9,ok
TIC 143769346,285.5933,-44.1414,8.08,0,,17.3,rejete,variabilite_continue;eclipse_secondaire,4,7.2,ok
TIC 55478222,71.2127,-63.7797,8.08,0,,,,,42,11.3,ok
TIC 149930673,89.5606,-62.7551,8.08,0,,,,,30,11.9,ok
TIC 364113493,289.1258,-77.9825,8.08,0,,,,,2,2.8,ok
TIC 339858488,111.4648,-55.3633,8.08,0,,,,,20,11.5,ok
TIC 152745202,304.846,-33.1537,8.08,0,,,,,3,3.9,ok
TIC 441383419,309.9489,-32.1285,8.08,0,,,,,3,3.8,ok
TIC 349784936,113.1788,-63.3246,8.08,0,,35.0,rejete,variabilite_continue;eclipse_secondaire,43,17.2,ok
TIC 33836359,64.0615,-75.3439,8.08,0,,,,,45,11.2,ok
TIC 265610450,332.1109,-59.4878,8.08,0,,,,,7,8.5,ok
TIC 290485374,1.6015,-82.1958,8.08,0,,,,,4,5.3,ok
TIC 31957710,289.7076,-30.3219,8.08,0,,,,,4,4.8,ok
TIC 370141811,310.1586,-55.7337,8.08,0,,,,,5,6.1,ok
TIC 31705248,48.4744,-67.1846,8.08,0,,,,,16,11.3,ok
TIC 260542038,96.9866,-58.1444,8.08,0,,,,,30,11.9,ok
TIC 466234180,303.8262,-60.5927,8.08,0,,,,,7,8.1,ok
TIC 231721925,80.8392,-51.2349,8.08,0,,,,,10,12.0,ok
TIC 279319721,104.1985,-54.7954,8.08,0,,,,,18,11.6,ok
TIC 421435209,293.0899,-42.1245,8.08,0,,,,,4,5.0,ok
TIC 149972211,90.1513,-62.8122,8.09,0,,,,,39,11.5,ok
TIC 340931059,310.9654,-61.9991,8.09,0,,,,,7,7.9,ok
TIC 231122278,69.5552,-68.8116,8.09,0,,,,,43,11.5,ok
TIC 150029538,90.7415,-60.6441,8.09,0,,,,,43,11.6,ok
TIC 231819720,86.1362,-52.6049,8.09,0,,,,,?,0.6,erreur
TIC 279514056,105.8143,-55.6425,8.09,0,,,,,29,11.4,ok
TIC 262497025,109.9812,-59.2949,8.09,0,,,,,31,11.1,ok
TIC 231815570,86.0019,-53.3779,8.09,0,,,,,21,11.4,ok
TIC 231744961,78.0995,-67.9479,8.09,0,,,,,42,11.4,ok
TIC 349761928,112.6494,-64.5573,8.09,0,,,,,30,11.5,ok
TIC 320004517,293.287,-54.5329,8.09,1,11.8355,11.9,rejete,variabilite_continue,5,9.5,ok
TIC 467935503,282.6304,-72.9046,8.09,1,3.6703,19.2,rejete,variabilite_continue;eclipse_secondaire,9,15.7,ok
TIC 464641303,287.6507,-61.637,8.09,0,,,,,9,10.4,ok
TIC 262614074,116.6362,-61.9345,8.09,0,,,,,24,11.4,ok
TIC 280909705,101.6242,-82.1857,8.09,0,,,,,15,11.7,ok
TIC 469978297,342.0888,-67.4286,8.09,0,,,,,9,10.2,ok
TIC 277029529,278.5377,-82.8479,8.09,0,,,,,8,9.9,ok
TIC 278779899,99.9023,-55.6096,8.09,0,,,,,41,11.6,ok
TIC 290649460,9.0986,-78.4641,8.09,0,,,,,5,7.1,ok
TIC 231631884,317.4613,-56.9312,8.09,0,,,,,5,6.1,ok
TIC 143551809,284.8541,-44.138,8.09,0,,,,,1,1.8,ok
TIC 260002453,91.0697,-59.8223,8.09,0,,,,,43,11.3,ok
TIC 267548593,10.3993,-74.1771,8.09,0,,,,,8,10.2,ok
TIC 38736839,6.031,-70.4439,8.09,0,,,,,7,8.0,ok
TIC 278415582,117.569,-80.1692,8.09,0,,,,,13,12.1,ok
TIC 100518933,309.0637,-52.6851,8.09,0,,,,,4,5.1,ok
TIC 340179086,113.8536,-56.1338,8.09,0,,,,,20,12.2,ok
TIC 261138245,84.6683,-78.6479,8.09,0,,,,,37,11.4,ok
TIC 389050387,333.3073,-65.6723,8.09,0,,,,,10,11.6,ok
TIC 277873049,345.5469,-69.6817,8.09,0,,,,,9,10.3,ok
TIC 98424870,291.0163,-39.4133,8.09,0,,,,,3,4.0,ok
TIC 219021498,286.4749,-49.2994,8.09,0,,,,,3,4.1,ok
TIC 271698614,109.9831,-76.692,8.09,0,,,,,29,11.6,ok
TIC 259884612,40.745,-69.0311,8.09,0,,,,,9,10.0,ok
TIC 404346622,320.4618,-73.8555,8.09,0,,,,,5,6.1,ok
TIC 31628009,288.9905,-32.0165,8.09,0,,,,,4,4.7,ok
TIC 273604791,357.8065,-73.7031,8.1,0,,,,,7,8.4,ok
TIC 410120539,336.8064,-69.705,8.1,0,,,,,11,11.4,ok
TIC 404219695,303.5137,-75.8679,8.1,0,,,,,5,6.8,ok
TIC 273568902,356.8151,-77.2351,8.1,0,,,,,8,9.4,ok
TIC 177282306,102.1595,-72.2219,8.1,0,,,,,31,11.4,ok
TIC 402063857,352.1607,-66.0857,8.1,0,,,,,9,10.0,ok
TIC 398462325,299.2428,-76.9104,8.1,0,,,,,7,7.9,ok
TIC 398403185,284.8502,-81.422,8.1,0,,,,,7,8.4,ok
TIC 278326347,113.6118,-79.2949,8.1,0,,,,,15,11.4,ok
TIC 261397368,94.1327,-79.4443,8.1,0,,,,,23,10.9,ok
TIC 273472870,344.2091,-73.9605,8.1,0,,,,,8,9.8,ok
TIC 30762052,75.8561,-71.4138,8.1,0,,,,,29,11.9,ok
TIC 278055081,106.2882,-78.4217,8.1,0,,,,,27,12.1,ok
TIC 152715346,304.7538,-29.9976,8.1,0,,,,,4,5.1,ok
TIC 101357601,300.367,-53.2197,8.1,0,,,,,3,3.7,ok
TIC 211304394,300.0809,-32.6676,8.1,0,,,,,2,2.7,ok
TIC 410308760,299.3144,-54.2327,8.1,0,,10.7,rejete,variabilite_continue;eclipse_secondaire,4,7.6,ok
TIC 453099619,116.0861,-69.5104,8.1,0,,,,,44,11.1,ok
TIC 129028414,301.4596,-47.3788,8.1,0,,,,,5,5.5,ok
TIC 349523628,111.3987,-63.0604,8.1,0,,,,,43,11.4,ok
TIC 331754267,321.9444,-73.2029,8.1,0,,,,,?,0.5,erreur
TIC 261499941,335.2388,-68.3296,8.1,0,,,,,11,11.2,ok
TIC 254282795,289.0235,-38.8028,8.1,0,,,,,3,3.7,ok
TIC 421363972,292.8926,-42.9588,8.1,0,,,,,3,3.6,ok
TIC 260189950,93.0653,-56.6793,8.1,0,,,,,41,11.3,ok
TIC 370227221,85.5473,-74.5674,8.1,0,,,,,31,11.0,ok
TIC 238194921,56.6401,-76.7159,8.1,0,,,,,22,11.7,ok
TIC 238188583,55.296,-73.9291,8.1,0,,12.7,rejete,variabilite_continue;eclipse_secondaire,31,17.5,ok
TIC 320202104,294.8283,-55.1596,8.11,0,,,,,4,5.3,ok
TIC 31690845,289.1292,-31.408,8.11,0,,,,,2,2.7,ok
TIC 267115100,41.6685,-72.9315,8.11,0,,,,,12,11.5,ok
TIC 114727938,294.1073,-39.7194,8.11,0,,,,,2,19.3,ok
TIC 267492210,10.0034,-73.7619,8.11,0,,,,,5,6.4,ok
TIC 325608401,90.1653,-85.6821,8.11,0,,,,,10,11.8,ok
TIC 441399632,310.4604,-33.888,8.11,0,,,,,4,5.0,ok
TIC 419635604,323.36,-67.1742,8.11,0,,,,,7,8.0,ok
TIC 273418879,343.9129,-75.4656,8.11,0,,,,,8,9.4,ok
TIC 238891740,40.4747,-75.2381,8.11,0,,,,,13,11.7,ok
TIC 300937452,117.7579,-67.6729,8.11,0,,,,,3,3.8,ok
TIC 261089147,81.7065,-81.5848,8.11,0,,,,,17,11.8,ok
TIC 79305024,319.1124,-53.0046,8.11,0,,,,,6,7.4,ok
TIC 30853028,75.7767,-66.9099,8.11,0,,,,,40,11.8,ok
TIC 348993107,106.7215,-64.0038,8.11,0,,,,,40,11.0,ok
TIC 349766265,112.9679,-61.6921,8.11,0,,,,,41,11.0,ok
TIC 318041780,305.285,-80.8972,8.11,0,,,,,8,9.4,ok
TIC 339771483,111.2981,-59.2246,8.11,0,,,,,18,11.9,ok
TIC 409934330,302.1478,-71.5524,8.11,1,2.4898,19.9,rejete,variabilite_continue;eclipse_secondaire,7,12.2,ok
TIC 280052879,45.6084,-76.8681,8.11,0,,,,,11,11.2,ok
TIC 300654054,114.3702,-69.6002,8.11,0,,,,,32,11.3,ok
TIC 324654727,313.2763,-78.4101,8.11,0,,,,,8,9.3,ok
TIC 300556816,112.4283,-70.338,8.11,0,,,,,29,11.3,ok
TIC 369379212,300.1895,-84.3839,8.11,0,,,,,6,7.1,ok
TIC 254192678,287.5123,-36.8296,8.11,0,,,,,3,3.7,ok
TIC 271642609,109.3678,-75.6807,8.11,0,,,,,42,11.4,ok
TIC 246776165,283.985,-45.221,8.11,0,,,,,4,5.1,ok
TIC 469754255,292.316,-36.6933,8.11,0,,,,,3,4.0,ok
TIC 30412406,285.6065,-35.1488,8.11,0,,,,,3,4.0,ok
TIC 319906872,292.9096,-55.6096,8.11,0,,,,,4,5.0,ok
TIC 441251994,295.2095,-38.8079,8.11,0,,,,,2,2.7,ok
TIC 319740619,292.0078,-55.0816,8.11,0,,,,,5,6.0,ok
TIC 327667965,329.4652,-68.2145,8.12,1,1.3006,80.8,rejete,variabilite_continue;eclipse_secondaire,9,15.0,ok
TIC 469978750,342.2328,-68.8064,8.12,0,,,,,5,6.4,ok
TIC 254202695,287.648,-39.0946,8.12,0,,,,,4,5.1,ok
TIC 278865342,100.7742,-56.7052,8.12,0,,,,,45,11.2,ok
TIC 265285561,303.6467,-70.6634,8.12,0,,,,,6,7.4,ok
TIC 466695111,296.7677,-74.9104,8.12,0,,,,,8,9.4,ok
TIC 290463663,0.9058,-80.5113,8.12,0,,,,,7,8.3,ok
TIC 201168316,283.3841,-39.0101,8.12,0,,,,,3,3.9,ok
TIC 336771208,300.6323,-31.1538,8.12,0,,,,,4,5.1,ok
TIC 278987334,101.9314,-55.3904,8.12,0,,,,,33,11.5,ok
TIC 406236527,292.9237,-53.1331,8.12,0,,,,,5,6.1,ok
TIC 364114903,289.2854,-75.5672,8.12,0,,,,,9,10.5,ok
TIC 380822025,287.4169,-34.6823,8.12,0,,,,,2,2.9,ok
TIC 350580827,86.8899,-55.0364,8.12,0,,,,,37,12.4,ok
TIC 218910850,297.8105,-34.2722,8.12,0,,,,,3,3.9,ok
TIC 211333421,300.456,-35.6111,8.12,0,,,,,2,2.6,ok
TIC 294097225,107.5988,-55.4255,8.12,0,,,,,24,11.2,ok
TIC 348842808,98.9169,-56.0077,8.12,0,,,,,42,11.1,ok
TIC 141868836,93.7407,-72.4968,8.12,0,,,,,41,11.5,ok
TIC 143606863,284.9801,-44.828,8.12,0,,,,,3,3.8,ok
TIC 231641537,318.3724,-59.0977,8.12,0,,,,,8,9.3,ok
TIC 382636263,55.1082,-65.2852,8.12,0,,,,,22,12.0,ok
TIC 320534329,296.792,-55.2243,8.12,0,,,,,5,6.1,ok
TIC 259762205,323.0447,-64.3304,8.12,0,,,,,9,10.5,ok
TIC 261256082,89.2397,-79.3866,8.12,0,,,,,21,11.6,ok
TIC 114279396,295.6559,-34.9009,8.12,0,,,,,3,3.8,ok
TIC 277291895,84.3617,-70.6849,8.12,0,,,,,39,11.9,ok
TIC 143762392,285.3906,-46.9669,8.12,0,,,,,2,2.8,ok
TIC 263002995,12.575,-83.1168,8.12,0,,,,,9,10.5,ok
TIC 331679394,306.4909,-74.3181,8.12,0,,,,,9,10.3,ok
TIC 261726676,23.7475,-78.5905,8.12,0,,,,,10,11.7,ok
TIC 409888199,294.2403,-68.6246,8.12,0,,,,,10,11.8,ok
TIC 341078639,313.0548,-65.1451,8.12,0,,,,,7,8.1,ok
TIC 382036911,284.5956,-70.8121,8.12,0,,,,,9,10.4,ok
TIC 382076457,285.3942,-68.9154,8.12,0,,,,,8,9.1,ok
TIC 270262152,356.3121,-72.4395,8.12,0,,,,,8,9.4,ok
TIC 324426174,285.5452,-76.5951,8.12,0,,,,,9,10.4,ok
TIC 220473999,75.292,-59.5789,8.12,0,,,,,32,11.6,ok
TIC 322953678,124.6644,-82.07,8.12,0,,,,,11,12.1,ok
TIC 323423638,67.6269,-84.3009,8.12,0,,,,,7,8.4,ok
TIC 141526547,87.1268,-76.5434,8.13,0,,,,,43,11.1,ok
TIC 181229779,13.0071,-74.8703,8.13,0,,,,,6,8.5,ok
TIC 30630877,75.1355,-70.6991,8.13,0,,,,,41,10.4,ok
TIC 313551384,301.491,-78.03,8.13,0,,,,,8,9.3,ok
TIC 350620310,87.3268,-58.6712,8.13,0,,,,,39,11.2,ok
TIC 364540782,85.2322,-72.2747,8.13,0,,,,,43,11.5,ok
TIC 149423433,84.6103,-61.1668,8.13,0,,,,,40,12.2,ok
TIC 280051835,45.785,-73.1692,8.13,0,,,,,12,11.3,ok
TIC 100227109,306.2134,-50.147,8.13,0,,,,,4,5.3,ok
TIC 253877224,283.8138,-38.5793,8.13,0,,,,,2,3.0,ok
TIC 279512574,105.7828,-57.7287,8.13,0,,,,,39,12.4,ok
TIC 101777834,303.5231,-48.8118,8.13,0,,,,,5,6.1,ok
TIC 266997586,3.4729,-74.6886,8.13,0,,,,,8,9.7,ok
TIC 403237036,330.6277,-62.0487,8.13,0,,,,,10,11.6,ok
TIC 129209617,303.0444,-43.7044,8.13,0,,,,,2,3.0,ok
TIC 231670778,320.1081,-59.2242,8.13,0,,,,,8,9.2,ok
TIC 348963592,106.709,-60.7383,8.13,0,,,,,1,1.7,ok
TIC 425816002,305.9447,-46.9752,8.13,0,,,,,3,3.9,ok
TIC 290925810,308.8342,-40.2852,8.13,0,,,,,3,4.1,ok
TIC 219925222,298.4645,-52.6572,8.13,0,,,,,4,5.1,ok
TIC 50379749,32.9705,-74.0874,8.13,0,,,,,12,12.2,ok
TIC 394273833,27.9949,-81.0193,8.13,0,,,,,10,11.9,ok
TIC 370132474,307.1184,-54.5996,8.13,0,,,,,3,4.3,ok
TIC 340174734,113.6794,-58.6575,8.13,0,,,,,28,11.2,ok
TIC 290632021,307.0576,-38.0002,8.13,0,,,,,3,3.9,ok
TIC 41173667,91.3987,-69.9151,8.13,0,,,,,38,11.6,ok
TIC 410413679,319.5727,-55.1297,8.13,0,,,,,7,8.5,ok
TIC 167085242,95.6653,-66.3129,8.13,0,,,,,37,12.2,ok
TIC 340255470,114.8432,-57.2584,8.13,0,,,,,20,11.2,ok
TIC 327725122,331.7231,-69.945,8.13,0,,,,,9,10.5,ok
TIC 113682179,294.1614,-31.6112,8.13,0,,,,,4,5.2,ok
TIC 271597672,108.5413,-77.5634,8.13,0,,,,,35,12.4,ok
TIC 358457606,60.3643,-78.5484,8.13,0,,,,,20,12.3,ok
TIC 356333677,156.7994,-88.1511,8.13,0,,,,,7,8.8,ok
TIC 421920604,342.7647,-73.3075,8.13,0,,,,,10,12.0,ok
TIC 220436129,73.7246,-58.8373,8.13,0,,,,,43,11.3,ok
TIC 149121385,80.9201,-63.615,8.13,0,,,,,43,11.2,ok
TIC 300939409,117.7361,-70.0879,8.14,0,,,,,44,11.3,ok
TIC 176935006,100.4395,-66.9474,8.14,0,,,,,?,0.6,erreur
TIC 201746005,303.4559,-55.1699,8.14,0,,,,,6,7.6,ok
TIC 291059336,309.4979,-39.2285,8.14,0,,,,,3,3.9,ok
TIC 113241060,293.0465,-30.7489,8.14,0,,,,,5,6.4,ok
TIC 269634857,302.0845,-38.8008,8.14,0,,,,,2,2.7,ok
TIC 346722548,296.9879,-82.6651,8.14,0,,,,,10,11.7,ok
TIC 143396585,294.2075,-44.5998,8.14,0,,,,,4,5.1,ok
TIC 341362242,316.4057,-61.7287,8.14,0,,,,,7,8.2,ok
TIC 370205071,314.0266,-56.703,8.14,0,,,,,6,7.4,ok
TIC 271579973,319.8149,-74.7042,8.14,0,,,,,7,8.3,ok
TIC 238814023,327.3881,-61.4635,8.14,0,,,,,10,11.3,ok
TIC 91397147,313.2878,-47.7766,8.14,0,,,,,3,4.5,ok
TIC 382074263,285.4578,-66.3244,8.14,0,,,,,2,3.3,ok
TIC 468085194,286.5392,-31.6954,8.14,0,,,,,5,6.3,ok
TIC 300039874,107.6087,-70.3487,8.14,0,,,,,36,11.8,ok
TIC 79225710,317.9002,-52.163,8.14,0,,,,,6,7.2,ok
TIC 141281495,83.2485,-75.2367,8.14,0,,,,,41,12.0,ok
TIC 229806104,352.4566,-71.6633,8.14,0,,,,,9,11.0,ok
TIC 278268494,111.4893,-83.2132,8.14,0,,,,,10,12.0,ok
TIC 302925037,40.1584,-79.0719,8.14,0,,,,,10,12.4,ok
TIC 316787200,323.4482,-55.8265,8.14,0,,,,,10,11.8,ok
TIC 31508240,89.1374,-70.2894,8.14,0,,,,,38,11.8,ok
TIC 234335992,36.7706,-69.908,8.14,0,,,,,10,11.5,ok
TIC 369769825,144.2811,-86.5118,8.14,0,,,,,10,11.6,ok
TIC 352000222,283.2753,-77.0568,8.14,0,,,,,6,7.4,ok
TIC 394232135,47.8077,-77.8053,8.14,0,,,,,14,12.9,ok
TIC 340638483,116.727,-58.9066,8.14,0,,,,,8,9.6,ok
TIC 98560869,291.2894,-39.8524,8.15,0,,,,,1,1.8,ok
TIC 201749918,303.6869,-57.6476,8.15,0,,,,,7,8.2,ok
TIC 317019189,336.2608,-72.9007,8.15,0,,,,,10,11.9,ok
TIC 260128701,92.4076,-59.5219,8.15,0,,26.5,rejete,variabilite_continue;eclipse_secondaire,42,17.1,ok
TIC 327725745,331.8826,-71.6226,8.15,0,,,,,8,9.2,ok
TIC 167524278,100.5792,-65.1343,8.15,0,,,,,37,11.7,ok
TIC 410404354,75.4109,-87.3913,8.15,0,,,,,8,9.5,ok
TIC 91310628,311.4555,-43.2467,8.15,0,,,,,3,4.0,ok
TIC 339672106,110.422,-57.2802,8.15,0,,,,,26,11.2,ok
TIC 340486523,116.0296,-56.7479,8.15,0,,,,,?,0.7,erreur
TIC 303910380,22.8723,-74.6112,8.15,0,,,,,6,7.5,ok
TIC 273365294,338.3934,-74.6654,8.15,0,,,,,9,10.8,ok
TIC 141152931,80.5865,-75.0103,8.15,0,,,,,43,11.8,ok
TIC 38587665,64.2061,-65.6298,8.15,0,,,,,44,11.6,ok
TIC 261088377,81.455,-79.7624,8.15,0,,,,,25,11.7,ok
TIC 441382660,309.9086,-30.9235,8.15,0,,,,,4,5.9,ok
TIC 158509309,294.7878,-49.8568,8.15,0,,,,,5,6.1,ok
TIC 231737189,82.214,-51.5768,8.15,0,,,,,13,11.5,ok
TIC 101309914,300.127,-52.3868,8.15,0,,,,,4,5.1,ok
TIC 267084318,5.1769,-73.9771,8.15,0,,,,,8,10.9,ok
TIC 254119573,286.409,-40.2049,8.15,0,,,,,3,3.9,ok
TIC 467934911,282.8222,-72.187,8.15,0,,,,,7,8.3,ok
TIC 396042448,297.2763,-70.1882,8.15,0,,,,,9,11.1,ok
TIC 339733451,110.9054,-58.097,8.15,0,,,,,21,11.7,ok
TIC 339379248,295.6558,-61.3432,8.15,0,,,,,7,8.8,ok
TIC 277691038,329.5283,-60.8895,8.15,0,,,,,9,11.9,ok
TIC 267192489,6.2598,-72.618,8.15,0,,,,,7,8.7,ok
TIC 370232454,325.679,-58.3893,8.15,0,,,,,8,9.9,ok
TIC 370328324,64.1894,-82.997,8.15,0,,,,,12,13.3,ok
TIC 220478230,75.8744,-58.4462,8.15,0,,,,,43,11.5,ok
TIC 348996104,107.0206,-62.8204,8.16,0,,,,,40,11.4,ok
TIC 387223877,308.642,-55.5452,8.16,0,,,,,1,1.8,ok
TIC 270245472,332.9843,-77.1452,8.16,0,,,,,7,8.4,ok
TIC 421915587,288.2266,-59.6885,8.16,0,,,,,6,7.1,ok
TIC 238870892,38.0742,-72.1808,8.16,0,,,,,11,11.6,ok
TIC 343958580,285.8935,-55.7651,8.16,0,,,,,5,6.1,ok
TIC 381857833,322.5175,-56.2779,8.16,0,,15.4,rejete,variabilite_continue;eclipse_secondaire,8,14.4,ok
TIC 38516267,62.5914,-65.3302,8.16,0,,,,,43,11.5,ok
TIC 273272475,321.5467,-80.1524,8.16,0,,,,,6,7.6,ok
TIC 290402323,330.528,-74.4989,8.16,0,,,,,7,8.6,ok
TIC 32036692,56.7999,-67.3906,8.16,0,,,,,34,11.7,ok
TIC 339859805,111.5254,-56.956,8.16,0,,13.7,rejete,variabilite_continue;eclipse_secondaire,25,17.6,ok
TIC 260949316,73.1323,-82.9481,8.16,0,,,,,12,12.3,ok
TIC 424915229,292.631,-48.4362,8.16,0,,,,,3,3.9,ok
TIC 317181516,77.8506,-85.0471,8.16,0,,,,,8,9.7,ok
TIC 394677476,52.1953,-80.1709,8.16,0,,,,,11,12.1,ok
TIC 349791471,113.4655,-60.7499,8.16,0,,,,,36,11.5,ok
TIC 253979976,284.3094,-36.4788,8.16,0,,,,,2,2.6,ok
TIC 100566535,309.4935,-48.5459,8.16,0,,,,,4,5.2,ok
TIC 375300940,290.0822,-63.4785,8.16,0,,,,,9,10.6,ok
TIC 350433903,85.0495,-56.5068,8.16,0,,,,,31,11.5,ok
TIC 360823525,304.0418,-58.556,8.16,0,,,,,7,8.2,ok
TIC 350742475,88.5479,-59.7715,8.16,0,,,,,42,12.0,ok
TIC 62090745,290.5508,-42.3443,8.16,0,,,,,4,5.3,ok
TIC 277125572,282.1422,-78.4537,8.16,0,,,,,10,12.3,ok
TIC 6406215,283.7918,-48.7066,8.16,0,,,,,?,0.4,erreur
TIC 269586620,301.7065,-40.9027,8.16,0,,,,,2,2.7,ok
TIC 38954456,70.2612,-60.8458,8.16,0,,,,,42,11.6,ok
TIC 350716053,88.5071,-56.5547,8.17,0,,,,,?,0.6,erreur
TIC 265438551,321.1115,-60.6756,8.17,0,,,,,7,9.6,ok
TIC 372387876,317.52,-71.6112,8.17,0,,,,,7,9.2,ok
TIC 101819055,303.7455,-49.8086,8.17,0,,,,,4,5.0,ok
TIC 267322856,7.7798,-74.167,8.17,0,,,,,7,8.6,ok
TIC 350024659,114.5233,-63.9462,8.17,0,,,,,32,11.7,ok
TIC 304984560,288.3608,-49.1583,8.17,0,,,,,5,6.8,ok
TIC 234279113,333.969,-64.8128,8.17,0,,,,,7,8.3,ok
TIC 360877445,307.2945,-57.1776,8.17,0,,,,,7,8.5,ok
TIC 128797775,300.3776,-42.4846,8.17,0,,,,,4,4.9,ok
TIC 141770198,91.8755,-76.6904,8.17,0,,,,,45,12.2,ok
TIC 372104368,310.4383,-67.0493,8.17,0,,,,,6,21.0,ok
TIC 270342006,33.3271,-82.8937,8.17,0,,,,,12,12.8,ok
TIC 55402580,77.8438,-62.8176,8.17,0,,,,,41,11.6,ok
TIC 398273994,293.8121,-29.814,8.17,0,,,,,4,5.4,ok
TIC 389012219,134.0691,-85.4887,8.17,0,,,,,11,11.9,ok
TIC 238198708,57.1904,-75.7006,8.17,0,,,,,29,11.8,ok
TIC 293272754,98.7282,-60.7139,8.17,0,,,,,41,11.4,ok
TIC 167795786,104.3913,-61.8695,8.17,0,,,,,45,11.3,ok
TIC 273323115,335.0779,-79.2948,8.17,0,,10.9,rejete,variabilite_continue;eclipse_secondaire,6,10.7,ok
TIC 441222028,294.9133,-39.8538,8.17,0,,,,,2,3.1,ok
TIC 290417892,305.6939,-37.2624,8.17,0,,,,,3,4.0,ok
TIC 290820376,308.1919,-36.2289,8.17,0,,,,,3,3.9,ok
TIC 422043310,301.6319,-54.0849,8.17,0,,,,,5,6.3,ok
TIC 467960339,285.7885,-61.1144,8.17,0,,,,,9,10.3,ok
TIC 31816240,51.5925,-69.6057,8.17,0,,,,,23,12.1,ok
TIC 218878156,297.5146,-30.3729,8.17,0,,,,,3,4.1,ok
TIC 284195833,105.581,-69.3525,8.17,0,,,,,41,12.0,ok
TIC 152796276,305.0077,-32.0954,8.17,0,,,,,3,3.9,ok
TIC 354892631,300.7419,-39.1951,8.17,0,,,,,2,3.2,ok
TIC 350825116,89.6051,-55.2044,8.18,0,,,,,42,13.3,ok
TIC 278134831,284.3833,-30.8957,8.18,0,,,,,4,5.2,ok
TIC 451605975,283.4332,-86.4977,8.18,0,,,,,4,5.1,ok
TIC 265143354,297.6482,-81.2743,8.18,0,,,,,4,5.1,ok
TIC 350519682,86.0947,-58.275,8.18,0,,,,,40,11.2,ok
TIC 350154173,52.992,-81.5224,8.18,0,,,,,9,11.2,ok
TIC 318040836,305.0512,-78.8181,8.18,0,,,,,8,10.1,ok
TIC 293618559,0.1881,-72.3181,8.18,0,,,,,8,9.4,ok
TIC 152625558,304.295,-35.3932,8.18,0,,,,,3,3.8,ok
TIC 302994373,40.5347,-85.858,8.18,0,,,,,8,9.3,ok
TIC 61512415,288.0248,-45.2998,8.18,0,,,,,5,6.2,ok
TIC 354670384,321.3711,-69.2675,8.18,0,,,,,3,4.0,ok
TIC 281637522,117.0101,-59.905,8.18,0,,,,,25,11.0,ok
TIC 231626584,316.9931,-54.7404,8.18,0,,,,,6,8.1,ok
TIC 272235353,117.4267,-72.357,8.18,0,,,,,31,11.3,ok
TIC 388241446,99.8803,-85.3291,8.18,0,,,,,8,9.7,ok
TIC 452377786,88.267,-52.5122,8.18,0,,,,,19,12.1,ok
TIC 181233653,12.9144,-76.3863,8.18,0,,,,,6,7.9,ok
TIC 344169974,280.0448,-76.8952,8.18,0,,,,,2,4.0,ok
TIC 294396282,109.1616,-55.9365,8.18,0,,,,,21,11.5,ok
TIC 55298271,76.8636,-62.75,8.18,1,1.5384,26.0,rejete,variabilite_continue;eclipse_secondaire,38,17.3,ok
TIC 424913810,292.603,-49.9007,8.18,0,,,,,3,4.2,ok
TIC 267549604,10.3415,-75.8128,8.18,0,,,,,5,6.3,ok
TIC 358107357,51.0559,-73.4922,8.18,0,,,,,20,11.7,ok
TIC 300010961,106.9457,-67.9368,8.18,0,,,,,43,11.5,ok
TIC 167574667,101.528,-60.6741,8.18,0,,,,,39,12.0,ok
TIC 38952079,10.8227,-68.6401,8.18,0,,,,,8,9.5,ok
TIC 113643601,293.5727,-37.538,8.18,0,,,,,3,4.1,ok
TIC 220428894,72.9118,-59.0109,8.18,0,,,,,42,11.7,ok
TIC 143462428,294.8616,-43.8658,8.19,0,,,,,4,5.2,ok
TIC 360735340,290.6935,-55.0841,8.19,0,,,,,5,6.6,ok
TIC 409939655,304.5113,-68.4894,8.19,0,,,,,6,7.8,ok
TIC 113648212,293.7614,-38.1405,8.19,0,,,,,3,3.9,ok
TIC 318087385,306.7014,-78.1951,8.19,0,,,,,9,10.6,ok
TIC 351351489,307.0938,-61.2511,8.19,0,,,,,2,2.8,ok
TIC 271976400,114.3271,-73.7107,8.19,0,,,,,43,11.3,ok
TIC 197765015,326.9878,-58.0392,8.19,0,,,,,8,9.2,ok
TIC 350477148,85.6825,-54.6452,8.19,0,,,,,34,12.0,ok
TIC 466199276,302.3015,-60.1571,8.19,0,,,,,8,9.9,ok
TIC 304201950,291.9136,-59.9079,8.19,0,,,,,6,8.2,ok
TIC 231098685,69.1679,-67.2333,8.19,0,,,,,39,11.4,ok
TIC 278661555,328.9387,-66.1566,8.19,0,,,,,8,9.0,ok
TIC 219306160,316.7426,-59.5356,8.19,0,,,,,7,8.3,ok
TIC 301372267,301.5756,-29.1456,8.19,0,,,,,3,3.9,ok
TIC 300940126,117.8871,-71.0949,8.19,0,,,,,39,11.2,ok
TIC 326839531,294.3982,-36.6031,8.19,0,,,,,3,3.8,ok
TIC 325490376,357.9748,-79.1619,8.19,0,,,,,7,8.6,ok
TIC 260855442,350.0261,-67.3227,8.19,0,,,,,10,11.7,ok
TIC 6720642,284.7016,-50.86,8.19,0,,,,,2,3.4,ok
TIC 341405514,317.209,-63.0508,8.19,0,,,,,8,9.7,ok
TIC 129580852,305.7591,-43.6706,8.19,0,,,,,3,4.4,ok
TIC 300956162,300.1733,-29.4453,8.19,0,,,,,4,4.8,ok
TIC 421937408,342.7442,-76.7896,8.19,0,,,,,7,8.1,ok
TIC 300969869,118.1507,-69.033,8.19,0,,,,,30,11.4,ok
TIC 340065168,113.1887,-57.3748,8.19,0,,30.6,rejete,variabilite_continue;eclipse_secondaire;compagnon_trop_gros_3.5Rjup,23,21.4,ok
TIC 234339041,37.4503,-70.6854,8.2,0,,,,,11,11.9,ok
TIC 266927338,2.5141,-77.4805,8.2,0,,,,,8,9.5,ok
TIC 350559756,86.4913,-56.4514,8.2,0,,,,,41,11.2,ok
TIC 270507908,98.4968,-80.9271,8.2,0,,,,,?,0.5,erreur
TIC 48959495,302.7164,-34.7689,8.2,0,,,,,3,3.9,ok
TIC 410001394,318.7383,-69.7182,8.2,0,,,,,2,3.0,ok
TIC 404159325,296.4415,-52.6159,8.2,0,,,,,3,4.0,ok
TIC 290756168,307.6955,-37.7338,8.2,0,,,,,1,1.8,ok
TIC 281495893,112.0915,-58.5362,8.2,0,,,,,30,11.2,ok
TIC 232084837,30.6958,-70.8634,8.2,0,,,,,10,11.9,ok
TIC 177023289,102.4435,-69.3294,8.2,0,,,,,42,11.6,ok
TIC 140997242,78.1137,-75.1449,8.2,0,,,,,43,11.7,ok
TIC 182521194,15.5522,-75.8003,8.2,0,,,,,8,9.3,ok
TIC 441333062,309.34,-34.7358,8.2,0,,,,,3,3.8,ok
TIC 351132202,299.7549,-62.4832,8.2,0,,,,,6,7.2,ok
TIC 374911986,89.1033,-60.5826,8.2,0,,,,,41,11.3,ok
TIC 143345854,293.8202,-42.1843,8.2,0,,,,,3,4.0,ok
TIC 273653758,339.201,-83.1963,8.2,0,,,,,7,8.4,ok
TIC 31853965,52.4264,-67.2157,8.2,0,,,,,21,12.2,ok
TIC 405428195,354.0583,-83.5174,8.2,0,,,,,4,6.0,ok
TIC 426018576,43.193,-75.6831,8.2,0,,,,,14,11.6,ok
TIC 6669806,284.6724,-53.2787,8.2,0,,,,,4,5.0,ok
TIC 340844505,292.7716,-73.1441,8.2,0,,,,,10,11.7,ok
TIC 371928668,306.8437,-66.9215,8.2,0,,,,,7,8.8,ok
TIC 293464355,49.3903,-78.5001,8.2,0,,,,,13,11.8,ok
TIC 142086812,98.4225,-75.6282,8.2,0,,,,,40,11.5,ok
TIC 393030999,65.6849,-78.7144,8.2,0,,,,,26,12.1,ok
TIC 271519524,288.5312,-63.7472,8.2,0,,,,,8,9.1,ok
TIC 261463562,335.0579,-67.2933,8.21,0,,,,,9,9.9,ok
TIC 422001952,301.2146,-58.0901,8.21,0,,,,,7,8.5,ok
TIC 339665778,298.9677,-64.2347,8.21,0,,,,,8,9.2,ok
TIC 349964939,114.342,-65.8453,8.21,0,,,,,31,11.4,ok
TIC 389587663,311.9875,-45.2177,8.21,0,,,,,3,7.9,ok
TIC 389089927,333.4056,-66.593,8.21,0,,,,,10,11.4,ok
TIC 279088861,102.6969,-56.9525,8.21,0,,,,,40,11.6,ok
TIC 141155264,81.0946,-75.6204,8.21,0,,,,,40,11.4,ok
TIC 254158612,286.8389,-41.0574,8.21,0,,,,,5,6.5,ok
TIC 304135281,28.8832,-73.3617,8.21,0,,,,,12,11.6,ok
TIC 339960404,112.6176,-59.5584,8.21,0,,,,,35,12.0,ok
TIC 382187278,81.2631,-57.2353,8.21,0,,,,,42,11.8,ok
TIC 466172238,301.637,-64.4866,8.21,0,,,,,7,8.3,ok
TIC 341423559,317.4414,-64.5107,8.21,0,,,,,8,9.1,ok
TIC 389310689,310.7095,-40.861,8.21,0,,,,,3,3.8,ok
TIC 38678868,65.4048,-62.1219,8.21,0,,,,,41,11.3,ok
TIC 301858939,302.9792,-28.8316,8.21,0,,,,,4,5.1,ok
TIC 325338668,335.0191,-72.2765,8.21,0,,,,,10,11.5,ok
TIC 24706893,25.9829,-71.4666,8.21,0,,,,,9,10.5,ok
TIC 345088232,280.9787,-74.6553,8.21,0,,,,,10,12.9,ok
TIC 397192017,100.2367,-84.0236,8.21,0,,,,,13,12.4,ok
TIC 294330174,109.0868,-57.6408,8.21,0,,,,,36,11.1,ok
TIC 294212483,108.4261,-54.9008,8.21,0,,,,,18,11.9,ok
TIC 376135664,291.9919,-69.2023,8.21,0,,,,,9,9.9,ok
TIC 369954725,295.4245,-47.8265,8.21,0,,,,,5,6.2,ok
TIC 113471390,293.2294,-39.7403,8.21,0,,,,,1,1.8,ok
TIC 372172418,312.4674,-69.7915,8.21,0,,,,,7,8.3,ok
TIC 319866292,292.6387,-58.9991,8.21,0,,,,,5,6.0,ok
TIC 230956346,287.3831,-55.5267,8.21,0,,,,,4,5.0,ok
TIC 404433136,333.7272,-81.7287,8.21,0,,,,,6,7.3,ok
TIC 112888617,292.284,-30.0673,8.21,0,,,,,5,6.1,ok
TIC 101400947,300.5995,-51.4457,8.21,0,,,,,4,4.8,ok
TIC 276693258,283.2281,-34.1083,8.21,0,,,,,3,3.8,ok
TIC 382186942,81.2126,-58.1691,8.21,0,,,,,43,11.8,ok
TIC 293527488,352.3679,-75.9437,8.21,0,,,,,9,10.8,ok
TIC 261260905,90.727,-78.5206,8.21,0,,,,,39,11.3,ok
TIC 97788348,289.2529,-39.7003,8.21,0,,,,,3,3.8,ok
TIC 260369855,95.2015,-55.6752,8.21,0,,,,,41,11.5,ok
TIC 468158714,311.1082,-86.6278,8.21,0,,,,,7,8.5,ok
TIC 370236000,105.2594,-74.0174,8.21,0,,,,,42,11.2,ok
TIC 164586125,306.325,-29.021,8.21,0,,,,,3,3.7,ok
TIC 91099636,309.7683,-47.5283,8.21,0,,,,,3,3.8,ok
TIC 322948936,124.1884,-80.861,8.21,0,,,,,5,6.0,ok
TIC 211230031,299.6179,-30.0719,8.21,0,,,,,3,3.9,ok
TIC 269901428,71.3603,-80.6409,8.21,0,,,,,19,11.8,ok
TIC 149346163,83.6124,-62.8385,8.21,0,,,,,38,11.0,ok
TIC 394778327,28.2445,-85.0348,8.21,0,,,,,8,9.7,ok
TIC 231694736,323.3715,-58.2054,8.21,0,,,,,9,10.4,ok
TIC 352002870,283.0092,-73.0711,8.22,0,,,,,7,8.3,ok
TIC 267495646,9.7523,-72.2825,8.22,0,,,,,6,7.0,ok
TIC 52314627,22.8922,-69.9925,8.22,0,,,,,6,7.1,ok
TIC 410442002,319.8542,-62.1529,8.22,0,,,,,3,4.1,ok
TIC 33835925,64.1494,-74.2875,8.22,0,,,,,38,11.4,ok
TIC 421948121,288.527,-56.5462,8.22,0,,,,,6,7.1,ok
TIC 349311517,109.7568,-65.2256,8.22,0,,,,,40,11.1,ok
TIC 219176630,91.4205,-53.1329,8.22,0,,,,,24,12.8,ok
TIC 97674100,297.2508,-29.6681,8.22,0,,,,,4,5.0,ok
TIC 212253103,308.5328,-29.1156,8.22,0,,,,,4,5.0,ok
TIC 346701096,296.4248,-78.8839,8.22,0,,,,,9,10.5,ok
TIC 235060821,83.5923,-51.6315,8.22,0,,,,,11,11.7,ok
TIC 261259521,90.1421,-81.121,8.22,0,,,,,16,11.4,ok
TIC 128706909,299.439,-45.828,8.22,0,,,,,3,3.9,ok
TIC 398420447,286.6203,-82.5524,8.22,0,,,,,8,9.2,ok
TIC 439453212,301.5935,-35.6016,8.22,0,,,,,3,3.9,ok
TIC 398406052,286.7834,-80.5524,8.22,0,,,,,6,7.5,ok
TIC 410316487,42.558,-84.7596,8.22,0,,,,,7,8.2,ok
TIC 220378886,320.7536,-55.4428,8.22,0,,,,,7,8.3,ok
TIC 55523561,72.0655,-62.4282,8.22,0,,,,,39,12.1,ok
TIC 230954760,287.213,-54.0386,8.22,0,,,,,4,5.3,ok
TIC 394166876,4.9021,-69.103,8.22,0,,,,,6,7.3,ok
TIC 52120817,17.5567,-69.659,8.22,0,,,,,6,7.3,ok
TIC 269587971,301.9035,-41.0212,8.22,0,,,,,1,2.1,ok
TIC 314830254,52.803,-76.4001,8.23,0,,,,,21,11.9,ok
TIC 31497787,288.8128,-33.9359,8.23,0,,,,,4,5.7,ok
TIC 100225666,306.0059,-48.4506,8.23,0,,,,,4,4.8,ok
TIC 231089952,68.6066,-66.1935,8.23,0,,,,,43,11.9,ok
TIC 349372072,110.0004,-61.035,8.23,0,,,,,42,11.4,ok
TIC 369327066,289.9026,-80.8303,8.23,0,,,,,8,9.4,ok
TIC 351233225,300.16,-63.4265,8.23,0,,,,,6,6.9,ok
TIC 273699298,340.3674,-79.2265,8.23,0,,,,,5,6.0,ok
TIC 254068584,285.5283,-36.3618,8.23,0,,,,,3,4.2,ok
TIC 451597870,278.6579,-86.6626,8.23,0,,,,,7,8.4,ok
TIC 409940085,304.6979,-69.272,8.23,0,,,,,6,7.2,ok
TIC 6766943,285.04,-48.5816,8.23,0,,,,,3,3.9,ok
TIC 254257981,288.6611,-36.6501,8.23,0,,,,,4,4.8,ok
TIC 327728507,311.7702,-72.7028,8.23,0,,,,,7,7.8,ok
TIC 276842267,283.1068,-30.9868,8.23,0,,,,,1,1.6,ok
TIC 354671064,321.2603,-67.6237,8.23,0,,,,,7,8.2,ok
TIC 219974785,306.4124,-56.7355,8.23,0,,,,,7,8.1,ok
TIC 100826322,312.0336,-52.5613,8.23,0,,,,,4,5.0,ok
TIC 423264337,297.6576,-75.835,8.23,0,,,,,9,10.2,ok
TIC 220454990,74.2749,-55.6125,8.23,0,,14.6,rejete,variabilite_continue;eclipse_secondaire,28,16.8,ok
TIC 97833468,289.4567,-38.264,8.23,0,,,,,2,3.0,ok
TIC 79180181,317.3666,-48.4416,8.23,0,,,,,4,5.0,ok
TIC 79325855,319.2611,-52.1073,8.23,0,,,,,6,7.3,ok
TIC 426019989,43.8826,-75.019,8.23,0,,,,,8,9.2,ok
TIC 404379435,328.9053,-78.5938,8.23,0,,,,,9,10.5,ok
TIC 79753826,296.2694,-42.9164,8.23,0,,,,,3,4.8,ok
TIC 441222394,294.9067,-39.4916,8.23,0,,,,,1,1.7,ok
TIC 346725266,299.9985,-79.1434,8.24,0,,,,,10,12.0,ok
TIC 260242697,93.8258,-54.5584,8.24,0,,,,,34,11.6,ok
TIC 371840405,306.47,-70.1901,8.24,0,,,,,?,0.5,erreur
TIC 237312965,343.9162,-64.3773,8.24,0,,,,,8,9.5,ok
TIC 232079133,29.6562,-69.5545,8.24,0,,,,,11,11.4,ok
TIC 303980842,24.7552,-73.1627,8.24,0,,,,,11,11.8,ok
TIC 304093214,26.9165,-76.7803,8.24,0,,,,,8,9.6,ok
TIC 101582880,302.0918,-49.1077,8.24,0,,,,,5,6.0,ok
TIC 412064277,0.3691,-67.9421,8.24,0,,,,,8,9.4,ok
TIC 143398024,294.31,-46.1606,8.24,0,,,,,5,6.0,ok
TIC 320784905,298.5937,-57.5309,8.24,0,,,,,7,8.2,ok
TIC 401623705,310.5249,-79.2926,8.24,0,,,,,9,10.6,ok
TIC 219327503,333.3419,-58.7346,8.24,0,,,,,1,2.6,ok
TIC 164250471,304.4958,-28.1333,8.24,0,,,,,2,3.2,ok
TIC 300323829,110.3461,-67.2925,8.24,0,,,,,41,11.5,ok
TIC 278866220,100.8264,-55.2298,8.24,0,,,,,32,11.6,ok
TIC 279250316,103.9618,-58.4105,8.24,0,,,,,40,21.8,ok
TIC 114953179,315.1703,-41.1793,8.24,0,,,,,4,11.6,ok
TIC 254027483,285.032,-37.438,8.24,0,,,,,3,4.1,ok
TIC 98568772,291.2568,-37.3932,8.24,0,,,,,4,5.1,ok
TIC 260507500,96.6828,-58.833,8.24,0,,,,,36,11.2,ok
TIC 220424315,72.3325,-57.1005,8.24,0,,,,,32,11.5,ok
TIC 126893829,317.99,-47.799,8.24,0,,,,,3,4.3,ok
TIC 50441632,35.7357,-75.7698,8.24,0,,,,,12,12.6,ok
TIC 402294760,33.7835,-71.5202,8.24,0,,,,,9,10.9,ok
TIC 364538492,71.1731,-74.3226,8.24,0,,,,,42,11.9,ok
TIC 352404492,301.3707,-70.1849,8.24,0,,,,,8,10.1,ok
TIC 272089457,115.6303,-76.2177,8.24,0,,,,,31,11.5,ok
TIC 271406936,298.6397,-32.166,8.24,0,,,,,?,0.5,erreur
TIC 469905944,336.8357,-63.6881,8.24,0,,,,,11,11.6,ok
TIC 405411672,337.1401,-70.4161,8.25,0,,,,,10,11.5,ok
TIC 387112405,286.4332,-74.0293,8.25,0,,,,,11,13.8,ok
TIC 209280785,299.6169,-28.374,8.25,0,,,,,4,6.0,ok
TIC 6728857,284.8173,-49.5033,8.25,0,,,,,3,4.0,ok
TIC 319768482,292.3561,-56.5583,8.25,0,,,,,5,6.1,ok
TIC 31944460,54.3731,-66.5243,8.25,0,,,,,22,11.5,ok
TIC 41532123,93.7556,-70.4603,8.25,0,,,,,36,11.4,ok
TIC 219964560,305.7484,-59.4981,8.25,0,,,,,7,8.4,ok
TIC 177284199,102.4186,-74.5569,8.25,0,,,,,45,12.0,ok
TIC 290486246,2.397,-78.84,8.25,0,,,,,7,8.5,ok
TIC 290302447,328.3497,-77.3957,8.25,0,,,,,7,8.3,ok
TIC 262498136,109.9286,-57.7788,8.25,0,,,,,32,11.7,ok
TIC 394231269,47.7857,-75.2329,8.25,0,,,,,11,11.9,ok
TIC 278662858,328.976,-70.5369,8.25,0,,,,,8,9.4,ok
TIC 254085350,285.7839,-38.7322,8.25,0,,,,,3,3.8,ok
TIC 389613626,312.2797,-45.7035,8.25,0,,,,,3,3.9,ok
TIC 324424696,285.4286,-74.0816,8.25,0,,,,,5,7.4,ok
TIC 300399890,298.5364,-35.9864,8.25,0,,,,,3,4.2,ok
TIC 80059947,297.9154,-43.4563,8.25,0,,,,,4,5.0,ok
TIC 219393398,77.5339,-53.521,8.25,0,,,,,18,12.0,ok
TIC 370137710,46.7218,-72.3024,8.25,0,,,,,14,12.2,ok
TIC 451560362,267.7761,-87.911,8.25,0,,,,,8,10.4,ok
TIC 261061538,81.3406,-78.1385,8.25,0,,,,,39,11.9,ok
TIC 261204279,86.7157,-82.4283,8.25,0,,,,,?,0.4,erreur
TIC 421460293,297.0522,-31.6622,8.25,0,,,,,4,5.1,ok
TIC 407661867,83.0771,-72.8325,8.25,0,,,,,41,11.4,ok
TIC 150391988,96.4981,-61.6245,8.26,0,,,,,43,11.7,ok
TIC 404217101,298.5831,-72.5123,8.26,0,,,,,5,6.3,ok
TIC 126745610,315.7837,-45.7528,8.26,0,,,,,4,5.3,ok
TIC 355547387,320.9919,-58.4237,8.26,0,,,,,8,9.8,ok
TIC 211254719,299.6605,-30.9277,8.26,0,,,,,3,4.1,ok
TIC 114276124,295.6473,-32.2394,8.26,0,,,,,5,6.2,ok
TIC 114272274,295.4304,-30.6064,8.26,0,,,,,4,5.1,ok
TIC 231668062,319.717,-56.0624,8.26,0,,,,,8,9.9,ok
TIC 426030159,44.4888,-72.545,8.26,0,,,,,14,12.2,ok
TIC 158343153,288.7583,-49.9899,8.26,0,,,,,5,12.6,ok
TIC 235047193,82.5641,-50.5334,8.26,0,,,,,7,8.8,ok
TIC 235047873,82.5822,-52.4404,8.26,0,,,,,15,11.8,ok
TIC 469850267,316.8161,-49.1569,8.26,0,,,,,5,7.0,ok
TIC 113169723,292.9615,-32.2032,8.26,0,,,,,5,7.0,ok
TIC 39080548,13.5726,-69.0867,8.26,0,,,,,10,12.7,ok
TIC 304133090,28.3092,-74.6271,8.26,0,,,,,8,9.9,ok
TIC 278276036,302.8537,-30.7987,8.26,0,,,,,2,2.9,ok
TIC 394520503,334.8702,-60.7994,8.26,0,,,,,4,5.7,ok
TIC 143697744,285.2956,-43.4484,8.26,0,,,,,4,5.9,ok
TIC 38762657,67.3523,-61.2187,8.26,0,,,,,43,12.3,ok
TIC 80089548,298.0865,-42.6229,8.26,0,,,,,3,4.1,ok
TIC 32269756,290.1214,-33.8233,8.26,0,,,,,4,5.0,ok
TIC 101543745,301.931,-53.1088,8.26,0,,,,,5,7.2,ok
TIC 149575726,86.769,-64.7627,8.26,0,,,,,36,13.3,ok
TIC 293506035,351.1104,-68.3925,8.26,0,,,,,9,10.6,ok
TIC 287326898,109.7045,-56.6434,8.26,0,,,,,25,12.9,ok
TIC 98339566,290.5968,-39.9094,8.26,0,,,,,1,1.8,ok
TIC 322270371,296.0724,-86.6313,8.26,0,,,,,3,4.1,ok
TIC 469906999,336.917,-64.7432,8.26,0,,,,,9,11.2,ok
TIC 379347517,283.5182,-56.1241,8.26,0,,,,,7,9.5,ok
TIC 343961662,285.9822,-59.1817,8.26,0,,,,,7,8.2,ok
TIC 397191721,95.9227,-87.7197,8.26,0,,,,,3,4.1,ok
TIC 276081627,282.5501,-33.5238,8.27,0,,,,,4,5.3,ok
TIC 269527373,301.5326,-39.3908,8.27,0,,,,,1,1.8,ok
TIC 166469442,304.8183,-49.3633,8.27,0,,,,,3,3.9,ok
TIC 300443831,111.7549,-69.5154,8.27,0,,,,,35,12.2,ok
TIC 271903417,113.4997,-75.7851,8.27,0,,,,,26,17.0,ok
TIC 79449320,321.5183,-51.814,8.27,0,,,,,7,17.4,ok
TIC 166464480,298.7196,-50.1501,8.27,0,,,,,4,5.5,ok
TIC 179201407,79.3173,-70.2596,8.27,0,,,,,42,12.3,ok
TIC 453097891,114.1032,-71.7117,8.27,0,,,,,41,12.5,ok
TIC 150440176,97.6861,-61.6086,8.27,0,,,,,39,12.0,ok
TIC 407825808,273.3756,-81.6662,8.27,0,,,,,8,10.6,ok
TIC 404380227,328.8883,-80.3638,8.27,0,,,,,5,6.2,ok
TIC 126641296,314.9521,-47.1262,8.27,0,,,,,5,6.2,ok
TIC 404413286,329.6992,-81.1936,8.27,0,,,,,7,8.4,ok
TIC 38808065,6.7285,-71.2377,8.27,0,,,,,7,9.3,ok
TIC 320484380,296.2338,-56.4328,8.27,0,,,,,6,8.0,ok
TIC 98272946,290.5121,-35.8684,8.27,0,,,,,4,5.2,ok
TIC 279571832,106.1392,-58.8295,8.27,0,,,,,43,12.7,ok
TIC 238167433,356.6171,-71.0745,8.27,0,,,,,9,11.1,ok
TIC 350184174,115.6692,-60.3032,8.27,0,,,,,23,11.2,ok
TIC 246739642,283.5969,-42.8637,8.27,0,,,,,3,3.7,ok
TIC 290322532,305.2236,-37.715,8.27,0,,,,,1,1.7,ok
TIC 325077739,294.5049,-66.5071,8.27,0,,,,,8,9.6,ok
TIC 319604485,291.43,-58.3871,8.27,0,,,,,4,5.3,ok
TIC 266968250,2.8442,-72.6052,8.27,0,,,,,8,11.1,ok
TIC 404162242,296.5239,-48.94,8.27,0,,,,,5,5.9,ok
TIC 260353507,94.7664,-53.9733,8.27,0,,17.1,rejete,variabilite_continue;eclipse_secondaire,34,17.7,ok
TIC 277889967,353.342,-74.8564,8.28,0,,,,,10,16.1,ok
TIC 91034347,308.9019,-44.0218,8.28,0,,,,,3,3.8,ok
TIC 351334279,300.9104,-62.2425,8.28,0,,,,,2,2.9,ok
TIC 272317789,118.5376,-76.5673,8.28,0,,,,,25,11.9,ok
TIC 39080180,13.5449,-70.1174,8.28,0,,,,,7,8.6,ok
TIC 33770863,63.4185,-73.04,8.28,0,,,,,43,12.3,ok
TIC 254021435,284.9308,-36.7883,8.28,0,,,,,3,4.0,ok
TIC 254015674,284.9815,-39.9137,8.28,0,,,,,4,5.0,ok
TIC 382148936,285.673,-71.8654,8.28,0,,,,,10,17.2,ok
TIC 293438694,48.2616,-83.4883,8.28,0,,,,,12,12.3,ok
TIC 293936969,106.6187,-56.646,8.28,0,,,,,35,11.7,ok
TIC 279516815,105.8631,-55.81,8.28,0,,,,,29,11.9,ok
TIC 253968973,284.3964,-41.6963,8.28,0,,,,,3,3.9,ok
TIC 325466495,352.561,-78.5718,8.28,0,,,,,1,1.8,ok
TIC 290596557,306.9074,-40.6383,8.28,0,,,,,3,4.0,ok
TIC 291015425,309.5339,-40.8925,8.28,0,,,,,3,3.8,ok
TIC 55366779,77.2653,-63.9412,8.28,0,,,,,41,11.6,ok
TIC 34761716,306.8017,-30.2278,8.28,0,,,,,3,4.0,ok
TIC 326031025,298.8278,-31.4416,8.28,0,,,,,4,5.6,ok
TIC 166342286,297.6936,-51.6976,8.28,0,,,,,5,7.2,ok
TIC 352541842,325.1391,-76.6331,8.28,0,,,,,7,8.6,ok
TIC 276943440,83.6695,-70.9388,8.28,0,,,,,40,11.8,ok
TIC 143766107,285.6432,-46.2085,8.28,0,,,,,4,5.1,ok
TIC 267166554,50.1586,-86.1384,8.28,0,,,,,6,7.3,ok
TIC 382517621,117.6032,-63.8721,8.28,0,,,,,42,12.2,ok
TIC 62351972,291.8994,-45.7114,8.28,0,,,,,5,6.0,ok
TIC 339259030,294.5754,-62.0393,8.28,0,,,,,7,8.5,ok
TIC 254263148,288.7421,-37.3845,8.28,0,,,,,4,6.7,ok
TIC 271578884,319.6022,-72.1463,8.28,0,,,,,8,9.6,ok
TIC 327787012,312.8528,-75.637,8.28,0,,,,,8,9.4,ok
TIC 267082653,359.878,-70.0501,8.28,0,,,,,9,10.6,ok
TIC 364133132,289.2118,-72.5366,8.28,0,,,,,2,2.9,ok
TIC 31231547,288.413,-30.2053,8.28,0,,,,,2,2.9,ok
TIC 230976974,300.4339,-55.5217,8.28,0,,,,,5,5.9,ok
TIC 261264993,91.3497,-81.9905,8.28,0,,,,,12,12.2,ok
TIC 260352227,94.7857,-56.6805,8.28,0,,,,,41,11.5,ok
TIC 150390490,96.5365,-64.5532,8.28,0,,,,,36,12.7,ok
TIC 424849473,291.1627,-53.3804,8.28,0,,,,,3,4.2,ok
TIC 344031627,286.2421,-58.3018,8.28,0,,,,,7,8.7,ok
TIC 350433501,85.1964,-57.5265,8.28,0,,,,,41,11.4,ok
TIC 219293393,311.3401,-54.7749,8.28,0,,,,,5,6.0,ok
TIC 375061989,99.9234,-65.2743,8.29,0,,,,,35,11.6,ok
TIC 183120880,17.0286,-73.0134,8.29,0,,,,,4,4.9,ok
TIC 32195034,290.2106,-35.0197,8.29,0,,,,,4,5.2,ok
TIC 183978824,21.8781,-76.0739,8.29,0,,,,,6,7.3,ok
TIC 355128832,299.2421,-45.8168,8.29,0,,,,,2,2.8,ok
TIC 112613272,291.5153,-32.0784,8.29,0,,,,,4,5.0,ok
TIC 31961002,55.076,-68.4182,8.29,0,,,,,32,12.1,ok
TIC 129570707,305.5733,-47.6847,8.29,0,,,,,4,4.9,ok
TIC 141805180,92.147,-74.3933,8.29,0,,,,,45,11.3,ok
TIC 149347534,83.4977,-59.9505,8.29,0,,,,,41,11.2,ok
TIC 406322391,327.4608,-60.0557,8.29,0,,,,,9,10.8,ok
TIC 401758410,336.7247,-78.5268,8.29,0,,,,,5,6.1,ok
TIC 141121793,80.3436,-76.2983,8.29,0,,,,,38,12.3,ok
TIC 79005592,314.9897,-53.4417,8.29,0,,,,,4,5.8,ok
TIC 389012354,134.4674,-85.7484,8.29,0,,,,,9,10.8,ok
TIC 143295589,293.5698,-46.6795,8.29,0,,,,,5,6.0,ok
TIC 231638013,318.1999,-58.3506,8.29,0,,,,,8,9.4,ok
TIC 404287409,309.8663,-75.163,8.29,0,,,,,9,10.8,ok
TIC 382271882,287.3925,-69.2118,8.29,0,,,,,5,6.1,ok
TIC 6942142,285.5623,-52.6748,8.29,0,,,,,3,4.0,ok
TIC 349907707,114.1051,-61.8738,8.29,0,,13.6,rejete,variabilite_continue;eclipse_secondaire;compagnon_trop_gros_3.3Rjup,31,17.6,ok
TIC 320530660,296.4778,-59.5933,8.29,0,,,,,7,8.9,ok
TIC 441318433,308.816,-30.2058,8.29,0,,,,,3,3.9,ok
TIC 279477819,105.3096,-56.8251,8.29,0,,,,,36,12.0,ok
TIC 129139441,302.5663,-47.3318,8.29,0,,,,,5,6.2,ok
TIC 25155698,63.4129,-70.5068,8.29,0,,,,,44,11.8,ok
TIC 349154160,108.242,-61.6135,8.29,0,,,,,41,11.9,ok
TIC 410402714,291.5903,-70.4812,8.29,0,,,,,10,11.6,ok
TIC 150028806,90.8916,-62.1985,8.29,0,,,,,38,11.9,ok
TIC 466207143,302.9229,-62.1611,8.29,0,,,,,8,9.7,ok
TIC 100196754,306.0158,-51.773,8.29,0,,,,,3,4.2,ok
TIC 299936689,296.9774,-41.4345,8.29,0,,,,,4,4.8,ok
TIC 389450214,312.3983,-40.8898,8.3,0,,,,,5,6.0,ok
TIC 266926314,2.2882,-74.4216,8.3,0,,,,,8,10.8,ok
TIC 370146806,312.7147,-57.3485,8.3,0,,,,,6,7.6,ok
TIC 382260143,82.5422,-58.5432,8.3,0,,,,,43,11.7,ok
TIC 270342707,33.9402,-79.0261,8.3,0,,,,,10,11.8,ok
TIC 31815637,51.5796,-67.6159,8.3,0,,,,,21,11.8,ok
TIC 61023568,286.3352,-42.9036,8.3,0,,,,,4,5.9,ok
TIC 140580482,68.5288,-73.9511,8.3,0,,,,,43,11.8,ok
TIC 390839243,286.9914,-34.0522,8.3,0,,,,,4,5.2,ok
TIC 177173234,104.8054,-71.2564,8.3,0,,,,,42,11.5,ok
TIC 299692685,295.702,-39.4888,8.3,0,,,,,1,1.7,ok
TIC 253902176,284.0413,-39.96,8.3,0,,,,,1,1.7,ok
TIC 260540898,97.1905,-55.9171,8.3,0,,,,,32,11.9,ok
TIC 406094596,283.2938,-49.3561,8.3,0,,,,,1,2.0,ok
TIC 424880540,291.4991,-52.2062,8.3,0,,,,,5,6.4,ok
TIC 129480459,304.8065,-46.7504,8.3,0,,,,,3,3.9,ok
TIC 52309675,22.1216,-70.1275,8.3,0,,,,,5,6.4,ok
TIC 30983315,287.9712,-33.6075,8.3,0,,,,,4,5.1,ok
TIC 38943971,70.2055,-62.8007,8.3,0,,,,,43,11.9,ok
TIC 272431788,120.0892,-75.5035,8.3,0,,,,,28,11.4,ok
TIC 403121294,324.315,-65.0394,8.3,0,,,,,4,5.3,ok
TIC 306470369,118.4769,-67.4551,8.3,0,,,,,41,12.0,ok
TIC 79923335,297.2358,-44.2379,8.3,0,,,,,3,4.1,ok
TIC 177350315,104.1215,-72.6457,8.3,0,,,,,41,11.7,ok
TIC 166606391,313.3585,-49.3831,8.3,0,,,,,4,5.5,ok
TIC 38699825,66.3975,-60.7568,8.3,0,,,,,34,12.2,ok
