nom,RA,Dec,Tmag,n_candidats,periodes,snr_max,verdict_auto,raisons_auto,n_secteurs,secondes,status
TIC 366633108,332.4524,72.3412,4.0,0,,,,,14,24.9,ok
TIC 16997209,20.2809,28.7378,4.0,0,,,,,3,17.4,ok
TIC 177089809,356.5086,46.4202,4.0,0,,,,,1,11.3,ok
TIC 419531713,8.25,62.9318,4.01,0,,,,,6,8.1,ok
TIC 269511338,350.6356,60.1335,4.01,0,,,,,8,9.3,ok
TIC 243279536,288.4796,57.7047,4.01,0,,,,,36,10.0,ok
TIC 173301317,346.9135,46.3871,4.04,0,,,,,4,4.6,ok
TIC 346000914,356.758,57.4513,4.04,0,,,,,8,8.7,ok
TIC 237084695,307.3959,62.994,4.05,0,,,,,16,11.2,ok
TIC 259272661,293.8508,69.8056,4.06,0,,,,,41,10.7,ok
TIC 422656102,349.657,68.1115,4.07,0,,,,,9,9.0,ok
TIC 285534579,12.8182,61.8055,4.1,0,,,,,6,6.7,ok
TIC 265186608,349.849,62.7398,4.12,0,,,,,9,9.9,ok
TIC 441804568,265.4848,72.1474,4.12,0,,,,,39,10.4,ok
TIC 356822358,275.189,71.338,4.14,0,,,,,40,10.0,ok
TIC 199666719,252.0692,57.8137,4.15,0,,,,,41,10.7,ok
TIC 367073010,339.305,75.3719,4.16,0,,,,,9,11.0,ok
TIC 22523274,2.6967,32.2426,4.17,0,,,,,3,4.2,ok
TIC 236982345,305.2981,63.9802,4.18,0,,,,,21,11.4,ok
TIC 219895046,262.9909,68.1358,4.19,0,,,,,36,10.9,ok
TIC 57987191,5.1894,32.9111,4.19,0,,,,,3,3.7,ok
TIC 427550855,345.8873,67.2093,4.19,0,,,,,9,9.6,ok
TIC 243337598,290.067,57.6452,4.21,0,,,,,30,10.6,ok
TIC 331391396,17.7779,55.1498,4.22,0,,,,,2,2.4,ok
TIC 378652092,0.9653,66.7121,4.22,0,,,,,6,6.7,ok
TIC 427950867,353.7461,71.642,4.23,0,,,,,7,7.7,ok
TIC 127019774,23.7046,18.4601,4.23,0,,,,,6,6.2,ok
TIC 252756054,348.1383,49.4067,4.25,0,,,,,5,5.8,ok
TIC 411631548,20.8539,20.4689,4.25,0,,,,,6,6.6,ok
TIC 421448572,314.8563,59.4387,4.26,0,,,,,10,11.7,ok
TIC 285544488,13.2667,61.1249,4.27,0,,,,,6,6.5,ok
TIC 467335635,325.7661,72.3199,4.29,0,,,,,15,11.6,ok
TIC 366558961,332.0684,72.7685,4.29,0,,,,,14,10.8,ok
TIC 284359863,287.9194,56.8595,4.29,0,,,,,34,10.8,ok
TIC 16881755,18.5208,28.5293,4.3,0,,,,,3,3.6,ok
TIC 341441461,325.1628,54.3247,4.32,0,,,,,8,9.3,ok
TIC 196678834,17.3756,47.2417,4.32,0,,,,,3,3.5,ok
TIC 333225860,352.8246,39.2357,4.32,0,,,,,4,4.7,ok
TIC 230080609,245.4527,69.1093,4.34,0,,,,,41,10.0,ok
TIC 233195546,264.2379,68.7597,4.34,0,,,,,39,10.8,ok
TIC 354018323,13.7715,48.6785,4.35,0,,,,,5,5.5,ok
TIC 12958037,343.2659,60.1011,4.36,0,,,,,6,7.3,ok
TIC 188694034,260.4392,53.4204,4.36,0,,,,,24,10.6,ok
TIC 422108142,335.7792,55.9632,4.37,0,,,,,7,7.2,ok
TIC 176794649,354.5344,43.2681,4.37,0,,,,,4,4.2,ok
TIC 256801656,301.3884,61.9958,4.37,0,,,,,23,10.2,ok
TIC 335624186,333.0084,60.7592,4.37,0,,,,,8,8.6,ok
TIC 267659086,311.7544,58.4167,4.38,0,,,,,12,11.4,ok
TIC 313555973,345.0212,56.9454,4.38,0,,,,,6,6.6,ok
TIC 269664165,301.2223,68.0271,4.38,0,,,,,39,10.3,ok
TIC 173793601,349.9687,42.0781,4.38,0,,,,,4,4.4,ok
TIC 202645113,7.2375,48.4137,4.38,0,,,,,3,3.8,ok
TIC 196751453,18.1422,45.3376,4.39,0,,,,,3,3.5,ok
TIC 444179899,342.4438,55.903,4.39,0,,,,,6,6.7,ok
TIC 249747565,339.3429,51.5445,4.39,0,,,,,8,8.1,ok
TIC 272140352,355.5875,64.5154,4.4,0,,,,,9,9.7,ok
TIC 237282609,299.902,76.4811,4.4,0,,,,,27,10.5,ok
TIC 16916903,19.0209,25.7694,4.41,0,,,,,3,4.2,ok
TIC 289622310,254.0102,65.1351,4.41,0,,,,,41,11.3,ok
TIC 15732119,17.5811,25.4571,4.42,0,,,,,3,3.4,ok
TIC 409163906,327.3292,61.2726,4.42,0,,,,,10,10.5,ok
TIC 240757326,11.1815,48.2843,4.42,0,,,,,4,4.4,ok
TIC 326857914,22.5254,47.007,4.43,0,,,,,4,4.4,ok
TIC 191764184,21.9169,45.4061,4.43,0,,,,,4,4.2,ok
TIC 375906812,336.5037,70.7709,4.43,0,,,,,9,9.0,ok
TIC 424391070,281.445,74.086,4.43,0,,,,,39,10.0,ok
TIC 418416600,0.3162,60.3553,4.44,0,,,,,8,8.5,ok
TIC 336168427,318.9274,77.0124,4.45,0,,,,,18,10.9,ok
TIC 236882599,303.3655,60.6409,4.45,0,,,,,16,10.4,ok
TIC 242702826,8.1486,20.2941,4.47,0,,,,,3,3.7,ok
TIC 405591045,324.4801,62.0819,4.47,0,,,,,10,10.0,ok
TIC 434212297,9.9817,21.4383,4.47,0,,,,,3,3.4,ok
TIC 237300602,302.2226,77.7116,4.48,0,,,,,26,11.0,ok
TIC 267624955,9.2203,33.7193,4.48,0,,,,,3,3.5,ok
TIC 113710966,25.6222,20.2648,4.49,0,,,,,7,7.6,ok
TIC 14007692,14.459,28.9922,4.49,0,,,,,3,3.8,ok
TIC 272679177,234.4123,69.2836,4.49,0,,,,,27,11.1,ok
TIC 60986648,29.4816,23.596,4.5,0,,,,,6,6.6,ok
TIC 202091193,4.2247,49.4619,4.5,0,,,,,3,3.6,ok
TIC 198236604,248.7523,60.4682,4.51,0,,,,,41,10.3,ok
TIC 176597483,353.2357,46.1237,4.54,0,,,,,4,4.5,ok
TIC 194503676,4.5815,36.785,4.54,0,,,,,1,1.4,ok
TIC 196843973,19.2712,44.9018,4.54,0,,,,,3,3.5,ok
TIC 441813918,267.3635,76.9642,4.55,0,,,,,40,10.5,ok
TIC 233121747,273.4788,64.3975,4.56,0,,,,,36,10.6,ok
TIC 352180433,4.2725,38.6816,4.56,0,,,,,3,3.5,ok
TIC 230087102,247.0878,67.044,4.56,0,,,,,42,10.8,ok
TIC 456868701,21.674,19.2401,4.56,0,,,,,6,6.4,ok
TIC 229979857,290.1672,65.7148,4.57,0,,,,,41,10.5,ok
TIC 24791207,349.8744,48.6256,4.57,0,,,,,4,4.2,ok
TIC 127420450,5.7391,38.7543,4.57,0,,,,,3,3.6,ok
TIC 303319608,12.2446,16.9395,4.57,0,,,,,6,6.3,ok
TIC 440002965,2.5802,46.0723,4.58,0,,,,,3,3.5,ok
TIC 366412503,329.8111,73.179,4.58,0,,,,,14,10.7,ok
TIC 25241697,351.4004,52.9794,4.58,0,,,,,5,5.5,ok
TIC 202715253,7.921,52.8395,4.59,0,,,,,5,5.6,ok
TIC 219777482,263.7512,61.8719,4.6,0,,,,,40,10.6,ok
TIC 229686919,263.0682,55.1732,4.61,0,,,,,42,10.1,ok
TIC 337465539,336.4458,63.3283,4.62,0,,,,,10,10.1,ok
TIC 402893991,303.222,66.2457,4.62,0,,,,,29,11.3,ok
TIC 258829052,287.5098,66.1029,4.62,0,,,,,41,10.7,ok
TIC 408252889,17.5478,15.6738,4.63,0,,,,,6,6.4,ok
TIC 283722336,348.3418,57.17,4.63,2,6.7653;3.0931,15.5,rejete,variabilite_continue,5,10.8,ok
TIC 333374141,353.6948,38.0241,4.64,0,,,,,4,4.6,ok
TIC 233006012,247.4914,72.2804,4.65,0,,,,,39,10.8,ok
TIC 229613892,277.4374,77.5471,4.65,0,,,,,37,10.5,ok
TIC 456909539,26.6472,19.0846,4.65,0,,,,,5,5.2,ok
TIC 66790325,342.0338,49.5827,4.66,0,,,,,6,6.2,ok
TIC 91329512,28.383,19.2933,4.66,0,,,,,5,5.1,ok
TIC 267649786,9.3384,35.3995,4.66,0,,,,,3,3.6,ok
TIC 418416997,0.5737,60.7031,4.66,0,,,,,8,8.3,ok
TIC 229686929,263.0455,55.1845,4.66,0,,,,,42,10.6,ok
TIC 333137549,11.7564,11.9737,4.67,0,,,,,4,4.3,ok
TIC 420393296,5.1815,61.8796,4.67,0,,,,,5,5.3,ok
TIC 283389643,12.4537,41.0788,4.67,0,,,,,3,3.5,ok
TIC 467462749,336.2645,51.256,4.68,0,,,,,7,7.6,ok
TIC 331741475,2.6115,28.6528,4.68,0,,,,,3,3.5,ok
TIC 314472689,319.3095,55.7981,4.68,0,,,,,9,10.1,ok
TIC 269237357,350.06,61.9701,4.69,0,,,,,9,11.9,ok
TIC 376975340,284.1874,57.8145,4.69,0,,,,,39,16.1,ok
TIC 336628994,334.5532,62.8045,4.7,0,,,,,9,19.6,ok
TIC 367008886,338.9456,73.6433,4.71,0,,73.3,rejete,variabilite_continue;eclipse_secondaire,13,15.4,ok
TIC 91376359,28.9627,23.5773,4.72,0,,,,,6,6.3,ok
TIC 91329517,28.383,19.2954,4.72,0,,,,,5,5.1,ok
TIC 366381209,329.4627,74.9967,4.72,0,,,,,14,10.5,ok
TIC 326533486,359.3312,61.0262,4.72,0,,,,,9,9.4,ok
TIC 288294358,5.2807,37.9684,4.72,0,,,,,3,3.4,ok
TIC 20934511,27.2113,34.1426,4.72,0,,,,,3,3.3,ok
TIC 259232022,292.7509,70.9895,4.73,0,,,,,42,9.8,ok
TIC 198238974,249.2292,63.0723,4.73,0,,,,,41,9.8,ok
TIC 16987556,19.8668,27.264,4.74,0,,,,,3,3.5,ok
TIC 320502029,7.9435,54.5222,4.75,0,,67.0,rejete,variabilite_continue;eclipse_secondaire,5,7.7,ok
TIC 411311989,328.8358,61.5418,4.75,0,,,,,9,8.9,ok
TIC 329759640,332.9556,56.8401,4.76,0,,,,,7,7.6,ok
TIC 61336064,23.4768,35.6082,4.76,0,,,,,2,2.3,ok
TIC 252742995,347.8752,52.8868,4.76,0,,,,,5,5.8,ok
TIC 470694175,357.209,62.2145,4.77,0,,,,,9,9.5,ok
TIC 13211109,343.9935,62.4323,4.77,0,,,,,9,10.1,ok
TIC 306484795,33.2013,21.211,4.79,0,,,,,7,7.2,ok
TIC 470913104,1.1763,67.1666,4.79,0,,,,,6,6.5,ok
TIC 342337222,326.5692,58.0624,4.8,0,,,,,8,8.1,ok
TIC 233623612,284.1069,65.2579,4.81,0,,,,,40,10.0,ok
TIC 235682463,287.2924,76.5598,4.82,0,,,,,39,9.9,ok
TIC 434539653,345.3629,61.564,4.82,0,,,,,6,6.6,ok
TIC 470111890,328.0545,79.5519,4.83,0,,,,,15,10.5,ok
TIC 191460663,10.8668,47.0243,4.84,0,,,,,4,4.4,ok
TIC 329631736,332.8773,59.4144,4.84,0,,,,,9,9.0,ok
TIC 366555356,331.838,74.7329,4.84,0,,,,,15,10.8,ok
TIC 229438448,293.292,60.1587,4.84,0,,,,,38,10.5,ok
TIC 275420565,319.8427,64.8719,4.85,0,,,,,11,10.2,ok
TIC 420264584,306.0147,75.2539,4.85,0,,,,,24,10.7,ok
TIC 411635474,21.1286,23.945,4.85,0,,,,,3,3.5,ok
TIC 365962326,3.7792,31.5357,4.87,0,,,,,3,3.4,ok
TIC 239551546,7.8572,33.5816,4.88,0,,,,,3,3.5,ok
TIC 313802944,345.3779,57.1054,4.88,0,,,,,6,6.3,ok
TIC 312058658,10.1033,59.5138,4.88,0,,,,,6,6.8,ok
TIC 5615060,32.0711,24.8193,4.88,0,,,,,6,6.3,ok
TIC 314623035,346.6535,59.4197,4.88,0,,,,,7,7.5,ok
TIC 307985697,257.1021,64.3191,4.89,0,,,,,38,10.7,ok
TIC 381481731,17.7781,31.4247,4.89,0,,,,,3,3.7,ok
TIC 64557792,338.4202,56.625,4.9,0,,,,,6,6.3,ok
TIC 25691447,352.5311,49.1332,4.91,0,,,,,3,3.4,ok
TIC 440665786,7.531,29.7512,4.93,0,,30.5,rejete,variabilite_continue;eclipse_secondaire,3,5.1,ok
TIC 260280304,325.689,59.2709,4.93,0,,,,,8,8.6,ok
TIC 243225439,17.455,19.6585,4.93,0,,,,,5,5.5,ok
TIC 330131047,333.5089,58.014,4.94,0,,,,,8,8.6,ok
TIC 240865190,16.7896,53.4982,4.94,0,,,,,4,4.3,ok
TIC 288391863,267.5422,78.3066,4.95,0,,,,,37,10.9,ok
TIC 252191219,17.1004,54.9115,4.95,0,,,,,2,3.1,ok
TIC 306342251,31.6415,22.6481,4.95,0,,,,,6,6.5,ok
TIC 25687138,352.3802,51.6852,4.95,0,,,,,4,4.5,ok
TIC 84155016,4.2376,61.5332,4.95,0,,,,,9,9.8,ok
TIC 356111584,262.6817,57.8767,4.96,0,,,,,41,11.1,ok
TIC 456865914,21.5634,19.1724,4.96,0,,,,,6,6.3,ok
TIC 269238261,350.1439,62.2133,4.96,0,,,,,9,16.0,ok
TIC 469584459,328.7214,56.6112,4.96,0,,,,,8,8.6,ok
TIC 240832452,15.7913,53.1404,4.96,0,,,,,4,4.5,ok
TIC 378536210,0.6505,66.099,4.96,0,,,,,6,6.6,ok
TIC 412881761,330.014,65.4328,4.97,0,,,,,10,11.0,ok
TIC 259011746,16.0186,38.6885,4.97,0,,,,,3,3.9,ok
TIC 155000439,345.221,46.5106,4.97,0,,,,,5,6.4,ok
TIC 445356474,14.0545,57.9965,4.97,0,,,,,4,5.9,ok
TIC 272324954,356.0136,61.7895,4.97,0,,,,,9,9.7,ok
TIC 196613658,17.0048,43.9418,4.98,0,,,,,4,6.1,ok
TIC 66348580,341.2046,52.5172,4.98,0,,,,,6,6.6,ok
TIC 67380580,343.1584,50.7048,4.98,0,,,,,6,7.1,ok
TIC 230087513,246.9955,68.7683,4.98,0,,,,,40,11.0,ok
TIC 306179633,29.8995,21.0585,5.0,0,,,,,6,6.6,ok
TIC 427312571,352.5083,58.5489,5.01,1,6.0662,28.4,rejete,eclipse_secondaire,6,8.9,ok
TIC 252538485,344.7928,52.6547,5.01,0,,,,,5,6.0,ok
TIC 441797545,264.2875,72.4559,5.01,0,,,,,38,11.0,ok
TIC 445271527,12.3078,57.075,5.02,0,,,,,4,4.8,ok
TIC 313883837,318.6514,56.8834,5.02,0,,,,,6,7.3,ok
TIC 240799878,12.2087,50.9681,5.02,0,,,,,5,6.7,ok
TIC 240661253,9.1894,48.9522,5.02,0,,,,,4,5.1,ok
TIC 312854670,15.2215,56.6125,5.02,0,,,,,4,4.7,ok
TIC 433884861,342.1846,62.9381,5.03,0,,,,,9,10.0,ok
TIC 354481473,358.2504,41.3457,5.03,0,,,,,3,4.0,ok
TIC 320474096,264.2505,57.7403,5.03,0,,,,,41,11.4,ok
TIC 389917323,275.9771,58.8011,5.03,0,,,,,40,11.2,ok
TIC 366560229,303.7355,72.6056,5.03,0,,,,,29,11.0,ok
TIC 177507770,358.8894,47.3558,5.04,0,,,,,3,3.7,ok
TIC 452910671,8.294,54.8948,5.04,0,,,,,6,7.3,ok
TIC 236767893,273.8214,68.7555,5.04,0,,,,,36,10.9,ok
TIC 334604570,331.2866,62.2798,5.04,0,,,,,8,9.3,ok
TIC 189630420,25.1452,40.5769,5.04,0,,,,,4,4.6,ok
TIC 252126621,15.9047,58.9091,5.05,0,,,,,4,5.0,ok
TIC 176973318,355.561,44.9916,5.06,0,,,,,3,5.2,ok
TIC 224598071,254.8391,56.6888,5.06,0,,,,,36,10.7,ok
TIC 368028185,356.9784,67.8068,5.07,0,,,,,8,8.8,ok
TIC 364122121,307.5029,72.5316,5.07,0,,,,,24,10.5,ok
TIC 24467943,349.1773,53.2122,5.08,0,,,,,2,3.3,ok
TIC 427151794,321.4412,62.574,5.09,0,,,,,11,11.8,ok
TIC 28763463,27.163,37.9527,5.09,0,,,,,4,5.3,ok
TIC 13998870,14.1858,26.34,5.09,0,,,,,3,3.8,ok
TIC 400049825,19.079,33.1145,5.09,0,,,,,3,3.9,ok
TIC 440119789,4.9749,44.7094,5.09,0,,,,,3,4.1,ok
TIC 417031206,359.7523,55.7549,5.09,0,,,,,7,7.9,ok
TIC 330839736,334.1112,57.2203,5.1,0,,,,,8,8.9,ok
TIC 356820178,268.7966,72.0051,5.1,1,1.2803,41.5,rejete,variabilite_continue;eclipse_secondaire;compagnon_trop_gros_5.5Rjup,40,15.9,ok
TIC 283550171,13.3676,37.418,5.11,0,,,,,3,4.4,ok
TIC 436546045,13.7429,23.6281,5.11,0,,,,,3,3.9,ok
TIC 235685913,288.0941,73.8924,5.11,0,,,,,43,11.2,ok
TIC 455737585,357.4207,36.425,5.11,0,,,,,3,4.2,ok
TIC 24791082,349.9289,48.6691,5.11,0,,,,,4,4.9,ok
TIC 233499404,250.1772,72.6717,5.11,0,,,,,39,11.4,ok
TIC 434210589,9.8381,21.2484,5.12,0,,,,,3,4.4,ok
TIC 196692178,17.5771,42.0812,5.12,0,,,,,4,4.9,ok
TIC 196740748,17.794,46.1837,5.12,0,,,,,3,4.2,ok
TIC 420304740,340.0768,53.8458,5.12,0,,,,,6,7.7,ok
TIC 65628544,359.2851,55.7056,5.12,0,,,,,7,7.4,ok
TIC 335916346,265.3405,51.8181,5.12,0,,,,,18,11.8,ok
TIC 285444688,12.858,62.9208,5.13,0,,,,,5,6.3,ok
TIC 333784916,307.8769,74.9545,5.13,0,,,,,21,11.6,ok
TIC 418417396,0.4042,61.2228,5.14,0,,,,,9,9.9,ok
TIC 233008631,247.8669,72.6126,5.14,0,,,,,40,12.3,ok
TIC 196847077,19.5423,47.4197,5.14,0,,,,,4,5.6,ok
TIC 53873088,14.5595,33.9505,5.14,0,,,,,3,5.3,ok
TIC 174419848,16.5467,32.1814,5.14,0,,,,,3,4.4,ok
TIC 63963820,337.5447,57.0008,5.15,0,,,,,6,7.2,ok
TIC 323194041,332.6606,70.1327,5.15,0,,,,,11,10.6,ok
TIC 230021105,291.6108,62.5574,5.15,0,,,,,40,10.4,ok
TIC 26216847,353.9273,51.264,5.16,0,,,,,4,4.7,ok
TIC 353988778,272.6328,54.2879,5.16,0,,,,,36,10.7,ok
TIC 24791904,349.9242,48.3811,5.16,0,,,,,?,1.4,erreur
TIC 315144496,338.0954,53.2227,5.17,0,,,,,8,10.7,ok
TIC 236813492,283.4432,57.4865,5.17,0,,,,,42,12.1,ok
TIC 364255453,313.6855,75.9258,5.17,0,,,,,17,11.0,ok
TIC 260392844,325.5328,54.8216,5.17,0,,,,,8,10.3,ok
TIC 445292744,13.0838,59.7255,5.17,0,,,,,5,5.8,ok
TIC 341444079,325.1805,54.8722,5.18,0,,,,,8,8.9,ok
TIC 337637034,336.7721,65.1322,5.19,0,,,,,9,10.7,ok
TIC 243170364,16.3009,19.1977,5.19,0,,,,,5,5.5,ok
TIC 450006142,9.0348,54.1684,5.19,0,,,,,6,6.2,ok
TIC 177319948,357.7158,47.5079,5.2,0,,,,,1,1.4,ok
TIC 352561597,352.4002,38.6434,5.2,0,,,,,4,4.5,ok
TIC 229752137,280.7932,70.7928,5.2,0,,,,,38,11.0,ok
TIC 65034243,339.1148,58.4261,5.21,0,,,,,5,6.0,ok
TIC 258940924,9.2799,24.0139,5.21,0,,,,,3,3.5,ok
TIC 238417140,1.5022,28.2769,5.21,0,,,,,3,4.4,ok
TIC 242700897,8.1329,18.7945,5.21,0,,,,,3,3.9,ok
TIC 367865950,354.8379,74.0026,5.21,0,,,,,11,10.8,ok
TIC 236871353,302.897,62.0789,5.22,0,,,,,20,10.9,ok
TIC 333172109,352.6651,38.6623,5.22,0,,,,,4,4.4,ok
TIC 252500679,344.2688,48.684,5.22,0,,,,,6,6.2,ok
TIC 427598680,348.2592,67.0761,5.22,0,,,,,9,9.2,ok
TIC 284435711,9.6393,60.3248,5.22,0,,,,,6,6.4,ok
TIC 242702737,7.9787,19.643,5.23,0,,,,,3,3.4,ok
TIC 267484709,298.8421,58.2498,5.23,0,,,,,18,10.7,ok
TIC 252664081,346.7919,52.8167,5.23,0,,,,,5,5.4,ok
TIC 384881668,16.2724,14.9464,5.23,0,,,,,4,4.4,ok
TIC 289570571,251.8152,63.5319,5.25,0,,,,,41,10.5,ok
TIC 153980409,341.3162,47.2038,5.25,0,,,,,8,8.5,ok
TIC 275502466,320.1389,60.7563,5.25,0,,,,,9,9.6,ok
TIC 366674858,333.2202,73.3073,5.25,0,,,,,15,10.4,ok
TIC 233539590,281.0761,61.0482,5.25,0,,,,,40,10.6,ok
TIC 435446525,346.9885,64.2225,5.25,0,,,,,7,8.5,ok
TIC 449981435,6.4239,54.9942,5.25,0,,,,,5,5.7,ok
TIC 20931913,27.1721,32.6918,5.25,0,,,,,3,3.4,ok
TIC 341120753,324.4117,54.0422,5.25,0,,,,,7,8.2,ok
TIC 198187937,245.9461,61.6967,5.25,0,,,,,41,10.3,ok
TIC 354103297,14.2669,48.7031,5.25,0,,,,,5,5.7,ok
TIC 365048183,298.3225,57.5235,5.26,0,,,,,18,11.1,ok
TIC 196350457,14.4153,45.8393,5.26,0,,,,,4,4.4,ok
TIC 91252397,27.5356,22.2753,5.26,0,,,,,5,5.3,ok
TIC 230076586,244.5403,68.5548,5.26,0,,,,,41,10.7,ok
TIC 252676979,346.9404,49.2965,5.26,0,,,,,5,5.3,ok
TIC 66970010,342.5421,50.6769,5.27,0,,,,,6,6.2,ok
TIC 334600211,331.2877,63.0801,5.27,0,,,,,9,9.9,ok
TIC 194528752,4.923,40.7294,5.28,0,,,,,3,3.5,ok
TIC 236981780,305.3397,63.4318,5.28,0,,,,,21,10.1,ok
TIC 191251808,9.4073,45.6043,5.28,0,,,,,3,3.5,ok
TIC 441804565,265.4927,72.1554,5.29,0,,,,,39,10.8,ok
TIC 44486489,6.882,35.5873,5.29,0,,,,,3,3.6,ok
TIC 61201721,20.7352,31.8411,5.29,0,,,,,3,3.5,ok
TIC 459978312,255.5653,64.6009,5.29,0,,,,,41,17.2,ok
TIC 115660122,8.7899,36.8321,5.29,0,,,,,3,3.5,ok
TIC 118247219,30.9147,25.9355,5.29,0,,,,,4,4.5,ok
TIC 238647401,13.1584,45.1333,5.29,0,,,,,4,4.6,ok
TIC 115780639,11.155,40.6793,5.3,0,,,,,3,3.5,ok
TIC 346454498,0.1278,59.5596,5.3,0,,,,,9,9.3,ok
TIC 177561812,359.2652,42.6582,5.3,0,,,,,2,2.4,ok
TIC 233201616,265.3472,67.1521,5.3,0,,,,,33,10.7,ok
TIC 233529444,280.2351,62.7498,5.3,0,,,,,37,10.3,ok
TIC 177082457,356.1663,42.0588,5.31,0,,,,,3,3.7,ok
TIC 315287550,347.4339,59.3327,5.31,0,,,,,7,7.7,ok
TIC 427651165,348.9075,70.8881,5.32,0,,,,,11,10.7,ok
TIC 470084960,326.5201,79.0186,5.32,0,,,,,15,10.7,ok
TIC 229441400,293.6933,63.4342,5.32,0,,,,,40,11.1,ok
TIC 424731682,255.32,60.649,5.32,0,,,,,41,11.2,ok
TIC 155225111,359.2419,32.3372,5.32,0,,,,,3,3.5,ok
TIC 272221506,355.6316,61.6793,5.33,0,,,,,9,9.4,ok
TIC 243172434,16.4209,21.4731,5.33,0,,,,,3,4.5,ok
TIC 256452595,298.7085,60.615,5.33,0,,,,,23,11.6,ok
TIC 196885867,19.4241,44.6319,5.33,0,,,,,3,3.9,ok
TIC 440037086,3.0658,43.8182,5.34,0,,,,,3,3.5,ok
TIC 235994809,303.3297,79.6514,5.34,0,,,,,20,11.8,ok
TIC 431237989,18.248,30.064,5.34,0,,,,,3,3.4,ok
TIC 82976793,2.3597,63.9539,5.34,0,,,,,8,8.4,ok
TIC 424391564,281.5923,75.4343,5.34,0,,,,,40,11.9,ok
TIC 230070344,243.1055,67.144,5.35,0,,,,,42,10.6,ok
TIC 186513891,20.9198,37.7148,5.35,0,,,,,2,2.9,ok
TIC 329637339,332.9884,59.085,5.36,0,,,,,9,9.7,ok
TIC 372504071,6.1981,61.831,5.36,0,,,,,6,6.4,ok
TIC 403585118,304.3871,66.8553,5.36,0,,,,,26,10.5,ok
TIC 194305489,2.2084,40.4945,5.36,0,,,,,2,2.6,ok
TIC 230383826,285.5209,60.1286,5.37,0,,,,,38,10.6,ok
TIC 345220991,355.4774,57.2599,5.37,0,,,,,7,7.3,ok
TIC 194387552,3.3776,41.0346,5.38,0,,,,,3,4.1,ok
TIC 201418245,0.3303,49.9815,5.38,0,,,,,3,3.5,ok
TIC 232614964,259.122,60.6707,5.38,0,,,,,39,10.6,ok
TIC 197363126,335.1647,50.9808,5.38,0,,,,,7,7.6,ok
TIC 66285950,341.0721,49.4121,5.38,0,,,,,8,8.6,ok
TIC 431156600,340.2615,51.7585,5.38,0,,,,,7,7.8,ok
TIC 252183048,16.7517,56.9344,5.38,0,,,,,4,4.4,ok
TIC 400060912,19.3502,31.7446,5.39,0,,,,,3,3.5,ok
TIC 420551630,11.2601,62.5286,5.39,0,,,,,6,7.0,ok
TIC 238432056,1.6557,29.0205,5.4,0,,,,,3,3.5,ok
TIC 198240135,249.5403,61.1723,5.4,0,,,,,41,10.6,ok
TIC 151056249,24.6555,21.3982,5.4,0,,,,,7,7.7,ok
TIC 229511748,297.358,63.2039,5.4,0,,,,,40,10.8,ok
TIC 387359292,310.7963,66.6576,5.41,0,,,,,13,11.0,ok
TIC 176642092,353.4291,45.0581,5.41,0,,,,,4,4.3,ok
TIC 229412903,292.9995,63.1261,5.42,0,,,,,37,10.7,ok
TIC 219739405,242.0294,62.235,5.42,0,,,,,31,10.9,ok
TIC 243353559,290.356,57.767,5.42,0,,,,,31,10.7,ok
TIC 384881946,16.2298,16.2422,5.42,0,,,,,5,5.3,ok
TIC 385143209,21.3297,16.257,5.42,0,,,,,4,4.1,ok
TIC 26516151,354.7846,50.4717,5.43,0,,,,,3,3.6,ok
TIC 189543371,23.9701,41.0764,5.43,0,,,,,3,3.4,ok
TIC 444242200,352.5334,59.4213,5.43,0,,,,,8,9.1,ok
TIC 445136120,11.3213,55.2214,5.43,0,,,,,4,4.4,ok
TIC 453012550,9.1934,54.9573,5.44,0,,,,,6,6.5,ok
TIC 445224414,11.6768,59.5745,5.44,0,,,,,6,6.4,ok
TIC 403845206,322.747,60.4594,5.44,0,,,,,8,8.8,ok
TIC 440676745,8.2045,28.2803,5.45,0,,,,,3,3.6,ok
TIC 367074597,339.1246,77.5992,5.45,0,,,,,13,10.8,ok
TIC 202717376,8.0464,53.815,5.45,0,,,,,5,5.3,ok
TIC 176547752,352.9593,44.073,5.45,0,,,,,4,4.4,ok
TIC 409446761,327.4384,65.2335,5.45,0,,,,,10,10.1,ok
TIC 58017704,5.5984,35.5363,5.45,0,,,,,1,1.4,ok
TIC 417606550,319.6104,63.5655,5.45,0,,,,,11,11.1,ok
TIC 2041549164,347.6119,43.5432,5.46,0,,,,,0,0.6,aucune_donnee
TIC 284145050,9.114,60.3262,5.46,0,,,,,6,6.6,ok
TIC 82979860,2.1368,63.204,5.46,0,,,,,6,6.3,ok
TIC 368107480,357.2881,68.6687,5.46,0,,,,,6,6.4,ok
TIC 417592937,0.0755,60.3504,5.46,0,,,,,8,8.1,ok
TIC 256663870,300.5848,64.6345,5.47,0,,,,,32,11.4,ok
TIC 279765035,351.8213,70.3598,5.47,0,,,,,11,10.2,ok
TIC 469685016,329.5902,54.5664,5.47,0,,,,,6,6.5,ok
TIC 28245452,28.2941,28.8188,5.48,0,,,,,2,2.4,ok
TIC 314668420,319.5768,55.2606,5.48,0,,,,,9,9.7,ok
TIC 232606431,258.1359,62.8746,5.48,0,,40.6,rejete,variabilite_continue;eclipse_secondaire,39,15.7,ok
TIC 611978188,1.2292,34.6603,5.48,0,,,,,3,6.2,ok
TIC 284136822,9.052,62.6864,5.48,0,,,,,6,6.6,ok
TIC 243188395,16.9887,20.7386,5.49,0,,,,,4,4.5,ok
TIC 115479332,7.2361,36.8997,5.49,0,,,,,3,4.1,ok
TIC 241029764,20.4665,50.122,5.49,0,,,,,4,4.5,ok
TIC 189672630,25.6542,40.3773,5.49,0,,,,,4,4.4,ok
TIC 333375443,353.6563,40.2362,5.49,0,,,,,4,4.8,ok
TIC 232982544,241.5815,67.8105,5.49,0,,72.1,rejete,variabilite_continue;eclipse_secondaire,43,15.1,ok
TIC 456859466,20.3124,22.3747,5.5,0,,,,,3,3.5,ok
TIC 191721574,21.5787,43.4574,5.5,0,,,,,3,3.4,ok
TIC 469924870,330.519,58.0003,5.5,0,,,,,8,8.6,ok
TIC 359437246,4.6198,62.2027,5.5,0,,,,,6,6.1,ok
TIC 470731036,357.6017,63.7436,5.5,0,,,,,9,9.2,ok
TIC 115718110,9.0279,38.2519,5.5,0,,,,,3,3.5,ok
TIC 236866702,302.5673,61.346,5.5,0,,,,,20,11.2,ok
TIC 387897783,316.5962,71.4312,5.51,1,1.4949,23.6,rejete,variabilite_continue;eclipse_secondaire,17,15.5,ok
TIC 439943275,1.1266,42.1199,5.51,0,,,,,2,2.6,ok
TIC 174415437,16.1683,33.183,5.51,0,,,,,3,4.1,ok
TIC 282886048,1.0668,65.1531,5.51,0,,,,,8,9.1,ok
TIC 61525144,25.6003,32.9618,5.52,0,,,,,2,2.4,ok
TIC 421632273,324.74,57.489,5.52,0,,,,,8,8.9,ok
TIC 196888743,19.6384,43.2811,5.53,0,,,,,3,3.4,ok
TIC 85278978,25.9589,32.192,5.53,0,,,,,2,2.3,ok
TIC 65628823,359.2317,55.8403,5.53,0,,,,,7,7.4,ok
TIC 315927966,316.5023,62.9217,5.53,0,,,,,13,10.7,ok
TIC 449988062,6.4362,57.9636,5.53,0,,,,,9,9.3,ok
TIC 321724822,321.9421,66.809,5.53,0,,,,,13,10.7,ok
TIC 125524271,355.2697,41.8506,5.53,0,,,,,4,4.5,ok
TIC 64366713,338.0783,54.0371,5.53,0,,,,,8,8.5,ok
TIC 61203825,20.9078,34.2465,5.53,0,,,,,3,3.4,ok
TIC 414829038,14.4771,13.6958,5.53,0,,,,,4,4.1,ok
TIC 299327248,15.3627,49.5442,5.54,0,,,,,3,3.3,ok
TIC 219880402,261.2431,67.3069,5.54,0,,,,,36,11.1,ok
TIC 417700238,299.675,70.3673,5.54,0,,,,,42,10.4,ok
TIC 428003826,349.3203,45.1638,5.54,0,,,,,4,4.4,ok
TIC 470878030,0.22,66.8481,5.54,0,,,,,7,8.0,ok
TIC 440670053,7.7432,28.7625,5.54,0,,,,,3,3.4,ok
TIC 423024785,263.3818,57.5587,5.55,0,,,,,42,10.4,ok
TIC 352297103,14.8628,39.6212,5.55,0,,,,,3,3.7,ok
TIC 411533716,6.9935,19.5139,5.55,0,,,,,3,3.5,ok
TIC 22502783,2.6348,33.1309,5.55,0,,,,,3,3.9,ok
TIC 233193908,264.1239,68.4888,5.55,0,,,,,34,11.0,ok
TIC 328266160,331.79,58.8406,5.56,0,,,,,9,9.8,ok
TIC 378292562,358.2343,61.0023,5.56,0,,,,,9,9.5,ok
TIC 303320111,12.2694,14.8092,5.56,0,,,,,6,6.3,ok
TIC 174326634,15.7047,31.8041,5.56,0,,,,,3,3.6,ok
TIC 283025123,1.0569,62.2877,5.56,0,,,,,9,9.5,ok
TIC 356785943,268.611,75.1715,5.56,0,,,,,39,11.0,ok
TIC 366637279,333.1213,76.462,5.56,0,,,,,13,13.4,ok
TIC 44453218,6.7825,31.1771,5.56,0,,,,,3,4.1,ok
TIC 432840804,14.5411,39.4752,5.57,0,,,,,3,3.5,ok
TIC 258778547,10.7196,16.662,5.57,0,,,,,6,6.5,ok
TIC 343778934,341.9309,55.1584,5.57,0,,,,,3,4.6,ok
TIC 252751423,347.9012,49.0066,5.57,0,,,,,3,3.5,ok
TIC 421491893,314.8712,55.94,5.57,0,,,,,11,10.9,ok
TIC 461365367,2.6861,71.3011,5.58,0,,,,,10,11.4,ok
TIC 53727998,12.9775,32.367,5.58,0,,,,,3,3.6,ok
TIC 352920358,313.8955,60.022,5.58,0,,,,,10,11.4,ok
TIC 256452389,298.6831,60.8236,5.58,0,,,,,25,10.7,ok
TIC 64734268,338.6351,58.1628,5.59,0,,,,,6,6.7,ok
TIC 16920265,19.3445,26.2949,5.59,0,,,,,3,3.6,ok
TIC 26866198,355.7713,51.9393,5.59,0,,,,,4,4.7,ok
TIC 406891036,1.6107,64.1962,5.59,0,,,,,8,8.2,ok
TIC 320279714,7.7675,55.7021,5.6,0,,,,,6,6.6,ok
TIC 191440301,10.7038,45.9295,5.6,0,,,,,4,4.5,ok
TIC 352691883,308.0565,65.3993,5.6,0,,,,,17,10.9,ok
TIC 406904036,1.5746,61.0761,5.6,0,,,,,8,8.5,ok
TIC 343333748,310.0747,60.5063,5.6,0,,,,,11,10.9,ok
TIC 293880546,296.0333,58.3536,5.6,0,,,,,22,10.9,ok
TIC 312757288,13.7907,57.2761,5.6,0,,,,,4,4.3,ok
TIC 345598728,356.2019,55.7997,5.6,0,,,,,6,6.6,ok
TIC 255873653,14.3324,61.4218,5.6,0,,,,,6,6.4,ok
TIC 155028080,345.5473,44.5728,5.61,0,,,,,5,5.6,ok
TIC 194303203,2.1674,36.6264,5.61,0,,,,,3,3.3,ok
TIC 405794553,324.6718,64.3856,5.61,0,,,,,12,10.8,ok
TIC 256624190,300.304,62.3918,5.61,0,,,,,25,10.8,ok
TIC 314149533,345.8397,58.5638,5.61,0,,,,,6,6.6,ok
TIC 370620542,328.8964,53.2433,5.61,0,,,,,8,8.8,ok
TIC 326998148,2.7823,57.588,5.61,0,,,,,9,9.4,ok
TIC 196894646,19.7631,45.7059,5.61,0,,,,,3,3.5,ok
TIC 306187364,13.3888,48.5188,5.62,0,,,,,5,5.8,ok
TIC 61384402,23.9599,33.8346,5.62,0,,,,,2,2.4,ok
TIC 243146315,15.1166,21.2491,5.62,0,,,,,3,3.6,ok
TIC 347304641,1.5683,58.437,5.62,0,,,,,9,9.4,ok
TIC 455817128,347.6118,43.5431,5.62,0,,,,,5,5.5,ok
TIC 288601729,276.035,79.223,5.62,0,,,,,31,10.8,ok
TIC 422053386,335.1615,58.41,5.62,0,,,,,7,7.9,ok
TIC 336769254,14.038,13.9519,5.62,0,,,,,4,4.3,ok
TIC 264934180,344.4498,73.1333,5.63,0,,,,,9,9.9,ok
TIC 366974998,338.2141,74.0733,5.63,0,,,,,13,10.7,ok
TIC 51961599,14.196,60.3628,5.63,1,4.2417,26.1,rejete,variabilite_continue;eclipse_secondaire,6,9.6,ok
TIC 230129744,251.7694,67.2666,5.63,0,,,,,39,11.1,ok
TIC 230005512,291.0241,65.6535,5.63,0,,,,,41,11.2,ok
TIC 456868486,21.5987,20.0706,5.63,0,,,,,6,6.2,ok
TIC 359584173,279.8307,59.528,5.63,0,,,,,40,10.6,ok
TIC 243172438,16.4241,21.4654,5.63,0,,,,,3,3.3,ok
TIC 408891205,327.0629,65.1707,5.64,0,,,,,11,10.8,ok
TIC 18186516,22.3484,25.2754,5.64,0,,,,,3,3.4,ok
TIC 233580065,282.5751,60.8376,5.64,0,,,,,42,10.6,ok
TIC 219751969,261.4222,60.0485,5.64,0,,58.2,rejete,variabilite_continue;eclipse_secondaire,39,15.4,ok
TIC 440109316,4.5823,44.5584,5.64,0,,,,,3,3.7,ok
TIC 314256283,346.1048,56.4567,5.64,0,,,,,6,6.2,ok
TIC 467543861,337.4729,52.4167,5.64,0,,,,,8,9.0,ok
TIC 440040789,3.1431,44.7071,5.65,0,,,,,3,3.5,ok
TIC 407786651,326.222,62.4606,5.65,0,,,,,11,10.8,ok
TIC 189668779,25.5326,39.4122,5.65,0,,,,,3,3.5,ok
TIC 83907586,3.9783,61.0001,5.65,0,,,,,9,9.1,ok
TIC 229506283,297.0375,61.4112,5.65,0,,,,,33,10.6,ok
TIC 345597058,356.2039,56.4569,5.65,0,,,,,7,7.3,ok
TIC 456905162,26.2324,20.0826,5.65,0,,,,,7,7.8,ok
TIC 357102127,275.4519,55.1298,5.65,0,,,,,40,10.6,ok
TIC 437743738,3.3496,26.9874,5.65,0,,,,,3,3.5,ok
TIC 441792937,263.1703,74.2275,5.66,0,,,,,38,10.6,ok
TIC 80517071,6.6704,34.1838,5.66,0,,,,,2,2.5,ok
TIC 229639858,278.9787,72.3804,5.66,0,,,,,41,10.6,ok
TIC 91308183,27.9463,18.2893,5.66,0,,,,,5,5.7,ok
TIC 387412503,311.1372,69.7516,5.66,0,,,,,19,10.9,ok
TIC 194415107,3.641,41.0328,5.66,0,,,,,3,3.7,ok
TIC 196287714,14.1278,42.9787,5.66,0,,,,,3,3.5,ok
TIC 441808279,266.0869,72.6254,5.66,0,,,,,40,10.8,ok
TIC 331212009,17.468,54.7392,5.66,0,,,,,3,3.4,ok
TIC 25696517,9.7396,26.3237,5.67,0,,,,,3,3.4,ok
TIC 197778506,337.19,50.1379,5.67,0,,,,,8,8.5,ok
TIC 233625787,284.3223,62.3965,5.68,0,,,,,41,10.8,ok
TIC 330843058,334.0665,57.9752,5.68,0,,,,,8,8.8,ok
TIC 53845208,14.2468,31.8963,5.68,0,,,,,3,3.5,ok
TIC 366973328,338.0672,76.2264,5.68,0,,,,,13,10.6,ok
TIC 259258188,0.5307,44.5322,5.68,0,,,,,3,3.4,ok
TIC 241031642,20.6233,51.7772,5.68,0,,,,,4,4.3,ok
TIC 53728537,12.9879,33.8899,5.68,0,,,,,3,3.3,ok
TIC 202418751,6.0654,52.0199,5.68,0,,,,,4,4.5,ok
TIC 444326014,358.5084,56.4894,5.68,0,,,,,8,8.6,ok
TIC 233076309,271.2429,62.6576,5.69,0,,,,,40,10.8,ok
TIC 455867811,339.4131,63.7694,5.69,0,,,,,9,9.5,ok
TIC 326475100,331.8566,53.3074,5.69,0,,,,,8,8.5,ok
TIC 444314751,352.8493,59.4625,5.69,0,,,,,8,8.5,ok
TIC 434717524,345.6629,63.3408,5.69,0,,,,,8,8.5,ok
TIC 453012065,9.2566,55.2172,5.69,1,6.7188,14.4,rejete,variabilite_continue;compagnon_trop_gros_12.5Rjup,6,9.6,ok
TIC 359631862,280.2734,56.7915,5.69,0,,,,,41,10.5,ok
TIC 243227628,17.6797,23.4662,5.7,0,,,,,3,3.8,ok
TIC 387701104,314.3017,69.0574,5.7,0,,,,,18,10.8,ok
TIC 176593319,353.0009,45.8888,5.7,0,,,,,4,4.7,ok
TIC 26832496,26.2779,28.7343,5.7,0,,,,,2,2.9,ok
TIC 432482016,0.0533,38.304,5.7,0,,,,,3,3.5,ok
TIC 191289765,9.6728,46.9568,5.71,0,,,,,4,4.4,ok
TIC 118188155,30.5335,28.4002,5.71,0,,,,,3,3.7,ok
TIC 407113246,5.4263,67.823,5.71,0,,,,,6,6.5,ok
TIC 522882813,13.7427,23.6284,5.71,0,,,,,3,3.6,ok
TIC 61286699,23.1988,35.8424,5.71,0,,,,,2,2.3,ok
TIC 61524043,25.5149,35.2456,5.71,0,,,,,3,3.6,ok
TIC 233540536,281.1255,60.3488,5.71,0,,,,,40,10.7,ok
TIC 456932264,26.8684,21.411,5.71,0,,,,,6,6.4,ok
TIC 1400994843,261.2428,67.3067,5.72,0,,,,,6,6.6,ok
TIC 272541754,356.5309,60.4651,5.72,0,,,,,9,9.6,ok
TIC 406599910,351.4111,68.956,5.72,0,,,,,10,10.6,ok
TIC 612002469,2.1698,36.6264,5.72,0,,,,,3,3.7,ok
TIC 26569031,354.7559,52.2625,5.72,0,,,,,5,5.4,ok
TIC 363753457,3.1885,57.2275,5.72,0,,,,,9,9.5,ok
TIC 127019371,23.7046,20.1725,5.73,0,,,,,6,6.2,ok
TIC 319408823,350.6281,59.3072,5.73,0,,,,,7,7.6,ok
TIC 233193585,264.1655,69.5695,5.73,0,,,,,41,10.8,ok
TIC 219872479,259.8319,67.2822,5.73,0,,,,,37,11.1,ok
TIC 28243289,28.043,24.1174,5.73,0,,,,,4,4.0,ok
TIC 336640219,334.8572,60.1478,5.73,0,,,,,6,6.8,ok
TIC 306187659,13.2254,49.7037,5.73,0,,,,,5,5.5,ok
TIC 155295520,359.8714,33.7235,5.73,0,,,,,3,3.5,ok
TIC 405374935,23.979,17.434,5.73,0,,,,,4,4.4,ok
TIC 406927453,287.4262,58.4682,5.74,0,,,,,40,10.7,ok
TIC 354046338,326.1201,73.6347,5.74,0,,,,,15,11.0,ok
TIC 372131402,1.2292,34.6604,5.74,0,,,,,3,3.4,ok
TIC 402659713,302.6006,71.7167,5.74,0,,,,,31,10.3,ok
TIC 284971587,265.9967,53.8016,5.74,0,,,,,34,10.5,ok
TIC 337546639,336.7951,61.9118,5.74,0,,,,,9,9.7,ok
TIC 338998906,341.033,61.5118,5.74,0,,,,,8,8.9,ok
TIC 235950050,297.7662,78.6242,5.74,0,,,,,26,10.7,ok
TIC 411636838,21.3989,23.5114,5.75,0,,,,,3,3.4,ok
TIC 427872221,353.3792,70.3674,5.75,0,,,,,9,9.7,ok
TIC 176902922,354.9628,45.4435,5.75,0,,,,,3,3.4,ok
TIC 236973844,304.9032,62.2576,5.75,3,5.2976;10.5969;2.6493,34.4,rejete,eclipse_secondaire,18,23.3,ok
TIC 434972994,346.136,63.2409,5.75,0,,,,,8,8.9,ok
TIC 293807888,295.8114,58.0163,5.75,0,,,,,21,11.0,ok
TIC 238452797,21.7732,25.4397,5.76,0,,,,,3,3.6,ok
TIC 1401023908,264.1658,69.5696,5.76,0,,,,,7,8.0,ok
TIC 394123805,288.6615,76.3093,5.76,0,,,,,40,10.7,ok
TIC 431732880,358.9484,48.22,5.76,0,,,,,1,1.5,ok
TIC 252105810,15.5324,56.3286,5.76,0,,,,,4,4.4,ok
TIC 53792606,13.5415,32.8883,5.76,0,,,,,3,3.7,ok
TIC 25390721,351.5856,53.167,5.76,0,,,,,5,5.4,ok
TIC 453177438,17.1396,58.2634,5.77,0,,,,,4,4.4,ok
TIC 320504915,8.1988,54.1198,5.77,0,,,,,5,5.5,ok
TIC 196383672,14.8413,42.8511,5.77,0,,,,,4,4.6,ok
TIC 365048855,298.2986,58.1647,5.77,0,,,,,19,10.9,ok
TIC 377104904,285.3959,57.83,5.78,0,,,,,41,10.6,ok
TIC 26766810,25.3273,25.7455,5.78,0,,,,,3,3.9,ok
TIC 240903487,17.7176,49.1644,5.78,0,,,,,4,4.4,ok
TIC 202431888,6.2769,53.0468,5.78,0,,,,,5,5.3,ok
TIC 436544292,13.6468,19.1884,5.78,0,,,,,5,5.3,ok
TIC 174194250,351.7815,42.9121,5.78,0,,,,,4,4.4,ok
TIC 383676357,279.3895,62.5269,5.78,1,2.5159,11.2,rejete,variabilite_continue;eclipse_secondaire,38,15.3,ok
TIC 64372666,338.1527,55.4347,5.78,0,,,,,7,8.2,ok
TIC 189625661,25.0175,40.6836,5.79,0,,,,,3,3.3,ok
TIC 191493281,11.1088,47.864,5.79,0,,,,,4,4.5,ok
TIC 15519361,14.7629,27.6572,5.79,0,,,,,1,1.4,ok
TIC 336118727,314.0526,75.7201,5.79,0,,,,,17,11.2,ok
TIC 383648251,279.0556,65.4892,5.79,0,,,,,38,10.5,ok
TIC 232625701,268.8489,55.9721,5.79,0,,,,,42,10.5,ok
TIC 67072710,342.7249,51.6128,5.79,0,,,,,6,6.4,ok
TIC 258392991,297.4407,62.5587,5.79,0,,,,,34,10.5,ok
TIC 356735065,254.7607,69.186,5.79,0,,,,,41,10.8,ok
TIC 366872321,337.3375,77.5823,5.8,0,,,,,13,10.8,ok
TIC 259002783,289.9138,66.974,5.8,0,,,,,39,10.5,ok
TIC 417644892,309.9301,80.5,5.8,0,,,,,16,11.0,ok
TIC 409455615,349.5971,41.7736,5.8,0,,,,,4,4.5,ok
TIC 287197149,292.7778,58.5838,5.8,0,,,,,31,11.0,ok
TIC 377784111,298.1987,64.1759,5.81,0,,,,,41,10.8,ok
TIC 431658294,358.4136,53.5883,5.81,0,,,,,4,4.5,ok
TIC 260401770,325.7338,54.5618,5.81,0,,,,,8,8.4,ok
TIC 1979832383,317.9506,59.9864,5.81,0,,,,,9,9.7,ok
TIC 177497770,358.781,47.7285,5.81,0,,,,,1,1.5,ok
TIC 286305421,318.4272,64.4034,5.81,0,,,,,13,10.4,ok
TIC 65457985,358.891,57.4122,5.81,0,,,,,8,8.4,ok
TIC 331268750,328.0045,55.7968,5.82,0,,,,,8,8.8,ok
TIC 194258310,1.9077,40.1477,5.82,0,,,,,1,1.5,ok
TIC 272745924,235.6749,67.0665,5.82,0,,,,,28,10.9,ok
TIC 331465435,341.0463,61.7285,5.82,0,,,,,8,9.3,ok
TIC 345599766,356.1771,55.3924,5.82,0,,,,,6,6.3,ok
TIC 427242776,322.0206,62.0964,5.82,0,,,,,10,10.6,ok
TIC 269932980,351.1494,63.8531,5.83,0,,,,,9,10.0,ok
TIC 202515342,6.5909,49.049,5.83,0,,,,,4,4.7,ok
TIC 238431883,1.648,28.5533,5.83,0,,,,,3,3.5,ok
TIC 352409254,15.7259,41.3451,5.83,0,,,,,3,3.7,ok
TIC 176643707,353.4552,46.6807,5.83,0,,,,,4,4.6,ok
TIC 24578036,349.352,50.8271,5.83,0,,,,,5,5.6,ok
TIC 240659139,8.9529,49.0211,5.84,0,,,,,4,4.4,ok
TIC 44561692,21.7775,34.3775,5.84,0,,,,,4,4.5,ok
TIC 191512924,11.6579,46.8938,5.84,0,,,,,4,4.4,ok
TIC 202375481,5.8006,51.7684,5.84,0,,,,,4,4.6,ok
TIC 125521270,355.1709,36.7209,5.84,0,,,,,3,3.5,ok
TIC 242658250,7.8807,21.1103,5.84,0,,,,,3,3.6,ok
TIC 174440331,17.0069,32.012,5.84,0,,,,,3,3.4,ok
TIC 191180337,8.454,43.6665,5.85,0,,,,,3,3.6,ok
TIC 25920520,353.1459,53.6864,5.85,0,,,,,5,5.9,ok
TIC 238452296,21.6823,27.2463,5.85,0,,,,,3,3.6,ok
TIC 367949372,355.7767,74.0018,5.85,0,,,,,12,11.2,ok
TIC 80474910,10.4008,24.6289,5.85,0,,,,,3,3.7,ok
TIC 314918630,319.8547,58.3267,5.85,0,,,,,7,8.0,ok
TIC 240969430,19.016,49.8962,5.85,0,,,,,4,4.3,ok
TIC 377151600,342.7005,66.7378,5.85,0,,,,,9,9.8,ok
TIC 176756604,354.3836,44.4289,5.86,0,,,,,4,4.6,ok
TIC 377607686,348.1826,63.9547,5.86,0,,,,,8,8.5,ok
TIC 435860104,11.8074,19.5788,5.86,0,,,,,3,3.9,ok
TIC 194235897,1.5177,40.4185,5.86,0,,,,,2,2.4,ok
TIC 388078306,317.9188,70.4413,5.86,0,,,,,17,10.9,ok
TIC 456041847,340.5712,64.872,5.86,0,,,,,9,9.6,ok
TIC 366514723,302.3355,68.5994,5.86,0,,,,,33,10.4,ok
TIC 229641091,279.3895,74.3286,5.86,0,,,,,37,11.7,ok
TIC 282877280,0.8571,63.6405,5.86,0,,,,,7,7.6,ok
TIC 201929751,3.2175,51.4843,5.86,0,,,,,4,4.5,ok
TIC 381320713,22.4706,18.3557,5.87,0,,,,,6,6.7,ok
TIC 264226903,320.046,79.7674,5.87,0,,,,,16,11.3,ok
TIC 16881266,18.3865,29.736,5.87,0,,,,,3,3.7,ok
TIC 196412722,15.2133,46.9257,5.87,0,,,,,5,5.3,ok
TIC 232621086,268.4373,57.056,5.87,0,,,,,42,11.2,ok
TIC 24472626,349.1072,50.6713,5.87,0,,,,,5,5.3,ok
TIC 359033491,1.2758,61.314,5.87,0,,,,,9,9.4,ok
TIC 26424216,354.4261,52.244,5.87,0,,,,,5,6.2,ok
TIC 198362724,256.9518,55.7683,5.88,0,,,,,33,11.4,ok
TIC 287139773,253.508,60.3622,5.88,0,,,,,43,10.9,ok
TIC 441721258,255.4174,75.2971,5.88,0,,47.4,rejete,variabilite_continue;eclipse_secondaire,40,15.5,ok
TIC 439968836,2.0621,46.7085,5.88,0,,,,,3,3.8,ok
TIC 388320750,326.1631,58.2258,5.88,0,,,,,8,8.5,ok
TIC 353877355,271.4998,57.3597,5.88,0,,,,,40,10.4,ok
TIC 251919909,352.0125,59.3351,5.88,0,,,,,8,8.4,ok
TIC 245784759,9.9417,14.2003,5.88,0,,,,,6,6.4,ok
TIC 367187658,341.4065,74.5541,5.88,0,,,,,14,10.5,ok
TIC 388081074,318.4464,70.0275,5.88,0,,,,,17,10.8,ok
TIC 237292421,301.3225,73.4573,5.88,0,,,,,31,10.7,ok
TIC 236936072,304.6117,64.8679,5.88,0,,,,,23,10.5,ok
TIC 196596802,16.8601,45.6094,5.89,0,,,,,4,4.7,ok
TIC 186304151,17.7927,37.7241,5.89,0,,,,,3,3.6,ok
TIC 424438735,279.6006,63.533,5.89,0,,,,,38,11.5,ok
TIC 230112797,248.4788,68.0129,5.89,0,,,,,41,10.6,ok
TIC 66346408,341.1996,53.3026,5.89,0,,,,,5,5.5,ok
TIC 387237649,308.8714,69.6794,5.89,0,,,,,22,10.7,ok
TIC 230082439,245.7779,70.7968,5.89,0,,,,,40,11.1,ok
TIC 80535228,21.5382,34.5792,5.9,0,,,,,4,4.5,ok
TIC 242843555,9.4202,21.0996,5.9,0,,,,,3,3.4,ok
TIC 83620534,3.4842,59.9993,5.9,0,,,,,9,9.4,ok
TIC 321722931,321.9305,66.0746,5.9,0,,,,,12,11.2,ok
TIC 219867444,259.055,71.7923,5.9,0,,,,,41,10.6,ok
TIC 439944446,1.1517,43.5513,5.9,0,,,,,3,3.5,ok
TIC 235983031,300.6108,79.681,5.9,0,,,,,21,10.6,ok
TIC 58103308,6.3238,35.0372,5.9,0,,,,,2,2.4,ok
TIC 13937166,13.4041,29.4891,5.9,0,,,,,3,11.4,ok
TIC 197581139,335.8888,51.6184,5.9,0,,,,,8,8.9,ok
TIC 188768068,261.3494,52.7904,5.9,0,,12.6,rejete,variabilite_continue,21,15.7,ok
TIC 325053805,330.4609,52.8823,5.9,0,,,,,8,9.0,ok
TIC 279192120,7.5832,59.9775,5.9,0,,,,,5,5.2,ok
TIC 198210258,248.1073,60.8232,5.91,0,,,,,41,10.4,ok
TIC 247332514,9.9071,38.2235,5.91,0,,,,,3,3.5,ok
TIC 13863424,12.4709,27.7107,5.91,0,,,,,3,3.5,ok
TIC 57920096,4.6598,31.5172,5.91,0,,,,,3,3.4,ok
TIC 441762221,260.8935,76.0549,5.91,0,,,,,40,10.9,ok
TIC 15517529,14.6185,26.7858,5.91,0,,,,,3,3.4,ok
TIC 455825126,322.5064,64.2935,5.91,0,,,,,11,11.3,ok
TIC 288296438,5.3965,38.187,5.91,0,,,,,3,3.5,ok
TIC 312058762,10.0838,59.4642,5.91,0,,,,,6,6.3,ok
TIC 377424939,341.9289,61.2708,5.91,0,,,,,8,8.9,ok
TIC 44618523,21.9278,31.9661,5.91,0,,,,,3,3.6,ok
TIC 53754965,13.2825,30.3492,5.91,0,,,,,3,3.7,ok
TIC 219777669,263.794,62.4617,5.91,0,,,,,39,10.4,ok
TIC 440076466,4.2877,47.9474,5.92,0,,,,,3,3.5,ok
TIC 449985248,6.5497,56.779,5.92,0,,,,,9,9.1,ok
TIC 177358725,357.9618,42.9098,5.92,0,,,,,3,3.6,ok
TIC 366911785,337.1902,76.2357,5.92,0,,,,,13,10.3,ok
TIC 417703090,348.6554,74.2313,5.92,0,,,,,11,11.0,ok
TIC 240798483,12.1713,52.1007,5.92,0,,,,,4,4.3,ok
TIC 445258198,12.2835,57.8152,5.92,0,,,,,3,3.5,ok
TIC 271652995,354.7046,62.1349,5.92,0,,,,,9,9.3,ok
TIC 259193528,0.3901,44.6753,5.92,0,,,,,3,3.4,ok
TIC 378527649,0.2688,69.5755,5.92,0,,,,,7,8.0,ok
TIC 329768346,333.0885,55.0976,5.92,0,,,,,7,7.5,ok
TIC 431661850,358.3934,51.5226,5.92,0,,,,,4,4.7,ok
TIC 331153739,328.1132,54.6831,5.93,0,,,,,8,8.9,ok
TIC 270243569,351.8217,65.6205,5.93,0,,,,,7,7.5,ok
TIC 283428997,12.8013,38.042,5.93,0,,,,,3,3.6,ok
TIC 430525742,333.2895,53.6239,5.93,0,,,,,8,8.8,ok
TIC 256379705,298.7058,64.7212,5.93,0,,,,,42,10.5,ok
TIC 437751667,5.2919,25.3383,5.93,0,,,,,3,3.4,ok
TIC 198558443,238.3706,65.2884,5.93,0,,,,,30,10.6,ok
TIC 233832738,303.6662,58.9392,5.93,0,,,,,13,11.3,ok
TIC 346479167,350.8963,40.2338,5.94,0,,,,,4,4.6,ok
TIC 269230379,350.0867,60.2747,5.94,0,,,,,8,8.5,ok
TIC 346302587,357.3,58.9632,5.94,0,,,,,8,9.1,ok
TIC 365988293,4.2735,31.0741,5.94,0,,,,,3,3.4,ok
TIC 176794799,354.5147,43.0778,5.94,0,,,,,4,4.4,ok
TIC 410237858,327.9515,64.8999,5.94,0,,,,,12,10.5,ok
TIC 347201858,1.4156,55.7099,5.94,0,,,,,8,8.1,ok
TIC 445366377,14.4216,58.4046,5.95,0,,,,,4,4.6,ok
TIC 322200573,325.1334,70.7861,5.95,0,,,,,14,10.9,ok
TIC 434539877,345.3854,63.292,5.95,0,,,,,8,8.6,ok
TIC 354594501,1.8966,31.6689,5.95,0,,,,,3,3.4,ok
TIC 455767350,358.0314,37.8502,5.95,0,,,,,3,3.6,ok
TIC 233533189,280.4189,61.5467,5.95,0,,,,,38,10.5,ok
TIC 2054321412,359.8716,33.7233,5.96,0,,,,,6,7.8,ok
TIC 47067158,23.0137,16.9462,5.96,0,,,,,4,4.5,ok
TIC 125445341,351.6137,40.3856,5.96,0,,,,,4,4.6,ok
TIC 314369052,346.2766,58.7324,5.96,0,,,,,6,6.5,ok
TIC 125283161,358.1879,34.9719,5.96,0,,,,,3,3.5,ok
TIC 189526794,23.5693,37.2371,5.96,0,,,,,2,2.5,ok
TIC 13863427,12.4721,27.7102,5.97,0,,,,,3,3.6,ok
TIC 354534670,1.7924,34.8538,5.97,0,,,,,3,3.5,ok
TIC 469574418,328.7718,54.4838,5.97,0,,,,,8,8.8,ok
TIC 219873138,260.2362,66.563,5.97,0,,,,,42,11.3,ok
TIC 194358427,2.8796,40.3989,5.97,0,,,,,3,3.4,ok
TIC 12711731,342.8729,62.9719,5.97,0,,,,,9,10.2,ok
TIC 198390460,258.2179,57.8627,5.97,0,,,,,39,11.3,ok
TIC 194236179,1.5848,40.8988,5.98,0,,,,,1,1.5,ok
TIC 160585671,243.6391,73.3951,5.98,0,,,,,41,10.8,ok
TIC 316721645,322.2199,55.4188,5.98,0,,,,,8,8.7,ok
TIC 232634867,269.3802,54.6654,5.98,0,,,,,42,11.0,ok
TIC 318742583,349.7276,54.5386,5.98,0,,,,,5,5.4,ok
TIC 230382377,285.6293,62.7055,5.98,0,,,,,38,10.9,ok
TIC 165498199,265.1506,57.3104,5.98,0,,,,,39,10.8,ok
TIC 237276618,299.2439,75.7136,5.98,0,,,,,28,10.6,ok
TIC 264175756,294.7927,68.6527,5.98,0,,,,,41,10.6,ok
TIC 439943493,1.1524,42.0924,5.98,0,,,,,2,2.5,ok
TIC 366116053,356.6532,66.7822,5.98,0,,,,,8,8.3,ok
TIC 440665329,7.3373,28.8278,5.98,0,,,,,3,3.5,ok
TIC 440053626,3.512,46.9455,5.99,0,,,,,3,3.5,ok
TIC 13997060,13.9937,27.2094,5.99,0,,,,,1,1.4,ok
TIC 371587195,343.147,56.5203,5.99,0,,,,,3,3.5,ok
TIC 176791985,354.4965,46.1994,5.99,0,,,,,1,1.5,ok
TIC 202041778,3.8904,50.0503,5.99,0,,,,,1,1.5,ok
TIC 316185121,328.2801,56.2126,5.99,0,,,,,8,8.7,ok
TIC 353754757,23.9097,28.2696,5.99,0,,,,,3,3.5,ok
TIC 26215038,353.8641,52.2912,5.99,0,,,,,5,5.9,ok
TIC 403306901,5.1428,56.5568,5.99,0,,,,,9,9.1,ok
TIC 177058039,356.1704,46.2654,6.0,0,,,,,2,2.5,ok
TIC 13826537,11.9382,26.2917,6.0,0,,,,,1,1.5,ok
TIC 15554195,15.4324,25.2921,6.0,0,,,,,3,3.6,ok
TIC 61158980,20.8004,33.2899,6.0,0,,,,,3,3.3,ok
TIC 444314028,352.8544,59.1661,6.0,0,,,,,8,8.6,ok
TIC 321983920,323.6072,66.7263,6.0,0,,,,,4,4.6,ok
TIC 354527972,358.2334,36.9538,6.0,0,,,,,3,3.4,ok
TIC 235905576,290.4184,79.6027,6.01,0,,,,,24,10.7,ok
TIC 411577031,328.8791,65.3208,6.02,0,,,,,11,11.0,ok
TIC 258388363,296.6861,68.438,6.02,0,,46.2,rejete,variabilite_continue;eclipse_secondaire;compagnon_trop_gros_4.1Rjup,37,15.4,ok
TIC 63962936,337.5779,57.2254,6.02,0,,,,,3,3.7,ok
TIC 435861943,11.9794,20.9254,6.03,0,,,,,3,3.5,ok
TIC 277502552,310.807,57.114,6.04,0,,,,,11,10.8,ok
TIC 196841006,19.121,42.9392,6.04,0,,,,,3,3.4,ok
TIC 441716054,254.0697,73.1278,6.04,0,,,,,38,11.2,ok
TIC 365050367,298.3981,59.709,6.06,0,,,,,21,10.8,ok
TIC 431556697,357.5937,51.6216,6.08,0,,,,,4,4.7,ok
TIC 352300400,297.0645,59.4235,6.1,0,,,,,24,10.5,ok
TIC 305850608,317.9509,59.9866,6.1,0,,,,,9,9.7,ok
TIC 410232577,327.9052,65.7524,6.11,0,,,,,9,10.7,ok
TIC 346546437,359.528,50.449,6.12,0,,,,,3,4.0,ok
TIC 194324040,2.2662,40.8419,6.12,0,,,,,1,2.2,ok
TIC 173852001,350.1837,44.116,6.12,0,,,,,2,3.1,ok
TIC 2054321411,359.8714,33.7239,6.12,0,,,,,3,3.9,ok
TIC 256556306,299.6197,63.534,6.12,0,,,,,30,10.7,ok
TIC 191662881,12.5766,45.0023,6.13,0,,,,,4,5.0,ok
TIC 440072380,4.09,43.5949,6.13,0,,,,,3,3.7,ok
TIC 288677533,281.4093,79.943,6.13,0,,,,,28,11.0,ok
TIC 189381343,21.8612,41.1013,6.14,0,,,,,3,3.7,ok
TIC 125520057,355.0117,37.6522,6.15,0,,,,,3,3.7,ok
TIC 306554613,13.449,52.6892,6.17,0,,,,,4,5.0,ok
TIC 61360821,23.7418,33.1171,6.17,0,,,,,1,1.8,ok
TIC 376926030,284.4873,77.0505,6.17,0,,,,,39,12.3,ok
TIC 385117613,20.9624,17.8181,6.17,0,,,,,6,8.0,ok
TIC 191770861,22.1436,42.2672,6.18,0,,,,,3,4.1,ok
TIC 353803599,24.3533,25.1666,6.19,0,,,,,3,3.8,ok
TIC 275415829,319.7806,61.8584,6.19,0,,,,,10,11.5,ok
TIC 314576961,319.3282,58.6115,6.2,0,,,,,7,8.6,ok
TIC 82972933,2.3215,65.0711,6.2,0,,,,,5,6.4,ok
TIC 66884677,342.323,50.9759,6.21,0,,,,,6,7.3,ok
TIC 331206534,17.395,57.3498,6.21,0,,,,,3,3.9,ok
TIC 440656029,6.7697,25.042,6.21,0,,,,,3,3.8,ok
TIC 258394269,297.5909,61.2093,6.22,0,,,,,29,11.3,ok
TIC 283546449,13.215,40.2459,6.22,0,,,,,3,5.0,ok
TIC 429657817,322.7572,59.4184,6.23,0,,,,,7,8.9,ok
TIC 440109725,4.6175,44.0252,6.23,0,,,,,3,3.7,ok
TIC 307983881,257.0311,61.16,6.24,0,,,,,12,10.9,ok
TIC 365934195,3.5094,33.2059,6.24,0,,,,,3,3.9,ok
TIC 323122607,320.6706,76.5558,6.24,0,,,,,18,11.6,ok
TIC 434625389,345.4238,60.1973,6.24,0,,,,,2,2.8,ok
TIC 405591119,324.2939,62.3049,6.24,0,,,,,3,4.3,ok
TIC 198418712,260.8445,57.0118,6.25,0,,,,,27,11.1,ok
TIC 440042075,3.2009,46.0953,6.25,0,,,,,3,4.0,ok
TIC 268944966,349.1127,61.9629,6.26,0,,175.3,rejete,eclipse_secondaire,9,14.9,ok
TIC 275502620,320.106,60.6871,6.26,0,,,,,9,10.4,ok
TIC 406854936,274.7833,71.5181,6.26,0,,,,,40,11.4,ok
TIC 437734634,2.2507,28.2475,6.27,0,,,,,1,2.7,ok
TIC 272783172,238.4024,68.7199,6.27,0,,,,,34,11.3,ok
TIC 306207044,30.3885,23.3954,6.27,0,,,,,3,4.0,ok
TIC 256749693,301.1855,63.8904,6.27,0,,,,,27,11.4,ok
TIC 424440086,279.6014,60.7113,6.28,0,,,,,12,11.6,ok
TIC 229912978,287.4409,65.9787,6.28,0,,,,,40,11.3,ok
TIC 405376575,31.6261,24.3332,6.29,0,,,,,6,6.7,ok
TIC 259271401,293.6021,71.605,6.29,0,,,,,41,12.3,ok
TIC 435263720,346.6193,61.44,6.3,0,,,,,1,2.0,ok
TIC 233738458,277.8119,65.4364,6.31,0,,,,,38,11.7,ok
TIC 356920361,273.6707,56.5884,6.31,0,,,,,40,11.8,ok
TIC 343880384,341.8469,58.4831,6.31,0,,,,,5,5.9,ok
TIC 455819325,347.708,45.5107,6.31,0,,,,,4,5.2,ok
TIC 288350652,19.6958,37.3863,6.32,0,,,,,4,5.1,ok
TIC 198384408,257.785,56.6588,6.32,0,,,,,37,11.7,ok
TIC 219812867,267.2652,62.7992,6.32,0,,,,,40,13.0,ok
TIC 272669737,233.651,67.8047,6.32,0,,,,,25,11.3,ok
TIC 284359245,288.0495,57.6742,6.32,0,,,,,36,11.4,ok
TIC 421925727,334.9182,56.204,6.32,0,,,,,2,3.1,ok
TIC 252137537,16.0679,54.2039,6.33,0,,,,,2,2.9,ok
TIC 173771603,349.7605,45.1367,6.35,0,,,,,4,5.6,ok
TIC 452887243,2.9364,57.2715,6.35,0,,,,,2,4.1,ok
TIC 455763559,357.8293,40.1981,6.36,0,,,,,3,4.1,ok
TIC 427069467,339.8942,51.1559,6.36,0,,,,,8,9.2,ok
TIC 191660245,12.4046,47.7638,6.37,0,,,,,1,1.6,ok
TIC 411629521,20.5777,18.6827,6.37,0,,,,,6,6.3,ok
TIC 258958225,289.3434,71.3468,6.38,0,,,,,39,16.7,ok
TIC 58824749,12.8959,12.7847,6.38,0,,,,,1,1.6,ok
TIC 198456033,261.5201,58.652,6.38,0,,,,,43,13.0,ok
TIC 160534539,241.0002,73.1489,6.38,0,,,,,38,12.0,ok
TIC 270819411,353.3376,60.4111,6.38,0,,,,,2,3.3,ok
TIC 437749314,3.7941,27.2834,6.38,0,,,,,3,4.3,ok
TIC 194531699,5.0007,38.2259,6.39,0,,,,,3,4.2,ok
TIC 252748014,347.8486,50.7714,6.4,0,,,,,2,3.1,ok
TIC 332502573,267.2596,54.1946,6.4,0,,,,,9,10.4,ok
TIC 429412649,314.0709,56.8875,6.4,0,,,,,10,11.6,ok
TIC 91277922,27.7895,20.5143,6.4,0,,,,,3,4.1,ok
TIC 406630202,351.5497,70.6856,6.41,0,,,,,3,5.5,ok
TIC 270819212,353.3989,60.4687,6.41,0,,,,,2,4.1,ok
TIC 409478960,355.3733,40.5541,6.41,0,,,,,2,5.0,ok
TIC 1718205142,289.3433,71.3468,6.42,0,,,,,6,6.9,ok
TIC 44629425,22.08,30.5573,6.42,0,,,,,3,3.7,ok
TIC 305255878,312.3224,64.0422,6.42,0,,,,,13,11.0,ok
TIC 80512849,15.6489,27.748,6.44,0,,,,,1,2.2,ok
TIC 237048476,306.966,65.7557,6.44,0,,,,,6,7.3,ok
TIC 435858725,11.6871,21.6242,6.45,0,,,,,1,3.1,ok
TIC 230385278,285.8701,62.0944,6.45,0,,,,,12,12.0,ok
TIC 322437808,326.7534,70.1507,6.46,0,,,,,?,0.7,erreur
TIC 422881329,16.1525,39.991,6.46,0,,,,,3,3.9,ok
TIC 83612641,3.3039,62.0408,6.46,0,,,,,3,4.4,ok
TIC 174499985,17.4877,33.8815,6.47,0,,,,,2,2.5,ok
TIC 252670277,346.7759,50.1924,6.47,0,,,,,4,4.4,ok
TIC 236889115,303.5438,64.7655,6.48,0,,,,,11,10.8,ok
TIC 289622291,254.1051,65.0394,6.48,0,,,,,40,11.1,ok
TIC 377066723,342.2554,68.5706,6.48,0,,,,,9,9.6,ok
TIC 15653983,17.0636,28.8674,6.49,0,,,,,1,1.6,ok
TIC 191770718,22.0291,42.4668,6.49,0,,,,,1,1.9,ok
TIC 307201580,14.8847,48.9662,6.49,0,,,,,4,4.7,ok
TIC 437745265,3.5379,26.2587,6.5,0,,,,,2,2.5,ok
TIC 26370518,354.5029,48.9959,6.5,0,,,,,1,1.4,ok
TIC 233093355,272.7797,60.4096,6.5,0,,,,,41,11.1,ok
TIC 173710176,349.4836,45.4889,6.5,0,,,,,4,4.6,ok
TIC 186363552,18.2776,41.6541,6.51,0,,,,,3,3.4,ok
TIC 125994146,18.5066,34.4926,6.51,0,,,,,3,3.6,ok
TIC 237300455,301.9958,77.8243,6.52,0,,,,,26,11.9,ok
TIC 230085290,246.3721,71.3844,6.52,0,,,,,41,12.6,ok
TIC 176951539,355.2717,46.2181,6.52,0,,,,,?,0.9,erreur
TIC 85281928,26.0955,32.5155,6.52,0,,,,,2,3.5,ok
TIC 229675893,253.231,75.3928,6.52,0,,,,,25,11.5,ok
TIC 260286423,325.6008,57.736,6.52,0,,,,,8,9.0,ok
TIC 435590454,320.5882,77.0901,6.53,0,,,,,4,4.6,ok
TIC 191721747,21.6807,43.6917,6.53,0,,,,,3,3.6,ok
TIC 57987167,5.2253,32.9777,6.53,0,,,,,3,3.6,ok
TIC 322055308,323.8583,68.2194,6.54,0,,,,,5,5.4,ok
TIC 440659103,7.0057,27.0974,6.54,0,,,,,1,1.7,ok
TIC 115591682,8.1799,38.8436,6.55,0,,,,,1,1.6,ok
TIC 173418717,347.4966,47.9594,6.56,0,,,,,4,4.5,ok
TIC 299493163,328.1964,73.7024,6.57,0,,,,,15,11.2,ok
TIC 155258663,359.5883,35.0131,6.57,0,,,,,1,1.5,ok
TIC 67899233,10.5059,40.6879,6.57,0,,,,,3,3.6,ok
TIC 283941117,8.7971,62.9894,6.58,0,,,,,3,3.5,ok
TIC 173464265,347.9094,47.0978,6.58,0,,,,,4,4.5,ok
TIC 441721286,255.1163,75.2249,6.59,0,,,,,39,10.8,ok
TIC 239554846,8.0586,34.9937,6.6,0,,,,,1,2.0,ok
TIC 387510765,312.1072,68.0335,6.6,0,,,,,15,11.0,ok
TIC 315906212,321.2654,58.0855,6.6,0,,,,,9,10.4,ok
TIC 267806071,10.9678,33.3108,6.6,0,,,,,1,1.4,ok
TIC 427271857,322.2619,61.4331,6.61,0,,,,,8,8.9,ok
TIC 331268727,328.0021,55.7921,6.61,0,,,,,2,2.5,ok
TIC 229793060,284.7193,69.5314,6.62,0,,,,,43,11.0,ok
TIC 357528153,19.2103,21.0514,6.62,0,,,,,5,5.6,ok
TIC 198389350,258.2761,54.1397,6.62,0,,21.1,rejete,variabilite_continue;eclipse_secondaire,6,10.0,ok
TIC 201887596,3.034,53.6238,6.62,0,,,,,1,1.5,ok
TIC 422518554,328.6796,67.7539,6.63,0,,,,,4,4.6,ok
TIC 196897516,20.0205,41.9702,6.63,0,,,,,1,1.8,ok
TIC 343177602,309.2833,61.3644,6.63,0,,,,,13,11.1,ok
TIC 173925925,350.407,44.0991,6.64,0,,,,,2,2.6,ok
TIC 233757300,302.9966,59.692,6.64,0,,,,,13,10.7,ok
TIC 238659021,21.0778,43.142,6.64,0,,,,,1,1.6,ok
TIC 85343936,28.9525,30.3544,6.64,0,,,,,1,1.6,ok
TIC 317714240,353.1217,72.0008,6.64,0,,,,,2,3.2,ok
TIC 1981621672,309.3474,75.6035,6.66,0,,,,,4,4.8,ok
TIC 186449244,19.3191,39.4805,6.67,0,,,,,1,1.5,ok
TIC 377506471,341.9706,65.0622,6.67,0,,,,,9,9.9,ok
TIC 198386704,257.9775,57.9679,6.67,0,,,,,39,11.4,ok
TIC 321684341,321.3207,70.4778,6.67,0,,,,,15,11.2,ok
TIC 256427519,324.7939,71.3084,6.68,0,,,,,14,10.8,ok
TIC 57983992,5.1319,30.9751,6.68,0,,,,,1,1.7,ok
TIC 333374017,353.6726,37.8004,6.68,0,,,,,4,4.6,ok
TIC 191142098,8.1119,43.4947,6.69,0,,,,,3,3.5,ok
TIC 191769621,22.0516,44.0492,6.69,0,,,,,2,2.5,ok
TIC 240713961,10.3026,52.1975,6.7,0,,,,,1,1.5,ok
TIC 229961049,289.2214,63.2075,6.7,0,,,,,38,11.2,ok
TIC 366557556,331.7969,72.3731,6.7,0,,,,,11,11.0,ok
TIC 242700779,7.9632,18.1048,6.7,0,,,,,3,3.5,ok
TIC 411630403,20.6029,22.0866,6.7,0,,,,,2,2.6,ok
TIC 237096607,239.5867,70.8958,6.7,0,,,,,28,10.9,ok
TIC 378534800,0.4539,66.3061,6.71,0,,,,,6,6.7,ok
TIC 58858845,20.6793,17.1972,6.71,0,,,,,4,4.2,ok
TIC 173301640,346.825,46.0681,6.71,0,,,,,5,5.5,ok
TIC 306426710,32.8481,21.3773,6.71,0,,,,,5,5.2,ok
TIC 233089202,272.4713,61.8812,6.71,0,,,,,40,11.3,ok
TIC 402894425,302.737,68.2722,6.71,0,,,,,32,10.9,ok
TIC 235709086,289.7336,73.5512,6.72,0,,,,,21,11.4,ok
TIC 381318939,22.4216,22.8261,6.72,0,,,,,1,1.6,ok
TIC 284563819,291.4448,58.0273,6.72,0,,,,,31,10.9,ok
TIC 359676790,280.6803,59.6403,6.72,0,,,,,41,12.3,ok
TIC 53678115,12.4934,34.9741,6.73,0,,,,,1,1.5,ok
TIC 441717161,254.0421,77.6528,6.73,1,4.9031,24.6,rejete,variabilite_continue;eclipse_secondaire,24,15.7,ok
TIC 407339750,16.8706,41.2586,6.74,0,,,,,4,4.9,ok
TIC 365670764,313.3325,62.1501,6.74,0,,,,,12,10.7,ok
TIC 18224448,22.8325,29.4126,6.74,0,,,,,3,4.4,ok
TIC 326812578,22.3612,42.2816,6.74,0,,,,,2,3.0,ok
TIC 344852533,354.8959,58.9706,6.74,0,,,,,6,6.8,ok
TIC 327088409,23.5714,42.3805,6.74,0,,,,,1,5.2,ok
TIC 240839318,15.9903,48.8611,6.75,0,,,,,3,4.6,ok
TIC 306216985,30.5299,22.1038,6.75,0,,,,,6,7.7,ok
TIC 330736514,333.9776,54.6733,6.75,0,,,,,8,9.7,ok
TIC 12790306,343.1908,60.9161,6.75,0,,51.0,rejete,variabilite_continue;eclipse_secondaire;compagnon_trop_gros_17.2Rjup,6,9.9,ok
TIC 333870949,309.3474,75.6036,6.76,0,,,,,16,11.3,ok
TIC 201521810,0.9241,48.4369,6.76,0,,,,,1,2.1,ok
TIC 383623835,270.6279,58.6274,6.76,0,,,,,30,11.2,ok
TIC 53701382,12.8531,32.6566,6.76,0,,,,,3,4.2,ok
TIC 611894925,5.2256,32.9777,6.76,0,,,,,3,5.2,ok
TIC 174158125,351.6716,45.3387,6.76,0,,,,,4,4.6,ok
TIC 224600500,254.9586,58.4626,6.77,0,,,,,27,11.0,ok
TIC 331740746,1.3042,35.5708,6.77,0,,,,,1,1.8,ok
TIC 288516301,273.8931,79.0649,6.78,0,,,,,33,11.3,ok
TIC 219776694,263.5388,60.0886,6.78,0,,,,,42,10.9,ok
TIC 198279946,250.2761,62.308,6.78,0,,15.6,rejete,variabilite_continue;eclipse_secondaire;compagnon_trop_gros_3.9Rjup,39,16.3,ok
TIC 259232873,292.7723,69.527,6.78,0,,,,,10,10.9,ok
TIC 437757602,5.7083,29.4542,6.79,0,,,,,1,1.4,ok
TIC 440062036,3.8244,44.2034,6.79,0,,,,,1,1.4,ok
TIC 118268680,31.1422,25.4134,6.79,0,,,,,4,4.7,ok
TIC 376869778,283.3887,75.7875,6.79,0,,,,,41,12.0,ok
TIC 60986644,29.4899,23.603,6.79,0,,,,,4,4.4,ok
TIC 267942318,11.8289,32.6856,6.79,0,,,,,1,1.5,ok
TIC 311235354,253.9425,67.4785,6.8,0,,,,,12,11.4,ok
TIC 437740465,3.0059,28.606,6.8,0,,,,,2,2.9,ok
TIC 44488067,7.1189,32.4376,6.8,0,,,,,1,2.0,ok
TIC 270730826,353.2306,63.1557,6.81,0,,,,,9,10.0,ok
TIC 240649313,8.8079,51.8375,6.81,0,,,,,3,3.7,ok
TIC 384885401,16.6525,13.8844,6.81,0,,,,,4,4.2,ok
TIC 224604365,255.3789,58.5561,6.81,0,,,,,41,11.1,ok
TIC 252724461,347.5907,49.0186,6.81,0,,,,,4,4.6,ok
TIC 467262325,308.0187,60.4219,6.82,0,,,,,5,5.6,ok
TIC 196501216,15.9723,47.6423,6.82,0,,,,,2,2.5,ok
TIC 338930194,341.0249,64.569,6.82,0,,,,,9,10.4,ok
TIC 381316671,22.2731,21.7222,6.82,0,,,,,3,4.1,ok
TIC 229780562,283.2538,71.7873,6.82,0,,,,,10,10.5,ok
TIC 13961725,13.7458,24.0993,6.82,0,,,,,3,3.4,ok
TIC 359313470,267.9367,56.1202,6.83,0,,,,,16,10.6,ok
TIC 435878278,13.1177,21.4096,6.83,0,,,,,2,2.5,ok
TIC 236770286,274.2445,68.7409,6.84,0,,,,,12,11.2,ok
TIC 441726381,256.4974,75.1035,6.84,0,,,,,39,11.4,ok
TIC 15518194,14.6096,24.522,6.84,0,,,,,3,3.6,ok
TIC 230123572,250.6566,68.1045,6.85,0,,,,,41,11.2,ok
TIC 233193964,264.1031,68.3321,6.85,0,,,,,33,11.1,ok
TIC 376643089,340.231,66.5256,6.85,0,,,,,8,8.7,ok
TIC 18189813,22.6631,25.9153,6.85,0,,,,,1,1.5,ok
TIC 53832151,14.0619,35.2286,6.85,0,,,,,1,1.8,ok
TIC 240733573,10.6582,52.3371,6.86,0,,,,,1,1.9,ok
TIC 229462659,295.1453,62.6654,6.86,0,,,,,16,11.8,ok
TIC 422556732,346.2843,68.418,6.86,0,,,,,9,9.7,ok
TIC 240644651,8.6271,47.9159,6.86,0,,,,,3,4.1,ok
TIC 302190036,8.9586,16.5688,6.87,0,,,,,5,5.4,ok
TIC 177060316,356.1897,43.7463,6.87,0,,,,,1,1.4,ok
TIC 237308912,303.3361,72.8971,6.87,0,,,,,17,10.5,ok
TIC 270139335,351.4604,61.4348,6.88,0,,,,,3,3.6,ok
TIC 18152208,21.8361,29.7707,6.88,0,,,,,1,1.4,ok
TIC 196611025,16.8391,43.5235,6.88,0,,,,,2,2.6,ok
TIC 1717994248,289.2217,63.2073,6.88,0,,,,,6,6.8,ok
TIC 283885050,2.1194,34.9346,6.88,0,,,,,3,3.7,ok
TIC 437749749,3.8401,28.5867,6.88,0,,,,,3,3.5,ok
TIC 25763486,10.6209,27.6429,6.88,0,,,,,1,1.5,ok
TIC 233059608,269.8074,64.1427,6.89,0,,,,,36,11.0,ok
TIC 371587894,343.1487,56.71,6.89,0,,,,,3,3.8,ok
TIC 385116000,20.5107,15.789,6.89,0,,,,,4,4.3,ok
TIC 455784540,359.7215,39.1108,6.9,0,,,,,1,1.4,ok
TIC 353863850,331.0537,59.8672,6.91,0,,,,,8,8.8,ok
TIC 431365980,18.2589,33.1545,6.91,0,,,,,3,3.4,ok
TIC 233539061,281.0883,61.9387,6.91,0,,,,,25,11.1,ok
TIC 196405816,15.0142,44.711,6.92,0,,,,,1,1.5,ok
TIC 256298025,276.4761,71.732,6.92,0,,,,,38,11.0,ok
TIC 258463907,304.5436,70.7862,6.92,0,,,,,5,5.5,ok
TIC 306424074,32.727,23.7991,6.92,0,,,,,2,2.5,ok
TIC 233737023,277.8293,62.5383,6.92,0,,13.6,rejete,variabilite_continue;eclipse_secondaire,24,16.6,ok
TIC 236766358,273.5604,70.8344,6.92,0,,,,,11,11.1,ok
TIC 323193003,332.6838,71.1278,6.93,0,,,,,11,10.5,ok
TIC 176648937,353.4928,43.9043,6.93,0,,,,,2,2.4,ok
TIC 233627752,284.6413,60.6675,6.94,0,,,,,16,11.3,ok
TIC 352318848,15.2236,36.6556,6.94,0,,,,,1,1.5,ok
TIC 240931244,18.2249,51.602,6.94,0,,,,,3,3.5,ok
TIC 269665934,301.75,66.3079,6.94,0,,,,,26,10.8,ok
TIC 267863491,312.279,58.7477,6.95,0,,,,,3,3.6,ok
TIC 288346083,264.4036,79.2135,6.95,0,,,,,31,10.9,ok
TIC 306956595,14.0742,52.4913,6.95,0,,,,,4,4.5,ok
TIC 441801208,265.2757,72.422,6.95,0,,,,,40,11.0,ok
TIC 239556891,18.9212,34.7257,6.96,0,,,,,2,2.8,ok
TIC 315756675,311.2627,79.2385,6.96,0,,,,,18,10.9,ok
TIC 202438769,6.2888,48.0475,6.96,0,,,,,3,3.8,ok
TIC 230073581,244.171,67.2393,6.97,0,,,,,42,10.6,ok
TIC 115482129,7.4649,38.3237,6.97,0,,,,,2,2.7,ok
TIC 66290924,341.0824,51.45,6.97,0,,,,,6,6.5,ok
TIC 440109245,4.6694,44.6299,6.97,0,,,,,3,3.4,ok
TIC 283862303,2.007,31.391,6.97,0,,,,,1,1.5,ok
TIC 191720761,21.5709,42.3111,6.98,0,,,,,1,1.4,ok
TIC 272680526,234.671,68.8225,6.98,0,,,,,26,11.1,ok
TIC 305679500,316.0267,63.3796,6.98,0,,,,,4,4.6,ok
TIC 256352113,322.7467,70.8232,6.98,0,,,,,12,11.0,ok
TIC 238305920,5.7521,22.3738,6.98,0,,,,,3,3.5,ok
TIC 236785664,283.0091,59.6671,6.98,0,,,,,40,10.9,ok
TIC 441810716,267.1017,77.0296,6.98,0,,,,,40,10.8,ok
TIC 173611213,348.6087,43.6976,6.98,0,,,,,4,4.5,ok
TIC 199524246,240.2414,64.95,6.98,0,,,,,11,11.3,ok
TIC 381270241,17.0544,21.9768,6.99,0,,,,,3,3.6,ok
TIC 1551749198,270.7119,75.7904,6.99,0,,,,,11,10.9,ok
TIC 196692982,17.6734,42.9307,7.0,0,,,,,3,3.6,ok
TIC 229738635,279.0987,66.9129,7.0,0,,,,,39,11.0,ok
TIC 201970360,3.2575,49.9265,7.0,0,,,,,1,1.5,ok
TIC 359677968,280.9398,57.9485,7.01,0,,,,,41,10.6,ok
TIC 230077650,244.8878,70.3687,7.01,0,,,,,41,10.9,ok
TIC 450008897,9.3803,55.2253,7.01,0,,,,,2,2.4,ok
TIC 13963238,13.8554,28.5592,7.01,0,,,,,1,2.1,ok
TIC 314042667,345.6558,59.605,7.02,0,,,,,2,2.5,ok
TIC 352648346,356.0699,36.3391,7.02,0,,,,,3,3.9,ok
TIC 188640759,259.4603,52.446,7.03,0,,,,,18,10.7,ok
TIC 194256645,1.9297,37.1854,7.03,0,,,,,2,2.4,ok
TIC 467266896,308.7968,62.4696,7.03,0,,,,,3,3.7,ok
TIC 306341705,31.5665,20.5922,7.03,0,,,,,6,6.2,ok
TIC 18251910,23.3293,23.9757,7.03,0,,,,,3,3.5,ok
TIC 13284088,344.1966,62.7271,7.03,0,,,,,5,6.2,ok
TIC 353897791,271.8728,56.8023,7.03,0,,,,,26,11.3,ok
TIC 24707119,349.7828,48.9195,7.03,0,,,,,2,2.4,ok
TIC 174395513,15.9948,35.4695,7.04,0,,,,,1,1.8,ok
TIC 191288300,9.4884,47.4073,7.04,0,,,,,4,4.5,ok
TIC 189358516,21.7241,37.4918,7.04,0,,,,,1,1.5,ok
TIC 440657017,6.8617,26.2784,7.04,0,,,,,3,3.5,ok
TIC 241017747,20.1691,51.5948,7.04,0,,,,,3,3.5,ok
TIC 229676244,253.1832,76.8527,7.05,0,,83.9,rejete,variabilite_continue;eclipse_secondaire,39,16.1,ok
TIC 436540931,13.3262,19.7664,7.05,0,,,,,1,1.6,ok
TIC 439946040,1.2398,45.6734,7.05,0,,,,,3,3.6,ok
TIC 229586778,271.5073,76.1319,7.05,0,,,,,42,10.9,ok
TIC 198212148,248.1739,62.8551,7.06,0,,,,,25,11.8,ok
TIC 264075158,309.0028,79.4304,7.06,0,,,,,18,11.3,ok
TIC 381319184,22.4524,23.6902,7.06,0,,,,,2,2.5,ok
TIC 173418718,347.4903,47.9584,7.07,0,,,,,4,4.7,ok
TIC 264180023,317.8659,78.9754,7.07,0,,,,,6,6.8,ok
TIC 331066260,334.2548,56.1764,7.07,0,,,,,2,2.6,ok
TIC 13389059,344.6658,63.0771,7.08,0,,,,,8,8.9,ok
TIC 326113102,331.6693,53.1288,7.08,0,,,,,8,9.2,ok
TIC 189523618,23.3913,40.9013,7.08,0,,,,,1,3.7,ok
TIC 251888591,351.7926,54.8664,7.08,0,,,,,5,5.7,ok
TIC 352828095,313.4227,61.7768,7.08,0,,,,,2,2.6,ok
TIC 26761835,24.903,28.1118,7.08,0,,,,,2,2.5,ok
TIC 407341106,16.7885,38.6504,7.08,0,,,,,2,2.5,ok
TIC 115850723,11.5141,40.8086,7.09,0,,,,,1,1.4,ok
TIC 229739694,279.5969,67.1276,7.09,0,,,,,39,10.9,ok
TIC 426113712,343.528,74.6119,7.09,0,,,,,9,9.8,ok
TIC 155204892,359.0316,33.4874,7.09,0,,,,,1,1.5,ok
TIC 229707441,278.1256,68.6146,7.09,0,,,,,39,10.9,ok
TIC 229686293,262.8618,54.3558,7.1,0,,,,,20,11.1,ok
TIC 233753647,302.6584,57.3868,7.1,0,,,,,12,11.0,ok
TIC 189715497,26.1612,36.9382,7.1,0,,,,,1,1.5,ok
TIC 272748035,236.1898,68.6804,7.1,0,,,,,18,10.8,ok
TIC 436545965,13.7789,23.4165,7.1,0,,,,,3,3.7,ok
TIC 283862309,2.0403,31.379,7.11,0,,,,,1,1.4,ok
TIC 352317587,15.131,37.7915,7.11,0,,,,,1,1.6,ok
TIC 241018215,20.2672,51.9831,7.11,0,,,,,4,4.5,ok
TIC 219871477,259.7394,70.788,7.11,0,,,,,12,10.7,ok
TIC 376110330,337.3775,70.4358,7.11,0,,,,,2,3.3,ok
TIC 359675817,280.8244,57.8179,7.11,0,,,,,42,11.3,ok
TIC 176860064,354.8366,45.7198,7.11,1,6.3766,19.0,rejete,variabilite_continue,3,5.4,ok
TIC 219792610,265.0752,63.6763,7.12,0,,,,,39,12.3,ok
TIC 327894821,331.4152,57.1267,7.12,0,,,,,8,8.9,ok
TIC 431116093,335.0946,51.861,7.12,0,,,,,8,8.7,ok
TIC 188780426,262.1491,51.3611,7.12,0,,,,,17,10.3,ok
TIC 334949376,331.635,60.6643,7.12,0,,,,,10,11.3,ok
TIC 243223995,17.346,22.91,7.12,0,,,,,2,2.5,ok
TIC 194462054,4.1791,36.6297,7.12,0,,,,,1,1.5,ok
TIC 194363048,3.0589,39.9016,7.13,0,,,,,1,1.5,ok
TIC 219762237,262.4352,63.8517,7.13,0,,,,,38,10.8,ok
TIC 127365016,350.0053,41.7549,7.13,0,,,,,3,3.9,ok
TIC 198207398,247.2528,64.7874,7.13,0,,,,,38,10.9,ok
TIC 28282679,28.4831,25.776,7.13,0,,,,,2,2.3,ok
TIC 61285803,23.241,33.853,7.13,0,,,,,2,2.3,ok
TIC 372339447,331.8092,68.3024,7.13,0,,,,,7,7.5,ok
TIC 233052719,269.0831,62.6106,7.13,0,,,,,37,10.8,ok
TIC 240829074,15.8768,50.3121,7.14,0,,,,,4,4.6,ok
TIC 288392195,267.2149,79.333,7.14,0,,,,,31,11.2,ok
TIC 28352865,29.505,28.5198,7.15,0,,,,,1,1.6,ok
TIC 364181927,312.9593,74.639,7.15,0,,,,,7,7.6,ok
TIC 414587194,336.9888,57.6933,7.15,0,,,,,4,4.6,ok
TIC 233613741,283.4362,60.0179,7.15,0,,,,,43,11.2,ok
TIC 439996090,2.365,46.3878,7.16,0,,,,,1,1.9,ok
TIC 316783284,322.2406,58.7398,7.16,0,,,,,8,9.0,ok
TIC 327583823,4.8285,59.139,7.16,0,,,,,7,8.2,ok
TIC 364182010,312.9457,74.7835,7.16,0,,,,,19,10.7,ok
TIC 57986044,5.2883,35.8787,7.17,0,,,,,1,1.8,ok
TIC 186537257,21.4301,36.357,7.17,0,,,,,3,3.8,ok
TIC 455768921,359.7882,41.2018,7.17,0,,,,,3,3.6,ok
TIC 267739847,10.2206,31.1168,7.17,0,,,,,1,1.5,ok
TIC 233059604,269.7942,64.144,7.17,0,,,,,36,11.1,ok
TIC 198389760,258.3762,55.4755,7.18,0,,,,,35,10.5,ok
TIC 406893156,1.5141,63.6796,7.18,0,,,,,4,4.6,ok
TIC 240726027,10.4273,49.8331,7.18,0,,,,,4,4.7,ok
TIC 229765827,281.6911,67.7715,7.18,0,,,,,16,10.9,ok
TIC 173924720,350.4367,45.1757,7.18,0,,,,,4,4.5,ok
TIC 230072155,243.7093,70.9281,7.19,0,,,,,38,11.4,ok
TIC 375651470,335.1315,69.3629,7.19,0,,,,,8,8.8,ok
TIC 288407499,268.5245,78.6798,7.19,0,,,,,37,10.5,ok
TIC 186337556,18.0716,40.9109,7.19,0,,,,,2,2.4,ok
TIC 242700854,8.2472,18.395,7.19,0,,,,,1,1.5,ok
TIC 388078603,317.8854,70.8252,7.2,0,,,,,16,10.6,ok
TIC 191463077,11.0475,46.2356,7.2,0,,88.1,a_verifier,,4,8.2,ok
TIC 600473085,16.9943,39.2524,7.2,0,,,,,1,1.5,ok
TIC 60959951,29.1964,23.051,7.2,0,,,,,4,4.6,ok
TIC 320523530,264.6597,55.7597,7.2,0,,,,,14,10.8,ok
TIC 441811910,266.9101,73.1323,7.2,0,,,,,39,10.7,ok
TIC 439934357,0.9357,42.0236,7.21,0,,,,,1,1.7,ok
TIC 229647826,280.3622,75.3002,7.21,0,,,,,25,11.3,ok
TIC 229966103,289.5486,60.9601,7.21,0,,,,,41,11.6,ok
TIC 356735215,254.8243,68.6789,7.21,0,,,,,24,11.0,ok
TIC 352370090,297.3007,57.409,7.21,0,,,,,21,11.2,ok
TIC 416544045,359.4487,59.7201,7.21,0,,,,,6,6.1,ok
TIC 186531084,21.0985,36.8834,7.21,0,,,,,1,1.5,ok
TIC 236901679,303.9234,65.8536,7.21,0,,,,,26,10.6,ok
TIC 317774715,353.5341,72.9146,7.21,0,,,,,4,4.6,ok
TIC 233093949,272.8811,60.6123,7.21,0,,,,,11,10.7,ok
TIC 118181946,30.2488,29.2383,7.21,0,,,,,2,2.6,ok
TIC 13212836,344.1288,62.8686,7.21,0,,,,,5,5.4,ok
TIC 298734307,278.6094,57.8018,7.21,0,,,,,39,10.8,ok
TIC 235902851,290.1786,78.16,7.21,0,,,,,29,11.1,ok
TIC 445291280,12.6163,59.6717,7.21,0,,,,,3,3.4,ok
TIC 233051005,268.9291,61.3961,7.22,0,,,,,15,10.6,ok
TIC 252737692,347.7789,53.0582,7.22,0,,,,,3,3.3,ok
TIC 188767945,261.2845,53.1332,7.22,0,,,,,6,6.3,ok
TIC 455767324,357.9678,37.8908,7.22,0,,,,,2,2.6,ok
TIC 352501549,352.1687,39.619,7.22,0,,,,,4,4.4,ok
TIC 284531640,9.9658,63.2275,7.22,0,,,,,3,3.8,ok
TIC 85296653,26.3352,35.7124,7.22,0,,,,,1,1.4,ok
TIC 328745733,332.1503,59.2895,7.23,0,,,,,3,4.1,ok
TIC 445188441,11.463,54.9774,7.23,0,,,,,4,4.5,ok
TIC 219898822,263.3252,67.204,7.23,0,,,,,38,10.6,ok
TIC 434893323,346.0092,63.3969,7.23,0,,,,,7,8.2,ok
TIC 283545765,13.2478,39.0442,7.23,0,,,,,2,2.5,ok
TIC 387009873,22.8085,17.1519,7.24,0,,,,,3,3.1,ok
TIC 323143096,322.1174,76.4034,7.24,0,,,,,15,10.6,ok
TIC 191204685,8.7524,42.6944,7.24,0,,,,,3,3.8,ok
TIC 237215017,294.7802,76.4228,7.24,0,,,,,25,11.4,ok
TIC 469803910,330.0194,55.0197,7.24,0,,,,,2,2.6,ok
TIC 155258121,359.711,33.7417,7.25,0,,,,,3,3.3,ok
TIC 22527304,2.8448,30.4498,7.25,0,,,,,3,3.5,ok
TIC 317649832,352.2071,72.2307,7.25,0,,,,,7,7.6,ok
TIC 235992846,303.0716,80.4686,7.25,0,,,,,19,11.3,ok
TIC 258920785,288.857,66.1195,7.26,0,,,,,16,11.1,ok
TIC 1102509698,236.7038,70.374,7.26,0,,,,,9,10.0,ok
TIC 201970603,3.3359,49.7233,7.26,0,,,,,1,1.8,ok
TIC 267542072,289.4426,76.6192,7.26,0,,,,,24,10.8,ok
TIC 405548671,357.5248,35.771,7.26,0,,,,,2,3.1,ok
TIC 417833778,20.2685,38.0343,7.27,0,,,,,2,2.4,ok
TIC 194462127,4.1862,36.4917,7.27,0,,,,,1,1.5,ok
TIC 243240220,17.9173,22.722,7.28,0,,,,,1,1.7,ok
TIC 335265326,332.19,61.0224,7.28,2,3.8096;7.618,128.0,rejete,eclipse_secondaire,10,20.9,ok
TIC 377900338,348.8712,61.8658,7.28,0,,,,,3,3.5,ok
TIC 237040481,306.4287,60.1777,7.28,0,,,,,3,3.6,ok
TIC 316552072,332.2335,70.24,7.29,0,,,,,11,11.3,ok
TIC 440661265,7.0692,28.0605,7.29,0,,,,,3,3.6,ok
TIC 353855388,271.0014,55.2725,7.29,0,,,,,41,10.6,ok
TIC 410522328,327.9485,61.9429,7.29,0,,,,,10,10.3,ok
TIC 440664090,7.3797,24.8805,7.29,0,,,,,3,3.5,ok
TIC 236815784,283.6265,58.7351,7.3,0,,,,,40,10.8,ok
TIC 376847347,275.2055,70.0732,7.3,0,,,,,40,10.8,ok
TIC 44634692,22.4655,31.0073,7.3,0,,,,,3,3.8,ok
TIC 233660303,260.1754,65.64,7.31,0,,,,,37,10.9,ok
TIC 412638243,329.8319,60.2977,7.31,0,,,,,8,8.7,ok
TIC 437753460,5.3568,28.3264,7.31,0,,,,,1,1.4,ok
TIC 400334460,359.021,64.9838,7.31,0,,,,,2,2.5,ok
TIC 392572237,280.6801,59.637,7.32,0,,,,,30,11.7,ok
TIC 441796625,264.0428,74.0092,7.32,0,,,,,11,10.4,ok
TIC 470684515,357.1626,64.8765,7.32,0,,,,,9,9.4,ok
TIC 230111524,248.2792,70.6168,7.32,0,,,,,23,10.9,ok
TIC 229508304,296.9428,63.8606,7.32,0,,,,,40,10.9,ok
TIC 381344833,22.9356,22.7412,7.32,0,,,,,1,1.5,ok
TIC 455767323,357.9698,37.8909,7.33,0,,,,,1,1.4,ok
TIC 431251125,343.7675,49.4732,7.33,0,,,,,6,6.5,ok
TIC 26895191,27.5326,29.4642,7.33,0,,,,,2,2.5,ok
TIC 431632843,358.2087,48.4818,7.33,0,,,,,1,1.5,ok
TIC 232620788,268.418,56.3926,7.33,0,,,,,42,10.8,ok
TIC 387525192,312.1238,69.658,7.33,0,,,,,7,7.7,ok
TIC 230136491,252.9792,67.9151,7.33,0,,,,,16,10.8,ok
TIC 24935441,350.5361,49.533,7.33,0,,,,,2,2.5,ok
TIC 233721512,276.353,65.7597,7.34,0,,,,,11,10.5,ok
TIC 434216735,10.4255,20.1367,7.34,0,,,,,2,2.5,ok
TIC 230117380,249.4991,69.1625,7.34,0,,,,,40,10.7,ok
TIC 196438725,15.4443,47.7049,7.34,0,,,,,1,1.4,ok
TIC 305399325,314.4174,61.3601,7.34,0,,,,,3,3.5,ok
TIC 354151848,21.0494,51.1734,7.34,0,,,,,2,2.4,ok
TIC 369821689,3.8036,59.7793,7.34,0,,,,,3,3.5,ok
TIC 189581498,24.4604,38.0214,7.34,0,,,,,1,1.5,ok
TIC 115511513,7.348,40.8413,7.35,0,,,,,2,2.6,ok
TIC 196527331,16.2553,43.2731,7.35,0,,,,,1,1.5,ok
TIC 384889096,16.9853,17.4121,7.35,0,,,,,3,3.4,ok
TIC 359675849,280.7074,57.8653,7.35,2,3.6761;3.6558,32.8,rejete,variabilite_continue;eclipse_secondaire,43,18.2,ok
TIC 233046463,268.4021,61.044,7.35,0,,,,,40,11.0,ok
TIC 343658635,341.6104,58.7152,7.35,0,,,,,3,4.3,ok
TIC 235931895,292.3763,78.2655,7.35,0,,,,,26,11.2,ok
TIC 174098946,351.4407,45.3472,7.35,0,,,,,2,3.3,ok
TIC 176596578,353.2229,47.0121,7.35,0,,,,,4,5.3,ok
TIC 243187830,16.9084,22.9523,7.36,0,,,,,3,3.4,ok
TIC 415742186,339.1645,59.5958,7.36,0,,,,,5,5.5,ok
TIC 174495336,17.3225,34.8058,7.36,0,,,,,1,1.4,ok
TIC 343464059,310.6656,63.213,7.36,0,,,,,3,3.5,ok
TIC 58827025,13.1204,13.6487,7.36,0,,,,,1,1.4,ok
TIC 359433514,4.7377,63.2882,7.36,0,,,,,3,3.6,ok
TIC 194353171,2.6956,37.474,7.36,0,,,,,1,1.5,ok
TIC 26808968,355.8066,52.2483,7.36,0,,,,,2,2.4,ok
TIC 16996169,20.2659,25.1578,7.37,0,,,,,3,3.5,ok
TIC 441762590,260.6695,74.6632,7.37,0,,,,,28,11.1,ok
TIC 366490533,299.7486,67.4721,7.37,0,,,,,16,10.2,ok
TIC 396427945,344.8547,72.7116,7.37,0,,,,,8,8.6,ok
TIC 240912392,17.635,52.1291,7.37,0,,,,,2,2.5,ok
TIC 186297798,17.4391,38.1245,7.38,0,,,,,1,1.4,ok
TIC 258939959,9.1824,27.0524,7.38,0,,,,,2,2.5,ok
TIC 150990892,24.5103,21.8858,7.38,0,,,,,7,7.7,ok
TIC 439949946,1.4279,45.8112,7.38,0,,,,,3,3.6,ok
TIC 232614323,259.2434,62.5788,7.38,0,,,,,43,10.8,ok
TIC 389917311,275.9931,58.8243,7.38,0,,,,,30,10.9,ok
TIC 198314134,233.8086,65.2779,7.38,0,,,,,8,8.8,ok
TIC 237087325,307.3984,60.9927,7.38,0,,,,,14,11.0,ok
TIC 229708864,278.4841,66.3568,7.39,0,,,,,12,10.6,ok
TIC 469464559,307.7998,56.8891,7.39,0,,,,,10,10.9,ok
TIC 202152389,4.5896,49.5097,7.39,0,,,,,3,3.4,ok
TIC 400060304,19.2715,29.9928,7.39,0,,,,,2,2.5,ok
TIC 322378751,326.4713,70.3485,7.39,0,,,,,11,10.7,ok
TIC 321446584,320.0317,69.5681,7.4,0,,,,,15,10.6,ok
TIC 268621003,347.6431,60.4209,7.4,0,,,,,2,2.5,ok
TIC 237017738,306.4755,61.555,7.4,0,,,,,6,6.7,ok
TIC 125444926,351.6809,41.0458,7.4,0,,,,,2,2.4,ok
TIC 389966066,277.0804,55.6741,7.4,0,,,,,26,10.7,ok
TIC 367150033,340.6524,74.331,7.4,0,,,,,5,6.8,ok
TIC 174441146,17.203,30.4079,7.41,0,,,,,1,1.5,ok
TIC 435854954,11.3034,23.5908,7.41,0,,,,,1,1.4,ok
TIC 352297435,14.8595,40.155,7.41,0,,,,,1,1.5,ok
TIC 44523154,7.4253,30.1648,7.41,0,,,,,2,2.6,ok
TIC 384888824,16.9644,15.863,7.41,0,,,,,6,6.5,ok
TIC 467361658,344.0189,75.9393,7.41,0,,,,,12,10.8,ok
TIC 406927322,287.4071,58.2757,7.41,0,,,,,41,10.7,ok
TIC 235679672,286.9856,72.2671,7.41,0,,19.1,rejete,variabilite_continue;eclipse_secondaire,25,16.0,ok
TIC 243278327,288.5066,59.5524,7.41,0,,,,,43,10.5,ok
TIC 233192934,264.0572,71.8783,7.42,0,,,,,39,10.6,ok
TIC 601366244,11.0475,46.2354,7.42,0,,88.1,a_verifier,,4,11.4,ok
TIC 439949948,1.4275,45.8096,7.42,0,,,,,3,3.6,ok
TIC 305399324,314.4164,61.3603,7.42,0,,,,,10,10.6,ok
TIC 353871287,271.3373,55.1052,7.43,0,,,,,40,10.6,ok
TIC 80532557,21.4116,31.5459,7.43,0,,,,,3,3.5,ok
TIC 53847727,14.2904,34.8642,7.43,0,,,,,3,3.4,ok
TIC 229978829,290.19,64.0767,7.44,0,,,,,26,10.6,ok
TIC 198364155,256.9623,56.1715,7.44,0,,,,,23,11.0,ok
TIC 441743003,260.2263,73.015,7.44,0,,,,,35,10.8,ok
TIC 323308666,333.225,68.9834,7.44,0,,,,,4,4.4,ok
TIC 219849815,255.9102,69.7986,7.44,0,,,,,40,11.2,ok
TIC 321335373,313.4674,56.363,7.44,0,,,,,10,11.0,ok
TIC 305165101,311.7058,63.9861,7.44,0,,,,,3,3.7,ok
TIC 385115882,20.5003,15.1772,7.45,0,,,,,3,3.4,ok
TIC 230130277,251.8445,69.099,7.45,0,,,,,12,11.2,ok
TIC 22607866,27.5998,30.8033,7.45,0,,,,,1,1.5,ok
TIC 346003063,356.719,58.1968,7.45,0,,,,,8,8.1,ok
TIC 389917321,275.9767,58.8021,7.45,0,,,,,30,11.2,ok
TIC 381245640,19.0678,16.1664,7.46,0,,,,,3,3.3,ok
TIC 320185123,7.4752,59.2545,7.46,0,,,,,3,3.6,ok
TIC 189380526,21.8094,39.6541,7.46,0,,,,,1,1.4,ok
TIC 353753357,23.861,26.6839,7.46,0,,,,,1,1.4,ok
TIC 219872017,259.744,68.878,7.46,0,,,,,39,10.8,ok
TIC 427147238,321.489,65.2615,7.46,0,,,,,9,9.8,ok
TIC 403114672,303.3272,71.1086,7.47,0,,18.8,rejete,variabilite_continue;eclipse_secondaire,17,15.3,ok
TIC 191545850,11.6126,45.4265,7.47,0,,,,,1,1.6,ok
TIC 305259889,312.239,61.1185,7.47,0,,,,,3,3.6,ok
TIC 176952207,355.3344,46.86,7.47,0,,,,,1,1.4,ok
TIC 229751584,280.792,69.3497,7.48,0,,,,,40,10.6,ok
TIC 229954300,288.6811,65.2729,7.48,0,,,,,12,10.8,ok
TIC 431484287,356.7274,48.8017,7.48,0,,,,,1,1.5,ok
TIC 422104683,335.7565,55.2329,7.48,0,,,,,2,2.4,ok
TIC 352027833,356.9004,34.5215,7.48,0,,,,,1,1.5,ok
TIC 1400769906,264.6595,55.7595,7.48,0,,,,,6,6.7,ok
TIC 44633958,22.3654,30.8939,7.48,0,,,,,3,3.4,ok
TIC 1401045351,264.0573,71.8782,7.49,0,,,,,6,6.6,ok
TIC 411612760,20.0877,18.1224,7.49,0,,,,,3,3.4,ok
TIC 198407592,258.6825,58.3843,7.49,0,,,,,23,10.8,ok
TIC 258352700,296.509,67.7382,7.49,0,,,,,12,10.5,ok
TIC 28693837,26.7106,38.7487,7.49,0,,,,,2,2.4,ok
TIC 335484090,332.7479,63.3995,7.49,0,,,,,9,9.5,ok
TIC 366489827,299.6546,68.4122,7.49,0,,,,,16,10.5,ok
TIC 229937671,287.8249,63.2098,7.49,0,,,,,41,11.1,ok
TIC 268107336,312.8792,56.3657,7.49,0,,,,,3,3.5,ok
TIC 173606811,348.4548,44.5979,7.5,0,,,,,1,1.4,ok
TIC 356194731,266.6264,53.5787,7.5,0,,,,,8,9.0,ok
TIC 233159259,275.0807,65.3221,7.5,0,,,,,36,10.7,ok
TIC 405350987,22.4271,17.0989,7.5,0,,,,,4,4.2,ok
TIC 256927410,301.8619,65.1878,7.5,0,,,,,8,8.7,ok
TIC 432548864,0.2069,36.78,7.5,0,,,,,2,2.5,ok
TIC 61273847,23.0541,32.5419,7.5,0,,,,,3,3.4,ok
TIC 387953412,316.7367,69.675,7.5,0,,,,,18,10.8,ok
TIC 435862453,11.8915,18.901,7.5,0,,,,,1,1.6,ok
TIC 243185438,16.6255,19.406,7.5,0,,,,,5,5.3,ok
TIC 177363174,357.8895,47.4877,7.51,0,,,,,1,1.5,ok
TIC 256428083,324.7434,70.4627,7.51,0,,,,,11,10.1,ok
TIC 269810150,350.9421,61.0987,7.51,0,,,,,2,2.4,ok
TIC 12794832,343.1273,62.4405,7.51,0,,,,,4,4.6,ok
TIC 280068700,298.1437,66.7051,7.51,0,,,,,29,10.7,ok
TIC 26833276,26.1984,25.7963,7.51,0,,,,,1,1.5,ok
TIC 251976407,353.1988,57.9056,7.51,0,,,,,2,2.4,ok
TIC 390974108,318.5839,73.1735,7.51,0,,,,,6,6.4,ok
TIC 467546054,337.3284,53.0252,7.51,0,,,,,2,2.4,ok
TIC 67953069,12.3911,38.205,7.52,0,,,,,3,4.0,ok
TIC 276812895,309.0679,59.2132,7.52,0,,,,,3,3.7,ok
TIC 240689108,9.6041,51.2682,7.52,0,,,,,1,1.5,ok
TIC 1400663287,262.2422,50.8703,7.52,0,,,,,3,3.6,ok
TIC 198390699,258.3611,58.5247,7.52,0,,,,,40,10.9,ok
TIC 125282514,358.1467,35.3361,7.52,0,,,,,1,1.5,ok
TIC 265390123,319.666,66.1684,7.52,0,,,,,13,10.6,ok
TIC 237306300,302.7198,77.2418,7.53,0,,,,,26,10.5,ok
TIC 229782841,283.497,67.1212,7.53,0,,,,,11,10.4,ok
TIC 422426642,318.9276,68.3519,7.53,0,,,,,5,5.3,ok
TIC 352179145,4.2807,40.9488,7.54,0,,,,,3,3.6,ok
TIC 177397954,358.0408,43.5088,7.54,0,,,,,2,2.4,ok
TIC 441720646,255.1234,77.6148,7.54,0,,,,,38,10.6,ok
TIC 352262346,14.7806,39.6189,7.54,0,,,,,1,1.4,ok
TIC 383647145,278.7888,63.695,7.54,0,,,,,29,11.0,ok
TIC 456862290,21.1958,20.1591,7.55,0,,,,,6,7.2,ok
TIC 235687279,289.8158,76.481,7.55,0,,,,,38,16.9,ok
TIC 26855074,26.6862,25.9176,7.55,0,,,,,2,2.5,ok
TIC 337886863,337.323,65.1133,7.55,0,,190.7,rejete,eclipse_secondaire;compagnon_trop_gros_30.6Rjup,10,19.4,ok
TIC 127422494,5.8854,37.4329,7.55,0,,,,,1,1.6,ok
TIC 412359545,329.2243,65.5935,7.55,0,,,,,6,6.6,ok
TIC 301944843,15.0826,35.691,7.55,0,,,,,1,1.5,ok
TIC 387526927,312.3747,71.7753,7.55,0,,,,,19,10.6,ok
TIC 331547987,329.9471,67.9742,7.55,0,,,,,9,9.4,ok
TIC 467544100,337.3901,52.492,7.55,0,,,,,2,2.6,ok
TIC 26867035,355.6698,51.4277,7.55,0,,,,,2,2.4,ok
TIC 194301376,1.9623,38.7216,7.56,0,,,,,1,1.5,ok
TIC 83957944,0.3716,30.7356,7.56,0,,,,,2,2.6,ok
TIC 354242880,346.0114,74.4776,7.56,0,,,,,10,10.9,ok
TIC 25801256,11.405,29.1896,7.56,0,,,,,1,1.6,ok
TIC 441796960,263.949,73.0778,7.57,0,,,,,12,11.1,ok
TIC 61507963,25.1087,34.3385,7.57,0,,,,,1,1.4,ok
TIC 20935073,27.3176,35.4398,7.57,0,,,,,1,1.5,ok
TIC 83730709,3.4449,64.8649,7.57,0,,,,,6,6.3,ok
TIC 285233646,12.415,60.759,7.57,0,,13.8,rejete,variabilite_continue;eclipse_secondaire,6,9.3,ok
TIC 336827999,335.1252,61.5772,7.57,0,,,,,8,8.4,ok
TIC 242743278,8.4147,20.4338,7.57,0,,,,,1,1.4,ok
TIC 356056062,254.3023,71.4637,7.58,0,,,,,39,10.8,ok
TIC 306121771,4.6274,26.1402,7.58,0,,,,,1,1.5,ok
TIC 394030068,282.4779,78.8401,7.58,0,,,,,33,10.8,ok
TIC 383622780,270.7201,56.4282,7.58,0,,,,,26,11.2,ok
TIC 362226108,285.8728,73.3792,7.58,1,2.0083,48.5,rejete,variabilite_continue;eclipse_secondaire,12,15.4,ok
TIC 419551450,8.4524,32.8662,7.58,0,,,,,1,1.7,ok
TIC 194257655,1.9181,39.0345,7.58,0,,,,,2,2.4,ok
TIC 302201272,9.2844,15.1392,7.58,0,,,,,4,4.6,ok
TIC 13104869,343.9269,62.3063,7.59,0,,,,,4,4.7,ok
TIC 53701050,12.7939,33.5582,7.59,0,,,,,2,2.7,ok
TIC 435263600,346.7916,60.8324,7.59,0,,,,,4,4.7,ok
TIC 377254191,286.4585,59.2921,7.59,0,,,,,12,10.5,ok
TIC 230070765,243.3245,66.6141,7.59,0,,,,,26,11.2,ok
TIC 434207429,9.689,21.7446,7.59,0,,,,,1,1.5,ok
TIC 240816615,15.4614,51.045,7.59,0,,,,,3,3.5,ok
TIC 219813604,267.1684,64.7668,7.59,0,,,,,11,10.8,ok
TIC 434723918,345.7561,63.6981,7.6,1,8.1024,23.5,rejete,variabilite_continue;eclipse_secondaire;compagnon_trop_gros_12.2Rjup,8,12.5,ok
TIC 321724494,321.9182,66.6582,7.6,0,,,,,4,4.6,ok
TIC 305293882,312.5952,63.8385,7.6,0,,,,,4,4.7,ok
TIC 155022170,345.3666,46.8297,7.6,0,,,,,2,2.4,ok
TIC 44618010,21.8752,30.5117,7.6,0,,,,,1,1.4,ok
TIC 26726774,355.4176,48.4095,7.6,0,,,,,1,1.4,ok
TIC 344291720,317.3017,57.2024,7.6,0,,,,,9,9.9,ok
TIC 61423749,24.5221,30.7899,7.61,0,,,,,1,1.6,ok
TIC 367836197,275.5191,75.8627,7.61,0,,,,,40,10.8,ok
TIC 267803418,10.8855,33.8426,7.61,0,,,,,3,3.5,ok
TIC 326915213,22.7712,43.6207,7.62,0,,,,,3,3.6,ok
TIC 287138053,252.8871,65.199,7.62,0,,,,,12,10.7,ok
TIC 25613685,352.1391,48.6444,7.62,0,,,,,2,2.8,ok
TIC 14005326,14.3136,26.9995,7.62,0,,,,,1,1.5,ok
TIC 468848368,338.9284,53.2043,7.62,0,,,,,2,2.4,ok
TIC 467365197,343.8608,72.5985,7.62,0,,,,,10,10.9,ok
TIC 335036191,332.0011,63.7355,7.62,0,,,,,6,6.9,ok
TIC 230115455,249.1621,69.7933,7.62,0,,,,,38,10.8,ok
TIC 151056397,24.7363,21.9186,7.62,0,,,,,3,4.0,ok
TIC 233496705,249.5432,73.3268,7.62,0,,,,,42,11.1,ok
TIC 417779602,12.2276,32.9246,7.62,0,,,,,1,1.7,ok
TIC 196776808,18.4177,46.658,7.63,0,,,,,2,2.7,ok
TIC 243316031,289.4552,59.8365,7.63,0,,,,,16,10.4,ok
TIC 240936297,18.3428,49.2805,7.63,0,,,,,2,2.5,ok
TIC 327339244,24.6611,44.1444,7.63,0,,,,,2,2.7,ok
TIC 450004909,9.0247,54.8485,7.63,0,,,,,2,2.6,ok
TIC 419522548,3.7884,34.8681,7.63,0,,,,,1,1.4,ok
TIC 357527284,270.1372,56.4553,7.63,0,,,,,12,10.5,ok
TIC 237203789,293.2174,75.331,7.64,0,,,,,16,10.7,ok
TIC 288295489,5.4068,36.2175,7.64,0,,,,,1,1.5,ok
TIC 196948499,20.4835,47.2824,7.64,0,,,,,2,2.5,ok
TIC 456935909,27.1519,22.402,7.64,0,,,,,5,5.3,ok
TIC 201811061,2.6426,52.3166,7.64,0,,,,,4,4.7,ok
TIC 620748460,20.3711,31.3407,7.64,0,,,,,1,1.4,ok
TIC 256320212,15.2772,60.3584,7.64,0,,,,,4,5.2,ok
TIC 429221797,313.1803,56.585,7.64,0,,,,,10,10.7,ok
TIC 230120843,250.0885,70.2375,7.64,0,,,,,24,11.2,ok
TIC 367283756,342.5673,72.5912,7.64,0,,,,,10,11.3,ok
TIC 1400807589,265.7162,58.6845,7.64,0,,,,,28,11.2,ok
TIC 233193944,264.1756,68.3835,7.64,0,,,,,28,10.8,ok
TIC 365935189,3.5545,35.4181,7.64,0,,,,,1,1.5,ok
TIC 155023784,345.4725,47.9553,7.65,0,,,,,1,1.6,ok
TIC 242744928,8.3175,17.9594,7.65,0,,,,,1,1.5,ok
TIC 202217535,4.7441,50.6939,7.65,0,,,,,1,1.5,ok
TIC 196787438,18.6704,47.5495,7.65,0,,,,,2,2.5,ok
TIC 376408460,339.347,68.0821,7.65,0,,,,,3,3.6,ok
TIC 440171105,5.9084,42.0558,7.65,0,,,,,2,2.5,ok
TIC 377098752,285.2016,57.8133,7.65,0,,,,,40,11.0,ok
TIC 258750582,10.1147,16.5788,7.65,0,,,,,4,4.8,ok
TIC 224601836,255.2751,57.1148,7.65,0,,,,,42,10.6,ok
TIC 240897587,17.5305,51.7466,7.65,0,,,,,2,2.5,ok
TIC 342624968,327.0672,54.3876,7.66,0,,,,,2,2.5,ok
TIC 289580285,252.3161,60.1363,7.66,0,,,,,42,11.4,ok
TIC 155257326,359.6914,31.9387,7.66,0,,,,,3,4.2,ok
TIC 383673177,279.1427,63.3633,7.66,0,,,,,38,11.1,ok
TIC 233736604,277.9497,61.7795,7.66,0,,,,,40,11.4,ok
TIC 396194157,357.0352,41.1078,7.66,0,,,,,1,1.4,ok
TIC 352411447,15.6325,39.4753,7.66,0,,,,,1,1.5,ok
TIC 437755687,5.5711,24.6793,7.66,0,,,,,1,1.4,ok
TIC 240871932,16.8479,48.0539,7.67,0,,,,,1,1.4,ok
TIC 267567171,8.8769,35.659,7.67,0,,,,,1,1.4,ok
TIC 372079999,1.2172,30.0857,7.67,0,,,,,2,2.8,ok
TIC 229612173,277.7642,73.0844,7.67,0,,,,,38,11.2,ok
TIC 22660016,28.376,31.9405,7.67,0,,,,,1,1.5,ok
TIC 316413192,321.931,57.3214,7.67,0,,,,,8,8.8,ok
TIC 411853476,329.0667,62.8946,7.67,0,,,,,7,7.9,ok
TIC 372392837,332.0311,68.5191,7.67,0,,,,,7,7.4,ok
TIC 188825310,263.0612,52.5923,7.67,0,,,,,10,10.3,ok
TIC 298229589,346.1701,49.33,7.68,0,,,,,2,2.5,ok
TIC 343827506,316.7294,59.89,7.68,0,,,,,3,3.5,ok
TIC 327585336,4.8103,59.7047,7.68,0,,,,,3,3.6,ok
TIC 440003271,2.5134,46.3902,7.68,0,,,,,3,3.5,ok
TIC 238653265,20.8698,46.8904,7.68,0,,,,,3,3.5,ok
TIC 270334246,351.9123,61.2911,7.68,0,,,,,3,4.2,ok
TIC 219896037,263.1878,66.9825,7.68,0,,,,,36,10.7,ok
TIC 269697721,301.6155,70.6597,7.68,0,,80.5,rejete,variabilite_continue;eclipse_secondaire;compagnon_trop_gros_2.2Rjup,39,15.5,ok
TIC 240838989,16.1017,49.2046,7.68,0,,,,,1,1.5,ok
TIC 224608312,255.8239,59.5867,7.68,0,,,,,30,11.4,ok
TIC 230136419,252.8981,67.655,7.68,0,,,,,42,11.3,ok
TIC 237088261,307.3288,60.4215,7.69,0,,,,,3,3.6,ok
TIC 198281577,250.4716,63.8161,7.69,0,,,,,30,10.7,ok
TIC 194556345,5.1182,40.9221,7.69,0,,,,,3,3.7,ok
TIC 173526447,348.5329,46.1232,7.69,0,,,,,2,2.5,ok
TIC 198212539,248.3354,61.2337,7.69,0,,,,,16,10.9,ok
TIC 25758152,10.0818,26.6661,7.69,0,,,,,2,2.7,ok
TIC 422989548,263.4909,53.9604,7.69,0,,,,,7,7.8,ok
TIC 420132498,291.0198,71.9927,7.69,0,,,,,38,10.9,ok
TIC 436544074,13.5386,20.0797,7.7,0,,,,,2,2.6,ok
TIC 53755352,13.1687,31.4591,7.7,0,,,,,3,3.6,ok
TIC 398266014,336.9202,78.5702,7.7,0,,,,,14,11.3,ok
TIC 61470250,24.9225,30.0829,7.7,0,,,,,1,1.5,ok
TIC 176902576,355.0507,45.0736,7.7,0,,,,,1,1.9,ok
TIC 243276811,288.2375,58.1079,7.7,0,,,,,39,11.2,ok
TIC 439954971,1.4928,44.7394,7.7,0,,,,,1,1.6,ok
TIC 188780222,262.2417,50.8703,7.7,0,,,,,8,8.8,ok
TIC 236872887,302.914,63.5274,7.7,1,5.0684,14.7,rejete,variabilite_continue;eclipse_secondaire,22,15.6,ok
TIC 467262940,307.9713,60.0635,7.7,0,,,,,3,3.5,ok
TIC 429033905,10.8506,15.0955,7.7,0,,,,,5,5.5,ok
TIC 233729687,277.1176,60.4392,7.71,0,,,,,40,11.0,ok
TIC 230115444,249.2464,69.8219,7.71,0,,37.7,rejete,variabilite_continue;eclipse_secondaire,24,16.4,ok
TIC 256383270,298.7967,62.598,7.71,0,,37.3,rejete,variabilite_continue;eclipse_secondaire,17,16.0,ok
TIC 317714263,352.8599,71.9843,7.71,0,,,,,5,6.4,ok
TIC 174305609,352.5388,44.4349,7.71,0,,,,,4,4.6,ok
TIC 256640434,327.5627,71.7659,7.71,0,,,,,4,4.4,ok
TIC 233624495,284.3477,64.8301,7.71,0,,,,,36,11.2,ok
TIC 319302209,350.5436,56.3482,7.71,0,,,,,5,5.6,ok
TIC 275626011,293.7158,57.7728,7.71,0,,,,,6,6.8,ok
TIC 321592604,321.0998,69.9933,7.71,0,,,,,5,5.4,ok
TIC 196568761,16.5052,44.7856,7.71,0,,,,,4,4.4,ok
TIC 256934320,302.3982,60.4051,7.71,0,,,,,7,7.6,ok
TIC 243172582,16.4642,20.9639,7.72,0,,,,,2,2.6,ok
TIC 177057901,356.1339,46.3801,7.72,0,,,,,2,2.5,ok
TIC 252622299,346.2701,49.0491,7.72,0,,,,,2,2.5,ok
TIC 235682613,287.4132,76.1831,7.72,0,,,,,41,11.1,ok
TIC 313443060,345.0376,59.6198,7.72,0,,,,,4,4.6,ok
TIC 267569132,9.011,29.9908,7.72,0,,,,,1,1.5,ok
TIC 320525755,265.0012,57.4038,7.73,0,,,,,40,11.3,ok
TIC 321683715,321.221,69.7953,7.73,0,,,,,13,11.0,ok
TIC 91328047,28.2853,21.9862,7.73,0,,,,,5,5.4,ok
TIC 191206031,8.8167,43.0576,7.73,0,,,,,2,2.5,ok
TIC 229409655,292.9352,60.8637,7.73,0,,,,,40,11.1,ok
TIC 362222987,286.5293,80.5211,7.73,0,,,,,17,11.3,ok
TIC 236764598,273.4525,66.4725,7.73,0,,,,,32,12.5,ok
TIC 240688954,9.6825,51.3912,7.73,0,,,,,1,1.5,ok
TIC 198178505,244.3826,61.3682,7.73,0,,,,,34,10.9,ok
TIC 232646673,281.7368,59.3314,7.73,0,,,,,41,11.3,ok
TIC 1400663286,262.2409,50.8702,7.73,0,,,,,4,4.6,ok
TIC 2042059607,350.8715,45.7932,7.73,0,,,,,2,2.5,ok
TIC 411527640,6.4187,22.9453,7.74,0,,,,,1,1.6,ok
TIC 414827885,13.7841,16.9099,7.74,0,,,,,3,3.5,ok
TIC 306450964,33.0744,21.9823,7.74,0,,,,,7,7.7,ok
TIC 230129363,251.7077,66.0416,7.74,0,,,,,11,12.0,ok
TIC 264004931,293.3817,80.1611,7.75,0,,,,,21,12.4,ok
TIC 118242372,30.6992,28.7861,7.75,0,,,,,1,1.6,ok
TIC 199661054,251.0859,59.9634,7.75,0,,,,,26,11.6,ok
TIC 305046985,12.5506,49.3967,7.75,0,,,,,1,1.5,ok
TIC 455757389,357.6854,41.8281,7.75,0,,,,,1,1.4,ok
TIC 219792306,264.9209,64.5359,7.75,0,,,,,36,11.2,ok
TIC 326812358,22.4716,42.6278,7.75,0,,46.8,rejete,eclipse_secondaire;compagnon_trop_gros_4.0Rjup,2,3.9,ok
TIC 233195058,264.2697,67.1192,7.76,0,,37.5,rejete,variabilite_continue;eclipse_secondaire,31,16.0,ok
TIC 233048851,268.661,64.9926,7.76,0,,,,,31,11.2,ok
TIC 469522211,317.9338,58.4613,7.76,0,,,,,3,3.5,ok
TIC 288603924,276.8921,79.7951,7.76,0,,,,,18,11.0,ok
TIC 235983493,300.5202,80.6833,7.76,0,,,,,7,7.9,ok
TIC 441804114,265.5161,73.4618,7.76,0,,,,,11,10.8,ok
TIC 301800584,8.9684,29.2377,7.76,0,,,,,2,2.6,ok
TIC 329250735,264.176,59.5018,7.76,0,,,,,41,11.0,ok
TIC 437761235,5.9721,29.5025,7.76,0,,,,,1,1.5,ok
TIC 26895810,27.4962,27.4645,7.76,0,,,,,1,1.5,ok
TIC 322200746,325.2427,70.5399,7.76,0,,,,,13,10.6,ok
TIC 219117614,272.4808,69.6816,7.77,0,,,,,37,13.1,ok
TIC 219116889,272.5059,67.7814,7.77,0,,,,,32,11.0,ok
TIC 230064221,229.972,67.0156,7.77,0,,,,,7,7.7,ok
TIC 61385485,24.1699,35.6162,7.77,0,,,,,1,1.7,ok
TIC 287194951,292.4658,58.6084,7.77,0,,,,,8,9.0,ok
TIC 198208345,247.2752,60.6403,7.77,0,,,,,39,10.8,ok
TIC 366865165,336.3369,73.6028,7.77,0,,,,,6,7.0,ok
TIC 236900066,303.8463,64.2,7.77,0,,,,,21,10.7,ok
TIC 125282177,358.1419,34.4485,7.77,0,,,,,2,3.2,ok
TIC 198381449,257.5446,54.4938,7.77,0,,,,,30,11.4,ok
TIC 173712274,349.4612,43.5532,7.77,0,,,,,2,2.6,ok
TIC 125299852,358.5911,33.5932,7.78,0,,,,,1,1.6,ok
TIC 91305032,27.8844,18.5081,7.78,0,,,,,5,5.3,ok
TIC 437739969,3.0185,27.0985,7.78,0,,,,,3,3.4,ok
TIC 418257180,323.3214,72.9606,7.78,0,,,,,14,11.9,ok
TIC 421714420,324.6907,55.7916,7.78,0,,,,,7,7.7,ok
TIC 230118997,249.8084,68.3209,7.78,0,,,,,39,11.0,ok
TIC 431453123,356.5516,50.7865,7.78,0,,,,,2,3.3,ok
TIC 330737270,334.0003,54.826,7.78,0,,,,,2,3.8,ok
TIC 434625997,345.5235,62.512,7.78,0,,,,,6,8.6,ok
TIC 233721324,276.4726,65.3255,7.79,0,,,,,38,13.1,ok
TIC 429034421,10.8881,17.3557,7.79,0,,,,,3,6.2,ok
TIC 241027466,20.3866,48.0799,7.79,0,,,,,2,3.8,ok
TIC 279192681,7.525,60.1511,7.79,0,,,,,2,4.1,ok
TIC 173610999,348.5973,43.476,7.79,0,,,,,2,3.4,ok
TIC 337002857,335.2331,65.3044,7.8,0,,,,,4,5.4,ok
TIC 219861041,258.1247,69.3036,7.8,0,,,,,39,11.0,ok
TIC 233712251,275.8506,62.7803,7.8,0,,,,,26,12.0,ok
TIC 233045685,268.3524,63.0709,7.8,0,,,,,23,11.8,ok
TIC 440044679,3.404,47.1933,7.8,0,,,,,1,1.6,ok
TIC 255993797,308.2566,67.3094,7.8,0,,,,,14,11.5,ok
TIC 26894645,27.3822,28.693,7.8,0,,,,,1,1.7,ok
TIC 371746945,344.3558,57.013,7.8,0,,,,,3,3.6,ok
TIC 252581447,345.4881,47.9986,7.8,0,,,,,1,1.6,ok
TIC 189470904,23.2102,38.1212,7.8,0,,,,,2,3.1,ok
TIC 298552506,265.0964,53.3352,7.8,0,,,,,28,11.6,ok
TIC 322262620,325.34,69.6928,7.8,0,,45.8,rejete,compagnon_trop_gros_2.9Rjup,12,18.9,ok
TIC 428955766,345.2807,76.8695,7.8,0,,,,,5,5.8,ok
TIC 367080588,315.8051,75.6205,7.8,0,,,,,2,2.8,ok
TIC 387951283,316.8181,68.6152,7.81,0,,,,,5,6.1,ok
TIC 622842565,20.3866,48.0799,7.81,0,,,,,2,6.6,ok
TIC 26895956,27.5491,27.0328,7.81,0,,,,,1,1.4,ok
TIC 313572232,345.168,55.2111,7.81,0,,,,,3,3.7,ok
TIC 230128064,251.4485,70.522,7.81,1,1.8633,23.0,rejete,variabilite_continue;eclipse_secondaire,12,16.0,ok
TIC 336777402,14.1682,17.9596,7.81,0,,,,,5,5.4,ok
TIC 259883932,318.7362,64.4983,7.81,0,,,,,13,11.0,ok
TIC 334780420,247.6176,63.571,7.81,0,,33.0,rejete,variabilite_continue;eclipse_secondaire,16,16.5,ok
TIC 267813367,293.2879,59.3962,7.81,0,,,,,19,11.5,ok
TIC 439953532,1.609,42.7527,7.81,0,,,,,3,4.2,ok
TIC 356978137,273.8816,56.8867,7.82,0,,,,,12,10.9,ok
TIC 267567629,8.9148,34.4796,7.82,0,,,,,1,1.6,ok
TIC 229762720,281.4502,68.7278,7.82,0,,,,,16,12.1,ok
TIC 440174420,6.0583,45.8729,7.82,0,,,,,1,1.6,ok
TIC 371670020,343.1749,58.8065,7.82,0,,,,,2,2.9,ok
TIC 243222975,17.3448,18.9409,7.82,0,,,,,3,4.3,ok
TIC 233606647,282.9088,60.4339,7.82,0,,,,,43,11.8,ok
TIC 232604221,257.9176,61.8099,7.82,0,,,,,26,11.1,ok
TIC 264027534,306.1748,79.0944,7.82,0,,,,,21,11.8,ok
TIC 189573904,24.0348,36.5376,7.83,0,,,,,1,1.5,ok
TIC 230376817,285.0518,61.4237,7.83,0,,,,,42,10.9,ok
TIC 198457034,261.7517,57.8167,7.83,0,,,,,41,10.9,ok
TIC 232681393,282.3652,57.8401,7.83,0,,,,,25,11.0,ok
TIC 16957591,19.5369,26.4509,7.83,0,,,,,1,1.4,ok
TIC 16882498,18.5302,25.8273,7.83,0,,,,,3,3.6,ok
TIC 288735530,281.8877,80.1609,7.83,0,,,,,26,11.5,ok
TIC 196921106,20.1972,47.0605,7.83,0,,,,,2,2.4,ok
TIC 333129745,11.5183,12.1074,7.83,0,,,,,3,3.5,ok
TIC 20884837,26.6643,30.794,7.83,0,,,,,1,1.5,ok
TIC 176854310,354.6387,44.6867,7.83,0,,,,,2,2.5,ok
TIC 230091380,247.9274,70.9334,7.83,0,,,,,39,11.8,ok
TIC 440058696,3.5983,43.8461,7.84,0,,,,,2,2.9,ok
TIC 342443350,326.8981,58.282,7.84,0,,,,,7,7.9,ok
TIC 368373135,358.1731,68.0549,7.84,0,,,,,4,4.7,ok
TIC 360020620,300.3926,70.4546,7.84,0,,,,,42,11.0,ok
TIC 372072912,330.6454,68.2604,7.84,0,,,,,8,8.8,ok
TIC 252672595,346.87,49.0435,7.84,0,,,,,2,3.3,ok
TIC 605752029,4.8103,59.7049,7.84,0,,,,,1,3.0,ok
TIC 91398300,29.0046,18.445,7.84,0,,,,,5,7.4,ok
TIC 256514752,299.4764,62.9648,7.84,0,,,,,30,12.0,ok
TIC 288599762,275.6782,79.1711,7.85,0,,,,,10,12.5,ok
TIC 314469903,319.3119,55.0588,7.85,0,,,,,3,5.1,ok
TIC 199632719,250.2071,59.0368,7.85,0,,,,,41,12.4,ok
TIC 305827004,13.1819,52.2783,7.85,0,,,,,2,2.7,ok
TIC 241046885,21.4775,49.2306,7.85,0,,,,,2,2.9,ok
TIC 320184852,7.4916,59.3497,7.85,0,,,,,3,3.8,ok
TIC 176751431,354.1316,45.5145,7.85,0,,,,,2,2.5,ok
TIC 229710150,278.4072,69.064,7.85,0,,,,,39,11.2,ok
TIC 357528774,19.1535,18.5228,7.86,0,,,,,6,6.4,ok
TIC 235943604,295.9304,79.54,7.86,0,,,,,7,7.5,ok
TIC 235676117,282.9453,74.4602,7.86,0,,,,,24,10.8,ok
TIC 186291948,17.179,38.258,7.86,0,,,,,1,1.5,ok
TIC 190971527,6.8445,46.5545,7.86,0,,,,,2,2.4,ok
TIC 258952330,9.619,38.0191,7.87,0,,,,,1,1.5,ok
TIC 305831236,12.9929,50.019,7.87,0,,,,,1,1.4,ok
TIC 219803073,266.1906,60.3137,7.87,0,,,,,38,16.4,ok
TIC 229498188,296.5247,63.5084,7.87,0,,,,,24,11.4,ok
TIC 252699280,347.1718,48.7755,7.87,0,,,,,3,3.6,ok
TIC 240745257,10.8613,49.8946,7.87,0,,,,,1,1.5,ok
TIC 356978704,273.7046,58.0026,7.87,0,,,,,12,10.7,ok
TIC 440064545,3.8325,46.8995,7.87,0,,,,,3,4.9,ok
TIC 364181005,312.8163,72.9481,7.87,0,,,,,18,12.0,ok
TIC 229442763,293.5072,65.5309,7.87,0,,,,,16,11.1,ok
TIC 431704649,358.7052,53.4971,7.87,0,,,,,2,3.3,ok
TIC 366554775,331.6811,75.456,7.87,0,,,,,11,10.6,ok
TIC 219788862,264.4285,61.9539,7.87,0,,,,,15,10.9,ok
TIC 435446467,347.2885,63.999,7.88,0,,,,,3,3.7,ok
TIC 365963199,4.0495,30.5328,7.88,0,,,,,3,3.7,ok
TIC 1981207128,300.4913,65.8903,7.88,0,,,,,9,9.8,ok
TIC 427734916,20.9665,25.9248,7.88,0,,,,,1,2.1,ok
TIC 264101723,314.8677,79.3028,7.88,0,,,,,7,9.0,ok
TIC 258940245,9.2417,26.1821,7.88,0,,,,,3,3.6,ok
TIC 219808429,266.7998,63.1226,7.88,0,,,,,12,10.9,ok
TIC 377255901,286.4488,56.8412,7.88,0,,,,,27,11.1,ok
TIC 359313699,267.9281,56.6042,7.88,0,,,,,16,11.5,ok
TIC 233629373,284.6101,63.4337,7.88,0,,,,,42,11.5,ok
TIC 347011713,1.0888,54.2746,7.88,0,,,,,4,4.6,ok
TIC 411532142,6.7966,21.2581,7.88,0,,,,,1,1.6,ok
TIC 427385758,344.4471,68.4072,7.88,0,,,,,7,7.6,ok
TIC 219849947,256.0791,70.304,7.88,0,,,,,40,11.8,ok
TIC 237215078,294.8096,76.561,7.89,0,,,,,11,11.1,ok
TIC 83940523,0.0155,34.1882,7.89,0,,,,,3,3.8,ok
TIC 366971626,337.7091,77.0047,7.89,0,,,,,5,5.8,ok
TIC 410521615,328.2514,60.6424,7.89,0,,,,,9,12.7,ok
TIC 456931073,26.7665,18.6775,7.89,0,,,,,3,4.8,ok
TIC 18177830,22.3719,29.5431,7.89,0,,,,,1,2.5,ok
TIC 416401558,287.8396,58.3222,7.89,0,,,,,25,11.2,ok
TIC 186534801,21.3779,41.3524,7.89,0,,,,,1,2.9,ok
TIC 57916666,4.588,30.9552,7.89,0,,,,,3,5.2,ok
TIC 232637164,281.123,56.779,7.89,0,,,,,43,12.0,ok
TIC 26916627,27.7439,25.8513,7.89,0,,,,,1,1.5,ok
TIC 414942592,15.2725,17.8378,7.89,0,,,,,3,3.4,ok
TIC 198242678,249.7668,60.6993,7.89,0,,,,,39,11.6,ok
TIC 337377490,336.5091,65.5298,7.9,0,,,,,3,4.0,ok
TIC 28295707,29.0509,27.4773,7.9,0,,,,,1,1.7,ok
TIC 238436010,6.2698,29.8469,7.9,0,,,,,1,1.8,ok
TIC 288514635,273.2903,79.428,7.9,0,,,,,10,11.1,ok
TIC 198237384,248.967,62.385,7.9,0,,,,,12,10.8,ok
TIC 414870003,337.144,58.54,7.9,0,,,,,3,3.7,ok
TIC 247331872,9.8972,36.7904,7.9,0,,,,,1,1.8,ok
TIC 434207963,9.5887,19.7049,7.9,0,,,,,1,2.2,ok
TIC 366642080,305.5954,73.1511,7.9,0,,,,,12,11.0,ok
TIC 421845505,334.6366,59.0613,7.9,0,,,,,7,10.7,ok
TIC 160582982,242.6554,72.3933,7.9,0,,,,,12,14.4,ok
TIC 417642267,317.1631,73.6946,7.9,0,,,,,17,13.8,ok
TIC 372391229,332.151,69.5494,7.9,0,,,,,4,4.8,ok
TIC 462619778,260.0236,55.9355,7.91,0,,,,,15,12.9,ok
TIC 240836893,16.095,51.2221,7.91,0,,,,,2,2.5,ok
TIC 378049892,352.0426,61.4698,7.91,0,,,,,3,3.9,ok
TIC 18112160,20.8139,24.5198,7.91,0,,,,,1,1.6,ok
TIC 229700266,277.0954,69.155,7.91,0,,,,,38,12.0,ok
TIC 26137588,353.7401,51.8242,7.91,0,,,,,4,4.7,ok
TIC 243225951,17.6061,18.1769,7.91,0,,,,,1,1.5,ok
TIC 189634537,25.4051,36.5594,7.91,0,,,,,1,1.5,ok
TIC 236866556,302.4963,61.4752,7.91,0,,,,,17,11.3,ok
TIC 353896872,271.9027,58.9764,7.91,0,,,,,40,11.2,ok
TIC 440102984,4.4113,44.7449,7.91,0,,,,,1,1.7,ok
TIC 306424247,32.7885,23.2166,7.91,0,,,,,1,1.4,ok
TIC 389965072,277.0,57.3984,7.91,0,,,,,16,11.0,ok
TIC 346934659,0.9696,57.3783,7.91,0,,,,,6,6.7,ok
TIC 317013700,332.8633,70.3806,7.91,0,,,,,5,5.8,ok
TIC 411602488,18.2235,22.8382,7.92,0,,,,,1,1.5,ok
TIC 467317924,314.2113,61.5609,7.92,0,,,,,3,3.6,ok
TIC 165526988,266.0311,56.1932,7.92,0,,,,,40,10.8,ok
TIC 196897927,19.9371,42.579,7.92,0,,,,,1,1.5,ok
TIC 450003128,8.9487,55.7072,7.92,0,,,,,1,1.4,ok
TIC 150973984,23.9396,19.6704,7.92,0,,,,,5,5.4,ok
TIC 426958788,8.9706,21.3271,7.92,0,,,,,3,4.8,ok
TIC 462575057,232.7603,66.6713,7.92,0,,,,,14,13.8,ok
TIC 440068000,3.9374,45.5438,7.92,0,,,,,1,1.8,ok
TIC 469523327,318.0444,58.9035,7.92,0,,,,,3,3.6,ok
TIC 408237293,17.1206,17.6537,7.92,0,,,,,1,2.0,ok
TIC 275502993,320.0858,60.5351,7.92,0,,,,,3,3.5,ok
TIC 22661085,28.425,34.4941,7.92,0,,,,,2,2.6,ok
TIC 256926860,301.95,64.6026,7.93,0,,,,,7,7.5,ok
TIC 202767685,8.2645,50.4928,7.93,0,,,,,2,2.6,ok
TIC 306486373,33.332,20.5823,7.93,0,,,,,5,5.5,ok
TIC 258351350,296.5108,69.9193,7.93,0,,,,,42,11.3,ok
TIC 411636021,21.3292,20.3495,7.93,0,,,,,1,1.5,ok
TIC 267651492,9.4968,32.213,7.93,0,,,,,2,2.7,ok
TIC 272759659,237.671,66.4283,7.93,0,,,,,20,11.2,ok
TIC 436549207,13.9438,23.8238,7.93,0,,,,,1,1.5,ok
TIC 258844930,14.8988,16.1139,7.93,0,,,,,5,5.5,ok
TIC 196257076,13.4104,45.8178,7.93,0,,,,,1,1.6,ok
TIC 419524232,8.3059,62.5373,7.93,0,,,,,3,4.1,ok
TIC 118248173,30.9209,27.0847,7.93,0,,,,,2,2.6,ok
TIC 336538743,334.4814,64.1114,7.93,0,,,,,4,4.8,ok
TIC 370711339,328.9773,52.8829,7.93,0,,,,,2,3.0,ok
TIC 189635970,25.4598,39.4676,7.94,0,,,,,1,1.6,ok
TIC 150988509,24.484,21.2611,7.94,0,,,,,1,1.5,ok
TIC 174154338,351.6492,47.3007,7.94,0,,,,,2,2.5,ok
TIC 198357824,256.4676,58.9283,7.94,0,,,,,39,11.1,ok
TIC 236770668,274.1691,69.7096,7.94,0,,,,,39,11.6,ok
TIC 352179802,4.2382,39.799,7.94,0,,,,,3,4.5,ok
TIC 186334023,17.9351,36.4092,7.94,0,,,,,1,1.5,ok
TIC 219856241,257.2577,69.1043,7.95,0,,,,,39,12.0,ok
TIC 376979172,284.3017,56.2328,7.95,0,,,,,10,11.8,ok
TIC 26893828,27.4791,25.7461,7.95,0,,,,,2,2.4,ok
TIC 230128308,251.4472,69.6383,7.95,0,,,,,39,10.8,ok
TIC 196689258,17.4892,45.7471,7.95,0,,,,,2,2.6,ok
TIC 288390174,266.8263,78.3923,7.95,0,,,,,37,12.0,ok
TIC 283345712,13.5713,60.3352,7.95,0,,,,,3,3.6,ok
TIC 398284023,340.1888,78.0221,7.95,0,,,,,9,10.9,ok
TIC 387331030,309.9362,67.3489,7.95,0,,,,,6,8.4,ok
TIC 313799049,345.3637,58.2642,7.95,0,,,,,2,3.2,ok
TIC 428550261,9.8568,60.1149,7.95,0,,,,,3,4.6,ok
TIC 196409095,15.0574,46.8767,7.95,0,,,,,1,1.6,ok
TIC 60961283,29.3083,19.2772,7.95,0,,,,,5,5.9,ok
TIC 405611380,0.6768,42.9206,7.95,0,,,,,1,1.5,ok
TIC 259238764,293.0771,71.3402,7.96,0,,,,,25,11.1,ok
TIC 343264872,309.6192,60.9186,7.96,0,,,,,4,5.0,ok
TIC 436553623,14.2954,19.8784,7.96,0,,,,,1,2.0,ok
TIC 16988395,19.8619,24.4024,7.96,0,,,,,2,2.6,ok
TIC 418417802,0.4197,62.0179,7.96,0,,,,,3,4.6,ok
TIC 202662551,7.4627,52.6135,7.96,0,,,,,4,4.6,ok
TIC 320382848,7.6771,59.6277,7.96,0,,,,,3,3.7,ok
TIC 60987193,29.4851,21.3688,7.96,0,,,,,3,3.4,ok
TIC 383675945,279.221,61.7012,7.96,0,,,,,40,10.6,ok
TIC 189473210,23.2755,38.5703,7.97,0,,,,,1,2.1,ok
TIC 229619206,279.0053,75.5066,7.97,0,,,,,27,11.0,ok
TIC 366472331,330.6318,72.052,7.97,0,,,,,5,6.4,ok
TIC 238627140,12.8666,43.9339,7.97,0,,,,,1,1.7,ok
TIC 381319666,22.5293,22.3485,7.97,0,,,,,1,1.6,ok
TIC 198516314,236.505,65.5804,7.97,0,,,,,28,11.1,ok
TIC 189580092,24.3782,36.7066,7.97,0,,,,,1,1.5,ok
TIC 229702499,277.3671,68.665,7.97,0,,,,,11,11.3,ok
TIC 283929457,8.9066,60.2958,7.97,0,,,,,3,4.0,ok
TIC 267869732,11.0716,31.3827,7.97,0,,,,,3,4.3,ok
TIC 237292152,301.1944,72.9976,7.97,0,,,,,33,10.9,ok
TIC 336800310,16.0328,15.2275,7.97,0,,,,,5,5.4,ok
TIC 198187049,245.7293,61.6949,7.97,0,,,,,39,11.3,ok
TIC 258462158,300.2528,69.9466,7.97,0,,,,,?,1.2,erreur
TIC 467473505,336.4933,53.7816,7.98,0,,,,,2,2.7,ok
TIC 272702094,235.1782,68.4332,7.98,0,,,,,9,9.8,ok
TIC 177248386,357.1976,44.3971,7.98,0,,,,,1,1.6,ok
TIC 196689067,17.5491,45.9854,7.98,0,,,,,1,1.5,ok
TIC 198516246,236.6497,65.8643,7.98,0,,,,,9,10.3,ok
TIC 367857305,276.8387,77.1345,7.98,0,,,,,21,11.4,ok
TIC 53874284,14.5076,30.3134,7.98,0,,,,,1,4.5,ok
TIC 189527556,23.5996,38.8457,7.98,0,,,,,1,2.3,ok
TIC 186296961,17.3969,39.7808,7.98,0,,,,,1,2.2,ok
TIC 91397971,29.0747,19.7314,7.98,0,,,,,1,2.4,ok
TIC 622655530,20.0822,41.3716,7.98,0,,,,,1,2.4,ok
TIC 303339422,12.6576,16.9894,7.98,0,,,,,6,6.7,ok
TIC 306207231,30.4002,22.6278,7.99,0,,,,,5,5.3,ok
TIC 229509761,297.2992,65.9562,7.99,0,,,,,40,11.1,ok
TIC 332370382,19.5062,53.9168,7.99,0,,,,,1,1.5,ok
TIC 18154308,21.9767,25.6819,7.99,0,,,,,1,1.5,ok
TIC 349979079,305.2709,71.9757,7.99,0,,,,,8,9.1,ok
TIC 440062779,3.856,45.0254,7.99,0,,,,,1,1.4,ok
TIC 258773721,286.0049,66.4288,7.99,0,,14.9,rejete,variabilite_continue;eclipse_secondaire,16,16.1,ok
TIC 436545368,13.7559,21.0832,7.99,0,,,,,1,2.0,ok
TIC 230062246,229.8025,65.993,7.99,0,,,,,6,7.1,ok
TIC 196672068,17.2214,45.2074,7.99,0,,,,,1,1.5,ok
TIC 15552473,15.393,28.3168,7.99,0,,,,,2,2.6,ok
TIC 437740105,2.9408,27.51,7.99,0,,,,,1,1.7,ok
TIC 376039033,337.2497,70.6239,8.0,0,,,,,8,8.7,ok
TIC 251999187,353.4233,54.5114,8.0,0,,,,,5,5.5,ok
TIC 437761230,5.9648,29.4959,8.0,0,,,,,1,1.5,ok
TIC 272419243,356.0663,64.9261,8.0,0,,,,,9,9.9,ok
TIC 407336731,0.7163,30.3366,8.0,0,,,,,2,2.5,ok
TIC 233080272,271.7533,65.888,8.0,0,,,,,22,11.0,ok
TIC 279874050,354.4533,67.9275,8.0,0,,,,,10,11.3,ok
TIC 428103462,338.9959,49.7009,8.0,0,,,,,7,8.0,ok
TIC 413454010,336.488,56.0711,8.0,0,,,,,7,9.4,ok
TIC 287195157,292.6586,58.8514,8.0,0,,,,,30,11.8,ok
TIC 353775383,24.0897,27.2332,8.0,0,,,,,1,1.5,ok
TIC 455757444,357.7076,41.758,8.0,0,,,,,1,1.5,ok
TIC 233160374,275.223,62.9552,8.0,0,,,,,40,11.5,ok
TIC 321865126,322.9838,69.6572,8.0,0,,,,,2,3.0,ok
TIC 115417945,7.1703,37.304,8.0,0,,,,,3,3.4,ok
TIC 401213416,324.5944,57.2417,8.0,0,,,,,8,9.1,ok
TIC 289572157,252.0853,62.3155,8.0,0,,,,,41,10.9,ok
TIC 194145323,1.0447,39.1194,8.0,0,,,,,1,1.4,ok
TIC 194144045,0.9877,36.9703,8.0,0,,,,,3,3.7,ok
TIC 279878817,354.3442,70.7785,8.0,0,,,,,8,9.6,ok
TIC 186381604,18.4505,39.0806,8.0,0,,,,,4,4.6,ok
TIC 435167736,346.7112,65.5614,8.0,0,,,,,8,9.0,ok
TIC 440664562,7.3525,26.4952,8.0,0,,,,,3,3.7,ok
TIC 15535089,15.2628,28.9967,8.0,0,,,,,1,1.5,ok
TIC 18153840,21.9931,24.0655,8.0,0,,,,,3,3.6,ok
TIC 469463559,307.7946,57.3878,8.0,0,,,,,11,11.0,ok
TIC 235684720,288.0805,76.8709,8.0,0,,,,,25,11.5,ok
TIC 126998400,23.2109,19.8879,8.0,0,,,,,6,6.3,ok
TIC 418301218,323.3638,73.2315,8.0,0,,,,,14,11.9,ok
TIC 233732332,277.4327,65.1009,8.0,0,,,,,12,11.0,ok
TIC 165553746,267.0715,54.992,8.0,0,,,,,40,10.5,ok
TIC 405590758,324.328,61.1057,8.0,0,,,,,3,3.6,ok
TIC 441768062,262.1211,74.5003,8.0,0,,22.1,rejete,variabilite_continue;eclipse_secondaire,28,16.6,ok
TIC 237292927,301.0182,74.3465,8.0,0,,,,,31,10.7,ok
TIC 224605859,255.7315,56.2353,8.01,0,,,,,32,11.0,ok
TIC 340926916,314.607,59.9728,8.01,0,,,,,10,11.6,ok
TIC 154710430,344.0415,45.7913,8.01,0,,,,,6,7.1,ok
TIC 341816971,267.6306,57.4436,8.01,0,,,,,41,10.6,ok
TIC 25681086,9.4412,26.1215,8.01,0,,,,,1,1.4,ok
TIC 269698397,301.9001,71.7703,8.01,0,,,,,32,10.6,ok
TIC 267656382,311.6464,59.851,8.01,0,,,,,3,3.7,ok
TIC 252521858,344.7465,51.4203,8.01,0,,,,,5,5.6,ok
TIC 378158022,352.2285,63.1595,8.01,0,,,,,9,10.0,ok
TIC 343411197,310.0254,65.2719,8.01,0,,,,,14,11.3,ok
TIC 455914209,339.8359,60.1746,8.01,0,,,,,7,8.7,ok
TIC 414863222,336.8942,59.184,8.01,0,,,,,5,5.9,ok
TIC 240696771,9.7829,51.0269,8.01,0,,,,,4,4.6,ok
TIC 337093916,335.5988,63.9124,8.01,0,,,,,9,10.5,ok
TIC 229448538,294.211,61.2887,8.01,0,,,,,39,11.1,ok
TIC 271918078,355.1992,60.8292,8.01,0,,,,,9,9.7,ok
TIC 359678852,281.0331,56.3738,8.01,0,,,,,41,10.8,ok
TIC 230092485,247.8615,66.2499,8.01,0,,,,,39,10.6,ok
TIC 380783671,8.2643,33.8462,8.01,0,,,,,3,3.6,ok
TIC 252641285,346.5175,50.9907,8.01,0,,,,,5,5.5,ok
TIC 65108262,357.7599,55.7862,8.01,0,,,,,7,7.4,ok
TIC 441808062,266.2203,73.1629,8.01,0,,,,,36,11.0,ok
TIC 219894679,262.7094,69.3243,8.01,0,,,,,36,11.0,ok
TIC 288609401,277.4093,78.5667,8.01,0,,,,,34,12.2,ok
TIC 372749943,311.9755,72.7652,8.01,0,,,,,18,11.3,ok
TIC 427444335,344.8807,69.7438,8.01,0,,,,,9,9.8,ok
TIC 462575187,232.8578,67.0849,8.01,0,,,,,23,11.2,ok
TIC 424731804,255.365,60.2572,8.01,0,,,,,39,10.8,ok
TIC 264221449,294.9409,70.3384,8.01,0,,,,,42,10.6,ok
TIC 388968290,343.3737,54.6565,8.01,0,,,,,5,5.6,ok
TIC 359124667,1.2102,65.8415,8.01,0,,,,,3,4.6,ok
TIC 341815814,267.572,54.7282,8.01,0,,,,,17,10.5,ok
TIC 383647032,278.6853,63.4659,8.01,0,,,,,36,11.0,ok
TIC 237217532,295.4903,73.5762,8.01,0,,,,,39,10.7,ok
TIC 269238993,350.2038,62.4126,8.01,0,,,,,3,3.7,ok
TIC 25692574,352.403,48.3809,8.01,0,,,,,4,4.7,ok
TIC 435453146,347.1302,64.0866,8.01,0,,,,,5,5.6,ok
TIC 467359227,335.2432,76.5923,8.01,0,,,,,13,10.4,ok
TIC 240672433,9.3696,52.2506,8.01,0,,,,,5,5.6,ok
TIC 25801099,11.3762,29.7266,8.01,0,,,,,3,3.5,ok
TIC 243239264,17.8355,21.7053,8.01,0,,,,,3,3.5,ok
TIC 440169817,5.9151,43.6481,8.01,0,,,,,1,1.4,ok
TIC 66724912,341.9618,53.0635,8.01,0,,,,,4,4.7,ok
TIC 20905500,26.8287,34.3145,8.01,0,,,,,3,3.5,ok
TIC 352221769,13.8599,40.3824,8.01,0,,,,,1,1.5,ok
TIC 26514294,354.7332,49.1714,8.01,0,,,,,1,1.5,ok
TIC 230069390,243.2819,71.631,8.01,0,,,,,39,10.5,ok
TIC 288347732,264.856,79.1637,8.01,0,,65.5,rejete,variabilite_continue;eclipse_secondaire,32,16.4,ok
TIC 44673475,22.5719,33.1289,8.01,0,,,,,3,3.6,ok
TIC 470022296,331.25,54.6707,8.01,0,,,,,7,7.9,ok
TIC 440658751,6.9525,28.1738,8.01,0,,,,,3,3.9,ok
TIC 230385952,285.9016,63.3619,8.01,0,,,,,39,10.8,ok
TIC 440676719,8.1431,28.198,8.01,0,,,,,1,1.5,ok
TIC 276653683,308.639,57.9279,8.01,0,,,,,10,11.1,ok
TIC 219090281,268.8216,68.5024,8.01,0,,,,,34,11.2,ok
TIC 240822574,15.6968,51.9324,8.02,0,,,,,3,3.4,ok
TIC 240985970,19.5126,52.3893,8.02,0,,,,,4,4.3,ok
TIC 429330881,313.5584,57.3202,8.02,0,,,,,12,11.2,ok
TIC 47094342,23.3202,16.2368,8.02,0,,,,,4,5.3,ok
TIC 64170912,338.0701,59.4931,8.02,0,,,,,3,3.5,ok
TIC 388887827,340.5784,57.4439,8.02,0,,,,,5,5.6,ok
TIC 233658025,259.5722,61.1348,8.02,0,,,,,36,11.0,ok
TIC 15533522,15.0978,25.4547,8.02,0,,,,,3,4.5,ok
TIC 376995369,284.4264,59.7295,8.02,0,,,,,39,11.4,ok
TIC 174417112,16.3823,31.259,8.02,0,,,,,3,4.0,ok
TIC 353988582,272.3456,54.0026,8.02,0,,,,,34,11.5,ok
TIC 85279171,25.9835,32.7403,8.02,0,,,,,2,2.6,ok
TIC 445308953,13.3936,54.6295,8.02,0,,,,,4,4.9,ok
TIC 177604112,359.4192,42.1423,8.02,0,,,,,3,3.7,ok
TIC 229713743,278.5616,66.1557,8.02,0,,,,,38,11.0,ok
TIC 265312846,319.9228,66.7852,8.02,0,,,,,13,10.8,ok
TIC 229640204,279.2442,72.2672,8.02,0,,,,,41,11.7,ok
TIC 387450837,311.5374,70.7726,8.02,0,,,,,22,10.6,ok
TIC 258955275,288.9557,66.2683,8.02,0,,,,,27,10.9,ok
TIC 196278021,13.8018,44.9927,8.02,0,,,,,4,4.5,ok
TIC 435874566,12.841,18.7378,8.02,0,,,,,1,1.6,ok
TIC 252158238,16.3258,56.5097,8.02,0,,,,,4,6.5,ok
TIC 343873796,341.9062,57.1558,8.02,0,,,,,3,3.6,ok
TIC 467339452,326.7923,76.1878,8.02,0,,,,,16,10.9,ok
TIC 236906222,303.9604,61.4906,8.02,0,,,,,19,10.9,ok
TIC 233011886,248.4766,71.9778,8.02,0,,,,,36,10.8,ok
TIC 461419605,3.3978,68.0581,8.02,0,,,,,4,4.8,ok
TIC 176904748,354.9707,47.2071,8.02,0,,,,,3,3.8,ok
TIC 264101722,315.3746,79.297,8.02,0,,,,,10,10.7,ok
TIC 329086093,319.324,65.6284,8.02,0,,,,,11,11.0,ok
TIC 314090086,318.7908,55.5097,8.02,0,,,,,5,5.7,ok
TIC 176548346,352.8472,43.3734,8.02,0,,,,,4,4.6,ok
TIC 365934594,3.5163,34.1165,8.02,0,,,,,3,3.9,ok
TIC 26776835,25.4224,27.6769,8.02,0,,,,,1,1.6,ok
TIC 354594143,1.8391,32.5736,8.02,0,,,,,3,3.9,ok
TIC 242700768,7.9684,17.9364,8.02,0,,,,,3,4.0,ok
TIC 323637486,348.1785,57.6183,8.02,0,,,,,5,6.6,ok
TIC 417769025,356.4179,73.3036,8.02,0,,,,,11,11.5,ok
TIC 230128292,251.503,69.709,8.02,0,,,,,38,10.9,ok
TIC 272758242,237.0559,71.6898,8.02,0,,,,,31,11.7,ok
TIC 259010051,15.8711,36.8419,8.02,0,,,,,3,3.6,ok
TIC 322322483,326.2226,69.9815,8.02,0,,,,,12,10.7,ok
TIC 283885529,2.1289,35.9527,8.02,0,,,,,3,5.3,ok
TIC 13999270,14.199,27.5952,8.02,0,,,,,1,1.9,ok
TIC 173852524,350.1114,43.5833,8.02,0,,,,,2,2.7,ok
TIC 307208481,15.1109,53.495,8.02,0,,,,,4,5.6,ok
TIC 335928805,333.075,60.0116,8.02,0,,,,,9,10.2,ok
TIC 280068946,298.1514,67.0695,8.02,0,,,,,38,11.1,ok
TIC 602335144,18.3619,51.0331,8.03,0,,,,,2,2.5,ok
TIC 414960931,15.6422,14.2519,8.03,0,,,,,3,3.6,ok
TIC 264403183,323.0157,80.0348,8.03,0,,,,,15,11.0,ok
TIC 229509454,297.0376,65.4502,8.03,0,,,,,41,11.2,ok
TIC 150978949,24.2872,20.7,8.03,0,,,,,6,6.4,ok
TIC 15693705,17.5047,28.7025,8.03,0,,,,,1,1.8,ok
TIC 219861551,258.16,67.6223,8.03,0,,,,,39,11.3,ok
TIC 174265185,352.1278,46.7601,8.03,0,,,,,4,5.6,ok
TIC 91326378,28.1262,19.7694,8.03,0,,,,,5,6.4,ok
TIC 343462635,310.4889,62.1324,8.03,0,,,,,14,12.5,ok
TIC 317513348,351.3774,71.9337,8.03,0,,,,,8,9.5,ok
TIC 469372518,307.001,59.7346,8.03,0,,,,,3,3.7,ok
TIC 347011368,1.0576,54.1211,8.03,0,,,,,4,4.6,ok
TIC 53757081,13.4377,35.7322,8.03,0,,,,,3,3.6,ok
TIC 259877113,318.7525,60.5872,8.03,0,,,,,10,11.0,ok
TIC 283414277,327.9088,59.2944,8.03,0,,,,,3,3.7,ok
TIC 252629226,346.2359,52.2513,8.03,0,,,,,5,5.9,ok
TIC 275692427,286.9672,61.6632,8.03,0,,,,,41,11.1,ok
TIC 65452971,358.8029,55.3248,8.03,0,,,,,5,5.3,ok
TIC 61234597,22.7214,34.1739,8.03,0,,,,,1,1.6,ok
TIC 237100197,240.5386,67.1198,8.03,0,,,,,39,11.5,ok
TIC 376231699,338.3378,70.0849,8.03,0,,,,,8,9.0,ok
TIC 356700577,254.5621,68.9777,8.03,0,,,,,42,12.0,ok
TIC 256427448,324.9046,71.4264,8.03,0,,19.5,rejete,variabilite_continue;eclipse_secondaire,13,16.1,ok
TIC 387757610,314.8412,70.9654,8.03,0,,29.2,rejete,variabilite_continue;eclipse_secondaire,17,16.7,ok
TIC 256298645,276.6363,69.7172,8.03,0,,,,,35,11.3,ok
TIC 314571009,319.4822,56.4419,8.03,0,,,,,8,10.8,ok
TIC 345143254,355.3051,57.5548,8.03,0,,,,,7,7.5,ok
TIC 352731897,356.4863,37.3422,8.03,0,,,,,3,3.6,ok
TIC 305291855,312.418,62.3255,8.03,0,,,,,13,11.1,ok
TIC 160602762,244.8128,75.628,8.03,0,,,,,35,11.6,ok
TIC 160535351,241.5562,73.6508,8.03,0,,,,,40,12.0,ok
TIC 191144040,8.2985,43.1865,8.03,0,,,,,3,3.6,ok
TIC 258829890,287.7178,67.5244,8.03,0,,,,,35,11.4,ok
TIC 196411782,15.3305,47.5258,8.03,0,,,,,5,5.7,ok
TIC 407334599,0.7031,35.6653,8.03,0,,,,,3,3.6,ok
TIC 201739257,2.1472,50.1891,8.03,0,,,,,3,3.7,ok
TIC 279983256,297.5099,67.288,8.03,0,,,,,23,10.9,ok
TIC 323405509,333.6072,68.7197,8.03,0,,,,,5,6.3,ok
TIC 307121353,14.6778,49.178,8.03,0,,,,,4,5.3,ok
TIC 318614968,349.5195,59.8592,8.03,0,,,,,7,7.7,ok
TIC 317840350,353.8097,72.033,8.03,0,,,,,8,9.3,ok
TIC 439946126,1.3023,45.7857,8.03,0,,,,,2,3.1,ok
TIC 165529451,266.0537,57.7676,8.03,0,,,,,38,12.2,ok
TIC 237113759,269.5909,55.1137,8.03,0,,,,,41,11.7,ok
TIC 165305800,299.0841,59.787,8.03,0,,,,,19,12.4,ok
TIC 243318316,289.6787,57.0144,8.03,0,,,,,30,11.4,ok
TIC 435871760,12.6211,19.9135,8.03,0,,,,,3,3.5,ok
TIC 469800491,329.8405,54.4342,8.03,0,,,,,5,6.1,ok
TIC 91252419,27.5479,22.1667,8.03,0,,,,,5,5.4,ok
TIC 437747815,3.6111,25.5002,8.03,0,,,,,3,3.6,ok
TIC 66287504,341.0929,50.0625,8.03,0,,,,,8,8.8,ok
TIC 368449035,358.9307,70.5101,8.03,0,,,,,7,8.2,ok
TIC 237002366,305.8844,62.272,8.03,0,,,,,17,11.0,ok
TIC 174433779,16.5882,34.2971,8.03,0,,,,,3,3.7,ok
TIC 196595104,16.8123,47.4413,8.03,0,,,,,3,4.2,ok
TIC 219855548,257.233,66.6243,8.03,0,,,,,40,10.9,ok
TIC 353895571,271.7146,57.7583,8.04,0,,,,,38,11.1,ok
TIC 405369174,22.574,16.9383,8.04,0,,,,,4,4.5,ok
TIC 353849353,24.5895,26.9691,8.04,0,,,,,2,2.6,ok
TIC 320603498,8.2227,57.1849,8.04,0,,,,,8,9.0,ok
TIC 255863660,307.0946,71.3961,8.04,0,,,,,22,10.6,ok
TIC 191146847,8.2434,46.7009,8.04,0,,,,,3,3.6,ok
TIC 356150954,266.5435,53.9499,8.04,0,,,,,32,11.0,ok
TIC 26428600,354.6424,53.4932,8.04,0,,,,,4,4.6,ok
TIC 431208263,343.4741,52.5241,8.04,0,,,,,5,5.4,ok
TIC 461450442,4.8464,67.3234,8.04,0,,,,,6,7.2,ok
TIC 235929979,291.8709,78.4999,8.04,0,,,,,28,10.8,ok
TIC 420470654,8.0119,67.1611,8.04,0,,,,,4,4.6,ok
TIC 258956229,289.4212,67.1901,8.04,0,,,,,37,10.7,ok
TIC 367947284,355.6387,72.4814,8.04,0,,,,,10,11.9,ok
TIC 252779698,348.488,48.3796,8.04,0,,,,,4,4.6,ok
TIC 173469311,348.078,44.888,8.04,0,,,,,4,4.6,ok
TIC 445273659,12.3472,56.0828,8.04,0,,,,,3,3.6,ok
TIC 240897594,17.5293,51.7426,8.04,0,,,,,2,2.5,ok
TIC 241006176,19.9444,50.4891,8.04,0,,,,,2,2.5,ok
TIC 194459103,4.1816,41.8497,8.04,0,,,,,3,3.8,ok
TIC 201507479,0.8661,53.3127,8.04,0,,,,,2,2.6,ok
TIC 279196430,7.6871,61.1914,8.04,0,,,,,6,6.5,ok
TIC 25804120,11.467,28.6768,8.04,0,,,,,3,3.7,ok
TIC 201744248,2.0457,53.5339,8.04,0,,,,,4,4.5,ok
TIC 196528902,16.3515,42.6619,8.04,0,,,,,1,1.5,ok
TIC 188767507,261.0533,53.5127,8.04,0,,,,,20,10.9,ok
TIC 398939307,18.8156,22.8711,8.04,0,,,,,3,3.6,ok
TIC 436556047,14.6398,22.4198,8.04,0,,,,,3,4.9,ok
TIC 232629077,268.981,56.036,8.04,1,3.6558,20.9,rejete,variabilite_continue,42,16.1,ok
TIC 26777146,25.4184,26.5997,8.04,0,,,,,2,2.6,ok
TIC 352317715,15.0774,37.4851,8.04,0,,,,,3,3.6,ok
TIC 439998835,2.3773,43.0601,8.04,0,,,,,3,3.7,ok
TIC 238407299,1.3843,28.9949,8.04,0,,,,,3,3.6,ok
TIC 264154064,316.3193,78.627,8.04,0,,,,,17,11.0,ok
TIC 326113499,331.6617,53.0387,8.04,0,,,,,8,8.6,ok
TIC 422156556,335.6998,57.443,8.04,0,,,,,8,8.9,ok
TIC 25681409,9.5043,25.1741,8.04,0,,,,,1,1.5,ok
TIC 235676989,282.953,77.1434,8.04,0,,,,,39,10.8,ok
TIC 357045538,274.3729,55.4565,8.04,0,,,,,36,11.1,ok
TIC 243169025,16.1333,21.5221,8.04,0,,,,,3,4.0,ok
TIC 352238596,292.0805,58.0481,8.04,0,,,,,29,11.8,ok
TIC 189592881,24.6627,40.2817,8.04,0,,,,,3,3.7,ok
TIC 439949168,1.3911,46.6631,8.04,0,,,,,1,2.2,ok
TIC 233273901,300.0759,57.5246,8.04,0,,,,,4,4.5,ok
TIC 416402484,287.7104,57.2296,8.04,0,,,,,25,11.0,ok
TIC 243338220,290.0793,56.8861,8.04,0,,,,,7,7.7,ok
TIC 333560074,354.6902,39.7404,8.04,0,,,,,4,4.5,ok
TIC 125994089,18.5816,34.3244,8.04,0,,,,,3,3.7,ok
TIC 335261692,332.1412,61.9031,8.04,0,,,,,8,8.9,ok
TIC 270333838,351.7737,61.3784,8.04,0,,,,,3,3.5,ok
TIC 174500265,17.4484,34.6115,8.04,0,,,,,3,3.4,ok
TIC 337291109,336.3083,60.8363,8.04,0,,,,,6,7.0,ok
TIC 440112769,4.8769,43.6775,8.04,0,,,,,3,3.7,ok
TIC 173704847,349.1256,44.0969,8.04,0,,,,,4,4.5,ok
TIC 376925533,284.5593,75.7641,8.05,0,,,,,39,10.9,ok
TIC 377052490,285.0071,56.9608,8.05,0,,,,,12,11.4,ok
TIC 240661123,9.1812,48.8282,8.05,0,,,,,4,5.7,ok
TIC 233632283,284.8926,63.0141,8.05,0,,,,,26,11.3,ok
TIC 233124467,273.7474,61.5422,8.05,0,,,,,?,1.1,erreur
TIC 233196602,264.64,71.3341,8.05,0,,,,,23,10.9,ok
TIC 437747298,3.6493,27.0401,8.05,0,,,,,3,4.4,ok
TIC 276656956,308.9315,59.8109,8.05,0,,,,,10,12.2,ok
TIC 279457031,349.6557,60.8959,8.05,0,,,,,5,7.3,ok
TIC 240854009,16.4589,51.3284,8.05,0,,,,,3,4.2,ok
TIC 26994920,356.2025,50.9141,8.05,0,,,,,2,3.1,ok
TIC 390950562,318.0726,72.4717,8.05,0,,,,,17,10.9,ok
TIC 409480632,355.3859,37.6292,8.05,0,,,,,3,3.5,ok
TIC 258630311,306.3741,68.3522,8.05,0,,,,,24,10.8,ok
TIC 334068678,330.1249,60.1677,8.05,0,,,,,8,8.9,ok
TIC 230129250,251.4608,66.1568,8.05,0,,,,,37,11.5,ok
TIC 256977031,302.4088,62.939,8.05,0,,,,,20,10.9,ok
TIC 189674075,25.8601,40.9744,8.05,0,,,,,4,5.4,ok
TIC 239551081,7.852,34.6866,8.05,0,,,,,3,4.0,ok
TIC 363815445,6.4072,36.4837,8.05,0,,,,,1,1.6,ok
TIC 415818353,16.2625,41.4883,8.05,0,,,,,4,4.8,ok
TIC 434225151,11.1724,20.4482,8.05,0,,,,,1,1.6,ok
TIC 307042633,14.4115,49.981,8.05,0,,,,,4,4.6,ok
TIC 387807598,315.0681,68.8851,8.05,0,,,,,15,11.5,ok
TIC 165529165,266.1064,57.108,8.05,0,,,,,27,10.9,ok
TIC 256640561,327.8976,71.8858,8.05,0,,,,,14,11.1,ok
TIC 258514380,305.4147,70.2658,8.05,0,,,,,23,10.6,ok
TIC 229582807,270.4181,75.8757,8.05,0,,,,,39,11.1,ok
TIC 336776797,14.115,15.1623,8.05,0,,,,,6,6.7,ok
TIC 256433588,326.9062,65.9934,8.05,0,,,,,11,10.6,ok
TIC 429644491,322.6342,55.3024,8.05,0,,,,,8,11.9,ok
TIC 418987843,6.5308,63.4196,8.05,0,,,,,2,2.9,ok
TIC 345327581,355.8054,58.9906,8.05,0,,,,,7,8.3,ok
TIC 196781886,18.4989,43.4516,8.05,0,,,,,2,2.8,ok
TIC 232624463,268.5697,54.5053,8.05,0,,,,,35,10.8,ok
TIC 366866954,336.9835,71.9442,8.05,0,,,,,13,12.8,ok
TIC 354594372,1.8863,32.0087,8.05,0,,,,,1,2.7,ok
TIC 232617075,268.2637,59.955,8.05,0,,,,,36,11.3,ok
TIC 410772990,328.2653,62.0374,8.05,0,,,,,9,10.3,ok
TIC 251972758,353.3348,59.3059,8.05,0,,,,,7,9.5,ok
TIC 201498226,0.6922,48.1601,8.05,0,,,,,2,2.6,ok
TIC 394030073,282.1782,78.8559,8.05,0,,,,,32,11.1,ok
TIC 358909102,347.9539,69.4801,8.05,0,,,,,9,10.3,ok
TIC 194387015,3.3744,40.1025,8.05,0,,,,,3,3.8,ok
TIC 233580734,282.6472,61.9813,8.05,0,,,,,39,11.5,ok
TIC 260397255,325.541,54.0676,8.05,0,,,,,8,8.8,ok
TIC 237303531,302.866,71.9869,8.06,0,,,,,17,10.9,ok
TIC 236929292,304.2185,60.9542,8.06,0,,,,,5,5.6,ok
TIC 427267162,322.0618,60.0912,8.06,0,,,,,7,7.4,ok
TIC 388135434,318.2264,66.8011,8.06,0,,,,,11,10.6,ok
TIC 125282021,358.0582,34.0263,8.06,0,,,,,2,2.7,ok
TIC 219750901,260.998,63.322,8.06,0,,,,,40,11.7,ok
TIC 53727886,12.9623,32.0008,8.06,0,,,,,?,1.2,erreur
TIC 241003514,20.0133,52.666,8.06,0,,,,,2,2.8,ok
TIC 240826161,15.6192,48.4903,8.06,0,,,,,1,1.5,ok
TIC 468846984,338.8165,53.666,8.06,0,,,,,7,8.8,ok
TIC 173924581,350.4499,45.311,8.06,0,,,,,4,4.7,ok
TIC 258461221,300.0167,68.4368,8.06,0,,,,,40,11.7,ok
TIC 174269621,352.2424,41.9756,8.06,0,,,,,4,4.6,ok
TIC 434217759,10.4957,20.187,8.06,0,,,,,3,3.4,ok
TIC 15533803,15.1019,26.4234,8.06,0,,,,,3,3.5,ok
TIC 194463641,4.4386,40.0809,8.06,0,,,,,3,3.8,ok
TIC 61425802,24.5344,35.624,8.06,0,,,,,2,2.3,ok
TIC 455787780,359.8584,38.4625,8.06,0,,,,,3,3.6,ok
TIC 291755526,359.2978,40.1211,8.06,0,,,,,3,3.7,ok
TIC 416313755,339.3385,55.1246,8.06,0,,,,,6,6.7,ok
TIC 441790929,262.6137,75.061,8.06,0,,,,,41,10.7,ok
TIC 422892460,16.6538,36.4083,8.06,0,,,,,3,3.3,ok
TIC 343409358,310.1266,63.5857,8.06,0,,,,,16,12.0,ok
TIC 345217813,355.5126,56.4137,8.06,0,,,,,5,5.4,ok
TIC 165530450,266.3813,59.2938,8.06,0,,,,,36,10.8,ok
TIC 196294236,14.2189,44.1786,8.06,0,,,,,4,4.5,ok
TIC 469989077,330.8538,56.2707,8.06,0,,,,,8,8.5,ok
TIC 229914874,287.5685,62.5301,8.06,0,,,,,42,11.3,ok
TIC 256865620,301.5642,62.7345,8.06,0,,,,,4,4.6,ok
TIC 455965128,340.1586,65.2627,8.06,0,,,,,9,10.3,ok
TIC 314044902,345.8958,59.6293,8.06,0,,,,,6,6.5,ok
TIC 329149734,332.6833,58.4945,8.06,0,,,,,9,9.7,ok
TIC 173608187,348.5527,43.2901,8.06,0,,,,,3,4.0,ok
TIC 314709182,346.6147,56.7192,8.06,0,,,,,4,5.8,ok
TIC 230069712,243.2538,70.096,8.06,0,,215.8,rejete,eclipse_secondaire;compagnon_trop_gros_3.4Rjup,29,19.4,ok
TIC 16917503,19.2241,24.2033,8.06,0,,,,,3,3.7,ok
TIC 352322779,15.2457,41.8042,8.06,0,,,,,3,3.6,ok
TIC 80532398,21.3772,31.1601,8.06,0,,,,,1,1.5,ok
TIC 25685308,352.3966,52.5826,8.06,0,,,,,5,5.5,ok
TIC 385140541,21.004,15.3052,8.06,0,,,,,4,4.5,ok
TIC 17066154,20.593,24.8619,8.06,0,,,,,3,3.6,ok
TIC 341873554,275.3582,74.0481,8.06,0,,,,,38,11.4,ok
TIC 233206727,266.0387,67.7426,8.06,0,,,,,30,11.9,ok
TIC 186539554,21.5168,40.3446,8.06,0,,,,,3,3.6,ok
TIC 301792458,21.9011,21.7081,8.06,0,,,,,5,5.4,ok
TIC 233546128,281.5337,60.8171,8.06,0,,,,,12,10.5,ok
TIC 13276487,344.3706,65.6227,8.06,0,,,,,7,8.9,ok
TIC 315357728,338.3917,51.4026,8.06,0,,,,,6,7.0,ok
TIC 2044088451,347.7382,50.0509,8.06,0,,,,,5,5.9,ok
TIC 303337836,12.4352,13.5067,8.07,0,,,,,6,7.4,ok
TIC 201644938,1.5766,52.6511,8.07,0,,,,,4,4.8,ok
TIC 201739321,2.1013,50.2453,8.07,0,,,,,1,1.6,ok
TIC 354242427,345.7857,74.0683,8.07,0,,,,,12,10.7,ok
TIC 25180414,350.9955,48.4465,8.07,0,,,,,4,5.1,ok
TIC 307041144,14.3147,51.3001,8.07,0,,,,,2,2.5,ok
TIC 198457103,261.921,57.5106,8.07,0,,,,,42,10.8,ok
TIC 363814498,5.6122,66.1811,8.07,0,,,,,5,5.8,ok
TIC 427068452,339.8567,51.4671,8.07,0,,,,,8,9.0,ok
TIC 219794415,265.2338,61.0663,8.07,0,,,,,38,11.4,ok
TIC 229747270,280.5894,71.653,8.07,0,,,,,42,10.7,ok
TIC 378587653,0.7875,71.6662,8.07,0,,,,,8,9.0,ok
TIC 258508426,304.565,69.3659,8.07,0,,,,,26,10.5,ok
TIC 229949098,288.4534,62.2131,8.07,0,,,,,16,11.0,ok
TIC 357129171,275.3634,58.8571,8.07,0,,,,,40,10.7,ok
TIC 392567622,280.4056,55.5793,8.07,0,,,,,37,10.4,ok
TIC 326859144,22.7121,47.5644,8.07,0,,,,,2,2.4,ok
TIC 189542217,23.8733,38.9931,8.07,0,,,,,3,3.6,ok
TIC 240640738,8.6534,51.4515,8.07,0,,,,,1,1.4,ok
TIC 127421447,5.7156,36.644,8.07,0,,,,,3,3.7,ok
TIC 189672339,25.7423,39.8489,8.07,0,,,,,3,4.3,ok
TIC 229617663,278.3056,75.5917,8.07,0,,,,,41,11.2,ok
TIC 252172516,16.6381,58.3783,8.07,0,,,,,4,4.7,ok
TIC 154653061,343.8825,46.6564,8.07,0,,,,,6,6.7,ok
TIC 155229499,359.4429,33.8075,8.07,0,,,,,3,3.6,ok
TIC 224601357,255.1579,58.6699,8.07,0,,,,,42,10.9,ok
TIC 238434322,6.2854,24.2383,8.07,0,,,,,1,1.6,ok
TIC 439996850,2.2831,45.5244,8.07,0,,,,,3,3.7,ok
TIC 445293761,13.055,59.3698,8.07,0,,,,,5,5.3,ok
TIC 437757072,5.6941,27.8637,8.07,0,,,,,3,4.1,ok
TIC 368309928,357.9932,69.6012,8.07,0,,,,,7,7.5,ok
TIC 420236660,340.0833,52.2806,8.07,0,,,,,7,7.4,ok
TIC 323403590,333.3963,70.141,8.07,0,,,,,9,9.5,ok
TIC 229444906,293.9441,63.0302,8.07,0,,,,,39,10.7,ok
TIC 470696071,357.1683,61.7927,8.07,0,,,,,5,6.5,ok
TIC 406965945,5.7472,61.9936,8.07,0,,,,,3,3.7,ok
TIC 333277764,353.0405,40.6145,8.07,0,,,,,4,4.4,ok
TIC 353775085,24.1478,26.0581,8.07,0,,,,,3,4.7,ok
TIC 411602076,18.1895,23.464,8.07,0,,,,,3,3.8,ok
TIC 235938726,294.9837,78.8966,8.07,0,,,,,23,11.4,ok
TIC 411515405,5.9219,22.2915,8.07,0,,,,,3,3.9,ok
TIC 28352035,29.5986,25.7898,8.07,0,,,,,1,1.4,ok
TIC 26071112,353.5839,51.6125,8.07,0,,,,,3,3.8,ok
TIC 230387399,285.9898,65.5932,8.07,0,,,,,30,11.1,ok
TIC 22570369,3.1551,31.6023,8.07,0,,,,,3,3.6,ok
TIC 198179213,244.662,61.2908,8.07,0,,,,,4,4.3,ok
TIC 267484897,298.6622,58.0833,8.07,0,,,,,17,12.0,ok
TIC 196888315,19.6985,42.6754,8.08,0,,,,,3,3.7,ok
TIC 431661185,358.3892,51.9378,8.08,0,,,,,3,3.7,ok
TIC 353804318,24.3202,27.7049,8.08,0,,,,,3,4.0,ok
TIC 232632293,269.3105,59.0259,8.08,0,,,,,42,11.3,ok
TIC 83214587,2.4975,65.7437,8.08,0,,,,,5,5.4,ok
TIC 256456773,298.8413,63.5296,8.08,0,,,,,32,11.7,ok
TIC 383673767,279.0788,62.1529,8.08,0,,21.4,rejete,variabilite_continue;eclipse_secondaire,38,16.2,ok
TIC 467356520,335.5212,73.3477,8.08,0,,,,,13,10.9,ok
TIC 411550916,7.2146,20.6085,8.08,0,,,,,3,3.6,ok
TIC 233072967,271.0111,61.5679,8.08,0,,,,,38,11.8,ok
TIC 61202411,20.9379,30.2041,8.08,0,,,,,3,3.7,ok
TIC 233631689,284.7972,64.0147,8.08,0,,,,,38,11.5,ok
TIC 431528355,357.4173,52.4666,8.08,0,,,,,4,4.7,ok
TIC 354537530,1.9245,34.1443,8.08,0,,,,,3,3.5,ok
TIC 335152413,331.9697,64.7465,8.08,0,,,,,8,8.5,ok
TIC 196745668,18.0405,44.0558,8.08,0,,,,,3,3.5,ok
TIC 365053107,305.6015,58.1057,8.08,0,,,,,13,11.9,ok
TIC 400061344,19.4003,32.8855,8.08,0,,,,,3,4.3,ok
TIC 219108160,271.2077,69.0131,8.08,0,,,,,34,11.5,ok
TIC 194253624,1.7478,40.3348,8.08,0,,,,,1,1.6,ok
TIC 24792492,350.004,48.1041,8.08,0,,,,,4,4.6,ok
TIC 337210292,335.8553,62.5938,8.08,0,,,,,8,10.0,ok
TIC 202002051,3.6726,51.6168,8.08,0,,,,,1,1.5,ok
TIC 428274116,340.9169,54.3282,8.08,0,,,,,5,5.5,ok
TIC 219757430,261.9335,65.0986,8.08,0,,,,,37,11.2,ok
TIC 321863578,323.1699,68.8811,8.08,0,,,,,9,10.0,ok
TIC 202600302,7.4002,53.0324,8.08,0,,,,,5,6.4,ok
TIC 358827592,347.4911,68.6319,8.08,0,,,,,8,8.6,ok
TIC 469674003,329.2337,55.4086,8.08,0,,,,,8,8.8,ok
TIC 420842854,11.2102,60.3091,8.08,0,,,,,3,3.6,ok
TIC 388883118,340.7296,58.4266,8.08,0,,,,,1,1.7,ok
TIC 366589464,332.2613,75.6338,8.08,0,,,,,14,10.5,ok
TIC 188690647,260.2207,52.1311,8.09,0,,,,,18,12.2,ok
TIC 269696525,301.6608,68.431,8.09,0,,,,,5,5.9,ok
TIC 115617410,8.468,39.6031,8.09,0,,,,,3,3.7,ok
TIC 240777759,11.656,50.484,8.09,0,,,,,5,7.0,ok
TIC 230087756,247.0649,69.747,8.09,0,,,,,39,11.7,ok
TIC 326638418,359.3779,65.3034,8.09,0,,,,,8,9.7,ok
TIC 194304781,2.1429,39.3475,8.09,0,,,,,2,3.3,ok
TIC 28296367,28.9788,29.7139,8.09,0,,,,,3,3.4,ok
TIC 418256166,322.8851,72.0506,8.09,0,,,,,3,3.3,ok
TIC 256385279,298.612,61.5618,8.09,0,,,,,24,10.5,ok
TIC 256352285,322.6844,70.9996,8.09,0,,,,,5,5.8,ok
TIC 115546399,7.7802,41.5272,8.09,0,,,,,1,1.5,ok
TIC 305725166,316.8203,62.899,8.09,0,,,,,12,11.7,ok
TIC 306305519,31.2452,23.5535,8.09,0,,,,,6,8.1,ok
TIC 202640399,7.3585,52.068,8.09,0,,,,,5,5.9,ok
TIC 202590542,7.2263,48.0945,8.09,0,,,,,3,3.6,ok
TIC 229436921,293.3441,62.0531,8.09,0,,,,,40,11.3,ok
TIC 233730340,277.3713,60.7756,8.09,0,,,,,42,10.7,ok
TIC 53848383,14.4673,35.3684,8.09,0,,,,,2,2.4,ok
TIC 439942977,1.0765,42.5865,8.09,0,,,,,1,1.5,ok
TIC 356700209,254.4811,67.7678,8.09,0,,,,,39,11.5,ok
TIC 243228957,17.7454,18.392,8.09,0,,,,,6,6.6,ok
TIC 252063807,353.8763,58.9306,8.09,0,,,,,3,3.5,ok
TIC 18153372,21.836,25.5699,8.09,0,,,,,3,3.5,ok
TIC 407298349,325.7742,62.0323,8.09,0,,,,,5,6.0,ok
TIC 199716492,254.3165,59.5087,8.09,0,,,,,42,12.6,ok
TIC 376045333,337.2402,66.7948,8.09,0,,,,,7,7.6,ok
TIC 237097549,239.7278,66.0551,8.09,0,,,,,38,11.0,ok
TIC 252163719,16.519,54.1997,8.09,0,,,,,2,2.5,ok
TIC 83952095,0.1382,32.6112,8.09,0,,,,,3,3.9,ok
TIC 352181501,4.2795,36.5569,8.09,0,,,,,2,2.4,ok
TIC 18277378,23.3209,29.8877,8.09,0,,,,,3,3.4,ok
TIC 189629672,25.1159,39.1503,8.09,0,,,,,1,1.4,ok
TIC 456905229,26.2231,19.8568,8.09,0,,,,,7,7.6,ok
TIC 196921989,20.1107,46.0251,8.09,0,,,,,3,3.7,ok
TIC 186532220,21.2534,37.7034,8.09,0,,,,,2,2.4,ok
TIC 219898786,263.3118,67.3059,8.09,0,,,,,37,10.6,ok
TIC 372572524,6.1974,64.133,8.09,0,,,,,5,5.3,ok
TIC 315820461,316.2132,61.909,8.09,0,,,,,9,9.8,ok
TIC 312543992,12.8085,57.6483,8.09,0,,,,,4,4.5,ok
TIC 26724797,355.4198,49.918,8.09,0,,,,,3,3.7,ok
TIC 434086834,342.4206,62.9149,8.09,0,,,,,8,8.3,ok
TIC 125525112,355.329,40.3953,8.09,0,,,,,4,4.7,ok
TIC 327089906,23.5681,44.5357,8.09,0,,,,,4,4.6,ok
TIC 376412628,339.2076,70.9536,8.09,0,,,,,8,8.6,ok
TIC 259256531,0.6322,42.1477,8.09,0,,,,,1,1.4,ok
TIC 365890061,355.9536,69.0627,8.09,0,,,,,4,4.6,ok
TIC 381541149,18.0522,35.1685,8.09,0,,,,,3,3.4,ok
TIC 320495794,7.9461,56.1823,8.1,0,,,,,6,6.6,ok
TIC 197751188,336.9758,52.3179,8.1,0,,,,,8,9.5,ok
TIC 452998366,9.2555,55.9827,8.1,0,,,,,6,7.1,ok
TIC 57984567,5.1323,32.5283,8.1,0,,,,,3,3.9,ok
TIC 329386241,332.78,55.6218,8.1,0,,,,,7,10.1,ok
TIC 284602736,10.2129,64.4909,8.1,0,,,,,4,6.5,ok
TIC 394122669,288.7539,73.8294,8.1,0,,,,,41,14.0,ok
TIC 400062351,19.3735,35.4345,8.1,0,,,,,3,3.6,ok
TIC 229977160,290.2763,61.7642,8.1,0,,,,,42,11.3,ok
TIC 233526133,279.9891,63.0249,8.1,0,,,,,33,11.9,ok
TIC 237204273,293.5106,76.706,8.1,0,,,,,34,15.0,ok
TIC 341125788,324.2757,55.1178,8.1,0,,,,,8,10.3,ok
TIC 440047381,3.2623,44.3605,8.1,0,,,,,1,1.5,ok
TIC 83420552,3.1067,63.7238,8.1,0,,,,,6,6.3,ok
TIC 115745971,11.0163,41.5708,8.1,0,,,,,3,4.7,ok
TIC 469459518,307.7586,59.876,8.1,0,,,,,11,11.3,ok
TIC 233158962,274.9069,65.8904,8.1,0,,,,,38,13.3,ok
TIC 173768910,349.7206,47.3715,8.1,0,,,,,4,6.0,ok
TIC 196263208,13.7928,42.2505,8.1,0,,,,,3,4.2,ok
TIC 65989389,340.5764,49.2554,8.1,0,,,,,8,9.8,ok
TIC 267542959,289.4918,74.7543,8.1,0,,,,,40,11.4,ok
TIC 336776923,14.0564,15.656,8.1,0,,,,,4,4.4,ok
TIC 236904794,304.0671,62.7049,8.1,0,,,,,19,11.3,ok
TIC 229612809,277.6815,74.6018,8.1,0,,,,,36,10.8,ok
TIC 196692575,17.7025,42.3497,8.1,0,,,,,3,5.8,ok
TIC 417781149,14.7631,34.6109,8.1,0,,,,,3,6.1,ok
TIC 435857787,11.5268,22.6155,8.1,0,,,,,3,6.2,ok
TIC 312860749,15.2874,54.5884,8.1,0,,,,,3,7.8,ok
TIC 422355474,306.5348,67.686,8.1,0,,,,,18,12.2,ok
TIC 188836205,263.9471,53.6993,8.1,0,,,,,30,12.5,ok
TIC 237197651,292.53,72.8243,8.1,0,,,,,39,10.8,ok
TIC 438257196,10.8205,39.466,8.1,0,,,,,3,3.6,ok
TIC 279876524,354.505,69.4005,8.1,0,,,,,4,4.6,ok
TIC 276988717,309.7548,58.3067,8.1,0,,,,,11,11.1,ok
TIC 219104971,270.9743,71.4,8.1,0,,,,,43,13.5,ok
TIC 191138842,8.0385,47.4341,8.1,0,,,,,3,3.6,ok
TIC 336777433,14.1871,17.7259,8.1,0,,,,,6,6.6,ok
TIC 288601847,275.882,79.5224,8.1,0,,,,,28,11.6,ok
TIC 198381445,257.5523,54.4896,8.1,0,,,,,7,7.9,ok
TIC 259965626,318.9035,65.8636,8.1,0,,,,,4,4.8,ok
TIC 356015058,254.0996,68.0266,8.1,0,,,,,27,11.0,ok
TIC 362132072,270.982,58.7241,8.1,0,,,,,40,11.3,ok
TIC 355950542,231.017,66.5538,8.1,0,,,,,14,12.0,ok
TIC 315773843,314.6733,72.3302,8.11,0,,,,,16,13.2,ok
TIC 321598833,321.2848,67.0677,8.11,0,,,,,12,11.3,ok
TIC 259270391,293.5458,69.795,8.11,0,,,,,11,12.9,ok
TIC 334390023,331.0443,60.5656,8.11,0,,,,,3,3.8,ok
TIC 346304805,357.3305,58.2,8.11,0,,,,,7,8.7,ok
TIC 83957703,0.3032,31.4967,8.11,0,,,,,3,4.7,ok
TIC 375188154,315.3362,59.0096,8.11,0,,,,,8,11.1,ok
TIC 366561246,304.2705,72.8805,8.11,0,,,,,28,12.2,ok
TIC 343819979,316.6075,56.7786,8.11,0,,,,,10,11.2,ok
TIC 440074857,4.1777,46.4114,8.11,0,,,,,1,1.5,ok
TIC 229738522,279.2064,67.1517,8.11,0,,,,,34,11.7,ok
TIC 243229588,17.8546,19.9017,8.11,0,,,,,3,3.5,ok
TIC 407239309,7.3386,68.1795,8.11,0,,,,,6,7.2,ok
TIC 219870248,259.686,68.9452,8.11,0,,,,,39,12.7,ok
TIC 319723943,6.677,54.2358,8.11,0,,,,,4,4.4,ok
TIC 176859772,354.8986,46.0181,8.11,0,,,,,1,1.7,ok
TIC 342445838,326.9183,57.5985,8.11,0,,,,,8,9.3,ok
TIC 28332107,29.4102,28.9598,8.11,0,,,,,3,3.6,ok
TIC 242744999,8.4865,18.7877,8.11,0,,,,,3,3.5,ok
TIC 305260539,312.4046,60.696,8.11,0,,,,,11,11.3,ok
TIC 354159470,21.3317,51.6827,8.11,0,,,,,4,4.8,ok
TIC 411636106,21.3618,20.6648,8.11,0,,,,,5,5.4,ok
TIC 413177949,329.9498,60.5462,8.11,0,,,,,3,3.9,ok
TIC 233614532,283.6818,61.0883,8.11,0,,,,,36,10.8,ok
TIC 426112861,343.5308,75.5806,8.11,0,,,,,11,11.0,ok
TIC 431040640,334.7335,52.0242,8.11,0,,,,,7,8.2,ok
TIC 436554900,14.4855,21.0333,8.11,0,,,,,3,3.7,ok
TIC 25824166,352.737,49.9226,8.11,0,,,,,1,1.6,ok
TIC 165555520,266.925,59.824,8.12,0,,,,,25,11.2,ok
TIC 174500627,17.4974,35.7016,8.12,0,,,,,2,2.7,ok
TIC 314152555,345.8502,57.6156,8.12,0,,,,,4,4.6,ok
TIC 201867974,2.7889,49.5466,8.12,0,,,,,1,1.8,ok
TIC 80424608,2.7556,29.5503,8.12,0,,,,,3,3.4,ok
TIC 331279976,328.1066,58.3437,8.12,1,1.2977,16.8,rejete,variabilite_continue;eclipse_secondaire,8,13.3,ok
TIC 376993033,284.5081,56.4083,8.12,0,,,,,37,11.1,ok
TIC 434806656,345.8381,62.6424,8.12,0,,,,,8,9.1,ok
TIC 298781333,278.6399,57.9243,8.12,0,,,,,4,5.6,ok
TIC 280161519,298.2903,66.1499,8.12,0,,,,,39,12.4,ok
TIC 288603793,276.6206,79.4252,8.12,0,,,,,24,11.5,ok
TIC 383622786,270.7289,56.4369,8.12,0,,,,,12,11.3,ok
TIC 233050623,268.8244,62.3079,8.12,0,,,,,3,3.8,ok
TIC 306121767,4.6259,26.1396,8.12,0,,,,,1,1.5,ok
TIC 352731747,356.4638,37.6041,8.12,0,,,,,1,1.7,ok
TIC 219740926,242.1521,62.4855,8.12,0,,,,,33,11.4,ok
TIC 384882783,16.3747,15.389,8.12,0,,,,,1,1.7,ok
TIC 336168253,318.7271,76.6312,8.12,0,,,,,6,6.9,ok
TIC 229974817,290.0758,60.8552,8.12,0,,,,,39,12.0,ok
TIC 306451129,33.0511,22.5684,8.12,0,,,,,6,7.1,ok
TIC 15531891,14.9833,28.6783,8.12,0,,,,,3,3.7,ok
TIC 194437938,3.9379,39.0208,8.12,0,,,,,3,3.7,ok
TIC 240871123,16.7022,48.6456,8.12,0,,,,,3,4.3,ok
TIC 264309181,321.8683,78.5058,8.12,0,,,,,14,11.8,ok
TIC 64736858,338.7111,58.8018,8.12,0,,,,,2,2.5,ok
TIC 452988244,8.8208,59.3123,8.12,0,,,,,5,5.6,ok
TIC 362007383,341.1472,55.8567,8.12,0,,,,,4,6.9,ok
TIC 232616284,259.3921,63.2407,8.12,0,,,,,39,13.2,ok
TIC 414827734,13.8181,16.2109,8.12,0,,,,,6,6.9,ok
TIC 229672074,252.0006,71.9685,8.12,0,,,,,42,13.0,ok
TIC 375778687,335.5528,69.6495,8.12,0,,,,,8,10.3,ok
TIC 440006124,2.6826,46.676,8.12,0,,,,,3,3.9,ok
TIC 191659678,12.4445,47.1022,8.12,0,,,,,4,8.8,ok
TIC 233076668,271.179,61.8962,8.12,0,,,,,39,12.2,ok
TIC 15654820,17.0924,25.9082,8.12,0,,,,,3,4.6,ok
TIC 66882422,342.3678,51.9322,8.12,0,,,,,6,7.5,ok
TIC 233508020,270.488,53.6257,8.12,0,,,,,30,10.7,ok
TIC 284141111,8.9618,61.4598,8.12,0,,,,,3,3.7,ok
TIC 405248111,10.5892,13.9943,8.12,0,,,,,6,6.9,ok
TIC 256620238,300.1079,61.0761,8.12,0,,,,,7,8.2,ok
TIC 176598846,353.1716,44.6572,8.12,0,,,,,2,2.7,ok
TIC 406707661,4.955,57.9461,8.12,0,,,,,5,5.9,ok
TIC 344287198,317.3703,55.6928,8.12,0,,,,,7,8.3,ok
TIC 240964689,18.935,50.8719,8.12,0,,,,,4,4.6,ok
TIC 16958908,19.7545,25.8963,8.12,0,,,,,3,3.5,ok
TIC 275625661,293.87,58.2256,8.12,0,,,,,23,11.1,ok
TIC 352729670,356.5026,40.8127,8.12,0,,,,,3,3.8,ok
TIC 430530686,333.3318,52.357,8.13,0,,,,,6,7.2,ok
TIC 285537230,12.9338,60.961,8.13,0,,,,,5,5.6,ok
TIC 243317620,289.7132,57.8607,8.13,0,,,,,31,11.3,ok
TIC 320506401,264.6548,56.8752,8.13,0,,,,,40,11.4,ok
TIC 61128575,20.385,30.9556,8.13,0,,,,,2,2.6,ok
TIC 430313571,25.2008,17.4617,8.13,0,,,,,4,5.6,ok
TIC 258801436,286.9244,66.5529,8.13,0,,,,,39,11.1,ok
TIC 417303167,359.7786,56.8532,8.13,0,,,,,?,1.2,erreur
TIC 424463349,279.8284,63.792,8.13,0,,,,,29,12.4,ok
TIC 320506931,8.1019,54.6292,8.13,0,,,,,5,5.8,ok
TIC 256617358,300.13,64.1422,8.13,0,,,,,32,10.8,ok
TIC 189596743,24.8724,38.841,8.13,0,,,,,1,1.6,ok
TIC 441740296,259.7722,75.6541,8.13,0,,,,,38,10.9,ok
TIC 219737890,241.6465,64.2955,8.13,0,,,,,37,11.3,ok
TIC 229452839,294.401,64.0166,8.13,0,,,,,43,12.3,ok
TIC 118247716,30.8702,26.5372,8.13,0,,,,,3,6.8,ok
TIC 440675598,8.1817,24.7338,8.13,0,,,,,1,3.2,ok
TIC 191371972,9.9481,42.3834,8.13,0,,,,,3,3.8,ok
TIC 240788393,11.841,48.679,8.13,0,,,,,4,4.7,ok
TIC 277288050,310.2564,56.7288,8.13,0,,,,,11,11.1,ok
TIC 400023867,21.103,27.5793,8.13,0,,,,,2,2.8,ok
TIC 229675482,253.4,73.7403,8.13,0,,,,,25,18.5,ok
TIC 24580983,349.4269,52.4395,8.13,0,,,,,3,3.6,ok
TIC 16919805,19.2648,27.9845,8.13,0,,12.4,rejete,variabilite_continue;eclipse_secondaire,3,5.5,ok
TIC 235980310,300.1439,78.7203,8.13,0,,,,,25,11.7,ok
TIC 439951000,1.4202,44.4686,8.13,0,,,,,3,5.7,ok
TIC 441800221,264.8484,74.3668,8.13,0,,,,,38,14.1,ok
TIC 238452503,21.729,26.5133,8.13,0,,,,,3,4.7,ok
TIC 441731185,257.705,75.098,8.13,0,,,,,38,13.1,ok
TIC 455787110,359.9367,37.2846,8.13,0,,,,,3,3.6,ok
TIC 469416007,307.5328,59.1758,8.13,0,,,,,11,11.4,ok
TIC 256298427,276.4532,70.4222,8.13,0,,,,,41,10.9,ok
TIC 265306802,319.8878,75.9575,8.13,0,,,,,17,11.2,ok
TIC 186528967,21.0386,41.1703,8.13,0,,,,,3,3.6,ok
TIC 229775183,282.592,71.9611,8.13,0,,,,,8,9.0,ok
TIC 173466188,348.2063,47.4494,8.13,0,,,,,2,2.5,ok
TIC 20963168,27.5658,31.3931,8.13,0,,,,,1,1.6,ok
TIC 445380881,14.532,55.8244,8.13,0,,,,,4,5.0,ok
TIC 126998155,23.194,21.0435,8.13,0,,,,,6,7.0,ok
TIC 202513864,6.609,50.2771,8.13,0,,,,,3,3.6,ok
TIC 378644852,0.9089,70.306,8.13,0,,,,,8,10.6,ok
TIC 233120677,273.3544,62.2291,8.13,0,,,,,31,11.9,ok
TIC 353851555,24.7669,25.0965,8.13,0,,,,,3,3.6,ok
TIC 305681089,315.8046,62.2213,8.14,0,,,,,4,4.6,ok
TIC 240797869,12.17,52.6003,8.14,0,,,,,2,2.6,ok
TIC 241067235,21.9265,48.1398,8.14,0,,,,,2,2.6,ok
TIC 127001597,23.49,18.1417,8.14,0,,,,,6,6.7,ok
TIC 256748511,301.2435,65.266,8.14,0,,,,,1,1.6,ok
TIC 267887954,11.7417,32.0763,8.14,0,,,,,2,2.5,ok
TIC 268127544,11.417,12.8898,8.14,0,,,,,4,5.2,ok
TIC 291732046,358.8524,41.0832,8.14,0,,,,,3,3.8,ok
TIC 22660036,28.3911,31.9996,8.14,0,,,,,1,2.2,ok
TIC 365668380,313.207,60.7037,8.14,0,,,,,3,3.8,ok
TIC 427693430,19.3816,19.6774,8.14,0,,,,,6,9.3,ok
TIC 411576400,328.7221,64.1613,8.14,0,,,,,5,6.0,ok
TIC 441788616,262.3425,75.6376,8.14,0,,93.6,rejete,variabilite_continue;eclipse_secondaire,25,16.7,ok
TIC 219861516,258.1179,67.7286,8.14,0,,,,,2,2.7,ok
TIC 201870224,2.8233,51.1583,8.14,0,,,,,3,5.1,ok
TIC 198357383,256.2023,59.4374,8.14,0,,,,,36,11.1,ok
TIC 25696827,9.7426,25.338,8.14,0,,,,,1,1.6,ok
TIC 427767234,352.4822,66.5407,8.14,0,,,,,9,9.7,ok
TIC 258915392,9.0924,26.1593,8.14,0,,,,,3,4.1,ok
TIC 272615789,231.167,67.169,8.14,0,,,,,10,11.8,ok
TIC 237103581,240.9956,71.1201,8.14,0,,,,,11,11.2,ok
TIC 439940151,1.0696,46.4236,8.14,0,,,,,3,3.8,ok
TIC 252750841,347.9657,49.3326,8.14,0,,,,,5,5.5,ok
TIC 237204204,293.3858,76.4693,8.14,0,,,,,13,11.2,ok
TIC 22657004,28.2918,35.2873,8.14,0,,,,,3,3.6,ok
TIC 431185027,343.3391,48.4733,8.14,0,,,,,6,7.9,ok
TIC 26857768,26.7972,24.3923,8.14,0,,,,,1,1.5,ok
TIC 436527880,13.3051,22.9249,8.14,0,,,,,2,2.6,ok
TIC 202148739,4.4239,49.4447,8.14,0,,,,,3,3.7,ok
TIC 252080385,354.0736,54.4692,8.14,0,,,,,2,2.5,ok
TIC 154208193,341.9494,47.8122,8.14,0,,,,,8,9.1,ok
TIC 150987246,24.3835,18.6752,8.14,0,,,,,6,6.4,ok
TIC 455786134,359.8393,36.3724,8.14,0,,,,,2,2.7,ok
TIC 328403079,331.6961,57.7389,8.14,0,,,,,8,8.8,ok
TIC 258771013,10.5337,12.9033,8.14,0,,,,,6,6.7,ok
TIC 354154967,21.0523,48.2878,8.14,0,,,,,4,4.6,ok
TIC 28284665,28.6282,27.701,8.14,0,,,,,2,2.7,ok
TIC 229997470,290.4779,64.5405,8.14,0,,,,,42,11.6,ok
TIC 236876084,303.1841,64.8807,8.14,0,,,,,25,11.1,ok
TIC 336292145,333.9816,64.2212,8.14,0,,,,,9,9.5,ok
TIC 219880177,261.2297,66.6337,8.14,0,,,,,38,11.1,ok
TIC 237282368,300.1659,76.9744,8.14,0,,,,,25,11.4,ok
TIC 202795069,8.4293,52.6636,8.14,0,,,,,5,5.6,ok
TIC 366758263,335.0387,77.577,8.14,0,,,,,12,11.3,ok
TIC 238439630,21.6862,29.7621,8.15,0,,,,,1,1.7,ok
TIC 233075841,271.3979,63.6703,8.15,0,,,,,32,11.5,ok
TIC 173304404,346.8584,43.391,8.15,0,,,,,2,2.8,ok
TIC 190995546,7.1712,45.7799,8.15,0,,,,,3,4.0,ok
TIC 272678898,234.6269,70.6311,8.15,0,,,,,29,11.8,ok
TIC 154878967,344.7066,46.3273,8.15,0,,,,,1,1.7,ok
TIC 258463684,304.442,71.1443,8.15,0,,,,,25,10.6,ok
TIC 240698814,9.892,52.5633,8.15,0,,,,,1,1.6,ok
TIC 191704599,21.5276,45.1974,8.15,0,,,,,3,3.6,ok
TIC 233127429,274.0603,64.0717,8.15,0,,,,,27,11.2,ok
TIC 265254047,320.1646,73.1642,8.15,0,,,,,14,11.1,ok
TIC 322132157,324.5195,69.3512,8.15,0,,,,,9,9.5,ok
TIC 428986692,345.6515,76.504,8.15,0,,,,,10,11.2,ok
TIC 327135228,23.6734,43.2614,8.15,0,,,,,4,4.6,ok
TIC 196280935,14.0179,47.1332,8.15,0,,,,,4,5.6,ok
TIC 285334128,12.7454,62.8308,8.15,0,,,,,4,5.4,ok
TIC 194554967,5.1869,38.5383,8.15,0,,,,,3,4.7,ok
TIC 375544372,316.011,58.2289,8.15,0,,,,,7,7.8,ok
TIC 289540793,251.7029,62.7991,8.15,0,,,,,25,12.2,ok
TIC 440103299,4.4908,45.0942,8.15,0,,,,,3,3.9,ok
TIC 470830598,358.5593,63.823,8.15,0,,,,,9,9.8,ok
TIC 352693111,308.0644,64.2302,8.15,0,,,,,17,11.3,ok
TIC 256624079,300.3407,62.2816,8.15,0,,,,,12,10.9,ok
TIC 255919762,307.6508,69.2505,8.15,0,,,,,22,10.7,ok
TIC 365592511,312.7718,63.8245,8.15,0,,,,,13,11.9,ok
TIC 69389545,19.9004,32.2948,8.15,0,,,,,3,3.8,ok
TIC 431634262,358.336,49.5783,8.15,0,,,,,3,3.6,ok
TIC 219778329,263.8521,64.38,8.15,0,,,,,38,11.0,ok
TIC 431520181,357.0837,50.6125,8.15,0,,,,,4,4.6,ok
TIC 352146741,0.5165,37.1144,8.15,0,,,,,1,1.6,ok
TIC 428040440,350.7709,45.01,8.15,0,,,,,2,2.7,ok
TIC 455763202,357.8879,39.6319,8.15,0,,,,,3,3.8,ok
TIC 265460043,359.8532,68.3841,8.15,0,,,,,5,5.9,ok
TIC 219771875,263.0819,61.9493,8.15,0,,,,,37,11.1,ok
TIC 307044554,14.4556,48.1048,8.15,0,,,,,1,1.5,ok
TIC 279980795,297.0736,68.0112,8.15,0,,,,,37,10.8,ok
TIC 424730566,255.2927,64.6942,8.15,0,,,,,39,11.1,ok
TIC 305043392,12.6334,48.8874,8.15,0,,,,,2,2.8,ok
TIC 357528213,19.2612,20.8459,8.15,0,,,,,5,5.5,ok
TIC 422431718,319.1612,68.212,8.15,0,,,,,14,11.0,ok
TIC 252701832,347.4289,48.6464,8.15,0,,,,,3,3.5,ok
TIC 198180316,244.8618,65.6142,8.15,0,,,,,41,11.2,ok
TIC 258769833,10.361,17.6967,8.15,0,,,,,5,5.4,ok
TIC 444212712,352.1273,55.9914,8.16,0,,,,,3,3.5,ok
TIC 233068587,270.6031,63.5963,8.16,0,,,,,39,10.8,ok
TIC 258630372,306.3714,68.2875,8.16,0,,,,,10,10.5,ok
TIC 600217485,11.0958,33.6181,8.16,0,,,,,1,1.6,ok
TIC 366411890,329.8169,72.5533,8.16,0,,,,,14,12.7,ok
TIC 237285047,300.0158,72.2552,8.16,0,,,,,38,11.3,ok
TIC 199685781,252.8414,59.5416,8.16,0,,,,,43,11.0,ok
TIC 445197900,11.6392,57.3322,8.16,0,,,,,4,5.7,ok
TIC 345420994,355.7968,54.1074,8.16,0,,,,,4,4.6,ok
TIC 449992505,6.4149,59.8008,8.16,0,,,,,9,9.8,ok
TIC 258954765,289.1008,67.1351,8.16,0,,,,,38,11.0,ok
TIC 267623164,9.0931,33.6442,8.16,0,,,,,3,3.7,ok
TIC 26891265,27.2193,28.8955,8.16,0,,,,,2,2.4,ok
TIC 367076284,339.8456,75.6576,8.16,0,,,,,9,9.9,ok
TIC 236882252,303.2264,60.3859,8.16,0,,,,,5,5.6,ok
TIC 264226286,319.8438,78.7243,8.16,0,,,,,9,10.5,ok
TIC 306950319,14.0531,48.5157,8.16,0,,,,,5,5.8,ok
TIC 189381387,21.7853,41.1858,8.16,0,,,,,1,1.4,ok
TIC 336167178,318.8948,74.6223,8.16,0,,,,,15,11.2,ok
TIC 367100190,317.7886,74.0586,8.16,1,1.2687,22.2,rejete,variabilite_continue;eclipse_secondaire,6,10.1,ok
TIC 326556362,1.6607,58.0384,8.16,0,,,,,9,10.2,ok
TIC 357687021,275.1829,56.7111,8.16,0,,,,,38,10.8,ok
TIC 61130379,20.5444,35.7806,8.16,0,,,,,4,4.4,ok
TIC 427692940,19.3366,21.872,8.16,0,,,,,3,3.5,ok
TIC 230394694,286.6097,64.7997,8.16,0,,,,,38,10.8,ok
TIC 343268874,309.5413,64.2434,8.16,0,,,,,6,6.7,ok
TIC 252790979,348.5311,53.7883,8.16,0,,,,,3,3.4,ok
TIC 44618216,21.914,31.1004,8.16,0,,,,,3,3.6,ok
TIC 238657674,20.9684,42.8105,8.16,0,,,,,3,4.2,ok
TIC 346479368,350.9429,40.4932,8.16,0,,,,,3,4.8,ok
TIC 467364796,344.0133,72.8918,8.16,0,,,,,6,7.1,ok
TIC 377815356,348.6058,61.6381,8.16,0,,,,,1,1.6,ok
TIC 313691802,345.2948,56.2881,8.16,0,,,,,4,4.5,ok
TIC 91276233,27.6827,21.3393,8.16,0,,,,,5,5.8,ok
TIC 343727047,316.256,56.2778,8.17,0,,,,,3,3.6,ok
TIC 177563393,359.257,44.6219,8.17,0,,,,,2,2.5,ok
TIC 270545413,352.8966,60.995,8.17,0,,,,,8,8.6,ok
TIC 61471735,24.8011,33.6929,8.17,0,,,,,2,2.4,ok
TIC 467471988,336.2634,53.7225,8.17,0,,,,,8,8.8,ok
TIC 291729805,358.8305,36.8496,8.17,0,,,,,3,3.5,ok
TIC 283425942,12.6109,40.8083,8.17,0,,,,,3,3.9,ok
TIC 377295633,286.8263,56.5959,8.17,0,,,,,34,11.2,ok
TIC 177563620,359.3155,44.9225,8.17,0,,,,,2,2.6,ok
TIC 417735032,299.3695,67.6345,8.17,0,,,,,22,10.7,ok
TIC 381248642,19.2906,17.7935,8.17,0,,,,,6,6.5,ok
TIC 256560570,300.0036,60.6638,8.17,0,,20.6,rejete,variabilite_continue;eclipse_secondaire;compagnon_trop_gros_2.5Rjup,18,16.2,ok
TIC 150989170,24.496,22.716,8.17,0,,81.9,rejete,variabilite_continue;eclipse_secondaire,5,8.2,ok
TIC 26998265,356.278,52.9132,8.17,0,,,,,4,4.4,ok
TIC 202158171,4.5508,53.4686,8.17,0,,,,,5,5.8,ok
TIC 306341482,31.537,19.6692,8.17,0,,,,,5,5.5,ok
TIC 258800851,286.7645,66.3125,8.17,0,,,,,16,10.7,ok
TIC 269107064,349.4932,62.4057,8.17,0,,,,,7,7.4,ok
TIC 283545713,13.2084,38.8985,8.17,0,,,,,3,3.4,ok
TIC 229641819,279.4023,76.4588,8.17,0,,,,,39,11.0,ok
TIC 376370692,339.0348,69.0612,8.17,0,,,,,1,1.5,ok
TIC 378047862,352.0244,61.9203,8.17,0,,,,,8,8.5,ok
TIC 322060937,324.2377,68.1853,8.17,0,,,,,10,10.4,ok
TIC 60923874,25.9203,21.0053,8.17,0,,,,,7,7.3,ok
TIC 467335867,326.0413,72.066,8.17,0,,,,,5,5.7,ok
TIC 230378284,285.3114,60.8781,8.17,0,,,,,39,10.6,ok
TIC 333731944,303.4627,74.5588,8.17,0,,,,,20,10.8,ok
TIC 236761202,273.0512,69.7156,8.17,0,,,,,35,11.4,ok
TIC 377144544,342.6038,68.3778,8.17,0,,,,,9,9.9,ok
TIC 317843247,354.0477,73.9186,8.17,0,,,,,5,5.7,ok
TIC 26893151,27.294,24.7239,8.17,0,,,,,3,3.4,ok
TIC 61505417,25.0179,31.6478,8.17,0,,,,,2,2.4,ok
TIC 202435446,6.27,50.728,8.17,0,,,,,1,1.6,ok
TIC 356976847,273.8553,54.5706,8.17,0,,,,,36,11.3,ok
TIC 233605002,283.0281,63.2087,8.17,0,,,,,40,11.1,ok
TIC 384889149,16.999,17.7769,8.17,0,,,,,5,5.5,ok
TIC 229795998,284.8611,67.795,8.17,0,,,,,37,10.9,ok
TIC 219780306,263.8967,61.6787,8.17,0,,,,,40,10.8,ok
TIC 326854031,22.4949,42.0001,8.18,0,,,,,1,1.6,ok
TIC 264217214,294.8105,67.8976,8.18,0,,,,,37,10.6,ok
TIC 384884894,16.5938,16.3142,8.18,0,,,,,6,6.6,ok
TIC 452996874,9.201,56.7464,8.18,0,,,,,1,1.5,ok
TIC 298356285,350.5501,68.5268,8.18,0,,,,,10,10.9,ok
TIC 229962278,289.2392,65.1742,8.18,0,,,,,39,12.1,ok
TIC 352383497,15.5439,39.9681,8.18,0,,,,,3,3.5,ok
TIC 256805566,301.558,65.698,8.18,0,,,,,10,10.5,ok
TIC 366975905,338.1301,73.1769,8.18,0,,,,,14,10.6,ok
TIC 470119827,329.865,78.1572,8.18,0,,,,,14,10.8,ok
TIC 64267633,338.0193,56.7622,8.18,0,,,,,6,6.5,ok
TIC 229402125,292.5612,60.0171,8.18,0,,,,,35,11.0,ok
TIC 440055885,3.7267,46.8033,8.18,0,,,,,1,1.6,ok
TIC 80472844,10.4375,27.186,8.18,0,,,,,1,1.4,ok
TIC 332504864,267.2223,59.8899,8.18,0,,,,,40,11.1,ok
TIC 252744308,347.9597,52.3724,8.18,0,,,,,5,5.4,ok
TIC 314213956,318.9189,57.6363,8.18,0,,,,,5,6.0,ok
TIC 177640972,359.8099,43.8633,8.18,0,,,,,2,2.6,ok
TIC 229777486,282.8314,66.9033,8.18,0,,,,,39,11.1,ok
TIC 237232372,297.3584,76.9955,8.18,0,,,,,5,5.9,ok
TIC 17002983,20.3998,24.823,8.18,0,,,,,1,1.4,ok
TIC 191463346,11.0879,45.9204,8.18,0,,,,,4,4.5,ok
TIC 235992479,302.9504,79.6015,8.18,0,,,,,2,2.5,ok
TIC 235955519,298.833,80.4959,8.18,0,,,,,19,10.9,ok
TIC 375907264,336.493,70.4199,8.18,0,,,,,7,7.4,ok
TIC 404654491,323.5133,64.1345,8.18,0,,,,,11,11.0,ok
TIC 440039809,3.2321,43.5504,8.18,0,,,,,3,3.5,ok
TIC 342216655,326.5368,54.5262,8.18,0,,,,,8,9.1,ok
TIC 445420853,14.8705,56.1898,8.18,0,,,,,4,4.8,ok
TIC 224607716,255.8917,57.4999,8.18,1,1.5326,223.8,rejete,variabilite_continue;eclipse_secondaire;compagnon_trop_gros_3.0Rjup,42,15.8,ok
TIC 271344642,354.327,61.3571,8.18,0,,,,,7,7.8,ok
TIC 441726485,256.3182,75.5015,8.18,0,,72.9,rejete,variabilite_continue;eclipse_secondaire,20,15.8,ok
TIC 434223958,11.0344,22.0903,8.18,0,,,,,1,1.5,ok
TIC 354115105,327.2572,75.0015,8.18,0,,,,,6,6.6,ok
TIC 321983110,323.732,66.1266,8.18,0,,,,,12,10.5,ok
TIC 233733505,277.6206,64.1962,8.18,0,,,,,38,11.1,ok
TIC 353783319,276.8424,57.297,8.18,0,,,,,40,11.0,ok
TIC 191556690,12.0468,43.8691,8.18,0,,,,,3,3.7,ok
TIC 177418703,358.4258,47.495,8.18,0,,,,,1,1.5,ok
TIC 267779001,10.5907,32.5264,8.18,0,,,,,3,3.6,ok
TIC 424696909,294.2297,57.3512,8.18,0,,,,,23,10.8,ok
TIC 194413118,3.6252,37.5436,8.19,0,,,,,2,2.5,ok
TIC 326919774,22.973,46.3998,8.19,0,,,,,4,4.4,ok
TIC 445407417,14.8098,57.5946,8.19,0,,,,,4,4.6,ok
TIC 196434688,15.3559,42.7152,8.19,0,,,,,4,4.5,ok
TIC 418982107,6.5847,65.2574,8.19,0,,,,,5,5.7,ok
TIC 58824505,12.8065,14.0858,8.19,0,,,,,6,6.9,ok
TIC 229747669,280.3456,70.7161,8.19,0,,,,,37,10.8,ok
TIC 243149841,15.47,19.8355,8.19,0,,,,,5,5.7,ok
TIC 350071392,316.2892,73.2038,8.19,0,,,,,7,7.7,ok
TIC 269104250,349.4505,63.1924,8.19,0,,,,,2,2.6,ok
TIC 421381058,11.7009,61.8219,8.19,0,,,,,4,4.2,ok
TIC 61525237,25.5238,32.7672,8.19,0,,,,,1,1.7,ok
TIC 331363742,341.0399,64.0981,8.19,0,,,,,8,8.4,ok
TIC 338280618,338.0898,60.3346,8.19,0,,,,,5,5.7,ok
TIC 24795245,350.1946,48.7929,8.19,0,,,,,2,2.4,ok
TIC 455736393,357.3153,38.5314,8.19,0,,,,,3,3.5,ok
TIC 230069191,242.7228,71.3075,8.19,0,,22.7,rejete,variabilite_continue;eclipse_secondaire,23,17.0,ok
TIC 315810728,314.8346,74.9128,8.19,0,,,,,4,4.7,ok
TIC 219097594,269.7279,67.7935,8.19,0,,,,,30,10.5,ok
TIC 196972857,20.6309,43.6654,8.19,0,,,,,3,3.7,ok
TIC 26720711,355.3438,52.4339,8.19,0,,,,,3,3.9,ok
TIC 366560501,303.8101,72.1356,8.19,0,,109.8,rejete,variabilite_continue;eclipse_secondaire,16,15.7,ok
TIC 57917921,4.4874,34.5754,8.19,0,,,,,3,4.5,ok
TIC 431238133,18.1268,32.211,8.19,0,,,,,1,1.5,ok
TIC 15651670,16.7741,24.8414,8.19,0,,,,,3,3.5,ok
TIC 279893616,354.401,71.0733,8.19,0,,,,,4,4.8,ok
TIC 219109618,271.6281,70.6569,8.19,0,,,,,39,10.8,ok
TIC 173334864,347.008,43.5573,8.19,0,,,,,5,5.4,ok
TIC 353872814,271.205,56.8152,8.19,0,,,,,38,11.0,ok
TIC 461421540,3.2843,67.0214,8.19,0,,,,,1,1.7,ok
TIC 237234188,297.4921,74.7794,8.19,0,,,,,35,10.9,ok
TIC 371822437,348.5135,54.5105,8.19,0,,,,,4,4.7,ok
TIC 289582574,253.1044,63.1498,8.2,0,,,,,40,10.5,ok
TIC 196507758,16.1117,44.4836,8.2,0,,,,,3,3.5,ok
TIC 427337863,344.3899,66.9731,8.2,0,,,,,8,9.3,ok
TIC 331810602,6.4834,41.8362,8.2,0,,,,,3,3.9,ok
TIC 243223895,17.3506,22.5774,8.2,0,,,,,3,3.5,ok
TIC 343726738,316.2215,56.3877,8.2,0,,,,,3,3.8,ok
TIC 251919319,352.0807,59.5695,8.2,0,,,,,6,6.4,ok
TIC 298665610,278.2514,59.8887,8.2,0,,,,,41,10.6,ok
TIC 365938735,355.8571,69.481,8.2,0,,,,,4,4.8,ok
TIC 259039140,290.5065,70.6138,8.2,0,,,,,39,10.5,ok
TIC 314828958,346.8546,54.8502,8.2,0,,,,,2,2.4,ok
TIC 404393507,323.2588,62.0035,8.2,0,,,,,3,3.7,ok
TIC 264299562,295.835,69.4892,8.2,0,,72.7,rejete,variabilite_continue;eclipse_secondaire,16,15.5,ok
TIC 417644139,309.9738,78.8328,8.2,0,,,,,19,10.9,ok
TIC 80513959,15.5489,24.654,8.2,0,,,,,?,1.1,erreur
TIC 191462439,11.0111,46.9647,8.2,0,,,,,4,4.9,ok
TIC 416401395,287.8759,58.534,8.2,1,1.5732,21.4,rejete,variabilite_continue;eclipse_secondaire,39,16.0,ok
TIC 256106349,15.1392,60.4447,8.2,0,,,,,3,3.7,ok
TIC 177639350,359.6889,45.6886,8.2,0,,,,,3,3.5,ok
TIC 461427315,3.9836,69.7083,8.2,0,,,,,4,4.6,ok
TIC 436561089,15.0207,23.4188,8.2,0,,,,,1,1.5,ok
TIC 288471431,271.2261,79.1119,8.2,0,,,,,34,10.9,ok
TIC 196262140,13.5463,43.2983,8.2,0,,,,,3,3.5,ok
TIC 376870043,283.3742,75.0707,8.2,0,,,,,38,11.2,ok
TIC 25306747,351.3696,51.0712,8.2,0,,,,,1,1.4,ok
TIC 249814160,339.7511,48.4273,8.2,0,,,,,8,8.8,ok
TIC 252139043,16.2355,55.0333,8.2,0,,,,,3,3.8,ok
TIC 53847479,14.4025,34.1697,8.2,0,,,,,1,1.5,ok
TIC 255802743,14.346,60.1031,8.2,0,,,,,4,4.4,ok
TIC 252494350,344.373,51.6629,8.2,0,,,,,2,2.5,ok
TIC 385141028,21.0896,17.6085,8.2,0,,,,,6,6.5,ok
TIC 352262697,14.7574,38.9339,8.2,0,,,,,3,3.8,ok
TIC 191252449,9.3621,44.8147,8.2,0,,,,,3,3.5,ok
TIC 63396956,30.6164,30.271,8.2,0,,,,,3,3.4,ok
TIC 440633177,6.429,29.3111,8.2,0,,,,,3,3.5,ok
TIC 219755548,261.516,60.5753,8.2,0,,,,,35,11.1,ok
TIC 125486577,354.8603,39.0338,8.2,0,,,,,4,4.5,ok
TIC 325772402,331.3076,53.5102,8.2,0,,,,,2,2.5,ok
TIC 323055931,319.5401,76.1004,8.2,0,,,,,7,7.6,ok
TIC 400048310,18.4506,31.2044,8.2,0,,,,,3,3.6,ok
TIC 277164182,309.9784,59.7028,8.2,0,,,,,5,6.6,ok
TIC 241025759,20.3291,49.7566,8.2,0,,,,,4,4.5,ok
TIC 1981303680,300.3917,70.4546,8.2,0,,,,,7,7.8,ok
TIC 236776067,282.6055,57.3539,8.21,0,,,,,38,11.6,ok
TIC 336911174,335.1699,60.0938,8.21,0,,,,,4,4.5,ok
TIC 198416255,260.1136,59.1989,8.21,0,,,,,38,10.7,ok
TIC 64074901,337.8236,54.2105,8.21,0,,,,,8,9.3,ok
TIC 427110585,321.221,64.3683,8.21,0,,,,,9,10.1,ok
TIC 115853789,11.587,38.7201,8.21,0,,,,,3,3.6,ok
TIC 441768698,262.0822,76.7095,8.21,0,,,,,42,11.9,ok
TIC 26893571,27.3676,24.6802,8.21,0,,,,,3,3.5,ok
TIC 174196118,351.9448,43.1569,8.21,0,,,,,2,2.6,ok
TIC 377785424,298.294,62.5441,8.21,0,,,,,31,11.4,ok
TIC 191146233,8.3154,45.9541,8.21,0,,,,,3,3.6,ok
TIC 229456125,294.7937,65.3991,8.21,0,,19.6,rejete,variabilite_continue;eclipse_secondaire,16,16.3,ok
TIC 189437897,22.9692,37.5337,8.21,0,,,,,2,2.5,ok
TIC 387508759,312.1653,66.1931,8.21,0,,,,,11,11.6,ok
TIC 173421786,347.5135,45.4861,8.21,0,,,,,2,3.3,ok
TIC 327244610,3.5979,56.8873,8.21,0,,,,,6,6.7,ok
TIC 356700488,254.4557,68.6996,8.21,0,,,,,40,11.8,ok
TIC 467181242,291.7041,59.05,8.21,0,,,,,15,12.4,ok
TIC 352685343,356.0161,39.7497,8.21,0,,,,,4,4.8,ok
TIC 256456982,298.8796,63.7931,8.21,0,,,,,12,11.0,ok
TIC 426960606,9.1146,21.0742,8.21,0,,,,,3,3.7,ok
TIC 196614960,17.0758,45.505,8.21,0,,,,,3,4.0,ok
TIC 259964294,318.7633,64.8204,8.21,0,,,,,5,6.0,ok
TIC 372342313,331.7383,70.2339,8.21,0,,,,,4,4.7,ok
TIC 367078541,315.9863,75.8338,8.21,0,,,,,5,5.9,ok
TIC 15616171,16.5509,29.9224,8.21,0,,,,,3,3.4,ok
TIC 352760233,308.2958,64.6917,8.21,0,,,,,3,3.5,ok
TIC 287137719,252.5464,65.4681,8.21,0,,,,,37,11.3,ok
TIC 229740594,279.6744,69.0293,8.21,0,,,,,40,11.4,ok
TIC 435544944,347.16,61.4196,8.21,0,,,,,1,1.5,ok
TIC 456937378,27.2127,20.5195,8.21,0,,,,,6,6.5,ok
TIC 264074453,308.9348,78.1361,8.21,0,,,,,22,11.0,ok
TIC 325290430,330.6936,52.5078,8.21,0,,,,,8,9.7,ok
TIC 233680190,260.4514,61.7467,8.21,0,,,,,38,11.1,ok
TIC 229914817,287.5863,62.613,8.21,0,,,,,42,11.5,ok
TIC 305795749,317.7831,64.9038,8.21,0,,,,,11,11.6,ok
TIC 329497457,332.8543,56.5761,8.21,0,,,,,7,8.0,ok
TIC 387285744,309.4077,66.3655,8.21,0,,,,,5,5.9,ok
TIC 402975143,17.0851,21.8516,8.21,0,,,,,3,3.6,ok
TIC 233497034,249.5477,74.6571,8.21,0,,,,,39,11.3,ok
TIC 26626790,354.964,48.9244,8.21,0,,,,,2,2.6,ok
TIC 352410009,15.6294,40.6395,8.21,0,,,,,3,3.7,ok
TIC 230090072,247.6143,67.352,8.21,0,,,,,41,10.6,ok
TIC 284540104,9.9065,65.8787,8.22,0,,,,,4,4.7,ok
TIC 26834585,26.4038,26.9497,8.22,0,,,,,2,2.4,ok
TIC 440674139,8.0032,27.6622,8.22,0,,,,,3,3.5,ok
TIC 427930406,353.9401,67.02,8.22,0,,,,,8,10.7,ok
TIC 61423387,24.512,29.9954,8.22,0,,,,,2,2.4,ok
TIC 470169809,335.7692,78.7956,8.22,0,,,,,12,10.8,ok
TIC 306372116,32.1175,21.7851,8.22,0,,,,,5,5.4,ok
TIC 196525127,16.3171,46.1479,8.22,0,,,,,4,5.0,ok
TIC 18111321,20.8359,27.6484,8.22,0,,,,,3,3.8,ok
TIC 411550105,7.0851,23.7362,8.22,0,,,,,3,3.6,ok
TIC 437755635,5.4687,24.8144,8.22,0,,,,,3,3.6,ok
TIC 264995432,346.9617,66.8087,8.22,0,,,,,8,8.7,ok
TIC 368031098,357.0591,66.6465,8.22,0,,,,,8,8.9,ok
TIC 371221281,329.2545,68.1999,8.22,0,,,,,10,11.1,ok
TIC 315923151,316.321,64.5524,8.22,0,,,,,11,11.5,ok
TIC 354152278,21.1327,50.8033,8.22,0,,,,,4,4.8,ok
TIC 66722098,341.7495,53.7567,8.22,0,,,,,5,6.5,ok
TIC 412352258,329.4015,61.7363,8.22,0,,,,,3,3.6,ok
TIC 387809195,315.0168,70.6684,8.22,0,,,,,10,11.1,ok
TIC 26893846,27.4843,25.8191,8.22,0,,,,,2,2.3,ok
TIC 329170577,268.3582,74.3922,8.22,0,,,,,36,10.9,ok
TIC 219814166,267.3475,65.473,8.22,0,,,,,28,11.3,ok
TIC 219795383,265.2738,63.6448,8.22,0,,,,,35,11.8,ok
TIC 189384366,21.9896,37.0097,8.22,0,,,,,2,2.4,ok
TIC 26853940,26.4579,26.3995,8.22,0,,,,,1,2.1,ok
TIC 437750166,3.8078,29.7733,8.22,0,,,,,3,3.4,ok
TIC 420110687,290.2115,77.9171,8.22,0,,,,,13,10.9,ok
TIC 352729947,356.3969,40.4437,8.22,0,,,,,2,2.3,ok
TIC 252546637,344.9577,52.1247,8.22,0,,,,,3,3.4,ok
TIC 436541078,13.3925,19.1866,8.22,0,,,,,5,5.4,ok
TIC 331551470,330.0282,70.3445,8.22,0,,,,,11,10.8,ok
TIC 315782496,321.048,57.7922,8.22,0,,,,,9,9.9,ok
TIC 233504762,251.3062,72.8268,8.23,0,,,,,39,10.8,ok
TIC 53843884,14.2288,35.3919,8.23,0,,,,,2,2.7,ok
TIC 267869996,11.1958,30.611,8.23,0,,,,,3,3.4,ok
TIC 427381869,344.5973,71.0432,8.23,0,,,,,10,10.8,ok
TIC 344656097,354.5447,55.0809,8.23,0,,,,,1,1.4,ok
TIC 83803744,3.678,64.5661,8.23,0,,,,,5,5.2,ok
TIC 60998845,29.7821,20.1075,8.23,0,,,,,6,6.3,ok
TIC 13861609,12.3115,26.3562,8.23,0,,,,,1,2.1,ok
TIC 283029291,0.9896,61.1036,8.23,0,,,,,8,8.5,ok
TIC 353734834,276.2244,58.559,8.23,0,,,,,41,12.3,ok
TIC 293879837,296.0885,59.0386,8.23,0,,,,,21,11.0,ok
TIC 84014930,1.5389,34.8233,8.23,0,,,,,3,3.4,ok
TIC 428478211,7.7503,62.6346,8.23,0,,,,,4,4.4,ok
TIC 389916508,275.8845,59.4534,8.23,0,,,,,40,10.8,ok
TIC 243335760,289.8195,59.7297,8.23,0,,,,,40,11.5,ok
TIC 83048881,2.2498,61.4681,8.23,0,,,,,8,8.9,ok
TIC 407336126,0.7743,31.87,8.23,0,,,,,1,2.4,ok
TIC 352647517,355.8054,36.9359,8.23,0,,,,,2,7.8,ok
TIC 202502398,6.6391,52.4462,8.23,0,,,,,?,4.8,erreur
TIC 53848480,14.5428,35.1575,8.23,0,,,,,1,2.3,ok
TIC 236716793,239.4197,65.3958,8.23,0,,,,,10,11.3,ok
TIC 219877628,260.8827,69.7717,8.23,0,,,,,36,11.4,ok
TIC 322384339,326.3723,67.7513,8.23,0,,,,,8,9.1,ok
TIC 232606786,258.2139,61.8538,8.23,0,,,,,42,12.4,ok
TIC 233573215,282.2026,60.4766,8.23,0,,,,,39,11.7,ok
TIC 321723859,322.0445,66.3907,8.23,0,,,,,11,10.9,ok
TIC 25763390,10.5778,27.9593,8.23,0,,,,,2,2.5,ok
TIC 424383229,277.4028,77.2692,8.23,0,,,,,16,13.6,ok
TIC 237200438,292.8942,75.6879,8.23,0,,,,,38,12.4,ok
TIC 127018211,23.5,22.6712,8.23,0,,,,,5,6.0,ok
TIC 352379561,15.3644,39.2558,8.23,0,,,,,1,1.5,ok
TIC 305165762,311.7172,63.3866,8.23,0,,,,,4,4.8,ok
TIC 367069074,338.9628,72.3638,8.23,0,,,,,12,11.1,ok
TIC 194254590,1.7029,38.6253,8.23,0,,,,,3,4.3,ok
TIC 229948733,288.5253,62.7946,8.23,0,,,,,16,13.7,ok
TIC 389334186,344.0913,57.9821,8.24,0,,,,,4,6.5,ok
TIC 356979621,273.8121,59.8267,8.24,0,,,,,25,12.6,ok
TIC 433877646,342.2195,60.3606,8.24,0,,,,,7,7.5,ok
TIC 455820420,347.657,46.3779,8.24,0,,,,,4,4.5,ok
TIC 28286682,28.7711,27.5542,8.24,0,,,,,1,1.8,ok
TIC 440667466,7.5388,24.6071,8.24,0,,,,,1,2.3,ok
TIC 467254810,307.6394,65.4511,8.24,0,,,,,10,11.1,ok
TIC 186457777,20.0175,36.6302,8.24,0,,,,,1,1.6,ok
TIC 366416144,330.2327,77.3163,8.24,0,,,,,12,10.8,ok
TIC 434723884,345.8339,63.5505,8.24,0,,14.5,rejete,variabilite_continue;eclipse_secondaire,7,17.0,ok
TIC 258956843,289.2457,68.3353,8.24,0,,,,,12,11.1,ok
TIC 186339024,18.0254,38.2051,8.24,0,,,,,3,3.8,ok
TIC 301800038,9.0153,27.6185,8.24,0,,,,,3,3.6,ok
TIC 84158878,4.255,60.4765,8.24,0,,,,,8,8.6,ok
TIC 196689336,17.5936,45.6529,8.24,0,,,,,1,1.5,ok
TIC 440169405,6.0053,44.1851,8.24,0,,,,,3,3.4,ok
TIC 191442682,10.6761,42.9075,8.24,0,,,,,3,3.7,ok
TIC 383648451,279.0443,65.075,8.24,0,,,,,39,10.9,ok
TIC 435864162,12.0677,23.8499,8.24,0,,,,,1,1.5,ok
TIC 191139136,8.0413,47.1228,8.24,0,,,,,1,1.5,ok
TIC 334063079,330.2423,61.6067,8.24,0,,,,,9,10.5,ok
TIC 354108641,14.164,53.0007,8.24,0,,,,,4,4.7,ok
TIC 389341574,344.1559,55.9825,8.24,0,,,,,2,2.4,ok
TIC 343940601,341.9023,59.7033,8.24,0,,,,,6,6.5,ok
TIC 284715754,10.1773,60.418,8.24,0,,,,,5,5.2,ok
TIC 18176691,22.2013,26.4073,8.24,0,,,,,1,1.9,ok
TIC 177319683,357.8623,47.7544,8.24,0,,,,,1,1.7,ok
TIC 371999100,327.155,55.7446,8.24,0,,,,,8,8.9,ok
TIC 16873442,18.0931,24.5321,8.24,0,,,,,3,3.6,ok
TIC 229473543,295.2842,62.3733,8.24,0,,,,,37,10.9,ok
TIC 411534476,7.152,19.7021,8.24,0,,,,,1,1.5,ok
TIC 229410739,293.106,60.2912,8.24,0,,,,,12,10.7,ok
TIC 268151389,22.8306,17.5652,8.24,0,,,,,1,2.1,ok
TIC 430935883,334.4048,53.6859,8.24,0,,,,,7,7.6,ok
TIC 400352342,359.0127,61.6668,8.24,0,,13.2,rejete,variabilite_continue;eclipse_secondaire,8,12.4,ok
TIC 269042256,349.2254,64.4796,8.24,0,,,,,5,6.2,ok
TIC 196952604,20.5457,42.1288,8.24,0,,,,,3,3.4,ok
TIC 467503032,336.5482,51.1721,8.24,0,,,,,8,9.1,ok
TIC 440048922,3.3719,42.4413,8.24,0,,,,,3,3.7,ok
TIC 243336701,290.0597,58.8472,8.24,0,,,,,40,10.9,ok
TIC 230124369,250.7095,71.3702,8.25,0,,,,,36,11.0,ok
TIC 345520632,355.9973,58.7465,8.25,0,,,,,2,2.7,ok
TIC 376978329,284.2586,57.3225,8.25,0,,,,,29,10.9,ok
TIC 229643470,279.6073,74.6256,8.25,0,,,,,24,10.9,ok
TIC 367948537,355.9148,73.3702,8.25,0,,38.9,rejete,variabilite_continue;eclipse_secondaire,4,6.8,ok
TIC 61505108,25.0659,32.4069,8.25,0,,,,,2,3.6,ok
TIC 229583484,271.0076,77.4867,8.25,0,,,,,12,10.4,ok
TIC 67901380,10.6242,36.3399,8.25,0,,,,,3,3.4,ok
TIC 402442878,294.2917,71.7326,8.25,0,,,,,41,11.1,ok
TIC 258953048,9.6799,36.5937,8.25,0,,,,,2,2.7,ok
TIC 186400103,18.8801,37.7432,8.25,0,,,,,3,3.5,ok
TIC 61339561,23.7772,30.7732,8.25,0,,,,,2,2.5,ok
TIC 343661464,341.7254,58.0843,8.25,0,,,,,2,2.6,ok
TIC 25755984,9.8674,26.7364,8.25,0,,,,,3,4.0,ok
TIC 352697056,308.2627,61.139,8.25,0,,22.2,rejete,variabilite_continue;eclipse_secondaire,13,16.7,ok
TIC 452862495,338.6437,52.9659,8.25,0,,,,,8,9.8,ok
TIC 256868095,301.7009,60.6808,8.25,0,,,,,12,11.0,ok
TIC 354120215,327.2996,74.7869,8.25,0,,,,,16,11.8,ok
TIC 219846750,255.428,70.8387,8.25,0,,,,,36,11.3,ok
TIC 306069185,4.0879,28.5322,8.25,0,,,,,?,1.1,erreur
TIC 57916770,4.5037,31.2918,8.25,0,,,,,3,5.0,ok
TIC 305544030,315.0272,60.745,8.25,0,,,,,9,10.8,ok
TIC 431421108,356.4251,48.4577,8.25,0,,,,,3,4.5,ok
TIC 326994523,2.6615,56.0561,8.25,0,,,,,2,4.9,ok
TIC 342761036,327.106,57.8545,8.25,0,,,,,2,3.5,ok
TIC 230024912,291.842,63.6971,8.25,0,,,,,38,11.4,ok
TIC 396383322,0.8876,32.4595,8.25,0,,,,,1,1.8,ok
TIC 396232078,0.2015,30.3959,8.25,0,,,,,1,2.1,ok
TIC 402656371,302.5151,70.8375,8.25,0,,,,,10,10.4,ok
TIC 414807011,13.2591,16.7051,8.25,0,,,,,6,6.5,ok
TIC 229482394,295.7962,63.3607,8.25,0,,,,,40,11.5,ok
TIC 61573272,25.5519,31.1397,8.25,0,,,,,1,1.8,ok
TIC 191703558,21.4529,46.4037,8.26,0,,,,,4,5.2,ok
TIC 317162196,342.0607,58.209,8.26,0,,,,,4,4.6,ok
TIC 326914984,22.6842,43.9157,8.26,0,,,,,2,2.8,ok
TIC 327000122,2.8406,58.35,8.26,0,,,,,3,3.9,ok
TIC 387564014,312.7744,69.6014,8.26,0,,,,,19,11.8,ok
TIC 414281391,336.6872,54.5009,8.26,0,,,,,8,8.9,ok
TIC 189411582,22.5451,40.2803,8.26,0,,,,,3,4.0,ok
TIC 434223383,10.9817,19.5134,8.26,0,,,,,3,3.8,ok
TIC 196920191,20.054,47.8765,8.26,0,,,,,4,4.8,ok
TIC 258923381,288.7232,71.3012,8.26,0,,,,,37,11.2,ok
TIC 18152870,21.8111,27.5088,8.26,0,,,,,3,3.8,ok
TIC 601074192,1.2109,43.9706,8.26,0,,,,,1,2.3,ok
TIC 233624367,284.4521,65.0723,8.26,0,,,,,39,11.1,ok
TIC 85342469,28.9794,33.888,8.26,0,,,,,1,1.7,ok
TIC 256978045,302.2896,64.0524,8.26,0,,62.0,rejete,variabilite_continue;eclipse_secondaire;compagnon_trop_gros_2.5Rjup,23,16.1,ok
TIC 240930325,18.267,52.3936,8.26,0,,,,,2,2.7,ok
TIC 243183660,16.565,22.5519,8.26,0,,,,,1,2.2,ok
TIC 198206331,246.9598,62.3325,8.26,0,,,,,42,11.6,ok
TIC 202797607,8.3529,50.974,8.26,0,,,,,3,3.9,ok
TIC 455794818,346.3116,44.5734,8.26,0,,,,,2,2.9,ok
TIC 219812966,267.2754,63.0499,8.26,0,,,,,38,11.3,ok
TIC 276812762,309.1526,59.1237,8.26,0,,,,,8,9.3,ok
TIC 356979237,273.7601,59.0126,8.26,0,,,,,37,11.3,ok
TIC 229501164,296.8254,63.9226,8.26,0,,,,,34,12.1,ok
TIC 177248581,357.1005,44.1902,8.26,0,,,,,3,4.1,ok
TIC 312763933,13.7243,58.5636,8.26,0,,,,,4,5.1,ok
TIC 233072220,271.1176,60.0735,8.26,0,,,,,35,11.1,ok
TIC 201931151,3.2003,52.379,8.26,0,,,,,4,6.1,ok
TIC 327136878,23.8276,43.0449,8.26,0,,,,,2,3.3,ok
TIC 13887808,12.8309,27.3577,8.26,0,,,,,3,4.7,ok
TIC 329153604,268.194,77.1085,8.26,0,,,,,39,11.9,ok
TIC 366642024,305.5789,73.2303,8.26,0,,,,,7,9.1,ok
TIC 338076483,337.8065,65.4662,8.26,0,,,,,9,12.1,ok
TIC 406771524,5.9134,55.3897,8.26,0,,,,,6,7.8,ok
TIC 470120386,329.6626,78.9739,8.26,0,,,,,15,12.7,ok
TIC 353896849,271.9912,59.0207,8.27,0,,,,,11,11.7,ok
TIC 173793730,349.9154,42.2524,8.27,0,,,,,4,6.3,ok
TIC 219859634,257.9116,69.3352,8.27,0,,,,,39,12.5,ok
TIC 191762589,21.908,43.4456,8.27,0,,,,,3,3.9,ok
TIC 191762942,22.0236,43.8774,8.27,0,,,,,1,2.1,ok
TIC 115548206,7.8891,39.3312,8.27,0,,,,,2,3.2,ok
TIC 219785910,264.3045,60.9552,8.27,0,,,,,12,11.3,ok
TIC 233310495,300.8102,58.7259,8.27,0,,,,,4,4.8,ok
TIC 255996252,308.0296,70.4724,8.27,0,,29.8,rejete,variabilite_continue;eclipse_secondaire,6,10.4,ok
TIC 259039782,290.7454,71.9039,8.27,0,,,,,38,12.3,ok
TIC 315512300,347.6785,59.0001,8.27,0,,,,,6,7.4,ok
TIC 28391682,30.1278,27.7849,8.27,0,,,,,3,3.9,ok
TIC 440180847,6.354,42.9739,8.27,0,,,,,3,4.5,ok
TIC 301945612,18.7628,34.2669,8.27,0,,,,,1,1.6,ok
TIC 235977550,299.561,78.0347,8.27,0,,,,,15,11.2,ok
TIC 455769191,359.741,40.7922,8.27,0,,16.2,rejete,eclipse_secondaire;compagnon_trop_gros_2.1Rjup,3,5.4,ok
TIC 252506197,344.4629,50.1212,8.27,0,,,,,5,6.6,ok
TIC 364965655,298.1676,58.6392,8.27,0,,138.9,rejete,variabilite_continue;eclipse_secondaire,18,17.4,ok
TIC 194230447,1.4954,41.2867,8.27,0,,,,,1,1.8,ok
TIC 366554105,332.0041,76.4781,8.27,0,,,,,15,12.0,ok
TIC 219865895,258.9537,66.6305,8.27,0,,49.6,rejete,variabilite_continue;eclipse_secondaire,16,16.9,ok
TIC 444403410,6.0014,65.4122,8.27,0,,,,,3,5.1,ok
TIC 22658082,28.2158,32.8891,8.27,0,,,,,3,4.3,ok
TIC 232609078,258.543,65.0119,8.27,0,,,,,38,11.7,ok
TIC 400024561,21.112,29.8416,8.27,0,,,,,1,7.6,ok
TIC 240935803,18.4529,48.7869,8.27,0,,,,,4,6.3,ok
TIC 266521964,296.4317,58.1304,8.27,0,,,,,22,12.2,ok
TIC 22503747,2.6481,30.9883,8.27,0,,,,,3,3.7,ok
TIC 233211421,266.8005,69.7476,8.27,0,,,,,35,12.9,ok
TIC 387902744,316.4182,66.5253,8.27,0,,,,,10,12.2,ok
TIC 26832648,26.2948,28.2389,8.28,0,,,,,2,2.6,ok
TIC 352177522,0.7362,40.4124,8.28,0,,,,,1,1.5,ok
TIC 25694541,9.6311,27.5488,8.28,0,,,,,1,1.5,ok
TIC 189396049,22.0596,41.4602,8.28,0,,,,,3,3.7,ok
TIC 424699223,294.392,59.73,8.28,0,,,,,29,12.6,ok
TIC 255803218,14.4191,60.238,8.28,0,,,,,3,3.8,ok
TIC 61505888,24.9824,30.5296,8.28,0,,,,,1,1.6,ok
TIC 378382790,358.3711,63.1053,8.28,0,,,,,8,9.7,ok
TIC 61335799,23.4945,35.0702,8.28,0,,,,,2,2.8,ok
TIC 154206606,341.7282,47.1811,8.28,0,,,,,2,2.7,ok
TIC 306216222,30.5882,19.3899,8.28,0,,,,,3,4.0,ok
TIC 267543197,289.5117,74.304,8.28,0,,,,,16,12.1,ok
TIC 396202340,359.5045,67.2592,8.28,0,,,,,6,7.4,ok
TIC 233579776,282.7686,60.3811,8.28,0,,,,,27,11.5,ok
TIC 65041118,357.8308,59.1178,8.28,0,,,,,7,8.3,ok
TIC 356787356,268.9103,76.0701,8.28,0,,,,,40,12.4,ok
TIC 332055707,19.0298,54.4301,8.28,0,,,,,4,4.9,ok
TIC 165549235,266.5242,55.535,8.28,0,,,,,28,12.0,ok
TIC 315777423,321.0969,56.3615,8.28,0,,,,,7,8.2,ok
TIC 230131418,252.0109,70.1139,8.28,0,,,,,37,12.0,ok
TIC 283936759,8.8105,61.774,8.28,0,,,,,5,5.5,ok
TIC 313991533,318.7547,58.6793,8.28,0,,,,,2,2.7,ok
TIC 25798051,11.1865,24.7323,8.28,0,,,,,2,2.6,ok
TIC 441799643,264.5262,76.2054,8.28,0,,,,,41,11.9,ok
TIC 302173132,8.7912,17.5827,8.28,0,,,,,3,3.8,ok
TIC 352143681,357.3722,35.6637,8.28,0,,,,,1,1.6,ok
TIC 230070652,243.3346,66.1149,8.28,0,,,,,39,12.0,ok
TIC 127422245,5.9412,36.9012,8.28,0,,,,,1,1.5,ok
TIC 371738956,344.3915,59.0776,8.28,1,2.0141,41.0,rejete,variabilite_continue;eclipse_secondaire;compagnon_trop_gros_2.5Rjup,5,9.2,ok
TIC 198184006,245.3739,62.0674,8.28,0,,,,,39,11.6,ok
TIC 189413871,22.6728,36.2049,8.28,0,,,,,2,2.5,ok
TIC 63311999,30.0883,31.6862,8.28,0,,,,,3,3.7,ok
TIC 440046688,3.4026,45.1611,8.28,0,,,,,1,1.5,ok
TIC 435858664,11.7276,21.9298,8.28,0,,,,,3,3.8,ok
TIC 198356680,256.1548,57.2718,8.28,0,,,,,35,12.7,ok
TIC 5636774,32.2216,24.8264,8.28,0,,,,,1,2.9,ok
TIC 28330807,29.2544,27.1765,8.28,0,,,,,1,1.4,ok
TIC 359557642,279.5289,58.4192,8.29,0,,,,,26,11.5,ok
TIC 186406038,19.1449,36.4343,8.29,0,,,,,3,3.8,ok
TIC 28352232,29.4993,26.4845,8.29,0,,,,,2,2.6,ok
TIC 44619965,21.9266,35.4016,8.29,0,,,,,1,1.3,ok
TIC 199617008,249.8839,58.9874,8.29,0,,,,,4,5.1,ok
TIC 237006522,306.2136,60.3537,8.29,0,,,,,11,11.2,ok
TIC 219857012,257.329,71.8767,8.29,1,10.6346,16.4,rejete,variabilite_continue,39,15.7,ok
TIC 267740001,10.1361,31.5648,8.29,0,,,,,3,4.0,ok
TIC 427555426,346.1301,66.7639,8.29,0,,,,,5,6.2,ok
TIC 356340717,268.2685,53.2762,8.29,0,,,,,31,11.4,ok
TIC 427228847,351.301,56.8431,8.29,0,,,,,1,1.6,ok
TIC 63312632,30.1746,29.9319,8.29,0,,,,,1,1.3,ok
TIC 269701147,302.0261,66.8502,8.29,1,8.8798,113.4,rejete,variabilite_continue,28,15.3,ok
TIC 269700358,301.952,68.0647,8.29,0,,,,,10,11.8,ok
TIC 64733786,338.5852,58.0447,8.29,0,,,,,5,6.3,ok
TIC 272748141,236.3345,68.1622,8.29,0,,,,,30,11.7,ok
TIC 219738210,241.7867,62.7219,8.29,0,,,,,19,12.1,ok
TIC 243166364,15.9199,18.8848,8.29,0,,,,,5,5.7,ok
TIC 25795916,11.1571,26.7697,8.29,0,,,,,1,1.6,ok
TIC 321865692,323.0508,69.9552,8.29,0,,,,,12,11.5,ok
TIC 245784947,9.9841,15.0334,8.29,0,,,,,6,7.0,ok
TIC 354166351,327.9384,72.8553,8.29,0,,,,,6,7.2,ok
TIC 191663236,12.6407,44.5405,8.29,0,,,,,3,3.7,ok
TIC 16881444,18.5032,29.5717,8.29,0,,,,,3,3.9,ok
TIC 365965128,4.062,35.1791,8.29,0,,,,,1,1.5,ok
TIC 53730548,13.1588,32.9541,8.29,0,,,,,3,3.8,ok
TIC 372499725,6.1019,60.6164,8.29,0,,,,,6,7.0,ok
TIC 452799053,340.4434,47.8461,8.29,0,,,,,8,9.5,ok
TIC 28761147,27.0608,38.2205,8.29,0,,,,,2,2.6,ok
TIC 189583172,24.575,40.9246,8.29,0,,,,,1,1.4,ok
TIC 372256937,331.1774,71.6237,8.29,0,,,,,12,12.0,ok
TIC 327886961,331.4088,58.8798,8.29,0,,,,,7,8.1,ok
TIC 233539654,280.9893,60.918,8.29,0,,,,,31,11.7,ok
TIC 428987040,345.5028,76.9313,8.3,0,,,,,1,1.5,ok
TIC 362220017,286.0264,78.7528,8.3,0,,,,,31,11.9,ok
TIC 198416591,260.092,57.9739,8.3,0,,,,,42,11.9,ok
TIC 236868579,302.7531,59.9408,8.3,0,,,,,13,12.2,ok
TIC 236890698,303.4659,63.1718,8.3,0,,,,,6,8.2,ok
TIC 229442487,293.7163,65.0872,8.3,0,,,,,17,11.3,ok
TIC 272679869,234.5006,66.0486,8.3,0,,,,,21,11.8,ok
TIC 279608372,348.5253,70.8043,8.3,0,,,,,10,10.5,ok
TIC 194462329,4.1849,36.1277,8.3,0,,,,,3,3.9,ok
TIC 240946826,18.5922,49.976,8.3,0,,,,,4,4.5,ok
TIC 390974997,318.4371,72.0146,8.3,0,,,,,10,11.5,ok
TIC 240841824,16.1226,49.6248,8.3,0,,,,,2,2.4,ok
TIC 25760624,10.1916,28.8582,8.3,0,,,,,2,2.6,ok
TIC 237009434,306.2347,62.4793,8.3,0,,,,,17,12.4,ok
TIC 80532759,21.3654,31.9786,8.3,0,,,,,1,1.4,ok
TIC 127001210,23.4655,19.4294,8.3,0,,,,,1,1.6,ok
TIC 306068395,4.0905,26.1064,8.3,0,,,,,3,3.7,ok
TIC 53828123,13.9424,35.739,8.3,0,,,,,2,2.5,ok
TIC 176595900,353.1483,47.6124,8.3,0,,,,,3,3.9,ok
TIC 61384536,24.0489,34.1359,8.3,0,,,,,2,2.4,ok
TIC 233153706,274.7385,64.2581,8.3,0,,,,,35,11.4,ok
TIC 352949494,313.8877,61.4835,8.3,0,,,,,9,10.1,ok
TIC 341874424,275.2173,76.5555,8.3,0,,,,,38,12.0,ok
TIC 233576389,282.3721,65.4896,8.3,0,,,,,16,12.5,ok
TIC 26278438,354.0406,49.5057,8.3,0,,,,,2,2.4,ok
TIC 322202923,325.0783,68.3893,8.3,0,,,,,5,5.9,ok
TIC 394170129,292.4255,57.9654,8.3,0,,,,,7,8.3,ok
TIC 352413427,15.5981,37.1854,8.3,0,,,,,3,3.6,ok
TIC 26991656,356.2372,48.5104,8.3,0,,,,,1,1.5,ok
TIC 366715078,334.2387,74.1069,8.3,0,,,,,5,5.8,ok
TIC 258803329,287.0635,70.1451,8.3,0,,,,,40,11.1,ok
TIC 229969898,289.8302,63.7998,8.3,0,,,,,39,11.8,ok
TIC 26006377,353.1907,50.2959,8.3,0,,,,,2,2.8,ok
TIC 233537824,280.8831,64.3712,8.31,0,,,,,37,11.3,ok
TIC 233544259,281.556,64.1952,8.31,0,,,,,40,11.5,ok
TIC 188833585,263.664,52.7053,8.31,0,,,,,20,11.4,ok
TIC 150968342,5.1151,22.4798,8.31,0,,,,,3,3.4,ok
TIC 197701951,336.7972,49.7663,8.31,0,,,,,1,1.5,ok
TIC 238437098,8.7272,26.4444,8.31,0,,,,,1,1.5,ok
TIC 258512444,305.4413,67.6075,8.31,0,,,,,24,10.6,ok
TIC 371311982,342.4202,56.2648,8.31,0,,,,,5,5.7,ok
TIC 60998516,29.856,21.4975,8.31,0,,,,,6,7.2,ok
TIC 258548184,306.1924,66.0152,8.31,0,,,,,19,12.0,ok
TIC 236770048,274.204,68.1217,8.31,0,,,,,34,12.4,ok
TIC 417304033,359.9425,59.2088,8.31,0,,,,,8,8.8,ok
TIC 232564070,228.4149,66.5983,8.31,0,,,,,2,2.4,ok
TIC 406526590,325.1715,63.5823,8.31,0,,,,,9,10.7,ok
TIC 91330044,28.4334,21.3016,8.31,0,,,,,5,5.5,ok
TIC 422012928,335.1103,55.6842,8.31,0,,,,,2,2.4,ok
TIC 431551592,357.3063,48.4417,8.31,0,,,,,1,1.5,ok
TIC 198558314,238.3979,64.7767,8.31,0,,,,,31,11.3,ok
TIC 150977490,24.1662,21.5631,8.31,0,,,,,3,3.8,ok
TIC 388257426,326.1325,56.8739,8.31,0,,,,,8,9.5,ok
TIC 388397871,347.942,55.2981,8.31,0,,,,,4,5.3,ok
TIC 388891443,340.7248,56.6683,8.31,0,,,,,4,4.9,ok
TIC 271154034,353.9018,61.3684,8.31,0,,,,,3,3.7,ok
TIC 272218027,355.7155,62.6335,8.31,0,,,,,8,10.0,ok
TIC 26856113,26.6685,29.6111,8.31,0,,,,,1,1.4,ok
TIC 174000622,350.8793,45.7885,8.31,0,,,,,2,2.6,ok
TIC 456894692,22.0487,18.7407,8.31,0,,,,,5,5.5,ok
TIC 237115885,269.94,59.1683,8.31,0,,,,,12,11.6,ok
TIC 20961750,27.3387,32.4229,8.31,0,,,,,3,3.6,ok
TIC 441763847,261.2899,72.8618,8.31,0,,,,,16,11.9,ok
TIC 252632615,346.2457,53.5294,8.31,0,,,,,2,2.5,ok
TIC 303339003,12.6144,15.4841,8.31,0,,,,,6,7.0,ok
TIC 118190311,30.4673,24.938,8.31,0,,,,,3,3.8,ok
TIC 186529627,20.9933,39.9242,8.31,0,,,,,1,1.4,ok
TIC 367095455,340.1115,74.3814,8.31,0,,,,,15,12.1,ok
TIC 390973110,318.5296,74.8033,8.31,0,,,,,7,8.3,ok
TIC 174266678,352.0997,45.2996,8.32,0,,,,,3,3.7,ok
TIC 196500681,15.696,47.6987,8.32,0,,,,,1,1.4,ok
TIC 306187789,13.3097,50.8625,8.32,0,,,,,4,5.1,ok
TIC 288294131,5.2885,38.4013,8.32,0,,,,,1,1.5,ok
TIC 346931044,0.8289,58.7894,8.32,0,,,,,3,3.5,ok
TIC 267569445,9.1007,30.9183,8.32,0,,,,,2,2.5,ok
TIC 366327748,328.7821,73.5646,8.32,0,,,,,13,11.7,ok
TIC 377190658,285.777,59.4449,8.32,0,,28.8,rejete,variabilite_continue;eclipse_secondaire,39,15.7,ok
TIC 436547641,13.8021,18.2446,8.32,0,,,,,1,1.6,ok
TIC 470824703,358.5458,65.7838,8.32,0,,,,,3,3.8,ok
TIC 366593561,332.7179,73.7675,8.32,0,,,,,12,12.2,ok
TIC 258463338,304.438,71.763,8.32,0,,,,,18,11.4,ok
TIC 258922669,288.6545,69.6827,8.32,0,,,,,30,12.4,ok
TIC 365964328,3.9644,33.3507,8.32,0,,,,,3,3.9,ok
TIC 61232235,21.2485,31.8778,8.32,0,,,,,3,3.6,ok
TIC 338363498,338.236,61.9374,8.32,0,,,,,8,8.9,ok
TIC 439997567,2.293,44.7216,8.32,0,,,,,1,1.6,ok
TIC 440097653,4.3776,45.7656,8.32,0,,,,,1,2.0,ok
TIC 406896176,1.4281,63.0114,8.32,0,,,,,6,6.8,ok
TIC 469616980,328.6553,59.867,8.32,0,,,,,8,10.3,ok
TIC 188727931,260.8005,51.5556,8.32,0,,,,,13,11.4,ok
TIC 201745165,2.1778,53.8137,8.32,0,,,,,2,2.7,ok
TIC 313986452,318.6895,59.761,8.32,0,,,,,9,10.7,ok
TIC 189358526,21.6382,37.4706,8.32,0,,,,,1,1.5,ok
TIC 240910655,17.7133,50.8094,8.32,0,,,,,4,5.0,ok
TIC 186383486,18.7023,41.6749,8.32,0,,,,,1,1.6,ok
TIC 186382214,18.4918,40.1492,8.32,0,,,,,4,4.6,ok
TIC 316556384,332.4096,67.1998,8.32,0,,,,,7,8.0,ok
TIC 240737986,10.7184,52.4319,8.32,0,,,,,2,2.6,ok
TIC 61232664,21.1729,33.0258,8.33,0,,,,,3,3.7,ok
TIC 191493765,11.3647,47.7691,8.33,0,,,,,1,1.6,ok
TIC 268127011,11.3256,15.1657,8.33,0,,,,,6,7.0,ok
TIC 176796310,354.7041,42.6735,8.33,0,,,,,4,4.9,ok
TIC 202217931,4.7521,50.4047,8.33,0,,,,,2,2.6,ok
TIC 26768292,25.468,29.0664,8.33,0,,,,,2,2.6,ok
TIC 411582443,328.7441,64.991,8.33,0,,,,,10,11.8,ok
TIC 236876436,302.9797,64.509,8.33,0,,,,,7,8.6,ok
TIC 191336600,9.8617,46.0699,8.33,0,,,,,3,4.1,ok
TIC 272532522,356.1779,61.9113,8.33,0,,,,,3,3.7,ok
TIC 233055967,269.2934,61.0312,8.33,0,,,,,41,11.4,ok
TIC 243212747,17.2443,22.3782,8.33,0,,,,,1,1.4,ok
TIC 65106309,357.8342,56.5885,8.33,0,,,,,2,2.8,ok
TIC 445191929,11.7158,54.6173,8.33,0,,,,,4,4.8,ok
TIC 407357624,20.7306,37.0347,8.33,0,,,,,3,3.8,ok
TIC 177696937,359.9224,47.1461,8.33,0,,,,,3,3.8,ok
TIC 346458919,0.0484,57.8724,8.33,0,,,,,7,8.5,ok
TIC 403307524,5.1846,56.2493,8.33,0,,,,,3,3.8,ok
TIC 403217248,4.1061,55.5397,8.33,0,,,,,2,2.8,ok
TIC 13824611,11.74,27.3133,8.33,0,,,,,3,4.1,ok
TIC 194381614,3.2513,41.6542,8.33,0,,,,,2,2.6,ok
TIC 305549806,315.1911,62.6227,8.33,0,,,,,10,11.8,ok
TIC 280162266,298.6219,66.6449,8.33,0,,,,,11,11.6,ok
TIC 315581778,320.895,55.7802,8.33,0,,,,,1,1.5,ok
TIC 381249103,19.3713,16.354,8.33,0,,,,,6,7.7,ok
TIC 219789588,264.5398,60.0104,8.33,0,,,,,41,12.4,ok
TIC 160601980,244.8511,72.3884,8.33,0,,,,,22,12.7,ok
TIC 426960171,9.1904,19.4956,8.33,0,,,,,3,3.8,ok
TIC 233526869,279.9504,61.7336,8.33,0,,,,,38,11.7,ok
TIC 198208765,247.6901,64.7743,8.33,0,,,,,38,11.5,ok
TIC 440674760,8.0734,25.8258,8.33,0,,,,,1,1.6,ok
TIC 265174576,349.8091,65.2238,8.33,0,,,,,6,7.5,ok
TIC 26139417,353.7802,52.7866,8.33,0,,,,,4,5.2,ok
TIC 406261861,324.8441,65.8572,8.33,0,,,,,4,4.8,ok
TIC 255996876,308.084,71.5616,8.33,0,,,,,11,12.0,ok
TIC 319850009,6.8533,58.8313,8.33,0,,,,,8,8.7,ok
TIC 305296614,314.4292,65.6125,8.33,0,,,,,10,11.9,ok
TIC 367426805,334.1133,66.4527,8.33,0,,,,,9,10.5,ok
TIC 336433686,314.3014,56.0446,8.34,0,,,,,11,12.7,ok
TIC 330847059,334.1478,59.0078,8.34,0,,,,,1,1.6,ok
TIC 427446682,344.8895,71.4334,8.34,0,,,,,8,9.2,ok
TIC 65366784,358.53,57.2,8.34,0,,,,,7,7.8,ok
TIC 191334664,9.9042,43.6368,8.34,0,,,,,3,3.8,ok
TIC 196843299,19.3768,44.0589,8.34,0,,,,,1,1.5,ok
TIC 160599736,243.858,75.2639,8.34,0,,,,,38,12.7,ok
TIC 365673804,313.3393,64.2292,8.34,1,10.3852,20.4,rejete,variabilite_continue,14,16.9,ok
TIC 61154604,20.5251,33.2369,8.34,0,,,,,1,2.8,ok
TIC 367074904,339.8213,77.738,8.34,0,,,,,6,7.3,ok
TIC 264466183,325.721,78.2354,8.34,0,,,,,14,11.4,ok
TIC 313570871,345.2818,54.9792,8.34,0,,,,,1,1.7,ok
TIC 240893213,17.2093,53.1424,8.34,0,,,,,1,1.5,ok
TIC 260283233,325.4939,58.5,8.34,0,,,,,8,9.3,ok
TIC 331806876,6.455,38.8628,8.34,0,,,,,1,1.5,ok
TIC 25919423,352.9252,53.7251,8.34,0,,,,,4,5.1,ok
TIC 233849309,303.8374,58.9727,8.34,0,,,,,1,1.6,ok
TIC 127425508,6.1216,40.8095,8.34,0,,,,,3,3.8,ok
TIC 155025098,345.4933,47.0166,8.34,0,,,,,5,6.0,ok
TIC 321595810,320.8712,67.0161,8.34,0,,,,,4,5.2,ok
TIC 456859502,20.3162,22.4914,8.34,0,,,,,3,4.0,ok
TIC 366507361,331.5005,74.6581,8.34,0,,,,,14,11.8,ok
TIC 323054878,319.0547,77.6577,8.34,0,,,,,18,12.0,ok
TIC 394090734,284.5623,80.0565,8.34,0,,,,,23,12.3,ok
TIC 194325790,2.2982,37.9256,8.34,0,,,,,3,4.0,ok
TIC 67900720,10.6347,37.7657,8.34,0,,,,,1,1.5,ok
TIC 319297433,350.6164,54.7182,8.34,0,,,,,5,6.4,ok
TIC 26856092,26.6225,29.5501,8.34,0,,,,,1,1.5,ok
TIC 346547120,359.5222,49.8902,8.34,0,,,,,3,4.0,ok
TIC 1201228157,245.076,61.4964,8.34,0,,,,,12,11.3,ok
TIC 240684887,9.4775,53.7691,8.34,0,,,,,5,6.5,ok
TIC 388976043,343.3914,56.8351,8.34,0,,,,,1,1.6,ok
TIC 366581547,305.049,74.5808,8.34,0,,,,,17,12.0,ok
TIC 404113070,322.8442,63.3627,8.34,0,,,,,11,12.4,ok
TIC 198555309,237.8871,64.0222,8.34,0,,,,,26,12.2,ok
TIC 267779140,10.5409,32.1066,8.35,0,,,,,1,1.7,ok
TIC 307958020,256.843,62.4755,8.35,0,,,,,39,12.6,ok
TIC 387359917,351.1882,41.2316,8.35,0,,,,,4,5.3,ok
TIC 352072382,357.0208,35.9762,8.35,0,,,,,3,3.9,ok
TIC 467358901,335.5,76.1381,8.35,0,,,,,6,7.5,ok
TIC 12954962,343.4182,61.111,8.35,0,,,,,2,2.4,ok
TIC 436558787,14.8587,23.2231,8.35,0,,,,,3,4.1,ok
TIC 198188157,246.1557,62.5788,8.35,0,,50.9,rejete,variabilite_continue;eclipse_secondaire,16,16.4,ok
TIC 362019468,341.1032,59.1679,8.35,0,,,,,4,5.5,ok
TIC 431423355,356.4806,50.1616,8.35,0,,,,,2,2.8,ok
TIC 366114439,356.8893,67.5199,8.35,0,,,,,9,10.9,ok
TIC 329274955,332.5444,57.8226,8.35,0,,,,,2,2.6,ok
TIC 233193893,263.9731,68.5307,8.35,0,,,,,12,11.8,ok
TIC 421725282,334.5936,54.4897,8.35,0,,,,,8,9.4,ok
TIC 440121269,4.9707,42.8798,8.35,0,,,,,3,3.9,ok
TIC 323308158,333.2501,68.6314,8.35,0,,,,,3,3.8,ok
TIC 284050592,9.1051,64.951,8.35,0,,,,,1,1.7,ok
TIC 91327244,28.122,22.9533,8.35,0,,,,,5,5.9,ok
TIC 265395440,318.6166,62.3688,8.35,0,,,,,10,11.9,ok
TIC 233152526,274.4227,65.0065,8.35,0,,,,,30,12.0,ok
TIC 25034454,350.6851,52.2756,8.35,0,,,,,3,4.2,ok
TIC 416402027,287.7183,57.7567,8.35,0,,,,,12,11.3,ok
TIC 372131883,1.167,35.7873,8.35,0,,,,,1,1.4,ok
TIC 127426994,6.1118,37.6754,8.35,0,,,,,3,3.6,ok
TIC 343269153,309.7089,64.4792,8.35,0,,,,,2,2.5,ok
TIC 229685723,262.7479,55.9412,8.35,0,,,,,41,11.2,ok
TIC 61386324,24.2114,33.6595,8.35,0,,,,,1,1.5,ok
TIC 229686437,262.8592,53.9518,8.35,0,,,,,27,11.3,ok
TIC 233373166,301.3618,59.0425,8.35,0,,,,,14,12.3,ok
TIC 352912870,313.6676,64.491,8.36,0,,,,,13,12.9,ok
TIC 154713220,343.9967,47.6859,8.36,0,,,,,5,7.4,ok
TIC 377192659,285.9148,57.4572,8.36,0,,,,,40,12.1,ok
TIC 372004787,327.3448,54.519,8.36,0,,67.7,rejete,variabilite_continue;eclipse_secondaire,8,12.4,ok
TIC 259169431,292.3888,67.2482,8.36,0,,,,,38,12.0,ok
TIC 198388195,258.0954,57.2234,8.36,0,,,,,39,12.1,ok
TIC 196505422,15.9455,42.5517,8.36,0,,,,,1,2.2,ok
TIC 233049900,268.8802,64.0892,8.36,0,,,,,35,12.6,ok
TIC 455763951,357.8909,40.8427,8.36,0,,,,,3,3.8,ok
TIC 400024975,18.4032,34.9328,8.36,0,,,,,1,1.6,ok
TIC 58032422,6.0139,31.1885,8.36,0,,,,,3,4.0,ok
TIC 177251234,357.247,42.7742,8.36,0,,,,,3,4.4,ok
TIC 289580357,252.4338,60.3531,8.36,0,,,,,37,12.4,ok
TIC 387600581,312.8944,69.0256,8.36,0,,,,,6,7.3,ok
TIC 177084445,356.3177,44.2979,8.36,0,,,,,1,2.3,ok
TIC 155295884,359.9609,34.6211,8.36,0,,,,,3,4.5,ok
TIC 173523400,348.335,47.4116,8.36,0,,,,,4,5.9,ok
TIC 437748704,3.813,25.3895,8.36,0,,,,,1,1.6,ok
TIC 229479753,295.6351,64.6951,8.36,0,,,,,26,13.0,ok
TIC 431243156,343.5605,50.5923,8.36,0,,,,,2,2.9,ok
TIC 381229063,15.3547,35.5785,8.36,0,,,,,3,4.0,ok
TIC 201436029,0.2132,53.5951,8.36,0,,,,,4,5.4,ok
TIC 252649706,346.7373,49.2724,8.36,0,,,,,2,2.8,ok
TIC 362962370,350.1545,67.5372,8.36,0,,,,,6,7.6,ok
TIC 201414592,0.0338,49.0427,8.36,0,,,,,3,4.0,ok
TIC 381480846,17.7238,33.6465,8.36,0,,,,,3,3.9,ok
TIC 357596800,270.0316,59.5253,8.36,0,,,,,3,4.4,ok
TIC 28283640,28.5086,29.0574,8.36,0,,,,,1,1.9,ok
TIC 230075248,244.2198,68.7937,8.36,0,,,,,40,12.0,ok
TIC 13827618,12.0281,25.5481,8.36,0,,,,,1,2.3,ok
TIC 240713632,10.1625,51.9507,8.36,0,,,,,1,1.8,ok
TIC 367102989,314.6987,79.4854,8.36,0,,,,,15,13.1,ok
TIC 236967569,304.799,63.5503,8.36,0,,,,,19,11.7,ok
TIC 283723793,348.2723,57.4593,8.37,0,,,,,2,3.2,ok
TIC 199573174,241.3316,65.318,8.37,0,,,,,37,12.0,ok
TIC 233058176,269.6987,63.8439,8.37,0,,,,,12,13.1,ok
TIC 359675242,280.7861,56.833,8.37,0,,,,,27,12.4,ok
TIC 366562920,304.3743,75.9987,8.37,0,,,,,24,12.4,ok
TIC 314364067,346.0442,59.7268,8.37,0,,,,,2,4.2,ok
TIC 115659773,8.7073,37.5147,8.37,0,,,,,3,3.9,ok
TIC 229502781,296.6522,61.9815,8.37,0,,,,,30,13.2,ok
TIC 282879905,0.8236,64.3565,8.37,0,,,,,8,9.4,ok
TIC 288673464,280.6527,80.3056,8.37,1,2.9452,14.8,rejete,variabilite_continue;eclipse_secondaire,18,16.7,ok
TIC 356150806,266.5457,53.4834,8.37,0,,,,,10,12.7,ok
TIC 198415364,259.5568,57.3454,8.37,0,,,,,38,12.4,ok
TIC 375601007,334.5974,68.7277,8.37,0,,,,,3,4.2,ok
TIC 229795273,284.9525,66.4797,8.37,0,,,,,40,12.4,ok
TIC 198207384,247.3348,64.8577,8.37,0,,,,,10,12.5,ok
TIC 272786592,239.2855,70.9021,8.37,0,,,,,35,12.7,ok
TIC 233239606,299.8855,59.7372,8.37,0,,,,,5,6.9,ok
TIC 202003961,3.6146,50.3024,8.37,0,,,,,1,3.1,ok
TIC 452971850,8.6385,57.9123,8.37,0,,,,,4,5.9,ok
TIC 445364216,14.3979,59.154,8.37,0,,,,,1,2.4,ok
TIC 243315719,289.3729,59.3652,8.37,0,,172.3,rejete,variabilite_continue;eclipse_secondaire,28,15.8,ok
TIC 83720213,3.5516,62.1589,8.37,0,,,,,8,11.2,ok
TIC 441761700,260.8055,77.9197,8.37,0,,,,,36,12.2,ok
TIC 311236539,253.9871,71.5449,8.38,0,,,,,37,12.1,ok
TIC 377340859,343.5949,67.7172,8.38,0,,,,,8,9.8,ok
TIC 384882785,16.374,15.3874,8.38,0,,,,,3,3.8,ok
TIC 176716553,354.0571,45.2867,8.38,0,,,,,4,4.9,ok
TIC 61365672,24.084,33.0017,8.38,0,,,,,1,1.7,ok
TIC 258939278,9.1948,29.1837,8.38,0,,,,,1,1.9,ok
TIC 196899870,20.0637,45.0892,8.38,0,,,,,3,4.0,ok
TIC 155114503,345.6754,44.5827,8.38,0,,,,,3,3.9,ok
TIC 177090257,356.5088,45.9994,8.38,0,,,,,2,3.3,ok
TIC 387409501,310.8252,69.6565,8.38,0,,,,,10,12.8,ok
TIC 258955374,289.2113,66.1114,8.38,0,,,,,40,12.0,ok
TIC 467325458,311.246,74.7203,8.38,0,,,,,18,12.6,ok
TIC 311233743,253.5733,69.7035,8.38,0,,,,,23,12.5,ok
TIC 219739414,241.8736,62.2803,8.38,0,,,,,9,11.1,ok
TIC 353736316,276.2991,56.9857,8.38,0,,,,,16,11.7,ok
TIC 327090771,23.6578,45.5957,8.38,0,,,,,4,4.7,ok
TIC 150977401,24.2038,21.2584,8.38,0,,,,,5,6.1,ok
TIC 326917027,22.9043,42.7911,8.38,0,,,,,3,5.2,ok
TIC 229476369,295.56,60.5632,8.38,0,,,,,31,12.0,ok
TIC 270440188,352.6779,64.3217,8.38,0,,,,,3,4.4,ok
TIC 437761527,6.0041,29.4727,8.38,0,,,,,1,1.7,ok
TIC 189670231,25.6146,36.3407,8.38,0,,,,,3,4.0,ok
TIC 272702570,235.2161,67.335,8.38,1,1.5181,20.4,rejete,variabilite_continue,27,16.4,ok
TIC 318621658,349.6203,58.1669,8.38,0,,,,,2,2.8,ok
TIC 196778101,18.5189,47.8691,8.38,0,,,,,3,3.7,ok
TIC 455789785,359.8759,41.5363,8.38,0,,,,,1,1.9,ok
TIC 236977796,305.1726,60.4225,8.38,0,,,,,4,4.8,ok
TIC 173339759,347.1289,47.8746,8.38,0,,,,,4,4.5,ok
TIC 230016910,291.49,62.3197,8.38,0,,,,,41,11.6,ok
TIC 12961695,343.5062,60.8532,8.38,0,,,,,2,2.8,ok
TIC 91376631,29.0168,23.2995,8.39,0,,,,,6,6.7,ok
TIC 283474780,13.0178,36.393,8.39,0,,,,,3,3.9,ok
TIC 251892416,351.7458,56.3985,8.39,0,,,,,2,2.7,ok
TIC 441767480,261.9805,72.5672,8.39,0,,,,,38,12.0,ok
TIC 317646949,352.0491,74.5496,8.39,0,,,,,1,1.5,ok
TIC 288510158,272.3699,78.1683,8.39,0,,,,,37,12.1,ok
TIC 301946066,18.7465,33.1356,8.39,0,,,,,2,3.4,ok
TIC 201863564,2.6828,49.9552,8.39,0,,,,,1,1.5,ok
TIC 177508645,359.1393,47.7248,8.39,0,,,,,1,1.6,ok
TIC 219852286,256.4598,66.8363,8.39,0,,,,,25,11.7,ok
TIC 343268487,309.6705,63.8832,8.39,0,,,,,5,5.8,ok
TIC 337373439,336.2617,65.2683,8.39,0,,,,,8,9.8,ok
TIC 376080406,317.2944,60.8944,8.39,0,,,,,9,11.0,ok
TIC 191034775,7.4786,45.0061,8.39,0,,,,,1,1.7,ok
TIC 318518480,349.3806,55.0892,8.39,0,,,,,4,5.2,ok
TIC 422709255,355.1243,67.5534,8.39,0,,,,,4,5.1,ok
TIC 366676700,333.6569,72.4079,8.39,0,,,,,12,12.0,ok
TIC 307984288,256.8559,60.0489,8.39,0,,,,,38,12.7,ok
TIC 242700959,8.2443,19.4621,8.39,0,,,,,3,3.8,ok
TIC 202548284,6.9668,50.912,8.39,0,,,,,2,2.7,ok
TIC 267687143,9.7624,33.1836,8.39,0,,,,,3,3.8,ok
TIC 13863687,12.4818,26.923,8.39,0,,,,,1,1.7,ok
TIC 229791097,284.3449,69.5966,8.39,0,,,,,39,13.5,ok
TIC 229784500,283.762,67.833,8.39,0,,,,,24,11.8,ok
TIC 420017578,10.8324,60.5027,8.39,0,,,,,3,3.5,ok
TIC 25793082,10.9312,28.7783,8.39,0,,,,,1,1.6,ok
TIC 306307421,31.2777,19.1875,8.4,0,,,,,1,1.6,ok
TIC 236978679,305.2385,61.044,8.4,0,,,,,14,12.5,ok
TIC 17003409,20.5526,24.659,8.4,0,,,,,1,1.5,ok
TIC 44630179,22.1882,31.6116,8.4,0,,,,,1,1.5,ok
TIC 335484421,332.7423,63.2967,8.4,0,,,,,8,9.5,ok
TIC 359127550,1.7576,64.7347,8.4,0,,,,,3,4.1,ok
TIC 258870043,287.8039,69.4193,8.4,0,,,,,30,11.6,ok
TIC 376868299,276.1372,70.0272,8.4,0,,,,,15,12.2,ok
TIC 376868268,276.3354,69.9545,8.4,0,,,,,25,11.8,ok
TIC 452827054,338.5865,50.2162,8.4,0,,,,,8,9.4,ok
TIC 189583859,24.7097,41.8206,8.4,0,,,,,1,1.6,ok
TIC 319191367,350.3451,56.2004,8.4,0,,,,,1,1.4,ok
TIC 336628187,334.6401,63.0444,8.4,0,,,,,7,8.5,ok
TIC 154060195,341.4125,47.1533,8.4,0,,,,,2,2.6,ok
TIC 20963082,27.5008,31.0998,8.4,0,,,,,1,1.3,ok
TIC 188815378,262.195,53.2299,8.4,0,,,,,24,11.3,ok
TIC 398912541,18.4794,18.1492,8.4,0,,,,,5,6.2,ok
TIC 66443894,341.2079,48.5998,8.4,0,,,,,8,9.1,ok
TIC 353855077,271.1778,55.9423,8.4,0,,,,,38,11.2,ok
TIC 235684292,287.5913,72.109,8.4,0,,,,,39,12.3,ok
TIC 372391228,331.942,69.5533,8.4,0,,,,,8,9.4,ok
TIC 468852174,338.8231,51.9253,8.4,0,,,,,3,3.8,ok
TIC 219853425,256.4881,70.7862,8.4,0,,,,,24,12.1,ok
TIC 387451435,311.4532,71.7736,8.4,0,,,,,17,12.2,ok
TIC 405248030,10.6602,13.6389,8.4,0,,,,,1,1.6,ok
TIC 127017846,23.5515,21.177,8.4,0,,,,,1,1.5,ok
TIC 405591240,324.4573,62.7014,8.4,0,,,,,9,11.3,ok
TIC 336202148,333.9332,61.8744,8.4,0,,,,,8,9.8,ok
TIC 445115746,10.5311,55.456,8.4,0,,,,,5,6.4,ok
TIC 66971280,342.4581,51.2031,8.4,0,,,,,6,7.3,ok
TIC 411527692,6.4435,22.7066,8.4,0,,,,,1,1.5,ok
TIC 411529432,6.54,21.0897,8.4,0,,,,,3,3.5,ok
TIC 331711355,18.2152,55.9387,8.4,0,,,,,1,1.7,ok
TIC 470205051,338.9355,78.2423,8.4,0,,,,,5,6.4,ok
TIC 118193507,30.659,28.1093,8.4,0,,,,,1,1.6,ok
TIC 113672358,25.0321,22.2225,8.4,0,,,,,7,7.9,ok
TIC 219094946,269.2653,68.8225,8.4,0,,,,,29,11.9,ok
TIC 13997780,13.985,25.0279,8.4,0,,,,,1,1.3,ok
TIC 359678383,281.0503,57.2117,8.4,0,,,,,27,12.1,ok
TIC 367607434,348.8749,46.576,8.4,0,,,,,3,3.9,ok
TIC 303291179,11.922,12.8791,8.4,0,,,,,1,1.4,ok
TIC 467419170,336.0879,52.592,8.4,0,,,,,2,2.6,ok
TIC 25798570,11.1622,25.6291,8.4,0,,,,,1,1.5,ok
TIC 367075744,339.6489,76.3791,8.4,0,,,,,10,11.2,ok
TIC 22661348,28.438,35.0772,8.41,0,,,,,1,1.7,ok
TIC 600289483,7.7441,34.0986,8.41,0,,,,,1,1.7,ok
TIC 352317343,15.0736,38.3037,8.41,0,,,,,1,1.6,ok
TIC 186539774,21.4387,40.7034,8.41,0,,,,,1,1.5,ok
TIC 320503390,264.4231,59.1359,8.41,0,,,,,40,11.9,ok
TIC 283985717,29.3954,32.0351,8.41,0,,,,,1,1.6,ok
TIC 600289482,7.7436,34.0979,8.41,0,,,,,1,1.5,ok
TIC 357033739,274.1778,55.6899,8.41,0,,,,,21,11.9,ok
TIC 202432247,6.3112,52.839,8.41,0,,,,,4,4.7,ok
TIC 429215733,313.2604,59.1899,8.41,0,,,,,7,8.4,ok
TIC 270931465,353.4215,65.2058,8.41,0,,,,,8,9.4,ok
TIC 316115315,321.4865,56.9226,8.41,0,,,,,3,4.0,ok
TIC 412353405,329.2022,65.6467,8.41,0,,,,,4,5.0,ok
TIC 272746450,236.1161,67.3045,8.41,0,,,,,19,11.8,ok
TIC 13864767,12.6718,29.6304,8.41,0,,,,,3,4.5,ok
TIC 18252719,23.3088,26.8006,8.41,0,,,,,3,4.7,ok
TIC 67953275,12.3364,37.7234,8.41,0,,,,,3,5.2,ok
TIC 233070047,270.8744,64.7423,8.41,0,,,,,5,6.5,ok
TIC 15573909,15.8081,28.6053,8.41,0,,,,,3,4.4,ok
TIC 330954055,334.2311,56.5389,8.41,0,,,,,7,9.0,ok
TIC 327089586,23.5335,44.094,8.41,0,,,,,2,3.0,ok
TIC 229684208,262.3641,54.654,8.41,0,,,,,32,12.3,ok
TIC 272541526,356.3492,60.3951,8.41,0,,,,,8,9.9,ok
TIC 237231199,297.0898,74.3496,8.41,0,,,,,23,11.6,ok
TIC 202668238,7.6346,51.8204,8.41,0,,,,,1,1.6,ok
TIC 323192668,332.594,71.5177,8.41,0,,,,,4,4.9,ok
TIC 352259745,14.0172,39.7516,8.41,0,,,,,3,3.5,ok
TIC 422883569,16.5196,40.9633,8.41,0,,,,,1,1.6,ok
TIC 440667727,7.623,24.1062,8.41,0,,,,,1,1.5,ok
TIC 229940532,288.0761,63.5964,8.41,0,,,,,37,11.5,ok
TIC 400062984,19.6455,34.8028,8.41,0,,,,,1,2.2,ok
TIC 229675164,253.324,72.4743,8.42,0,,,,,29,12.3,ok
TIC 201438545,0.4416,52.8547,8.42,0,,,,,4,4.6,ok
TIC 266523365,296.5064,59.1513,8.42,0,,,,,8,9.3,ok
TIC 177490838,358.5474,44.8671,8.42,0,,,,,1,1.4,ok
TIC 154877188,344.7012,45.2818,8.42,0,,,,,2,2.6,ok
TIC 237298086,302.0243,72.9772,8.42,0,,,,,16,12.3,ok
TIC 233738223,277.7676,64.9081,8.42,0,,,,,26,11.4,ok
TIC 233006203,247.2385,72.9058,8.42,0,,,,,36,12.7,ok
TIC 174326548,15.7314,31.5837,8.42,0,,,,,1,1.5,ok
TIC 430677414,333.6697,53.2395,8.42,0,,,,,7,8.5,ok
TIC 233197209,264.727,69.1943,8.42,0,,,,,12,11.5,ok
TIC 237101581,240.7001,69.9054,8.42,0,,,,,6,8.0,ok
TIC 269935069,350.9752,64.5411,8.42,0,,,,,8,9.7,ok
TIC 61575598,25.6675,34.5311,8.42,0,,,,,3,4.2,ok
TIC 67225172,342.9927,53.7098,8.42,0,,,,,2,2.6,ok
TIC 354602487,6.0972,56.9554,8.42,0,,,,,3,3.7,ok
TIC 267869019,11.1234,33.2628,8.42,0,,,,,2,2.9,ok
TIC 25688289,352.5542,51.0591,8.42,0,,,,,2,2.8,ok
TIC 277164007,309.8893,59.5894,8.42,0,,,,,3,3.9,ok
TIC 368381038,358.5794,66.8237,8.42,0,,,,,5,5.8,ok
TIC 366517121,303.9604,77.412,8.42,0,,,,,4,5.3,ok
TIC 312555100,13.205,56.6277,8.42,0,,,,,2,2.8,ok
TIC 202134345,4.4649,51.0744,8.42,0,,,,,2,2.7,ok
TIC 387834907,315.6691,70.0803,8.42,0,,79.7,rejete,variabilite_continue,16,16.3,ok
TIC 432549061,0.3803,37.9065,8.42,0,,,,,2,2.8,ok
TIC 237308403,303.3416,73.7919,8.43,0,,,,,27,11.0,ok
TIC 264544388,326.4385,79.614,8.43,0,,15.6,rejete,variabilite_continue;eclipse_secondaire,16,16.1,ok
TIC 258770213,10.5476,16.6059,8.43,0,,,,,5,6.2,ok
TIC 236985769,305.4375,64.1714,8.43,0,,,,,12,11.8,ok
TIC 336799386,14.3254,16.3479,8.43,0,,,,,3,3.5,ok
TIC 230113263,248.5517,66.3047,8.43,0,,,,,15,11.6,ok
TIC 422383606,308.9842,67.6714,8.43,0,,,,,19,12.3,ok
TIC 620721990,26.6834,33.1624,8.43,0,,,,,1,1.6,ok
TIC 26916482,27.6941,25.2771,8.43,0,,,,,1,1.5,ok
TIC 80514839,18.6487,25.9391,8.43,0,,,,,1,2.3,ok
TIC 359440827,4.6363,61.1144,8.43,0,,,,,4,4.7,ok
TIC 53846440,14.3215,31.4326,8.43,0,,,,,1,1.7,ok
TIC 458481708,233.3878,65.2068,8.43,0,,,,,18,11.4,ok
TIC 369729609,3.7811,58.2522,8.43,0,,,,,8,9.5,ok
TIC 229768476,282.0558,69.4028,8.43,0,,,,,38,11.8,ok
TIC 235680293,287.0433,73.6352,8.43,0,,,,,24,11.6,ok
TIC 256429408,325.0032,69.0867,8.43,0,,,,,11,11.8,ok
TIC 344376732,317.5001,57.7555,8.43,0,,,,,3,3.8,ok
TIC 189634544,25.4258,36.5707,8.43,0,,,,,1,1.5,ok
TIC 243241914,18.0913,19.7405,8.43,0,,,,,5,5.6,ok
TIC 176551075,353.0054,43.8223,8.43,0,,,,,3,3.7,ok
TIC 237218644,295.812,72.3625,8.43,0,,,,,36,11.6,ok
TIC 230133460,252.3252,68.9236,8.43,0,,,,,12,11.7,ok
TIC 44487469,7.0843,33.9114,8.43,0,,,,,2,2.5,ok
TIC 317839226,353.6228,72.7528,8.43,0,,,,,1,1.5,ok
TIC 337364158,336.3899,63.4174,8.43,0,,,,,3,3.6,ok
TIC 189595592,24.8759,36.6966,8.43,0,,,,,3,3.7,ok
TIC 353817578,270.223,54.2801,8.43,0,,,,,33,11.9,ok
TIC 258547198,305.6624,67.0103,8.43,0,,,,,7,7.8,ok
TIC 26762830,24.919,24.3093,8.43,0,,,,,3,3.6,ok
TIC 434079655,342.4185,62.6432,8.44,0,,,,,3,3.5,ok
TIC 263969664,288.1139,80.5547,8.44,0,,,,,21,11.8,ok
TIC 264173786,294.4744,71.5431,8.44,0,,,,,41,11.4,ok
TIC 229500593,296.8459,64.6946,8.44,0,,,,,16,11.2,ok
TIC 60985287,29.3841,18.9914,8.44,0,,,,,5,5.9,ok
TIC 343271303,309.8613,65.1459,8.44,0,,,,,3,4.1,ok
TIC 407055766,1.8629,67.5431,8.44,0,,,,,3,3.9,ok
TIC 189628230,25.1755,36.2068,8.44,0,,,,,1,1.5,ok
TIC 329864959,333.245,53.9845,8.44,0,,29.2,rejete,variabilite_continue;eclipse_secondaire,8,12.0,ok
TIC 384884605,16.5423,17.735,8.44,0,,,,,2,2.6,ok
TIC 430961188,334.3345,50.8092,8.44,0,,,,,2,2.6,ok
TIC 385116097,20.4742,16.3834,8.44,0,,,,,4,4.8,ok
TIC 381476555,16.4245,32.1619,8.44,0,,,,,3,3.5,ok
TIC 191664885,12.6536,42.1899,8.44,0,,,,,3,3.6,ok
TIC 240838273,15.9878,49.9242,8.44,0,,,,,3,3.6,ok
TIC 44634157,22.3469,30.3642,8.44,0,,,,,1,1.5,ok
TIC 437750567,5.2984,28.9042,8.44,0,,,,,3,3.7,ok
TIC 242658503,7.916,23.7082,8.44,0,,,,,1,1.5,ok
TIC 26996089,356.2848,51.6573,8.44,0,,,,,3,3.8,ok
TIC 467421670,336.2139,51.9016,8.44,0,,,,,2,2.5,ok
TIC 127000150,23.2388,23.6948,8.44,0,,,,,1,1.4,ok
TIC 280032783,297.4171,71.444,8.44,0,,,,,40,11.5,ok
TIC 232612839,258.8168,64.4383,8.45,0,,,,,30,11.6,ok
TIC 400098713,20.1135,33.9875,8.45,0,,,,,3,4.1,ok
TIC 91373945,28.71,21.3061,8.45,0,,,,,5,6.0,ok
TIC 441720037,254.9139,75.9846,8.45,0,,,,,37,11.5,ok
TIC 288243652,356.5403,35.2426,8.45,0,,,,,1,1.9,ok
TIC 186334736,17.9759,37.904,8.45,0,,,,,1,1.6,ok
TIC 283429516,12.8339,37.0328,8.45,0,,,,,3,3.8,ok
TIC 224608210,255.8721,59.2012,8.45,0,,,,,26,11.5,ok
TIC 423948241,328.5825,66.8263,8.45,0,,,,,7,8.4,ok
TIC 352181255,4.3102,37.06,8.45,0,,,,,1,1.6,ok
TIC 233711148,275.7979,61.6562,8.45,0,,,,,2,2.7,ok
TIC 236864275,302.531,63.5678,8.45,0,,,,,7,8.0,ok
TIC 235685793,288.3125,74.1449,8.45,0,,,,,26,11.7,ok
TIC 269661731,301.157,71.4081,8.45,0,,,,,24,11.7,ok
TIC 306304619,31.1111,21.0331,8.45,0,,,,,6,7.0,ok
TIC 1883981740,299.7806,62.8315,8.45,0,,,,,7,8.1,ok
TIC 256512446,299.4365,60.6623,8.45,0,,108.4,rejete,variabilite_continue;eclipse_secondaire,23,16.2,ok
TIC 252725557,347.48,48.3933,8.45,0,,,,,2,2.9,ok
TIC 60959621,29.0959,21.7516,8.45,0,,,,,6,6.5,ok
TIC 18123451,21.4166,26.8776,8.45,0,,,,,1,1.6,ok
TIC 80426611,4.941,24.0161,8.45,0,,,,,3,3.8,ok
TIC 420470815,8.1479,67.2341,8.45,0,,,,,5,6.3,ok
TIC 456858055,20.2805,18.3148,8.45,0,,,,,5,5.9,ok
TIC 439961270,1.6414,43.7821,8.45,0,,,,,1,1.6,ok
TIC 150988683,24.3934,21.676,8.45,0,,,,,4,4.9,ok
TIC 456931563,26.8762,19.0928,8.45,0,,,,,5,5.9,ok
TIC 235950550,297.7999,79.6987,8.45,0,,,,,11,11.3,ok
TIC 196674955,17.3991,42.555,8.45,0,,,,,2,2.6,ok
TIC 375987200,337.2458,71.681,8.45,0,,,,,5,6.1,ok
TIC 198409739,259.0142,54.9936,8.45,0,,,,,31,12.5,ok
TIC 229740543,279.6861,68.8993,8.45,0,,,,,40,11.9,ok
TIC 238391685,1.1589,29.7222,8.45,0,,,,,2,2.4,ok
TIC 194465029,4.4169,37.5371,8.45,0,,,,,1,1.7,ok
TIC 196294054,14.2232,44.4643,8.45,0,,,,,1,1.5,ok
TIC 352379817,15.3855,38.8238,8.45,0,,,,,2,2.8,ok
TIC 326961949,23.0413,47.7253,8.45,0,,,,,3,3.7,ok
TIC 233205718,265.6821,66.7425,8.46,0,,,,,32,12.2,ok
TIC 368022434,356.9341,70.3921,8.46,0,,,,,3,3.8,ok
TIC 354412336,347.3736,74.9721,8.46,0,,,,,5,6.1,ok
TIC 427146451,321.4007,65.8573,8.46,0,,,,,4,4.7,ok
TIC 287087262,252.5967,60.0768,8.46,0,,,,,43,11.7,ok
TIC 411526559,6.346,20.5919,8.46,0,,,,,1,1.6,ok
TIC 259235315,292.9261,65.9422,8.46,0,,,,,17,11.7,ok
TIC 283547837,13.4723,41.4616,8.46,0,,,,,3,4.1,ok
TIC 232647621,281.8816,58.9544,8.46,0,,,,,36,12.0,ok
TIC 352349307,309.6572,72.7143,8.46,0,,,,,6,7.0,ok
TIC 189627190,24.9979,37.7492,8.46,0,,,,,3,3.6,ok
TIC 44522764,7.3438,30.7337,8.46,0,,,,,1,1.6,ok
TIC 177402004,358.3413,45.288,8.46,0,,,,,2,2.6,ok
TIC 240978992,19.2386,49.8808,8.46,0,,,,,2,2.5,ok
TIC 219802774,265.9297,60.2765,8.46,0,,,,,35,11.6,ok
TIC 341839461,267.8376,57.6613,8.46,0,,,,,26,11.9,ok
TIC 65459795,358.7738,58.193,8.46,0,,,,,8,9.1,ok
TIC 65372686,358.609,54.5384,8.46,0,,,,,5,5.5,ok
TIC 377053424,284.94,58.2371,8.46,0,,,,,33,11.6,ok
TIC 177029726,355.7498,43.2368,8.46,0,,,,,3,3.7,ok
TIC 326209538,245.7108,74.092,8.46,0,,,,,40,11.6,ok
TIC 230086867,246.9986,66.111,8.46,0,,,,,24,12.5,ok
TIC 58824958,12.9138,12.3332,8.46,0,,,,,4,4.7,ok
TIC 334832180,250.7181,63.2039,8.46,0,,,,,39,12.0,ok
TIC 456910508,26.5459,22.4485,8.46,0,,,,,6,7.0,ok
TIC 399789598,278.1067,55.1501,8.46,0,,,,,5,6.4,ok
TIC 424384466,277.018,73.7697,8.46,0,,,,,18,11.8,ok
TIC 284055808,9.0955,63.2211,8.46,0,,,,,5,5.9,ok
TIC 18189696,22.6673,26.3492,8.46,0,,,,,1,1.7,ok
TIC 259001057,289.6507,67.6531,8.46,0,,,,,24,11.1,ok
TIC 243172380,16.4277,21.6378,8.46,0,,,,,1,1.4,ok
TIC 238431974,1.6707,28.8281,8.46,0,,,,,1,1.6,ok
TIC 431374523,348.5945,48.3978,8.46,0,,,,,4,5.0,ok
TIC 229937189,287.7499,62.3936,8.47,0,,,,,16,11.7,ok
TIC 455991789,340.213,62.0482,8.47,0,,41.3,rejete,variabilite_continue;eclipse_secondaire,6,9.6,ok
TIC 331355697,328.1547,59.0794,8.47,0,,,,,7,7.7,ok
TIC 376867898,276.1046,69.0977,8.47,0,,,,,38,11.7,ok
TIC 354530523,1.7631,30.9605,8.47,0,,,,,3,3.8,ok
TIC 201995235,3.5179,52.3037,8.47,0,,,,,1,1.6,ok
TIC 420295025,10.9951,61.0155,8.47,0,,,,,3,3.5,ok
TIC 233207646,266.2474,70.4482,8.47,0,,,,,26,11.2,ok
TIC 233529805,280.3827,63.453,8.47,0,,,,,24,11.6,ok
TIC 237206223,293.5269,74.2989,8.47,0,,,,,38,11.5,ok
TIC 376998756,284.692,56.5124,8.47,0,,,,,11,11.7,ok
TIC 276367197,329.0327,57.0334,8.47,0,,,,,8,9.0,ok
TIC 271647309,354.7249,63.6872,8.47,0,,,,,8,9.3,ok
TIC 317158490,342.0268,59.1119,8.47,0,,,,,3,3.8,ok
TIC 405610999,0.7187,43.5283,8.47,0,,,,,1,1.5,ok
TIC 198182825,245.072,64.9686,8.47,0,,89.8,rejete,variabilite_continue;eclipse_secondaire,26,15.4,ok
TIC 13960713,13.7997,27.6433,8.47,0,,,,,3,3.9,ok
TIC 194385093,3.3667,36.6229,8.47,0,,,,,1,1.6,ok
TIC 283538834,327.933,56.4757,8.47,0,,,,,7,8.2,ok
TIC 345519303,355.9118,58.3027,8.47,0,,,,,6,6.5,ok
TIC 440007509,2.6693,45.1274,8.47,0,,,,,3,3.6,ok
TIC 199572752,241.4221,63.4615,8.47,0,,,,,33,11.2,ok
TIC 61575182,25.7068,33.6403,8.47,0,,,,,2,2.7,ok
TIC 321855513,322.5743,71.6842,8.47,0,,,,,7,7.9,ok
TIC 176947801,355.3961,42.0596,8.47,0,,,,,4,4.8,ok
TIC 53830341,14.1133,30.2656,8.48,0,,,,,3,3.7,ok
TIC 177422294,358.3736,43.6317,8.48,0,,,,,3,4.2,ok
TIC 411634974,21.1281,22.0382,8.48,0,,,,,5,6.1,ok
TIC 372130848,1.2566,33.36,8.48,0,,,,,1,1.5,ok
TIC 60959009,29.1211,19.3135,8.48,0,,,,,1,1.8,ok
TIC 25115367,350.8805,53.7675,8.48,0,,,,,4,5.1,ok
TIC 387358784,310.8584,66.211,8.48,0,,,,,6,7.2,ok
TIC 61386938,24.1288,32.1685,8.48,0,,,,,2,2.8,ok
TIC 372748017,311.6685,75.9884,8.48,0,,,,,19,11.4,ok
TIC 418221835,322.8329,76.8195,8.48,0,,,,,8,9.4,ok
TIC 314488393,346.1343,56.355,8.48,0,,,,,6,7.3,ok
TIC 341874090,275.3141,75.5488,8.48,0,,,,,38,11.7,ok
TIC 165551380,266.7454,58.5597,8.48,0,,,,,40,11.4,ok
TIC 237098343,239.8744,69.7438,8.48,0,,,,,26,11.5,ok
TIC 219812640,267.1512,62.209,8.48,0,,,,,4,5.1,ok
TIC 387330668,309.9786,67.7919,8.48,0,,,,,6,7.2,ok
TIC 219844480,255.1476,70.028,8.48,0,,,,,23,10.9,ok
TIC 229775860,282.7316,70.3302,8.48,0,,,,,38,11.5,ok
TIC 61423960,24.5816,31.3806,8.48,0,,,,,1,1.6,ok
TIC 236001714,305.2696,79.202,8.48,0,,,,,19,11.8,ok
TIC 376372953,338.7623,67.7211,8.48,0,,,,,2,2.7,ok
TIC 440053802,3.5172,47.1079,8.48,0,,,,,1,1.5,ok
TIC 219884179,262.0505,68.4992,8.48,0,,,,,12,11.4,ok
TIC 352956805,311.1751,75.5864,8.48,0,,,,,5,5.8,ok
TIC 233236139,267.5584,69.1683,8.48,0,,,,,13,11.5,ok
TIC 384460908,328.2473,52.9155,8.48,0,,,,,7,8.5,ok
TIC 459979243,255.6809,64.0268,8.48,0,,,,,25,12.0,ok
TIC 331214194,17.6692,54.3111,8.48,0,,,,,2,2.9,ok
TIC 437751804,5.2642,24.9654,8.48,0,,,,,1,1.5,ok
TIC 291728578,358.7003,37.5944,8.48,0,,,,,3,3.7,ok
TIC 56284151,3.495,30.4168,8.48,0,,,,,1,1.4,ok
TIC 352786602,356.4586,36.2553,8.49,0,,,,,1,1.4,ok
TIC 287151185,253.8506,64.9293,8.49,0,,22.3,rejete,variabilite_continue;eclipse_secondaire,31,15.0,ok
TIC 459978172,255.5635,64.1649,8.49,0,,,,,11,11.4,ok
TIC 232672408,281.9575,56.3832,8.49,0,,,,,16,11.2,ok
TIC 417584443,359.8511,54.4576,8.49,0,,,,,3,3.6,ok
TIC 354529979,1.6843,30.3757,8.49,0,,,,,1,1.4,ok
TIC 354528248,358.232,36.7742,8.49,0,,,,,1,1.5,ok
TIC 22661236,28.3341,34.8039,8.49,0,,,,,1,1.4,ok
TIC 191506641,11.2656,42.3719,8.49,0,,,,,2,2.5,ok
TIC 229596329,273.1285,75.1764,8.49,0,,,,,42,11.8,ok
TIC 267869724,11.0708,31.398,8.49,0,,,,,2,2.7,ok
TIC 417770384,356.517,72.4077,8.49,0,,,,,7,8.2,ok
TIC 155171448,346.0662,45.4815,8.49,0,,,,,4,5.0,ok
TIC 22525241,2.89,35.1485,8.49,0,,,,,3,3.9,ok
TIC 419254622,6.6408,61.4126,8.49,0,,,,,2,2.5,ok
TIC 440106290,4.6942,47.6753,8.49,0,,,,,3,3.8,ok
TIC 430938694,334.278,53.0059,8.49,0,,,,,5,5.6,ok
TIC 441727430,256.9822,76.7529,8.49,0,,,,,36,11.5,ok
TIC 229706853,278.1149,69.9501,8.49,0,,,,,12,11.2,ok
TIC 115660788,8.8947,36.579,8.49,0,,,,,1,1.6,ok
TIC 233720276,276.3578,62.9403,8.49,0,,,,,41,11.0,ok
TIC 233720219,276.336,62.8345,8.49,0,,,,,26,11.8,ok
TIC 26009357,353.1352,48.3723,8.49,0,,,,,3,3.8,ok
TIC 26777785,25.3706,24.1834,8.49,0,,,,,1,1.4,ok
TIC 357046804,274.6708,54.6002,8.49,0,,,,,10,11.7,ok
TIC 303290296,11.9683,16.959,8.5,0,,,,,6,7.2,ok
TIC 312463442,12.4976,58.7739,8.5,0,,,,,3,3.9,ok
TIC 331930196,6.3009,68.8075,8.5,0,,,,,2,2.9,ok
TIC 366784067,335.6517,72.1702,8.5,0,,,,,5,5.7,ok
TIC 28293523,28.9161,28.3531,8.5,0,,,,,1,1.6,ok
TIC 198182444,245.0517,63.2185,8.5,0,,,,,40,11.5,ok
TIC 330389267,333.6964,58.0114,8.5,0,,,,,2,2.7,ok
TIC 420126478,337.8831,52.8661,8.5,0,,,,,2,3.0,ok
TIC 316388358,317.1817,63.6419,8.5,0,,,,,11,11.4,ok
TIC 237302104,302.3133,74.4255,8.5,0,,,,,16,11.3,ok
TIC 191486192,11.2526,43.4484,8.5,0,,,,,1,1.4,ok
TIC 44525416,7.5497,35.6435,8.5,0,,,,,3,3.6,ok
TIC 233738926,277.9877,65.3713,8.5,0,,,,,5,5.8,ok
TIC 392572073,280.6642,59.3206,8.5,0,,,,,39,11.1,ok
TIC 267777899,10.6041,35.235,8.5,0,,,,,3,3.5,ok
TIC 236893300,303.439,61.0154,8.5,0,,,,,1,1.5,ok
TIC 256620920,300.1662,60.5141,8.5,0,,,,,5,6.0,ok
TIC 188665149,259.5689,53.6351,8.5,0,,,,,24,11.5,ok
TIC 456908588,26.4664,20.3076,8.5,0,,,,,3,3.6,ok
TIC 362105060,268.3062,70.4678,8.5,0,,,,,35,11.5,ok
TIC 189542486,23.9492,39.4609,8.5,0,,,,,2,2.7,ok
TIC 20962196,27.4035,31.253,8.5,0,,,,,1,1.5,ok
TIC 189434948,22.8071,40.1984,8.5,0,,,,,1,1.6,ok
TIC 188775707,261.9077,50.9717,8.5,0,,,,,4,5.2,ok
TIC 219112216,271.6913,67.8445,8.5,0,,,,,32,12.2,ok
TIC 237197236,292.4608,71.9564,8.5,0,,,,,12,12.1,ok
TIC 608170820,8.1479,67.234,8.5,0,,,,,2,2.9,ok
TIC 420107870,285.0057,75.0571,8.51,0,,,,,25,12.3,ok
TIC 84215965,4.3277,62.826,8.51,0,,,,,4,4.8,ok
TIC 387696825,314.1813,66.6263,8.51,0,,,,,11,11.4,ok
TIC 431059763,334.649,51.0676,8.51,0,,,,,3,4.0,ok
TIC 26767782,25.3079,29.1348,8.51,0,,,,,1,1.5,ok
TIC 237293521,301.0842,75.5037,8.51,0,,,,,26,12.0,ok
TIC 196526804,16.2701,44.0139,8.51,0,,,,,1,1.6,ok
TIC 233238892,267.8658,70.2458,8.51,0,,,,,30,12.1,ok
TIC 368317588,358.3556,69.7288,8.51,0,,,,,4,5.1,ok
TIC 469684576,329.624,54.4849,8.51,0,,,,,3,3.8,ok
TIC 15614474,16.3985,24.1976,8.51,0,,,,,3,3.8,ok
TIC 267802440,10.7028,35.5492,8.51,0,,,,,2,2.9,ok
TIC 177509591,359.013,46.7996,8.51,0,,,,,1,1.6,ok
TIC 22525919,2.8987,33.6803,8.51,0,,,,,1,1.6,ok
TIC 362257716,286.3839,76.582,8.51,0,,,,,40,12.2,ok
TIC 115661736,8.9647,38.3574,8.51,0,,,,,3,3.8,ok
TIC 24707028,349.7695,48.8503,8.51,0,,,,,4,5.2,ok
TIC 115415647,6.9827,39.5588,8.51,0,,,,,3,3.9,ok
TIC 240660086,9.0205,48.0401,8.51,0,,,,,1,1.6,ok
TIC 233690618,275.6608,64.8388,8.51,0,,,,,23,12.4,ok
TIC 186296599,17.4809,40.4618,8.51,0,,,,,4,4.9,ok
TIC 367860126,354.674,73.8465,8.51,0,,,,,10,11.4,ok
TIC 381249276,19.4713,15.6466,8.51,0,,,,,4,4.7,ok
TIC 155027769,345.5273,44.8541,8.51,0,,,,,1,1.6,ok
TIC 126997226,23.0559,22.7853,8.51,0,,,,,3,16.1,ok
TIC 18189574,22.6305,26.7497,8.51,0,,,,,1,1.5,ok
TIC 406930733,287.6188,56.708,8.51,0,,,,,20,12.8,ok
TIC 403332798,303.8781,70.0571,8.51,0,,,,,22,12.1,ok
TIC 333168815,352.5208,39.196,8.51,0,,,,,1,1.4,ok
TIC 601337072,7.5445,45.9507,8.51,0,,,,,1,1.6,ok
TIC 398236877,307.0642,78.3205,8.51,0,,,,,7,8.4,ok
TIC 437752575,5.317,25.5243,8.51,0,,,,,3,3.7,ok
TIC 470692582,357.2062,62.5888,8.52,0,,,,,3,3.9,ok
TIC 381543170,17.9512,30.399,8.52,0,,,,,1,1.6,ok
TIC 165527358,265.9925,55.1604,8.52,0,,,,,15,11.6,ok
TIC 421782795,334.69,56.1261,8.52,0,,,,,7,8.5,ok
TIC 259004487,290.0825,69.9176,8.52,0,,,,,12,11.7,ok
TIC 186536109,21.3544,38.7779,8.52,0,,,,,1,1.6,ok
TIC 271836361,355.1121,65.8686,8.52,0,,,,,8,10.1,ok
TIC 236764295,273.1882,66.1213,8.52,0,,,,,7,8.5,ok
TIC 174442669,17.1476,34.5472,8.52,0,,,,,1,1.9,ok
TIC 436544992,13.7587,19.6693,8.52,0,,,,,1,1.5,ok
TIC 267739471,10.1649,30.0064,8.52,0,,,,,3,4.0,ok
TIC 196563737,16.351,45.5294,8.52,0,,,,,1,1.5,ok
TIC 264248558,295.4677,67.5423,8.52,0,,,,,12,11.9,ok
TIC 233888955,304.3762,59.741,8.52,0,,,,,4,4.9,ok
TIC 219805568,266.3643,64.585,8.52,0,,,,,32,12.1,ok
TIC 53731212,13.1567,30.9975,8.52,0,,,,,3,3.7,ok
TIC 230087410,246.9641,68.3289,8.52,0,,,,,43,12.2,ok
TIC 196919670,20.0018,47.3089,8.52,0,,,,,2,3.1,ok
TIC 58858821,20.6708,17.0762,8.52,0,,,,,1,1.8,ok
TIC 256323305,297.8031,63.5757,8.52,0,,26.0,rejete,variabilite_continue;eclipse_secondaire,12,15.8,ok
TIC 127502652,6.8634,38.4921,8.52,0,,,,,1,1.8,ok
TIC 321732557,321.7829,70.3702,8.52,0,,,,,6,7.0,ok
TIC 417566838,317.7283,60.0829,8.52,0,,,,,7,8.4,ok
TIC 365193283,306.1844,57.196,8.52,0,,,,,12,12.0,ok
TIC 237304766,302.9148,73.9798,8.52,0,,,,,10,12.5,ok
TIC 258803900,287.1132,71.4951,8.52,0,,,,,12,11.7,ok
TIC 235930652,291.6763,80.1676,8.52,0,,,,,19,12.1,ok
TIC 243240334,17.9118,22.3353,8.52,0,,,,,1,1.6,ok
TIC 357097047,274.7951,56.1732,8.52,0,,,,,41,12.2,ok
TIC 16875069,18.2869,29.6996,8.52,0,,,,,1,1.5,ok
TIC 356980226,273.8872,58.8045,8.52,0,,,,,40,11.4,ok
TIC 333540455,354.6905,40.8268,8.52,0,,,,,2,2.8,ok
TIC 229451168,294.1246,65.0478,8.52,0,,,,,13,11.5,ok
TIC 56282012,3.4353,35.8506,8.52,0,,,,,1,1.5,ok
TIC 191411019,10.3151,44.2842,8.52,0,,,,,1,1.5,ok
TIC 258770138,10.4378,16.9477,8.53,0,,,,,1,2.1,ok
TIC 352379342,15.3682,39.6315,8.53,0,,,,,1,1.6,ok
TIC 470745455,357.7692,60.1143,8.53,0,,,,,7,8.6,ok
TIC 265348271,358.1206,72.2892,8.53,0,,,,,10,12.4,ok
TIC 411533706,6.9043,19.5509,8.53,0,,,,,1,1.4,ok
TIC 409479128,355.4577,40.3149,8.53,0,,,,,1,1.6,ok
TIC 202086520,4.0976,50.2337,8.53,0,,,,,1,1.7,ok
TIC 272679402,234.3983,68.2318,8.53,0,,,,,28,12.3,ok
TIC 237211184,294.6215,75.2802,8.53,0,,,,,32,11.9,ok
TIC 177264779,357.396,46.3103,8.53,0,,,,,2,2.9,ok
TIC 326810371,22.3717,45.3591,8.53,0,,,,,2,2.8,ok
TIC 420108194,284.9803,74.3581,8.53,0,,,,,40,12.9,ok
TIC 336543347,334.6727,65.6265,8.53,0,,30.9,rejete,variabilite_continue;eclipse_secondaire,9,13.6,ok
TIC 377292209,286.5394,58.5756,8.53,0,,,,,25,11.7,ok
TIC 165554574,266.9897,57.1107,8.53,0,,,,,12,11.6,ok
TIC 441807376,266.1207,75.0573,8.53,0,,,,,30,11.4,ok
TIC 333785289,307.6987,75.5778,8.53,0,,,,,21,11.1,ok
TIC 233606339,282.8587,60.884,8.53,0,,,,,25,11.8,ok
TIC 376867523,276.2405,68.2727,8.53,0,,,,,6,6.9,ok
TIC 367839275,276.0097,75.3826,8.53,0,,,,,11,11.8,ok
TIC 349976732,305.3069,67.7898,8.53,0,,,,,5,6.0,ok
TIC 258958363,289.523,71.726,8.53,0,,,,,25,11.8,ok
TIC 232605303,257.9464,65.3496,8.53,0,,,,,16,11.3,ok
TIC 364121110,307.1178,73.2288,8.53,0,,,,,8,9.4,ok
TIC 432548844,0.1504,36.6686,8.53,0,,,,,1,1.6,ok
TIC 437754891,5.5007,27.1861,8.53,0,,,,,1,1.5,ok
TIC 202414513,6.1117,48.8779,8.53,0,,,,,1,1.4,ok
TIC 242799145,8.779,22.1916,8.53,0,,,,,2,2.7,ok
TIC 233571087,281.9372,62.9589,8.54,0,,,,,15,11.8,ok
TIC 287140025,253.6539,61.2264,8.54,0,,,,,26,11.6,ok
TIC 293952749,297.7379,58.9763,8.54,0,,,,,4,4.9,ok
TIC 258514281,305.5418,70.1463,8.54,0,,,,,8,9.4,ok
TIC 115415488,6.9791,39.8738,8.54,0,,,,,1,1.5,ok
TIC 13862266,12.2807,28.4302,8.54,0,,,,,3,4.0,ok
TIC 191140992,8.0989,44.9225,8.54,0,,,,,1,1.5,ok
TIC 288676256,281.1254,78.3835,8.54,0,,,,,22,11.6,ok
TIC 198240534,249.4428,62.5533,8.54,0,,,,,42,11.7,ok
TIC 60958279,26.1209,19.4331,8.54,0,,,,,7,7.4,ok
TIC 61204022,20.9256,34.771,8.54,0,,,,,3,3.8,ok
TIC 343175455,309.452,63.0694,8.54,0,,,,,3,3.7,ok
TIC 240687206,9.7076,52.6351,8.54,0,,,,,1,1.7,ok
TIC 60960913,29.3283,20.9168,8.54,0,,,,,5,5.6,ok
TIC 230082155,245.9827,69.5626,8.54,0,,,,,17,11.7,ok
TIC 186293246,17.3896,36.5618,8.54,0,,,,,1,1.4,ok
TIC 338070824,337.798,63.2577,8.54,0,,,,,2,2.6,ok
TIC 191547312,11.6149,43.5069,8.54,0,,,,,1,1.7,ok
TIC 219867845,259.1809,70.6308,8.54,0,,,,,12,12.1,ok
TIC 403329493,303.6468,70.8412,8.54,0,,,,,16,10.9,ok
TIC 420137064,291.6712,74.0973,8.54,0,,,,,42,11.7,ok
TIC 440160130,5.6062,42.5868,8.54,0,,,,,1,1.5,ok
TIC 252610452,345.9601,49.5504,8.54,0,,,,,5,6.0,ok
TIC 436553948,14.3845,18.6162,8.54,0,,,,,4,4.7,ok
TIC 415763936,10.2597,30.7863,8.54,0,,,,,3,3.6,ok
TIC 406027376,324.7543,61.5561,8.54,0,,,,,6,7.1,ok
TIC 237068937,306.898,63.7321,8.54,0,,,,,16,11.7,ok
TIC 288382509,266.1732,77.9188,8.54,0,,,,,36,11.2,ok
TIC 459968655,254.7655,61.1472,8.54,0,,,,,43,12.0,ok
TIC 233631664,284.9878,64.0532,8.54,0,,,,,25,11.7,ok
TIC 396394873,0.9834,32.0098,8.55,0,,,,,1,1.5,ok
TIC 259038627,290.5486,69.5794,8.55,0,,,,,6,6.9,ok
TIC 237223895,296.2187,72.2119,8.55,0,,,,,1,1.6,ok
TIC 113677357,25.4182,20.729,8.55,0,,,,,3,3.6,ok
TIC 335963892,265.8877,52.09,8.55,0,,,,,4,4.9,ok
TIC 378582450,0.8212,68.5213,8.55,0,,,,,6,7.7,ok
TIC 344095722,317.0356,59.1232,8.55,0,,,,,8,9.7,ok
TIC 328542403,331.7766,54.1799,8.55,0,,,,,2,2.6,ok
TIC 25038576,350.6566,50.214,8.55,0,,,,,4,5.0,ok
TIC 233197293,264.6425,68.9144,8.55,0,,,,,39,11.8,ok
TIC 240786261,11.7973,50.6546,8.55,0,,,,,1,1.5,ok
TIC 232625561,268.9234,55.684,8.55,0,,,,,43,11.6,ok
TIC 233394432,301.9667,57.6903,8.55,0,,,,,14,12.2,ok
TIC 16985875,19.6682,29.8229,8.55,0,,,,,3,4.2,ok
TIC 233500248,250.2565,76.2641,8.55,0,,,,,38,11.3,ok
TIC 174325192,15.5554,32.1432,8.55,0,,,,,1,1.5,ok
TIC 196776251,18.3282,46.0453,8.55,0,,,,,3,3.5,ok
TIC 272651324,233.2063,67.0467,8.55,0,,,,,8,9.9,ok
TIC 272702685,235.1,67.0741,8.55,0,,,,,10,11.4,ok
TIC 352501812,352.1133,39.993,8.55,0,,,,,3,3.8,ok
TIC 440000731,2.4908,43.4382,8.55,0,,,,,1,1.6,ok
TIC 288296062,5.3974,37.4193,8.55,0,,,,,1,1.5,ok
TIC 284891601,260.5085,56.6284,8.55,0,,,,,43,11.8,ok
TIC 13825759,11.9082,28.7906,8.55,0,,,,,1,1.6,ok
TIC 252135059,15.8892,55.0296,8.55,0,,,,,2,2.3,ok
TIC 333537295,354.5434,38.1876,8.55,0,,,,,4,5.4,ok
TIC 411530077,6.5894,23.8994,8.55,0,,,,,1,1.4,ok
TIC 381461773,16.4814,35.7093,8.55,0,,,,,3,3.9,ok
TIC 366378020,329.0441,75.2293,8.55,0,,,,,5,5.9,ok
TIC 467259269,307.9031,62.2166,8.56,0,,,,,15,12.2,ok
TIC 191033646,7.4646,46.3849,8.56,0,,,,,1,1.7,ok
TIC 28391714,30.1407,27.8886,8.56,0,,,,,3,3.7,ok
TIC 459978721,255.8173,65.7753,8.56,0,,,,,36,11.8,ok
TIC 240884107,17.1045,50.3553,8.56,0,,,,,2,2.9,ok
TIC 252707848,347.3552,51.7312,8.56,0,,,,,3,3.8,ok
TIC 336508012,314.5354,57.7886,8.56,0,,,,,9,11.0,ok
TIC 284890238,260.2978,54.941,8.56,0,,,,,34,11.6,ok
TIC 196887674,19.4884,42.1745,8.56,0,,,,,1,1.9,ok
TIC 306188960,13.1959,53.9035,8.56,0,,,,,3,3.9,ok
TIC 336813947,17.7901,16.5651,8.56,0,,,,,1,1.6,ok
TIC 267569134,9.0117,29.9924,8.56,0,,,,,1,1.4,ok
TIC 26870507,355.7495,49.1186,8.56,0,,,,,1,1.5,ok
TIC 353730782,275.6075,54.797,8.56,0,,,,,7,8.6,ok
TIC 174306659,352.4856,45.4875,8.56,0,,,,,2,2.8,ok
TIC 16957494,19.6038,26.7465,8.56,0,,,,,2,2.7,ok
TIC 353987913,272.2496,55.3661,8.56,0,,,,,42,11.8,ok
TIC 317512446,351.5501,72.6185,8.56,0,,,,,2,2.7,ok
TIC 15692495,17.4716,24.2792,8.56,0,,,,,1,1.6,ok
TIC 173419202,347.5516,47.5705,8.56,0,,,,,3,3.5,ok
TIC 406957513,1.4467,60.4841,8.56,0,,,,,5,6.2,ok
TIC 381230876,18.7807,14.6603,8.56,0,,,,,4,4.9,ok
TIC 125994584,18.5615,35.7988,8.56,0,,,,,3,4.0,ok
TIC 387808020,314.97,69.3284,8.57,0,,108.9,rejete,variabilite_continue;eclipse_secondaire,11,15.7,ok
TIC 201629445,1.3317,50.9148,8.57,0,,,,,1,1.7,ok
TIC 80600292,21.5383,31.9149,8.57,0,,,,,1,1.8,ok
TIC 306451085,33.0969,22.4307,8.57,0,,,,,2,2.6,ok
TIC 198387091,257.8236,59.0307,8.57,0,,,,,27,12.3,ok
TIC 60998410,29.7614,21.9147,8.57,0,,,,,1,1.6,ok
TIC 431486590,356.8488,50.5555,8.57,0,,,,,3,4.0,ok
TIC 25180192,350.9398,48.6106,8.57,0,,,,,2,2.6,ok
TIC 229500092,296.8008,65.3961,8.57,0,,,,,16,11.6,ok
TIC 189528734,23.629,40.9767,8.57,0,,,,,1,1.6,ok
TIC 462575726,232.6467,69.1524,8.57,0,,,,,26,12.4,ok
TIC 306263608,30.9052,21.2815,8.57,0,,,,,6,6.9,ok
TIC 233624874,284.3065,64.106,8.57,0,,,,,26,12.0,ok
TIC 57988234,5.234,30.0463,8.57,0,,,,,3,4.0,ok
TIC 276370877,329.1004,57.8709,8.57,0,,,,,7,8.2,ok
TIC 233009109,248.2533,72.9255,8.57,0,,,,,40,12.4,ok
TIC 238437211,8.6995,26.0655,8.57,0,,,,,1,1.7,ok
TIC 321914704,323.4676,67.604,8.57,0,,,,,1,1.9,ok
TIC 419524804,8.2333,63.9856,8.57,0,,,,,5,7.3,ok
TIC 229797764,285.0414,71.5108,8.57,0,,,,,35,12.1,ok
TIC 469525728,324.1233,59.9272,8.57,0,,,,,8,9.7,ok
TIC 334780234,247.4761,62.8016,8.57,0,,,,,13,11.8,ok
TIC 267740075,10.1023,31.7777,8.57,0,,,,,1,1.5,ok
TIC 256619153,300.2653,62.1209,8.57,0,,,,,7,8.5,ok
TIC 437752615,5.3233,25.6827,8.57,0,,,,,3,4.1,ok
TIC 277511298,310.9742,57.4997,8.57,0,,,,,12,12.1,ok
TIC 189394957,22.1858,39.4653,8.57,0,,,,,2,2.7,ok
TIC 194436145,3.7473,36.426,8.57,0,,,,,1,1.7,ok
TIC 230391018,286.3825,60.4682,8.57,0,,,,,31,11.6,ok
TIC 431276063,343.7481,51.5255,8.58,0,,,,,4,4.8,ok
TIC 305168532,311.8506,61.3945,8.58,0,,,,,12,11.7,ok
TIC 427105312,321.2736,61.5164,8.58,0,,,,,9,10.7,ok
TIC 238657026,21.0042,43.8412,8.58,0,,,,,1,1.6,ok
TIC 191553189,11.8292,47.8057,8.58,0,,,,,4,5.6,ok
TIC 191440961,10.6198,45.151,8.58,0,,,,,3,3.9,ok
TIC 272750125,236.9522,70.6072,8.58,0,,,,,29,12.0,ok
TIC 406928015,287.4059,59.32,8.58,0,,,,,39,11.7,ok
TIC 352621091,308.1319,65.668,8.58,0,,,,,7,8.3,ok
TIC 237218794,295.5781,72.6278,8.58,0,,,,,17,11.6,ok
TIC 336813972,17.7959,16.6719,8.58,0,,,,,6,7.7,ok
TIC 85299128,28.723,30.288,8.58,0,,,,,1,1.6,ok
TIC 367695363,343.8653,57.3752,8.58,0,,,,,3,3.9,ok
TIC 198237770,248.9606,63.9116,8.58,0,,,,,41,12.3,ok
TIC 67157064,342.8657,49.7409,8.58,0,,,,,4,4.8,ok
TIC 236968730,304.6475,64.6599,8.58,0,,,,,7,8.0,ok
TIC 272636742,231.8796,66.6535,8.58,0,,,,,13,11.7,ok
TIC 189680682,25.93,37.0819,8.58,0,,,,,3,4.1,ok
TIC 177318532,357.6499,47.0871,8.58,0,,,,,1,1.5,ok
TIC 232681757,282.4638,58.4421,8.58,0,,,,,17,11.7,ok
TIC 287137067,252.6544,63.1395,8.58,0,,,,,25,11.4,ok
TIC 233536069,280.8393,63.4208,8.58,0,,,,,27,11.5,ok
TIC 427237616,321.8708,65.0595,8.58,0,,,,,7,8.2,ok
TIC 264253320,295.5522,70.9498,8.59,0,,61.0,rejete,variabilite_continue;eclipse_secondaire,7,10.7,ok
TIC 303321231,12.3549,13.9992,8.59,0,,,,,1,1.6,ok
TIC 229912617,287.3111,65.1959,8.59,0,,,,,16,13.2,ok
TIC 431151816,340.2485,53.3476,8.59,0,,,,,1,1.5,ok
TIC 233853640,304.1505,57.634,8.59,0,,,,,14,12.3,ok
TIC 83956025,0.3429,34.0414,8.59,0,,,,,3,4.0,ok
TIC 191420590,10.5186,46.9745,8.59,0,,,,,1,1.5,ok
TIC 44451537,6.8005,35.2505,8.59,0,,,,,3,3.9,ok
TIC 174192678,351.822,44.5592,8.59,0,,,,,2,2.6,ok
TIC 173766496,349.6407,46.6986,8.59,0,,,,,2,2.5,ok
TIC 436553493,14.3232,20.4244,8.59,0,,,,,1,1.5,ok
TIC 173706977,349.1547,41.9637,8.59,0,,,,,5,6.0,ok
TIC 352764091,308.7477,63.4748,8.59,0,,,,,18,11.2,ok
TIC 395718689,326.7724,53.3056,8.59,0,,24.0,rejete,variabilite_continue;eclipse_secondaire,7,11.1,ok
TIC 189360328,21.8564,38.3326,8.59,0,,,,,2,2.5,ok
TIC 194459612,4.1894,41.0693,8.59,0,,,,,2,2.5,ok
TIC 160603848,245.0934,75.4668,8.59,0,,,,,23,11.4,ok
TIC 219742917,242.7274,65.8984,8.59,0,,,,,15,11.1,ok
TIC 232625760,268.8359,56.0861,8.59,0,,,,,42,11.5,ok
TIC 224602405,255.1632,55.5415,8.59,0,,,,,9,10.6,ok
TIC 275415160,319.7842,61.5034,8.59,0,,,,,8,10.8,ok
TIC 427107404,321.1431,62.5355,8.59,0,,,,,10,11.4,ok
TIC 397561711,10.2663,14.811,8.59,0,,,,,2,2.7,ok
TIC 298665392,277.8496,59.5669,8.6,0,,,,,16,11.3,ok
TIC 91356604,28.7044,20.2838,8.6,0,,,,,5,5.4,ok
TIC 15652166,16.8728,24.9738,8.6,0,,,,,1,1.4,ok
TIC 326374705,331.8016,52.6356,8.6,0,,,,,8,9.5,ok
TIC 113676539,25.2736,18.2768,8.6,0,,,,,1,1.7,ok
TIC 314579347,319.3249,59.6939,8.6,0,,,,,7,8.2,ok
TIC 289582691,253.042,62.7426,8.6,0,,,,,26,12.0,ok
TIC 201867995,2.7675,49.5586,8.6,0,,,,,1,1.4,ok
TIC 436555998,14.6594,22.5954,8.6,0,,,,,1,1.3,ok
TIC 315230852,320.349,58.9241,8.6,0,,,,,7,8.1,ok
TIC 367360161,343.1471,76.0285,8.6,0,,,,,5,7.6,ok
TIC 236716467,239.6173,63.8307,8.6,0,,,,,29,11.5,ok
TIC 455792563,346.4113,46.2921,8.6,0,,,,,5,6.1,ok
TIC 366491189,299.9437,66.5993,8.6,0,,,,,36,11.6,ok
TIC 601308574,6.2698,45.6882,8.6,0,,,,,1,1.8,ok
TIC 302010958,27.7411,36.2546,8.6,0,,,,,3,3.6,ok
TIC 377029876,341.93,66.8734,8.6,0,,,,,8,8.9,ok
TIC 115595159,8.3283,36.6242,8.6,0,,,,,3,3.6,ok
TIC 240939967,18.3583,52.5959,8.6,0,,,,,3,3.9,ok
TIC 434216066,10.4541,22.8291,8.6,0,,,,,1,1.5,ok
TIC 428986355,345.5764,76.0684,8.6,0,,,,,6,7.2,ok
TIC 331806431,6.5455,38.4101,8.6,0,,,,,3,4.0,ok
TIC 435867851,12.431,20.7368,8.6,0,,,,,3,3.9,ok
TIC 315809540,314.7373,77.0179,8.6,0,,,,,12,11.0,ok
TIC 242606817,7.605,22.1953,8.6,0,,,,,1,1.5,ok
TIC 251861840,351.6472,58.6872,8.6,0,,,,,5,5.5,ok
TIC 279659179,350.7209,69.4003,8.6,0,,,,,9,11.1,ok
TIC 352685723,355.9577,40.3069,8.6,0,,,,,2,2.5,ok
TIC 399516250,21.4656,16.9397,8.6,0,,,,,1,1.4,ok
TIC 438235779,10.7448,40.402,8.6,0,,,,,2,2.6,ok
TIC 219742885,242.4153,65.8277,8.6,0,,,,,40,11.6,ok
TIC 293880381,296.0965,58.51,8.6,0,,,,,6,6.9,ok
TIC 305255272,312.3672,64.6144,8.61,0,,,,,4,5.1,ok
TIC 420111264,290.1792,76.2578,8.61,0,,,,,39,11.4,ok
TIC 402367660,9.3337,27.3032,8.61,0,,,,,1,1.6,ok
TIC 229780215,283.1023,70.8799,8.61,0,,,,,16,12.1,ok
TIC 352347759,309.6218,75.2625,8.61,0,,,,,2,2.6,ok
TIC 441725501,256.4194,72.0095,8.61,0,,,,,38,11.7,ok
TIC 25763961,10.5777,25.9102,8.61,0,,,,,1,1.5,ok
TIC 284901341,260.9846,54.3649,8.61,0,,,,,6,7.1,ok
TIC 232985036,242.3799,67.365,8.61,0,,,,,40,11.6,ok
TIC 396429896,344.8485,74.5062,8.61,0,,18.0,rejete,variabilite_continue;eclipse_secondaire,5,7.9,ok
TIC 315812017,314.7526,73.0494,8.61,0,,,,,15,11.8,ok
TIC 367004149,338.3529,75.6812,8.61,0,,,,,9,10.4,ok
TIC 434214669,10.3183,19.4005,8.61,0,,,,,1,1.5,ok
TIC 434210302,9.8423,22.3436,8.61,0,,,,,3,3.8,ok
TIC 60922603,25.8927,20.1437,8.61,0,,,,,7,7.6,ok
TIC 456931272,26.7915,17.9119,8.61,0,,,,,1,1.4,ok
TIC 423993847,10.1086,38.0442,8.61,0,,,,,1,1.5,ok
TIC 365541567,327.6732,54.9432,8.61,0,,,,,2,2.5,ok
TIC 219848145,255.6658,67.8545,8.61,0,,,,,25,11.3,ok
TIC 343332062,309.9759,60.3443,8.61,0,,,,,10,11.3,ok
TIC 58855945,19.7193,15.4964,8.61,0,,,,,3,3.7,ok
TIC 28295138,28.9528,25.4175,8.61,0,,,,,2,2.6,ok
TIC 219785789,264.3036,60.6333,8.61,0,,,,,40,11.2,ok
TIC 317651997,352.5914,72.8075,8.61,0,,,,,4,5.1,ok
TIC 283886138,11.9498,34.5851,8.61,0,,,,,3,3.8,ok
TIC 359678171,280.9498,57.588,8.61,0,,,,,42,11.8,ok
TIC 428003724,349.2191,45.0712,8.61,0,,,,,4,4.6,ok
TIC 113710162,25.5904,23.3428,8.61,0,,,,,5,6.5,ok
TIC 199682253,252.344,58.9993,8.61,0,,,,,16,12.2,ok
TIC 405609794,0.788,45.1251,8.62,0,,,,,1,1.9,ok
TIC 284899881,261.0553,58.6987,8.62,0,,,,,37,12.0,ok
TIC 323126675,321.2446,72.5159,8.62,0,,,,,12,11.8,ok
TIC 118184060,30.3106,25.195,8.62,0,,,,,3,3.6,ok
TIC 202223054,5.0579,49.7664,8.62,0,,,,,1,1.5,ok
TIC 198241258,249.5684,65.4264,8.62,0,,,,,39,11.5,ok
TIC 321551218,320.8539,69.1494,8.62,0,,,,,14,11.2,ok
TIC 237280575,299.5088,74.8656,8.62,0,,,,,19,11.3,ok
TIC 26854367,26.5085,24.7863,8.62,0,,,,,1,1.8,ok
TIC 387290231,309.5421,71.2349,8.62,0,,,,,21,11.6,ok
TIC 28690420,26.5931,39.5262,8.62,0,,,,,3,3.9,ok
TIC 229646945,279.9007,77.9026,8.62,0,,,,,34,11.5,ok
TIC 435874141,12.6679,18.7833,8.62,0,,,,,5,6.0,ok
TIC 255993777,308.2315,67.2831,8.62,0,,,,,14,11.9,ok
TIC 267544059,289.3602,72.8366,8.62,0,,,,,38,12.3,ok
TIC 305293943,312.5851,63.8863,8.62,0,,,,,5,6.0,ok
TIC 26798223,355.5083,49.7255,8.62,0,,,,,1,1.5,ok
TIC 125253219,357.8404,35.7269,8.62,0,,,,,1,1.6,ok
TIC 236758288,272.8137,69.2501,8.62,0,,,,,11,11.4,ok
TIC 362222686,286.2279,79.7562,8.62,0,,,,,8,10.0,ok
TIC 125994816,18.8454,30.6064,8.62,0,,,,,1,1.5,ok
TIC 196813020,19.0457,44.5171,8.62,0,,,,,1,1.5,ok
TIC 160488045,238.1191,73.1286,8.62,0,,,,,3,3.6,ok
TIC 186296508,17.5067,40.6423,8.62,0,,,,,1,1.6,ok
TIC 13959869,13.6712,29.5626,8.62,0,,,,,2,2.6,ok
TIC 237084895,307.5291,62.8186,8.62,0,,,,,16,11.6,ok
TIC 390972234,318.6105,76.6048,8.62,0,,,,,6,7.4,ok
TIC 219092150,269.2042,70.0811,8.62,0,,,,,25,11.8,ok
TIC 459982629,256.2729,65.1641,8.63,0,,,,,26,11.5,ok
TIC 440672051,7.9691,25.7041,8.63,0,,,,,3,4.0,ok
TIC 470917347,1.2609,69.1248,8.63,0,,,,,6,7.8,ok
TIC 13379576,344.6545,60.0294,8.63,0,,,,,6,7.3,ok
TIC 357035841,274.2037,59.8959,8.63,0,,,,,37,11.7,ok
TIC 194381477,3.2356,41.8551,8.63,0,,,,,1,1.6,ok
TIC 353782112,276.8041,55.1746,8.63,0,,,,,38,11.9,ok
TIC 264909950,344.4688,75.1411,8.63,0,,,,,9,10.4,ok
TIC 15610335,16.0313,25.2364,8.63,0,,,,,1,1.5,ok
TIC 303337603,12.4265,14.4646,8.63,0,,,,,2,2.8,ok
TIC 230118493,249.5895,70.3375,8.63,0,,,,,39,11.6,ok
TIC 186487236,20.4746,40.571,8.63,0,,,,,1,1.6,ok
TIC 186483284,19.9526,41.7924,8.63,0,,,,,1,1.6,ok
TIC 115863742,11.8392,38.0774,8.63,0,,,,,1,1.6,ok
TIC 229503249,296.8349,61.444,8.63,0,,,,,9,10.7,ok
TIC 283139227,13.2946,61.6176,8.63,0,,,,,1,1.5,ok
TIC 424010706,10.2731,38.2789,8.63,0,,,,,1,1.5,ok
TIC 272786845,239.3265,69.6392,8.63,0,,,,,39,11.4,ok
TIC 22469621,2.3124,32.476,8.63,0,,,,,1,1.6,ok
TIC 233746426,278.4489,62.4277,8.63,0,,,,,12,11.1,ok
TIC 435856800,11.6152,18.8981,8.63,0,,,,,3,3.8,ok
TIC 301941792,14.8887,32.7738,8.63,0,,,,,1,1.9,ok
TIC 236786881,283.3031,58.2569,8.63,0,,,,,26,11.3,ok
TIC 406704981,5.026,59.0072,8.63,0,,,,,4,5.1,ok
TIC 366834816,336.4341,74.9013,8.63,0,,,,,14,11.5,ok
TIC 305722666,316.8946,64.9895,8.63,0,,,,,4,4.6,ok
TIC 240949997,18.8101,49.0807,8.63,0,,,,,1,1.8,ok
TIC 16872033,18.0222,28.248,8.63,0,,,,,2,2.6,ok
TIC 176793067,354.5241,45.0369,8.63,0,,,,,1,1.4,ok
TIC 428609109,3.7302,70.3606,8.63,0,,,,,6,7.7,ok
TIC 26726300,355.2731,48.7871,8.64,0,,,,,1,1.5,ok
TIC 155201405,358.9268,34.7805,8.64,0,,,,,3,3.8,ok
TIC 191180523,8.4686,43.4613,8.64,0,,,,,1,1.5,ok
TIC 229589801,271.9478,73.1744,8.64,0,,,,,38,11.7,ok
TIC 387010958,24.5607,17.8285,8.64,0,,,,,3,3.7,ok
TIC 434886933,345.9018,64.7572,8.64,0,,,,,6,6.8,ok
TIC 58107130,6.4701,35.1912,8.64,0,,,,,1,1.6,ok
TIC 198409372,258.9518,56.0773,8.64,0,,,,,43,11.9,ok
TIC 229674058,252.9041,75.7197,8.64,0,,,,,25,11.9,ok
TIC 275417762,319.7051,62.9139,8.64,0,,,,,10,11.9,ok
TIC 333129427,11.4811,13.7833,8.64,0,,,,,5,5.7,ok
TIC 352406930,309.9664,72.1965,8.64,0,,,,,6,7.3,ok
TIC 202125571,4.1748,51.5358,8.64,0,,,,,3,3.5,ok
TIC 342332827,326.5941,56.9172,8.64,0,,,,,8,9.9,ok
TIC 334753537,246.5029,64.2006,8.64,0,,,,,40,12.0,ok
TIC 352296107,14.8646,37.7691,8.64,0,,,,,1,1.5,ok
TIC 352145026,0.5145,40.1327,8.64,0,,,,,1,1.7,ok
TIC 28246912,28.5399,24.1727,8.64,0,,,,,1,1.5,ok
TIC 269665301,301.2234,66.3777,8.64,0,,,,,4,5.1,ok
TIC 189411031,22.6189,41.2969,8.64,0,,,,,1,1.6,ok
TIC 18188403,22.5309,29.5087,8.64,0,,,,,1,1.5,ok
TIC 188816185,262.3365,52.4558,8.64,0,,,,,18,12.1,ok
TIC 436541592,13.5284,18.8435,8.64,0,,,,,1,1.6,ok
TIC 16917838,19.1666,25.3309,8.64,0,,,,,2,2.7,ok
TIC 333539909,354.6546,41.6239,8.64,0,,,,,2,2.8,ok
TIC 177640074,359.6998,44.8961,8.65,0,,,,,1,2.0,ok
TIC 236758289,272.8122,69.249,8.65,0,,,,,38,12.4,ok
TIC 127430917,6.6648,41.1873,8.65,0,,,,,1,1.7,ok
TIC 387359196,310.952,66.5813,8.65,0,,,,,11,11.7,ok
TIC 421307045,288.8325,59.7019,8.65,0,,,,,27,11.9,ok
TIC 461425967,3.8621,70.5713,8.65,0,,,,,5,6.1,ok
TIC 343175923,309.4148,62.6981,8.65,0,,,,,1,1.6,ok
TIC 272671671,234.0482,66.5786,8.65,0,,,,,10,12.0,ok
TIC 177251931,357.2595,43.5799,8.65,0,,,,,1,1.5,ok
TIC 28780459,27.3543,37.4945,8.65,0,,,,,1,1.5,ok
TIC 196673605,17.284,43.2548,8.65,0,,,,,3,3.8,ok
TIC 53676141,12.4631,31.5363,8.65,0,,,,,1,1.6,ok
TIC 264249718,295.216,66.053,8.65,0,,,,,38,12.1,ok
TIC 259128582,291.8554,66.0123,8.65,1,1.1062,277.0,rejete,variabilite_continue;eclipse_secondaire,26,14.9,ok
TIC 236982983,305.2252,64.6365,8.65,0,,,,,6,7.3,ok
TIC 230088975,247.3476,68.9313,8.65,0,,,,,26,11.9,ok
TIC 414808521,13.2903,14.4687,8.65,0,,,,,6,7.6,ok
TIC 306341628,31.5832,20.2728,8.65,0,,,,,3,3.7,ok
TIC 235675539,283.0441,73.1269,8.65,0,,,,,41,11.6,ok
TIC 13826560,11.8839,26.2177,8.65,0,,,,,1,1.9,ok
TIC 410521568,327.9476,60.6753,8.65,0,,,,,6,7.4,ok
TIC 219755088,261.6137,61.9983,8.65,0,,,,,25,13.0,ok
TIC 327251785,3.6161,59.2061,8.65,0,,,,,8,9.9,ok
TIC 1980968952,301.3995,63.7061,8.65,0,,,,,7,7.8,ok
TIC 230076273,244.6303,67.2571,8.65,0,,,,,26,11.3,ok
TIC 201521044,0.7085,48.0786,8.65,0,,,,,1,2.5,ok
TIC 80515135,18.7257,26.8657,8.65,0,,,,,2,2.6,ok
TIC 387949845,316.9342,67.31,8.65,0,,,,,12,11.9,ok
TIC 279566937,350.7246,71.0183,8.65,0,,,,,11,12.4,ok
TIC 256429736,324.7736,68.7596,8.66,0,,,,,5,5.9,ok
TIC 196437730,15.4439,46.5866,8.66,0,,,,,1,1.6,ok
TIC 431274766,343.7009,50.9636,8.66,0,,,,,2,2.6,ok
TIC 268053147,298.0678,61.9758,8.66,0,,,,,8,9.1,ok
TIC 252773001,348.3663,51.2348,8.66,0,,,,,5,6.0,ok
TIC 53873146,14.5696,33.786,8.66,0,,,,,1,1.8,ok
TIC 437759833,5.8592,24.8145,8.66,0,,,,,1,1.8,ok
TIC 441809052,266.5924,73.2881,8.66,0,,,,,36,11.9,ok
TIC 174438925,17.0037,35.8164,8.66,0,,,,,1,1.5,ok
TIC 333805564,308.6406,73.4715,8.66,0,,,,,10,10.8,ok
TIC 219811092,266.941,61.4497,8.66,0,,,,,37,12.7,ok
TIC 414922359,15.2192,16.6607,8.66,0,,,,,5,6.1,ok
TIC 396233343,0.2294,33.5191,8.66,0,,,,,1,1.6,ok
TIC 115865933,11.7635,41.965,8.66,0,,,,,1,1.8,ok
TIC 405584727,324.3293,63.21,8.66,0,,,,,3,3.8,ok
TIC 233576565,282.4164,65.1825,8.66,0,,,,,36,12.3,ok
TIC 194303547,2.2147,37.2153,8.66,0,,,,,1,1.8,ok
TIC 219099369,269.8715,68.8441,8.66,0,,,,,24,13.6,ok
TIC 390951146,318.2659,73.2479,8.66,0,,,,,7,8.6,ok
TIC 400335656,359.037,64.5341,8.66,0,,,,,7,8.7,ok
TIC 359631482,280.1578,57.495,8.66,0,,289.5,rejete,variabilite_continue;eclipse_secondaire,28,15.3,ok
TIC 91277900,27.7214,20.5919,8.66,0,,,,,1,1.6,ok
TIC 389188453,343.7691,55.6809,8.66,0,,,,,3,4.0,ok
TIC 303291181,11.9323,12.872,8.66,0,,,,,1,2.1,ok
TIC 306205096,30.1318,19.1877,8.66,0,,,,,5,6.2,ok
TIC 408290683,18.4954,16.4942,8.66,0,,,,,2,2.8,ok
TIC 366866314,336.5412,72.4796,8.66,0,,,,,4,5.2,ok
TIC 60921881,25.7827,22.9959,8.66,0,,,,,1,1.6,ok
TIC 352317350,15.072,38.2946,8.66,0,,,,,1,1.5,ok
TIC 26368364,354.2561,48.5761,8.66,0,,,,,1,1.6,ok
TIC 237016920,306.4063,62.1524,8.67,0,,,,,2,2.8,ok
TIC 233727013,276.8659,65.5655,8.67,0,,,,,35,11.9,ok
TIC 191230786,8.979,42.3942,8.67,0,,,,,3,3.9,ok
TIC 375331099,315.7768,57.5519,8.67,0,,,,,2,2.7,ok
TIC 229403836,292.5639,62.1133,8.67,0,,,,,14,11.9,ok
TIC 435872775,12.5535,23.6898,8.67,0,,,,,1,1.5,ok
TIC 202041299,3.8056,49.7052,8.67,0,,,,,1,1.7,ok
TIC 335966219,282.044,74.0088,8.67,0,,,,,36,12.2,ok
TIC 272701896,234.9839,68.8802,8.67,0,,,,,20,11.8,ok
TIC 252527990,344.648,48.3404,8.67,0,,,,,5,6.4,ok
TIC 229585356,271.3784,72.074,8.67,0,,,,,42,12.1,ok
TIC 376891083,341.261,68.1329,8.67,0,,,,,7,8.5,ok
TIC 323139965,321.5969,73.6647,8.67,0,,,,,8,9.9,ok
TIC 405401445,31.6322,26.8376,8.67,0,,,,,3,4.1,ok
TIC 199658044,250.8088,58.5226,8.67,0,,,,,27,13.5,ok
TIC 467326221,311.5681,73.3157,8.67,0,,,,,7,8.6,ok
TIC 176904207,355.0672,46.7222,8.67,0,,,,,1,1.4,ok
TIC 194355774,2.7524,39.2595,8.67,0,,,,,1,1.5,ok
TIC 306305751,31.2467,22.8004,8.67,0,,,,,3,3.6,ok
TIC 57918181,4.5868,35.3509,8.67,0,,,,,3,4.0,ok
TIC 26834264,26.3445,25.7662,8.67,0,,,,,1,1.4,ok
TIC 26011285,353.312,48.9429,8.67,0,,,,,1,1.5,ok
TIC 189470713,23.2371,38.5353,8.68,0,,,,,2,2.6,ok
TIC 25471910,351.7112,50.1331,8.68,0,,,,,1,1.6,ok
TIC 267863657,312.4582,58.6479,8.68,0,,,,,4,4.9,ok
TIC 378648084,0.9295,68.3964,8.68,0,,,,,4,4.9,ok
TIC 16891426,18.7843,26.5829,8.68,0,,,,,1,1.7,ok
TIC 198159527,243.2406,63.3168,8.68,0,,,,,16,11.3,ok
TIC 15614551,16.3484,24.4836,8.68,0,,,,,1,1.5,ok
TIC 387270470,313.8319,78.5583,8.68,0,,,,,6,7.2,ok
TIC 353817853,270.5044,54.2283,8.68,0,,,,,10,11.0,ok
TIC 357526042,270.0443,53.8932,8.68,0,,,,,33,11.6,ok
TIC 165528608,266.0831,55.7528,8.68,0,,,,,22,11.4,ok
TIC 241049733,21.6439,49.631,8.68,0,,,,,2,3.1,ok
TIC 113710908,25.5867,20.4529,8.68,0,,,,,3,3.6,ok
TIC 194328058,2.4086,38.2534,8.68,0,,,,,1,1.4,ok
TIC 198183069,245.4292,65.9358,8.68,0,,,,,24,11.8,ok
TIC 435874953,12.7929,20.4322,8.68,0,,,,,1,1.5,ok
TIC 334263373,330.8063,62.8474,8.68,0,,,,,4,4.9,ok
TIC 53698715,12.7121,32.0493,8.68,0,,,,,1,1.6,ok
TIC 422880412,16.1349,41.7296,8.68,0,,,,,1,1.5,ok
TIC 402974812,15.0975,18.0505,8.68,0,,,,,1,3.5,ok
TIC 376872090,283.8621,73.1632,8.68,0,,,,,25,12.3,ok
TIC 237227752,296.8655,75.869,8.68,0,,,,,15,11.1,ok
TIC 372389503,332.1743,70.9144,8.68,0,,,,,10,10.6,ok
TIC 440177321,6.3379,47.0354,8.68,0,,,,,3,3.6,ok
TIC 91306569,28.0416,23.9387,8.68,0,,,,,4,4.6,ok
TIC 470111127,328.0716,78.3376,8.68,0,,,,,4,4.8,ok
TIC 367074040,339.0943,76.7483,8.68,0,,,,,5,5.9,ok
TIC 229669811,251.7146,73.6828,8.69,0,,,,,40,12.0,ok
TIC 176673945,353.4992,42.7779,8.69,0,,,,,2,2.6,ok
TIC 441767708,261.9744,73.3142,8.69,0,,,,,35,11.7,ok
TIC 198356533,256.1388,56.8425,8.69,0,,,,,42,10.8,ok
TIC 191761960,21.9307,42.603,8.69,0,,,,,2,2.8,ok
TIC 196348295,14.3725,42.8633,8.69,0,,,,,3,3.8,ok
TIC 326973912,23.3149,43.8958,8.69,0,,,,,2,2.6,ok
TIC 422426152,319.0127,68.9145,8.69,0,,,,,15,11.6,ok
TIC 60987423,29.5686,20.4324,8.69,0,,,,,1,1.6,ok
TIC 365187896,306.2512,59.2835,8.69,0,,,,,4,5.0,ok
TIC 258769660,10.3415,16.9663,8.69,0,,,,,1,1.6,ok
TIC 20885607,26.6769,32.8856,8.69,0,,,,,1,1.3,ok
TIC 271763731,354.8776,62.4374,8.69,0,,,,,5,5.6,ok
TIC 67899002,10.6303,40.9535,8.69,0,,,,,1,1.6,ok
TIC 441793272,263.2525,73.2174,8.69,0,,,,,34,11.4,ok
TIC 381270398,17.0056,21.0697,8.69,0,,,,,3,3.7,ok
TIC 25694194,9.5928,26.433,8.69,0,,,,,1,1.4,ok
TIC 155002158,345.1697,45.1837,8.69,0,,,,,1,1.5,ok
TIC 199547605,240.6506,65.6945,8.69,0,,13.2,rejete,variabilite_continue;eclipse_secondaire,15,15.8,ok
TIC 238602461,25.82,27.8419,8.69,0,,,,,1,1.6,ok
TIC 320523622,264.727,55.5578,8.69,0,,,,,38,11.4,ok
TIC 384886993,16.7223,17.7044,8.69,0,,,,,1,1.5,ok
TIC 229588015,271.7564,75.6506,8.69,0,,,,,12,11.4,ok
TIC 66073584,340.6921,51.0436,8.69,0,,,,,2,2.8,ok
TIC 189594686,24.6823,36.9816,8.69,0,,,,,1,1.4,ok
TIC 258627931,306.3183,71.5285,8.69,0,,,,,10,11.3,ok
TIC 58099139,6.1262,33.8764,8.69,0,,,,,2,2.9,ok
TIC 256663266,300.7025,65.4314,8.69,0,,,,,1,1.6,ok
TIC 85255469,21.6053,32.4128,8.69,0,,,,,1,1.6,ok
TIC 367351021,342.6059,77.0624,8.69,0,,,,,6,6.8,ok
TIC 230129966,251.8207,68.0132,8.69,0,,,,,36,11.3,ok
TIC 238652338,20.8676,45.7652,8.69,0,,,,,2,2.6,ok
TIC 333115062,11.2345,15.9397,8.69,0,,,,,6,6.9,ok
TIC 331387710,17.8855,56.9391,8.69,0,,,,,4,4.8,ok
TIC 13824278,11.7618,26.0759,8.69,0,,,,,1,1.5,ok
TIC 279659875,350.711,69.0096,8.69,0,,44.1,rejete,variabilite_continue;eclipse_secondaire;compagnon_trop_gros_6.7Rjup,10,15.1,ok
TIC 421307009,288.7872,59.7752,8.69,0,,,,,16,11.0,ok
TIC 441807753,266.1774,73.9802,8.69,0,,,,,26,11.6,ok
TIC 22525286,2.8985,35.0517,8.69,0,,,,,3,3.9,ok
TIC 237291761,301.1499,72.3803,8.69,0,,,,,11,11.5,ok
TIC 333223479,352.7413,40.8964,8.69,0,,,,,2,2.5,ok
TIC 252058129,353.9573,56.7612,8.69,0,,,,,5,5.6,ok
TIC 188777507,261.9717,51.8044,8.69,0,,,,,12,12.3,ok
TIC 428057649,352.4239,45.7811,8.69,0,,,,,2,2.8,ok
TIC 264303926,296.2106,68.0442,8.69,0,,,,,12,11.2,ok
TIC 378528263,0.5083,69.2093,8.7,0,,,,,4,4.4,ok
TIC 321544323,320.5533,68.6183,8.7,0,,,,,4,4.9,ok
TIC 230081514,245.9887,66.7259,8.7,0,,,,,40,10.8,ok
TIC 237233879,297.761,75.4028,8.7,0,,,,,11,11.0,ok
TIC 419551028,8.5344,32.3789,8.7,0,,,,,1,1.7,ok
TIC 256584281,327.5906,70.3545,8.7,0,,,,,5,6.1,ok
TIC 387352019,310.3035,69.9051,8.7,0,,,,,9,10.9,ok
TIC 288300554,262.2827,78.141,8.7,0,,,,,16,11.7,ok
TIC 237277760,299.1197,73.6159,8.7,0,,,,,38,11.4,ok
TIC 376841524,341.0377,71.5173,8.7,0,,,,,3,4.0,ok
TIC 263969389,288.1909,79.8917,8.7,0,,,,,7,8.6,ok
TIC 233093704,272.9591,60.151,8.7,0,,,,,41,11.2,ok
TIC 243354868,290.3669,59.5057,8.7,0,,,,,24,11.6,ok
TIC 28224552,28.0832,25.4554,8.7,0,,,,,1,1.5,ok
TIC 439942757,1.0729,42.9,8.7,0,,,,,3,3.6,ok
TIC 422389277,318.706,70.1969,8.7,0,,,,,17,11.8,ok
TIC 277648330,311.0624,59.133,8.7,0,,,,,12,12.4,ok
TIC 13887604,12.8379,26.6286,8.7,0,,,,,1,1.5,ok
TIC 259168895,292.5092,66.5067,8.7,0,,,,,26,12.0,ok
TIC 376868993,276.1481,71.8915,8.7,0,,,,,36,11.1,ok
TIC 429854150,323.3748,56.7829,8.7,0,,,,,8,9.6,ok
TIC 44453403,6.8224,30.6877,8.7,0,,,,,1,1.5,ok
TIC 26992328,356.2658,49.0491,8.7,0,,,,,1,1.6,ok
TIC 327290876,24.4767,42.1834,8.7,0,,,,,2,2.9,ok
TIC 367149535,340.7697,73.7688,8.7,0,,,,,5,6.3,ok
TIC 237102559,241.0393,66.4684,8.7,0,,,,,39,13.1,ok
TIC 202216493,4.7378,51.4427,8.7,0,,,,,1,1.6,ok
TIC 26627013,354.9748,48.7575,8.7,0,,,,,1,1.5,ok
TIC 191141020,7.9956,44.8913,8.7,0,,,,,3,3.5,ok
TIC 427649271,349.0982,69.6091,8.7,0,,,,,6,7.6,ok
TIC 2023181937,325.0781,68.3895,8.7,0,,,,,1,1.7,ok
TIC 456886165,21.747,23.5416,8.7,0,,,,,2,2.6,ok
TIC 381343573,22.8103,17.947,8.7,0,,,,,6,6.8,ok
TIC 247330917,9.7546,37.2995,8.71,0,,,,,3,3.7,ok
TIC 229647445,280.2034,76.3944,8.71,1,2.1417,11.9,rejete,variabilite_continue;eclipse_secondaire,12,15.6,ok
TIC 456907444,26.3712,23.7394,8.71,0,,,,,4,5.1,ok
TIC 441762631,260.7876,74.5167,8.71,0,,,,,33,12.1,ok
TIC 237096809,239.6143,69.7193,8.71,0,,99.6,rejete,variabilite_continue;eclipse_secondaire,14,15.6,ok
TIC 456885926,21.7066,22.7909,8.71,0,,,,,4,5.3,ok
TIC 279979689,297.2002,69.8033,8.71,0,,,,,40,11.9,ok
TIC 287087113,253.239,66.189,8.71,0,,,,,36,11.4,ok
TIC 367355815,342.715,72.1036,8.71,0,,,,,9,11.3,ok
TIC 173770137,349.8001,46.398,8.71,0,,,,,2,2.7,ok
TIC 353779445,276.393,55.7213,8.71,0,,,,,25,11.8,ok
TIC 352296053,14.8905,37.6805,8.71,0,,,,,1,1.5,ok
TIC 174101022,351.4862,43.3158,8.71,0,,,,,2,2.8,ok
TIC 347113485,1.2211,59.6897,8.71,0,,,,,8,9.1,ok
TIC 396194537,357.1128,41.6841,8.71,0,,,,,3,3.5,ok
TIC 115914968,12.1065,41.9546,8.71,0,,,,,1,1.4,ok
TIC 125992746,18.5497,29.9697,8.71,0,,,,,1,1.6,ok
TIC 315926200,316.3852,63.4931,8.71,0,,,,,13,12.0,ok
TIC 233087949,272.2068,60.4856,8.71,0,,,,,23,11.7,ok
TIC 267779706,10.5395,30.6345,8.71,0,,,,,1,1.6,ok
TIC 255869354,307.5066,67.4356,8.71,0,,,,,9,10.7,ok
TIC 233194447,263.95,66.7589,8.71,0,,,,,34,12.1,ok
TIC 233605432,283.0026,62.4005,8.71,0,,,,,26,11.6,ok
TIC 267542031,289.2485,76.6964,8.71,0,,,,,15,11.7,ok
TIC 236813812,283.5882,57.9514,8.71,0,,,,,40,11.9,ok
TIC 199660910,250.9941,59.4537,8.71,0,,,,,40,11.9,ok
TIC 237206809,293.9153,73.1268,8.71,0,,,,,16,12.3,ok
TIC 252648742,346.5817,48.7484,8.71,0,,,,,2,2.7,ok
TIC 420129277,290.4412,77.1304,8.72,0,,,,,26,11.5,ok
TIC 58030064,5.8646,34.8269,8.72,0,,,,,1,1.5,ok
TIC 238452069,21.7725,27.9486,8.72,0,,,,,2,2.8,ok
TIC 414920994,15.0898,13.1485,8.72,0,,,,,4,4.8,ok
TIC 283569195,13.5946,38.7115,8.72,0,,,,,1,1.5,ok
TIC 269696438,301.6071,68.291,8.72,1,2.98,223.6,rejete,variabilite_continue,37,15.2,ok
TIC 459976684,254.9471,60.8072,8.72,0,,,,,26,12.4,ok
TIC 356111753,262.6429,58.462,8.72,0,,,,,40,12.2,ok
TIC 198189383,246.3816,63.557,8.72,0,,,,,18,12.5,ok
TIC 174034804,350.8816,46.8855,8.72,0,,,,,2,2.6,ok
TIC 243167340,15.9843,20.786,8.72,0,,,,,1,1.6,ok
TIC 25697780,9.8431,25.7305,8.72,0,,,,,1,1.4,ok
TIC 69388796,20.0172,34.4928,8.72,0,,,,,1,1.5,ok
TIC 125300200,358.4773,32.6109,8.72,0,,,,,1,1.6,ok
TIC 233608839,283.152,62.9114,8.72,0,,,,,12,12.1,ok
TIC 91277756,27.7587,21.1233,8.72,0,,,,,1,1.4,ok
TIC 431362763,18.2767,32.2554,8.72,0,,,,,3,4.3,ok
TIC 176793392,354.5972,44.7062,8.72,0,,,,,2,2.7,ok
TIC 176717955,354.0736,46.724,8.72,0,,,,,1,1.6,ok
TIC 219867604,259.1565,71.6018,8.72,0,,,,,16,12.4,ok
TIC 229752395,280.6718,71.4619,8.72,0,,,,,24,12.1,ok
TIC 198420284,261.667,56.3536,8.72,0,,,,,14,12.6,ok
TIC 352787151,356.653,36.1142,8.72,0,,,,,1,1.6,ok
TIC 232620952,268.5261,56.7626,8.72,0,,,,,10,12.3,ok
TIC 233535182,280.7856,61.7859,8.72,0,,,,,26,12.3,ok
TIC 357033493,274.2394,55.2431,8.72,0,,,,,24,12.2,ok
TIC 80433905,4.9434,28.279,8.72,0,,,,,1,1.6,ok
TIC 405400803,31.6386,25.0827,8.72,0,,,,,5,6.0,ok
TIC 198161860,243.9439,64.8271,8.72,0,,,,,12,12.7,ok
TIC 356015357,254.3095,68.5741,8.72,1,11.2612,23.4,rejete,variabilite_continue,41,16.4,ok
TIC 240757439,11.0742,48.1801,8.72,0,,,,,1,1.9,ok
TIC 259036361,290.1596,66.1203,8.72,0,,,,,14,12.7,ok
TIC 315365617,338.2512,53.7964,8.72,0,,,,,4,5.0,ok
TIC 352238221,292.1262,57.6203,8.72,0,,,,,7,8.8,ok
TIC 58105099,6.4095,30.0652,8.72,0,,,,,3,3.7,ok
TIC 321601485,269.5585,72.2359,8.73,0,,,,,39,12.5,ok
TIC 189470109,23.1521,39.6672,8.73,0,,,,,1,1.5,ok
TIC 238646540,13.1882,46.2149,8.73,0,,,,,1,1.7,ok
TIC 321551546,320.7363,69.447,8.73,0,,,,,6,7.2,ok
TIC 432552431,0.1932,38.5372,8.73,0,,,,,1,1.7,ok
TIC 356015617,254.0804,69.0075,8.73,0,,,,,26,12.2,ok
TIC 280033832,297.8609,70.4385,8.73,0,,,,,7,9.1,ok
TIC 620711218,29.4687,33.1717,8.73,0,,,,,1,1.5,ok
TIC 177243972,357.0098,47.2964,8.73,0,,,,,1,1.6,ok
TIC 240790853,12.0882,49.7678,8.73,0,,,,,5,6.0,ok
TIC 115551110,8.0541,38.2753,8.73,0,,,,,3,3.8,ok
TIC 440672499,7.9495,27.2198,8.73,0,,,,,1,1.7,ok
TIC 232616898,259.2925,65.3132,8.73,0,,,,,6,7.3,ok
TIC 358941535,359.6547,41.1866,8.73,0,,,,,1,1.4,ok
TIC 272781760,238.1706,69.5569,8.73,0,,,,,38,12.1,ok
TIC 265309611,319.882,69.8727,8.73,0,,,,,2,2.6,ok
TIC 458484258,235.4798,65.4661,8.73,0,,,,,19,11.9,ok
TIC 326200402,350.2029,75.6029,8.73,0,,,,,8,10.0,ok
TIC 467182891,291.7992,57.0963,8.73,0,,16.7,rejete,variabilite_continue;eclipse_secondaire,15,15.3,ok
TIC 196746654,17.9798,45.2201,8.73,0,,,,,1,1.7,ok
TIC 431375592,348.7972,48.2183,8.73,0,,,,,2,2.5,ok
TIC 198392870,258.5102,54.2214,8.73,0,,,,,16,12.4,ok
TIC 440100539,4.3587,42.2822,8.73,0,,,,,2,2.8,ok
TIC 202353099,236.1993,64.7406,8.73,0,,,,,20,11.9,ok
TIC 176600962,353.1405,42.0921,8.73,0,,,,,2,2.8,ok
TIC 177056291,356.1399,47.8182,8.73,0,,,,,1,1.5,ok
TIC 201519103,0.7323,49.7022,8.73,0,,,,,1,1.5,ok
TIC 61361342,23.74,34.3689,8.73,0,,,,,1,1.5,ok
TIC 242843570,9.4165,21.4027,8.73,0,,,,,1,1.6,ok
TIC 25309643,351.3514,49.3215,8.73,0,,,,,1,1.9,ok
TIC 53675914,12.3688,30.7411,8.73,0,,,,,3,3.9,ok
TIC 456836731,18.749,20.1628,8.73,0,,,,,5,6.2,ok
TIC 343571481,311.1524,60.6446,8.74,0,,,,,2,2.8,ok
TIC 24798440,350.0683,49.8415,8.74,0,,,,,2,2.7,ok
TIC 24711673,349.7256,51.6809,8.74,0,,,,,4,5.3,ok
TIC 320504339,8.0994,53.9445,8.74,0,,,,,1,1.6,ok
TIC 321820492,322.2723,68.5926,8.74,0,,,,,3,5.1,ok
TIC 301797114,21.866,23.2445,8.74,0,,,,,3,3.7,ok
TIC 240993178,19.718,49.5854,8.74,0,,,,,2,2.9,ok
TIC 341818238,267.8473,59.3523,8.74,0,,,,,24,11.9,ok
TIC 389959131,276.0739,55.7312,8.74,0,,,,,36,11.8,ok
TIC 232626905,268.7677,58.7462,8.74,0,,,,,27,11.9,ok
TIC 352648372,356.0434,36.3994,8.74,0,,,,,1,1.6,ok
TIC 415834033,16.3891,41.2223,8.74,0,,,,,1,1.8,ok
TIC 44631414,22.2309,34.6721,8.74,0,,,,,3,3.9,ok
TIC 230011056,291.2496,61.434,8.74,0,,,,,16,12.1,ok
TIC 154878810,344.7578,46.2798,8.74,0,,,,,2,2.5,ok
TIC 353851099,24.7854,26.9355,8.74,0,,,,,1,1.6,ok
TIC 459969791,254.8333,65.2098,8.74,0,,,,,15,11.9,ok
TIC 150968951,5.2481,23.3826,8.74,0,,,,,1,1.5,ok
TIC 367838785,275.8796,74.168,8.74,0,,,,,12,12.0,ok
TIC 26214389,353.9618,52.6151,8.74,0,,,,,2,3.1,ok
TIC 260293212,325.5735,56.2383,8.74,0,,,,,5,6.3,ok
TIC 258869917,288.0214,69.708,8.74,0,,15.3,rejete,variabilite_continue;eclipse_secondaire,25,15.7,ok
TIC 194323286,2.1086,41.958,8.74,0,,,,,3,4.1,ok
TIC 194305189,2.1368,40.0282,8.74,0,,,,,1,1.4,ok
TIC 256722421,329.7084,70.8854,8.74,0,,,,,3,3.8,ok
TIC 233546385,281.39,60.3944,8.74,0,,,,,24,13.3,ok
TIC 186513730,20.9842,37.3901,8.74,0,,,,,1,1.5,ok
TIC 173389579,347.2296,43.8706,8.74,0,,,,,2,3.0,ok
TIC 320526252,264.9535,58.7083,8.75,0,,40.4,rejete,variabilite_continue;eclipse_secondaire,16,15.2,ok
TIC 198240299,249.4758,61.7314,8.75,0,,,,,39,11.8,ok
TIC 406707908,5.0845,57.8462,8.75,0,,,,,3,3.6,ok
TIC 441733141,258.0244,75.1884,8.75,0,,,,,24,14.8,ok
TIC 25761375,10.3405,28.7426,8.75,0,,,,,1,1.6,ok
TIC 415741993,337.3124,59.8015,8.75,0,,,,,3,4.5,ok
TIC 233633066,284.9771,61.6714,8.75,0,,79.6,rejete,variabilite_continue;eclipse_secondaire,36,15.2,ok
TIC 201523301,1.0009,49.6932,8.75,0,,,,,1,1.7,ok
TIC 57916558,4.5651,30.6126,8.75,0,,,,,1,1.6,ok
TIC 422367808,309.211,71.194,8.75,0,,,,,3,3.8,ok
TIC 188768713,261.3165,51.0561,8.75,0,,,,,8,10.3,ok
TIC 323144308,322.0062,74.3046,8.75,0,,,,,12,11.7,ok
TIC 237218743,295.7381,72.5285,8.75,0,,,,,12,12.2,ok
TIC 198279004,249.9569,65.8157,8.75,0,,,,,18,12.0,ok
TIC 233743754,278.2247,63.7092,8.75,0,,,,,37,11.9,ok
TIC 165552301,266.6772,56.1394,8.75,0,,,,,12,11.6,ok
TIC 202084725,4.0543,51.5056,8.75,0,,,,,1,1.4,ok
TIC 188665120,259.6551,53.5032,8.75,0,,,,,4,5.1,ok
TIC 316718375,322.2054,54.5986,8.75,0,,,,,1,1.6,ok
TIC 80469384,8.5975,28.9295,8.75,0,,,,,1,1.5,ok
TIC 267871675,11.2495,33.6946,8.75,0,,,,,1,1.5,ok
TIC 191203379,8.7784,44.4583,8.75,0,,,,,1,1.5,ok
TIC 44634426,22.4856,30.2611,8.75,0,,,,,1,1.5,ok
TIC 233008356,247.9832,73.6159,8.75,0,,,,,42,11.1,ok
TIC 229502230,296.7327,62.6401,8.75,0,,58.7,rejete,variabilite_continue;eclipse_secondaire,12,15.2,ok
TIC 85344310,29.0982,30.4484,8.75,0,,,,,1,1.7,ok
TIC 336768388,14.0116,13.5962,8.75,0,,,,,4,4.7,ok
TIC 306181869,30.0366,23.8355,8.75,0,,,,,6,6.7,ok
TIC 243224070,17.2835,23.1524,8.75,0,,,,,1,1.6,ok
TIC 259967623,319.0029,64.5368,8.75,0,,87.4,rejete,variabilite_continue;eclipse_secondaire,11,15.1,ok
TIC 437743155,3.3278,28.6805,8.75,0,,,,,1,1.7,ok
TIC 258355042,296.8693,67.2841,8.75,0,,,,,11,11.8,ok
TIC 15516806,14.7017,29.2894,8.75,0,,,,,1,1.5,ok
TIC 232629479,269.0097,55.2022,8.75,0,,,,,25,11.1,ok
TIC 357686750,275.1334,57.2517,8.75,0,,,,,12,11.2,ok
TIC 283476365,12.904,39.4242,8.76,0,,,,,2,2.6,ok
TIC 455761205,357.8792,36.2126,8.76,0,,,,,1,1.6,ok
TIC 440678259,8.3422,27.1193,8.76,0,,,,,1,1.5,ok
TIC 298730971,278.249,55.5242,8.76,0,,,,,16,11.7,ok
TIC 233313403,301.0996,58.8346,8.76,0,,,,,1,1.6,ok
TIC 441801911,265.2331,74.4476,8.76,0,,,,,11,11.5,ok
TIC 236713907,239.0821,63.8176,8.76,0,,,,,9,10.3,ok
TIC 189581106,24.5501,37.2229,8.76,0,,,,,1,1.5,ok
TIC 334677728,245.2677,72.317,8.76,0,,,,,11,11.5,ok
TIC 44454178,6.8944,31.2138,8.76,0,,,,,3,3.8,ok
TIC 436544943,13.7366,19.4739,8.76,0,,,,,1,1.5,ok
TIC 440111432,4.8652,41.9879,8.76,0,,,,,1,1.5,ok
TIC 198555943,238.0503,64.948,8.76,0,,,,,10,11.3,ok
TIC 194556758,5.2061,41.5655,8.76,0,,,,,3,3.9,ok
TIC 235987577,301.8962,79.4251,8.76,0,,,,,16,11.7,ok
TIC 264075628,308.8215,80.3982,8.76,0,,,,,15,11.7,ok
TIC 198318654,234.6504,64.6513,8.76,0,,,,,4,5.1,ok
TIC 230005218,290.7885,65.7254,8.76,0,,,,,36,11.7,ok
TIC 229689988,263.3371,55.266,8.76,0,,,,,16,11.4,ok
TIC 343572044,311.054,61.0097,8.76,0,,,,,3,4.1,ok
TIC 202416668,6.1152,50.5588,8.76,0,,,,,1,1.7,ok
TIC 16996633,20.2859,26.8288,8.76,0,,,,,1,1.5,ok
TIC 1980968953,301.3993,63.7056,8.76,0,,,,,7,8.1,ok
TIC 409479185,355.3841,40.2131,8.76,0,,,,,2,2.8,ok
TIC 298666271,278.3516,58.7066,8.77,0,,,,,26,11.4,ok
TIC 219893086,262.4143,68.7945,8.77,0,,,,,21,11.5,ok
TIC 258844594,14.9339,14.6095,8.77,0,,,,,6,7.2,ok
TIC 329173590,263.6564,58.5813,8.77,0,,,,,26,12.2,ok
TIC 445110485,10.6235,57.859,8.77,0,,,,,4,4.5,ok
TIC 237102849,241.0935,67.7924,8.77,0,,,,,41,11.9,ok
TIC 219754975,261.5728,62.3645,8.77,0,,,,,25,11.7,ok
TIC 305825640,13.0856,48.6755,8.77,0,,,,,1,1.7,ok
TIC 240720350,10.3233,52.6585,8.77,0,,,,,1,1.5,ok
TIC 207504899,248.234,59.7855,8.77,0,,,,,16,12.6,ok
TIC 362259855,286.4478,74.0903,8.77,0,,217.5,rejete,variabilite_continue;eclipse_secondaire,43,15.5,ok
TIC 414922760,15.1747,14.8404,8.77,0,,,,,3,3.9,ok
TIC 196776431,18.3931,46.2508,8.77,0,,,,,1,1.6,ok
TIC 233084587,272.1237,63.3608,8.77,0,,,,,35,11.8,ok
TIC 264077647,309.3098,79.2884,8.77,0,,,,,5,6.1,ok
TIC 436541090,13.3108,19.1463,8.77,0,,,,,3,3.7,ok
TIC 417703882,348.8304,74.9607,8.77,0,,,,,5,5.7,ok
TIC 219760176,262.3599,61.6387,8.77,0,,,,,12,11.7,ok
TIC 13887551,12.7891,26.4779,8.77,0,,,,,1,1.5,ok
TIC 399787737,278.1978,59.2952,8.77,0,,,,,16,11.0,ok
TIC 435872820,12.6352,23.8263,8.77,0,,,,,1,1.5,ok
TIC 264222470,295.265,71.5376,8.77,0,,,,,25,11.6,ok
TIC 229979957,290.2137,65.8651,8.77,0,,,,,16,11.5,ok
TIC 422355545,306.7119,67.5663,8.77,0,,,,,8,9.4,ok
TIC 375905167,336.0931,71.4934,8.77,0,,,,,4,4.8,ok
TIC 362226726,286.0338,72.2569,8.77,0,,,,,2,2.5,ok
TIC 258957379,289.5355,69.4865,8.77,0,,,,,41,11.4,ok
TIC 28355152,29.7665,24.0434,8.77,0,,,,,1,1.5,ok
TIC 247328585,9.8314,41.9253,8.77,0,,,,,1,1.4,ok
TIC 376543157,339.7465,66.6585,8.77,0,,,,,2,2.8,ok
TIC 22605365,3.2664,35.3417,8.77,0,,,,,1,1.9,ok
TIC 219879444,261.0506,67.5534,8.77,0,,,,,35,11.3,ok
TIC 284456027,290.931,59.5894,8.77,0,,,,,26,11.9,ok
TIC 198211364,248.0204,65.5542,8.77,0,,,,,32,11.6,ok
TIC 352348617,309.7078,73.7423,8.77,0,,,,,18,11.9,ok
TIC 467191899,296.2386,59.7133,8.77,0,,,,,7,8.7,ok
TIC 437763718,6.2394,25.7948,8.77,0,,,,,3,3.7,ok
TIC 259238257,293.0723,70.4406,8.77,0,,,,,27,11.6,ok
TIC 353855166,271.0886,55.7786,8.77,0,,,,,26,13.0,ok
TIC 230064711,230.206,67.1674,8.78,0,,,,,18,11.9,ok
TIC 229452961,294.2516,63.83,8.78,0,,38.9,rejete,variabilite_continue;eclipse_secondaire,27,15.3,ok
TIC 264104545,315.5448,79.6565,8.78,0,,,,,13,12.4,ok
TIC 229710646,278.4813,70.2729,8.78,0,,,,,12,16.2,ok
TIC 338555904,338.4037,61.1945,8.78,0,,,,,7,8.5,ok
TIC 236865152,302.6337,62.7086,8.78,0,,,,,9,10.4,ok
TIC 420114700,290.6854,74.6337,8.78,0,,,,,42,11.9,ok
TIC 400022015,10.8282,27.1863,8.78,0,,,,,1,1.6,ok
TIC 389966007,276.9912,55.7883,8.78,0,,,,,26,17.1,ok
TIC 377505917,341.8019,64.8582,8.78,0,,,,,8,9.3,ok
TIC 321447827,320.1199,71.0736,8.78,0,,,,,14,11.6,ok
TIC 188778007,261.9563,50.5746,8.78,0,,,,,4,8.6,ok
TIC 333420332,353.8727,40.5223,8.78,0,,,,,4,5.2,ok
TIC 431514478,357.0013,49.7905,8.78,0,,,,,3,3.7,ok
TIC 306308247,31.3587,22.1811,8.78,0,,,,,3,3.8,ok
TIC 364116785,306.6966,72.8319,8.78,0,,16.8,rejete,variabilite_continue;eclipse_secondaire,8,14.1,ok
TIC 219819462,267.8879,63.2029,8.78,0,,,,,?,0.4,erreur
TIC 229746640,280.1801,70.6475,8.78,0,,,,,25,11.8,ok
TIC 2022999789,323.8989,67.939,8.79,0,,,,,4,4.7,ok
TIC 28675171,26.4032,37.155,8.79,0,,,,,1,1.4,ok
TIC 2044048334,348.5964,48.9805,8.79,0,,,,,1,2.5,ok
TIC 419520757,3.8397,30.5303,8.79,0,,,,,1,1.5,ok
TIC 440670171,7.8067,28.4232,8.79,0,,,,,3,4.0,ok
TIC 456894770,21.9893,18.9901,8.79,0,,,,,1,1.7,ok
TIC 343015796,328.4794,54.2986,8.79,0,,,,,2,2.7,ok
TIC 258803822,287.0512,71.3122,8.79,0,,,,,11,13.1,ok
TIC 199712572,253.8922,57.228,8.79,0,,,,,39,11.4,ok
TIC 441723333,255.7947,75.7012,8.79,0,,,,,40,31.3,ok
TIC 422828596,269.918,72.397,8.79,0,,,,,26,12.2,ok
TIC 326855407,22.5838,43.8623,8.79,0,,,,,2,2.8,ok
TIC 230118001,249.4883,71.6239,8.79,0,,,,,12,11.1,ok
TIC 256639899,327.4474,70.9733,8.79,0,,,,,9,10.6,ok
TIC 346836689,0.6149,55.633,8.79,0,,,,,3,3.8,ok
TIC 375782459,335.8026,70.8948,8.79,0,,,,,3,3.9,ok
TIC 233092824,272.8411,61.512,8.79,0,,,,,11,12.6,ok
TIC 60998050,29.8034,23.2362,8.79,0,,,,,3,3.7,ok
TIC 383645680,278.8608,60.6696,8.79,0,,16.4,rejete,variabilite_continue;eclipse_secondaire,40,15.0,ok
TIC 407291596,325.9241,62.0542,8.8,0,,,,,1,1.7,ok
TIC 58827119,13.0884,13.1218,8.8,0,,,,,1,1.5,ok
TIC 198179599,244.5295,62.9493,8.8,0,,,,,26,11.8,ok
TIC 424438640,279.4293,63.697,8.8,0,,,,,16,12.0,ok
TIC 400097162,19.7132,30.1503,8.8,0,,,,,1,1.7,ok
TIC 329248002,263.8179,55.0034,8.8,0,,,,,41,12.4,ok
TIC 44488807,7.0912,30.4537,8.8,0,,,,,1,1.7,ok
TIC 237280265,299.4723,74.2443,8.8,0,,,,,17,11.6,ok
TIC 26894224,27.4739,27.2118,8.8,0,,,,,2,2.7,ok
TIC 233625035,284.3353,63.7958,8.8,0,,,,,16,12.2,ok
TIC 196258664,13.3997,47.8155,8.8,0,,,,,1,1.6,ok
TIC 403852415,322.8278,61.6233,8.8,0,,,,,5,6.0,ok
TIC 233082251,271.8775,61.2207,8.8,0,,24.7,rejete,variabilite_continue;eclipse_secondaire,12,15.5,ok
TIC 230093027,248.2359,67.5671,8.8,0,,,,,25,20.4,ok
TIC 199661616,251.3168,57.8681,8.8,0,,,,,7,10.5,ok
TIC 154714788,344.2871,47.1855,8.8,0,,,,,1,1.6,ok
TIC 219820588,267.8098,60.3835,8.8,0,,,,,12,11.9,ok
TIC 381475992,16.5048,33.4908,8.8,0,,,,,3,3.8,ok
TIC 198204753,246.6712,63.7452,8.8,0,,,,,31,12.8,ok
TIC 232681433,282.5604,57.9055,8.8,0,,,,,30,11.9,ok
TIC 229689153,263.3269,57.6847,8.8,0,,,,,40,13.1,ok
TIC 18175839,22.1029,24.3991,8.8,0,,,,,1,1.6,ok
TIC 256978304,302.4067,64.3578,8.8,0,,,,,7,10.0,ok
TIC 269597106,300.5829,67.092,8.8,0,,,,,12,12.5,ok
TIC 306264146,30.9464,19.292,8.8,0,,,,,1,1.5,ok
TIC 366513725,302.0755,67.2789,8.8,0,,,,,16,11.8,ok
TIC 232617026,259.4381,65.7858,8.81,0,,,,,35,11.9,ok
TIC 113712438,25.677,21.067,8.81,0,,,,,1,1.6,ok
TIC 219766122,263.0596,64.2765,8.81,0,,,,,15,12.5,ok
TIC 287080092,243.4889,63.5333,8.81,0,,,,,38,12.2,ok
TIC 237221910,296.1948,76.1324,8.81,0,,,,,13,13.5,ok
TIC 237225365,296.6476,74.3622,8.81,0,,,,,25,12.4,ok
TIC 155255873,359.5251,31.7636,8.81,0,,,,,1,1.7,ok
TIC 333956607,309.5876,77.036,8.81,0,,,,,22,11.7,ok
TIC 233200244,265.3372,71.511,8.81,0,,,,,37,12.3,ok
TIC 423993123,10.1493,36.5294,8.81,0,,,,,1,1.6,ok
TIC 26767438,25.2542,27.9855,8.81,0,,,,,1,1.6,ok
TIC 264101872,315.3359,79.5537,8.81,0,,,,,7,8.6,ok
TIC 441807438,266.2078,74.8742,8.81,0,,,,,17,12.5,ok
TIC 229473197,295.3012,62.8145,8.81,0,,,,,26,12.5,ok
TIC 437747137,3.6938,27.5517,8.81,0,,,,,1,1.7,ok
TIC 113670176,24.7685,18.0717,8.81,0,,,,,1,1.6,ok
TIC 219860549,258.1438,71.1291,8.81,0,,,,,25,12.3,ok
TIC 456837593,19.5026,18.8129,8.81,0,,,,,1,1.6,ok
TIC 233531272,280.4299,65.3299,8.81,0,,,,,11,11.8,ok
TIC 22606117,27.6181,34.9102,8.81,0,,,,,1,1.5,ok
TIC 198235935,248.7142,63.1839,8.81,0,,,,,32,13.6,ok
TIC 367682011,247.0887,74.0158,8.81,0,,,,,21,12.8,ok
TIC 196506423,16.1464,42.7191,8.81,0,,,,,1,1.5,ok
TIC 115662916,8.8932,40.4503,8.81,0,,,,,3,3.9,ok
TIC 233684403,260.7638,63.4421,8.81,0,,,,,15,12.8,ok
TIC 219880693,261.4519,68.3723,8.81,0,,,,,40,12.4,ok
TIC 279605117,346.6736,70.7497,8.81,0,,,,,11,11.7,ok
TIC 400051620,19.2925,33.9674,8.81,0,,,,,1,1.5,ok
TIC 267870203,11.1106,30.0818,8.81,0,,,,,1,1.6,ok
TIC 233721037,276.394,64.6369,8.81,0,,,,,38,12.3,ok
TIC 186297027,17.4661,39.6522,8.81,0,,,,,3,3.6,ok
TIC 417666611,348.3792,72.4252,8.81,0,,,,,1,1.5,ok
TIC 364181900,313.1135,74.588,8.81,0,,,,,8,10.1,ok
TIC 239553428,8.1149,31.1136,8.82,0,,,,,1,1.7,ok
TIC 366380782,329.6073,75.5892,8.82,0,,,,,8,11.0,ok
TIC 424384788,277.3571,72.8254,8.82,0,,,,,33,12.1,ok
TIC 22568325,3.0594,35.7087,8.82,0,,,,,1,1.5,ok
TIC 366832114,336.4532,76.3139,8.82,0,,,,,5,6.6,ok
TIC 336167443,318.9544,75.1301,8.82,0,,,,,12,12.4,ok
TIC 352219023,13.6589,38.5952,8.82,0,,,,,1,1.6,ok
TIC 365594390,312.6531,65.4833,8.82,0,,,,,14,11.8,ok
TIC 53700796,12.7946,34.2743,8.82,0,,,,,1,1.6,ok
TIC 233241011,299.8555,58.5555,8.82,0,,,,,4,4.9,ok
TIC 387807515,314.9267,68.797,8.82,0,,,,,5,6.2,ok
TIC 364186197,313.5111,72.5807,8.82,1,4.4245,140.9,rejete,variabilite_continue,18,16.3,ok
TIC 44633547,22.3682,32.0769,8.82,0,,,,,2,2.6,ok
TIC 424439938,279.5906,61.0177,8.82,0,,,,,26,12.4,ok
TIC 353505274,325.2928,76.3385,8.82,0,,,,,6,7.4,ok
TIC 362259837,286.7366,74.1261,8.82,0,,,,,16,12.1,ok
TIC 232641526,281.4906,56.1035,8.82,0,,,,,27,11.6,ok
TIC 18225090,22.9285,28.3909,8.82,0,,,,,3,4.0,ok
TIC 381475329,16.484,35.1169,8.82,0,,,,,1,1.5,ok
TIC 341840536,267.8914,55.2416,8.82,0,,,,,27,11.8,ok
TIC 288315686,263.5004,78.2492,8.82,0,,,,,15,11.6,ok
TIC 229747807,280.4345,70.3941,8.83,0,,,,,26,12.0,ok
TIC 366637784,333.0192,77.3505,8.83,0,,,,,9,11.4,ok
TIC 311234001,253.5524,68.8315,8.83,0,,,,,12,11.7,ok
TIC 353851179,24.7081,26.644,8.83,0,,,,,1,1.5,ok
TIC 407345091,19.808,41.3148,8.83,0,,,,,1,1.6,ok
TIC 259005980,290.3404,70.691,8.83,0,,,,,23,11.6,ok
TIC 22500315,2.5201,33.5394,8.83,0,,,,,2,2.7,ok
TIC 378537940,0.7846,66.8574,8.83,0,,,,,3,4.2,ok
TIC 284479750,291.052,59.8642,8.83,0,,,,,11,11.9,ok
TIC 288349945,19.6429,38.9109,8.83,0,,,,,1,1.8,ok
TIC 235950496,297.7033,79.6006,8.83,0,,,,,13,12.1,ok
TIC 198387576,258.183,59.0685,8.83,0,,,,,32,11.7,ok
TIC 327135931,23.732,42.2787,8.83,0,,,,,2,2.5,ok
TIC 435865564,12.1442,18.0332,8.83,0,,,,,5,6.0,ok
TIC 256615593,299.9135,65.2138,8.83,0,,,,,11,12.5,ok
TIC 269664492,301.3022,67.5399,8.83,0,,,,,34,13.7,ok
TIC 258923475,288.7338,71.5301,8.83,0,,,,,39,11.6,ok
TIC 240990875,19.7308,51.6232,8.83,0,,,,,2,2.7,ok
TIC 381343412,22.8164,18.6873,8.83,0,,,,,5,5.8,ok
TIC 26991201,356.2477,48.1144,8.83,0,,,,,1,1.5,ok
TIC 256323402,297.7324,63.4581,8.83,0,,,,,12,12.2,ok
TIC 600058598,17.5872,29.8694,8.83,0,,,,,1,1.7,ok
TIC 16956412,19.4921,29.4925,8.83,0,,,,,1,1.4,ok
TIC 456859913,20.7204,23.9654,8.83,0,,,,,1,1.4,ok
TIC 350072929,316.5045,76.2663,8.83,0,,,,,6,7.1,ok
TIC 233277841,300.139,59.129,8.84,0,,,,,1,1.5,ok
TIC 25801158,11.4156,29.4924,8.84,0,,,,,1,1.5,ok
TIC 202092636,4.3077,50.5733,8.84,0,,,,,1,1.5,ok
TIC 367006613,338.9642,76.4933,8.84,0,,,,,5,7.2,ok
TIC 242798863,8.7187,19.561,8.84,0,,,,,2,2.8,ok
TIC 377200772,342.8415,70.5484,8.84,0,,,,,1,1.6,ok
TIC 238626074,12.8486,45.3112,8.84,0,,,,,2,2.9,ok
TIC 191509497,11.5311,45.036,8.84,0,,,,,1,1.6,ok
TIC 271338896,354.1491,62.9435,8.84,0,,,,,8,9.4,ok
TIC 378202751,358.1871,65.1984,8.84,0,,,,,2,2.9,ok
TIC 67904700,12.302,41.7541,8.84,0,,,,,1,1.5,ok
TIC 441791515,262.8219,77.1011,8.84,0,,,,,16,11.8,ok
TIC 196841505,19.1565,42.2506,8.84,0,,,,,1,1.7,ok
TIC 238632770,13.0132,47.5941,8.84,0,,,,,1,1.7,ok
TIC 371827081,348.5661,56.0651,8.84,0,,,,,4,4.7,ok
TIC 202368469,5.6883,51.8927,8.84,0,,,,,1,1.5,ok
TIC 233731095,277.3526,62.2984,8.84,0,,,,,26,11.8,ok
TIC 80436807,8.5732,24.6945,8.84,0,,,,,1,1.9,ok
TIC 600070954,13.7814,28.1693,8.84,0,,,,,1,1.7,ok
TIC 219848613,255.5796,66.3193,8.84,0,,,,,15,12.4,ok
TIC 384884373,16.4401,17.0874,8.84,0,,,,,3,3.7,ok
TIC 327457494,4.8108,54.505,8.84,0,,,,,5,6.2,ok
TIC 174272538,352.2425,45.2783,8.84,0,,,,,2,2.7,ok
TIC 174323667,15.6019,35.6797,8.84,0,,,,,1,1.7,ok
TIC 174500011,17.4047,33.9587,8.84,0,,,,,1,1.5,ok
TIC 343267593,309.629,63.0258,8.84,0,,,,,4,4.9,ok
TIC 16954726,19.3437,24.3133,8.84,0,,,,,1,1.5,ok
TIC 229438566,293.3866,60.0327,8.84,0,,,,,10,12.1,ok
TIC 233047055,268.4954,60.2706,8.84,0,,,,,20,12.7,ok
TIC 305252864,312.0374,64.8856,8.84,0,,,,,2,2.5,ok
TIC 458481879,235.1684,65.8396,8.84,0,,,,,16,12.4,ok
TIC 459981026,256.0604,61.2451,8.85,0,,,,,29,11.5,ok
TIC 303291418,12.1514,12.1606,8.85,0,,,,,1,1.4,ok
TIC 356892348,272.9362,56.7392,8.85,0,,,,,42,11.5,ok
TIC 390018812,277.5467,56.1575,8.85,0,,,,,26,11.6,ok
TIC 470742658,357.6646,60.9109,8.85,0,,,,,5,6.0,ok
TIC 237104803,241.3733,66.9883,8.85,0,,24.3,rejete,variabilite_continue;eclipse_secondaire,19,16.0,ok
TIC 199688420,253.214,57.7685,8.85,0,,,,,42,12.1,ok
TIC 272650586,233.3457,70.6386,8.85,0,,,,,9,10.9,ok
TIC 323298991,332.6248,68.6411,8.85,0,,,,,3,3.9,ok
TIC 24795168,350.1688,48.7643,8.85,0,,,,,4,4.8,ok
TIC 61468260,24.7128,34.6886,8.85,0,,,,,2,2.9,ok
TIC 436544160,13.6239,19.7165,8.85,0,,,,,2,2.9,ok
TIC 251844046,351.6069,59.2989,8.85,0,,,,,2,2.6,ok
TIC 259039727,290.6185,71.8599,8.85,0,,,,,12,11.3,ok
TIC 229649801,280.6426,73.1599,8.85,0,,,,,8,9.5,ok
TIC 154937969,345.2182,47.847,8.85,0,,,,,1,1.6,ok
TIC 434222429,10.9103,20.8315,8.85,0,,,,,3,3.6,ok
TIC 229748382,280.3611,69.0669,8.85,0,,,,,12,11.8,ok
TIC 126999479,23.2809,20.7416,8.85,0,,,,,1,1.6,ok
TIC 367078490,315.9243,75.7491,8.85,0,,,,,5,6.0,ok
TIC 233678984,260.1595,61.7792,8.85,0,,,,,39,11.7,ok
TIC 176905160,354.9733,47.554,8.85,0,,,,,1,1.4,ok
TIC 367089460,339.6661,75.2387,8.85,0,,,,,5,6.1,ok
TIC 422425055,318.9728,70.2959,8.85,0,,,,,5,6.0,ok
TIC 352910582,313.4255,65.555,8.85,0,,,,,5,6.7,ok
TIC 413738660,336.4607,58.4497,8.85,0,,,,,4,5.2,ok
TIC 230081904,245.9363,68.4046,8.85,0,,,,,6,6.9,ok
TIC 437745597,3.5234,27.3547,8.85,0,,,,,1,1.7,ok
TIC 26762096,24.8657,27.1787,8.85,0,,,,,1,1.5,ok
TIC 366032175,356.5917,68.6495,8.85,0,,,,,6,7.3,ok
TIC 173993700,350.5722,45.3133,8.85,0,,,,,2,2.5,ok
TIC 288382830,266.2423,78.9064,8.85,0,,,,,11,12.0,ok
TIC 364131141,307.6446,76.0659,8.85,0,,,,,11,11.2,ok
TIC 407358815,20.8107,39.4773,8.85,0,,,,,2,2.5,ok
TIC 201740335,2.058,50.9862,8.85,0,,,,,3,4.0,ok
TIC 20886552,26.6465,35.1564,8.85,0,,,,,3,3.6,ok
TIC 440663318,7.261,25.376,8.85,0,,,,,2,2.6,ok
TIC 26776696,25.4568,28.1256,8.85,0,,,,,1,2.1,ok
TIC 127020603,23.8314,20.9947,8.85,0,,,,,3,3.7,ok
TIC 407335307,0.8306,33.9505,8.86,0,,,,,1,1.6,ok
TIC 233525531,279.9771,64.2297,8.86,0,,,,,10,11.8,ok
TIC 387881182,316.37,66.1222,8.86,0,,,,,3,4.3,ok
TIC 196896468,19.8498,43.3701,8.86,0,,,,,1,1.7,ok
TIC 437751174,5.2856,26.9856,8.86,0,,,,,3,4.2,ok
TIC 270491667,232.5521,68.1677,8.86,0,,,,,17,12.2,ok
TIC 242883159,9.4636,18.9009,8.86,0,,,,,1,1.8,ok
TIC 456866892,21.4518,22.582,8.86,0,,,,,1,1.5,ok
TIC 306216413,30.6178,20.0952,8.86,0,,,,,1,1.7,ok
TIC 199550090,241.2563,65.661,8.86,0,,,,,25,11.5,ok
TIC 255868652,307.5625,66.7353,8.86,0,,,,,6,6.9,ok
TIC 367456924,334.5154,71.7139,8.86,0,,,,,4,5.1,ok
TIC 267686480,9.7247,35.0317,8.86,0,,,,,3,3.8,ok
TIC 127000172,23.2518,23.8071,8.86,0,,,,,3,3.7,ok
TIC 440662022,7.2962,29.5478,8.86,0,,,,,3,3.9,ok
TIC 259100823,291.0965,69.7962,8.86,0,,,,,40,12.9,ok
TIC 26368855,354.2177,48.1977,8.86,0,,,,,1,1.5,ok
TIC 438235932,10.7331,40.1459,8.86,0,,,,,1,1.5,ok
TIC 258830281,287.656,68.2835,8.86,0,,,,,16,11.5,ok
TIC 258919618,288.5838,67.9081,8.86,0,,,,,10,12.1,ok
TIC 404393889,323.1503,64.0997,8.86,0,,,,,4,4.9,ok
TIC 230136294,252.9405,67.2448,8.86,0,,,,,11,11.3,ok
TIC 338066807,337.6477,62.0851,8.86,0,,,,,3,3.8,ok
TIC 232637961,281.1377,57.9519,8.86,0,,,,,13,11.8,ok
TIC 259169487,292.3614,67.3202,8.86,0,,,,,25,11.6,ok
TIC 306215452,30.4824,19.1706,8.87,0,,,,,1,1.7,ok
TIC 258799833,286.7425,68.1764,8.87,0,,,,,22,12.0,ok
TIC 316470945,332.4099,71.3139,8.87,0,,,,,6,7.3,ok
TIC 315914389,316.0831,63.9759,8.87,0,,,,,4,5.8,ok
TIC 201927857,3.2441,50.1224,8.87,0,,,,,1,1.6,ok
TIC 219775888,263.528,62.3621,8.87,0,,,,,16,12.7,ok
TIC 272758572,237.5251,70.6796,8.87,0,,,,,32,11.9,ok
TIC 329769218,333.1334,54.9349,8.87,0,,,,,8,9.2,ok
TIC 376996854,284.6981,57.7864,8.87,0,,,,,40,12.3,ok
TIC 335352512,332.4377,61.9102,8.87,0,,,,,3,3.6,ok
TIC 198178123,244.238,63.0248,8.87,0,,,,,16,11.9,ok
TIC 230060186,229.2735,67.3386,8.87,0,,,,,3,4.0,ok
TIC 422426637,318.9134,68.3563,8.87,0,,,,,5,6.0,ok
TIC 258392844,297.464,62.7324,8.87,0,,,,,18,11.8,ok
TIC 434219519,10.7218,20.7768,8.87,0,,,,,1,1.6,ok
TIC 307983724,256.9297,61.6548,8.87,0,,,,,16,11.8,ok
TIC 240748067,10.974,52.241,8.87,0,,,,,1,1.4,ok
TIC 191771636,22.2538,42.754,8.87,0,,,,,1,1.5,ok
TIC 237082003,307.3307,65.4849,8.87,0,,,,,6,7.1,ok
TIC 191770757,22.1198,42.4108,8.87,0,,,,,1,1.5,ok
TIC 230064382,229.88,66.2492,8.87,0,,,,,6,7.0,ok
TIC 237299529,302.0251,75.6601,8.87,0,,,,,10,11.4,ok
TIC 367948125,355.7617,73.0609,8.87,0,,,,,4,4.9,ok
TIC 224603921,255.3363,56.9881,8.87,0,,,,,37,11.9,ok
TIC 80513037,15.5857,27.2442,8.87,0,,,,,3,4.5,ok
TIC 165552714,266.7424,55.1475,8.88,0,,,,,40,11.7,ok
TIC 364116747,306.8529,72.7438,8.88,0,,,,,21,12.5,ok
TIC 196774855,18.3309,44.4413,8.88,0,,,,,1,1.4,ok
TIC 233242335,299.7323,57.515,8.88,0,,,,,4,4.7,ok
TIC 191547213,11.7361,43.6448,8.88,0,,,,,1,1.5,ok
TIC 424731850,255.3249,60.117,8.88,0,,,,,16,11.7,ok
TIC 44670936,22.5216,32.588,8.88,0,,,,,1,1.6,ok
TIC 467358452,335.5052,75.5371,8.88,0,,,,,6,7.1,ok
TIC 434219723,10.6255,20.0624,8.88,0,,,,,2,2.7,ok
TIC 291734880,358.9498,37.7031,8.88,0,,,,,1,1.5,ok
TIC 352442300,351.8909,39.2841,8.88,0,,,,,2,2.7,ok
TIC 85343106,28.9423,32.4243,8.88,0,,,,,1,1.6,ok
TIC 186534475,21.3738,41.9116,8.88,0,,,,,1,1.5,ok
TIC 256641367,327.9266,70.7921,8.88,0,,,,,9,10.0,ok
TIC 188694197,260.5103,53.8506,8.88,0,,,,,5,6.2,ok
TIC 417663779,348.3288,74.6438,8.88,0,,,,,4,4.8,ok
TIC 229710351,278.2893,69.4829,8.88,0,,,,,11,12.8,ok
TIC 174302697,352.1787,47.3495,8.88,0,,,,,4,5.3,ok
TIC 331804109,6.5919,36.1833,8.88,0,,,,,3,4.0,ok
TIC 341815080,267.4569,54.6733,8.88,0,,,,,16,12.4,ok
TIC 198187775,246.154,61.0633,8.88,0,,,,,31,12.5,ok
TIC 16957083,19.5668,28.201,8.88,0,,,,,1,1.5,ok
TIC 194410298,3.4918,39.7672,8.88,0,,,,,1,1.6,ok
TIC 377251897,286.2041,57.2457,8.88,0,,,,,20,11.8,ok
TIC 198186714,245.8281,63.1501,8.88,0,,,,,16,12.2,ok
TIC 423025131,263.4513,58.7793,8.88,0,,,,,40,13.0,ok
TIC 353934026,271.8374,54.131,8.88,0,,,,,10,11.9,ok
TIC 198536950,237.1695,64.0987,8.88,0,,,,,17,12.1,ok
TIC 189541673,23.8764,37.9164,8.88,0,,,,,2,2.9,ok
TIC 237016001,306.4638,62.8598,8.88,0,,,,,4,5.1,ok
TIC 353808427,270.2079,55.4483,8.88,0,,,,,40,11.6,ok
TIC 83227928,2.7129,62.322,8.88,0,,,,,1,1.7,ok
TIC 400023154,21.0933,24.9451,8.88,0,,,,,1,1.6,ok
TIC 115867419,11.9616,39.5703,8.88,0,,,,,2,2.7,ok
TIC 259166108,292.0784,69.7187,8.88,0,,,,,11,11.7,ok
TIC 219104063,270.7279,69.6546,8.88,0,,,,,39,11.9,ok
TIC 28675608,26.5022,36.3381,8.88,0,,,,,3,3.7,ok
TIC 199682037,252.4178,58.2693,8.88,0,,171.8,rejete,variabilite_continue;eclipse_secondaire,27,16.0,ok
TIC 194356599,2.7162,40.5775,8.88,0,,,,,1,1.5,ok
TIC 407539214,325.95,64.638,8.88,0,,,,,10,11.2,ok
TIC 272747359,236.0735,71.8885,8.88,0,,,,,28,11.5,ok
TIC 330844462,334.1444,58.3243,8.88,0,,,,,3,4.0,ok
TIC 243353504,290.3148,57.6826,8.89,0,,,,,9,10.9,ok
TIC 381319909,22.4727,21.5349,8.89,0,,,,,1,1.7,ok
TIC 230119673,249.7844,65.9227,8.89,0,,,,,27,12.1,ok
TIC 319716652,6.696,57.2815,8.89,0,,,,,8,8.7,ok
TIC 366636320,332.8827,75.0384,8.89,0,,,,,5,5.9,ok
TIC 398913169,18.5238,20.5787,8.89,0,,,,,1,1.6,ok
TIC 306117648,4.3697,25.2396,8.89,0,,,,,3,3.8,ok
TIC 154650388,343.6666,47.566,8.89,0,,,,,1,1.5,ok
TIC 416815016,359.3995,58.6321,8.89,0,,,,,8,9.5,ok
TIC 345697514,356.325,55.2027,8.89,0,,,,,3,3.8,ok
TIC 229674699,252.9917,73.3082,8.89,0,,,,,6,7.3,ok
TIC 372216493,331.0859,69.055,8.89,0,,,,,2,2.6,ok
TIC 255802749,14.4873,60.1041,8.89,0,,,,,4,5.0,ok
TIC 434209117,9.7599,20.8068,8.89,0,,,,,1,1.4,ok
TIC 1400770435,264.9615,56.079,8.89,0,,,,,12,12.7,ok
TIC 13825530,11.8888,29.5227,8.89,0,,,,,1,1.5,ok
TIC 173424364,347.4848,42.858,8.89,0,,,,,4,4.8,ok
TIC 233157471,274.8923,62.7902,8.89,0,,,,,40,11.9,ok
TIC 240682712,9.563,52.3313,8.89,0,,,,,3,3.9,ok
TIC 364074479,306.1224,76.6507,8.89,0,,,,,12,11.8,ok
TIC 118244387,30.7845,26.0859,8.89,0,,,,,1,1.6,ok
TIC 233349206,301.3299,58.3899,8.89,0,,,,,4,4.8,ok
TIC 173928582,350.6794,42.5957,8.89,0,,,,,4,4.8,ok
TIC 174091712,351.1942,44.2924,8.89,0,,,,,1,1.6,ok
TIC 236758071,272.5851,69.8271,8.89,0,,,,,23,11.2,ok
TIC 354532520,1.7539,32.8697,8.89,0,,,,,2,2.8,ok
TIC 299326779,15.3188,49.1751,8.89,0,,,,,1,1.6,ok
TIC 467257971,307.8613,63.3045,8.89,0,,,,,5,6.0,ok
TIC 258701859,285.9386,70.6042,8.89,0,,,,,12,11.7,ok
TIC 229963053,289.582,65.355,8.89,0,,,,,11,11.2,ok
TIC 373059236,0.5053,72.3849,8.9,0,,,,,2,2.6,ok
TIC 198383789,257.7081,58.5047,8.9,0,,,,,27,11.2,ok
TIC 381344208,22.966,20.3749,8.9,0,,,,,3,3.6,ok
TIC 174272192,352.2452,44.8959,8.9,0,,,,,2,2.6,ok
TIC 414960351,15.6554,17.0977,8.9,0,,,,,3,3.6,ok
TIC 80436640,8.6067,24.1791,8.9,0,,,,,3,3.8,ok
TIC 323009763,319.1052,73.4995,8.9,0,,,,,7,8.3,ok
TIC 191547862,11.7252,42.7312,8.9,0,,,,,1,1.6,ok
TIC 229473905,295.2315,61.9233,8.9,0,,49.6,rejete,variabilite_continue;eclipse_secondaire,12,15.2,ok
TIC 240729964,10.6663,49.581,8.9,0,,,,,1,1.7,ok
TIC 53758113,13.321,33.032,8.9,0,,,,,1,1.5,ok
TIC 440637408,6.6764,27.0234,8.9,0,,,,,1,1.5,ok
TIC 219788712,264.5331,62.413,8.9,0,,,,,29,11.4,ok
TIC 301946105,18.6684,33.0013,8.9,0,,,,,1,1.6,ok
TIC 219790151,264.665,61.238,8.9,0,,,,,41,12.1,ok
TIC 272749171,236.6634,68.4999,8.9,0,,,,,9,10.2,ok
TIC 237209883,293.9814,77.1914,8.9,0,,,,,20,11.0,ok
TIC 329153513,268.2669,77.3841,8.9,0,,41.7,rejete,variabilite_continue;eclipse_secondaire;compagnon_trop_gros_3.1Rjup,26,15.4,ok
TIC 269596341,300.7106,68.3275,8.9,0,,,,,25,11.8,ok
TIC 233502697,250.8481,74.3751,8.9,0,,,,,25,11.8,ok
TIC 367610911,348.7627,43.3329,8.9,0,,,,,2,2.5,ok
TIC 126998086,23.1979,21.3826,8.9,0,,,,,1,1.5,ok
TIC 329074395,319.3894,60.1004,8.9,0,,,,,4,5.0,ok
TIC 256869577,301.8194,60.2908,8.9,0,,,,,5,5.7,ok
TIC 177263410,357.5136,47.5881,8.9,0,,,,,1,2.2,ok
TIC 418222097,322.7131,76.3725,8.9,0,,,,,9,10.3,ok
TIC 233537201,280.994,65.8388,8.9,0,,,,,37,11.5,ok
TIC 241000346,19.8291,52.9106,8.91,0,,,,,2,2.8,ok
TIC 428957404,345.1962,74.8865,8.91,0,,,,,5,6.3,ok
TIC 276653337,308.6289,57.7281,8.91,0,,,,,3,3.7,ok
TIC 160618494,246.3483,74.9277,8.91,0,,118.5,a_verifier,,42,16.5,ok
TIC 352691346,356.3663,36.8333,8.91,0,,,,,1,1.6,ok
TIC 267565870,8.6884,32.7211,8.91,0,,,,,2,2.3,ok
TIC 467269731,308.8461,64.9724,8.91,0,,,,,5,6.3,ok
TIC 267688052,9.756,30.6164,8.91,0,,,,,2,2.6,ok
TIC 233659263,259.9205,62.6193,8.91,0,,,,,12,11.8,ok
TIC 242841466,8.9036,19.0849,8.91,0,,,,,1,1.6,ok
TIC 455896112,339.8061,64.8596,8.91,0,,,,,5,5.6,ok
TIC 275690559,286.7064,61.0975,8.91,0,,,,,41,11.3,ok
TIC 343266000,309.6087,61.7149,8.91,0,,,,,4,4.8,ok
TIC 341816845,267.5315,57.1729,8.91,0,,,,,16,12.8,ok
TIC 229438910,293.49,60.2764,8.91,0,,,,,10,12.1,ok
TIC 331552032,329.9562,70.866,8.91,0,,,,,8,9.8,ok
TIC 61288813,23.3468,30.948,8.91,0,,,,,1,1.5,ok
TIC 229642734,279.5296,76.7305,8.91,0,,,,,11,11.9,ok
TIC 445419427,14.9425,55.5891,8.91,0,,,,,2,2.9,ok
TIC 238305529,5.7585,23.7988,8.91,0,,,,,1,1.8,ok
TIC 332478347,265.5804,56.3813,8.91,0,,,,,14,11.9,ok
TIC 402655800,302.5048,66.9534,8.91,0,,,,,28,11.4,ok
TIC 411636733,21.3337,23.1175,8.91,0,,,,,1,1.9,ok
TIC 196504245,15.9222,44.0664,8.91,0,,,,,1,1.4,ok
TIC 199523610,240.0778,63.7554,8.91,0,,,,,9,11.2,ok
TIC 198456933,261.8367,58.2144,8.91,0,,,,,42,12.6,ok
TIC 444524347,14.6117,60.8906,8.91,0,,,,,1,1.5,ok
TIC 236768228,273.9161,67.8921,8.91,0,,,,,32,11.7,ok
TIC 233096300,273.1021,65.9856,8.91,0,,,,,10,11.8,ok
TIC 381319459,22.4664,23.1584,8.91,0,,,,,3,3.7,ok
TIC 199710818,253.7124,56.7321,8.91,0,,,,,10,12.0,ok
TIC 229447727,293.9916,60.3167,8.91,0,,,,,10,11.7,ok
TIC 240784058,11.7872,52.5143,8.91,0,,,,,2,2.6,ok
TIC 390019439,277.4065,55.1495,8.91,0,,,,,21,12.6,ok
TIC 428380374,5.4595,64.5951,8.91,0,,,,,6,8.1,ok
TIC 357036318,274.3117,59.0001,8.91,0,,,,,25,12.4,ok
TIC 177245718,357.0576,47.0822,8.92,0,,,,,1,1.5,ok
TIC 177024202,355.7082,46.857,8.92,0,,,,,1,1.5,ok
TIC 441724119,255.9035,76.7269,8.92,0,,,,,13,11.6,ok
TIC 85343559,28.9301,31.296,8.92,0,,,,,1,1.5,ok
TIC 26854349,26.4481,24.8406,8.92,0,,,,,1,1.5,ok
TIC 264392781,296.3231,71.3056,8.92,0,,,,,12,11.6,ok
TIC 275633531,294.033,57.5236,8.92,0,,,,,11,11.9,ok
TIC 91329576,28.3887,19.4657,8.92,0,,,,,1,1.6,ok
TIC 236901571,303.8059,65.9103,8.92,0,,,,,9,10.5,ok
TIC 196291394,14.331,47.9031,8.92,0,,,,,1,1.5,ok
TIC 435855067,11.4751,23.8542,8.92,0,,,,,1,1.7,ok
TIC 317646605,352.1585,74.8937,8.92,0,,,,,4,5.1,ok
TIC 233045126,268.4835,64.6526,8.92,0,,,,,23,12.2,ok
TIC 233631886,284.8823,63.7003,8.92,0,,,,,13,12.1,ok
TIC 18225976,22.9233,25.3573,8.92,0,,,,,3,4.2,ok
TIC 118268215,30.9943,23.9346,8.92,0,,,,,1,1.6,ok
TIC 258514241,305.6141,70.0624,8.92,0,,,,,1,1.6,ok
TIC 219804674,266.1216,64.6088,8.92,0,,,,,11,11.8,ok
TIC 186302154,17.6913,41.46,8.92,0,,,,,2,3.1,ok
TIC 229958602,289.0072,59.9761,8.92,0,,,,,32,12.3,ok
TIC 263971336,289.1078,79.5142,8.92,0,,,,,25,11.7,ok
TIC 13936715,13.3491,28.0699,8.92,0,,,,,1,1.7,ok
TIC 230091697,248.0332,69.4797,8.92,0,,,,,25,11.9,ok
TIC 387702256,314.3633,70.4385,8.92,0,,,,,2,2.7,ok
TIC 357050334,274.8965,58.5718,8.92,0,,,,,19,11.8,ok
TIC 357528236,19.2583,20.7665,8.92,0,,,,,1,1.5,ok
TIC 600070955,13.7809,28.1686,8.92,0,,,,,1,1.5,ok
TIC 440164215,5.8576,46.179,8.92,0,,,,,3,4.1,ok
TIC 259099556,291.1487,67.528,8.92,0,,,,,37,12.0,ok
TIC 265350216,358.6407,72.9781,8.92,0,,,,,4,5.2,ok
TIC 237282037,300.0184,77.8361,8.92,0,,,,,7,8.6,ok
TIC 240762265,11.3391,52.0987,8.93,0,,,,,1,1.6,ok
TIC 237013972,306.4223,64.7977,8.93,0,,,,,5,6.1,ok
TIC 258828773,287.1786,66.2826,8.93,0,,,,,16,12.5,ok
TIC 219852964,256.6356,69.1099,8.93,0,,,,,18,12.1,ok
TIC 57986137,5.2829,35.6481,8.93,0,,,,,1,1.5,ok
TIC 258750668,10.1274,16.2823,8.93,0,,,,,1,1.6,ok
TIC 233087027,272.2126,62.467,8.93,0,,,,,24,12.7,ok
TIC 196676793,17.3469,44.8947,8.93,0,,,,,1,1.6,ok
TIC 177567416,359.4972,47.1905,8.93,0,,,,,1,2.4,ok
TIC 283424423,12.6536,38.1976,8.93,0,,,,,1,1.6,ok
TIC 399516112,21.5358,16.157,8.93,0,,,,,4,5.0,ok
TIC 371817393,344.4617,54.9957,8.93,0,,,,,4,5.0,ok
TIC 276987626,309.7277,59.0069,8.93,0,,,,,3,3.7,ok
TIC 18278783,23.4824,25.2183,8.93,0,,,,,1,1.6,ok
TIC 387450316,311.3518,70.0073,8.93,0,,,,,9,10.7,ok
TIC 243337272,290.1484,58.09,8.93,0,,,,,10,11.8,ok
TIC 229914354,287.5696,63.3919,8.93,0,,,,,26,11.7,ok
TIC 198407490,258.7804,58.0857,8.93,0,,,,,35,11.4,ok
TIC 176678163,353.6868,46.0884,8.93,0,,,,,2,2.8,ok
TIC 160552226,242.2968,74.5538,8.93,0,,,,,3,3.6,ok
TIC 440170146,5.8676,43.2547,8.93,0,,,,,1,1.5,ok
TIC 357595904,270.0964,57.4181,8.93,0,,,,,40,12.0,ok
TIC 267861770,312.299,59.7185,8.93,0,,,,,10,12.2,ok
TIC 267869011,11.1959,33.281,8.93,0,,,,,1,1.6,ok
TIC 336767595,13.9128,17.0887,8.93,0,,,,,1,1.6,ok
TIC 230067474,242.4841,68.5069,8.93,0,,,,,11,11.1,ok
TIC 229743674,279.7873,67.5072,8.93,0,,,,,24,11.7,ok
TIC 173799317,349.9165,47.4036,8.93,0,,,,,2,2.6,ok
TIC 230132989,252.5,67.2527,8.93,0,,,,,40,11.5,ok
TIC 198555587,237.9225,65.357,8.93,0,,,,,10,11.4,ok
TIC 435864514,12.2412,22.8441,8.93,0,,,,,1,1.5,ok
TIC 396231771,359.442,65.9816,8.93,0,,,,,3,3.6,ok
TIC 219755266,261.6153,61.4184,8.93,0,,,,,12,11.4,ok
TIC 432758203,14.2884,36.8488,8.93,0,,,,,3,4.0,ok
TIC 198213063,248.5916,60.7303,8.94,0,,,,,16,11.3,ok
TIC 611369751,15.0975,18.0508,8.94,0,,,,,1,3.6,ok
TIC 236770905,274.1041,70.3842,8.94,0,,,,,11,12.0,ok
TIC 431411564,348.9661,52.9605,8.94,0,,,,,2,2.6,ok
TIC 115718577,9.1336,37.4044,8.94,0,,,,,1,1.5,ok
TIC 422884299,16.5951,39.4254,8.94,0,,,,,3,3.8,ok
TIC 455760675,357.6861,36.6343,8.94,0,,,,,3,3.5,ok
TIC 177249377,357.1821,43.2902,8.94,0,,,,,1,1.5,ok
TIC 366591783,332.505,76.0531,8.94,0,,,,,5,6.0,ok
TIC 439961238,1.747,43.8192,8.94,0,,,,,1,1.4,ok
TIC 118183742,30.4007,24.0894,8.94,0,,,,,1,1.5,ok
TIC 44454210,6.8968,31.3176,8.94,0,,,,,1,1.6,ok
TIC 258779080,14.7545,16.9072,8.94,0,,,,,2,2.5,ok
TIC 115514831,7.5374,36.9088,8.94,0,,,,,1,1.4,ok
TIC 186510482,20.5949,37.3132,8.94,0,,,,,1,1.5,ok
TIC 219101602,270.1504,68.5572,8.94,0,,,,,12,11.5,ok
TIC 235684649,288.1136,77.0749,8.94,0,,,,,24,11.3,ok
TIC 198478755,262.3237,59.8458,8.94,0,,,,,43,12.8,ok
TIC 271529113,354.5845,64.334,8.94,0,,,,,9,10.9,ok
TIC 288241868,258.2478,78.3126,8.94,0,,,,,2,2.7,ok
TIC 362222875,286.4777,80.2349,8.94,0,,,,,8,10.6,ok
TIC 13998021,14.0643,24.2919,8.94,0,,,,,3,4.0,ok
TIC 219855821,257.2262,67.5276,8.94,0,,,,,16,11.5,ok
TIC 306179078,29.9437,23.4117,8.94,0,,,,,1,1.6,ok
TIC 235945141,296.4633,77.9582,8.94,0,,,,,12,10.8,ok
TIC 408254278,17.7034,15.4131,8.94,0,,,,,1,1.4,ok
TIC 198205953,247.0494,60.6802,8.94,0,,,,,38,11.6,ok
TIC 16958630,19.7573,25.0145,8.94,0,,,,,3,4.1,ok
TIC 240729675,10.5943,49.3391,8.94,0,,,,,4,4.6,ok
TIC 427319198,343.9679,70.899,8.94,0,,,,,3,3.7,ok
TIC 301871079,31.4202,23.9287,8.94,0,,,,,1,1.6,ok
TIC 249775033,339.5384,50.1062,8.94,0,,,,,1,1.4,ok
TIC 199523459,240.0249,63.1436,8.94,0,,,,,19,11.4,ok
TIC 233495734,248.892,74.1644,8.95,0,,,,,16,12.1,ok
TIC 118245698,30.6905,24.0392,8.95,0,,,,,1,1.4,ok
TIC 240814682,15.4986,48.9886,8.95,0,,,,,1,1.4,ok
TIC 305796696,317.9652,64.1125,8.95,0,,,,,4,4.6,ok
TIC 219822384,268.0721,64.2376,8.95,0,,,,,34,11.4,ok
TIC 26368240,354.2901,48.6704,8.95,0,,,,,1,1.9,ok
TIC 271154428,354.0917,61.4597,8.95,0,,,,,3,3.7,ok
TIC 229506873,297.1217,62.0956,8.95,0,,,,,10,11.9,ok
TIC 317839169,353.7565,72.788,8.95,0,,43.2,a_verifier,,7,11.1,ok
TIC 13961510,13.7405,24.8829,8.95,0,,,,,?,0.4,erreur
TIC 14006462,14.3536,24.9611,8.95,0,,,,,1,1.5,ok
TIC 306341696,31.6077,20.5524,8.95,0,,,,,3,3.7,ok
TIC 264908574,344.3319,76.97,8.95,0,,,,,5,6.4,ok
TIC 264176979,317.5614,78.5659,8.95,0,,,,,3,3.9,ok
TIC 233199852,264.8594,70.9839,8.95,0,,,,,16,11.8,ok
TIC 236971427,304.9408,64.3872,8.95,0,,,,,6,6.8,ok
TIC 22469068,2.3359,33.8962,8.95,0,,,,,1,1.5,ok
TIC 233725247,276.9799,61.5451,8.95,0,,,,,15,11.5,ok
TIC 243225548,17.4719,19.2429,8.95,0,,,,,6,7.0,ok
TIC 333804746,308.7681,72.1962,8.95,0,,,,,19,11.3,ok
TIC 366587623,332.3238,73.4154,8.95,0,,,,,6,7.2,ok
TIC 306215193,30.4775,20.1581,8.95,0,,,,,1,1.4,ok
TIC 456860753,20.7716,21.0886,8.95,0,,,,,5,5.6,ok
TIC 61471504,24.8604,33.1449,8.95,0,,,,,1,1.6,ok
TIC 394090105,284.5581,78.581,8.95,0,,,,,33,11.3,ok
TIC 186333512,17.7621,36.632,8.95,0,,,,,3,4.1,ok
TIC 435873451,12.722,21.7215,8.96,0,,,,,2,2.6,ok
TIC 287194283,292.6599,57.8145,8.96,0,,,,,7,8.3,ok
TIC 229596524,273.3491,74.5635,8.96,0,,,,,42,11.7,ok
TIC 415775240,10.3225,34.4211,8.96,0,,,,,2,3.5,ok
TIC 313564144,344.9103,54.2276,8.96,0,,,,,1,1.6,ok
TIC 440667680,7.6375,23.9492,8.96,0,,,,,1,1.5,ok
TIC 1981434196,316.1219,70.764,8.96,0,,,,,6,7.2,ok
TIC 186449172,19.2108,39.6385,8.96,0,,,,,1,1.4,ok
TIC 198412824,259.4364,57.9228,8.96,0,,,,,16,11.1,ok
TIC 186452098,19.4011,38.2329,8.96,0,,,,,1,1.5,ok
TIC 25536179,352.0812,49.753,8.96,0,,,,,1,1.5,ok
TIC 127502123,6.751,37.282,8.96,0,,,,,1,2.6,ok
TIC 202512847,6.5661,51.0648,8.96,0,,,,,1,2.3,ok
TIC 229711942,278.5549,70.2527,8.96,0,,,,,22,11.5,ok
TIC 381243604,18.9761,17.7229,8.96,0,,,,,1,1.6,ok
TIC 356108881,261.4332,57.8033,8.96,0,,,,,16,11.2,ok
TIC 314590438,307.1907,70.2691,8.96,0,,,,,8,9.2,ok
TIC 118189543,30.5116,26.2354,8.96,0,,,,,1,1.6,ok
TIC 367143296,340.5997,76.1313,8.96,0,,11.1,rejete,variabilite_continue;eclipse_secondaire,6,9.5,ok
TIC 229644709,280.0104,72.1126,8.96,0,,,,,15,11.0,ok
TIC 326148532,350.0885,72.6737,8.96,0,,,,,4,5.0,ok
TIC 177400775,358.2133,43.914,8.96,0,,,,,1,1.8,ok
TIC 177607829,359.6635,46.1419,8.96,0,,,,,1,2.2,ok
TIC 202790621,8.2758,52.6933,8.96,0,,,,,1,1.5,ok
TIC 259264943,293.2819,70.1119,8.96,0,,,,,31,11.3,ok
TIC 353937856,272.3282,59.751,8.96,0,,,,,15,11.5,ok
TIC 396234347,0.2234,35.7524,8.96,0,,,,,2,2.9,ok
TIC 252581489,345.5564,48.0216,8.97,0,,,,,1,2.9,ok
TIC 16918033,19.2094,26.0573,8.97,0,,,,,1,1.5,ok
TIC 364076089,306.3716,73.2315,8.97,0,,,,,5,5.9,ok
TIC 177508733,359.1649,47.6232,8.97,0,,,,,1,1.6,ok
TIC 238452982,21.7732,24.7767,8.97,0,,,,,3,3.8,ok
TIC 264006212,305.7557,78.1876,8.97,0,,,,,7,8.4,ok
TIC 127424080,5.8854,40.4291,8.97,0,,,,,1,1.6,ok
TIC 233502535,250.7804,73.6981,8.97,0,,,,,26,11.6,ok
TIC 198459038,261.9734,56.161,8.97,0,,,,,41,11.3,ok
TIC 154479074,343.0338,47.5685,8.97,0,,,,,2,2.5,ok
TIC 456857730,20.2121,19.6227,8.97,0,,,,,6,6.7,ok
TIC 252700499,347.1942,48.0422,8.97,0,,,,,2,3.1,ok
TIC 387696413,314.0313,66.9875,8.97,0,,,,,1,2.4,ok
TIC 61364264,23.822,30.6709,8.97,0,,,,,1,1.7,ok
TIC 198415649,259.6254,58.3588,8.97,0,,,,,16,11.6,ok
TIC 366676099,333.4035,72.0384,8.97,0,,,,,4,4.7,ok
TIC 377099704,285.1145,56.5252,8.97,1,1.4833,27.7,rejete,variabilite_continue;eclipse_secondaire,32,14.4,ok
TIC 387286423,309.7994,66.1284,8.97,0,,,,,3,4.0,ok
TIC 229747353,280.523,71.4337,8.97,0,,,,,40,11.6,ok
TIC 219755588,261.4967,60.4522,8.97,0,,,,,23,11.2,ok
TIC 362213004,270.8945,55.1825,8.97,0,,,,,12,12.0,ok
TIC 240969171,19.0527,49.6275,8.97,0,,,,,2,2.6,ok
TIC 356699716,254.3697,66.2221,8.97,0,,,,,16,11.8,ok
TIC 434340780,344.843,61.9731,8.97,0,,37.8,rejete,variabilite_continue;eclipse_secondaire,4,6.7,ok
TIC 366486547,299.0804,69.5622,8.97,0,,,,,4,4.6,ok
TIC 196676177,17.4288,44.1078,8.97,0,,,,,1,2.2,ok
TIC 236876439,302.9833,64.503,8.97,0,,,,,7,8.1,ok
TIC 28331347,29.286,28.7958,8.97,0,,,,,1,1.4,ok
TIC 375907625,336.447,70.1179,8.97,0,,,,,3,3.6,ok
TIC 376867702,276.3956,68.6765,8.97,0,,,,,23,11.3,ok
TIC 400023621,21.0646,26.719,8.98,0,,,,,1,1.5,ok
TIC 321667835,264.257,51.6837,8.98,0,,,,,15,10.9,ok
TIC 85278661,25.9266,31.3977,8.98,0,,,,,1,1.5,ok
TIC 233056745,269.5225,60.566,8.98,0,,,,,40,11.5,ok
TIC 341815767,267.5203,54.6361,8.98,0,,,,,30,10.6,ok
TIC 387447214,311.4343,66.5226,8.98,0,,,,,6,6.7,ok
TIC 229687624,262.9887,57.1784,8.98,0,,,,,42,11.7,ok
TIC 275634677,294.0322,58.8376,8.98,0,,,,,6,7.3,ok
TIC 230051462,292.1199,63.5872,8.98,0,,,,,16,11.0,ok
TIC 440657504,6.8832,27.8473,8.98,0,,,,,1,1.6,ok
TIC 198236492,248.779,60.9207,8.98,0,,,,,12,11.2,ok
TIC 26875797,355.9931,50.6336,8.98,0,,,,,2,2.5,ok
TIC 365052029,305.6707,58.8938,8.98,0,,,,,5,5.9,ok
TIC 165499205,265.1609,54.7661,8.98,0,,,,,31,11.4,ok
TIC 155008531,345.4456,44.4489,8.98,0,,,,,2,2.7,ok
TIC 189384104,22.0334,37.603,8.98,0,,,,,1,1.5,ok
TIC 333130256,11.643,14.3251,8.98,0,,,,,3,3.7,ok
TIC 384886117,16.7274,13.5899,8.98,0,,,,,3,3.4,ok
TIC 353988053,272.4205,55.0335,8.98,0,,,,,16,10.7,ok
TIC 434217106,10.4232,18.5884,8.98,0,,,,,3,3.8,ok
TIC 258354571,296.9311,66.5759,8.98,0,,,,,13,11.2,ok
TIC 28357803,29.8131,29.9664,8.98,0,,,,,1,1.5,ok
TIC 356820610,269.166,73.0379,8.98,0,,,,,12,11.9,ok
TIC 258389994,296.9558,71.2812,8.98,0,,,,,26,11.8,ok
TIC 383623314,270.6263,57.4844,8.98,0,,,,,22,11.6,ok
TIC 306342114,31.5599,22.1087,8.98,0,,,,,1,1.5,ok
TIC 173995374,350.6006,46.804,8.98,0,,,,,2,2.5,ok
TIC 288677359,281.099,79.7302,8.98,0,,,,,9,10.4,ok
TIC 436547456,13.8191,18.9374,8.98,0,,,,,1,1.5,ok
TIC 441715500,253.7315,72.6873,8.98,0,,,,,35,11.8,ok
TIC 318633667,349.6428,55.2197,8.98,0,,,,,2,2.5,ok
TIC 258874985,288.159,71.5465,8.98,0,,,,,24,11.2,ok
TIC 381481601,17.7072,31.8254,8.98,0,,,,,1,1.7,ok
TIC 219114035,272.0324,71.0772,8.99,0,,,,,5,6.1,ok
TIC 191665794,21.2355,43.0433,8.99,0,,,,,1,1.3,ok
TIC 366503571,331.0702,73.1799,8.99,0,,,,,11,11.6,ok
TIC 26836029,26.5357,27.9988,8.99,0,,,,,1,1.4,ok
TIC 245784719,9.9583,14.0077,8.99,0,,,,,1,1.5,ok
TIC 233206560,266.1349,67.2939,8.99,0,,,,,32,11.5,ok
TIC 219863247,258.3228,69.6509,8.99,0,,91.0,rejete,variabilite_continue;eclipse_secondaire,12,15.5,ok
TIC 198238666,249.2622,64.1276,8.99,0,,,,,16,12.0,ok
TIC 202134374,4.4046,51.0506,8.99,1,3.0235,20.2,rejete,variabilite_continue,2,3.6,ok
TIC 26777265,25.4693,26.1504,8.99,0,,,,,1,1.5,ok
TIC 252526247,344.6487,49.2958,8.99,0,,,,,6,6.6,ok
TIC 317597583,352.0167,75.5526,8.99,1,12.0559,21.3,rejete,variabilite_continue,11,15.3,ok
TIC 22659313,28.332,30.0431,8.99,0,,,,,1,1.7,ok
TIC 469498550,318.0203,56.7185,8.99,0,,,,,3,3.9,ok
TIC 230393390,286.4094,64.4537,8.99,0,,,,,12,15.2,ok
TIC 387902027,316.491,67.0858,8.99,0,,,,,4,4.6,ok
TIC 390018424,277.5893,56.8188,8.99,0,,,,,16,11.5,ok
TIC 202662400,7.5507,52.516,8.99,0,,,,,1,1.5,ok
TIC 291731076,358.8511,39.3598,8.99,0,,,,,1,1.5,ok
TIC 198180690,244.9401,63.9684,8.99,0,,,,,39,11.2,ok
TIC 428955968,345.1992,76.6098,8.99,0,,,,,5,5.9,ok
TIC 428040448,350.8007,45.0035,8.99,0,,,,,2,2.5,ok
TIC 259102772,291.3605,70.0569,8.99,0,,,,,12,11.3,ok
TIC 255920067,307.4426,69.6979,8.99,0,,,,,23,11.4,ok
TIC 312550817,13.3669,54.4683,8.99,0,,,,,2,2.6,ok
TIC 434214627,10.2851,19.254,8.99,0,,,,,1,1.5,ok
TIC 321823378,322.0553,66.2332,8.99,0,,,,,4,4.7,ok
TIC 387677961,313.7158,69.688,8.99,0,,,,,6,7.1,ok
TIC 256797831,301.2004,60.9116,8.99,0,,,,,6,7.0,ok
TIC 196889530,19.5849,44.2727,8.99,0,,,,,1,1.5,ok
TIC 125521097,355.094,36.3281,8.99,0,,,,,2,2.7,ok
TIC 125490540,354.9771,38.1031,8.99,0,,,,,2,2.7,ok
TIC 53792356,13.4606,32.1669,8.99,0,,,,,1,1.6,ok
TIC 88751495,25.9835,17.7139,8.99,0,,,,,2,2.6,ok
TIC 199666114,251.9183,59.9241,8.99,0,,,,,26,11.6,ok
TIC 230111644,248.3421,71.1043,9.0,0,,,,,12,11.9,ok
TIC 233372205,301.5069,59.7792,9.0,0,,,,,1,1.5,ok
TIC 283428748,12.8798,38.4731,9.0,0,,,,,1,1.5,ok
TIC 237117314,269.8604,55.6875,9.0,0,,,,,13,12.3,ok
TIC 434221752,10.9429,23.7114,9.0,0,,,,,1,1.7,ok
TIC 243151972,15.5524,23.7303,9.0,0,,,,,1,1.4,ok
TIC 352320281,15.2865,39.2865,9.0,0,,,,,1,1.6,ok
TIC 365594730,312.7982,65.7948,9.0,0,,,,,3,3.9,ok
TIC 16918130,19.1779,26.4487,9.0,0,,,,,1,1.6,ok
TIC 422451821,319.2194,71.5523,9.0,0,,,,,6,7.1,ok
TIC 264402512,323.1721,78.9171,9.0,0,,,,,2,2.6,ok
TIC 229645654,280.1345,74.3379,9.0,0,,,,,12,11.4,ok
TIC 186453266,19.401,40.2948,9.0,0,,,,,1,1.5,ok
TIC 319408188,350.6436,59.0997,9.0,0,,,,,3,3.9,ok
TIC 356890981,275.9683,66.0039,9.0,0,,,,,11,12.2,ok
TIC 441803667,265.6373,74.9274,9.0,0,,40.5,rejete,variabilite_continue;eclipse_secondaire,11,14.8,ok
TIC 191203116,8.7956,44.8386,9.0,0,,,,,1,2.4,ok
TIC 333733040,303.4764,72.4757,9.0,0,,,,,17,12.3,ok
TIC 186401899,18.8565,40.8212,9.0,0,,,,,1,1.7,ok
TIC 229974816,289.9265,60.8557,9.0,0,,,,,30,12.0,ok
TIC 414828529,14.4344,16.0502,9.0,0,,,,,1,1.6,ok
TIC 1981434198,316.1232,70.7646,9.0,0,,,,,14,12.2,ok
TIC 177401037,358.2937,44.2326,9.0,0,,,,,1,1.4,ok
TIC 437750311,5.2356,29.6847,9.0,0,,,,,1,1.6,ok
TIC 240798881,12.2373,51.7863,9.0,0,,,,,1,1.6,ok
TIC 186454947,19.5684,40.7727,9.0,0,,,,,2,2.7,ok
TIC 219869988,259.5185,68.1266,9.0,0,,,,,24,11.8,ok
TIC 469376249,306.9401,57.272,9.0,0,,,,,3,3.8,ok
TIC 440116063,4.8402,47.3575,9.0,0,,,,,1,1.6,ok
TIC 352180680,4.209,38.2203,9.0,0,,,,,2,2.5,ok
TIC 354479874,358.0536,40.0893,9.0,0,,,,,1,1.6,ok
TIC 336296266,334.2036,65.8141,9.0,0,,,,,4,5.1,ok
TIC 397585508,10.9979,16.6757,9.0,0,,,,,1,1.6,ok
TIC 467296168,309.1337,60.4062,9.0,0,,,,,4,4.7,ok
TIC 316491803,266.1239,53.0113,9.0,0,,,,,19,11.7,ok
TIC 387286693,309.7572,66.4163,9.0,0,,,,,6,7.3,ok
TIC 233200532,265.3588,70.4648,9.01,0,,,,,24,11.6,ok
TIC 189383564,21.9773,38.6815,9.01,0,,,,,1,1.4,ok
TIC 456858308,20.3641,18.3083,9.01,0,,,,,1,1.5,ok
TIC 268105488,312.8505,57.062,9.01,0,,,,,10,12.4,ok
TIC 230069843,243.0377,69.4507,9.01,0,,,,,43,11.5,ok
TIC 366554138,331.7134,76.4369,9.01,0,,,,,5,6.1,ok
TIC 13827490,11.9585,25.0855,9.01,0,,,,,2,2.7,ok
TIC 394130000,288.975,73.8988,9.01,0,,,,,16,11.7,ok
TIC 456866895,21.5103,22.5914,9.01,0,,,,,1,1.6,ok
TIC 189525808,23.403,36.8687,9.01,0,,,,,2,2.4,ok
TIC 267569347,9.083,30.5963,9.01,0,,,,,1,1.5,ok
TIC 233051318,268.9105,60.684,9.01,0,,,,,15,11.8,ok
TIC 411527411,6.5029,23.767,9.01,0,,,,,1,1.6,ok
TIC 269665234,301.3841,66.4615,9.01,0,,,,,9,10.6,ok
TIC 186294140,17.3579,38.4721,9.01,0,,,,,1,1.6,ok
TIC 18252730,23.2742,26.8417,9.01,0,,,,,1,1.5,ok
TIC 24794040,350.0979,48.3335,9.01,0,,,,,2,2.6,ok
TIC 243318227,289.7697,57.1181,9.01,0,,,,,8,9.4,ok
TIC 189433331,22.7531,40.9073,9.01,0,,,,,1,1.6,ok
TIC 84015723,1.4345,32.7824,9.01,0,,,,,1,1.4,ok
TIC 313508355,347.7609,46.8099,9.01,0,,,,,2,2.5,ok
TIC 392536805,280.3199,58.0638,9.01,0,,,,,43,12.1,ok
TIC 436556421,14.6105,21.1012,9.01,0,,,,,1,1.5,ok
TIC 365962806,3.6949,30.2797,9.01,0,,,,,2,2.8,ok
TIC 276654317,308.5852,58.3196,9.01,0,,,,,3,4.0,ok
TIC 113676707,25.4307,18.2568,9.01,0,,,,,3,3.8,ok
TIC 256458460,298.8768,65.8317,9.01,0,,36.0,rejete,variabilite_continue,27,18.4,ok
TIC 160618495,246.2113,74.9353,9.01,0,,,,,16,12.5,ok
TIC 198236323,248.6289,61.5589,9.01,0,,,,,16,12.3,ok
TIC 256584162,327.5851,70.2211,9.01,0,,,,,3,4.0,ok
TIC 236904752,303.9692,62.7372,9.01,0,,,,,1,1.6,ok
TIC 378356608,358.0501,60.2497,9.01,0,,,,,3,3.6,ok
TIC 427446140,344.7619,71.0222,9.01,0,,,,,4,4.9,ok
TIC 198384993,257.6844,55.0102,9.01,0,,,,,1,1.4,ok
TIC 423928109,308.4533,68.3154,9.01,0,,,,,9,11.4,ok
TIC 417703706,348.6674,74.803,9.02,0,,,,,11,11.6,ok
TIC 199524145,240.2678,65.5148,9.02,0,,,,,15,11.6,ok
TIC 372256881,331.0607,71.5676,9.02,0,,,,,4,5.2,ok
TIC 280163572,298.6045,68.5243,9.02,0,,,,,18,12.0,ok
TIC 399516048,21.4704,15.8153,9.02,0,,,,,3,3.4,ok
TIC 387447846,311.5769,67.1812,9.02,0,,,,,11,11.5,ok
TIC 269700406,301.826,67.9862,9.02,0,,,,,11,11.2,ok
TIC 198177208,244.1709,64.8866,9.02,0,,,,,12,11.2,ok
TIC 333319609,353.397,38.4713,9.02,0,,,,,1,1.5,ok
TIC 198211758,248.1882,64.6978,9.02,0,,,,,12,11.4,ok
TIC 58798503,9.5859,16.1331,9.02,0,,,,,6,6.6,ok
TIC 229464446,294.9701,65.0137,9.02,0,,,,,31,11.9,ok
TIC 233312991,300.9886,59.1759,9.02,0,,,,,4,4.6,ok
TIC 306425196,32.7641,19.863,9.02,0,,,,,1,1.5,ok
TIC 306401191,32.3824,20.9126,9.02,0,,,,,5,5.8,ok
TIC 196738135,17.7443,46.8913,9.02,0,,,,,3,3.6,ok
TIC 229455001,294.2911,60.8813,9.02,1,11.1712,12.5,rejete,variabilite_continue,38,15.1,ok
TIC 329992556,333.3016,57.3133,9.02,0,,,,,1,1.7,ok
TIC 230378747,285.3239,61.7393,9.02,0,,,,,24,11.5,ok
TIC 230064470,230.4407,66.0572,9.02,0,,,,,6,6.6,ok
TIC 258353762,296.6018,66.3106,9.02,0,,,,,11,11.1,ok
TIC 337099550,335.6686,61.7666,9.02,0,,,,,8,9.4,ok
TIC 312545623,12.8907,58.3043,9.02,0,,,,,4,4.8,ok
TIC 174436570,16.7618,30.2337,9.02,0,,,,,1,1.5,ok
TIC 414827136,13.7829,13.5492,9.02,0,,,,,1,1.7,ok
TIC 230386436,285.8222,64.2781,9.02,0,,,,,26,11.1,ok
TIC 229751802,280.8019,69.9322,9.02,0,,80.6,rejete,variabilite_continue;eclipse_secondaire;compagnon_trop_gros_3.9Rjup,40,16.1,ok
TIC 230386284,285.8229,63.9934,9.02,0,,,,,38,12.0,ok
TIC 327397900,25.0401,42.737,9.02,0,,,,,4,4.9,ok
TIC 229591231,272.1953,77.2523,9.03,0,,,,,12,11.4,ok
TIC 233720590,276.4579,63.5772,9.03,0,,,,,38,11.3,ok
TIC 404113676,322.9444,65.4853,9.03,0,,,,,11,11.0,ok
TIC 357099320,275.0042,55.7476,9.03,0,,,,,19,12.8,ok
TIC 305680639,316.0088,62.5527,9.03,0,,,,,3,3.7,ok
TIC 13999427,14.145,28.0793,9.03,0,,,,,1,1.6,ok
TIC 58826224,13.113,17.663,9.03,0,,,,,1,1.6,ok
TIC 415165528,337.2365,56.6032,9.03,0,,,,,6,7.6,ok
TIC 236785122,283.1785,58.7034,9.03,0,,13.4,rejete,variabilite_continue;eclipse_secondaire,24,18.6,ok
TIC 432840584,14.4131,38.1289,9.03,0,,,,,3,3.6,ok
TIC 367005335,338.4146,77.3752,9.03,0,,,,,5,5.7,ok
TIC 417768641,356.5351,73.5758,9.03,0,,,,,4,5.2,ok
TIC 470846310,359.8124,60.0225,9.03,0,,,,,7,8.1,ok
TIC 432552383,0.3208,38.2296,9.03,0,,,,,1,1.6,ok
TIC 240681562,9.5321,51.4582,9.03,0,,,,,1,1.5,ok
TIC 240777343,11.597,50.0762,9.03,0,,,,,1,1.7,ok
TIC 441742021,260.0143,73.9396,9.03,0,,,,,26,11.2,ok
TIC 441804674,266.0454,72.0509,9.03,0,,,,,38,11.4,ok
TIC 441796724,263.7542,73.7406,9.03,0,,,,,22,11.3,ok
TIC 376230572,338.1806,70.9117,9.03,0,,,,,4,5.0,ok
TIC 267653762,9.5458,33.9555,9.03,0,,,,,1,1.7,ok
TIC 268126564,11.3418,16.9839,9.03,0,,,,,1,1.4,ok
TIC 431373652,348.6713,48.9858,9.03,0,,,,,1,1.7,ok
TIC 18123277,21.4559,26.1857,9.03,0,,,,,1,1.4,ok
TIC 242798771,8.7846,18.1977,9.03,0,,,,,1,1.5,ok
TIC 321668215,264.1627,52.5752,9.03,0,,25.3,rejete,variabilite_continue;eclipse_secondaire,7,10.4,ok
TIC 219105073,271.0359,71.1308,9.03,0,,,,,26,12.0,ok
TIC 400408178,294.5169,64.4883,9.04,0,,,,,13,12.5,ok
TIC 397561986,10.2498,13.5174,9.04,0,,,,,1,1.6,ok
TIC 440064448,3.8024,46.794,9.04,0,,,,,1,1.5,ok
TIC 186457775,20.0173,36.6288,9.04,0,,,,,1,1.7,ok
TIC 353993248,272.8095,55.6107,9.04,0,,,,,18,11.3,ok
TIC 160551471,242.0897,72.1021,9.04,0,,,,,16,11.7,ok
TIC 284900628,260.8877,56.4049,9.04,0,,,,,35,11.6,ok
TIC 389968119,277.3832,55.3827,9.04,0,,,,,16,12.2,ok
TIC 418224413,322.9092,73.0676,9.04,0,,,,,4,4.8,ok
TIC 127019717,23.6463,18.7727,9.04,0,,,,,1,1.5,ok
TIC 236775984,282.7273,57.2267,9.04,0,,,,,6,7.1,ok
TIC 126997070,23.0949,22.1666,9.04,0,,,,,1,1.4,ok
TIC 316469199,323.9835,65.6502,9.04,0,,,,,3,3.5,ok
TIC 470076624,359.4105,48.395,9.04,0,,,,,1,1.5,ok
TIC 381272570,22.1257,20.7257,9.04,0,,,,,5,5.6,ok
TIC 191141947,8.0373,43.7116,9.04,0,,,,,1,1.6,ok
TIC 272669772,233.6618,67.9884,9.04,0,,,,,8,11.6,ok
TIC 115545804,7.6789,40.5312,9.04,0,,,,,1,2.8,ok
TIC 299325992,15.2588,48.4928,9.04,0,,,,,1,2.0,ok
TIC 115480178,7.4181,36.0749,9.04,0,,,,,1,1.6,ok
TIC 272784133,238.6957,70.6352,9.04,0,,,,,23,11.7,ok
TIC 190992166,6.9507,46.5549,9.04,0,,,,,1,1.7,ok
TIC 190971460,6.8072,46.6308,9.04,0,,,,,1,1.6,ok
TIC 229586495,271.3692,75.2771,9.04,0,,,,,32,12.3,ok
TIC 233207883,266.0619,71.1988,9.04,0,,,,,22,13.3,ok
TIC 387262636,313.3105,79.4654,9.04,0,,,,,9,11.1,ok
TIC 238629201,12.9005,43.0203,9.04,0,,,,,1,1.5,ok
TIC 327012161,23.4164,44.6261,9.04,0,,,,,2,2.6,ok
TIC 233689439,275.4461,63.9547,9.04,0,,,,,22,12.8,ok
TIC 258547172,305.6527,67.0471,9.04,0,,,,,7,8.3,ok
TIC 455995641,340.1156,60.8961,9.04,0,,,,,5,8.1,ok
TIC 176676302,353.6491,44.003,9.04,0,,,,,2,2.5,ok
TIC 196480825,15.8109,45.9423,9.04,0,,,,,1,1.5,ok
TIC 306348432,31.8751,19.6814,9.04,0,,,,,1,1.8,ok
TIC 302189840,8.94,17.5082,9.04,0,,,,,1,1.8,ok
TIC 176549531,353.0751,41.9344,9.04,0,,,,,2,2.8,ok
TIC 165501560,265.8101,58.8749,9.04,0,,,,,12,12.3,ok
TIC 439942975,1.0744,42.5877,9.04,0,,,,,1,1.6,ok
TIC 26857775,26.7842,24.3775,9.04,0,,,,,1,1.8,ok
TIC 259266354,293.3276,67.775,9.04,0,,,,,38,13.2,ok
TIC 417610762,317.0989,76.2097,9.05,0,,,,,6,13.1,ok
TIC 275691083,286.9153,60.2966,9.05,0,,,,,27,16.5,ok
TIC 441800685,264.7384,72.9741,9.05,0,,,,,11,20.6,ok
TIC 233008974,248.0308,72.5005,9.05,0,,,,,6,11.9,ok
TIC 322266988,325.8903,68.636,9.05,0,,,,,11,14.2,ok
TIC 174199746,351.9547,46.831,9.05,0,,,,,2,5.5,ok
TIC 306215225,30.4969,19.9988,9.05,0,,,,,4,7.9,ok
TIC 198407396,258.6354,57.7591,9.05,0,,,,,12,15.5,ok
TIC 331069412,334.1835,55.4771,9.05,0,,,,,7,11.9,ok
TIC 356199238,266.8953,53.6137,9.05,0,,,,,8,10.9,ok
TIC 191466237,10.95,42.2821,9.05,0,,,,,1,2.7,ok
TIC 366578919,304.6166,73.6191,9.05,0,,,,,10,13.8,ok
TIC 396431400,344.8967,76.3169,9.05,0,,,,,4,7.9,ok
TIC 394128380,289.081,77.4636,9.05,0,,,,,22,22.6,ok
TIC 411607575,18.3542,21.1839,9.05,0,,,,,4,11.1,ok
TIC 189474463,23.2895,40.8391,9.05,0,,,,,1,3.6,ok
TIC 229979977,290.2768,65.8889,9.05,0,,,,,16,15.2,ok
TIC 306187775,13.2412,50.7674,9.05,0,,,,,1,4.2,ok
TIC 189683618,25.9879,40.7135,9.05,0,,,,,3,9.2,ok
TIC 235930066,291.6479,78.6691,9.05,0,,,,,18,14.7,ok
TIC 470163861,334.4493,78.9768,9.05,0,,,,,6,14.7,ok
TIC 201926605,3.1742,49.1184,9.05,0,,,,,1,8.9,ok
TIC 60960183,29.2063,23.9715,9.05,0,,,,,6,16.0,ok
TIC 15519418,14.7893,27.8211,9.05,0,,,,,1,11.4,ok
TIC 377251803,286.2642,57.126,9.05,0,,,,,37,17.9,ok
TIC 61271188,23.0659,35.753,9.05,0,,,,,1,6.6,ok
TIC 431487748,356.7654,51.3783,9.05,0,,,,,2,9.4,ok
TIC 384882797,16.2936,15.3428,9.05,0,,,,,4,7.8,ok
TIC 343270453,309.5557,65.8288,9.05,0,,,,,15,17.7,ok
TIC 387290349,309.7199,71.4085,9.05,0,,,,,8,15.9,ok
TIC 417609632,319.5754,65.7551,9.05,0,,,,,4,11.1,ok
TIC 219859691,257.819,69.5032,9.05,0,,,,,40,15.5,ok
TIC 306066991,3.9363,26.39,9.05,0,,,,,1,5.4,ok
TIC 196502728,15.8461,45.9856,9.05,0,,,,,1,3.2,ok
TIC 165549436,266.4889,56.0197,9.05,0,,,,,41,15.3,ok
TIC 53792652,13.5229,33.0465,9.05,0,,,,,1,6.3,ok
TIC 219899295,263.8806,66.1653,9.05,0,,,,,19,17.3,ok
TIC 233684293,260.7628,63.1107,9.06,0,,,,,42,17.4,ok
TIC 173518131,348.2486,42.7596,9.06,0,,,,,1,3.8,ok
TIC 259035810,290.2888,66.9347,9.06,0,,,,,11,18.4,ok
TIC 219848819,255.8574,66.1642,9.06,0,,,,,24,17.3,ok
TIC 243228864,17.7141,18.7562,9.06,0,,,,,1,7.7,ok
TIC 314590329,307.2205,70.4485,9.06,0,,22.5,rejete,variabilite_continue;eclipse_secondaire,9,18.1,ok
TIC 435160829,346.5224,63.9259,9.06,0,,,,,5,12.1,ok
TIC 127426708,6.1182,38.3546,9.06,0,,,,,1,5.6,ok
TIC 288609294,277.3896,78.3275,9.06,0,,,,,12,22.4,ok
TIC 321544346,320.4055,68.5935,9.06,0,,,,,5,14.5,ok
TIC 24936615,350.43,50.281,9.06,0,,,,,2,9.7,ok
TIC 176754065,354.1645,42.4252,9.06,0,,,,,2,12.2,ok
TIC 264156689,316.8726,78.4,9.06,0,,,,,8,16.5,ok
TIC 279375545,324.6711,73.9766,9.06,0,,,,,3,10.6,ok
TIC 229711056,278.2376,71.3375,9.06,0,,,,,24,20.1,ok
TIC 440119594,4.902,44.9453,9.06,0,,,,,1,7.5,ok
TIC 420176773,292.3177,76.7384,9.06,0,,,,,10,21.7,ok
TIC 233047757,268.5152,62.0334,9.06,0,,,,,24,21.4,ok
TIC 25617010,352.2153,49.5297,9.06,0,,,,,1,7.8,ok
TIC 367146628,340.2657,72.5449,9.06,0,,,,,4,13.4,ok
TIC 404105081,322.9172,64.8202,9.06,0,,,,,4,19.2,ok
TIC 242743152,8.3546,18.6852,9.06,0,,,,,1,10.3,ok
TIC 456907244,26.4046,23.0584,9.06,0,,,,,4,13.7,ok
TIC 367838105,275.9031,72.6254,9.06,0,,,,,25,19.2,ok
TIC 219780871,263.9322,59.9948,9.06,0,,,,,39,18.3,ok
TIC 237101851,240.78,68.5272,9.06,0,,,,,24,21.8,ok
TIC 264306713,321.7217,79.309,9.06,0,,,,,9,16.4,ok
TIC 331741802,2.5429,27.765,9.06,0,,,,,1,7.3,ok
TIC 199716041,254.2824,57.9237,9.06,0,,,,,16,17.6,ok
TIC 25800425,11.1819,27.8927,9.06,0,,,,,1,14.3,ok
TIC 352218949,13.7143,38.4556,9.06,0,,,,,1,13.8,ok
TIC 359584313,279.7272,59.2954,9.06,0,,,,,42,15.0,ok
TIC 600494350,19.2109,39.6385,9.06,0,,,,,1,10.6,ok
TIC 427734148,20.971,28.9811,9.06,0,,,,,2,8.6,ok
TIC 115864035,11.8222,38.6184,9.06,0,,,,,1,3.4,ok
TIC 80531794,6.6703,30.1986,9.06,0,,,,,1,6.3,ok
TIC 233729302,277.1191,61.2103,9.06,0,,,,,26,26.5,ok
TIC 26007157,353.1493,49.8199,9.07,0,,,,,1,14.4,ok
TIC 243225277,17.49,20.2855,9.07,0,,,,,5,14.7,ok
TIC 258546831,305.6486,67.4716,9.07,0,,,,,8,17.3,ok
TIC 414923750,15.3195,14.0088,9.07,0,,,,,3,7.2,ok
TIC 198182378,245.0269,62.9377,9.07,0,,,,,16,15.1,ok
TIC 229714236,278.9301,66.6615,9.07,0,,,,,12,15.8,ok
TIC 243275988,288.2764,56.955,9.07,0,,,,,9,13.9,ok
TIC 186291339,17.178,39.5198,9.07,0,,,,,1,4.6,ok
TIC 359556659,279.5869,56.6998,9.07,0,,,,,27,16.2,ok
TIC 431706739,358.7696,53.3176,9.07,0,,,,,1,4.4,ok
TIC 306305060,31.1019,22.7043,9.07,0,,,,,6,10.6,ok
TIC 411532730,6.7761,23.9685,9.07,0,,,,,1,4.4,ok
TIC 174193751,351.7574,43.4271,9.07,0,,,,,2,6.5,ok
TIC 155001079,345.1554,46.0325,9.07,0,,,,,5,10.5,ok
TIC 15649241,16.7253,27.0203,9.07,0,,,,,1,3.9,ok
TIC 265399387,318.5152,64.9101,9.07,0,,,,,4,7.5,ok
TIC 233203884,265.4561,71.6641,9.07,0,,,,,16,13.5,ok
TIC 173300779,346.7821,46.8858,9.07,0,,,,,2,3.1,ok
TIC 233620812,284.1287,60.2995,9.07,0,,,,,12,13.5,ok
TIC 173854482,350.2911,42.3202,9.07,0,,,,,2,7.1,ok
TIC 251954107,353.1169,57.7913,9.07,0,,,,,2,4.7,ok
TIC 440169163,5.8999,44.4956,9.08,0,,,,,1,5.7,ok
TIC 229938330,287.7128,64.241,9.08,0,,,,,?,5.4,erreur
TIC 256750409,301.2451,63.1309,9.08,0,,,,,6,10.5,ok
TIC 269516224,350.6667,61.2258,9.08,0,,,,,3,6.6,ok
TIC 238659036,21.1652,43.1701,9.08,0,,,,,1,5.1,ok
TIC 219854987,256.9111,67.2646,9.08,0,,,,,11,15.6,ok
TIC 258974225,10.3953,37.2392,9.08,0,,,,,1,4.6,ok
TIC 26133414,353.6789,49.2341,9.08,0,,,,,1,6.8,ok
TIC 375599275,334.7804,69.937,9.08,0,,,,,4,8.4,ok
TIC 198365901,257.2058,58.1007,9.08,0,,,,,38,13.6,ok
TIC 284889660,260.4098,56.6223,9.08,0,,,,,24,15.2,ok
TIC 366488318,299.6557,70.8446,9.08,0,,,,,41,14.2,ok
TIC 271653318,354.8342,62.0653,9.08,0,,,,,3,5.5,ok
TIC 302010308,18.7709,31.192,9.08,0,,,,,1,5.1,ok
TIC 230079797,245.3261,70.848,9.08,0,,,,,34,15.1,ok
TIC 237306451,302.7571,77.7219,9.08,0,,,,,8,10.8,ok
TIC 441720079,254.6834,76.1093,9.08,0,,,,,16,15.0,ok
TIC 219810122,266.9791,64.0983,9.08,1,2.2084,10.8,rejete,variabilite_continue;eclipse_secondaire,21,20.7,ok
TIC 237228873,297.0338,73.5957,9.08,0,,,,,16,17.1,ok
TIC 44632764,22.3472,34.0896,9.08,0,,,,,1,3.3,ok
TIC 288392104,267.5157,79.0786,9.08,0,,,,,10,13.5,ok
TIC 53827687,13.824,35.0848,9.08,0,,,,,1,4.9,ok
TIC 198355046,255.9831,55.2757,9.08,0,,,,,12,15.0,ok
TIC 154888068,344.8189,46.4006,9.08,0,,,,,1,2.5,ok
TIC 288632208,278.6593,78.4144,9.08,0,,,,,12,14.7,ok
TIC 306347534,31.735,19.5804,9.08,0,,,,,1,6.9,ok
TIC 242659858,7.9037,18.2178,9.08,0,,,,,1,3.0,ok
TIC 237205023,293.5473,76.9668,9.08,0,,,,,10,13.7,ok
TIC 125489459,354.931,40.1042,9.09,0,,,,,1,5.0,ok
TIC 325999546,331.4183,51.8673,9.09,0,,,,,1,3.4,ok
TIC 196436233,15.3729,44.7795,9.09,0,,,,,1,3.6,ok
TIC 259261076,0.5129,47.9676,9.09,0,,,,,1,3.9,ok
TIC 235676238,282.987,74.7945,9.09,0,,,,,24,12.6,ok
TIC 230111173,248.364,68.9817,9.09,0,,,,,26,12.8,ok
TIC 202001039,3.7662,52.231,9.09,0,,,,,1,1.8,ok
TIC 467269236,308.8236,64.508,9.09,0,,,,,5,6.0,ok
TIC 176859323,354.7881,46.4369,9.09,0,,,,,1,1.9,ok
TIC 357100232,274.937,57.381,9.09,0,,,,,13,16.7,ok
TIC 381321121,22.6302,19.3529,9.09,0,,,,,1,3.0,ok
TIC 366720619,334.6103,75.711,9.09,0,,,,,4,10.2,ok
TIC 421336595,297.0122,58.966,9.09,0,,,,,5,7.1,ok
TIC 272781944,238.1812,68.7649,9.09,0,,,,,34,12.6,ok
TIC 459978295,255.4374,64.5722,9.09,0,,,,,3,7.0,ok
TIC 233539823,280.9682,60.6465,9.09,0,,,,,12,12.9,ok
TIC 268127217,11.3389,14.3626,9.09,0,,,,,3,7.3,ok
TIC 372687282,310.5614,74.9494,9.09,0,,,,,4,7.2,ok
TIC 356349559,268.7939,53.7568,9.09,0,,,,,18,16.6,ok
TIC 118182747,30.1637,26.9446,9.09,0,,,,,3,6.3,ok
TIC 267649703,9.3724,35.1916,9.09,0,,,,,1,2.9,ok
TIC 272748406,236.3416,66.8591,9.09,0,,,,,8,11.4,ok
TIC 240789200,12.0922,48.0793,9.09,0,,,,,1,1.8,ok
TIC 240778117,11.7217,50.7856,9.09,0,,,,,1,2.6,ok
TIC 436549236,14.1072,23.9579,9.09,0,,,,,1,3.3,ok
TIC 80536290,21.4794,32.1795,9.09,0,,,,,1,4.6,ok
TIC 315236656,320.5393,56.6803,9.09,0,,,,,2,5.6,ok
TIC 267776952,10.45,34.4623,9.09,0,,,,,2,4.3,ok
TIC 289624036,254.4087,60.4554,9.09,0,,,,,17,17.4,ok
TIC 365933976,3.6074,32.689,9.09,0,,,,,1,2.6,ok
TIC 229751944,280.8394,70.325,9.09,0,,,,,12,13.1,ok
TIC 229762152,281.234,67.4685,9.09,0,,,,,11,13.2,ok
TIC 233728330,277.1108,63.1672,9.1,0,,,,,24,15.0,ok
TIC 115592814,8.1066,37.747,9.1,0,,,,,1,8.8,ok
TIC 403211785,359.9543,50.1126,9.1,0,,,,,1,7.9,ok
TIC 232681456,282.4823,57.9462,9.1,0,,,,,12,14.2,ok
TIC 229404236,292.6774,62.6801,9.1,0,,,,,12,13.2,ok
TIC 230015612,291.4939,64.0737,9.1,0,,,,,41,14.4,ok
TIC 333561525,354.7112,37.132,9.1,0,,,,,1,4.4,ok
TIC 219799330,265.6814,62.1761,9.1,0,,,,,30,14.1,ok
TIC 403589120,322.7299,65.6199,9.1,0,,,,,4,10.4,ok
TIC 125994772,18.8432,30.4318,9.1,0,,,,,1,7.9,ok
TIC 456908921,26.5272,19.0992,9.1,0,,,,,1,6.8,ok
TIC 198383073,257.3941,59.1733,9.1,0,,,,,21,17.3,ok
TIC 467354611,326.5981,77.3722,9.1,1,2.571,10.3,rejete,variabilite_continue;eclipse_secondaire,15,19.0,ok
TIC 236973945,305.0054,62.1692,9.1,0,,,,,4,13.8,ok
TIC 67153555,342.7163,47.9638,9.1,0,,,,,2,6.9,ok
TIC 115784157,11.2521,39.7337,9.1,0,,,,,1,2.2,ok
TIC 237256099,298.7906,75.8938,9.1,0,,,,,18,14.3,ok
TIC 298289830,251.6076,58.3767,9.1,0,,,,,36,15.8,ok
TIC 334485031,330.8643,63.5766,9.1,0,,,,,3,9.5,ok
TIC 160520286,240.5167,73.5023,9.1,0,,,,,13,13.0,ok
TIC 240988185,19.7345,53.7744,9.1,0,,,,,1,4.7,ok
TIC 243186210,16.7734,19.1523,9.1,0,,,,,4,14.2,ok
TIC 366918222,337.8033,74.213,9.1,0,,,,,5,11.6,ok
TIC 329248278,263.8903,54.352,9.1,0,,,,,23,12.6,ok
TIC 376292387,338.6037,67.7537,9.1,0,,,,,2,4.2,ok
TIC 233528099,280.3724,60.3029,9.1,0,,,,,27,14.0,ok
TIC 303339838,12.7658,17.3714,9.1,0,,,,,6,9.3,ok
TIC 191661363,12.6604,46.8659,9.1,0,,,,,2,5.6,ok
TIC 189438307,23.0485,38.4054,9.1,0,,,,,1,3.6,ok
TIC 352371514,297.3521,58.7226,9.1,0,,,,,19,14.9,ok
TIC 298289469,251.7175,59.6688,9.1,0,,17.3,rejete,variabilite_continue;eclipse_secondaire,23,16.7,ok
TIC 236002029,305.1342,79.8535,9.1,0,,,,,5,7.7,ok
TIC 303337247,12.4252,15.9728,9.1,0,,,,,1,3.6,ok
TIC 1980387847,312.261,63.2145,9.1,0,,,,,2,6.1,ok
TIC 264101727,315.2561,79.3099,9.1,0,,,,,7,11.1,ok
TIC 173856518,350.2788,44.3374,9.1,0,,,,,3,9.8,ok
TIC 58106380,6.5215,33.2109,9.1,0,,,,,1,8.3,ok
TIC 439961187,1.6999,43.8906,9.1,0,,,,,1,3.5,ok
TIC 177509124,359.0188,47.2498,9.1,0,,,,,1,3.2,ok
TIC 397561140,10.1878,17.3377,9.1,0,,,,,1,4.5,ok
TIC 194361366,3.1018,36.7847,9.11,0,,,,,1,5.9,ok
TIC 441812317,267.251,72.0559,9.11,0,,,,,25,15.2,ok
TIC 189473399,23.2873,38.9184,9.11,0,,,,,1,5.5,ok
TIC 354046724,326.377,73.8673,9.11,0,,,,,5,7.3,ok
TIC 229774503,282.5347,70.2869,9.11,0,,,,,25,15.8,ok
TIC 219851336,256.3165,68.0925,9.11,0,,,,,25,13.5,ok
TIC 322202020,325.2936,69.1742,9.11,0,,,,,5,9.2,ok
TIC 387879317,315.9017,67.2434,9.11,0,,,,,2,6.1,ok
TIC 165501913,265.8432,59.85,9.11,0,,,,,25,14.7,ok
TIC 16917592,19.1774,24.5007,9.11,0,,,,,1,3.1,ok
TIC 80512491,15.5751,28.7784,9.11,0,,,,,1,6.8,ok
TIC 28244296,28.1776,27.3571,9.11,0,,,,,1,6.3,ok
TIC 368312707,357.8954,71.1886,9.11,0,,,,,6,9.0,ok
TIC 53794935,13.6959,32.9345,9.11,0,,,,,1,5.9,ok
TIC 91305819,27.8934,21.3845,9.11,0,,,,,1,4.1,ok
TIC 63312643,30.2129,29.984,9.11,0,,,,,1,2.6,ok
TIC 61470099,24.7813,30.091,9.11,0,,,,,1,4.8,ok
TIC 15693529,17.5307,28.0433,9.11,0,,,,,2,4.2,ok
TIC 387237076,308.8215,70.5064,9.11,1,2.5942,23.5,rejete,variabilite_continue,4,8.9,ok
TIC 367359995,343.1121,75.7688,9.11,0,,,,,4,7.9,ok
TIC 259099816,291.0484,67.9748,9.11,0,,,,,16,13.0,ok
TIC 338428073,338.3797,64.7919,9.11,0,,,,,3,5.4,ok
TIC 422456110,319.6375,66.7389,9.11,0,,,,,4,6.0,ok
TIC 430443854,332.6817,51.6768,9.11,0,,,,,2,7.0,ok
TIC 229770891,282.2015,68.8775,9.11,0,,,,,26,14.0,ok
TIC 17003109,20.3745,24.3306,9.11,0,,,,,2,3.9,ok
TIC 13826274,11.8679,27.1442,9.11,0,,,,,1,4.6,ok
TIC 233713375,275.8304,64.0874,9.12,0,,,,,11,13.9,ok
TIC 259006185,290.3415,70.2083,9.12,0,,,,,41,14.6,ok
TIC 429034419,10.8889,17.3551,9.12,0,,,,,2,4.2,ok
TIC 270491865,232.3503,67.2045,9.12,0,,,,,16,16.9,ok
TIC 458477649,231.9751,69.2438,9.12,0,,,,,11,15.0,ok
TIC 415818872,16.2691,40.58,9.12,0,,,,,1,7.3,ok
TIC 387698883,314.3576,66.8634,9.12,0,,,,,2,7.3,ok
TIC 26918894,27.8298,26.2463,9.12,0,,,,,1,4.7,ok
TIC 13918846,13.0847,29.5931,9.12,0,,,,,1,3.1,ok
TIC 381228436,15.3488,34.0601,9.12,0,,,,,1,4.0,ok
TIC 91373819,28.7735,21.8143,9.12,0,,,,,1,3.5,ok
TIC 402656160,302.3688,70.6791,9.12,0,,,,,33,14.1,ok
TIC 219099564,269.8807,69.322,9.12,0,,,,,25,14.9,ok
TIC 44452017,6.8375,34.2266,9.12,0,,,,,1,4.4,ok
TIC 233050540,268.975,62.5475,9.12,0,,,,,23,15.6,ok
TIC 233627515,284.5241,60.3224,9.12,0,,,,,12,15.3,ok
TIC 333115269,11.2385,14.8905,9.12,0,,,,,1,4.4,ok
TIC 414826695,13.7201,12.5123,9.12,0,,,,,1,4.7,ok
TIC 469390633,307.2204,56.9233,9.12,0,,,,,3,7.7,ok
TIC 408628441,326.5555,60.2308,9.12,0,,,,,2,5.7,ok
TIC 20908562,27.0122,33.7372,9.12,0,,,,,1,3.2,ok
TIC 91304689,27.7657,18.5938,9.12,0,,,,,5,7.8,ok
TIC 376880154,283.8498,74.668,9.12,0,,,,,24,16.4,ok
TIC 229941504,287.9967,62.0796,9.12,0,,,,,24,15.3,ok
TIC 199522110,239.6548,63.3426,9.12,0,,,,,8,9.4,ok
TIC 387897228,316.2802,71.6234,9.12,0,,,,,17,12.1,ok
TIC 229509769,297.3184,65.9349,9.12,0,,,,,16,12.7,ok
TIC 232603771,258.0066,60.4605,9.12,0,,,,,12,11.9,ok
TIC 317590838,351.821,72.8973,9.12,0,,,,,3,3.9,ok
TIC 17002739,20.4157,25.6117,9.13,0,,,,,1,1.4,ok
TIC 191461330,10.9205,47.7638,9.13,0,,,,,1,1.7,ok
TIC 366486850,299.0851,70.0908,9.13,0,,,,,16,11.6,ok
TIC 435855713,11.4527,21.315,9.13,0,,,,,1,1.6,ok
TIC 267652107,9.455,30.5087,9.13,0,,,,,1,1.5,ok
TIC 155008588,345.3182,44.4967,9.13,0,,,,,2,2.7,ok
TIC 233125189,273.8312,60.1973,9.13,0,,,,,11,12.1,ok
TIC 387881507,316.2993,66.3533,9.13,0,,,,,3,3.6,ok
TIC 436542270,13.4668,21.1648,9.13,0,,,,,1,1.5,ok
TIC 418260219,322.9804,77.2002,9.13,0,,,,,6,7.3,ok
TIC 256976364,302.3807,62.2443,9.13,0,,,,,5,6.5,ok
TIC 315775377,314.6481,74.5692,9.13,0,,,,,1,1.5,ok
TIC 232620850,268.3344,56.5263,9.13,0,,,,,27,11.3,ok
TIC 237235044,297.5583,73.1943,9.13,0,,,,,16,11.4,ok
TIC 18225312,22.9446,27.6471,9.13,0,,,,,1,1.4,ok
TIC 441791273,262.9162,76.2457,9.13,0,,,,,15,11.8,ok
TIC 61129226,20.4,32.9657,9.13,0,,,,,1,1.8,ok
TIC 177417406,358.2577,47.1574,9.13,0,,,,,2,2.8,ok
TIC 229487838,296.0756,62.7328,9.13,0,,,,,17,13.2,ok
TIC 356086615,261.2664,56.4689,9.13,0,,,,,12,11.6,ok
TIC 229690357,263.1833,54.2254,9.13,0,,,,,11,11.8,ok
TIC 236896495,303.8178,61.1327,9.13,0,,,,,5,6.1,ok
TIC 458482136,235.2344,64.4823,9.13,0,,,,,14,11.4,ok
TIC 303320256,12.2535,14.2115,9.13,0,,,,,4,4.8,ok
TIC 400098248,20.0618,32.7421,9.13,0,,,,,1,1.5,ok
TIC 196589247,16.5877,42.5457,9.14,0,,,,,1,1.7,ok
TIC 58858675,20.6745,16.3067,9.14,0,,,,,1,1.4,ok
TIC 306068331,4.0121,25.8419,9.14,0,,,,,1,1.5,ok
TIC 352221702,13.8412,40.4895,9.14,0,,,,,1,1.7,ok
TIC 330135088,333.5055,57.1203,9.14,0,,,,,2,3.1,ok
TIC 411527992,6.5039,21.4522,9.14,0,,,,,1,1.4,ok
TIC 198386681,257.8429,57.8882,9.14,0,,,,,21,12.1,ok
TIC 196231339,13.3146,45.0141,9.14,0,,,,,1,1.8,ok
TIC 289623768,254.2899,61.4001,9.14,0,,,,,4,7.3,ok
TIC 24932797,350.2261,48.1127,9.14,0,,,,,2,6.5,ok
TIC 18277396,23.4146,29.9787,9.14,0,,,,,1,4.2,ok
TIC 198242676,249.7672,60.7016,9.14,0,,,,,39,19.7,ok
TIC 284971132,266.046,52.7391,9.14,0,,,,,6,10.8,ok
TIC 229641533,279.2572,75.5964,9.14,0,,,,,16,14.6,ok
TIC 258826934,287.4019,69.5336,9.14,0,,,,,12,12.4,ok
TIC 441765460,261.3638,77.4041,9.14,0,,,,,18,18.3,ok
TIC 202670255,7.663,50.4073,9.14,0,,,,,1,2.9,ok
TIC 240790065,12.0721,48.9568,9.14,0,,,,,1,4.7,ok
TIC 18154086,21.9681,24.9168,9.14,0,,,,,1,2.4,ok
TIC 18153046,21.8488,26.8431,9.14,0,,,,,2,5.7,ok
TIC 367075350,339.7813,76.9842,9.14,0,,,,,6,10.5,ok
TIC 194328345,2.4077,38.7678,9.14,0,,,,,1,6.2,ok
TIC 154575024,343.5198,46.2957,9.14,0,,,,,1,3.6,ok
TIC 173766003,349.5774,46.29,9.14,0,,,,,3,8.1,ok
TIC 327340058,24.7154,43.6965,9.14,0,,,,,1,10.7,ok
TIC 230377346,285.088,60.5244,9.14,0,,,,,16,16.5,ok
TIC 230377745,285.3564,60.0542,9.14,0,,,,,12,15.2,ok
TIC 198179969,244.6282,64.781,9.14,0,,,,,12,14.6,ok
TIC 264171144,294.3903,66.9714,9.14,0,,,,,39,16.4,ok
TIC 237222864,296.2447,74.0629,9.14,1,10.2895,52.6,rejete,variabilite_continue,39,17.1,ok
TIC 198177784,244.2675,64.4898,9.14,0,,,,,12,11.4,ok
TIC 198188921,246.2642,65.8462,9.14,0,,,,,24,12.1,ok
TIC 198553150,237.4732,65.2234,9.14,0,,,,,10,11.6,ok
TIC 396235258,2.2796,59.6377,9.14,0,,,,,7,8.4,ok
TIC 397560735,8.6072,16.7155,9.14,0,,,,,4,4.8,ok
TIC 229479255,295.6465,64.0301,9.14,0,,,,,?,267.4,timeout
TIC 237073638,306.9058,60.2255,9.14,0,,,,,3,4.2,ok
TIC 189577712,24.414,41.1733,9.14,0,,,,,3,4.1,ok
TIC 199571268,241.188,63.1435,9.14,0,,,,,9,12.6,ok
TIC 236817427,283.7943,56.334,9.15,0,,,,,11,12.8,ok
TIC 283986065,29.3225,32.7309,9.15,0,,,,,1,2.0,ok
TIC 233046041,268.3014,62.1597,9.15,0,,,,,21,12.3,ok
TIC 237278530,299.3756,72.3316,9.15,0,,,,,10,12.4,ok
TIC 230081493,245.8342,66.623,9.15,0,,,,,40,11.2,ok
TIC 233045917,268.4643,62.4533,9.15,0,,,,,14,12.4,ok
TIC 327188380,24.2358,42.7938,9.15,0,,23.9,rejete,variabilite_continue;eclipse_secondaire;compagnon_trop_gros_2.3Rjup,2,4.7,ok
TIC 26990889,356.0085,48.0178,9.15,0,,,,,1,2.3,ok
TIC 233501933,250.5086,72.4648,9.15,0,,,,,39,12.3,ok
TIC 237203236,293.4649,74.0997,9.15,0,,,,,31,13.2,ok
TIC 198183483,245.224,64.3625,9.15,0,,,,,12,12.1,ok
TIC 196350103,14.505,45.3525,9.15,0,,,,,1,5.7,ok
TIC 233058441,269.6514,64.5424,9.15,0,,,,,26,13.0,ok
TIC 431040288,334.7816,52.1203,9.15,0,,,,,8,10.3,ok
TIC 356896561,273.1707,54.7685,9.15,0,,,,,43,12.8,ok
TIC 229676324,253.3281,77.2184,9.15,0,,,,,35,12.4,ok
TIC 470151294,332.0366,78.3953,9.15,0,,,,,5,6.4,ok
TIC 434218239,10.5675,21.9417,9.15,0,,,,,3,4.4,ok
TIC 25311207,351.4378,48.2661,9.15,0,,,,,2,3.0,ok
TIC 367606355,348.7658,47.3997,9.15,0,,,,,2,3.1,ok
TIC 422894521,16.7623,40.7661,9.15,0,,,,,1,1.8,ok
TIC 387284522,309.4023,67.7986,9.15,0,,,,,8,9.6,ok
TIC 236765333,273.5294,68.186,9.15,0,,,,,20,12.0,ok
TIC 239557048,18.9875,35.1179,9.15,0,,,,,1,2.1,ok
TIC 186482617,20.0221,40.6458,9.15,0,,,,,1,1.8,ok
TIC 199657838,250.8665,59.2664,9.16,0,,,,,31,11.8,ok
TIC 25756430,9.8913,28.0583,9.16,0,,,,,1,1.8,ok
TIC 441736768,258.8443,75.7302,9.16,0,,,,,12,11.3,ok
TIC 258919620,288.5956,67.906,9.16,0,,,,,37,13.0,ok
TIC 428041556,350.7515,43.783,9.16,0,,,,,2,2.6,ok
TIC 237077016,307.1838,61.8252,9.16,0,,,,,1,2.2,ok
TIC 432485138,0.1349,39.0958,9.16,0,,,,,2,3.6,ok
TIC 165550022,266.5988,57.6018,9.16,0,,,,,25,13.2,ok
TIC 44631917,22.221,35.7716,9.16,0,,,,,1,1.6,ok
TIC 58826786,13.0982,14.8687,9.16,0,,,,,4,5.2,ok
TIC 230392898,286.2942,63.5492,9.16,0,,,,,12,13.8,ok
TIC 186302615,17.7897,40.6924,9.16,0,,,,,1,2.0,ok
TIC 306188116,13.3837,52.3595,9.16,0,,,,,2,3.6,ok
TIC 229643811,279.577,73.7919,9.16,0,,,,,28,12.4,ok
TIC 334832426,250.5404,64.243,9.16,0,,,,,13,12.3,ok
TIC 340925716,311.9266,80.268,9.16,0,,,,,7,9.4,ok
TIC 256870624,301.7478,61.1059,9.16,0,,,,,6,8.3,ok
TIC 352028237,356.7995,35.2799,9.16,0,,,,,1,2.2,ok
TIC 366782025,335.6296,74.1383,9.16,0,,,,,5,7.2,ok
TIC 264173386,294.3077,70.7406,9.16,0,,,,,16,13.6,ok
TIC 173522406,348.2408,46.6307,9.16,0,,,,,3,4.0,ok
TIC 80533591,21.3612,33.909,9.16,0,,,,,3,4.1,ok
TIC 376883331,284.2459,73.0516,9.16,0,,,,,23,11.6,ok
TIC 118251244,31.0123,28.9007,9.16,0,,,,,1,1.8,ok
TIC 367837968,276.0174,72.3355,9.16,0,,,,,25,12.2,ok
TIC 219846425,255.2701,69.489,9.16,0,,,,,12,11.7,ok
TIC 240762759,11.3651,52.5056,9.16,0,,,,,1,1.6,ok
TIC 243153812,15.7744,18.0881,9.16,0,,,,,5,6.0,ok
TIC 287085647,253.1347,71.0739,9.17,0,,,,,21,11.8,ok
TIC 91376664,29.0729,23.1897,9.17,0,,,,,3,4.1,ok
TIC 403332763,303.6921,69.8013,9.17,0,,,,,11,12.2,ok
TIC 229778044,283.0227,66.1432,9.17,0,,,,,12,11.8,ok
TIC 233084447,272.0882,63.0563,9.17,0,,,,,22,14.5,ok
TIC 58858728,20.6589,16.5676,9.17,0,,,,,1,1.6,ok
TIC 53830251,14.0752,29.9369,9.17,0,,,,,1,1.5,ok
TIC 238658453,21.1654,42.2565,9.17,0,,,,,1,1.4,ok
TIC 14007228,14.4525,27.3802,9.17,0,,,,,1,1.9,ok
TIC 243148794,15.4613,23.7933,9.17,0,,,,,1,1.5,ok
TIC 28360673,29.9284,25.4877,9.17,0,,,,,3,3.7,ok
TIC 258799321,286.5725,69.2202,9.17,0,,,,,5,6.3,ok
TIC 85278308,26.0365,30.4808,9.17,0,,,,,2,3.4,ok
TIC 186299566,17.5794,37.754,9.17,0,,,,,1,1.6,ok
TIC 229979125,290.2857,64.5412,9.17,0,,,,,16,11.6,ok
TIC 198182953,245.0905,65.5215,9.17,0,,,,,26,13.6,ok
TIC 387409286,310.7775,69.3753,9.17,0,,17.2,rejete,variabilite_continue;eclipse_secondaire,5,8.3,ok
TIC 332503053,267.1937,55.2157,9.17,0,,,,,20,12.0,ok
TIC 237252705,298.6301,73.8025,9.18,0,,,,,32,12.2,ok
TIC 264225827,320.0598,78.0625,9.18,0,,,,,6,6.9,ok
TIC 323142242,321.4996,77.6677,9.18,0,,,,,14,12.0,ok
TIC 240930748,18.2237,52.0667,9.18,0,,,,,2,2.6,ok
TIC 245784906,10.0513,14.8884,9.18,0,,,,,1,1.7,ok
TIC 229799691,285.0847,68.01,9.18,0,,,,,38,11.6,ok
TIC 422659073,349.5105,70.1764,9.18,0,,,,,4,4.7,ok
TIC 306306160,31.1803,21.2592,9.18,0,,,,,1,1.4,ok
TIC 378293074,358.2159,60.8759,9.18,0,,,,,1,1.5,ok
TIC 188776067,261.7747,51.9874,9.18,0,,,,,10,10.7,ok
TIC 456904038,26.188,23.8511,9.18,0,,,,,1,1.4,ok
TIC 353782445,276.9379,55.7558,9.18,1,11.8355,14.0,rejete,variabilite_continue,40,15.7,ok
TIC 383646999,278.7369,63.3905,9.18,0,,,,,37,13.1,ok
TIC 424731749,255.1673,60.4345,9.18,0,,,,,32,13.5,ok
TIC 191332792,9.6231,42.9995,9.18,0,,,,,2,2.7,ok
TIC 198318709,234.5737,64.9458,9.18,0,,,,,?,316.0,timeout
TIC 384881512,16.1773,14.2337,9.18,0,,,,,1,2.5,ok
TIC 26834564,26.3212,26.8798,9.18,0,,,,,1,1.8,ok
TIC 224603494,255.4366,55.6671,9.18,0,,,,,23,11.8,ok
TIC 17005864,20.5923,26.6152,9.18,0,,,,,1,1.6,ok
TIC 388038727,317.8494,71.6687,9.18,0,,,,,7,8.5,ok
TIC 411628444,20.5205,21.6084,9.18,0,,,,,1,1.6,ok
TIC 407335667,0.834,33.106,9.19,0,,,,,1,2.5,ok
TIC 199665853,251.945,58.972,9.19,0,,,,,12,11.6,ok
TIC 230120156,249.9669,67.6341,9.19,0,,,,,12,12.8,ok
TIC 15516783,14.6935,29.3571,9.19,0,,,,,1,2.3,ok
TIC 270544566,352.7724,61.1763,9.19,0,,,,,3,4.6,ok
TIC 233088316,272.5287,60.1102,9.19,0,,,,,21,12.5,ok
TIC 233070878,270.9042,62.8659,9.19,0,,,,,10,11.2,ok
TIC 233070776,270.8069,63.114,9.19,0,,,,,24,12.0,ok
TIC 194439345,3.9158,41.464,9.19,0,,,,,1,2.1,ok
TIC 240714848,10.2395,52.8082,9.19,0,,,,,1,1.9,ok
TIC 349920226,305.1764,66.6937,9.19,1,1.5674,10.9,rejete,variabilite_continue;eclipse_secondaire,22,16.3,ok
TIC 25795678,11.0961,27.1106,9.19,0,,,,,1,2.0,ok
TIC 306349020,31.8483,21.8227,9.19,0,,,,,1,2.6,ok
TIC 356150790,266.446,53.4325,9.19,0,,,,,8,9.8,ok
TIC 91326920,28.1778,21.8026,9.19,0,,,,,1,3.9,ok
TIC 53795710,13.6849,30.5352,9.19,0,,,,,1,2.2,ok
TIC 219867818,259.3034,70.7108,9.19,0,,,,,12,12.5,ok
TIC 25103951,350.6892,48.9876,9.19,0,,,,,2,2.8,ok
TIC 455768113,357.9448,36.4741,9.19,0,,,,,1,1.8,ok
TIC 196277031,13.8452,43.4293,9.19,0,,,,,1,1.6,ok
TIC 186299892,17.5956,38.4398,9.19,0,,,,,1,1.6,ok
TIC 173205854,346.4835,46.0784,9.19,0,,,,,2,2.6,ok
TIC 367856353,276.9008,74.4459,9.19,0,,,,,12,11.3,ok
TIC 198387099,257.9272,59.063,9.2,0,,,,,16,11.3,ok
TIC 394129745,288.9352,74.4042,9.2,0,,,,,26,11.9,ok
TIC 350130443,329.0917,71.0857,9.2,0,,,,,4,5.5,ok
TIC 58844643,19.6627,14.8386,9.2,0,,,,,1,1.6,ok
TIC 302172000,8.5206,16.6538,9.2,0,,,,,1,1.6,ok
TIC 177697374,359.934,47.6027,9.2,0,,,,,1,1.6,ok
TIC 219868206,259.3968,69.327,9.2,0,,,,,38,12.5,ok
TIC 441728540,256.6991,72.7014,9.2,0,,,,,24,12.3,ok
TIC 85298565,26.3865,31.0575,9.2,0,,,,,1,1.5,ok
TIC 287196041,292.7212,59.8932,9.2,0,,,,,11,11.8,ok
TIC 201891971,2.9617,50.9892,9.2,0,,,,,1,1.5,ok
TIC 219877043,260.9059,67.5406,9.2,0,,,,,11,11.2,ok
TIC 58842955,19.5411,17.1596,9.2,0,,,,,3,3.7,ok
TIC 219897017,263.1547,70.1672,9.2,0,,,,,40,11.5,ok
TIC 256796479,301.0865,62.0685,9.2,0,,,,,1,1.5,ok
TIC 196232934,13.2864,42.6011,9.2,0,,,,,1,1.7,ok
TIC 173175418,346.1435,46.33,9.2,0,,,,,1,1.8,ok
TIC 82377220,28.152,36.3416,9.2,0,,,,,3,4.0,ok
TIC 422892856,16.6917,37.3571,9.2,0,,,,,2,2.7,ok
TIC 229669567,251.6455,72.5173,9.2,0,,,,,24,11.6,ok
TIC 360019299,300.5185,68.3068,9.2,0,,,,,16,11.7,ok
TIC 375422201,315.8822,59.4307,9.2,4,2.0373;9.9646;4.9814;4.0677,34.1,rejete,variabilite_continue;eclipse_secondaire,8,17.9,ok
TIC 155295767,359.9269,34.3147,9.2,0,,,,,1,1.8,ok
TIC 467296643,309.14,60.1125,9.2,0,,,,,1,1.4,ok
TIC 467292670,309.0176,62.7751,9.2,0,,,,,4,4.9,ok
TIC 201693184,1.7479,51.998,9.2,0,,,,,2,2.8,ok
TIC 283884522,2.2141,33.8787,9.2,0,,,,,2,2.5,ok
TIC 16956863,19.6354,28.931,9.2,0,,,,,3,3.7,ok
TIC 408251015,17.1678,17.2394,9.2,0,,,,,3,3.8,ok
TIC 189627548,24.9566,37.0482,9.2,0,,,,,1,2.1,ok
TIC 194258479,1.8168,40.4769,9.2,0,,,,,1,1.5,ok
TIC 353808368,270.2846,55.6186,9.2,0,,,,,12,12.4,ok
TIC 189632543,25.2887,39.4785,9.2,0,,,,,1,1.6,ok
TIC 256323002,297.769,63.9682,9.2,0,,,,,12,11.9,ok
TIC 229477384,295.6011,61.7404,9.2,0,,,,,8,9.3,ok
TIC 268055518,298.0097,64.4515,9.2,0,,,,,38,11.3,ok
TIC 28354140,29.6316,27.2963,9.2,0,,,,,1,1.7,ok
TIC 434224450,11.1351,23.7057,9.2,0,,,,,2,2.7,ok
TIC 435863562,12.1057,21.6079,9.2,0,,,,,1,1.5,ok
TIC 233632072,284.9387,63.3582,9.21,0,,,,,41,11.8,ok
TIC 378151204,352.2926,61.3711,9.21,0,,,,,3,3.8,ok
TIC 259272586,293.8099,69.9271,9.21,0,,,,,25,11.7,ok
TIC 377306067,286.9676,57.3339,9.21,0,,,,,10,11.7,ok
TIC 198391776,258.5958,57.7446,9.21,0,,,,,6,7.3,ok
TIC 237291021,300.7614,72.62,9.21,0,,,,,20,11.7,ok
TIC 431636571,358.1847,51.1656,9.21,0,,,,,2,2.8,ok
TIC 61234775,22.8059,33.8154,9.21,0,,,,,1,1.5,ok
TIC 377193071,286.0153,56.8881,9.21,0,,,,,12,11.6,ok
TIC 230378763,285.4389,61.7714,9.21,0,,,,,15,11.8,ok
TIC 229609136,274.5466,76.1832,9.21,0,,,,,12,11.7,ok
TIC 387877452,316.0363,69.1648,9.21,0,,,,,5,5.7,ok
TIC 230377874,285.414,60.23,9.21,0,,,,,38,11.1,ok
TIC 357031816,273.9389,55.3931,9.21,0,,,,,16,11.2,ok
TIC 264222219,294.8836,71.8695,9.21,0,,,,,30,14.7,ok
TIC 417642524,317.4583,73.3169,9.21,0,,,,,6,7.9,ok
TIC 334635909,231.5072,67.0014,9.21,0,,,,,7,8.6,ok
TIC 194504292,4.5466,37.9293,9.21,0,,,,,1,1.6,ok
TIC 357127533,275.3743,55.7816,9.21,0,,,,,12,12.6,ok
TIC 26765629,25.1762,26.7397,9.21,0,,,,,1,1.5,ok
TIC 600748633,15.4441,46.5872,9.21,0,,,,,1,1.5,ok
TIC 456836703,18.6856,20.2607,9.21,0,,,,,3,3.4,ok
TIC 375654141,335.0463,71.5774,9.21,0,,,,,7,8.0,ok
TIC 441763913,261.2288,73.0268,9.21,0,,,,,22,12.0,ok
TIC 219879365,261.1424,67.8103,9.21,0,,,,,23,12.0,ok
TIC 334678134,245.6142,73.8019,9.21,0,,,,,16,11.4,ok
TIC 367142176,340.5526,77.8488,9.21,0,,,,,7,8.5,ok
TIC 58030512,5.7952,33.7501,9.21,0,,,,,2,2.5,ok
TIC 434221923,10.936,23.0138,9.21,0,,,,,1,1.5,ok
TIC 258512087,305.4108,67.1491,9.21,0,,,,,8,8.9,ok
TIC 440669525,7.6693,29.6055,9.21,0,,,,,1,1.5,ok
TIC 186334827,17.927,38.0994,9.21,0,,,,,1,1.6,ok
TIC 22528010,2.972,31.2603,9.21,0,,,,,1,1.5,ok
TIC 58032796,5.8853,32.2143,9.21,0,,,,,1,1.8,ok
TIC 1980096184,313.0156,61.4452,9.21,0,,,,,3,3.7,ok
TIC 1980393697,314.5695,63.2948,9.21,0,,,,,3,3.6,ok
TIC 289569715,251.9019,60.2118,9.21,0,,,,,12,11.3,ok
TIC 417704699,348.6488,75.7999,9.21,0,,,,,7,8.1,ok
TIC 229764977,281.5003,69.638,9.21,0,,,,,12,11.4,ok
TIC 233606245,282.9035,61.0396,9.22,0,,,,,29,11.5,ok
TIC 194205862,1.1974,37.238,9.22,0,,,,,1,2.2,ok
TIC 459981982,255.9718,64.279,9.22,0,,,,,11,12.8,ok
TIC 233723310,276.5612,61.995,9.22,0,,,,,16,11.6,ok
TIC 229706335,277.9353,71.3394,9.22,0,,,,,38,11.5,ok
TIC 288523885,274.0512,78.5224,9.22,0,,,,,13,11.2,ok
TIC 366593385,332.6917,73.9779,9.22,0,,,,,5,5.7,ok
TIC 411552226,7.3933,21.3903,9.22,0,,,,,1,1.4,ok
TIC 58104268,6.3287,32.502,9.22,0,,,,,1,1.4,ok
TIC 53758170,13.3125,32.8969,9.22,0,,,,,1,1.4,ok
TIC 287195989,292.4805,59.9759,9.22,0,,,,,24,11.3,ok
TIC 275625763,293.8676,58.1061,9.22,0,,,,,5,5.7,ok
TIC 326860987,22.7328,45.3655,9.22,0,,,,,2,2.6,ok
TIC 194463544,4.49,40.2257,9.22,0,,,,,1,1.6,ok
TIC 283886022,12.0112,34.8546,9.22,0,,,,,1,1.5,ok
TIC 256661063,300.4441,63.5465,9.22,0,,,,,7,8.1,ok
TIC 237010658,306.3004,63.5112,9.22,0,,,,,2,2.6,ok
