nom,RA,Dec,Tmag,n_candidats,periodes,snr_max,verdict_auto,raisons_auto,n_secteurs,secondes,status
TIC 149988523,90.5391,-60.0968,4.0,0,,,,,44,9.3,ok
TIC 467274664,168.15,-60.3176,4.01,0,,,,,7,7.2,ok
TIC 347624278,168.9157,-12.5926,4.01,0,,,,,5,4.8,ok
TIC 437247487,169.4461,-22.1461,4.02,0,,,,,5,4.9,ok
TIC 458395117,159.7474,-58.8168,4.02,0,,,,,7,6.9,ok
TIC 391874557,174.9596,-16.6203,4.02,0,,,,,4,4.3,ok
TIC 378313764,155.0899,-60.4544,4.04,0,,,,,5,5.2,ok
TIC 140692280,73.7974,-74.9364,4.07,0,,,,,42,8.5,ok
TIC 102469853,155.0696,-47.6991,4.08,0,,,,,6,6.0,ok
TIC 458105162,159.0849,-59.5647,4.08,0,,,,,7,6.8,ok
TIC 464732822,156.8519,-57.6388,4.09,0,,,,,8,8.2,ok
TIC 144198478,177.7768,-11.2079,4.09,0,,,,,6,6.1,ok
TIC 309401053,124.5787,-65.613,4.1,0,,,,,22,8.9,ok
TIC 162092833,168.3111,-44.3722,4.12,0,,,,,7,7.7,ok
TIC 34870661,147.5105,-42.0204,4.14,0,,,,,8,7.0,ok
TIC 278987417,101.8279,-55.5398,4.14,0,,,,,37,8.6,ok
TIC 167088607,95.66,-69.9838,4.15,0,,,,,40,9.1,ok
TIC 357639411,137.8191,-62.3169,4.17,0,,,,,10,10.3,ok
TIC 102054863,153.8817,-43.1127,4.17,0,,,,,5,5.3,ok
TIC 274911740,149.5198,-58.8611,4.17,0,,,,,7,7.1,ok
TIC 93412456,175.1769,-53.9688,4.17,0,,,,,4,4.1,ok
TIC 429150549,173.0963,-26.7467,4.2,0,,,,,6,6.8,ok
TIC 302720622,135.2858,-68.6839,4.21,0,,,,,10,10.0,ok
TIC 381949122,76.3773,-57.4719,4.22,0,,,,,45,9.0,ok
TIC 141280255,82.9743,-76.339,4.23,0,,,,,42,9.0,ok
TIC 260605873,97.3682,-56.8525,4.24,0,,,,,44,9.0,ok
TIC 290022685,192.4458,-15.0789,4.24,0,,,,,5,4.8,ok
TIC 349065534,185.2321,-13.5657,4.24,0,,,,,6,5.6,ok
TIC 140176216,151.8867,-53.2601,4.24,0,,,,,7,6.9,ok
TIC 464670890,156.7037,-54.8773,4.24,0,,,,,8,7.8,ok
TIC 341193607,119.2122,-59.1257,4.24,0,,,,,17,8.1,ok
TIC 45602275,148.8588,-41.5869,4.25,0,,,,,7,6.9,ok
TIC 465507504,163.6234,-61.8266,4.25,0,,,,,7,7.2,ok
TIC 280200611,144.205,-49.3547,4.26,1,1.3934,33.9,rejete,variabilite_continue,7,11.8,ok
TIC 146999446,161.4209,-47.4598,4.26,0,,,,,8,7.6,ok
TIC 454082369,176.6153,-40.4975,4.27,0,,,,,8,7.9,ok
TIC 308844962,122.2504,-61.3044,4.29,0,,,,,19,8.9,ok
TIC 193190992,157.3702,-29.6638,4.3,0,,,,,7,6.4,ok
TIC 382198789,81.5801,-58.9123,4.32,0,,,,,43,8.3,ok
TIC 466325776,165.7755,-60.9107,4.33,0,,,,,8,8.2,ok
TIC 238450713,121.2655,-53.1079,4.36,0,,,,,11,8.8,ok
TIC 358466601,119.0776,-60.5264,4.36,0,,,,,22,9.0,ok
TIC 38680734,65.4735,-63.3852,4.38,0,,,,,45,8.5,ok
TIC 152393175,171.3718,-36.0629,4.38,0,,,,,6,5.9,ok
TIC 98662322,185.8282,-11.8122,4.39,0,,,,,6,5.6,ok
TIC 23384899,168.0617,-32.4337,4.4,0,,,,,4,4.0,ok
TIC 447823435,157.8359,-53.714,4.4,0,,,,,8,7.9,ok
TIC 278202079,111.4077,-79.0942,4.41,0,,,,,23,8.5,ok
TIC 358838969,151.5466,-47.3703,4.43,0,,,,,5,5.4,ok
TIC 141810080,92.5635,-74.7545,4.43,0,,,,,45,9.0,ok
TIC 385840548,138.5745,-55.5694,4.43,0,,,,,8,7.6,ok
TIC 458559498,160.3229,-59.6769,4.44,0,,,,,7,6.9,ok
TIC 429304663,167.9145,-22.8266,4.44,0,,,,,5,5.1,ok
TIC 363633048,147.7314,-62.7451,4.44,0,,,,,6,6.2,ok
TIC 460445901,157.6635,-61.3564,4.44,0,,,,,8,8.3,ok
TIC 48830068,162.8878,-34.5378,4.45,0,,,,,6,6.1,ok
TIC 149304313,83.2489,-64.2275,4.45,0,,,,,40,8.6,ok
TIC 30762159,75.6791,-71.3142,4.46,0,,,,,42,8.8,ok
TIC 338012707,156.1056,-60.1914,4.46,0,,,,,6,6.1,ok
TIC 396914950,168.8485,-11.5884,4.46,0,,,,,5,5.1,ok
TIC 163621376,174.3909,-47.7472,4.47,0,,,,,7,7.0,ok
TIC 77530888,178.6776,-25.7134,4.48,0,,,,,5,4.9,ok
TIC 38574220,63.7022,-62.1911,4.5,0,,,,,42,8.5,ok
TIC 38699658,66.272,-61.238,4.5,0,,,,,44,8.6,ok
TIC 150320620,95.7558,-63.683,4.5,1,2.2113,17.0,rejete,variabilite_continue;eclipse_secondaire;compagnon_trop_gros_8.6Rjup,40,14.9,ok
TIC 341188017,118.7213,-57.3026,4.5,0,,,,,14,8.6,ok
TIC 460340926,157.2665,-65.176,4.52,0,,,,,7,7.1,ok
TIC 168381887,166.3314,-27.2937,4.52,0,,,,,4,4.3,ok
TIC 464509446,156.5651,-53.8914,4.53,0,,,,,8,7.7,ok
TIC 167126852,96.369,-69.6889,4.53,0,,,,,42,8.5,ok
TIC 358276819,147.8007,-59.4261,4.53,0,,,,,7,7.1,ok
TIC 45297854,130.1542,-59.761,4.53,0,,,,,11,9.0,ok
TIC 304178155,141.7739,-71.6013,4.54,0,,,,,10,9.7,ok
TIC 381925942,76.2525,-54.4074,4.54,0,,,,,21,9.4,ok
TIC 77555289,178.9172,-28.4773,4.54,0,,,,,6,5.9,ok
TIC 306829961,121.9819,-68.6169,4.55,0,,,,,38,8.8,ok
TIC 80840548,166.1305,-51.222,4.56,0,,,,,4,4.0,ok
TIC 459005094,161.461,-59.4887,4.57,0,,,,,7,6.9,ok
TIC 181163751,174.3859,-39.3589,4.57,0,,,,,8,7.6,ok
TIC 361834361,144.8369,-61.3279,4.58,0,,,,,6,6.3,ok
TIC 310764588,129.3283,-62.8536,4.59,0,,,,,11,9.1,ok
TIC 92693315,173.735,-49.1352,4.59,0,,,,,7,7.3,ok
TIC 264768896,117.2779,-56.4103,4.6,0,,,,,12,9.2,ok
TIC 82017300,168.4139,-53.2316,4.61,0,,,,,7,7.0,ok
TIC 141973945,178.2268,-33.9081,4.62,0,,,,,6,6.0,ok
TIC 334852042,171.4748,-13.7513,4.63,0,,,,,5,5.1,ok
TIC 35126172,147.8317,-46.1937,4.63,0,,,,,5,5.2,ok
TIC 45604747,149.022,-40.8247,4.64,0,,,,,8,8.3,ok
TIC 466289471,165.3989,-61.0488,4.65,0,,,,,8,8.2,ok
TIC 219126357,170.8388,-18.7802,4.66,0,,,,,4,4.3,ok
TIC 220424200,72.2697,-56.6664,4.66,0,,,,,29,9.2,ok
TIC 464028809,155.2282,-56.0432,4.66,0,,,,,8,7.9,ok
TIC 280393898,144.3025,-53.6685,4.66,0,,,,,8,7.7,ok
TIC 461162378,171.586,-25.7552,4.67,0,,,,,5,6.3,ok
TIC 454043454,175.8631,-37.1903,4.68,0,,,,,7,6.8,ok
TIC 447275571,157.0089,-49.4061,4.68,0,,,,,7,7.0,ok
TIC 32996636,144.5063,-43.1912,4.69,0,,,,,8,7.7,ok
TIC 204719664,185.8398,-24.8408,4.69,0,,,,,5,5.0,ok
TIC 452163402,173.6896,-54.264,4.7,0,,,,,5,4.9,ok
TIC 390670978,160.9676,-60.1178,4.71,0,,,,,7,7.0,ok
TIC 20489905,168.6578,-26.0754,4.71,0,,,,,5,5.2,ok
TIC 46028220,131.6772,-56.7697,4.72,0,,,,,9,8.7,ok
TIC 162208836,168.7253,-43.7337,4.72,0,,,,,7,6.8,ok
TIC 146664806,159.9211,-43.5493,4.73,0,,,,,5,5.3,ok
TIC 448472223,165.8166,-31.961,4.73,0,,,,,6,6.0,ok
TIC 260507093,96.767,-58.0022,4.74,0,,,,,43,8.3,ok
TIC 185194540,173.198,-7.8275,4.75,0,,,,,6,5.8,ok
TIC 372888660,152.5432,-71.0698,4.75,0,,,,,7,7.1,ok
TIC 459134597,161.9098,-57.4674,4.75,0,,,,,7,7.3,ok
TIC 405148007,180.9179,-42.4348,4.75,0,,,,,7,7.5,ok
TIC 162484935,169.8381,-45.0933,4.76,0,,,,,7,6.7,ok
TIC 260372062,95.4196,-56.3624,4.76,0,,,,,41,9.2,ok
TIC 142108949,99.4236,-77.5384,4.76,0,,,,,42,8.4,ok
TIC 356771041,135.1905,-60.9638,4.76,0,,,,,9,8.6,ok
TIC 448641178,175.0529,-34.7447,4.76,0,,,,,7,6.8,ok
TIC 30110465,73.3771,-66.6753,4.77,0,,,,,42,9.1,ok
TIC 170657104,185.9494,-30.3355,4.78,0,,,,,5,5.0,ok
TIC 383518546,134.8484,-59.0817,4.79,0,,,,,10,9.8,ok
TIC 92740216,128.921,-52.3222,4.8,0,,,,,9,8.8,ok
TIC 397529505,158.7759,-69.3516,4.8,0,,,,,5,5.4,ok
TIC 465514768,163.4994,-61.092,4.81,0,,,,,6,6.1,ok
TIC 302962039,136.4098,-70.5384,4.82,0,,,,,10,9.5,ok
TIC 1652548,188.3926,-12.8298,4.82,0,,,,,5,5.0,ok
TIC 185240613,174.17,-9.8022,4.82,0,,,,,5,5.2,ok
TIC 34978189,147.6743,-46.9337,4.83,0,,,,,7,7.9,ok
TIC 78585673,143.305,-45.5151,4.85,0,,,,,8,7.7,ok
TIC 140349824,126.9017,-53.0883,4.86,0,,,,,?,965.6,timeout
TIC 374677824,150.7057,-62.1566,4.86,0,,,,,6,6.2,ok
TIC 349647610,112.2143,-64.5099,4.86,0,,,,,44,9.0,ok
TIC 152738837,180.1858,-10.4495,4.87,0,,,,,5,5.0,ok
TIC 219187441,170.9708,-19.9086,4.88,0,,,,,5,5.1,ok
TIC 57378518,171.9946,-35.3289,4.88,0,,,,,6,6.0,ok
TIC 73074625,153.4406,-40.346,4.88,0,,,,,6,6.0,ok
TIC 441226198,145.2602,-57.2598,4.88,0,,,,,9,9.1,ok
TIC 400445441,134.0801,-52.7234,4.89,0,,,,,7,6.8,ok
TIC 38759751,66.9416,-62.5212,4.89,0,,,,,43,9.4,ok
TIC 102208559,154.3887,-47.9472,4.89,0,,,,,5,5.2,ok
TIC 382630542,118.6227,-61.8717,4.89,0,,,,,27,9.0,ok
TIC 465185147,162.6095,-59.9824,4.9,0,,,,,7,7.6,ok
TIC 271973682,114.0176,-77.634,4.9,0,,,,,27,9.0,ok
TIC 293972244,106.7,-58.3809,4.9,0,,,,,42,8.8,ok
TIC 466911307,167.1416,-61.9472,4.91,0,,,,,8,8.0,ok
TIC 38828538,68.3897,-62.8238,4.91,0,,,,,42,9.2,ok
TIC 458231448,159.3627,-58.7333,4.92,0,,,,,7,7.7,ok
TIC 464293053,155.9607,-57.954,4.92,0,,,,,8,7.9,ok
TIC 72906811,152.6574,-41.7162,4.93,0,,,,,7,6.8,ok
TIC 144248958,178.1879,-7.5967,4.93,0,,,,,5,5.3,ok
TIC 378037836,154.925,-65.1372,4.93,0,,,,,7,7.0,ok
TIC 302134539,132.6467,-66.7923,4.94,0,,,,,13,9.3,ok
TIC 390955053,161.0285,-63.961,4.94,0,,,,,8,7.8,ok
TIC 467450857,168.3748,-60.0913,4.95,0,,,,,7,6.9,ok
TIC 176960513,101.2315,-70.4337,4.95,0,,,,,41,8.9,ok
TIC 301867133,130.9764,-68.2114,4.95,0,,,,,16,9.3,ok
TIC 54361455,161.8889,-31.6032,4.95,0,,,,,6,6.1,ok
TIC 360383548,142.1953,-62.2729,4.96,0,,,,,8,7.5,ok
TIC 309920793,152.2342,-51.8113,4.96,0,,,,,6,5.9,ok
TIC 76666951,140.5999,-46.0473,4.96,0,,,,,8,7.9,ok
TIC 429356633,183.7483,-20.8442,4.96,0,,,,,3,3.2,ok
TIC 390441711,160.5585,-64.4663,4.96,0,,,,,7,7.3,ok
TIC 295071039,72.6837,-69.8313,4.98,0,,,,,43,9.0,ok
TIC 460693058,158.5528,-60.9876,4.98,0,,,,,8,7.8,ok
TIC 308395911,120.0832,-63.5673,4.98,0,,,,,28,8.9,ok
TIC 306384457,166.6219,-58.675,4.98,0,,,,,8,8.1,ok
TIC 57714798,174.1459,-33.5703,4.99,0,,,,,6,6.0,ok
TIC 303606981,139.3198,-68.6899,4.99,0,,,,,10,9.6,ok
TIC 40535161,174.6674,-13.2011,4.99,0,,,,,4,4.9,ok
TIC 400851344,134.4813,-48.5728,5.0,0,,,,,8,7.7,ok
TIC 439323673,143.3112,-57.8827,5.0,0,,,,,6,7.0,ok
TIC 204650822,184.9799,-26.7371,5.0,0,,,,,5,6.1,ok
TIC 465551520,163.8213,-60.5164,5.0,0,,,,,6,6.2,ok
TIC 443623692,186.3267,-27.749,5.0,0,,,,,4,4.2,ok
TIC 34876569,147.5306,-44.652,5.01,0,,,,,7,7.1,ok
TIC 303609983,139.4651,-67.0508,5.01,0,,,,,10,10.2,ok
TIC 391421181,161.7131,-64.3834,5.02,0,,,,,8,7.9,ok
TIC 371240328,146.7273,-69.5031,5.02,0,,,,,9,9.6,ok
TIC 446215954,147.5819,-50.4354,5.02,0,,,,,7,7.2,ok
TIC 453101438,116.0032,-67.2018,5.03,0,,,,,43,9.0,ok
TIC 259761784,153.3447,-51.2331,5.03,0,,38.5,rejete,variabilite_continue;eclipse_secondaire,7,11.7,ok
TIC 410905076,160.5381,-53.7204,5.03,0,,,,,8,9.1,ok
TIC 163450908,173.982,-47.642,5.04,0,,,,,6,6.3,ok
TIC 451256144,170.986,-57.8805,5.04,0,,,,,7,7.4,ok
TIC 374062307,149.9653,-60.2183,5.04,0,,,,,7,7.3,ok
TIC 32662773,176.5414,-24.8737,5.05,0,,,,,6,6.3,ok
TIC 372914091,119.4528,-60.3022,5.05,0,,,,,20,10.1,ok
TIC 303225294,164.0677,-58.0533,5.05,0,,,,,7,8.8,ok
TIC 370377905,142.8873,-66.719,5.06,0,,,,,?,142.5,timeout
TIC 429181615,177.4636,-27.5826,5.06,0,,,,,6,6.4,ok
TIC 465505600,163.5259,-62.0424,5.06,0,,,,,7,8.7,ok
TIC 386413568,139.4259,-54.4947,5.07,0,,,,,7,7.6,ok
TIC 459637433,163.1284,-57.2404,5.07,0,,,,,8,7.8,ok
TIC 360703026,142.6054,-64.0858,5.07,0,,,,,8,8.5,ok
TIC 45874765,149.5763,-40.7623,5.07,0,,,,,6,6.9,ok
TIC 359737516,141.0229,-61.6492,5.09,0,,,,,9,9.2,ok
TIC 296561077,141.6834,-53.5152,5.1,0,,,,,8,8.9,ok
TIC 364423809,69.5903,-77.6561,5.1,0,,,,,38,8.8,ok
TIC 73764350,155.8707,-38.0102,5.11,0,,,,,6,7.5,ok
TIC 220414802,71.0886,-59.7325,5.11,0,,39.6,rejete,variabilite_continue;eclipse_secondaire,41,15.7,ok
TIC 81169950,166.892,-48.6398,5.11,0,,,,,8,8.9,ok
TIC 350094361,115.1369,-64.3233,5.11,0,,,,,44,8.9,ok
TIC 458076646,158.9322,-58.245,5.11,0,,,,,6,7.2,ok
TIC 397399433,158.1595,-66.1815,5.11,0,,,,,7,7.5,ok
TIC 383287220,134.2433,-59.2293,5.11,0,,,,,11,9.7,ok
TIC 350765991,89.2001,-59.4222,5.12,0,,,,,43,10.1,ok
TIC 41331819,92.1834,-68.8433,5.13,0,,,,,33,9.7,ok
TIC 151763892,167.5889,-36.0951,5.13,0,,,,,7,7.1,ok
TIC 33661827,145.616,-46.8651,5.13,0,,,,,8,8.8,ok
TIC 146274744,158.1399,-44.6187,5.13,0,,,,,7,8.1,ok
TIC 310198518,127.6279,-63.082,5.13,0,,,,,13,10.4,ok
TIC 356077841,138.3802,-49.0948,5.14,0,,,,,8,8.3,ok
TIC 304355898,165.0663,-57.5604,5.14,0,,,,,7,8.1,ok
TIC 459577774,162.9933,-55.1383,5.14,0,,,,,7,7.7,ok
TIC 152466390,171.6343,-36.8834,5.15,0,,,,,6,7.3,ok
TIC 429324650,168.1451,-21.7493,5.16,0,,,,,5,7.8,ok
TIC 458704469,160.6689,-59.2157,5.16,0,,,,,7,8.7,ok
TIC 357126143,136.5321,-64.4997,5.16,0,,,,,11,10.2,ok
TIC 463274841,153.3425,-56.5867,5.17,0,,,,,8,10.0,ok
TIC 73440430,154.6574,-36.8045,5.17,0,,,,,7,8.2,ok
TIC 272642183,161.433,-53.6286,5.17,0,,,,,7,7.5,ok
TIC 453240313,146.4918,-72.2105,5.17,0,,,,,9,9.9,ok
TIC 382577618,118.4766,-60.5836,5.18,0,,,,,21,11.3,ok
TIC 163024899,172.1458,-42.6741,5.18,0,,,,,4,5.1,ok
TIC 464534525,156.4428,-54.9883,5.18,0,,,,,8,8.4,ok
TIC 354997544,129.6162,-62.8432,5.18,0,,,,,11,10.0,ok
TIC 34879783,147.4878,-45.7327,5.18,0,,,,,6,6.6,ok
TIC 103109978,156.5401,-42.7388,5.18,0,,,,,6,6.4,ok
TIC 152718189,179.789,-10.4757,5.18,0,,,,,6,6.3,ok
TIC 142141870,179.8428,-30.0608,5.18,0,,,,,6,6.8,ok
TIC 311072421,153.0949,-52.1629,5.18,0,,,,,7,6.7,ok
TIC 149219496,82.3222,-62.3144,5.19,0,,,,,38,8.5,ok
TIC 459065293,161.7392,-56.7572,5.19,0,,,,,6,6.0,ok
TIC 308086497,129.7719,-70.387,5.19,0,,,,,18,9.5,ok
TIC 102628474,155.2015,-47.566,5.2,0,,,,,6,6.0,ok
TIC 415822569,185.0441,-22.1759,5.2,0,,,,,4,4.8,ok
TIC 279573219,106.0765,-56.7497,5.2,0,,,,,35,9.1,ok
TIC 237934406,59.0177,-63.4635,5.21,0,,,,,29,8.8,ok
TIC 309146836,123.816,-62.9157,5.21,0,,,,,?,148.4,timeout
TIC 167572319,101.3551,-65.0443,5.21,0,,,,,39,8.9,ok
TIC 299149226,143.5365,-51.2552,5.22,0,,,,,8,7.6,ok
TIC 383801487,135.2138,-57.9169,5.22,0,,,,,8,7.2,ok
TIC 428685341,180.1759,-21.8376,5.22,0,,,,,5,4.9,ok
TIC 89713287,127.8735,-54.3943,5.22,0,,,,,10,9.4,ok
TIC 57611256,173.6173,-32.8256,5.22,0,,,,,5,5.3,ok
TIC 146431583,158.7929,-43.6644,5.23,0,,,,,7,7.2,ok
TIC 45410088,130.5858,-55.7743,5.23,0,,,,,9,8.6,ok
TIC 458199516,159.5124,-56.8172,5.23,0,,,,,7,7.2,ok
TIC 410996127,160.7542,-49.0568,5.23,0,,,,,8,7.6,ok
TIC 290022877,192.4403,-15.8833,5.23,0,,,,,5,4.9,ok
TIC 296561932,141.5746,-53.3788,5.23,0,,,,,8,7.7,ok
TIC 389865251,87.4726,-66.9011,5.23,0,,,,,26,9.2,ok
TIC 144124311,175.9801,-6.6775,5.23,0,,,,,6,6.0,ok
TIC 81919107,168.2361,-49.7361,5.24,0,,,,,8,7.7,ok
TIC 126575327,136.8111,-51.2118,5.24,0,,,,,8,7.8,ok
TIC 370010028,46.9532,-69.2648,5.25,0,,,,,13,9.3,ok
TIC 457427613,157.3973,-57.9664,5.25,0,,,,,7,7.2,ok
TIC 444093913,147.1659,-56.4118,5.25,0,,,,,7,6.9,ok
TIC 93844598,176.3024,-49.0698,5.25,0,,,,,7,6.8,ok
TIC 262573254,114.6556,-56.2293,5.25,0,,,,,20,8.8,ok
TIC 459714042,163.389,-56.4205,5.26,0,,,,,8,7.7,ok
TIC 300295060,160.2612,-52.0857,5.26,0,,,,,9,8.8,ok
TIC 382969293,133.7994,-54.9664,5.26,0,,,,,8,7.7,ok
TIC 81854295,168.1366,-49.1008,5.26,0,,,,,8,7.7,ok
TIC 461029064,159.5294,-60.5489,5.26,0,,,,,8,7.9,ok
TIC 103554525,157.4092,-43.0508,5.26,0,,,,,7,6.7,ok
TIC 462197287,150.4914,-57.3496,5.26,0,,,,,7,7.1,ok
TIC 350655963,88.0844,-57.1567,5.27,0,,,,,42,8.8,ok
TIC 165290320,178.9788,-39.6896,5.27,0,,,,,7,7.1,ok
TIC 91830175,171.6965,-53.1598,5.27,0,,,,,7,6.7,ok
TIC 423528378,185.1394,-22.2161,5.27,0,,,,,5,5.1,ok
TIC 364151367,139.6764,-51.5606,5.27,0,,,,,8,7.6,ok
TIC 187923010,159.1772,-27.6563,5.27,0,,,,,6,5.8,ok
TIC 350193559,151.097,-39.9759,5.28,0,,,,,7,6.8,ok
TIC 293082187,175.0696,-28.4967,5.28,0,,,,,6,5.7,ok
TIC 300015238,107.1767,-70.4963,5.28,0,,,,,42,8.8,ok
TIC 280286408,144.1914,-52.943,5.28,0,,,,,6,6.3,ok
TIC 287867700,128.1727,-73.3563,5.28,0,,,,,16,9.5,ok
TIC 73201323,153.8367,-36.5177,5.28,0,,,,,7,7.1,ok
TIC 287638396,125.5178,-73.3998,5.29,0,,,,,23,9.5,ok
TIC 382903517,137.4867,-52.0825,5.29,0,,,,,7,6.7,ok
TIC 350298145,83.7613,-58.871,5.29,0,,,,,44,8.7,ok
TIC 465416044,163.2132,-62.0091,5.3,0,,,,,7,7.1,ok
TIC 309476845,125.2817,-64.1061,5.3,0,,,,,18,9.9,ok
TIC 340458436,115.7218,-58.2298,5.3,0,,,,,21,8.8,ok
TIC 391421890,161.623,-64.2632,5.3,0,,,,,8,8.1,ok
TIC 81086852,166.581,-50.4476,5.3,0,,,,,8,8.3,ok
TIC 279359927,104.6648,-55.7297,5.3,0,,,,,32,9.2,ok
TIC 304080910,141.1536,-70.0758,5.3,0,,,,,8,7.8,ok
TIC 459290360,162.2482,-56.6025,5.3,0,,,,,7,7.3,ok
TIC 287003811,150.9368,-39.2788,5.3,0,,,,,6,6.3,ok
TIC 465864363,164.5624,-62.8672,5.31,0,,,,,8,8.2,ok
TIC 193294922,177.5817,-15.8635,5.31,0,,,,,3,3.6,ok
TIC 272443295,154.3665,-50.0972,5.31,0,,,,,6,6.5,ok
TIC 438748592,142.6151,-55.2321,5.31,0,,,,,8,8.0,ok
TIC 162626006,170.5958,-44.6461,5.32,0,,,,,7,6.8,ok
TIC 269794986,68.2368,-78.128,5.32,0,,,,,?,143.2,timeout
TIC 463445156,153.7922,-55.657,5.32,0,,,,,8,7.9,ok
TIC 103108009,156.3217,-42.4675,5.33,0,,,,,4,4.2,ok
TIC 80312692,165.15,-53.1117,5.33,0,,,,,7,6.7,ok
TIC 259592543,72.7294,-53.461,5.33,0,,,,,12,9.0,ok
TIC 460660941,158.5742,-62.711,5.33,0,,,,,6,6.3,ok
TIC 293671132,139.5242,-51.0507,5.34,0,,,,,6,6.0,ok
TIC 90212823,128.0205,-53.2118,5.34,0,,,,,8,7.4,ok
TIC 452468565,139.3544,-74.8941,5.34,0,,,,,12,10.4,ok
TIC 458860659,161.1875,-59.5652,5.34,0,,,,,6,6.5,ok
TIC 463794734,154.6549,-56.1096,5.35,0,,,,,8,7.7,ok
TIC 141969034,177.9233,-30.8369,5.35,0,,,,,6,5.9,ok
TIC 72479538,151.3136,-36.3845,5.35,0,,,,,8,8.4,ok
TIC 81085692,166.614,-50.9567,5.36,0,,,,,8,7.4,ok
TIC 46265415,132.1953,-57.4869,5.36,0,,,,,10,9.5,ok
TIC 437288983,174.2491,-22.9477,5.36,0,,,,,6,6.0,ok
TIC 448585725,166.2256,-35.8046,5.37,0,,,,,6,6.0,ok
TIC 382509773,117.3027,-60.2825,5.37,0,,,,,27,9.0,ok
TIC 340215551,114.0065,-55.8876,5.37,0,,,,,18,8.9,ok
TIC 157321602,176.7797,-35.9071,5.37,0,,,,,6,6.3,ok
TIC 219701594,175.5146,-20.2946,5.37,0,,,,,5,5.0,ok
TIC 277982164,104.1436,-79.4202,5.37,0,,,,,23,9.1,ok
TIC 152315703,170.9665,-40.509,5.37,0,,,,,6,6.0,ok
TIC 54351053,161.4953,-35.2512,5.38,0,,,,,5,5.2,ok
TIC 49068464,164.8072,-33.738,5.38,0,,,,,6,6.0,ok
TIC 38828619,68.387,-63.0291,5.38,0,,,,,31,8.7,ok
TIC 444093070,147.1681,-55.4953,5.38,0,,,,,5,5.1,ok
TIC 272319474,118.8386,-76.4975,5.39,0,,,,,25,9.6,ok
TIC 445586413,117.0812,-56.471,5.39,0,,,,,14,9.1,ok
TIC 452039722,173.5566,-54.5557,5.39,0,,,,,6,6.3,ok
TIC 1629931,188.1489,-13.8595,5.39,0,,,,,5,4.9,ok
TIC 389301327,183.8927,-31.6902,5.39,0,,,,,4,4.1,ok
TIC 295582613,140.9972,-51.7371,5.39,0,,,,,8,7.9,ok
TIC 34504326,146.92,-46.6402,5.39,0,,,,,7,7.0,ok
TIC 140031673,126.3804,-51.7273,5.39,0,,,,,10,9.4,ok
TIC 466541437,166.1214,-62.9621,5.4,0,,,,,8,7.9,ok
TIC 343088838,126.0938,-55.7895,5.4,0,,,,,11,9.5,ok
TIC 272638098,161.044,-53.0939,5.4,0,,,,,8,7.9,ok
TIC 259885176,40.7108,-71.2044,5.41,0,,,,,12,9.5,ok
TIC 34813771,147.287,-43.4827,5.41,0,,,,,7,6.9,ok
TIC 118413949,128.8145,-58.2247,5.41,0,,,,,9,8.5,ok
TIC 178712494,166.0517,-45.7405,5.41,0,,,,,7,6.8,ok
TIC 157701844,172.2175,-16.5949,5.41,0,,,,,4,4.2,ok
TIC 260416268,95.7321,-56.3701,5.41,0,,,,,41,9.2,ok
TIC 20319492,167.1827,-28.0808,5.41,0,,,,,5,5.1,ok
TIC 94196291,130.9178,-49.8228,5.42,0,,,,,8,7.6,ok
TIC 402131888,182.8891,-27.0708,5.42,0,,,,,5,4.8,ok
TIC 370956772,145.6503,-68.4382,5.42,0,,,,,9,9.0,ok
TIC 20423655,168.0791,-29.7825,5.42,0,,,,,5,5.0,ok
TIC 307160124,124.0005,-68.4722,5.42,0,,,,,27,9.1,ok
TIC 415809506,184.9273,-19.1988,5.42,0,,,,,4,4.1,ok
TIC 181862541,190.3167,-13.0149,5.43,0,,,,,5,5.0,ok
TIC 458564349,160.5231,-59.5574,5.43,0,,,,,7,7.1,ok
TIC 386072621,138.8944,-57.5777,5.43,0,,,,,9,9.3,ok
TIC 178709675,166.1288,-47.6789,5.43,0,,,,,7,6.8,ok
TIC 307291318,124.9536,-71.5147,5.43,0,,,,,29,9.1,ok
TIC 422406221,182.7655,-23.6026,5.44,0,,,,,4,4.0,ok
TIC 437872314,141.9801,-57.3296,5.44,0,,,,,7,7.6,ok
TIC 349089589,185.5774,-15.5556,5.44,0,,,,,4,4.1,ok
TIC 391346342,161.5687,-64.5145,5.44,0,,,,,?,985.1,timeout
TIC 142039824,178.5469,-30.907,5.44,0,,,,,7,26.6,ok
TIC 162798862,170.9846,-44.6728,5.45,0,,,,,7,7.3,ok
TIC 374094863,159.9921,-49.2795,5.45,0,,,,,8,7.9,ok
TIC 178535942,165.0645,-44.9107,5.45,0,,,,,8,8.0,ok
TIC 81008547,166.5239,-51.2134,5.45,0,,,,,6,6.2,ok
TIC 73725048,155.9182,-41.9531,5.45,0,,,,,6,6.0,ok
TIC 295689389,140.9386,-48.8667,5.45,0,,,,,7,6.9,ok
TIC 344496352,156.0582,-69.9177,5.45,0,,,,,6,6.2,ok
TIC 181862539,190.3156,-13.0138,5.46,0,,,,,6,6.1,ok
TIC 468976732,144.0611,-52.5448,5.46,0,,,,,8,7.4,ok
TIC 387176295,140.4577,-55.5142,5.46,0,,,,,7,7.0,ok
TIC 101960313,153.7531,-44.4678,5.46,0,,,,,4,4.7,ok
TIC 260041674,91.278,-56.2329,5.46,0,,,,,44,9.2,ok
TIC 83153075,188.7347,-20.8364,5.46,0,,,,,4,4.0,ok
TIC 146608860,159.7095,-42.7535,5.46,0,,,,,7,7.0,ok
TIC 386567366,139.6036,-57.273,5.47,0,,,,,6,5.8,ok
TIC 5911169,188.1357,-21.2125,5.47,0,,,,,4,4.1,ok
TIC 378712246,155.5311,-61.8503,5.47,0,,,,,7,7.3,ok
TIC 428684629,180.213,-19.6589,5.48,0,,,,,3,3.3,ok
TIC 297024200,187.0074,-14.4512,5.48,0,,,,,5,4.9,ok
TIC 334895402,171.7889,-12.3566,5.48,0,,,,,4,4.2,ok
TIC 342063078,122.39,-56.0851,5.49,0,,,,,11,9.3,ok
TIC 33833289,63.6293,-75.808,5.49,0,,,,,38,9.5,ok
TIC 146433318,158.7124,-44.9489,5.49,0,,,,,5,5.2,ok
TIC 163486329,173.9037,-47.1683,5.49,0,,,,,6,6.0,ok
TIC 309292175,124.23,-60.5505,5.49,0,,,,,16,9.2,ok
TIC 93269689,129.6999,-53.5228,5.49,0,,,,,8,7.9,ok
TIC 345942372,193.2448,-14.6207,5.5,0,,,,,5,4.9,ok
TIC 220457904,74.5082,-58.2083,5.5,0,,,,,44,9.2,ok
TIC 339962335,112.5747,-57.2103,5.5,0,,,,,25,9.0,ok
TIC 452714783,172.4062,-28.0306,5.5,0,,,,,6,5.8,ok
TIC 294974397,140.4963,-52.5643,5.5,0,,,,,8,8.2,ok
TIC 349677777,112.2851,-63.2456,5.51,0,,,,,44,9.6,ok
TIC 72658342,152.0066,-37.3334,5.51,0,,,,,6,6.0,ok
TIC 415681816,163.7981,-20.6649,5.51,0,,,,,5,5.1,ok
TIC 73074667,153.4854,-40.3108,5.51,0,,,,,7,6.7,ok
TIC 157788783,173.3119,-16.2806,5.52,0,,,,,3,3.3,ok
TIC 176873735,100.9034,-73.1189,5.52,0,,,,,41,9.8,ok
TIC 91785988,171.5508,-51.3606,5.52,0,,,,,7,6.9,ok
TIC 53957066,159.3033,-31.7627,5.52,0,,,,,6,6.6,ok
TIC 453895689,153.6585,-68.2326,5.52,0,,,,,8,7.8,ok
TIC 167813113,104.7804,-60.8421,5.53,0,,,,,44,9.1,ok
TIC 297024771,186.956,-16.6318,5.53,0,,,,,5,5.1,ok
TIC 297967252,142.5211,-51.5171,5.53,0,,,,,8,7.7,ok
TIC 370227780,85.6709,-75.2504,5.54,0,,,,,44,8.5,ok
TIC 371686280,148.5358,-69.6232,5.54,0,,,,,8,8.2,ok
TIC 142324512,181.2997,-34.209,5.54,0,,,,,6,6.2,ok
TIC 177075997,102.8625,-70.9632,5.54,0,,,,,43,9.4,ok
TIC 261205462,87.5698,-79.3609,5.54,0,,,,,?,150.4,timeout
TIC 144189004,177.2949,-7.3606,5.54,0,,,,,5,5.5,ok
TIC 400527618,134.2439,-49.681,5.55,0,,,,,8,7.5,ok
TIC 41533313,93.728,-71.6559,5.55,0,,,,,41,9.0,ok
TIC 397361078,175.3317,-43.0956,5.55,0,,,,,8,7.8,ok
TIC 296099642,141.3385,-51.6725,5.56,0,,,,,8,8.0,ok
TIC 464110897,155.5428,-58.2654,5.56,0,,,,,8,8.0,ok
TIC 55478023,71.2411,-63.2297,5.56,0,,,,,44,9.1,ok
TIC 99141741,183.7764,-29.2374,5.57,0,,,,,5,4.9,ok
TIC 176876294,100.2405,-71.7755,5.57,0,,,,,44,9.2,ok
TIC 149347992,83.7392,-61.1762,5.57,0,,,,,43,8.9,ok
TIC 31799975,51.401,-69.336,5.57,0,,,,,22,9.2,ok
TIC 49099038,165.1693,-31.8387,5.57,0,,,,,6,6.0,ok
TIC 54082465,160.2145,-35.7417,5.57,0,,,,,6,6.5,ok
TIC 356302647,134.0713,-60.4719,5.57,0,,,,,10,9.4,ok
TIC 70829383,152.3785,-35.8566,5.57,0,,,,,6,6.4,ok
TIC 303608809,139.3075,-67.6765,5.58,0,,,,,9,8.8,ok
TIC 78106977,142.6379,-45.5704,5.58,0,,,,,8,7.9,ok
TIC 458834083,161.0834,-58.0648,5.58,0,,,,,7,7.1,ok
TIC 340216929,114.0149,-57.2954,5.58,0,,,,,23,8.7,ok
TIC 134420081,150.2347,-50.6338,5.58,0,,,,,6,6.0,ok
TIC 372913375,119.5401,-60.8168,5.58,0,,,,,22,9.0,ok
TIC 307573730,126.8194,-70.0932,5.58,0,,,,,22,8.9,ok
TIC 299943748,106.5598,-68.8376,5.59,0,,,,,42,8.8,ok
TIC 300290824,110.2287,-71.5324,5.59,0,,,,,42,9.2,ok
TIC 463627948,154.2909,-55.9225,5.59,0,,,,,6,6.6,ok
TIC 48780499,162.4872,-34.0581,5.6,0,,,,,5,5.3,ok
TIC 23559976,169.2397,-34.9273,5.6,0,,,,,7,7.0,ok
TIC 167720039,103.4345,-65.9138,5.6,0,,,,,44,8.7,ok
TIC 462876889,152.4145,-56.6542,5.61,0,,,,,8,8.0,ok
TIC 458533793,160.221,-57.9356,5.61,0,,,,,6,6.2,ok
TIC 53612113,157.3972,-30.6071,5.61,0,,,,,6,6.2,ok
TIC 55852584,75.986,-65.0121,5.61,0,,,,,40,9.8,ok
TIC 453467549,170.1294,-10.2945,5.61,0,,,,,5,5.1,ok
TIC 134653865,182.2274,-41.2317,5.61,0,,,,,6,5.9,ok
TIC 457766442,158.1991,-58.6667,5.61,0,,,,,6,6.0,ok
TIC 31798594,51.0101,-69.6245,5.61,0,,26.5,rejete,variabilite_continue;eclipse_secondaire;compagnon_trop_gros_2.7Rjup,19,15.0,ok
TIC 162683152,170.6845,-42.948,5.62,0,,,,,7,7.2,ok
TIC 89616588,127.4015,-55.191,5.62,0,,,,,8,7.8,ok
TIC 464459950,156.2466,-58.5763,5.62,0,,,,,7,7.1,ok
TIC 464531488,156.5663,-54.5215,5.62,0,,,,,8,8.0,ok
TIC 176941311,183.7942,-10.3196,5.62,0,,,,,6,5.5,ok
TIC 77161543,141.2556,-45.3764,5.62,0,,,,,7,6.8,ok
TIC 167121012,95.9932,-68.6008,5.62,0,,,,,35,8.9,ok
TIC 14717198,174.7521,-24.7228,5.62,0,,,,,6,5.9,ok
TIC 457803940,158.3557,-58.1901,5.62,0,,,,,6,6.0,ok
TIC 466739789,166.7563,-63.1187,5.62,0,,,,,8,7.9,ok
TIC 358559634,151.3036,-42.1723,5.62,0,,,,,7,7.1,ok
TIC 280051467,45.565,-71.9023,5.63,0,,,,,13,9.1,ok
TIC 452314602,174.2896,-55.4636,5.63,0,,,,,6,6.1,ok
TIC 54198580,160.8248,-31.76,5.63,0,,,,,5,5.1,ok
TIC 20417152,167.9908,-26.806,5.63,0,,,,,5,4.9,ok
TIC 461200033,181.5539,-38.6757,5.63,0,,,,,5,5.2,ok
TIC 54195770,160.6797,-32.7157,5.63,0,,,,,6,6.5,ok
TIC 397149515,131.178,-74.788,5.63,0,,,,,14,10.2,ok
TIC 375879953,152.3398,-61.5485,5.63,0,,,,,5,5.3,ok
TIC 93272269,129.8491,-53.4396,5.63,0,,,,,7,6.5,ok
TIC 94017750,176.558,-48.2098,5.63,0,,,,,6,5.7,ok
TIC 363237221,145.9252,-53.891,5.63,0,,,,,8,7.8,ok
TIC 157773438,172.9215,-12.3813,5.63,0,,,,,4,4.4,ok
TIC 952642200,183.7941,-10.3168,5.63,0,,,,,2,2.4,ok
TIC 439609547,143.4444,-54.0397,5.63,0,,,,,7,6.8,ok
TIC 305693987,166.0119,-54.1978,5.63,0,,,,,7,6.9,ok
TIC 141482069,86.9504,-72.7021,5.63,0,,,,,42,8.9,ok
TIC 270372747,176.6216,-24.4844,5.64,0,,,,,6,6.8,ok
TIC 364936760,169.652,-24.3432,5.64,0,,,,,6,7.4,ok
TIC 375034557,99.5008,-61.5329,5.64,0,,,,,39,10.1,ok
TIC 382510863,117.4781,-60.0514,5.64,0,,,,,23,8.8,ok
TIC 397394991,177.6543,-27.2779,5.64,0,,,,,6,6.2,ok
TIC 386905827,140.3253,-58.6827,5.64,0,,,,,8,8.4,ok
TIC 76182862,140.0638,-45.1732,5.64,0,,,,,8,16.8,ok
TIC 462035504,150.1432,-56.9459,5.64,0,,,,,7,7.4,ok
TIC 464907793,160.0474,-65.1001,5.65,0,,,,,7,7.3,ok
TIC 238198771,57.5803,-75.8956,5.65,0,,,,,29,9.9,ok
TIC 415783554,184.611,-20.8098,5.65,0,,,,,5,5.0,ok
TIC 458858205,161.2388,-59.9351,5.65,0,,,,,8,8.0,ok
TIC 14663544,174.1897,-24.4394,5.65,0,,,,,6,5.9,ok
TIC 151941232,168.8719,-41.0572,5.65,0,,,,,5,5.1,ok
TIC 310539654,128.8197,-63.4414,5.65,0,,,,,11,9.2,ok
TIC 20374960,167.4943,-29.7943,5.65,0,,,,,5,5.9,ok
TIC 286910068,190.4545,-19.759,5.65,0,,,,,4,4.2,ok
TIC 371240230,146.8493,-69.572,5.65,0,,,,,9,8.4,ok
TIC 437279730,141.3304,-54.4638,5.65,0,,,,,8,7.8,ok
TIC 294747615,70.7667,-70.9308,5.65,0,,,,,43,9.7,ok
TIC 349371980,109.8845,-61.1449,5.66,0,,,,,44,9.1,ok
TIC 309151373,123.9358,-60.0571,5.66,0,,,,,15,12.5,ok
TIC 167554964,101.1841,-61.2242,5.66,0,,,,,39,9.7,ok
TIC 106080157,157.9153,-41.1077,5.66,0,,,,,6,5.9,ok
TIC 157791562,173.5157,-16.046,5.66,0,,,,,4,5.2,ok
TIC 138998040,151.5294,-52.1878,5.66,0,,,,,6,6.2,ok
TIC 458856474,161.1405,-59.7376,5.67,0,,,,,6,6.0,ok
TIC 259850442,153.366,-51.7557,5.67,0,,,,,7,7.2,ok
TIC 31929199,53.971,-69.1929,5.67,0,,,,,21,9.0,ok
TIC 374426637,150.5003,-60.4209,5.67,0,,,,,7,6.9,ok
TIC 282092032,135.021,-75.7256,5.67,0,,,,,12,9.7,ok
TIC 459774409,163.655,-55.6191,5.67,0,,,,,7,7.0,ok
TIC 359822522,141.3617,-61.9501,5.67,0,,,,,9,9.8,ok
TIC 167656187,102.5043,-60.2484,5.68,0,,,,,40,9.1,ok
TIC 82102591,168.522,-48.6005,5.68,0,,,,,8,7.6,ok
TIC 237940785,59.7177,-65.8814,5.68,0,,,,,38,9.2,ok
TIC 451519667,171.7528,-56.28,5.68,0,,,,,5,5.4,ok
TIC 459004497,161.4337,-59.4078,5.68,0,,,,,6,6.0,ok
TIC 445586826,117.0629,-54.7143,5.68,0,,,,,12,9.0,ok
TIC 147188238,162.172,-47.7497,5.68,0,,,,,8,9.5,ok
TIC 451346424,171.1002,-55.138,5.68,0,,,,,6,6.1,ok
TIC 220436223,73.7223,-58.5472,5.69,0,,,,,44,9.3,ok
TIC 463445768,153.7803,-55.5492,5.7,0,,,,,8,7.8,ok
TIC 181861664,190.15,-14.0998,5.7,0,,,,,6,5.7,ok
TIC 413394315,176.8444,-18.3811,5.7,0,,,,,3,3.4,ok
TIC 122091954,132.902,-57.6335,5.7,0,,,,,10,13.0,ok
TIC 434513165,189.685,-18.2499,5.7,0,,,,,4,5.3,ok
TIC 144168568,177.0971,-10.3139,5.71,0,,,,,5,4.9,ok
TIC 340634155,116.3979,-56.7225,5.71,0,,,,,15,8.8,ok
TIC 339890862,112.0476,-58.0728,5.71,0,,,,,?,155.1,timeout
TIC 150431920,97.4175,-61.2419,5.71,0,,,,,43,44.7,ok
TIC 452718432,172.5859,-25.7986,5.72,0,,,,,6,5.8,ok
TIC 279476396,105.2705,-58.9389,5.72,0,,,,,43,9.0,ok
TIC 356837591,135.3282,-64.9241,5.72,0,,,,,11,9.4,ok
TIC 375563752,170.0768,-28.3322,5.72,0,,,,,6,6.4,ok
TIC 349053584,184.8281,-16.2737,5.72,0,,,,,4,4.4,ok
TIC 73114663,153.5572,-39.1038,5.72,0,,,,,7,7.6,ok
TIC 272447907,154.4084,-48.4178,5.72,0,,,,,6,7.6,ok
TIC 463103957,152.9434,-58.0605,5.72,0,,,,,8,7.8,ok
TIC 460874627,158.9681,-60.0399,5.73,0,,,,,6,6.9,ok
TIC 401120275,135.0044,-49.5579,5.74,0,,,,,8,7.6,ok
TIC 23610552,169.7083,-30.4737,5.74,0,,,,,4,6.2,ok
TIC 307291308,125.0018,-71.5051,5.74,0,,,,,28,9.1,ok
TIC 279510954,105.5071,-59.4606,5.75,0,,,,,43,9.2,ok
TIC 150392584,96.6382,-60.5573,5.75,0,,,,,44,8.9,ok
TIC 132480701,148.7131,-50.2439,5.75,0,,,,,7,7.0,ok
TIC 434494629,172.9472,-20.7763,5.75,0,,,,,6,6.2,ok
TIC 147209584,162.3563,-42.3673,5.75,0,,,,,5,5.1,ok
TIC 372850543,98.193,-61.8276,5.75,0,,,,,28,8.8,ok
TIC 391624171,138.9782,-49.9735,5.75,0,,,,,8,7.6,ok
TIC 188243099,162.9991,-24.3708,5.75,0,,,,,4,4.6,ok
TIC 390760531,160.963,-64.249,5.75,0,,,,,7,7.1,ok
TIC 41232189,91.5393,-66.0394,5.75,0,,,,,27,9.0,ok
TIC 303810866,164.5201,-55.7838,5.75,0,,,,,8,7.7,ok
TIC 469247903,148.6411,-58.4213,5.75,0,,,,,5,5.7,ok
TIC 461203071,181.6575,-37.8601,5.75,0,,,,,5,7.6,ok
TIC 391869539,174.7733,-16.6122,5.76,0,,,,,4,4.3,ok
TIC 391901960,115.7164,-71.5418,5.76,0,,,,,43,9.1,ok
TIC 23223563,166.7179,-30.5554,5.76,0,,,,,5,5.3,ok
TIC 259751257,153.2705,-47.9197,5.76,0,,,,,6,5.8,ok
TIC 120856811,164.2823,-50.7649,5.76,0,,19.6,rejete,variabilite_continue;eclipse_secondaire;compagnon_trop_gros_2.1Rjup,8,12.3,ok
TIC 429358056,183.9536,-22.0557,5.76,0,,,,,5,5.0,ok
TIC 168384614,166.4901,-27.288,5.76,0,,,,,4,4.0,ok
TIC 348967149,183.9578,-13.8167,5.76,0,,,,,5,4.8,ok
TIC 34384351,146.6264,-44.7551,5.76,0,,,,,7,6.6,ok
TIC 383143632,134.0467,-55.5283,5.76,0,,,,,7,6.9,ok
TIC 453472305,188.0414,-27.5662,5.77,0,,,,,4,4.2,ok
TIC 303777184,139.8716,-67.4313,5.77,0,,,,,9,8.8,ok
TIC 55501960,72.196,-60.259,5.78,0,,,,,40,8.9,ok
TIC 119922044,162.5715,-49.1124,5.78,0,,,,,6,6.1,ok
TIC 384769074,136.8276,-57.4636,5.78,0,,,,,6,6.9,ok
TIC 140690428,73.2724,-72.4058,5.78,0,,,,,42,9.6,ok
TIC 302591641,134.2856,-71.0168,5.78,0,,,,,7,7.5,ok
TIC 38469670,61.8431,-64.22,5.78,0,,,,,42,8.8,ok
TIC 307492324,126.5113,-71.0769,5.79,0,,,,,24,10.0,ok
TIC 442654378,146.4807,-58.7933,5.79,0,,,,,7,7.9,ok
TIC 451119853,170.5651,-58.3864,5.79,0,,,,,7,8.0,ok
TIC 372959857,152.8024,-67.8923,5.79,0,,,,,7,8.8,ok
TIC 287954622,128.9476,-77.0008,5.79,0,,,,,11,11.1,ok
TIC 23327012,167.4726,-32.3677,5.79,0,,,,,?,0.4,erreur
TIC 307435661,125.8555,-70.2486,5.79,0,,,,,26,8.9,ok
TIC 457349679,157.1998,-57.2329,5.79,0,,,,,7,12.2,ok
TIC 181240055,174.9933,-38.1085,5.79,0,,,,,7,13.0,ok
TIC 188088554,161.6767,-26.0478,5.79,0,,,,,6,6.0,ok
TIC 299940359,106.146,-68.2485,5.79,0,,,,,42,12.1,ok
TIC 453100169,116.2226,-68.7567,5.79,0,,,,,43,14.0,ok
TIC 375228785,134.2326,-73.9218,5.8,0,,,,,12,9.9,ok
TIC 92702180,173.764,-53.2421,5.8,0,,,,,5,9.1,ok
TIC 272560989,161.0395,-51.9237,5.8,0,,,,,6,6.0,ok
TIC 260192754,93.4185,-56.9185,5.8,0,,,,,42,10.0,ok
TIC 287099451,166.6084,-16.5312,5.8,0,,,,,?,140.1,timeout
TIC 341851883,121.8262,-56.6476,5.8,0,,,,,12,9.1,ok
TIC 401478684,135.4355,-52.1886,5.8,0,,,,,8,10.8,ok
TIC 308616873,121.6502,-63.5155,5.81,0,,,,,23,8.9,ok
TIC 220402024,69.5312,-58.2036,5.81,0,,,,,35,8.9,ok
TIC 260640910,97.9929,-58.7538,5.81,0,,,,,44,8.9,ok
TIC 144197711,177.7957,-7.9918,5.81,0,,,,,4,4.2,ok
TIC 459164984,162.0224,-59.9191,5.81,0,,,,,8,8.0,ok
TIC 350346371,84.6071,-54.9542,5.81,0,,,,,39,10.4,ok
TIC 361741243,144.708,-64.4889,5.81,0,,,,,9,8.8,ok
TIC 150359260,96.0572,-60.2811,5.81,0,,,,,43,9.2,ok
TIC 299231532,143.4354,-49.005,5.82,0,,,,,7,6.9,ok
TIC 452713333,172.4106,-24.4639,5.82,0,,,,,5,5.0,ok
TIC 294159692,107.9808,-56.1552,5.82,0,,,,,31,8.6,ok
TIC 300328258,110.7773,-70.6364,5.82,0,,,,,41,8.9,ok
TIC 35528112,148.5958,-46.6368,5.82,0,,,,,5,5.4,ok
TIC 372813812,152.3755,-68.6826,5.83,0,,,,,7,6.8,ok
TIC 465734733,164.0482,-60.4535,5.83,0,,,,,4,4.2,ok
TIC 448695689,182.0804,-34.6749,5.83,0,,,,,6,7.6,ok
TIC 393474846,167.7086,-45.5844,5.83,0,,,,,7,6.7,ok
TIC 458924632,161.3731,-55.7914,5.83,0,,,,,7,9.2,ok
TIC 375128898,151.4343,-61.1722,5.83,0,,,,,6,6.1,ok
TIC 373185440,139.7992,-50.3863,5.83,0,,,,,6,5.7,ok
TIC 451201910,170.7835,-56.7793,5.83,0,,,,,5,5.2,ok
TIC 77556406,178.8759,-24.8573,5.84,0,,,,,5,4.9,ok
TIC 461167379,171.9064,-25.8607,5.84,0,,,,,5,5.1,ok
TIC 193317388,177.6665,-12.867,5.84,0,,,,,2,2.3,ok
TIC 438572733,142.4022,-58.299,5.84,0,,,,,7,7.0,ok
TIC 334852231,171.4262,-14.5373,5.84,0,,,,,4,4.3,ok
TIC 31867144,52.7158,-66.4897,5.84,0,,,,,19,9.2,ok
TIC 157324520,176.8137,-30.2881,5.84,0,,,,,6,6.2,ok
TIC 349065349,185.2123,-12.8533,5.84,0,,,,,5,4.7,ok
TIC 178357965,164.4069,-45.8759,5.84,0,,,,,6,6.0,ok
TIC 355379702,131.1237,-65.8247,5.84,0,,,,,13,10.3,ok
TIC 433007215,170.461,-24.9949,5.84,0,,,,,5,4.8,ok
TIC 449943819,168.3782,-59.6193,5.85,0,,,,,7,6.8,ok
TIC 450037737,168.2776,-56.41,5.85,0,,,,,5,5.2,ok
TIC 381949031,76.3481,-57.1951,5.85,0,,,,,43,9.3,ok
TIC 282048639,132.4587,-72.5512,5.85,0,,,,,13,9.2,ok
TIC 457835140,158.3129,-55.3869,5.85,0,,,,,7,6.7,ok
TIC 270262695,175.2824,-29.1949,5.85,0,,,,,6,5.7,ok
TIC 185191335,172.9857,-6.4711,5.85,0,,,,,6,5.8,ok
TIC 158741976,165.5032,-37.8335,5.85,0,,,,,7,6.6,ok
TIC 340985103,118.1239,-54.3671,5.85,0,,,,,12,8.9,ok
TIC 83207850,188.9952,-20.5278,5.85,0,,,,,4,4.4,ok
TIC 443790063,147.1126,-57.6586,5.85,0,,,,,5,5.4,ok
TIC 373943437,149.7739,-63.3456,5.85,0,,,,,8,7.7,ok
TIC 77166769,141.3143,-46.9427,5.86,0,,,,,6,6.0,ok
TIC 463472968,153.8116,-54.4782,5.86,0,,,,,8,7.8,ok
TIC 34296700,146.5373,-45.918,5.86,0,,,,,6,6.0,ok
TIC 152061708,169.4278,-36.534,5.86,0,,,,,7,6.6,ok
TIC 54415101,162.0585,-31.6879,5.86,0,,,,,6,5.8,ok
TIC 57795673,174.9395,-34.9821,5.86,0,,,,,7,6.7,ok
TIC 356095496,133.4526,-60.3538,5.86,0,,18.3,rejete,variabilite_continue;eclipse_secondaire,11,16.9,ok
TIC 150357613,96.1106,-63.4296,5.87,0,,,,,40,8.7,ok
TIC 30722080,75.3867,-68.0285,5.87,0,,,,,31,9.0,ok
TIC 163081394,172.2314,-43.4793,5.87,0,,,,,6,5.8,ok
TIC 152597296,172.4255,-38.4569,5.87,0,,,,,8,7.4,ok
TIC 36232310,149.8014,-47.0923,5.87,0,,,,,6,6.1,ok
TIC 177116244,103.9207,-68.5054,5.87,0,,,,,41,8.7,ok
TIC 389672830,86.8427,-67.7581,5.87,0,,,,,30,9.4,ok
TIC 281924940,129.6537,-74.0731,5.87,0,,,,,?,278.5,timeout
TIC 219716387,154.1906,-49.3642,5.88,0,,,,,5,5.3,ok
TIC 386703603,188.8884,-12.0212,5.88,0,,,,,5,4.7,ok
TIC 106197013,158.3799,-40.2386,5.88,0,,,,,4,4.4,ok
TIC 176930969,100.4258,-71.2176,5.88,0,,,,,29,9.0,ok
TIC 429358497,183.902,-20.5293,5.88,0,,,,,5,4.8,ok
TIC 46107485,132.0582,-57.6583,5.88,0,,,,,10,9.2,ok
TIC 377948572,154.7351,-61.3828,5.88,0,,,,,7,7.0,ok
TIC 340484005,116.1691,-54.64,5.88,0,,,,,12,9.2,ok
TIC 306844182,166.9888,-58.2906,5.88,0,,,,,6,6.6,ok
TIC 294327531,108.9149,-58.8055,5.89,0,,,,,31,9.1,ok
TIC 297138738,187.518,-13.3935,5.89,0,,,,,5,5.1,ok
TIC 57717864,174.255,-32.9888,5.89,0,,,,,6,6.1,ok
TIC 260266504,94.0777,-59.2157,5.89,0,,,,,39,8.9,ok
TIC 204699050,185.7499,-24.871,5.89,0,,,,,5,5.0,ok
TIC 403802333,179.4756,-27.7114,5.89,0,,,,,5,5.2,ok
TIC 350295877,83.4356,-54.9022,5.89,0,,,,,39,8.7,ok
TIC 459704279,163.2846,-57.822,5.89,0,,,,,8,12.0,ok
TIC 300039724,107.82,-70.1188,5.89,0,,,,,41,15.1,ok
TIC 188088353,161.6937,-25.5339,5.9,0,,,,,4,4.2,ok
TIC 106501885,159.8174,-36.677,5.9,0,,,,,6,6.2,ok
TIC 54198047,160.9066,-30.8676,5.9,0,,,,,5,5.1,ok
TIC 304219387,142.1267,-66.7015,5.9,0,,,,,9,9.0,ok
TIC 383514377,134.5928,-59.2198,5.9,0,,,,,8,11.6,ok
TIC 134812686,183.3541,-38.9293,5.9,0,,,,,6,5.9,ok
TIC 297463086,142.2559,-52.1817,5.9,0,,,,,2,2.5,ok
TIC 362668826,146.2319,-64.6534,5.9,0,,,,,5,5.3,ok
TIC 429326873,168.3341,-22.037,5.9,0,,,,,4,4.0,ok
TIC 461157363,165.6024,-26.8324,5.9,0,,,,,5,5.0,ok
TIC 371379078,147.4768,-68.4192,5.91,0,,,,,9,8.6,ok
TIC 303301814,159.6787,-49.7421,5.91,0,,,,,6,11.5,ok
TIC 106818417,161.2888,-39.4668,5.91,0,,,,,6,9.8,ok
TIC 220418532,71.7788,-59.137,5.91,0,,,,,44,8.9,ok
TIC 451090601,170.5614,-56.6026,5.91,0,,,,,6,5.8,ok
TIC 134754537,182.6413,-37.8706,5.91,0,,,,,6,9.8,ok
TIC 177077420,103.153,-70.5098,5.91,0,,,,,31,9.0,ok
TIC 178450817,164.9968,-43.807,5.91,0,,,,,7,6.6,ok
TIC 71720393,156.6444,-34.7008,5.92,0,,,,,7,7.1,ok
TIC 452468734,139.3641,-74.7343,5.92,0,,,,,12,9.6,ok
TIC 152022381,169.2211,-38.3986,5.92,0,,,,,5,5.1,ok
TIC 437231668,164.7366,-19.6053,5.92,0,,,,,4,4.1,ok
TIC 401687356,135.7931,-49.6965,5.92,0,,,,,6,6.0,ok
TIC 146238523,157.9892,-45.0667,5.92,0,,,,,7,6.8,ok
TIC 177354054,104.3344,-75.9877,5.92,0,,,,,31,9.3,ok
TIC 405619285,191.1785,-17.7785,5.92,0,,,,,3,3.2,ok
TIC 295442862,140.7748,-53.8201,5.92,0,,,,,8,8.0,ok
TIC 363347847,163.8679,-26.979,5.92,0,,,,,4,4.2,ok
TIC 388632909,125.7296,-52.1236,5.92,0,,,,,9,8.5,ok
TIC 137421889,151.0857,-48.4455,5.92,0,,,,,6,6.1,ok
TIC 360199591,141.6827,-64.9293,5.93,0,,24.8,rejete,variabilite_continue;eclipse_secondaire,8,13.0,ok
TIC 391872667,174.8763,-13.1854,5.93,0,,,,,4,4.2,ok
TIC 308095225,168.2774,-17.2564,5.93,0,,,,,4,4.8,ok
TIC 381950979,76.6023,-56.2314,5.93,0,,,,,36,9.0,ok
TIC 177034802,102.6051,-69.9863,5.93,0,,,,,37,9.3,ok
TIC 364398342,119.7106,-60.8244,5.93,0,,,,,22,8.8,ok
TIC 370137810,46.6798,-72.0247,5.93,0,,,,,14,9.3,ok
TIC 304302401,141.9526,-71.7808,5.93,0,,,,,10,9.8,ok
TIC 193320650,177.8395,-12.1875,5.94,0,,,,,4,4.3,ok
TIC 81699853,167.8643,-48.8516,5.94,0,,,,,7,6.9,ok
TIC 170459141,184.3734,-34.5051,5.94,0,,,,,5,5.1,ok
TIC 150322340,95.6288,-60.2182,5.94,0,,,,,43,9.3,ok
TIC 278684936,99.0643,-55.8629,5.94,0,,,,,42,8.9,ok
TIC 281182515,144.8473,-52.9433,5.94,0,,,,,6,6.2,ok
TIC 437676607,141.7221,-54.3517,5.94,0,,,,,?,147.4,timeout
TIC 23270430,166.9727,-30.1755,5.94,0,,,,,5,5.3,ok
TIC 448586269,174.9872,-33.4501,5.94,0,,,,,6,6.1,ok
TIC 140580875,68.5643,-73.2084,5.95,0,,,,,35,9.1,ok
TIC 355540181,131.7359,-65.2468,5.95,0,,,,,9,8.5,ok
TIC 98670899,186.2986,-11.6108,5.95,0,,,,,6,5.7,ok
TIC 306996173,178.6047,-37.7486,5.95,0,,,,,6,6.1,ok
TIC 460199632,156.854,-65.7045,5.95,0,,,,,6,6.0,ok
TIC 106400767,159.2416,-41.3412,5.95,0,,,,,6,5.9,ok
TIC 75047606,138.3933,-47.3383,5.95,0,,,,,8,7.7,ok
TIC 46267191,132.1124,-58.2269,5.95,0,,,,,10,9.5,ok
TIC 309704722,79.6829,-62.985,5.96,0,,,,,30,8.7,ok
TIC 415715251,164.2146,-22.0337,5.96,0,,,,,5,4.9,ok
TIC 464881703,159.8566,-61.085,5.96,0,,,,,6,6.2,ok
TIC 35596923,148.5734,-45.2835,5.96,0,,,,,6,6.0,ok
TIC 93225610,174.8458,-51.4246,5.96,0,,,,,5,5.1,ok
TIC 105763717,156.6064,-39.362,5.96,0,,,,,6,5.9,ok
TIC 150437899,97.5126,-65.5678,5.96,0,,,,,38,9.1,ok
TIC 356527812,134.6919,-64.5305,5.96,0,,,,,11,9.5,ok
TIC 83113252,188.3424,-19.7927,5.96,0,,,,,5,4.9,ok
TIC 350334336,84.0902,-57.4576,5.96,0,,,,,31,10.1,ok
TIC 106885642,161.4605,-40.9733,5.96,0,,,,,7,6.7,ok
TIC 22457387,186.8111,-18.4117,5.96,0,,,,,5,5.4,ok
TIC 386677145,177.1734,-14.345,5.96,0,,,,,2,2.4,ok
TIC 150393390,96.7998,-60.7285,5.96,0,,,,,44,9.0,ok
TIC 339769900,111.0379,-58.491,5.97,0,,,,,33,11.6,ok
TIC 204698580,185.6105,-24.2366,5.97,0,,,,,4,4.1,ok
TIC 348990434,184.2635,-16.6937,5.97,0,,,,,4,4.1,ok
TIC 404968457,85.374,-70.0337,5.97,0,,,,,27,9.3,ok
TIC 300739338,115.126,-69.846,5.97,0,,,,,32,8.8,ok
TIC 279511712,105.8128,-59.178,5.97,0,,,,,43,9.0,ok
TIC 467275307,168.0994,-60.3787,5.97,0,,,,,5,5.2,ok
TIC 150274386,94.9993,-61.3291,5.97,0,,,,,43,9.0,ok
TIC 375474411,152.4646,-45.1942,5.97,0,,,,,4,4.2,ok
TIC 259592542,72.7345,-53.4591,5.97,0,,,,,12,8.9,ok
TIC 35601530,148.6628,-43.3211,5.97,0,,,,,6,6.1,ok
TIC 273049537,170.7277,-50.7867,5.98,0,,,,,6,6.4,ok
TIC 178450465,164.8929,-43.5016,5.98,0,,,,,4,4.1,ok
TIC 165323000,179.4292,-37.6507,5.98,0,,,,,6,6.1,ok
TIC 461166720,171.8377,-24.1697,5.98,0,,,,,5,6.0,ok
TIC 458856322,161.0432,-59.7197,5.99,0,,,,,7,8.0,ok
TIC 219382427,172.0971,-23.8269,5.99,0,,,,,5,5.6,ok
TIC 339728935,110.7363,-55.5764,5.99,0,,,,,20,9.5,ok
TIC 73726470,155.8216,-40.6955,5.99,0,,,,,6,6.2,ok
TIC 397268374,174.6987,-47.8513,5.99,0,,,,,6,6.2,ok
TIC 458339405,159.7911,-54.8612,5.99,0,,,,,5,5.7,ok
TIC 405663562,191.6258,-15.4405,5.99,0,,,,,5,5.2,ok
TIC 165377279,179.5839,-40.9471,6.0,0,,,,,6,6.2,ok
TIC 341419283,120.2078,-54.1512,6.0,0,,,,,11,11.0,ok
TIC 257720503,78.3273,-59.5855,6.0,0,,,,,32,9.6,ok
TIC 308745715,122.0537,-61.0773,6.0,0,,,,,14,9.7,ok
TIC 374690426,150.7497,-60.1787,6.0,0,,,,,7,7.2,ok
TIC 361060107,143.4322,-60.6275,6.0,0,,,,,7,6.8,ok
TIC 32052027,57.2515,-69.8786,6.0,0,,,,,38,8.7,ok
TIC 149250753,82.5662,-63.9273,6.0,0,,,,,?,971.0,timeout
TIC 460173250,156.893,-63.0224,6.01,0,,,,,1,1.8,ok
TIC 74628238,137.889,-46.5839,6.01,0,,,,,8,7.5,ok
TIC 140150083,126.6046,-52.8075,6.02,0,,,,,8,8.2,ok
TIC 181062415,173.4043,-40.5865,6.02,0,,,,,7,7.1,ok
TIC 23583692,169.4114,-34.7374,6.02,0,,,,,7,6.9,ok
TIC 342503860,124.4816,-59.167,6.02,0,,,,,13,9.2,ok
TIC 80302288,165.0338,-51.8178,6.02,0,,,,,8,7.7,ok
TIC 458202449,159.5108,-57.2563,6.03,0,,,,,?,150.1,timeout
TIC 261136000,83.9009,-78.8207,6.04,0,,,,,?,825.9,timeout
TIC 73392538,154.6174,-41.6685,6.04,0,,,,,?,159.8,timeout
TIC 183648073,179.438,-8.5486,6.05,0,,,,,6,5.4,ok
TIC 342754262,125.3004,-57.9732,6.06,0,,,,,12,8.8,ok
TIC 280198016,144.1059,-48.7513,6.06,0,,39.0,rejete,variabilite_continue;eclipse_secondaire,7,10.7,ok
TIC 122258932,133.2655,-56.6492,6.06,0,,,,,10,9.2,ok
TIC 120229621,162.9731,-49.1579,6.07,0,,,,,7,7.1,ok
TIC 286069970,123.855,-52.0607,6.07,0,,,,,11,9.5,ok
TIC 41533357,93.7747,-71.7024,6.07,0,,,,,41,9.7,ok
TIC 463556278,154.0129,-59.9033,6.08,0,,18.6,rejete,variabilite_continue,7,15.0,ok
TIC 349096525,108.0083,-63.1901,6.08,0,,,,,26,8.8,ok
TIC 462744207,152.0755,-58.1987,6.08,0,,,,,7,6.9,ok
TIC 279360385,104.6512,-56.3951,6.09,0,,,,,36,9.1,ok
TIC 167814656,104.9962,-61.3343,6.1,0,,,,,44,9.0,ok
TIC 149248196,82.1875,-65.4475,6.11,0,,,,,36,9.0,ok
TIC 132306548,148.4586,-51.1467,6.11,0,,,,,8,7.6,ok
TIC 36808779,150.8355,-46.6363,6.11,0,,,,,6,5.9,ok
TIC 372651864,151.7484,-71.4782,6.12,0,,,,,8,7.7,ok
TIC 459329261,162.3516,-59.3238,6.12,0,,,,,7,7.4,ok
TIC 429306233,168.1264,-18.5,6.12,0,,,,,4,4.3,ok
TIC 147622676,163.7538,-42.2511,6.12,0,,,,,7,6.6,ok
TIC 386016946,138.8233,-58.3884,6.12,0,,,,,10,9.1,ok
TIC 80937975,166.2667,-49.3922,6.13,0,,,,,6,5.9,ok
TIC 142006351,178.361,-35.0668,6.13,0,,,,,6,5.9,ok
TIC 181020271,173.2126,-36.2094,6.13,0,,,,,6,5.7,ok
TIC 463230082,153.2546,-59.9181,6.13,0,,,,,5,5.6,ok
TIC 375210714,151.4703,-63.8352,6.14,0,,,,,1,1.6,ok
TIC 846550616,146.7779,-65.0728,6.15,0,,,,,3,4.0,ok
TIC 341547269,120.3459,-54.5155,6.15,0,,166.3,rejete,variabilite_continue;eclipse_secondaire,9,17.2,ok
TIC 141411201,84.2619,-73.7001,6.15,0,,,,,42,9.4,ok
TIC 441435570,145.4495,-55.2137,6.15,0,,,,,8,7.8,ok
TIC 99054776,181.9135,-23.9776,6.15,0,,,,,4,4.1,ok
TIC 38602305,64.4179,-63.2552,6.16,0,,,,,43,9.1,ok
TIC 45653822,148.9957,-39.5537,6.17,0,,,,,5,5.4,ok
TIC 152025698,169.2994,-38.0143,6.17,0,,,,,5,5.8,ok
TIC 134977626,184.4466,-36.094,6.18,0,,,,,5,8.0,ok
TIC 382147200,80.5922,-56.1342,6.19,0,,,,,29,9.0,ok
TIC 146238520,157.9858,-45.0697,6.19,0,,,,,5,5.1,ok
TIC 142085842,98.51,-77.6881,6.19,0,,,,,42,10.1,ok
TIC 142392159,181.8962,-31.4113,6.19,0,,,,,5,5.1,ok
TIC 106802788,161.165,-36.9308,6.2,0,,,,,2,6.1,ok
TIC 347693925,182.5235,-17.5377,6.2,0,,,,,4,4.0,ok
TIC 397177642,157.5363,-66.9846,6.2,0,,,,,3,3.3,ok
TIC 453099404,116.0533,-69.8215,6.21,0,,,,,44,8.9,ok
TIC 303519120,164.4507,-59.7322,6.21,0,,,,,8,10.2,ok
TIC 29987134,72.8354,-68.0692,6.22,0,,,,,43,9.1,ok
TIC 272427921,119.8155,-73.2443,6.22,0,,,,,29,17.8,ok
TIC 152854208,182.3711,-11.8582,6.22,0,,,,,5,5.0,ok
TIC 391873394,174.9627,-14.4686,6.23,0,,,,,3,3.3,ok
TIC 374861869,88.5497,-64.4818,6.23,0,,,,,25,11.0,ok
TIC 23222558,166.7841,-32.5873,6.23,0,,,,,5,4.9,ok
TIC 259901124,41.4056,-71.236,6.23,0,,,,,13,10.6,ok
TIC 384642833,136.6417,-55.8024,6.23,0,,,,,6,6.2,ok
TIC 181152530,174.1694,-37.2372,6.24,0,,,,,7,7.4,ok
TIC 142110847,179.2652,-33.3155,6.25,0,,,,,5,5.2,ok
TIC 358509793,119.3031,-63.2967,6.25,0,,,,,21,8.8,ok
TIC 132916101,149.2955,-52.6388,6.25,0,,,,,5,5.1,ok
TIC 133043643,149.4274,-48.4141,6.25,1,5.1293,32.5,rejete,variabilite_continue;eclipse_secondaire,6,10.6,ok
TIC 391522539,161.5705,-60.6028,6.26,0,,,,,5,5.3,ok
TIC 332167674,179.5637,-47.9777,6.26,0,,,,,6,5.9,ok
TIC 362970860,145.8648,-51.2281,6.27,0,,,,,5,5.2,ok
TIC 358290717,66.0495,-57.0719,6.28,0,,,,,19,9.1,ok
TIC 140893238,76.5392,-73.0372,6.28,0,,245.6,rejete,variabilite_continue;eclipse_secondaire,43,13.7,ok
TIC 454015615,175.3609,-41.0191,6.29,0,,,,,?,279.1,timeout
TIC 308542383,121.1788,-62.8363,6.29,0,,,,,22,9.4,ok
TIC 158381571,163.4833,-36.4568,6.29,0,,,,,6,6.2,ok
TIC 145253043,132.0031,-49.5753,6.29,0,,,,,8,8.4,ok
TIC 142375417,181.4858,-35.6939,6.29,0,,,,,6,6.4,ok
TIC 279159916,103.1892,-59.3409,6.29,0,,,,,29,9.0,ok
TIC 150442264,97.7942,-61.8795,6.29,0,,,,,?,965.4,timeout
TIC 371863313,149.2488,-69.1017,6.3,0,,,,,?,142.8,timeout
TIC 80144740,164.7673,-53.5391,6.3,0,,,,,5,5.2,ok
TIC 378035923,154.7706,-64.6762,6.3,0,,,,,8,8.0,ok
TIC 373916957,81.749,-68.6227,6.3,0,,,,,38,9.4,ok
TIC 465946911,164.808,-61.3207,6.3,0,,,,,6,6.2,ok
TIC 149176305,81.9119,-60.4166,6.3,0,,,,,41,8.9,ok
TIC 38586082,64.088,-60.9484,6.31,0,,,,,33,9.1,ok
TIC 162802706,171.0918,-42.6691,6.32,0,,,,,6,5.8,ok
TIC 374753420,150.8919,-61.884,6.32,0,,,,,6,6.0,ok
TIC 134730105,150.4194,-53.3641,6.33,0,,,,,5,5.4,ok
TIC 382959522,137.4375,-49.4246,6.33,0,,,,,8,7.6,ok
TIC 296999294,141.9887,-53.5174,6.33,0,,,,,8,7.3,ok
TIC 868508027,143.4348,-49.0054,6.33,0,,,,,6,6.3,ok
TIC 463469705,153.8192,-54.9742,6.34,0,,,,,8,8.1,ok
TIC 410451090,119.917,-60.2073,6.34,0,,,,,20,8.8,ok
TIC 20416870,168.0071,-26.1371,6.35,0,,,,,5,5.0,ok
TIC 150150734,93.0472,-65.5301,6.35,0,,,,,28,9.2,ok
TIC 446758311,156.2781,-50.107,6.35,0,,,,,6,5.9,ok
TIC 23582373,169.414,-33.5495,6.36,0,,,,,6,6.0,ok
TIC 429357696,183.9446,-23.3542,6.37,0,,,,,5,5.0,ok
TIC 450643352,169.2509,-54.7775,6.37,0,,,,,7,6.8,ok
TIC 141026903,78.8529,-73.5884,6.37,0,,,,,32,9.0,ok
TIC 32035258,56.3494,-71.6578,6.37,0,,,,,24,9.2,ok
TIC 260420061,95.9457,-58.5437,6.38,0,,,,,44,9.4,ok
TIC 277103567,84.229,-66.5602,6.38,0,,,,,29,9.0,ok
TIC 150357404,96.2324,-63.8281,6.38,0,,,,,39,8.8,ok
TIC 145240385,132.0006,-52.85,6.38,0,,,,,4,4.3,ok
TIC 350295056,83.394,-57.0828,6.38,0,,,,,21,9.0,ok
TIC 386753850,139.8852,-55.1864,6.38,0,,,,,6,6.5,ok
TIC 308748912,122.1025,-63.8008,6.38,0,,,,,24,9.3,ok
TIC 448807110,182.5102,-34.7048,6.38,0,,,,,6,6.0,ok
TIC 518763514,151.5467,-47.3701,6.39,0,,,,,3,3.4,ok
TIC 358071115,47.5819,-74.2951,6.39,0,,,,,18,9.4,ok
TIC 275379929,179.7263,-25.909,6.39,0,,,,,4,4.4,ok
TIC 437236899,165.1564,-19.3427,6.4,0,,,,,4,4.1,ok
TIC 220456828,74.2811,-58.069,6.4,0,,,,,42,8.9,ok
TIC 300329283,111.1549,-71.4704,6.4,0,,,,,31,9.2,ok
TIC 220476607,75.5704,-56.0755,6.41,0,,,,,34,9.2,ok
TIC 464903262,159.8449,-64.1117,6.41,0,,,,,1,1.7,ok
TIC 389254715,179.7942,-45.8323,6.42,0,,,,,1,1.6,ok
TIC 296449358,141.401,-53.2524,6.42,0,,,,,?,145.9,timeout
TIC 45192367,130.181,-57.5454,6.42,0,,,,,9,8.7,ok
TIC 280495780,144.369,-49.9894,6.42,0,,,,,8,7.9,ok
TIC 341545909,120.3813,-55.4546,6.43,0,,,,,9,8.5,ok
TIC 347716666,182.8444,-16.7912,6.43,0,,,,,4,4.2,ok
TIC 32636439,175.9836,-29.7475,6.44,0,,,,,6,6.0,ok
TIC 122499093,133.7249,-58.2395,6.44,0,,,,,8,7.7,ok
TIC 106760549,160.9013,-39.0583,6.44,0,,,,,6,6.0,ok
TIC 391050404,161.1509,-60.0913,6.44,0,,,,,6,6.0,ok
TIC 398290324,181.7548,-23.766,6.44,0,,,,,4,4.2,ok
TIC 149990865,90.4733,-64.8609,6.45,0,,,,,14,9.7,ok
TIC 371809314,149.0402,-71.3893,6.45,0,,,,,6,6.1,ok
TIC 443621408,186.3069,-25.9861,6.45,0,,,,,4,3.9,ok
TIC 847861519,154.7694,-64.6757,6.45,0,,,,,6,6.3,ok
TIC 167005517,94.813,-69.7841,6.45,0,,,,,41,9.0,ok
TIC 23270537,167.0658,-29.9726,6.45,0,,,,,5,5.0,ok
TIC 144105163,175.4344,-9.0765,6.46,0,,,,,3,3.3,ok
TIC 391798710,161.9727,-64.2628,6.46,0,,,,,1,1.6,ok
TIC 77855134,142.3268,-44.5389,6.47,2,2.3796;2.3564,17.0,rejete,variabilite_continue;eclipse_secondaire,7,13.0,ok
TIC 35055332,147.7838,-43.5061,6.47,0,,,,,7,7.1,ok
TIC 339635291,110.0953,-56.2942,6.47,0,,,,,23,9.0,ok
TIC 340358640,115.5425,-58.6309,6.49,0,,,,,19,9.1,ok
TIC 388351327,124.9901,-51.9415,6.49,0,,,,,9,8.5,ok
TIC 401751570,135.772,-53.5503,6.49,0,,,,,6,5.9,ok
TIC 118457056,129.0423,-56.7127,6.5,0,,,,,10,9.6,ok
TIC 78004131,142.3679,-44.5322,6.5,0,,,,,6,5.9,ok
TIC 162261928,169.1145,-45.8795,6.51,0,,,,,7,6.9,ok
TIC 372807298,152.4837,-66.5969,6.51,0,,,,,8,8.1,ok
TIC 361219467,144.021,-64.95,6.51,0,,,,,8,7.8,ok
TIC 388499647,125.2517,-52.2278,6.52,0,,,,,9,8.4,ok
TIC 257721857,78.3669,-55.5696,6.52,0,,,,,33,12.1,ok
TIC 25078674,60.1825,-71.1666,6.53,0,,,,,21,9.8,ok
TIC 376732513,153.338,-61.6588,6.53,0,,,,,5,5.3,ok
TIC 93268488,129.6864,-53.0902,6.54,0,,,,,6,5.9,ok
TIC 89408968,126.8647,-55.0111,6.54,0,,33.5,rejete,variabilite_continue;eclipse_secondaire,8,12.4,ok
TIC 293975288,107.0274,-57.3309,6.54,0,,,,,36,8.8,ok
TIC 150394126,96.9526,-62.1497,6.54,0,,28.4,rejete,variabilite_continue;eclipse_secondaire,40,14.4,ok
TIC 386646447,139.8335,-58.9294,6.55,0,,,,,9,8.5,ok
TIC 287717402,126.2521,-74.9119,6.55,0,,,,,18,9.1,ok
TIC 296978049,174.1184,-16.8507,6.56,0,,,,,2,2.5,ok
TIC 132823272,149.0911,-51.3362,6.56,0,,,,,7,6.9,ok
TIC 293973218,106.8177,-59.7164,6.57,0,,,,,44,9.2,ok
TIC 220405047,70.0744,-58.9427,6.57,0,,,,,16,9.2,ok
TIC 107143473,183.4035,-33.793,6.57,0,,,,,6,5.8,ok
TIC 403800324,179.3782,-27.0564,6.58,0,,,,,5,4.8,ok
TIC 294327312,108.8709,-58.5426,6.58,0,,107.3,rejete,variabilite_continue;eclipse_secondaire;compagnon_trop_gros_5.0Rjup,23,14.4,ok
TIC 141828072,93.6748,-73.6263,6.59,0,,,,,29,9.2,ok
TIC 300604036,113.3408,-68.7686,6.59,0,,,,,21,9.5,ok
TIC 38909679,69.7053,-62.3783,6.6,0,,,,,21,9.2,ok
TIC 55404385,78.0134,-65.1753,6.61,0,,17.8,rejete,eclipse_secondaire,39,13.9,ok
TIC 71739520,166.5831,-44.3739,6.61,0,,,,,7,6.8,ok
TIC 38510324,62.531,-61.5995,6.62,0,,,,,32,9.2,ok
TIC 355941506,132.8626,-61.3619,6.62,0,,,,,10,9.3,ok
TIC 458856514,161.1346,-59.7419,6.62,0,,,,,6,6.0,ok
TIC 358290716,66.047,-57.0724,6.62,0,,,,,19,8.9,ok
TIC 340459410,115.6495,-59.2963,6.62,0,,,,,25,9.2,ok
TIC 437319605,191.8369,-19.0045,6.62,0,,,,,3,3.2,ok
TIC 61941944,177.8044,-43.9331,6.64,0,,,,,6,6.0,ok
TIC 437873486,141.8799,-58.0946,6.64,0,,,,,5,5.0,ok
TIC 141186075,81.3264,-75.6946,6.64,0,,,,,?,145.4,timeout
TIC 398002778,159.8492,-67.1654,6.65,0,,,,,1,1.6,ok
TIC 162096035,168.2701,-47.0555,6.65,0,,,,,1,1.6,ok
TIC 142116609,179.5145,-31.6512,6.66,0,,,,,6,5.7,ok
TIC 358467471,119.0656,-61.0993,6.66,0,,,,,20,8.6,ok
TIC 300160320,109.2389,-71.7492,6.66,0,,,,,41,8.6,ok
TIC 93315654,174.973,-50.486,6.66,0,,,,,2,2.3,ok
TIC 23558618,169.0822,-34.6679,6.66,0,,,,,3,3.2,ok
TIC 118405580,128.9664,-56.3722,6.66,0,,,,,6,6.0,ok
TIC 370041241,65.9833,-66.7367,6.67,0,,,,,23,9.5,ok
TIC 300088321,108.0772,-67.7842,6.67,0,,,,,43,9.1,ok
TIC 469136370,148.2502,-55.3732,6.67,0,,,,,6,5.9,ok
TIC 180205814,179.2307,-12.1081,6.68,0,,,,,4,4.1,ok
TIC 141908244,177.6737,-33.1412,6.68,0,,,,,5,4.9,ok
TIC 281982207,130.3447,-72.5882,6.68,0,,,,,14,9.0,ok
TIC 178447653,164.8484,-43.132,6.69,0,,,,,3,3.2,ok
TIC 107146760,183.503,-32.387,6.7,0,,,,,2,2.5,ok
TIC 364395684,116.5961,-61.4281,6.7,0,,,,,34,9.1,ok
TIC 48974071,163.9746,-35.1146,6.71,0,,,,,6,5.8,ok
TIC 415781633,184.556,-20.8402,6.71,0,,,,,2,2.4,ok
TIC 397362481,175.2538,-44.4035,6.72,0,,,,,5,5.0,ok
TIC 349190908,108.5921,-61.0697,6.72,0,,,,,42,9.1,ok
TIC 145923579,133.1699,-52.1288,6.73,0,,,,,7,6.8,ok
TIC 287770635,126.8899,-75.3582,6.73,0,,,,,?,155.4,timeout
TIC 382259669,82.6858,-57.1601,6.73,0,,,,,33,9.2,ok
TIC 238196350,57.0495,-74.6939,6.74,0,,,,,31,9.2,ok
TIC 386704864,188.9139,-17.1506,6.75,0,,,,,4,4.0,ok
TIC 390670669,161.0006,-60.0861,6.75,0,,,,,6,6.1,ok
TIC 168407694,166.6615,-28.7278,6.75,0,,,,,4,4.3,ok
TIC 278684081,99.114,-57.5388,6.76,0,,,,,42,9.1,ok
TIC 355084100,129.8044,-60.3172,6.76,0,,55.3,rejete,variabilite_continue;eclipse_secondaire,7,11.8,ok
TIC 151956235,168.9526,-39.3222,6.76,0,,,,,4,4.5,ok
TIC 389988925,160.2764,-64.4743,6.76,0,,,,,3,3.5,ok
TIC 453096328,114.0801,-69.0564,6.76,0,,,,,30,9.2,ok
TIC 220405048,70.0765,-58.9427,6.77,0,,,,,34,8.9,ok
TIC 294392620,108.9884,-55.7327,6.77,0,,,,,22,8.7,ok
TIC 300448625,111.7724,-68.6148,6.77,0,,,,,41,9.0,ok
TIC 334895388,171.8753,-12.4363,6.78,0,,,,,4,4.3,ok
TIC 939943315,169.1135,-45.8794,6.79,0,,,,,3,3.3,ok
TIC 461125565,159.5728,-65.0419,6.79,0,,,,,1,1.5,ok
TIC 140596513,68.6464,-72.7334,6.79,0,,61.1,rejete,variabilite_continue;eclipse_secondaire,21,14.3,ok
TIC 385328237,137.9075,-54.0369,6.8,0,,,,,2,2.7,ok
TIC 431479801,49.7399,-73.9869,6.81,0,,,,,20,9.2,ok
TIC 83135166,188.5402,-18.1955,6.81,0,,,,,4,4.3,ok
TIC 57650036,173.8085,-35.6121,6.81,0,,,,,1,1.7,ok
TIC 372819370,67.8489,-59.7668,6.81,0,,,,,19,9.1,ok
TIC 271972463,113.9039,-75.5443,6.81,0,,,,,41,9.0,ok
TIC 306739463,120.8379,-69.9715,6.81,0,,,,,28,8.7,ok
TIC 71704392,166.4403,-47.4423,6.81,0,,,,,6,6.0,ok
TIC 141811261,92.6101,-77.1055,6.82,0,,,,,21,9.1,ok
TIC 466675723,166.5241,-59.9499,6.83,0,,,,,8,7.9,ok
TIC 372913233,119.4384,-60.9264,6.83,0,,,,,22,9.4,ok
TIC 389987955,160.1752,-64.6531,6.83,0,,,,,3,3.8,ok
TIC 279249351,103.9717,-56.9381,6.83,0,,,,,43,9.2,ok
TIC 463507016,153.9861,-55.5195,6.83,0,,,,,6,5.9,ok
TIC 358379437,147.922,-54.6605,6.83,0,,,,,5,5.1,ok
TIC 458608897,160.3582,-56.0687,6.84,0,,,,,4,4.2,ok
TIC 99143516,183.6732,-24.7754,6.84,0,,,,,4,4.1,ok
TIC 120770766,164.1695,-50.6081,6.84,0,,,,,5,5.1,ok
TIC 41487605,93.4207,-66.6796,6.85,0,,,,,29,8.9,ok
TIC 264765942,117.3652,-59.3824,6.86,0,,,,,21,8.9,ok
TIC 167415800,99.4102,-70.6041,6.86,0,,,,,40,9.3,ok
TIC 32001054,56.195,-70.0273,6.86,0,,,,,35,9.2,ok
TIC 440745541,144.5001,-59.3986,6.86,0,,,,,6,6.1,ok
TIC 94193093,130.9635,-50.6557,6.86,0,,,,,6,5.9,ok
TIC 360830784,143.1327,-60.5234,6.86,0,,,,,7,6.9,ok
TIC 381952089,76.8921,-54.9886,6.87,0,,,,,27,8.9,ok
TIC 167889542,105.2708,-65.706,6.88,0,,,,,44,8.8,ok
TIC 374087099,159.9908,-52.2841,6.88,0,,,,,1,1.7,ok
TIC 29913796,166.069,-36.7214,6.89,0,,,,,3,3.3,ok
TIC 450711878,169.3101,-59.7697,6.9,0,,,,,7,6.8,ok
TIC 149479101,85.4896,-62.9137,6.9,0,,,,,29,9.4,ok
TIC 55501315,71.8412,-61.4763,6.9,0,,,,,42,8.9,ok
TIC 181158879,174.2415,-38.9596,6.91,0,,,,,5,5.1,ok
TIC 188043641,160.8661,-29.0646,6.92,0,,,,,6,6.1,ok
TIC 220412945,70.8076,-54.5948,6.92,0,,,,,12,9.4,ok
TIC 185260035,175.1523,-8.4058,6.92,0,,,,,5,4.8,ok
TIC 383287216,134.2644,-59.2265,6.93,0,,,,,2,2.6,ok
TIC 48768845,162.2536,-31.0598,6.93,0,,,,,6,6.0,ok
TIC 162211294,168.876,-42.6122,6.93,0,,,,,5,5.0,ok
TIC 299475000,143.688,-52.028,6.94,0,,,,,8,7.6,ok
TIC 106900981,161.5625,-41.4648,6.94,0,,,,,4,4.2,ok
TIC 307993483,129.086,-70.6766,6.94,0,,38.8,rejete,variabilite_continue;eclipse_secondaire,18,14.9,ok
TIC 440537642,144.5133,-54.219,6.95,0,,,,,4,4.2,ok
TIC 103181404,156.5435,-45.562,6.95,0,,,,,5,5.2,ok
TIC 33770773,63.2798,-72.8205,6.95,0,,,,,42,9.0,ok
TIC 53550721,156.948,-34.3998,6.96,0,,,,,4,4.1,ok
TIC 92247404,172.7194,-50.9427,6.97,0,,,,,3,3.3,ok
TIC 300703532,114.56,-67.4481,6.97,0,,,,,?,142.2,timeout
TIC 92173551,172.4464,-51.6624,6.97,0,,,,,5,5.0,ok
TIC 271638135,108.8786,-75.8642,6.98,0,,,,,40,9.0,ok
TIC 437256139,170.0488,-19.5784,6.98,0,,,,,4,4.1,ok
TIC 372161587,150.3256,-70.728,6.98,0,,,,,7,7.1,ok
TIC 146753703,160.4189,-45.7683,6.98,0,,,,,3,3.4,ok
TIC 144307008,179.1903,-10.7253,6.98,0,,,,,4,3.8,ok
TIC 308429510,167.728,-58.4552,6.98,0,,,,,5,5.0,ok
TIC 45889557,131.273,-58.7243,6.98,0,,,,,8,8.1,ok
TIC 374930544,151.1417,-64.6476,6.98,0,,,,,2,2.5,ok
TIC 294754816,71.497,-66.0785,6.99,0,,,,,42,8.8,ok
TIC 355840538,132.4075,-62.5087,6.99,0,,,,,11,9.1,ok
TIC 349273907,109.1557,-64.1242,6.99,0,,,,,44,8.9,ok
TIC 340362225,115.5484,-55.1789,6.99,0,,,,,8,7.5,ok
TIC 80384789,165.2084,-49.0203,6.99,0,,,,,8,7.6,ok
TIC 20427136,168.3019,-26.465,7.0,0,,,,,2,2.5,ok
TIC 303315098,137.9488,-69.2034,7.0,0,,,,,10,9.3,ok
TIC 31870141,53.2471,-67.42,7.0,0,,,,,15,9.1,ok
TIC 170462343,184.6005,-31.4957,7.01,0,,,,,3,3.2,ok
TIC 152801226,180.7495,-10.7525,7.01,0,,,,,3,3.1,ok
TIC 287870438,128.0588,-76.9278,7.01,0,,,,,17,9.2,ok
TIC 142312635,181.1435,-31.1877,7.01,0,,,,,5,5.1,ok
TIC 428672172,179.7595,-23.4141,7.01,0,,,,,4,4.0,ok
TIC 423591233,186.0089,-19.5722,7.01,0,,,,,4,4.0,ok
TIC 460569379,158.2398,-60.1134,7.02,0,,,,,1,1.6,ok
TIC 457254512,124.3924,-58.6974,7.03,0,,,,,6,6.1,ok
TIC 428673146,179.7928,-20.3568,7.03,0,,,,,5,5.0,ok
TIC 423590058,185.9156,-20.0885,7.03,0,,,,,4,4.1,ok
TIC 32001057,56.2563,-70.0248,7.03,0,,,,,36,9.0,ok
TIC 358763709,151.5166,-42.5248,7.03,0,,,,,3,3.3,ok
TIC 103249620,156.7896,-42.0531,7.03,0,,,,,3,3.3,ok
TIC 463795332,154.7004,-56.0352,7.04,0,,,,,1,1.6,ok
TIC 350518530,86.0566,-55.6952,7.04,0,,,,,40,8.6,ok
TIC 45889555,131.2709,-58.7239,7.05,0,,,,,8,8.0,ok
TIC 460150885,156.7917,-62.0194,7.05,0,,,,,7,7.0,ok
TIC 460078363,156.5564,-63.2985,7.05,0,,,,,1,1.8,ok
TIC 432373301,146.3411,-49.8125,7.05,0,,,,,7,7.0,ok
TIC 231074032,67.5507,-67.8746,7.05,0,,,,,43,8.7,ok
TIC 142098919,179.1749,-32.2682,7.06,0,,,,,6,5.9,ok
TIC 270264416,175.342,-26.6669,7.06,0,,,,,6,5.7,ok
TIC 178344145,164.2965,-44.8097,7.06,0,,,,,?,547.3,timeout
TIC 373879100,149.4551,-61.9318,7.07,0,,,,,?,153.9,timeout
TIC 57715400,174.1543,-34.6456,7.07,0,,,,,4,4.1,ok
TIC 463905165,154.9195,-59.1461,7.08,0,,,,,4,4.2,ok
TIC 340638289,116.6127,-59.0891,7.09,0,,,,,15,9.1,ok
TIC 271971626,113.8402,-74.2748,7.09,0,,,,,42,9.3,ok
TIC 370101728,69.99,-71.5059,7.1,0,,,,,41,9.1,ok
TIC 181160602,174.3713,-36.7268,7.1,0,,,,,6,5.8,ok
TIC 150143137,92.7206,-61.4996,7.1,0,,,,,38,9.1,ok
TIC 439237157,143.1713,-54.8307,7.1,0,,,,,6,6.1,ok
TIC 287636970,125.2876,-71.9681,7.12,0,,,,,20,8.8,ok
TIC 375057127,99.6602,-60.183,7.12,0,,,,,?,417.3,timeout
TIC 370222613,73.3667,-72.7649,7.13,0,,,,,?,144.9,timeout
TIC 279317755,104.0975,-57.5775,7.13,0,,,,,42,10.2,ok
TIC 445968442,147.1921,-52.6141,7.13,0,,,,,8,8.5,ok
TIC 193323111,178.1114,-14.1272,7.13,0,,,,,4,4.6,ok
TIC 126738447,136.985,-50.4834,7.13,0,,,,,8,8.4,ok
TIC 176931266,100.2607,-70.6507,7.13,0,,,,,19,9.8,ok
TIC 32662807,176.6163,-24.9765,7.14,0,,,,,5,5.6,ok
TIC 370743873,144.6878,-66.8588,7.14,0,,,,,8,9.6,ok
TIC 55661424,74.2774,-65.0156,7.14,0,,,,,20,9.9,ok
TIC 450546463,168.8986,-57.651,7.14,0,,,,,1,2.6,ok
TIC 140827588,75.4836,-76.6294,7.15,0,,,,,42,9.5,ok
TIC 294028147,155.1688,-53.664,7.15,0,,,,,5,5.9,ok
TIC 300811971,116.5761,-71.7199,7.15,0,,,,,41,9.9,ok
TIC 299901449,106.4047,-71.2704,7.16,0,,,,,43,10.0,ok
TIC 285997978,172.7128,-6.719,7.16,0,,,,,6,6.6,ok
TIC 349764112,112.8501,-64.3719,7.16,0,,,,,42,9.8,ok
TIC 260542710,97.076,-59.6179,7.16,0,,,,,41,9.4,ok
TIC 177309385,103.3171,-74.7239,7.16,0,,,,,42,9.8,ok
TIC 446046563,147.5206,-50.6269,7.17,0,,,,,6,7.5,ok
TIC 260474813,96.2741,-55.7248,7.17,0,,,,,41,10.7,ok
TIC 308087983,130.0754,-71.8767,7.17,0,,,,,15,10.3,ok
TIC 150165182,93.1342,-61.474,7.17,0,,,,,27,9.4,ok
TIC 98993377,181.3075,-28.7201,7.17,0,,,,,4,4.7,ok
TIC 306668068,120.3859,-70.0231,7.17,0,,,,,40,9.6,ok
TIC 364399376,119.761,-61.5834,7.18,0,,,,,?,555.8,timeout
TIC 389920950,87.7523,-69.9029,7.18,0,,,,,?,540.6,timeout
TIC 345942287,193.2896,-14.9654,7.18,0,,,,,?,540.7,timeout
TIC 390356435,160.3961,-64.1063,7.18,0,,,,,?,540.7,timeout
TIC 166972537,94.5865,-69.1627,7.18,0,,,,,?,540.7,timeout
TIC 349679418,112.487,-61.2499,7.19,0,,,,,?,540.7,timeout
TIC 461122870,159.7138,-64.4979,7.2,0,,,,,?,540.7,timeout
TIC 55497281,71.7184,-60.6026,7.2,0,,,,,43,18.4,ok
TIC 142098917,179.1809,-32.2675,7.2,0,,,,,6,12.0,ok
TIC 384722208,136.9162,-59.1846,7.21,0,,,,,8,17.0,ok
TIC 443624058,186.3994,-26.8117,7.21,0,,,,,4,10.3,ok
TIC 167839774,162.9113,-22.0716,7.21,0,,,,,4,12.6,ok
TIC 279477956,105.4451,-56.6214,7.21,0,,,,,34,16.4,ok
TIC 284194255,105.7981,-66.8886,7.22,0,,,,,38,17.4,ok
TIC 55272404,76.5465,-62.7874,7.22,0,,,,,40,19.4,ok
TIC 1650234,188.171,-17.2206,7.22,0,,,,,3,12.9,ok
TIC 260655847,98.1444,-55.6492,7.23,0,,,,,43,20.9,ok
TIC 466573354,166.2078,-64.6157,7.24,0,,,,,5,8.1,ok
TIC 32636530,176.1632,-29.8846,7.24,0,,,,,4,7.6,ok
TIC 140828939,75.2897,-74.3408,7.24,0,,,,,28,11.4,ok
TIC 407621805,71.0242,-76.3048,7.25,0,,,,,43,11.7,ok
TIC 372908110,98.0401,-65.315,7.25,0,,,,,38,11.6,ok
TIC 145151809,131.8121,-51.9216,7.25,1,3.5369,74.3,rejete,variabilite_continue,7,14.3,ok
TIC 237920961,57.0102,-64.8359,7.25,0,,,,,28,12.2,ok
TIC 57790061,174.5867,-33.6057,7.26,0,,,,,5,6.5,ok
TIC 29832209,66.444,-69.9936,7.26,0,,,,,42,14.4,ok
TIC 304084556,141.238,-67.9207,7.26,0,,,,,7,8.1,ok
TIC 152484511,171.8721,-39.8766,7.27,0,,,,,6,8.5,ok
TIC 237933846,58.9584,-65.1861,7.27,0,,,,,34,14.7,ok
TIC 149253686,82.9003,-61.541,7.27,0,,,,,29,11.2,ok
TIC 167303815,97.9622,-68.1201,7.27,0,,,,,20,13.2,ok
TIC 57154692,170.3979,-31.5214,7.27,0,,,,,5,7.4,ok
TIC 30631031,75.1644,-70.6238,7.28,0,,47.9,rejete,variabilite_continue;eclipse_secondaire,32,20.4,ok
TIC 390442052,160.6045,-64.3987,7.28,0,,,,,3,6.4,ok
TIC 181240911,175.0566,-39.1467,7.28,0,,,,,5,9.4,ok
TIC 458442958,160.132,-57.1808,7.28,0,,,,,6,7.7,ok
TIC 300443794,111.66,-69.5762,7.29,0,,,,,44,10.7,ok
TIC 260266502,94.0637,-59.2207,7.29,0,,,,,38,13.6,ok
TIC 150064391,91.4243,-61.7485,7.29,0,,,,,37,11.8,ok
TIC 357982928,138.5424,-63.6923,7.29,0,,,,,9,10.1,ok
TIC 391901095,115.8335,-70.0649,7.3,0,,,,,42,13.0,ok
TIC 453216716,146.128,-73.9003,7.3,0,,,,,8,11.4,ok
TIC 167119619,96.0086,-70.1867,7.31,0,,,,,38,12.7,ok
TIC 387103691,140.5062,-54.5428,7.32,0,,50.1,rejete,variabilite_continue;eclipse_secondaire,8,15.5,ok
TIC 141127435,80.6869,-72.3382,7.33,1,3.2381,31.2,rejete,variabilite_continue;eclipse_secondaire,29,20.7,ok
TIC 454020549,175.632,-35.9942,7.33,0,,,,,1,11.8,ok
TIC 287327575,109.613,-57.3519,7.33,0,,,,,24,13.0,ok
TIC 382625142,118.4202,-63.6463,7.34,0,,,,,37,12.9,ok
TIC 341112091,118.5543,-58.5754,7.34,0,,,,,11,13.9,ok
TIC 458561474,160.3014,-59.9736,7.35,0,,32.2,rejete,eclipse_secondaire,4,11.4,ok
TIC 163030755,172.1551,-45.1411,7.35,0,,,,,6,9.3,ok
TIC 389506883,86.1266,-70.1349,7.35,0,,,,,42,13.0,ok
TIC 149120726,80.9416,-62.5822,7.36,0,,,,,40,14.5,ok
TIC 55383814,77.4057,-63.7768,7.36,0,,,,,39,13.5,ok
TIC 140689653,73.0158,-72.9946,7.36,0,,,,,41,12.8,ok
TIC 381949148,76.447,-57.553,7.36,0,,,,,44,13.2,ok
TIC 382198917,81.5181,-58.5614,7.36,0,,,,,21,14.3,ok
TIC 349828641,113.5296,-60.2432,7.36,0,,,,,32,11.3,ok
TIC 165317801,179.2134,-38.8495,7.37,0,,,,,5,8.9,ok
TIC 453095415,114.1499,-67.6138,7.37,0,,,,,42,14.9,ok
TIC 361220479,143.9742,-64.5533,7.37,0,,,,,3,10.4,ok
TIC 188127079,162.0219,-26.3985,7.37,0,,,,,3,7.0,ok
TIC 443619246,186.1355,-28.3155,7.37,0,,,,,2,23.8,ok
TIC 300242735,109.8746,-70.2087,7.39,0,,,,,41,12.7,ok
TIC 278045912,178.2385,-41.7807,7.39,0,,11.8,rejete,variabilite_continue;eclipse_secondaire,4,9.2,ok
TIC 437258837,170.2142,-23.2186,7.39,0,,,,,4,8.7,ok
TIC 465540856,163.5216,-60.3527,7.39,0,,,,,5,9.9,ok
TIC 177286026,102.7823,-77.6738,7.39,0,,,,,19,13.9,ok
TIC 432752288,146.6505,-50.5759,7.39,0,,,,,7,10.6,ok
TIC 357991362,138.5284,-60.5355,7.39,0,,,,,5,12.7,ok
TIC 122336360,133.3624,-56.5194,7.39,0,,,,,6,10.8,ok
TIC 349156177,108.316,-64.8734,7.4,0,,,,,32,10.6,ok
TIC 260078030,91.8938,-55.7057,7.4,0,,,,,43,14.7,ok
TIC 41591173,93.9145,-66.2922,7.4,0,,,,,21,10.9,ok
TIC 44844319,146.5564,-40.6348,7.4,0,,,,,6,7.5,ok
TIC 83207888,188.9528,-20.466,7.41,0,,,,,3,5.8,ok
TIC 238229227,59.3025,-76.5105,7.41,0,,,,,30,20.5,ok
TIC 179305185,79.5599,-69.2503,7.42,0,,,,,32,12.7,ok
TIC 375063320,100.3749,-65.4691,7.42,0,,,,,38,9.3,ok
TIC 287273024,109.4129,-59.2619,7.42,0,,,,,31,10.2,ok
TIC 349310293,109.6616,-63.3866,7.42,0,,,,,30,10.9,ok
TIC 181150811,174.0467,-37.0657,7.42,0,,,,,7,7.9,ok
TIC 852704494,150.8918,-61.8837,7.42,0,,,,,5,8.8,ok
TIC 220432921,73.4018,-57.3322,7.42,0,,,,,40,10.4,ok
TIC 272322827,119.0375,-71.9849,7.42,0,,,,,41,10.2,ok
TIC 266719282,175.2506,-54.5488,7.43,0,,,,,3,6.0,ok
TIC 279056282,102.5102,-55.9036,7.43,0,,,,,26,11.5,ok
TIC 340637365,116.5609,-59.813,7.43,0,,,,,24,11.6,ok
TIC 340697083,116.959,-54.2661,7.43,0,,,,,12,9.6,ok
TIC 259589304,72.406,-53.8799,7.43,0,,,,,12,14.8,ok
TIC 458859364,161.3008,-59.7501,7.44,0,,,,,8,12.2,ok
TIC 446456685,155.8502,-50.3481,7.44,0,,,,,6,7.6,ok
TIC 371804624,148.8121,-68.8153,7.45,0,,,,,3,6.2,ok
TIC 220457967,74.4918,-57.9674,7.45,0,,,,,21,12.2,ok
TIC 458404648,160.132,-59.7788,7.45,0,,,,,4,6.3,ok
TIC 460179837,156.6848,-64.3516,7.45,0,,,,,7,8.8,ok
TIC 350519062,86.0837,-56.9159,7.46,0,,,,,21,12.3,ok
TIC 306932279,123.0681,-71.2667,7.46,0,,,,,32,11.4,ok
TIC 460793411,158.735,-64.1339,7.46,0,,,,,5,6.4,ok
TIC 454044475,176.0077,-36.3009,7.46,0,,,,,5,9.6,ok
TIC 55500825,71.8137,-62.8292,7.47,0,,,,,42,9.2,ok
TIC 462010295,150.0784,-59.0136,7.47,0,,,,,5,7.8,ok
TIC 306773428,121.1305,-67.208,7.47,0,,21.7,rejete,variabilite_continue;eclipse_secondaire,29,15.9,ok
TIC 441753021,145.6669,-55.8312,7.47,0,,,,,3,5.6,ok
TIC 54237857,161.0864,-33.5781,7.47,0,,,,,4,7.1,ok
TIC 452501166,140.5244,-73.5441,7.48,0,,,,,10,11.3,ok
TIC 294981037,72.2405,-67.7142,7.48,0,,,,,31,9.8,ok
TIC 145601161,132.5414,-50.5911,7.48,0,,,,,8,10.1,ok
TIC 405149487,180.9439,-44.1227,7.49,0,,,,,4,4.9,ok
TIC 38634217,65.0795,-63.1738,7.49,1,1.7211,20.4,rejete,variabilite_continue;eclipse_secondaire,43,16.5,ok
TIC 303021887,155.0782,-66.0635,7.49,0,,,,,4,5.7,ok
TIC 391050772,161.046,-60.056,7.49,0,,,,,6,7.5,ok
TIC 421186672,175.478,-44.1034,7.49,0,,,,,7,8.3,ok
TIC 162246786,168.8724,-44.3953,7.49,0,,,,,7,7.5,ok
TIC 183648137,179.4422,-8.2758,7.5,0,,,,,5,9.7,ok
TIC 262571469,114.6451,-54.636,7.5,0,,,,,9,12.0,ok
TIC 149390710,83.9069,-62.0525,7.5,0,,,,,42,9.9,ok
TIC 72798054,152.4538,-36.7516,7.5,0,,,,,5,7.1,ok
TIC 452035938,173.2728,-54.3246,7.5,0,,,,,6,7.3,ok
TIC 92623536,173.4832,-48.8201,7.51,0,,,,,5,5.5,ok
TIC 150431791,97.328,-61.0054,7.51,0,,,,,43,10.5,ok
TIC 370228164,85.5667,-75.8306,7.51,0,,,,,33,12.2,ok
TIC 382507922,117.1981,-61.1621,7.51,0,,,,,31,13.4,ok
TIC 293271232,98.6952,-63.2622,7.51,0,,,,,30,11.1,ok
TIC 31509222,89.3101,-69.4774,7.51,0,,,,,35,9.8,ok
TIC 302368715,133.4763,-66.8001,7.51,0,,,,,12,10.3,ok
TIC 293936044,106.628,-57.7784,7.51,0,,17.8,rejete,variabilite_continue;eclipse_secondaire,21,23.0,ok
TIC 89712532,127.7883,-54.0872,7.52,0,,,,,10,10.1,ok
TIC 300139852,108.7352,-68.0721,7.52,0,,,,,41,10.4,ok
TIC 432373800,146.265,-49.4847,7.52,0,,,,,7,10.9,ok
TIC 462119483,150.3073,-56.6692,7.52,0,,,,,7,11.1,ok
TIC 451315014,171.1054,-58.1811,7.52,0,,,,,3,7.8,ok
TIC 429325759,168.2914,-18.1667,7.52,0,,,,,4,8.4,ok
TIC 386703605,188.9309,-12.0248,7.52,0,,,,,4,5.8,ok
TIC 364423010,119.6145,-65.005,7.52,0,,,,,34,9.6,ok
TIC 167303382,97.9853,-68.713,7.52,0,,,,,40,9.7,ok
TIC 362861389,146.6766,-62.7094,7.53,0,,,,,3,4.7,ok
TIC 33910267,66.2178,-77.6851,7.54,0,,,,,30,9.9,ok
TIC 163587609,174.4039,-46.7094,7.54,0,,,,,4,6.3,ok
TIC 391051514,161.1979,-59.9664,7.54,0,,,,,4,10.7,ok
TIC 177258735,102.2203,-73.299,7.54,0,,,,,41,13.3,ok
TIC 280051640,45.7149,-72.4564,7.54,0,,,,,15,10.2,ok
TIC 220397769,68.9224,-57.4257,7.54,0,,,,,24,10.1,ok
TIC 45687531,131.1011,-57.7686,7.54,0,,,,,7,9.0,ok
TIC 355374784,131.1041,-62.5253,7.54,0,,,,,8,8.2,ok
TIC 32820141,144.2995,-43.273,7.54,0,,,,,7,13.0,ok
TIC 433007264,170.458,-24.19,7.55,0,,,,,5,8.8,ok
TIC 262498404,109.8875,-57.4488,7.55,0,,,,,29,10.8,ok
TIC 458859916,161.2647,-59.6844,7.56,0,,,,,7,7.1,ok
TIC 461125245,159.7601,-64.9749,7.56,0,,,,,7,7.0,ok
TIC 149101226,80.253,-64.3316,7.56,0,,,,,40,8.8,ok
TIC 361157755,143.7347,-64.9991,7.57,1,2.5449,11.3,rejete,variabilite_continue;eclipse_secondaire,6,10.0,ok
TIC 152025971,169.394,-38.3807,7.57,0,,,,,4,4.1,ok
TIC 390759555,160.8726,-64.0684,7.58,0,,,,,7,6.9,ok
TIC 390440616,160.6598,-64.6779,7.58,0,,,,,7,7.0,ok
TIC 150250617,94.4575,-64.0301,7.58,0,,,,,29,8.7,ok
TIC 260160453,92.7082,-59.7998,7.58,0,,103.2,rejete,variabilite_continue;eclipse_secondaire,39,14.1,ok
TIC 294780563,71.2833,-68.0207,7.58,0,,,,,41,9.0,ok
TIC 410363793,166.4618,-20.4094,7.58,0,,,,,4,4.1,ok
TIC 278291931,113.1051,-78.0858,7.58,0,,,,,26,8.9,ok
TIC 55293744,76.6603,-63.1487,7.59,0,,,,,31,8.9,ok
TIC 140578304,67.9837,-75.6816,7.59,0,,,,,43,9.0,ok
TIC 370236914,105.2381,-72.5605,7.59,0,,,,,44,9.2,ok
TIC 314865991,53.558,-72.8452,7.6,0,,,,,25,9.3,ok
TIC 220409133,70.5438,-56.1184,7.6,0,,,,,19,8.9,ok
TIC 38583375,63.5914,-64.9682,7.6,0,,,,,36,9.2,ok
TIC 142391542,181.8449,-32.6619,7.6,0,,,,,3,3.0,ok
TIC 272020227,153.2306,-47.4743,7.61,0,,,,,5,5.1,ok
TIC 460182601,156.7949,-65.0384,7.61,0,,,,,3,3.4,ok
TIC 57830421,174.8207,-30.3493,7.62,0,,,,,3,3.4,ok
TIC 31104764,76.4957,-68.4163,7.62,0,,,,,41,9.4,ok
TIC 141943941,95.3335,-75.128,7.62,0,,,,,41,9.3,ok
TIC 340063145,113.245,-55.1585,7.62,0,,,,,17,9.1,ok
TIC 358374798,147.901,-55.3839,7.62,0,,51.6,rejete,variabilite_continue;eclipse_secondaire,3,6.3,ok
TIC 55451918,70.5879,-63.2154,7.63,0,,,,,31,9.1,ok
TIC 52255167,176.6755,-19.4698,7.63,0,,,,,2,2.5,ok
TIC 146489087,158.9604,-47.0989,7.63,0,,,,,5,5.0,ok
TIC 259472757,70.3316,-52.6273,7.63,0,,,,,9,8.0,ok
TIC 55741018,74.5899,-63.2137,7.63,0,,,,,43,9.4,ok
TIC 33861444,64.753,-75.718,7.64,0,,,,,42,9.1,ok
TIC 260043481,91.5115,-59.5484,7.64,0,,,,,43,9.4,ok
TIC 177174590,105.1879,-71.3959,7.64,0,,,,,41,9.7,ok
TIC 372913684,119.5121,-60.6147,7.64,0,,,,,22,9.4,ok
TIC 344500353,156.0606,-68.1295,7.64,0,,,,,4,4.5,ok
TIC 279157426,103.0538,-56.5091,7.64,0,,,,,40,9.1,ok
TIC 465107704,162.6915,-64.4794,7.65,0,,,,,8,8.3,ok
TIC 349973705,114.5658,-63.5741,7.65,0,,,,,34,9.3,ok
TIC 134867105,183.748,-36.2209,7.65,0,,,,,1,1.7,ok
TIC 271576444,105.8803,-77.943,7.65,0,,,,,32,9.0,ok
TIC 448807213,182.4486,-33.4876,7.66,0,,,,,6,5.7,ok
TIC 447283834,157.076,-52.5613,7.66,0,,,,,6,6.3,ok
TIC 384722301,136.8499,-59.1497,7.66,0,,,,,8,7.9,ok
TIC 453079732,113.6404,-70.3818,7.66,0,,,,,41,9.3,ok
TIC 141626634,89.7251,-75.1584,7.67,0,,,,,32,9.2,ok
TIC 32053388,57.6532,-66.3441,7.67,0,,,,,24,9.4,ok
TIC 73205660,153.9488,-40.3413,7.67,0,,,,,4,4.7,ok
TIC 38698083,66.3648,-65.8129,7.67,0,,,,,42,9.3,ok
TIC 363323864,146.2574,-49.4865,7.68,0,,,,,5,5.3,ok
TIC 120776072,164.1225,-48.332,7.68,0,,,,,5,5.0,ok
TIC 1668722,188.4106,-17.7939,7.68,0,,,,,4,4.2,ok
TIC 150320178,95.7154,-64.5426,7.68,0,,,,,33,8.9,ok
TIC 381925156,76.3284,-56.7816,7.68,0,,,,,31,9.4,ok
TIC 141865875,93.8019,-77.0522,7.69,0,,37.5,rejete,variabilite_continue;eclipse_secondaire,45,14.5,ok
TIC 297025847,187.0149,-15.6531,7.69,0,,,,,3,3.8,ok
TIC 33820550,145.7705,-43.2715,7.69,0,,,,,6,6.3,ok
TIC 451248828,170.9618,-56.6958,7.7,0,,,,,3,3.9,ok
TIC 41364284,92.8391,-69.7598,7.7,0,,,,,28,9.2,ok
TIC 167814517,105.1799,-61.1417,7.7,0,,,,,32,9.3,ok
TIC 262578140,116.3648,-64.1941,7.7,0,,,,,21,9.0,ok
TIC 78189262,142.7508,-47.387,7.7,0,,,,,7,6.9,ok
TIC 467480241,168.5984,-61.1595,7.7,0,,65.5,rejete,variabilite_continue;eclipse_secondaire,5,8.7,ok
TIC 140894354,76.4886,-73.593,7.71,0,,,,,41,9.4,ok
TIC 307091504,123.7101,-69.6226,7.71,0,,,,,30,9.0,ok
TIC 358109985,51.7176,-73.1326,7.71,0,,,,,23,9.0,ok
TIC 370137704,46.9096,-72.3219,7.71,0,,,,,15,9.6,ok
TIC 141268467,82.5143,-76.2487,7.71,0,,,,,40,9.6,ok
TIC 374847786,150.8769,-63.3568,7.71,0,,,,,1,1.9,ok
TIC 150062447,91.314,-62.2935,7.71,0,,,,,36,9.5,ok
TIC 429305096,168.0129,-21.3393,7.72,0,,,,,4,4.1,ok
TIC 391051806,161.1884,-59.9115,7.72,0,,,,,6,6.7,ok
TIC 33910266,66.2303,-77.684,7.72,0,,,,,30,9.5,ok
TIC 278730120,99.6107,-58.3377,7.72,0,,,,,43,9.9,ok
TIC 38699545,66.3037,-61.6214,7.72,0,,,,,43,9.1,ok
TIC 341040849,118.0927,-59.493,7.72,0,,,,,19,8.7,ok
TIC 170586096,185.5187,-31.9471,7.72,0,,,,,3,3.6,ok
TIC 293347978,98.9783,-64.8807,7.72,0,,,,,39,9.3,ok
TIC 93326464,175.1604,-49.5092,7.73,0,,,,,7,7.2,ok
TIC 82378373,169.2697,-52.6573,7.73,0,,,,,5,5.1,ok
TIC 286254656,124.2383,-53.7024,7.74,0,,,,,5,5.2,ok
TIC 38602419,64.3211,-63.0968,7.74,0,,,,,42,9.2,ok
TIC 350559515,86.596,-55.9369,7.74,0,,,,,19,9.9,ok
TIC 375064476,100.3169,-64.3598,7.74,0,,,,,31,9.5,ok
TIC 271693199,109.7677,-76.4159,7.74,0,,,,,40,8.4,ok
TIC 374912345,89.0305,-61.4469,7.74,0,,,,,42,8.9,ok
TIC 32033224,56.0776,-66.6962,7.74,0,,,,,27,8.8,ok
TIC 220408612,70.4774,-58.0208,7.74,0,,,,,34,9.3,ok
TIC 454041982,175.802,-39.4384,7.74,0,,,,,5,5.4,ok
TIC 49174074,165.4283,-33.9047,7.75,0,,,,,4,4.6,ok
TIC 93949866,176.4362,-52.6906,7.75,0,,,,,5,5.2,ok
TIC 464152511,155.5766,-55.052,7.75,0,,13.1,rejete,variabilite_continue;eclipse_secondaire,8,13.3,ok
TIC 152510073,171.9457,-36.0751,7.75,0,,,,,1,1.7,ok
TIC 391798719,161.7878,-64.2646,7.75,0,,,,,6,6.4,ok
TIC 468062925,170.2385,-60.1615,7.75,0,,,,,4,4.2,ok
TIC 446137194,147.5107,-49.7907,7.76,0,,,,,7,7.3,ok
TIC 152061657,169.4906,-36.5976,7.76,0,,,,,4,4.2,ok
TIC 158382161,163.5464,-37.2653,7.76,0,,,,,4,4.3,ok
TIC 461199655,181.5012,-39.2203,7.76,0,,,,,5,5.0,ok
TIC 350182638,115.7984,-61.9012,7.77,0,,,,,39,8.4,ok
TIC 142105308,98.5195,-72.27,7.77,0,,,,,33,9.0,ok
TIC 260304277,94.6196,-56.9999,7.77,0,,31.4,rejete,variabilite_continue;eclipse_secondaire,19,14.7,ok
TIC 275542378,178.846,-41.9035,7.77,0,,,,,1,2.0,ok
TIC 428657118,179.5474,-23.9243,7.77,0,,,,,4,4.3,ok
TIC 284196481,105.7926,-70.5417,7.77,0,,,,,22,9.3,ok
TIC 309614870,78.6027,-63.5408,7.77,0,,,,,39,8.9,ok
TIC 467640226,168.8103,-60.1646,7.77,0,,,,,4,4.4,ok
TIC 178711988,166.1797,-46.0992,7.77,0,,13.1,rejete,variabilite_continue;eclipse_secondaire,4,7.0,ok
TIC 391345891,161.5409,-64.5955,7.78,0,,,,,7,7.3,ok
TIC 152317527,170.9436,-38.4909,7.78,0,,,,,4,4.3,ok
TIC 370558587,143.9767,-67.2806,7.78,0,,,,,4,4.1,ok
TIC 298450613,142.8961,-51.2519,7.78,0,,,,,8,7.8,ok
TIC 342888057,125.6915,-57.8885,7.79,0,,,,,9,8.5,ok
TIC 294748147,70.6015,-71.4959,7.79,0,,,,,41,9.2,ok
TIC 38760904,67.0891,-65.711,7.79,0,,,,,34,9.4,ok
TIC 139370701,67.2684,-69.6122,7.79,0,,,,,34,9.7,ok
TIC 142310934,181.0664,-32.106,7.79,0,,,,,1,1.7,ok
TIC 462320181,151.0365,-59.3813,7.79,0,,,,,7,6.9,ok
TIC 460372891,157.4947,-62.7125,7.79,0,,,,,5,5.1,ok
TIC 142040321,178.5212,-29.9828,7.79,0,,,,,6,6.0,ok
TIC 350715999,88.3988,-56.6709,7.8,0,,,,,34,9.6,ok
TIC 55649929,73.7932,-63.9588,7.8,0,,,,,40,9.1,ok
TIC 150187916,93.7146,-62.2834,7.8,0,,,,,39,8.9,ok
TIC 261417533,95.249,-78.4123,7.8,0,,,,,41,9.7,ok
TIC 146195754,133.5137,-51.5854,7.81,0,,,,,8,7.9,ok
TIC 398271125,181.5381,-23.6031,7.81,0,,,,,4,4.3,ok
TIC 349155285,108.2754,-63.3409,7.81,0,,,,,35,8.9,ok
TIC 57654763,173.8617,-32.5459,7.81,0,,,,,4,4.3,ok
TIC 261205435,87.6763,-79.3,7.81,0,,,,,30,9.2,ok
TIC 91474697,170.9624,-52.8421,7.81,0,,,,,3,3.2,ok
TIC 451280762,170.9706,-59.3048,7.81,0,,,,,6,6.1,ok
TIC 134419705,150.146,-51.0915,7.82,0,,,,,3,3.4,ok
TIC 167748771,103.5499,-62.4635,7.82,0,,,,,41,39.9,ok
TIC 122093026,132.9665,-57.2935,7.82,0,,,,,10,9.4,ok
TIC 168403312,166.5768,-29.9668,7.82,0,,,,,4,4.2,ok
TIC 141609430,88.7252,-75.4582,7.82,0,,,,,40,9.4,ok
TIC 83133371,188.4552,-23.5166,7.82,0,,,,,2,2.5,ok
TIC 141545616,88.391,-75.3439,7.82,0,,,,,40,9.3,ok
TIC 431380369,49.0335,-73.5488,7.82,0,,,,,13,9.7,ok
TIC 306512813,119.0659,-69.6449,7.83,0,,,,,44,9.2,ok
TIC 260507598,96.6816,-59.0254,7.83,0,,,,,41,8.8,ok
TIC 322780548,169.3449,-24.3799,7.83,0,,,,,1,1.6,ok
TIC 364592454,86.1924,-72.6632,7.83,0,,,,,30,9.3,ok
TIC 167797285,104.5429,-60.2962,7.83,0,,,,,?,0.4,erreur
TIC 386899832,139.9328,-59.4783,7.83,0,,,,,7,7.1,ok
TIC 71718643,156.6516,-32.2622,7.83,0,,,,,5,5.4,ok
TIC 304142124,164.8543,-56.6239,7.84,0,,,,,6,6.4,ok
TIC 167889402,105.1152,-65.9078,7.84,0,,,,,42,9.1,ok
TIC 389570196,86.5231,-67.7097,7.85,0,,,,,24,9.5,ok
TIC 32827547,144.1584,-46.3383,7.85,0,,,,,4,4.7,ok
TIC 167796443,104.36,-60.8512,7.85,0,,,,,44,9.2,ok
TIC 260297096,94.4104,-58.5258,7.85,0,,,,,30,8.8,ok
TIC 167524563,100.5307,-64.5238,7.85,0,,,,,38,8.7,ok
TIC 45407161,130.4386,-54.7741,7.86,0,,,,,4,4.4,ok
TIC 167009292,94.8424,-66.0612,7.86,0,,,,,34,9.5,ok
TIC 380135953,180.754,-43.3361,7.86,0,,,,,4,4.2,ok
TIC 260418789,95.9078,-56.109,7.86,0,,,,,40,9.1,ok
TIC 447982126,158.2031,-50.1357,7.86,0,,,,,3,3.3,ok
TIC 149972207,89.9754,-62.8087,7.86,0,,,,,31,8.8,ok
TIC 447283835,157.0734,-52.5607,7.86,0,,,,,4,4.1,ok
TIC 467049852,167.5169,-60.9791,7.86,0,,,,,2,2.5,ok
TIC 463953946,155.1542,-57.1697,7.86,0,,,,,4,4.5,ok
TIC 49103137,165.2135,-35.5601,7.87,0,,,,,3,3.3,ok
TIC 31383649,88.7143,-70.5077,7.87,0,,,,,28,9.3,ok
TIC 278823382,100.0911,-59.1231,7.87,0,,,,,31,9.2,ok
TIC 260303793,94.5259,-56.4439,7.87,0,,,,,33,9.0,ok
TIC 55663264,74.3708,-61.2872,7.87,0,,,,,39,8.8,ok
TIC 287298969,82.3553,-66.439,7.88,0,,,,,37,8.8,ok
TIC 391927456,107.6249,-72.3427,7.88,0,,,,,31,9.6,ok
TIC 373035884,153.0769,-68.0678,7.88,0,,,,,7,7.3,ok
TIC 167526213,100.5955,-61.224,7.88,0,,,,,39,9.5,ok
TIC 138390103,151.4412,-52.4061,7.88,0,,,,,4,4.1,ok
TIC 437241830,165.4502,-21.8418,7.88,0,,,,,4,4.2,ok
TIC 150360766,96.3533,-62.4222,7.89,0,,,,,38,9.1,ok
TIC 350522196,86.3126,-55.7249,7.89,0,,,,,41,8.9,ok
TIC 458726973,160.7965,-59.7392,7.89,0,,,,,7,7.1,ok
TIC 167602961,102.0392,-60.8331,7.9,0,,,,,21,9.3,ok
TIC 149347480,83.6093,-60.104,7.9,0,,,,,42,9.3,ok
TIC 310024075,127.2802,-61.8733,7.91,0,,,,,8,8.0,ok
TIC 389750989,87.0809,-70.3461,7.91,0,,,,,38,9.8,ok
TIC 458859990,161.2746,-59.6683,7.91,0,,,,,6,6.0,ok
TIC 107018422,182.8407,-32.6325,7.91,0,,,,,4,4.2,ok
TIC 150390619,96.5127,-64.3304,7.91,0,,,,,35,9.8,ok
TIC 358817580,139.3918,-63.3871,7.91,0,,,,,10,9.3,ok
TIC 447283466,157.0985,-51.7055,7.91,0,,,,,6,6.2,ok
TIC 140576174,67.4944,-72.2755,7.91,0,,,,,32,8.3,ok
TIC 220430912,73.1177,-55.697,7.91,0,,,,,24,9.5,ok
TIC 347623964,168.8915,-12.2763,7.91,0,,,,,5,5.1,ok
TIC 276861788,83.288,-65.9421,7.91,0,,,,,34,9.3,ok
TIC 61594255,176.3894,-47.2283,7.91,0,,,,,3,3.6,ok
TIC 220421191,71.9532,-58.361,7.91,0,,,,,32,9.4,ok
TIC 40405143,77.3582,-69.7138,7.92,0,,,,,40,9.1,ok
TIC 423454257,168.6985,-23.1075,7.92,0,,,,,3,3.7,ok
TIC 384476969,136.5732,-59.0668,7.92,0,,,,,2,2.6,ok
TIC 157791442,173.5791,-15.5121,7.92,0,,,,,3,3.3,ok
TIC 940627535,178.8465,-41.9035,7.93,0,,,,,1,2.1,ok
TIC 454078395,176.5291,-38.1484,7.93,0,,,,,4,4.4,ok
TIC 72600876,151.8663,-37.5038,7.93,0,,,,,5,5.3,ok
TIC 306511307,119.1375,-67.7721,7.94,0,,,,,39,8.4,ok
TIC 271598242,108.8573,-77.03,7.94,0,,,,,40,9.2,ok
TIC 359654387,141.0969,-63.7189,7.94,0,,,,,5,5.1,ok
TIC 300653260,114.2304,-68.5106,7.94,0,,,,,43,8.8,ok
TIC 81702112,167.8922,-49.9363,7.95,2,3.8676;11.6034,39.6,rejete,variabilite_continue;compagnon_trop_gros_4.7Rjup,5,10.8,ok
TIC 144160090,176.7645,-11.8246,7.96,0,,,,,3,3.3,ok
TIC 403799988,179.3151,-26.1404,7.96,0,,,,,4,4.1,ok
TIC 339962133,112.5896,-57.4452,7.96,0,,,,,25,10.1,ok
TIC 363350752,163.8991,-26.3519,7.96,0,,,,,3,3.5,ok
TIC 349483715,110.9825,-60.8378,7.96,0,,,,,21,9.7,ok
TIC 149665755,87.6626,-65.2599,7.97,0,,,,,24,10.0,ok
TIC 382437069,117.1608,-63.6888,7.97,0,,,,,29,9.2,ok
TIC 279477561,105.2852,-57.1918,7.97,0,,,,,29,9.1,ok
TIC 375863000,152.2887,-60.4161,7.97,0,,,,,5,5.5,ok
TIC 167526477,100.3881,-60.6875,7.97,0,,,,,38,9.3,ok
TIC 464972160,162.0975,-62.5638,7.97,0,,,,,4,4.3,ok
TIC 177349900,104.2659,-72.0373,7.98,0,,,,,20,9.3,ok
TIC 390553557,160.6925,-60.0428,7.98,0,,,,,5,5.3,ok
TIC 279430029,105.0432,-56.9069,7.98,1,1.1207,58.9,rejete,variabilite_continue;eclipse_secondaire,40,14.1,ok
TIC 453452671,169.6635,-10.1256,7.98,0,,,,,4,4.2,ok
TIC 272187783,116.7108,-74.0904,7.98,0,,42.3,rejete,variabilite_continue;eclipse_secondaire,20,14.7,ok
TIC 29778225,64.8193,-65.9666,7.99,0,,,,,44,9.1,ok
TIC 466886542,167.098,-61.2849,7.99,0,,,,,5,5.1,ok
TIC 150144415,92.8411,-60.06,7.99,0,,,,,30,9.4,ok
TIC 163377017,173.4054,-46.3192,7.99,0,,,,,4,4.4,ok
TIC 55402208,78.0425,-62.0397,7.99,0,,,,,39,8.6,ok
TIC 167248140,97.6154,-68.9476,7.99,0,,,,,28,9.4,ok
TIC 141610050,88.6955,-76.8075,7.99,0,,,,,39,8.6,ok
TIC 350144504,115.4416,-65.7901,7.99,0,,,,,35,9.3,ok
TIC 55401680,77.9797,-60.655,8.0,0,,,,,31,9.0,ok
TIC 458334796,159.8162,-53.8982,8.0,0,,,,,6,6.1,ok
TIC 308050385,167.728,-17.6937,8.0,0,,,,,4,4.2,ok
TIC 150357935,96.1954,-62.8364,8.0,0,,12.0,rejete,variabilite_continue;eclipse_secondaire,40,15.0,ok
TIC 437237850,165.168,-22.3342,8.0,0,,,,,3,3.4,ok
TIC 359569731,140.8305,-63.0563,8.0,0,,,,,6,6.5,ok
TIC 303866507,140.223,-69.4164,8.0,0,,,,,7,6.8,ok
TIC 310028784,127.5038,-60.715,8.0,0,,,,,8,8.1,ok
TIC 54111065,160.3295,-31.8399,8.0,0,,,,,6,6.1,ok
TIC 300658296,114.6477,-68.2707,8.0,0,,,,,43,9.3,ok
TIC 391333587,161.3912,-64.7038,8.0,0,,,,,7,7.2,ok
TIC 441226365,145.1971,-57.1213,8.0,0,,,,,7,7.2,ok
TIC 61877025,177.7018,-44.9578,8.0,0,,,,,7,6.9,ok
TIC 23434737,168.2277,-34.4071,8.0,1,12.7521,10.7,rejete,variabilite_continue,7,11.3,ok
TIC 40534361,174.6654,-16.1998,8.0,0,,,,,4,4.5,ok
TIC 106905257,161.5207,-36.872,8.0,0,,,,,5,5.1,ok
TIC 31106039,76.2779,-68.0864,8.0,0,,,,,29,8.4,ok
TIC 150063627,91.4257,-60.1056,8.0,0,,,,,29,9.0,ok
TIC 122326071,133.2346,-59.8377,8.0,0,,113.9,rejete,variabilite_continue;eclipse_secondaire,10,15.1,ok
TIC 382145521,80.3228,-56.2451,8.0,0,,56.7,rejete,variabilite_continue;eclipse_secondaire,42,14.6,ok
TIC 237933451,58.8262,-65.2842,8.0,0,,,,,34,9.3,ok
TIC 349269343,108.9713,-61.8623,8.0,0,,,,,30,8.9,ok
TIC 340699092,116.8375,-55.8211,8.0,0,,,,,9,8.6,ok
TIC 204619086,184.257,-25.9752,8.0,0,,,,,4,4.0,ok
TIC 467666275,169.1194,-60.5676,8.0,0,,19.8,rejete,variabilite_continue;eclipse_secondaire,7,11.8,ok
TIC 300241371,109.4016,-71.3341,8.0,0,,,,,30,9.0,ok
TIC 309220009,168.1837,-56.9357,8.0,0,,,,,6,6.1,ok
TIC 92761368,173.908,-50.7235,8.0,0,,,,,1,1.5,ok
TIC 363075229,145.9315,-50.3802,8.01,1,1.6486,11.2,rejete,variabilite_continue;eclipse_secondaire,8,12.3,ok
TIC 44843526,146.6166,-41.1272,8.01,0,,,,,7,6.9,ok
TIC 364326091,101.7985,-61.8132,8.01,0,,,,,39,9.3,ok
TIC 363543467,147.704,-65.4465,8.01,0,,,,,7,7.1,ok
TIC 163143363,172.4442,-45.4907,8.01,0,,,,,7,6.8,ok
TIC 38160330,171.3121,-5.869,8.01,0,,,,,6,5.7,ok
TIC 402109184,182.5907,-26.9335,8.01,0,,,,,4,4.0,ok
TIC 55478693,71.2144,-64.9763,8.01,0,,,,,32,8.9,ok
TIC 147321342,162.7531,-45.6811,8.01,0,,,,,6,5.8,ok
TIC 107140803,183.2239,-31.3049,8.01,0,,,,,5,5.3,ok
TIC 272088627,115.5212,-74.9482,8.01,0,,,,,29,8.9,ok
TIC 377493375,154.4682,-60.7916,8.01,0,,,,,5,5.5,ok
TIC 391870401,174.8466,-14.89,8.01,0,,,,,3,3.2,ok
TIC 220412239,70.8468,-57.0927,8.01,0,,,,,20,9.4,ok
TIC 453394239,150.2378,-72.6728,8.01,0,,,,,4,4.4,ok
TIC 423525873,169.3707,-20.7665,8.01,0,,35.8,rejete,variabilite_continue;eclipse_secondaire,5,8.2,ok
TIC 372448825,151.3571,-66.1521,8.01,0,,,,,8,8.5,ok
TIC 335473398,178.4374,-12.5624,8.01,0,,,,,2,2.3,ok
TIC 158547617,164.3639,-40.3808,8.01,0,,,,,5,5.0,ok
TIC 152366330,171.1801,-39.0068,8.01,0,,,,,6,5.8,ok
TIC 135323738,150.4602,-48.9747,8.01,0,,,,,4,4.0,ok
TIC 270262946,175.2738,-29.729,8.01,0,,,,,5,5.2,ok
TIC 167415965,99.4575,-70.9305,8.01,1,9.2772,15.2,rejete,variabilite_continue,40,14.8,ok
TIC 454041906,175.7578,-39.5449,8.01,0,,,,,6,5.9,ok
TIC 132825652,149.1617,-51.8316,8.01,0,,,,,3,3.3,ok
TIC 188247222,163.1362,-25.9725,8.01,0,,,,,3,3.3,ok
TIC 73495813,154.7529,-39.3532,8.01,0,,,,,6,6.2,ok
TIC 72797911,152.4554,-36.5962,8.01,0,,,,,6,5.9,ok
TIC 299021914,143.4429,-53.8222,8.01,0,,,,,5,5.6,ok
TIC 150141471,92.7644,-63.2742,8.01,0,,,,,27,9.4,ok
TIC 275468579,178.65,-46.0433,8.01,0,,,,,5,5.1,ok
TIC 278777070,99.7439,-58.836,8.01,0,,,,,45,8.9,ok
TIC 220477045,75.5281,-57.4834,8.01,0,,,,,29,10.2,ok
TIC 45877289,149.5852,-39.8232,8.01,0,,,,,7,6.6,ok
TIC 400810093,178.2231,-48.2689,8.01,0,,,,,6,6.6,ok
TIC 29986479,72.8589,-68.4397,8.01,0,,,,,30,9.1,ok
TIC 309931476,127.0342,-61.5633,8.01,0,,,,,6,5.9,ok
TIC 279324004,104.2197,-59.3788,8.01,0,,,,,30,8.8,ok
TIC 20498843,168.9631,-26.9119,8.01,0,,,,,4,3.9,ok
TIC 22394712,186.2518,-21.6633,8.01,0,,,,,4,4.0,ok
TIC 287774787,127.1335,-73.1539,8.01,0,,,,,13,9.7,ok
TIC 162808761,171.1047,-47.5057,8.01,0,,,,,6,6.2,ok
TIC 150393049,96.7989,-60.1051,8.01,0,,,,,31,9.1,ok
TIC 144107759,175.7026,-9.3418,8.01,0,,,,,4,4.4,ok
TIC 260709282,98.5248,-57.086,8.01,0,,,,,28,8.5,ok
TIC 20324932,167.3771,-25.9912,8.01,0,,,,,4,4.3,ok
TIC 144123406,175.9921,-10.6276,8.01,0,,,,,4,4.1,ok
TIC 140800765,74.7115,-72.1251,8.02,0,,,,,30,9.3,ok
TIC 220391375,68.1287,-56.2255,8.02,0,,,,,20,9.2,ok
TIC 287723398,126.2897,-76.0465,8.02,0,,,,,13,9.6,ok
TIC 188241769,162.885,-26.8975,8.02,0,,,,,5,5.1,ok
TIC 264871967,117.7464,-59.1806,8.02,0,,,,,14,9.3,ok
TIC 142110261,99.272,-74.796,8.02,0,,,,,29,9.0,ok
TIC 101910252,153.454,-43.1901,8.02,0,,,,,4,4.1,ok
TIC 384956142,137.2687,-59.5574,8.02,0,,,,,8,7.7,ok
TIC 120303110,163.1589,-49.982,8.02,0,,,,,6,6.3,ok
TIC 38811498,67.3874,-65.3774,8.02,0,,,,,44,9.2,ok
TIC 287426689,122.8887,-74.9994,8.02,0,,,,,20,9.3,ok
TIC 105654234,156.1724,-36.3435,8.02,0,,,,,5,5.3,ok
TIC 452580027,142.4743,-73.649,8.02,0,,,,,7,7.1,ok
TIC 94014283,176.4228,-49.5652,8.02,0,,,,,6,6.0,ok
TIC 49044857,164.416,-31.9162,8.02,0,,,,,5,5.1,ok
TIC 397341795,175.1611,-44.886,8.02,0,,,,,6,5.9,ok
TIC 31814318,51.2207,-68.3343,8.02,0,,,,,20,8.8,ok
TIC 92906059,174.2445,-51.9705,8.02,0,,,,,5,4.9,ok
TIC 282086296,132.7481,-74.0839,8.02,0,,,,,14,9.2,ok
TIC 38515329,62.7588,-62.4473,8.02,0,,,,,29,9.2,ok
TIC 41488282,93.284,-66.0456,8.02,0,,,,,20,9.0,ok
TIC 460628841,158.3688,-65.3684,8.02,0,,,,,5,5.3,ok
TIC 45637272,130.8922,-58.8805,8.02,0,,,,,8,8.0,ok
TIC 144195545,177.5332,-11.045,8.02,0,,,,,5,4.6,ok
TIC 462662599,151.7941,-55.2409,8.02,0,,,,,6,6.0,ok
TIC 20425473,168.2021,-25.7886,8.02,0,,,,,4,4.1,ok
TIC 150440362,97.5378,-61.2657,8.02,0,,,,,26,8.7,ok
TIC 77450175,141.8284,-47.7406,8.02,0,,,,,6,6.1,ok
TIC 77730789,142.1895,-46.0479,8.02,0,,,,,5,5.0,ok
TIC 181790974,165.5851,-16.7582,8.02,0,,,,,4,4.7,ok
TIC 181063793,173.4457,-38.8985,8.02,0,,,,,7,6.7,ok
TIC 401307217,135.2619,-50.5122,8.02,0,,,,,8,7.5,ok
TIC 219512801,174.5371,-19.7591,8.02,0,,,,,3,3.4,ok
TIC 469219698,148.4597,-59.7692,8.02,0,,,,,5,5.2,ok
TIC 341487531,120.1891,-59.5148,8.03,0,,,,,11,9.8,ok
TIC 279053000,102.1496,-58.4673,8.03,1,0.996,18.0,rejete,variabilite_continue;eclipse_secondaire,43,14.1,ok
TIC 457479295,157.4936,-59.5102,8.03,0,,,,,6,6.6,ok
TIC 32152605,59.4453,-69.5254,8.03,0,,,,,44,9.2,ok
TIC 359050452,139.8807,-61.6698,8.03,0,,,,,7,6.9,ok
TIC 173163432,173.2759,-5.6078,8.03,0,,,,,5,4.9,ok
TIC 347695963,182.6028,-14.1791,8.03,0,,,,,4,3.9,ok
TIC 300325379,110.7053,-66.5387,8.03,0,,,,,39,9.2,ok
TIC 141945095,95.6582,-73.3449,8.03,0,,,,,26,9.1,ok
TIC 82940156,170.2216,-52.2254,8.03,0,,,,,6,6.2,ok
TIC 73442184,154.7895,-37.0165,8.03,0,,,,,6,6.2,ok
TIC 454101656,176.6667,-39.8457,8.03,0,,,,,5,4.9,ok
TIC 386676612,177.2141,-15.5518,8.03,0,,,,,2,2.4,ok
TIC 466845856,166.918,-60.6634,8.03,0,,,,,6,6.0,ok
TIC 388131027,65.3619,-69.6155,8.03,0,,,,,44,9.0,ok
TIC 375089268,100.2399,-62.7231,8.03,0,,,,,30,8.7,ok
TIC 34068865,146.1197,-45.7806,8.03,0,,,,,7,6.7,ok
TIC 140527781,66.8969,-71.9958,8.03,0,,,,,31,9.4,ok
TIC 167205241,97.3487,-71.5065,8.03,0,,,,,42,9.1,ok
TIC 288104349,136.6309,-74.7539,8.03,0,,,,,12,9.6,ok
TIC 157772180,172.9628,-17.4065,8.03,0,,,,,4,4.1,ok
TIC 25132314,62.1286,-68.7022,8.03,0,,,,,43,9.0,ok
TIC 437164426,140.9903,-54.1507,8.03,0,,,,,6,6.2,ok
TIC 181823402,189.5446,-15.5585,8.03,0,,,,,6,5.8,ok
TIC 355318476,130.9354,-60.5773,8.03,0,,,,,7,6.9,ok
TIC 167720983,103.3031,-64.0493,8.03,0,,,,,28,8.9,ok
TIC 38633493,64.9986,-61.0057,8.03,0,,,,,25,9.0,ok
TIC 389312149,188.3294,-25.2677,8.03,0,,,,,5,5.5,ok
TIC 357728580,138.0041,-65.9152,8.03,0,,,,,7,7.2,ok
TIC 29832379,66.6763,-70.3811,8.03,0,,,,,29,8.5,ok
TIC 286255541,124.1528,-53.2139,8.03,0,,,,,11,9.4,ok
TIC 260217792,144.0364,-43.9169,8.03,0,,,,,5,5.4,ok
TIC 462877348,152.4558,-56.748,8.03,0,,,,,8,7.6,ok
TIC 461117438,159.6647,-63.5728,8.03,0,,,,,4,5.1,ok
TIC 305686345,175.6876,-18.4551,8.03,0,,,,,2,2.4,ok
TIC 80217578,165.0178,-49.7816,8.03,0,,,,,7,7.3,ok
TIC 428655284,179.4632,-18.1023,8.04,0,,,,,4,4.0,ok
TIC 356453316,134.3012,-61.563,8.04,0,,,,,1,1.5,ok
TIC 454040583,175.7559,-41.3281,8.04,0,,,,,7,6.8,ok
TIC 141606660,88.9284,-72.4065,8.04,0,,,,,28,9.1,ok
TIC 452158749,173.5959,-55.4588,8.04,0,,,,,4,4.2,ok
TIC 55604274,73.5677,-59.9433,8.04,0,,,,,32,31.6,ok
TIC 219384925,171.9354,-23.522,8.04,0,,,,,6,5.8,ok
TIC 147572433,163.6632,-46.6653,8.04,0,,,,,5,5.1,ok
TIC 302953462,135.9735,-67.6205,8.04,0,,,,,9,8.4,ok
TIC 383360490,134.5227,-58.4736,8.04,0,,,,,5,5.1,ok
TIC 306743678,166.7557,-55.0587,8.04,0,,,,,6,6.2,ok
TIC 348899264,106.1815,-60.808,8.04,0,,,,,44,9.0,ok
TIC 170463110,184.7011,-29.9611,8.04,0,,,,,3,3.3,ok
TIC 364935918,169.6273,-26.5955,8.04,0,,,,,5,5.4,ok
TIC 20500188,169.1549,-24.4939,8.04,0,,,,,5,5.2,ok
TIC 457744438,158.2104,-57.5095,8.04,0,,,,,6,5.9,ok
TIC 260949692,73.3153,-78.1456,8.04,0,,,,,36,9.6,ok
TIC 152172820,170.0367,-38.2537,8.04,0,,,,,4,4.2,ok
TIC 362498580,146.0617,-60.7283,8.04,0,,,,,3,3.4,ok
TIC 142314623,181.2154,-34.7804,8.04,0,,,,,4,4.4,ok
TIC 134634767,182.1615,-37.7394,8.04,0,,,,,5,5.1,ok
TIC 360121992,141.6228,-60.8018,8.04,0,,,,,4,4.2,ok
TIC 53958105,159.3623,-29.9849,8.04,0,,,,,6,6.1,ok
TIC 23498749,168.888,-30.1072,8.04,0,,,,,4,4.0,ok
TIC 142109251,99.1913,-76.8026,8.04,0,,,,,29,9.1,ok
TIC 72842554,152.4941,-39.068,8.04,0,,,,,6,6.0,ok
TIC 102061909,153.8943,-46.944,8.04,0,,,,,4,4.1,ok
TIC 144297216,178.6727,-11.0496,8.04,0,,,,,5,4.8,ok
TIC 260127606,92.0672,-57.9323,8.04,0,,,,,44,9.2,ok
TIC 237926568,57.7436,-63.7832,8.04,0,,,,,20,9.4,ok
TIC 279361762,104.7667,-58.5147,8.04,0,,,,,34,8.3,ok
TIC 469162359,148.3617,-54.2893,8.04,0,,,,,5,5.4,ok
TIC 403800123,179.3884,-26.5303,8.05,0,,,,,4,4.0,ok
TIC 149305070,83.3084,-65.0217,8.05,0,,,,,30,9.1,ok
TIC 386739884,189.2303,-16.7556,8.05,0,,,,,4,4.1,ok
TIC 386855764,139.9975,-57.1671,8.05,0,,,,,5,5.3,ok
TIC 451072731,170.3153,-55.359,8.05,0,,,,,5,5.3,ok
TIC 35905736,149.2885,-46.4592,8.05,0,,,,,6,6.2,ok
TIC 460873156,159.0425,-60.1813,8.05,0,,,,,4,4.3,ok
TIC 91534584,170.9771,-50.2277,8.05,0,,,,,6,6.0,ok
TIC 301867609,130.8795,-67.8522,8.05,0,,,,,9,8.7,ok
TIC 293271686,98.8083,-62.5028,8.05,0,,,,,30,9.4,ok
TIC 381975243,77.1218,-56.9873,8.05,0,,,,,28,9.1,ok
TIC 71719908,156.7327,-34.0284,8.05,0,,,,,6,5.9,ok
TIC 340356526,115.2108,-58.8707,8.05,0,,55.6,rejete,variabilite_continue;eclipse_secondaire,22,14.7,ok
TIC 70829545,152.3985,-35.661,8.05,0,,,,,4,4.2,ok
TIC 383518653,134.9016,-59.0403,8.05,0,,,,,8,7.8,ok
TIC 429356287,183.8209,-19.3883,8.05,0,,,,,4,4.0,ok
TIC 423455404,168.7737,-19.607,8.05,0,,,,,4,4.8,ok
TIC 372644485,151.7505,-68.1369,8.05,0,,,,,5,5.2,ok
TIC 453941112,154.2688,-69.3686,8.05,0,,,,,6,6.2,ok
TIC 183638345,171.3245,-7.1813,8.05,0,,,,,6,5.7,ok
TIC 49174290,165.3199,-33.5384,8.05,0,,,,,5,4.9,ok
TIC 421191140,182.1301,-29.3734,8.05,0,,,,,4,3.9,ok
TIC 349273158,109.3431,-63.0216,8.05,0,,,,,32,9.4,ok
TIC 446216446,147.7145,-51.5029,8.05,0,,,,,6,6.0,ok
TIC 126787922,136.8737,-47.9807,8.05,0,,,,,6,6.3,ok
TIC 38469560,61.9717,-64.604,8.05,0,,,,,30,9.0,ok
TIC 307216840,124.8862,-68.9901,8.05,0,,,,,17,9.4,ok
TIC 145713666,132.7015,-49.8172,8.05,0,,,,,8,7.8,ok
TIC 296973980,173.9088,-14.4615,8.05,0,,,,,3,3.2,ok
TIC 349411267,110.3439,-60.2531,8.05,0,,,,,30,9.0,ok
TIC 120991046,164.6606,-52.0529,8.05,0,,,,,1,1.7,ok
TIC 371443216,147.5801,-66.114,8.05,0,,,,,4,4.4,ok
TIC 361352074,144.0813,-61.1326,8.05,0,,,,,6,6.0,ok
TIC 398078396,160.1952,-67.6207,8.05,0,,,,,3,3.5,ok
TIC 23188170,166.6079,-33.7476,8.05,0,,,,,6,5.8,ok
TIC 303942557,140.5687,-68.6388,8.05,0,,,,,7,7.8,ok
TIC 462357558,151.0048,-55.9082,8.05,0,,,,,8,8.0,ok
TIC 295228333,140.6864,-49.5055,8.05,0,,,,,7,7.7,ok
TIC 307780535,127.9615,-68.3955,8.05,0,,,,,15,9.5,ok
TIC 458038392,159.1032,-55.3669,8.05,0,,,,,6,6.7,ok
TIC 458370594,159.8435,-57.3204,8.05,0,,,,,6,6.3,ok
TIC 462007989,150.2442,-59.4237,8.05,0,,,,,5,5.3,ok
TIC 83152944,188.7401,-21.2153,8.06,0,,,,,4,4.2,ok
TIC 371243284,146.9003,-68.0556,8.06,0,,,,,7,7.1,ok
TIC 106607115,160.2039,-37.8333,8.06,0,,,,,4,4.3,ok
TIC 238195769,56.8384,-76.4211,8.06,0,,,,,22,10.0,ok
TIC 29831118,66.4705,-67.5722,8.06,0,,,,,30,9.0,ok
TIC 82580956,169.6293,-53.714,8.06,0,,,,,7,6.9,ok
TIC 453079811,113.755,-70.2432,8.06,0,,,,,22,9.4,ok
TIC 181201448,174.516,-41.053,8.06,0,,,,,7,6.5,ok
TIC 286866372,190.157,-18.0173,8.06,0,,,,,3,3.2,ok
TIC 355853506,132.7293,-65.619,8.06,0,,,,,9,8.9,ok
TIC 452698339,172.0261,-26.2617,8.06,0,,,,,4,4.1,ok
TIC 429153021,173.1745,-27.9186,8.06,0,,,,,5,4.8,ok
TIC 374844826,150.8403,-62.7169,8.06,0,,,,,4,4.3,ok
TIC 390361527,160.3446,-65.1019,8.06,0,,,,,5,5.6,ok
TIC 350859255,90.2849,-56.0816,8.06,0,,,,,29,8.8,ok
TIC 262576911,116.3782,-65.7218,8.06,0,,,,,31,8.7,ok
TIC 98992581,181.1794,-29.1848,8.06,0,,,,,4,4.1,ok
TIC 94554742,177.5297,-49.5433,8.06,0,,,,,6,6.0,ok
TIC 341628692,121.0971,-54.9954,8.06,0,,,,,11,9.4,ok
TIC 220411786,70.8635,-58.7895,8.06,0,,,,,43,9.3,ok
TIC 445976787,147.2161,-53.585,8.06,0,,,,,8,7.9,ok
TIC 141628215,89.8005,-77.2712,8.06,0,,,,,29,9.2,ok
TIC 307080375,166.2634,-46.6939,8.06,0,,,,,6,6.4,ok
TIC 165424163,179.9377,-39.1975,8.06,0,,,,,7,6.8,ok
TIC 294206429,108.0422,-59.8393,8.06,0,,,,,34,8.6,ok
TIC 294205275,108.076,-58.4032,8.06,0,,,,,44,9.2,ok
TIC 134832204,183.4099,-38.7992,8.06,0,,,,,5,5.2,ok
TIC 446456389,156.0276,-49.209,8.06,0,,,,,4,5.6,ok
TIC 281631335,115.9742,-64.6231,8.06,0,,,,,32,8.7,ok
TIC 447284092,157.1342,-51.0719,8.06,0,,,,,7,6.7,ok
TIC 457560493,157.7148,-54.0132,8.06,0,,,,,8,7.7,ok
TIC 362157419,145.0055,-53.3847,8.06,0,,25.3,rejete,variabilite_continue;eclipse_secondaire,8,13.0,ok
TIC 306739511,120.7379,-70.0301,8.06,0,,,,,28,9.1,ok
TIC 467238286,168.0187,-61.0953,8.06,0,,,,,7,7.0,ok
TIC 259976119,43.5179,-70.0504,8.06,0,,,,,10,9.0,ok
TIC 357725483,137.8277,-64.6145,8.07,0,,,,,8,9.8,ok
TIC 5576756,166.0405,-22.3004,8.07,0,,,,,5,5.1,ok
TIC 181014443,172.9217,-40.1808,8.07,0,,,,,7,6.6,ok
TIC 260075032,91.7292,-57.0984,8.07,0,,,,,29,8.9,ok
TIC 271595936,108.3439,-74.0541,8.07,0,,,,,29,9.2,ok
TIC 446143295,147.6292,-47.9704,8.07,0,,,,,6,6.0,ok
TIC 371715802,148.5886,-67.7206,8.07,0,,,,,9,8.9,ok
TIC 310133917,127.5815,-65.3692,8.07,0,,,,,9,19.0,ok
TIC 398290128,181.7306,-23.1034,8.07,0,,,,,4,4.0,ok
TIC 281634912,117.0799,-62.6768,8.07,0,,,,,29,8.9,ok
TIC 310138892,152.3389,-48.3638,8.07,0,,,,,4,4.5,ok
TIC 310251314,152.4248,-52.8759,8.07,0,,,,,5,5.0,ok
TIC 270986100,167.4042,-23.5499,8.07,0,,,,,5,5.2,ok
TIC 278023852,105.0134,-79.3368,8.07,0,,,,,17,9.5,ok
TIC 150249155,94.3374,-61.2461,8.07,0,,,,,41,9.6,ok
TIC 142391849,181.8376,-32.0573,8.07,0,,,,,5,4.9,ok
TIC 362931512,146.6384,-64.7593,8.07,0,,,,,8,7.6,ok
TIC 219310941,171.8391,-21.0643,8.07,0,,,,,5,5.2,ok
TIC 204700146,185.6785,-27.7619,8.07,0,,,,,3,5.1,ok
TIC 397135261,130.9008,-77.0495,8.07,0,,,,,15,9.4,ok
TIC 458852827,161.0816,-59.283,8.07,0,,,,,7,7.0,ok
TIC 259652265,153.282,-51.5457,8.07,0,,,,,5,5.1,ok
TIC 299943844,106.5159,-69.0078,8.07,0,,,,,41,10.9,ok
TIC 372886967,152.4789,-70.227,8.07,0,,,,,6,6.4,ok
TIC 381978020,77.5358,-54.2778,8.07,0,,,,,16,8.9,ok
TIC 349480752,110.8602,-64.692,8.07,0,,,,,44,9.9,ok
TIC 278899461,101.1777,-57.4399,8.07,0,,,,,45,10.7,ok
TIC 25116373,61.2365,-65.95,8.07,0,,,,,29,9.0,ok
TIC 82629956,169.8101,-48.8791,8.07,0,,,,,8,7.5,ok
TIC 300499348,173.3097,-52.7169,8.07,0,,,,,5,5.3,ok
TIC 238309393,120.3575,-53.4712,8.07,0,,,,,8,9.1,ok
TIC 350444342,85.3599,-59.7668,8.07,0,,,,,43,10.0,ok
TIC 464901555,159.8538,-63.778,8.07,0,,,,,7,40.0,ok
TIC 181915915,191.0881,-13.7059,8.07,0,,,,,5,10.9,ok
TIC 30319402,74.4275,-69.0012,8.07,0,,,,,40,8.9,ok
TIC 167089430,95.7825,-70.9446,8.07,0,,,,,41,9.1,ok
TIC 448415222,158.751,-49.7949,8.07,0,,,,,2,2.8,ok
TIC 278992159,102.0622,-56.086,8.07,0,,,,,42,9.2,ok
TIC 350711249,88.1114,-57.9008,8.07,0,,,,,40,9.1,ok
TIC 35129589,147.8731,-47.2964,8.07,0,,,,,6,6.6,ok
TIC 300560731,112.7634,-67.545,8.07,0,,,,,21,9.1,ok
TIC 260472262,96.1102,-56.6369,8.07,0,,,,,30,9.7,ok
TIC 162432383,169.4911,-46.0984,8.07,0,,81.0,rejete,variabilite_continue;eclipse_secondaire,8,12.3,ok
TIC 93228257,174.8843,-52.5407,8.07,0,,,,,1,1.7,ok
TIC 57183663,170.7036,-35.8696,8.07,0,,,,,5,5.3,ok
TIC 41464373,93.1624,-69.24,8.07,0,,,,,37,10.2,ok
TIC 464981299,162.1947,-61.5692,8.07,0,,,,,4,12.7,ok
TIC 149930673,89.5607,-62.7551,8.08,0,,,,,30,9.5,ok
TIC 297850978,142.5847,-50.3099,8.08,0,,,,,6,5.9,ok
TIC 188036547,160.649,-26.3347,8.08,0,,,,,6,5.8,ok
TIC 349784936,113.1788,-63.3245,8.08,0,,35.0,rejete,variabilite_continue;eclipse_secondaire,43,14.6,ok
TIC 374020204,159.981,-53.6885,8.08,0,,,,,1,1.8,ok
TIC 102077060,182.0064,-39.29,8.08,0,,,,,4,4.7,ok
TIC 448415401,165.7963,-35.821,8.08,0,,,,,3,3.6,ok
TIC 55478222,71.2127,-63.7797,8.08,0,,,,,42,10.8,ok
TIC 107222252,183.6946,-35.1465,8.08,0,,,,,5,5.0,ok
TIC 465771931,164.2396,-60.9295,8.08,0,,,,,6,6.0,ok
TIC 464938239,162.1745,-63.8329,8.08,0,,,,,5,5.2,ok
TIC 34298539,146.4926,-46.5218,8.08,0,,,,,7,7.1,ok
TIC 57607316,173.5371,-33.886,8.08,0,,,,,6,5.7,ok
TIC 92746150,129.1728,-53.3188,8.08,0,,,,,7,7.1,ok
TIC 375475496,152.3508,-45.716,8.08,0,,,,,4,4.4,ok
TIC 57690839,174.0066,-34.7253,8.08,0,,,,,5,9.5,ok
TIC 57184488,170.73,-34.664,8.08,0,,,,,3,3.5,ok
TIC 386678564,177.2693,-12.6152,8.08,0,,,,,4,4.1,ok
TIC 300448273,111.9811,-68.1552,8.08,0,,,,,27,8.8,ok
TIC 290159983,119.6057,-55.8462,8.08,0,,40.1,rejete,variabilite_continue;eclipse_secondaire,13,14.8,ok
TIC 372370605,151.1311,-71.2798,8.08,0,,,,,6,6.1,ok
TIC 339858488,111.4648,-55.3633,8.08,0,,,,,20,8.8,ok
TIC 363665244,147.8482,-60.6401,8.08,0,,,,,4,4.3,ok
TIC 271639931,108.9224,-72.7413,8.08,0,,,,,42,8.8,ok
TIC 48784515,162.5777,-30.5386,8.08,0,,,,,5,4.9,ok
TIC 20488899,168.7053,-28.5028,8.08,0,,,,,3,3.2,ok
TIC 40556026,181.0225,-15.283,8.08,0,,,,,3,3.3,ok
TIC 260542038,96.9866,-58.1444,8.08,0,,,,,30,9.5,ok
TIC 152720909,180.0866,-10.1848,8.08,0,,,,,5,5.1,ok
TIC 33836359,64.0615,-75.3439,8.08,0,,,,,45,9.3,ok
TIC 373604254,81.1833,-67.8974,8.08,0,,,,,29,8.7,ok
TIC 385464250,138.1958,-58.6547,8.09,0,,,,,2,2.5,ok
TIC 452438795,138.6443,-75.2956,8.09,0,,,,,11,9.5,ok
TIC 231744961,78.0995,-67.9479,8.09,0,,,,,42,8.8,ok
TIC 261138245,84.6683,-78.6479,8.09,0,,,,,37,9.3,ok
TIC 345926308,193.037,-14.036,8.09,0,,,,,5,4.9,ok
TIC 370708119,144.4006,-66.6774,8.09,0,,,,,9,8.8,ok
TIC 278779899,99.902,-55.6096,8.09,0,,,,,41,9.1,ok
TIC 461198437,181.4279,-40.8146,8.09,0,,,,,5,5.3,ok
TIC 152774526,180.6879,-10.6493,8.09,0,,,,,5,4.8,ok
TIC 150029538,90.7415,-60.6441,8.09,0,,,,,43,10.0,ok
TIC 149972211,90.1513,-62.8122,8.09,0,,,,,39,9.1,ok
TIC 31408736,88.6751,-66.4878,8.09,0,,,,,15,10.0,ok
TIC 429355454,183.6221,-20.1079,8.09,0,,,,,5,5.1,ok
TIC 355540736,131.8602,-64.8739,8.09,0,,,,,9,8.9,ok
TIC 340179086,113.8535,-56.1338,8.09,0,,,,,20,9.1,ok
TIC 349761928,112.6494,-64.5573,8.09,0,,,,,30,10.0,ok
TIC 383658034,135.0597,-54.2589,8.09,0,,,,,6,6.1,ok
TIC 231122278,69.5552,-68.8116,8.09,0,,,,,43,9.2,ok
TIC 355806059,132.4031,-61.9648,8.09,0,,,,,7,7.2,ok
TIC 269898043,150.9673,-36.7784,8.09,0,,,,,7,7.0,ok
TIC 262614074,116.6362,-61.9345,8.09,0,,,,,24,9.9,ok
TIC 389570470,86.43,-67.8644,8.09,0,,,,,29,9.8,ok
TIC 279514056,105.8143,-55.6425,8.09,0,,,,,29,9.5,ok
TIC 385224945,137.7341,-57.6655,8.09,0,,,,,8,7.7,ok
TIC 451218728,170.8356,-54.6635,8.09,0,,,,,2,2.6,ok
TIC 308457039,120.8182,-61.9085,8.09,0,,,,,15,9.9,ok
TIC 262497025,109.9812,-59.2949,8.09,0,,,,,31,8.8,ok
TIC 344331260,155.4192,-66.1127,8.09,0,,,,,5,5.9,ok
TIC 23382882,167.8595,-31.3888,8.09,0,,,,,4,4.1,ok
TIC 150185581,93.4831,-65.5221,8.09,0,,,,,31,9.6,ok
TIC 146424925,158.5277,-45.3813,8.09,0,,,,,3,3.5,ok
TIC 303870255,140.6498,-71.6809,8.09,0,,,,,8,7.9,ok
TIC 309710741,126.0576,-60.6493,8.09,0,,,,,13,9.1,ok
TIC 260002453,91.0697,-59.8223,8.09,0,,,,,43,9.4,ok
TIC 370373136,142.6252,-67.2926,8.09,0,,,,,9,10.4,ok
TIC 132479279,148.7,-49.9324,8.09,0,,,,,5,6.2,ok
TIC 271698614,109.9831,-76.692,8.09,0,,,,,29,9.6,ok
TIC 362453636,145.1777,-51.326,8.09,0,,,,,5,5.3,ok
TIC 307784098,128.1854,-71.7953,8.09,0,,,,,21,9.1,ok
TIC 80784605,166.1636,-50.3162,8.09,0,,,,,8,7.5,ok
TIC 307785290,128.2167,-70.4312,8.09,0,,,,,12,9.8,ok
TIC 170571646,185.2021,-30.5779,8.1,0,,,,,4,5.0,ok
TIC 364589559,85.8902,-76.7663,8.1,0,,,,,33,9.6,ok
TIC 278055081,106.2882,-78.4217,8.1,0,,,,,27,9.4,ok
TIC 102465450,154.885,-46.218,8.1,0,,,,,4,4.3,ok
TIC 81013336,166.4715,-52.9605,8.1,0,,,,,7,7.0,ok
TIC 303445195,138.694,-67.9884,8.1,0,,,,,7,7.0,ok
TIC 101919997,153.4723,-44.7955,8.1,0,,,,,2,2.4,ok
TIC 345899372,192.8825,-15.0893,8.1,0,,,,,4,3.9,ok
TIC 446985889,156.5856,-48.0864,8.1,0,,,,,5,4.8,ok
TIC 463755706,154.6426,-58.632,8.1,0,,,,,6,5.9,ok
TIC 386627413,176.6286,-14.932,8.1,0,,,,,4,4.0,ok
TIC 72960243,153.2265,-40.6405,8.1,0,,,,,7,7.1,ok
TIC 391238449,161.3906,-62.3935,8.1,0,,,,,5,5.3,ok
TIC 349409806,110.3716,-61.9925,8.1,0,,,,,24,9.0,ok
TIC 261397368,94.1327,-79.4443,8.1,0,,,,,23,9.4,ok
TIC 146494304,158.8989,-43.787,8.1,0,,,,,7,6.8,ok
TIC 30762052,75.8561,-71.4138,8.1,0,,,,,29,9.5,ok
TIC 302440596,133.6022,-68.5387,8.1,0,,,,,12,9.5,ok
TIC 220396914,68.9944,-54.1946,8.1,0,,,,,9,9.8,ok
TIC 132545409,148.7177,-53.4766,8.1,0,,,,,6,6.3,ok
TIC 385624852,138.4022,-55.1979,8.1,0,,,,,6,5.9,ok
TIC 120925652,164.516,-51.1648,8.1,0,,,,,7,7.4,ok
TIC 303300175,159.5512,-49.0167,8.1,0,,,,,3,3.2,ok
TIC 358466708,119.2278,-60.5984,8.1,0,,,,,21,9.0,ok
TIC 384089241,135.6982,-55.6089,8.1,0,,,,,7,6.7,ok
TIC 349523628,111.3987,-63.0604,8.1,0,,,,,43,9.0,ok
TIC 132914779,149.2175,-52.8661,8.1,0,,,,,4,4.5,ok
TIC 370227221,85.5473,-74.5674,8.1,0,,,,,31,9.6,ok
TIC 294053203,107.1365,-58.0735,8.1,0,,,,,21,9.5,ok
TIC 29829265,66.2761,-69.3894,8.1,0,,,,,30,9.3,ok
TIC 459325631,162.2635,-58.8954,8.1,0,,,,,7,6.8,ok
TIC 453099619,116.0861,-69.5104,8.1,0,,,,,44,9.0,ok
TIC 467126883,167.5912,-62.7292,8.1,0,,,,,6,6.2,ok
TIC 14661267,174.0382,-29.1778,8.1,0,,,,,5,5.1,ok
TIC 308456810,120.7813,-62.1327,8.1,0,,,,,24,9.4,ok
TIC 5869755,187.6968,-21.6422,8.1,0,,,,,5,5.5,ok
TIC 260189950,93.0654,-56.6793,8.1,0,,,,,41,9.1,ok
TIC 5577274,165.9801,-20.7521,8.1,0,,,,,3,4.3,ok
TIC 458230570,159.3427,-58.623,8.1,0,,,,,6,6.0,ok
TIC 238188583,55.296,-73.9291,8.1,0,,12.7,rejete,variabilite_continue;eclipse_secondaire,31,15.7,ok
TIC 5870216,187.7615,-20.3143,8.1,0,,,,,5,5.3,ok
TIC 287102646,163.4189,-24.1202,8.1,0,,,,,1,1.8,ok
TIC 177282306,102.1595,-72.2219,8.1,0,,,,,31,9.5,ok
TIC 306491594,166.8866,-59.9635,8.11,0,,,,,8,11.6,ok
TIC 287722500,126.3083,-74.8306,8.11,0,,,,,18,12.6,ok
TIC 415780694,184.3752,-18.2572,8.11,0,,,,,5,7.1,ok
TIC 296568037,141.6576,-52.469,8.11,0,,,,,6,8.1,ok
TIC 309780483,126.2311,-63.1122,8.11,0,,,,,14,10.7,ok
TIC 30853028,75.7767,-66.9099,8.11,0,,,,,40,10.9,ok
TIC 389879225,173.3901,-25.8144,8.11,0,,,,,5,5.6,ok
TIC 271642609,109.3679,-75.6807,8.11,0,,,,,42,8.9,ok
TIC 204645414,184.6561,-24.1315,8.11,0,,,,,5,5.4,ok
TIC 178536753,165.1303,-44.18,8.11,0,,,,,7,6.7,ok
TIC 300654054,114.3702,-69.6002,8.11,0,,,,,32,9.3,ok
TIC 92757286,173.8912,-52.4686,8.11,0,,,,,4,4.2,ok
TIC 106629292,160.2906,-36.897,8.11,0,,,,,3,3.4,ok
TIC 376349330,152.9508,-63.8227,8.11,0,,,,,7,6.8,ok
TIC 147143741,162.0498,-46.7005,8.11,0,,,,,8,7.5,ok
TIC 349766265,112.968,-61.6921,8.11,0,,,,,41,8.7,ok
TIC 348993107,106.7215,-64.0038,8.11,0,,,,,40,8.8,ok
TIC 91913015,171.9459,-52.4956,8.11,0,,,,,5,4.9,ok
TIC 339771483,111.2981,-59.2246,8.11,0,,,,,18,9.5,ok
TIC 385313727,181.4321,-16.5206,8.11,0,,,,,4,3.9,ok
TIC 146589816,159.291,-42.6856,8.11,0,,,,,4,4.0,ok
TIC 342169249,122.8959,-56.3596,8.11,0,,,,,11,9.1,ok
TIC 1588469,169.6709,-12.4473,8.11,0,,,,,5,5.0,ok
TIC 150440079,97.5652,-61.7886,8.11,0,,,,,31,9.3,ok
TIC 219068903,170.5798,-22.8948,8.11,0,,,,,6,6.2,ok
TIC 36462760,150.3039,-44.8329,8.11,0,,,,,6,6.1,ok
TIC 36806408,150.7272,-45.6686,8.11,0,,,,,6,6.2,ok
TIC 163386233,173.6317,-42.65,8.11,0,,,,,6,5.8,ok
TIC 152019744,169.1351,-41.4941,8.11,0,,,,,5,5.0,ok
TIC 80779606,165.9652,-47.9938,8.11,0,,,,,7,7.0,ok
TIC 306577335,119.3053,-67.6934,8.11,0,,,,,40,9.5,ok
TIC 181061572,173.4685,-41.582,8.11,0,,,,,7,6.6,ok
TIC 300556816,112.4282,-70.338,8.11,0,,,,,29,8.8,ok
TIC 442239738,145.945,-56.3416,8.11,0,,,,,8,7.7,ok
TIC 375215895,151.4822,-65.2366,8.11,0,,,,,1,1.6,ok
TIC 334992750,186.8843,-14.8504,8.11,0,,,,,4,4.0,ok
TIC 142260776,180.4284,-32.6252,8.12,0,,,,,6,5.8,ok
TIC 260405078,152.5137,-46.4703,8.12,0,,,,,3,3.4,ok
TIC 382636263,55.1082,-65.2852,8.12,0,,,,,22,9.7,ok
TIC 261256082,89.2397,-79.3866,8.12,0,,,,,21,9.1,ok
TIC 61834025,177.5358,-45.8473,8.12,0,,,,,5,5.1,ok
TIC 294097225,107.5988,-55.4255,8.12,0,,,,,24,8.7,ok
TIC 23269122,167.059,-32.6554,8.12,0,,,,,5,5.4,ok
TIC 220473999,75.292,-59.5789,8.12,0,,,,,32,9.5,ok
TIC 348842808,98.9169,-56.0077,8.12,0,,,,,42,9.2,ok
TIC 383051469,133.7652,-56.8512,8.12,0,,,,,6,6.1,ok
TIC 57450390,172.3611,-33.1769,8.12,0,,,,,6,6.6,ok
TIC 270265299,175.3018,-24.3545,8.12,0,,,,,6,5.7,ok
TIC 141868836,93.7407,-72.4968,8.12,0,,,,,41,8.9,ok
TIC 130722201,186.6213,-31.6287,8.12,0,,,,,5,5.3,ok
TIC 382625239,118.3884,-63.7697,8.12,0,,,,,31,8.9,ok
TIC 403762821,179.9131,-43.1199,8.12,0,,,,,7,6.7,ok
TIC 260004064,91.1724,-55.9463,8.12,0,,,,,?,215.4,timeout
TIC 287220661,165.0039,-25.7433,8.12,0,,,,,4,4.4,ok
TIC 460150366,156.8378,-61.9335,8.12,0,,,,,7,7.0,ok
TIC 34294699,146.5925,-45.2503,8.12,0,,,,,7,7.0,ok
TIC 180277032,180.5777,-12.2518,8.12,0,,,,,5,4.7,ok
TIC 451390982,171.3331,-57.9751,8.12,0,,,,,7,7.0,ok
TIC 81550238,167.6423,-49.2734,8.12,0,,,,,8,8.1,ok
TIC 344403913,155.9047,-66.6459,8.12,0,,,,,4,4.7,ok
TIC 272797514,161.7762,-53.7223,8.12,0,,,,,3,3.5,ok
TIC 278865342,100.7742,-56.7052,8.12,0,,,,,45,9.0,ok
TIC 141823041,93.1772,-75.9292,8.12,0,,,,,21,10.1,ok
TIC 441644205,145.2965,-59.4101,8.12,0,,,,,5,5.8,ok
TIC 220419648,71.6162,-54.8708,8.12,0,,,,,15,9.7,ok
TIC 282087670,132.8957,-72.5855,8.12,0,,,,,10,10.8,ok
TIC 55746206,74.7277,-61.1081,8.12,0,,,,,33,9.9,ok
TIC 306736615,120.7969,-66.6053,8.13,0,,,,,36,9.4,ok
TIC 340255470,114.8432,-57.2584,8.13,0,,,,,20,9.6,ok
TIC 391550834,138.8892,-51.9005,8.13,0,,64.4,rejete,variabilite_continue;eclipse_secondaire;compagnon_trop_gros_34.3Rjup,7,12.2,ok
TIC 106059167,157.7825,-39.9058,8.13,0,,,,,5,5.1,ok
TIC 106144393,158.1127,-40.6418,8.13,0,,,,,3,3.2,ok
TIC 180221892,179.4997,-14.1112,8.13,0,,,,,3,3.5,ok
TIC 220436129,73.7246,-58.8373,8.13,0,,,,,43,9.4,ok
TIC 400136515,133.6497,-50.8244,8.13,0,,,,,8,12.5,ok
TIC 364540782,85.2322,-72.2747,8.13,0,,,,,43,9.2,ok
TIC 41173667,91.3987,-69.9151,8.13,0,,,,,38,9.1,ok
TIC 73669870,155.4354,-41.8732,8.13,0,,,,,6,6.3,ok
TIC 29933752,166.3955,-38.886,8.13,0,,,,,5,4.8,ok
TIC 350620310,87.3268,-58.6712,8.13,0,,,,,39,8.7,ok
TIC 149423433,84.6103,-61.1668,8.13,0,,,,,40,9.0,ok
TIC 405663813,191.628,-14.5229,8.13,0,,,,,4,3.8,ok
TIC 446604183,156.2213,-52.5516,8.13,0,,,,,7,6.8,ok
TIC 158201886,162.5754,-36.5072,8.13,0,,,,,5,5.1,ok
TIC 465275968,163.1399,-64.4141,8.13,0,,,,,6,6.0,ok
TIC 167085242,95.6653,-66.3129,8.13,0,,,,,37,9.0,ok
TIC 454037605,175.7106,-38.5803,8.13,0,,,,,6,5.9,ok
TIC 185238324,174.0456,-11.5145,8.13,0,,,,,3,3.2,ok
TIC 280051835,45.7851,-73.1691,8.13,0,,,,,12,9.3,ok
TIC 193319948,177.8556,-15.0438,8.13,0,,,,,4,4.8,ok
TIC 438672340,142.6846,-58.7092,8.13,0,,,,,2,2.8,ok
TIC 437243554,165.5086,-21.4979,8.13,0,,,,,3,3.3,ok
TIC 149121385,80.9201,-63.615,8.13,0,,,,,43,9.2,ok
TIC 306052346,166.4526,-58.031,8.13,0,,,,,7,7.1,ok
TIC 141526547,87.1268,-76.5434,8.13,0,,,,,43,9.0,ok
TIC 279512574,105.7828,-57.7287,8.13,0,,,,,39,9.2,ok
TIC 340174734,113.6794,-58.6575,8.13,0,,,,,28,8.4,ok
TIC 32635526,176.0727,-27.4285,8.13,0,,,,,5,4.9,ok
TIC 93205987,129.6632,-50.9168,8.13,0,,,,,7,6.6,ok
TIC 53859027,158.9243,-35.5718,8.13,0,,,,,6,5.7,ok
TIC 30630877,75.1355,-70.6991,8.13,0,,,,,41,8.3,ok
TIC 300871376,117.6961,-70.7779,8.13,0,,,,,33,9.1,ok
TIC 391871179,174.7749,-13.4147,8.13,0,,,,,4,4.1,ok
TIC 306633087,119.8215,-71.433,8.13,0,,,,,40,9.0,ok
TIC 458155935,159.1966,-55.3254,8.13,0,,,,,1,1.6,ok
TIC 45631939,131.0089,-56.643,8.13,0,,,,,6,5.9,ok
TIC 271597672,108.5413,-77.5634,8.13,0,,,,,35,8.9,ok
TIC 468997317,144.0237,-51.7446,8.13,0,,,,,8,7.7,ok
TIC 457804063,158.301,-58.1704,8.14,0,,,,,6,5.9,ok
TIC 443671790,186.9824,-25.665,8.14,0,,,,,4,4.4,ok
TIC 448118773,158.2819,-52.9673,8.14,0,,,,,7,6.5,ok
TIC 61643969,176.9425,-46.6021,8.14,0,,,,,7,6.5,ok
TIC 460860963,158.9868,-61.4272,8.14,0,,,,,8,7.7,ok
TIC 461201882,181.6661,-35.9209,8.14,0,,,,,6,5.8,ok
TIC 176958231,101.2218,-66.8661,8.14,0,,,,,33,9.4,ok
TIC 264927315,118.0216,-55.033,8.14,0,,,,,11,9.5,ok
TIC 380169810,180.1752,-26.0094,8.14,0,,,,,5,4.9,ok
TIC 90456655,128.4928,-52.1538,8.14,0,,22.9,rejete,variabilite_continue;eclipse_secondaire,9,14.5,ok
TIC 185240401,174.2163,-8.9214,8.14,0,,,,,6,6.0,ok
TIC 92241508,172.4302,-47.9134,8.14,0,,,,,6,6.0,ok
TIC 371871993,149.1921,-65.9661,8.14,0,,,,,7,7.0,ok
TIC 300939409,117.7361,-70.0879,8.14,0,,,,,44,9.6,ok
TIC 287435694,82.2872,-70.8254,8.14,0,,,,,31,9.7,ok
TIC 453452377,169.7554,-11.4179,8.14,0,,,,,5,5.0,ok
TIC 260368525,95.2411,-58.352,8.14,0,,,,,41,8.8,ok
TIC 458929318,161.2028,-54.8908,8.14,0,,,,,8,8.0,ok
TIC 31508240,89.1374,-70.2894,8.14,0,,,,,38,9.5,ok
TIC 141281495,83.2485,-75.2367,8.14,0,,,,,41,9.8,ok
TIC 72536626,151.4995,-40.0733,8.14,0,,,,,7,6.9,ok
TIC 181860841,190.1342,-17.066,8.14,0,,,,,4,4.1,ok
TIC 452607509,143.2777,-72.139,8.14,0,,,,,9,8.6,ok
TIC 452495510,140.1596,-74.2371,8.14,0,,,,,10,9.7,ok
TIC 350094458,115.088,-64.4829,8.14,0,,,,,33,9.2,ok
TIC 372739482,152.0741,-69.1113,8.14,0,,,,,5,5.3,ok
TIC 397431606,187.9041,-28.5127,8.14,0,,,,,3,3.3,ok
TIC 165295412,179.1716,-36.496,8.14,0,,,,,5,5.2,ok
TIC 147569266,163.6443,-44.6874,8.14,0,,,,,8,7.6,ok
TIC 140892453,76.5013,-72.6702,8.14,0,,,,,30,9.3,ok
TIC 176935006,100.4395,-66.9474,8.14,0,,,,,39,9.1,ok
TIC 288024745,135.9228,-72.6291,8.14,0,,,,,9,9.0,ok
TIC 103415903,157.1387,-45.8343,8.14,0,,,,,6,5.6,ok
TIC 99028233,181.2956,-25.8209,8.14,0,,,,,5,5.0,ok
TIC 434507219,189.3349,-23.6742,8.14,0,,,,,3,3.2,ok
TIC 300039874,107.6087,-70.3487,8.14,0,,,,,36,9.3,ok
TIC 145453053,132.4782,-51.2247,8.14,0,,,,,7,6.7,ok
TIC 361698116,144.5626,-63.7875,8.14,0,,34.7,rejete,variabilite_continue;eclipse_secondaire,5,8.3,ok
TIC 460175993,156.8757,-63.5232,8.14,1,1.5993,10.5,rejete,variabilite_continue;eclipse_secondaire,7,12.4,ok
TIC 73627257,155.2091,-40.3862,8.14,0,,,,,5,5.9,ok
TIC 287099264,166.658,-15.8347,8.14,0,,,,,5,5.0,ok
TIC 370822765,144.9978,-69.1983,8.15,0,,,,,7,6.9,ok
TIC 339672106,110.422,-57.2802,8.15,0,,,,,26,9.1,ok
TIC 339733451,110.9054,-58.097,8.15,0,,,,,21,9.3,ok
TIC 460720830,158.3834,-60.0657,8.15,0,,,,,6,6.4,ok
TIC 118312397,128.6035,-54.9341,8.15,0,,,,,7,6.8,ok
TIC 53608263,157.3004,-35.3147,8.15,0,,,,,6,6.2,ok
TIC 165491448,180.236,-38.4836,8.15,0,,,,,6,6.1,ok
TIC 220478230,75.8744,-58.4462,8.15,0,,,,,43,8.8,ok
TIC 447143540,156.8735,-52.4419,8.15,0,,,,,3,3.2,ok
TIC 458593861,160.405,-58.267,8.15,0,,,,,6,6.1,ok
TIC 167524278,100.5792,-65.1343,8.15,0,,,,,37,8.9,ok
TIC 38587665,64.2061,-65.6298,8.15,0,,,,,44,9.1,ok
TIC 120371200,163.4463,-53.9191,8.15,0,,,,,8,7.4,ok
TIC 219187372,171.323,-21.2582,8.15,0,,,,,1,1.5,ok
TIC 20497740,168.9423,-29.5574,8.15,0,,,,,3,3.3,ok
TIC 152597583,172.461,-38.0914,8.15,0,,,,,8,7.8,ok
TIC 287531789,124.3594,-77.2575,8.15,0,,,,,16,9.9,ok
TIC 33826259,145.8935,-43.324,8.15,0,,,,,8,7.8,ok
TIC 93315865,174.9993,-50.4376,8.15,0,,,,,6,5.8,ok
TIC 185246818,174.7942,-10.5284,8.15,0,,,,,4,4.6,ok
TIC 300136653,108.3789,-70.5333,8.15,0,,,,,21,9.0,ok
TIC 260128701,92.4076,-59.5219,8.15,0,,26.5,rejete,variabilite_continue;eclipse_secondaire,42,13.7,ok
TIC 36714241,150.5793,-42.3153,8.15,0,,,,,6,6.2,ok
TIC 308994213,123.2109,-63.9776,8.15,0,,,,,23,9.2,ok
TIC 57139333,170.3205,-29.9817,8.15,0,,,,,6,5.8,ok
TIC 341043418,118.4407,-58.001,8.15,0,,,,,12,8.8,ok
TIC 136833589,150.8691,-53.0527,8.15,0,,,,,7,6.8,ok
TIC 341490108,120.3675,-58.1188,8.15,0,,,,,13,8.7,ok
TIC 340486523,116.0295,-56.7479,8.15,0,,,,,16,9.2,ok
TIC 450620496,169.1937,-57.8211,8.15,0,,,,,5,5.0,ok
TIC 25133052,62.1405,-71.6391,8.15,0,,,,,31,9.1,ok
TIC 271903890,113.5808,-75.0731,8.16,0,,,,,22,9.0,ok
TIC 339859805,111.5254,-56.9559,8.16,0,,13.7,rejete,variabilite_continue;eclipse_secondaire,25,14.6,ok
TIC 347713692,182.6232,-17.21,8.16,0,,,,,4,4.2,ok
TIC 131732441,147.8902,-48.9541,8.16,0,,,,,8,7.7,ok
TIC 350433903,85.0495,-56.5068,8.16,0,,,,,31,8.9,ok
TIC 400863257,178.4661,-49.932,8.16,0,,,,,5,4.8,ok
TIC 142139204,179.6245,-34.8332,8.16,0,,,,,6,6.1,ok
TIC 146312914,158.2832,-46.3139,8.16,0,,,,,6,6.2,ok
TIC 260316929,144.0386,-45.3354,8.16,0,,,,,6,5.9,ok
TIC 349791471,113.4655,-60.7498,8.16,0,,,,,36,8.8,ok
TIC 92572475,173.1959,-50.6029,8.16,0,,,,,2,2.3,ok
TIC 377014890,153.6137,-60.081,8.16,0,,11.2,rejete,variabilite_continue;eclipse_secondaire;compagnon_trop_gros_5.4Rjup,7,11.4,ok
TIC 302718298,135.1216,-70.1666,8.16,0,,,,,10,9.5,ok
TIC 303523084,164.3089,-59.239,8.16,0,,,,,7,7.2,ok
TIC 55450888,70.5834,-61.619,8.16,0,,,,,34,9.4,ok
TIC 107020548,182.9484,-35.6564,8.16,0,,,,,5,5.2,ok
TIC 238634461,122.4628,-53.4023,8.16,0,,,,,11,9.5,ok
TIC 35426674,148.4195,-42.4524,8.16,0,,,,,6,5.8,ok
TIC 38954456,70.2612,-60.8458,8.16,0,,,,,42,12.9,ok
TIC 335380632,170.1059,-17.475,8.16,0,,,,,5,5.0,ok
TIC 375597139,151.9871,-65.2263,8.16,0,,,,,5,4.9,ok
TIC 38516267,62.5915,-65.3302,8.16,0,,,,,43,9.0,ok
TIC 382436277,117.1425,-64.8223,8.16,0,,,,,33,9.2,ok
TIC 48874795,162.9698,-31.2208,8.16,0,,,,,6,5.7,ok
TIC 32091606,58.7224,-66.4486,8.16,0,,,,,35,8.8,ok
TIC 286190272,187.3003,-29.3258,8.16,0,,,,,4,6.7,ok
TIC 72912099,152.8018,-37.8775,8.16,0,,,,,7,10.8,ok
TIC 434514621,189.7855,-21.9357,8.16,0,,,,,4,7.8,ok
TIC 348996104,107.0206,-62.8204,8.16,0,,,,,40,11.1,ok
TIC 157118385,175.178,-34.2579,8.16,0,,,,,6,10.9,ok
TIC 32036692,56.7999,-67.3906,8.16,0,,,,,34,9.0,ok
TIC 364421326,119.5729,-63.1315,8.16,0,,,,,27,8.8,ok
TIC 350024659,114.5233,-63.9462,8.17,0,,,,,32,8.8,ok
TIC 147135718,161.8791,-42.8002,8.17,0,,,,,5,5.1,ok
TIC 377185162,153.7811,-64.6915,8.17,0,,,,,6,6.0,ok
TIC 167795786,104.3913,-61.8695,8.17,0,,,,,45,8.8,ok
TIC 310595515,152.7623,-50.83,8.17,0,,,,,4,4.1,ok
TIC 391520985,161.6424,-60.7616,8.17,0,,,,,5,5.2,ok
TIC 397873468,159.7544,-68.5691,8.17,0,,,,,6,6.3,ok
TIC 415696787,163.8473,-23.0395,8.17,0,,,,,5,4.9,ok
TIC 163074512,172.318,-46.2124,8.17,0,,,,,6,5.9,ok
TIC 152823977,181.6808,-9.4103,8.17,0,,,,,5,4.7,ok
TIC 333794705,169.2382,-10.4091,8.17,0,,,,,5,5.2,ok
TIC 1595409,170.9517,-13.5763,8.17,0,,,,,5,5.2,ok
TIC 77736851,142.1331,-44.2222,8.17,0,,,,,7,6.5,ok
TIC 142390596,181.9361,-34.4538,8.17,0,,,,,1,1.5,ok
TIC 71339606,154.7271,-32.9732,8.17,0,,,,,8,7.6,ok
TIC 92340960,172.7399,-52.6073,8.17,0,,,,,1,1.6,ok
TIC 422371105,182.1901,-22.5209,8.17,0,,,,,4,4.2,ok
TIC 91786999,171.5938,-51.6399,8.17,0,,,,,7,6.6,ok
TIC 437278711,141.3342,-55.3403,8.17,0,,,,,6,6.1,ok
TIC 260605506,97.2312,-57.603,8.17,1,1.7182,18.2,rejete,variabilite_continue;eclipse_secondaire,32,14.2,ok
TIC 437246697,165.6686,-23.6132,8.17,0,,,,,5,5.7,ok
TIC 31816240,51.5925,-69.6057,8.17,0,,,,,23,9.6,ok
TIC 140755216,73.8533,-73.7616,8.17,0,,,,,42,9.1,ok
TIC 55402580,77.8438,-62.8176,8.17,0,,,,,41,8.6,ok
TIC 306624254,166.9197,-56.6606,8.17,0,,,,,5,5.1,ok
TIC 401027524,134.9217,-51.6801,8.17,0,,,,,8,7.6,ok
TIC 460266103,157.1378,-60.3863,8.17,0,,,,,7,6.8,ok
TIC 23189694,166.7746,-35.5158,8.17,0,,,,,6,5.9,ok
TIC 451913795,173.1373,-54.779,8.17,0,,,,,6,5.9,ok
TIC 285971448,172.5129,-6.8344,8.17,0,,,,,6,5.7,ok
TIC 141770198,91.8755,-76.6904,8.17,0,,,,,45,9.2,ok
TIC 284195833,105.581,-69.3525,8.17,0,,,,,41,8.9,ok
TIC 269778826,148.4706,-61.6447,8.17,0,,,,,7,6.9,ok
TIC 238198708,57.1904,-75.7006,8.17,0,,,,,29,8.9,ok
TIC 293272754,98.7282,-60.7139,8.17,0,,,,,41,8.8,ok
TIC 344177574,154.7251,-70.781,8.17,0,,,,,6,5.6,ok
TIC 350716053,88.5071,-56.5547,8.17,0,,,,,40,8.4,ok
TIC 452698902,172.0987,-24.8774,8.17,0,,,,,4,3.9,ok
TIC 341109767,118.5871,-56.7451,8.17,0,,,,,12,9.1,ok
TIC 279088395,102.747,-56.2396,8.17,0,,,,,34,9.8,ok
TIC 341789776,121.1826,-55.9074,8.17,0,,,,,11,8.9,ok
TIC 469248308,148.7368,-58.3316,8.17,0,,,,,7,6.7,ok
TIC 237920279,56.8279,-64.3277,8.18,0,,,,,20,9.1,ok
TIC 144157814,176.7175,-10.2673,8.18,0,,,,,5,4.7,ok
TIC 281637522,117.0101,-59.905,8.18,0,,,,,25,8.6,ok
TIC 120378082,163.3334,-51.7927,8.18,0,,23.2,rejete,variabilite_continue;eclipse_secondaire,7,11.0,ok
TIC 55298271,76.8636,-62.75,8.18,1,1.5384,26.0,rejete,variabilite_continue;eclipse_secondaire,38,14.4,ok
TIC 185239953,174.2452,-6.818,8.18,0,,,,,6,6.0,ok
TIC 306254330,166.5716,-55.9148,8.18,0,,,,,7,6.6,ok
TIC 348999460,184.333,-12.2755,8.18,0,,,,,6,5.4,ok
TIC 358107357,51.0559,-73.4922,8.18,0,,,,,20,9.0,ok
TIC 71716646,156.5103,-30.8472,8.18,0,,,,,7,7.0,ok
TIC 438849231,142.8255,-54.5406,8.18,0,,,,,3,3.2,ok
TIC 220428894,72.9117,-59.011,8.18,0,,,,,42,9.1,ok
TIC 340313069,115.0266,-59.2298,8.18,0,,,,,21,9.1,ok
TIC 181205079,174.5966,-38.4777,8.18,0,,,,,8,7.5,ok
TIC 350519682,86.0947,-58.275,8.18,0,,,,,40,8.6,ok
TIC 167574667,101.528,-60.6741,8.18,0,,,,,39,9.0,ok
TIC 99059830,181.9991,-26.2035,8.18,0,,,,,5,5.4,ok
TIC 461201151,181.5088,-37.0867,8.18,0,,,,,5,4.8,ok
TIC 158586156,164.53,-38.7132,8.18,0,,,,,4,4.1,ok
TIC 300010961,106.9456,-67.9368,8.18,0,,,,,43,9.1,ok
TIC 342070625,122.7762,-54.9217,8.18,0,,,,,9,8.1,ok
TIC 293549985,139.3119,-48.678,8.18,0,,,,,6,6.0,ok
TIC 97760779,170.5681,-26.6607,8.18,0,,,,,6,5.9,ok
TIC 272235353,117.4267,-72.357,8.18,0,,,,,31,8.8,ok
TIC 294396282,109.1616,-55.9364,8.18,0,,,,,21,9.1,ok
TIC 271976400,114.3271,-73.7107,8.19,0,,,,,43,9.2,ok
TIC 38632722,64.8391,-61.2626,8.19,0,,,,,20,8.9,ok
TIC 93709814,175.9223,-48.6656,8.19,0,,,,,8,7.4,ok
TIC 386625100,176.5616,-12.0254,8.19,0,,,,,4,4.0,ok
TIC 309779168,126.259,-64.0859,8.19,0,,,,,13,9.0,ok
TIC 30403921,74.5298,-70.1492,8.19,0,,,,,31,9.0,ok
TIC 121948496,132.6355,-56.1667,8.19,0,,,,,9,9.3,ok
TIC 80310118,165.114,-53.9818,8.19,0,,,,,8,7.6,ok
TIC 45549614,148.5996,-40.3136,8.19,0,,,,,8,7.3,ok
TIC 168384869,166.5171,-27.8224,8.19,0,,,,,4,4.1,ok
TIC 147345947,163.0593,-42.5322,8.19,0,,,,,7,6.5,ok
TIC 53575889,157.1731,-31.72,8.19,0,,,,,7,6.6,ok
TIC 340065168,113.1887,-57.3748,8.19,0,,30.6,rejete,variabilite_continue;eclipse_secondaire;compagnon_trop_gros_3.5Rjup,23,19.8,ok
TIC 140890028,76.3932,-72.106,8.19,0,,,,,20,9.2,ok
TIC 307214209,124.6619,-71.9773,8.19,0,,34.1,rejete,variabilite_continue;eclipse_secondaire,28,14.5,ok
TIC 370435127,142.9793,-71.3571,8.19,0,,,,,10,9.6,ok
TIC 287221547,164.9714,-27.6658,8.19,0,,,,,5,5.0,ok
TIC 300969869,118.1507,-69.033,8.19,0,,,,,30,9.1,ok
TIC 300940126,117.8871,-71.0949,8.19,0,,,,,39,9.0,ok
TIC 454021446,175.6916,-37.3982,8.19,0,,,,,6,6.5,ok
TIC 357539762,137.5325,-62.9138,8.19,0,,,,,8,7.7,ok
TIC 362613823,145.4609,-49.7781,8.19,0,,,,,4,3.9,ok
TIC 303495210,159.786,-51.4035,8.19,0,,,,,6,5.9,ok
TIC 374164132,160.2436,-45.0625,8.19,0,,,,,6,5.8,ok
TIC 81392724,167.1959,-50.8142,8.19,0,,,,,7,6.7,ok
TIC 146310847,158.2313,-47.4357,8.19,0,,,,,5,4.8,ok
TIC 434502031,173.4028,-20.5464,8.19,0,,,,,5,5.2,ok
TIC 49099006,165.252,-31.8011,8.19,0,,,,,3,3.2,ok
TIC 142279151,180.8273,-31.2685,8.19,0,,,,,6,5.8,ok
TIC 82252218,168.9075,-50.3034,8.19,0,,,,,6,5.7,ok
TIC 231098685,69.1679,-67.2333,8.19,0,,,,,39,8.9,ok
TIC 401784948,136.0625,-51.9959,8.19,0,,,,,8,7.5,ok
TIC 22395174,186.2261,-19.8706,8.19,0,,,,,5,4.9,ok
TIC 457912802,158.6942,-58.1561,8.2,0,,,,,6,5.8,ok
TIC 278991349,102.0586,-57.4844,8.2,0,,,,,33,9.8,ok
TIC 293108438,178.3304,-24.5875,8.2,0,,,,,3,3.3,ok
TIC 374911986,89.1033,-60.5826,8.2,0,,,,,41,8.7,ok
TIC 75483878,139.0402,-47.2752,8.2,0,,,,,7,6.9,ok
TIC 281495893,112.0915,-58.5362,8.2,0,,,,,30,8.9,ok
TIC 158588517,164.5731,-37.1517,8.2,0,,,,,7,6.8,ok
TIC 309277678,168.1889,-54.9716,8.2,0,,,,,7,7.3,ok
TIC 350559756,86.4913,-56.4514,8.2,0,,,,,41,9.8,ok
TIC 287347434,171.7037,-7.7921,8.2,0,,,,,7,7.6,ok
TIC 31853965,52.4264,-67.2157,8.2,0,,,,,21,9.2,ok
TIC 438180327,142.0876,-56.9477,8.2,0,,,,,4,4.4,ok
TIC 177023289,102.4435,-69.3294,8.2,0,,,,,42,8.9,ok
TIC 89328464,126.5518,-57.9043,8.2,0,,,,,12,9.2,ok
TIC 349056430,107.4061,-62.3046,8.2,0,,,,,34,9.2,ok
TIC 391167759,161.4566,-61.6048,8.2,0,,,,,4,4.1,ok
TIC 447975853,158.0954,-50.6338,8.2,0,,,,,6,5.9,ok
TIC 122089775,132.939,-58.3661,8.2,0,,,,,5,5.4,ok
TIC 167719377,103.1768,-64.7079,8.2,0,,,,,22,9.7,ok
TIC 157325832,176.9832,-32.3893,8.2,0,,,,,5,5.3,ok
TIC 142086812,98.4219,-75.628,8.2,0,,,,,40,9.2,ok
TIC 140997242,78.1137,-75.1449,8.2,0,,,,,43,9.1,ok
TIC 363416454,164.3453,-25.2941,8.2,0,,,,,5,4.9,ok
TIC 371806878,148.98,-69.9688,8.2,0,,,,,8,7.7,ok
TIC 461767324,138.7302,-50.9338,8.2,0,,,,,8,7.8,ok
TIC 382187278,81.2631,-57.2353,8.21,0,,,,,42,9.9,ok
TIC 279088861,102.6969,-56.9525,8.21,0,,,,,40,9.0,ok
TIC 294330174,109.0868,-57.6408,8.21,0,,,,,36,9.1,ok
TIC 260415628,95.6191,-57.5921,8.21,0,,,,,40,9.2,ok
TIC 382160146,81.0013,-58.0951,8.21,0,,,,,33,9.2,ok
TIC 219622190,153.8981,-50.529,8.21,0,,,,,6,6.2,ok
TIC 238404878,121.0043,-52.8091,8.21,0,,,,,1,1.6,ok
TIC 304345263,142.3201,-68.1768,8.21,0,,,,,10,9.7,ok
TIC 415715405,164.2437,-21.5706,8.21,0,,,,,5,5.3,ok
TIC 370236000,105.2594,-74.0174,8.21,0,,,,,42,9.1,ok
TIC 71733405,166.4416,-45.2215,8.21,0,,12.8,rejete,variabilite_continue;eclipse_secondaire,7,14.5,ok
TIC 36077696,149.5668,-47.4109,8.21,0,,,,,6,6.3,ok
TIC 438841340,142.9595,-55.4905,8.21,0,,,,,4,4.4,ok
TIC 142050046,97.3119,-73.5895,8.21,0,,,,,23,9.3,ok
TIC 149346163,83.6124,-62.8385,8.21,0,,,,,38,8.7,ok
TIC 81246622,167.103,-52.0645,8.21,0,,,,,8,7.6,ok
TIC 162624374,170.5097,-43.2006,8.21,0,,,,,5,4.8,ok
TIC 339960404,112.6176,-59.5584,8.21,0,,,,,35,9.7,ok
TIC 372848396,67.7026,-57.4497,8.21,0,,,,,23,9.6,ok
TIC 349964939,114.342,-65.8453,8.21,0,,,,,31,9.2,ok
TIC 38678868,65.4048,-62.1219,8.21,0,,,,,41,8.9,ok
TIC 260369855,95.2015,-55.6752,8.21,0,,,,,41,9.0,ok
TIC 386025523,138.8911,-58.8775,8.21,1,2.7015,11.0,rejete,variabilite_continue;eclipse_secondaire,10,15.2,ok
TIC 151769040,167.6284,-41.6358,8.21,0,,,,,7,6.7,ok
TIC 382186942,81.2126,-58.1691,8.21,0,,,,,43,9.0,ok
TIC 57141628,170.201,-31.3083,8.21,0,,,,,6,5.8,ok
TIC 261260905,90.7271,-78.5206,8.21,0,,,,,39,9.1,ok
TIC 145922096,133.1102,-52.5195,8.21,0,,,,,6,5.8,ok
TIC 99140314,183.5595,-27.3392,8.21,0,,,,,4,4.1,ok
TIC 343172445,126.3701,-59.9694,8.21,0,,,,,5,5.0,ok
TIC 463320660,153.5817,-55.1405,8.21,0,,,,,8,7.5,ok
TIC 176957187,100.8214,-66.501,8.21,0,,,,,29,9.3,ok
TIC 349370739,109.9492,-62.8859,8.21,0,,,,,4,4.0,ok
TIC 309066741,123.5018,-61.6568,8.21,0,,,,,20,9.6,ok
TIC 309402974,124.8516,-64.494,8.21,0,,,,,18,8.9,ok
TIC 278729421,99.5016,-59.7735,8.21,0,,,,,31,9.8,ok
TIC 103553523,157.4628,-42.3467,8.22,0,,,,,6,5.8,ok
TIC 463823452,154.6001,-54.5792,8.22,0,,,,,8,7.5,ok
TIC 374095457,159.9329,-48.9967,8.22,0,,,,,8,7.5,ok
TIC 300938638,117.868,-69.1277,8.22,0,,,,,21,9.1,ok
TIC 23612266,169.6557,-33.7534,8.22,0,,,,,6,5.8,ok
TIC 185192725,173.1016,-11.6917,8.22,0,,,,,2,2.3,ok
TIC 459295129,162.2352,-57.2642,8.22,0,,,,,7,6.7,ok
TIC 180278594,180.7274,-17.6797,8.22,0,,,,,4,3.9,ok
TIC 181021137,173.1894,-37.5067,8.22,0,,,,,7,6.5,ok
TIC 457532610,157.6273,-56.1734,8.22,0,,,,,7,6.8,ok
TIC 303025931,155.2002,-67.4107,8.22,0,,,,,2,2.4,ok
TIC 335439608,170.6367,-16.3768,8.22,0,,,,,5,5.1,ok
TIC 356366528,134.2339,-65.1237,8.22,0,,,,,11,9.7,ok
TIC 55523561,72.0655,-62.4282,8.22,0,,,,,39,9.4,ok
TIC 358463026,119.0602,-62.1178,8.22,0,,,,,25,9.4,ok
TIC 33835925,64.1494,-74.2875,8.22,0,,,,,38,9.1,ok
TIC 434514848,189.7538,-22.6183,8.22,0,,,,,5,4.9,ok
TIC 381974270,76.9305,-59.485,8.22,0,,,,,31,9.2,ok
TIC 437322762,191.8898,-18.9519,8.22,0,,,,,4,4.2,ok
TIC 349311517,109.7568,-65.2256,8.22,0,,,,,40,8.8,ok
TIC 287329624,109.6281,-59.7357,8.22,0,,,,,22,8.9,ok
TIC 53932818,159.106,-31.5507,8.22,0,,,,,6,6.1,ok
TIC 272548575,121.8532,-72.1561,8.22,0,,,,,16,10.2,ok
TIC 364145817,139.7302,-50.218,8.22,0,,,,,7,6.8,ok
TIC 77556322,178.9469,-25.1466,8.22,0,,,,,5,4.9,ok
TIC 76909415,140.9617,-47.0594,8.22,0,,,,,7,6.7,ok
TIC 142156210,179.7231,-30.9886,8.22,0,,,,,5,4.8,ok
TIC 142210408,180.3993,-34.1421,8.22,0,,,,,5,4.9,ok
TIC 349125919,185.6973,-14.5992,8.22,0,,,,,6,6.0,ok
TIC 145384017,132.2577,-53.1032,8.22,0,,,,,4,4.2,ok
TIC 341929445,122.0228,-57.1172,8.22,0,,,,,12,8.7,ok
TIC 83133871,188.4781,-22.0757,8.22,0,,,,,4,4.1,ok
TIC 260296875,94.4458,-58.8089,8.23,0,,,,,25,9.1,ok
TIC 349273478,109.2763,-63.4789,8.23,0,,,,,21,8.9,ok
TIC 278017567,178.1197,-38.0965,8.23,0,,,,,6,5.9,ok
TIC 377777476,154.5198,-61.8785,8.23,0,,,,,7,6.9,ok
TIC 464470984,156.2546,-57.0865,8.23,0,,,,,6,5.9,ok
TIC 347627787,169.2365,-13.0765,8.23,0,,,,,5,5.0,ok
TIC 162208473,168.7331,-44.0711,8.23,0,,,,,1,1.6,ok
TIC 384945615,137.2013,-57.0251,8.23,0,,,,,6,5.9,ok
TIC 36814460,150.9505,-47.173,8.23,0,,,,,4,4.2,ok
TIC 162480442,169.6771,-42.7844,8.23,0,,,,,7,6.6,ok
TIC 376139442,152.5536,-62.9854,8.23,0,,,,,5,5.0,ok
TIC 106502915,159.9363,-36.5365,8.23,0,,,,,5,5.0,ok
TIC 141823020,93.2125,-75.9584,8.23,0,,,,,21,9.0,ok
TIC 259701242,74.4666,-53.818,8.23,0,,,,,16,9.2,ok
TIC 384471898,136.3597,-58.9248,8.23,0,,,,,10,9.5,ok
TIC 293111283,178.4046,-28.2787,8.23,0,,,,,5,5.3,ok
TIC 382690427,137.2295,-51.6028,8.23,0,,,,,8,8.6,ok
TIC 350844714,90.1382,-56.1614,8.23,0,,,,,33,9.1,ok
TIC 231089952,68.6065,-66.1935,8.23,0,,,,,43,8.8,ok
TIC 1629601,188.1876,-12.785,8.23,0,,,,,5,4.8,ok
TIC 220454990,74.2749,-55.6125,8.23,0,,14.6,rejete,variabilite_continue;eclipse_secondaire,28,14.3,ok
TIC 402116291,182.7369,-28.3476,8.23,0,,,,,5,5.2,ok
TIC 349372072,110.0004,-61.035,8.23,0,,,,,42,9.3,ok
TIC 57211952,170.9108,-30.4903,8.24,0,,,,,7,6.5,ok
TIC 181207198,174.7564,-36.2424,8.24,0,,,,,7,6.6,ok
TIC 286854355,150.5311,-39.7111,8.24,0,,,,,6,6.0,ok
TIC 103311321,156.7928,-46.7082,8.24,0,,,,,6,5.9,ok
TIC 413443904,177.6686,-18.736,8.24,0,,,,,2,2.4,ok
TIC 165292746,179.1545,-40.6542,8.24,0,,,,,7,6.7,ok
TIC 290366208,136.3174,-64.1727,8.24,0,,,,,11,9.2,ok
TIC 364538492,71.1731,-74.3226,8.24,0,,,,,42,8.9,ok
TIC 307158324,124.0627,-70.4014,8.24,1,1.9561,61.9,rejete,variabilite_continue;eclipse_secondaire,31,15.3,ok
TIC 204650643,184.9644,-26.2003,8.24,0,,,,,3,3.4,ok
TIC 398272196,181.5578,-20.0401,8.24,0,,,,,3,3.4,ok
TIC 219581340,175.0661,-22.102,8.24,0,,,,,6,6.0,ok
TIC 272089457,115.6303,-76.2177,8.24,0,,,,,31,9.3,ok
TIC 450423039,168.6367,-55.7379,8.24,0,,,,,5,5.0,ok
TIC 372604433,151.8415,-67.1365,8.24,0,,,,,9,8.6,ok
TIC 188124913,161.9118,-28.994,8.24,0,,,,,6,6.0,ok
TIC 466528132,166.3598,-61.4345,8.24,0,,53.1,rejete,eclipse_secondaire,5,9.2,ok
TIC 183649782,179.635,-11.5756,8.24,0,,,,,6,5.8,ok
TIC 459366982,162.5094,-58.0355,8.24,0,,,,,7,7.0,ok
TIC 61371073,175.6105,-43.3017,8.24,0,,,,,7,6.9,ok
TIC 397186219,131.4712,-75.896,8.24,0,,,,,15,9.3,ok
TIC 358335307,77.3436,-54.2409,8.24,0,,,,,17,9.3,ok
TIC 342883332,125.4888,-58.7237,8.24,0,,,,,12,9.1,ok
TIC 460994160,159.5218,-62.3375,8.24,0,,,,,7,7.4,ok
TIC 152510979,172.008,-37.0204,8.24,0,,,,,7,6.8,ok
TIC 333879879,176.1547,-20.4153,8.24,0,,,,,5,4.8,ok
TIC 396900611,168.7252,-11.2342,8.24,0,,,,,5,5.1,ok
TIC 279250316,103.9618,-58.4105,8.24,0,,,,,40,8.8,ok
TIC 220424315,72.3325,-57.1004,8.24,0,,,,,32,9.8,ok
TIC 260507500,96.6828,-58.833,8.24,0,,,,,36,9.2,ok
TIC 462494600,151.3733,-57.1818,8.24,0,,,,,6,5.9,ok
TIC 261061538,81.3406,-78.1385,8.25,0,,,,,39,9.6,ok
TIC 308147425,130.1718,-68.6177,8.25,0,,,,,19,9.3,ok
TIC 162580295,170.2277,-44.6455,8.25,0,,,,,6,6.3,ok
TIC 118260274,128.4088,-57.8177,8.25,0,,,,,10,9.3,ok
TIC 271812702,112.1746,-75.4081,8.25,0,,,,,34,9.1,ok
TIC 187989780,159.8465,-27.9498,8.25,0,,,,,6,5.8,ok
TIC 262498136,109.9286,-57.7788,8.25,0,,,,,32,8.8,ok
TIC 347714666,182.6963,-14.9342,8.25,0,,,,,4,4.3,ok
TIC 177284199,102.4186,-74.5568,8.25,0,,,,,45,8.9,ok
TIC 382962663,137.418,-48.5796,8.25,0,,,,,6,6.2,ok
TIC 31944460,54.3732,-66.5243,8.25,0,,,,,22,8.8,ok
TIC 31925538,53.3077,-69.8698,8.25,0,,,,,21,9.8,ok
TIC 370137710,46.7218,-72.3024,8.25,0,,,,,14,9.3,ok
TIC 300653642,114.3004,-69.0448,8.25,0,,,,,21,9.6,ok
TIC 106058263,157.7953,-39.021,8.25,0,,,,,2,2.6,ok
TIC 55849142,75.8264,-61.4154,8.25,0,,,,,43,9.6,ok
TIC 41532123,93.7556,-70.4603,8.25,0,,,,,36,8.8,ok
TIC 308454245,120.9581,-64.6291,8.25,0,,,,,30,9.2,ok
TIC 158714829,165.3562,-38.2995,8.25,0,,,,,7,6.7,ok
TIC 300330109,111.1149,-70.1266,8.25,0,,,,,21,9.1,ok
TIC 102627317,155.2144,-47.0405,8.25,0,,,,,4,4.7,ok
TIC 204618705,184.2617,-27.0423,8.25,0,,,,,5,5.1,ok
TIC 286998391,150.7035,-40.6014,8.26,0,,,,,7,8.3,ok
TIC 38424405,60.4108,-61.9584,8.26,0,,,,,23,9.2,ok
TIC 106497631,159.7719,-41.2094,8.26,0,,,,,7,6.6,ok
TIC 126428940,136.5575,-52.6395,8.26,0,,,,,4,4.1,ok
TIC 220391964,68.1409,-58.6551,8.26,0,,,,,31,8.9,ok
TIC 271900960,112.9419,-75.5276,8.26,0,,,,,34,9.6,ok
TIC 426030159,44.4889,-72.5449,8.26,0,,,,,14,9.4,ok
TIC 176875890,101.1091,-77.245,8.26,0,,,,,32,9.9,ok
TIC 389445119,85.9682,-71.0607,8.26,0,,,,,5,6.0,ok
TIC 150391988,96.4981,-61.6245,8.26,0,,,,,43,9.4,ok
TIC 306668692,120.1596,-70.8415,8.26,0,,,,,19,10.0,ok
TIC 452444834,139.0597,-73.1579,8.26,0,,,,,4,4.4,ok
TIC 38762657,67.3523,-61.2187,8.26,0,,,,,43,9.7,ok
TIC 22444513,186.4079,-18.164,8.26,0,,,,,5,5.2,ok
TIC 445581870,117.0204,-54.4179,8.26,0,,,,,12,9.2,ok
TIC 362006486,145.3124,-65.8626,8.26,0,,,,,6,5.9,ok
TIC 45236866,147.7231,-40.4533,8.26,0,,,,,3,3.2,ok
TIC 38587771,64.141,-65.9112,8.26,0,,,,,31,9.0,ok
TIC 449943197,168.2492,-58.7553,8.26,0,,,,,4,4.2,ok
TIC 219349040,153.8405,-48.5477,8.26,0,,,,,4,4.0,ok
TIC 299802045,59.8784,-75.6607,8.26,0,,,,,26,9.0,ok
TIC 287326898,109.7045,-56.6433,8.26,0,,,,,25,9.3,ok
TIC 152314403,170.9756,-41.94,8.26,0,,,,,2,2.5,ok
TIC 25194865,63.9506,-66.2181,8.26,0,,,,,9,8.5,ok
TIC 350184174,115.6692,-60.3032,8.27,0,,,,,23,8.9,ok
TIC 257720377,78.285,-59.9821,8.27,0,,,,,34,9.1,ok
TIC 349001059,184.437,-17.3567,8.27,0,,,,,5,5.0,ok
TIC 437269640,174.0288,-22.4792,8.27,0,,,,,5,5.0,ok
TIC 453097891,114.1032,-71.7117,8.27,0,,,,,41,9.3,ok
TIC 303028157,155.2255,-68.3066,8.27,0,,,,,4,4.5,ok
TIC 333735816,170.3376,-25.0628,8.27,0,,,,,6,6.1,ok
TIC 132736769,148.9906,-48.0922,8.27,0,,,,,7,7.1,ok
TIC 307157616,124.0854,-71.2763,8.27,0,,,,,29,9.8,ok
TIC 271903417,113.4997,-75.7851,8.27,0,,,,,26,9.0,ok
TIC 53785316,158.2172,-29.9773,8.27,0,,,,,7,7.0,ok
TIC 29913711,166.0637,-36.8401,8.27,0,,,,,7,6.6,ok
TIC 383517469,134.8685,-59.4715,8.27,0,,,,,10,9.2,ok
TIC 55272575,76.3723,-63.1436,8.27,0,,,,,2,2.4,ok
TIC 294779080,71.4832,-66.5169,8.27,0,,,,,32,9.3,ok
TIC 453292862,148.0921,-73.4754,8.27,0,,,,,8,8.0,ok
TIC 279571832,106.1392,-58.8295,8.27,0,,,,,43,9.1,ok
TIC 179201407,79.3173,-70.2596,8.27,0,,,,,42,8.6,ok
TIC 411073848,160.7707,-50.6913,8.27,0,,,,,6,5.7,ok
TIC 388764501,125.8031,-53.1144,8.27,0,,,,,9,8.6,ok
TIC 150440176,97.6861,-61.6086,8.27,0,,,,,39,9.3,ok
TIC 260077376,91.8324,-57.1762,8.27,0,,,,,21,8.9,ok
TIC 340252414,114.8413,-54.2974,8.27,0,,,,,6,5.9,ok
TIC 375038128,99.7237,-63.4642,8.27,0,,,,,32,9.1,ok
TIC 465543265,163.659,-60.1268,8.27,0,,,,,7,7.0,ok
TIC 300443831,111.7549,-69.5154,8.27,0,,,,,35,8.7,ok
TIC 350744678,88.7508,-55.2317,8.27,0,,,,,34,9.3,ok
TIC 467626646,169.0228,-61.4143,8.27,0,,,,,8,8.0,ok
TIC 231739745,67.3409,-75.6256,8.27,0,,,,,40,9.1,ok
TIC 76188657,140.0117,-46.7692,8.27,0,,,,,8,8.6,ok
TIC 458543434,160.2874,-59.2478,8.27,0,,,,,6,6.0,ok
TIC 135043619,184.5983,-36.1497,8.28,0,,,,,1,1.6,ok
TIC 386706518,189.0119,-12.2651,8.28,0,,,,,4,3.9,ok
TIC 397148644,131.1956,-73.708,8.28,0,,,,,14,9.3,ok
TIC 260352227,94.7857,-56.6805,8.28,0,,,,,41,9.0,ok
TIC 434503711,189.1864,-22.3503,8.28,0,,,,,2,2.4,ok
TIC 350433501,85.1964,-57.5264,8.28,0,,,,,41,8.7,ok
TIC 54114594,160.5212,-34.9309,8.28,0,,,,,6,5.8,ok
TIC 80146330,164.8558,-53.0018,8.28,0,,,,,6,5.8,ok
TIC 279516815,105.8631,-55.81,8.28,0,,,,,29,9.1,ok
TIC 391424590,161.572,-63.8363,8.28,0,,,,,1,1.6,ok
TIC 55366779,77.2653,-63.9412,8.28,0,,,,,41,9.1,ok
TIC 55384838,77.3317,-65.1287,8.28,0,,,,,30,9.4,ok
TIC 260351540,94.804,-58.054,8.28,0,,,,,41,8.6,ok
TIC 304229131,164.9137,-55.0295,8.28,0,,,,,7,6.8,ok
TIC 105799467,156.6988,-39.9018,8.28,0,,,,,6,5.9,ok
TIC 415713415,164.0972,-20.6,8.28,0,,,,,5,5.0,ok
TIC 398907941,183.9992,-32.3866,8.28,0,,,,,5,5.0,ok
TIC 45238147,147.7236,-39.5841,8.28,0,,,,,8,7.3,ok
TIC 382517621,117.6032,-63.8721,8.28,0,,,,,42,9.0,ok
TIC 272195570,117.209,-76.7734,8.28,0,,,,,21,9.0,ok
TIC 177082055,103.5474,-68.1579,8.28,0,,,,,42,9.1,ok
TIC 135324549,150.3843,-49.5222,8.28,0,,,,,4,4.2,ok
TIC 55497082,71.5509,-60.0176,8.28,0,,,,,40,9.7,ok
TIC 272317789,118.5376,-76.5673,8.28,0,,,,,25,9.2,ok
TIC 33770863,63.4186,-73.04,8.28,0,,,,,43,9.0,ok
TIC 309067801,123.4973,-62.4356,8.28,0,,,,,21,9.2,ok
TIC 219382905,171.9907,-19.2496,8.28,0,,,,,5,5.1,ok
TIC 293936969,106.6186,-56.646,8.28,0,,,,,35,9.0,ok
TIC 150390490,96.5365,-64.5532,8.28,0,,,,,36,9.4,ok
TIC 371596233,148.0621,-67.1273,8.29,1,3.3513,14.8,rejete,variabilite_continue;eclipse_secondaire,7,11.7,ok
TIC 375061989,99.9234,-65.2743,8.29,0,,,,,35,9.1,ok
TIC 387106852,140.5283,-55.0106,8.29,0,,,,,6,6.0,ok
TIC 355375058,131.0816,-62.6858,8.29,0,,,,,11,9.2,ok
TIC 134866849,183.626,-36.0468,8.29,0,,,,,2,2.4,ok
TIC 359356597,140.3368,-64.5084,8.29,0,,,,,7,6.9,ok
TIC 298082834,142.6623,-53.0479,8.29,0,,,,,5,5.0,ok
TIC 349967099,114.207,-63.3003,8.29,0,,,,,24,9.3,ok
TIC 349907707,114.1051,-61.8738,8.29,0,,13.6,rejete,variabilite_continue;eclipse_secondaire;compagnon_trop_gros_3.3Rjup,31,13.9,ok
TIC 92001490,172.0139,-50.8551,8.29,0,,,,,3,3.4,ok
TIC 57714422,174.1659,-32.9262,8.29,0,,,,,2,2.6,ok
TIC 309082111,168.1516,-58.644,8.29,0,,,,,5,5.3,ok
TIC 389252937,179.8296,-44.1494,8.29,0,,,,,6,5.9,ok
TIC 308081885,168.0909,-12.8331,8.29,0,,,,,5,5.0,ok
TIC 371188530,146.6258,-66.5492,8.29,0,,,,,6,6.0,ok
TIC 150028806,90.8916,-62.1985,8.29,0,,,,,38,8.9,ok
TIC 126737992,136.9191,-50.6402,8.29,0,,,,,8,8.4,ok
TIC 275541981,178.879,-42.3259,8.29,0,,,,,6,6.2,ok
TIC 25155698,63.4129,-70.5068,8.29,0,,,,,44,9.0,ok
TIC 287956356,129.1182,-76.2781,8.29,0,,,,,12,9.7,ok
TIC 375353364,152.0572,-43.1221,8.29,0,,,,,5,4.9,ok
TIC 141805180,92.147,-74.3933,8.29,0,,,,,45,9.1,ok
TIC 411086700,160.7699,-48.6195,8.29,0,,,,,8,7.2,ok
TIC 398012625,160.2529,-66.8104,8.29,0,,,,,7,6.9,ok
TIC 349154160,108.2421,-61.6135,8.29,0,,,,,41,9.6,ok
TIC 38580218,180.3333,-20.9157,8.29,0,,,,,4,4.0,ok
TIC 386079053,138.897,-56.0679,8.29,0,,,,,7,6.9,ok
TIC 279477819,105.3096,-56.825,8.29,0,,,,,36,9.4,ok
TIC 75053771,138.441,-46.1883,8.29,0,,,,,7,6.7,ok
TIC 149347534,83.4977,-59.9505,8.29,0,,,,,41,8.8,ok
TIC 31961002,55.076,-68.4182,8.29,0,,,,,32,9.2,ok
TIC 152179462,170.4109,-41.911,8.29,0,,,,,3,3.3,ok
TIC 38699825,66.3975,-60.7568,8.3,0,,,,,34,9.0,ok
TIC 177350315,104.1215,-72.6457,8.3,0,,,,,41,8.9,ok
TIC 355702403,132.3291,-64.1525,8.3,0,,,,,10,9.4,ok
TIC 356072479,138.4357,-50.2235,8.3,0,,,,,8,7.5,ok
TIC 388128620,63.5961,-69.5459,8.3,0,,,,,33,9.4,ok
TIC 134650373,182.3063,-36.694,8.3,0,,,,,4,4.3,ok
TIC 71547807,155.6492,-32.3755,8.3,0,,,,,4,4.3,ok
TIC 177173234,104.8054,-71.2564,8.3,0,,,,,42,9.7,ok
TIC 422373323,182.3088,-18.0285,8.3,0,,,,,4,4.0,ok
TIC 300935162,117.7097,-66.6952,8.3,0,,,,,42,9.3,ok
TIC 140580482,68.5288,-73.9511,8.3,0,,,,,43,9.0,ok
TIC 38943971,70.2055,-62.8007,8.3,0,,,,,43,8.7,ok
TIC 92575788,173.1311,-48.8148,8.3,0,,,,,5,5.0,ok
TIC 93714388,175.8792,-50.9238,8.3,0,,,,,6,5.9,ok
TIC 306736789,120.8389,-66.839,8.3,0,,,,,37,8.9,ok
TIC 306470369,118.4769,-67.4551,8.3,0,,,,,41,8.8,ok
TIC 272550198,121.8219,-74.1817,8.3,0,,,,,28,8.7,ok
TIC 31815637,51.5796,-67.6158,8.3,0,,,,,21,9.1,ok
TIC 422408232,183.0435,-18.3952,8.3,0,,,,,5,4.9,ok
TIC 386675211,176.9845,-17.5263,8.3,0,,,,,4,4.0,ok
TIC 260540898,97.1905,-55.9171,8.3,0,,,,,32,9.0,ok
TIC 349125090,185.6912,-13.1157,8.3,0,,,,,6,5.5,ok
TIC 388761462,125.823,-51.7417,8.3,1,2.7247,13.1,rejete,variabilite_continue;eclipse_secondaire,11,14.8,ok
TIC 177388502,104.9873,-75.207,8.3,0,,,,,42,9.1,ok
TIC 272431788,120.0892,-75.5035,8.3,0,,,,,28,9.0,ok
TIC 99093712,183.1138,-25.8626,8.3,0,,,,,3,3.2,ok
TIC 307441274,126.2207,-66.7878,8.3,0,,,,,20,9.0,ok
TIC 382260143,82.5422,-58.5432,8.3,0,,,,,43,8.8,ok
TIC 48975228,163.9837,-33.0618,8.3,0,,,,,6,6.7,ok
TIC 269407885,119.188,-53.3992,8.3,0,,,,,9,7.9,ok
TIC 157791630,173.5273,-16.4015,8.3,0,,,,,3,3.3,ok
TIC 306736346,120.9473,-66.343,8.3,0,,,,,35,8.9,ok
TIC 20320928,167.1091,-24.5347,8.3,0,,,,,5,4.9,ok
TIC 22331205,178.1564,-22.1782,8.3,0,,,,,5,4.7,ok
TIC 183647999,179.458,-8.9869,8.31,0,,,,,4,3.8,ok
TIC 157270619,176.6715,-34.3486,8.31,0,,,,,7,6.5,ok
TIC 92168731,172.5375,-53.5058,8.31,0,,,,,7,6.6,ok
TIC 467051976,167.5576,-60.7812,8.31,0,,,,,4,4.1,ok
TIC 82317363,168.9526,-52.6123,8.31,0,,,,,7,7.1,ok
TIC 57206634,170.7584,-32.4322,8.31,0,,,,,2,2.4,ok
TIC 193137336,157.1986,-29.734,8.31,0,,,,,2,2.4,ok
TIC 383439653,134.668,-55.229,8.31,0,,,,,5,4.6,ok
TIC 165556341,180.7336,-41.5596,8.31,0,,,,,6,5.7,ok
TIC 390668634,160.7276,-59.9721,8.31,0,,,,,6,5.9,ok
TIC 306579787,119.6347,-66.7744,8.31,0,,,,,21,8.8,ok
TIC 375062809,100.037,-65.9367,8.31,0,,,,,39,8.9,ok
TIC 381975295,77.0249,-56.7927,8.31,0,,,,,19,8.9,ok
TIC 220430530,73.1445,-54.3267,8.31,0,,,,,16,9.1,ok
TIC 80311203,165.1621,-53.5746,8.31,0,,,,,1,1.7,ok
TIC 349829477,113.6764,-61.0827,8.31,0,,,,,39,8.8,ok
TIC 257720280,77.8086,-59.6788,8.31,0,,,,,43,8.9,ok
TIC 275360276,179.6822,-27.4378,8.31,0,,,,,5,5.0,ok
TIC 141765836,91.6243,-72.5153,8.31,0,,,,,32,8.9,ok
TIC 274567123,149.0706,-55.151,8.31,0,,,,,4,4.2,ok
TIC 55664116,74.4822,-60.9408,8.31,0,,,,,41,8.8,ok
TIC 48766203,162.2662,-35.8165,8.31,0,,,,,5,4.8,ok
TIC 260267208,93.9123,-57.7012,8.31,0,,,,,31,8.9,ok
TIC 362249092,145.6456,-62.4111,8.31,0,,,,,7,7.6,ok
TIC 23186105,166.5367,-30.2872,8.31,0,,,,,4,4.2,ok
TIC 274998672,149.462,-56.5344,8.31,0,,,,,7,6.9,ok
TIC 308537791,120.9234,-60.9075,8.32,0,,40.2,rejete,variabilite_continue;eclipse_secondaire,20,14.1,ok
TIC 158378363,163.3234,-39.5061,8.32,0,,,,,5,5.0,ok
TIC 278865766,100.7113,-56.016,8.32,0,,,,,40,9.0,ok
TIC 275450527,178.5542,-45.8209,8.32,0,,,,,2,2.4,ok
TIC 306247066,166.6697,-54.2488,8.32,0,,,,,5,5.2,ok
TIC 360646081,142.6274,-63.3679,8.32,0,,,,,6,6.0,ok
TIC 385330403,181.5669,-14.5618,8.32,0,,,,,4,3.9,ok
TIC 98939709,180.5561,-27.6481,8.32,0,,,,,6,5.5,ok
TIC 92623659,173.5448,-48.7346,8.32,0,,,,,6,5.8,ok
TIC 334971104,186.5449,-12.3112,8.32,0,,,,,5,4.9,ok
TIC 437290139,174.3397,-21.4632,8.32,0,,,,,5,4.8,ok
TIC 25134377,62.5144,-67.3263,8.32,0,,,,,33,8.8,ok
TIC 458609596,160.3761,-55.9582,8.32,0,,,,,7,6.9,ok
TIC 134717003,182.5915,-38.1776,8.32,0,,,,,6,5.8,ok
TIC 382146576,80.4807,-54.5081,8.32,0,,,,,27,9.2,ok
TIC 335589578,183.5386,-12.825,8.32,0,,,,,6,5.4,ok
TIC 265734433,174.7365,-54.959,8.32,0,,,,,4,4.7,ok
TIC 178660869,165.8743,-43.0228,8.32,0,,,,,8,7.2,ok
TIC 388107420,62.6571,-71.6914,8.32,0,,,,,43,9.0,ok
TIC 362522510,145.4552,-52.2176,8.32,0,,,,,6,6.2,ok
TIC 304053236,164.8197,-57.6807,8.32,0,,,,,7,6.9,ok
TIC 260659557,98.2459,-59.0398,8.32,0,,,,,43,8.8,ok
TIC 282051065,132.2471,-75.0589,8.32,0,,,,,9,8.4,ok
TIC 71738687,166.6837,-43.6141,8.32,0,,,,,7,6.5,ok
TIC 466360899,165.7002,-62.4804,8.32,0,,,,,8,7.5,ok
TIC 147000930,161.6161,-47.6326,8.32,0,,,,,8,7.4,ok
TIC 150098542,91.6836,-62.6814,8.32,0,,,,,29,10.3,ok
TIC 334851539,171.3239,-11.9598,8.32,0,,,,,4,4.2,ok
TIC 150103650,92.3417,-65.6794,8.32,0,,,,,19,9.3,ok
TIC 286191360,187.3657,-26.3074,8.32,0,,,,,5,5.1,ok
TIC 465420045,163.2908,-62.4634,8.32,0,,,,,8,7.7,ok
TIC 413441981,177.4883,-23.0412,8.33,0,,,,,5,4.8,ok
TIC 89457495,127.0993,-56.0411,8.33,0,,,,,8,7.5,ok
TIC 150356903,96.1942,-64.7691,8.33,0,,,,,19,9.2,ok
TIC 448644835,177.4696,-31.4788,8.33,0,,,,,5,5.7,ok
TIC 237937700,59.4377,-64.0216,8.33,0,,,,,32,9.3,ok
TIC 33766654,62.5543,-73.7584,8.33,0,,,,,34,9.4,ok
TIC 220173568,154.859,-49.4162,8.33,0,,,,,2,2.3,ok
TIC 453467231,170.1442,-8.5783,8.33,0,,,,,5,4.9,ok
TIC 144159849,176.7449,-10.9491,8.33,0,,,,,3,3.4,ok
TIC 300656986,114.4909,-70.0679,8.33,0,,,,,34,8.8,ok
TIC 403763751,179.9977,-42.0936,8.33,0,,,,,7,6.7,ok
TIC 306631417,119.6966,-69.052,8.33,0,,,,,2,2.4,ok
TIC 340219007,114.0547,-59.6152,8.33,0,,,,,33,8.7,ok
TIC 464296873,155.987,-57.4645,8.33,0,,28.8,rejete,variabilite_continue;eclipse_secondaire,8,12.7,ok
TIC 349193923,108.6774,-63.064,8.33,0,,,,,25,8.9,ok
TIC 307928254,129.1454,-67.2529,8.33,0,,,,,16,8.9,ok
TIC 437287617,174.1831,-18.1462,8.33,0,,,,,4,4.2,ok
TIC 349647797,112.2035,-64.7724,8.33,0,,,,,21,9.1,ok
TIC 307925788,128.8918,-66.361,8.34,0,,,,,14,9.4,ok
TIC 33246163,144.934,-44.2312,8.34,0,,,,,8,7.6,ok
TIC 382067256,79.519,-55.7071,8.34,0,,,,,39,9.1,ok
TIC 92391785,172.8218,-49.6713,8.34,0,,,,,6,6.5,ok
TIC 302139856,132.4634,-70.2959,8.34,0,,,,,11,10.0,ok
TIC 460204092,156.9819,-64.9078,8.34,0,,,,,7,7.1,ok
TIC 20325431,167.3745,-24.6018,8.34,0,,,,,4,4.1,ok
TIC 434492860,172.814,-21.128,8.34,0,,,,,6,5.8,ok
TIC 272002791,115.2122,-77.2703,8.34,0,,,,,22,9.1,ok
TIC 347715888,182.8908,-13.6908,8.34,0,,,,,3,3.1,ok
TIC 464628809,156.8111,-58.0844,8.34,0,,,,,7,6.8,ok
TIC 341727568,121.0678,-58.7199,8.34,0,,,,,11,9.5,ok
TIC 158293963,162.891,-41.7861,8.34,0,,,,,7,6.8,ok
TIC 448269292,158.5265,-52.1818,8.34,0,,,,,6,5.9,ok
TIC 57694511,174.2258,-31.7544,8.34,0,,,,,6,5.6,ok
TIC 193294548,177.5688,-14.366,8.34,0,,,,,3,3.1,ok
TIC 106193956,158.4773,-37.1537,8.34,0,,,,,4,4.0,ok
TIC 350344317,84.4866,-59.7764,8.34,0,,,,,33,8.8,ok
TIC 464967740,162.0782,-63.1451,8.34,0,,,,,7,6.7,ok
TIC 386751445,139.8788,-55.5902,8.34,0,,,,,8,7.6,ok
TIC 270375483,176.7669,-28.2107,8.34,0,,,,,6,5.6,ok
TIC 441858208,145.7056,-54.113,8.34,0,,,,,8,7.6,ok
TIC 220459451,74.8877,-54.6634,8.34,0,,,,,20,8.9,ok
TIC 57064355,169.8789,-32.7513,8.35,0,,,,,6,5.7,ok
TIC 185191586,173.0308,-7.618,8.35,0,,,,,6,5.8,ok
TIC 167415960,99.2897,-70.9176,8.35,0,,,,,39,9.2,ok
TIC 307433440,125.7483,-71.0354,8.35,0,,,,,19,8.9,ok
TIC 309615189,78.7065,-63.0743,8.35,0,,,,,23,8.8,ok
TIC 402132821,182.9438,-29.3974,8.35,0,,,,,4,4.2,ok
TIC 163487694,173.9087,-46.1834,8.35,0,,,,,6,6.0,ok
TIC 439820695,143.6346,-59.5164,8.35,0,,,,,5,5.3,ok
TIC 443627218,186.4657,-29.6695,8.35,0,,,,,4,4.1,ok
TIC 38581295,180.3214,-23.9244,8.35,0,,,,,5,4.8,ok
TIC 264865297,117.5977,-56.3255,8.35,0,,,,,8,8.5,ok
TIC 350560804,86.5671,-58.7748,8.35,0,,,,,31,8.8,ok
TIC 375090431,100.1502,-60.6659,8.35,0,,,,,21,9.0,ok
TIC 162096886,168.278,-47.6727,8.35,0,,,,,8,7.7,ok
TIC 149388265,84.0907,-65.1795,8.35,0,,,,,38,8.8,ok
TIC 103555745,157.4135,-43.8709,8.35,0,,18.1,rejete,variabilite_continue;eclipse_secondaire,5,8.0,ok
TIC 334939786,186.3612,-13.3376,8.35,0,,,,,5,4.6,ok
TIC 176875517,101.0227,-76.4081,8.35,0,,,,,22,9.1,ok
TIC 429285951,167.5188,-22.8432,8.35,0,,,,,5,4.9,ok
TIC 375442569,152.3086,-44.1976,8.35,0,,,,,5,5.1,ok
TIC 141093693,79.6681,-72.6942,8.35,0,,,,,41,8.7,ok
TIC 167811761,104.8255,-62.9067,8.35,0,,,,,?,0.6,erreur
TIC 300444376,111.4782,-68.7373,8.35,0,,,,,32,9.3,ok
TIC 176872401,100.4971,-73.0211,8.35,0,,,,,42,8.8,ok
TIC 304216847,141.7733,-66.2577,8.35,0,,,,,6,5.9,ok
TIC 53668717,157.4807,-33.3305,8.36,0,,,,,6,5.7,ok
TIC 162805915,171.1505,-45.4452,8.36,0,,,,,5,4.8,ok
TIC 381978657,77.6835,-55.5206,8.36,0,,,,,34,9.1,ok
TIC 92588934,128.8472,-50.3469,8.36,0,,,,,4,4.0,ok
TIC 287099883,163.432,-29.9127,8.36,0,,,,,3,3.3,ok
TIC 350146577,115.9039,-63.3989,8.36,0,,,,,20,9.2,ok
TIC 55659357,74.0214,-64.5806,8.36,0,,,,,40,9.4,ok
TIC 260267074,93.9866,-58.0006,8.36,0,,,,,41,8.6,ok
TIC 48831846,162.8236,-33.0119,8.36,0,,,,,5,4.9,ok
TIC 300502437,173.3267,-51.3648,8.36,0,,,,,2,2.5,ok
TIC 176869680,182.8852,-10.7494,8.36,0,,,,,5,4.8,ok
TIC 57533509,173.1527,-32.9464,8.36,0,,,,,3,3.4,ok
TIC 450896422,170.0422,-57.3783,8.36,0,,,,,3,3.4,ok
TIC 300867625,117.3131,-68.1085,8.36,0,,,,,42,10.1,ok
TIC 375349954,152.0367,-41.8897,8.36,0,,,,,7,6.8,ok
TIC 364939775,169.9526,-28.6164,8.36,0,,,,,4,4.1,ok
TIC 275544993,178.9418,-44.5101,8.36,0,,,,,6,5.9,ok
TIC 275589659,178.9508,-47.3556,8.36,0,,,,,7,6.7,ok
TIC 71216609,153.934,-35.0575,8.36,0,,,,,5,5.0,ok
TIC 333734246,170.1643,-27.5968,8.36,0,,,,,6,5.6,ok
TIC 261105201,82.8275,-79.0083,8.36,0,,,,,23,8.8,ok
TIC 80296685,165.0303,-50.4941,8.36,0,,,,,5,5.2,ok
TIC 466297315,165.434,-60.3264,8.36,0,,,,,5,4.9,ok
TIC 140608230,71.5297,-77.0205,8.36,0,,,,,43,9.1,ok
TIC 119918024,162.2829,-48.7001,8.36,0,,,,,7,6.4,ok
TIC 157732489,172.3163,-15.1124,8.36,0,,,,,3,3.1,ok
TIC 434503503,189.0712,-22.9691,8.36,0,,,,,4,3.9,ok
TIC 204699376,185.7119,-25.7022,8.36,0,,,,,5,4.7,ok
TIC 149990098,90.5412,-63.5453,8.36,0,,,,,37,8.7,ok
TIC 361742681,144.7249,-64.9905,8.37,0,,,,,7,6.8,ok
TIC 73768564,155.9534,-38.5065,8.37,0,,,,,6,5.7,ok
TIC 281630320,115.9332,-63.2921,8.37,0,,,,,34,9.1,ok
TIC 141154669,81.1062,-76.8956,8.37,0,,,,,5,5.4,ok
TIC 402110122,182.5308,-24.4264,8.37,0,,,,,4,3.9,ok
TIC 31655134,46.7449,-70.8848,8.37,0,,,,,16,9.2,ok
TIC 167792845,104.1531,-64.5763,8.37,0,,,,,20,9.1,ok
TIC 453239880,146.5511,-72.4614,8.37,0,,,,,8,7.5,ok
TIC 21712079,180.6995,-42.773,8.37,0,,,,,3,3.2,ok
TIC 349055837,107.2455,-61.4353,8.37,0,,,,,32,8.7,ok
TIC 306470809,118.4403,-68.0092,8.37,0,,,,,32,9.0,ok
TIC 165558759,180.8339,-39.2564,8.37,0,,,,,4,4.1,ok
TIC 303335627,164.256,-55.5456,8.37,0,,,,,3,3.3,ok
TIC 410426857,167.2933,-18.8558,8.37,0,,,,,5,5.9,ok
TIC 340062939,113.2493,-54.9597,8.37,0,,,,,16,9.2,ok
TIC 271973774,113.9864,-77.8037,8.37,0,,,,,?,0.5,erreur
TIC 149971828,90.0786,-61.9996,8.37,0,,,,,41,8.9,ok
TIC 57512251,172.7284,-35.5431,8.37,0,,,,,6,5.7,ok
TIC 162146411,168.4123,-42.6373,8.37,0,,,,,5,4.6,ok
TIC 231077890,67.8313,-71.2332,8.37,0,,,,,43,9.0,ok
TIC 32072196,58.2351,-68.9648,8.37,0,,,,,38,8.9,ok
TIC 410410676,166.9515,-20.8157,8.37,0,,,,,4,4.1,ok
TIC 271595974,108.2768,-74.138,8.37,0,,,,,20,8.9,ok
TIC 149174494,81.6192,-63.1826,8.37,0,,,,,31,8.9,ok
TIC 118414770,128.8468,-58.6237,8.38,0,,,,,10,8.9,ok
TIC 453465872,169.9844,-10.2429,8.38,0,,,,,5,4.9,ok
TIC 453888017,153.4457,-71.5769,8.38,0,,,,,1,1.5,ok
TIC 464097208,155.4722,-59.9255,8.38,0,,,,,5,4.9,ok
TIC 55401489,70.4385,-61.2176,8.38,0,,,,,21,8.8,ok
TIC 38573641,63.7259,-60.3737,8.38,0,,,,,29,9.0,ok
TIC 287377202,172.0485,-10.2392,8.38,0,,,,,4,4.0,ok
TIC 29915549,166.2188,-37.7037,8.38,0,,,,,5,4.9,ok
TIC 144717817,131.0746,-51.803,8.38,0,,,,,5,5.0,ok
TIC 359648254,140.7514,-65.5256,8.38,0,,,,,9,8.3,ok
TIC 179120455,79.0108,-70.4561,8.38,0,,27.2,rejete,variabilite_continue;eclipse_secondaire,33,15.2,ok
TIC 106633826,160.4336,-40.2061,8.38,0,,,,,6,5.8,ok
TIC 167120830,96.216,-68.8032,8.38,0,,,,,27,9.3,ok
TIC 300657526,114.6184,-69.3261,8.38,0,,,,,34,9.1,ok
TIC 203233637,184.461,-11.0097,8.38,0,,,,,6,6.2,ok
TIC 270262558,175.2807,-28.8696,8.38,0,,,,,6,5.6,ok
TIC 187992252,159.8874,-27.2531,8.38,0,,,,,5,6.0,ok
TIC 294093824,107.4545,-56.3715,8.38,0,,61.5,rejete,variabilite_continue;eclipse_secondaire,25,14.1,ok
TIC 443493880,147.0209,-54.5784,8.38,0,,,,,6,6.1,ok
TIC 54254220,161.1837,-35.6671,8.38,0,,,,,5,4.9,ok
TIC 54357101,161.7376,-33.4145,8.38,0,,,,,6,6.3,ok
TIC 410451677,119.9908,-60.7467,8.38,0,,,,,22,9.0,ok
TIC 152479190,171.7127,-38.282,8.38,0,,,,,1,1.6,ok
TIC 410394445,166.5291,-23.22,8.38,0,,,,,5,5.1,ok
TIC 140510714,66.7822,-77.7797,8.38,0,,,,,31,9.2,ok
TIC 308097570,168.3893,-15.1822,8.38,0,,,,,4,4.2,ok
TIC 293109262,178.29,-26.7236,8.38,0,,,,,6,5.7,ok
TIC 437239488,165.3032,-21.1725,8.38,0,,,,,3,3.5,ok
TIC 443622462,186.2335,-28.8995,8.38,0,,,,,4,3.9,ok
TIC 342671711,124.9051,-57.133,8.39,0,,,,,13,9.2,ok
TIC 356521959,134.3471,-63.497,8.39,0,,,,,9,8.3,ok
TIC 349059821,107.42,-63.8103,8.39,0,,,,,41,8.9,ok
TIC 309552570,125.3053,-61.4453,8.39,0,,,,,13,8.9,ok
TIC 469009735,143.9161,-48.9206,8.39,0,,,,,7,6.7,ok
TIC 149540525,86.3013,-62.917,8.39,0,,,,,38,8.6,ok
TIC 382198673,81.5632,-59.1929,8.39,0,,,,,42,9.1,ok
TIC 286334392,190.864,-18.2895,8.39,0,,,,,1,1.5,ok
TIC 103112809,156.5423,-44.4727,8.39,0,,,,,7,6.7,ok
TIC 287776397,127.1278,-74.9547,8.39,0,,,,,18,9.1,ok
TIC 382510066,117.1423,-60.1668,8.39,0,,,,,21,10.7,ok
TIC 140938247,77.1778,-74.8468,8.39,0,,,,,33,9.1,ok
TIC 340457947,115.6971,-57.7328,8.39,0,,,,,4,3.9,ok
TIC 272469224,120.9255,-72.4562,8.39,0,,,,,26,8.6,ok
TIC 279091621,102.8897,-58.3282,8.39,0,,,,,29,8.9,ok
TIC 219998924,154.6246,-52.8205,8.39,0,,,,,7,7.3,ok
TIC 45772916,149.2407,-41.8485,8.39,0,,,,,6,7.4,ok
TIC 150274615,94.9165,-61.741,8.39,0,,,,,8,8.2,ok
TIC 33866571,65.7922,-76.1855,8.39,0,,,,,31,9.0,ok
TIC 149154927,81.0847,-59.9546,8.39,0,,,,,40,9.4,ok
TIC 31925153,53.5685,-68.6946,8.39,0,,,,,5,5.1,ok
TIC 158644810,164.8546,-36.2928,8.39,0,,,,,6,5.7,ok
TIC 363471641,147.458,-62.2531,8.39,0,,,,,5,5.2,ok
TIC 344641451,156.7567,-69.1647,8.39,0,,,,,5,5.7,ok
TIC 49003307,164.0335,-34.876,8.39,0,,,,,6,6.1,ok
TIC 287769668,126.8521,-76.7411,8.39,0,,,,,16,9.3,ok
TIC 448539216,166.027,-32.5887,8.39,0,,,,,5,5.1,ok
TIC 150164875,93.244,-62.0716,8.39,0,,,,,42,8.9,ok
TIC 38460465,61.2662,-61.4824,8.4,0,,,,,21,9.2,ok
TIC 142148228,100.3689,-74.6738,8.4,1,1.5616,43.6,rejete,variabilite_continue;eclipse_secondaire,29,14.8,ok
TIC 237937112,59.1928,-65.8031,8.4,0,,,,,20,9.1,ok
TIC 378840905,155.915,-61.0586,8.4,0,,,,,6,5.9,ok
TIC 276866031,83.4633,-67.9395,8.4,0,,,,,29,9.8,ok
TIC 167417444,99.5538,-70.0943,8.4,0,,,,,40,8.9,ok
TIC 32051091,56.9166,-70.922,8.4,0,,,,,35,9.3,ok
TIC 429141928,174.5387,-44.1001,8.4,0,,,,,6,6.2,ok
TIC 53931980,159.0783,-32.831,8.4,1,1.6196,12.0,rejete,variabilite_continue;eclipse_secondaire,4,6.6,ok
TIC 53731665,158.1046,-30.7954,8.4,0,,,,,6,5.9,ok
TIC 142037922,178.4983,-34.5112,8.4,0,,,,,6,6.0,ok
TIC 350299588,83.9101,-57.1387,8.4,0,,,,,44,9.1,ok
TIC 451650073,172.2677,-56.0017,8.4,0,,,,,5,5.4,ok
TIC 220478950,75.8778,-56.1674,8.4,0,,,,,36,9.2,ok
TIC 32088907,58.2646,-69.6456,8.4,0,,,,,23,10.5,ok
TIC 271723952,110.7061,-71.9583,8.4,0,,,,,43,9.1,ok
TIC 302444319,133.7284,-71.3301,8.4,0,,,,,11,10.4,ok
TIC 102056420,153.9439,-44.0898,8.4,0,,,,,5,5.1,ok
TIC 375688051,152.1172,-63.6367,8.4,0,,,,,8,7.6,ok
TIC 57652330,173.7095,-31.9331,8.4,0,,,,,2,2.5,ok
TIC 298456269,142.852,-52.1979,8.4,0,,,,,8,7.8,ok
TIC 98594050,185.3019,-10.7491,8.4,0,,,,,2,2.5,ok
TIC 461164774,171.7046,-28.8161,8.4,0,,,,,5,5.0,ok
TIC 45048264,129.407,-54.1834,8.4,0,,,,,5,4.9,ok
TIC 146723975,160.3214,-42.2726,8.4,0,,,,,7,6.7,ok
TIC 183639148,171.2504,-11.2083,8.4,0,,,,,3,3.3,ok
TIC 461164260,171.7521,-29.9348,8.41,0,,,,,7,6.5,ok
TIC 382032570,78.9837,-56.4499,8.41,0,,,,,42,9.1,ok
TIC 41035485,90.4306,-67.8637,8.41,0,,,,,21,8.8,ok
TIC 278050655,178.2973,-36.3652,8.41,0,,,,,5,5.3,ok
TIC 303591615,160.1098,-52.3623,8.41,0,,,,,9,8.9,ok
TIC 355151781,130.0748,-64.8379,8.41,0,,,,,12,8.9,ok
TIC 38600576,64.4307,-65.7099,8.41,0,,,,,44,9.1,ok
TIC 272789865,161.5683,-51.9217,8.41,0,,,,,4,4.7,ok
TIC 345195181,177.3762,-36.0024,8.41,0,,,,,5,5.6,ok
TIC 98724701,186.9077,-11.7101,8.41,0,,,,,6,5.8,ok
TIC 339634305,110.0939,-57.6476,8.41,0,,,,,21,8.8,ok
TIC 220459813,74.7307,-55.8768,8.41,0,,,,,24,9.2,ok
TIC 443665920,186.5988,-25.1524,8.41,0,,,,,2,2.4,ok
TIC 458900391,161.1932,-57.5268,8.41,0,,,,,1,1.6,ok
TIC 176937977,183.5043,-10.1361,8.41,0,,,,,6,5.6,ok
TIC 341548837,120.648,-54.3714,8.41,0,,,,,4,4.2,ok
TIC 259513779,71.1348,-53.261,8.41,0,,,,,10,9.8,ok
TIC 90037133,127.7304,-53.2509,8.41,0,,,,,1,1.6,ok
TIC 300157797,108.8714,-68.0432,8.41,0,,,,,30,8.9,ok
TIC 305447083,165.9189,-59.4331,8.41,0,,,,,5,5.1,ok
TIC 271811957,112.3815,-74.262,8.41,0,,,,,21,10.0,ok
TIC 55523592,72.131,-62.4834,8.41,0,,,,,21,9.7,ok
TIC 38696264,66.1217,-60.6584,8.41,0,,,,,24,9.2,ok
TIC 347679062,182.3622,-12.2381,8.41,0,,,,,6,5.5,ok
TIC 423536353,185.2956,-23.6701,8.41,0,,,,,5,4.9,ok
TIC 260266066,93.7451,-59.7277,8.41,0,,,,,37,8.9,ok
TIC 300329728,110.9664,-70.7725,8.41,0,,,,,42,9.2,ok
TIC 279090824,102.8783,-59.7094,8.41,0,,,,,40,8.9,ok
TIC 308146525,130.164,-69.3878,8.41,0,,,,,19,9.2,ok
TIC 162583544,170.114,-47.1468,8.41,0,,,,,8,7.6,ok
TIC 94382737,177.4125,-50.248,8.42,0,,,,,4,4.0,ok
TIC 349270369,109.0482,-60.5248,8.42,0,,,,,20,9.1,ok
TIC 41259424,92.2639,-71.5062,8.42,0,,,,,42,9.3,ok
TIC 57649863,173.6952,-35.8599,8.42,0,,,,,6,6.0,ok
TIC 94086422,176.6426,-51.8212,8.42,0,,,,,2,2.5,ok
TIC 29781308,65.0573,-68.0734,8.42,0,,,,,41,8.7,ok
TIC 35429856,148.5193,-43.9372,8.42,0,,,,,7,6.8,ok
TIC 150431839,97.2339,-61.0949,8.42,0,,,,,21,9.5,ok
TIC 294982517,72.2822,-66.5612,8.42,0,,,,,42,9.4,ok
TIC 55400261,70.5409,-62.3849,8.42,0,,,,,38,9.0,ok
TIC 272196057,117.1368,-77.1513,8.42,0,,,,,25,9.0,ok
TIC 23352929,167.6424,-30.4553,8.42,0,,,,,3,3.3,ok
TIC 281634018,116.9289,-63.7188,8.42,0,,,,,40,9.1,ok
TIC 151862800,168.3591,-39.9254,8.42,0,,,,,6,5.8,ok
TIC 163449169,173.7054,-47.0566,8.42,0,,,,,5,5.1,ok
TIC 272550324,121.7312,-74.3227,8.42,0,,,,,27,10.0,ok
TIC 382247321,82.125,-56.6872,8.42,0,,,,,38,8.6,ok
TIC 293164978,66.2363,-59.4704,8.42,0,,,,,34,9.2,ok
TIC 461202713,181.5838,-37.3423,8.42,0,,,,,3,3.3,ok
TIC 149572723,86.3167,-60.5276,8.42,0,,,,,41,9.2,ok
TIC 105708638,156.2879,-41.3791,8.42,0,,,,,6,5.9,ok
TIC 452710740,172.3623,-29.4585,8.42,0,,,,,2,2.5,ok
TIC 38470115,61.9651,-62.7624,8.42,0,,,,,35,9.1,ok
TIC 150439289,97.5355,-63.1917,8.42,0,,,,,30,8.9,ok
TIC 287836548,127.6706,-74.4128,8.43,0,,,,,2,2.5,ok
TIC 150249737,94.4211,-62.3041,8.43,0,,,,,21,8.9,ok
TIC 382436104,117.161,-65.0793,8.43,0,,,,,21,8.9,ok
TIC 391875085,174.9008,-17.5714,8.43,0,,,,,3,3.3,ok
TIC 355548896,137.6621,-53.7796,8.43,0,,,,,7,6.7,ok
TIC 149039372,78.3547,-65.236,8.43,0,,107.3,rejete,variabilite_continue;eclipse_secondaire,39,15.1,ok
TIC 279088392,102.7408,-56.2366,8.43,0,,,,,33,9.1,ok
TIC 31380039,88.2635,-70.8311,8.43,0,,,,,17,9.4,ok
TIC 349089349,185.6152,-16.617,8.43,0,,,,,3,3.3,ok
TIC 306898941,122.2422,-67.5757,8.43,0,,,,,32,9.1,ok
TIC 270557659,99.6303,-79.2083,8.43,0,,,,,31,9.3,ok
TIC 458928559,161.2875,-55.0459,8.43,0,,,,,1,1.9,ok
TIC 176980995,101.4412,-70.5832,8.43,0,,,,,36,9.3,ok
TIC 38573074,63.495,-61.1645,8.43,0,,,,,31,8.9,ok
TIC 141471522,86.3565,-73.5965,8.43,0,,,,,42,9.4,ok
TIC 73629828,155.2322,-37.957,8.43,0,,,,,5,5.3,ok
TIC 141809220,92.8079,-73.5988,8.43,0,,,,,43,9.2,ok
TIC 465700747,164.0593,-61.7896,8.43,0,,,,,7,6.9,ok
TIC 390480467,184.1249,-30.7537,8.43,0,,,,,5,5.7,ok
TIC 370223705,73.5263,-71.9659,8.43,0,,,,,21,9.1,ok
TIC 260297253,94.322,-58.3809,8.43,0,,,,,32,9.1,ok
TIC 432193599,187.8034,-17.7162,8.43,0,,,,,4,4.3,ok
TIC 334970234,186.636,-15.7666,8.43,0,,,,,3,3.2,ok
TIC 288060860,136.3663,-75.9899,8.43,0,,,,,1,1.7,ok
TIC 388180971,105.5425,-73.2556,8.43,0,,,,,41,9.4,ok
TIC 350520348,86.3055,-59.9229,8.43,0,,,,,40,9.2,ok
TIC 398855266,162.2863,-66.5629,8.43,0,,,,,7,6.9,ok
TIC 31999747,55.8799,-69.8894,8.43,0,,,,,24,9.1,ok
TIC 279317632,104.0193,-57.7645,8.43,0,,,,,21,9.3,ok
TIC 363384434,164.2112,-28.162,8.43,0,,,,,4,4.3,ok
TIC 167339584,98.5406,-68.477,8.44,0,,,,,41,9.2,ok
TIC 390495055,184.1652,-33.7679,8.44,0,,,,,4,4.1,ok
TIC 386680587,177.2674,-16.8683,8.44,0,,,,,4,4.0,ok
TIC 345135098,177.2157,-38.3339,8.44,0,,,,,6,5.7,ok
TIC 272233699,117.4117,-74.6375,8.44,0,,,,,40,9.0,ok
TIC 340701548,116.8426,-57.9895,8.44,0,,,,,16,8.7,ok
TIC 141866084,94.0627,-76.6362,8.44,0,,,,,1,1.6,ok
TIC 277434565,157.2812,-66.103,8.44,0,,,,,6,6.0,ok
TIC 260297461,94.3118,-58.1652,8.44,0,,,,,39,9.3,ok
TIC 278380701,114.8404,-78.2793,8.44,0,,,,,25,9.7,ok
TIC 277962510,177.7435,-41.7396,8.44,0,,,,,8,7.3,ok
TIC 300703844,114.6482,-67.1012,8.44,0,,,,,29,9.1,ok
TIC 334896487,171.9602,-15.86,8.44,0,,,,,3,3.3,ok
TIC 71342915,154.7933,-34.8054,8.44,0,,,,,6,5.8,ok
TIC 437269250,174.1026,-23.6375,8.44,0,,,,,6,5.5,ok
TIC 167549377,100.7028,-62.8957,8.44,0,,,,,22,8.8,ok
TIC 152364904,171.1363,-37.1891,8.44,0,,,,,5,5.0,ok
TIC 152147367,170.0012,-39.6164,8.44,0,,,,,7,6.5,ok
TIC 167697441,103.0361,-60.2294,8.44,0,,,,,21,10.1,ok
TIC 272284501,118.2121,-76.614,8.44,0,,,,,19,9.0,ok
TIC 459704082,163.3094,-57.8492,8.44,0,,,,,3,3.4,ok
TIC 350740740,88.629,-55.8424,8.44,0,,,,,34,8.9,ok
TIC 165228223,178.8625,-39.6061,8.44,0,,,,,7,6.9,ok
TIC 444537184,147.4113,-59.0542,8.44,0,,,,,7,6.9,ok
TIC 35123394,147.7962,-45.2551,8.44,0,,,,,4,4.0,ok
TIC 429360143,183.9841,-21.8125,8.44,0,,,,,5,4.7,ok
TIC 443624220,186.3259,-26.3752,8.44,0,,,,,4,3.9,ok
TIC 442240741,146.09,-55.6317,8.44,0,,,,,5,5.3,ok
TIC 92997393,174.2696,-48.3797,8.44,0,,,,,5,5.0,ok
TIC 141121236,80.2075,-77.9184,8.44,0,,,,,31,9.2,ok
TIC 349094313,107.8824,-64.9464,8.44,0,,,,,45,8.8,ok
TIC 178413629,164.6675,-44.9034,8.44,0,,,,,7,6.7,ok
TIC 287377386,171.9795,-11.0617,8.44,0,,,,,3,3.2,ok
TIC 373985424,81.8747,-71.217,8.44,0,,,,,29,8.7,ok
TIC 350584303,87.2567,-57.4559,8.44,0,,,,,40,8.6,ok
TIC 361740142,144.6329,-64.1096,8.44,0,,,,,6,5.7,ok
TIC 181877779,190.7047,-15.4641,8.45,0,,,,,6,5.6,ok
TIC 141608289,88.7151,-74.0711,8.45,0,,,,,40,8.8,ok
TIC 350740905,88.5518,-56.1777,8.45,0,,184.5,rejete,variabilite_continue;eclipse_secondaire;compagnon_trop_gros_2.4Rjup,14,14.0,ok
TIC 32000460,56.1967,-71.7036,8.45,0,,,,,32,9.2,ok
TIC 220395316,68.5112,-59.8092,8.45,0,,,,,30,9.3,ok
TIC 81077799,166.6366,-53.732,8.45,1,9.222,80.8,rejete,variabilite_continue,6,9.8,ok
TIC 310648021,129.1303,-61.9627,8.45,0,,,,,11,9.3,ok
TIC 349681964,112.6258,-61.4125,8.45,0,,,,,38,9.0,ok
TIC 142107833,98.875,-75.8204,8.45,0,,,,,20,8.9,ok
TIC 144197765,177.7844,-8.2337,8.45,0,,,,,5,4.9,ok
TIC 349153143,108.3301,-60.0583,8.45,0,,38.0,rejete,variabilite_continue;eclipse_secondaire,45,15.5,ok
TIC 40555126,174.7304,-12.1386,8.45,0,,,,,4,4.1,ok
TIC 93716498,175.84,-51.8443,8.45,0,,,,,3,3.4,ok
TIC 57511458,172.8533,-34.337,8.45,0,,,,,3,3.2,ok
TIC 132966319,149.2345,-49.0838,8.45,0,,,,,7,6.8,ok
TIC 457260354,124.3206,-54.9126,8.45,0,,,,,1,1.6,ok
TIC 1628320,188.0407,-15.2713,8.45,0,,,,,5,5.0,ok
TIC 259589520,72.4957,-53.2818,8.45,0,,,,,12,8.9,ok
TIC 98628827,185.3845,-11.7819,8.45,0,,32.1,rejete,variabilite_continue;eclipse_secondaire,6,9.0,ok
TIC 308539673,121.1488,-60.4861,8.45,0,,,,,17,9.0,ok
TIC 54045341,159.9038,-31.0057,8.45,0,,,,,5,5.1,ok
TIC 38573584,63.5856,-60.2083,8.45,0,,33.7,rejete,variabilite_continue;eclipse_secondaire,20,14.1,ok
TIC 300324587,110.5625,-66.301,8.46,0,,,,,19,9.0,ok
TIC 94178495,176.8519,-49.8842,8.46,0,,,,,7,6.6,ok
TIC 271554516,105.9082,-71.9991,8.46,0,,,,,41,9.0,ok
TIC 31946252,54.6836,-70.8653,8.46,0,,,,,32,8.8,ok
TIC 396697266,65.1985,-59.4089,8.46,0,,,,,23,8.8,ok
TIC 400217280,133.9006,-53.3524,8.46,0,,,,,8,7.5,ok
TIC 297257303,142.0991,-49.1984,8.46,0,,,,,5,4.9,ok
TIC 377265739,154.1097,-65.9474,8.46,0,,,,,6,6.1,ok
TIC 281982431,130.3265,-72.343,8.46,0,,,,,14,9.5,ok
TIC 302790829,135.4801,-66.4907,8.46,0,,,,,11,9.8,ok
TIC 285972671,172.7011,-10.8198,8.46,0,,,,,4,4.3,ok
TIC 309755356,79.7704,-60.0231,8.46,0,,,,,23,9.3,ok
TIC 286536052,124.6067,-52.3129,8.46,0,,,,,9,8.1,ok
TIC 107011443,161.9667,-39.2825,8.46,0,,,,,7,6.6,ok
TIC 31530164,89.5416,-69.0209,8.46,0,,,,,40,9.2,ok
TIC 107018069,182.8249,-31.8943,8.46,0,,,,,4,4.4,ok
TIC 358467087,119.1966,-60.8408,8.46,0,,,,,22,9.3,ok
TIC 300326839,110.6861,-68.511,8.46,0,,,,,22,9.3,ok
TIC 400529079,134.1674,-49.3146,8.46,0,,,,,6,5.8,ok
TIC 149600846,87.0306,-61.2027,8.46,0,,,,,36,10.3,ok
TIC 149970613,89.9176,-60.4814,8.46,0,,,,,33,8.9,ok
TIC 144296830,178.7166,-9.4079,8.46,0,,,,,6,5.5,ok
TIC 61372132,175.6331,-42.105,8.46,0,,,,,8,7.9,ok
TIC 220473309,75.1968,-57.2565,8.46,0,,,,,41,8.7,ok
TIC 279318738,104.0893,-56.0908,8.46,0,,,,,34,9.0,ok
TIC 375058105,99.958,-61.4777,8.46,0,,,,,39,8.9,ok
TIC 188038208,160.662,-29.517,8.46,0,,,,,5,4.9,ok
TIC 279218413,103.4755,-59.8808,8.46,0,,,,,29,8.8,ok
TIC 151913765,168.3998,-38.7619,8.46,0,,,,,7,6.7,ok
TIC 345182054,177.4201,-40.5505,8.46,0,,,,,8,7.5,ok
TIC 381979590,77.603,-58.4861,8.46,0,,,,,44,9.0,ok
TIC 364425379,69.6717,-72.7612,8.46,0,,,,,41,8.9,ok
TIC 335541059,183.238,-16.2454,8.46,0,,,,,4,3.9,ok
TIC 265731141,174.7271,-54.1246,8.47,0,,,,,4,4.2,ok
TIC 335434976,170.2249,-14.8345,8.47,0,,,,,5,4.9,ok
TIC 140687826,73.2839,-75.0176,8.47,0,,,,,40,8.8,ok
TIC 55401488,70.4358,-61.2191,8.47,0,,,,,21,9.6,ok
TIC 410425401,167.2387,-21.8281,8.47,0,,,,,5,4.8,ok
TIC 322732889,171.819,-8.8689,8.47,0,,11.6,rejete,variabilite_continue;eclipse_secondaire,5,7.7,ok
TIC 220427527,72.8167,-56.2589,8.47,0,,,,,27,9.2,ok
TIC 410487677,119.8914,-65.4357,8.47,0,,,,,36,9.0,ok
TIC 307216507,124.6062,-69.3135,8.47,0,,,,,19,9.3,ok
TIC 306830024,121.9416,-68.6951,8.47,0,,,,,32,9.0,ok
TIC 466494558,165.9395,-60.5795,8.47,0,,,,,5,5.0,ok
TIC 170586794,185.555,-33.3221,8.47,0,,,,,4,4.1,ok
TIC 162892242,171.5758,-43.0911,8.47,0,,,,,6,5.8,ok
TIC 106630585,160.4652,-36.6329,8.47,0,,,,,3,3.2,ok
TIC 20326643,167.4725,-26.6732,8.47,0,,,,,5,5.0,ok
TIC 413397434,177.0029,-20.5955,8.48,0,,,,,4,4.0,ok
TIC 38813141,67.6941,-62.3793,8.48,0,,,,,41,9.6,ok
TIC 272788003,161.58,-51.1913,8.48,0,,,,,7,7.0,ok
TIC 150442497,97.8507,-62.3382,8.48,0,,,,,39,9.1,ok
TIC 374911449,88.8892,-60.5532,8.48,0,,,,,41,8.9,ok
TIC 30938252,76.2232,-69.1688,8.48,0,,,,,31,9.2,ok
TIC 389663914,86.8929,-70.9888,8.48,0,,,,,39,9.6,ok
TIC 349089101,185.6059,-17.5378,8.48,0,,,,,3,3.3,ok
TIC 431591408,50.3054,-74.2918,8.48,0,,,,,20,9.4,ok
TIC 349965094,114.3024,-65.6307,8.48,0,,,,,43,8.9,ok
TIC 167721057,103.3123,-63.9,8.48,0,,,,,13,9.1,ok
TIC 141974066,95.8051,-72.3701,8.48,0,,,,,21,8.9,ok
TIC 441850019,145.6955,-54.871,8.48,0,,,,,6,6.2,ok
TIC 410447919,117.9621,-62.9087,8.48,0,,,,,35,9.2,ok
TIC 448644600,177.468,-33.0456,8.48,0,,,,,5,4.8,ok
TIC 376802477,153.4412,-63.8998,8.48,0,,,,,7,6.9,ok
TIC 382200050,81.5495,-55.4256,8.48,0,,,,,42,9.2,ok
TIC 434490649,172.7167,-19.8321,8.48,0,,,,,5,5.0,ok
TIC 370140250,73.5925,-76.1515,8.48,0,,,,,33,9.2,ok
TIC 147022963,161.5819,-43.5919,8.48,0,,,,,6,5.7,ok
TIC 38846146,68.9957,-63.1725,8.48,0,,,,,31,8.6,ok
TIC 149971113,90.1133,-60.4949,8.48,0,,,,,32,9.2,ok
TIC 373885774,149.4026,-63.5677,8.48,0,,,,,4,4.2,ok
TIC 231742691,78.0749,-67.0948,8.48,0,,,,,36,8.8,ok
TIC 21951852,182.1788,-43.0016,8.48,0,,,,,7,6.9,ok
TIC 142146835,100.2082,-77.5797,8.48,0,,,,,41,9.1,ok
TIC 141472806,86.5619,-75.3297,8.48,0,,,,,43,8.7,ok
TIC 89535101,127.147,-57.1772,8.48,0,,,,,12,10.1,ok
TIC 260239177,93.4481,-58.8264,8.48,0,,,,,40,9.1,ok
TIC 55758485,75.3082,-65.5524,8.48,0,,,,,42,9.2,ok
TIC 294850595,140.3372,-50.8802,8.48,0,,,,,5,5.2,ok
TIC 167894031,105.6945,-61.0627,8.49,0,,,,,34,9.1,ok
TIC 176873028,100.9429,-71.9761,8.49,0,,,,,42,8.9,ok
TIC 370038084,60.6062,-70.2721,8.49,0,,,,,44,9.4,ok
TIC 219643957,175.1771,-20.6503,8.49,0,,,,,5,5.0,ok
TIC 80852046,166.2783,-52.8789,8.49,0,,,,,1,1.6,ok
TIC 272286122,118.1414,-74.0975,8.49,0,,,,,19,8.9,ok
TIC 271595985,108.3636,-74.1577,8.49,0,,,,,33,8.9,ok
TIC 454044221,175.7674,-36.0221,8.49,0,,,,,7,6.6,ok
TIC 238202274,58.3449,-73.9492,8.49,0,,,,,37,9.4,ok
TIC 340459681,115.715,-59.5994,8.49,0,,,,,25,9.3,ok
TIC 144124011,175.9338,-8.0445,8.49,0,,,,,4,4.0,ok
TIC 53857844,158.9398,-34.0049,8.49,0,,,,,6,6.4,ok
TIC 140802488,74.8902,-73.0826,8.49,0,,,,,21,9.3,ok
TIC 72482842,151.4616,-38.663,8.49,0,,,,,6,5.9,ok
TIC 287837391,127.6239,-73.4751,8.49,0,,,,,9,8.2,ok
TIC 306933992,122.8078,-69.2608,8.49,0,,,,,22,9.4,ok
TIC 334991661,186.7345,-17.1228,8.49,0,,,,,5,5.2,ok
TIC 25196356,63.7787,-71.133,8.49,0,,,,,34,9.0,ok
TIC 60675759,189.2694,-25.2185,8.49,0,,,,,2,2.5,ok
TIC 32645011,143.7248,-46.837,8.49,0,,,,,7,6.7,ok
TIC 278683664,99.1676,-58.4087,8.49,0,,,,,44,8.8,ok
TIC 149572666,86.3679,-60.7218,8.49,0,,,,,30,9.0,ok
TIC 389796373,87.5848,-71.3558,8.49,0,,,,,18,9.8,ok
TIC 140899825,76.9667,-76.439,8.5,0,,,,,34,9.1,ok
TIC 81848440,168.1274,-51.7257,8.5,0,,,,,7,7.5,ok
TIC 188037800,160.5949,-28.8367,8.5,0,,,,,4,4.1,ok
TIC 157225862,175.9619,-32.9543,8.5,0,,,,,6,5.9,ok
TIC 462745510,151.9976,-58.3914,8.5,0,,,,,3,3.4,ok
TIC 335497531,178.9202,-14.6259,8.5,0,,,,,3,3.3,ok
TIC 300560526,112.7824,-67.8206,8.5,0,,,,,41,9.1,ok
TIC 259976396,43.6832,-71.3611,8.5,0,,,,,13,9.0,ok
TIC 55760329,75.3476,-63.0774,8.5,0,,,,,33,9.0,ok
TIC 144929989,131.5386,-50.809,8.5,0,,,,,5,4.7,ok
TIC 176875114,100.9581,-75.5822,8.5,0,,,,,42,8.8,ok
TIC 350028973,114.7698,-62.6646,8.5,0,,,,,40,9.0,ok
TIC 300808301,116.6545,-66.8215,8.5,0,,,,,5,5.1,ok
TIC 371810319,149.09,-71.8361,8.5,0,,,,,5,5.1,ok
TIC 132482589,148.7605,-50.6733,8.5,0,,,,,7,6.7,ok
TIC 158151337,162.1991,-38.0511,8.5,0,,,,,5,5.0,ok
TIC 388131463,65.2423,-70.9182,8.5,0,,,,,22,8.7,ok
TIC 54084732,160.2445,-32.558,8.5,0,,,,,4,4.0,ok
TIC 219071966,170.6912,-18.5128,8.51,0,,,,,2,2.3,ok
TIC 358402782,78.1218,-56.7161,8.51,0,,,,,41,8.8,ok
TIC 442127556,146.0089,-58.4928,8.51,0,,,,,1,1.7,ok
TIC 72064165,167.6543,-44.7052,8.51,0,,,,,7,6.8,ok
TIC 401683991,135.8518,-48.688,8.51,0,,,,,8,7.5,ok
TIC 102691227,155.5721,-43.2149,8.51,0,,,,,5,4.9,ok
TIC 300708926,114.7858,-70.8706,8.51,0,,,,,41,8.6,ok
TIC 372913582,119.4548,-60.6836,8.51,0,,,,,22,9.1,ok
TIC 142140058,179.6554,-33.3249,8.51,0,,,,,6,5.7,ok
TIC 279093407,102.8929,-55.5936,8.51,0,,,,,26,9.2,ok
TIC 270557257,99.9089,-78.4403,8.51,0,,,,,36,9.1,ok
TIC 151764857,167.5387,-37.3815,8.51,0,,,,,1,1.5,ok
TIC 442662691,146.5077,-58.7438,8.51,0,,,,,3,3.2,ok
TIC 459167294,162.1908,-59.6178,8.51,0,,,,,2,2.4,ok
TIC 167009792,95.1023,-66.4003,8.51,0,,,,,28,9.0,ok
TIC 301921072,131.0509,-65.9883,8.51,0,,,,,12,9.7,ok
TIC 144196884,177.6397,-7.4968,8.51,0,,,,,5,4.9,ok
TIC 349191590,108.5066,-60.1052,8.51,0,,,,,21,10.0,ok
TIC 106632776,160.559,-39.1136,8.51,0,,,,,6,5.9,ok
TIC 308666886,121.8271,-62.4262,8.52,0,,,,,13,9.1,ok
TIC 302855294,135.7513,-67.405,8.52,0,,,,,8,7.8,ok
TIC 373523595,80.9151,-69.5029,8.52,0,,,,,42,9.1,ok
TIC 220428118,72.6424,-58.1489,8.52,0,,,,,41,8.8,ok
TIC 348962012,106.6525,-61.4601,8.52,0,,,,,32,8.7,ok
TIC 45234567,147.7761,-41.9366,8.52,0,,,,,8,7.4,ok
TIC 309068746,123.4709,-63.2345,8.52,0,,,,,18,8.9,ok
TIC 158675248,165.165,-39.3432,8.52,0,,,,,5,5.0,ok
TIC 344639950,156.7346,-69.8826,8.52,0,,,,,4,4.0,ok
TIC 279157429,103.045,-56.5165,8.52,0,,,,,41,8.9,ok
TIC 204692421,185.2571,-29.1838,8.52,0,,,,,3,3.1,ok
TIC 454105013,176.7986,-37.1312,8.52,0,,,,,7,6.7,ok
TIC 294054151,107.2664,-59.3739,8.52,0,,,,,41,8.7,ok
TIC 141413219,83.9055,-76.479,8.52,0,,,,,42,8.9,ok
TIC 269857621,71.0035,-78.0217,8.52,0,,,,,26,9.2,ok
TIC 431479944,49.587,-72.3795,8.52,0,,,,,19,9.0,ok
TIC 97851410,171.3194,-26.8709,8.52,0,,,,,5,5.0,ok
TIC 350585031,87.1898,-55.8563,8.52,0,,,,,39,8.6,ok
TIC 38627597,181.0079,-20.5532,8.52,0,,,,,4,3.9,ok
TIC 423528896,185.1363,-20.8328,8.52,0,,,,,5,4.7,ok
TIC 48940792,163.4938,-30.6346,8.52,0,,,,,5,4.9,ok
TIC 275382727,179.8729,-28.9474,8.52,0,,,,,7,6.8,ok
TIC 332003684,179.2206,-48.6572,8.53,0,,,,,2,2.5,ok
TIC 179369863,80.1235,-71.5335,8.53,0,,,,,38,8.9,ok
TIC 34300596,146.5074,-47.1793,8.53,0,,,,,4,4.2,ok
TIC 238189798,55.6354,-73.3256,8.53,0,,,,,30,8.9,ok
TIC 299943301,106.6636,-68.061,8.53,0,,,,,29,8.9,ok
TIC 150139263,92.8194,-65.1301,8.53,0,,,,,14,8.7,ok
TIC 272546396,121.3467,-74.4099,8.53,0,,,,,21,8.8,ok
TIC 150392753,96.5269,-60.258,8.53,0,,,,,34,9.9,ok
TIC 260042834,91.2543,-58.8304,8.53,0,,,,,44,8.8,ok
TIC 339731418,110.7044,-58.9141,8.53,0,,,,,22,8.8,ok
TIC 57368095,171.8419,-33.6873,8.53,0,,,,,2,2.5,ok
TIC 188208515,162.63,-24.9798,8.53,0,,,,,4,4.0,ok
TIC 152061781,169.5435,-36.4332,8.53,0,,,,,4,4.0,ok
TIC 80303363,165.0754,-52.0584,8.53,0,,,,,7,6.7,ok
TIC 47725074,158.9729,-29.1295,8.53,0,,,,,6,5.8,ok
TIC 289912890,175.8714,-12.5623,8.53,0,,,,,4,4.0,ok
TIC 5881491,188.151,-18.3494,8.53,0,,,,,4,4.1,ok
TIC 52163947,165.7239,-19.7075,8.53,0,,,,,5,5.0,ok
TIC 177311244,103.5508,-77.5064,8.53,0,,,,,38,8.8,ok
TIC 274993191,149.5723,-57.4964,8.53,0,,,,,7,6.6,ok
TIC 55604441,73.6271,-60.4143,8.53,0,,,,,34,9.0,ok
TIC 382159212,80.9091,-55.5906,8.53,0,,,,,41,9.0,ok
TIC 180204951,179.295,-15.4586,8.53,0,,,,,3,3.3,ok
TIC 135025198,150.3279,-51.2891,8.54,0,,,,,6,5.7,ok
TIC 188080707,161.263,-27.5199,8.54,0,,,,,6,5.7,ok
TIC 299370787,143.5732,-50.6023,8.54,0,,,,,4,4.3,ok
TIC 167719689,103.0796,-65.259,8.54,0,,,,,24,8.9,ok
TIC 307573424,126.7427,-69.7455,8.54,0,,,,,21,9.0,ok
TIC 33484911,145.2949,-47.8028,8.54,0,,62.3,rejete,variabilite_continue;eclipse_secondaire,8,13.0,ok
TIC 279089140,102.6748,-57.3862,8.54,0,,,,,33,8.9,ok
TIC 38763021,67.3197,-60.2678,8.54,0,,,,,40,8.9,ok
TIC 181859143,190.0482,-12.6676,8.54,0,,,,,6,5.6,ok
TIC 220417077,71.5587,-55.5894,8.54,0,,,,,18,8.8,ok
TIC 188046331,161.0236,-25.3797,8.54,0,,,,,6,5.7,ok
TIC 157753885,172.5881,-14.4593,8.54,0,,,,,3,3.3,ok
TIC 33822703,145.7679,-42.2462,8.54,0,,,,,8,7.5,ok
TIC 167006493,94.8114,-68.8308,8.54,0,,,,,35,8.8,ok
TIC 447438302,157.2793,-48.9391,8.54,0,,,,,6,5.7,ok
TIC 452154331,173.617,-56.4268,8.54,0,,,,,1,1.5,ok
TIC 142115666,179.3075,-30.0112,8.54,0,,,,,7,6.4,ok
TIC 272357134,119.4796,-73.4731,8.54,2,1.3992;4.1924,27.4,rejete,variabilite_continue;eclipse_secondaire,40,17.1,ok
TIC 150301529,95.4405,-62.3843,8.54,0,,,,,32,10.3,ok
TIC 141611461,89.215,-75.7089,8.54,0,,,,,41,9.1,ok
TIC 308543034,121.0783,-63.5123,8.54,0,,,,,24,8.8,ok
TIC 150390189,96.5896,-65.1524,8.54,0,,67.8,rejete,variabilite_continue;eclipse_secondaire;compagnon_trop_gros_19.2Rjup,17,14.5,ok
TIC 157792619,173.6573,-15.5732,8.54,0,,,,,4,4.1,ok
TIC 350144298,115.4995,-65.5185,8.54,0,,,,,42,8.6,ok
TIC 157256755,176.3551,-31.7113,8.55,0,,,,,5,4.9,ok
TIC 53791961,158.5192,-32.1036,8.55,0,,,,,5,5.1,ok
TIC 450675261,169.2626,-57.4712,8.55,0,,,,,1,1.5,ok
TIC 461867584,149.6885,-58.7604,8.55,0,,,,,5,5.6,ok
TIC 271721765,110.4407,-75.3518,8.55,0,,,,,33,9.1,ok
TIC 146939561,161.165,-44.5624,8.55,0,,,,,5,4.9,ok
TIC 437231506,164.7183,-20.0537,8.55,0,,,,,5,4.9,ok
TIC 270474308,97.2458,-78.0069,8.55,0,,,,,42,8.6,ok
TIC 279249069,103.9572,-56.5255,8.55,0,,,,,38,8.8,ok
TIC 272736645,161.36,-49.3008,8.55,0,,,,,6,5.9,ok
TIC 170574878,185.4501,-34.7801,8.55,0,,,,,5,4.7,ok
TIC 219643714,175.3585,-23.4223,8.55,0,,,,,5,4.9,ok
TIC 382067998,79.6695,-54.3292,8.55,0,,,,,21,9.0,ok
TIC 452697707,172.0842,-27.6666,8.55,0,,,,,6,5.7,ok
TIC 272439233,154.3796,-51.3249,8.55,0,,,,,2,2.4,ok
TIC 382968820,133.8923,-54.8428,8.55,0,,,,,8,7.1,ok
TIC 397397227,177.8126,-24.3001,8.55,0,,,,,5,4.8,ok
TIC 344230742,154.9346,-68.2026,8.55,0,,,,,5,5.2,ok
TIC 105989796,157.5462,-36.6912,8.55,0,,,,,4,4.1,ok
TIC 99049821,181.7695,-24.0398,8.55,0,,,,,5,4.7,ok
TIC 150109008,92.5505,-64.3419,8.55,0,,,,,34,8.7,ok
TIC 55755059,75.0375,-62.2789,8.55,0,,,,,20,8.9,ok
TIC 443621803,186.1973,-27.1172,8.56,0,,,,,4,4.0,ok
TIC 41590715,93.9288,-66.7579,8.56,0,,18.2,rejete,variabilite_continue;eclipse_secondaire,28,14.7,ok
TIC 57378437,171.8902,-35.2532,8.56,0,,,,,6,5.8,ok
TIC 150248762,94.3962,-60.4801,8.56,0,,,,,39,9.0,ok
TIC 260502294,96.3666,-58.6197,8.56,0,,,,,41,9.1,ok
TIC 428684267,180.2593,-18.5165,8.56,0,,,,,4,4.3,ok
TIC 391891749,115.5668,-69.2058,8.56,0,,,,,21,9.1,ok
TIC 372100356,149.9883,-67.6667,8.56,0,,,,,5,5.1,ok
TIC 99272507,184.075,-27.9513,8.56,0,,,,,4,4.1,ok
TIC 78576349,143.2489,-43.1477,8.56,0,,,,,1,1.6,ok
TIC 444385201,147.3682,-55.3369,8.56,0,,,,,3,4.4,ok
TIC 303156867,136.8431,-68.5787,8.56,0,,,,,10,9.3,ok
TIC 295440174,140.6531,-53.4336,8.56,0,,26.3,rejete,variabilite_continue,6,9.7,ok
TIC 349485031,111.0571,-60.4993,8.56,0,,,,,31,9.3,ok
TIC 141914082,94.6174,-72.0443,8.56,1,2.6551,21.1,rejete,variabilite_continue;eclipse_secondaire,40,14.1,ok
TIC 391908992,175.581,-13.221,8.56,0,,,,,4,4.2,ok
TIC 141610486,88.8625,-77.8896,8.56,0,,,,,22,8.9,ok
TIC 141092369,79.7228,-71.9754,8.56,0,,,,,19,9.3,ok
TIC 437371303,141.2484,-58.2015,8.56,0,,,,,4,4.1,ok
TIC 393470810,164.776,-28.4567,8.57,0,,,,,3,3.3,ok
TIC 157217094,175.9568,-35.248,8.57,0,,,,,7,6.4,ok
TIC 55398886,70.4376,-65.9079,8.57,0,,,,,42,8.8,ok
TIC 94246432,177.0666,-48.9256,8.57,0,,,,,2,2.4,ok
TIC 300810618,116.8246,-69.7013,8.57,0,,,,,21,9.0,ok
TIC 458569900,160.4096,-58.7718,8.57,0,,,,,3,3.3,ok
TIC 152481550,171.7231,-40.9099,8.57,0,,,,,6,5.8,ok
TIC 32721604,143.8516,-47.7841,8.57,0,,,,,7,6.7,ok
TIC 260610468,97.522,-59.9089,8.57,0,,,,,21,8.7,ok
TIC 163354593,173.3705,-43.9702,8.57,0,,,,,6,5.7,ok
TIC 460343340,157.3579,-65.8758,8.57,0,,,,,3,3.3,ok
TIC 30941184,76.2141,-69.7048,8.57,0,,,,,22,9.2,ok
TIC 279953380,82.1005,-67.8727,8.57,0,,,,,20,8.9,ok
TIC 141606060,88.4614,-71.9602,8.57,0,,,,,19,8.9,ok
TIC 413394650,176.9392,-19.4952,8.57,0,,,,,4,4.4,ok
TIC 231092618,69.0918,-69.4647,8.57,0,,,,,12,8.9,ok
TIC 21826385,181.5792,-44.156,8.57,0,,,,,1,1.5,ok
TIC 286229461,188.5304,-26.4304,8.57,0,,,,,4,3.9,ok
TIC 340215075,114.0118,-55.4497,8.57,0,,,,,7,6.4,ok
TIC 463047697,152.8153,-59.1742,8.57,0,,,,,5,5.0,ok
TIC 167694397,102.954,-65.6195,8.57,0,,,,,31,8.7,ok
TIC 322736182,165.8996,-25.8384,8.58,0,,,,,5,4.9,ok
TIC 350709413,88.1186,-56.2007,8.58,0,,,,,27,8.9,ok
TIC 31960529,55.0913,-69.9548,8.58,0,,,,,31,9.0,ok
TIC 134832811,183.4251,-39.5906,8.58,0,,,,,4,4.1,ok
TIC 270374787,176.6224,-29.8586,8.58,0,,,,,5,4.9,ok
TIC 181158297,174.3155,-39.7313,8.58,0,,,,,7,7.4,ok
TIC 287078599,166.4638,-16.2743,8.58,0,,,,,4,4.2,ok
TIC 303438002,138.539,-70.9886,8.58,0,,,,,10,9.1,ok
TIC 458371525,159.9035,-57.4613,8.58,0,,,,,6,5.9,ok
TIC 259444174,69.88,-52.9634,8.58,0,,,,,10,9.7,ok
TIC 385307035,167.5638,-14.3059,8.58,0,,,,,3,3.4,ok
TIC 54417075,161.9504,-35.0157,8.58,0,,,,,4,4.1,ok
TIC 307644031,127.513,-68.6235,8.58,0,,,,,8,7.8,ok
TIC 274450383,149.0439,-57.4937,8.58,0,,,,,3,3.5,ok
TIC 462692834,152.0666,-54.7713,8.58,0,,,,,1,1.6,ok
TIC 300136074,108.473,-69.5786,8.59,0,,,,,43,8.9,ok
TIC 468975150,144.0902,-52.8225,8.59,1,1.0772,60.8,rejete,variabilite_continue;eclipse_secondaire;compagnon_trop_gros_23.8Rjup,4,7.2,ok
TIC 31795900,50.728,-71.6823,8.59,0,,,,,21,8.9,ok
TIC 35978888,149.4288,-43.6989,8.59,0,,,,,3,3.6,ok
TIC 322734707,165.8729,-29.7931,8.59,0,,,,,4,4.2,ok
TIC 144192185,177.5689,-8.5983,8.59,0,,,,,1,1.6,ok
TIC 238759893,123.0758,-52.5768,8.59,0,,,,,2,2.4,ok
TIC 306573201,119.1953,-70.7161,8.59,0,,,,,23,8.9,ok
TIC 141479310,86.6535,-76.1696,8.59,0,,,,,32,9.0,ok
TIC 307210868,124.45,-68.3552,8.59,0,,,,,26,8.5,ok
TIC 141621803,89.2889,-73.5938,8.59,0,,,,,31,8.7,ok
TIC 436803294,140.6152,-56.2314,8.59,0,,,,,6,5.9,ok
TIC 168348086,166.0665,-27.1905,8.59,0,,,,,4,3.9,ok
TIC 141910606,94.7482,-77.3284,8.59,0,,,,,45,8.8,ok
TIC 465102184,162.7185,-65.6917,8.59,0,,,,,3,3.2,ok
TIC 350585323,87.0978,-55.2032,8.59,0,,,,,3,3.2,ok
TIC 176878268,182.9954,-11.8337,8.59,0,,,,,6,5.5,ok
TIC 294099086,107.5296,-57.7671,8.59,0,,,,,33,8.9,ok
TIC 138700367,151.4527,-49.658,8.59,0,,,,,6,5.9,ok
TIC 382101865,80.2187,-57.3537,8.59,0,,,,,33,8.9,ok
TIC 167885596,163.2779,-22.0232,8.59,0,,,,,5,5.1,ok
TIC 423571075,185.8959,-22.7681,8.59,0,,,,,2,2.5,ok
TIC 102300714,154.3775,-42.6862,8.59,0,,,,,1,1.6,ok
TIC 260419879,95.8874,-58.1787,8.59,0,,,,,43,8.9,ok
TIC 177285682,102.6217,-77.454,8.6,0,,,,,31,9.0,ok
TIC 423523507,169.194,-21.8805,8.6,0,,,,,5,5.0,ok
TIC 293268667,98.5601,-63.918,8.6,0,,,,,43,9.2,ok
TIC 350708927,88.2349,-55.6914,8.6,0,,,,,39,9.2,ok
TIC 370953321,145.6523,-70.3069,8.6,0,,,,,2,2.8,ok
TIC 428657196,179.6139,-23.6348,8.6,0,,,,,3,3.4,ok
TIC 30848801,75.7676,-68.5113,8.6,0,,,,,34,10.4,ok
TIC 177181322,104.9415,-66.419,8.6,0,,,,,41,9.0,ok
TIC 149059954,80.3488,-61.2415,8.6,0,,,,,41,9.1,ok
TIC 238227273,58.9977,-73.5553,8.6,0,,,,,29,9.2,ok
TIC 378417408,155.2679,-63.0315,8.6,0,,,,,5,5.1,ok
TIC 359902754,141.2563,-64.625,8.6,0,,,,,6,6.2,ok
TIC 272648435,161.4144,-51.5111,8.6,0,,,,,8,7.5,ok
TIC 158409884,163.6765,-37.5679,8.6,0,,,,,6,5.8,ok
TIC 99178669,183.8944,-29.2921,8.6,0,,,,,3,3.1,ok
TIC 31636773,45.6796,-71.4667,8.6,0,,,,,3,3.2,ok
TIC 307286216,125.0066,-66.4972,8.6,0,,,,,21,9.7,ok
TIC 31190175,76.6911,-70.0989,8.6,0,,,,,13,8.9,ok
TIC 294733959,140.3441,-48.1497,8.6,0,,13.4,rejete,variabilite_continue;eclipse_secondaire;compagnon_trop_gros_24.9Rjup,7,11.3,ok
TIC 306672432,120.5929,-67.7948,8.6,0,,,,,41,9.0,ok
TIC 142314056,181.2164,-33.8376,8.6,0,,,,,5,4.9,ok
TIC 83000423,170.5087,-50.1356,8.6,0,,,,,4,4.3,ok
TIC 349308191,109.6932,-60.6025,8.6,0,,81.9,rejete,variabilite_continue;eclipse_secondaire,31,14.6,ok
TIC 361590707,144.6327,-60.2745,8.6,0,,,,,3,3.5,ok
TIC 349647697,112.1552,-64.6365,8.6,0,,,,,21,8.7,ok
TIC 382377537,165.1173,-28.2312,8.6,0,,,,,2,2.5,ok
TIC 314828399,52.5647,-72.9808,8.61,0,,,,,20,9.2,ok
TIC 458566069,160.4826,-59.2713,8.61,0,,26.4,rejete,variabilite_continue;eclipse_secondaire,6,10.1,ok
TIC 347590875,168.5608,-17.4181,8.61,0,,,,,4,4.2,ok
TIC 349966449,114.4343,-64.0504,8.61,0,,,,,29,8.9,ok
TIC 423450960,168.4029,-20.4504,8.61,0,,,,,4,4.2,ok
TIC 141969667,178.0408,-30.2722,8.61,0,,,,,6,6.0,ok
TIC 469185061,148.4791,-57.0742,8.61,0,,,,,7,7.0,ok
TIC 349478970,110.7301,-64.6331,8.61,0,,,,,34,9.1,ok
TIC 410411663,167.1148,-18.1137,8.61,0,,,,,5,4.9,ok
TIC 270396914,176.8629,-24.8313,8.61,0,,,,,6,5.8,ok
TIC 177038077,103.1103,-66.8269,8.61,0,,,,,38,9.2,ok
TIC 165317493,179.2002,-38.329,8.61,0,,,,,6,6.0,ok
TIC 32051052,56.9925,-70.8006,8.61,0,,,,,27,9.1,ok
TIC 290023243,192.3602,-17.1906,8.61,0,,,,,5,4.9,ok
TIC 144105557,175.4312,-7.2214,8.62,0,,,,,6,5.6,ok
TIC 382258844,82.7166,-54.8981,8.62,0,,,,,39,9.9,ok
TIC 29762078,64.5395,-67.244,8.62,0,,,,,38,9.1,ok
TIC 356460611,134.5337,-61.3158,8.62,0,,,,,4,4.2,ok
TIC 167344043,98.6712,-69.8848,8.62,0,,,,,40,9.0,ok
TIC 459771112,163.5869,-54.9732,8.62,0,,,,,8,7.7,ok
TIC 219071743,170.4459,-20.5066,8.62,0,,,,,4,4.2,ok
TIC 386689034,188.8071,-14.6526,8.62,0,,,,,6,5.7,ok
TIC 142058236,178.8266,-35.6696,8.62,0,,,,,5,5.0,ok
TIC 349902873,113.7696,-63.0394,8.62,0,,17.0,rejete,variabilite_continue;eclipse_secondaire,33,14.4,ok
TIC 134759722,182.8361,-41.2064,8.62,0,,,,,6,6.1,ok
TIC 31852879,52.6728,-70.7257,8.62,0,,,,,26,9.4,ok
TIC 93096525,174.6492,-51.214,8.62,0,,,,,6,5.9,ok
TIC 167207589,97.4456,-68.4102,8.62,0,,,,,28,9.5,ok
TIC 443673405,187.1958,-27.0975,8.62,0,,,,,4,4.3,ok
TIC 443799244,147.0775,-59.8412,8.62,0,,,,,6,6.1,ok
TIC 220473037,75.1667,-56.3994,8.62,0,,,,,27,9.3,ok
TIC 374861272,88.6687,-63.7063,8.62,0,,,,,4,4.1,ok
TIC 272129477,116.2505,-73.8414,8.62,0,,,,,32,9.4,ok
TIC 358155844,70.4023,-73.5316,8.62,0,,,,,33,9.4,ok
TIC 287496163,124.0394,-73.15,8.62,0,,,,,21,9.2,ok
TIC 48875158,162.9376,-31.9396,8.62,0,,,,,6,5.8,ok
TIC 29834926,66.9297,-67.9981,8.62,0,,,,,22,9.3,ok
TIC 55557848,72.9736,-60.7837,8.63,0,,,,,30,9.2,ok
TIC 38697111,65.9732,-63.2986,8.63,0,,,,,45,9.0,ok
TIC 146942882,161.2047,-41.9107,8.63,0,,,,,6,5.6,ok
TIC 370227155,85.577,-74.486,8.63,0,,,,,32,9.1,ok
TIC 348998666,184.3031,-15.236,8.63,0,,,,,4,4.2,ok
TIC 452676260,145.508,-74.3762,8.63,0,,,,,1,1.5,ok
TIC 220406924,70.3186,-55.7731,8.63,0,,,,,19,9.2,ok
TIC 141187997,81.9048,-75.4026,8.63,0,,,,,1,1.6,ok
TIC 402098053,182.2608,-27.5585,8.63,0,,,,,1,1.6,ok
TIC 99133709,183.4504,-26.5654,8.63,0,,,,,3,3.1,ok
TIC 348839374,98.766,-56.817,8.63,0,,,,,42,9.0,ok
TIC 102764446,155.5116,-45.2112,8.64,0,,,,,6,7.7,ok
TIC 342677488,124.9337,-54.1456,8.64,0,,,,,1,1.6,ok
TIC 375435182,152.3,-47.6156,8.64,0,,,,,3,3.6,ok
TIC 150066631,91.4943,-65.307,8.64,0,,19.3,rejete,variabilite_continue;eclipse_secondaire,23,14.8,ok
TIC 467671758,169.2116,-61.0855,8.64,0,,,,,2,2.6,ok
TIC 102045344,181.7272,-38.1068,8.64,0,,,,,4,4.7,ok
TIC 310136441,127.5664,-63.483,8.64,0,,,,,11,9.3,ok
TIC 450781927,169.4388,-54.5609,8.64,0,,,,,3,3.4,ok
TIC 231085102,68.2433,-70.897,8.64,0,,,,,40,9.2,ok
TIC 300871572,117.664,-70.4985,8.64,0,,,,,34,9.4,ok
TIC 396697394,65.4704,-59.8279,8.64,0,,,,,31,9.2,ok
TIC 170494449,184.6722,-32.0266,8.64,0,,,,,4,4.2,ok
TIC 306634577,120.075,-70.1815,8.65,0,,,,,30,8.9,ok
TIC 55558113,73.0975,-61.54,8.65,0,,,,,39,8.8,ok
TIC 188081959,161.254,-24.5867,8.65,0,,,,,5,4.9,ok
TIC 350343922,84.4174,-58.7863,8.65,0,,,,,43,9.0,ok
TIC 167810464,104.7761,-65.2152,8.65,0,,,,,28,8.8,ok
TIC 358290432,66.1845,-58.1195,8.65,0,,,,,24,9.1,ok
TIC 149125377,81.2094,-64.3686,8.65,0,,,,,42,9.1,ok
TIC 30911541,134.7936,-47.9108,8.65,0,,,,,6,6.3,ok
TIC 260636511,97.7018,-57.1068,8.65,0,,,,,32,9.2,ok
TIC 350518984,86.185,-56.715,8.65,0,,,,,29,9.3,ok
TIC 31999683,55.864,-69.6908,8.65,0,,,,,25,9.3,ok
TIC 33767929,62.3069,-77.0505,8.65,0,,,,,4,4.2,ok
TIC 118256134,128.523,-55.9576,8.65,0,,,,,7,7.1,ok
TIC 54237397,161.0513,-34.2578,8.65,0,,,,,6,6.2,ok
TIC 33716196,60.7949,-75.1599,8.65,0,,,,,25,9.8,ok
TIC 141471870,86.5383,-74.0489,8.65,0,,,,,33,9.4,ok
TIC 40793484,78.4307,-69.0056,8.65,0,,,,,39,9.3,ok
TIC 459403926,162.5949,-55.8433,8.65,0,,,,,5,7.6,ok
TIC 300139323,108.6967,-68.8676,8.65,0,,,,,27,9.8,ok
TIC 55559067,73.0626,-63.9416,8.65,0,,,,,38,9.3,ok
TIC 300037209,107.7282,-66.3247,8.65,0,,,,,44,10.4,ok
TIC 373777400,81.4098,-69.595,8.65,0,,,,,41,9.2,ok
TIC 167344196,98.9338,-70.0969,8.66,0,,,,,20,9.2,ok
TIC 23609933,169.5734,-30.6007,8.66,0,,,,,4,4.4,ok
TIC 300327924,110.6889,-70.0926,8.66,0,,,,,41,9.3,ok
TIC 167752082,103.9614,-63.3167,8.66,0,,,,,33,9.2,ok
TIC 141825369,93.0884,-72.8074,8.66,0,,,,,31,8.8,ok
TIC 460412260,157.5925,-60.3654,8.66,0,,,,,3,3.3,ok
TIC 75819424,139.4244,-45.794,8.66,0,,,,,8,7.3,ok
TIC 451452509,171.5522,-58.3864,8.66,0,,,,,6,6.2,ok
TIC 150165657,93.2683,-60.4627,8.66,0,,23.2,rejete,variabilite_continue;eclipse_secondaire,33,14.1,ok
TIC 410407964,166.8637,-19.2918,8.67,0,,,,,5,5.1,ok
TIC 335379229,169.9287,-13.4524,8.67,0,,,,,5,4.9,ok
TIC 335499974,179.0801,-12.2673,8.67,0,,,,,3,3.3,ok
TIC 57211349,170.9643,-31.6477,8.67,0,,,,,7,7.3,ok
TIC 279360449,104.7212,-56.4699,8.67,0,,,,,34,9.8,ok
TIC 306824672,121.6474,-68.6173,8.67,0,,,,,38,9.1,ok
TIC 57456588,172.5431,-32.4162,8.67,0,,,,,5,5.5,ok
TIC 78455026,142.9628,-47.3739,8.67,0,,,,,7,8.0,ok
TIC 465470793,163.6176,-63.9726,8.67,0,,,,,5,5.6,ok
TIC 294092966,107.3479,-57.4959,8.67,0,,,,,38,9.1,ok
TIC 31960109,54.9252,-71.0983,8.67,0,,,,,22,9.4,ok
TIC 176934407,100.5383,-66.0938,8.67,0,,,,,21,10.4,ok
TIC 469005309,144.0123,-50.0017,8.67,0,,,,,1,1.8,ok
TIC 102629041,155.108,-47.8112,8.67,0,,,,,6,5.8,ok
TIC 150274487,94.9865,-61.5363,8.67,0,,,,,21,9.2,ok
TIC 94384691,177.3745,-51.1112,8.67,0,,,,,1,1.9,ok
TIC 31704728,48.3038,-69.016,8.67,0,,,,,11,9.5,ok
TIC 294870118,71.617,-68.7418,8.67,0,,,,,32,9.7,ok
TIC 150273255,94.6258,-60.7389,8.68,0,,,,,42,9.3,ok
TIC 355463383,131.3813,-61.2622,8.68,0,,,,,7,6.6,ok
TIC 300397516,170.8692,-53.8914,8.68,0,,,,,4,4.2,ok
TIC 170494921,184.7599,-32.9389,8.68,0,,,,,4,4.1,ok
TIC 141095359,79.5769,-74.0622,8.68,0,,,,,34,9.4,ok
TIC 45696212,131.1761,-54.7091,8.68,0,,,,,6,6.1,ok
TIC 349642732,111.8337,-60.9559,8.68,0,,,,,41,10.2,ok
TIC 260188534,93.0926,-59.7817,8.68,0,,,,,20,9.1,ok
TIC 149252615,82.4841,-60.9241,8.68,0,,,,,40,9.2,ok
TIC 179208877,79.4837,-69.2677,8.68,0,,,,,29,9.6,ok
TIC 178357878,164.4617,-45.9377,8.68,0,,,,,2,2.7,ok
TIC 285972223,172.6389,-8.8351,8.68,0,,,,,6,5.9,ok
TIC 149217937,82.0789,-61.2616,8.68,0,,,,,37,9.1,ok
TIC 38759499,66.985,-61.8077,8.68,0,,,,,35,9.1,ok
TIC 372911993,119.4813,-62.0644,8.68,0,,,,,20,9.7,ok
TIC 204720068,186.0286,-24.2444,8.68,0,,,,,3,3.2,ok
TIC 458758934,160.9592,-56.7174,8.68,0,,,,,7,7.0,ok
TIC 314864631,53.1903,-75.6318,8.69,0,,,,,24,10.2,ok
TIC 279573142,106.0822,-56.8629,8.69,0,,,,,23,9.8,ok
TIC 57787367,174.4421,-33.6828,8.69,0,,,,,2,2.5,ok
TIC 303583303,160.1027,-50.1,8.69,0,,,,,7,6.6,ok
TIC 38462407,61.5075,-64.0939,8.69,0,,,,,41,9.2,ok
TIC 466285092,165.5297,-61.4585,8.69,0,,,,,6,6.1,ok
TIC 219246859,171.5023,-18.1958,8.69,0,,,,,4,4.2,ok
TIC 458831281,160.9979,-57.685,8.69,0,,,,,6,5.8,ok
TIC 357383758,137.1463,-60.3329,8.69,0,,,,,7,6.6,ok
TIC 364395704,116.619,-61.4009,8.69,0,,,,,24,9.0,ok
TIC 308940354,167.8111,-58.5339,8.69,0,,,,,3,3.3,ok
TIC 293970254,106.7606,-55.7701,8.69,0,,,,,24,9.1,ok
TIC 181913586,190.8311,-16.5135,8.69,0,,,,,6,5.4,ok
TIC 295435513,140.8238,-52.7478,8.69,0,,,,,8,7.7,ok
TIC 349909808,114.145,-64.2144,8.69,0,,,,,31,9.2,ok
TIC 185224323,174.0351,-10.3893,8.69,0,,,,,5,5.0,ok
TIC 167170023,97.0357,-67.0063,8.7,0,,,,,36,8.9,ok
TIC 300656410,114.487,-70.8805,8.7,0,,,,,39,9.1,ok
TIC 272285267,118.121,-75.3847,8.7,0,,,,,25,9.1,ok
TIC 177283605,102.4374,-73.5582,8.7,0,,,,,38,9.1,ok
TIC 300710144,115.2641,-71.2088,8.7,0,,,,,34,9.2,ok
TIC 140609648,71.6871,-73.9187,8.7,0,,,,,42,9.2,ok
TIC 464469403,156.2768,-57.3409,8.7,0,,20.4,rejete,variabilite_continue;eclipse_secondaire,8,14.4,ok
TIC 162143209,168.3379,-45.5746,8.7,0,,,,,5,5.1,ok
TIC 464880966,159.8377,-61.0031,8.7,0,,,,,1,1.7,ok
TIC 55781680,75.4066,-62.089,8.7,0,,,,,32,8.9,ok
TIC 55369613,77.3709,-62.564,8.7,0,,,,,33,9.5,ok
TIC 25195623,63.755,-68.734,8.7,1,1.9474,45.5,rejete,variabilite_continue;eclipse_secondaire,30,14.1,ok
TIC 279088394,102.6099,-56.2395,8.7,0,,,,,37,9.1,ok
TIC 151824880,167.9526,-40.1022,8.7,0,,,,,2,2.7,ok
TIC 55603918,73.2918,-60.8295,8.7,0,,,,,31,8.9,ok
TIC 350478528,85.6628,-57.912,8.7,0,,,,,40,8.7,ok
TIC 309617509,78.8139,-62.1494,8.7,0,,,,,41,8.8,ok
TIC 45922496,149.8687,-38.3152,8.7,0,,,,,4,4.2,ok
TIC 350434379,85.0616,-55.4078,8.7,0,,,,,40,9.0,ok
TIC 300703521,114.7386,-67.4611,8.7,0,,,,,42,9.1,ok
TIC 339885174,111.7512,-56.2442,8.7,0,,,,,20,9.3,ok
TIC 322733324,171.8072,-6.6249,8.7,0,,,,,7,6.5,ok
TIC 99029327,181.4868,-25.1399,8.71,0,,,,,4,3.9,ok
TIC 459088023,161.7477,-54.8312,8.71,0,,,,,5,5.1,ok
TIC 5877537,187.8007,-18.9965,8.71,0,,,,,5,4.9,ok
TIC 425069023,82.9955,-69.1608,8.71,0,,,,,38,9.2,ok
TIC 358459933,118.9589,-65.283,8.71,0,,,,,40,9.3,ok
TIC 358402475,78.0059,-55.8197,8.71,0,,,,,28,9.1,ok
TIC 370236798,105.2939,-72.7646,8.71,0,,,,,42,9.4,ok
TIC 391892828,115.4503,-67.6981,8.71,0,,,,,41,9.2,ok
TIC 106504049,159.9367,-37.9214,8.71,0,,,,,4,4.2,ok
TIC 278048070,178.1928,-39.0365,8.71,0,,,,,6,5.8,ok
TIC 220433363,73.3816,-55.8598,8.71,0,,,,,29,9.0,ok
TIC 257720049,77.9279,-58.9858,8.71,0,,,,,34,9.0,ok
TIC 220414682,71.1126,-59.3212,8.71,0,,,,,42,9.4,ok
TIC 347624674,168.9448,-13.9516,8.71,0,,,,,5,4.8,ok
TIC 61701267,176.8403,-44.0046,8.72,0,,,,,6,5.9,ok
TIC 188246908,163.1236,-26.7772,8.72,0,,,,,1,1.5,ok
TIC 177252842,101.793,-72.1114,8.72,0,,,,,42,9.4,ok
TIC 150187382,93.6773,-63.3028,8.72,0,,,,,?,0.5,erreur
TIC 382301971,83.3566,-59.565,8.72,0,,,,,31,10.3,ok
TIC 300744369,116.5026,-69.4979,8.72,0,,,,,44,9.2,ok
TIC 146715928,160.0357,-43.0807,8.72,0,,,,,6,5.8,ok
TIC 35977125,149.4899,-42.8398,8.72,0,,,,,7,6.9,ok
TIC 219641516,175.2671,-21.3781,8.72,0,,,,,6,5.7,ok
TIC 358460464,118.9576,-64.7096,8.72,0,,,,,29,9.3,ok
TIC 340006157,112.7373,-57.991,8.72,0,,,,,23,9.1,ok
TIC 357896715,138.302,-62.4221,8.72,0,,,,,2,2.7,ok
TIC 294205649,107.9591,-58.8506,8.72,0,,,,,31,8.8,ok
TIC 55558734,73.2016,-63.2021,8.72,0,,,,,33,9.5,ok
TIC 391251375,161.3674,-64.2291,8.72,0,,,,,5,5.3,ok
TIC 41227922,91.5849,-69.2584,8.72,0,,,,,26,9.5,ok
TIC 107113098,183.0072,-33.1317,8.72,0,,,,,5,4.8,ok
TIC 144158127,176.6645,-8.7062,8.72,0,,,,,5,4.8,ok
TIC 181150842,173.9868,-37.0213,8.72,0,,,,,7,6.7,ok
TIC 260043723,91.6088,-58.9537,8.73,1,3.1395,122.3,rejete,variabilite_continue;eclipse_secondaire,34,14.5,ok
TIC 382033285,79.0088,-58.5079,8.73,0,,,,,40,8.9,ok
TIC 142262413,180.6141,-30.3616,8.73,0,,,,,4,4.0,ok
TIC 220395015,68.681,-58.6097,8.73,0,,,,,27,9.1,ok
TIC 308400796,120.402,-62.856,8.73,0,,,,,19,8.7,ok
TIC 41532261,93.7113,-70.5989,8.73,0,,,,,38,8.9,ok
TIC 177164901,104.3744,-68.3493,8.73,0,,,,,40,9.4,ok
TIC 237923772,57.2631,-65.777,8.73,0,,,,,5,5.1,ok
TIC 460724949,158.7062,-60.1872,8.73,0,,,,,7,7.1,ok
TIC 141280197,82.8436,-76.168,8.73,0,,,,,2,2.5,ok
TIC 102462053,154.8683,-44.4102,8.73,0,,,,,3,3.3,ok
TIC 350822267,89.4725,-58.4086,8.73,0,,,,,1,1.5,ok
TIC 459737327,163.3618,-56.111,8.73,0,,,,,5,5.1,ok
TIC 149914338,88.2003,-65.1876,8.73,0,,,,,27,9.2,ok
TIC 150322991,95.9378,-60.9009,8.73,0,,,,,41,9.4,ok
TIC 306774815,121.4939,-66.084,8.73,0,,,,,26,9.4,ok
TIC 355003870,129.832,-64.315,8.73,0,,,,,1,1.6,ok
TIC 271901346,113.3093,-76.1984,8.73,0,,,,,6,5.7,ok
TIC 150357424,96.0608,-63.7875,8.73,0,,,,,30,8.8,ok
TIC 423490672,168.7361,-18.7989,8.73,0,,,,,5,5.0,ok
TIC 157731752,172.2712,-12.1247,8.73,0,,,,,1,1.7,ok
TIC 294668993,70.6982,-67.4072,8.73,0,,,,,30,8.9,ok
TIC 157733424,172.3842,-16.7575,8.74,0,,,,,5,6.3,ok
TIC 464359649,156.0382,-55.5541,8.74,0,,,,,7,10.6,ok
TIC 57694912,174.1526,-32.4952,8.74,0,,,,,3,3.1,ok
TIC 274443177,149.1916,-58.8089,8.74,0,,,,,3,3.4,ok
TIC 82015313,168.425,-53.785,8.74,0,,,,,7,6.8,ok
TIC 382028854,78.5723,-57.659,8.74,0,,,,,42,9.0,ok
TIC 146656091,159.7671,-46.4364,8.74,0,,,,,4,4.1,ok
TIC 304996702,165.6837,-58.8194,8.74,0,,,,,3,3.2,ok
TIC 461206006,181.6498,-41.7934,8.74,0,,,,,6,5.8,ok
TIC 38580997,180.3361,-23.1216,8.74,0,,,,,5,5.0,ok
TIC 237931174,58.5053,-63.1864,8.74,0,,,,,25,8.9,ok
TIC 358467049,119.1927,-60.8161,8.74,0,,,,,22,9.0,ok
TIC 374426149,150.3877,-60.3494,8.74,0,,,,,3,3.4,ok
TIC 375121320,151.3933,-60.1645,8.74,0,,,,,5,5.0,ok
TIC 93620374,175.7776,-53.2166,8.74,0,,,,,4,4.0,ok
TIC 150272064,94.6422,-63.1351,8.74,0,,,,,38,9.0,ok
TIC 33732017,61.4352,-73.2805,8.74,0,,18.2,rejete,variabilite_continue;eclipse_secondaire,20,15.3,ok
TIC 140661368,72.7047,-72.424,8.74,0,,,,,42,9.0,ok
TIC 270263948,175.3093,-27.839,8.74,0,,,,,5,5.1,ok
TIC 1630050,188.2392,-14.2453,8.74,0,,,,,3,3.3,ok
TIC 220453880,74.0826,-59.0921,8.75,0,,,,,32,9.2,ok
TIC 452712793,172.2442,-24.767,8.75,0,,,,,4,4.2,ok
TIC 177164194,104.5513,-69.3804,8.75,0,,,,,34,9.1,ok
TIC 36124955,149.6479,-46.4285,8.75,0,,,,,6,5.8,ok
TIC 460984940,159.3412,-63.6561,8.75,1,2.7973,18.5,rejete,variabilite_continue,7,11.9,ok
TIC 450368257,168.6328,-59.0247,8.75,0,,,,,7,6.9,ok
TIC 376612691,153.2605,-61.1791,8.75,0,,18.6,rejete,variabilite_continue;eclipse_secondaire,7,15.1,ok
TIC 23557234,169.1313,-31.8398,8.75,0,,,,,4,4.2,ok
TIC 423567949,185.7106,-20.3963,8.75,0,,,,,3,3.3,ok
TIC 389925768,87.6589,-71.8712,8.75,0,,,,,38,9.5,ok
TIC 193270454,158.4393,-28.4685,8.75,0,,,,,5,5.2,ok
TIC 30035088,73.1828,-71.5717,8.75,0,,,,,33,9.0,ok
TIC 371808574,148.7655,-70.9395,8.75,1,1.1816,10.4,rejete,variabilite_continue;eclipse_secondaire,4,6.8,ok
TIC 149252670,82.6032,-60.8081,8.76,0,,,,,31,9.0,ok
TIC 431589306,50.5802,-75.1803,8.76,0,,,,,21,9.5,ok
TIC 168406593,166.7879,-26.0869,8.76,0,,,,,4,4.3,ok
TIC 54197906,160.9009,-30.6117,8.76,0,,,,,1,1.6,ok
TIC 78534637,143.0334,-44.7257,8.76,0,,,,,1,1.5,ok
TIC 53787496,158.2943,-33.5397,8.76,0,,,,,1,1.5,ok
TIC 61608206,176.5559,-42.4897,8.76,0,,,,,8,7.5,ok
TIC 278477960,120.4906,-78.3095,8.76,0,,20.6,rejete,variabilite_continue;eclipse_secondaire;compagnon_trop_gros_3.6Rjup,8,12.7,ok
TIC 364393161,116.476,-64.4047,8.76,0,,,,,35,9.3,ok
TIC 260190390,93.1256,-55.7917,8.76,0,,,,,2,2.4,ok
TIC 410363878,166.4279,-20.1022,8.76,0,,,,,4,5.3,ok
TIC 293225274,98.514,-60.5877,8.76,0,,,,,40,9.1,ok
TIC 54042261,159.8629,-35.7765,8.76,0,,,,,6,6.0,ok
TIC 45421310,148.3841,-38.7912,8.76,0,,,,,2,2.5,ok
TIC 293218474,66.6823,-58.7765,8.76,0,,,,,29,8.7,ok
TIC 429180964,177.495,-25.8058,8.76,0,,,,,6,5.9,ok
TIC 1588852,170.7327,-12.7817,8.76,0,,,,,5,4.9,ok
TIC 463433593,153.7517,-57.458,8.77,0,,,,,6,5.8,ok
TIC 382259748,82.6629,-57.392,8.77,0,,,,,34,8.7,ok
TIC 151789661,167.8058,-36.1815,8.77,0,,,,,7,6.6,ok
TIC 398243889,181.366,-22.4332,8.77,0,,,,,4,4.0,ok
TIC 150102227,91.9503,-64.4413,8.77,0,,,,,33,9.2,ok
TIC 142109185,99.4337,-76.9266,8.77,0,,,,,21,9.0,ok
TIC 57792479,174.802,-31.0444,8.77,0,,,,,6,5.6,ok
TIC 437234107,164.9389,-23.2955,8.77,0,,,,,1,1.5,ok
TIC 385269398,167.4754,-13.1407,8.77,0,,,,,1,1.6,ok
TIC 162816840,171.345,-42.0956,8.77,0,,,,,5,4.9,ok
TIC 149976535,90.1949,-62.8717,8.77,0,,,,,38,9.2,ok
TIC 181856591,189.8582,-14.788,8.77,0,,,,,6,5.5,ok
TIC 434512552,189.616,-20.0558,8.77,0,,,,,4,4.0,ok
TIC 278777449,99.6944,-59.5025,8.77,0,,,,,21,8.7,ok
TIC 461155882,165.5577,-24.7238,8.77,0,,,,,5,5.2,ok
TIC 349647498,112.2455,-64.3619,8.77,0,,,,,31,9.3,ok
TIC 350522225,86.3197,-55.649,8.77,0,,,,,25,9.6,ok
TIC 300085625,107.6846,-71.7815,8.77,0,,,,,30,8.9,ok
TIC 41338480,92.6518,-67.9612,8.77,0,,,,,29,9.2,ok
TIC 231088021,68.7217,-69.0829,8.77,0,,,,,32,9.3,ok
TIC 308926825,123.0286,-60.3108,8.77,0,,,,,9,8.7,ok
TIC 341799955,121.6228,-54.8065,8.78,0,,,,,9,8.5,ok
TIC 279613634,106.4419,-56.222,8.78,0,,,,,28,10.0,ok
TIC 23498333,168.6082,-35.3792,8.78,0,,,,,6,5.7,ok
TIC 303354265,137.7687,-69.7171,8.78,0,,,,,3,3.4,ok
TIC 450359616,168.7276,-59.1749,8.78,0,,23.0,rejete,variabilite_continue;eclipse_secondaire,4,7.0,ok
TIC 289930389,176.1185,-16.6122,8.78,0,,,,,3,3.4,ok
TIC 391903064,106.5297,-75.8195,8.78,0,,,,,43,9.5,ok
TIC 150029272,90.7407,-61.1923,8.78,0,,,,,33,9.0,ok
TIC 278896737,101.0268,-57.3997,8.78,0,,,,,21,9.1,ok
TIC 364398190,119.628,-60.729,8.78,0,,,,,22,9.0,ok
TIC 134902944,183.9688,-36.7577,8.78,0,,,,,5,6.7,ok
TIC 458854972,161.156,-59.5487,8.79,1,10.0603,10.1,rejete,variabilite_continue,5,8.5,ok
TIC 140688941,72.9408,-73.6274,8.79,0,,,,,21,9.4,ok
TIC 278328989,114.6297,-78.4852,8.79,0,,,,,11,9.5,ok
TIC 271597127,108.3823,-76.3947,8.79,0,,,,,20,9.2,ok
TIC 220475970,75.6074,-53.9943,8.79,0,,,,,17,9.4,ok
TIC 141411713,83.9319,-74.2503,8.79,0,,,,,30,9.4,ok
TIC 167723383,103.4588,-60.0563,8.79,0,,,,,23,9.6,ok
TIC 167549709,100.8545,-63.5616,8.79,0,,,,,27,9.2,ok
TIC 382100799,80.2387,-54.3902,8.79,0,,,,,20,9.6,ok
TIC 277099881,83.7449,-67.4747,8.79,0,,,,,35,9.2,ok
TIC 150439989,97.6229,-61.9414,8.79,0,,,,,32,9.2,ok
TIC 300654773,114.3512,-70.5774,8.79,0,,,,,33,9.8,ok
TIC 309290531,124.3098,-61.6555,8.79,0,,,,,3,3.7,ok
TIC 150271169,94.6878,-64.7893,8.79,0,,,,,26,9.3,ok
TIC 388107335,62.583,-71.3448,8.79,0,,,,,31,9.2,ok
TIC 278861774,100.6489,-56.4445,8.79,0,,,,,33,8.9,ok
TIC 349369985,110.0396,-64.0012,8.79,0,,,,,42,9.3,ok
TIC 77159000,141.3699,-44.5502,8.79,0,,,,,1,1.9,ok
TIC 429359897,184.0675,-20.8995,8.79,0,,,,,4,4.0,ok
TIC 288025584,135.9768,-73.3942,8.8,0,,,,,9,8.6,ok
TIC 391901997,115.8935,-71.6115,8.8,0,,,,,32,9.0,ok
TIC 142145534,99.8066,-75.5088,8.8,0,,,,,31,9.0,ok
TIC 375032207,99.2288,-62.3507,8.8,0,,,,,28,8.8,ok
TIC 140608905,71.3576,-75.1399,8.8,0,,,,,31,9.2,ok
TIC 271891360,112.5578,-72.9447,8.8,0,,,,,20,9.0,ok
TIC 309064718,123.5743,-60.2781,8.8,0,,,,,12,9.4,ok
TIC 460338822,157.1818,-64.5941,8.8,0,,,,,7,7.1,ok
TIC 150272447,94.596,-62.3412,8.8,0,,,,,31,9.1,ok
TIC 300444243,111.5457,-68.9052,8.8,0,,,,,34,9.0,ok
TIC 259927413,41.6957,-71.8545,8.8,0,,,,,11,10.8,ok
TIC 149126810,81.1045,-62.3695,8.8,0,,,,,?,0.5,erreur
TIC 272429196,120.2928,-72.175,8.8,0,,160.6,rejete,variabilite_continue;eclipse_secondaire,28,14.3,ok
TIC 260947637,73.0905,-78.2696,8.8,0,,,,,26,9.3,ok
TIC 73390896,154.4674,-40.9553,8.8,0,,,,,4,4.3,ok
TIC 397367393,177.5748,-29.1289,8.8,0,,,,,6,5.7,ok
TIC 150065109,91.6089,-63.0608,8.81,0,,,,,29,9.0,ok
TIC 52252009,176.4546,-18.1816,8.81,0,,,,,2,2.6,ok
TIC 350581003,86.9264,-55.3971,8.81,0,,,,,31,9.2,ok
TIC 306471461,118.4789,-68.8984,8.81,0,,,,,32,9.5,ok
TIC 279053888,102.379,-59.8587,8.81,0,,,,,31,9.1,ok
TIC 279425700,105.0267,-57.0832,8.81,0,,,,,20,9.5,ok
TIC 38812381,67.7773,-64.3066,8.81,0,,,,,2,2.5,ok
TIC 140659350,72.2893,-72.9653,8.81,0,,,,,21,8.9,ok
TIC 157754133,172.6082,-15.322,8.81,2,2.31;2.2955,33.0,rejete,eclipse_secondaire;compagnon_trop_gros_3.0Rjup,3,6.5,ok
TIC 425081475,82.9679,-68.5441,8.81,0,,,,,38,8.9,ok
TIC 428655767,179.4505,-19.6686,8.81,0,,,,,5,5.0,ok
TIC 287410832,82.5169,-69.7842,8.81,0,,,,,31,9.1,ok
TIC 357028654,136.1045,-65.0602,8.81,0,,,,,6,5.7,ok
TIC 220425726,72.5446,-57.7319,8.82,0,,,,,28,9.1,ok
TIC 451123979,170.6499,-58.9538,8.82,0,,,,,5,5.3,ok
TIC 102118881,153.9583,-45.6735,8.82,0,,,,,4,4.7,ok
TIC 358181695,107.1807,-72.3122,8.82,0,,,,,20,9.1,ok
TIC 460502873,157.9369,-63.4894,8.82,0,,,,,7,8.9,ok
TIC 450276745,168.799,-59.4162,8.82,0,,,,,7,7.5,ok
TIC 294209068,108.1814,-56.664,8.82,0,,,,,22,9.0,ok
TIC 157732116,172.3361,-13.801,8.82,0,,,,,4,4.1,ok
TIC 149177271,81.7564,-62.4898,8.82,0,,,,,41,8.9,ok
TIC 38581788,180.4158,-22.5829,8.82,0,,,,,1,1.6,ok
TIC 349408403,110.4693,-63.8996,8.82,0,,,,,22,9.1,ok
TIC 349153627,108.3659,-60.7628,8.82,0,,,,,31,9.3,ok
TIC 231076815,67.6759,-69.4207,8.82,0,,,,,20,9.5,ok
TIC 381925869,76.2001,-54.6351,8.82,0,,,,,22,9.5,ok
TIC 446692627,156.1836,-51.8031,8.82,0,,,,,1,2.1,ok
TIC 220399619,69.2297,-55.3488,8.82,0,,,,,9,8.7,ok
TIC 294871044,71.6673,-68.1218,8.82,0,,,,,23,9.2,ok
TIC 340005947,112.6839,-57.7379,8.82,0,,,,,21,10.1,ok
TIC 466527712,166.2502,-61.3936,8.82,0,,,,,7,6.9,ok
TIC 423569057,185.8256,-19.0893,8.82,0,,,,,5,4.7,ok
TIC 342673240,124.9743,-56.25,8.82,0,,,,,7,6.8,ok
TIC 466368276,165.6873,-63.4945,8.82,0,,,,,7,7.2,ok
TIC 163083738,172.233,-42.4311,8.83,0,,,,,4,4.1,ok
TIC 350622144,87.6816,-56.905,8.83,0,,,,,32,9.3,ok
TIC 167203674,97.0789,-70.2584,8.83,0,,,,,20,9.2,ok
TIC 448696074,182.209,-30.9368,8.83,0,,,,,5,5.1,ok
TIC 83152168,188.6928,-23.4756,8.83,0,,,,,1,1.5,ok
TIC 382512330,117.5163,-60.667,8.83,0,,,,,21,9.2,ok
TIC 349055915,107.3854,-61.5442,8.83,0,,,,,31,9.0,ok
TIC 193223368,157.9617,-29.2825,8.83,0,,,,,1,1.7,ok
TIC 257719099,77.8216,-56.0559,8.83,0,,,,,31,9.0,ok
TIC 140858013,76.1927,-76.727,8.84,0,,,,,2,2.5,ok
TIC 220456095,74.4256,-55.7138,8.84,0,,,,,22,9.4,ok
TIC 20375215,167.6082,-29.4145,8.84,0,,,,,5,5.2,ok
TIC 307087642,123.5372,-66.026,8.84,0,,,,,25,8.9,ok
TIC 304039341,164.882,-59.6291,8.84,0,,,,,5,5.1,ok
TIC 334971584,186.6594,-13.5274,8.84,0,,,,,4,3.8,ok
TIC 71546531,155.758,-34.1411,8.84,0,,,,,7,6.7,ok
TIC 162251396,168.8348,-46.26,8.84,0,,,,,3,3.7,ok
TIC 260640855,97.8919,-58.6294,8.84,0,,,,,33,8.9,ok
TIC 220401858,69.6846,-58.8144,8.84,0,,,,,38,9.1,ok
TIC 165382405,179.6978,-37.4456,8.84,0,,,,,7,6.8,ok
TIC 293271918,98.689,-62.0993,8.84,0,,,,,30,8.7,ok
TIC 106402532,159.4094,-40.8882,8.84,0,,,,,6,5.8,ok
TIC 294207756,108.1489,-58.2351,8.84,0,,,,,43,9.2,ok
TIC 167794129,104.4597,-64.8537,8.84,0,,,,,32,9.0,ok
TIC 41259805,92.1221,-71.1199,8.84,0,,,,,34,9.2,ok
TIC 261377762,93.3275,-78.2303,8.84,0,,,,,33,9.2,ok
TIC 150030411,90.9472,-61.1516,8.85,0,,,,,34,11.8,ok
TIC 149275235,83.0162,-60.9615,8.85,0,,,,,34,10.5,ok
TIC 458230632,159.3275,-58.6283,8.85,0,,,,,6,6.4,ok
TIC 350334038,83.9999,-56.718,8.85,0,,,,,33,9.4,ok
TIC 300602132,113.4813,-71.6196,8.85,0,,,,,41,9.8,ok
TIC 287637087,125.8573,-72.0092,8.85,0,,,,,19,10.8,ok
TIC 294053971,107.2691,-59.0886,8.85,0,,,,,33,9.8,ok
TIC 118316147,128.9278,-54.3173,8.85,0,,,,,5,5.3,ok
TIC 358335946,77.3557,-56.0497,8.85,0,,,,,29,9.4,ok
TIC 308185925,130.4918,-70.7451,8.85,0,,,,,7,8.2,ok
TIC 350620788,87.422,-59.839,8.85,0,,,,,38,9.0,ok
TIC 335473753,178.4251,-13.8454,8.85,0,,,,,4,5.2,ok
TIC 74195987,137.2354,-46.7729,8.85,0,,,,,1,1.6,ok
TIC 260636592,97.7742,-56.9389,8.85,0,,,,,31,9.2,ok
TIC 260241479,93.67,-55.808,8.86,0,,,,,31,8.8,ok
TIC 350954102,90.8582,-55.7764,8.86,0,,,,,8,7.6,ok
TIC 219069014,170.6827,-22.0888,8.86,0,,,,,6,5.7,ok
TIC 374942490,89.3436,-65.2887,8.86,0,,,,,23,9.1,ok
TIC 149540013,86.1515,-62.0673,8.86,0,,,,,36,9.0,ok
TIC 389624081,86.6979,-71.6035,8.86,0,,,,,40,9.2,ok
TIC 162364492,169.4366,-42.0773,8.86,0,,,,,3,3.4,ok
TIC 57450117,172.3179,-33.4283,8.86,0,,,,,4,4.5,ok
TIC 440538436,144.4061,-55.3949,8.86,0,,,,,6,6.2,ok
TIC 145323225,132.2343,-49.0774,8.86,0,,,,,6,6.1,ok
TIC 464295672,155.9351,-57.6421,8.86,0,,,,,8,8.0,ok
TIC 38586863,64.2051,-63.3349,8.86,0,,,,,41,9.0,ok
TIC 73080557,153.5778,-37.0835,8.86,0,,,,,6,6.2,ok
TIC 261397043,94.2514,-78.7636,8.86,0,,,,,34,9.4,ok
TIC 53931697,159.1018,-33.208,8.86,0,,,,,5,5.2,ok
TIC 91632731,171.2657,-53.8538,8.86,0,,,,,1,1.7,ok
TIC 465055209,162.3291,-61.8317,8.86,0,,,,,4,4.3,ok
TIC 257719469,77.8042,-57.1873,8.87,0,,,,,29,9.0,ok
TIC 260609222,97.4442,-57.2749,8.87,0,,,,,21,9.6,ok
TIC 388131109,65.4126,-69.8695,8.87,0,,,,,34,9.1,ok
TIC 372887621,152.4681,-70.5363,8.87,0,,,,,6,6.3,ok
TIC 167724857,103.6739,-62.1435,8.87,0,,,,,21,9.1,ok
TIC 41030824,90.4611,-71.959,8.87,0,,,,,20,9.0,ok
TIC 278078825,106.5976,-78.5439,8.87,0,,,,,21,9.3,ok
TIC 105995540,157.7137,-41.4182,8.87,0,,,,,5,4.8,ok
TIC 52216731,176.3531,-22.1767,8.87,0,,,,,1,1.5,ok
TIC 177115893,104.0051,-69.0224,8.87,0,,,,,32,8.8,ok
TIC 167654890,102.3272,-62.4825,8.87,0,,,,,28,9.2,ok
TIC 375056781,99.7371,-60.8405,8.87,0,,,,,33,9.4,ok
TIC 193319571,177.9399,-16.4103,8.87,0,,,,,3,3.4,ok
TIC 149155198,81.3682,-60.6286,8.88,0,,,,,37,10.5,ok
TIC 149252305,82.4936,-61.6425,8.88,0,,,,,12,9.2,ok
TIC 78455417,142.931,-47.4846,8.88,0,,,,,5,5.2,ok
TIC 220420859,71.8425,-57.1492,8.88,0,,,,,22,9.0,ok
TIC 185221114,173.7141,-7.9272,8.88,0,,,,,6,5.9,ok
TIC 29832530,66.6673,-70.7542,8.88,0,,,,,21,9.4,ok
TIC 334852336,171.5092,-14.9489,8.88,0,,,,,4,4.1,ok
TIC 466589508,166.3683,-64.2559,8.88,0,,,,,2,2.4,ok
TIC 279251558,104.1464,-59.3269,8.88,0,,,,,21,9.1,ok
TIC 428657032,179.4409,-23.6965,8.88,0,,,,,4,4.3,ok
TIC 339860627,111.4604,-57.9496,8.88,0,,,,,3,3.0,ok
TIC 260076575,92.0214,-59.0479,8.88,0,,,,,33,9.9,ok
TIC 339735827,110.9528,-55.1348,8.88,0,,,,,13,9.2,ok
TIC 306900548,122.4526,-65.9604,8.88,0,,,,,2,2.4,ok
TIC 149218100,82.0908,-60.8664,8.88,0,,,,,31,8.8,ok
TIC 237924298,57.6373,-64.0674,8.88,0,,,,,20,8.8,ok
TIC 33880674,66.5163,-74.7033,8.88,0,,,,,29,9.0,ok
TIC 93841299,176.0983,-48.6927,8.88,0,,,,,2,2.4,ok
TIC 220454583,74.1696,-56.915,8.88,0,,,,,28,9.3,ok
TIC 451205400,170.8377,-56.0666,8.88,0,,,,,4,4.1,ok
TIC 31602748,89.9081,-67.8437,8.88,0,,,,,28,9.5,ok
TIC 177023707,102.407,-69.9859,8.88,0,,,,,29,8.9,ok
TIC 350860764,90.271,-59.4704,8.88,0,,,,,41,9.0,ok
TIC 106989982,161.7902,-41.3047,8.88,0,,,,,4,4.1,ok
TIC 31414018,88.892,-69.4341,8.88,0,,,,,34,9.4,ok
TIC 21709407,180.6433,-45.5606,8.88,0,,,,,5,5.0,ok
TIC 294190351,159.4811,-44.5064,8.89,0,,,,,3,3.4,ok
TIC 120859681,164.3488,-51.8277,8.89,0,,12.9,rejete,variabilite_continue;eclipse_secondaire,5,8.2,ok
TIC 150299548,95.0966,-61.5985,8.89,0,,,,,41,8.9,ok
TIC 126797048,137.0466,-50.6138,8.89,0,,,,,7,6.8,ok
TIC 49175225,165.334,-31.7063,8.89,0,,,,,5,4.9,ok
TIC 150166759,93.4584,-61.5384,8.89,0,,,,,32,9.0,ok
TIC 257720478,78.285,-59.642,8.89,0,,,,,28,8.8,ok
TIC 150105372,92.1333,-62.9802,8.89,0,,,,,30,9.7,ok
TIC 220403792,69.7604,-56.1662,8.89,0,,,,,19,11.5,ok
TIC 335498750,179.0133,-16.4715,8.89,0,,,,,1,1.5,ok
TIC 141281526,83.315,-75.182,8.89,0,,,,,39,12.3,ok
TIC 38907328,69.3906,-64.1221,8.89,0,,,,,43,10.7,ok
TIC 33878145,66.1609,-74.5092,8.89,0,,,,,33,11.1,ok
TIC 57609909,173.5572,-30.5194,8.89,0,,,,,2,2.9,ok
TIC 141936889,177.8332,-33.2944,8.89,0,,,,,4,4.3,ok
TIC 300745960,116.4439,-67.5401,8.89,0,,,,,16,9.0,ok
TIC 458076693,159.0065,-58.2526,8.89,0,,98.9,rejete,variabilite_continue;eclipse_secondaire;compagnon_trop_gros_15.0Rjup,6,10.0,ok
TIC 459664313,163.1552,-59.4171,8.89,0,,,,,3,3.4,ok
TIC 454052210,176.0355,-36.7744,8.89,0,,,,,3,3.5,ok
TIC 271889401,112.5872,-75.8983,8.89,0,,,,,31,9.4,ok
TIC 307490251,126.1586,-70.1598,8.89,0,,,,,18,9.3,ok
TIC 378519723,155.4728,-64.5965,8.9,0,,,,,4,4.5,ok
TIC 271725395,110.7515,-74.1138,8.9,0,,,,,33,9.3,ok
TIC 177241155,101.1944,-75.9258,8.9,0,,,,,32,9.5,ok
TIC 141187126,81.8761,-77.3821,8.9,0,,,,,31,9.5,ok
TIC 167206607,97.2918,-69.624,8.9,0,,,,,41,9.5,ok
TIC 306470049,118.5658,-67.0711,8.9,0,,,,,21,9.6,ok
TIC 458561879,160.5317,-59.9068,8.9,0,,,,,6,6.3,ok
TIC 150185722,93.5223,-65.7492,8.9,0,,,,,22,9.2,ok
TIC 437251093,169.7294,-23.1169,8.9,0,,,,,6,6.3,ok
TIC 385268871,167.4503,-15.0883,8.9,0,,,,,3,3.5,ok
TIC 257720864,78.3413,-58.5576,8.9,0,,,,,29,9.2,ok
TIC 167163613,96.2621,-70.9974,8.91,0,,,,,32,9.3,ok
TIC 260192346,93.3793,-56.0744,8.91,0,,,,,40,9.3,ok
TIC 360121399,141.6618,-60.6763,8.91,0,,,,,4,4.6,ok
TIC 307139921,167.9258,-44.3991,8.91,0,,,,,1,1.6,ok
TIC 149992221,90.7882,-65.2547,8.91,0,,,,,26,9.7,ok
TIC 286335432,191.0191,-21.019,8.91,0,,,,,2,2.6,ok
TIC 38710712,66.7832,-61.7119,8.91,0,,,,,33,9.5,ok
TIC 144198170,177.797,-9.8629,8.91,0,,,,,6,5.6,ok
TIC 383736164,134.9727,-57.7915,8.91,0,,,,,3,3.5,ok
TIC 384257658,136.0916,-59.1569,8.91,0,,,,,8,7.6,ok
TIC 141823881,92.9955,-74.5145,8.91,0,,,,,42,9.8,ok
TIC 451125355,170.5566,-59.1441,8.91,0,,,,,1,1.7,ok
TIC 32071556,58.1547,-66.8236,8.91,0,,,,,26,9.3,ok
TIC 57528357,173.0712,-30.4274,8.91,0,,,,,1,1.6,ok
TIC 287273244,109.4748,-58.9961,8.91,0,,,,,21,8.9,ok
TIC 452552665,141.8982,-72.7716,8.92,0,,,,,3,3.5,ok
TIC 35909965,149.3316,-45.6325,8.92,0,,,,,5,5.1,ok
TIC 348999211,184.3832,-13.2144,8.92,0,,,,,6,5.7,ok
TIC 31359921,136.2829,-47.0457,8.92,0,,,,,1,1.6,ok
TIC 32154687,59.5966,-67.517,8.92,0,,,,,44,9.0,ok
TIC 157793231,173.68,-12.96,8.92,0,,,,,3,3.4,ok
TIC 30407429,74.6095,-69.0735,8.92,0,,,,,40,9.2,ok
TIC 342004233,122.4508,-59.2099,8.92,0,,,,,11,11.0,ok
TIC 272962254,170.5568,-51.2694,8.92,0,,,,,6,6.4,ok
TIC 294784092,71.2626,-70.6719,8.92,0,,,,,41,9.4,ok
TIC 185219870,173.635,-9.3314,8.92,0,,,,,5,5.4,ok
TIC 463869442,154.8455,-57.1885,8.92,0,,,,,3,3.4,ok
TIC 464907721,159.8776,-65.0832,8.92,0,,,,,3,3.3,ok
TIC 25153109,63.0169,-70.389,8.92,0,,,,,33,9.9,ok
TIC 397936711,160.0715,-69.0216,8.92,0,,,,,2,2.6,ok
TIC 458230572,159.3456,-58.623,8.92,0,,,,,6,6.5,ok
TIC 294272049,108.4072,-58.1458,8.93,0,,,,,34,9.2,ok
TIC 297075622,187.3939,-15.6107,8.93,0,,,,,5,4.8,ok
TIC 388129392,63.5677,-67.1105,8.93,0,,,,,30,9.0,ok
TIC 185195065,173.2247,-10.0607,8.93,0,,,,,5,5.2,ok
TIC 391904670,106.4556,-72.6023,8.93,0,,,,,33,9.9,ok
TIC 141771483,92.4906,-76.2556,8.93,0,,,,,21,9.4,ok
TIC 167088119,95.885,-69.4534,8.93,0,,,,,32,9.3,ok
TIC 289987480,192.0338,-15.0907,8.93,0,,,,,5,4.6,ok
TIC 364424104,69.6371,-76.2176,8.93,0,,,,,42,9.0,ok
TIC 271892595,113.2566,-72.5881,8.93,0,,,,,20,9.0,ok
TIC 144299262,178.9274,-8.204,8.93,0,,,,,6,6.0,ok
TIC 410445955,118.0413,-65.2912,8.94,0,,,,,20,9.0,ok
TIC 358757728,151.3896,-44.6019,8.94,0,,,,,2,2.6,ok
TIC 374226463,149.9026,-64.2447,8.94,0,,,,,1,1.5,ok
TIC 176955379,100.7776,-69.2977,8.94,0,,380.4,rejete,variabilite_continue;eclipse_secondaire,41,14.5,ok
TIC 25134376,62.4962,-67.328,8.94,0,,,,,42,9.3,ok
TIC 55269822,76.1497,-63.5958,8.94,0,,,,,33,9.2,ok
TIC 307438092,125.8272,-67.7832,8.94,0,,,,,20,9.3,ok
TIC 5797560,187.2754,-22.7289,8.94,0,,,,,3,3.3,ok
TIC 466185139,165.2735,-63.5208,8.94,0,,,,,5,5.1,ok
TIC 29781292,65.2385,-68.1027,8.94,0,,,,,44,9.1,ok
TIC 380134543,172.8546,-24.2967,8.94,0,,,,,3,3.4,ok
TIC 71674289,156.4255,-32.9279,8.94,0,,,,,8,8.2,ok
TIC 55850719,76.0966,-62.266,8.94,0,,,,,32,10.9,ok
TIC 179369970,79.9841,-71.4854,8.94,0,,,,,32,10.5,ok
TIC 287273694,109.4936,-58.4297,8.94,0,,,,,7,7.4,ok
TIC 378726058,155.5271,-60.1869,8.94,0,,,,,6,6.1,ok
TIC 158719651,165.3747,-40.5151,8.94,0,,,,,5,7.8,ok
TIC 150030950,90.9857,-62.3311,8.94,0,,,,,31,9.7,ok
TIC 167548586,100.8484,-61.4065,8.94,0,,,,,30,10.7,ok
TIC 350622185,87.541,-56.8061,8.94,0,,,,,26,11.7,ok
TIC 41115548,90.9663,-66.4879,8.94,0,,,,,17,9.4,ok
TIC 460720215,158.3762,-60.1278,8.95,0,,,,,6,6.1,ok
TIC 149477100,85.3553,-65.4478,8.95,0,,,,,29,9.2,ok
TIC 350297075,83.7359,-56.0013,8.95,0,,,,,33,9.5,ok
TIC 381950094,76.6887,-59.0504,8.95,0,,,,,32,9.2,ok
TIC 55745413,74.89,-63.0284,8.95,0,,,,,34,9.4,ok
TIC 421153484,169.5002,-15.8217,8.95,0,,,,,2,2.5,ok
TIC 157326303,177.0469,-33.3446,8.95,0,,,,,2,2.7,ok
TIC 38595151,180.6699,-19.6436,8.95,0,,,,,2,2.5,ok
TIC 446047505,147.4059,-51.8725,8.95,0,,,,,8,8.2,ok
TIC 258381418,182.4844,-42.2465,8.95,0,,,,,2,2.8,ok
TIC 55272070,76.5402,-62.044,8.95,0,,,,,41,9.5,ok
TIC 272232401,117.2997,-76.7032,8.95,0,,,,,27,9.1,ok
TIC 33880746,66.398,-74.8702,8.95,0,,,,,36,9.7,ok
TIC 302214961,132.8598,-67.425,8.95,0,,,,,5,5.2,ok
TIC 89452383,126.714,-54.2344,8.95,0,,,,,7,6.8,ok
TIC 349521873,111.4591,-65.5531,8.96,0,,,,,43,8.9,ok
TIC 382033361,78.9333,-58.7179,8.96,0,,,,,21,9.3,ok
TIC 141708546,90.3616,-77.7241,8.96,0,,,,,33,9.4,ok
TIC 260503914,96.5112,-55.5814,8.96,0,,,,,28,12.9,ok
TIC 398229478,160.5121,-66.0499,8.96,0,,,,,7,8.4,ok
TIC 238808904,123.4529,-53.8484,8.96,0,,,,,9,10.9,ok
TIC 119717677,161.8917,-48.6694,8.96,0,,,,,3,6.8,ok
TIC 278823421,100.0977,-59.1981,8.96,0,,,,,32,14.4,ok
TIC 83113208,188.3679,-19.6533,8.96,0,,,,,5,6.9,ok
TIC 350431335,85.01,-56.8984,8.96,0,,200.6,rejete,variabilite_continue;eclipse_secondaire,41,17.2,ok
TIC 350343101,84.5362,-56.7122,8.96,0,,,,,29,9.3,ok
TIC 349576238,111.9538,-63.5534,8.96,0,,,,,32,10.1,ok
TIC 54041061,159.6958,-34.3389,8.96,0,,,,,4,6.7,ok
TIC 118084044,128.1813,-58.5755,8.96,0,,,,,8,9.2,ok
TIC 38844604,68.6401,-60.8029,8.97,0,,,,,45,17.6,ok
TIC 29778628,64.7281,-67.2854,8.97,0,,,,,21,10.4,ok
TIC 355946913,132.9777,-60.7017,8.97,0,,,,,8,8.3,ok
TIC 350843855,90.0295,-57.8927,8.97,0,,15.9,rejete,variabilite_continue;eclipse_secondaire,42,18.4,ok
TIC 350841387,89.8748,-56.6315,8.97,0,,,,,33,10.6,ok
TIC 20324259,167.3948,-27.8524,8.97,0,,,,,5,6.5,ok
TIC 466113537,165.0332,-59.9784,8.97,0,,18.9,rejete,variabilite_continue;eclipse_secondaire,5,8.6,ok
TIC 294873276,71.7798,-66.0069,8.97,0,,,,,20,9.3,ok
TIC 361478285,144.17,-65.2611,8.97,0,,,,,5,8.0,ok
TIC 370381257,143.0403,-68.4986,8.97,0,,,,,1,2.0,ok
TIC 55450951,70.6834,-61.8069,8.97,0,,,,,21,9.6,ok
TIC 183639961,171.4581,-8.5573,8.97,0,,,,,4,5.8,ok
TIC 357197629,136.5452,-60.6208,8.97,0,,,,,5,8.0,ok
TIC 385268607,167.4675,-16.1462,8.97,0,,,,,1,3.3,ok
TIC 446463792,155.909,-49.4659,8.97,0,,,,,3,5.6,ok
TIC 34635166,147.2463,-44.1783,8.97,0,,,,,5,7.2,ok
TIC 142086813,98.4356,-75.6231,8.97,0,,,,,40,13.3,ok
TIC 31313963,88.2861,-69.0987,8.97,0,,,,,32,11.7,ok
TIC 378726147,155.6074,-60.18,8.97,0,,,,,3,4.2,ok
TIC 350443417,85.3048,-57.4411,8.98,0,,458.5,rejete,variabilite_continue;eclipse_secondaire;compagnon_trop_gros_2.6Rjup,42,14.9,ok
TIC 300515700,112.4424,-68.3841,8.98,0,,,,,33,15.0,ok
TIC 270466195,166.3482,-17.5587,8.98,0,,,,,4,8.2,ok
TIC 73388245,154.5478,-38.5935,8.98,0,,,,,3,5.8,ok
TIC 287534359,124.3445,-73.8253,8.98,0,,,,,21,11.0,ok
TIC 141414217,84.3521,-76.676,8.98,0,,,,,33,9.4,ok
TIC 358401810,78.0518,-54.1522,8.98,0,,,,,16,11.3,ok
TIC 177354263,104.6141,-75.6301,8.98,0,,,,,33,15.8,ok
TIC 335499997,179.1634,-12.3775,8.98,0,,31.8,rejete,variabilite_continue;eclipse_secondaire,4,8.7,ok
TIC 294273900,108.7114,-59.268,8.98,0,,,,,42,12.0,ok
TIC 391905265,106.8621,-72.2143,8.98,0,,,,,31,9.6,ok
TIC 140659980,72.4736,-72.4628,8.98,0,,,,,31,11.1,ok
TIC 308396947,120.0772,-64.6477,8.98,0,,,,,25,13.2,ok
TIC 140419728,127.1006,-50.9527,8.98,0,,,,,1,2.0,ok
TIC 177115013,103.9543,-70.4413,8.98,0,,,,,34,10.7,ok
TIC 181087221,173.7475,-39.0869,8.98,0,,,,,2,4.9,ok
TIC 271892200,112.9317,-72.0045,8.98,0,,,,,29,10.0,ok
TIC 363442304,164.626,-24.6636,8.99,0,,,,,4,5.3,ok
TIC 132208116,148.5457,-53.641,8.99,0,,,,,4,5.8,ok
TIC 309254930,124.2999,-65.657,8.99,0,,14.5,rejete,variabilite_continue,18,15.3,ok
TIC 281634192,116.8901,-63.4979,8.99,0,,,,,30,9.2,ok
TIC 308994098,123.3976,-64.0908,8.99,0,,,,,22,13.6,ok
TIC 454013359,175.3003,-37.7916,8.99,1,2.5739,70.8,rejete,variabilite_continue,7,11.9,ok
TIC 57261701,171.1977,-35.2935,8.99,0,,,,,4,7.0,ok
TIC 287494283,123.9064,-72.6289,8.99,0,,,,,1,5.0,ok
TIC 181015118,172.9371,-41.0452,8.99,0,,,,,6,7.6,ok
TIC 237927133,58.1213,-65.9254,8.99,0,,,,,22,14.1,ok
TIC 188246035,163.1207,-28.6542,8.99,0,,,,,6,7.2,ok
TIC 293936312,106.6194,-57.4532,8.99,0,,,,,34,10.3,ok
TIC 44573029,145.8451,-41.1232,8.99,0,,,,,2,10.4,ok
TIC 372848077,67.6875,-58.6256,8.99,0,,,,,23,16.3,ok
TIC 339771969,111.382,-58.5326,8.99,0,,,,,24,11.1,ok
TIC 99032157,181.5415,-27.9725,8.99,0,,,,,1,5.9,ok
TIC 363347592,163.8397,-26.4417,9.0,0,,,,,3,7.6,ok
TIC 220402076,69.7336,-57.9856,9.0,0,,,,,27,13.2,ok
TIC 278050426,178.3372,-36.0465,9.0,0,,,,,5,21.3,ok
TIC 333735407,170.211,-24.1389,9.0,0,,,,,6,7.8,ok
TIC 260188633,93.2454,-59.5645,9.0,0,,,,,30,12.7,ok
TIC 73634066,155.3343,-38.3824,9.0,0,,,,,4,7.1,ok
TIC 176935871,100.6076,-68.2685,9.0,0,,,,,27,11.4,ok
TIC 188123798,161.8787,-26.5629,9.0,0,,,,,6,9.9,ok
TIC 350480893,85.9455,-56.6202,9.0,0,,,,,31,13.1,ok
TIC 167552111,101.0922,-63.7963,9.0,0,,,,,39,12.1,ok
TIC 149218497,82.3718,-59.9992,9.0,0,,,,,20,12.0,ok
TIC 142096366,179.1232,-32.1964,9.0,0,,,,,4,9.6,ok
TIC 300555859,112.6102,-68.9966,9.0,0,,,,,34,11.7,ok
TIC 262577077,116.2187,-65.4821,9.0,0,,,,,22,16.2,ok
TIC 402108167,182.5802,-29.4195,9.0,0,,,,,5,10.1,ok
TIC 93923487,130.6187,-49.7647,9.0,0,,,,,9,11.1,ok
TIC 149175396,81.566,-61.6936,9.0,0,,,,,38,11.6,ok
TIC 150393302,96.9745,-60.5821,9.01,0,,,,,33,10.2,ok
TIC 150389853,96.6448,-65.7804,9.01,0,,,,,27,10.4,ok
TIC 177257949,101.9491,-74.6418,9.01,0,,,,,33,11.1,ok
TIC 220438947,74.003,-58.4591,9.01,0,,,,,30,11.6,ok
TIC 286364077,171.2158,-9.5815,9.01,0,,,,,5,6.5,ok
TIC 272131069,116.4547,-76.3507,9.01,0,,,,,30,12.0,ok
TIC 41530565,93.7423,-69.1334,9.01,0,,,,,30,12.4,ok
TIC 465374606,163.0417,-59.9551,9.01,0,,,,,?,962.8,timeout
TIC 178355612,164.4462,-47.5688,9.01,0,,,,,5,6.8,ok
TIC 309698515,79.2858,-62.3906,9.01,0,,,,,20,9.5,ok
TIC 391890749,115.3791,-70.7948,9.01,0,,,,,24,11.4,ok
TIC 422351727,182.083,-21.0594,9.01,0,,,,,5,6.7,ok
TIC 465826309,164.5939,-65.9612,9.01,0,,,,,3,5.6,ok
TIC 381976956,77.5464,-57.5867,9.01,0,,,,,32,14.3,ok
TIC 142107756,99.1328,-75.6642,9.01,0,,,,,32,14.6,ok
TIC 306739537,120.8633,-70.0542,9.02,0,,,,,19,10.8,ok
TIC 375273873,134.6012,-74.1643,9.02,0,,,,,9,13.7,ok
TIC 357484817,137.459,-62.286,9.02,0,,,,,2,5.8,ok
TIC 238201491,57.9805,-72.0273,9.02,0,,,,,30,12.5,ok
TIC 400080677,133.5868,-48.4304,9.02,0,,,,,6,7.5,ok
TIC 140687382,72.9088,-75.9121,9.02,0,,,,,21,11.5,ok
TIC 370227488,85.6647,-74.8584,9.02,0,,,,,29,11.8,ok
TIC 220431435,73.2146,-57.4572,9.02,0,,,,,20,10.9,ok
TIC 349575610,111.9612,-64.3572,9.02,0,,,,,21,15.6,ok
TIC 300557107,112.363,-70.7942,9.02,0,,,,,32,12.5,ok
TIC 75745359,139.3121,-46.275,9.02,0,,,,,8,15.1,ok
TIC 73117808,153.5921,-41.7473,9.03,0,,,,,3,8.4,ok
TIC 372225049,150.336,-68.5298,9.03,0,,,,,4,9.4,ok
TIC 364055775,137.9226,-49.4624,9.03,0,,,,,1,4.6,ok
TIC 257721005,78.3718,-58.1473,9.03,0,,,,,21,12.0,ok
TIC 142049025,97.6272,-72.1821,9.03,0,,,,,32,13.7,ok
TIC 33480723,145.2446,-46.5271,9.03,0,,,,,6,9.0,ok
TIC 141187570,81.677,-76.1957,9.03,0,,,,,31,25.7,ok
TIC 204650483,184.9787,-25.8279,9.03,1,9.9559,15.8,rejete,variabilite_continue;eclipse_secondaire,3,7.4,ok
TIC 261332418,92.2403,-77.9185,9.03,0,,,,,26,12.0,ok
TIC 349829627,113.6951,-61.2402,9.03,0,,,,,40,10.6,ok
TIC 167249270,97.5092,-70.481,9.03,0,,,,,32,11.7,ok
TIC 342455884,124.1718,-55.7147,9.03,0,,,,,4,8.7,ok
TIC 287405060,82.3633,-68.8678,9.03,0,,,,,40,12.3,ok
TIC 272212990,180.089,-46.1174,9.03,0,,,,,2,6.0,ok
TIC 149159039,81.2998,-65.7947,9.04,0,,,,,38,12.1,ok
TIC 167888770,105.0461,-64.7368,9.04,0,,,,,29,17.5,ok
TIC 49063191,164.5301,-31.1495,9.04,0,,,,,3,7.5,ok
TIC 358112395,69.8646,-74.7854,9.04,0,,,,,42,14.2,ok
TIC 142144969,99.7308,-74.4252,9.04,0,,,,,42,17.5,ok
TIC 41464526,93.2635,-69.3743,9.04,0,,,,,28,14.2,ok
TIC 452558390,142.2481,-75.0615,9.04,0,,,,,1,5.9,ok
TIC 458708992,160.6822,-59.9046,9.04,0,,,,,8,9.5,ok
TIC 57693006,173.9755,-31.0293,9.04,0,,,,,5,6.0,ok
TIC 1542611,169.551,-17.9724,9.04,0,,,,,5,6.3,ok
TIC 308272271,167.4089,-57.8606,9.04,0,,,,,5,10.0,ok
TIC 261399435,94.5761,-78.5293,9.04,0,,,,,34,13.3,ok
TIC 80682484,165.9548,-50.8871,9.04,1,8.4041,23.6,rejete,variabilite_continue,7,19.0,ok
TIC 350297922,83.6771,-58.3007,9.04,0,,,,,33,13.8,ok
TIC 364589064,85.4288,-77.6967,9.04,0,,,,,33,11.8,ok
TIC 401844323,136.0744,-49.61,9.05,0,,,,,5,13.5,ok
TIC 45598176,148.8278,-38.7628,9.05,0,,37.5,rejete,variabilite_continue;eclipse_secondaire,8,15.4,ok
TIC 140828663,75.6332,-74.7032,9.05,0,,,,,31,14.8,ok
TIC 308403604,120.3809,-60.2312,9.05,0,,,,,7,10.9,ok
TIC 149933253,89.9134,-65.4468,9.05,0,,,,,20,13.7,ok
TIC 141770299,91.859,-76.9262,9.05,0,,,,,21,16.8,ok
TIC 438080977,141.9862,-55.9962,9.05,0,,,,,6,11.4,ok
TIC 279571543,106.2081,-59.2835,9.05,0,,,,,33,14.0,ok
TIC 448536197,166.0092,-31.1485,9.05,0,,,,,5,10.6,ok
TIC 23385193,168.0131,-32.9809,9.05,0,,,,,4,9.9,ok
TIC 33974979,146.068,-44.647,9.05,0,,,,,5,16.2,ok
TIC 57787842,174.5274,-34.5446,9.05,0,,,,,2,8.7,ok
TIC 349086822,185.187,-15.757,9.05,0,,,,,3,9.1,ok
TIC 279569707,105.968,-57.6291,9.06,0,,122.1,rejete,eclipse_secondaire,28,20.3,ok
TIC 465739871,164.0439,-59.9303,9.06,0,,62.9,rejete,variabilite_continue;eclipse_secondaire,8,16.5,ok
TIC 260503815,96.3771,-55.7572,9.06,0,,,,,32,12.6,ok
TIC 300810086,116.813,-69.0302,9.06,0,,23.5,rejete,variabilite_continue,23,16.3,ok
TIC 238194082,56.5072,-74.0262,9.06,0,,,,,25,12.9,ok
TIC 180259852,180.08,-13.5292,9.06,0,,,,,3,5.9,ok
TIC 49063969,164.7151,-30.2832,9.06,0,,,,,1,3.8,ok
TIC 306931346,122.7069,-71.331,9.06,0,,,,,25,11.1,ok
TIC 101835529,153.4361,-47.5973,9.06,0,,,,,4,9.6,ok
TIC 141627237,89.5477,-76.2367,9.06,0,,,,,20,10.9,ok
TIC 33834447,63.7703,-72.9571,9.06,0,,,,,21,11.4,ok
TIC 349830679,113.5802,-62.4155,9.06,0,,,,,32,11.4,ok
TIC 55526343,72.4981,-63.1649,9.06,0,,,,,30,11.1,ok
TIC 55557836,73.1245,-60.7509,9.06,0,,,,,31,11.3,ok
TIC 31962935,55.3736,-69.2706,9.07,0,,,,,29,11.0,ok
TIC 299833107,59.939,-72.2039,9.07,0,,,,,23,10.4,ok
TIC 271806633,112.1311,-77.5449,9.07,0,,,,,26,13.0,ok
TIC 389304433,188.2689,-27.2127,9.07,0,,,,,3,3.2,ok
TIC 398288352,181.5708,-18.7584,9.07,0,,,,,4,7.2,ok
TIC 150166721,93.5047,-61.473,9.07,0,,,,,38,10.2,ok
TIC 55651790,73.99,-60.4189,9.07,0,,,,,21,11.7,ok
TIC 294670776,70.6503,-69.0784,9.07,0,,,,,38,12.7,ok
TIC 78100723,142.5909,-43.6084,9.07,0,,,,,1,1.6,ok
TIC 134758536,182.7922,-39.7247,9.07,0,,,,,5,6.7,ok
TIC 30192406,73.873,-70.2936,9.07,0,,,,,40,11.6,ok
TIC 306669564,120.5978,-71.6992,9.07,0,,,,,20,10.6,ok
TIC 167523976,100.6014,-65.7426,9.07,0,,,,,44,10.0,ok
TIC 350299541,83.9638,-57.279,9.07,0,,,,,21,10.7,ok
TIC 300867814,117.213,-68.3414,9.07,0,,,,,22,12.8,ok
TIC 141944488,95.6485,-74.1813,9.07,0,,,,,41,14.2,ok
TIC 176980774,101.5512,-71.0312,9.07,0,,,,,19,11.6,ok
TIC 141911519,94.8355,-75.3947,9.07,0,,,,,43,10.5,ok
TIC 289931132,176.2012,-13.7148,9.07,0,,,,,4,7.1,ok
TIC 272319903,119.2029,-75.774,9.07,0,,,,,2,5.6,ok
TIC 446691880,156.0875,-50.1067,9.07,0,,,,,1,4.4,ok
TIC 345899735,192.8703,-16.162,9.07,0,,,,,4,5.3,ok
TIC 297075945,187.4681,-16.7915,9.07,0,,,,,5,5.4,ok
TIC 231091557,68.9469,-68.2374,9.07,0,,,,,33,13.7,ok
TIC 188172563,162.2991,-26.2338,9.07,0,,,,,3,7.2,ok
TIC 177311830,103.7091,-76.2659,9.08,0,,,,,27,13.5,ok
TIC 71620179,156.1657,-35.6254,9.08,0,,,,,4,5.5,ok
TIC 167719618,103.0925,-65.0978,9.08,0,,,,,43,10.3,ok
TIC 167696090,102.841,-62.6033,9.08,0,,,,,20,10.8,ok
TIC 157259346,176.4911,-33.8363,9.08,0,,,,,4,4.3,ok
TIC 350563225,86.7776,-55.5672,9.08,0,,,,,28,9.6,ok
TIC 166973387,94.7036,-69.9918,9.08,0,,,,,38,11.6,ok
TIC 31778786,49.8365,-70.4255,9.08,0,,,,,20,11.7,ok
TIC 364328234,101.827,-65.5729,9.08,0,,,,,21,12.1,ok
TIC 162259311,169.0603,-46.8665,9.08,0,,,,,1,2.6,ok
TIC 140938975,76.8919,-73.9935,9.08,0,,,,,42,9.3,ok
TIC 454110741,177.039,-39.2132,9.08,0,,,,,5,6.0,ok
TIC 140598179,68.6734,-76.1119,9.08,0,,,,,36,9.6,ok
TIC 278990983,101.975,-58.0809,9.08,0,,,,,31,11.3,ok
TIC 149601768,87.1372,-61.0352,9.09,0,,,,,29,9.8,ok
TIC 278898692,101.1421,-58.8665,9.09,0,,,,,31,9.7,ok
TIC 391948057,107.9124,-76.1922,9.09,0,,,,,33,11.2,ok
TIC 38570985,63.1583,-64.2549,9.09,0,,,,,22,11.0,ok
TIC 375033759,99.5137,-60.118,9.09,0,,,,,31,10.0,ok
TIC 339767830,111.1386,-55.9415,9.09,0,,,,,15,13.9,ok
TIC 167343976,98.708,-69.7782,9.09,0,,,,,29,10.6,ok
TIC 150270977,94.7111,-65.1135,9.09,0,,,,,34,9.2,ok
TIC 279571361,106.1545,-59.5768,9.09,0,,,,,22,15.6,ok
TIC 272284732,118.1128,-76.2483,9.09,0,,,,,20,11.0,ok
TIC 437295509,191.3056,-20.2423,9.09,0,,,,,3,6.8,ok
TIC 300383439,111.3738,-69.3716,9.09,0,,,,,21,10.9,ok
TIC 349972600,114.4733,-62.3051,9.09,0,,,,,?,971.7,timeout
TIC 140894185,76.5113,-73.5008,9.1,0,,,,,30,15.1,ok
TIC 300038935,107.8437,-68.8332,9.1,0,,,,,43,11.3,ok
TIC 342961587,125.718,-55.054,9.1,0,,,,,1,3.8,ok
TIC 149304495,83.3654,-64.4182,9.1,0,,,,,29,12.0,ok
TIC 310126626,127.3732,-61.1097,9.1,0,,,,,2,4.2,ok
TIC 391925508,107.5988,-76.1827,9.1,0,,,,,21,10.9,ok
TIC 140858140,76.0782,-76.3589,9.1,0,,,,,30,9.7,ok
TIC 293269165,98.6631,-64.8683,9.1,0,,,,,29,12.7,ok
TIC 57570312,173.1985,-31.6444,9.1,0,,,,,2,4.1,ok
TIC 278684745,99.2466,-56.258,9.1,0,,,,,25,9.4,ok
TIC 307716123,127.8322,-68.0238,9.1,0,,,,,20,11.4,ok
TIC 300809119,116.6858,-67.75,9.1,0,,,,,32,10.1,ok
TIC 279215865,103.4977,-55.78,9.1,0,,,,,25,9.4,ok
TIC 118076526,128.1103,-57.39,9.1,0,,,,,5,6.3,ok
TIC 41112771,90.9365,-68.5271,9.1,0,,,,,26,10.5,ok
TIC 271696207,110.1583,-72.5942,9.1,0,,,,,31,10.1,ok
TIC 126486580,136.5779,-48.6285,9.11,0,,99.5,rejete,variabilite_continue;eclipse_secondaire,6,10.9,ok
TIC 150360599,96.4015,-62.1675,9.11,0,,105.1,rejete,variabilite_continue;eclipse_secondaire,30,16.5,ok
TIC 31943231,54.3145,-70.5458,9.11,0,,,,,22,11.3,ok
TIC 140632571,71.8292,-72.447,9.11,0,,,,,32,9.7,ok
TIC 141607972,88.6923,-73.7487,9.11,0,,,,,33,9.7,ok
TIC 464334734,155.8418,-54.6498,9.11,0,,,,,8,8.2,ok
TIC 422382806,182.7768,-20.8133,9.11,0,,,,,2,4.5,ok
TIC 150030205,90.9847,-60.6663,9.11,1,4.5115,17.1,rejete,variabilite_continue,44,17.7,ok
TIC 142109390,99.4085,-76.5144,9.11,0,,,,,31,12.2,ok
TIC 457337619,157.2441,-58.7944,9.11,0,,,,,2,5.1,ok
TIC 193318024,177.7964,-13.4292,9.11,0,,,,,3,7.1,ok
TIC 167795079,104.4052,-63.0709,9.11,0,,,,,41,11.9,ok
TIC 391728166,161.8218,-62.1107,9.11,0,,29.7,rejete,variabilite_continue;eclipse_secondaire,5,9.9,ok
TIC 31927487,53.6578,-67.8833,9.11,0,,,,,11,13.4,ok
TIC 260214268,144.0973,-42.4381,9.11,0,,,,,1,6.8,ok
TIC 73723286,155.6373,-40.5165,9.11,0,,,,,5,6.3,ok
TIC 260304296,94.6155,-57.0135,9.11,0,,246.4,rejete,variabilite_continue;eclipse_secondaire,30,20.1,ok
TIC 272188493,116.6341,-73.1243,9.11,0,,,,,42,10.7,ok
TIC 349972562,114.5771,-62.2575,9.11,0,,,,,20,10.4,ok
TIC 81400324,167.2282,-53.5245,9.11,0,,,,,6,7.0,ok
TIC 20320305,167.0996,-26.1551,9.11,0,,,,,2,5.8,ok
TIC 157217943,176.06,-33.7288,9.11,0,,,,,6,8.3,ok
TIC 382030592,78.6982,-56.7583,9.12,0,,,,,33,12.5,ok
TIC 397269862,174.7651,-46.758,9.12,0,,,,,6,7.5,ok
TIC 170586184,185.5178,-32.1346,9.12,0,,,,,3,5.8,ok
TIC 77240114,141.4381,-45.2336,9.12,0,,,,,7,9.7,ok
TIC 82999434,170.4197,-49.6975,9.12,0,,,,,4,5.2,ok
TIC 55454149,70.8526,-63.1627,9.12,0,,,,,30,14.7,ok
TIC 220474789,75.4917,-57.629,9.12,0,,,,,21,20.4,ok
TIC 415747539,164.4914,-18.9997,9.12,0,,,,,1,6.2,ok
TIC 150064238,91.548,-61.4384,9.12,0,,,,,32,17.6,ok
TIC 332818742,165.1009,-17.8217,9.12,0,,,,,1,8.8,ok
TIC 373846934,81.3606,-66.1026,9.12,0,,,,,27,14.7,ok
TIC 32658752,176.3282,-26.0185,9.12,0,,,,,5,19.5,ok
TIC 453099697,116.1598,-69.3991,9.12,0,,,,,34,24.7,ok
TIC 458076434,159.0346,-58.2179,9.12,0,,35.0,rejete,eclipse_secondaire,6,20.8,ok
TIC 465145959,162.5291,-61.805,9.12,0,,,,,7,18.2,ok
TIC 460604193,158.2613,-61.7393,9.12,0,,,,,6,13.6,ok
TIC 149539158,86.0186,-59.9461,9.12,0,,,,,40,21.9,ok
TIC 460478249,157.781,-64.1819,9.12,0,,,,,5,9.2,ok
TIC 294153481,107.8008,-58.0152,9.12,0,,,,,33,13.2,ok
TIC 220421985,72.017,-58.7313,9.12,0,,,,,32,12.8,ok
TIC 141625486,89.3765,-73.7647,9.12,0,,,,,38,16.9,ok
TIC 98873225,180.4407,-25.0645,9.12,0,,,,,5,12.6,ok
TIC 425086349,82.9997,-66.3552,9.12,0,,,,,19,13.3,ok
TIC 349152048,108.051,-61.2718,9.13,0,,,,,32,13.0,ok
TIC 370885786,145.2794,-71.0911,9.13,0,,,,,1,7.0,ok
TIC 293218068,66.8266,-57.9578,9.13,0,,,,,22,14.8,ok
TIC 304234502,164.9361,-56.1323,9.13,0,,,,,8,13.2,ok
TIC 55399514,70.3284,-64.4728,9.13,0,,20.9,rejete,variabilite_continue;eclipse_secondaire,20,20.9,ok
TIC 293547742,139.1989,-49.3005,9.13,0,,,,,2,9.4,ok
TIC 457337616,157.2468,-58.7946,9.13,0,,,,,1,4.9,ok
TIC 300290097,110.1681,-70.3152,9.13,0,,,,,39,11.2,ok
TIC 142082642,98.3845,-72.3231,9.13,0,,,,,32,11.4,ok
TIC 407621267,69.4621,-77.0808,9.13,0,,,,,34,11.9,ok
TIC 350842552,89.8578,-59.1984,9.13,0,,,,,43,14.9,ok
TIC 349275562,109.4547,-65.214,9.13,0,,,,,34,12.6,ok
TIC 179507124,80.2237,-69.2596,9.13,0,,,,,10,14.1,ok
TIC 385225408,137.6525,-57.5302,9.13,0,,,,,4,8.6,ok
TIC 149914697,88.0304,-65.5713,9.13,0,,,,,21,14.7,ok
TIC 350091456,115.0962,-61.2043,9.13,0,,,,,28,15.0,ok
TIC 469246567,148.7224,-58.6958,9.14,0,,48.3,rejete,variabilite_continue;eclipse_secondaire,7,15.3,ok
TIC 22395594,186.2269,-18.2585,9.14,0,,,,,5,14.8,ok
TIC 364425576,69.5675,-72.3699,9.14,0,,61.8,rejete,variabilite_continue;eclipse_secondaire,34,17.9,ok
TIC 147020709,161.5122,-45.1008,9.14,0,,,,,1,5.2,ok
TIC 262610450,116.2877,-61.3474,9.14,0,,,,,26,12.4,ok
TIC 140598542,68.8788,-77.3533,9.14,0,,,,,26,13.8,ok
TIC 465734318,164.0161,-60.4938,9.14,0,,,,,4,17.6,ok
TIC 140760164,74.2529,-74.5837,9.14,0,,,,,22,13.9,ok
TIC 141912469,94.7106,-73.7933,9.14,0,,,,,20,12.3,ok
TIC 162360953,169.4131,-45.1655,9.14,0,,,,,1,4.4,ok
TIC 423537067,185.4577,-22.1777,9.14,0,,,,,1,4.5,ok
TIC 71548474,155.6761,-31.4407,9.14,0,,,,,2,5.6,ok
TIC 142148289,100.0531,-74.5561,9.14,0,,,,,31,13.3,ok
TIC 142086091,98.6011,-77.1208,9.14,0,,,,,41,14.8,ok
TIC 151681127,166.8888,-40.2069,9.14,1,10.1966,17.2,a_verifier,,5,24.7,ok
TIC 149420896,84.5091,-64.9093,9.14,0,,,,,29,15.5,ok
TIC 370009865,46.9343,-69.8916,9.14,0,,,,,14,13.9,ok
TIC 382572066,118.2553,-65.276,9.14,0,,,,,20,14.6,ok
TIC 167754523,104.1817,-60.6886,9.15,1,3.4006,11.0,rejete,variabilite_continue;eclipse_secondaire,21,18.6,ok
TIC 410425930,167.2102,-20.1,9.15,0,,,,,4,8.5,ok
TIC 376346464,152.9156,-63.2241,9.15,0,,,,,2,7.5,ok
TIC 300510927,112.3601,-69.4551,9.15,0,,,,,33,14.3,ok
TIC 141484981,87.2926,-73.616,9.15,0,,148.0,rejete,variabilite_continue;eclipse_secondaire,20,19.7,ok
TIC 103109479,156.4521,-42.397,9.15,0,,,,,2,8.3,ok
TIC 107019449,182.8547,-34.4667,9.15,0,,,,,2,6.1,ok
TIC 152312790,170.7794,-40.2613,9.15,0,,,,,6,10.5,ok
TIC 55525781,72.6707,-61.5223,9.15,0,,,,,37,15.0,ok
TIC 340563936,116.3322,-55.1766,9.15,0,,,,,7,11.9,ok
TIC 260608940,97.52,-56.749,9.15,0,,,,,21,15.4,ok
TIC 29931043,166.2045,-41.643,9.15,0,,,,,4,12.4,ok
TIC 150249384,94.3297,-61.6418,9.15,0,,,,,20,14.1,ok
TIC 349092320,107.835,-61.8286,9.15,0,,,,,28,16.0,ok
TIC 279614617,106.3013,-57.5706,9.15,0,,,,,36,14.4,ok
TIC 176960818,101.1797,-70.9705,9.15,0,,,,,30,12.3,ok
TIC 150390543,96.713,-64.4618,9.15,0,,,,,28,12.2,ok
TIC 134868233,183.6895,-37.7752,9.15,0,,,,,6,10.3,ok
TIC 349834497,113.7467,-64.8067,9.16,0,,,,,23,13.3,ok
TIC 293272915,98.7866,-60.4497,9.16,0,,,,,39,14.3,ok
TIC 140861548,76.2388,-72.5026,9.16,0,,,,,30,13.8,ok
TIC 219248818,171.461,-22.1361,9.16,0,,,,,5,13.2,ok
TIC 349833420,113.5674,-65.6909,9.16,0,,,,,21,10.8,ok
TIC 454103841,176.762,-36.5414,9.16,0,,,,,2,6.7,ok
TIC 464576825,156.6308,-58.6406,9.16,0,,,,,3,10.4,ok
TIC 220401171,69.4714,-58.4417,9.16,0,,,,,27,14.2,ok
TIC 390291289,160.491,-62.9465,9.16,0,,,,,5,10.2,ok
TIC 289910911,175.9382,-17.5322,9.16,0,,,,,1,6.5,ok
TIC 460987271,159.3528,-63.2876,9.16,0,,,,,1,5.8,ok
TIC 260299812,94.4319,-55.5882,9.16,0,,,,,33,13.9,ok
TIC 118308029,128.6954,-56.6725,9.16,0,,,,,5,15.7,ok
TIC 93000166,174.5231,-49.1081,9.16,0,,,,,7,16.2,ok
TIC 293680998,139.3797,-52.8387,9.16,0,,,,,?,979.6,timeout
TIC 458148508,159.1312,-56.5568,9.16,0,,,,,6,45.5,ok
TIC 260188017,92.8602,-58.9814,9.16,0,,,,,40,12.1,ok
TIC 370226095,85.4683,-73.426,9.16,0,,,,,31,15.9,ok
TIC 167201721,97.1282,-68.0239,9.16,0,,,,,24,11.9,ok
TIC 75214196,138.7612,-46.8044,9.16,0,,,,,6,9.4,ok
TIC 270474754,97.377,-78.8155,9.17,0,,,,,27,13.2,ok
TIC 293225109,98.4889,-60.2785,9.17,0,,,,,33,13.4,ok
TIC 106397038,159.2573,-37.534,9.17,0,,,,,3,6.6,ok
TIC 31506424,88.9668,-71.9057,9.17,0,,,,,38,12.8,ok
TIC 350146296,115.7396,-63.7019,9.17,0,,,,,40,11.7,ok
TIC 260128069,92.0428,-58.9681,9.17,0,,,,,33,11.9,ok
TIC 370227982,85.7864,-75.5298,9.17,0,,,,,33,10.5,ok
TIC 25064731,59.9243,-66.6278,9.17,0,,,,,23,11.3,ok
TIC 279051829,102.2294,-56.5796,9.17,0,,,,,32,9.9,ok
TIC 150062527,91.1763,-62.1264,9.17,0,,,,,38,10.8,ok
TIC 410486078,119.8501,-63.5534,9.17,0,,,,,21,11.6,ok
TIC 140688867,72.9817,-73.7183,9.17,0,,,,,21,11.7,ok
TIC 165455652,179.9902,-37.424,9.17,0,,,,,4,7.8,ok
TIC 358710635,72.3518,-62.2839,9.17,0,,,,,21,12.4,ok
TIC 193324554,178.2624,-15.7454,9.17,0,,,,,3,5.7,ok
TIC 150104808,92.2798,-63.9606,9.17,0,,,,,34,13.5,ok
TIC 382377959,165.0857,-29.0751,9.17,0,,,,,3,7.7,ok
TIC 260161144,92.7851,-58.2875,9.17,0,,,,,40,11.9,ok
TIC 220411010,70.7359,-58.3237,9.17,0,,,,,20,12.4,ok
TIC 350622878,87.6123,-55.2888,9.17,0,,,,,20,15.1,ok
TIC 260075733,91.6574,-58.7835,9.18,0,,,,,34,17.7,ok
TIC 460297171,157.2238,-61.1637,9.18,0,,,,,6,11.9,ok
TIC 460406253,157.5753,-61.0186,9.18,0,,,,,3,6.6,ok
TIC 378030806,154.8627,-63.6118,9.18,0,,,,,6,11.0,ok
TIC 150272277,94.7878,-62.7044,9.18,0,,,,,31,11.7,ok
TIC 167570500,101.3282,-63.3354,9.18,0,,,,,32,11.1,ok
TIC 257720801,78.2479,-58.689,9.18,0,,,,,32,11.8,ok
TIC 139369436,67.2279,-66.9482,9.18,0,,,,,21,13.2,ok
TIC 149498198,85.7583,-60.8681,9.18,0,,,,,21,12.2,ok
TIC 460796730,158.7202,-64.8995,9.18,0,,,,,3,6.6,ok
TIC 220411510,70.8837,-59.6859,9.18,0,,,,,31,9.3,ok
TIC 219249016,171.5401,-20.0049,9.18,0,,,,,3,6.5,ok
TIC 397423548,178.0723,-27.6201,9.18,0,,,,,6,8.1,ok
TIC 149302086,83.1876,-60.7236,9.18,0,,,,,20,12.2,ok
TIC 465506532,163.5566,-61.9378,9.18,0,,,,,3,5.6,ok
TIC 167011368,95.1002,-67.9455,9.18,0,,,,,30,12.5,ok
TIC 31962715,55.3015,-68.5404,9.19,0,,,,,23,11.9,ok
TIC 460862405,158.9467,-61.2715,9.19,0,,,,,3,6.5,ok
TIC 307218185,124.7239,-67.6914,9.19,0,,,,,19,11.1,ok
TIC 231094769,69.3695,-71.7555,9.19,0,,,,,39,15.1,ok
TIC 220399293,69.2266,-56.6388,9.19,0,,,,,16,11.3,ok
TIC 149423652,84.4659,-60.6442,9.19,0,,,,,33,11.1,ok
TIC 358510446,119.0929,-64.0125,9.19,0,,,,,28,11.2,ok
TIC 167752123,103.8091,-63.2496,9.19,0,,,,,33,12.2,ok
TIC 40518041,77.595,-68.7733,9.19,0,,,,,41,11.2,ok
TIC 91903780,171.9368,-47.9182,9.19,0,,,,,1,3.4,ok
TIC 375872061,152.5049,-60.516,9.19,0,,,,,3,4.1,ok
TIC 458076652,158.9734,-58.2466,9.19,1,1.4398,11.3,rejete,variabilite_continue;eclipse_secondaire;compagnon_trop_gros_15.2Rjup,3,6.5,ok
TIC 54257694,161.3193,-30.8091,9.19,0,,,,,4,8.1,ok
TIC 31532870,89.6143,-71.3708,9.19,0,,,,,22,12.4,ok
TIC 81628273,167.7838,-51.4386,9.19,0,,,,,4,8.9,ok
TIC 22481797,187.0659,-20.1013,9.19,0,,,,,?,139.3,timeout
TIC 38461883,61.3487,-65.7907,9.19,0,,,,,21,15.1,ok
TIC 385313996,181.5412,-17.5326,9.19,0,,,,,4,7.8,ok
TIC 177386428,104.6333,-72.0753,9.19,0,,,,,32,14.6,ok
TIC 370009806,47.0312,-70.1105,9.19,0,,,,,8,11.6,ok
TIC 30031510,72.9922,-69.4261,9.19,0,,,,,29,13.4,ok
TIC 25117273,61.388,-69.4004,9.19,0,,91.5,rejete,variabilite_continue;eclipse_secondaire,40,18.8,ok
TIC 382159947,80.9428,-57.5546,9.2,0,,,,,20,12.0,ok
TIC 382146692,80.503,-54.7512,9.2,0,,,,,22,13.8,ok
TIC 461021821,159.4853,-61.275,9.2,0,,19.3,rejete,variabilite_continue;eclipse_secondaire,8,16.2,ok
TIC 364588501,85.4035,-76.0721,9.2,0,,,,,43,11.2,ok
TIC 48878151,163.1577,-34.8271,9.2,0,,,,,4,6.7,ok
TIC 307086990,123.4508,-66.6027,9.2,0,,,,,7,9.7,ok
TIC 57571725,173.3442,-30.6801,9.2,0,,,,,1,3.9,ok
TIC 388205206,110.1239,-78.9933,9.2,0,,,,,16,14.2,ok
TIC 453465810,170.024,-10.4962,9.2,0,,,,,5,7.2,ok
TIC 142109731,99.5626,-75.7885,9.2,0,,,,,20,12.4,ok
TIC 306470921,118.6065,-68.1477,9.2,0,,,,,21,12.0,ok
TIC 219522933,153.9241,-53.4481,9.2,0,,,,,2,7.1,ok
TIC 167892588,105.3548,-60.7618,9.2,0,,,,,21,14.2,ok
TIC 55272819,76.4808,-63.5894,9.21,0,,,,,41,12.9,ok
TIC 61943298,177.8786,-42.5709,9.21,0,,,,,2,6.2,ok
TIC 38600988,64.3781,-65.0781,9.21,0,,,,,21,11.3,ok
TIC 289990429,192.2549,-16.4654,9.21,0,,,,,2,5.5,ok
TIC 453469292,187.6205,-24.5542,9.21,0,,,,,1,4.8,ok
TIC 140941153,77.1322,-72.2567,9.21,0,,,,,42,13.1,ok
TIC 141757230,91.4447,-73.7008,9.21,0,,,,,21,11.5,ok
TIC 348956945,106.3854,-61.8058,9.21,0,,,,,31,12.6,ok
TIC 279356535,104.6028,-56.7781,9.21,0,,,,,19,13.5,ok
TIC 150513194,97.9235,-64.7102,9.21,0,,,,,28,11.6,ok
TIC 281980549,130.4674,-74.4198,9.21,0,,,,,5,8.1,ok
TIC 371733347,148.9921,-67.3559,9.21,0,,,,,6,8.3,ok
TIC 25132694,61.9839,-70.2252,9.21,0,,,,,34,11.5,ok
TIC 55603501,73.2685,-61.8918,9.21,0,,,,,36,12.1,ok
TIC 464399628,156.096,-58.5076,9.21,0,,,,,3,9.2,ok
TIC 97853156,171.4598,-25.6823,9.21,0,,,,,2,5.3,ok
TIC 71156082,153.769,-33.9152,9.21,0,,,,,2,4.6,ok
TIC 306511559,119.1625,-68.0804,9.21,0,,,,,29,11.2,ok
TIC 297027021,187.1646,-12.8073,9.21,0,,,,,4,10.3,ok
TIC 231079905,68.1633,-69.3675,9.21,0,,,,,20,10.4,ok
TIC 350480377,85.9827,-57.7609,9.21,0,,,,,21,11.5,ok
TIC 76493270,140.415,-45.8695,9.21,0,,,,,6,8.9,ok
TIC 385935408,138.7037,-56.7606,9.22,0,,,,,3,6.0,ok
TIC 130707519,186.2072,-32.6062,9.22,0,,,,,2,5.5,ok
TIC 142144162,99.8512,-73.0035,9.22,0,,,,,34,11.1,ok
TIC 382098944,79.9035,-58.8981,9.22,0,,,,,32,11.0,ok
TIC 423492648,168.8566,-22.9463,9.22,0,,,,,5,7.7,ok
TIC 149174106,81.646,-63.6924,9.22,0,,,,,33,12.5,ok
TIC 429304876,167.8852,-22.0729,9.22,0,,,,,5,9.5,ok
TIC 188171826,162.3591,-27.9189,9.22,0,,,,,2,3.7,ok
TIC 106369012,159.0625,-41.8452,9.22,0,,,,,7,7.9,ok
TIC 185247941,174.9085,-6.3774,9.22,0,,,,,2,5.8,ok
TIC 382028425,78.425,-56.4411,9.23,0,,,,,?,975.6,timeout
TIC 141435818,84.7246,-76.3025,9.23,0,,,,,?,146.5,timeout
TIC 349274728,109.2227,-65.3854,9.23,0,,,,,21,10.6,ok
TIC 307494078,126.4328,-69.0404,9.23,0,,,,,10,10.1,ok
TIC 300708192,114.7994,-69.9469,9.23,0,,,,,30,13.5,ok
TIC 134811746,183.3507,-40.0789,9.23,0,,,,,1,2.6,ok
TIC 363348787,163.7813,-29.1123,9.23,0,,,,,6,7.9,ok
TIC 38827175,68.1215,-60.3118,9.23,0,,,,,42,17.5,ok
TIC 147214032,162.4325,-45.754,9.23,0,,,,,5,12.4,ok
TIC 177258265,102.1496,-74.1066,9.23,0,,,,,21,13.7,ok
TIC 390532168,189.996,-24.291,9.23,0,,,,,2,5.5,ok
TIC 271724675,110.7898,-73.0245,9.23,0,,,,,21,16.9,ok
TIC 349061746,107.504,-60.834,9.23,0,,,,,21,12.8,ok
TIC 177037750,103.1116,-66.375,9.23,0,,,,,20,11.7,ok
TIC 300292124,110.4137,-70.2625,9.24,0,,,,,21,13.5,ok
TIC 167524928,100.5502,-63.717,9.24,0,,,,,32,12.6,ok
TIC 370225925,85.6831,-73.2649,9.24,0,,,,,40,11.2,ok
TIC 465475158,163.6638,-63.3338,9.24,0,,,,,1,5.5,ok
TIC 309714906,126.0247,-63.5672,9.24,0,,,,,14,14.6,ok
TIC 391927730,108.171,-72.0029,9.24,0,,,,,34,15.1,ok
TIC 41256240,91.9358,-69.3444,9.24,0,,,,,27,12.4,ok
TIC 36717834,150.7645,-43.6221,9.24,0,,,,,7,9.7,ok
TIC 364393429,116.5931,-64.0555,9.24,0,,,,,42,13.5,ok
TIC 168402774,166.5102,-28.7731,9.24,0,,,,,5,9.2,ok
TIC 55368519,77.2433,-60.1762,9.24,0,,,,,21,11.8,ok
TIC 149497522,85.5025,-60.7824,9.24,0,,,,,41,16.4,ok
TIC 382572536,118.3122,-64.6983,9.24,0,,,,,24,13.3,ok
TIC 167695253,102.9305,-64.0299,9.25,0,,,,,28,13.0,ok
TIC 423447212,168.3983,-23.776,9.25,0,,,,,4,7.6,ok
TIC 306829151,122.1114,-67.7667,9.25,0,,,,,24,13.0,ok
TIC 185247253,174.8836,-8.6902,9.25,0,,,,,6,11.6,ok
TIC 176875632,100.8158,-76.7004,9.25,0,,,,,32,17.5,ok
TIC 150429481,96.9917,-63.1898,9.25,0,,,,,40,12.3,ok
TIC 150430837,97.2143,-60.5344,9.25,0,,,,,34,15.8,ok
TIC 92331987,172.622,-52.1116,9.25,0,,,,,5,10.0,ok
TIC 391925156,107.6106,-77.0278,9.25,0,,,,,32,12.9,ok
TIC 168383678,166.3918,-25.0192,9.25,0,,,,,4,7.8,ok
TIC 45962684,131.5983,-56.7666,9.25,0,,,,,5,12.5,ok
TIC 294326461,108.7943,-57.4877,9.25,0,,,,,27,14.9,ok
TIC 271807631,111.868,-75.7528,9.25,0,,,,,32,11.5,ok
TIC 279160488,103.3414,-58.3556,9.25,0,,,,,40,14.9,ok
TIC 272316843,118.663,-75.1288,9.26,0,,,,,24,15.8,ok
TIC 152512658,172.0823,-39.2215,9.26,0,,,,,1,9.9,ok
TIC 441530251,145.3566,-57.256,9.26,0,,,,,4,5.4,ok
TIC 149389419,83.9959,-63.9263,9.26,0,,,,,36,9.9,ok
TIC 349765842,112.7839,-62.211,9.26,0,,,,,20,12.3,ok
TIC 167604719,102.1269,-62.2012,9.26,0,,,,,22,10.6,ok
TIC 279055830,102.4878,-56.608,9.26,0,,,,,34,12.1,ok
TIC 32153468,59.7495,-71.5985,9.26,0,,,,,32,11.9,ok
TIC 149269178,82.8643,-64.0948,9.26,0,,,,,43,11.1,ok
TIC 357991536,138.5593,-60.4837,9.26,0,,,,,1,4.6,ok
TIC 167122528,96.0798,-66.9773,9.26,0,,,,,7,9.3,ok
TIC 347624060,168.8102,-11.9476,9.26,0,,,,,2,4.0,ok
TIC 437248187,169.5191,-20.0375,9.26,0,,,,,4,5.6,ok
TIC 30533103,74.9298,-70.1108,9.26,0,,,,,31,11.1,ok
TIC 55527351,72.6208,-65.1833,9.26,0,,,,,8,12.9,ok
TIC 76410563,140.2956,-45.1261,9.26,0,,,,,1,5.1,ok
TIC 55369219,77.5086,-61.5997,9.26,0,,121.7,rejete,eclipse_secondaire,30,18.0,ok
TIC 73257522,154.1215,-36.4808,9.26,0,,,,,1,3.8,ok
TIC 152800762,180.7852,-8.6465,9.27,0,,,,,2,3.7,ok
TIC 41484615,93.554,-69.0287,9.27,0,,,,,31,12.3,ok
TIC 97852103,171.3065,-25.0183,9.27,0,,,,,6,7.0,ok
TIC 362808488,145.551,-51.0526,9.27,0,,,,,6,8.7,ok
TIC 57404484,172.1217,-33.5822,9.27,0,,,,,2,3.3,ok
TIC 390754225,161.0134,-63.1725,9.27,0,,,,,3,5.0,ok
TIC 157215045,175.8805,-32.9356,9.27,0,,,,,2,3.3,ok
TIC 300138689,108.5748,-69.867,9.27,0,,,,,40,11.0,ok
TIC 150105350,92.2907,-63.0189,9.27,0,,,,,39,11.4,ok
TIC 374996363,99.3284,-63.8667,9.27,0,,,,,41,13.3,ok
TIC 149573096,86.6983,-60.3283,9.27,0,,,,,30,12.6,ok
TIC 349576089,111.8116,-63.7291,9.27,0,,,,,30,11.4,ok
TIC 140529555,67.5075,-73.4116,9.27,0,,,,,32,11.1,ok
TIC 348899659,105.9774,-60.2239,9.27,0,,,,,29,12.5,ok
TIC 220457739,74.5663,-58.7087,9.27,0,,,,,33,11.6,ok
TIC 280206394,144.1193,-50.463,9.27,0,,,,,8,11.5,ok
TIC 55849446,75.7339,-60.6785,9.27,0,,,,,34,11.4,ok
TIC 279570447,105.944,-58.8382,9.27,0,,,,,40,12.6,ok
TIC 350030187,114.7658,-61.4174,9.27,0,,,,,32,12.6,ok
TIC 466511398,166.3533,-60.9095,9.27,0,,,,,3,7.4,ok
TIC 350562128,86.7445,-58.1198,9.27,0,,,,,28,12.5,ok
TIC 300244634,109.8149,-67.3831,9.27,0,,,,,21,11.7,ok
TIC 350479101,85.7945,-59.1447,9.28,0,,36.0,rejete,variabilite_continue,28,18.3,ok
TIC 31637479,45.9157,-69.7475,9.28,0,,,,,14,11.4,ok
TIC 459436127,162.7423,-55.1165,9.28,0,,,,,2,3.2,ok
TIC 150443296,97.835,-63.7118,9.28,0,,,,,30,11.4,ok
TIC 294750180,71.0432,-70.3239,9.28,0,,,,,28,11.2,ok
TIC 306377134,166.6635,-57.6326,9.28,0,,,,,7,7.5,ok
TIC 294208879,108.1829,-56.897,9.28,0,,,,,27,10.3,ok
TIC 297140643,187.6349,-14.6743,9.28,0,,,,,5,6.1,ok
TIC 278683844,99.2387,-58.0167,9.28,2,5.5412;10.6926,55.6,rejete,variabilite_continue,44,20.0,ok
TIC 307087370,123.6635,-66.2702,9.28,0,,,,,4,6.9,ok
TIC 388130597,65.4679,-68.4524,9.28,0,,,,,33,15.2,ok
TIC 220389296,67.9828,-59.875,9.28,0,,,,,41,14.0,ok
TIC 150150095,92.961,-65.0479,9.28,0,,,,,22,17.6,ok
TIC 307779650,128.023,-67.617,9.28,0,,,,,7,12.4,ok
TIC 425068767,83.1196,-69.2187,9.29,0,,,,,30,15.0,ok
TIC 300159082,109.001,-70.0347,9.29,0,,,,,31,12.2,ok
TIC 25118797,61.9398,-69.0525,9.29,0,,,,,8,11.1,ok
TIC 376810843,153.672,-65.7697,9.29,0,,,,,2,5.3,ok
TIC 373843125,81.6108,-67.8244,9.29,0,,,,,30,12.6,ok
TIC 348841745,98.8952,-58.2117,9.29,0,,,,,33,11.3,ok
TIC 373035301,153.1237,-67.8757,9.29,0,,,,,3,5.2,ok
TIC 459499894,162.8059,-59.1297,9.29,0,,,,,4,6.6,ok
TIC 376515135,153.1506,-62.6657,9.29,0,,,,,1,5.7,ok
TIC 177173686,104.7938,-71.6889,9.29,0,,,,,30,10.7,ok
TIC 257720376,78.2865,-59.9832,9.29,0,,,,,34,9.6,ok
TIC 344808062,157.0033,-68.1659,9.29,0,,,,,1,4.6,ok
TIC 350442619,85.3388,-55.5358,9.29,0,,,,,32,12.5,ok
TIC 185223400,174.0017,-6.0871,9.29,0,,,,,6,9.7,ok
TIC 450545735,168.9686,-57.5394,9.29,0,,,,,5,8.1,ok
TIC 306631299,119.6766,-68.8792,9.29,0,,,,,20,15.0,ok
TIC 142087340,98.4251,-74.7009,9.29,0,,,,,41,12.2,ok
TIC 150100627,91.9152,-61.6959,9.29,0,,,,,28,18.8,ok
TIC 358402977,78.103,-57.3247,9.3,0,,,,,20,12.3,ok
TIC 150144933,92.8608,-60.3298,9.3,0,,,,,?,145.7,timeout
TIC 238226832,58.862,-72.3416,9.3,0,,,,,28,17.0,ok
TIC 271793579,111.3177,-77.4479,9.3,0,,,,,26,14.5,ok
TIC 349966274,114.3662,-64.2553,9.3,0,,,,,21,11.1,ok
TIC 279157165,103.0406,-56.1046,9.3,0,,,,,30,13.1,ok
TIC 348839788,98.8426,-57.6261,9.3,0,,,,,?,970.8,timeout
TIC 307031171,123.1814,-68.3576,9.3,0,,,,,?,281.6,timeout
TIC 162585265,170.3404,-47.601,9.3,0,,,,,6,9.5,ok
TIC 439322789,143.3896,-56.325,9.3,0,,,,,3,5.7,ok
TIC 147318568,162.7296,-43.554,9.3,0,,,,,1,8.2,ok
TIC 231739221,67.178,-74.3255,9.3,0,,,,,20,11.6,ok
TIC 382257632,82.4501,-56.2224,9.3,0,,,,,34,12.3,ok
TIC 25132222,62.0004,-68.3614,9.3,0,,,,,34,14.1,ok
TIC 167206326,97.198,-69.9918,9.3,0,,,,,27,13.1,ok
TIC 73009948,153.3801,-38.5639,9.3,0,,,,,6,7.9,ok
TIC 380136537,180.7653,-43.9005,9.3,0,,,,,7,10.2,ok
TIC 349677222,112.4001,-63.9466,9.3,0,,,,,21,11.7,ok
TIC 299940268,106.3911,-68.3929,9.3,0,,,,,30,12.3,ok
TIC 181225222,174.6876,-41.6978,9.3,0,,,,,2,8.5,ok
TIC 350146388,115.662,-63.6037,9.3,0,,,,,45,12.3,ok
TIC 32051273,56.9251,-71.5873,9.3,0,,,,,25,14.3,ok
TIC 149473467,85.2703,-61.8579,9.3,0,,,,,40,12.1,ok
TIC 358467700,119.0944,-61.2838,9.3,0,,,,,19,13.7,ok
TIC 391948885,79.6345,-78.2198,9.3,0,,,,,32,11.0,ok
TIC 181861865,190.2041,-13.3773,9.31,0,,,,,5,6.8,ok
TIC 177253202,101.718,-72.5775,9.31,0,,,,,21,11.5,ok
TIC 72606000,151.8087,-41.0425,9.31,0,,,,,4,7.5,ok
TIC 220478211,75.829,-58.5175,9.31,0,,,,,32,12.1,ok
TIC 165459595,180.1918,-40.3545,9.31,0,,,,,2,4.4,ok
TIC 149219376,82.1935,-62.089,9.31,0,,,,,29,10.3,ok
TIC 466738194,166.622,-62.8906,9.31,0,,,,,3,8.6,ok
TIC 448740792,182.1327,-35.4953,9.31,0,,,,,5,7.6,ok
TIC 382437043,117.2148,-63.7201,9.31,0,,,,,40,10.3,ok
TIC 281575623,114.1982,-59.5935,9.31,0,,,,,23,13.1,ok
TIC 257719018,77.8719,-55.7783,9.31,0,,,,,28,10.8,ok
TIC 279217116,103.4228,-57.6962,9.31,0,,,,,20,12.8,ok
TIC 142323579,181.3637,-35.7224,9.31,0,,,,,6,8.0,ok
TIC 238201672,58.1313,-72.3184,9.31,0,,,,,26,10.7,ok
TIC 150187908,93.7671,-62.2961,9.31,0,,,,,29,14.4,ok
TIC 38824311,67.9066,-64.3371,9.31,0,,,,,34,12.3,ok
TIC 140635111,72.0019,-75.7821,9.31,1,6.3911,14.4,rejete,variabilite_continue;eclipse_secondaire,23,15.9,ok
TIC 375038081,99.6522,-63.5498,9.31,0,,,,,31,11.2,ok
TIC 177389261,104.8306,-76.7085,9.32,0,,,,,24,12.5,ok
TIC 220404759,69.8615,-59.9051,9.32,0,,,,,41,12.2,ok
TIC 38461594,61.0896,-65.2538,9.32,0,,,,,33,12.2,ok
TIC 167892638,105.3708,-60.6906,9.32,0,,,,,21,11.7,ok
TIC 44512716,145.6163,-41.1934,9.32,0,,,,,1,5.4,ok
TIC 152462443,171.5418,-41.5857,9.32,0,,,,,2,5.8,ok
TIC 295319995,140.8222,-50.2298,9.32,0,,,,,4,9.7,ok
TIC 300708584,114.8816,-70.4455,9.32,0,,,,,30,13.7,ok
TIC 461190024,181.1958,-40.2259,9.32,0,,,,,6,10.0,ok
TIC 272468689,120.4408,-72.0518,9.32,0,,,,,19,11.7,ok
TIC 356073087,138.299,-50.1071,9.33,0,,,,,4,8.3,ok
TIC 238196326,57.145,-74.7802,9.33,0,,,,,30,13.5,ok
TIC 38634757,65.0082,-64.7994,9.33,0,,,,,35,13.4,ok
TIC 141480176,86.7837,-74.7702,9.33,0,,,,,31,10.7,ok
TIC 151830314,168.184,-38.9052,9.33,0,,,,,3,8.3,ok
TIC 260003140,91.0321,-58.2008,9.33,0,,,,,33,13.8,ok
TIC 300657009,114.6186,-70.028,9.33,0,,,,,33,13.3,ok
TIC 278824412,100.3942,-58.7791,9.33,0,,,,,33,12.3,ok
TIC 55295028,76.804,-61.805,9.33,0,,,,,43,16.5,ok
TIC 167813804,105.2163,-60.0276,9.33,0,,,,,33,14.0,ok
TIC 300866979,117.2645,-67.3395,9.33,0,,,,,21,13.0,ok
TIC 349906032,114.1017,-60.1233,9.33,0,,,,,23,12.1,ok
TIC 82580408,169.5848,-53.8685,9.33,0,,,,,4,7.1,ok
TIC 55662550,74.3005,-63.1296,9.33,0,,,,,42,11.5,ok
TIC 181822921,189.5592,-13.4662,9.33,0,,,,,3,4.6,ok
TIC 349269962,109.0206,-61.0525,9.33,0,,,,,20,10.1,ok
TIC 141867607,93.8086,-73.8369,9.33,0,,,,,31,12.5,ok
TIC 149478846,85.5245,-63.2954,9.33,0,,,,,36,13.8,ok
TIC 149303766,83.2506,-63.6147,9.33,0,,,,,33,11.9,ok
TIC 55369263,77.5263,-61.7345,9.33,0,,,,,40,13.5,ok
TIC 278862750,100.5879,-58.1833,9.33,0,,,,,32,11.3,ok
TIC 38940036,69.8694,-60.6122,9.34,0,,,,,37,10.2,ok
TIC 46114128,132.053,-55.4159,9.34,0,,,,,3,5.9,ok
TIC 141435705,84.8849,-76.0329,9.34,0,,,,,32,13.5,ok
TIC 278897868,101.1113,-59.4866,9.34,0,,,,,28,11.8,ok
TIC 370221617,73.5077,-73.5342,9.34,0,,,,,32,10.5,ok
TIC 380198457,187.9604,-11.6979,9.34,0,,,,,2,5.0,ok
TIC 141823882,93.0043,-74.5141,9.34,0,,,,,33,10.7,ok
TIC 437265653,173.6535,-23.8729,9.34,0,,,,,4,6.4,ok
TIC 410486022,120.0227,-63.4882,9.34,0,,,,,21,13.2,ok
TIC 149274367,83.0788,-62.689,9.34,0,,,,,29,13.5,ok
TIC 350654140,87.8954,-58.7268,9.34,0,,,,,32,15.2,ok
TIC 73074655,153.4348,-40.3234,9.34,0,,,,,1,9.4,ok
TIC 55500860,71.7819,-62.7287,9.34,0,,,,,33,14.2,ok
TIC 309755442,79.979,-60.2944,9.34,0,,,,,21,14.0,ok
TIC 300655749,114.4983,-71.8867,9.34,0,,,,,33,14.5,ok
TIC 300739542,115.2698,-69.5252,9.34,0,,,,,33,17.5,ok
TIC 309254760,124.2448,-65.85,9.34,0,,,,,1,6.4,ok
TIC 150431659,97.4219,-60.7793,9.35,0,,,,,43,14.2,ok
TIC 467880293,169.5858,-60.5982,9.35,0,,,,,5,8.3,ok
TIC 391892593,115.455,-68.0283,9.35,0,,,,,33,16.8,ok
TIC 299833889,60.0273,-74.4472,9.35,0,,,,,32,15.3,ok
TIC 361218772,143.842,-65.2161,9.35,0,,,,,1,5.2,ok
TIC 272127517,115.9212,-72.4744,9.35,0,,,,,29,15.3,ok
TIC 374862395,88.7102,-65.1228,9.35,0,,,,,24,15.6,ok
TIC 278959348,101.644,-57.2046,9.35,0,,,,,32,15.1,ok
TIC 36816836,150.9158,-46.261,9.35,0,,,,,3,11.0,ok
TIC 350027679,114.9217,-64.1205,9.35,0,,,,,21,16.1,ok
TIC 149497543,85.4722,-60.7286,9.35,0,,,,,32,15.3,ok
TIC 31927068,53.636,-69.2669,9.35,0,,,,,21,16.3,ok
TIC 32051872,57.2477,-70.4238,9.35,0,,,,,36,17.0,ok
TIC 149102602,80.4275,-65.6416,9.35,0,,,,,17,13.9,ok
TIC 147535266,163.5098,-46.7076,9.35,0,,,,,1,8.8,ok
TIC 349412453,110.768,-60.9798,9.35,0,,,,,21,15.4,ok
TIC 231124605,69.4881,-71.0807,9.35,0,,,,,20,16.5,ok
TIC 344232151,154.9546,-67.9046,9.35,0,,,,,1,8.1,ok
TIC 464185342,155.7158,-54.5884,9.35,0,,,,,4,10.4,ok
TIC 167250269,97.9409,-71.8464,9.36,0,,,,,32,14.4,ok
TIC 271030522,175.5718,-22.6394,9.36,0,,,,,2,9.6,ok
TIC 177255132,101.8979,-75.7013,9.36,0,,,,,31,14.5,ok
TIC 306575290,119.4322,-70.2627,9.36,0,,,,,21,15.9,ok
TIC 25153041,63.139,-70.6392,9.36,0,,,,,33,15.4,ok
TIC 102840239,155.872,-43.8349,9.36,0,,,,,?,968.2,timeout
TIC 386706160,189.0239,-13.8899,9.36,0,,,,,5,6.0,ok
TIC 300449121,111.7778,-69.2989,9.36,0,,,,,34,11.4,ok
TIC 389303434,183.8025,-35.838,9.36,0,,,,,3,4.9,ok
TIC 294784522,71.3159,-70.9992,9.36,0,,,,,40,9.6,ok
TIC 140598047,68.6593,-75.675,9.36,0,,31.6,rejete,variabilite_continue;eclipse_secondaire,21,17.2,ok
TIC 121956315,132.5122,-54.1903,9.36,0,,,,,1,7.3,ok
TIC 22480430,186.9192,-21.0696,9.36,0,,,,,5,5.6,ok
TIC 150162697,93.2352,-65.8154,9.36,0,,,,,13,11.0,ok
TIC 179306195,79.6055,-69.3595,9.36,0,,,,,30,9.1,ok
TIC 149539552,86.2839,-60.9181,9.37,0,,,,,31,11.5,ok
TIC 278411394,116.8425,-78.104,9.37,0,,,,,23,12.5,ok
TIC 38423834,60.5352,-63.7798,9.37,0,,,,,7,9.1,ok
TIC 272286042,118.1237,-74.2153,9.37,0,,63.8,rejete,variabilite_continue;eclipse_secondaire,19,15.0,ok
TIC 423453011,168.5596,-21.5029,9.37,0,,,,,5,6.0,ok
TIC 41174274,91.3656,-70.4627,9.37,0,,,,,29,12.0,ok
TIC 220461599,74.9167,-58.2377,9.37,0,,,,,33,14.2,ok
TIC 55291546,76.8382,-64.828,9.37,0,,,,,30,11.9,ok
TIC 193322261,178.115,-17.7126,9.37,0,,,,,2,5.3,ok
TIC 55270123,76.2943,-63.0268,9.37,0,,,,,31,11.6,ok
TIC 173104166,172.3401,-5.7534,9.37,0,,,,,5,9.9,ok
TIC 149449530,85.0798,-62.6477,9.37,0,,,,,32,14.3,ok
TIC 260708537,98.4528,-58.5229,9.37,0,,,,,44,12.1,ok
TIC 382202268,81.7296,-58.5319,9.37,0,,,,,21,13.0,ok
TIC 33837441,64.3251,-77.1699,9.37,0,,,,,25,12.5,ok
TIC 391903048,106.5394,-75.8506,9.37,0,,,,,34,11.3,ok
TIC 389625539,86.7616,-71.524,9.38,0,,,,,30,14.1,ok
TIC 167656135,102.5077,-60.3368,9.38,0,,,,,32,12.2,ok
TIC 287489206,123.4003,-76.5334,9.38,0,,,,,18,15.6,ok
TIC 46029878,131.7899,-57.3753,9.38,0,,,,,8,10.6,ok
TIC 142017826,97.1882,-76.0954,9.38,0,,,,,22,13.4,ok
TIC 150324787,95.7755,-64.5497,9.38,0,,,,,16,11.8,ok
TIC 150513591,97.8799,-65.3939,9.38,0,,,,,29,12.1,ok
TIC 309616407,78.7094,-60.3358,9.38,0,,,,,32,14.6,ok
TIC 306501888,166.8201,-58.68,9.38,0,,,,,4,8.3,ok
TIC 57513388,172.9795,-34.6077,9.38,0,,,,,5,19.2,ok
TIC 340176098,113.8534,-59.5369,9.38,0,,,,,26,12.4,ok
TIC 92763631,173.9746,-49.605,9.38,0,,,,,6,7.7,ok
TIC 469221047,148.7434,-59.8296,9.38,0,,,,,7,8.4,ok
TIC 391903734,106.5964,-74.3909,9.38,0,,,,,39,10.3,ok
TIC 71954468,167.2301,-43.8897,9.38,0,,,,,2,5.9,ok
TIC 458076353,158.9908,-58.2059,9.38,0,,,,,?,280.8,timeout
TIC 461021559,159.5379,-61.3039,9.39,0,,,,,?,297.2,timeout
TIC 149500216,85.6975,-64.2941,9.39,0,,,,,2,7.5,ok
TIC 82253639,168.8579,-49.6249,9.39,0,,,,,1,6.1,ok
TIC 279614943,106.3626,-58.0571,9.39,0,,,,,21,11.9,ok
TIC 465539899,163.4982,-60.4456,9.39,0,,,,,1,4.4,ok
TIC 396722019,65.8083,-58.3379,9.39,0,,,,,22,12.9,ok
TIC 397333366,174.8802,-47.7584,9.39,0,,,,,2,5.7,ok
TIC 142014655,96.8069,-73.2282,9.39,0,,,,,29,12.9,ok
TIC 422382572,182.7974,-19.9619,9.39,0,,,,,4,6.9,ok
TIC 177034213,102.5594,-70.945,9.39,0,,,,,31,11.3,ok
TIC 339672028,110.5128,-57.3851,9.39,0,,,,,?,988.4,timeout
TIC 272356014,119.2455,-72.0532,9.4,0,,,,,?,420.5,timeout
TIC 405662503,191.5651,-16.732,9.4,0,,,,,5,11.9,ok
TIC 393491490,67.6316,-58.1797,9.4,0,,,,,19,13.6,ok
TIC 188122033,161.8129,-25.4649,9.4,0,,,,,3,4.1,ok
TIC 358112951,69.8084,-76.0665,9.4,0,,,,,20,10.2,ok
TIC 278777282,99.7358,-59.2114,9.4,0,,,,,22,11.4,ok
TIC 464964693,162.0531,-63.6235,9.4,0,,,,,3,6.4,ok
TIC 150163695,93.1384,-64.2689,9.4,0,,,,,28,11.5,ok
TIC 71340127,154.7144,-33.6769,9.4,0,,,,,6,7.0,ok
TIC 149972102,90.1018,-62.6031,9.4,0,,,,,38,12.4,ok
TIC 1650025,188.202,-16.577,9.4,0,,,,,4,6.1,ok
TIC 149120706,80.9019,-62.5353,9.4,0,,,,,24,10.2,ok
TIC 261107147,83.2451,-78.276,9.4,0,,,,,33,13.0,ok
TIC 349480507,110.9364,-65.0106,9.4,0,,,,,26,11.4,ok
TIC 391422697,161.6197,-64.1326,9.4,0,,,,,1,2.1,ok
TIC 306756493,167.0555,-55.9226,9.4,0,,,,,4,8.0,ok
TIC 150107703,92.385,-61.8978,9.4,0,,,,,20,11.1,ok
TIC 271797685,111.6887,-72.8935,9.41,0,,,,,20,9.2,ok
TIC 464732837,156.9071,-57.6399,9.41,0,,,,,3,5.2,ok
TIC 307210830,124.5336,-68.3154,9.41,0,,,,,?,287.2,timeout
TIC 73631515,155.2603,-36.1629,9.41,0,,,,,?,410.6,timeout
TIC 177308364,103.4222,-73.0758,9.41,0,,,,,44,10.6,ok
TIC 167814411,105.0072,-60.988,9.41,0,,,,,33,10.9,ok
TIC 451460198,171.5149,-57.2385,9.41,0,,,,,1,4.6,ok
TIC 141979696,96.1542,-73.1247,9.41,0,,,,,39,10.5,ok
TIC 40897656,78.7057,-69.6637,9.41,0,,,,,31,13.9,ok
TIC 375089653,100.1784,-62.057,9.41,0,,,,,30,10.8,ok
TIC 176936125,100.5832,-68.6967,9.41,0,,,,,32,11.8,ok
TIC 55296056,76.7403,-60.2209,9.41,0,,,,,40,12.7,ok
TIC 167721378,103.4835,-63.3707,9.41,0,,,,,30,10.8,ok
TIC 381975772,77.1654,-55.1971,9.42,0,,,,,22,10.6,ok
TIC 349091511,107.7509,-60.7366,9.42,0,,,,,29,11.8,ok
TIC 385858369,138.7029,-54.2818,9.42,0,,,,,6,8.5,ok
TIC 23438361,168.3034,-32.196,9.42,0,,,,,3,4.7,ok
TIC 77016979,141.159,-44.7844,9.42,0,,,,,6,9.6,ok
TIC 300710088,115.0942,-71.2914,9.42,0,,,,,29,11.7,ok
TIC 294399290,109.2948,-59.4101,9.42,0,,,,,22,13.3,ok
TIC 120768993,164.0463,-51.2888,9.42,0,,,,,1,7.9,ok
TIC 294627157,70.4739,-70.0123,9.42,0,,,,,41,11.9,ok
TIC 415809305,184.9443,-19.935,9.42,0,,,,,3,8.7,ok
TIC 55652231,74.0659,-61.6175,9.42,0,,,,,27,12.5,ok
TIC 106403888,159.3849,-39.5328,9.42,0,,,,,1,8.2,ok
TIC 469223889,148.6988,-59.2675,9.42,0,,,,,?,961.0,timeout
TIC 913202832,166.622,-62.8908,9.42,0,,,,,?,277.8,timeout
TIC 389663831,86.7632,-71.0092,9.42,0,,,,,30,16.6,ok
TIC 372816588,67.0383,-58.3623,9.42,0,,,,,19,12.8,ok
TIC 434505515,189.3007,-19.1242,9.43,0,,,,,3,5.4,ok
TIC 294399068,109.245,-59.1228,9.43,0,,,,,21,11.6,ok
TIC 33910322,66.2659,-77.8859,9.43,0,,,,,27,12.6,ok
TIC 220433364,73.3791,-55.8583,9.43,0,,,,,28,13.6,ok
TIC 308920920,122.7976,-64.5082,9.43,0,,,,,19,11.8,ok
TIC 279219639,103.7038,-57.8559,9.43,0,,,,,19,10.7,ok
TIC 386627655,176.6839,-14.0199,9.43,0,,,,,4,5.4,ok
TIC 145496866,132.3993,-50.184,9.43,0,,,,,6,7.5,ok
TIC 293224419,98.4163,-60.7128,9.43,0,,,,,31,11.0,ok
TIC 220389297,67.9856,-59.8741,9.43,0,,,,,41,15.2,ok
TIC 467283255,168.2803,-61.1139,9.43,0,,57.8,rejete,variabilite_continue;eclipse_secondaire;compagnon_trop_gros_15.5Rjup,7,14.4,ok
TIC 150443185,97.8678,-63.535,9.43,0,,,,,17,12.3,ok
TIC 383615666,134.8695,-54.7802,9.43,0,,,,,7,10.0,ok
TIC 307432660,125.7499,-70.1566,9.43,0,,,,,20,10.5,ok
TIC 458599043,160.3789,-57.5143,9.43,0,,,,,6,7.1,ok
TIC 299899924,106.0103,-69.687,9.44,0,,88.0,rejete,variabilite_continue;eclipse_secondaire,29,16.3,ok
TIC 25156036,63.4412,-71.7059,9.44,0,,,,,32,17.4,ok
TIC 29781872,65.1933,-66.2131,9.44,0,,,,,20,12.6,ok
TIC 278956004,101.4736,-56.4,9.44,0,,,,,21,13.0,ok
TIC 220389494,67.9355,-59.1832,9.44,0,,,,,34,11.7,ok
TIC 374997695,99.2176,-62.5401,9.44,0,,,,,35,15.1,ok
TIC 181224055,174.7125,-40.3854,9.44,0,,,,,5,8.1,ok
TIC 55760886,75.382,-61.7939,9.44,0,,,,,31,11.4,ok
TIC 349061718,107.5319,-60.8811,9.44,0,,,,,34,11.7,ok
TIC 278731442,99.5594,-55.7866,9.44,0,,,,,34,10.4,ok
TIC 278183342,109.8902,-78.0753,9.44,0,,,,,23,12.3,ok
TIC 347694620,182.5229,-15.0764,9.44,0,,,,,4,7.7,ok
TIC 307160287,124.158,-68.3002,9.44,0,,,,,18,12.7,ok
TIC 31313288,88.4584,-68.5636,9.45,0,,,,,5,8.1,ok
TIC 370039100,65.5405,-70.6606,9.45,0,,,,,21,12.2,ok
TIC 294785164,71.4724,-71.6127,9.45,0,,,,,29,11.9,ok
TIC 278898255,101.2911,-59.6889,9.45,0,,26.1,rejete,variabilite_continue;eclipse_secondaire,27,19.2,ok
TIC 348992696,106.8518,-63.3184,9.45,0,,,,,36,16.1,ok
TIC 25133068,62.087,-71.6983,9.45,0,,,,,20,10.7,ok
TIC 41596872,94.4026,-70.7992,9.45,0,,,,,31,13.4,ok
TIC 391516015,161.542,-61.2747,9.45,0,,,,,4,7.4,ok
TIC 38762664,67.1709,-61.2001,9.45,0,,,,,32,18.4,ok
TIC 220416006,71.3242,-55.9454,9.45,0,,,,,16,12.6,ok
TIC 272235688,117.4126,-71.9629,9.45,0,,,,,34,14.6,ok
TIC 38587506,64.1411,-65.1479,9.45,0,,,,,21,14.3,ok
TIC 294328148,108.8548,-59.546,9.46,0,,,,,21,17.5,ok
TIC 360709162,142.9362,-65.2478,9.46,0,,,,,9,16.3,ok
TIC 500911771,47.3085,-70.7071,9.46,0,,,,,4,11.8,ok
TIC 467817623,169.331,-61.511,9.46,0,,50.4,rejete,variabilite_continue;eclipse_secondaire,8,24.1,ok
TIC 382258935,82.601,-55.133,9.46,0,,,,,33,21.0,ok
TIC 279322448,104.2288,-56.8978,9.46,0,,,,,32,17.2,ok
TIC 30191789,73.6103,-70.0339,9.46,0,,,,,39,14.3,ok
TIC 459332381,162.2456,-59.6859,9.46,0,,,,,6,8.4,ok
TIC 373798324,149.452,-60.3025,9.46,0,,,,,3,16.6,ok
TIC 141686455,90.3454,-74.452,9.46,0,,,,,?,283.8,timeout
TIC 280830734,44.5559,-70.7607,9.47,0,,,,,13,14.1,ok
TIC 280095254,46.199,-73.3962,9.47,0,,,,,?,290.8,timeout
TIC 238633709,122.4859,-52.9635,9.47,0,,,,,?,282.1,timeout
TIC 381975024,76.9857,-57.772,9.47,0,,,,,39,10.9,ok
TIC 459123758,161.873,-55.7863,9.47,0,,,,,5,5.8,ok
TIC 373940417,149.6314,-64.2255,9.47,0,,,,,3,4.8,ok
TIC 349767833,112.8478,-60.0274,9.47,0,,,,,31,9.7,ok
TIC 73386477,154.5508,-36.8052,9.47,0,,,,,6,8.5,ok
TIC 55452503,70.635,-64.9047,9.47,0,,,,,35,9.6,ok
TIC 358508351,119.1195,-61.9446,9.47,0,,,,,20,12.2,ok
TIC 308183430,130.3838,-68.4267,9.47,0,,,,,17,14.8,ok
