nom,RA,Dec,Tmag,n_candidats,periodes,snr_max,verdict_auto,raisons_auto,n_secteurs,secondes,status
TIC 91167330,310.3532,-42.134,4.0,0,,,,,3,5.6,ok
TIC 469811127,300.1501,-72.9114,4.0,0,,,,,10,13.5,ok
TIC 149988523,90.5391,-60.0968,4.0,0,,,,,44,12.4,ok
TIC 113241255,293.119,-30.8697,4.02,0,,,,,5,6.7,ok
TIC 234309613,35.4363,-68.6594,4.07,0,,,,,11,12.6,ok
TIC 166580852,312.8752,-51.6082,4.1,0,,,,,4,6.3,ok
TIC 98423184,290.9719,-40.6168,4.1,0,,,,,4,6.1,ok
TIC 62119727,290.6596,-44.4591,4.11,0,,,,,5,6.6,ok
TIC 254181386,287.3689,-37.9052,4.13,0,,,,,4,5.5,ok
TIC 61732312,289.0906,-45.466,4.13,0,,,,,5,6.8,ok
TIC 318179763,309.5776,-81.2893,4.14,0,,,,,8,10.6,ok
TIC 149542947,86.1927,-65.7355,4.14,0,,,,,33,12.6,ok
TIC 80015851,297.5587,-47.5575,4.14,0,,,,,5,7.3,ok
TIC 278987417,101.8279,-55.5398,4.14,0,,,,,37,11.7,ok
TIC 167088607,95.66,-69.9838,4.15,0,,,,,40,12.0,ok
TIC 231622072,316.3096,-54.7273,4.16,0,,,,,6,8.4,ok
TIC 424986661,293.9883,-53.0084,4.17,0,,,,,5,7.2,ok
TIC 451606344,283.6902,-87.6068,4.19,0,,,,,7,9.6,ok
TIC 259862349,39.899,-68.2669,4.2,0,,,,,12,13.5,ok
TIC 381949122,76.3773,-57.4719,4.22,0,,,,,45,11.5,ok
TIC 141280255,82.9744,-76.339,4.23,0,,,,,42,12.3,ok
TIC 101780227,303.5796,-52.4461,4.24,0,,,,,4,5.7,ok
TIC 260605873,97.3682,-56.8525,4.24,0,,,,,44,12.1,ok
TIC 339129239,293.8664,-62.7595,4.25,0,,,,,7,9.3,ok
TIC 320359912,295.8066,-56.2606,4.25,0,,,,,6,8.0,ok
TIC 100708841,311.0115,-51.9214,4.27,0,,,,,4,5.5,ok
TIC 90954303,308.4796,-44.5163,4.28,0,,,,,3,4.2,ok
TIC 410255832,358.0246,-82.0189,4.29,0,,,,,8,10.7,ok
TIC 352350404,300.4693,-66.9445,4.29,0,,,,,7,9.3,ok
TIC 410118760,327.6961,-69.6294,4.3,0,,,,,10,13.7,ok
TIC 219323708,331.4634,-59.6365,4.31,0,,,,,10,12.9,ok
TIC 382198789,81.5801,-58.9123,4.32,0,,,,,43,12.0,ok
TIC 406098838,283.1656,-52.1081,4.33,0,,,,,4,5.3,ok
TIC 270678026,87.7218,-52.1094,4.33,0,,,,,17,13.1,ok
TIC 62189739,291.0898,-43.7221,4.35,0,,,,,5,6.7,ok
TIC 376669357,292.796,-68.434,4.35,0,,,,,10,11.9,ok
TIC 375232307,283.0543,-62.1877,4.37,0,,,,,9,11.4,ok
TIC 316338236,280.3144,-37.4847,4.37,0,,,,,3,4.5,ok
TIC 401821273,352.0185,-87.4821,4.37,0,,,,,7,9.5,ok
TIC 514062507,286.6055,-37.0653,4.37,0,,,,,3,4.8,ok
TIC 38680734,65.4736,-63.3851,4.38,0,,,,,45,12.1,ok
TIC 79394646,319.9679,-53.4499,4.39,0,,,,,6,8.7,ok
TIC 254125171,286.6058,-37.0657,4.4,0,,,,,4,5.9,ok
TIC 278202079,111.4077,-79.0942,4.41,0,,,,,23,13.0,ok
TIC 320003784,292.988,-54.1653,4.42,0,,,,,5,7.1,ok
TIC 290495172,2.5079,-82.2242,4.42,0,,,,,4,5.7,ok
TIC 299800007,37.9234,-79.1098,4.43,0,,,,,11,13.3,ok
TIC 141810080,92.5636,-74.7546,4.43,0,,,,,45,12.1,ok
TIC 128790255,300.1106,-43.0432,4.43,0,,,,,4,5.7,ok
TIC 149304313,83.2489,-64.2275,4.45,0,,,,,40,11.9,ok
TIC 246801501,284.0704,-42.7109,4.46,0,,,,,3,4.3,ok
TIC 30762159,75.6791,-71.3142,4.46,0,,,,,42,11.8,ok
TIC 319740048,291.9504,-54.3252,4.47,0,,,,,5,6.7,ok
TIC 466232301,303.6075,-62.2793,4.48,0,,,,,8,11.5,ok
TIC 129479481,304.7334,-47.7108,4.48,0,,,,,3,4.5,ok
TIC 351475845,308.8962,-60.5831,4.49,0,,,,,7,9.9,ok
TIC 389198736,302.8038,-36.1124,4.49,0,,,,,3,4.4,ok
TIC 50308940,30.4681,-74.4458,4.5,0,,,,,12,13.3,ok
TIC 38699658,66.272,-61.238,4.5,0,,,,,44,12.2,ok
TIC 253696826,281.9361,-40.4063,4.5,0,,,,,3,4.5,ok
TIC 351535191,309.398,-61.5304,4.5,0,,19.4,rejete,variabilite_continue;eclipse_secondaire;compagnon_trop_gros_2.9Rjup,7,13.9,ok
TIC 253624254,281.2382,-39.6862,4.5,0,,,,,3,4.5,ok
TIC 150320620,95.7558,-63.683,4.5,1,2.2113,17.0,rejete,variabilite_continue;eclipse_secondaire;compagnon_trop_gros_8.6Rjup,40,17.4,ok
TIC 38574220,63.7022,-62.1911,4.5,0,,,,,42,12.7,ok
TIC 39082723,13.7514,-69.5274,4.51,0,,,,,9,11.8,ok
TIC 382276084,287.4733,-68.4248,4.52,0,,,,,10,12.8,ok
TIC 304989038,289.561,-50.4468,4.52,0,,,,,5,6.6,ok
TIC 167126852,96.369,-69.6889,4.53,0,,,,,42,12.8,ok
TIC 381925942,76.2525,-54.4074,4.54,0,,,,,21,12.7,ok
TIC 469906369,336.8344,-64.9663,4.55,0,,,,,10,13.0,ok
TIC 211277570,299.9341,-35.2764,4.57,0,,,,,3,4.6,ok
TIC 254141367,286.6872,-41.5403,4.59,0,,,,,5,7.0,ok
TIC 317019578,336.1841,-72.2602,4.6,0,,,,,11,13.0,ok
TIC 166500725,305.0597,-50.7034,4.61,0,,,,,4,5.7,ok
TIC 265435357,316.1798,-77.0264,4.61,0,,,,,9,11.5,ok
TIC 351604689,310.0155,-60.5529,4.61,0,,,,,7,9.3,ok
TIC 464405850,281.3626,-64.8723,4.62,0,,,,,7,9.0,ok
TIC 406116890,286.5835,-52.3417,4.64,0,,,,,4,5.6,ok
TIC 370109204,305.1348,-55.0511,4.64,0,,,,,6,8.0,ok
TIC 220424200,72.2697,-56.6664,4.66,0,,,,,29,12.9,ok
TIC 392772420,327.7312,-82.7191,4.67,0,,,,,7,9.3,ok
TIC 79016952,315.1811,-53.7392,4.69,0,,,,,4,5.7,ok
TIC 267091211,5.3704,-77.4269,4.71,0,,,,,6,8.2,ok
TIC 464381648,281.2984,-61.0954,4.71,0,,,,,8,10.6,ok
TIC 254003502,284.6796,-37.108,4.72,0,,,,,3,4.4,ok
TIC 341421940,317.1361,-63.9282,4.72,0,,,,,7,11.9,ok
TIC 318125360,308.3239,-80.965,4.73,0,,,,,8,11.0,ok
TIC 260507093,96.767,-58.0022,4.74,0,,,,,43,12.7,ok
TIC 290361108,305.4502,-40.7556,4.75,0,,,,,3,4.1,ok
TIC 300550436,299.0443,-38.3267,4.75,0,,,,,4,5.5,ok
TIC 323007607,126.0761,-80.9126,4.76,0,,,,,10,14.0,ok
TIC 142108949,99.4236,-77.5384,4.76,0,,,,,42,12.6,ok
TIC 30110465,73.3771,-66.6753,4.77,0,,,,,42,12.3,ok
TIC 389610795,312.1232,-43.9893,4.77,0,,,,,3,4.1,ok
TIC 406320735,327.5005,-64.7128,4.78,0,,,,,9,11.6,ok
TIC 62348907,291.6732,-46.579,4.8,0,,,,,5,6.9,ok
TIC 219405754,78.4722,-52.0309,4.81,0,,,,,14,12.7,ok
TIC 374018378,167.168,-86.2309,4.82,0,,,,,?,0.7,erreur
TIC 404223181,356.1721,-78.7914,4.82,0,,,,,7,9.8,ok
TIC 325525016,359.3858,-82.17,4.83,0,,,,,7,9.6,ok
TIC 352312148,300.0959,-66.9508,4.83,0,,,,,7,9.3,ok
TIC 32273560,290.109,-31.8175,4.84,0,,,,,5,7.0,ok
TIC 405479191,24.3695,-84.7694,4.86,0,,,,,9,12.4,ok
TIC 349647610,112.2143,-64.5099,4.86,0,,,,,44,11.8,ok
TIC 290519412,306.4487,-40.7968,4.86,0,,,,,3,4.6,ok
TIC 424995989,337.9025,-85.9668,4.88,0,,,,,7,9.4,ok
TIC 32445095,290.6069,-31.9367,4.88,0,,,,,5,6.9,ok
TIC 260972404,75.0545,-78.3,4.89,0,,,,,36,13.3,ok
TIC 390814789,280.8424,-45.7815,4.89,0,,,,,5,7.2,ok
TIC 396170579,298.8414,-71.5465,4.89,0,,,,,10,12.8,ok
TIC 38759751,66.9416,-62.5212,4.89,0,,,,,43,12.6,ok
TIC 350136745,52.495,-78.352,4.9,0,,,,,16,13.7,ok
TIC 271973682,114.0176,-77.634,4.9,0,,,,,27,13.0,ok
TIC 370327409,64.4981,-80.2136,4.9,0,,,,,18,12.8,ok
TIC 293972244,106.7,-58.3809,4.9,0,,,,,42,12.8,ok
TIC 151954475,284.5883,-31.0363,4.9,0,,,,,4,5.6,ok
TIC 7015571,285.9903,-51.0197,4.9,0,,,,,3,4.3,ok
TIC 38828538,68.3896,-62.8238,4.91,0,,,,,42,12.2,ok
TIC 6670156,284.6159,-52.9387,4.91,0,,,,,4,5.9,ok
TIC 350563801,86.8056,-54.3607,4.91,0,,,,,32,12.3,ok
TIC 278509633,303.9612,-30.0052,4.92,0,,,,,4,5.6,ok
TIC 201723074,300.7562,-58.4611,4.93,0,,,,,7,10.1,ok
TIC 164660231,306.3619,-28.6632,4.93,0,,,,,4,5.5,ok
TIC 62020670,290.252,-45.374,4.93,0,,,,,5,6.4,ok
TIC 273476652,347.1489,-73.5861,4.93,0,,,,,10,13.5,ok
TIC 276798745,271.3633,-81.4869,4.94,0,,,,,9,12.9,ok
TIC 410273686,298.1574,-54.971,4.95,0,,,,,5,7.4,ok
TIC 176960513,101.2315,-70.4337,4.95,0,,,,,41,13.1,ok
TIC 409891490,302.0851,-66.3547,4.95,0,,,,,8,10.7,ok
TIC 276967365,277.3322,-80.2332,4.95,0,,,,,10,13.5,ok
TIC 456542899,281.349,-56.8821,4.95,0,,,,,6,8.2,ok
TIC 464375439,280.9058,-64.5518,4.95,0,,,,,8,11.1,ok
TIC 316991247,335.3011,-74.9676,4.96,0,,,,,8,11.1,ok
TIC 339522902,296.7744,-62.4541,4.96,0,,,,,8,10.5,ok
TIC 219420836,79.8425,-50.6043,4.97,0,,,,,9,12.3,ok
TIC 424856699,291.2915,-51.1008,4.97,0,,,,,5,6.7,ok
TIC 313585374,302.4049,-81.4414,4.97,0,,,,,9,13.2,ok
TIC 265336403,308.9661,-69.6109,4.98,0,,,,,8,10.9,ok
TIC 260852919,349.5838,-67.4711,4.98,0,,,,,10,13.0,ok
TIC 295071039,72.6837,-69.8313,4.98,0,,,,,43,12.8,ok
TIC 253668790,281.6641,-39.7311,4.99,0,,,,,3,4.4,ok
TIC 317099286,348.0535,-80.9128,4.99,0,,,,,8,11.3,ok
TIC 183072417,282.3647,-45.8097,5.0,0,,,,,3,4.3,ok
TIC 363913149,89.31,-53.4257,5.0,0,,,,,29,11.7,ok
TIC 406123721,286.9244,-48.5748,5.01,0,,,,,5,7.4,ok
TIC 375092757,88.7085,-52.6337,5.02,0,,,,,?,951.4,timeout
TIC 453101438,116.0032,-67.2018,5.03,0,,,,,43,12.7,ok
TIC 323445628,72.2623,-88.2711,5.04,0,,,,,9,13.1,ok
TIC 260971201,74.7121,-82.4705,5.04,0,,,,,13,13.8,ok
TIC 391361741,281.0807,-35.6422,5.04,0,,,,,2,3.7,ok
TIC 344073005,278.2308,-73.9662,5.05,0,,,,,9,12.9,ok
TIC 464480679,284.228,-62.8019,5.05,0,,,,,8,10.9,ok
TIC 261746757,26.2426,-80.1855,5.06,0,,,,,8,18.8,ok
TIC 290403648,330.9828,-72.7419,5.07,0,,,,,10,13.7,ok
TIC 253584426,280.9456,-38.3238,5.07,0,,,,,3,4.9,ok
TIC 360689728,290.7137,-54.4245,5.07,0,,,,,5,7.3,ok
TIC 50440486,35.7159,-73.6457,5.08,0,,,,,12,13.5,ok
TIC 311430135,317.3545,-73.1753,5.09,0,,,,,6,8.8,ok
TIC 300787049,300.0666,-37.7017,5.09,0,,,,,3,5.0,ok
TIC 326024061,298.7711,-33.0462,5.1,0,,,,,3,5.3,ok
TIC 364423809,69.5903,-77.6561,5.1,0,,,,,38,13.2,ok
TIC 339672887,110.4402,-56.2529,5.11,0,,,,,22,13.7,ok
TIC 350094361,115.1369,-64.3233,5.11,0,,,,,44,13.2,ok
TIC 265184287,299.008,-81.3498,5.11,0,,,,,9,13.1,ok
TIC 290322019,305.1937,-36.8529,5.11,0,,,,,3,5.6,ok
TIC 261136679,84.3045,-80.4617,5.11,1,3.1337,16.7,rejete,variabilite_continue;eclipse_secondaire,24,19.2,ok
TIC 431380163,48.994,-77.388,5.11,0,,,,,15,13.9,ok
TIC 396090368,297.4726,-66.813,5.11,0,,,,,8,11.0,ok
TIC 129108435,302.2665,-47.0684,5.12,0,,,,,5,8.6,ok
TIC 350765991,89.2001,-59.4222,5.12,0,,,,,43,12.1,ok
TIC 129376321,303.8685,-44.4105,5.12,0,,,,,2,3.5,ok
TIC 61692011,288.6653,-45.1938,5.12,0,,,,,5,7.2,ok
TIC 320841837,299.2403,-57.9259,5.12,0,,,,,7,10.1,ok
TIC 41331819,92.1834,-68.8433,5.13,0,,,,,33,12.7,ok
TIC 389012309,134.1597,-85.6629,5.13,0,,,,,11,14.0,ok
TIC 452358088,88.1023,-52.0554,5.15,0,,,,,18,13.3,ok
TIC 211278117,299.9649,-34.6983,5.17,0,,,,,3,5.2,ok
TIC 218930202,298.3067,-32.089,5.17,0,,,,,4,7.8,ok
TIC 467969559,285.0151,-66.6539,5.17,0,,,,,7,10.4,ok
TIC 394779757,28.9262,-84.7511,5.18,0,,,,,9,12.0,ok
TIC 253825414,283.0497,-41.7094,5.18,0,,,,,4,6.5,ok
TIC 129208800,303.0991,-42.7808,5.18,0,,,,,2,4.1,ok
TIC 468191145,323.0152,-84.8103,5.18,0,,,,,8,11.4,ok
TIC 372042699,309.7342,-71.0945,5.18,0,,,,,6,8.8,ok
TIC 211305389,300.0855,-33.7055,5.18,0,,,,,2,3.7,ok
TIC 468184895,317.2056,-88.9565,5.18,0,,21.8,rejete,variabilite_continue;eclipse_secondaire;compagnon_trop_gros_2.7Rjup,7,14.5,ok
TIC 149219496,82.3222,-62.3144,5.19,0,,,,,38,13.8,ok
TIC 320592617,297.0062,-56.3636,5.19,0,,,,,6,9.6,ok
TIC 34685480,306.3373,-29.9846,5.19,0,,,,,4,6.6,ok
TIC 279573219,106.0765,-56.7497,5.2,0,,,,,35,13.8,ok
TIC 423240775,297.3556,-72.5033,5.2,0,,,,,10,12.8,ok
TIC 410256121,358.4642,-83.0067,5.2,0,,,,,8,10.7,ok
TIC 260751444,346.2185,-68.8198,5.2,0,,,,,10,15.5,ok
TIC 376670273,292.6053,-69.7927,5.21,0,,,,,9,11.6,ok
TIC 237934406,59.0177,-63.4635,5.21,0,,,,,29,12.0,ok
TIC 316343772,280.2794,-39.0885,5.21,0,,,,,3,4.6,ok
TIC 167572319,101.3551,-65.0443,5.21,0,,,,,39,12.9,ok
TIC 277911545,354.6021,-76.8697,5.22,0,,,,,8,10.4,ok
TIC 277890728,353.3321,-77.3853,5.22,0,,,,,8,10.7,ok
TIC 464407479,281.718,-65.2496,5.23,0,,,,,7,10.7,ok
TIC 379405328,283.9406,-56.4234,5.23,0,,,,,7,9.4,ok
TIC 351600665,309.9662,-62.9083,5.23,0,,,,,6,7.9,ok
TIC 370010028,46.9532,-69.2648,5.25,0,,,,,13,12.6,ok
TIC 300244770,109.8113,-67.1872,5.25,0,,,,,?,0.7,erreur
TIC 410397673,291.0225,-68.3711,5.25,0,,,,,9,11.4,ok
TIC 262573254,114.6556,-56.2293,5.25,0,,,,,20,12.6,ok
TIC 468189765,320.7773,-85.6387,5.26,0,,,,,8,10.6,ok
TIC 354669439,321.3256,-71.799,5.26,0,,,,,7,9.2,ok
TIC 270245797,332.9773,-76.1163,5.26,0,,,,,6,8.3,ok
TIC 234300677,32.9536,-71.4841,5.26,0,,,,,9,11.6,ok
TIC 369718807,130.5354,-89.4606,5.26,0,,,,,9,12.3,ok
TIC 261724825,23.4121,-78.5058,5.26,0,,,,,10,13.2,ok
TIC 350655963,88.0844,-57.1567,5.27,0,,,,,42,12.6,ok
TIC 318515879,325.8903,-68.0647,5.27,0,,,,,10,13.6,ok
TIC 129083414,302.3426,-47.171,5.27,0,,,,,5,6.9,ok
TIC 464527084,285.2708,-62.8653,5.27,0,,,,,9,11.1,ok
TIC 325220689,356.1112,-70.4898,5.27,0,,,,,9,11.7,ok
TIC 101311910,300.1047,-49.351,5.27,0,,,,,5,6.6,ok
TIC 277131946,283.4208,-31.9921,5.28,0,,,,,4,5.4,ok
TIC 300015238,107.1767,-70.4963,5.28,0,,,,,42,12.9,ok
TIC 265334885,308.7753,-71.1887,5.28,0,,,,,6,8.3,ok
TIC 200230198,288.1927,-50.4867,5.29,0,,,,,5,6.6,ok
TIC 410056410,320.5675,-71.5714,5.29,0,,,,,7,9.2,ok
TIC 350298145,83.7613,-58.871,5.29,0,,,,,44,13.2,ok
TIC 320809967,299.2766,-58.9015,5.29,0,,,,,6,8.2,ok
TIC 346701818,296.2276,-80.0889,5.3,0,,,,,9,11.7,ok
TIC 394234013,24.4886,-82.9741,5.3,0,,,,,12,12.6,ok
TIC 394678798,54.1251,-78.323,5.3,0,,,,,16,13.8,ok
TIC 340458436,115.7218,-58.2298,5.3,0,,,,,21,12.7,ok
TIC 79015105,315.0885,-51.2644,5.3,0,,,,,6,8.1,ok
TIC 279359927,104.6648,-55.7297,5.3,0,,,,,32,12.9,ok
TIC 267116011,42.185,-73.8413,5.31,0,,,,,12,13.9,ok
TIC 34463960,305.2166,-35.6735,5.31,0,,,,,3,4.2,ok
TIC 269794986,68.2368,-78.128,5.32,0,,,,,32,12.6,ok
TIC 319869261,292.4695,-55.4422,5.32,0,,,,,5,6.9,ok
TIC 355333839,297.2297,-52.8885,5.32,0,,,,,5,6.6,ok
TIC 292333486,280.7948,-71.2885,5.32,0,,,,,9,12.3,ok
TIC 261427053,304.6125,-72.9796,5.33,0,,,,,8,10.5,ok
TIC 277898508,284.1136,-31.6891,5.34,0,,,,,4,5.4,ok
TIC 129278622,303.3849,-47.7136,5.35,0,,,,,4,5.4,ok
TIC 320259956,295.0789,-54.4179,5.35,0,,,,,5,6.9,ok
TIC 182898752,282.2106,-43.6802,5.36,0,,,,,3,5.6,ok
TIC 182012708,281.5377,-44.2234,5.36,0,,,,,3,4.7,ok
TIC 340215551,114.0065,-55.8876,5.37,0,,,,,18,13.1,ok
TIC 277982164,104.1436,-79.4202,5.37,0,,,,,23,14.6,ok
TIC 382151113,285.8733,-68.7556,5.37,0,,,,,11,13.5,ok
TIC 38828619,68.387,-63.0291,5.38,0,,,,,31,13.2,ok
TIC 300279840,297.961,-39.8745,5.38,0,,,,,3,4.5,ok
TIC 382389727,289.3011,-66.6611,5.38,0,,,,,10,13.9,ok
TIC 211255152,299.7358,-30.5388,5.38,0,,,,,3,4.5,ok
TIC 290401889,330.5309,-75.6794,5.38,0,,,,,6,8.7,ok
TIC 79111499,316.0592,-50.4355,5.38,0,,,,,6,8.2,ok
TIC 101589406,302.0681,-53.5503,5.38,0,,,,,5,6.6,ok
TIC 405410684,337.1598,-67.4896,5.38,0,,,,,11,13.3,ok
TIC 260131665,92.5746,-54.9686,5.39,0,,,,,43,12.6,ok
TIC 272319474,118.8386,-76.4975,5.39,0,,,,,25,13.3,ok
TIC 261526008,336.2968,-70.4321,5.4,0,,,,,10,13.1,ok
TIC 360740665,294.6085,-57.9838,5.4,0,,,,,7,9.3,ok
TIC 254079940,285.8239,-38.253,5.4,0,,,,,3,4.3,ok
TIC 270558473,100.0118,-80.8132,5.41,0,,,,,19,14.0,ok
TIC 348762920,46.8868,-78.9887,5.41,0,,,,,12,13.2,ok
TIC 259885176,40.7108,-71.2044,5.41,0,,,,,12,13.7,ok
TIC 469814866,304.7624,-63.2313,5.41,0,,,,,8,10.3,ok
TIC 389310059,310.7208,-39.5589,5.42,0,,,,,3,4.2,ok
TIC 259847500,39.7218,-70.6798,5.42,0,,,,,11,13.4,ok
TIC 323423878,67.3204,-84.8052,5.42,0,,,,,9,12.1,ok
TIC 355587549,325.1407,-55.7379,5.42,0,,,,,10,13.1,ok
TIC 393031938,65.2425,-81.579,5.43,0,,,,,14,13.4,ok
TIC 276963807,276.5714,-79.9275,5.43,0,,,,,10,14.1,ok
TIC 219410336,78.9119,-52.182,5.43,0,,,,,14,13.1,ok
TIC 166654885,314.0353,-53.8826,5.43,0,,,,,4,6.1,ok
TIC 394817660,34.8552,-84.6002,5.44,0,,,,,10,13.6,ok
TIC 469979458,342.1353,-70.9334,5.44,0,,,,,11,13.6,ok
TIC 91451212,313.941,-44.5758,5.44,0,,,,,5,6.6,ok
TIC 389610711,312.0778,-44.1972,5.45,0,,,,,3,4.2,ok
TIC 299753136,341.8981,-65.5603,5.45,0,,,,,11,12.6,ok
TIC 311461627,317.1974,-76.2126,5.45,0,,,,,8,10.8,ok
TIC 260041674,91.278,-56.2329,5.46,0,,,,,44,13.0,ok
TIC 271520227,288.3885,-62.9231,5.46,0,,,,,9,11.7,ok
TIC 139679488,322.2515,-53.7061,5.46,0,,,,,9,11.7,ok
TIC 425819615,305.9715,-42.4226,5.46,0,,,,,3,4.4,ok
TIC 425572138,286.1044,-31.0472,5.46,0,,,,,5,6.6,ok
TIC 271365430,296.5051,-31.9087,5.46,0,,,,,4,5.6,ok
TIC 158064206,280.3777,-48.0955,5.47,0,,,,,5,7.0,ok
TIC 91167490,310.2319,-42.3966,5.47,0,,,,,3,4.6,ok
TIC 100669012,310.5066,-50.2629,5.47,0,,,,,4,5.4,ok
TIC 277774779,343.6636,-70.0732,5.47,0,,,,,10,13.0,ok
TIC 343886954,275.902,-75.0441,5.47,0,,,,,10,13.1,ok
TIC 253610805,281.0333,-36.7186,5.48,0,,,,,2,3.2,ok
TIC 464420341,282.1573,-65.0782,5.48,0,,,,,7,9.5,ok
TIC 280684074,342.5959,-80.1239,5.48,0,,,,,7,9.4,ok
TIC 352402781,301.4021,-67.3257,5.48,0,,,,,7,9.4,ok
TIC 33833289,63.6293,-75.808,5.49,0,,,,,38,13.1,ok
TIC 451508376,255.5765,-84.3037,5.49,0,,,,,5,7.2,ok
TIC 273511930,347.6901,-76.4633,5.49,0,,,,,9,12.0,ok
TIC 301580669,301.8492,-29.7206,5.49,0,,,,,3,4.5,ok
TIC 406237800,293.2247,-53.1857,5.5,0,,,,,5,7.0,ok
TIC 230953185,287.2187,-55.7212,5.5,0,,,,,5,6.7,ok
TIC 141151953,80.6342,-73.8013,5.5,0,,,,,42,13.1,ok
TIC 220457904,74.5082,-58.2083,5.5,0,,,,,44,12.7,ok
TIC 113272022,284.1688,-37.3434,5.5,0,,,,,3,4.1,ok
TIC 128842562,300.6509,-45.196,5.5,0,,,,,4,5.3,ok
TIC 339962335,112.5747,-57.2103,5.5,0,,,,,25,12.9,ok
TIC 271282342,292.3502,-43.446,5.5,0,,,,,5,6.9,ok
TIC 128791834,300.2013,-45.1129,5.51,0,,,,,3,4.5,ok
TIC 349677777,112.2851,-63.2456,5.51,0,,,,,44,13.3,ok
TIC 41230564,91.7105,-67.2833,5.52,0,,,,,27,13.0,ok
TIC 176873735,100.9034,-73.1189,5.52,0,,,,,41,12.7,ok
TIC 182645490,282.033,-43.5731,5.52,0,,,,,3,4.5,ok
TIC 167813113,104.7804,-60.8421,5.53,0,,,,,44,13.1,ok
TIC 254186676,287.4157,-39.8274,5.53,0,,,,,4,5.6,ok
TIC 406345664,328.7981,-61.8873,5.53,0,,,,,11,13.3,ok
TIC 254147274,286.7169,-37.8133,5.53,0,,,,,4,5.3,ok
TIC 101431588,301.0136,-51.2125,5.53,0,,,,,5,6.9,ok
TIC 91190426,310.517,-46.4002,5.53,0,,,,,3,4.6,ok
TIC 394242338,25.3419,-79.148,5.53,0,,,,,10,13.3,ok
TIC 270244621,332.678,-75.8817,5.54,0,,,,,6,8.5,ok
TIC 177075997,102.8625,-70.9632,5.54,0,,,,,43,13.0,ok
TIC 253888556,283.8482,-37.3866,5.54,0,,,,,2,3.7,ok
TIC 261205462,87.5698,-79.3609,5.54,0,,,,,?,1001.5,timeout
TIC 370227780,85.6709,-75.2504,5.54,0,,,,,44,13.1,ok
TIC 317130136,349.7872,-79.4723,5.54,0,,,,,8,10.7,ok
TIC 6725846,284.7208,-48.5059,5.55,0,,,,,3,4.5,ok
TIC 41533313,93.728,-71.6559,5.55,0,,,,,41,12.8,ok
TIC 327303945,310.5181,-76.1807,5.55,0,,,,,9,12.1,ok
TIC 79283165,318.9416,-53.2632,5.55,0,,31.5,rejete,variabilite_continue;eclipse_secondaire,6,11.6,ok
TIC 55478023,71.2411,-63.2297,5.56,0,,,,,44,12.8,ok
TIC 317021841,336.4647,-75.0156,5.56,0,,,,,8,10.5,ok
TIC 343960640,286.0045,-57.9599,5.56,0,,,,,7,9.3,ok
TIC 100794584,311.6131,-50.8057,5.56,0,,,,,4,5.7,ok
TIC 377016448,78.1081,-81.5414,5.56,0,,,,,17,13.1,ok
TIC 91034492,308.9491,-44.3374,5.56,0,,,,,3,5.0,ok
TIC 290401720,330.7667,-76.119,5.57,0,,,,,7,9.5,ok
TIC 394209494,5.1626,-69.6249,5.57,0,,,,,7,9.0,ok
TIC 34802109,307.137,-34.4098,5.57,0,,,,,3,4.7,ok
TIC 176876294,100.2405,-71.7755,5.57,0,,,,,44,12.8,ok
TIC 374343586,299.6734,-69.1647,5.57,0,,,,,8,10.9,ok
TIC 128917793,301.2827,-46.0971,5.57,0,,,,,4,5.3,ok
TIC 149347992,83.7392,-61.1762,5.57,0,,,,,43,12.8,ok
TIC 91010657,308.5693,-43.4485,5.57,0,,,,,3,4.3,ok
TIC 31799975,51.401,-69.336,5.57,0,,,,,22,12.9,ok
TIC 453102450,116.1824,-66.0716,5.57,0,,,,,?,0.5,erreur
TIC 320690083,297.687,-59.1938,5.57,0,,,,,7,10.3,ok
TIC 340216929,114.0149,-57.2954,5.58,0,,,,,23,12.8,ok
TIC 270676778,87.6201,-52.7678,5.58,0,,,,,23,12.7,ok
TIC 376629907,292.3727,-70.6691,5.58,0,,,,,9,11.5,ok
TIC 254225031,288.0408,-37.5831,5.58,0,,,,,4,5.7,ok
TIC 300290824,110.2287,-71.5324,5.59,0,,,,,42,12.0,ok
TIC 369457005,311.5841,-39.1995,5.59,0,,,,,5,6.6,ok
TIC 352080579,284.8627,-75.3901,5.59,0,,,,,9,11.4,ok
TIC 290593125,306.7184,-37.4037,5.59,0,,,,,2,3.1,ok
TIC 364322720,87.8461,-64.0334,5.59,0,,,,,36,12.5,ok
TIC 397440736,281.328,-35.8572,5.59,0,,,,,2,3.2,ok
TIC 299943748,106.5598,-68.8376,5.59,0,,,,,42,13.1,ok
TIC 166467008,298.8695,-53.9473,5.6,0,,,,,5,6.9,ok
TIC 277836910,344.8208,-71.8367,5.6,0,,,,,10,13.8,ok
TIC 167720039,103.4345,-65.9138,5.6,0,,,,,44,12.4,ok
TIC 421438914,293.3399,-45.2719,5.6,0,,,,,5,7.1,ok
TIC 352477366,323.1268,-73.8931,5.6,0,,,,,7,9.4,ok
TIC 260795727,347.5557,-66.8574,5.61,0,,,,,9,12.2,ok
TIC 31798594,51.0101,-69.6245,5.61,0,,26.5,rejete,variabilite_continue;eclipse_secondaire;compagnon_trop_gros_2.7Rjup,19,19.2,ok
TIC 55852584,75.986,-65.0121,5.61,0,,,,,40,13.5,ok
TIC 200228924,288.1005,-51.8058,5.61,0,,,,,5,6.8,ok
TIC 129579498,305.615,-42.0502,5.62,0,,,,,3,4.3,ok
TIC 389089359,333.4304,-68.1264,5.62,0,,,,,11,12.9,ok
TIC 267000601,3.9783,-75.9116,5.62,0,,,,,8,10.4,ok
TIC 355336604,297.1963,-49.5249,5.62,0,,,,,5,7.1,ok
TIC 167121012,95.9932,-68.6008,5.62,0,,,,,35,12.3,ok
TIC 141482069,86.9504,-72.7021,5.63,0,,,,,42,12.8,ok
TIC 97673330,297.2994,-28.7897,5.63,0,,,,,4,5.7,ok
TIC 280051467,45.565,-71.9023,5.63,0,,,,,13,13.6,ok
TIC 424988021,328.5909,-85.0335,5.63,0,,,,,7,9.7,ok
TIC 341200426,314.6982,-61.8116,5.64,0,,,,,8,10.6,ok
TIC 375034557,99.5008,-61.5329,5.64,0,,,,,39,12.5,ok
TIC 410417579,81.5259,-86.388,5.65,0,,,,,9,11.9,ok
TIC 229804573,329.6255,-59.012,5.65,0,,,,,8,10.6,ok
TIC 181793033,280.9976,-47.2482,5.65,0,,,,,5,7.6,ok
TIC 114790360,304.062,-41.4786,5.65,0,,,,,3,4.3,ok
TIC 294747615,70.7667,-70.9308,5.65,0,,,,,43,12.7,ok
TIC 238198771,57.5803,-75.8956,5.65,0,,,,,29,12.8,ok
TIC 167554964,101.1841,-61.2242,5.66,0,,,,,39,12.9,ok
TIC 349371980,109.8845,-61.1449,5.66,0,,,,,44,14.4,ok
TIC 253806930,282.7866,-39.1748,5.66,0,,,,,4,5.4,ok
TIC 277874564,353.0959,-74.2019,5.67,0,,,,,10,13.4,ok
TIC 396211656,300.4153,-74.7639,5.67,0,,,,,?,0.5,erreur
TIC 275734412,282.3219,-34.75,5.67,0,,,,,3,4.5,ok
TIC 183078154,282.3958,-43.4343,5.67,0,,,,,3,4.2,ok
TIC 300277685,297.9424,-37.3368,5.67,0,,,,,3,4.5,ok
TIC 232084963,30.6569,-70.4193,5.67,0,,,,,11,13.0,ok
TIC 31929199,53.971,-69.1929,5.67,0,,,,,21,13.1,ok
TIC 358501433,60.74,-79.845,5.67,0,,,,,17,13.2,ok
TIC 253716001,282.0911,-37.0137,5.67,0,,,,,2,3.2,ok
TIC 166578055,305.4219,-50.7769,5.68,0,,,,,3,4.3,ok
TIC 167656187,102.5043,-60.2484,5.68,0,,,,,40,13.2,ok
TIC 129479892,304.8264,-47.5816,5.68,0,,,,,3,4.3,ok
TIC 237940785,59.7177,-65.8814,5.68,0,,,,,38,13.4,ok
TIC 280096428,46.249,-74.3194,5.69,0,,,,,16,13.7,ok
TIC 184137021,21.9375,-75.0434,5.69,0,,,,,7,9.6,ok
TIC 405456872,9.9309,-85.701,5.69,0,,,,,4,6.0,ok
TIC 220436223,73.7224,-58.5472,5.69,0,,,,,44,12.7,ok
TIC 262956415,11.1479,-78.0823,5.7,0,,,,,7,9.4,ok
TIC 327856894,1.1728,-71.437,5.7,0,,,,,8,10.5,ok
TIC 411983347,291.1066,-63.3616,5.7,0,,,,,9,11.4,ok
TIC 169009884,291.7355,-29.7436,5.7,0,,,,,5,6.8,ok
TIC 396212145,300.234,-74.0127,5.7,0,,,,,10,13.0,ok
TIC 259961168,42.7177,-67.5224,5.7,0,,,,,13,13.1,ok
TIC 340634155,116.3979,-56.7225,5.71,0,,,,,15,12.7,ok
TIC 339890862,112.0476,-58.0728,5.71,0,,,,,?,999.1,timeout
TIC 150431920,97.4175,-61.2419,5.71,0,,,,,43,13.5,ok
TIC 423158814,287.7106,-50.341,5.71,0,,,,,5,6.8,ok
TIC 354944747,324.7377,-79.4428,5.71,0,,,,,9,11.7,ok
TIC 32047333,289.9167,-35.4215,5.71,0,,,,,4,6.9,ok
TIC 158507202,294.8696,-52.8569,5.71,0,,,,,5,10.4,ok
TIC 79104313,315.881,-52.8891,5.71,0,,,,,6,10.1,ok
TIC 279476396,105.2705,-58.9389,5.72,0,,,,,43,12.5,ok
TIC 421893475,339.0938,-72.7132,5.72,0,,,,,11,12.5,ok
TIC 50381965,33.5794,-76.3574,5.72,0,,,,,12,13.0,ok
TIC 143359172,294.0363,-46.1516,5.72,0,,,,,5,6.7,ok
TIC 261748427,26.9406,-80.1767,5.72,0,,,,,8,11.4,ok
TIC 394274870,28.9643,-78.3482,5.73,0,,,,,10,13.6,ok
TIC 290486039,2.5337,-78.3009,5.73,0,,,,,5,6.7,ok
TIC 389587930,311.8487,-45.8546,5.73,0,,,,,3,4.2,ok
TIC 387190281,303.8701,-54.608,5.73,0,,,,,5,7.2,ok
TIC 166578417,305.417,-50.0012,5.73,0,,,,,3,4.4,ok
TIC 382180510,304.4318,-39.1129,5.74,0,,,,,3,4.2,ok
TIC 158342117,288.7535,-48.9626,5.74,0,,,,,5,6.8,ok
TIC 150392584,96.6382,-60.5573,5.75,0,,,,,44,12.6,ok
TIC 231693006,321.5643,-54.6602,5.75,0,,,,,8,10.5,ok
TIC 372850543,98.193,-61.8276,5.75,0,,,,,28,15.6,ok
TIC 346630890,293.7493,-81.7529,5.75,0,,,,,10,15.3,ok
TIC 41232189,91.5393,-66.0394,5.75,0,,,,,27,14.9,ok
TIC 279510954,105.5071,-59.4606,5.75,0,,,,,43,18.6,ok
TIC 256302510,258.9773,-87.5674,5.75,0,,,,,8,12.4,ok
TIC 278960800,101.673,-54.6949,5.75,0,,,,,21,12.9,ok
TIC 317250749,122.5276,-84.4447,5.76,0,,,,,11,13.5,ok
TIC 339665237,298.8926,-63.0144,5.76,0,,,,,7,11.6,ok
TIC 403288575,332.8488,-64.0143,5.76,0,,,,,11,12.9,ok
TIC 391901960,115.7163,-71.5418,5.76,0,,,,,43,12.8,ok
TIC 260301896,94.5927,-54.4039,5.77,0,,,,,34,13.5,ok
TIC 464491480,284.6196,-64.002,5.77,0,,,,,8,11.3,ok
TIC 319670360,291.6444,-56.922,5.77,0,,,,,5,6.9,ok
TIC 410036261,320.0812,-67.2567,5.77,0,,,,,7,9.3,ok
TIC 409948637,316.6225,-68.6459,5.77,0,,,,,7,11.5,ok
TIC 129178510,302.8159,-43.6623,5.77,0,,,,,2,3.1,ok
TIC 7084946,286.1668,-48.4041,5.77,0,,,,,4,5.6,ok
TIC 38807464,6.6761,-69.3073,5.77,0,,,,,6,8.2,ok
TIC 320056471,293.5249,-56.1003,5.77,0,,,,,5,6.6,ok
TIC 346704014,297.0414,-78.7268,5.78,0,,,,,9,11.8,ok
TIC 38469670,61.8432,-64.22,5.78,0,,,,,42,12.6,ok
TIC 266997506,3.5187,-74.9118,5.78,0,,,,,8,10.5,ok
TIC 140690428,73.2724,-72.4058,5.78,0,,,,,42,14.0,ok
TIC 370205754,314.0146,-58.3585,5.78,0,,,,,7,9.3,ok
TIC 327724621,331.839,-68.7201,5.78,0,,,,,9,11.9,ok
TIC 466231610,303.6115,-63.4156,5.79,0,,,,,8,10.6,ok
TIC 339260231,294.5445,-63.9155,5.79,0,,,,,6,8.3,ok
TIC 319568906,290.904,-53.9462,5.79,0,,,,,5,6.7,ok
TIC 259886108,40.8529,-69.1595,5.79,0,,,,,11,13.1,ok
TIC 453100169,116.2226,-68.7567,5.79,0,,,,,43,13.0,ok
TIC 341000477,311.6946,-64.9099,5.79,0,,,,,6,7.9,ok
TIC 299940359,106.146,-68.2485,5.79,0,,,,,42,12.3,ok
TIC 292297198,279.1273,-69.8851,5.79,0,,,,,9,11.7,ok
TIC 275741365,282.2628,-32.7104,5.8,0,,,,,3,4.3,ok
TIC 382274013,287.5344,-71.5485,5.8,0,,,,,10,13.0,ok
TIC 260192754,93.4185,-56.9185,5.8,0,,,,,42,12.7,ok
TIC 350346371,84.6071,-54.9542,5.81,0,,,,,39,12.5,ok
TIC 220402024,69.5312,-58.2036,5.81,0,,,,,?,149.2,timeout
TIC 253813459,282.9086,-36.4622,5.81,0,,,,,3,4.5,ok
TIC 381912636,323.0032,-58.8152,5.81,0,,,,,5,6.4,ok
TIC 260640910,97.9929,-58.7538,5.81,0,,,,,44,12.8,ok
TIC 150359260,96.0572,-60.2811,5.81,0,,,,,43,12.7,ok
TIC 372039385,309.2275,-67.4194,5.81,0,,,,,7,9.3,ok
TIC 327086399,280.1496,-33.8567,5.81,0,,,,,3,4.3,ok
TIC 166284611,295.6395,-50.6676,5.81,0,,,,,5,6.7,ok
TIC 294159692,107.9808,-56.1552,5.82,0,,,,,31,13.7,ok
TIC 280912523,102.4716,-82.7247,5.82,0,,,,,13,13.2,ok
TIC 424878286,291.4816,-49.8435,5.82,0,,,,,?,0.6,erreur
TIC 300328258,110.7773,-70.6364,5.82,0,,,,,41,12.9,ok
TIC 50377750,32.7229,-75.9589,5.83,0,,,,,10,13.6,ok
TIC 410464609,320.4417,-64.4097,5.83,0,,,,,8,10.3,ok
TIC 466095512,294.8507,-69.3379,5.83,0,,,,,10,13.1,ok
TIC 113246307,293.0921,-33.7567,5.83,0,,,,,4,5.6,ok
TIC 451607620,284.4227,-85.5655,5.83,0,,,,,8,10.7,ok
TIC 279321185,104.2755,-55.0474,5.83,0,,,,,29,15.5,ok
TIC 113583603,293.5354,-40.0347,5.84,0,,,,,2,4.2,ok
TIC 181655818,13.7524,-74.3015,5.84,0,,,,,6,8.1,ok
TIC 324654011,312.9432,-82.5362,5.84,0,,,,,8,10.9,ok
TIC 290591466,306.6091,-37.1092,5.84,0,,,,,3,4.3,ok
TIC 31867144,52.7158,-66.4897,5.84,0,,,,,19,12.6,ok
TIC 101588050,302.0395,-52.5779,5.84,0,,,,,5,7.0,ok
TIC 38847248,8.349,-71.2663,5.85,0,,,,,7,9.1,ok
TIC 219427489,80.3464,-51.5751,5.85,0,,,,,13,13.5,ok
TIC 31695387,289.1366,-33.5223,5.85,0,,,,,3,4.4,ok
TIC 112243846,290.6996,-32.5033,5.85,0,,,,,5,6.9,ok
TIC 129139856,302.6634,-46.7355,5.85,0,,,,,4,5.7,ok
TIC 259901747,41.5285,-68.8904,5.85,0,,,,,9,12.1,ok
TIC 381949031,76.3481,-57.1951,5.85,0,,,,,?,1.0,erreur
TIC 394086684,339.0152,-65.1194,5.86,0,,,,,11,13.1,ok
TIC 393977332,322.7515,-56.8847,5.86,0,,,,,9,11.7,ok
TIC 354899658,300.9003,-37.5292,5.86,0,,,,,2,4.9,ok
TIC 7014733,285.8641,-50.3168,5.86,0,,,,,3,4.2,ok
TIC 441210585,294.53,-38.7582,5.86,0,,,,,3,4.4,ok
TIC 305065042,289.5411,-53.3877,5.87,0,,,,,5,6.9,ok
TIC 177116244,103.9207,-68.5054,5.87,0,,,,,41,13.0,ok
TIC 319869555,292.6447,-55.1101,5.87,0,,,,,5,6.9,ok
TIC 150357613,96.1106,-63.4296,5.87,0,,,,,40,13.3,ok
TIC 30722080,75.3867,-68.0285,5.87,0,,,,,31,12.5,ok
TIC 341359462,316.1642,-64.0476,5.88,0,,,,,6,12.6,ok
TIC 253979617,284.5619,-37.3171,5.88,0,,,,,3,5.9,ok
TIC 98130873,290.1973,-38.7464,5.88,0,,,,,4,5.6,ok
TIC 176930969,100.4258,-71.2176,5.88,0,,,,,29,16.5,ok
TIC 158442384,289.153,-52.438,5.89,0,,,,,5,6.7,ok
TIC 219919806,283.0364,-44.5366,5.89,0,,,,,4,5.9,ok
TIC 278454368,303.6192,-35.8369,5.89,0,,,,,3,4.3,ok
TIC 350295877,83.4357,-54.9022,5.89,0,,,,,39,12.9,ok
TIC 32360983,290.3748,-34.984,5.89,0,,,,,4,5.8,ok
TIC 294327531,108.9149,-58.8055,5.89,0,,,,,31,13.2,ok
TIC 300039724,107.82,-70.1188,5.89,0,,,,,41,12.7,ok
TIC 441315390,308.6763,-34.2946,5.89,0,,,,,3,4.3,ok
TIC 61856320,289.5041,-45.6244,5.9,0,,,,,5,7.8,ok
TIC 320330186,295.4094,-55.2662,5.9,0,,,,,4,5.9,ok
TIC 406319088,326.583,-62.5501,5.9,0,,,,,11,12.9,ok
TIC 230968006,287.8415,-56.3067,5.9,0,,,,,5,6.9,ok
TIC 259765082,323.2164,-64.1501,5.91,0,,,,,8,10.2,ok
TIC 259862594,40.1683,-69.2331,5.91,0,,,,,11,13.0,ok
TIC 290543478,4.0703,-79.8516,5.91,0,,,,,7,9.1,ok
TIC 220418532,71.7788,-59.137,5.91,0,,,,,44,13.0,ok
TIC 164551412,306.178,-29.0782,5.91,0,,,,,4,5.5,ok
TIC 6524232,284.1334,-48.9925,5.91,0,,,,,4,5.7,ok
TIC 177077420,103.153,-70.5098,5.91,0,,,,,31,12.9,ok
TIC 290422635,306.0035,-41.7956,5.92,0,,,,,3,4.3,ok
TIC 280911834,101.9168,-81.0651,5.92,0,,,,,13,13.4,ok
TIC 303974454,24.1416,-76.3719,5.92,0,,,,,6,8.0,ok
TIC 61458992,287.9221,-46.8811,5.92,0,,,,,5,7.2,ok
TIC 177354054,104.3344,-75.9877,5.92,0,,,,,31,13.2,ok
TIC 381950979,76.6023,-56.2314,5.93,0,,,,,36,12.9,ok
TIC 304792964,279.6765,-70.2355,5.93,0,,,,,?,0.8,erreur
TIC 62227239,291.2329,-44.1949,5.93,0,,,,,5,7.2,ok
TIC 31747041,49.4972,-66.9268,5.93,0,,,,,16,12.9,ok
TIC 327303574,310.4382,-75.352,5.93,0,,,,,9,16.0,ok
TIC 370137810,46.6798,-72.0247,5.93,0,,,,,14,13.1,ok
TIC 177034802,102.605,-69.9863,5.93,0,,,,,37,12.5,ok
TIC 351532879,309.16,-63.1215,5.94,0,,,,,6,12.1,ok
TIC 150322340,95.6288,-60.2182,5.94,0,,,,,43,12.6,ok
TIC 126584063,314.4118,-44.1363,5.94,0,,,,,5,6.8,ok
TIC 278684936,99.0643,-55.8629,5.94,0,,,,,42,12.9,ok
TIC 91430917,313.4347,-44.3408,5.95,0,,,,,4,5.3,ok
TIC 425767093,292.2036,-42.1161,5.95,0,,,,,4,6.0,ok
TIC 98120652,290.056,-36.2278,5.95,0,,,,,4,5.5,ok
TIC 318235184,315.1361,-83.1466,5.95,0,,,,,7,9.2,ok
TIC 235061209,83.6033,-52.6287,5.95,0,,,,,13,12.9,ok
TIC 140580875,68.5643,-73.2084,5.95,0,,,,,35,12.0,ok
TIC 114733031,300.9265,-36.0598,5.95,0,,,,,2,2.9,ok
TIC 350334336,84.0902,-57.4576,5.96,0,,,,,31,13.2,ok
TIC 254068483,285.6828,-36.6581,5.96,0,,,,,2,3.0,ok
TIC 150393390,96.7998,-60.7285,5.96,0,,,,,44,12.8,ok
TIC 34798133,306.9342,-30.8716,5.96,0,,,,,3,4.2,ok
TIC 149630160,87.402,-60.6762,5.96,0,,,,,38,13.4,ok
TIC 389611277,312.1508,-43.0077,5.97,0,,,,,4,5.5,ok
TIC 320266984,295.2203,-58.2698,5.97,0,,,,,6,8.6,ok
TIC 169444915,292.7768,-29.4954,5.97,0,,,,,5,6.7,ok
TIC 339769900,111.0379,-58.491,5.97,0,,,,,33,12.4,ok
TIC 300739338,115.126,-69.846,5.97,0,,,,,32,13.2,ok
TIC 254068094,285.6555,-38.2849,5.97,0,,,,,2,3.4,ok
TIC 279511712,105.8128,-59.178,5.97,0,,,,,43,13.1,ok
TIC 150274386,94.9993,-61.3291,5.97,0,,,,,43,13.1,ok
TIC 97983710,289.8394,-36.8948,5.97,0,,,,,4,5.6,ok
TIC 112334565,290.9591,-34.967,5.97,0,,,,,4,11.2,ok
TIC 143463658,294.9239,-45.2785,5.97,0,,,,,5,6.7,ok
TIC 318087025,306.2302,-83.3106,5.97,0,,,,,10,13.4,ok
TIC 404968457,85.374,-70.0337,5.97,0,,,,,27,12.5,ok
TIC 231640069,318.386,-54.9888,5.97,0,,,,,5,6.8,ok
TIC 421358611,292.8426,-46.273,5.98,0,,,,,4,5.7,ok
TIC 126565548,314.2266,-43.664,5.98,0,,,,,4,5.6,ok
TIC 396089749,297.368,-65.9793,5.98,0,,,,,7,9.2,ok
TIC 410148949,339.879,-68.0606,5.98,0,,,,,9,11.5,ok
TIC 421432683,293.0568,-44.5461,5.98,0,,,,,5,6.7,ok
TIC 231636215,317.8932,-56.5173,5.98,0,,,,,8,10.7,ok
TIC 461736510,84.9944,-85.9143,5.98,0,,,,,8,10.8,ok
TIC 300020398,297.0633,-37.848,5.99,0,,,,,4,5.3,ok
TIC 126746626,316.034,-47.961,5.99,0,,,,,3,5.1,ok
TIC 339728935,110.7363,-55.5764,5.99,0,,,,,20,12.4,ok
TIC 406122216,286.7318,-48.2992,5.99,0,,,,,5,6.8,ok
TIC 34613661,305.7722,-33.0482,6.0,0,,,,,3,4.6,ok
TIC 410338728,45.8058,-85.6394,6.0,0,,,,,8,11.8,ok
TIC 380821639,287.3406,-34.4899,6.0,0,,,,,3,4.5,ok
TIC 451565878,270.3921,-85.2159,6.0,0,,,,,8,10.9,ok
TIC 257720503,78.3273,-59.5855,6.0,0,,,,,32,12.1,ok
TIC 278319585,303.0986,-35.7828,6.0,0,,,,,3,4.6,ok
TIC 32052027,57.2515,-69.8786,6.0,0,,,,,38,13.1,ok
TIC 149250753,82.5662,-63.9273,6.0,0,,81.0,rejete,variabilite_continue;eclipse_secondaire,43,18.5,ok
TIC 451507272,255.2448,-86.3643,6.01,0,,,,,6,8.2,ok
TIC 197981077,325.9944,-57.3256,6.01,0,,,,,7,9.5,ok
TIC 318567328,332.3528,-70.9041,6.02,0,,,,,10,13.7,ok
TIC 371796948,305.3652,-66.7497,6.03,0,,,,,8,16.1,ok
TIC 397232783,101.7447,-87.0249,6.04,0,,,,,7,9.7,ok
TIC 277130983,282.992,-83.3165,6.04,0,,,,,7,9.8,ok
TIC 261136000,83.9009,-78.8207,6.04,0,,,,,?,5.2,erreur
TIC 352289506,298.6684,-61.1707,6.06,0,,,,,8,10.6,ok
TIC 260795404,347.4364,-67.8766,6.07,0,,,,,10,13.1,ok
TIC 41533357,93.7747,-71.7024,6.07,0,,,,,41,13.9,ok
TIC 231824922,86.6171,-53.2203,6.08,0,,,,,?,0.7,erreur
TIC 406092887,283.2596,-48.3615,6.08,0,,,,,4,5.9,ok
TIC 349096525,108.0083,-63.1901,6.08,0,,,,,26,13.0,ok
TIC 382384315,289.1194,-69.191,6.09,0,,,,,9,11.9,ok
TIC 279360385,104.6512,-56.3951,6.09,0,,,,,36,13.0,ok
TIC 152797900,305.0608,-34.5857,6.1,0,,,,,3,4.4,ok
TIC 253966001,284.3934,-39.8229,6.1,0,,,,,3,4.4,ok
TIC 167814656,104.9962,-61.3343,6.1,0,,,,,44,13.0,ok
TIC 149248196,82.1875,-65.4475,6.11,0,,,,,36,13.3,ok
TIC 327594610,326.3704,-71.0089,6.11,0,,,,,7,9.1,ok
TIC 234282954,335.2689,-62.5486,6.11,0,,,,,7,9.4,ok
TIC 277913391,354.9092,-72.7274,6.11,0,,,,,9,11.8,ok
TIC 201532957,283.2496,-46.5863,6.12,0,,,,,3,4.2,ok
TIC 299697326,295.9068,-37.5389,6.12,0,,,,,3,4.6,ok
TIC 341080012,312.9117,-62.4297,6.13,0,,,,,7,9.3,ok
TIC 141411201,84.2619,-73.7001,6.15,0,,,,,42,13.4,ok
TIC 411977884,291.0513,-62.998,6.15,0,,,,,4,5.6,ok
TIC 300611652,299.4229,-38.0595,6.15,0,,,,,3,4.5,ok
TIC 340110295,280.5932,-47.7612,6.15,0,,,,,3,4.5,ok
TIC 38602305,64.4179,-63.2552,6.16,0,,,,,43,12.9,ok
TIC 152624787,304.1102,-35.1981,6.16,0,,,,,3,4.5,ok
TIC 318566416,331.9737,-70.2856,6.16,0,,,,,10,13.5,ok
TIC 79404795,320.3469,-51.7533,6.16,0,,,,,6,8.7,ok
TIC 290376803,330.4688,-77.6626,6.17,0,,,,,7,10.2,ok
TIC 34864575,307.1948,-35.596,6.17,0,,,,,3,4.3,ok
TIC 290824002,308.3446,-41.5261,6.18,0,,,,,3,4.3,ok
TIC 39071103,13.1022,-69.5042,6.18,0,,,,,9,11.9,ok
TIC 382147200,80.5922,-56.1342,6.19,0,,,,,29,12.7,ok
TIC 142085842,98.51,-77.6881,6.19,0,,,,,42,13.4,ok
TIC 467933738,282.4322,-72.9958,6.19,0,,,,,10,13.4,ok
TIC 464344675,280.5942,-64.6433,6.2,0,,,,,?,998.0,timeout
TIC 410418820,82.5574,-84.7848,6.21,0,,,,,?,155.8,timeout
TIC 113051738,292.563,-32.0917,6.21,0,,,,,5,13.5,ok
TIC 260823248,348.5383,-70.0576,6.21,0,,,,,7,22.5,ok
TIC 453099404,116.0533,-69.8215,6.21,0,,,,,44,20.6,ok
TIC 101882563,304.4327,-51.9172,6.21,0,,,,,4,10.3,ok
TIC 403121375,324.5124,-64.8242,6.21,0,,,,,8,14.1,ok
TIC 290356320,232.0603,-88.1336,6.22,0,,,,,6,10.6,ok
TIC 374343837,299.7215,-68.7631,6.22,0,,,,,8,10.4,ok
TIC 231725691,81.1928,-52.3164,6.22,0,,,,,11,13.3,ok
TIC 29987134,72.8354,-68.0692,6.22,0,,,,,43,13.2,ok
TIC 272427921,119.8155,-73.2443,6.22,0,,,,,29,12.6,ok
TIC 404376186,323.4786,-82.6831,6.23,0,,,,,7,9.2,ok
TIC 259901124,41.4056,-71.236,6.23,0,,,,,13,13.3,ok
TIC 376135345,292.0257,-69.6313,6.23,0,,,,,5,6.8,ok
TIC 300844158,300.3618,-40.8146,6.23,0,,,,,3,4.0,ok
TIC 374859347,88.5169,-60.0239,6.25,0,,,,,42,12.7,ok
TIC 158158265,281.7463,-50.0949,6.25,0,,,,,5,7.3,ok
TIC 101311292,300.0354,-50.2166,6.25,0,,,,,4,5.9,ok
TIC 253624222,281.2466,-39.7514,6.27,0,,,,,2,4.2,ok
TIC 376986714,76.831,-83.8589,6.27,0,,,,,10,13.8,ok
TIC 419666736,341.3836,-88.8185,6.28,0,,,,,6,8.2,ok
TIC 140893238,76.5392,-73.0372,6.28,0,,245.6,rejete,variabilite_continue;eclipse_secondaire,43,18.3,ok
TIC 372318215,315.3664,-68.2095,6.28,0,,,,,6,8.2,ok
TIC 150442264,97.7942,-61.8795,6.29,0,,61.8,rejete,variabilite_continue;eclipse_secondaire,39,18.8,ok
TIC 372315670,315.0334,-69.5814,6.29,0,,,,,7,9.9,ok
TIC 279159916,103.1892,-59.3409,6.29,0,,,,,29,12.5,ok
TIC 254220246,287.7579,-39.0048,6.29,0,,,,,3,4.4,ok
TIC 469979280,342.3231,-70.3478,6.29,0,,,,,11,12.9,ok
TIC 149176305,81.9118,-60.4167,6.3,0,,,,,41,12.8,ok
TIC 373916957,81.749,-68.6227,6.3,0,,,,,38,14.2,ok
TIC 354670806,321.1723,-68.2266,6.31,0,,,,,5,7.3,ok
TIC 38586082,64.088,-60.9483,6.31,0,,,,,33,12.7,ok
TIC 273945912,30.2424,-78.8707,6.31,0,,,,,10,12.8,ok
TIC 1988853839,312.9132,-62.4295,6.32,0,,,,,6,9.1,ok
TIC 129276723,303.4803,-45.1652,6.32,0,,,,,2,3.1,ok
TIC 114786312,301.0119,-37.8792,6.33,0,,,,,2,2.9,ok
TIC 238871118,38.4355,-72.3492,6.33,0,,,,,12,13.5,ok
TIC 290542693,4.2038,-78.7803,6.33,0,,,,,6,8.1,ok
TIC 266968029,2.6636,-73.2243,6.33,0,,,,,7,10.6,ok
TIC 166628329,313.6464,-50.7275,6.33,0,,,,,3,4.3,ok
TIC 339546330,297.5907,-61.0611,6.34,0,,,,,7,9.2,ok
TIC 261643880,351.0781,-72.1655,6.35,0,,,,,9,11.3,ok
TIC 466098380,294.968,-66.6858,6.36,0,,,,,8,10.7,ok
TIC 32035258,56.3494,-71.6578,6.37,0,,,,,24,12.7,ok
TIC 141026903,78.8529,-73.5884,6.37,0,,,,,32,13.2,ok
TIC 150357404,96.2324,-63.8281,6.38,0,,,,,39,12.6,ok
TIC 260420061,95.9457,-58.5437,6.38,0,,,,,44,13.2,ok
TIC 277103567,84.229,-66.5602,6.38,0,,,,,29,13.7,ok
TIC 350295056,83.394,-57.0828,6.38,0,,,,,?,0.6,erreur
TIC 345173268,281.5639,-72.8141,6.38,0,,,,,6,8.2,ok
TIC 352510765,325.1205,-74.0728,6.38,0,,,,,6,9.4,ok
TIC 351920521,280.5608,-81.8082,6.38,0,,,,,8,11.0,ok
TIC 406098569,283.3,-51.9315,6.38,0,,,,,4,5.5,ok
TIC 197981057,326.0,-57.2834,6.39,0,,,,,10,12.6,ok
TIC 441246257,294.9818,-39.4333,6.39,0,,,,,2,3.0,ok
TIC 358071115,47.5819,-74.2951,6.39,0,,,,,18,12.8,ok
TIC 410273682,298.1633,-54.9764,6.39,0,,,,,4,5.8,ok
TIC 410422209,319.5023,-64.6818,6.39,0,,,,,7,9.3,ok
TIC 401701660,317.3499,-82.0276,6.39,0,,,,,9,11.9,ok
TIC 39048880,12.7181,-71.1512,6.4,0,,,,,8,10.3,ok
TIC 220456828,74.2811,-58.0689,6.4,0,,,,,42,13.2,ok
TIC 166348459,297.9282,-50.9794,6.4,0,,,,,4,5.8,ok
TIC 300329283,111.1549,-71.4704,6.4,0,,,,,31,13.3,ok
TIC 371797294,305.4006,-67.3127,6.4,0,,,,,4,5.9,ok
TIC 220476607,75.5704,-56.0754,6.41,0,,,,,34,12.8,ok
TIC 238169432,356.8483,-68.3942,6.43,0,,,,,10,12.8,ok
TIC 79394645,319.9644,-53.4499,6.44,0,,,,,4,5.5,ok
TIC 327724364,331.8703,-68.0239,6.44,0,,,,,11,12.8,ok
TIC 238869865,38.3214,-75.8933,6.44,0,,,,,14,13.0,ok
TIC 167005517,94.8129,-69.7841,6.45,0,,,,,41,12.7,ok
TIC 389298058,303.3912,-38.4492,6.45,0,,,,,2,3.0,ok
TIC 231626393,316.9637,-54.2171,6.46,0,,,,,6,7.8,ok
TIC 339635291,110.0953,-56.2942,6.47,0,,,,,23,13.1,ok
TIC 404351212,323.3391,-80.0395,6.47,0,,,,,7,9.4,ok
TIC 6402381,283.6352,-49.8793,6.48,0,,,,,3,4.3,ok
TIC 340358640,115.5425,-58.6309,6.49,0,,,,,19,13.0,ok
TIC 254045251,285.268,-37.0617,6.51,0,,,,,2,2.9,ok
TIC 253996491,284.7957,-39.5349,6.52,0,,,,,3,4.4,ok
TIC 257721857,78.3669,-55.5696,6.52,0,,,,,33,12.3,ok
TIC 25078674,60.1825,-71.1666,6.53,0,,,,,21,13.0,ok
TIC 254181874,287.4015,-36.1649,6.53,0,,,,,3,4.3,ok
TIC 166650821,313.7857,-52.1206,6.54,0,,,,,3,4.3,ok
TIC 150394126,96.9526,-62.1497,6.54,0,,,,,?,1000.1,timeout
TIC 293975288,107.0274,-57.3309,6.54,0,,,,,?,148.3,timeout
TIC 394275950,29.1607,-81.4991,6.56,0,,,,,10,13.1,ok
TIC 164382752,305.1162,-29.1972,6.56,0,,,,,4,5.5,ok
TIC 269742895,65.7119,-82.899,6.57,0,,,,,?,153.2,timeout
TIC 293973218,106.8177,-59.7164,6.57,0,,,,,44,13.0,ok
TIC 300614319,299.5562,-36.6873,6.57,0,,,,,3,7.9,ok
TIC 220405047,70.0744,-58.9427,6.57,0,,,,,16,19.4,ok
TIC 294327312,108.8709,-58.5426,6.58,0,,107.3,rejete,variabilite_continue;eclipse_secondaire;compagnon_trop_gros_5.0Rjup,23,22.9,ok
TIC 419667736,338.0403,-69.1081,6.58,0,,,,,7,16.2,ok
TIC 262885414,53.6042,-65.7641,6.58,0,,,,,20,15.2,ok
TIC 327303570,310.4443,-75.3476,6.58,0,,,,,9,11.8,ok
TIC 439440472,301.3835,-32.9999,6.58,0,,,,,3,4.1,ok
TIC 112995114,292.4191,-30.7996,6.59,0,,,,,5,7.0,ok
TIC 360689837,290.7459,-54.5386,6.59,0,,,,,5,7.2,ok
TIC 246729528,283.5066,-47.2746,6.59,0,,,,,4,5.4,ok
TIC 141828072,93.6748,-73.6263,6.59,0,,,,,29,12.5,ok
TIC 300604036,113.3408,-68.7686,6.59,0,,,,,21,12.9,ok
TIC 259719464,322.702,-62.1682,6.6,0,,,,,9,11.4,ok
TIC 38909679,69.7053,-62.3783,6.6,0,,,,,21,12.7,ok
TIC 114816470,304.2109,-40.9059,6.6,0,,,,,3,4.2,ok
TIC 55404385,78.0134,-65.1753,6.61,0,,17.8,rejete,eclipse_secondaire,39,17.8,ok
TIC 340459410,115.6495,-59.2963,6.62,0,,,,,25,13.1,ok
TIC 38510324,62.531,-61.5995,6.62,0,,,,,32,12.7,ok
TIC 271580224,319.5683,-75.347,6.62,0,,,,,7,9.5,ok
TIC 276843427,283.1737,-30.7342,6.64,0,,,,,3,4.3,ok
TIC 141186075,81.3263,-75.6946,6.64,0,,,,,42,12.7,ok
TIC 300160320,109.2388,-71.7492,6.66,0,,,,,41,12.8,ok
TIC 421918385,342.424,-77.0511,6.66,0,,,,,7,10.1,ok
TIC 370041241,65.9833,-66.7367,6.67,0,,,,,23,13.0,ok
TIC 300088321,108.0772,-67.7842,6.67,0,,,,,?,0.7,erreur
TIC 261137158,83.9128,-81.6117,6.67,0,,,,,18,13.4,ok
TIC 410355565,55.6386,-85.2618,6.68,0,,,,,9,12.2,ok
TIC 261462443,334.7076,-68.3144,6.68,0,,,,,11,12.9,ok
TIC 381987118,284.2375,-67.2334,6.69,0,,,,,8,10.2,ok
TIC 392706770,327.407,-82.4344,6.69,0,,,,,7,9.5,ok
TIC 300081980,297.3916,-37.7813,6.69,0,,,,,3,4.4,ok
TIC 140898575,76.6535,-77.5705,6.7,0,,,,,43,13.2,ok
TIC 364395684,116.5961,-61.4281,6.7,0,,,,,34,12.7,ok
TIC 79153687,316.5714,-48.5266,6.7,0,,,,,5,6.8,ok
TIC 274144464,143.318,-86.0102,6.7,0,,,,,10,13.7,ok
TIC 349190908,108.5921,-61.0697,6.72,0,,,,,42,13.1,ok
TIC 382259669,82.6858,-57.1601,6.73,0,,,,,33,12.8,ok
TIC 238196350,57.0495,-74.6939,6.74,0,,,,,31,13.5,ok
TIC 300611942,299.4049,-37.7448,6.75,0,,,,,3,4.4,ok
TIC 238815210,328.0412,-62.053,6.75,0,,,,,11,12.7,ok
TIC 176935619,100.6061,-67.8428,6.76,0,,,,,39,13.0,ok
TIC 278684081,99.114,-57.5388,6.76,0,,,,,42,13.2,ok
TIC 453096328,114.0801,-69.0564,6.76,0,,,,,30,12.7,ok
TIC 201643820,288.699,-58.0091,6.76,0,,,,,4,5.7,ok
TIC 374858533,88.3113,-61.8394,6.76,0,,,,,30,12.7,ok
TIC 100606047,309.7589,-49.3313,6.76,0,,,,,3,4.3,ok
TIC 300448625,111.7724,-68.6148,6.77,0,,,,,41,12.9,ok
TIC 267433369,9.6687,-73.1376,6.77,0,,,,,7,9.7,ok
TIC 294392620,108.9884,-55.7327,6.77,0,,,,,22,13.0,ok
TIC 220405048,70.0765,-58.9427,6.77,0,,,,,34,13.1,ok
TIC 39071101,13.1183,-69.5034,6.78,0,,,,,9,12.2,ok
TIC 97986726,289.8795,-36.6592,6.79,0,,,,,3,4.5,ok
TIC 140596513,68.6464,-72.7334,6.79,0,,,,,?,1001.3,timeout
TIC 290305042,328.6834,-73.4416,6.8,0,,,,,7,10.1,ok
TIC 372819370,67.8489,-59.7668,6.81,0,,,,,19,12.7,ok
TIC 431479801,49.7399,-73.9869,6.81,0,,,,,20,13.3,ok
TIC 271972463,113.9039,-75.5443,6.81,0,,,,,41,13.0,ok
TIC 2025820827,327.7376,-82.7187,6.81,0,,,,,6,8.2,ok
TIC 464415840,282.0267,-62.2303,6.82,0,,,,,8,10.2,ok
TIC 254051086,285.2636,-37.0611,6.82,0,,,,,2,3.1,ok
TIC 141811261,92.6101,-77.1055,6.82,0,,,,,21,12.6,ok
TIC 279249351,103.9717,-56.938,6.83,0,,,,,?,0.6,erreur
TIC 340786513,292.0458,-73.0911,6.83,0,,,,,10,12.9,ok
TIC 41487605,93.4207,-66.6796,6.85,0,,,,,29,13.2,ok
TIC 423241700,297.8095,-72.7956,6.85,0,,,,,6,8.4,ok
TIC 32001054,56.195,-70.0273,6.86,0,,,,,35,13.0,ok
TIC 167415800,99.4102,-70.6041,6.86,0,,,,,40,13.1,ok
TIC 381952089,76.8921,-54.9886,6.87,0,,,,,27,13.0,ok
TIC 254278612,288.8976,-36.9495,6.87,0,,,,,3,4.4,ok
TIC 382179647,304.4574,-40.1846,6.87,0,,,,,2,3.2,ok
TIC 234281360,334.1215,-63.3386,6.87,0,,,,,7,9.1,ok
TIC 273228569,320.572,-80.1147,6.88,0,,,,,3,4.6,ok
TIC 261592170,350.1548,-75.6326,6.88,0,,,,,10,12.8,ok
TIC 167889542,105.2708,-65.706,6.88,0,,,,,?,0.6,erreur
TIC 129543945,305.2253,-45.546,6.88,0,,,,,3,4.3,ok
TIC 266905680,1.1275,-72.8976,6.89,0,,,,,8,10.3,ok
TIC 113425037,293.4259,-34.1979,6.89,0,,,,,2,3.0,ok
TIC 276676383,269.5385,-81.4542,6.89,0,,,,,9,11.7,ok
TIC 55501315,71.8412,-61.4763,6.9,0,,,,,42,12.7,ok
TIC 319567241,290.9164,-55.9359,6.9,0,,,,,4,5.6,ok
TIC 149479101,85.4896,-62.9137,6.9,0,,,,,29,12.5,ok
TIC 129463749,304.6636,-42.6212,6.91,0,,,,,3,4.2,ok
TIC 419792721,325.1081,-71.5037,6.91,0,,,,,6,8.1,ok
TIC 351534793,309.4627,-60.6349,6.92,0,,,,,7,9.2,ok
TIC 33770773,63.2798,-72.8205,6.95,0,,,,,42,13.0,ok
TIC 290358640,305.4301,-36.6104,6.96,0,,,,,3,4.2,ok
TIC 350858713,90.2309,-54.9513,6.96,0,,,,,42,12.9,ok
TIC 267435281,9.5708,-73.9635,6.96,0,,,,,8,10.7,ok
TIC 280726888,345.7217,-82.709,6.96,0,,,,,7,9.6,ok
TIC 466131866,295.9995,-66.2991,6.96,0,,,,,8,10.4,ok
TIC 382276154,287.4803,-68.3,6.96,0,,,,,6,8.3,ok
TIC 300703532,114.56,-67.4481,6.97,0,,,,,43,12.7,ok
TIC 220378915,320.918,-55.544,6.97,0,,,,,6,8.0,ok
TIC 253623437,281.1655,-41.436,6.97,0,,,,,2,3.3,ok
TIC 79249818,318.1983,-51.5138,6.98,0,,,,,5,7.9,ok
TIC 271638135,108.8786,-75.8642,6.98,0,,,,,40,12.9,ok
TIC 128709723,299.7447,-46.0878,6.98,0,,,,,4,5.5,ok
TIC 294754816,71.497,-66.0785,6.99,0,,,,,42,12.9,ok
TIC 349273907,109.1557,-64.1242,6.99,0,,,,,44,12.9,ok
TIC 340362225,115.5484,-55.1789,6.99,0,,,,,8,10.5,ok
TIC 31870141,53.2471,-67.42,7.0,0,,,,,15,12.9,ok
TIC 410187303,353.6453,-70.9626,7.0,0,,,,,10,12.9,ok
TIC 152796589,304.9922,-32.6165,7.0,0,,,,,2,3.0,ok
TIC 389368692,85.6741,-67.1391,7.01,0,,,,,29,12.6,ok
TIC 32001057,56.2563,-70.0248,7.03,0,,,,,36,12.9,ok
TIC 370016916,290.2754,-52.7222,7.03,0,,,,,5,6.8,ok
TIC 372223062,313.9199,-66.15,7.03,0,,,,,4,5.8,ok
TIC 350518530,86.0566,-55.6952,7.04,0,,,,,40,12.9,ok
TIC 464547765,285.6513,-64.9273,7.04,0,,,,,8,10.4,ok
TIC 268886967,282.832,-44.4764,7.04,0,,,,,3,4.3,ok
TIC 397231463,101.5577,-83.9911,7.04,0,,,,,13,13.4,ok
TIC 301370769,301.3319,-29.0804,7.05,0,,,,,3,4.2,ok
TIC 231074032,67.5508,-67.8746,7.05,0,,,,,43,12.7,ok
TIC 425865767,320.6497,-55.7838,7.05,0,,,,,6,8.2,ok
TIC 350622984,87.5497,-55.0807,7.05,0,,,,,37,12.3,ok
TIC 302030721,306.8689,-28.8141,7.06,0,,,,,2,3.1,ok
TIC 317383399,65.3309,-87.8125,7.06,0,,,,,?,146.8,timeout
TIC 257653274,292.2316,-84.7207,7.07,0,,,,,8,10.6,ok
TIC 350342269,84.4511,-54.5635,7.07,0,,,,,16,12.5,ok
TIC 451558465,267.9669,-84.1112,7.07,0,,,,,9,12.1,ok
TIC 97623696,296.9621,-29.1591,7.08,0,,,,,4,5.3,ok
TIC 370111235,305.1598,-58.7296,7.08,0,,,,,7,9.2,ok
TIC 231631019,317.6072,-54.5739,7.08,0,,,,,6,8.1,ok
TIC 340638289,116.6127,-59.0891,7.09,0,,,,,15,12.6,ok
TIC 469828125,302.2662,-74.2206,7.09,0,,,,,6,8.1,ok
TIC 404159381,296.4778,-52.5318,7.09,0,,,,,4,5.6,ok
TIC 271971626,113.8402,-74.2748,7.09,0,,,,,42,13.3,ok
TIC 260795451,347.4147,-67.7343,7.09,0,,,,,7,9.6,ok
TIC 183641919,19.8383,-76.149,7.09,0,,,,,6,8.1,ok
TIC 376987652,77.6088,-80.4073,7.1,0,,,,,22,12.7,ok
TIC 469811792,299.8427,-74.1305,7.1,0,,,,,4,5.6,ok
TIC 370101728,69.99,-71.5059,7.1,0,,,,,41,12.4,ok
TIC 180205840,11.0352,-74.2656,7.11,0,,,,,8,10.8,ok
TIC 404224395,355.982,-82.5092,7.11,0,,,,,8,10.6,ok
TIC 375057127,99.6602,-60.183,7.12,0,,95.6,rejete,variabilite_continue;eclipse_secondaire,30,18.0,ok
TIC 253683473,281.8293,-37.5489,7.12,0,,,,,2,3.3,ok
TIC 327305219,310.8097,-76.5485,7.12,0,,,,,8,10.6,ok
TIC 273605663,358.2029,-72.3994,7.12,0,,,,,7,9.3,ok
TIC 451538080,264.8441,-86.8852,7.12,0,,,,,7,9.3,ok
TIC 176931266,100.2607,-70.6507,7.13,0,,,,,19,13.1,ok
TIC 279317755,104.0975,-57.5775,7.13,0,,,,,42,12.8,ok
TIC 370222613,73.3667,-72.7649,7.13,0,,,,,22,14.0,ok
TIC 48777312,301.8317,-35.5401,7.13,0,,,,,3,4.3,ok
TIC 55661424,74.2774,-65.0156,7.14,0,,,,,20,13.0,ok
TIC 266907710,1.8086,-76.731,7.15,0,,,,,8,10.7,ok
TIC 140827588,75.4836,-76.6294,7.15,0,,,,,42,13.1,ok
TIC 300811971,116.5761,-71.7199,7.15,0,,,,,?,0.6,erreur
TIC 177309385,103.3171,-74.7239,7.16,0,,,,,42,13.0,ok
TIC 349764112,112.8501,-64.3719,7.16,0,,,,,42,12.9,ok
TIC 79183127,317.4306,-50.9107,7.16,0,,,,,5,6.9,ok
TIC 253888495,283.8295,-37.5009,7.16,0,,,,,2,3.1,ok
TIC 260542710,97.076,-59.6179,7.16,0,,,,,41,12.9,ok
TIC 299901449,106.4047,-71.2704,7.16,0,,,,,43,13.0,ok
TIC 260474813,96.2741,-55.7248,7.17,0,,,,,41,12.9,ok
TIC 389047458,332.7157,-63.0995,7.17,0,,,,,7,9.5,ok
TIC 150165182,93.1342,-61.474,7.17,0,,,,,27,12.9,ok
TIC 389920950,87.7523,-69.9029,7.18,0,,,,,37,13.1,ok
TIC 382179645,304.4605,-40.1859,7.18,0,,,,,3,4.3,ok
TIC 166972537,94.5865,-69.1627,7.18,0,,,,,41,13.6,ok
TIC 349679418,112.487,-61.25,7.19,0,,,,,38,13.2,ok
TIC 412013522,291.4315,-62.1878,7.2,0,,,,,4,5.9,ok
TIC 390997803,287.1326,-30.9731,7.2,0,,,,,5,6.9,ok
TIC 279477956,105.4451,-56.6214,7.21,0,,,,,34,13.2,ok
TIC 101312330,300.05,-48.7486,7.21,0,,,,,4,5.5,ok
TIC 6406550,283.6916,-48.9478,7.21,0,,,,,4,5.3,ok
TIC 218875180,297.4344,-32.7645,7.21,0,,,,,3,4.5,ok
TIC 55272404,76.5465,-62.7874,7.22,0,,,,,40,12.8,ok
TIC 128790976,300.2132,-43.9829,7.22,0,,,,,4,5.6,ok
TIC 317301071,125.0725,-87.7273,7.22,0,,,,,3,4.5,ok
TIC 280867290,101.2889,-82.8958,7.22,0,,,,,13,13.9,ok
TIC 284194255,105.7981,-66.8886,7.22,0,,,,,38,13.2,ok
TIC 79020743,315.3431,-49.3513,7.23,0,,,,,4,5.6,ok
TIC 331731084,320.864,-75.4931,7.23,0,,,,,4,5.8,ok
TIC 260655847,98.1444,-55.6492,7.23,0,,,,,43,13.0,ok
TIC 231631020,317.6087,-54.5747,7.24,0,,,,,6,8.2,ok
TIC 254045302,285.4123,-36.8909,7.24,0,,,,,3,4.3,ok
TIC 237920961,57.0103,-64.8359,7.25,0,,,,,?,148.1,timeout
TIC 372908110,98.0401,-65.315,7.25,0,,,,,38,12.8,ok
TIC 300837344,300.308,-38.6803,7.25,0,,,,,2,2.9,ok
TIC 407621805,71.0243,-76.3048,7.25,0,,,,,43,13.0,ok
TIC 469981586,342.5198,-66.0505,7.26,0,,,,,9,11.8,ok
TIC 317057430,336.8814,-77.7186,7.26,0,,,,,6,8.1,ok
TIC 29832209,66.444,-69.9936,7.26,0,,,,,42,12.7,ok
TIC 112243062,290.7215,-32.922,7.26,0,,,,,4,5.6,ok
TIC 167303815,97.9622,-68.1202,7.27,0,,,,,20,12.3,ok
TIC 237933846,58.9584,-65.1861,7.27,0,,,,,34,12.8,ok
TIC 149253686,82.9003,-61.541,7.27,0,,,,,?,0.6,erreur
TIC 219373714,76.2121,-52.1812,7.27,0,,,,,10,13.1,ok
TIC 409883397,293.7904,-69.9768,7.28,0,,,,,6,8.0,ok
TIC 30631031,75.1643,-70.6238,7.28,0,,47.9,rejete,variabilite_continue;eclipse_secondaire,32,25.6,ok
TIC 220369051,308.3057,-58.1125,7.29,0,,,,,5,7.0,ok
TIC 211217450,280.5098,-34.4668,7.29,0,,,,,3,4.5,ok
TIC 300443794,111.66,-69.5762,7.29,0,,,,,44,12.5,ok
TIC 38698692,66.2871,-64.0778,7.29,0,,,,,38,12.8,ok
TIC 466134845,296.2917,-70.0169,7.3,0,,,,,10,12.7,ok
TIC 410374801,291.0767,-70.1088,7.3,0,,,,,5,6.8,ok
TIC 391901095,115.8335,-70.0649,7.3,0,,,,,42,12.8,ok
TIC 325081244,327.9482,-70.3521,7.3,0,,,,,9,11.5,ok
TIC 34724550,306.665,-30.676,7.3,0,,,,,3,4.9,ok
TIC 273570263,356.7779,-73.0992,7.31,0,,,,,7,9.0,ok
TIC 167119619,96.0086,-70.1867,7.31,0,,,,,38,12.9,ok
TIC 273398705,341.0856,-74.8208,7.32,0,,,,,8,10.5,ok
TIC 403266307,330.9283,-60.4374,7.32,0,,,,,8,9.9,ok
TIC 80058782,297.8641,-42.0936,7.32,0,,,,,4,5.3,ok
TIC 143603006,284.9456,-47.3304,7.32,0,,,,,2,3.2,ok
TIC 238870817,38.2737,-72.4436,7.32,0,,,,,11,13.0,ok
TIC 280053409,46.1528,-77.1665,7.33,0,,,,,14,13.2,ok
TIC 287327575,109.613,-57.3519,7.33,0,,,,,24,12.7,ok
TIC 290459991,237.2705,-87.2669,7.34,0,,,,,5,7.1,ok
TIC 277716351,329.7893,-60.6081,7.34,0,,,,,6,7.8,ok
TIC 467966544,285.0033,-69.9456,7.35,0,,,,,5,6.9,ok
TIC 339547190,297.4828,-62.5669,7.35,0,,,,,4,5.6,ok
TIC 389506883,86.1265,-70.1348,7.35,0,,,,,42,12.9,ok
TIC 55383814,77.4057,-63.7768,7.36,0,,,,,39,12.8,ok
TIC 149120726,80.9416,-62.5822,7.36,0,,,,,40,12.6,ok
TIC 349828641,113.5296,-60.2432,7.36,0,,,,,?,287.5,timeout
TIC 381949148,76.447,-57.553,7.36,0,,,,,?,418.7,timeout
TIC 267046689,5.0688,-77.2225,7.36,0,,,,,6,8.0,ok
TIC 403289680,332.8184,-60.5481,7.36,0,,,,,3,4.4,ok
TIC 140689653,73.0158,-72.9946,7.36,0,,,,,41,13.5,ok
TIC 382198917,81.5181,-58.5614,7.36,0,,,,,21,13.7,ok
TIC 231729308,81.4281,-53.4802,7.37,0,,,,,21,13.6,ok
TIC 290348383,328.721,-77.3393,7.37,0,,,,,7,10.0,ok
TIC 253851993,283.3529,-37.2746,7.37,0,,,,,2,3.2,ok
TIC 453095415,114.1499,-67.6138,7.37,0,,,,,42,12.9,ok
TIC 183494752,19.7612,-77.0306,7.38,0,,,,,8,10.7,ok
TIC 177286026,102.7823,-77.6738,7.39,0,,,,,19,13.3,ok
TIC 300242735,109.8746,-70.2087,7.39,0,,,,,41,12.8,ok
TIC 387137157,291.5971,-63.23,7.39,0,,,,,3,4.5,ok
TIC 41591173,93.9145,-66.2922,7.4,0,,,,,21,12.5,ok
TIC 257611654,293.1824,-81.5309,7.4,0,,,,,5,6.9,ok
TIC 260078030,91.8938,-55.7057,7.4,0,,,,,43,12.9,ok
TIC 349156177,108.316,-64.8734,7.4,0,,,,,32,12.9,ok
TIC 238229227,59.3025,-76.5105,7.41,0,,,,,?,0.8,erreur
TIC 50492150,37.5213,-75.7844,7.41,0,,,,,6,8.4,ok
TIC 369787597,155.0501,-86.5566,7.41,0,,,,,7,9.7,ok
TIC 277034621,279.2601,-79.629,7.41,0,,,,,6,8.6,ok
TIC 272322827,119.0375,-71.9849,7.42,0,,,,,41,14.4,ok
TIC 287273024,109.4129,-59.2619,7.42,0,,,,,?,0.6,erreur
TIC 410342453,299.855,-55.0462,7.42,0,,,,,3,9.5,ok
TIC 375063320,100.3749,-65.4691,7.42,0,,,,,38,12.5,ok
TIC 349310293,109.6616,-63.3866,7.42,0,,,,,30,12.6,ok
TIC 100670109,310.5792,-52.7068,7.42,0,,,,,3,4.9,ok
TIC 401700343,317.3872,-79.2736,7.42,0,,,,,6,8.1,ok
TIC 220432921,73.4018,-57.3322,7.42,0,,,,,40,12.8,ok
TIC 179305185,79.5599,-69.2503,7.42,0,,,,,32,12.5,ok
TIC 401605464,304.1255,-79.0064,7.42,0,,,,,3,4.5,ok
TIC 371836443,305.9747,-66.179,7.43,0,,,,,4,7.1,ok
TIC 279056282,102.5102,-55.9036,7.43,0,,,,,26,12.8,ok
TIC 52366167,23.3757,-70.868,7.43,0,,,,,8,10.4,ok
TIC 340637365,116.5608,-59.813,7.43,0,,,,,24,12.5,ok
TIC 219380984,76.9124,-53.5568,7.43,0,,,,,15,12.9,ok
TIC 271478281,299.1577,-31.3351,7.43,1,12.2735,10.7,rejete,variabilite_continue,4,8.2,ok
TIC 398449624,299.067,-72.3664,7.44,0,,,,,6,7.8,ok
TIC 263003176,12.5504,-83.7437,7.44,0,,,,,9,13.7,ok
TIC 219967673,306.0379,-54.5433,7.44,0,,,,,6,7.9,ok
TIC 407883810,290.2036,-72.6293,7.44,0,,,,,6,8.0,ok
TIC 253972986,284.4934,-38.1704,7.45,0,,,,,3,5.4,ok
TIC 220457967,74.4918,-57.9674,7.45,0,,,,,21,13.1,ok
TIC 290486299,2.5191,-79.0019,7.45,0,,,,,8,11.0,ok
TIC 350519062,86.0837,-56.9159,7.46,0,,,,,21,12.9,ok
TIC 279246287,103.7136,-55.2605,7.46,0,,,,,29,13.1,ok
TIC 149631289,87.5773,-62.0804,7.46,0,,,,,34,13.2,ok
TIC 327788069,312.9046,-73.6925,7.46,0,,,,,7,10.4,ok
TIC 113164011,292.9482,-35.9581,7.46,0,,,,,3,5.0,ok
TIC 114178837,295.3063,-32.8742,7.46,0,,,,,4,7.5,ok
TIC 273396009,340.651,-73.2443,7.46,0,,,,,8,14.7,ok
TIC 421873120,338.7925,-72.5508,7.46,0,,,,,8,11.0,ok
TIC 331635461,305.8266,-72.6523,7.47,0,,,,,4,5.9,ok
TIC 269716804,302.3462,-36.5056,7.47,0,,,,,3,5.4,ok
TIC 411977728,290.9007,-63.1929,7.47,0,,,,,9,12.0,ok
TIC 55500825,71.8137,-62.8292,7.47,0,,,,,42,12.8,ok
TIC 267083739,0.1672,-69.6764,7.48,0,,,,,?,0.8,erreur
TIC 468150691,307.1054,-87.4726,7.48,0,,,,,6,8.4,ok
TIC 294981037,72.2405,-67.7142,7.48,0,,,,,31,13.3,ok
TIC 254273753,288.8343,-39.6627,7.48,0,,,,,4,7.1,ok
TIC 352316369,300.4714,-69.1889,7.49,0,,,,,4,5.6,ok
TIC 38634217,65.0795,-63.1738,7.49,1,1.7211,20.4,rejete,variabilite_continue;eclipse_secondaire,43,19.8,ok
TIC 410399074,291.2858,-66.4671,7.49,0,,,,,5,27.9,ok
TIC 320691598,297.8491,-58.5105,7.5,0,,,,,4,6.9,ok
TIC 100850270,312.291,-48.7703,7.5,0,,,,,3,5.4,ok
TIC 91046891,309.2999,-44.7452,7.5,0,,,,,3,6.2,ok
TIC 149390710,83.9069,-62.0525,7.5,0,,,,,42,13.8,ok
TIC 31509222,89.3101,-69.4774,7.51,0,,,,,35,15.2,ok
TIC 441332688,309.3151,-34.1583,7.51,0,,,,,4,5.4,ok
TIC 150431791,97.328,-61.0054,7.51,0,,,,,43,13.5,ok
TIC 327857282,1.2458,-70.2131,7.51,0,,,,,7,10.1,ok
TIC 293271232,98.6952,-63.2622,7.51,0,,,,,30,13.5,ok
TIC 382507922,117.1981,-61.1621,7.51,0,,,,,31,14.6,ok
TIC 421893750,339.4358,-73.4327,7.51,0,,,,,6,8.8,ok
TIC 293936044,106.628,-57.7784,7.51,0,,17.8,rejete,variabilite_continue;eclipse_secondaire,21,24.8,ok
TIC 158403855,289.0736,-48.4665,7.51,0,,,,,4,12.7,ok
TIC 370228164,85.5667,-75.8306,7.51,0,,,,,33,15.0,ok
TIC 320529221,296.4823,-57.5478,7.52,0,,,,,4,7.2,ok
TIC 277649549,329.0413,-60.2295,7.52,0,,,,,10,14.9,ok
TIC 439449790,301.617,-31.5701,7.52,0,,,,,4,7.2,ok
TIC 182078289,14.8908,-75.8148,7.52,0,,,,,8,16.9,ok
TIC 300139852,108.7352,-68.0721,7.52,0,,,,,41,18.6,ok
TIC 167303382,97.9853,-68.7131,7.52,0,,,,,40,14.9,ok
TIC 235044245,82.437,-53.2657,7.54,0,,,,,22,13.7,ok
TIC 177258735,102.2202,-73.299,7.54,0,,,,,41,13.8,ok
TIC 61613763,288.482,-47.3586,7.54,0,,,,,3,4.4,ok
TIC 182729795,16.327,-72.5549,7.54,0,,,,,8,11.4,ok
TIC 273272710,321.6454,-80.6824,7.54,0,,,,,6,8.2,ok
TIC 32271135,290.2233,-33.054,7.54,0,,,,,4,6.0,ok
TIC 280051640,45.7149,-72.4563,7.54,0,,,,,15,13.3,ok
TIC 33910267,66.2177,-77.6851,7.54,0,,,,,30,14.2,ok
TIC 262498404,109.8875,-57.4488,7.55,0,,,,,29,14.7,ok
TIC 409883979,293.8187,-69.0947,7.55,0,,,,,6,8.3,ok
TIC 410389503,72.6428,-85.3754,7.56,0,,,,,9,12.3,ok
TIC 61572817,288.419,-47.1329,7.56,0,,,,,3,4.4,ok
TIC 129480666,304.9,-46.4288,7.56,0,,,,,3,5.3,ok
TIC 451599528,279.7268,-85.7093,7.56,0,,,,,8,12.4,ok
TIC 270677372,87.8698,-53.656,7.56,0,,,,,22,12.9,ok
TIC 320847025,299.6388,-54.9378,7.56,0,,,,,5,6.9,ok
TIC 149101226,80.253,-64.3315,7.56,0,,,,,40,14.2,ok
TIC 79007128,314.92,-52.1762,7.57,0,,,,,3,4.8,ok
TIC 464650107,287.7722,-64.2909,7.57,0,,,,,4,6.2,ok
TIC 79271642,318.3649,-49.7944,7.57,0,,,,,6,8.5,ok
TIC 339377079,295.353,-61.8209,7.57,0,,,,,4,5.9,ok
TIC 101400058,300.6505,-50.0554,7.57,0,,,,,4,6.2,ok
TIC 31746672,49.4342,-68.1596,7.57,0,,,,,15,16.0,ok
TIC 278291931,113.1051,-78.0858,7.58,0,,,,,26,13.6,ok
TIC 150250617,94.4575,-64.0301,7.58,0,,,,,29,14.9,ok
TIC 294780563,71.2833,-68.0207,7.58,0,,,,,41,13.6,ok
TIC 260656168,98.2006,-55.0803,7.59,0,,,,,37,13.2,ok
TIC 466659459,304.9087,-69.0155,7.59,0,,,,,4,5.8,ok
TIC 406095880,283.2747,-50.1811,7.59,0,,,,,4,5.8,ok
TIC 370236914,105.2381,-72.5605,7.59,0,,,,,44,13.6,ok
TIC 55293744,76.6603,-63.1487,7.59,0,,,,,31,13.5,ok
TIC 140578304,67.9837,-75.6816,7.59,0,,,,,43,13.8,ok
TIC 314865991,53.5581,-72.8451,7.6,0,,,,,25,13.3,ok
TIC 38583375,63.5914,-64.9682,7.6,0,,,,,36,13.9,ok
TIC 398420416,286.6383,-82.492,7.61,0,,,,,8,11.0,ok
TIC 219418800,79.617,-51.4281,7.61,0,,,,,10,13.3,ok
TIC 113248833,293.1236,-35.4506,7.61,0,,,,,4,6.1,ok
TIC 370206121,314.1109,-59.2739,7.61,0,,,,,3,4.7,ok
TIC 97914505,289.5536,-38.3852,7.62,0,,,,,4,7.2,ok
TIC 468178006,314.1636,-85.4564,7.62,0,,,,,1,2.0,ok
TIC 91095417,309.424,-43.4987,7.62,0,,,,,2,3.2,ok
TIC 31104764,76.4957,-68.4163,7.62,0,,,,,?,146.8,timeout
TIC 141943941,95.3335,-75.128,7.62,0,,,,,41,13.8,ok
TIC 340063145,113.245,-55.1585,7.62,0,,,,,17,12.9,ok
TIC 55451918,70.5879,-63.2154,7.63,0,,,,,31,12.7,ok
TIC 379348964,283.4895,-54.9075,7.63,0,,,,,4,5.6,ok
TIC 55741018,74.5899,-63.2137,7.63,0,,,,,43,13.0,ok
TIC 316476117,280.4673,-39.6751,7.64,0,,,,,2,3.3,ok
TIC 319289907,72.0237,-80.779,7.64,0,,,,,18,12.9,ok
TIC 33861444,64.753,-75.718,7.64,0,,,,,42,13.0,ok
TIC 260043481,91.5115,-59.5485,7.64,0,,,,,43,13.2,ok
TIC 177174590,105.1879,-71.3959,7.64,0,,,,,41,12.9,ok
TIC 279157426,103.0538,-56.5091,7.64,0,,,,,?,0.7,erreur
TIC 349973705,114.5658,-63.5741,7.65,0,,,,,34,12.7,ok
TIC 394585454,340.8721,-64.8122,7.65,0,,,,,7,9.1,ok
TIC 466158995,296.5167,-67.0485,7.65,0,,,,,4,5.4,ok
TIC 271576444,105.8803,-77.943,7.65,0,,,,,32,12.6,ok
TIC 219183080,92.0565,-53.2823,7.66,0,,,,,26,12.7,ok
TIC 318009249,303.3228,-82.0283,7.66,0,,,,,7,10.4,ok
TIC 218922558,298.0921,-32.5611,7.66,0,,,,,3,4.3,ok
TIC 453079732,113.6404,-70.3818,7.66,0,,,,,41,12.5,ok
TIC 32053388,57.6532,-66.344,7.67,0,,,,,24,13.3,ok
TIC 38698083,66.3648,-65.8129,7.67,0,,,,,42,12.8,ok
TIC 141626634,89.7251,-75.1584,7.67,0,,,,,32,12.8,ok
TIC 290761749,307.9706,-40.9025,7.68,0,,,,,3,4.1,ok
TIC 270627594,87.2348,-53.462,7.68,0,,,,,26,12.5,ok
TIC 381925156,76.3284,-56.7816,7.68,0,,,,,31,12.6,ok
TIC 425569341,286.1728,-31.3731,7.68,0,,,,,5,6.6,ok
TIC 150320178,95.7154,-64.5426,7.68,0,,,,,33,13.0,ok
TIC 139056239,307.0003,-42.6205,7.69,0,,,,,3,4.2,ok
TIC 100617031,310.0636,-51.2297,7.69,0,,,,,1,1.8,ok
TIC 100471358,308.4838,-52.8394,7.69,0,,,,,3,4.4,ok
TIC 141865875,93.8019,-77.0522,7.69,0,,,,,?,1000.5,timeout
TIC 290761750,307.97,-40.9014,7.7,0,,,,,?,411.3,timeout
TIC 370232736,325.5676,-57.6128,7.7,0,,,,,6,9.2,ok
TIC 38587180,64.1642,-64.3153,7.7,0,,41.9,rejete,variabilite_continue;eclipse_secondaire,32,22.3,ok
TIC 167814517,105.1799,-61.1417,7.7,0,,,,,32,16.3,ok
TIC 451603829,282.2861,-86.1958,7.7,0,,,,,8,12.3,ok
TIC 262578140,116.3648,-64.1941,7.7,0,,,,,21,15.6,ok
TIC 41364284,92.8391,-69.7598,7.7,0,,,,,28,14.2,ok
TIC 231726168,81.2366,-50.9756,7.7,0,,,,,12,15.1,ok
TIC 370137704,46.9097,-72.3219,7.71,0,,,,,15,15.3,ok
TIC 358109985,51.7176,-73.1326,7.71,0,,,,,23,15.2,ok
TIC 141268467,82.5143,-76.2487,7.71,0,,,,,40,19.2,ok
TIC 278867391,100.9661,-54.5662,7.71,0,,,,,25,16.9,ok
TIC 293347978,98.9783,-64.8807,7.72,0,,,,,39,14.5,ok
TIC 38699545,66.3037,-61.6214,7.72,0,,,,,43,17.0,ok
TIC 52206436,19.7426,-71.1149,7.72,0,,,,,7,10.7,ok
TIC 394136313,4.3934,-69.8784,7.72,0,,,,,8,11.5,ok
TIC 33910266,66.2303,-77.684,7.72,0,,,,,30,16.5,ok
TIC 278730120,99.6107,-58.3377,7.72,0,,,,,43,15.8,ok
TIC 246745128,283.8739,-43.7032,7.72,0,,,,,?,0.7,erreur
TIC 260852228,349.3433,-66.9222,7.73,0,,,,,6,8.5,ok
TIC 260795157,347.587,-68.8366,7.73,0,,,,,9,13.0,ok
TIC 392756613,327.282,-72.1043,7.73,0,,,,,5,7.7,ok
TIC 271693199,109.7677,-76.4159,7.74,0,,,,,40,13.5,ok
TIC 38602419,64.3211,-63.0968,7.74,0,,,,,42,14.2,ok
TIC 350559515,86.596,-55.9369,7.74,0,,,,,19,14.6,ok
TIC 101622280,302.4494,-51.7186,7.74,0,,,,,3,5.2,ok
TIC 101231568,299.5185,-48.1336,7.74,0,,,,,3,5.1,ok
TIC 293480995,50.3583,-82.4779,7.74,0,,,,,12,15.5,ok
TIC 32033224,56.0776,-66.6962,7.74,0,,,,,27,15.0,ok
TIC 469849622,314.5373,-48.2058,7.74,0,,,,,5,8.0,ok
TIC 374912345,89.0305,-61.4469,7.74,0,,,,,42,16.0,ok
TIC 220408612,70.4774,-58.0208,7.74,0,,,,,?,0.9,erreur
TIC 355547281,321.0616,-58.6924,7.74,0,,,,,4,6.3,ok
TIC 6943013,285.5857,-53.508,7.74,0,,,,,3,4.6,ok
TIC 375064476,100.3169,-64.3598,7.74,0,,,,,31,13.8,ok
TIC 265568587,330.5369,-59.2087,7.75,0,,,,,2,3.3,ok
TIC 100852555,312.371,-51.8904,7.75,0,,,,,3,4.5,ok
TIC 364323133,87.879,-63.5312,7.75,0,,,,,26,15.4,ok
TIC 270247907,333.5506,-73.4104,7.75,0,,,,,4,7.5,ok
TIC 380651349,285.3696,-34.3769,7.76,0,,,,,3,4.4,ok
TIC 304983634,288.2561,-49.9029,7.76,0,,,,,4,7.1,ok
TIC 114390321,295.9707,-35.2551,7.76,0,,,,,4,8.0,ok
TIC 372361075,316.9453,-67.9211,7.76,0,,,,,4,7.9,ok
TIC 464646604,287.7412,-60.2729,7.76,1,2.2316,15.2,rejete,variabilite_continue;eclipse_secondaire,7,15.2,ok
TIC 370230471,321.752,-56.1243,7.77,0,,,,,5,8.3,ok
TIC 309614870,78.6027,-63.5408,7.77,0,,,,,39,15.1,ok
TIC 464559887,286.3383,-61.6895,7.77,0,,,,,5,8.5,ok
TIC 350182638,115.7984,-61.9012,7.77,0,,,,,39,15.3,ok
TIC 284196481,105.7926,-70.5417,7.77,0,,,,,22,15.5,ok
TIC 232059033,339.2691,-65.8582,7.77,0,,,,,7,10.6,ok
TIC 142105308,98.5195,-72.27,7.77,0,,,,,33,15.1,ok
TIC 231624796,316.4524,-57.7364,7.78,0,,,,,1,2.0,ok
TIC 270677079,87.6557,-53.4174,7.78,0,,,,,21,15.5,ok
TIC 346630628,294.0685,-81.2464,7.78,0,,,,,8,12.4,ok
TIC 341080518,312.9188,-61.4152,7.79,0,,,,,2,3.6,ok
TIC 183799419,20.8608,-76.6119,7.79,0,,,,,8,12.4,ok
TIC 139370701,67.2684,-69.6122,7.79,0,,,,,34,15.4,ok
TIC 294748147,70.6015,-71.4959,7.79,0,,,,,?,273.6,timeout
TIC 290418638,305.6186,-36.0886,7.79,0,,,,,?,260.3,timeout
TIC 38760904,67.0891,-65.711,7.79,0,,,,,?,234.1,timeout
TIC 55649929,73.7932,-63.9588,7.8,0,,,,,40,15.2,ok
TIC 293568265,359.2901,-74.3013,7.8,0,,,,,8,12.1,ok
TIC 468144799,305.0959,-75.5768,7.8,0,,,,,5,10.7,ok
TIC 350715999,88.3988,-56.6709,7.8,0,,,,,34,15.0,ok
TIC 261417533,95.2489,-78.4124,7.8,0,,,,,41,14.6,ok
TIC 150187916,93.7146,-62.2834,7.8,0,,,,,39,15.1,ok
TIC 238870744,38.3499,-72.6718,7.8,0,,,,,11,15.3,ok
TIC 238870740,38.2489,-72.686,7.8,0,,,,,11,16.4,ok
TIC 260949184,73.0939,-82.475,7.8,0,,,,,13,15.8,ok
TIC 412064386,0.3219,-68.3714,7.81,0,,,,,7,11.1,ok
TIC 349155285,108.2753,-63.3409,7.81,0,,,,,35,16.1,ok
TIC 319740055,291.9204,-54.3379,7.81,0,,,,,3,5.1,ok
TIC 261205435,87.6763,-79.3,7.81,0,,,,,30,15.5,ok
TIC 167748771,103.5499,-62.4635,7.82,0,,,,,41,15.3,ok
TIC 431380369,49.0335,-73.5488,7.82,0,,,,,13,15.5,ok
TIC 141545616,88.391,-75.3439,7.82,0,,,,,40,15.7,ok
TIC 141609430,88.7252,-75.4582,7.82,0,,,,,40,15.1,ok
TIC 260507598,96.6816,-59.0254,7.83,0,,,,,41,15.1,ok
TIC 306512813,119.0659,-69.6449,7.83,0,,,,,?,1.1,erreur
TIC 167797285,104.5429,-60.2962,7.83,0,,,,,41,15.3,ok
TIC 364592454,86.1924,-72.6632,7.83,0,,,,,30,15.5,ok
TIC 152624701,304.1599,-35.0405,7.83,0,,,,,3,5.2,ok
TIC 294668465,70.8889,-66.7421,7.84,0,,,,,4,6.5,ok
TIC 167889402,105.1152,-65.9078,7.84,0,,,,,42,15.9,ok
TIC 259886044,40.8595,-69.3826,7.84,0,,,,,11,15.4,ok
TIC 219170912,91.0498,-52.8936,7.84,0,,,,,20,15.7,ok
TIC 167524563,100.5307,-64.5238,7.85,0,,,,,38,16.0,ok
TIC 209183484,298.8735,-29.0971,7.85,0,,,,,3,4.9,ok
TIC 167796443,104.36,-60.8512,7.85,0,,,,,44,15.0,ok
TIC 468217890,328.0443,-85.8366,7.85,0,,,,,6,9.4,ok
TIC 410214986,354.9161,-69.1962,7.85,1,2.864,10.1,rejete,variabilite_continue;eclipse_secondaire,10,20.1,ok
TIC 292824951,274.8588,-81.1463,7.86,0,,,,,7,11.3,ok
TIC 219150008,89.7247,-53.8013,7.86,0,,,,,22,15.2,ok
TIC 149972207,89.9754,-62.8087,7.86,0,,,,,31,15.4,ok
TIC 167009292,94.8424,-66.0612,7.86,0,,,,,34,15.2,ok
TIC 370019110,296.218,-52.337,7.86,0,,,,,4,6.8,ok
TIC 112545965,291.3839,-30.2958,7.87,0,,,,,5,8.0,ok
TIC 319258261,60.0577,-62.9015,7.87,0,,,,,20,15.5,ok
TIC 402104884,358.4658,-75.6352,7.87,0,,,,,8,12.8,ok
TIC 149160778,81.6878,-64.6053,7.87,0,,,,,16,15.5,ok
TIC 319669580,291.4622,-55.9593,7.87,0,,,,,?,1.2,erreur
TIC 31383649,88.7143,-70.5077,7.87,0,,,,,28,16.0,ok
TIC 278823382,100.0911,-59.1231,7.87,0,,,,,31,15.5,ok
TIC 287298969,82.3553,-66.4389,7.88,0,,,,,37,16.1,ok
TIC 167526213,100.5954,-61.224,7.88,0,,,,,39,15.6,ok
TIC 391927456,107.6249,-72.3427,7.88,0,,,,,?,0.9,erreur
TIC 466239676,304.0283,-62.1665,7.88,0,,,,,5,8.0,ok
TIC 394015919,329.9071,-59.7537,7.89,0,,,,,7,11.1,ok
TIC 150360766,96.3533,-62.4222,7.89,0,,,,,38,15.5,ok
TIC 260967812,74.6289,-78.1858,7.89,0,,,,,36,15.3,ok
TIC 350522196,86.3126,-55.7249,7.89,0,,,,,41,16.0,ok
TIC 340849155,293.3642,-75.2128,7.89,0,,,,,5,8.2,ok
TIC 302987775,62.9816,-83.6016,7.89,0,,,,,12,15.5,ok
TIC 379241420,283.0088,-54.3022,7.9,0,,,,,4,6.8,ok
TIC 167602961,102.0392,-60.8331,7.9,0,,,,,21,15.1,ok
TIC 149347480,83.6093,-60.104,7.9,0,,,,,42,15.4,ok
TIC 325340243,334.9802,-76.4952,7.9,0,,,,,5,8.4,ok
TIC 406348031,330.9155,-85.9023,7.91,0,,,,,8,12.4,ok
TIC 220430912,73.1177,-55.697,7.91,0,,,,,24,16.2,ok
TIC 389750989,87.0809,-70.3462,7.91,0,,,,,38,15.6,ok
TIC 394232171,48.1323,-77.9147,7.91,0,,,,,14,15.7,ok
TIC 220421191,71.9532,-58.361,7.91,0,,,,,32,15.1,ok
TIC 370078468,296.3177,-48.0704,7.91,0,,,,,5,8.0,ok
TIC 140576174,67.4944,-72.2755,7.91,0,,,,,32,15.1,ok
TIC 113677629,294.0644,-34.6558,7.91,0,,,,,3,5.0,ok
TIC 276861788,83.288,-65.9421,7.91,0,,,,,34,14.9,ok
TIC 238874577,39.2452,-72.6821,7.91,0,,,,,11,15.3,ok
TIC 267089153,5.6447,-73.0327,7.91,0,,,,,7,11.4,ok
TIC 150390619,96.5127,-64.3304,7.91,0,,,,,35,15.1,ok
TIC 40405143,77.3582,-69.7138,7.92,0,,,,,40,15.2,ok
TIC 318569322,332.7681,-66.3415,7.92,0,,,,,7,10.9,ok
TIC 318273824,303.4523,-87.8238,7.93,0,,,,,7,11.1,ok
TIC 404763926,84.8986,-67.0418,7.93,0,,,,,29,15.2,ok
TIC 181345316,280.7877,-45.9023,7.93,0,,,,,4,6.9,ok
TIC 271598242,108.8574,-77.03,7.94,0,,,,,40,14.9,ok
TIC 451534813,263.8713,-84.6968,7.94,0,,,,,7,11.1,ok
TIC 300653260,114.2304,-68.5106,7.94,0,,,,,43,16.2,ok
TIC 260371000,95.3447,-54.3513,7.94,0,,,,,25,15.9,ok
TIC 352006621,283.5679,-75.8174,7.95,0,,,,,6,9.5,ok
TIC 339962133,112.5896,-57.4452,7.96,0,,,,,25,15.3,ok
TIC 350764186,88.9564,-56.5285,7.96,0,,,,,29,15.1,ok
TIC 238809626,326.9477,-63.9238,7.96,0,,,,,6,9.3,ok
TIC 260852224,349.3288,-66.9408,7.96,0,,,,,10,15.1,ok
TIC 349483715,110.9825,-60.8378,7.96,0,,,,,21,15.4,ok
TIC 254108118,286.1851,-36.8449,7.97,0,,,,,4,9.4,ok
TIC 167526477,100.3881,-60.6875,7.97,0,,,,,38,15.1,ok
TIC 279477561,105.2852,-57.1918,7.97,0,,,,,29,15.2,ok
TIC 290405947,0.1192,-79.0624,7.97,0,,,,,6,9.8,ok
TIC 149665755,87.6626,-65.2599,7.97,0,,,,,24,15.0,ok
TIC 382437069,117.1608,-63.6888,7.97,0,,,,,29,15.2,ok
TIC 272187783,116.7108,-74.0904,7.98,0,,42.3,rejete,variabilite_continue;eclipse_secondaire,20,20.5,ok
TIC 279430029,105.0432,-56.9069,7.98,1,1.1207,59.0,rejete,variabilite_continue;eclipse_secondaire,40,19.5,ok
TIC 290457554,236.1754,-87.7767,7.98,0,,,,,1,2.2,ok
TIC 55274956,76.5883,-65.9669,7.98,0,,,,,9,14.6,ok
TIC 177349900,104.2659,-72.0373,7.98,0,,,,,20,15.3,ok
TIC 391949880,79.5201,-80.9643,7.99,1,4.9408,21.3,rejete,variabilite_continue,20,20.6,ok
TIC 364115836,289.4584,-74.3249,7.99,0,,,,,10,15.6,ok
TIC 392705273,327.1243,-78.4324,7.99,0,,,,,6,9.3,ok
TIC 141610050,88.6955,-76.8075,7.99,0,,,,,39,15.2,ok
TIC 181230103,13.423,-73.8694,7.99,0,,,,,4,6.5,ok
TIC 29778225,64.8193,-65.9666,7.99,0,,,,,44,15.1,ok
TIC 350144504,115.4416,-65.7901,7.99,0,,,,,35,15.2,ok
TIC 167248140,97.6154,-68.9476,7.99,0,,,,,28,14.8,ok
TIC 61383320,287.7172,-47.1631,7.99,0,,,,,3,4.9,ok
TIC 150357935,96.1954,-62.8363,8.0,0,,12.0,rejete,variabilite_continue;eclipse_secondaire,40,20.4,ok
TIC 238867738,343.2037,-66.73,8.0,0,,,,,7,11.7,ok
TIC 456570941,281.8105,-58.7215,8.0,0,,,,,5,8.3,ok
TIC 277122829,281.5509,-79.226,8.0,0,,,,,10,16.4,ok
TIC 276064652,282.5694,-35.6662,8.0,0,,,,,2,3.9,ok
TIC 24706089,25.7738,-69.5726,8.0,0,,,,,8,12.2,ok
TIC 31106039,76.2779,-68.0864,8.0,0,,,,,29,14.9,ok
TIC 401727043,334.4005,-80.4581,8.0,0,,,,,6,9.6,ok
TIC 55401680,77.9797,-60.655,8.0,0,,,,,31,14.8,ok
TIC 349269343,108.9713,-61.8623,8.0,0,,,,,30,15.6,ok
TIC 150063627,91.4257,-60.1056,8.0,0,,,,,29,15.1,ok
TIC 409780413,290.3548,-60.8821,8.0,0,,,,,7,10.6,ok
TIC 290604408,247.7346,-88.5854,8.0,0,,,,,7,11.3,ok
TIC 237933451,58.8262,-65.2842,8.0,0,,,,,34,15.0,ok
TIC 339453875,296.401,-63.0418,8.0,0,,,,,7,10.8,ok
TIC 79301758,318.8883,-51.0127,8.0,0,,,,,7,10.9,ok
TIC 300241371,109.4016,-71.3341,8.0,0,,,,,30,15.6,ok
TIC 129277761,303.4128,-46.5878,8.0,0,,,,,4,6.3,ok
TIC 372218461,313.1112,-67.5992,8.0,0,,,,,8,12.0,ok
TIC 352077779,284.1079,-75.8482,8.0,0,,,,,7,10.9,ok
TIC 237312349,343.5969,-65.0834,8.0,0,,,,,7,10.8,ok
TIC 234306874,35.0142,-69.4313,8.0,0,,,,,9,13.2,ok
TIC 253583571,280.9468,-40.2624,8.0,0,,,,,2,3.7,ok
TIC 382145521,80.3228,-56.2451,8.0,0,,56.7,rejete,variabilite_continue;eclipse_secondaire,42,19.7,ok
TIC 372042957,309.519,-71.6353,8.0,0,,,,,7,11.0,ok
TIC 257462965,287.759,-70.0819,8.0,0,,29.2,rejete,variabilite_continue;eclipse_secondaire,10,19.8,ok
TIC 394756166,25.0408,-86.6891,8.0,0,,,,,6,10.2,ok
TIC 303909512,22.9704,-76.9139,8.0,0,,,,,8,13.0,ok
TIC 300658296,114.6477,-68.2707,8.0,0,,,,,43,16.2,ok
TIC 254131256,286.4865,-36.1964,8.0,0,,,,,4,6.5,ok
TIC 254142418,286.6031,-39.1774,8.0,0,,,,,3,5.4,ok
TIC 201687177,300.6907,-56.41,8.0,0,,,,,5,8.3,ok
TIC 260656935,98.4145,-54.1171,8.01,0,,,,,29,15.6,ok
TIC 220412239,70.8468,-57.0927,8.01,0,,,,,20,15.8,ok
TIC 220477045,75.5281,-57.4833,8.01,0,,,,,29,15.8,ok
TIC 303910111,22.6403,-75.2319,8.01,0,,,,,6,9.8,ok
TIC 394358667,43.6532,-81.5592,8.01,0,,,,,9,14.1,ok
TIC 260709282,98.5248,-57.086,8.01,0,,,,,28,15.4,ok
TIC 394584686,340.2866,-64.148,8.01,0,,,,,9,14.4,ok
TIC 260753626,346.5492,-70.4882,8.01,0,,,,,?,1.6,erreur
TIC 320204627,294.7934,-58.6656,8.01,0,,,,,6,10.2,ok
TIC 382471461,291.8885,-66.5227,8.01,0,,,,,9,14.0,ok
TIC 394045029,334.5862,-64.5575,8.01,0,,,,,10,16.1,ok
TIC 396167830,298.676,-68.259,8.01,0,,,,,7,12.1,ok
TIC 379402513,283.9001,-59.1335,8.01,0,,,,,6,9.8,ok
TIC 364326091,101.7985,-61.8132,8.01,0,,,,,39,15.8,ok
TIC 183979379,21.2916,-72.0535,8.01,0,,,,,9,13.8,ok
TIC 253630723,281.3347,-37.8718,8.01,0,,,,,2,3.6,ok
TIC 152180220,307.6202,-33.1556,8.01,0,,,,,3,5.8,ok
TIC 273307549,321.9425,-81.9656,8.01,0,,,,,8,12.8,ok
TIC 253649688,281.532,-38.7158,8.01,0,,,,,2,3.7,ok
TIC 464342656,280.452,-62.7746,8.01,0,,,,,5,8.0,ok
TIC 166317799,296.1494,-51.44,8.01,0,,,,,4,6.6,ok
TIC 276675653,269.812,-80.3712,8.01,0,,,,,7,11.1,ok
TIC 55478693,71.2144,-64.9763,8.01,0,,,,,32,15.2,ok
TIC 150393049,96.7989,-60.1051,8.01,0,,,,,31,15.4,ok
TIC 150141471,92.7644,-63.2742,8.01,0,,,,,27,15.2,ok
TIC 267091453,5.9825,-77.6451,8.01,0,,,,,5,7.9,ok
TIC 29986479,72.8589,-68.4397,8.01,0,,,,,30,15.4,ok
TIC 293505416,351.0748,-70.7612,8.01,0,,,,,9,13.8,ok
TIC 293439813,48.9342,-80.8173,8.01,0,,,,,8,12.5,ok
TIC 261331895,91.5914,-83.2572,8.01,0,,,,,8,12.6,ok
TIC 219303172,315.1353,-54.92,8.01,0,,,,,5,8.3,ok
TIC 278775103,99.7408,-55.2986,8.01,0,,,,,26,15.8,ok
TIC 279324004,104.2197,-59.3788,8.01,0,,,,,30,15.0,ok
TIC 231729342,81.4601,-53.5823,8.01,0,,,,,23,17.9,ok
TIC 265214627,302.5586,-67.4801,8.01,0,,,,,6,9.7,ok
TIC 219425479,80.2254,-49.7693,8.01,0,,,,,10,16.3,ok
TIC 272088627,115.5212,-74.9482,8.01,0,,,,,29,15.8,ok
TIC 278777070,99.7439,-58.836,8.01,0,,,,,45,15.7,ok
TIC 167415965,99.4575,-70.9305,8.01,1,9.2772,15.2,rejete,variabilite_continue,40,21.5,ok
TIC 79403675,320.2085,-53.0349,8.01,0,,,,,7,11.1,ok
TIC 166551954,305.2892,-52.5905,8.02,0,,,,,5,8.8,ok
TIC 292291029,278.6567,-67.6404,8.02,0,,,,,8,12.5,ok
TIC 290745249,307.6239,-37.0353,8.02,0,,,,,4,6.3,ok
TIC 150440362,97.5378,-61.2657,8.02,0,,,,,26,15.1,ok
TIC 8194633,311.3483,-41.5709,8.02,0,,,,,3,5.4,ok
TIC 6526871,284.1709,-51.0276,8.02,0,,,,,4,6.5,ok
TIC 350717211,88.4022,-54.056,8.02,0,,,,,23,15.7,ok
TIC 230962153,287.6656,-58.0889,8.02,0,,,,,5,8.5,ok
TIC 259886373,41.0167,-68.1489,8.02,0,,,,,12,15.1,ok
TIC 276690601,283.2024,-35.0432,8.02,0,,,,,2,3.6,ok
TIC 316582700,280.4126,-39.1124,8.02,0,,,,,2,3.7,ok
TIC 38515329,62.7588,-62.4473,8.02,0,,,,,29,15.5,ok
TIC 382388897,289.2298,-67.6582,8.02,0,,,,,?,1.3,erreur
TIC 140800765,74.7115,-72.1251,8.02,0,,,,,30,15.4,ok
TIC 369324314,289.1398,-81.8529,8.02,0,,,,,8,13.5,ok
TIC 41488282,93.284,-66.0456,8.02,0,,,,,20,15.9,ok
TIC 356333389,155.8466,-87.1562,8.02,0,,,,,6,10.3,ok
TIC 370327326,64.1486,-79.9933,8.02,0,,,,,13,16.3,ok
TIC 377022695,151.5789,-85.3839,8.02,0,,,,,5,8.9,ok
TIC 38811498,67.3874,-65.3774,8.02,0,,,,,44,15.8,ok
TIC 327672504,330.8827,-68.0589,8.02,0,,,,,8,13.1,ok
TIC 34721929,306.6094,-33.3061,8.02,0,,,,,4,7.3,ok
TIC 291194976,294.0595,-48.7238,8.02,0,,,,,5,8.2,ok
TIC 142110261,99.272,-74.796,8.02,0,,,,,29,16.4,ok
TIC 290605911,6.7157,-83.1391,8.02,0,,,,,9,14.2,ok
TIC 404027788,291.685,-50.0966,8.02,0,,,,,5,8.0,ok
TIC 100828499,312.164,-50.5093,8.03,0,,,,,5,8.4,ok
TIC 25132314,62.1286,-68.7022,8.03,0,,,,,43,16.2,ok
TIC 257463588,287.7538,-69.2182,8.03,0,,,,,10,16.4,ok
TIC 339544830,297.1945,-61.1114,8.03,0,,,,,7,11.6,ok
TIC 389586477,311.9448,-42.5867,8.03,0,,,,,4,6.7,ok
TIC 387135600,291.5906,-65.1964,8.03,0,,,,,10,16.3,ok
TIC 388131027,65.3619,-69.6155,8.03,0,,,,,44,16.5,ok
TIC 79659787,295.6729,-46.0474,8.03,0,,,,,6,9.8,ok
TIC 300081112,297.4232,-36.8355,8.03,0,,,,,3,5.8,ok
TIC 38633493,64.9986,-61.0057,8.03,0,,,,,25,15.8,ok
TIC 382200572,81.654,-54.0039,8.03,0,,,,,19,16.1,ok
TIC 113643828,293.687,-37.3233,8.03,0,,,,,3,5.1,ok
TIC 456589682,282.0874,-54.5683,8.03,0,,,,,5,8.7,ok
TIC 344131894,279.5271,-76.783,8.03,0,,,,,8,12.2,ok
TIC 29832379,66.6763,-70.3811,8.03,0,,,,,29,16.0,ok
TIC 439420089,301.2689,-34.0215,8.03,0,,,,,4,6.2,ok
TIC 423179896,287.8595,-51.953,8.03,0,,,,,4,7.6,ok
TIC 464416167,281.8959,-62.5258,8.03,0,,,,,7,11.9,ok
TIC 276874981,274.2727,-78.4905,8.03,0,,,,,8,13.3,ok
TIC 218902449,297.6891,-32.6108,8.03,0,,,,,3,5.4,ok
TIC 30421442,285.7592,-32.7457,8.03,0,,,,,5,9.4,ok
TIC 411978510,291.039,-62.2197,8.03,0,,,,,7,14.7,ok
TIC 406272866,325.4195,-64.1437,8.03,0,,,,,9,14.5,ok
TIC 79023394,315.4307,-49.6073,8.03,0,,,,,6,10.6,ok
TIC 279053000,102.1496,-58.4673,8.03,1,0.996,18.0,rejete,variabilite_continue;eclipse_secondaire,43,21.4,ok
TIC 253850511,283.2324,-41.2261,8.03,0,,,,,2,4.5,ok
TIC 278270821,111.982,-81.4155,8.03,0,,,,,10,15.5,ok
TIC 340849137,293.449,-75.2536,8.03,0,,,,,8,13.1,ok
TIC 140527781,66.8969,-71.9958,8.03,0,,,,,31,15.8,ok
TIC 167720983,103.3031,-64.0493,8.03,0,,,,,?,1.0,erreur
TIC 129140860,302.639,-45.4164,8.03,0,,,,,4,6.7,ok
TIC 39015747,11.5962,-71.7824,8.03,0,,,,,6,9.8,ok
TIC 101312169,299.9924,-48.9751,8.03,0,,,,,3,5.2,ok
TIC 355138159,307.1914,-45.3874,8.03,0,,,,,4,6.6,ok
TIC 375089268,100.2399,-62.7231,8.03,0,,,,,30,15.2,ok
TIC 79394364,319.8886,-53.612,8.03,0,,,,,6,10.0,ok
TIC 290655383,83.9055,-51.7318,8.03,0,,,,,8,12.6,ok
TIC 32152605,59.4453,-69.5254,8.03,0,,,,,44,16.1,ok
TIC 141945095,95.6582,-73.3449,8.03,0,,,,,26,15.3,ok
TIC 290480337,306.058,-41.0645,8.03,0,,,,,4,6.7,ok
TIC 167205241,97.3487,-71.5065,8.03,0,,,,,42,16.4,ok
TIC 318613764,321.6485,-85.7232,8.04,0,,,,,7,12.0,ok
TIC 317097514,347.0356,-81.2604,8.04,0,,,,,5,9.1,ok
TIC 379505475,284.4323,-55.4821,8.04,0,,,,,7,11.6,ok
TIC 220345349,307.4018,-53.9212,8.04,0,,,,,5,8.8,ok
TIC 341311287,315.8067,-60.6233,8.04,0,,,,,6,10.0,ok
TIC 260127606,92.0672,-57.9323,8.04,0,,,,,44,16.3,ok
TIC 141606660,88.9284,-72.4065,8.04,0,,,,,28,17.1,ok
TIC 304938022,282.6104,-52.7069,8.04,0,,,,,5,9.0,ok
TIC 304103851,27.9379,-75.9914,8.04,0,,,,,9,14.2,ok
TIC 237926568,57.7436,-63.7832,8.04,0,,,,,20,16.5,ok
TIC 200248099,294.4967,-50.6805,8.04,0,,,,,5,8.3,ok
TIC 355052397,303.5187,-36.6152,8.04,0,,,,,4,6.3,ok
TIC 101231357,299.3248,-48.0218,8.04,0,,,,,5,7.9,ok
TIC 231622600,316.2742,-56.1211,8.04,0,,,,,4,6.6,ok
TIC 371836310,305.7914,-65.915,8.04,0,,,,,7,10.7,ok
TIC 260949692,73.3153,-78.1456,8.04,0,,,,,36,15.8,ok
TIC 401574080,312.3587,-77.6039,8.04,0,,,,,8,13.1,ok
TIC 219920019,283.0103,-44.6852,8.04,0,,,,,4,6.5,ok
TIC 142109251,99.1913,-76.8026,8.04,0,,,,,29,15.5,ok
TIC 31511890,89.3424,-67.4283,8.04,0,,,,,18,16.2,ok
TIC 31560152,288.8551,-35.0588,8.04,0,,,,,3,4.8,ok
TIC 261749149,26.7077,-82.673,8.04,0,,44.5,rejete,variabilite_continue;eclipse_secondaire,12,20.4,ok
TIC 279361762,104.7667,-58.5147,8.04,0,,,,,34,15.5,ok
TIC 404125110,292.4541,-48.2578,8.04,0,,,,,5,7.7,ok
TIC 291011593,309.4493,-36.0665,8.04,0,,,,,4,6.9,ok
TIC 277593708,283.8034,-32.4539,8.04,0,,,,,4,6.7,ok
TIC 55604274,73.5677,-59.9433,8.04,0,,,,,32,15.5,ok
TIC 348899264,106.1815,-60.808,8.04,0,,,,,44,15.1,ok
TIC 268750437,280.2097,-71.3655,8.04,0,,,,,8,13.3,ok
TIC 446546310,286.6481,-57.112,8.04,0,,,,,4,6.4,ok
TIC 464527551,285.3428,-63.35,8.04,0,,,,,8,12.5,ok
TIC 466098985,294.9324,-67.4571,8.04,0,,,,,8,12.1,ok
TIC 259719482,322.7114,-62.2392,8.05,0,,,,,8,12.8,ok
TIC 469779830,292.5111,-39.3186,8.05,0,,,,,4,6.4,ok
TIC 320007483,293.2148,-58.0224,8.05,0,,,,,6,9.5,ok
TIC 389021976,331.1854,-60.4647,8.05,0,,,,,9,14.0,ok
TIC 410057499,321.07,-69.7339,8.05,0,,,,,7,11.8,ok
TIC 410004674,319.6413,-66.7986,8.05,0,,,,,7,11.0,ok
TIC 406232619,293.027,-49.0388,8.05,0,,,,,2,3.8,ok
TIC 466167005,299.1608,-60.9256,8.05,0,,,,,7,10.9,ok
TIC 401669307,315.9938,-80.4738,8.05,0,,,,,7,11.1,ok
TIC 98116868,290.1438,-37.3965,8.05,0,,,,,3,4.9,ok
TIC 98419066,290.856,-40.3166,8.05,0,,,,,2,4.1,ok
TIC 149305070,83.3085,-65.0217,8.05,0,,,,,30,15.6,ok
TIC 266904464,1.14,-76.3464,8.05,0,,,,,6,9.5,ok
TIC 219200215,92.5077,-52.7993,8.05,0,,,,,23,15.2,ok
TIC 300840726,300.3919,-36.8511,8.05,0,,,,,4,6.8,ok
TIC 38469560,61.9717,-64.604,8.05,0,,,,,30,14.8,ok
TIC 293271686,98.8083,-62.5028,8.05,0,,,,,30,15.4,ok
TIC 260079513,92.0713,-55.2383,8.05,0,,,,,43,15.4,ok
TIC 381975243,77.1218,-56.9873,8.05,0,,,,,28,15.5,ok
TIC 291170750,292.8526,-51.6785,8.05,0,,,,,5,8.4,ok
TIC 30900417,287.7025,-32.392,8.05,0,,,,,4,6.7,ok
TIC 396170076,298.5071,-71.5326,8.05,0,,,,,8,12.0,ok
TIC 382274223,287.4695,-71.204,8.05,0,,,,,9,14.2,ok
TIC 120392933,280.7347,-56.529,8.05,0,,,,,5,8.1,ok
TIC 219260541,309.0534,-58.3175,8.05,0,,,,,8,12.4,ok
TIC 319608242,291.4753,-54.0916,8.05,0,,,,,5,8.5,ok
TIC 372347022,315.8089,-66.0356,8.05,0,,,,,5,8.4,ok
TIC 259717418,322.377,-63.5403,8.05,0,,,,,8,12.2,ok
TIC 351559682,309.7553,-60.8265,8.05,0,,,,,7,11.0,ok
TIC 220373696,308.9687,-54.1538,8.05,0,,,,,6,9.3,ok
TIC 304985492,288.3601,-48.4023,8.05,0,,,,,5,8.1,ok
TIC 260984889,76.6092,-78.4085,8.05,0,,,,,26,15.4,ok
TIC 467963650,285.8331,-64.5622,8.05,0,,,,,8,13.6,ok
TIC 349411267,110.3439,-60.253,8.05,0,,,,,30,15.4,ok
TIC 280804030,44.5424,-67.3762,8.05,0,,,,,14,15.3,ok
TIC 381855290,322.2849,-55.1666,8.05,0,,,,,9,13.9,ok
TIC 166629107,313.6421,-52.5239,8.05,0,,,,,4,6.7,ok
TIC 38825397,68.122,-64.8535,8.05,0,,,,,19,15.5,ok
TIC 349273158,109.3431,-63.0216,8.05,0,,,,,32,15.2,ok
TIC 325376866,332.6601,-83.9132,8.05,0,,,,,6,9.5,ok
TIC 277802792,344.4759,-71.7181,8.05,0,,,,,5,8.2,ok
TIC 340356526,115.2108,-58.8707,8.05,0,,55.6,rejete,variabilite_continue;eclipse_secondaire,22,19.3,ok
TIC 253669961,281.662,-36.8148,8.05,0,,,,,1,2.2,ok
TIC 456594562,282.2791,-57.3358,8.06,0,,,,,4,6.3,ok
TIC 294205275,108.076,-58.4032,8.06,0,,,,,44,15.3,ok
TIC 260001669,44.2326,-68.884,8.06,0,,,,,13,15.4,ok
TIC 294206429,108.0422,-59.8393,8.06,0,,,,,34,15.1,ok
TIC 29831118,66.4705,-67.5722,8.06,0,,,,,30,15.2,ok
TIC 164285047,304.5878,-28.5372,8.06,0,,,,,4,6.6,ok
TIC 409948021,316.4948,-69.9044,8.06,0,,,,,5,8.0,ok
TIC 100668092,310.6516,-48.4151,8.06,0,,,,,5,8.1,ok
TIC 372106894,310.8874,-70.3248,8.06,0,,,,,6,9.3,ok
TIC 141628215,89.8005,-77.2712,8.06,0,,,,,29,15.5,ok
TIC 100615932,309.9823,-53.3926,8.06,0,,,,,5,7.9,ok
TIC 300455525,298.8769,-37.3137,8.06,0,,,,,4,6.3,ok
TIC 453079811,113.755,-70.2432,8.06,0,,,,,22,15.1,ok
TIC 419668416,338.0961,-67.067,8.06,0,,,,,8,12.3,ok
TIC 259976119,43.5179,-70.0504,8.06,0,,,,,10,15.0,ok
TIC 262576911,116.3782,-65.7218,8.06,0,,,,,31,14.7,ok
TIC 401667048,311.555,-81.2094,8.06,0,,,,,7,10.7,ok
TIC 410398278,291.2965,-67.5207,8.06,0,,,,,8,12.3,ok
TIC 281631335,115.9742,-64.6231,8.06,0,,,,,32,14.8,ok
TIC 360918475,283.0113,-63.499,8.06,0,,,,,8,12.5,ok
TIC 100382531,307.8869,-48.0085,8.06,0,,,,,5,8.2,ok
TIC 290665716,307.4575,-39.4555,8.06,0,,,,,4,7.0,ok
TIC 278226171,284.3632,-33.4945,8.06,0,,,,,3,5.4,ok
TIC 269379244,291.8427,-40.9362,8.06,0,,,,,3,5.5,ok
TIC 220411786,70.8635,-58.7895,8.06,0,,,,,43,15.5,ok
TIC 350859255,90.2849,-56.0816,8.06,0,,,,,29,15.2,ok
TIC 6945699,285.7913,-51.7742,8.06,0,,,,,3,5.3,ok
TIC 98067467,290.0021,-41.2535,8.06,0,,,,,2,3.6,ok
TIC 304129546,291.8643,-63.2165,8.06,0,,,,,7,10.9,ok
TIC 177119085,104.2109,-67.227,8.06,0,,,,,28,15.0,ok
TIC 317300584,125.3599,-86.3762,8.06,0,,,,,10,16.5,ok
TIC 290287775,226.5824,-87.2418,8.06,0,,,,,5,8.9,ok
TIC 300011376,106.7439,-67.2936,8.06,0,,,,,29,15.6,ok
TIC 392761154,327.7381,-72.5023,8.06,0,,,,,6,9.4,ok
TIC 300020529,297.1631,-37.994,8.06,0,,,,,5,8.2,ok
TIC 238195769,56.8385,-76.4211,8.06,0,,,,,22,16.0,ok
TIC 291111653,309.8085,-37.4112,8.07,0,,,,,4,7.6,ok
TIC 350711249,88.1114,-57.9008,8.07,0,,,,,40,16.0,ok
TIC 114048530,294.9788,-29.9207,8.07,0,,,,,4,6.6,ok
TIC 257573215,291.8964,-78.2209,8.07,0,,,,,9,15.4,ok
TIC 278077329,106.2361,-81.1714,8.07,0,,,,,16,16.2,ok
TIC 278023852,105.0134,-79.3368,8.07,0,,,,,17,16.2,ok
TIC 261107827,83.5471,-79.8289,8.07,0,,,,,20,15.8,ok
TIC 261137717,84.2672,-83.292,8.07,0,,,,,11,15.7,ok
TIC 349480752,110.8602,-64.692,8.07,0,,,,,44,16.2,ok
TIC 281634912,117.0799,-62.6768,8.07,0,,,,,29,15.2,ok
TIC 25116373,61.2365,-65.95,8.07,0,,,,,29,15.1,ok
TIC 422137585,280.6847,-72.4839,8.07,0,,,,,6,9.5,ok
TIC 404265471,308.5196,-72.3734,8.07,0,,,,,7,11.2,ok
TIC 278594030,123.056,-82.9549,8.07,0,,,,,7,11.9,ok
TIC 299943844,106.5159,-69.0078,8.07,0,,,,,41,15.0,ok
TIC 271595936,108.3439,-74.0541,8.07,0,,,,,29,14.8,ok
TIC 327855227,359.3937,-84.3322,8.07,0,,,,,5,7.9,ok
TIC 278899461,101.1777,-57.4399,8.07,0,,,,,45,16.0,ok
TIC 278992159,102.0622,-56.086,8.07,0,,,,,42,15.4,ok
TIC 150249155,94.3374,-61.2461,8.07,0,,,,,41,15.1,ok
TIC 167089430,95.7825,-70.9446,8.07,0,,,,,41,15.3,ok
TIC 300447314,111.9724,-66.9837,8.07,0,,,,,22,15.5,ok
TIC 300841993,300.4334,-38.2281,8.07,0,,,,,4,6.3,ok
TIC 219262080,309.0104,-54.942,8.07,0,,,,,6,9.1,ok
TIC 41464373,93.1624,-69.24,8.07,0,,,,,37,15.7,ok
TIC 300560731,112.7634,-67.545,8.07,0,,,,,21,15.8,ok
TIC 381978020,77.5358,-54.2778,8.07,0,,,,,16,15.2,ok
TIC 260606533,97.3503,-55.5113,8.07,0,,,,,42,14.7,ok
TIC 350444342,85.3599,-59.7668,8.07,0,,,,,43,15.1,ok
TIC 260075032,91.7292,-57.0984,8.07,0,,,,,29,15.4,ok
TIC 327670036,329.9126,-69.2261,8.07,0,,,,,8,12.2,ok
TIC 410153599,340.4608,-69.2987,8.07,0,,,,,11,15.5,ok
TIC 260472262,96.1102,-56.6369,8.07,0,,,,,30,14.9,ok
TIC 394585107,340.0775,-65.7777,8.07,0,,,,,11,15.6,ok
TIC 30319402,74.4275,-69.0012,8.07,0,,,,,40,15.3,ok
TIC 61136774,286.9621,-45.3301,8.07,0,,10.2,rejete,variabilite_continue;eclipse_secondaire,5,10.9,ok
TIC 422039615,301.409,-59.2312,8.07,0,,,,,4,6.3,ok
TIC 181233533,13.5385,-77.8584,8.07,0,,,,,5,7.7,ok
TIC 61896955,289.9325,-46.3766,8.07,0,,,,,5,7.6,ok
TIC 128913158,301.1456,-43.5594,8.07,0,,,,,5,7.6,ok
TIC 128843322,300.6436,-44.222,8.07,0,,,,,5,8.1,ok
TIC 388243049,117.9484,-85.0318,8.07,0,,,,,8,12.4,ok
TIC 389047321,332.7036,-63.5694,8.07,0,,,,,7,10.5,ok
TIC 466169141,301.2735,-62.0828,8.07,0,,,,,5,16.4,ok
TIC 407883882,290.1368,-72.7236,8.07,0,,,,,7,10.9,ok
TIC 419735582,324.0306,-70.8611,8.07,0,,,,,6,10.5,ok
TIC 318042295,305.3104,-81.6171,8.07,0,,,,,3,5.3,ok
TIC 372203352,312.7111,-70.9842,8.07,0,,,,,8,13.1,ok
TIC 270272344,333.6378,-76.9425,8.07,0,,,,,3,8.0,ok
TIC 439448315,301.7011,-29.914,8.08,0,,,,,3,5.1,ok
TIC 369369855,294.6333,-86.4901,8.08,0,,,,,5,8.4,ok
TIC 271639931,108.9224,-72.7413,8.08,0,,,,,42,15.0,ok
TIC 421435209,293.0899,-42.1245,8.08,0,,,,,5,7.8,ok
TIC 394557413,335.1037,-63.0162,8.08,0,,,,,10,15.0,ok
TIC 260542038,96.9866,-58.1444,8.08,0,,,,,30,15.6,ok
TIC 100767052,311.7493,-49.0213,8.08,0,,,,,5,8.1,ok
TIC 370141811,310.1586,-55.7337,8.08,0,,,,,6,9.2,ok
TIC 279319721,104.1985,-54.7954,8.08,0,,,,,18,15.3,ok
TIC 31705248,48.4745,-67.1846,8.08,0,,,,,16,15.4,ok
TIC 152745202,304.846,-33.1537,8.08,0,,,,,4,25.1,ok
TIC 290485374,1.6015,-82.1958,8.08,0,,,,,4,6.8,ok
TIC 339858488,111.4648,-55.3633,8.08,0,,,,,20,15.4,ok
TIC 149930673,89.5607,-62.7551,8.08,0,,,,,30,15.5,ok
TIC 61857507,289.4767,-44.6104,8.08,0,,,,,6,10.7,ok
TIC 300448273,111.981,-68.1552,8.08,0,,,,,27,15.7,ok
TIC 31957710,289.7076,-30.3219,8.08,0,,,,,4,6.2,ok
TIC 231721925,80.8392,-51.2349,8.08,0,,,,,10,15.7,ok
TIC 55478222,71.2127,-63.7798,8.08,0,,,,,42,15.2,ok
TIC 349784936,113.1788,-63.3245,8.08,0,,35.0,rejete,variabilite_continue;eclipse_secondaire,43,26.6,ok
TIC 373604254,81.1833,-67.8974,8.08,0,,,,,29,15.0,ok
TIC 33836359,64.0615,-75.3439,8.08,0,,,,,45,15.6,ok
TIC 143769346,285.5933,-44.1414,8.08,0,,17.3,rejete,variabilite_continue;eclipse_secondaire,4,8.2,ok
TIC 100518933,309.0638,-52.6852,8.09,0,,,,,5,8.4,ok
TIC 340931059,310.9654,-61.9991,8.09,0,,,,,7,11.0,ok
TIC 320004517,293.2871,-54.533,8.09,1,11.8355,11.9,rejete,variabilite_continue,5,10.8,ok
TIC 340179086,113.8535,-56.1338,8.09,0,,,,,20,14.9,ok
TIC 219021498,286.4749,-49.2994,8.09,0,,,,,3,4.8,ok
TIC 260002453,91.0697,-59.8223,8.09,0,,,,,43,14.8,ok
TIC 271698614,109.9831,-76.692,8.09,0,,,,,29,14.5,ok
TIC 259884612,40.745,-69.0311,8.09,0,,,,,9,13.1,ok
TIC 231819720,86.1362,-52.6049,8.09,0,,10.5,rejete,variabilite_continue;eclipse_secondaire,22,20.6,ok
TIC 262497025,109.9812,-59.2949,8.09,0,,,,,31,15.0,ok
TIC 467935503,282.6304,-72.9046,8.09,1,3.6703,19.2,rejete,variabilite_continue;eclipse_secondaire,9,18.0,ok
TIC 469978297,342.0888,-67.4286,8.09,0,,,,,9,13.3,ok
TIC 98424870,291.0163,-39.4133,8.09,0,,,,,3,4.9,ok
TIC 464641303,287.6507,-61.637,8.09,0,,,,,9,13.7,ok
TIC 280909705,101.6242,-82.1857,8.09,0,,,,,15,15.1,ok
TIC 469827520,302.2867,-75.3661,8.09,0,,,,,7,10.7,ok
TIC 349761928,112.6494,-64.5573,8.09,0,,,,,30,14.9,ok
TIC 267548593,10.3992,-74.1771,8.09,0,,,,,8,11.9,ok
TIC 150029538,90.7415,-60.6441,8.09,0,,,,,43,15.0,ok
TIC 231631884,317.4613,-56.9312,8.09,0,,,,,5,7.8,ok
TIC 231815570,86.0019,-53.3779,8.09,0,,,,,21,15.1,ok
TIC 277873049,345.5469,-69.6817,8.09,0,,,,,9,13.6,ok
TIC 277029529,278.5377,-82.8479,8.09,0,,,,,8,12.7,ok
TIC 278415582,117.569,-80.1692,8.09,0,,,,,13,15.6,ok
TIC 261138245,84.6683,-78.6479,8.09,0,,,,,37,15.3,ok
TIC 231122278,69.5552,-68.8116,8.09,0,,,,,43,15.2,ok
TIC 279514056,105.8143,-55.6425,8.09,0,,,,,29,15.0,ok
TIC 278779899,99.9019,-55.6096,8.09,0,,,,,41,15.3,ok
TIC 262614074,116.6362,-61.9345,8.09,0,,,,,24,15.5,ok
TIC 38736839,6.0311,-70.4439,8.09,0,,,,,7,10.7,ok
TIC 389050387,333.3073,-65.6724,8.09,0,,,,,10,15.0,ok
TIC 31628009,288.9905,-32.0165,8.09,0,,,,,4,6.3,ok
TIC 290649460,9.0987,-78.464,8.09,0,,,,,5,8.4,ok
TIC 149972211,90.1513,-62.8122,8.09,0,,,,,39,15.0,ok
TIC 231744961,78.0995,-67.9479,8.09,0,,,,,42,15.1,ok
TIC 261397368,94.1327,-79.4443,8.1,0,,,,,23,52.3,ok
TIC 152715346,304.7538,-29.9976,8.1,0,,,,,5,8.9,ok
TIC 410308760,299.3144,-54.2327,8.1,0,,10.7,rejete,variabilite_continue;eclipse_secondaire,4,9.3,ok
TIC 398403185,284.8501,-81.422,8.1,0,,,,,7,15.4,ok
TIC 238188583,55.296,-73.9291,8.1,0,,12.7,rejete,variabilite_continue;eclipse_secondaire,31,20.8,ok
TIC 30762052,75.8561,-71.4138,8.1,0,,,,,29,17.6,ok
TIC 453099619,116.0861,-69.5104,8.1,0,,,,,44,18.1,ok
TIC 29829265,66.2761,-69.3894,8.1,0,,,,,30,17.7,ok
TIC 421363972,292.8926,-42.9588,8.1,0,,,,,4,12.4,ok
TIC 238194921,56.6401,-76.7159,8.1,0,,,,,?,166.0,timeout
TIC 278326347,113.6117,-79.2949,8.1,0,,,,,15,24.5,ok
TIC 410120539,336.8062,-69.705,8.1,0,,,,,11,24.6,ok
TIC 260189950,93.0654,-56.6793,8.1,0,,,,,41,19.5,ok
TIC 211304394,300.0809,-32.6676,8.1,0,,,,,2,34.9,ok
TIC 370227221,85.5473,-74.5674,8.1,0,,,,,31,16.8,ok
TIC 129028414,301.4596,-47.3788,8.1,0,,,,,6,11.2,ok
TIC 261499941,335.2388,-68.3296,8.1,0,,,,,11,19.1,ok
TIC 364589559,85.8903,-76.7663,8.1,0,,,,,33,15.8,ok
TIC 273472870,344.2091,-73.9605,8.1,0,,,,,8,15.0,ok
TIC 331754267,321.9444,-73.2029,8.1,0,,,,,7,14.0,ok
TIC 273604791,357.8066,-73.7031,8.1,0,,,,,7,14.1,ok
TIC 273568902,356.8151,-77.2351,8.1,0,,,,,?,2.5,erreur
TIC 254282795,289.0235,-38.8028,8.1,0,,,,,3,6.0,ok
TIC 177282306,102.1595,-72.2219,8.1,0,,,,,31,23.1,ok
TIC 294053203,107.1365,-58.0735,8.1,0,,,,,21,16.4,ok
TIC 349523628,111.3987,-63.0604,8.1,0,,,,,43,19.5,ok
TIC 468111450,286.6533,-30.2054,8.1,0,,,,,1,7.1,ok
TIC 349409806,110.3717,-61.9924,8.1,0,,,,,24,25.9,ok
TIC 30412406,285.6065,-35.1488,8.11,0,,,,,3,7.6,ok
TIC 324654727,313.2764,-78.4101,8.11,0,,,,,8,20.2,ok
TIC 348993107,106.7215,-64.0038,8.11,0,,,,,40,17.5,ok
TIC 280052879,45.6084,-76.8681,8.11,0,,,,,11,20.7,ok
TIC 246776165,283.985,-45.221,8.11,0,,,,,4,10.8,ok
TIC 469754255,292.316,-36.6933,8.11,0,,,,,3,12.5,ok
TIC 238891740,40.4747,-75.2381,8.11,0,,,,,13,18.2,ok
TIC 260046328,91.8062,-54.6641,8.11,0,,,,,34,20.1,ok
TIC 30853028,75.7767,-66.9099,8.11,0,,,,,40,20.1,ok
TIC 304549502,280.769,-52.4691,8.11,0,,,,,4,13.1,ok
TIC 150440079,97.5652,-61.7886,8.11,0,,,,,31,19.8,ok
TIC 149629077,87.3747,-63.0208,8.11,0,,,,,29,19.5,ok
TIC 370009047,33.3751,-70.7913,8.11,0,,,,,10,20.4,ok
TIC 261089147,81.7065,-81.5847,8.11,0,,,,,17,30.3,ok
TIC 273418879,343.9106,-75.4662,8.11,0,,,,,8,29.4,ok
TIC 254192678,287.5123,-36.8296,8.11,0,,,,,3,9.1,ok
TIC 409934330,302.1478,-71.5524,8.11,1,2.4898,19.9,rejete,variabilite_continue;eclipse_secondaire,7,20.3,ok
TIC 79305024,319.1124,-53.0046,8.11,0,,,,,7,14.9,ok
TIC 271642609,109.3679,-75.6807,8.11,0,,,,,42,19.3,ok
TIC 114727938,294.1073,-39.7194,8.11,0,,,,,3,7.7,ok
TIC 318041780,305.285,-80.8972,8.11,0,,,,,8,20.3,ok
TIC 319906872,292.9096,-55.6096,8.11,0,,,,,4,10.4,ok
TIC 320202104,294.8282,-55.1596,8.11,0,,,,,4,14.5,ok
TIC 325608401,90.1653,-85.6821,8.11,0,,,,,10,20.6,ok
TIC 369379212,300.1897,-84.3839,8.11,0,,,,,6,17.2,ok
TIC 319740619,292.0078,-55.0815,8.11,0,,,,,5,13.5,ok
TIC 300937452,117.7578,-67.6729,8.11,0,,,,,3,11.3,ok
TIC 339771483,111.2981,-59.2246,8.11,0,,,,,18,22.0,ok
TIC 300556816,112.4282,-70.338,8.11,0,,,,,29,23.5,ok
TIC 419635604,323.36,-67.1742,8.11,0,,,,,7,16.9,ok
TIC 267115100,41.6685,-72.9315,8.11,0,,,,,12,21.0,ok
TIC 300654054,114.3702,-69.6002,8.11,0,,,,,32,21.4,ok
TIC 6286534,282.7621,-50.1642,8.11,0,,,,,4,8.2,ok
TIC 349766265,112.968,-61.6921,8.11,0,,,,,41,24.2,ok
TIC 114279396,295.6559,-34.9009,8.12,0,,,,,3,13.7,ok
TIC 218910850,297.8105,-34.2722,8.12,0,,,,,3,13.1,ok
TIC 316341281,280.2744,-38.3584,8.12,0,,,,,3,10.5,ok
TIC 254202695,287.648,-39.0946,8.12,0,,,,,4,14.4,ok
TIC 260004064,91.1724,-55.9463,8.12,0,,,,,22,20.0,ok
TIC 294097225,107.5988,-55.4255,8.12,0,,,,,24,21.5,ok
TIC 327667965,329.4653,-68.2145,8.12,1,1.3006,80.8,rejete,variabilite_continue;eclipse_secondaire,9,21.8,ok
TIC 211333421,300.456,-35.6111,8.12,0,,,,,3,12.2,ok
TIC 277291895,84.3617,-70.6849,8.12,0,,,,,39,21.5,ok
TIC 278865342,100.7742,-56.7052,8.12,0,,,,,45,21.1,ok
TIC 143606863,284.9801,-44.828,8.12,0,,,,,3,11.3,ok
TIC 141868836,93.7407,-72.4968,8.12,0,,,,,41,24.1,ok
TIC 351529843,308.8666,-62.2256,8.12,0,,,,,6,12.1,ok
TIC 278987334,101.9314,-55.3904,8.12,0,,,,,33,23.6,ok
TIC 141823041,93.1772,-75.9292,8.12,0,,,,,21,35.2,ok
TIC 390820025,280.6199,-35.4465,8.12,0,,,,,1,7.9,ok
TIC 220473999,75.292,-59.5789,8.12,0,,,,,32,26.4,ok
TIC 341078639,313.0548,-65.1451,8.12,0,,,,,7,22.2,ok
TIC 336771208,300.6323,-31.1538,8.12,0,,,,,4,13.1,ok
TIC 331679394,306.491,-74.3182,8.12,0,,,,,9,23.4,ok
TIC 382636263,55.1082,-65.2852,8.12,0,,,,,22,30.8,ok
TIC 143762392,285.3906,-46.9669,8.12,0,,,,,3,15.6,ok
TIC 261256082,89.2397,-79.3866,8.12,0,,,,,21,30.3,ok
TIC 320534329,296.792,-55.2244,8.12,0,,,,,5,13.1,ok
TIC 323423638,67.6269,-84.3009,8.12,0,,,,,7,23.3,ok
TIC 466695111,296.7677,-74.9104,8.12,0,,,,,8,25.4,ok
TIC 348842808,98.9169,-56.0077,8.12,0,,,,,42,25.4,ok
TIC 322953678,124.6643,-82.07,8.12,0,,,,,11,29.2,ok
TIC 231641537,318.3724,-59.0977,8.12,0,,,,,9,25.9,ok
TIC 324426174,285.5453,-76.5951,8.12,0,,,,,9,29.3,ok
TIC 263002995,12.575,-83.1168,8.12,0,,,,,9,25.7,ok
TIC 350580827,86.8899,-55.0364,8.12,0,,,,,37,27.4,ok
TIC 382076457,285.3942,-68.9154,8.12,0,,,,,8,20.5,ok
TIC 201168316,283.3841,-39.0101,8.12,0,,,,,3,7.8,ok
TIC 270262152,356.3121,-72.4395,8.12,0,,,,,8,21.1,ok
TIC 259762205,323.0447,-64.3304,8.12,0,,,,,9,22.0,ok
TIC 261726676,23.7477,-78.5905,8.12,0,,,,,10,24.1,ok
TIC 406236527,292.9237,-53.1331,8.12,0,,,,,5,21.7,ok
TIC 181340978,280.8032,-45.0302,8.12,0,,,,,5,22.5,ok
TIC 382036911,284.5956,-70.8121,8.12,0,,,,,9,19.5,ok
TIC 409888199,294.2403,-68.6246,8.12,0,,,,,10,20.0,ok
TIC 364114903,289.2854,-75.5672,8.12,0,,,,,9,20.1,ok
TIC 290632021,307.0576,-38.0002,8.13,0,,,,,4,14.3,ok
TIC 101777834,303.5231,-48.8118,8.13,0,,,,,6,14.6,ok
TIC 340255470,114.8432,-57.2584,8.13,0,,,,,20,19.8,ok
TIC 231670778,320.1081,-59.2243,8.13,0,,,,,9,18.8,ok
TIC 341059816,312.5321,-65.9646,8.13,0,,,,,5,12.5,ok
TIC 313551384,301.4911,-78.03,8.13,0,,,,,8,16.1,ok
TIC 464317121,280.1696,-64.6493,8.13,0,,,,,8,19.2,ok
TIC 50379749,32.9705,-74.0874,8.13,0,,,,,12,25.9,ok
TIC 306633087,119.8215,-71.433,8.13,0,,,,,40,29.1,ok
TIC 253877224,283.8138,-38.5793,8.13,0,,,,,2,16.3,ok
TIC 30630877,75.1355,-70.699,8.13,0,,,,,41,27.7,ok
TIC 280051835,45.7851,-73.1691,8.13,0,,,,,12,32.6,ok
TIC 129209617,303.0443,-43.7044,8.13,0,,,,,3,25.7,ok
TIC 256241525,256.766,-84.6655,8.13,0,,,,,6,24.8,ok
TIC 421920604,342.7647,-73.3075,8.13,0,,,,,10,32.5,ok
TIC 266997586,3.4731,-74.6886,8.13,0,,,,,8,26.6,ok
TIC 181229779,13.0071,-74.8703,8.13,0,,,,,6,31.3,ok
TIC 425816002,305.9447,-46.9752,8.13,0,,,,,4,23.6,ok
TIC 327725122,331.7231,-69.945,8.13,0,,,,,9,38.8,ok
TIC 364540782,85.2322,-72.2747,8.13,0,,,,,43,18.8,ok
TIC 300871376,117.6961,-70.7779,8.13,0,,,,,33,24.8,ok
TIC 141526547,87.1268,-76.5435,8.13,0,,,,,43,25.0,ok
TIC 290925810,308.8342,-40.2852,8.13,0,,,,,4,15.2,ok
TIC 279512574,105.7828,-57.7287,8.13,0,,,,,39,23.1,ok
TIC 350620310,87.3268,-58.6712,8.13,0,,,,,39,27.2,ok
TIC 149423433,84.6103,-61.1668,8.13,0,,,,,40,25.6,ok
TIC 219925222,298.4645,-52.6572,8.13,0,,,,,5,21.1,ok
TIC 403237036,330.6278,-62.0487,8.13,0,,,,,11,25.1,ok
TIC 220436129,73.7246,-58.8373,8.13,0,,,,,43,25.3,ok
TIC 167085242,95.6653,-66.3129,8.13,0,,,,,37,25.0,ok
TIC 410413679,319.5727,-55.1297,8.13,0,,,,,7,19.3,ok
TIC 340174734,113.6794,-58.6575,8.13,0,,,,,28,29.8,ok
TIC 271597672,108.5413,-77.5634,8.13,0,,,,,35,27.6,ok
TIC 149121385,80.9201,-63.615,8.13,0,,,,,43,22.9,ok
TIC 356333677,156.7994,-88.1511,8.13,0,,,,,7,15.6,ok
TIC 100227109,306.2134,-50.147,8.13,0,,,,,5,16.2,ok
TIC 41173667,91.3987,-69.9151,8.13,0,,,,,38,17.5,ok
TIC 201746005,303.4559,-55.1699,8.14,0,,,,,7,13.4,ok
TIC 269634857,302.0845,-38.8008,8.14,0,,,,,3,9.4,ok
TIC 176935006,100.4395,-66.9474,8.14,0,,,,,39,24.4,ok
TIC 229806104,352.4567,-71.6633,8.14,0,,,,,9,18.8,ok
TIC 260368525,95.2411,-58.352,8.14,0,,,,,41,24.0,ok
TIC 369363340,292.6432,-84.3844,8.14,0,,,,,8,23.3,ok
TIC 140892453,76.5013,-72.6702,8.14,0,,,,,30,19.4,ok
TIC 341362242,316.4057,-61.7288,8.14,0,,,,,7,13.4,ok
TIC 234335992,36.7706,-69.908,8.14,0,,,,,10,21.1,ok
TIC 346722548,296.988,-82.6651,8.14,0,,,,,10,23.3,ok
TIC 31508240,89.1374,-70.2894,8.14,0,,,,,38,19.7,ok
TIC 141281495,83.2485,-75.2367,8.14,0,,,,,41,25.1,ok
TIC 302925037,40.1584,-79.0719,8.14,0,,,,,10,22.7,ok
TIC 300939409,117.7361,-70.0879,8.14,0,,,,,44,20.2,ok
TIC 277834603,344.7173,-67.3995,8.14,0,,,,,9,27.1,ok
TIC 468085194,286.5392,-31.6954,8.14,0,,,,,5,15.9,ok
TIC 316787200,323.4483,-55.8265,8.14,0,,,,,10,23.5,ok
TIC 350094458,115.088,-64.4829,8.14,0,,,,,33,22.7,ok
TIC 238814023,327.3881,-61.4635,8.14,0,,,,,11,23.8,ok
TIC 394232135,47.8078,-77.8053,8.14,0,,,,,14,24.3,ok
TIC 340638483,116.727,-58.9066,8.14,0,,,,,8,23.0,ok
TIC 352000222,283.2753,-77.0568,8.14,0,,,,,6,18.7,ok
TIC 300039874,107.6087,-70.3487,8.14,0,,,,,36,23.7,ok
TIC 278406858,303.4828,-30.9031,8.14,0,,,,,3,16.0,ok
TIC 91397147,313.2878,-47.7766,8.14,0,,,,,4,13.4,ok
TIC 79225710,317.9002,-52.1631,8.14,0,,,,,7,17.0,ok
TIC 291059336,309.4979,-39.2285,8.14,0,,,,,4,21.0,ok
TIC 370205071,314.0266,-56.703,8.14,0,,,,,7,18.9,ok
TIC 113241060,293.0465,-30.7489,8.14,0,,,,,5,9.4,ok
TIC 369769825,144.2811,-86.5118,8.14,0,,,,,10,23.3,ok
TIC 120397217,280.9603,-54.2823,8.14,0,,,,,2,8.9,ok
TIC 397318767,282.5138,-43.0927,8.14,0,,,,,3,15.5,ok
TIC 271579973,319.8149,-74.7042,8.14,0,,,,,7,23.7,ok
TIC 176958231,101.2218,-66.8661,8.14,0,,,,,33,23.8,ok
TIC 325276580,322.5373,-72.483,8.14,0,,,,,6,19.5,ok
TIC 143396585,294.2075,-44.5998,8.14,0,,,,,5,21.8,ok
TIC 38587665,64.2061,-65.6298,8.15,0,,,,,44,20.0,ok
TIC 91310628,311.4555,-43.2467,8.15,0,,,,,4,13.3,ok
TIC 141152931,80.5865,-75.0103,8.15,0,,,,,43,21.9,ok
TIC 383293512,181.7506,-86.7601,8.15,0,,,,,6,11.9,ok
TIC 158509309,294.7878,-49.8568,8.15,0,,,,,6,11.8,ok
TIC 441294520,307.7777,-30.7094,8.15,0,,,,,1,4.2,ok
TIC 324895531,282.4047,-48.4329,8.15,0,,,,,4,11.6,ok
TIC 277691038,329.5283,-60.8895,8.15,0,,,,,10,19.0,ok
TIC 254119573,286.409,-40.2049,8.15,0,,,,,3,9.1,ok
TIC 340486523,116.0295,-56.7479,8.15,0,,,,,16,20.1,ok
TIC 351470243,308.2902,-60.9808,8.15,0,,,,,6,12.8,ok
TIC 339733451,110.9054,-58.097,8.15,0,,,,,21,18.6,ok
TIC 317019189,336.2608,-72.9007,8.15,0,,,,,10,20.6,ok
TIC 260128701,92.4076,-59.5219,8.15,0,,26.5,rejete,variabilite_continue;eclipse_secondaire,42,26.1,ok
TIC 220478230,75.8744,-58.4462,8.15,0,,,,,43,20.9,ok
TIC 300136653,108.3789,-70.5333,8.15,0,,,,,21,21.7,ok
TIC 201749918,303.6869,-57.6476,8.15,0,,,,,7,15.7,ok
TIC 267192489,6.2598,-72.618,8.15,0,,,,,7,19.3,ok
TIC 410404354,75.4109,-87.3913,8.15,0,,,,,8,20.4,ok
TIC 339379248,295.6558,-61.3432,8.15,0,,,,,7,17.0,ok
TIC 261261527,90.3194,-79.8714,8.15,0,,,,,19,21.5,ok
TIC 370328324,64.1894,-82.997,8.15,0,,,,,12,20.3,ok
TIC 339672106,110.422,-57.2802,8.15,0,,,,,26,21.5,ok
TIC 370232454,325.679,-58.3894,8.15,0,,,,,9,20.9,ok
TIC 396042448,297.2763,-70.1882,8.15,0,,,,,9,19.7,ok
TIC 267084318,5.1768,-73.9771,8.15,0,,,,,8,19.2,ok
TIC 327725745,331.8826,-71.6226,8.15,0,,,,,8,16.8,ok
TIC 167524278,100.5792,-65.1343,8.15,0,,,,,37,28.2,ok
TIC 231737189,82.214,-51.5768,8.15,0,,,,,13,21.8,ok
TIC 261088377,81.4551,-79.7624,8.15,0,,,,,25,20.3,ok
TIC 273365294,338.3934,-74.6654,8.15,0,,,,,9,20.1,ok
TIC 25133052,62.1405,-71.6391,8.15,0,,,,,31,20.7,ok
TIC 211215485,280.5477,-34.0405,8.15,0,,,,,3,14.3,ok
TIC 467934911,282.8222,-72.187,8.15,0,,,,,7,17.3,ok
TIC 238870892,38.0742,-72.1808,8.16,0,,,,,11,23.6,ok
TIC 382436277,117.1425,-64.8223,8.16,0,,,,,33,19.8,ok
TIC 38954456,70.2612,-60.8458,8.16,0,,,,,42,19.4,ok
TIC 292777606,274.7061,-79.29,8.16,0,,,,,8,22.0,ok
TIC 394677476,52.1953,-80.1709,8.16,0,,,,,11,26.7,ok
TIC 113917320,294.7777,-32.0181,8.16,0,,,,,1,7.4,ok
TIC 260949316,73.1323,-82.9481,8.16,0,,,,,12,22.7,ok
TIC 350433903,85.0495,-56.5068,8.16,0,,,,,31,21.0,ok
TIC 253979976,284.3094,-36.4788,8.16,0,,,,,2,9.7,ok
TIC 271903890,113.5808,-75.0731,8.16,0,,,,,22,23.1,ok
TIC 32036692,56.7999,-67.3906,8.16,0,,,,,34,25.9,ok
TIC 290402323,330.5281,-74.4989,8.16,0,,,,,7,17.2,ok
TIC 339859805,111.5254,-56.9559,8.16,0,,13.7,rejete,variabilite_continue;eclipse_secondaire,25,25.8,ok
TIC 360823525,304.0418,-58.556,8.16,0,,,,,7,18.3,ok
TIC 362069770,104.72,-87.305,8.16,0,,,,,6,16.7,ok
TIC 55450888,70.5834,-61.619,8.16,0,,,,,34,25.1,ok
TIC 343958580,285.8935,-55.7651,8.16,0,,,,,5,17.1,ok
TIC 32091606,58.7224,-66.4486,8.16,0,,,,,35,24.6,ok
TIC 421915587,288.2266,-59.6884,8.16,0,,,,,6,17.3,ok
TIC 277125572,282.1422,-78.4537,8.16,0,,,,,10,24.3,ok
TIC 381857833,322.5175,-56.2779,8.16,0,,16.6,rejete,variabilite_continue;eclipse_secondaire,9,25.1,ok
TIC 375300940,290.0822,-63.4785,8.16,0,,,,,9,21.5,ok
TIC 219144217,88.574,-51.8424,8.16,0,,,,,1,7.6,ok
TIC 350742475,88.5479,-59.7715,8.16,0,,,,,42,22.0,ok
TIC 348996104,107.0206,-62.8204,8.16,0,,,,,40,22.9,ok
TIC 62090745,290.5508,-42.3443,8.16,0,,,,,4,14.3,ok
TIC 349791471,113.4655,-60.7498,8.16,0,,,,,36,22.1,ok
TIC 38516267,62.5915,-65.3302,8.16,0,,,,,43,24.7,ok
TIC 100566535,309.4935,-48.5459,8.16,0,,,,,5,13.3,ok
TIC 182898503,282.1189,-44.2823,8.16,0,,,,,3,6.6,ok
TIC 6406215,283.7918,-48.7066,8.16,0,,,,,4,11.5,ok
TIC 269586620,301.7065,-40.9027,8.16,0,,,,,3,6.9,ok
TIC 152796276,305.0077,-32.0954,8.17,0,,,,,4,10.1,ok
TIC 31814200,51.3307,-68.708,8.17,0,,,,,7,16.1,ok
TIC 273323115,335.0779,-79.2948,8.17,0,,10.9,rejete,variabilite_continue;eclipse_secondaire,6,17.9,ok
TIC 389012219,134.069,-85.4887,8.17,0,,,,,11,24.5,ok
TIC 267322856,7.7799,-74.167,8.17,0,,,,,7,16.3,ok
TIC 290820376,308.1919,-36.2289,8.17,0,,,,,4,12.2,ok
TIC 422043310,301.6319,-54.0849,8.17,0,,,,,6,15.9,ok
TIC 260605506,97.2312,-57.603,8.17,1,1.7182,18.2,rejete,variabilite_continue;eclipse_secondaire,32,28.1,ok
TIC 300736769,299.9978,-40.8058,8.17,0,,15.0,rejete,variabilite_continue;eclipse_secondaire,4,10.5,ok
TIC 354892631,300.7419,-39.1951,8.17,0,,,,,3,9.1,ok
TIC 467960339,285.7885,-61.1144,8.17,0,,,,,9,19.6,ok
TIC 270342006,33.3273,-82.8937,8.17,0,,,,,12,22.3,ok
TIC 350716053,88.5071,-56.5547,8.17,0,,,,,40,19.7,ok
TIC 279088395,102.747,-56.2396,8.17,0,,,,,34,17.8,ok
TIC 238198708,57.1904,-75.7007,8.17,0,,,,,29,18.3,ok
TIC 383744898,222.6908,-88.328,8.17,0,,,,,3,8.9,ok
TIC 293272754,98.7282,-60.7139,8.17,0,,,,,41,18.1,ok
TIC 141770198,91.8755,-76.6904,8.17,0,,,,,45,19.2,ok
TIC 167795786,104.3913,-61.8695,8.17,0,,,,,45,20.8,ok
TIC 101819055,303.7455,-49.8086,8.17,0,,,,,4,12.9,ok
TIC 304984560,288.3608,-49.1583,8.17,0,,,,,6,12.8,ok
TIC 360877445,307.2945,-57.1776,8.17,0,,,,,8,16.4,ok
TIC 128797775,300.3776,-42.4846,8.17,0,,,,,5,13.1,ok
TIC 55402580,77.8438,-62.8176,8.17,0,,,,,41,20.5,ok
TIC 128728519,300.0295,-45.4871,8.17,0,,,,,4,12.0,ok
TIC 140755216,73.8533,-73.7616,8.17,0,,,,,42,19.8,ok
TIC 290417892,305.6939,-37.2624,8.17,0,,,,,4,10.1,ok
TIC 284195833,105.581,-69.3525,8.17,0,,,,,41,19.0,ok
TIC 31816240,51.5925,-69.6057,8.17,0,,,,,23,19.4,ok
TIC 350024659,114.5233,-63.9462,8.17,0,,,,,32,19.1,ok
TIC 234279113,333.9691,-64.8129,8.17,0,,,,,7,13.3,ok
TIC 404664076,282.7557,-47.2385,8.17,0,,,,,3,7.3,ok
TIC 231626584,316.9931,-54.7404,8.18,0,,,,,7,15.8,ok
TIC 354670384,321.3711,-69.2676,8.18,0,,,,,3,11.6,ok
TIC 352508914,324.7069,-74.1254,8.18,0,,,,,6,15.6,ok
TIC 358107357,51.0559,-73.4922,8.18,0,,,,,20,27.3,ok
TIC 424913810,292.6031,-49.9007,8.18,0,,,,,3,7.6,ok
TIC 350825116,89.6051,-55.2044,8.18,0,,,,,42,25.0,ok
TIC 293618559,0.188,-72.3181,8.18,0,,,,,8,15.5,ok
TIC 281637522,117.0101,-59.905,8.18,0,,,,,25,21.4,ok
TIC 55298271,76.8636,-62.75,8.18,1,1.5384,26.0,rejete,variabilite_continue;eclipse_secondaire,38,27.6,ok
TIC 61512415,288.0249,-45.2998,8.18,0,,,,,6,15.9,ok
TIC 272235353,117.4267,-72.357,8.18,0,,,,,31,20.5,ok
TIC 343995519,276.9912,-77.8847,8.18,0,,,,,10,22.7,ok
TIC 340313069,115.0266,-59.2298,8.18,0,,,,,21,22.1,ok
TIC 294396282,109.1615,-55.9364,8.18,0,,,,,21,21.7,ok
TIC 237920279,56.828,-64.3276,8.18,0,,,,,20,20.5,ok
TIC 300010961,106.9456,-67.9368,8.18,0,,,,,43,18.9,ok
TIC 220428894,72.9117,-59.011,8.18,0,,,,,42,19.6,ok
TIC 167574667,101.528,-60.6741,8.18,0,,,,,39,20.6,ok
TIC 452377786,88.267,-52.5122,8.18,0,,,,,19,25.4,ok
TIC 181233653,12.9144,-76.3863,8.18,0,,,,,6,16.9,ok
TIC 451605975,283.4332,-86.4977,8.18,0,,,,,4,9.8,ok
TIC 388241446,99.8804,-85.3291,8.18,0,,,,,8,17.4,ok
TIC 350519682,86.0947,-58.275,8.18,0,,,,,40,20.3,ok
TIC 318040836,305.0512,-78.8181,8.18,0,,,,,8,18.7,ok
TIC 302994373,40.5349,-85.858,8.18,0,,,,,8,16.6,ok
TIC 152625558,304.295,-35.3932,8.18,0,,,,,4,9.0,ok
TIC 350154173,52.9919,-81.5224,8.18,0,,,,,9,17.0,ok
TIC 278134831,284.3834,-30.8957,8.18,0,,,,,4,12.1,ok
TIC 231098685,69.1679,-67.2333,8.19,0,,,,,39,20.3,ok
TIC 409939655,304.5112,-68.4894,8.19,0,,,,,6,16.3,ok
TIC 219306160,316.7426,-59.5356,8.19,0,,,,,8,18.6,ok
TIC 278661555,328.9387,-66.1566,8.19,0,,,,,8,17.9,ok
TIC 340065168,113.1886,-57.3748,8.19,0,,30.6,rejete,variabilite_continue;eclipse_secondaire;compagnon_trop_gros_3.5Rjup,23,30.0,ok
TIC 300969869,118.1507,-69.033,8.19,0,,,,,30,19.2,ok
TIC 300956162,300.1733,-29.4453,8.19,0,,,,,4,11.3,ok
TIC 301372267,301.5756,-29.1456,8.19,0,,,,,3,10.9,ok
TIC 466199276,302.3015,-60.1571,8.19,0,,,,,8,19.4,ok
TIC 38632722,64.8391,-61.2626,8.19,0,,,,,20,21.1,ok
TIC 231806026,85.182,-53.0738,8.19,0,,18.5,rejete,variabilite_continue;eclipse_secondaire,18,26.0,ok
TIC 113648212,293.7614,-38.1405,8.19,0,,,,,3,8.3,ok
TIC 341405514,317.209,-63.0508,8.19,0,,,,,8,18.6,ok
TIC 300284790,298.2095,-38.0847,8.19,0,,,,,4,11.8,ok
TIC 300940126,117.8871,-71.0949,8.19,0,,,,,39,18.3,ok
TIC 421937408,342.7441,-76.7896,8.19,0,,,,,7,16.0,ok
TIC 197765015,326.9878,-58.0392,8.19,0,,,,,9,23.3,ok
TIC 143462428,294.8616,-43.8658,8.19,0,,,,,5,11.8,ok
TIC 290358836,305.4482,-36.9016,8.19,0,,,,,1,4.5,ok
TIC 129580852,305.7591,-43.6706,8.19,0,,,,,3,8.3,ok
TIC 380651050,285.3639,-34.5025,8.19,0,,,,,2,5.1,ok
TIC 318087385,306.7015,-78.1951,8.19,0,,,,,9,24.3,ok
TIC 421920232,342.8687,-72.2514,8.19,0,,,,,3,11.3,ok
TIC 140890028,76.3932,-72.106,8.19,0,,,,,20,16.8,ok
TIC 360735340,290.6935,-55.0841,8.19,0,,,,,5,10.4,ok
TIC 271976400,114.3271,-73.7107,8.19,0,,,,,43,21.2,ok
TIC 326839531,294.3983,-36.6031,8.19,0,,,,,3,10.9,ok
TIC 325490376,357.9749,-79.1619,8.19,0,,,,,7,17.5,ok
TIC 350477148,85.6825,-54.6452,8.19,0,,,,,34,27.5,ok
TIC 30403921,74.5298,-70.1492,8.19,0,,,,,31,26.9,ok
TIC 304201950,291.9136,-59.9079,8.19,0,,,,,6,16.0,ok
TIC 260855442,350.0261,-67.3227,8.19,0,,,,,10,19.1,ok
TIC 270673094,87.3592,-51.69,8.2,0,,,,,10,21.5,ok
TIC 265438107,320.7327,-60.2498,8.2,0,,,,,3,9.3,ok
TIC 393030999,65.6848,-78.7144,8.2,0,,,,,26,21.5,ok
TIC 350559756,86.4913,-56.4514,8.2,0,,,,,41,19.6,ok
TIC 177023289,102.4435,-69.3294,8.2,0,,,,,42,23.4,ok
TIC 234339041,37.4503,-70.6854,8.2,0,,,,,11,18.1,ok
TIC 271519524,288.5312,-63.7472,8.2,0,,,,,8,16.8,ok
TIC 441333062,309.34,-34.7358,8.2,0,,,,,4,13.8,ok
TIC 167719377,103.1768,-64.7079,8.2,0,,,,,22,17.6,ok
TIC 290575588,6.1112,-78.2504,8.2,0,,,,,4,9.4,ok
TIC 404159325,296.4415,-52.6159,8.2,0,,,,,4,10.9,ok
TIC 293464355,49.3903,-78.5001,8.2,0,,,,,13,20.7,ok
TIC 273653758,339.2009,-83.1963,8.2,0,,,,,7,17.3,ok
TIC 323003302,125.706,-80.5234,8.2,0,,,,,7,18.7,ok
TIC 129035524,301.7174,-44.2241,8.2,0,,,,,1,9.5,ok
TIC 270507908,98.4968,-80.9271,8.2,0,,,,,19,19.1,ok
TIC 6669806,284.6724,-53.2787,8.2,0,,,,,4,13.9,ok
TIC 371928668,306.8437,-66.9215,8.2,0,,,,,7,15.6,ok
TIC 182521194,15.5522,-75.8003,8.2,0,,,,,8,18.3,ok
TIC 266927338,2.5141,-77.4805,8.2,0,,,,,8,16.7,ok
TIC 31853965,52.4264,-67.2157,8.2,0,,,,,21,18.2,ok
TIC 340844505,292.7716,-73.1441,8.2,0,,,,,10,23.4,ok
TIC 426018576,43.193,-75.6831,8.2,0,,,,,14,18.2,ok
TIC 232084837,30.6958,-70.8634,8.2,0,,,,,10,20.8,ok
TIC 48959495,302.7164,-34.769,8.2,0,,,,,4,12.9,ok
TIC 351132202,299.7549,-62.4832,8.2,0,,,,,6,13.8,ok
TIC 140997242,78.1137,-75.1449,8.2,0,,,,,43,21.7,ok
TIC 278991349,102.0586,-57.4844,8.2,0,,,,,33,19.7,ok
TIC 97053525,295.4982,-29.2996,8.2,0,,,,,4,10.4,ok
TIC 142086812,98.4218,-75.628,8.2,0,,,,,40,23.9,ok
TIC 281495893,112.0915,-58.5362,8.2,0,,,,,30,20.1,ok
TIC 405428195,354.0583,-83.5174,8.2,0,,,,,4,10.1,ok
TIC 374911986,89.1034,-60.5826,8.2,0,,,,,41,25.0,ok
TIC 349056430,107.4061,-62.3046,8.2,0,,,,,34,18.5,ok
TIC 142050046,97.3119,-73.5895,8.21,0,,,,,23,19.0,ok
TIC 141155264,81.0946,-75.6204,8.21,0,,,,,40,18.2,ok
TIC 389310689,310.7094,-40.861,8.21,0,,,,,4,9.2,ok
TIC 339960404,112.6176,-59.5584,8.21,0,,,,,35,21.3,ok
TIC 260415628,95.6191,-57.5921,8.21,0,,,,,40,17.7,ok
TIC 389587663,311.9876,-45.2177,8.21,0,,,,,4,8.2,ok
TIC 422001952,301.2146,-58.0901,8.21,0,,,,,7,16.3,ok
TIC 341423559,317.4414,-64.5107,8.21,0,,,,,8,13.5,ok
TIC 38678868,65.4048,-62.1219,8.21,0,,,,,41,16.7,ok
TIC 149346163,83.6124,-62.8385,8.21,0,,,,,38,21.1,ok
TIC 91099636,309.7683,-47.5283,8.21,0,,,,,4,10.8,ok
TIC 382160146,81.0013,-58.0951,8.21,0,,,,,33,19.8,ok
TIC 293527488,352.3679,-75.9437,8.21,0,,,,,9,18.4,ok
TIC 278729421,99.5016,-59.7735,8.21,0,,,,,31,22.1,ok
TIC 304135281,28.8833,-73.3617,8.21,0,,,,,12,21.2,ok
TIC 112888617,292.284,-30.0673,8.21,0,,,,,5,12.9,ok
TIC 279088861,102.6969,-56.9525,8.21,0,,,,,40,19.7,ok
TIC 350563576,86.8253,-54.841,8.21,0,,,,,32,26.2,ok
TIC 468158714,311.1083,-86.6278,8.21,0,,,,,7,15.2,ok
TIC 404433136,333.7272,-81.7287,8.21,0,,,,,6,15.7,ok
TIC 97788348,289.2529,-39.7003,8.21,0,,,,,3,10.2,ok
TIC 325338668,335.0191,-72.2765,8.21,0,,,,,10,21.4,ok
TIC 345088232,280.9787,-74.6553,8.21,0,,,,,10,25.2,ok
TIC 231694736,323.3715,-58.2054,8.21,0,,,,,10,19.6,ok
TIC 261260905,90.7271,-78.5205,8.21,0,,,,,39,18.4,ok
TIC 349964939,114.342,-65.8453,8.21,0,,,,,31,21.3,ok
TIC 294212483,108.4261,-54.9008,8.21,0,,,,,18,25.3,ok
TIC 339665778,298.9678,-64.2347,8.21,0,,,,,8,19.3,ok
TIC 276693258,283.2281,-34.1083,8.21,0,,,,,3,11.5,ok
TIC 369954725,295.4245,-47.8265,8.21,0,,,,,6,17.4,ok
TIC 382186942,81.2126,-58.1691,8.21,0,,,,,43,19.7,ok
TIC 230956346,287.3831,-55.5267,8.21,0,,,,,4,12.6,ok
TIC 382187278,81.2631,-57.2353,8.21,0,,,,,42,21.5,ok
TIC 254158612,286.839,-41.0574,8.21,0,,,,,5,12.0,ok
TIC 101400947,300.5995,-51.4457,8.21,0,,,,,5,9.4,ok
TIC 269901428,71.3604,-80.6408,8.21,0,,,,,19,18.8,ok
TIC 211230031,299.6179,-30.0719,8.21,0,,,,,3,7.1,ok
TIC 389089927,333.4056,-66.593,8.21,0,,,,,10,16.3,ok
TIC 24706893,25.9829,-71.4666,8.21,0,,,,,9,20.1,ok
TIC 394778327,28.2446,-85.0348,8.21,0,,,,,8,19.9,ok
TIC 262500573,109.9236,-54.8223,8.21,0,,,,,15,24.9,ok
TIC 261463562,335.058,-67.2933,8.21,0,,,,,9,27.1,ok
TIC 260505542,96.7453,-55.0331,8.21,0,,,,,32,24.9,ok
TIC 101453390,301.1987,-49.7551,8.21,0,,,,,5,17.4,ok
TIC 466172238,301.637,-64.4866,8.21,0,,,,,7,21.2,ok
TIC 319866292,292.6387,-58.9991,8.21,0,,,,,5,11.2,ok
TIC 376135664,291.9919,-69.2023,8.21,0,,,,,9,22.9,ok
TIC 301858939,302.9792,-28.8316,8.21,0,,,,,4,11.0,ok
TIC 370236000,105.2594,-74.0174,8.21,0,,,,,42,26.8,ok
TIC 164586125,306.325,-29.021,8.21,0,,,,,3,20.4,ok
TIC 397192017,100.2367,-84.0236,8.21,0,,,,,13,25.2,ok
TIC 294330174,109.0868,-57.6408,8.21,0,,,,,36,21.1,ok
TIC 238203650,58.1845,-77.8622,8.22,0,,,,,21,19.6,ok
TIC 287329624,109.6281,-59.7357,8.22,0,,,,,22,21.9,ok
TIC 261259521,90.142,-81.121,8.22,0,,,,,16,22.3,ok
TIC 33835925,64.1494,-74.2875,8.22,0,,,,,38,20.9,ok
TIC 398420447,286.6204,-82.5524,8.22,0,,,,,8,17.7,ok
TIC 346701096,296.4248,-78.8839,8.22,0,,,,,9,18.4,ok
TIC 97674100,297.2508,-29.6681,8.22,0,,,,,4,7.8,ok
TIC 439453212,301.5935,-35.6017,8.22,0,,,,,4,13.1,ok
TIC 52314627,22.8922,-69.9925,8.22,0,,,,,6,16.6,ok
TIC 394166876,4.9021,-69.103,8.22,0,,,,,6,16.5,ok
TIC 273654237,18.919,-78.3813,8.22,0,,,,,8,20.4,ok
TIC 55523561,72.0655,-62.4282,8.22,0,,,,,39,42.7,ok
TIC 349311517,109.7568,-65.2256,8.22,0,,,,,40,27.0,ok
TIC 464413832,282.0205,-60.5288,8.22,0,,,,,7,20.9,ok
TIC 300938638,117.868,-69.1277,8.22,0,,,,,21,20.9,ok
TIC 421948121,288.527,-56.5462,8.22,0,,,,,6,13.7,ok
TIC 219176630,91.4205,-53.1329,8.22,0,,,,,24,23.7,ok
TIC 381974270,76.9305,-59.485,8.22,0,,,,,31,22.7,ok
TIC 220378886,320.7536,-55.4428,8.22,0,,,,,8,17.4,ok
TIC 410316487,42.5582,-84.7596,8.22,0,,,,,7,17.5,ok
TIC 372106576,310.7308,-69.5315,8.22,0,,,,,1,6.7,ok
TIC 267495646,9.7524,-72.2825,8.22,0,,,,,6,13.1,ok
TIC 6766943,285.04,-48.5816,8.23,0,,,,,3,6.6,ok
TIC 349372072,110.0004,-61.035,8.23,0,,,,,42,17.2,ok
TIC 327728507,311.7702,-72.7028,8.23,0,,,,,7,13.0,ok
TIC 451597870,278.6579,-86.6627,8.23,0,,,,,7,16.8,ok
TIC 259701242,74.4666,-53.818,8.23,0,,,,,16,18.4,ok
TIC 100225666,306.0059,-48.4506,8.23,0,,,,,?,1.1,erreur
TIC 350844714,90.1382,-56.1614,8.23,0,,,,,33,19.8,ok
TIC 254068584,285.5283,-36.3618,8.23,0,,,,,3,7.5,ok
TIC 219974785,306.4124,-56.7355,8.23,0,,,,,8,15.6,ok
TIC 141823020,93.2125,-75.9585,8.23,0,,,,,21,20.7,ok
TIC 410312709,299.8467,-59.0595,8.23,0,,,,,3,6.2,ok
TIC 254257981,288.6611,-36.6501,8.23,0,,,,,4,10.8,ok
TIC 220454990,74.2749,-55.6125,8.23,0,,14.6,rejete,variabilite_continue;eclipse_secondaire,28,22.5,ok
TIC 304729610,278.8711,-70.5306,8.23,0,,,,,3,7.1,ok
TIC 314830254,52.803,-76.4001,8.23,0,,,,,21,22.9,ok
TIC 382153783,286.0244,-66.2859,8.23,0,,,,,1,5.0,ok
TIC 231089952,68.6065,-66.1935,8.23,0,,,,,43,23.1,ok
TIC 79325855,319.2611,-52.1073,8.23,0,,,,,7,16.1,ok
TIC 31497787,288.8128,-33.9359,8.23,0,,,,,4,12.8,ok
TIC 426019989,43.8826,-75.019,8.23,0,,,,,8,22.6,ok
TIC 409940085,304.6979,-69.272,8.23,0,,,,,6,12.7,ok
TIC 351233225,300.16,-63.4265,8.23,0,,,,,6,11.6,ok
TIC 423264337,297.6577,-75.835,8.23,0,,,,,9,19.4,ok
TIC 404379435,328.9053,-78.5938,8.23,0,,,,,9,17.1,ok
TIC 349273478,109.2763,-63.4789,8.23,0,,,,,21,19.4,ok
TIC 100826322,312.0336,-52.5613,8.23,0,,,,,5,12.5,ok
TIC 369327066,289.9027,-80.8304,8.23,0,,,,,8,16.7,ok
TIC 354671064,321.2603,-67.6237,8.23,0,,,,,7,13.4,ok
TIC 260657210,98.4084,-54.5894,8.23,0,,,,,26,19.4,ok
TIC 402294760,33.7836,-71.5202,8.24,0,,,,,9,18.5,ok
TIC 254027483,285.032,-37.438,8.24,0,,,,,3,13.0,ok
TIC 98568772,291.2568,-37.3932,8.24,0,,,,,4,13.5,ok
TIC 346725266,299.9985,-79.1434,8.24,0,,,,,10,21.8,ok
TIC 401623705,310.5249,-79.2927,8.24,0,,,,,9,23.0,ok
TIC 304093214,26.9164,-76.7803,8.24,0,,,,,8,19.0,ok
TIC 50441632,35.7357,-75.7698,8.24,0,,,,,12,21.7,ok
TIC 279250316,103.9618,-58.4105,8.24,0,,,,,40,19.3,ok
TIC 272089457,115.6303,-76.2177,8.24,0,,,,,31,20.8,ok
TIC 231809858,85.4124,-52.2596,8.24,0,,,,,1,8.6,ok
TIC 260242697,93.8258,-54.5584,8.24,0,,,,,34,22.2,ok
TIC 358335307,77.3436,-54.2409,8.24,0,,,,,17,20.7,ok
TIC 220424315,72.3325,-57.1004,8.24,0,,,,,32,21.9,ok
TIC 101582880,302.0918,-49.1077,8.24,0,,,,,6,15.9,ok
TIC 269855919,70.8315,-79.1261,8.24,0,,,,,19,20.1,ok
TIC 320784905,298.5937,-57.5309,8.24,0,,,,,7,16.3,ok
TIC 352404492,301.3708,-70.1849,8.24,0,,,,,8,17.5,ok
TIC 325341091,337.8235,-77.1113,8.24,0,,,,,7,13.2,ok
TIC 371840405,306.47,-70.1901,8.24,0,,,,,7,21.1,ok
TIC 343997418,277.1944,-75.0143,8.24,0,,,,,9,17.8,ok
TIC 143398024,294.31,-46.1606,8.24,0,,,,,6,15.0,ok
TIC 277803472,344.4618,-69.4524,8.24,0,,,,,2,9.5,ok
TIC 364538492,71.1731,-74.3225,8.24,0,,,,,42,18.4,ok
TIC 303980842,24.7552,-73.1627,8.24,0,,,,,11,19.6,ok
TIC 141154236,80.3548,-77.6957,8.24,0,,,,,7,13.6,ok
TIC 260507500,96.6828,-58.833,8.24,0,,,,,36,18.9,ok
TIC 232079133,29.6563,-69.5545,8.24,0,,,,,11,18.7,ok
TIC 355058575,303.8737,-40.0322,8.24,0,,,,,3,8.1,ok
TIC 269530556,301.7531,-36.7028,8.24,0,,,,,3,9.4,ok
TIC 379196596,282.8202,-57.9613,8.24,0,,,,,6,11.8,ok
TIC 300323829,110.3461,-67.2925,8.24,0,,,,,41,19.5,ok
TIC 278866220,100.8264,-55.2298,8.24,0,,,,,32,19.7,ok
TIC 271406936,298.6396,-32.166,8.24,0,,,,,4,7.8,ok
TIC 273733875,341.0456,-78.0192,8.24,0,,,,,?,3.9,erreur
TIC 469905944,336.8357,-63.6881,8.24,0,,,,,11,23.3,ok
TIC 300653642,114.3004,-69.0448,8.25,0,,,,,21,22.5,ok
TIC 350477233,85.8328,-54.8194,8.25,0,,,,,29,21.7,ok
TIC 48899059,302.5096,-33.4319,8.25,0,,,,,1,3.8,ok
TIC 158157292,281.75,-50.8223,8.25,0,,,,,4,9.6,ok
TIC 319768482,292.3561,-56.5583,8.25,0,,,,,5,10.5,ok
TIC 278662858,328.9762,-70.5369,8.25,0,,,,,8,16.4,ok
TIC 421457443,296.9582,-30.7063,8.25,0,,,,,1,3.1,ok
TIC 261204279,86.7157,-82.4283,8.25,0,,,,,13,18.4,ok
TIC 421460293,297.0522,-31.6622,8.25,0,,,,,4,11.2,ok
TIC 271812702,112.1746,-75.4081,8.25,0,,,,,34,18.3,ok
TIC 254085350,285.7839,-38.7322,8.25,0,,,,,3,10.1,ok
TIC 451560362,267.776,-87.911,8.25,0,,,,,8,18.6,ok
TIC 290486246,2.3971,-78.84,8.25,0,,,,,7,16.6,ok
TIC 219952292,290.1336,-59.6476,8.25,0,,,,,5,14.6,ok
TIC 387112405,286.4332,-74.0293,8.25,0,,,,,11,19.3,ok
TIC 273986610,351.5777,-78.9917,8.25,0,,,,,8,19.6,ok
TIC 394231269,47.7859,-75.2329,8.25,0,,,,,11,19.3,ok
TIC 370137710,46.7218,-72.3024,8.25,0,,,,,14,19.7,ok
TIC 262498136,109.9286,-57.7788,8.25,0,,,,,32,21.5,ok
TIC 300330109,111.1149,-70.1266,8.25,0,,,,,21,21.6,ok
TIC 219964560,305.7484,-59.4981,8.25,0,,,,,7,12.8,ok
TIC 407661867,83.077,-72.8325,8.25,0,,,,,41,16.5,ok
TIC 300399890,298.5364,-35.9864,8.25,0,,,,,4,11.0,ok
TIC 389613626,312.2797,-45.7036,8.25,0,,,,,4,12.1,ok
TIC 290302447,328.3498,-77.3957,8.25,0,,,,,7,13.3,ok
TIC 219393398,77.5339,-53.521,8.25,0,,,,,18,20.5,ok
TIC 31944460,54.3732,-66.5243,8.25,0,,,,,22,19.3,ok
TIC 31925538,53.3077,-69.8698,8.25,0,,,,,21,18.8,ok
TIC 405411672,337.1401,-70.4161,8.25,0,,,,,10,18.5,ok
TIC 6728857,284.8173,-49.5033,8.25,0,,,,,3,7.2,ok
TIC 177284199,102.4186,-74.5568,8.25,0,,,,,45,21.4,ok
TIC 41532123,93.7556,-70.4603,8.25,0,,,,,36,18.8,ok
TIC 261061538,81.3406,-78.1385,8.25,0,,,,,39,16.6,ok
TIC 80059947,297.9154,-43.4563,8.25,0,,,,,5,10.3,ok
TIC 209280785,299.6169,-28.374,8.25,0,,,,,?,3.5,erreur
TIC 280096648,46.5552,-75.0967,8.25,0,,,,,10,18.7,ok
TIC 38587771,64.141,-65.9112,8.26,0,,,,,31,22.4,ok
TIC 150391988,96.4981,-61.6245,8.26,0,,,,,43,18.7,ok
TIC 355547387,320.9919,-58.4237,8.26,0,,,,,9,19.8,ok
TIC 271900960,112.9419,-75.5276,8.26,0,,,,,34,25.6,ok
TIC 25194865,63.9506,-66.2181,8.26,0,,,,,9,19.9,ok
TIC 113169723,292.9614,-32.2032,8.26,0,,,,,5,13.7,ok
TIC 38762657,67.3523,-61.2187,8.26,0,,,,,43,25.8,ok
TIC 80089548,298.0865,-42.6229,8.26,0,,,,,4,12.8,ok
TIC 469906999,336.9171,-64.7432,8.26,0,,,,,9,21.2,ok
TIC 114272274,295.4304,-30.6064,8.26,0,,,,,4,16.3,ok
TIC 404217101,298.5831,-72.5123,8.26,0,,,,,5,11.0,ok
TIC 149575726,86.769,-64.7628,8.26,0,,,,,36,23.7,ok
TIC 390723518,281.447,-47.0147,8.26,0,,,,,3,10.9,ok
TIC 114276124,295.6473,-32.2394,8.26,0,,,,,5,13.0,ok
TIC 96634514,294.5326,-29.1288,8.26,0,,,,,4,7.1,ok
TIC 469850267,316.8161,-49.157,8.26,0,,,,,6,16.2,ok
TIC 287326898,109.7045,-56.6433,8.26,0,,,,,25,22.4,ok
TIC 426030159,44.4889,-72.5449,8.26,0,,,,,14,21.4,ok
TIC 235047873,82.5822,-52.4404,8.26,0,,,,,15,20.2,ok
TIC 293506035,351.1104,-68.3925,8.26,0,,,,,9,21.7,ok
TIC 101543745,301.931,-53.1088,8.26,0,,,,,6,12.6,ok
TIC 230954676,287.2267,-54.1084,8.26,0,,,,,2,6.4,ok
TIC 211254719,299.6606,-30.9277,8.26,0,,,,,3,7.9,ok
TIC 143697744,285.2956,-43.4484,8.26,0,,,,,4,9.7,ok
TIC 169446272,292.915,-29.373,8.26,0,,,,,1,4.2,ok
TIC 379347517,283.5182,-56.1241,8.26,0,,,,,7,18.6,ok
TIC 158343153,288.7583,-49.9899,8.26,0,,,,,6,14.8,ok
TIC 32269756,290.1214,-33.8233,8.26,0,,,,,4,11.4,ok
TIC 231668062,319.717,-56.0624,8.26,0,,,,,9,21.6,ok
TIC 32032908,56.1613,-67.7436,8.26,0,,,,,1,5.7,ok
TIC 176875890,101.1091,-77.245,8.26,0,,,,,32,19.6,ok
TIC 220344205,307.3494,-56.4969,8.26,0,,,,,4,9.0,ok
TIC 299802045,59.8784,-75.6607,8.26,0,,,,,26,20.7,ok
TIC 343961662,285.9822,-59.1817,8.26,0,,,,,7,14.4,ok
TIC 238167433,356.6171,-71.0745,8.27,0,,,,,9,19.4,ok
TIC 271903417,113.4997,-75.7851,8.27,0,,,,,26,19.2,ok
TIC 407825808,273.3757,-81.6662,8.27,0,,,,,8,18.5,ok
TIC 166469442,304.8182,-49.3633,8.27,0,,,,,3,12.0,ok
TIC 300443831,111.7549,-69.5154,8.27,0,,,,,35,20.3,ok
TIC 375038128,99.7237,-63.4642,8.27,0,,,,,32,21.3,ok
TIC 126641296,314.9521,-47.1262,8.27,0,,,,,5,12.6,ok
TIC 179201407,79.3173,-70.2596,8.27,0,,,,,42,19.3,ok
TIC 469873821,303.2301,-72.7426,8.27,0,,,,,2,11.1,ok
TIC 276081627,282.5501,-33.5238,8.27,0,,,,,4,11.1,ok
TIC 350744678,88.7508,-55.2317,8.27,0,,,,,34,22.6,ok
TIC 98272946,290.5122,-35.8684,8.27,0,,,,,4,11.6,ok
TIC 150440176,97.6861,-61.6086,8.27,0,,,,,39,18.7,ok
TIC 320484380,296.2339,-56.4328,8.27,0,,,,,6,12.5,ok
TIC 279571832,106.1392,-58.8295,8.27,0,,,,,43,20.2,ok
TIC 404413286,329.6994,-81.1936,8.27,0,,,,,7,13.4,ok
TIC 404380227,328.8884,-80.3638,8.27,0,,,,,5,13.4,ok
TIC 350184174,115.6692,-60.3032,8.27,0,,,,,23,24.8,ok
TIC 319604485,291.4299,-58.3871,8.27,0,,,,,4,11.5,ok
TIC 246739642,283.5969,-42.8637,8.27,0,,,,,3,8.4,ok
TIC 257720377,78.285,-59.9821,8.27,0,,,,,34,22.4,ok
TIC 231739745,67.3409,-75.6256,8.27,0,,,,,40,19.4,ok
TIC 404162242,296.5239,-48.94,8.27,0,,,,,6,11.4,ok
TIC 260353507,94.7664,-53.9733,8.27,0,,17.1,rejete,variabilite_continue;eclipse_secondaire,34,24.1,ok
TIC 453097891,114.1032,-71.7117,8.27,0,,,,,41,21.1,ok
TIC 266968250,2.8442,-72.6052,8.27,0,,,,,8,15.8,ok
TIC 325077739,294.5049,-66.5071,8.27,0,,,,,8,15.8,ok
TIC 38808065,6.7286,-71.2377,8.27,0,,,,,7,16.2,ok
TIC 260077376,91.8324,-57.1762,8.27,0,,,,,21,17.7,ok
TIC 294779080,71.4832,-66.5169,8.27,0,,,,,32,21.0,ok
TIC 351248136,300.4403,-60.2178,8.28,0,,,,,7,14.3,ok
TIC 272317789,118.5376,-76.5673,8.28,0,,,,,25,19.0,ok
TIC 272195570,117.209,-76.7734,8.28,0,,,,,21,18.4,ok
TIC 291015425,309.5339,-40.8925,8.28,0,,,,,4,7.6,ok
TIC 39080180,13.5449,-70.1174,8.28,0,,,,,7,18.4,ok
TIC 55384838,77.3317,-65.1287,8.28,0,,,,,30,24.7,ok
TIC 254015674,284.9815,-39.9137,8.28,0,,,,,4,13.0,ok
TIC 254263148,288.7421,-37.3845,8.28,0,,,,,4,17.0,ok
TIC 292749561,274.7357,-77.0144,8.28,0,,,,,8,17.7,ok
TIC 344031627,286.2421,-58.3018,8.28,0,,,,,7,21.3,ok
TIC 150390490,96.5365,-64.5532,8.28,0,,,,,36,25.6,ok
TIC 382148936,285.673,-71.8654,8.28,0,,,,,10,19.7,ok
TIC 352541842,325.1391,-76.6331,8.28,0,,,,,7,17.9,ok
TIC 267082653,359.878,-70.0501,8.28,0,,,,,9,23.3,ok
TIC 327787012,312.8529,-75.637,8.28,0,,,,,8,16.2,ok
TIC 290596557,306.9074,-40.6383,8.28,0,,,,,3,12.0,ok
TIC 33770863,63.4186,-73.04,8.28,0,,,,,43,21.8,ok
TIC 8196058,311.3688,-38.0655,8.28,0,,,,,2,11.3,ok
TIC 34761716,306.8017,-30.2278,8.28,0,,,,,3,12.2,ok
TIC 271578884,319.6023,-72.1463,8.28,0,,,,,8,19.5,ok
TIC 350930032,90.4294,-54.7411,8.28,0,,,,,5,15.2,ok
TIC 267166554,50.1586,-86.1384,8.28,0,,,,,6,14.1,ok
TIC 293438694,48.2616,-83.4883,8.28,0,,,,,12,21.1,ok
TIC 254021435,284.9308,-36.7883,8.28,0,,,,,3,10.4,ok
TIC 55366779,77.2653,-63.9412,8.28,0,,,,,41,23.8,ok
TIC 293936969,106.6186,-56.6461,8.28,0,,,,,35,20.9,ok
TIC 31231547,288.413,-30.2053,8.28,0,,,,,2,8.4,ok
TIC 339259030,294.5754,-62.0393,8.28,0,,,,,7,19.9,ok
TIC 261264993,91.3498,-81.9905,8.28,0,,,,,12,20.7,ok
TIC 326031025,298.8278,-31.4416,8.28,0,,,,,4,13.0,ok
TIC 424849473,291.1627,-53.3804,8.28,0,,,,,3,10.9,ok
TIC 166342286,297.6936,-51.6976,8.28,0,,,,,6,12.4,ok
TIC 230976974,300.4339,-55.5217,8.28,0,,,,,6,13.5,ok
TIC 253968973,284.3965,-41.6963,8.28,0,,,,,3,16.6,ok
TIC 143766107,285.6432,-46.2085,8.28,0,,,,,4,22.7,ok
TIC 91034347,308.9019,-44.0218,8.28,0,,,,,3,9.3,ok
TIC 177082055,103.5474,-68.1579,8.28,0,,,,,42,20.0,ok
TIC 62351972,291.8994,-45.7114,8.28,0,,,,,6,15.1,ok
TIC 219293393,311.3401,-54.7749,8.28,0,,,,,6,15.4,ok
TIC 279516815,105.8631,-55.81,8.28,0,,,,,29,21.4,ok
TIC 277889967,353.3419,-74.8564,8.28,0,,,,,10,19.5,ok
TIC 382517621,117.6032,-63.8721,8.28,0,,,,,42,19.6,ok
TIC 273272400,321.5855,-79.9711,8.28,0,,,,,2,12.5,ok
TIC 350433501,85.1964,-57.5264,8.28,0,,,,,41,24.8,ok
TIC 276943440,83.6695,-70.9387,8.28,0,,,,,40,26.0,ok
TIC 273652436,338.7902,-79.8546,8.28,0,,,,,5,16.2,ok
TIC 349907707,114.1051,-61.8738,8.29,0,,13.6,rejete,variabilite_continue;eclipse_secondaire;compagnon_trop_gros_3.3Rjup,31,29.9,ok
TIC 31961002,55.076,-68.4182,8.29,0,,,,,32,26.7,ok
TIC 349967099,114.207,-63.3003,8.29,0,,,,,24,23.7,ok
TIC 143295589,293.5698,-46.6795,8.29,0,,,,,6,12.9,ok
TIC 231638013,318.1998,-58.3506,8.29,0,,,,,9,25.0,ok
TIC 466207143,302.9229,-62.1612,8.29,0,,,,,8,19.7,ok
TIC 320530660,296.4778,-59.5933,8.29,0,,,,,7,12.1,ok
TIC 404287409,309.8663,-75.163,8.29,0,,,,,9,19.9,ok
TIC 141121793,80.3436,-76.2983,8.29,0,,,,,38,22.6,ok
TIC 129139441,302.5663,-47.3318,8.29,0,,,,,6,19.0,ok
TIC 79005592,314.9897,-53.4417,8.29,0,,,,,5,12.8,ok
TIC 292292315,278.5783,-68.8326,8.29,0,,,,,9,17.5,ok
TIC 112613272,291.5153,-32.0784,8.29,0,,,,,4,14.8,ok
TIC 129570707,305.5733,-47.6847,8.29,0,,,,,5,19.4,ok
TIC 410402714,291.5903,-70.4813,8.29,0,,,,,10,30.8,ok
TIC 141805180,92.1471,-74.3933,8.29,0,,,,,45,28.0,ok
TIC 279477819,105.3096,-56.825,8.29,0,,,,,36,30.2,ok
TIC 382271882,287.3925,-69.2118,8.29,0,,,,,5,16.1,ok
TIC 149347534,83.4977,-59.9505,8.29,0,,,,,41,24.2,ok
TIC 464372316,280.9185,-61.7666,8.29,0,,,,,6,19.3,ok
TIC 32195034,290.2106,-35.0197,8.29,0,,,,,4,7.9,ok
TIC 299936689,296.9774,-41.4345,8.29,0,,,,,5,14.2,ok
TIC 375061989,99.9234,-65.2743,8.29,0,,,,,35,23.3,ok
TIC 406322391,327.4608,-60.0557,8.29,0,,12.1,rejete,variabilite_continue;eclipse_secondaire,10,28.4,ok
TIC 183978824,21.8782,-76.0739,8.29,0,,,,,6,11.7,ok
TIC 405436423,2.7927,-87.4142,8.29,0,,,,,7,21.1,ok
TIC 349154160,108.2421,-61.6135,8.29,0,,,,,41,24.9,ok
TIC 6942142,285.5623,-52.6748,8.29,0,,,,,3,12.9,ok
TIC 25155698,63.4129,-70.5068,8.29,0,,,,,44,23.1,ok
TIC 100196754,306.0158,-51.773,8.29,0,,,,,4,11.5,ok
TIC 388128620,63.5961,-69.5459,8.3,0,,,,,33,23.6,ok
TIC 266926314,2.2882,-74.4216,8.3,0,,,,,8,17.5,ok
TIC 382260143,82.5422,-58.5432,8.3,0,,,,,43,20.4,ok
TIC 61023568,286.3352,-42.9037,8.3,0,,,,,4,11.4,ok
TIC 30983315,287.9712,-33.6075,8.3,0,,,,,4,11.2,ok
TIC 340111679,280.4884,-47.1057,8.3,0,,,,,4,13.1,ok
TIC 270342707,33.9403,-79.0261,8.3,0,,,,,10,20.0,ok
TIC 389450214,312.3984,-40.8898,8.3,0,,,,,6,14.3,ok
TIC 272431788,120.0892,-75.5035,8.3,0,,,,,28,19.1,ok
TIC 260540898,97.1905,-55.9171,8.3,0,,,,,32,21.2,ok
TIC 128792681,300.2231,-46.355,8.3,0,,,,,4,7.8,ok
TIC 38699825,66.3974,-60.7568,8.3,0,,,,,34,17.1,ok
TIC 52309675,22.1216,-70.1274,8.3,0,,,,,5,12.3,ok
TIC 410034464,320.0808,-71.2774,8.3,0,,,,,7,15.0,ok
TIC 177350315,104.1215,-72.6457,8.3,0,,,,,41,19.3,ok
TIC 390839243,286.9914,-34.0522,8.3,0,,,,,4,10.3,ok
TIC 177388502,104.9873,-75.207,8.3,0,,,,,42,22.7,ok
TIC 31815637,51.5796,-67.6158,8.3,0,,,,,21,20.1,ok
TIC 370146806,312.7147,-57.3485,8.3,0,,,,,7,19.7,ok
TIC 424880540,291.4992,-52.2062,8.3,0,,,,,5,16.4,ok
TIC 278955132,101.4907,-55.0295,8.3,0,,,,,23,22.7,ok
TIC 38943971,70.2055,-62.8007,8.3,0,,,,,43,20.0,ok
TIC 113566079,293.7055,-35.7542,8.3,0,,,,,2,11.4,ok
TIC 292328581,280.7602,-66.2994,8.3,0,,,,,1,8.6,ok
TIC 140580482,68.5288,-73.9511,8.3,0,,,,,43,24.3,ok
TIC 166606391,313.3585,-49.3831,8.3,0,,,,,5,15.5,ok
TIC 306470369,118.4769,-67.455,8.3,0,,,,,41,26.7,ok
TIC 129480459,304.8065,-46.7504,8.3,0,,,,,4,17.5,ok
TIC 177173234,104.8054,-71.2564,8.3,0,,,,,42,24.7,ok
TIC 381975295,77.0248,-56.7927,8.31,0,,,,,19,21.4,ok
TIC 141765836,91.6243,-72.5154,8.31,0,,,,,32,21.0,ok
TIC 257720280,77.8086,-59.6788,8.31,0,,,,,43,23.6,ok
TIC 370008580,33.418,-68.7063,8.31,0,,,,,11,22.7,ok
TIC 410151515,340.247,-68.5533,8.31,0,,34.9,rejete,variabilite_continue;eclipse_secondaire;compagnon_trop_gros_3.6Rjup,9,29.6,ok
TIC 464488083,284.2835,-63.9718,8.31,0,,,,,8,23.9,ok
TIC 292215117,282.2201,-51.48,8.31,0,,,,,5,16.3,ok
TIC 91333835,312.3714,-46.8129,8.31,0,,,,,3,16.1,ok
TIC 112553108,291.4541,-34.406,8.31,0,,,,,4,17.2,ok
TIC 152167411,307.5722,-35.355,8.31,0,,,,,4,20.8,ok
TIC 324927039,282.2432,-70.203,8.31,0,,,,,9,27.0,ok
TIC 259784083,323.4389,-60.6968,8.31,0,,,,,7,19.8,ok
TIC 275090915,281.7108,-34.2194,8.31,0,,,,,3,15.0,ok
TIC 466094094,294.8291,-71.7932,8.31,0,,,,,9,22.4,ok
TIC 260749554,346.157,-68.3792,8.31,0,,,,,10,24.6,ok
TIC 389655579,312.9997,-45.1665,8.31,0,,,,,4,14.6,ok
TIC 339547085,297.5754,-62.3665,8.31,0,,17.1,rejete,variabilite_continue;eclipse_secondaire,8,23.8,ok
TIC 349829477,113.6764,-61.0827,8.31,0,,,,,39,21.2,ok
TIC 219380533,76.6581,-52.8117,8.31,0,,,,,14,28.9,ok
TIC 344045255,278.1736,-73.1254,8.31,0,,,,,8,21.9,ok
TIC 316463600,280.3095,-41.44,8.31,0,,,,,3,11.7,ok
TIC 100196956,306.141,-51.4196,8.31,0,,,,,2,17.1,ok
TIC 382304620,345.4801,-74.7139,8.31,0,,,,,10,24.6,ok
TIC 343946942,276.5557,-73.724,8.32,0,,,,,2,12.5,ok
TIC 401574714,313.6418,-76.7707,8.32,0,,,,,9,22.0,ok
TIC 90906535,307.902,-43.9813,8.32,0,,,,,2,6.6,ok
TIC 149628632,87.39,-63.7037,8.32,0,,,,,10,27.1,ok
TIC 317100332,348.3607,-78.3466,8.32,0,,,,,7,18.8,ok
TIC 62294176,291.3131,-45.0584,8.32,0,,,,,5,11.4,ok
TIC 129111856,302.2439,-42.5033,8.32,0,,,,,2,12.0,ok
TIC 238829525,340.9401,-70.8467,8.32,0,,,,,9,20.9,ok
TIC 150103650,92.3417,-65.6794,8.32,0,,,,,19,22.6,ok
TIC 238874890,39.4677,-73.7936,8.32,0,,,,,12,20.1,ok
TIC 352352455,300.6787,-68.2785,8.32,0,,,,,6,11.0,ok
TIC 220344515,307.3652,-55.7953,8.32,0,,,,,7,16.7,ok
TIC 388107420,62.6571,-71.6914,8.32,0,,,,,43,21.8,ok
TIC 382146576,80.4807,-54.5081,8.32,0,,,,,27,22.1,ok
TIC 278865766,100.7113,-56.016,8.32,0,,,,,40,20.2,ok
TIC 25134377,62.5144,-67.3263,8.32,0,,,,,33,23.0,ok
TIC 97515725,296.746,-28.8292,8.32,0,,,,,4,9.3,ok
TIC 260659557,98.2459,-59.0398,8.32,0,,,,,43,22.5,ok
TIC 469845160,314.3225,-48.9448,8.32,0,,,,,3,7.3,ok
TIC 182900208,282.2379,-46.2724,8.32,0,,,,,2,5.6,ok
TIC 211038163,280.179,-34.0646,8.32,0,,,,,3,10.6,ok
TIC 349647797,112.2035,-64.7724,8.33,0,,,,,21,19.7,ok
TIC 349193923,108.6774,-63.064,8.33,0,,,,,25,19.0,ok
TIC 300656986,114.4909,-70.0679,8.33,0,,,,,34,14.9,ok
TIC 350857661,90.1311,-55.0857,8.33,0,,,,,40,12.3,ok
TIC 150356903,96.1942,-64.7691,8.33,0,,,,,19,13.0,ok
TIC 254097049,286.0544,-36.9047,8.33,0,,,,,4,5.2,ok
TIC 33766654,62.5543,-73.7584,8.33,0,,,,,34,8.9,ok
TIC 101817600,303.7854,-52.0952,8.33,0,,,,,6,7.8,ok
TIC 304623602,281.1148,-49.7156,8.33,0,,,,,4,6.8,ok
TIC 237937700,59.4377,-64.0216,8.33,0,,,,,32,9.8,ok
TIC 468218067,327.8921,-86.2777,8.33,0,,,,,3,6.5,ok
TIC 30503084,285.7356,-30.3463,8.33,0,,,,,4,5.4,ok
TIC 34638294,305.9525,-34.9701,8.33,0,,,,,4,6.2,ok
TIC 451529275,261.1288,-86.8038,8.33,0,,,,,7,7.1,ok
TIC 261683756,22.4389,-79.6179,8.33,0,,,,,8,10.2,ok
TIC 466129772,295.8344,-69.4378,8.33,0,,,,,10,8.5,ok
TIC 340219007,114.0547,-59.6152,8.33,0,,,,,33,9.2,ok
TIC 143461757,294.8459,-43.1336,8.33,0,,,,,4,4.7,ok
TIC 211164085,280.4397,-31.1064,8.33,0,,,,,3,4.1,ok
TIC 48789500,301.9431,-32.8523,8.34,0,,,,,4,3.7,ok
TIC 409882724,293.8367,-70.999,8.34,0,,,,,8,7.4,ok
TIC 352023040,284.3252,-73.533,8.34,0,,,,,7,6.3,ok
TIC 141184207,81.2618,-73.3735,8.34,0,,,,,41,9.4,ok
TIC 79155247,316.5194,-52.3791,8.34,0,,,,,7,6.6,ok
TIC 273227182,319.5659,-82.8114,8.34,0,,,,,7,6.2,ok
TIC 141210448,81.7891,-74.7554,8.34,0,,,,,41,8.5,ok
TIC 238900351,93.7712,-53.1552,8.34,0,,,,,24,10.0,ok
TIC 419541080,290.4251,-56.6013,8.34,0,,,,,3,6.3,ok
TIC 375233349,283.1056,-61.176,8.34,0,,,,,8,8.4,ok
TIC 320783984,298.6124,-56.0508,8.34,0,,,,,5,6.3,ok
TIC 387292987,312.2947,-54.7797,8.34,0,,,,,5,7.9,ok
TIC 350344317,84.4866,-59.7764,8.34,0,,,,,33,8.2,ok
TIC 344130061,279.1517,-75.851,8.34,0,,,,,7,7.2,ok
TIC 276174454,282.5514,-31.1425,8.34,0,,,,,3,3.3,ok
TIC 220459451,74.8877,-54.6634,8.34,0,,,,,20,9.5,ok
TIC 167247077,97.6386,-67.6025,8.34,0,,,,,37,9.2,ok
TIC 327598630,326.5617,-71.0848,8.34,0,,,,,7,6.1,ok
TIC 151944425,284.5941,-34.6521,8.34,0,,,,,3,3.9,ok
TIC 390835477,286.9835,-32.4686,8.34,0,,,,,3,3.9,ok
TIC 351471434,308.4157,-63.3385,8.34,0,,,,,6,5.6,ok
TIC 394699687,58.2561,-81.1231,8.34,0,,,,,13,12.3,ok
TIC 301771210,302.7647,-27.6695,8.34,0,,,,,2,4.9,ok
TIC 304056146,26.1627,-73.9887,8.34,0,,,,,11,10.5,ok
TIC 272002791,115.2122,-77.2703,8.34,0,,,,,22,10.4,ok
TIC 292542560,282.003,-68.9673,8.34,0,,,,,10,11.7,ok
TIC 382067256,79.519,-55.7071,8.34,0,,,,,39,10.0,ok
TIC 61563862,288.1848,-43.5911,8.34,0,,,,,5,7.3,ok
TIC 1990373192,304.1466,-45.9081,8.34,0,,,,,1,3.4,ok
TIC 176875517,101.0227,-76.4081,8.35,0,,,,,22,8.2,ok
TIC 324756809,280.6237,-48.4429,8.35,0,,,,,5,5.4,ok
TIC 309615189,78.7065,-63.0743,8.35,0,,,,,23,10.2,ok
TIC 254214841,287.8619,-38.2429,8.35,0,,,,,4,3.7,ok
TIC 396171821,299.0612,-69.5745,8.35,0,,,,,7,6.2,ok
TIC 410304250,8.7184,-85.3823,8.35,0,,,,,2,5.3,ok
TIC 271360449,292.2839,-47.0928,8.35,0,,,,,6,7.0,ok
TIC 394733153,23.7498,-84.2861,8.35,0,,,,,10,10.6,ok
TIC 350560804,86.5671,-58.7748,8.35,0,,,,,31,14.2,ok
TIC 167415960,99.2897,-70.9176,8.35,0,,,,,39,9.9,ok
TIC 300444376,111.4782,-68.7373,8.35,0,,,,,32,10.1,ok
TIC 403284457,332.2639,-61.7111,8.35,0,,,,,10,10.8,ok
TIC 100271073,307.0354,-49.3097,8.35,0,,,,,5,8.2,ok
TIC 260981689,75.227,-81.3788,8.35,0,,,,,16,9.8,ok
TIC 394701606,64.9279,-80.12,8.35,0,,,,,17,12.6,ok
TIC 375090431,100.1501,-60.6659,8.35,0,,,,,21,13.4,ok
TIC 167811761,104.8255,-62.9067,8.35,0,,,,,39,13.3,ok
TIC 149388265,84.0907,-65.1795,8.35,0,,,,,38,12.3,ok
TIC 79883776,296.8865,-46.2822,8.35,0,,,,,5,5.6,ok
TIC 167367237,99.2724,-67.4686,8.35,0,,,,,30,11.2,ok
TIC 219943378,289.9272,-59.3711,8.35,0,,14.5,rejete,variabilite_continue;eclipse_secondaire,7,11.9,ok
TIC 441315490,308.6619,-34.1417,8.35,0,,,,,3,5.6,ok
TIC 176872401,100.4971,-73.0211,8.35,0,,,,,42,8.8,ok
TIC 425085686,82.9053,-66.6781,8.35,0,,,,,37,8.2,ok
TIC 219315479,320.2037,-59.7917,8.35,0,,,,,3,4.1,ok
TIC 55659357,74.0214,-64.5806,8.36,0,,,,,40,9.8,ok
TIC 276837430,272.3521,-83.1335,8.36,0,,,,,9,9.3,ok
TIC 149664423,87.6482,-63.5812,8.36,0,,,,,34,10.4,ok
TIC 91449342,313.7017,-43.111,8.36,0,,,,,6,8.3,ok
TIC 261105201,82.8275,-79.0083,8.36,0,,,,,23,11.6,ok
TIC 140608230,71.5297,-77.0205,8.36,0,,,,,43,11.7,ok
TIC 350146577,115.9039,-63.3989,8.36,0,,,,,20,10.8,ok
TIC 113431502,293.495,-33.1499,8.36,0,,,,,4,6.3,ok
TIC 219951077,289.9968,-57.98,8.36,0,,,,,6,7.3,ok
TIC 369768134,142.3396,-89.0161,8.36,0,,,,,6,6.7,ok
TIC 278416495,117.2954,-82.1179,8.36,0,,,,,9,10.6,ok
TIC 300867625,117.3131,-68.1085,8.36,0,,,,,42,13.2,ok
TIC 100413610,308.3009,-53.2706,8.36,0,,,,,6,7.0,ok
TIC 101428455,300.7624,-48.894,8.36,0,,,,,1,2.7,ok
TIC 381978657,77.6835,-55.5206,8.36,0,,,,,34,10.9,ok
TIC 392792806,345.7551,-76.8209,8.36,0,,,,,8,7.6,ok
TIC 290305110,328.6712,-73.6218,8.36,0,,,,,7,6.5,ok
TIC 270558739,99.666,-81.4585,8.36,0,,,,,17,10.3,ok
TIC 246802735,284.1688,-43.4221,8.36,0,,,,,2,7.9,ok
TIC 158441902,289.2131,-51.8874,8.37,0,,,,,5,9.9,ok
TIC 183802598,20.4122,-73.6206,8.37,0,,,,,4,4.3,ok
TIC 80254759,298.8563,-46.8842,8.37,0,,,,,3,6.8,ok
TIC 237322105,345.1632,-65.6645,8.37,0,,,,,11,11.0,ok
TIC 38835654,8.1243,-69.4964,8.37,0,,,,,8,8.4,ok
TIC 38952678,10.8037,-70.297,8.37,0,,,,,6,7.7,ok
TIC 231077890,67.8313,-71.2332,8.37,0,,,,,43,8.9,ok
TIC 31655134,46.7449,-70.8848,8.37,0,,,,,16,12.0,ok
TIC 180206335,11.251,-73.2292,8.37,0,,,,,7,12.0,ok
TIC 271595974,108.2768,-74.138,8.37,0,,,,,20,8.5,ok
TIC 278140574,108.0067,-82.0065,8.37,0,,,,,13,11.7,ok
TIC 340062939,113.2493,-54.9597,8.37,0,,,,,16,13.5,ok
TIC 100383266,308.0814,-49.1159,8.37,0,,,,,3,6.6,ok
TIC 394244833,27.4871,-80.3713,8.37,0,,,,,4,10.0,ok
TIC 61693966,288.8068,-46.8857,8.37,0,,,,,6,7.6,ok
TIC 32072196,58.2351,-68.9648,8.37,0,,,,,38,10.8,ok
TIC 306470809,118.4403,-68.0092,8.37,0,,,,,32,16.3,ok
TIC 340777058,291.5929,-76.3672,8.37,0,,,,,11,11.6,ok
TIC 269446019,291.9601,-39.9871,8.37,0,,,,,2,6.3,ok
TIC 141154669,81.1062,-76.8956,8.37,0,,,,,5,6.8,ok
TIC 167792845,104.1531,-64.5763,8.37,0,,,,,20,13.1,ok
TIC 149971828,90.0786,-61.9996,8.37,0,,,,,41,10.4,ok
TIC 271973774,113.9864,-77.8037,8.37,0,,,,,27,12.0,ok
TIC 253689414,281.807,-39.5637,8.37,0,,,,,3,6.2,ok
TIC 281630320,115.9332,-63.292,8.37,0,,,,,34,12.6,ok
TIC 406321525,327.5284,-62.5868,8.37,0,,,,,11,11.2,ok
TIC 349055837,107.2455,-61.4353,8.37,0,,,,,32,14.5,ok
TIC 101277731,299.9511,-50.2942,8.37,0,,,,,6,8.6,ok
TIC 269742498,66.1315,-81.5775,8.37,0,,,,,12,11.3,ok
TIC 376985587,77.1759,-80.2682,8.37,0,,,,,23,11.6,ok
TIC 183494861,18.9998,-75.9639,8.37,0,,,,,5,15.0,ok
TIC 167120830,96.216,-68.8032,8.38,0,,,,,27,16.2,ok
TIC 30979064,287.7909,-35.6389,8.38,0,,,,,4,11.6,ok
TIC 179120455,79.0108,-70.4561,8.38,0,,27.2,rejete,variabilite_continue;eclipse_secondaire,33,19.9,ok
TIC 451563101,270.1977,-84.4057,8.38,0,,,,,8,20.0,ok
TIC 218932547,298.2692,-29.9378,8.38,1,1.6167,12.6,rejete,variabilite_continue;eclipse_secondaire,4,14.9,ok
TIC 91098095,309.6594,-45.2567,8.38,0,,,,,3,14.0,ok
TIC 140510714,66.7822,-77.7797,8.38,0,,,,,31,16.2,ok
TIC 456609607,282.4343,-59.7714,8.38,0,,,,,5,12.4,ok
TIC 294093824,107.4545,-56.3715,8.38,0,,61.5,rejete,variabilite_continue;eclipse_secondaire,25,19.6,ok
TIC 300657526,114.6184,-69.3261,8.38,0,,,,,34,17.0,ok
TIC 355579231,320.9943,-54.7752,8.38,0,,,,,3,9.8,ok
TIC 343887624,276.0077,-75.8468,8.38,0,,,,,9,15.8,ok
TIC 278402677,303.3547,-35.3768,8.38,0,,,,,4,10.3,ok
TIC 331680594,306.8044,-76.9238,8.38,0,,,,,7,13.5,ok
TIC 261236136,88.3734,-81.9477,8.38,0,,,,,16,15.8,ok
TIC 55401489,70.4385,-61.2176,8.38,0,,,,,21,16.3,ok
TIC 209040231,297.9544,-28.6267,8.38,0,,,,,4,14.3,ok
TIC 389424817,311.9374,-39.6808,8.38,0,,,,,5,11.9,ok
TIC 182013068,281.4894,-43.2147,8.38,0,,,,,3,8.4,ok
TIC 79154271,316.6469,-49.9659,8.39,0,,,,,4,9.5,ok
TIC 31925153,53.5685,-68.6946,8.39,0,,,,,5,17.5,ok
TIC 424725124,290.4464,-48.668,8.39,0,,,,,6,14.2,ok
TIC 114680194,293.9586,-40.4981,8.39,0,,,,,5,13.9,ok
TIC 38833739,7.7731,-69.0388,8.39,0,,,,,7,11.3,ok
TIC 150164875,93.244,-62.0716,8.39,0,,,,,42,14.7,ok
TIC 129433078,304.3347,-45.9605,8.39,0,,,,,3,8.1,ok
TIC 50308200,30.3185,-72.3638,8.39,0,,,,,10,14.3,ok
TIC 33866571,65.7922,-76.1855,8.39,0,,,,,31,9.9,ok
TIC 149154927,81.0847,-59.9546,8.39,0,,,,,40,9.0,ok
TIC 382510066,117.1423,-60.1668,8.39,0,,,,,21,12.9,ok
TIC 382198673,81.5632,-59.1929,8.39,0,,,,,42,13.2,ok
TIC 293571051,0.1475,-77.0201,8.39,0,,,,,6,8.2,ok
TIC 279091621,102.8897,-58.3282,8.39,0,,,,,29,9.5,ok
TIC 374859230,88.4688,-60.0881,8.39,0,,,,,39,9.8,ok
TIC 349059821,107.42,-63.8103,8.39,0,,,,,41,11.6,ok
TIC 253636016,281.3596,-41.2017,8.39,0,,,,,1,2.8,ok
TIC 261542854,348.7765,-74.1845,8.39,0,,,,,10,9.7,ok
TIC 140938247,77.1778,-74.8468,8.39,0,,,,,33,12.6,ok
TIC 149540525,86.3013,-62.917,8.39,0,,,,,38,10.3,ok
TIC 468193083,324.5037,-84.8136,8.39,0,,,,,8,12.4,ok
TIC 277979465,103.2424,-79.9556,8.4,0,,,,,10,11.2,ok
TIC 278381413,114.7112,-79.4216,8.4,0,,,,,17,10.9,ok
TIC 254118787,286.3637,-41.7375,8.4,0,,,,,4,7.7,ok
TIC 254079147,285.842,-40.979,8.4,0,,,,,3,6.6,ok
TIC 32088907,58.2646,-69.6456,8.4,0,,,,,23,12.4,ok
TIC 237937112,59.1928,-65.8031,8.4,0,,,,,20,11.8,ok
TIC 271723952,110.7061,-71.9583,8.4,0,,,,,43,11.2,ok
TIC 276866031,83.4633,-67.9395,8.4,0,,,,,29,9.6,ok
TIC 410118032,327.5754,-67.6938,8.4,0,,,,,9,7.6,ok
TIC 32051091,56.9166,-70.922,8.4,0,,,,,35,8.5,ok
TIC 220478950,75.8778,-56.1674,8.4,0,,,,,36,9.3,ok
TIC 350299588,83.9102,-57.1387,8.4,0,,,,,44,9.3,ok
TIC 404378697,328.3713,-82.6486,8.4,0,,,,,7,6.8,ok
TIC 158459745,289.4015,-48.4589,8.4,0,,,,,6,11.2,ok
TIC 158458809,289.3879,-49.462,8.4,0,,,,,5,8.2,ok
TIC 256239953,269.1847,-82.0692,8.4,0,,,,,8,8.5,ok
TIC 274059295,73.5904,-85.5601,8.4,0,,,,,1,4.3,ok
TIC 167417444,99.5538,-70.0943,8.4,0,,,,,40,9.3,ok
TIC 219978562,306.5778,-55.2094,8.4,0,,,,,5,10.9,ok
TIC 406348470,330.8871,-87.3581,8.4,0,,,,,6,11.4,ok
TIC 287148985,337.9891,-73.6913,8.4,0,,,,,11,11.6,ok
TIC 91308746,311.3683,-47.2209,8.4,0,,,,,4,5.4,ok
TIC 91310121,311.4164,-44.2635,8.4,0,,,,,4,5.4,ok
TIC 261562893,349.3688,-76.5396,8.4,0,,,,,9,10.5,ok
TIC 142148228,100.3689,-74.6738,8.4,1,1.5616,43.6,rejete,variabilite_continue;eclipse_secondaire,29,18.3,ok
TIC 466239023,303.9518,-63.2346,8.4,0,,,,,7,8.9,ok
TIC 387195976,304.7081,-55.0669,8.41,0,,,,,6,5.8,ok
TIC 441285057,295.5823,-36.2999,8.41,0,,,,,4,5.6,ok
TIC 290663828,307.2272,-41.4338,8.41,0,,,,,4,7.7,ok
TIC 41035485,90.4306,-67.8637,8.41,0,,,,,21,10.2,ok
TIC 316787978,323.7755,-54.5846,8.41,0,,,,,11,11.8,ok
TIC 339634305,110.0939,-57.6476,8.41,0,,,,,21,10.9,ok
TIC 469813520,304.646,-65.8582,8.41,0,,,,,4,8.5,ok
TIC 278993362,102.0303,-54.1925,8.41,0,,,,,7,8.0,ok
TIC 300329728,110.9664,-70.7725,8.41,0,,,,,42,9.7,ok
TIC 300283476,298.2164,-39.579,8.41,0,,,,,3,7.1,ok
TIC 220459813,74.7307,-55.8768,8.41,0,,,,,24,10.0,ok
TIC 323174630,129.0316,-81.2959,8.41,0,,,,,9,9.5,ok
TIC 446551225,286.823,-57.3066,8.41,0,,,,,1,5.1,ok
TIC 320662567,297.5999,-58.6591,8.41,0,,,,,7,10.2,ok
TIC 55523592,72.131,-62.4834,8.41,0,,,,,21,9.8,ok
TIC 339260356,294.5472,-64.1334,8.41,0,,,,,7,11.1,ok
TIC 38696264,66.1217,-60.6584,8.41,0,,,,,24,9.7,ok
TIC 271811957,112.3815,-74.262,8.41,0,,,,,21,10.9,ok
TIC 279090824,102.8783,-59.7094,8.41,0,,,,,40,10.3,ok
TIC 143760158,285.497,-45.4366,8.41,0,,,,,3,6.5,ok
TIC 340018265,280.3177,-43.3148,8.41,0,,,,,4,6.4,ok
TIC 34558016,305.4785,-30.3797,8.41,0,,13.2,rejete,variabilite_continue;eclipse_secondaire,5,13.7,ok
TIC 382032570,78.9837,-56.4499,8.41,0,,,,,42,11.9,ok
TIC 370246784,41.8782,-83.6134,8.41,0,,,,,12,11.3,ok
TIC 38600576,64.4307,-65.7099,8.41,0,,,,,44,11.0,ok
TIC 370246235,42.3075,-82.6232,8.41,0,,,,,12,9.1,ok
TIC 389298001,303.36,-38.3562,8.41,0,,,,,3,4.1,ok
TIC 451594872,278.3082,-84.6367,8.41,0,,,,,8,8.6,ok
TIC 300157797,108.8714,-68.0432,8.41,0,,,,,30,8.4,ok
TIC 294982517,72.2822,-66.5612,8.42,0,,,,,42,10.1,ok
TIC 281634018,116.9289,-63.7188,8.42,0,,,,,40,9.1,ok
TIC 405425424,337.2904,-68.0627,8.42,0,,,,,11,14.9,ok
TIC 150431839,97.2339,-61.0949,8.42,0,,,,,21,12.1,ok
TIC 293164978,66.2363,-59.4704,8.42,0,,,,,34,10.6,ok
TIC 341117200,313.4966,-61.9656,8.42,0,,,,,7,8.2,ok
TIC 277978230,355.9179,-77.8082,8.42,0,,,,,3,4.3,ok
TIC 410365000,62.4556,-85.5107,8.42,0,,,,,9,9.2,ok
TIC 150439289,97.5355,-63.1917,8.42,0,,,,,30,8.1,ok
TIC 29781308,65.0573,-68.0734,8.42,0,,,,,41,12.1,ok
TIC 370107365,314.8375,-50.6839,8.42,0,,,,,5,7.8,ok
TIC 382247321,82.125,-56.6872,8.42,0,,,,,38,9.8,ok
TIC 403123914,324.7445,-62.1663,8.42,0,,,,,8,7.5,ok
TIC 41259424,92.2639,-71.5062,8.42,0,,,,,42,8.3,ok
TIC 294096938,107.5235,-55.0672,8.42,0,,,,,22,10.1,ok
TIC 397543977,281.3777,-31.6502,8.42,0,,,,,2,4.1,ok
TIC 272196057,117.1368,-77.1513,8.42,0,,,,,25,11.3,ok
TIC 38470115,61.9651,-62.7624,8.42,0,,,,,35,10.2,ok
TIC 149572723,86.3167,-60.5276,8.42,0,,,,,41,11.5,ok
TIC 263013845,13.5349,-80.6659,8.42,0,,,,,9,10.2,ok
TIC 220399049,69.1687,-57.5445,8.42,0,,,,,6,10.9,ok
TIC 219411132,79.1395,-53.3231,8.42,0,,,,,20,9.1,ok
TIC 389086433,333.1276,-67.7336,8.42,0,,,,,11,8.9,ok
TIC 55400261,70.5409,-62.3849,8.42,0,,,,,38,8.6,ok
TIC 469821735,300.9327,-74.1887,8.42,0,,,,,10,9.0,ok
TIC 441325968,309.1026,-35.7569,8.42,0,,,,,3,3.7,ok
TIC 349270369,109.0482,-60.5248,8.42,0,,,,,20,9.1,ok
TIC 231638228,318.1634,-57.6385,8.42,0,,,,,8,8.7,ok
TIC 201639088,285.3034,-56.5621,8.43,0,,,,,6,6.4,ok
TIC 31999747,55.8799,-69.8894,8.43,0,,,,,24,15.2,ok
TIC 176980995,101.4412,-70.5832,8.43,0,,,,,36,12.8,ok
TIC 257496988,289.3172,-79.3883,8.43,0,,,,,8,13.4,ok
TIC 62377215,291.8667,-42.2758,8.43,0,,,,,2,2.4,ok
TIC 279317632,104.0193,-57.7645,8.43,0,,,,,21,11.5,ok
TIC 254214203,288.0145,-40.081,8.43,0,,,,,2,4.4,ok
TIC 150249737,94.4211,-62.3041,8.43,0,,,,,21,10.0,ok
TIC 257340233,340.5409,-85.8733,8.43,0,,,,,4,6.0,ok
TIC 369982373,306.3082,-42.8063,8.43,0,,,,,1,3.3,ok
TIC 141029787,79.5438,-76.903,8.43,0,,,,,31,11.8,ok
TIC 313553792,301.4968,-83.3388,8.43,0,,,,,10,11.0,ok
TIC 388180971,105.5425,-73.2556,8.43,0,,,,,41,10.1,ok
TIC 38573074,63.495,-61.1645,8.43,0,,,,,31,10.5,ok
TIC 348843152,98.9699,-55.3468,8.43,0,,21.5,rejete,variabilite_continue;eclipse_secondaire,20,17.7,ok
TIC 91255715,311.1066,-46.0685,8.43,0,,,,,3,6.0,ok
TIC 316831649,324.0178,-55.2668,8.43,0,,,,,2,7.2,ok
TIC 348718444,45.4948,-78.7781,8.43,0,,,,,13,12.1,ok
TIC 401570264,310.3714,-73.6268,8.43,0,,,,,7,7.3,ok
TIC 401621504,308.4845,-80.3062,8.43,0,,,,,8,8.5,ok
TIC 141809220,92.8079,-73.5988,8.43,0,,,,,43,13.9,ok
TIC 31380039,88.2635,-70.8311,8.43,0,,,,,17,10.8,ok
TIC 91035744,308.9162,-46.6896,8.43,0,,,,,4,8.0,ok
TIC 141471522,86.3565,-73.5965,8.43,0,,,,,42,10.7,ok
TIC 270557659,99.6303,-79.2083,8.43,0,,,,,31,15.4,ok
TIC 260796673,347.8278,-68.1706,8.43,0,,,,,1,7.1,ok
TIC 382267747,82.9062,-54.102,8.43,0,,,,,25,9.6,ok
TIC 277683097,329.0009,-61.6058,8.43,0,,,,,11,13.0,ok
TIC 382436104,117.161,-65.0793,8.43,0,,,,,21,10.5,ok
TIC 31747723,49.9562,-67.159,8.43,0,,,,,10,10.2,ok
TIC 350520348,86.3055,-59.9229,8.43,0,,,,,40,11.4,ok
TIC 421365047,292.9649,-44.0202,8.43,0,,,,,4,4.8,ok
TIC 149039372,78.3547,-65.236,8.43,0,,107.3,rejete,variabilite_continue;eclipse_secondaire,39,15.9,ok
TIC 279088392,102.7408,-56.2366,8.43,0,,,,,33,10.3,ok
TIC 370223705,73.5263,-71.9659,8.43,0,,,,,21,11.6,ok
TIC 141473594,86.2821,-77.1853,8.44,0,,,,,13,10.5,ok
TIC 358457831,60.1883,-79.2098,8.44,0,,,,,17,11.2,ok
TIC 394357388,43.6719,-78.0831,8.44,0,,,,,11,8.8,ok
TIC 272284501,118.2121,-76.614,8.44,0,,,,,19,10.3,ok
TIC 350740740,88.629,-55.8423,8.44,0,,,,,34,10.7,ok
TIC 167697441,103.0361,-60.2294,8.44,0,,,,,21,11.7,ok
TIC 272233699,117.4117,-74.6375,8.44,0,,,,,40,10.9,ok
TIC 350584303,87.2567,-57.4559,8.44,0,,,,,40,14.7,ok
TIC 300703844,114.6482,-67.1012,8.44,0,,,,,29,10.0,ok
TIC 267093388,41.2308,-74.8302,8.44,0,,,,,4,10.3,ok
TIC 278380701,114.8404,-78.2793,8.44,0,,,,,25,9.4,ok
TIC 404874783,94.5199,-86.7833,8.44,0,,,,,9,8.6,ok
TIC 349094313,107.8824,-64.9464,8.44,0,,,,,45,10.8,ok
TIC 346700585,296.3869,-78.0539,8.44,0,,,,,9,8.3,ok
TIC 167339584,98.5406,-68.477,8.44,0,,,,,41,8.3,ok
TIC 366989877,302.1142,-54.3175,8.44,0,,,,,6,6.5,ok
TIC 300734047,299.821,-39.6944,8.44,0,,,,,4,6.8,ok
TIC 141121236,80.2074,-77.9183,8.44,0,,,,,31,11.3,ok
TIC 234348603,39.4581,-70.1168,8.44,0,,,,,11,8.3,ok
TIC 167549377,100.7028,-62.8957,8.44,0,,,,,22,9.3,ok
TIC 32000460,56.1967,-71.7036,8.45,0,,,,,32,8.3,ok
TIC 219195015,92.3745,-53.8894,8.45,0,,,,,29,8.5,ok
TIC 270677029,87.6607,-53.3282,8.45,0,,,,,26,9.8,ok
TIC 304032484,24.8377,-76.0208,8.45,0,,,,,2,3.0,ok
TIC 316228950,280.102,-36.0967,8.45,0,,,,,2,5.3,ok
TIC 79171381,316.8564,-51.0118,8.45,0,,,,,7,5.8,ok
TIC 370016967,290.2159,-52.7932,8.45,0,,,,,5,5.5,ok
TIC 141608289,88.7151,-74.0711,8.45,0,,,,,40,9.4,ok
TIC 61135611,286.9903,-46.1608,8.45,0,,,,,5,7.0,ok
TIC 349681964,112.6258,-61.4124,8.45,0,,,,,38,10.1,ok
TIC 453094949,114.1137,-66.9236,8.45,0,,,,,20,9.9,ok
TIC 220395316,68.5112,-59.8092,8.45,0,,,,,30,11.1,ok
TIC 142107833,98.875,-75.8204,8.45,0,,,,,20,12.2,ok
TIC 319601796,291.0847,-57.6248,8.45,0,,,,,1,1.7,ok
TIC 421453862,296.9635,-34.0179,8.45,0,,,,,3,3.6,ok
TIC 278409390,116.3975,-79.6687,8.45,0,,46.3,rejete,variabilite_continue;eclipse_secondaire,17,14.1,ok
TIC 209185251,298.9357,-29.2094,8.45,0,,,,,3,5.7,ok
TIC 262958351,11.9611,-78.2684,8.45,0,,,,,4,4.8,ok
TIC 349153143,108.3301,-60.0583,8.45,0,,38.0,rejete,variabilite_continue;eclipse_secondaire,45,13.5,ok
TIC 375058105,99.958,-61.4777,8.46,0,,,,,39,10.0,ok
TIC 364425379,69.6717,-72.7612,8.46,0,,,,,41,11.7,ok
TIC 31946252,54.6836,-70.8653,8.46,0,,,,,32,8.9,ok
TIC 391099484,280.801,-33.3821,8.46,0,,,,,2,3.4,ok
TIC 451537755,265.5388,-86.1349,8.46,0,,,,,8,7.8,ok
TIC 262021962,323.3812,-75.7564,8.46,0,,,,,7,6.9,ok
TIC 166650959,313.8602,-51.7283,8.46,0,,,,,4,4.3,ok
TIC 149600846,87.0306,-61.2027,8.46,0,,,,,36,12.6,ok
TIC 149970613,89.9176,-60.4814,8.46,0,,,,,33,8.2,ok
TIC 31530164,89.5416,-69.0209,8.46,0,,,,,40,10.4,ok
TIC 276905630,275.4435,-80.9989,8.46,0,,,,,10,10.9,ok
TIC 91168672,310.2993,-44.5426,8.46,0,,,,,4,20.3,ok
TIC 309755356,79.7704,-60.0231,8.46,0,,,,,23,11.6,ok
TIC 113565597,293.7234,-35.3743,8.46,0,,,,,4,7.8,ok
TIC 394016105,329.9584,-59.1121,8.46,0,,,,,3,5.2,ok
TIC 279318738,104.0893,-56.0908,8.46,0,,,,,34,16.0,ok
TIC 279218413,103.4755,-59.8808,8.46,0,,,,,29,9.0,ok
TIC 267210445,6.2356,-75.2634,8.46,0,,,,,7,8.6,ok
TIC 300326839,110.6861,-68.511,8.46,0,,,,,22,13.6,ok
TIC 220473309,75.1968,-57.2565,8.46,0,,,,,41,9.4,ok
TIC 466227473,303.3878,-61.1607,8.46,0,,,,,1,1.8,ok
TIC 324897451,282.1826,-66.8397,8.46,0,,,,,9,8.3,ok
TIC 381979590,77.603,-58.4861,8.46,0,,,,,44,10.5,ok
TIC 391130755,280.9937,-33.0118,8.46,0,,,,,3,3.1,ok
TIC 271554516,105.9082,-71.9991,8.46,0,,,,,41,11.0,ok
TIC 48840541,302.0765,-31.2882,8.46,0,,,,,4,4.1,ok
TIC 158398356,288.8813,-53.7675,8.46,0,,,,,5,7.6,ok
TIC 468175870,312.5935,-85.1887,8.47,0,,,,,7,6.8,ok
TIC 325467777,352.4576,-81.9257,8.47,0,,,,,8,8.8,ok
TIC 322285359,300.2644,-81.2522,8.47,0,,,,,8,11.5,ok
TIC 293508796,352.0237,-76.9656,8.47,0,,,,,8,8.2,ok
TIC 273325402,338.3505,-76.1319,8.47,0,,,,,7,11.5,ok
TIC 177179614,105.1461,-67.5438,8.47,0,,,,,20,13.2,ok
TIC 406320921,327.6156,-64.2271,8.47,0,,,,,10,10.3,ok
TIC 327915121,1.4787,-68.8115,8.47,0,,,,,10,10.4,ok
TIC 98562558,291.337,-39.3057,8.47,0,,,,,3,6.0,ok
TIC 273324397,334.9362,-82.632,8.47,0,,,,,7,8.6,ok
TIC 260268711,94.027,-54.6784,8.47,0,,,,,31,11.9,ok
TIC 341309049,315.9584,-65.1994,8.47,0,,,,,7,7.4,ok
TIC 55401488,70.4358,-61.2191,8.47,0,,,,,21,10.3,ok
TIC 166313415,295.9503,-50.2763,8.47,0,,,,,6,9.9,ok
TIC 341000227,311.7378,-64.4124,8.47,0,,,,,6,8.6,ok
TIC 253663078,281.4653,-40.7734,8.47,0,,,,,1,2.8,ok
TIC 404285289,309.3063,-75.8721,8.47,0,,,,,9,11.8,ok
TIC 220427527,72.8167,-56.2589,8.47,0,,,,,27,10.0,ok
TIC 370140250,73.5925,-76.1515,8.48,0,,,,,33,11.4,ok
TIC 141472806,86.5619,-75.3297,8.48,0,,,,,43,9.6,ok
TIC 100327437,307.2988,-50.6169,8.48,0,,,,,5,6.7,ok
TIC 382037803,284.5539,-69.6126,8.48,0,,,,,7,9.2,ok
TIC 354972982,325.6385,-78.3684,8.48,0,,,,,6,8.3,ok
TIC 38813141,67.6941,-62.3793,8.48,0,,,,,41,10.6,ok
TIC 349965094,114.3024,-65.6307,8.48,0,,,,,43,12.8,ok
TIC 257572873,291.3824,-83.6393,8.48,0,,,,,10,13.9,ok
TIC 301773068,302.6462,-29.7614,8.48,0,,,,,5,9.0,ok
TIC 466195663,301.9739,-65.8161,8.48,0,,,,,7,9.8,ok
TIC 55758485,75.3082,-65.5524,8.48,0,,,,,42,9.8,ok
TIC 303950490,23.3448,-73.8589,8.48,0,,,,,8,10.4,ok
TIC 364110868,289.1964,-73.9217,8.48,0,,,,,9,8.6,ok
TIC 149971113,90.1133,-60.4949,8.48,0,,,,,32,11.2,ok
TIC 150442497,97.8507,-62.3382,8.48,0,,,,,39,9.3,ok
TIC 389663914,86.8929,-70.9888,8.48,0,,,,,39,11.0,ok
TIC 421919182,342.3157,-74.5159,8.48,0,,,,,8,7.6,ok
TIC 431591408,50.3054,-74.2919,8.48,0,,,,,20,11.4,ok
TIC 231742691,78.0749,-67.0948,8.48,0,,,,,36,10.8,ok
TIC 141974066,95.8051,-72.3701,8.48,0,,,,,21,12.9,ok
TIC 142146835,100.2082,-77.5797,8.48,0,,,,,41,13.2,ok
TIC 318213519,314.8259,-78.1811,8.48,1,2.7102,18.0,rejete,variabilite_continue;eclipse_secondaire,9,15.2,ok
TIC 30938252,76.2232,-69.1688,8.48,0,,,,,31,12.7,ok
TIC 374911449,88.8892,-60.5532,8.48,0,,,,,41,12.9,ok
TIC 113465151,293.2689,-36.0063,8.48,0,,,,,2,3.6,ok
TIC 382200050,81.5495,-55.4256,8.48,0,,,,,42,14.1,ok
TIC 383383977,191.6676,-87.8502,8.48,0,,,,,8,13.2,ok
TIC 38846146,68.9957,-63.1725,8.48,0,,,,,31,12.6,ok
TIC 261427392,304.6175,-73.542,8.49,0,,,,,8,10.0,ok
TIC 370038084,60.6062,-70.2721,8.49,0,,,,,44,11.7,ok
TIC 351249187,300.5173,-61.4,8.49,0,,,,,8,8.3,ok
TIC 394557838,335.2083,-61.6706,8.49,0,,,,,10,15.0,ok
TIC 409695680,314.5442,-55.6707,8.49,0,,,,,1,2.5,ok
TIC 355582393,323.0532,-57.3032,8.49,0,,,,,10,11.9,ok
TIC 272286122,118.1414,-74.0975,8.49,0,,,,,19,10.9,ok
TIC 374858999,88.4476,-60.7127,8.49,0,,,,,30,14.4,ok
TIC 238202274,58.3449,-73.9492,8.49,0,,,,,37,10.7,ok
TIC 379578640,284.6448,-54.2768,8.49,0,,,,,3,4.7,ok
TIC 30469371,74.569,-66.26,8.49,0,,,,,40,11.9,ok
TIC 100617209,309.9987,-50.8756,8.49,0,,,,,3,5.9,ok
TIC 167894031,105.6945,-61.0627,8.49,0,,,,,34,14.5,ok
TIC 271595985,108.3637,-74.1577,8.49,0,,,,,33,11.0,ok
TIC 370078849,297.4256,-48.2778,8.49,0,,,,,5,8.6,ok
TIC 340459681,115.715,-59.5994,8.49,0,,,,,25,15.8,ok
TIC 319601731,291.0371,-57.5287,8.49,0,,,,,6,12.5,ok
TIC 176873028,100.9429,-71.9761,8.49,0,,,,,42,11.5,ok
TIC 140802488,74.8902,-73.0826,8.49,0,,,,,21,16.8,ok
TIC 25196356,63.7787,-71.133,8.49,0,,,,,34,10.4,ok
TIC 421455147,296.8453,-32.8048,8.49,0,,,,,3,7.4,ok
TIC 389796373,87.5848,-71.3558,8.49,0,,,,,18,11.7,ok
TIC 265371777,315.8567,-73.274,8.49,0,,,,,5,11.6,ok
TIC 149572666,86.3679,-60.7218,8.49,0,,,,,30,18.5,ok
TIC 219414678,79.3021,-51.9023,8.49,0,,,,,12,17.7,ok
TIC 278683664,99.1676,-58.4087,8.49,0,,,,,44,18.2,ok
TIC 219263859,309.1898,-56.7459,8.5,0,,,,,6,9.8,ok
TIC 61697095,288.892,-46.1688,8.5,0,,,,,5,8.0,ok
TIC 346699458,295.8165,-81.7154,8.5,0,,,,,10,12.5,ok
TIC 113127215,292.7698,-34.3377,8.5,0,,,,,3,8.2,ok
TIC 232075675,29.0588,-71.6136,8.5,0,,,,,11,9.9,ok
TIC 394243625,25.2356,-82.7853,8.5,0,,,,,5,7.1,ok
TIC 394560612,338.1272,-63.1776,8.5,0,,,,,2,6.4,ok
TIC 355130607,299.0981,-43.7547,8.5,0,,,,,3,6.7,ok
TIC 317100352,348.4031,-78.4113,8.5,0,,,,,5,5.8,ok
TIC 388131463,65.2423,-70.9182,8.5,0,,,,,22,10.9,ok
TIC 300560526,112.7824,-67.8206,8.5,0,,,,,41,10.5,ok
TIC 260243101,93.7611,-55.3302,8.5,0,,,,,39,12.1,ok
TIC 275615376,282.1597,-32.8586,8.5,0,,,,,3,4.2,ok
TIC 140899825,76.9667,-76.439,8.5,0,,,,,34,11.0,ok
TIC 259976396,43.6832,-71.3611,8.5,0,,,,,13,9.7,ok
TIC 50378837,32.8464,-76.696,8.5,0,,,,,11,13.1,ok
TIC 176875114,100.9581,-75.5822,8.5,0,,,,,42,10.3,ok
TIC 55760329,75.3476,-63.0774,8.5,0,,,,,33,12.3,ok
TIC 350028973,114.7698,-62.6646,8.5,0,,,,,40,11.8,ok
TIC 219981528,306.7925,-58.4258,8.51,0,,,,,6,7.7,ok
TIC 300708926,114.7858,-70.8706,8.51,0,,,,,41,8.7,ok
TIC 277073209,280.0906,-81.4816,8.51,0,,,,,9,9.7,ok
TIC 327856090,358.6055,-86.3702,8.51,0,,,,,7,6.9,ok
TIC 300548122,299.0878,-41.1432,8.51,0,,,,,3,4.9,ok
TIC 261397945,93.7799,-80.7376,8.51,0,,,,,11,8.9,ok
TIC 113496913,293.537,-32.4295,8.51,0,,,,,3,3.1,ok
TIC 219285759,309.8345,-59.6828,8.51,0,,,,,8,8.2,ok
TIC 372301002,314.8477,-68.9,8.51,0,,,,,6,5.8,ok
TIC 358402782,78.1218,-56.7161,8.51,0,,,,,41,8.8,ok
TIC 230959176,287.3512,-58.937,8.51,0,,,,,5,4.6,ok
TIC 167009792,95.1023,-66.4003,8.51,0,,,,,28,10.9,ok
TIC 277835242,344.9718,-66.5024,8.51,0,,,,,10,10.3,ok
TIC 100894248,312.5623,-48.3201,8.51,0,,,,,4,5.7,ok
TIC 300286951,109.6932,-66.0245,8.51,0,,,,,5,5.3,ok
TIC 270557257,99.9089,-78.4403,8.51,0,,,,,36,9.1,ok
TIC 279093407,102.8929,-55.5937,8.51,0,,,,,26,13.1,ok
TIC 349191590,108.5066,-60.1052,8.51,0,,,,,21,10.3,ok
TIC 238894157,40.9686,-76.4696,8.51,0,,,,,14,12.9,ok
TIC 91011464,308.6872,-45.0887,8.52,0,,,,,2,4.5,ok
TIC 279157429,103.045,-56.5165,8.52,0,,,,,41,8.2,ok
TIC 344552298,322.0285,-69.7568,8.52,0,,,,,3,4.3,ok
TIC 350585031,87.1898,-55.8563,8.52,0,,,,,39,12.9,ok
TIC 141413219,83.9055,-76.479,8.52,0,,,,,42,9.4,ok
TIC 341118728,313.6247,-60.9935,8.52,0,,,,,5,6.8,ok
TIC 324428494,285.7514,-75.1093,8.52,0,,,,,1,1.3,ok
TIC 294054151,107.2664,-59.3739,8.52,0,,,,,41,8.4,ok
TIC 267094416,41.6673,-77.521,8.52,0,,,,,12,9.6,ok
TIC 394480664,315.8004,-58.4976,8.52,0,,,,,7,11.2,ok
TIC 112248595,290.7199,-30.1402,8.52,0,,,,,2,3.5,ok
TIC 431479944,49.587,-72.3795,8.52,0,,,,,19,10.4,ok
TIC 373523595,80.9151,-69.5029,8.52,0,,,,,42,10.8,ok
TIC 348962012,106.6525,-61.4601,8.52,0,,,,,32,9.1,ok
TIC 97833648,289.5354,-38.1492,8.52,0,,,,,3,4.7,ok
TIC 464318311,280.3195,-63.5342,8.52,0,,,,,3,6.6,ok
TIC 220428118,72.6424,-58.1489,8.52,0,,,,,41,10.3,ok
TIC 278456586,303.8084,-32.4165,8.52,0,,,,,3,3.8,ok
TIC 290557660,245.7049,-85.3927,8.52,0,,,,,2,2.4,ok
TIC 270394036,36.0105,-80.0455,8.52,0,,,,,8,10.9,ok
TIC 269857621,71.0035,-78.0217,8.52,0,,,,,26,12.2,ok
TIC 299943301,106.6636,-68.061,8.53,0,,,,,29,11.1,ok
TIC 372387433,317.3909,-70.8344,8.53,0,,,,,1,3.2,ok
TIC 238189798,55.6354,-73.3256,8.53,0,,,,,30,12.1,ok
TIC 339731418,110.7044,-58.9141,8.53,0,,,,,22,10.7,ok
TIC 150392753,96.5269,-60.258,8.53,0,,,,,34,11.4,ok
TIC 260042834,91.2543,-58.8304,8.53,0,,,,,44,15.7,ok
TIC 260504147,96.4302,-55.1618,8.53,0,,13.3,rejete,variabilite_continue;eclipse_secondaire,38,15.3,ok
TIC 273606667,358.0603,-74.9059,8.53,0,,,,,8,13.0,ok
TIC 177311244,103.5508,-77.5064,8.53,0,,,,,38,23.6,ok
TIC 382159212,80.9091,-55.5906,8.53,0,,,,,41,15.2,ok
TIC 290465524,1.2591,-79.9595,8.53,0,,,,,1,2.4,ok
TIC 55604441,73.6271,-60.4143,8.53,0,,,,,34,12.8,ok
TIC 290969234,308.8936,-37.843,8.53,0,,,,,4,5.9,ok
TIC 271490910,299.3412,-35.1012,8.53,0,,,,,4,7.9,ok
TIC 120394371,280.9013,-55.5305,8.53,0,,,,,1,2.3,ok
TIC 370203682,312.8197,-54.2216,8.53,0,,,,,4,7.6,ok
TIC 466135543,296.2536,-71.2432,8.53,0,,,,,2,6.7,ok
TIC 167719689,103.0796,-65.259,8.54,0,,,,,24,8.7,ok
TIC 167006493,94.8114,-68.8308,8.54,0,,,,,35,7.9,ok
TIC 150390189,96.5896,-65.1524,8.54,0,,67.8,rejete,variabilite_continue;eclipse_secondaire;compagnon_trop_gros_19.2Rjup,17,17.8,ok
TIC 341199622,314.7523,-60.1305,8.54,0,,,,,6,13.8,ok
TIC 261378866,93.2635,-80.3094,8.54,0,,,,,19,9.5,ok
TIC 150301529,95.4405,-62.3843,8.54,0,,,,,32,10.2,ok
TIC 272357134,119.4796,-73.4731,8.54,2,1.3992;4.1924,27.4,rejete,variabilite_continue;eclipse_secondaire,40,19.0,ok
TIC 274014274,353.2848,-80.7214,8.54,0,,,,,4,8.6,ok
TIC 269453803,292.0924,-38.3711,8.54,0,,,,,4,4.9,ok
TIC 277751989,330.5444,-64.3344,8.54,0,,,,,10,11.6,ok
TIC 141611461,89.215,-75.7089,8.54,0,,,,,41,10.1,ok
TIC 79755051,296.1933,-44.5013,8.54,0,,,,,5,5.2,ok
TIC 261136641,84.0016,-80.3603,8.54,0,,,,,8,7.9,ok
TIC 279089140,102.6748,-57.3862,8.54,0,,,,,33,14.4,ok
TIC 38763021,67.3197,-60.2678,8.54,0,,,,,40,9.8,ok
TIC 40602927,77.8046,-66.6879,8.54,0,,,,,31,10.8,ok
TIC 320171928,294.0564,-56.8231,8.54,0,,,,,4,4.6,ok
TIC 389306927,310.5306,-38.6775,8.54,0,,,,,5,4.4,ok
TIC 50386332,35.3582,-77.645,8.54,0,,,,,10,12.3,ok
TIC 364589246,86.137,-77.6595,8.54,0,,,,,4,3.5,ok
TIC 6943833,285.7907,-53.5692,8.54,0,,,,,3,8.1,ok
TIC 350144298,115.4995,-65.5185,8.54,0,,,,,42,8.9,ok
TIC 167007869,94.805,-67.5982,8.55,0,,,,,36,8.9,ok
TIC 271721765,110.4407,-75.3518,8.55,0,,,,,33,19.9,ok
TIC 441378551,309.7799,-35.4184,8.55,0,,,,,5,8.0,ok
TIC 389011840,134.7152,-84.7955,8.55,0,,,,,7,8.7,ok
TIC 253996840,284.8713,-38.4086,8.55,0,,,,,3,4.6,ok
TIC 27971915,252.618,-87.5229,8.55,0,,,,,3,6.1,ok
TIC 51913912,14.4879,-70.8697,8.55,0,,,,,7,6.8,ok
TIC 340843567,292.4668,-71.9734,8.55,0,,,,,5,9.9,ok
TIC 382067998,79.6695,-54.3292,8.55,0,,,,,21,10.6,ok
TIC 320426245,295.9999,-54.3149,8.55,0,,,,,5,5.5,ok
TIC 370010133,46.7622,-68.8553,8.55,0,,,,,13,10.3,ok
TIC 55755059,75.0375,-62.2789,8.55,0,,,,,20,12.9,ok
TIC 158401602,289.0242,-50.6388,8.55,0,,,,,2,3.5,ok
TIC 270474308,97.2458,-78.0069,8.55,0,,,,,42,9.2,ok
TIC 261654259,19.8858,-79.075,8.55,0,,,,,3,3.5,ok
TIC 404054947,292.1044,-50.9303,8.55,0,,,,,5,6.4,ok
TIC 389001045,132.9506,-84.0016,8.55,0,,,,,9,9.4,ok
TIC 260004910,91.1132,-54.0488,8.55,0,,,,,28,10.6,ok
TIC 281636513,117.083,-60.8973,8.55,0,,,,,8,13.1,ok
TIC 279249069,103.9572,-56.5255,8.55,0,,,,,38,10.4,ok
TIC 114141028,295.2161,-33.9234,8.55,0,,,,,4,5.9,ok
TIC 150109008,92.5505,-64.3419,8.55,0,,,,,34,12.8,ok
TIC 404344156,318.8742,-76.2234,8.55,0,,,,,7,7.5,ok
TIC 355583634,323.0364,-58.9672,8.56,0,,,,,6,6.8,ok
TIC 371837199,306.0601,-67.5975,8.56,0,,,,,7,9.3,ok
TIC 150248762,94.3962,-60.4801,8.56,0,,,,,39,25.4,ok
TIC 141610486,88.8625,-77.8896,8.56,0,,,,,22,16.2,ok
TIC 372419240,317.6317,-68.0694,8.56,0,,,,,7,8.1,ok
TIC 229808107,354.0036,-69.6676,8.56,0,,,,,10,13.1,ok
TIC 388244501,126.385,-84.3634,8.56,0,,,,,10,12.3,ok
TIC 391891749,115.5668,-69.2058,8.56,0,,,,,21,10.7,ok
TIC 260502294,96.3666,-58.6197,8.56,0,,,,,41,11.1,ok
TIC 101235109,299.5848,-53.2901,8.56,0,,,,,2,6.0,ok
TIC 141914082,94.6174,-72.0443,8.56,1,2.6551,21.1,rejete,variabilite_continue;eclipse_secondaire,40,13.5,ok
TIC 349485031,111.0571,-60.4993,8.56,0,,,,,31,10.4,ok
TIC 238894957,93.6295,-53.0792,8.56,0,,,,,26,11.2,ok
TIC 41590715,93.9288,-66.7579,8.56,0,,18.2,rejete,variabilite_continue;eclipse_secondaire,28,15.1,ok
TIC 319604495,291.2979,-58.3723,8.56,0,,,,,6,6.8,ok
TIC 279953380,82.1005,-67.8727,8.57,0,,,,,20,15.1,ok
TIC 219171711,91.2614,-53.213,8.57,0,,26.1,rejete,variabilite_continue;eclipse_secondaire;compagnon_trop_gros_2.8Rjup,19,15.7,ok
TIC 612109750,6.717,-83.1388,8.57,0,,,,,3,4.5,ok
TIC 55398886,70.4376,-65.9079,8.57,0,,,,,42,11.4,ok
TIC 278867172,100.9624,-54.182,8.57,0,,,,,27,11.0,ok
TIC 231092618,69.0918,-69.4647,8.57,0,,,,,12,10.5,ok
TIC 167694397,102.954,-65.6195,8.57,0,,,,,31,14.8,ok
TIC 30941184,76.2141,-69.7048,8.57,0,,,,,22,10.2,ok
TIC 141606060,88.4614,-71.9602,8.57,0,,,,,19,10.9,ok
TIC 300810618,116.8246,-69.7013,8.57,0,,,,,21,10.6,ok
TIC 278139637,107.9023,-79.9856,8.57,0,,,,,19,10.9,ok
TIC 304095431,27.024,-72.617,8.57,0,,,,,10,13.4,ok
TIC 260610468,97.522,-59.9089,8.57,0,,,,,21,10.1,ok
TIC 80092907,298.1316,-45.2951,8.57,0,,,,,5,6.8,ok
TIC 219926948,298.4289,-49.9229,8.57,0,,,,,1,5.1,ok
TIC 261260594,89.9072,-83.9319,8.58,0,,,,,8,8.3,ok
TIC 350332771,83.8413,-54.2352,8.58,0,,,,,19,17.5,ok
TIC 31960529,55.0913,-69.9548,8.58,0,,,,,31,12.9,ok
TIC 403237284,330.8302,-62.7784,8.58,0,,,,,3,10.3,ok
TIC 466229104,303.3708,-63.9557,8.58,0,,,,,8,9.8,ok
TIC 466687708,295.9052,-73.8148,8.58,0,,,,,6,8.9,ok
TIC 266905588,1.189,-73.147,8.58,0,,,,,8,11.0,ok
TIC 278401181,303.3681,-33.2892,8.58,0,,,,,4,8.5,ok
TIC 100764977,311.5636,-51.266,8.58,0,,,,,5,14.0,ok
TIC 350709413,88.1186,-56.2007,8.58,0,,,,,27,15.8,ok
TIC 419744996,325.1946,-69.3747,8.58,0,,,,,10,12.2,ok
TIC 219020465,286.4559,-48.4004,8.58,0,,,,,4,10.3,ok
TIC 355578230,321.0215,-56.1516,8.58,0,,,,,7,9.2,ok
TIC 350618622,87.4018,-54.9102,8.58,0,,,,,37,11.7,ok
TIC 201751737,303.7697,-54.5005,8.58,0,,,,,5,7.8,ok
TIC 100474493,308.5789,-52.0145,8.59,0,,,,,5,7.7,ok
TIC 306573201,119.1953,-70.7161,8.59,0,,,,,23,12.0,ok
TIC 300136074,108.473,-69.5786,8.59,0,,,,,43,10.5,ok
TIC 220430008,72.8808,-55.1832,8.59,0,,,,,10,11.1,ok
TIC 331639205,306.1257,-75.4112,8.59,0,,,,,7,10.4,ok
TIC 323511595,133.8738,-82.6677,8.59,0,,,,,3,6.6,ok
TIC 304864222,280.3579,-69.6014,8.59,0,,,,,9,12.2,ok
TIC 91394598,313.1893,-42.2985,8.59,0,,,,,6,7.6,ok
TIC 384802144,260.0048,-83.6823,8.59,0,,,,,5,5.9,ok
TIC 141269997,82.4732,-73.4704,8.59,0,,,,,20,12.1,ok
TIC 38697412,66.0538,-64.1894,8.59,0,,,,,39,15.2,ok
TIC 382039293,284.5019,-67.7495,8.59,0,,,,,9,10.3,ok
TIC 382101865,80.2187,-57.3537,8.59,0,,,,,33,12.4,ok
TIC 141621803,89.2889,-73.5938,8.59,0,,,,,31,10.8,ok
TIC 141479310,86.6535,-76.1696,8.59,0,,,,,32,11.6,ok
TIC 341195397,314.3122,-63.5003,8.59,0,,,,,4,5.2,ok
TIC 31795900,50.728,-71.6823,8.59,0,,,,,21,12.5,ok
TIC 141910606,94.7482,-77.3284,8.59,0,,,,,45,18.5,ok
TIC 260419879,95.8874,-58.1787,8.59,0,,,,,43,12.7,ok
TIC 101544571,301.9094,-51.9148,8.59,0,,,,,5,11.5,ok
TIC 38937714,10.1781,-69.0983,8.59,0,,,,,7,11.2,ok
TIC 100506362,308.7874,-51.2447,8.59,0,,,,,5,7.5,ok
TIC 466690273,296.6451,-77.0873,8.59,0,,,,,6,11.5,ok
TIC 294099086,107.5296,-57.7671,8.59,0,,,,,33,15.4,ok
TIC 179634514,80.6903,-68.83,8.59,0,,,,,8,12.4,ok
TIC 469905676,336.734,-62.7262,8.59,0,,,,,6,9.3,ok
TIC 38697444,66.0547,-64.2638,8.59,0,,,,,41,13.4,ok
TIC 349647697,112.1552,-64.6365,8.6,0,,,,,21,14.7,ok
TIC 177285682,102.6217,-77.4541,8.6,0,,,,,31,11.1,ok
TIC 467959249,285.7821,-60.1068,8.6,0,,,,,8,15.2,ok
TIC 50382764,33.8129,-76.6948,8.6,0,,,,,12,11.4,ok
TIC 209089132,298.0774,-29.7208,8.6,0,,,,,4,10.0,ok
TIC 419635971,323.364,-66.2887,8.6,0,,,,,10,12.2,ok
TIC 379241729,283.1718,-54.0602,8.6,0,,,,,1,4.2,ok
TIC 392758970,327.364,-77.2797,8.6,0,,,,,4,6.2,ok
TIC 293268667,98.5601,-63.918,8.6,0,,,,,43,19.6,ok
TIC 265127024,293.6732,-72.7958,8.6,0,,,,,6,13.2,ok
TIC 299747340,295.9812,-38.2343,8.6,0,,,,,2,9.2,ok
TIC 149059954,80.3488,-61.2415,8.6,0,,,,,41,11.2,ok
TIC 129226321,303.3041,-42.1889,8.6,0,,,,,4,9.8,ok
TIC 349308191,109.6932,-60.6025,8.6,0,,81.9,rejete,variabilite_continue;eclipse_secondaire,31,15.1,ok
TIC 238227273,58.9977,-73.5553,8.6,0,,,,,29,11.8,ok
TIC 317099861,348.0196,-82.7546,8.6,0,,,,,6,9.9,ok
TIC 350708927,88.2349,-55.6914,8.6,0,,,,,39,11.1,ok
TIC 30848801,75.7677,-68.5114,8.6,0,,,,,34,14.4,ok
TIC 260299222,94.326,-56.2178,8.61,0,,,,,2,4.8,ok
TIC 230974473,290.2324,-55.7333,8.61,0,,,,,3,4.9,ok
TIC 314828399,52.5647,-72.9808,8.61,0,,,,,20,10.1,ok
TIC 48936479,302.6326,-32.3156,8.61,0,,,,,4,6.2,ok
TIC 425673246,286.7182,-47.6829,8.61,0,,,,,6,5.7,ok
TIC 290272921,304.8903,-37.9614,8.61,0,,,,,3,3.6,ok
TIC 261643977,350.9493,-72.4672,8.61,0,,,,,8,7.3,ok
TIC 254262416,288.5372,-41.0581,8.61,0,,,,,3,4.4,ok
TIC 301114218,300.684,-28.3805,8.61,0,,,,,4,6.9,ok
TIC 468155076,309.3862,-88.1107,8.61,0,,16.4,rejete,variabilite_continue;eclipse_secondaire;compagnon_trop_gros_2.0Rjup,6,10.8,ok
TIC 339527255,297.0062,-64.121,8.61,0,,,,,5,9.0,ok
TIC 265467007,320.8983,-65.4782,8.61,0,,,,,7,8.7,ok
TIC 349478970,110.7301,-64.6331,8.61,0,,,,,34,10.5,ok
TIC 100360470,307.4354,-51.767,8.61,0,,,,,5,8.3,ok
TIC 404345083,320.3256,-77.261,8.61,0,,,,,8,12.1,ok
TIC 32051052,56.9926,-70.8006,8.61,0,,,,,27,13.4,ok
TIC 177038077,103.1103,-66.8269,8.61,0,,,,,38,11.0,ok
TIC 341359427,316.1309,-63.9669,8.61,0,,,,,5,9.7,ok
TIC 396291063,302.794,-72.3646,8.61,0,,,,,8,9.1,ok
TIC 79114265,316.214,-51.7338,8.61,0,,,,,5,6.8,ok
TIC 352544538,325.3645,-72.1123,8.61,0,,,,,7,8.6,ok
TIC 349966449,114.4343,-64.0504,8.61,0,,,,,29,12.6,ok
TIC 220473037,75.1667,-56.3994,8.62,0,,,,,27,9.8,ok
TIC 421896993,339.5313,-72.3427,8.62,0,,,,,12,9.4,ok
TIC 29834926,66.9297,-67.9981,8.62,0,,,,,22,10.0,ok
TIC 382258844,82.7166,-54.898,8.62,0,,,,,39,9.6,ok
TIC 410462732,320.3345,-62.322,8.62,0,,,,,7,6.2,ok
TIC 349902873,113.7696,-63.0394,8.62,0,,17.0,rejete,variabilite_continue;eclipse_secondaire,33,13.6,ok
TIC 24750915,26.1784,-70.5601,8.62,0,,,,,8,7.7,ok
TIC 272129477,116.2505,-73.8414,8.62,0,,,,,32,18.2,ok
TIC 290824116,308.356,-41.353,8.62,0,,,,,4,8.3,ok
TIC 31852879,52.6728,-70.7257,8.62,0,,,,,26,11.7,ok
TIC 270172851,331.273,-76.221,8.62,0,,,,,6,7.4,ok
TIC 290363040,305.6504,-39.8216,8.62,0,,,,,2,12.7,ok
TIC 451600538,280.3653,-89.0491,8.62,0,,,,,6,9.7,ok
TIC 167207589,97.4456,-68.4102,8.62,0,,,,,28,11.9,ok
TIC 358155844,70.4023,-73.5316,8.62,0,,,,,33,14.4,ok
TIC 29762078,64.5395,-67.244,8.62,0,,,,,38,11.1,ok
TIC 167344043,98.6712,-69.8848,8.62,0,,,,,40,10.8,ok
TIC 327785134,312.5155,-75.9102,8.63,1,2.4782,54.9,rejete,variabilite_continue;eclipse_secondaire;compagnon_trop_gros_4.0Rjup,9,13.0,ok
TIC 370227155,85.577,-74.486,8.63,0,,,,,32,11.8,ok
TIC 327305253,310.9388,-76.4873,8.63,0,,,,,7,8.8,ok
TIC 425765275,292.1114,-43.5439,8.63,0,,29.8,rejete,variabilite_continue;eclipse_secondaire,5,11.1,ok
TIC 38697111,65.9731,-63.2986,8.63,0,,,,,45,16.2,ok
TIC 50443345,36.2059,-76.8075,8.63,0,,,,,12,12.9,ok
TIC 348839374,98.766,-56.817,8.63,0,,,,,42,15.4,ok
TIC 317061205,337.3455,-77.7775,8.63,0,,,,,2,12.7,ok
TIC 341063164,312.7775,-60.6317,8.63,0,,,,,6,10.7,ok
TIC 38761384,67.2381,-64.9025,8.63,0,,,,,19,13.6,ok
TIC 259787303,323.9255,-62.7863,8.63,0,,,,,9,12.5,ok
TIC 410119976,336.6894,-71.2707,8.63,0,,,,,12,14.8,ok
TIC 51911353,14.1702,-69.132,8.63,0,,,,,1,4.8,ok
TIC 410390728,73.101,-89.2737,8.63,0,,,,,7,11.5,ok
TIC 290349500,329.0343,-75.238,8.63,0,,,,,5,8.8,ok
TIC 404189168,296.3607,-48.1583,8.63,0,,,,,5,9.0,ok
TIC 280725332,345.434,-78.0398,8.63,0,,,,,6,10.6,ok
TIC 290576831,5.68,-80.2243,8.64,0,,,,,7,19.4,ok
TIC 466090061,293.7148,-60.3864,8.64,0,,,,,8,19.4,ok
TIC 279427111,104.8421,-55.1035,8.64,0,,,,,22,11.2,ok
TIC 406279011,326.4202,-65.3047,8.64,0,,,,,2,10.5,ok
TIC 231085102,68.2433,-70.897,8.64,0,,,,,40,15.4,ok
TIC 339375400,295.3439,-64.889,8.64,0,,,,,8,21.8,ok
TIC 164549737,306.1327,-26.9004,8.64,0,,,,,3,16.0,ok
TIC 324654261,312.7034,-83.3167,8.64,0,,,,,1,8.9,ok
TIC 300871572,117.664,-70.4985,8.64,0,,,,,34,11.8,ok
TIC 101545420,301.9333,-50.6875,8.64,0,,,,,5,7.9,ok
TIC 34520027,305.5084,-35.7759,8.64,0,,,,,4,7.4,ok
TIC 232081102,29.843,-70.0551,8.64,0,,,,,9,12.1,ok
TIC 389352512,311.019,-40.0224,8.64,0,,,,,5,9.8,ok
TIC 394699148,58.3334,-79.8098,8.64,0,,,,,17,10.8,ok
TIC 396697394,65.4704,-59.8279,8.64,0,,,,,31,10.3,ok
TIC 113339191,293.2686,-34.4,8.64,0,,,,,1,2.8,ok
TIC 394289115,38.5667,-81.4965,8.64,0,,,,,9,11.7,ok
TIC 274012361,351.8297,-82.1468,8.64,0,,,,,7,14.4,ok
TIC 350343922,84.4175,-58.7863,8.65,0,,,,,43,16.7,ok
TIC 260636511,97.7018,-57.1068,8.65,0,,,,,32,10.3,ok
TIC 339606193,297.9263,-63.3769,8.65,0,,,,,5,9.2,ok
TIC 253800656,282.9027,-39.9075,8.65,0,,,,,4,5.7,ok
TIC 273737681,341.607,-80.739,8.65,0,,,,,5,9.9,ok
TIC 31999683,55.864,-69.6908,8.65,0,,,,,25,13.6,ok
TIC 278544957,122.8357,-78.6529,8.65,0,,,,,4,7.7,ok
TIC 350518984,86.185,-56.715,8.65,0,,,,,29,12.1,ok
TIC 300139323,108.6967,-68.8676,8.65,0,,,,,27,15.8,ok
TIC 389656418,313.1,-43.1718,8.65,0,,,,,2,5.9,ok
TIC 299799783,37.805,-78.3666,8.65,0,,,,,9,14.6,ok
TIC 392693370,326.0662,-80.5265,8.65,0,,,,,7,10.3,ok
TIC 33767929,62.3069,-77.0505,8.65,0,,,,,4,8.1,ok
TIC 55559067,73.0626,-63.9416,8.65,0,,,,,38,15.1,ok
TIC 55558113,73.0975,-61.54,8.65,0,,,,,39,15.3,ok
TIC 33716196,60.7949,-75.1599,8.65,0,,,,,25,15.2,ok
TIC 373777400,81.4098,-69.595,8.65,0,,,,,41,13.3,ok
TIC 139021646,306.5014,-44.3122,8.65,0,,,,,3,8.7,ok
TIC 149125377,81.2094,-64.3686,8.65,0,,,,,42,13.8,ok
TIC 167810464,104.7761,-65.2152,8.65,0,,,,,28,14.9,ok
TIC 40793484,78.4307,-69.0056,8.65,0,,,,,39,13.6,ok
TIC 141471870,86.5384,-74.0489,8.65,0,,,,,33,11.6,ok
TIC 197979094,325.785,-56.6666,8.65,0,,,,,11,11.7,ok
TIC 351603455,310.1789,-63.0601,8.65,0,,,,,6,8.8,ok
TIC 167752082,103.9614,-63.3167,8.66,0,,,,,33,10.3,ok
TIC 234285392,335.8873,-65.5199,8.66,0,,,,,10,10.0,ok
TIC 167344196,98.9337,-70.0969,8.66,0,,,,,20,10.9,ok
TIC 274033976,41.628,-86.997,8.66,0,,,,,6,7.8,ok
TIC 325488530,356.324,-79.9313,8.66,0,,,,,3,5.1,ok
TIC 300327924,110.6889,-70.0926,8.66,0,,,,,41,10.5,ok
TIC 369953880,295.3926,-46.7709,8.66,0,,,,,3,3.7,ok
TIC 327853078,356.8392,-88.2841,8.66,0,,,,,5,9.2,ok
TIC 141825369,93.0884,-72.8074,8.66,0,,,,,31,9.6,ok
TIC 254051226,285.4601,-36.6648,8.67,0,,,,,3,5.9,ok
TIC 181655993,14.058,-73.8262,8.67,0,,,,,5,8.0,ok
TIC 61811090,289.3561,-42.6809,8.67,0,,,,,4,6.2,ok
TIC 294092966,107.3479,-57.4959,8.67,0,,,,,38,9.3,ok
TIC 294870118,71.617,-68.7418,8.67,0,,,,,32,11.9,ok
TIC 464615267,287.3341,-60.3825,8.67,0,,,,,8,7.8,ok
TIC 279360449,104.7212,-56.4699,8.67,0,,,,,34,8.8,ok
TIC 401820823,351.9614,-86.2222,8.67,0,,,,,7,7.2,ok
TIC 166222061,295.4199,-49.1819,8.67,0,,,,,4,5.6,ok
TIC 260240513,93.4998,-57.9169,8.67,0,,,,,2,5.8,ok
TIC 100415355,308.2821,-49.9227,8.67,0,,,,,5,6.7,ok
TIC 31960109,54.9252,-71.0982,8.67,0,,,,,22,10.9,ok
TIC 377017533,78.0583,-78.9861,8.67,0,,,,,5,6.9,ok
TIC 278478922,120.4186,-79.682,8.67,0,,,,,14,10.4,ok
TIC 55781698,75.5468,-62.1186,8.67,0,,,,,13,10.1,ok
TIC 164385182,305.1755,-27.5757,8.67,0,,,,,4,7.9,ok
TIC 150274487,94.9865,-61.5363,8.67,0,,,,,21,11.8,ok
TIC 273650653,3.5214,-68.6287,8.67,0,,,,,1,3.2,ok
TIC 466693177,296.5285,-71.976,8.68,0,,,,,3,3.9,ok
TIC 91253653,310.9895,-45.3312,8.68,0,,,,,2,5.1,ok
TIC 349642732,111.8337,-60.9559,8.68,0,,,,,41,9.7,ok
TIC 79326557,319.2081,-50.3257,8.68,0,,,,,6,5.8,ok
TIC 179208877,79.4837,-69.2677,8.68,0,,,,,29,10.4,ok
TIC 278269967,111.8522,-79.8882,8.68,0,,,,,7,8.5,ok
TIC 141095359,79.5769,-74.0622,8.68,0,,,,,34,9.1,ok
TIC 38739424,6.3959,-69.9333,8.68,0,,,,,6,7.0,ok
TIC 38759499,66.985,-61.8077,8.68,0,,,,,35,15.1,ok
TIC 231095520,69.2811,-70.7835,8.68,0,,,,,1,3.5,ok
TIC 150273255,94.6258,-60.7389,8.68,0,,,,,42,11.3,ok
TIC 409787089,292.4021,-64.0014,8.68,0,,,,,7,6.5,ok
TIC 262958781,11.964,-79.53,8.68,0,,,,,8,9.6,ok
TIC 273222714,314.264,-72.1109,8.68,0,,,,,6,11.0,ok
TIC 38896189,8.9734,-70.8522,8.68,0,,,,,7,7.4,ok
TIC 246770087,283.7901,-46.7315,8.68,0,,,,,4,4.9,ok
TIC 149217937,82.0789,-61.2616,8.68,0,,,,,37,11.0,ok
TIC 149252615,82.4841,-60.9241,8.68,0,,,,,40,11.4,ok
TIC 279570777,105.8895,-59.3897,8.68,0,,,,,1,2.1,ok
TIC 355579354,321.1011,-54.5784,8.68,0,,,,,8,13.5,ok
TIC 261091569,82.3945,-81.5801,8.68,0,,,,,17,13.8,ok
TIC 279573142,106.0822,-56.8629,8.69,0,,,,,23,12.4,ok
TIC 267061366,359.0294,-68.6825,8.69,0,,,,,9,9.9,ok
TIC 126604889,314.748,-45.4787,8.69,0,,,,,6,10.4,ok
TIC 364395704,116.619,-61.4009,8.69,0,,,,,24,14.6,ok
TIC 424941804,293.4926,-53.7685,8.69,0,,,,,3,6.7,ok
TIC 376777782,316.3064,-66.9584,8.69,0,,,,,7,11.5,ok
TIC 314864631,53.1903,-75.6318,8.69,0,,,,,24,11.3,ok
TIC 316853608,324.4936,-56.2435,8.69,0,,,,,10,10.3,ok
TIC 38462407,61.5075,-64.0939,8.69,0,,,,,41,11.0,ok
TIC 350954963,91.0004,-54.1325,8.69,0,,,,,25,11.9,ok
TIC 293970254,106.7606,-55.7701,8.69,0,,,,,24,11.0,ok
TIC 253571655,280.8453,-36.5178,8.69,0,,,,,2,5.6,ok
TIC 266905751,1.1342,-72.6608,8.69,0,,,,,3,6.7,ok
TIC 229804005,328.6529,-58.8098,8.69,0,,,,,1,5.0,ok
TIC 349909808,114.145,-64.2144,8.69,0,,,,,31,13.3,ok
TIC 466094910,294.8926,-70.3836,8.69,0,,,,,10,12.7,ok
TIC 97911340,289.6782,-36.4766,8.7,0,,,,,4,8.0,ok
TIC 339885174,111.7512,-56.2442,8.7,0,,,,,20,11.8,ok
TIC 177283605,102.4374,-73.5582,8.7,0,,,,,38,9.3,ok
TIC 304727254,278.4803,-66.9235,8.7,0,,,,,1,2.5,ok
TIC 301582909,301.9887,-27.7913,8.7,0,,,,,2,10.8,ok
TIC 300703521,114.7386,-67.4611,8.7,0,,,,,42,11.6,ok
TIC 300656410,114.487,-70.8805,8.7,0,,,,,39,8.4,ok
TIC 150032882,91.0363,-65.5906,8.7,0,,,,,8,8.7,ok
TIC 126747366,315.9681,-46.3687,8.7,0,,,,,1,3.4,ok
TIC 272285267,118.1209,-75.3847,8.7,0,,,,,25,10.6,ok
TIC 320659697,297.2164,-57.0615,8.7,0,,,,,7,7.9,ok
TIC 140609648,71.6871,-73.9187,8.7,0,,,,,42,11.1,ok
TIC 406228804,290.0359,-50.4098,8.7,0,,,,,5,12.9,ok
TIC 114311184,295.8184,-33.2433,8.7,0,,,,,2,10.1,ok
TIC 55781680,75.4066,-62.0889,8.7,0,,,,,32,12.2,ok
TIC 270174633,331.7131,-72.3214,8.7,0,,,,,4,9.3,ok
TIC 90849631,307.7223,-42.8209,8.7,0,,,,,4,7.4,ok
TIC 279088394,102.6099,-56.2395,8.7,0,,,,,37,10.8,ok
TIC 300710144,115.2641,-71.2088,8.7,0,,,,,34,9.2,ok
TIC 466125998,295.6058,-68.1265,8.7,0,,,,,3,3.4,ok
TIC 55369613,77.3709,-62.564,8.7,0,,,,,33,10.3,ok
TIC 25195623,63.755,-68.734,8.7,1,1.9474,45.5,rejete,variabilite_continue;eclipse_secondaire,30,15.4,ok
TIC 350434379,85.0616,-55.4078,8.7,0,,,,,40,12.2,ok
TIC 167170023,97.0357,-67.0063,8.7,0,,,,,36,11.6,ok
TIC 350478528,85.6628,-57.912,8.7,0,,,,,40,8.1,ok
TIC 238169377,356.8642,-68.199,8.7,0,,,,,2,3.2,ok
TIC 290715760,84.2411,-50.7961,8.7,0,,,,,5,6.5,ok
TIC 290866003,308.4454,-39.6069,8.7,0,,,,,4,6.1,ok
TIC 371930761,307.2227,-68.6502,8.71,0,,,,,8,8.1,ok
TIC 261461552,334.8636,-71.4093,8.71,0,,,,,6,7.6,ok
TIC 327595545,326.3032,-68.5272,8.71,0,,,,,10,10.0,ok
TIC 277027386,83.8814,-68.565,8.71,0,,,,,5,6.9,ok
TIC 129544247,305.2741,-45.1447,8.71,0,,,,,4,6.2,ok
TIC 358402475,78.0059,-55.8197,8.71,0,,,,,28,11.2,ok
TIC 270627580,87.244,-53.4348,8.71,0,,,,,19,9.2,ok
TIC 370236798,105.2939,-72.7646,8.71,0,,,,,42,12.4,ok
TIC 404292190,313.3972,-77.839,8.71,0,,,,,6,5.9,ok
TIC 257720049,77.9279,-58.9858,8.71,0,,,,,34,9.3,ok
TIC 391892828,115.4503,-67.6981,8.71,0,,,,,41,11.3,ok
TIC 425069023,82.9955,-69.1608,8.71,0,,,,,38,11.5,ok
TIC 220433363,73.3816,-55.8598,8.71,0,,,,,29,11.6,ok
TIC 220414682,71.1126,-59.3212,8.71,0,,,,,42,12.3,ok
TIC 114790718,304.0504,-40.9882,8.72,0,,,,,3,5.8,ok
TIC 91396361,313.2173,-46.0557,8.72,0,,,,,5,7.4,ok
TIC 300744369,116.5026,-69.4979,8.72,0,,,,,44,11.4,ok
TIC 149935510,89.7384,-61.7708,8.72,0,,,,,5,7.3,ok
TIC 340006157,112.7373,-57.991,8.72,0,,,,,23,10.9,ok
TIC 229804329,329.6267,-59.8975,8.72,0,,,,,9,10.8,ok
TIC 270573739,86.6692,-52.7689,8.72,0,,,,,2,4.8,ok
TIC 389129118,337.6906,-71.2775,8.72,0,,,,,1,3.5,ok
TIC 52203368,19.4964,-70.8716,8.72,0,,,,,4,6.6,ok
TIC 382301971,83.3566,-59.565,8.72,0,,,,,31,10.3,ok
TIC 290660156,307.1814,-36.362,8.72,0,,,,,4,5.4,ok
TIC 294205649,107.9591,-58.8506,8.72,0,,,,,31,10.2,ok
TIC 32068210,57.7543,-67.5078,8.72,0,,,,,5,5.7,ok
TIC 290714928,84.1881,-52.7873,8.72,0,,,,,14,9.1,ok
TIC 231724838,81.1122,-52.8856,8.72,0,,,,,17,10.8,ok
TIC 372109866,311.0657,-67.0175,8.72,0,,,,,2,5.3,ok
TIC 41227922,91.5849,-69.2584,8.72,0,,,,,26,11.1,ok
TIC 326698947,294.2412,-38.8106,8.72,0,,,,,4,5.5,ok
TIC 177252842,101.793,-72.1114,8.72,0,,,,,42,11.7,ok
TIC 424797611,290.9437,-50.8607,8.72,0,,,,,5,11.8,ok
TIC 55558734,73.2016,-63.2021,8.72,0,,,,,33,14.6,ok
TIC 150187382,93.6773,-63.3028,8.72,0,,,,,20,12.1,ok
TIC 150322991,95.9378,-60.9009,8.73,0,,,,,41,10.8,ok
TIC 150357424,96.0608,-63.7875,8.73,0,,,,,30,10.8,ok
TIC 257341528,343.3091,-84.8713,8.73,0,,,,,6,8.4,ok
TIC 177164901,104.3744,-68.3493,8.73,0,,,,,40,13.9,ok
TIC 419570642,319.3611,-68.4904,8.73,0,,,,,7,9.7,ok
TIC 271901346,113.3093,-76.1984,8.73,0,,,,,6,9.9,ok
TIC 350824219,89.5611,-57.1668,8.73,0,,,,,42,12.7,ok
TIC 294668993,70.6982,-67.4072,8.73,0,,,,,30,16.8,ok
TIC 41532261,93.7113,-70.5989,8.73,0,,,,,38,11.8,ok
TIC 354171248,313.7766,-58.2967,8.73,0,,,,,6,6.7,ok
TIC 303954566,23.8946,-72.3498,8.73,0,,,,,8,10.3,ok
TIC 128711864,299.6816,-43.1036,8.73,0,,,,,3,8.2,ok
TIC 320595792,297.3256,-54.5852,8.73,0,,,,,6,8.9,ok
TIC 260043723,91.6088,-58.9537,8.73,1,3.1395,122.3,rejete,variabilite_continue;eclipse_secondaire,34,15.7,ok
TIC 382033285,79.0088,-58.5079,8.73,0,,,,,40,13.1,ok
TIC 220395015,68.681,-58.6097,8.73,0,,,,,27,20.6,ok
TIC 158517957,294.9529,-53.8196,8.73,0,,,,,5,8.2,ok
TIC 143698949,285.2795,-42.7206,8.73,0,,,,,3,8.5,ok
TIC 327709211,331.0861,-66.8478,8.73,0,,,,,11,11.9,ok
TIC 158159891,281.8196,-48.9694,8.73,0,,,,,3,4.5,ok
TIC 33732017,61.4352,-73.2805,8.74,0,,18.2,rejete,variabilite_continue;eclipse_secondaire,20,16.9,ok
TIC 34642763,306.2024,-31.8549,8.74,0,,,,,3,11.7,ok
TIC 149631035,87.7248,-61.4244,8.74,0,,,,,30,12.1,ok
TIC 219945453,289.8817,-56.6263,8.74,0,,,,,6,9.5,ok
TIC 254278940,288.857,-35.9111,8.74,0,,,,,4,5.9,ok
TIC 381854887,321.9326,-53.9132,8.74,0,,,,,9,8.4,ok
TIC 150272064,94.6422,-63.135,8.74,0,,,,,38,10.4,ok
TIC 98344396,290.6214,-36.5884,8.74,0,,,,,2,7.9,ok
TIC 140946237,77.2286,-76.463,8.74,0,,,,,43,10.8,ok
TIC 382028854,78.5723,-57.659,8.74,0,,,,,42,10.1,ok
TIC 320912970,300.2888,-54.813,8.74,0,,,,,1,3.0,ok
TIC 140661368,72.7047,-72.424,8.74,0,,,,,42,8.7,ok
TIC 98064760,289.9134,-40.8169,8.74,0,,,,,3,5.4,ok
TIC 404192016,294.7766,-76.085,8.74,0,,,,,9,9.1,ok
TIC 237931174,58.5053,-63.1864,8.74,0,,,,,25,9.6,ok
TIC 90903695,307.5932,-46.4553,8.74,0,,,,,3,7.9,ok
TIC 387268403,312.1589,-58.9695,8.74,0,,,,,8,14.0,ok
TIC 31273417,87.9704,-68.0519,8.74,0,,,,,5,4.0,ok
TIC 389925768,87.6589,-71.8712,8.75,0,,,,,38,10.5,ok
TIC 339455582,296.5523,-65.881,8.75,0,,,,,2,3.7,ok
TIC 426012214,19.4667,-74.9619,8.75,0,,,,,1,4.0,ok
TIC 177164194,104.5513,-69.3804,8.75,0,,,,,34,12.6,ok
TIC 219954613,305.3238,-55.7677,8.75,0,,,,,6,8.4,ok
TIC 101738336,303.2452,-52.9018,8.75,0,,,,,4,7.4,ok
TIC 441245038,294.9347,-38.273,8.75,0,,,,,1,4.8,ok
TIC 267263203,7.1687,-76.1428,8.75,0,,,,,7,10.2,ok
TIC 30035088,73.1828,-71.5717,8.75,0,,,,,33,11.1,ok
TIC 126782705,316.6876,-47.854,8.75,0,,,,,5,8.5,ok
TIC 302030940,306.8583,-28.4988,8.75,0,,,,,2,5.0,ok
TIC 262710991,118.4542,-77.9213,8.75,0,,,,,11,11.4,ok
TIC 220453880,74.0826,-59.0921,8.75,0,,,,,32,9.3,ok
TIC 260269838,94.2924,-55.456,8.75,0,,,,,30,10.2,ok
TIC 292221837,278.7689,-66.176,8.75,1,1.2542,13.4,rejete,variabilite_continue;eclipse_secondaire,3,6.8,ok
TIC 261104679,82.5116,-83.8687,8.76,0,,,,,10,11.9,ok
TIC 79751741,296.0731,-43.3608,8.76,0,,,,,1,4.6,ok
TIC 293437409,48.5692,-79.2109,8.76,0,,,,,12,13.5,ok
TIC 431589306,50.5802,-75.1803,8.76,0,,,,,21,12.7,ok
TIC 149252670,82.6032,-60.8081,8.76,0,,,,,31,11.8,ok
TIC 261236487,87.8599,-82.8546,8.76,0,,,,,7,8.0,ok
TIC 383390264,192.5877,-88.1212,8.76,0,,,,,8,11.3,ok
TIC 352567017,326.2324,-74.9689,8.76,0,,,,,6,8.0,ok
TIC 219145177,89.5199,-53.5323,8.76,0,,,,,25,10.1,ok
TIC 364393161,116.476,-64.4047,8.76,0,,,,,35,9.6,ok
TIC 325177252,340.5714,-67.8335,8.76,0,,,,,9,9.1,ok
TIC 293225274,98.514,-60.5877,8.76,0,,,,,40,8.9,ok
TIC 79152524,316.3944,-50.1453,8.76,0,,,,,7,9.2,ok
TIC 464449691,282.7223,-64.8991,8.76,0,,,,,7,8.1,ok
TIC 183077258,282.3616,-45.3075,8.76,0,,,,,3,4.2,ok
TIC 158207364,287.2566,-50.8895,8.76,0,,,,,5,5.8,ok
TIC 441296602,308.033,-32.3056,8.77,0,,,,,4,4.4,ok
TIC 278777449,99.6944,-59.5025,8.77,0,,,,,21,9.8,ok
TIC 219182762,91.8291,-53.8339,8.77,0,,,,,21,8.5,ok
TIC 349647498,112.2455,-64.3619,8.77,0,,,,,31,10.0,ok
TIC 50438635,35.2806,-73.205,8.77,0,,,,,11,8.6,ok
TIC 300553506,299.1252,-36.8842,8.77,0,,,,,1,3.2,ok
TIC 231088021,68.7217,-69.0829,8.77,0,,,,,32,11.9,ok
TIC 41338480,92.6518,-67.9612,8.77,0,,,,,29,9.9,ok
TIC 126583083,314.4285,-46.2723,8.77,0,,,,,6,8.3,ok
TIC 164404685,305.4306,-29.1991,8.77,0,,,,,4,5.4,ok
TIC 231667553,319.841,-57.5129,8.77,0,,,,,9,8.7,ok
TIC 300085625,107.6846,-71.7815,8.77,0,,,,,30,8.5,ok
TIC 350522225,86.3197,-55.649,8.77,0,,,,,25,8.9,ok
TIC 382259748,82.6629,-57.392,8.77,0,,,,,34,8.2,ok
TIC 142109185,99.4337,-76.9266,8.77,0,,,,,21,8.1,ok
TIC 261541625,348.2759,-73.525,8.77,0,,,,,8,9.0,ok
TIC 292477666,281.616,-67.8972,8.77,0,,,,,9,10.4,ok
TIC 150102227,91.9503,-64.4413,8.77,0,,,,,33,11.2,ok
TIC 403283276,331.8352,-61.5438,8.77,0,,,,,7,10.3,ok
TIC 403266698,331.3793,-65.1937,8.77,0,,,,,10,11.4,ok
TIC 410367494,65.4429,-86.5503,8.77,0,,,,,7,10.7,ok
TIC 278453255,303.6877,-34.2846,8.77,0,,,,,4,6.3,ok
TIC 410339520,45.8525,-87.7605,8.77,0,,,,,6,8.6,ok
TIC 299747697,296.0258,-37.8335,8.77,0,,,,,1,3.6,ok
TIC 389130610,345.1117,-72.815,8.78,0,,,,,10,10.8,ok
TIC 350821790,89.5483,-57.3733,8.78,0,,,,,42,10.6,ok
TIC 200227050,288.1,-53.213,8.78,0,,,,,4,10.9,ok
TIC 279613634,106.4419,-56.222,8.78,0,,,,,28,15.9,ok
TIC 391903064,106.5297,-75.8195,8.78,0,,,,,43,10.2,ok
TIC 278896737,101.0268,-57.3997,8.78,0,,,,,21,12.0,ok
TIC 158400757,289.0707,-51.5317,8.78,0,,,,,1,5.9,ok
TIC 149576413,86.6723,-65.4867,8.78,0,,,,,31,12.8,ok
TIC 253637461,281.3952,-37.8389,8.78,0,,,,,1,4.2,ok
TIC 150029272,90.7407,-61.1923,8.78,0,,,,,33,12.9,ok
TIC 267082843,359.7635,-70.9529,8.78,0,,,,,9,9.7,ok
TIC 382100799,80.2387,-54.3902,8.79,0,,,,,20,11.2,ok
TIC 388107335,62.5829,-71.3448,8.79,0,,,,,31,10.3,ok
TIC 140688941,72.9408,-73.6274,8.79,0,,,,,21,11.6,ok
TIC 167723383,103.4588,-60.0563,8.79,0,,,,,23,12.4,ok
TIC 167549709,100.8545,-63.5616,8.79,0,,,,,27,11.1,ok
TIC 271597127,108.3823,-76.3947,8.79,0,,,,,20,11.9,ok
TIC 166627989,313.6852,-49.8516,8.79,0,,,,,1,6.2,ok
TIC 267183571,6.0987,-74.8248,8.79,0,,,,,7,12.6,ok
TIC 277099881,83.7449,-67.4747,8.79,0,,,,,35,17.1,ok
TIC 382270625,287.1434,-67.6362,8.79,0,,,,,5,11.6,ok
TIC 150439989,97.6229,-61.9414,8.79,0,,,,,32,17.8,ok
TIC 260755876,347.3746,-66.5163,8.79,0,,,,,2,5.9,ok
TIC 394135510,4.0147,-71.2515,8.79,0,,,,,8,15.0,ok
TIC 300614424,299.5259,-36.7807,8.79,0,,,,,3,7.7,ok
TIC 141411713,83.9319,-74.2503,8.79,0,,,,,30,19.6,ok
TIC 34862631,307.2002,-32.2277,8.79,0,,,,,4,9.5,ok
TIC 300654773,114.3511,-70.5775,8.79,0,,,,,33,12.3,ok
TIC 278861774,100.6489,-56.4445,8.79,0,,,,,33,13.5,ok
TIC 409949140,316.4962,-67.617,8.79,0,,,,,4,11.3,ok
TIC 349369985,110.0396,-64.0012,8.79,0,,,,,42,11.0,ok
TIC 261593405,350.7118,-75.621,8.79,0,,,,,8,14.2,ok
TIC 55527661,72.4913,-65.6195,8.79,0,,,,,41,11.8,ok
TIC 91126170,309.7313,-42.0997,8.79,0,,,,,4,6.9,ok
TIC 346791844,290.0348,-85.1248,8.79,0,,,,,5,10.9,ok
TIC 406345385,328.8574,-61.2113,8.79,0,,,,,5,12.4,ok
TIC 150271169,94.6878,-64.7893,8.79,0,,,,,26,14.6,ok
TIC 375032207,99.2288,-62.3507,8.8,0,,,,,28,14.6,ok
TIC 61849366,289.4323,-44.0049,8.8,0,,,,,5,6.5,ok
TIC 271891360,112.5578,-72.9447,8.8,0,,,,,20,13.4,ok
TIC 350157956,53.9443,-82.3139,8.8,0,,,,,12,11.7,ok
TIC 401795283,334.4469,-89.0273,8.8,0,,,,,4,13.3,ok
TIC 149126810,81.1045,-62.3695,8.8,0,,,,,31,12.5,ok
TIC 142145534,99.8066,-75.5088,8.8,0,,,,,31,13.2,ok
TIC 350623126,87.6609,-54.7354,8.8,0,,,,,37,12.8,ok
TIC 129276279,303.4181,-44.6088,8.8,0,,,,,3,10.4,ok
TIC 299938579,296.9921,-39.2385,8.8,0,,,,,2,8.4,ok
TIC 300326000,110.6191,-67.2973,8.8,0,,,,,20,13.7,ok
TIC 259927413,41.6957,-71.8545,8.8,0,,,,,11,14.0,ok
TIC 234333728,36.4329,-70.8158,8.8,0,,,,,5,8.6,ok
TIC 260947637,73.0905,-78.2696,8.8,0,,,,,26,13.9,ok
TIC 260005509,91.4127,-55.1092,8.8,0,,,,,40,10.7,ok
TIC 299935065,296.7506,-40.4975,8.8,0,,,,,1,6.1,ok
TIC 300444243,111.5457,-68.9052,8.8,0,,,,,34,12.4,ok
TIC 391901997,115.8934,-71.6115,8.8,0,,,,,32,14.0,ok
TIC 197764592,327.0721,-59.3581,8.8,0,,,,,3,6.7,ok
TIC 272429196,120.2928,-72.175,8.8,0,,160.6,rejete,variabilite_continue;eclipse_secondaire,28,17.7,ok
TIC 150272447,94.596,-62.3412,8.8,0,,,,,31,12.0,ok
TIC 273268112,320.1196,-80.8188,8.81,0,,,,,6,8.2,ok
TIC 388202986,100.4989,-79.6081,8.81,0,,,,,24,13.3,ok
TIC 166424433,298.6207,-50.9534,8.81,0,,,,,5,9.0,ok
TIC 374018456,166.2679,-86.4168,8.81,0,,,,,7,10.8,ok
TIC 309789424,80.0365,-64.6928,8.81,0,,,,,6,9.1,ok
TIC 306471461,118.4788,-68.8983,8.81,0,,,,,32,12.2,ok
TIC 350581003,86.9263,-55.3971,8.81,0,,,,,31,13.0,ok
TIC 290273484,304.9447,-38.9361,8.81,0,,,,,3,6.1,ok
TIC 322951898,124.8307,-79.3658,8.81,0,,,,,10,11.4,ok
TIC 320529428,296.5362,-57.8738,8.81,0,,,,,5,9.3,ok
TIC 261678628,21.1991,-82.0392,8.81,0,,,,,2,8.3,ok
TIC 279425700,105.0267,-57.0832,8.81,0,,,,,20,12.5,ok
TIC 279053888,102.379,-59.8587,8.81,0,,,,,31,14.0,ok
TIC 140659350,72.2893,-72.9653,8.81,0,,,,,21,11.8,ok
TIC 397443317,281.3417,-35.049,8.81,0,,,,,2,10.7,ok
TIC 425081475,82.9679,-68.5441,8.81,0,,,,,38,12.9,ok
TIC 469819483,305.291,-65.0714,8.81,0,,,,,3,5.4,ok
TIC 278901711,101.3588,-54.1526,8.81,0,,,,,20,11.1,ok
TIC 287410832,82.5169,-69.7842,8.81,0,,,,,31,11.0,ok
TIC 349408403,110.4693,-63.8996,8.82,0,,,,,22,10.8,ok
TIC 340005947,112.6839,-57.7379,8.82,0,,,,,21,10.7,ok
TIC 149177271,81.7564,-62.4898,8.82,0,,,,,41,16.6,ok
TIC 380755490,285.475,-31.4839,8.82,0,,,,,2,8.9,ok
TIC 381925869,76.2001,-54.6351,8.82,0,,,,,22,12.1,ok
TIC 220425726,72.5446,-57.7319,8.82,0,,,,,28,14.7,ok
TIC 410118578,327.5551,-69.1532,8.82,0,,,,,9,12.5,ok
TIC 294209068,108.1813,-56.664,8.82,0,,,,,22,16.1,ok
TIC 294871044,71.6673,-68.1218,8.82,0,,,,,23,15.5,ok
TIC 290653996,8.6998,-82.3943,8.82,0,,,,,10,15.9,ok
TIC 358181695,107.1807,-72.3122,8.82,0,,,,,20,16.3,ok
TIC 231076815,67.6759,-69.4207,8.82,0,,,,,20,20.6,ok
TIC 253917513,284.0129,-38.1113,8.82,0,,,,,2,13.0,ok
TIC 349153627,108.3659,-60.7628,8.82,0,,,,,31,18.0,ok
TIC 349055915,107.3854,-61.5442,8.83,0,,,,,31,18.0,ok
TIC 350622144,87.6816,-56.905,8.83,0,,,,,32,15.1,ok
TIC 277913798,355.1717,-73.8735,8.83,0,,,,,8,12.2,ok
TIC 340563177,116.275,-55.8083,8.83,0,,,,,1,7.6,ok
TIC 234332670,36.1918,-68.4518,8.83,0,,,,,1,8.8,ok
TIC 336770424,300.6405,-30.302,8.83,0,,,,,3,14.1,ok
TIC 257719099,77.8217,-56.0559,8.83,0,,,,,31,19.7,ok
TIC 304103407,27.7734,-74.8602,8.83,0,,,,,2,10.9,ok
TIC 325413153,346.3402,-79.1484,8.83,0,,,,,1,10.7,ok
TIC 167203674,97.0789,-70.2584,8.83,0,,,,,20,16.5,ok
TIC 167794129,104.4598,-64.8537,8.84,0,,,,,32,14.0,ok
TIC 112894321,292.2289,-33.5817,8.84,0,,,,,4,10.0,ok
TIC 401776737,333.2425,-84.558,8.84,0,,,,,5,10.0,ok
TIC 253618661,281.209,-38.2692,8.84,0,,,,,3,7.2,ok
TIC 167010957,95.3107,-67.583,8.84,0,,,,,36,11.0,ok
TIC 261377762,93.3275,-78.2303,8.84,0,,,,,33,10.9,ok
TIC 220456095,74.4256,-55.7138,8.84,0,,,,,22,11.8,ok
TIC 350767303,89.2585,-56.6106,8.84,0,,,,,20,14.6,ok
TIC 350744293,88.875,-55.9831,8.84,0,,,,,20,11.8,ok
TIC 220401858,69.6846,-58.8144,8.84,0,,,,,38,12.5,ok
TIC 182735314,15.8094,-72.3663,8.84,0,,,,,3,5.9,ok
TIC 41259805,92.1221,-71.1199,8.84,0,,,,,34,11.7,ok
TIC 55453219,70.9958,-65.504,8.84,0,,,,,19,12.3,ok
TIC 294207756,108.1489,-58.2351,8.84,0,,,,,43,9.4,ok
TIC 261137228,84.0758,-81.8221,8.84,0,,,,,13,11.5,ok
TIC 260640855,97.8919,-58.6294,8.84,0,,,,,33,10.1,ok
TIC 293271918,98.689,-62.0992,8.84,0,,,,,30,9.9,ok
TIC 350334038,83.9999,-56.718,8.85,0,,,,,33,9.2,ok
TIC 269852295,69.9511,-78.8073,8.85,0,,,,,22,10.0,ok
TIC 326028766,298.8008,-33.8431,8.85,0,,,,,2,4.7,ok
TIC 350585437,87.1298,-54.9761,8.85,0,,,,,30,10.5,ok
TIC 38515566,62.7659,-63.1605,8.85,0,,108.6,rejete,variabilite_continue;eclipse_secondaire;compagnon_trop_gros_2.7Rjup,20,13.2,ok
TIC 261422704,303.7701,-77.0742,8.85,0,,,,,1,4.7,ok
TIC 238855251,342.76,-69.9158,8.85,0,,,,,9,10.9,ok
TIC 389127145,336.5245,-66.464,8.85,0,,,,,8,10.5,ok
TIC 260636592,97.7742,-56.9389,8.85,0,,,,,31,9.8,ok
TIC 294053971,107.2691,-59.0886,8.85,0,,,,,33,10.2,ok
TIC 79394883,320.0916,-52.7417,8.85,0,,,,,3,5.3,ok
TIC 150030411,90.9472,-61.1516,8.85,0,,,,,34,11.1,ok
TIC 464452462,282.6124,-62.0506,8.85,0,,,,,8,8.1,ok
TIC 350620788,87.422,-59.839,8.85,0,,,,,38,12.5,ok
TIC 149275235,83.0162,-60.9615,8.85,0,,,,,34,12.9,ok
TIC 358335946,77.3557,-56.0497,8.85,0,,,,,29,10.2,ok
TIC 280832088,44.6854,-68.1441,8.85,0,,,,,10,10.8,ok
TIC 300602132,113.4813,-71.6196,8.85,0,,,,,41,11.0,ok
TIC 167086201,95.7947,-67.4233,8.86,0,,,,,16,16.1,ok
TIC 219144928,88.5463,-53.706,8.86,0,,,,,23,11.7,ok
TIC 38586863,64.2051,-63.3349,8.86,0,,,,,41,12.0,ok
TIC 325469754,354.7473,-81.2594,8.86,0,,,,,3,7.5,ok
TIC 265332999,308.7266,-67.6589,8.86,0,,,,,3,6.2,ok
TIC 149540013,86.1515,-62.0673,8.86,0,,,,,36,11.9,ok
TIC 389624081,86.6979,-71.6035,8.86,0,,,,,40,12.2,ok
TIC 350954102,90.8582,-55.7764,8.86,0,,,,,8,14.3,ok
TIC 79056061,315.5833,-48.8319,8.86,0,,,,,4,7.4,ok
TIC 261397043,94.2514,-78.7636,8.86,0,,,,,34,13.2,ok
TIC 260241479,93.67,-55.808,8.86,0,,,,,31,12.5,ok
TIC 112610054,291.5294,-34.0606,8.86,0,,,,,2,7.9,ok
TIC 211331581,300.4209,-33.6567,8.87,0,,,,,3,8.2,ok
TIC 219171290,90.9848,-53.7686,8.87,0,,,,,19,11.7,ok
TIC 253864764,283.5364,-36.6571,8.87,0,,,,,2,3.0,ok
TIC 375056781,99.7371,-60.8405,8.87,0,,,,,33,13.2,ok
TIC 404849302,85.108,-69.8584,8.87,0,,,,,37,11.9,ok
TIC 177115893,104.0051,-69.0224,8.87,0,,,,,32,11.7,ok
TIC 167724857,103.6739,-62.1435,8.87,0,,,,,21,12.7,ok
TIC 260609222,97.4442,-57.2749,8.87,0,,,,,21,11.0,ok
TIC 466095263,294.849,-69.7688,8.87,0,,,,,1,4.1,ok
TIC 41030824,90.4611,-71.959,8.87,0,,,,,20,10.3,ok
TIC 277478337,283.7989,-31.4366,8.87,0,,,,,3,4.9,ok
TIC 278078825,106.5976,-78.5439,8.87,0,,,,,21,11.5,ok
TIC 257719469,77.8042,-57.1873,8.87,0,,,,,29,11.8,ok
TIC 311462040,317.1967,-77.2173,8.87,0,,,,,7,8.0,ok
TIC 167654890,102.3272,-62.4825,8.87,0,,,,,28,10.3,ok
TIC 388131109,65.4126,-69.8695,8.87,0,,,,,34,10.6,ok
TIC 279251558,104.1464,-59.3269,8.88,0,,,,,21,11.6,ok
TIC 149155198,81.3683,-60.6286,8.88,0,,,,,37,10.8,ok
TIC 387314016,312.6646,-55.3712,8.88,0,,,,,2,4.7,ok
TIC 237924298,57.6374,-64.0674,8.88,0,,,,,20,10.9,ok
TIC 220420859,71.8425,-57.1492,8.88,0,,,,,22,13.1,ok
TIC 339735827,110.9528,-55.1348,8.88,0,,,,,13,10.5,ok
TIC 339207862,294.1967,-63.2687,8.88,0,,,,,8,11.0,ok
TIC 29832530,66.6673,-70.7542,8.88,0,,,,,21,10.6,ok
TIC 350743339,88.7407,-58.1495,8.88,0,,,,,20,11.6,ok
TIC 350860764,90.271,-59.4704,8.88,0,,,,,41,10.1,ok
TIC 260076575,92.0214,-59.048,8.88,0,,,,,33,13.6,ok
TIC 394233164,24.4179,-80.4685,8.88,0,,,,,4,6.8,ok
TIC 112395568,290.9771,-33.3514,8.88,0,,,,,4,8.3,ok
TIC 31602748,89.9081,-67.8437,8.88,0,,,,,28,12.5,ok
TIC 31414018,88.8921,-69.4341,8.88,0,,,,,34,9.7,ok
TIC 220454583,74.1696,-56.915,8.88,0,,,,,28,8.9,ok
TIC 379404554,283.9657,-57.1085,8.88,0,,,,,4,5.0,ok
TIC 33880674,66.5163,-74.7033,8.88,0,,,,,29,9.7,ok
TIC 149218100,82.0908,-60.8664,8.88,0,,,,,31,10.0,ok
TIC 177023707,102.407,-69.9859,8.88,0,,,,,29,9.5,ok
TIC 370080615,297.358,-50.5452,8.88,0,,,,,6,5.7,ok
TIC 79270121,318.2435,-49.9285,8.89,0,,,,,7,6.7,ok
TIC 38907328,69.3906,-64.1221,8.89,0,,,,,43,8.5,ok
TIC 150299548,95.0966,-61.5985,8.89,0,,,,,41,8.6,ok
TIC 150166759,93.4584,-61.5384,8.89,0,,,,,32,9.2,ok
TIC 150105372,92.1333,-62.9802,8.89,0,,,,,30,8.4,ok
TIC 257720478,78.2851,-59.642,8.89,0,,,,,28,9.6,ok
TIC 327303189,310.7176,-74.4703,8.89,0,,,,,6,6.2,ok
TIC 33878145,66.1609,-74.5092,8.89,0,,,,,33,9.4,ok
TIC 141281526,83.315,-75.182,8.89,0,,,,,39,10.8,ok
TIC 29991309,73.1593,-67.1492,8.89,0,,,,,17,8.9,ok
TIC 271889401,112.5872,-75.8983,8.89,0,,,,,31,9.9,ok
TIC 403121771,324.4792,-63.7126,8.89,0,,,,,4,5.9,ok
TIC 232062375,339.6382,-65.3796,8.89,0,,,,,8,8.1,ok
TIC 306470049,118.5658,-67.0712,8.9,0,,,,,21,10.0,ok
TIC 141187126,81.8761,-77.3821,8.9,0,,,,,31,12.3,ok
TIC 257720864,78.3413,-58.5576,8.9,0,,,,,29,9.4,ok
TIC 167206607,97.2918,-69.624,8.9,0,,,,,41,9.5,ok
TIC 91192479,310.4443,-42.5619,8.9,0,,,,,3,5.1,ok
TIC 177241155,101.1944,-75.9258,8.9,0,,,,,32,9.5,ok
TIC 278658023,328.4045,-67.0224,8.9,0,,,,,1,3.7,ok
TIC 421360083,292.741,-44.7543,8.9,0,,,,,2,7.8,ok
TIC 219414176,79.3329,-50.5408,8.9,0,,,,,7,8.1,ok
TIC 219929366,289.3005,-55.2739,8.9,0,,,,,4,6.1,ok
TIC 271725395,110.7515,-74.1137,8.9,0,,,,,33,10.8,ok
TIC 270312314,32.8726,-81.6135,8.91,0,,,,,9,8.7,ok
TIC 272564718,121.8913,-77.52,8.91,0,,,,,2,4.2,ok
TIC 273418421,344.1221,-76.7976,8.91,0,,,,,10,10.4,ok
TIC 40669144,77.7763,-71.1668,8.91,0,,,,,2,4.2,ok
TIC 370016202,290.3412,-51.9657,8.91,0,,,,,4,4.9,ok
TIC 268808677,280.1754,-67.2373,8.91,0,,,,,7,8.7,ok
TIC 140899383,77.0006,-77.0293,8.91,0,,,,,20,12.7,ok
TIC 419735229,324.0822,-70.0076,8.91,0,,,,,6,8.5,ok
TIC 260192346,93.3793,-56.0744,8.91,0,,,,,40,11.2,ok
TIC 38710712,66.7832,-61.7119,8.91,0,,,,,33,11.1,ok
TIC 141823881,92.9955,-74.5145,8.91,0,,,,,42,11.2,ok
TIC 32071556,58.1547,-66.8236,8.91,0,,,,,26,12.1,ok
TIC 316853965,324.5536,-57.3583,8.91,0,,,,,8,8.2,ok
TIC 327852820,356.9068,-87.2627,8.91,0,,,,,2,4.3,ok
TIC 55297320,77.0183,-61.5442,8.91,0,,,,,1,6.2,ok
TIC 287273244,109.4748,-58.9961,8.91,0,,,,,21,11.4,ok
TIC 398383265,284.1574,-79.6531,8.91,0,,,,,1,4.3,ok
TIC 38425745,60.7108,-62.3847,8.91,0,,,,,11,9.6,ok
TIC 262877017,53.037,-65.7004,8.91,0,,,,,4,3.8,ok
TIC 167163613,96.2621,-70.9974,8.91,0,,,,,32,9.9,ok
TIC 209171550,298.7631,-28.434,8.91,0,,,,,3,5.9,ok
TIC 113685658,294.2837,-30.3792,8.92,0,,,,,3,4.4,ok
TIC 326060414,303.6674,-27.4342,8.92,0,,,,,3,5.8,ok
TIC 387191568,303.9318,-56.776,8.92,0,,,,,8,8.3,ok
TIC 30407429,74.6095,-69.0735,8.92,0,,,,,40,10.5,ok
TIC 352401452,300.8787,-66.6211,8.92,0,,,,,7,8.1,ok
TIC 220347617,307.6534,-59.036,8.92,0,,,,,7,7.7,ok
TIC 294784092,71.2626,-70.6719,8.92,0,,,,,41,10.1,ok
TIC 158102157,281.7208,-53.4435,8.92,0,,,,,4,6.8,ok
TIC 32154687,59.5966,-67.517,8.92,0,,,,,44,9.0,ok
TIC 339274809,295.0526,-62.9652,8.92,1,2.5913,12.4,rejete,variabilite_continue;eclipse_secondaire,6,10.5,ok
TIC 38459103,61.0184,-63.1123,8.92,0,,,,,24,12.3,ok
TIC 269633656,302.0955,-37.9254,8.92,0,,,,,3,5.0,ok
TIC 451599588,279.9344,-85.8147,8.92,0,,,,,8,10.1,ok
TIC 25153109,63.0169,-70.389,8.92,0,,,,,33,10.2,ok
TIC 464309592,279.899,-60.5303,8.92,0,,,,,1,2.7,ok
TIC 323430562,132.5994,-82.7445,8.93,0,,,,,8,7.7,ok
TIC 376986398,77.1449,-82.7081,8.93,0,,,,,7,8.9,ok
TIC 388129392,63.5677,-67.1105,8.93,0,,,,,30,15.3,ok
TIC 280697077,343.0322,-82.3045,8.93,0,,,,,5,9.3,ok
TIC 265465372,320.9791,-61.5574,8.93,0,,,,,6,7.4,ok
TIC 141030721,79.4505,-75.1858,8.93,0,,,,,35,9.8,ok
TIC 391904670,106.4556,-72.6023,8.93,0,,,,,33,9.1,ok
TIC 97917892,289.5862,-40.5679,8.93,0,,,,,3,7.2,ok
TIC 141771483,92.4906,-76.2556,8.93,0,,,,,21,14.3,ok
TIC 294272049,108.4072,-58.1458,8.93,0,,,,,34,13.6,ok
TIC 404927661,85.4881,-66.0919,8.93,1,9.2685,42.6,rejete,variabilite_continue,31,18.2,ok
TIC 167088119,95.885,-69.4534,8.93,0,,,,,32,14.4,ok
TIC 140898436,76.6853,-77.3301,8.93,0,,,,,35,10.5,ok
TIC 341497458,318.5567,-60.9341,8.93,0,,,,,7,6.3,ok
TIC 271892595,113.2566,-72.5881,8.93,0,,,,,20,11.3,ok
TIC 158517339,295.0148,-52.8889,8.93,0,,,,,6,8.3,ok
TIC 231719961,80.7918,-50.4934,8.94,0,,,,,11,10.8,ok
TIC 176958810,101.0598,-67.7025,8.94,0,,,,,29,13.8,ok
TIC 176955379,100.7776,-69.2977,8.94,0,,380.4,rejete,variabilite_continue;eclipse_secondaire,41,51.9,ok
TIC 350622185,87.541,-56.8061,8.94,0,,,,,26,12.5,ok
TIC 55269822,76.1497,-63.5958,8.94,0,,,,,33,10.2,ok
TIC 271488376,299.2561,-33.6079,8.94,0,,,,,3,4.8,ok
TIC 219390589,77.3471,-51.0623,8.94,0,,,,,4,8.2,ok
TIC 166625668,313.5578,-51.6213,8.94,0,,,,,3,6.1,ok
TIC 410445955,118.0413,-65.2912,8.94,0,,,,,20,13.6,ok
TIC 41115548,90.9663,-66.4879,8.94,0,,,,,17,17.9,ok
TIC 48958139,302.7516,-32.7521,8.94,0,,,,,3,7.9,ok
TIC 167548586,100.8484,-61.4065,8.94,0,,,,,30,15.3,ok
TIC 29781292,65.2385,-68.1027,8.94,0,,,,,44,12.2,ok
TIC 25134376,62.4962,-67.328,8.94,0,,,,,42,13.8,ok
TIC 6727178,284.7827,-48.278,8.94,0,,,,,2,7.7,ok
TIC 55850719,76.0966,-62.266,8.94,0,,,,,32,13.3,ok
TIC 97624857,297.0975,-29.5278,8.95,0,,,,,4,9.8,ok
TIC 149477100,85.3553,-65.4478,8.95,0,,,,,29,12.8,ok
TIC 350297075,83.7359,-56.0013,8.95,0,,,,,33,12.7,ok
TIC 381950094,76.6887,-59.0504,8.95,0,,,,,32,14.3,ok
TIC 272232401,117.2997,-76.7032,8.95,0,,,,,27,13.7,ok
TIC 270275880,334.3091,-76.4212,8.95,0,,,,,7,9.6,ok
TIC 50379036,32.8846,-76.1073,8.95,0,,,,,10,9.8,ok
TIC 33880746,66.3981,-74.8702,8.95,0,,,,,36,8.7,ok
TIC 389349691,310.8443,-37.1922,8.95,0,,,,,1,4.6,ok
TIC 389237464,302.9693,-39.0606,8.95,0,,,,,2,2.7,ok
TIC 318008280,303.6065,-79.9004,8.95,0,,,,,9,9.5,ok
TIC 55745413,74.89,-63.0284,8.95,0,,,,,34,9.7,ok
TIC 29835586,66.9698,-66.2938,8.95,0,,,,,15,11.7,ok
TIC 382033361,78.9333,-58.7179,8.96,0,,,,,21,12.2,ok
TIC 260503914,96.5112,-55.5814,8.96,0,,,,,28,11.6,ok
TIC 371839737,306.5052,-71.5322,8.96,0,,,,,6,7.9,ok
TIC 141708546,90.3616,-77.7241,8.96,0,,,,,33,10.7,ok
TIC 299755887,342.0435,-65.3829,8.96,0,,,,,10,13.4,ok
TIC 311421987,314.3318,-74.9656,8.96,0,,,,,7,9.3,ok
TIC 350431335,85.01,-56.8984,8.96,0,,200.6,rejete,variabilite_continue;eclipse_secondaire,41,16.7,ok
TIC 344000458,277.6899,-72.4368,8.96,0,,,,,7,11.7,ok
TIC 349521873,111.4591,-65.5531,8.96,0,,,,,43,12.0,ok
TIC 349576238,111.9538,-63.5534,8.96,0,,,,,32,13.9,ok
TIC 340778548,291.6992,-74.1371,8.96,0,,,,,8,13.3,ok
TIC 278823421,100.0977,-59.1981,8.96,0,,,,,32,14.6,ok
TIC 100360477,307.5591,-51.7532,8.96,0,,,,,5,11.3,ok
TIC 350343101,84.5362,-56.7122,8.96,0,,,,,29,17.9,ok
TIC 219389784,77.2868,-53.7119,8.96,0,,,,,10,16.7,ok
TIC 391099727,280.7262,-33.4527,8.96,0,,,,,1,7.0,ok
TIC 277275706,283.596,-35.1613,8.96,0,,,,,2,7.6,ok
TIC 294873276,71.7798,-66.0069,8.97,0,,,,,20,13.1,ok
TIC 142086813,98.4354,-75.6231,8.97,0,,,,,40,11.7,ok
TIC 91100264,309.7518,-46.259,8.97,0,,,,,2,5.2,ok
TIC 31655792,46.5721,-68.2084,8.97,0,,,,,9,11.0,ok
TIC 219963624,305.6851,-58.2888,8.97,0,,,,,3,5.7,ok
TIC 320265488,295.2252,-57.1414,8.97,0,,,,,5,10.4,ok
TIC 31313963,88.2861,-69.0987,8.97,0,,,,,32,12.6,ok
TIC 350841387,89.8748,-56.6315,8.97,0,,,,,33,11.0,ok
TIC 350763936,89.0054,-55.9854,8.97,0,,,,,42,9.5,ok
TIC 38844604,68.6401,-60.8029,8.97,0,,,,,45,12.3,ok
TIC 55450951,70.6834,-61.8069,8.97,0,,,,,21,12.8,ok
TIC 350843855,90.0294,-57.8927,8.97,0,,15.9,rejete,variabilite_continue;eclipse_secondaire,42,18.9,ok
TIC 260755229,346.888,-67.6283,8.97,0,,,,,8,12.0,ok
TIC 260353074,94.836,-54.8656,8.97,0,,17.3,rejete,variabilite_continue,28,16.0,ok
TIC 29778628,64.7281,-67.2854,8.97,0,,,,,21,16.6,ok
TIC 34643336,306.0857,-32.7001,8.97,0,,,,,4,8.1,ok
TIC 100196783,306.0493,-51.7237,8.98,0,,,,,4,7.7,ok
TIC 177354263,104.6141,-75.6301,8.98,0,,,,,33,12.0,ok
TIC 294273900,108.7114,-59.268,8.98,0,,,,,42,15.1,ok
TIC 300515700,112.4424,-68.3841,8.98,0,,,,,33,13.2,ok
TIC 141414217,84.3522,-76.676,8.98,0,,,,,33,12.6,ok
TIC 271892200,112.9317,-72.0045,8.98,0,,,,,29,10.5,ok
TIC 261061800,81.1748,-78.6765,8.98,0,,,,,6,6.3,ok
TIC 140659980,72.4736,-72.4628,8.98,0,,,,,31,9.6,ok
TIC 114391324,296.0318,-35.6564,8.98,0,,,,,4,5.5,ok
TIC 177115013,103.9543,-70.4413,8.98,0,,,,,34,11.3,ok
TIC 358401810,78.0518,-54.1521,8.98,0,,,,,16,11.0,ok
TIC 391905265,106.8621,-72.2143,8.98,0,,,,,31,12.2,ok
TIC 350443417,85.3048,-57.4411,8.98,0,,458.5,rejete,variabilite_continue;eclipse_secondaire;compagnon_trop_gros_2.6Rjup,42,14.2,ok
TIC 164521087,306.0676,-29.8403,8.99,0,,,,,3,6.9,ok
TIC 339771969,111.382,-58.5326,8.99,0,,,,,24,11.9,ok
TIC 260753292,346.7225,-69.2611,8.99,0,,,,,2,7.0,ok
TIC 293936312,106.6194,-57.4532,8.99,0,,,,,34,11.2,ok
TIC 126639377,314.8313,-44.6509,8.99,0,,,,,2,3.7,ok
TIC 290459460,237.6712,-86.0851,8.99,0,,,,,2,5.6,ok
TIC 281634192,116.8901,-63.4979,8.99,0,,,,,30,12.5,ok
TIC 389371996,86.0798,-66.7543,8.99,0,,,,,7,10.5,ok
TIC 325178532,340.706,-71.7063,8.99,0,,,,,11,10.4,ok
TIC 350840417,89.9375,-54.6178,8.99,0,,,,,32,12.0,ok
TIC 257464311,287.7791,-68.3175,8.99,0,,,,,6,11.5,ok
TIC 260300455,94.4504,-54.9897,8.99,0,,,,,37,12.1,ok
TIC 237927133,58.1213,-65.9254,8.99,0,,,,,22,12.9,ok
TIC 149175396,81.5661,-61.6936,9.0,0,,,,,38,12.4,ok
TIC 300555859,112.6102,-68.9966,9.0,0,,,,,34,11.3,ok
TIC 441260206,295.3643,-40.4929,9.0,0,,,,,1,3.3,ok
TIC 149218497,82.3718,-59.9992,9.0,0,,,,,20,13.6,ok
TIC 219144734,88.5592,-53.2117,9.0,0,,,,,14,11.7,ok
TIC 390917451,280.6735,-31.991,9.0,0,,,,,3,4.0,ok
TIC 176935871,100.6076,-68.2685,9.0,0,,,,,27,11.4,ok
TIC 220402076,69.7336,-57.9856,9.0,0,,,,,27,13.7,ok
TIC 262577077,116.2187,-65.4821,9.0,0,,,,,22,13.3,ok
TIC 167552111,101.0922,-63.7963,9.0,0,,,,,39,14.3,ok
TIC 350480893,85.9455,-56.6202,9.0,0,,,,,31,12.4,ok
TIC 270556746,99.2599,-83.3249,9.0,0,,,,,11,11.7,ok
TIC 381976956,77.5464,-57.5867,9.01,0,,,,,32,10.3,ok
TIC 350333499,84.0713,-55.4106,9.01,0,,,,,6,7.9,ok
TIC 410088005,327.361,-71.7888,9.01,0,,,,,7,10.8,ok
TIC 219423302,80.0693,-51.9995,9.01,0,,,,,14,13.8,ok
TIC 219398903,78.0932,-50.4901,9.01,0,,,,,1,3.1,ok
TIC 150393302,96.9745,-60.5821,9.01,0,,,,,33,12.4,ok
TIC 142107756,99.1328,-75.6642,9.01,0,,,,,32,12.2,ok
TIC 391890749,115.3791,-70.7948,9.01,0,,,,,24,13.0,ok
TIC 220438947,74.003,-58.4591,9.01,0,,,,,30,12.2,ok
TIC 389048173,332.7698,-60.6717,9.01,0,,,,,3,5.7,ok
TIC 177257949,101.9491,-74.6418,9.01,0,,,,,33,10.0,ok
TIC 41530565,93.7423,-69.1334,9.01,0,,,,,30,10.0,ok
TIC 272131069,116.4547,-76.3507,9.01,0,,,,,30,10.4,ok
TIC 270173850,331.2788,-73.5091,9.01,0,,,,,8,8.3,ok
TIC 278417216,117.5952,-83.7748,9.02,0,,,,,11,10.6,ok
TIC 349575610,111.9612,-64.3572,9.02,0,,,,,21,11.5,ok
TIC 277909646,354.0103,-72.831,9.02,0,,,,,9,8.9,ok
TIC 140687382,72.9088,-75.9121,9.02,0,,,,,21,12.1,ok
TIC 231621867,316.3308,-54.1676,9.02,0,,,,,5,11.0,ok
TIC 300557107,112.363,-70.7942,9.02,0,,,,,32,11.5,ok
TIC 220431435,73.2146,-57.4573,9.02,0,,,,,20,10.7,ok
TIC 375093373,88.8739,-53.5365,9.02,0,,,,,22,12.4,ok
TIC 317060587,337.5096,-75.6466,9.02,0,,,,,8,12.0,ok
TIC 238201491,57.9805,-72.0273,9.02,0,,,,,30,13.3,ok
TIC 370227488,85.6647,-74.8584,9.02,0,,,,,29,10.3,ok
TIC 167249270,97.5092,-70.481,9.03,0,,,,,32,24.8,ok
TIC 410036073,320.0328,-67.6509,9.03,0,,,,,4,8.3,ok
TIC 349829627,113.6951,-61.2402,9.03,0,,,,,40,12.6,ok
TIC 79808564,296.6169,-47.0211,9.03,0,,,,,6,14.0,ok
TIC 62296704,291.2796,-47.7594,9.03,0,,,,,6,8.3,ok
TIC 287405060,82.3633,-68.8678,9.03,0,,,,,40,10.7,ok
TIC 128727697,299.9762,-46.7114,9.03,0,,,,,1,4.8,ok
TIC 142049025,97.6272,-72.1821,9.03,0,,,,,32,10.9,ok
TIC 290487159,2.4429,-81.3497,9.03,0,,,,,2,7.1,ok
TIC 141187570,81.677,-76.1957,9.03,0,,,,,31,12.6,ok
TIC 325280344,334.723,-74.4376,9.03,0,,,,,7,9.9,ok
TIC 257721005,78.3718,-58.1473,9.03,0,,,,,21,12.6,ok
TIC 261332418,92.2403,-77.9185,9.03,0,,,,,26,10.6,ok
TIC 273569277,356.9013,-76.0645,9.04,0,,,,,7,11.2,ok
TIC 142144969,99.7308,-74.4252,9.04,0,,,,,42,13.8,ok
TIC 149159039,81.2998,-65.7947,9.04,0,,,,,38,10.0,ok
TIC 358112395,69.8646,-74.7854,9.04,0,,,,,42,12.5,ok
TIC 41464526,93.2635,-69.3743,9.04,0,,,,,28,9.7,ok
TIC 364589064,85.4288,-77.6967,9.04,0,,,,,33,10.1,ok
TIC 350297922,83.6771,-58.3007,9.04,0,,,,,33,12.4,ok
TIC 261399435,94.5761,-78.5293,9.04,0,,,,,34,12.8,ok
TIC 167888770,105.046,-64.7368,9.04,0,,,,,29,12.9,ok
TIC 468121124,286.7288,-33.2574,9.04,0,,,,,4,9.2,ok
TIC 466277708,305.7026,-65.2584,9.04,0,,,,,8,13.0,ok
TIC 101883318,304.4837,-50.7956,9.04,0,,,,,6,12.2,ok
TIC 32090960,58.5419,-67.4241,9.04,0,,,,,17,13.3,ok
TIC 279571543,106.2081,-59.2835,9.05,0,,,,,33,12.7,ok
TIC 31512865,89.1991,-66.6512,9.05,0,,,,,3,5.6,ok
TIC 426032475,45.311,-75.2032,9.05,0,,,,,7,7.8,ok
TIC 31557506,288.957,-33.5802,9.05,0,,,,,2,7.1,ok
TIC 355599684,325.212,-55.5844,9.05,0,,,,,2,8.0,ok
TIC 234280067,333.9367,-61.1613,9.05,0,,,,,10,17.4,ok
TIC 149630117,87.4445,-60.8053,9.05,0,,,,,31,11.5,ok
TIC 141278888,82.9097,-73.6292,9.05,0,,,,,37,14.9,ok
TIC 351555569,309.3798,-64.636,9.05,0,,,,,2,5.2,ok
TIC 141770299,91.859,-76.9262,9.05,0,,,,,21,11.3,ok
TIC 287402009,82.4949,-67.7403,9.05,1,6.8378,41.0,rejete,variabilite_continue,17,17.7,ok
TIC 389352124,311.0429,-39.2256,9.05,1,9.9095,25.6,rejete,variabilite_continue,5,12.3,ok
TIC 231622951,316.2627,-57.091,9.05,0,,,,,1,3.2,ok
TIC 276977745,277.7769,-79.886,9.05,0,,,,,3,4.8,ok
TIC 149933253,89.9134,-65.4468,9.05,0,,,,,20,12.0,ok
TIC 253703051,281.9465,-40.4547,9.05,0,,,,,1,6.1,ok
TIC 91448148,313.6714,-45.7308,9.05,0,,,,,4,5.9,ok
TIC 394483121,316.0573,-55.3339,9.05,0,,,,,3,6.7,ok
TIC 166651274,313.8773,-50.981,9.06,0,,,,,2,6.5,ok
TIC 91190203,310.3623,-46.8588,9.06,0,,,,,4,6.4,ok
TIC 349830679,113.5802,-62.4155,9.06,0,,,,,32,12.9,ok
TIC 279569707,105.968,-57.6291,9.06,0,,122.1,rejete,eclipse_secondaire,28,15.5,ok
TIC 253844848,283.1314,-37.3469,9.06,0,,,,,1,3.7,ok
TIC 55526343,72.4981,-63.1649,9.06,0,,,,,30,11.5,ok
TIC 469980036,342.438,-71.1994,9.06,0,,,,,2,4.2,ok
TIC 300810086,116.813,-69.0302,9.06,0,,23.5,rejete,variabilite_continue,23,15.5,ok
TIC 260503815,96.3771,-55.7572,9.06,0,,,,,32,10.9,ok
TIC 141627237,89.5477,-76.2367,9.06,0,,,,,20,13.7,ok
TIC 33834447,63.7703,-72.9571,9.06,0,,,,,21,13.6,ok
TIC 273370115,340.4835,-73.5383,9.06,0,,,,,6,11.2,ok
TIC 260994536,79.0048,-79.5897,9.06,0,,,,,19,12.0,ok
TIC 381853092,321.8806,-59.9039,9.06,0,,,,,7,9.5,ok
TIC 260820871,348.055,-70.1132,9.06,0,,39.4,rejete,variabilite_continue,10,16.5,ok
TIC 238194082,56.5072,-74.0262,9.06,0,,,,,25,11.8,ok
TIC 52205853,19.7127,-69.4198,9.07,0,,,,,10,12.9,ok
TIC 300867814,117.213,-68.3414,9.07,0,,,,,22,14.1,ok
TIC 30192406,73.873,-70.2936,9.07,0,,,,,40,12.3,ok
TIC 273396767,340.8066,-75.2905,9.07,0,,,,,9,12.4,ok
TIC 451602237,280.8417,-87.3134,9.07,0,,,,,7,11.2,ok
TIC 271806633,112.1311,-77.5449,9.07,0,,,,,26,12.8,ok
TIC 275624040,282.1978,-35.6295,9.07,0,,,,,1,5.8,ok
TIC 176980774,101.5512,-71.0312,9.07,0,,,,,19,13.0,ok
TIC 350299541,83.9638,-57.279,9.07,0,,,,,21,12.9,ok
TIC 55651790,73.99,-60.4189,9.07,0,,,,,21,13.3,ok
TIC 150166721,93.5047,-61.473,9.07,0,,,,,38,14.4,ok
TIC 91046093,309.3103,-43.348,9.07,0,,,,,3,11.1,ok
TIC 31962935,55.3736,-69.2706,9.07,0,,,,,29,13.0,ok
TIC 294670776,70.6503,-69.0784,9.07,0,,,,,38,14.0,ok
TIC 167523976,100.6014,-65.7426,9.07,0,,,,,44,12.2,ok
TIC 234346165,38.8406,-68.161,9.07,0,,,,,3,9.5,ok
TIC 141944488,95.6485,-74.1813,9.07,0,,,,,41,12.7,ok
TIC 231091557,68.9469,-68.2374,9.07,0,,,,,33,18.3,ok
TIC 141911519,94.8355,-75.3947,9.07,0,,,,,43,16.2,ok
TIC 220476613,75.5933,-56.0933,9.07,0,,,,,11,13.2,ok
TIC 393411975,87.9809,-53.0316,9.08,0,,,,,20,17.0,ok
TIC 177311830,103.7091,-76.2659,9.08,0,,,,,27,12.2,ok
TIC 322954425,124.8561,-83.684,9.08,0,,,,,7,8.8,ok
TIC 350563225,86.7776,-55.5672,9.08,0,,,,,28,10.7,ok
TIC 50314947,31.3616,-74.8101,9.08,0,,,,,8,10.1,ok
TIC 167719618,103.0925,-65.0978,9.08,0,,,,,43,11.6,ok
TIC 167696090,102.841,-62.6033,9.08,0,,,,,20,13.6,ok
TIC 435869116,53.7971,-84.0786,9.08,0,,,,,9,12.4,ok
TIC 364328234,101.827,-65.5729,9.08,0,,,,,21,13.0,ok
TIC 31778786,49.8365,-70.4255,9.08,0,,,,,20,12.2,ok
TIC 278990983,101.975,-58.0809,9.08,0,,,,,31,12.3,ok
TIC 166973387,94.7036,-69.9918,9.08,0,,,,,38,15.0,ok
TIC 764986356,112.3975,-68.156,9.09,0,,,,,6,8.3,ok
TIC 150270977,94.7111,-65.1135,9.09,0,,,,,34,12.2,ok
TIC 349972600,114.4733,-62.3051,9.09,0,,53.2,rejete,variabilite_continue;eclipse_secondaire,31,17.9,ok
TIC 149601768,87.1372,-61.0352,9.09,0,,,,,29,14.2,ok
TIC 167343976,98.708,-69.7782,9.09,0,,,,,29,13.5,ok
TIC 339767830,111.1386,-55.9415,9.09,0,,,,,15,13.1,ok
TIC 279571361,106.1545,-59.5768,9.09,0,,,,,22,13.1,ok
TIC 38570985,63.1583,-64.2549,9.09,0,,,,,22,12.9,ok
TIC 391948057,107.9125,-76.1922,9.09,0,,,,,33,13.4,ok
TIC 435934070,54.3289,-88.6475,9.09,0,,,,,5,9.0,ok
TIC 61377328,287.8229,-42.6902,9.09,0,,,,,1,6.0,ok
TIC 375033759,99.5137,-60.118,9.09,0,,,,,31,13.7,ok
TIC 149502001,85.8394,-65.7269,9.09,0,,,,,27,14.1,ok
TIC 278898692,101.1421,-58.8665,9.09,0,,,,,31,13.2,ok
TIC 279575749,106.4709,-54.547,9.09,0,,,,,1,4.4,ok
TIC 300383439,111.3738,-69.3716,9.09,0,,,,,21,12.8,ok
TIC 272284732,118.1128,-76.2483,9.09,0,,,,,20,12.9,ok
TIC 421481063,297.0576,-35.6247,9.09,0,,,,,3,13.5,ok
TIC 270261909,356.1539,-73.156,9.09,0,,,,,10,13.9,ok
TIC 149574542,86.7113,-63.2719,9.09,0,,,,,26,12.9,ok
TIC 391925508,107.5988,-76.1827,9.1,0,,,,,21,16.3,ok
TIC 300038935,107.8437,-68.8332,9.1,0,,,,,43,13.6,ok
TIC 279215865,103.4977,-55.78,9.1,0,,,,,25,11.2,ok
TIC 278684745,99.2466,-56.258,9.1,0,,,,,25,13.9,ok
TIC 293269165,98.6631,-64.8683,9.1,0,,,,,29,11.3,ok
TIC 140858140,76.0782,-76.3589,9.1,0,,,,,30,12.9,ok
TIC 149304495,83.3654,-64.4182,9.1,0,,,,,29,11.4,ok
TIC 271696207,110.1583,-72.5942,9.1,0,,,,,31,12.4,ok
TIC 41112771,90.9365,-68.5271,9.1,0,,,,,26,12.0,ok
TIC 61619547,288.5843,-42.7894,9.1,0,,,,,3,7.7,ok
TIC 300809119,116.6858,-67.75,9.1,0,,,,,32,13.0,ok
TIC 302126242,307.2998,-29.3936,9.1,0,,,,,2,6.2,ok
TIC 31927487,53.6578,-67.8833,9.11,0,,,,,11,13.7,ok
TIC 394355862,43.2806,-79.5648,9.11,0,,,,,7,8.9,ok
TIC 141607972,88.6923,-73.7487,9.11,0,,,,,33,10.8,ok
TIC 142109390,99.4085,-76.5144,9.11,0,,,,,31,14.4,ok
TIC 401671176,316.3135,-79.1508,9.11,0,,,,,9,12.1,ok
TIC 396174388,298.802,-66.0786,9.11,0,,,,,2,11.8,ok
TIC 79022033,315.5581,-48.0844,9.11,0,,,,,4,10.8,ok
TIC 150030205,90.9847,-60.6663,9.11,1,4.5115,17.1,rejete,variabilite_continue,44,16.3,ok
TIC 410464477,320.5741,-64.7981,9.11,0,,,,,8,9.8,ok
TIC 31943231,54.3145,-70.5458,9.11,0,,,,,22,15.5,ok
TIC 150360599,96.4015,-62.1675,9.11,0,,105.1,rejete,variabilite_continue;eclipse_secondaire,30,14.2,ok
TIC 272188493,116.6341,-73.1243,9.11,0,,,,,42,12.5,ok
TIC 140632571,71.8292,-72.447,9.11,0,,,,,32,11.3,ok
TIC 349972562,114.5771,-62.2575,9.11,0,,,,,20,10.2,ok
TIC 167795079,104.4052,-63.0709,9.11,0,,,,,41,12.1,ok
TIC 382030592,78.6982,-56.7583,9.12,0,,,,,33,12.4,ok
TIC 350152377,53.4719,-78.7136,9.12,0,,,,,1,6.6,ok
TIC 453099697,116.1598,-69.3991,9.12,0,,,,,34,10.5,ok
TIC 425086349,82.9997,-66.3552,9.12,0,,,,,19,13.7,ok
TIC 220474789,75.4917,-57.629,9.12,0,,,,,21,12.8,ok
TIC 149539158,86.0186,-59.9461,9.12,0,,,,,40,12.8,ok
TIC 141625486,89.3765,-73.7647,9.12,0,,,,,38,11.9,ok
TIC 220421985,72.017,-58.7313,9.12,0,,,,,32,12.0,ok
TIC 269854349,69.9034,-80.6857,9.12,0,,,,,16,12.4,ok
TIC 260795252,347.6387,-68.4733,9.12,0,,,,,2,8.5,ok
TIC 55454149,70.8526,-63.1627,9.12,0,,,,,30,11.6,ok
TIC 373846934,81.3605,-66.1026,9.12,0,,,,,27,12.1,ok
TIC 348717688,45.1532,-81.9021,9.12,0,,,,,9,13.4,ok
TIC 294153481,107.8008,-58.0152,9.12,0,,,,,33,14.1,ok
TIC 142082642,98.3845,-72.3231,9.13,0,,,,,32,10.3,ok
TIC 407621267,69.4621,-77.0808,9.13,0,,,,,34,10.6,ok
TIC 350842552,89.8578,-59.1984,9.13,0,,,,,43,9.4,ok
TIC 396118466,297.8054,-66.8134,9.13,0,,,,,7,7.1,ok
TIC 349152048,108.051,-61.2718,9.13,0,,,,,32,9.1,ok
TIC 350091456,115.0962,-61.2043,9.13,0,,,,,28,11.3,ok
TIC 55399514,70.3284,-64.4728,9.13,0,,20.9,rejete,variabilite_continue;eclipse_secondaire,20,14.4,ok
TIC 349275562,109.4547,-65.214,9.13,0,,,,,34,11.2,ok
TIC 300290097,110.168,-70.3152,9.13,0,,,,,39,11.4,ok
TIC 179507124,80.2237,-69.2596,9.13,0,,,,,10,13.7,ok
TIC 262610450,116.2877,-61.3474,9.14,0,,,,,26,13.4,ok
TIC 364425576,69.5675,-72.3699,9.14,0,,61.8,rejete,variabilite_continue;eclipse_secondaire,34,16.1,ok
TIC 276977013,278.0249,-78.8366,9.14,0,,,,,10,11.8,ok
TIC 254158364,286.8597,-41.4932,9.14,0,,,,,2,2.8,ok
TIC 218907570,297.9101,-31.4746,9.14,0,,,,,4,5.4,ok
TIC 140598542,68.8788,-77.3533,9.14,0,,,,,26,18.4,ok
TIC 142148289,100.0531,-74.5561,9.14,0,,,,,31,12.8,ok
TIC 149420896,84.5091,-64.9093,9.14,0,,,,,29,12.0,ok
TIC 382572066,118.2553,-65.276,9.14,0,,,,,20,11.2,ok
TIC 142086091,98.6011,-77.1209,9.14,0,,,,,41,11.1,ok
TIC 403996592,319.0761,-78.0133,9.14,0,,,,,9,12.3,ok
TIC 370009865,46.9343,-69.8916,9.14,0,,,,,14,11.7,ok
TIC 141912469,94.7106,-73.7933,9.14,0,,,,,20,12.6,ok
TIC 219977070,306.6386,-58.108,9.14,0,,,,,2,6.6,ok
TIC 398383513,284.0472,-79.9947,9.15,0,,,,,10,11.8,ok
TIC 167754523,104.1817,-60.6886,9.15,1,3.4006,11.0,rejete,variabilite_continue;eclipse_secondaire,21,15.4,ok
TIC 261542169,348.8713,-72.0807,9.15,0,,,,,8,8.3,ok
TIC 260608940,97.52,-56.749,9.15,0,,,,,21,10.3,ok
TIC 61618828,288.4859,-43.283,9.15,0,,,,,2,6.0,ok
TIC 141484981,87.2926,-73.616,9.15,0,,148.0,rejete,variabilite_continue;eclipse_secondaire,20,17.3,ok
TIC 300510927,112.3601,-69.4551,9.15,0,,,,,33,10.6,ok
TIC 405077613,112.7463,-84.3239,9.15,0,,,,,11,13.3,ok
TIC 349092320,107.835,-61.8286,9.15,0,,,,,28,13.2,ok
TIC 176960818,101.1797,-70.9705,9.15,0,,,,,30,11.1,ok
TIC 279614617,106.3013,-57.5706,9.15,0,,,,,36,12.1,ok
TIC 150390543,96.713,-64.4618,9.15,0,,,,,28,11.9,ok
TIC 412066335,0.5428,-68.2832,9.15,0,,,,,7,9.0,ok
TIC 150249384,94.3297,-61.6418,9.15,0,,,,,20,11.0,ok
TIC 270424782,95.5731,-79.6308,9.15,0,,,,,21,11.7,ok
TIC 55525781,72.6707,-61.5223,9.15,0,,,,,37,13.5,ok
TIC 211221719,280.4524,-35.429,9.16,0,,,,,1,5.8,ok
TIC 349833420,113.5674,-65.6909,9.16,0,,,,,21,15.7,ok
TIC 349834497,113.7467,-64.8066,9.16,0,,,,,23,12.5,ok
TIC 129431854,304.4362,-44.3054,9.16,0,,,,,2,5.5,ok
TIC 394210384,10.5873,-77.7946,9.16,0,,,,,7,11.0,ok
TIC 260299812,94.4319,-55.5882,9.16,0,,,,,33,10.4,ok
TIC 370226095,85.4683,-73.4261,9.16,0,,,,,31,13.3,ok
TIC 167201721,97.1282,-68.0239,9.16,0,,,,,24,11.8,ok
TIC 220401171,69.4714,-58.4417,9.16,0,,,,,27,9.3,ok
TIC 293272915,98.7866,-60.4497,9.16,0,,,,,39,9.2,ok
TIC 140861548,76.2388,-72.5026,9.16,0,,,,,30,11.9,ok
TIC 260188017,92.8602,-58.9814,9.16,0,,,,,40,9.4,ok
TIC 293225109,98.4889,-60.2785,9.17,0,,,,,33,9.9,ok
TIC 260128069,92.0428,-58.9681,9.17,0,,,,,33,10.5,ok
TIC 358710635,72.3518,-62.2839,9.17,0,,,,,21,14.6,ok
TIC 260161144,92.7851,-58.2875,9.17,0,,,,,40,12.8,ok
TIC 220411010,70.7359,-58.3237,9.17,0,,,,,20,15.0,ok
TIC 140688867,72.9817,-73.7183,9.17,0,,,,,21,13.6,ok
TIC 350840554,89.8403,-54.871,9.17,0,,,,,30,13.4,ok
TIC 253696703,282.0109,-40.7289,9.17,0,,,,,1,10.1,ok
TIC 350146296,115.7396,-63.7019,9.17,0,,,,,40,15.9,ok
TIC 25064731,59.9243,-66.6278,9.17,0,,,,,23,12.7,ok
TIC 150104808,92.2798,-63.9606,9.17,0,,,,,34,14.3,ok
TIC 257727250,350.8969,-84.6208,9.17,0,,,,,6,10.6,ok
TIC 350622878,87.6123,-55.2888,9.17,0,,,,,20,14.1,ok
TIC 143646017,285.0655,-43.2388,9.17,0,,,,,1,6.6,ok
TIC 279051829,102.2294,-56.5796,9.17,0,,,,,32,12.6,ok
TIC 31506424,88.9668,-71.9057,9.17,0,,,,,38,14.6,ok
TIC 270474754,97.377,-78.8155,9.17,0,,,,,27,13.8,ok
TIC 278024057,105.1271,-79.6957,9.17,0,,,,,22,13.5,ok
TIC 291011039,309.2304,-36.7959,9.17,0,,,,,3,8.3,ok
TIC 370227982,85.7864,-75.5298,9.17,0,,,,,33,15.8,ok
TIC 394678864,54.1296,-78.4943,9.17,0,,,,,4,8.4,ok
TIC 260636730,97.7804,-56.6543,9.18,0,,,,,15,11.8,ok
TIC 167570500,101.3282,-63.3354,9.18,0,,,,,32,13.5,ok
TIC 388283092,128.2631,-87.2174,9.18,0,,,,,6,11.7,ok
TIC 139369436,67.2279,-66.9482,9.18,0,,,,,21,14.2,ok
TIC 257720801,78.2479,-58.689,9.18,0,,,,,32,16.2,ok
TIC 150272277,94.7878,-62.7044,9.18,0,,,,,31,15.3,ok
TIC 299808029,296.3619,-38.6201,9.18,0,,,,,1,4.7,ok
TIC 149302086,83.1876,-60.7236,9.18,0,,,,,20,11.6,ok
TIC 149498198,85.7583,-60.8681,9.18,0,,,,,21,15.7,ok
TIC 278590172,122.4414,-82.0929,9.18,0,,,,,1,6.6,ok
TIC 234346080,38.9443,-68.5149,9.18,0,,,,,11,17.4,ok
TIC 167011368,95.1002,-67.9455,9.18,0,,,,,30,11.4,ok
TIC 260075733,91.6574,-58.7835,9.18,0,,,,,34,14.1,ok
TIC 31532870,89.6143,-71.3708,9.19,0,,,,,22,13.4,ok
TIC 31962715,55.3015,-68.5404,9.19,0,,,,,23,12.4,ok
TIC 32051721,57.3844,-70.8787,9.19,0,,,,,7,10.3,ok
TIC 370009806,47.0312,-70.1105,9.19,0,,,,,8,11.3,ok
TIC 350930672,90.6503,-54.3653,9.19,0,,,,,29,15.2,ok
TIC 303909865,22.8004,-75.9473,9.19,0,,,,,6,9.3,ok
TIC 41486474,93.4427,-67.5523,9.19,0,,,,,7,14.9,ok
TIC 394483123,316.0539,-55.3368,9.19,0,,,,,2,7.9,ok
TIC 149423652,84.4659,-60.6442,9.19,0,,,,,33,12.9,ok
TIC 401667290,311.6811,-81.7243,9.19,0,,,,,6,9.0,ok
TIC 38908399,69.6058,-65.4071,9.19,0,,,,,28,13.3,ok
TIC 231094769,69.3695,-71.7555,9.19,0,,,,,39,14.3,ok
TIC 40518041,77.595,-68.7733,9.19,0,,,,,41,11.4,ok
TIC 38461883,61.3487,-65.7907,9.19,0,,,,,21,9.2,ok
TIC 177386428,104.6333,-72.0753,9.19,0,,,,,32,10.1,ok
TIC 394345530,41.322,-83.6387,9.19,0,,,,,2,5.6,ok
TIC 25117273,61.388,-69.4004,9.19,0,,91.5,rejete,variabilite_continue;eclipse_secondaire,40,17.0,ok
TIC 30031510,72.9922,-69.4261,9.19,0,,,,,29,12.5,ok
TIC 167752123,103.8091,-63.2495,9.19,0,,,,,33,10.4,ok
TIC 464285010,279.896,-65.3728,9.19,0,,,,,2,4.8,ok
TIC 306470921,118.6065,-68.1477,9.2,0,,,,,21,10.6,ok
TIC 141123013,80.2752,-74.5017,9.2,0,,,,,20,11.6,ok
TIC 382159947,80.9428,-57.5546,9.2,0,,,,,20,10.7,ok
TIC 382146692,80.503,-54.7511,9.2,0,,,,,22,12.7,ok
TIC 364588501,85.4036,-76.0721,9.2,0,,,,,43,14.8,ok
TIC 120276800,280.4007,-58.3207,9.2,0,,,,,1,4.5,ok
TIC 142109731,99.5626,-75.7885,9.2,0,,,,,20,10.2,ok
TIC 464492998,284.6437,-62.4528,9.2,0,,,,,5,5.6,ok
TIC 100504381,308.5636,-48.2749,9.2,1,5.4629,26.1,rejete,variabilite_continue,4,7.6,ok
TIC 167892588,105.3547,-60.7618,9.2,0,,,,,21,9.8,ok
TIC 140941153,77.1322,-72.2567,9.21,0,,,,,42,9.8,ok
TIC 351339274,301.022,-65.6064,9.21,0,,,,,4,6.6,ok
TIC 141757230,91.4447,-73.7008,9.21,0,,,,,21,10.1,ok
TIC 279356535,104.6028,-56.7781,9.21,0,,,,,19,9.3,ok
TIC 300808434,116.7365,-66.9619,9.21,0,,,,,1,3.6,ok
TIC 320846323,299.4987,-56.1542,9.21,0,,,,,3,4.6,ok
TIC 350480377,85.9827,-57.7609,9.21,0,,,,,21,8.7,ok
TIC 38600988,64.3781,-65.078,9.21,0,,,,,21,9.1,ok
TIC 269730326,63.5068,-78.9078,9.21,0,,,,,19,10.6,ok
TIC 25132694,61.9839,-70.2252,9.21,0,,,,,34,10.5,ok
TIC 231079905,68.1633,-69.3675,9.21,0,,,,,20,9.3,ok
TIC 327596745,326.7796,-66.289,9.21,0,,,,,9,8.6,ok
TIC 200247525,294.4625,-51.4438,9.21,0,,,,,6,5.1,ok
TIC 348956945,106.3854,-61.8058,9.21,0,,,,,31,10.4,ok
TIC 55603501,73.2685,-61.8918,9.21,0,,,,,36,11.1,ok
TIC 150513194,97.9235,-64.7102,9.21,0,,,,,28,12.1,ok
TIC 140938580,76.8928,-74.4136,9.21,0,,,,,10,18.2,ok
TIC 55272819,76.4808,-63.5894,9.21,0,,,,,41,9.8,ok
TIC 382098944,79.9035,-58.8981,9.22,0,,,,,32,12.4,ok
TIC 90906121,307.8033,-44.766,9.22,0,,,,,1,3.1,ok
TIC 152167813,307.6064,-34.6634,9.22,0,,,,,1,3.5,ok
TIC 277130695,282.9713,-82.5592,9.22,0,,,,,1,7.4,ok
TIC 142144162,99.8512,-73.0035,9.22,0,,,,,34,9.6,ok
TIC 267263253,7.3289,-76.304,9.22,0,,37.1,a_verifier,,7,12.1,ok
TIC 79663291,295.6839,-41.9947,9.22,0,,,,,3,7.4,ok
TIC 31656118,46.5347,-66.8685,9.22,0,,,,,1,2.7,ok
TIC 340481675,115.9266,-55.0436,9.22,0,,,,,1,4.2,ok
TIC 419568784,319.0059,-67.4726,9.22,0,,,,,6,6.9,ok
TIC 261657455,20.9923,-78.0679,9.22,0,,,,,10,14.4,ok
TIC 149174106,81.646,-63.6923,9.22,0,,,,,33,14.0,ok
TIC 141435818,84.7246,-76.3025,9.23,0,,,,,33,11.7,ok
TIC 300708192,114.7994,-69.9469,9.23,0,,,,,30,9.1,ok
TIC 382028425,78.425,-56.4411,9.23,0,,130.2,rejete,variabilite_continue;eclipse_secondaire,38,19.7,ok
TIC 38827175,68.1215,-60.3118,9.23,0,,,,,42,10.0,ok
TIC 464484197,284.3242,-60.28,9.23,0,,,,,7,9.2,ok
TIC 349274728,109.2227,-65.3854,9.23,0,,,,,21,13.3,ok
TIC 349061746,107.504,-60.834,9.23,0,,,,,21,13.4,ok
TIC 271724675,110.7898,-73.0245,9.23,0,,,,,21,11.0,ok
TIC 177258265,102.1496,-74.1066,9.23,0,,,,,21,11.1,ok
TIC 55368519,77.2433,-60.1762,9.24,0,,,,,21,12.1,ok
TIC 370225925,85.6831,-73.2649,9.24,0,,,,,40,10.9,ok
TIC 391927730,108.171,-72.0029,9.24,0,,,,,34,11.0,ok
TIC 41256240,91.9358,-69.3444,9.24,0,,,,,27,11.1,ok
TIC 364393429,116.5931,-64.0555,9.24,0,,,,,42,10.5,ok
TIC 300292124,110.4137,-70.2625,9.24,0,,,,,21,11.7,ok
TIC 149497522,85.5025,-60.7824,9.24,0,,,,,41,12.1,ok
TIC 165847000,284.9772,-30.8191,9.24,0,,,,,2,8.8,ok
TIC 31867746,52.7665,-68.491,9.24,0,,,,,1,5.0,ok
TIC 230955690,287.3371,-54.8373,9.24,0,,,,,2,3.5,ok
TIC 167524928,100.5502,-63.717,9.24,0,,,,,32,12.3,ok
TIC 406274238,325.4178,-60.6136,9.24,0,,,,,11,10.7,ok
TIC 311421559,314.6033,-73.9666,9.24,0,,,,,2,9.0,ok
TIC 425816761,305.9417,-45.7118,9.25,0,,,,,4,7.4,ok
TIC 279160488,103.3414,-58.3556,9.25,0,,,,,40,14.3,ok
TIC 167695253,102.9305,-64.0299,9.25,0,,,,,28,11.9,ok
TIC 176875632,100.8158,-76.7004,9.25,0,,,,,32,13.8,ok
TIC 150429481,96.9917,-63.1898,9.25,0,,,,,40,11.9,ok
TIC 235048515,82.7382,-53.5163,9.25,0,,,,,21,12.5,ok
TIC 270475373,97.335,-79.9469,9.25,0,,,,,24,11.9,ok
TIC 31171037,288.199,-31.458,9.25,0,,,,,4,4.7,ok
TIC 391925156,107.6106,-77.0278,9.25,0,,,,,32,9.7,ok
TIC 294326461,108.7944,-57.4877,9.25,0,,,,,27,9.9,ok
TIC 150430837,97.2143,-60.5344,9.25,0,,,,,34,8.5,ok
TIC 261240624,292.9228,-60.9947,9.25,0,,,,,6,6.2,ok
TIC 271807631,111.868,-75.7528,9.25,0,,,,,32,11.5,ok
TIC 279055830,102.4878,-56.608,9.26,0,,,,,34,10.3,ok
TIC 404967301,85.3654,-69.801,9.26,0,,,,,38,10.4,ok
TIC 364394197,116.4258,-63.1154,9.26,0,,,,,4,6.2,ok
TIC 167604719,102.1269,-62.2012,9.26,0,,,,,22,10.9,ok
TIC 30533103,74.9298,-70.1108,9.26,0,,,,,31,8.8,ok
TIC 349765842,112.7839,-62.211,9.26,0,,,,,20,9.4,ok
TIC 272316843,118.663,-75.1288,9.26,0,,,,,24,10.6,ok
TIC 55369219,77.5086,-61.5997,9.26,0,,121.7,rejete,eclipse_secondaire,30,15.7,ok
TIC 322306553,359.5765,-86.4399,9.26,0,,,,,7,10.7,ok
TIC 34800060,306.9403,-34.0258,9.26,0,,,,,1,2.7,ok
TIC 350839859,89.6441,-54.3951,9.26,0,,,,,20,10.4,ok
TIC 55527351,72.6208,-65.1833,9.26,0,,,,,8,7.5,ok
TIC 339891905,111.9837,-59.3925,9.26,0,,,,,27,9.1,ok
TIC 278519962,120.9882,-81.0225,9.26,0,,,,,9,8.2,ok
TIC 350716888,88.3307,-54.7149,9.26,0,,,,,24,9.8,ok
TIC 32153468,59.7495,-71.5985,9.26,0,,,,,32,10.1,ok
TIC 149269178,82.8643,-64.0948,9.26,0,,,,,43,15.3,ok
TIC 167122528,96.0798,-66.9773,9.26,0,,,,,7,15.1,ok
TIC 350764481,89.0109,-57.0637,9.26,0,,29.7,rejete,variabilite_continue;eclipse_secondaire,20,23.5,ok
TIC 55293484,76.6056,-63.3831,9.27,0,,,,,12,16.0,ok
TIC 350562128,86.7445,-58.1198,9.27,0,,,,,28,15.2,ok
TIC 279570447,105.944,-58.8382,9.27,0,,,,,40,11.2,ok
TIC 374996363,99.3284,-63.8667,9.27,0,,,,,41,10.1,ok
TIC 369872197,295.1512,-47.47,9.27,0,,,,,1,4.4,ok
TIC 300244634,109.8149,-67.3831,9.27,0,,,,,21,8.9,ok
TIC 300138689,108.5748,-69.867,9.27,0,,,,,40,9.5,ok
TIC 220457739,74.5663,-58.7087,9.27,0,,,,,33,10.5,ok
TIC 140529555,67.5075,-73.4116,9.27,0,,,,,32,15.4,ok
TIC 238190767,55.6185,-76.1797,9.27,0,,,,,12,11.9,ok
TIC 348899659,105.9774,-60.2239,9.27,0,,,,,29,10.5,ok
TIC 349576089,111.8116,-63.7291,9.27,0,,,,,30,9.1,ok
TIC 41484615,93.554,-69.0287,9.27,0,,,,,31,10.4,ok
TIC 149573096,86.6982,-60.3283,9.27,0,,,,,30,9.4,ok
TIC 55849446,75.7339,-60.6785,9.27,0,,,,,34,9.4,ok
TIC 421946376,288.4849,-54.7396,9.27,0,,,,,5,17.8,ok
TIC 150105350,92.2907,-63.0189,9.27,0,,,,,39,18.9,ok
TIC 350030187,114.7658,-61.4174,9.27,0,,,,,32,11.7,ok
TIC 101544662,301.8501,-51.7919,9.27,0,,,,,4,7.2,ok
TIC 257737073,32.3742,-85.3034,9.27,0,,,,,5,5.0,ok
TIC 150443296,97.835,-63.7118,9.28,0,,,,,30,11.0,ok
TIC 220389296,67.9828,-59.875,9.28,0,,,,,41,9.7,ok
TIC 423161283,287.7681,-48.2798,9.28,0,,,,,2,4.2,ok
TIC 278683844,99.2387,-58.0167,9.28,2,5.5412;10.6926,55.6,rejete,variabilite_continue,44,16.3,ok
TIC 31637479,45.9158,-69.7475,9.28,0,,,,,14,9.8,ok
TIC 294750180,71.0432,-70.3239,9.28,0,,,,,28,9.9,ok
TIC 294208879,108.1829,-56.897,9.28,0,,,,,27,9.0,ok
TIC 388130597,65.4679,-68.4524,9.28,0,,,,,33,11.4,ok
TIC 350479101,85.7945,-59.1447,9.28,0,,36.0,rejete,variabilite_continue,28,15.2,ok
TIC 441320453,308.812,-33.235,9.28,0,,,,,4,5.6,ok
TIC 278992674,102.0966,-55.2032,9.28,0,,,,,23,8.9,ok
TIC 328028436,3.319,-69.66,9.28,0,,,,,6,6.7,ok
TIC 425068767,83.1196,-69.2187,9.29,0,,,,,30,12.5,ok
TIC 257720376,78.2865,-59.9832,9.29,0,,,,,34,12.8,ok
TIC 177173686,104.7938,-71.6889,9.29,0,,,,,30,10.9,ok
TIC 300159082,109.001,-70.0347,9.29,0,,,,,31,12.2,ok
TIC 314824949,52.3355,-77.458,9.29,0,,,,,19,12.6,ok
TIC 373843125,81.6108,-67.8244,9.29,0,,,,,30,11.8,ok
TIC 350442619,85.3388,-55.5358,9.29,0,,,,,32,10.3,ok
TIC 79019136,315.3316,-51.3701,9.29,0,,,,,1,3.6,ok
TIC 320429020,296.1159,-57.6828,9.29,0,,,,,3,4.2,ok
TIC 383381640,190.5449,-88.5581,9.29,0,,,,,4,7.0,ok
TIC 348841745,98.8952,-58.2116,9.29,0,,,,,33,10.9,ok
TIC 277103955,84.2542,-66.7905,9.29,1,1.3093,29.4,rejete,variabilite_continue,26,16.0,ok
TIC 419737546,324.3623,-68.1794,9.29,0,,,,,4,5.7,ok
TIC 142087340,98.4251,-74.7009,9.29,0,,,,,41,8.9,ok
TIC 25118797,61.9398,-69.0526,9.29,0,,,,,8,8.3,ok
TIC 466264634,304.6007,-63.5111,9.29,0,,,,,3,7.6,ok
TIC 25132222,62.0004,-68.3614,9.3,0,,,,,34,12.0,ok
TIC 410155672,352.9721,-67.9232,9.3,0,,,,,9,8.8,ok
TIC 349966274,114.3662,-64.2553,9.3,0,,,,,21,8.4,ok
TIC 271793579,111.3177,-77.4479,9.3,0,,,,,26,8.9,ok
TIC 391948885,79.6345,-78.2198,9.3,0,,,,,32,13.1,ok
TIC 279157165,103.0406,-56.1046,9.3,0,,,,,30,10.7,ok
TIC 382257632,82.4501,-56.2224,9.3,0,,,,,34,11.5,ok
TIC 38469934,62.0061,-63.3337,9.3,0,,,,,21,12.0,ok
TIC 299940268,106.3911,-68.3929,9.3,0,,,,,30,9.5,ok
TIC 358402977,78.103,-57.3247,9.3,0,,,,,20,11.7,ok
TIC 231739221,67.178,-74.3255,9.3,0,,,,,20,10.6,ok
TIC 350146388,115.662,-63.6037,9.3,0,,,,,45,11.4,ok
TIC 100794114,311.6099,-49.8038,9.3,0,,,,,4,7.6,ok
TIC 167206326,97.198,-69.9918,9.3,0,,,,,27,11.8,ok
TIC 149473467,85.2703,-61.8579,9.3,0,,,,,40,8.8,ok
TIC 238226832,58.862,-72.3416,9.3,0,,,,,28,9.3,ok
TIC 32051273,56.9251,-71.5873,9.3,0,,,,,25,12.0,ok
TIC 101735258,303.096,-50.2402,9.3,0,,,,,1,3.2,ok
TIC 278269265,111.931,-78.686,9.3,0,,,,,6,7.2,ok
TIC 349677222,112.4001,-63.9466,9.3,0,,,,,21,8.8,ok
TIC 348839788,98.8425,-57.6261,9.3,0,,84.3,rejete,variabilite_continue;eclipse_secondaire,44,15.3,ok
TIC 100738957,311.2678,-48.4988,9.31,0,,,,,2,4.2,ok
TIC 149219376,82.1935,-62.089,9.31,0,,,,,29,8.8,ok
TIC 375038081,99.6522,-63.5498,9.31,0,,,,,31,13.0,ok
TIC 279217116,103.4228,-57.6962,9.31,0,,,,,20,8.4,ok
TIC 38824311,67.9066,-64.3371,9.31,0,,,,,34,11.6,ok
TIC 177253202,101.718,-72.5775,9.31,0,,,,,21,10.7,ok
TIC 281575623,114.1982,-59.5935,9.31,0,,,,,23,9.1,ok
TIC 382437043,117.2147,-63.72,9.31,0,,,,,40,12.2,ok
TIC 150187908,93.7671,-62.2961,9.31,0,,,,,29,11.8,ok
TIC 290480926,306.2891,-41.846,9.31,0,,,,,4,4.3,ok
TIC 220478211,75.829,-58.5175,9.31,0,,,,,32,10.2,ok
TIC 238201672,58.1313,-72.3184,9.31,0,,,,,26,9.5,ok
TIC 219922122,282.9853,-46.136,9.31,0,,,,,2,5.6,ok
TIC 257719018,77.8719,-55.7783,9.31,0,,,,,28,13.6,ok
TIC 322268945,296.6958,-83.9202,9.32,0,,,,,5,9.2,ok
TIC 254186294,287.3864,-41.2545,9.32,0,,,,,2,4.4,ok
TIC 300324030,110.4916,-67.0342,9.32,0,,,,,26,11.2,ok
TIC 38461594,61.0896,-65.2538,9.32,0,,,,,33,10.5,ok
TIC 300554604,299.1995,-38.1214,9.32,0,,,,,5,8.8,ok
TIC 177389261,104.8306,-76.7085,9.32,0,,,,,24,9.7,ok
TIC 300708584,114.8816,-70.4455,9.32,0,,,,,30,11.8,ok
TIC 167892638,105.3708,-60.6906,9.32,0,,,,,21,9.3,ok
TIC 260003140,91.0321,-58.2008,9.33,0,,,,,33,11.0,ok
TIC 55369263,77.5263,-61.7345,9.33,0,,,,,40,9.4,ok
TIC 349269962,109.0206,-61.0525,9.33,0,,,,,20,12.4,ok
TIC 349906032,114.1017,-60.1233,9.33,0,,,,,23,9.4,ok
TIC 238196326,57.145,-74.7802,9.33,0,,,,,30,8.5,ok
TIC 393491125,67.5168,-59.5458,9.33,0,,,,,7,6.8,ok
TIC 300866979,117.2645,-67.3395,9.33,0,,,,,21,8.1,ok
TIC 149478846,85.5245,-63.2954,9.33,0,,,,,36,10.3,ok
TIC 141480176,86.7837,-74.7702,9.33,0,,,,,31,8.9,ok
TIC 300657009,114.6186,-70.028,9.33,0,,,,,33,9.8,ok
TIC 38634757,65.0082,-64.7994,9.33,0,,,,,35,8.0,ok
TIC 167813804,105.2163,-60.0276,9.33,0,,,,,33,8.6,ok
TIC 55662550,74.3005,-63.1296,9.33,0,,,,,42,7.9,ok
TIC 278862750,100.5879,-58.1833,9.33,0,,,,,32,9.3,ok
TIC 278824412,100.3942,-58.7791,9.33,0,,,,,33,7.9,ok
TIC 141867607,93.8086,-73.8369,9.33,0,,,,,31,8.4,ok
TIC 410442934,319.6982,-64.6376,9.33,0,,,,,7,6.7,ok
TIC 260607682,97.4722,-54.4037,9.34,0,,,,,25,8.5,ok
TIC 309755442,79.9791,-60.2944,9.34,0,,,,,21,9.0,ok
TIC 300739542,115.2698,-69.5252,9.34,0,,,,,33,7.6,ok
TIC 300655749,114.4983,-71.8867,9.34,0,,,,,33,8.3,ok
TIC 219365715,75.4687,-53.0824,9.34,0,,,,,7,6.1,ok
TIC 38940036,69.8694,-60.6122,9.34,0,,,,,37,8.8,ok
TIC 55500860,71.7819,-62.7287,9.34,0,,,,,33,8.7,ok
TIC 370221617,73.5077,-73.5342,9.34,0,,,,,32,8.6,ok
TIC 141823882,93.0043,-74.5141,9.34,0,,,,,33,8.4,ok
TIC 30469454,74.7431,-66.2043,9.34,0,,,,,19,7.6,ok
TIC 149274367,83.0788,-62.689,9.34,0,,,,,29,7.5,ok
TIC 260822570,348.5866,-67.7533,9.34,0,,,,,2,3.2,ok
TIC 350742718,88.7835,-59.5708,9.34,0,,,,,27,9.2,ok
TIC 350654140,87.8954,-58.7268,9.34,0,,,,,32,9.0,ok
TIC 278897868,101.1113,-59.4866,9.34,0,,,,,28,9.4,ok
TIC 141435705,84.8849,-76.0329,9.34,0,,,,,32,11.8,ok
TIC 31927068,53.636,-69.2669,9.35,0,,,,,21,9.0,ok
TIC 349412453,110.768,-60.9798,9.35,0,,,,,21,12.2,ok
TIC 341498715,318.5222,-63.7008,9.35,0,,,,,8,8.6,ok
TIC 141185270,81.4145,-74.607,9.35,0,,,,,20,10.8,ok
TIC 149102602,80.4275,-65.6416,9.35,0,,,,,17,9.5,ok
TIC 150431659,97.4219,-60.7793,9.35,0,,,,,43,12.8,ok
TIC 272127517,115.9212,-72.4744,9.35,0,,,,,29,10.1,ok
TIC 79225438,317.7683,-52.978,9.35,0,,,,,1,3.3,ok
TIC 350027679,114.9217,-64.1205,9.35,0,,,,,21,11.9,ok
TIC 91311156,311.4343,-42.1542,9.35,0,,,,,2,7.6,ok
TIC 32051872,57.2477,-70.4238,9.35,0,,,,,36,15.4,ok
TIC 231124605,69.4881,-71.0807,9.35,0,,,,,20,10.1,ok
TIC 391892593,115.455,-68.0283,9.35,0,,,,,33,12.3,ok
TIC 38584357,63.9149,-64.0498,9.35,0,,,,,7,8.6,ok
TIC 451566414,271.0333,-86.2714,9.35,0,,,,,8,8.5,ok
TIC 260754604,347.0044,-69.7304,9.35,0,,,,,2,5.3,ok
TIC 149497543,85.4722,-60.7286,9.35,0,,,,,32,10.1,ok
TIC 299833889,60.0273,-74.4472,9.35,0,,,,,32,11.6,ok
TIC 278959348,101.644,-57.2046,9.35,0,,,,,32,15.4,ok
TIC 318087158,306.5396,-83.6483,9.35,0,,,,,2,6.7,ok
TIC 237920719,56.9608,-65.8215,9.36,0,,,,,4,8.8,ok
TIC 177255132,101.8979,-75.7013,9.36,0,,,,,31,16.2,ok
TIC 300449121,111.7778,-69.2989,9.36,0,,,,,34,10.8,ok
TIC 370134617,306.9197,-58.6319,9.36,0,,,,,5,6.9,ok
TIC 179306195,79.6056,-69.3595,9.36,0,,,,,30,9.7,ok
TIC 167250269,97.9409,-71.8464,9.36,0,,,,,32,11.4,ok
TIC 294784522,71.3159,-70.9992,9.36,0,,,,,40,11.0,ok
TIC 309791498,80.1427,-62.0407,9.36,0,,,,,4,11.3,ok
TIC 150162697,93.2352,-65.8154,9.36,0,,,,,13,13.9,ok
TIC 140598047,68.6593,-75.675,9.36,0,,31.6,rejete,variabilite_continue;eclipse_secondaire,21,14.8,ok
TIC 140968357,77.9833,-76.5921,9.36,0,,,,,20,11.1,ok
TIC 306575290,119.4322,-70.2627,9.36,0,,,,,21,9.8,ok
TIC 344042409,278.1992,-77.0934,9.36,0,,,,,1,3.5,ok
TIC 149603071,87.0738,-63.4053,9.36,0,,,,,23,9.8,ok
TIC 25153041,63.1389,-70.6392,9.36,0,,,,,33,11.8,ok
TIC 391903048,106.5394,-75.8506,9.37,0,,,,,34,9.5,ok
TIC 277940827,355.8168,-72.1041,9.37,0,,,,,7,7.7,ok
TIC 62350237,291.8554,-47.8105,9.37,0,,15.7,rejete,variabilite_continue;eclipse_secondaire,2,6.2,ok
TIC 382202268,81.7296,-58.5319,9.37,0,,,,,21,9.7,ok
TIC 149539552,86.2839,-60.9181,9.37,0,,,,,31,10.5,ok
TIC 272286042,118.1237,-74.2153,9.37,0,,63.8,rejete,variabilite_continue;eclipse_secondaire,19,15.9,ok
TIC 220461599,74.9167,-58.2377,9.37,0,,,,,33,10.8,ok
TIC 260708537,98.4527,-58.5228,9.37,0,,,,,44,12.5,ok
TIC 149449530,85.0797,-62.6477,9.37,0,,,,,32,11.1,ok
TIC 41174274,91.3656,-70.4627,9.37,0,,,,,29,11.8,ok
TIC 364323837,88.0009,-62.5177,9.37,0,,,,,27,11.2,ok
TIC 55270123,76.2943,-63.0268,9.37,0,,,,,31,10.7,ok
TIC 218911856,297.8389,-35.2397,9.37,0,,,,,3,8.9,ok
TIC 38423834,60.5352,-63.7798,9.37,0,,,,,7,7.7,ok
TIC 278411394,116.8426,-78.104,9.37,0,,,,,23,9.7,ok
TIC 55291546,76.8382,-64.828,9.37,0,,,,,30,11.8,ok
TIC 150513591,97.8799,-65.3939,9.38,0,,,,,29,9.1,ok
TIC 391903734,106.5964,-74.3909,9.38,0,,,,,39,9.9,ok
TIC 219968695,305.987,-56.4637,9.38,0,,,,,6,6.4,ok
TIC 300283923,298.187,-39.0943,9.38,0,,,,,1,2.1,ok
TIC 142017826,97.1882,-76.0954,9.38,0,,,,,22,10.3,ok
TIC 389625539,86.7616,-71.524,9.38,0,,,,,30,11.0,ok
TIC 340176098,113.8534,-59.5369,9.38,0,,,,,26,10.5,ok
TIC 299942685,106.5045,-67.1183,9.38,0,,,,,39,10.6,ok
TIC 309616407,78.7095,-60.3358,9.38,0,,,,,32,10.6,ok
TIC 167656135,102.5077,-60.3368,9.38,0,,,,,32,10.6,ok
TIC 318180226,309.3211,-82.4908,9.38,0,,,,,9,10.1,ok
TIC 405412337,337.4709,-71.3207,9.38,0,,,,,6,7.1,ok
TIC 31553893,288.9118,-31.7909,9.38,0,,,,,5,8.3,ok
TIC 150324787,95.7755,-64.5497,9.38,0,,,,,16,9.3,ok
TIC 318517928,331.9438,-68.9979,9.38,0,,,,,3,6.9,ok
TIC 262957684,11.3483,-81.9463,9.39,0,,,,,2,3.2,ok
TIC 316786230,323.4314,-59.1735,9.39,0,,,,,4,5.5,ok
TIC 279614943,106.3626,-58.0571,9.39,0,,,,,21,10.6,ok
TIC 339672028,110.5128,-57.3851,9.39,0,,143.7,rejete,variabilite_continue,26,18.6,ok
TIC 52203920,19.377,-69.4209,9.39,0,,,,,3,7.0,ok
TIC 253875853,283.7568,-41.9682,9.39,0,,,,,1,4.8,ok
TIC 142014655,96.8069,-73.2282,9.39,0,,,,,29,9.8,ok
TIC 113465923,293.1401,-36.6193,9.39,0,,,,,2,5.8,ok
TIC 277714075,329.4559,-63.5714,9.39,0,,,,,2,5.9,ok
TIC 62020444,290.2066,-45.5788,9.39,0,,,,,6,7.3,ok
TIC 177034213,102.5594,-70.945,9.39,0,,,,,31,11.1,ok
TIC 238171016,357.109,-69.1199,9.39,0,,,,,10,11.8,ok
TIC 277836064,344.8147,-68.9942,9.4,0,,,,,5,7.7,ok
TIC 261107147,83.2451,-78.2759,9.4,0,,,,,33,11.5,ok
TIC 272356014,119.2455,-72.0532,9.4,0,,,,,29,11.5,ok
TIC 149972102,90.1018,-62.6031,9.4,0,,,,,38,13.9,ok
TIC 397538321,281.3503,-32.8937,9.4,0,,,,,3,6.6,ok
TIC 149120706,80.9019,-62.5353,9.4,0,,,,,24,9.7,ok
TIC 294052132,107.2337,-56.6357,9.4,0,,80.1,rejete,variabilite_continue;eclipse_secondaire,18,16.1,ok
TIC 38635856,65.2892,-63.9001,9.4,0,,,,,38,10.2,ok
TIC 150163695,93.1384,-64.2689,9.4,0,,,,,28,9.6,ok
TIC 278777282,99.7358,-59.2114,9.4,0,,,,,22,12.9,ok
TIC 349480507,110.9364,-65.0106,9.4,0,,,,,26,11.1,ok
TIC 375089653,100.1784,-62.057,9.41,0,,,,,30,11.2,ok
TIC 387243187,310.5862,-65.4296,9.41,0,,,,,7,7.4,ok
TIC 55296056,76.7403,-60.2209,9.41,0,,,,,40,10.4,ok
TIC 167814411,105.0072,-60.988,9.41,0,,,,,33,13.7,ok
TIC 141979696,96.1542,-73.1247,9.41,0,,,,,39,9.9,ok
TIC 176936125,100.5833,-68.6967,9.41,0,,,,,32,16.1,ok
TIC 382258517,82.5781,-53.9755,9.41,0,,,,,25,12.0,ok
TIC 167721378,103.4835,-63.3707,9.41,0,,,,,30,12.3,ok
TIC 177308364,103.4222,-73.0758,9.41,0,,,,,44,10.9,ok
TIC 278659714,328.8384,-71.447,9.41,0,,,,,3,8.5,ok
TIC 40897656,78.7057,-69.6637,9.41,0,,,,,31,9.1,ok
TIC 271797685,111.6887,-72.8935,9.41,0,,,,,20,11.8,ok
TIC 260710175,98.5921,-55.4279,9.41,0,,,,,20,11.9,ok
TIC 360914993,310.5536,-57.6698,9.42,0,,,,,8,9.9,ok
TIC 294399290,109.2948,-59.4101,9.42,0,,,,,22,11.5,ok
TIC 294627157,70.4739,-70.0123,9.42,0,,,,,41,9.9,ok
TIC 260854773,349.7927,-69.6312,9.42,0,,,,,9,8.7,ok
TIC 55652231,74.0659,-61.6175,9.42,0,,,,,27,13.8,ok
TIC 381975772,77.1654,-55.1971,9.42,0,,,,,22,11.6,ok
TIC 201642557,288.6356,-59.6329,9.42,0,,,,,1,4.5,ok
TIC 349091511,107.7509,-60.7366,9.42,0,,,,,29,11.0,ok
TIC 389663831,86.7632,-71.0092,9.42,0,,,,,30,13.2,ok
TIC 350954417,90.8889,-55.2262,9.42,0,,,,,29,11.1,ok
TIC 300710088,115.0942,-71.2914,9.42,0,,,,,29,10.0,ok
TIC 410314066,299.7636,-56.633,9.42,0,,,,,5,6.5,ok
TIC 100517945,309.0655,-50.7625,9.43,0,,,,,3,5.6,ok
TIC 279219639,103.7038,-57.8559,9.43,0,,,,,19,9.4,ok
TIC 394086304,338.9492,-63.8603,9.43,0,,,,,3,3.8,ok
TIC 158209498,287.1415,-48.8001,9.43,0,,,,,3,4.7,ok
TIC 349648867,112.4788,-65.6313,9.43,0,,,,,4,5.0,ok
TIC 220389297,67.9856,-59.8741,9.43,0,,,,,41,11.2,ok
TIC 150443185,97.8678,-63.535,9.43,0,,,,,17,10.6,ok
TIC 294399068,109.2449,-59.1228,9.43,0,,,,,21,10.4,ok
TIC 290970527,309.0347,-36.1196,9.43,0,,,,,4,4.4,ok
TIC 293224419,98.4163,-60.7128,9.43,0,,,,,31,9.6,ok
TIC 33910322,66.2659,-77.8859,9.43,0,,,,,27,10.2,ok
TIC 38909740,69.5929,-62.1789,9.43,0,,,,,17,11.3,ok
TIC 220433364,73.3791,-55.8583,9.43,0,,,,,28,9.8,ok
TIC 219405418,78.5991,-51.0843,9.43,0,,,,,9,9.6,ok
TIC 219938161,289.6445,-54.0392,9.43,0,,,,,2,3.6,ok
TIC 182451100,281.8019,-46.8611,9.43,0,,,,,4,5.9,ok
TIC 260968691,74.7875,-79.216,9.44,0,,,,,20,10.9,ok
TIC 278183342,109.8902,-78.0753,9.44,0,,,,,23,11.0,ok
TIC 299899924,106.0103,-69.6869,9.44,0,,88.0,rejete,variabilite_continue;eclipse_secondaire,29,13.9,ok
TIC 278956004,101.4736,-56.4,9.44,0,,,,,21,10.4,ok
TIC 25156036,63.4412,-71.7059,9.44,0,,,,,32,8.5,ok
TIC 349061718,107.5319,-60.8811,9.44,0,,,,,34,9.1,ok
TIC 253702855,281.9453,-40.8927,9.44,0,,,,,1,3.9,ok
TIC 29781872,65.1933,-66.2131,9.44,0,,,,,20,11.0,ok
TIC 374997695,99.2176,-62.5401,9.44,0,,,,,35,10.9,ok
TIC 389051246,333.273,-62.9046,9.44,0,,,,,4,6.1,ok
TIC 278731442,99.5594,-55.7866,9.44,0,,,,,34,9.1,ok
TIC 370039100,65.5405,-70.6606,9.45,0,,,,,21,11.5,ok
TIC 38762664,67.1709,-61.2001,9.45,0,,,,,32,12.3,ok
TIC 348992696,106.8518,-63.3184,9.45,0,,,,,36,11.2,ok
TIC 41596872,94.4026,-70.7992,9.45,0,,,,,31,11.9,ok
TIC 364324070,88.0045,-62.0331,9.45,0,,,,,28,12.9,ok
TIC 364393297,116.5989,-64.2281,9.45,0,,,,,13,15.0,ok
TIC 277373390,283.762,-33.991,9.45,0,,,,,4,4.9,ok
TIC 38587506,64.1411,-65.1479,9.45,0,,,,,21,11.0,ok
TIC 272235688,117.4126,-71.9629,9.45,0,,,,,34,16.8,ok
TIC 278898255,101.2911,-59.6889,9.45,0,,26.1,rejete,variabilite_continue;eclipse_secondaire,27,17.9,ok
TIC 25133068,62.087,-71.6983,9.45,0,,,,,20,11.6,ok
TIC 31313288,88.4584,-68.5636,9.45,0,,,,,5,7.9,ok
TIC 294785164,71.4724,-71.6127,9.45,0,,,,,29,12.9,ok
TIC 38679011,65.2847,-61.6474,9.46,0,,,,,8,12.6,ok
TIC 382258935,82.601,-55.133,9.46,0,,,,,33,12.0,ok
TIC 294328148,108.8548,-59.546,9.46,0,,,,,21,12.3,ok
TIC 30191789,73.6103,-70.0339,9.46,0,,,,,39,9.0,ok
TIC 141686455,90.3454,-74.452,9.46,0,,,,,20,10.7,ok
TIC 421985138,288.9812,-58.5703,9.46,0,,,,,6,6.8,ok
TIC 500911771,47.3085,-70.7071,9.46,0,,,,,4,6.1,ok
TIC 404345806,320.2565,-75.5541,9.46,0,,,,,2,5.2,ok
TIC 276965924,277.3815,-78.1861,9.46,0,,,,,2,4.1,ok
TIC 279322448,104.2288,-56.8978,9.46,0,,,,,32,10.8,ok
TIC 260370506,95.1817,-54.4439,9.46,0,,,,,26,11.2,ok
TIC 164600572,306.4397,-27.7734,9.46,0,,,,,2,4.5,ok
TIC 260191777,93.4045,-54.9026,9.47,0,,,,,30,9.5,ok
TIC 446547327,286.515,-58.1571,9.47,0,,,,,5,6.7,ok
TIC 300037819,107.8339,-67.1275,9.47,0,,,,,35,10.8,ok
TIC 38468952,61.7084,-65.407,9.47,0,,,,,35,11.3,ok
TIC 349767833,112.8478,-60.0274,9.47,0,,,,,31,14.6,ok
TIC 32443848,290.6615,-31.3535,9.47,0,,,,,4,7.2,ok
TIC 520100825,80.7835,-66.4238,9.47,0,,,,,15,13.3,ok
TIC 280095254,46.199,-73.3962,9.47,1,5.0452,58.0,rejete,variabilite_continue,17,16.3,ok
TIC 280830734,44.5559,-70.7607,9.47,0,,,,,13,17.0,ok
TIC 350764483,89.0814,-57.0638,9.47,0,,,,,20,11.0,ok
TIC 381975024,76.9857,-57.772,9.47,0,,,,,39,11.1,ok
TIC 38516117,62.6458,-64.7973,9.47,0,,,,,21,10.9,ok
TIC 350341850,84.2466,-54.3414,9.47,0,,,,,25,12.7,ok
TIC 300515837,112.6296,-68.5843,9.47,0,,,,,41,10.0,ok
TIC 55452503,70.635,-64.9047,9.47,0,,,,,35,10.3,ok
TIC 167086013,95.7217,-67.2137,9.47,0,,,,,34,10.4,ok
TIC 141028164,79.1197,-75.0626,9.47,0,,,,,33,10.9,ok
TIC 277802288,344.3547,-70.3021,9.48,0,,,,,8,10.3,ok
TIC 177039581,103.1023,-69.0663,9.48,0,,,,,33,12.3,ok
TIC 374910243,88.9469,-63.0865,9.48,0,,,,,28,24.1,ok
TIC 150393198,96.7552,-60.3794,9.48,0,,,,,33,26.8,ok
TIC 140577207,67.8835,-73.2396,9.48,0,,,,,30,21.7,ok
TIC 294922279,71.9182,-69.1358,9.48,0,,,,,28,23.0,ok
TIC 30192292,73.8706,-70.2451,9.48,0,,,,,31,19.6,ok
TIC 141282136,83.2337,-74.1557,9.48,0,,,,,32,20.4,ok
TIC 179583882,80.5457,-69.7648,9.48,0,,,,,31,21.7,ok
TIC 6595696,284.3645,-51.8426,9.48,0,,,,,3,10.2,ok
TIC 38939275,69.6511,-61.3435,9.48,0,,,,,42,22.3,ok
TIC 340358373,115.4569,-58.905,9.48,0,,,,,21,26.2,ok
TIC 279160979,103.1942,-57.5836,9.48,0,,,,,33,24.6,ok
TIC 278992816,102.1245,-54.9978,9.48,0,,,,,20,25.0,ok
TIC 52058205,16.48,-69.5881,9.48,0,,,,,3,14.3,ok
TIC 299799658,38.1224,-78.0236,9.48,0,,15.7,rejete,variabilite_continue,10,32.2,ok
TIC 231074610,67.4184,-66.7347,9.48,0,,,,,30,25.2,ok
TIC 382043390,79.2141,-54.8306,9.48,0,,,,,21,27.9,ok
TIC 348993084,106.8501,-63.9607,9.48,0,,,,,32,26.0,ok
TIC 350584963,87.1161,-56.0041,9.48,0,,,,,41,20.9,ok
TIC 398465310,299.5172,-73.1613,9.49,0,,,,,8,16.7,ok
TIC 349477633,110.6131,-62.8305,9.49,0,,,,,32,22.7,ok
TIC 350341830,84.2385,-54.3833,9.49,0,,,,,25,21.5,ok
TIC 349153550,108.2454,-60.6468,9.49,0,,,,,21,24.6,ok
TIC 300932883,117.6072,-69.3851,9.49,0,,,,,21,24.2,ok
TIC 40895175,78.9217,-70.0444,9.49,0,,,,,29,27.0,ok
TIC 30189775,73.6536,-69.3395,9.49,0,,,,,20,28.2,ok
TIC 441207433,294.5,-41.8373,9.49,0,,,,,2,14.6,ok
TIC 300293197,110.2798,-68.5783,9.49,1,6.5651,30.3,rejete,variabilite_continue,42,28.8,ok
TIC 278820988,100.2229,-54.9369,9.49,0,,,,,24,24.9,ok
TIC 166500267,305.2138,-51.585,9.49,0,,,,,3,20.8,ok
TIC 140635285,72.0503,-76.2714,9.49,0,,,,,21,26.8,ok
TIC 149347296,83.4292,-60.5369,9.49,0,,,,,33,18.8,ok
TIC 382437845,117.2314,-62.7317,9.49,0,,,,,21,24.2,ok
TIC 140598464,68.7943,-77.0654,9.49,0,,,,,39,25.3,ok
TIC 349304574,109.374,-64.1715,9.49,0,,,,,43,21.1,ok
TIC 140687446,73.0011,-75.7759,9.49,0,,,,,34,21.9,ok
TIC 231123287,69.6604,-69.7556,9.49,0,,,,,31,24.1,ok
TIC 220392644,68.3176,-58.4183,9.49,0,,,,,22,21.5,ok
TIC 370136633,46.6223,-75.5197,9.49,0,,,,,3,10.3,ok
TIC 410444135,320.1298,-63.9018,9.49,0,,,,,7,15.7,ok
TIC 167602822,101.8992,-61.0875,9.49,0,,,,,21,24.2,ok
TIC 265180801,298.9266,-78.0532,9.49,0,,,,,1,6.1,ok
TIC 349480480,110.8325,-65.0543,9.49,0,,,,,21,23.5,ok
TIC 388131593,65.3477,-71.2844,9.5,0,,,,,31,21.1,ok
TIC 339633702,110.116,-58.4905,9.5,0,,,,,40,22.5,ok
TIC 279052858,102.334,-58.2216,9.5,0,,,,,20,19.4,ok
TIC 349645354,112.0865,-61.7551,9.5,0,,56.4,rejete,variabilite_continue;eclipse_secondaire,31,25.3,ok
TIC 41226614,91.7125,-70.5372,9.5,0,,,,,32,20.3,ok
TIC 294275677,108.6416,-57.0491,9.5,0,,,,,24,20.7,ok
TIC 150101501,92.0443,-63.3077,9.5,0,,,,,29,20.0,ok
TIC 260503393,96.5261,-56.5211,9.5,0,,,,,42,24.0,ok
TIC 350582771,87.0138,-59.054,9.5,0,,,,,20,22.5,ok
TIC 290353182,230.5741,-86.5525,9.5,0,,,,,4,12.1,ok
TIC 453100417,116.1965,-68.436,9.5,0,,,,,21,19.8,ok
TIC 167808687,104.5906,-63.5444,9.5,0,,,,,38,20.5,ok
TIC 149902411,88.0598,-61.3847,9.5,0,,,,,29,22.9,ok
TIC 149543900,86.4193,-65.1356,9.5,0,,,,,25,24.2,ok
TIC 220473131,75.2373,-56.6748,9.5,0,,,,,25,25.3,ok
TIC 350345393,84.6024,-57.3189,9.51,0,,,,,29,19.5,ok
TIC 177284702,102.3764,-75.4495,9.51,0,,,,,25,24.1,ok
TIC 29762012,64.5096,-67.4501,9.51,0,,,,,31,22.8,ok
TIC 100660877,310.2763,-51.6966,9.51,0,,,,,5,17.5,ok
TIC 293507357,351.5193,-73.8885,9.51,0,,,,,2,14.3,ok
TIC 167895977,105.6235,-64.1334,9.51,0,,,,,31,27.2,ok
TIC 50312590,31.2007,-73.4235,9.51,0,,,,,6,17.7,ok
TIC 31412505,88.9672,-68.263,9.51,0,,,,,22,26.3,ok
TIC 100506111,308.7339,-50.7594,9.51,0,,,,,2,10.0,ok
TIC 231099181,69.2053,-66.4306,9.51,0,,,,,30,23.8,ok
TIC 238227102,58.8916,-73.0684,9.51,0,,,,,10,25.7,ok
TIC 294399474,109.3105,-59.6335,9.51,0,,,,,38,25.4,ok
TIC 269854281,70.0979,-80.522,9.51,0,,,,,15,29.2,ok
TIC 141806473,92.5093,-72.9031,9.51,0,,,,,20,23.4,ok
TIC 260709448,98.4913,-56.7446,9.51,0,,,,,32,23.1,ok
TIC 279572710,106.2331,-57.4942,9.52,0,,,,,5,21.3,ok
TIC 387218019,304.8113,-54.5456,9.52,0,,,,,3,9.8,ok
TIC 149602308,87.2503,-62.229,9.52,0,,,,,34,26.0,ok
TIC 401795673,336.1081,-84.5426,9.52,0,,,,,5,14.0,ok
TIC 349306470,109.3529,-61.4514,9.52,0,,,,,21,28.8,ok
TIC 358336282,77.3009,-57.0228,9.52,0,,,,,24,26.6,ok
TIC 231082997,68.3862,-68.0486,9.52,0,,,,,29,24.6,ok
TIC 30186481,73.6227,-68.2998,9.52,0,,,,,33,21.7,ok
TIC 350933263,90.7495,-59.4724,9.52,0,,,,,42,20.6,ok
TIC 348992408,106.7441,-62.8698,9.52,0,,,,,33,25.8,ok
TIC 421911620,288.1017,-55.87,9.52,0,,,,,3,16.1,ok
TIC 141283921,83.4472,-72.2471,9.52,0,,,,,32,24.8,ok
TIC 350861012,90.4487,-59.8643,9.52,0,,,,,41,25.0,ok
TIC 261090191,82.4274,-78.4261,9.52,0,,,,,33,25.5,ok
TIC 29760053,64.3281,-69.8947,9.52,0,,,,,21,23.0,ok
TIC 348958418,106.3503,-64.2433,9.52,0,,,,,21,20.0,ok
TIC 263013879,13.4769,-80.7698,9.52,0,,,,,6,15.7,ok
TIC 294099852,107.5998,-58.7514,9.52,0,,,,,30,25.0,ok
TIC 316336825,280.2353,-37.0756,9.52,0,,,,,1,10.5,ok
TIC 391893148,115.3666,-67.2426,9.52,0,,,,,43,27.2,ok
TIC 150271680,94.7549,-63.8648,9.52,0,,,,,31,20.0,ok
TIC 349574361,111.7157,-65.8852,9.53,0,,,,,21,22.0,ok
TIC 141429030,84.7366,-73.5952,9.53,0,,,,,37,23.7,ok
TIC 260159741,92.4853,-58.4261,9.53,0,,,,,31,21.8,ok
TIC 142146051,99.6737,-76.5142,9.53,0,,,,,30,19.9,ok
TIC 149120276,80.8376,-61.638,9.53,0,,,,,32,20.8,ok
TIC 366986396,302.1491,-59.4121,9.53,0,,,,,3,13.2,ok
TIC 278898462,101.2169,-59.3038,9.53,0,,,,,31,21.7,ok
TIC 304100538,27.7001,-75.8488,9.53,0,,,,,9,22.1,ok
TIC 270246933,333.1087,-72.9624,9.53,0,,,,,1,11.6,ok
TIC 261059311,80.4731,-78.157,9.53,0,,,,,27,23.6,ok
TIC 40339576,77.4529,-67.8685,9.53,0,,,,,40,23.9,ok
TIC 339668192,110.3156,-57.0347,9.53,0,,,,,21,21.7,ok
TIC 350477830,85.7405,-56.2565,9.53,0,,,,,20,20.8,ok
TIC 425867151,320.623,-59.4478,9.53,0,,,,,3,7.9,ok
TIC 294873457,71.8716,-66.1207,9.53,0,,,,,21,25.5,ok
TIC 319259194,71.651,-78.5616,9.53,0,,,,,31,22.7,ok
TIC 141712167,90.8819,-72.7642,9.53,0,,,,,32,22.3,ok
TIC 150442152,97.9252,-61.6868,9.53,0,,,,,31,21.6,ok
TIC 141269217,82.4449,-74.6618,9.53,0,,,,,30,25.9,ok
TIC 272129171,116.3999,-73.4198,9.53,0,,,,,33,20.8,ok
TIC 38632809,64.7355,-60.9539,9.53,0,,,,,6,19.2,ok
TIC 278141632,108.515,-78.3214,9.53,0,,,,,8,19.5,ok
TIC 260044482,91.5912,-57.1632,9.54,0,,,,,22,25.6,ok
TIC 141152927,80.7054,-75.0047,9.54,0,,,,,20,27.5,ok
TIC 167366681,99.5056,-66.6595,9.54,0,,,,,31,25.0,ok
TIC 305068980,289.6602,-50.6118,9.54,0,,,,,3,15.4,ok
TIC 381977835,77.4583,-54.8331,9.54,0,,,,,21,24.7,ok
TIC 238230740,59.1973,-72.1312,9.54,0,,,,,8,21.3,ok
TIC 220394878,68.5349,-58.0386,9.54,0,,,,,20,19.9,ok
TIC 167698719,103.1205,-61.7489,9.54,0,,,,,41,24.5,ok
TIC 278685466,99.0763,-54.9036,9.54,0,,,,,14,23.0,ok
TIC 167574513,101.3934,-60.8929,9.54,0,,,,,38,20.5,ok
TIC 167696766,102.9473,-61.3325,9.54,0,,,,,28,23.8,ok
TIC 410417312,319.0132,-62.718,9.54,0,,,,,6,16.4,ok
TIC 114318345,295.9656,-32.4041,9.54,0,,,,,4,14.6,ok
TIC 350443250,85.4159,-57.0769,9.54,0,,,,,31,27.5,ok
TIC 278683641,99.2454,-58.4598,9.54,0,,83.5,rejete,eclipse_secondaire,44,28.1,ok
TIC 50476058,36.8637,-73.9309,9.54,0,,,,,1,11.3,ok
TIC 141471357,86.5796,-73.4009,9.54,0,,,,,31,20.8,ok
TIC 150394536,96.7781,-62.9704,9.54,0,,,,,31,26.1,ok
TIC 406238813,293.1379,-51.9833,9.54,0,,,,,5,16.7,ok
TIC 348897766,106.0338,-63.4304,9.55,0,,,,,37,32.5,ok
TIC 32153316,59.4296,-71.9024,9.55,0,,,,,20,25.2,ok
TIC 220478522,75.8043,-57.5745,9.55,0,,,,,32,28.6,ok
TIC 38603673,64.4151,-61.3919,9.55,1,2.2142,12.1,rejete,variabilite_continue,25,29.1,ok
TIC 260658714,98.285,-57.344,9.55,0,,,,,21,26.9,ok
TIC 384825184,262.246,-82.9708,9.55,0,,,,,6,22.0,ok
TIC 349191740,108.8235,-59.9985,9.55,0,,,,,21,26.0,ok
TIC 309618061,78.8382,-63.1689,9.55,0,,,,,34,27.1,ok
TIC 150167420,93.3967,-62.8159,9.55,0,,,,,27,29.5,ok
TIC 150189153,94.066,-60.0753,9.55,0,,,,,32,27.3,ok
TIC 391892132,115.4906,-68.661,9.55,0,,,,,29,26.6,ok
TIC 167655573,102.5213,-61.3489,9.55,0,,,,,32,25.2,ok
TIC 96855460,294.835,-29.743,9.55,0,,,,,3,13.4,ok
TIC 150358991,96.1499,-60.7528,9.55,0,,,,,31,31.6,ok
TIC 220454507,74.116,-57.1721,9.55,0,,,,,41,27.0,ok
TIC 287273334,109.5687,-58.8973,9.55,0,,,,,18,34.6,ok
TIC 278409027,115.9196,-78.9847,9.55,0,,,,,5,17.1,ok
TIC 253748271,282.3385,-38.1847,9.55,0,,,,,1,10.0,ok
TIC 260542286,97.1657,-58.7013,9.55,0,,,,,25,31.6,ok
TIC 300378596,110.9447,-68.6767,9.56,0,,,,,32,30.4,ok
TIC 451596415,277.7388,-88.7219,9.56,0,,,,,4,18.3,ok
TIC 387115314,286.5642,-77.0456,9.56,0,,,,,9,31.2,ok
TIC 388129489,63.5893,-66.7902,9.56,0,,,,,20,23.0,ok
TIC 259863095,40.0566,-71.3221,9.56,0,,,,,11,23.7,ok
TIC 41029088,90.2319,-70.2755,9.56,0,,,,,30,24.7,ok
TIC 167421913,100.0286,-69.0311,9.56,0,,,,,32,25.1,ok
TIC 177039559,103.1124,-69.0237,9.56,0,,,,,32,23.0,ok
TIC 279361255,104.808,-57.6913,9.56,0,,,,,23,23.6,ok
TIC 684955922,69.5925,-62.1793,9.56,0,,,,,7,22.5,ok
TIC 141977935,96.3876,-76.4263,9.56,0,,,,,35,29.0,ok
TIC 469785983,292.6027,-37.615,9.56,0,,,,,3,15.2,ok
TIC 38709365,66.7183,-65.4916,9.56,0,,,,,21,21.3,ok
TIC 381950897,76.7394,-56.4339,9.56,0,,,,,18,21.8,ok
TIC 150393191,96.816,-60.3679,9.57,0,,,,,33,21.1,ok
TIC 381975502,77.1565,-56.0765,9.57,0,,,,,28,22.3,ok
TIC 31850969,52.2332,-67.3124,9.57,0,,,,,8,17.3,ok
TIC 325469134,354.5834,-79.7996,9.57,0,,,,,5,13.8,ok
TIC 141472777,86.4647,-75.285,9.57,0,,,,,20,21.1,ok
TIC 318611396,7.3496,-84.6441,9.57,0,,,,,3,9.3,ok
TIC 261237085,88.753,-78.339,9.57,0,,,,,27,21.6,ok
TIC 279219156,103.6611,-58.7209,9.57,0,,,,,31,22.2,ok
TIC 141771691,92.3952,-75.8594,9.57,0,,,,,39,23.0,ok
TIC 277683130,328.9259,-61.6733,9.57,0,,33.6,rejete,variabilite_continue;eclipse_secondaire,11,27.6,ok
TIC 350030939,114.7654,-60.619,9.57,0,,,,,21,22.2,ok
TIC 350862394,90.545,-57.0283,9.58,0,,,,,44,22.7,ok
TIC 394347352,42.5718,-82.9589,9.58,0,,,,,3,9.0,ok
TIC 141870831,94.2607,-73.4252,9.58,0,,,,,29,23.9,ok
TIC 293225895,98.6241,-61.6721,9.58,0,,,,,32,22.0,ok
TIC 167166946,96.6073,-68.7189,9.58,0,,,,,24,22.5,ok
TIC 300508896,111.9845,-71.3361,9.58,0,,,,,33,23.2,ok
TIC 391948920,79.2504,-78.297,9.58,0,,,,,38,22.2,ok
TIC 38633003,64.7594,-60.2918,9.58,0,,,,,4,14.2,ok
TIC 383427266,196.0171,-86.9322,9.58,0,,,,,2,11.9,ok
TIC 231801630,78.1988,-71.1187,9.58,0,,,,,30,29.4,ok
TIC 272085437,115.2847,-73.1282,9.58,0,,,,,33,26.3,ok
TIC 348898673,106.1613,-61.8439,9.59,0,,,,,24,29.1,ok
TIC 55452577,70.6856,-65.0722,9.59,0,,,,,27,24.6,ok
TIC 231639001,318.1059,-55.5628,9.59,0,,,,,9,22.9,ok
TIC 38877496,69.1719,-62.9147,9.59,0,,,,,39,22.9,ok
TIC 260127863,92.1423,-58.4862,9.59,0,,18.3,rejete,variabilite_continue;eclipse_secondaire,29,30.1,ok
TIC 254119255,286.3352,-40.8572,9.59,0,,,,,2,4.4,ok
TIC 38516712,62.9483,-65.0322,9.59,0,,,,,23,27.9,ok
TIC 278991580,102.0742,-57.049,9.59,0,,,,,32,22.2,ok
TIC 231078132,67.6432,-71.6904,9.59,0,,,,,32,21.7,ok
TIC 341058676,312.3815,-63.6306,9.59,0,,,,,1,7.7,ok
TIC 375093292,88.8267,-53.7563,9.59,0,,,,,21,22.3,ok
TIC 260242234,93.6692,-54.2424,9.59,0,,,,,34,25.0,ok
TIC 382044802,79.3506,-56.5527,9.59,0,,,,,20,28.0,ok
TIC 358459324,77.9968,-59.7725,9.59,0,,,,,30,25.7,ok
TIC 300157969,108.8927,-68.3063,9.6,0,,,,,20,16.5,ok
TIC 300323956,110.4934,-67.1166,9.6,0,,,,,40,23.2,ok
TIC 358174909,70.7873,-77.009,9.6,0,,,,,43,23.5,ok
TIC 141772259,92.1749,-74.8488,9.6,0,,,,,34,24.7,ok
TIC 300558459,112.6883,-70.8535,9.6,0,,,,,32,25.0,ok
TIC 294324819,108.8844,-55.5548,9.6,0,,,,,18,29.2,ok
TIC 281495662,112.2261,-58.2644,9.6,0,,,,,20,23.9,ok
TIC 300810012,116.6804,-68.9158,9.6,0,,,,,21,21.6,ok
TIC 300035977,107.52,-67.3506,9.6,0,,,,,30,24.1,ok
TIC 30037565,73.5423,-70.379,9.6,0,,,,,42,22.4,ok
TIC 55451820,70.6533,-62.9604,9.6,0,,,,,21,23.4,ok
TIC 350431472,84.906,-57.1815,9.6,0,,39.8,rejete,variabilite_continue,40,25.2,ok
TIC 364539359,71.2846,-72.8205,9.6,0,,,,,32,22.6,ok
TIC 271698660,109.8987,-76.8023,9.6,0,,,,,27,22.2,ok
TIC 30113151,73.7962,-67.1696,9.6,1,1.3702,29.7,rejete,variabilite_continue;eclipse_secondaire,28,26.5,ok
TIC 318007796,303.4856,-78.8786,9.61,0,,,,,7,21.0,ok
TIC 306573721,119.1997,-71.4417,9.61,0,,,,,31,24.7,ok
TIC 260356202,95.0586,-59.3759,9.61,0,,,,,33,24.9,ok
TIC 166969346,94.6497,-66.1729,9.61,0,,111.8,rejete,variabilite_continue;eclipse_secondaire,25,26.8,ok
TIC 287326127,109.7776,-55.8379,9.61,0,,,,,11,21.8,ok
TIC 30035035,72.9975,-71.5287,9.61,0,,,,,21,23.4,ok
TIC 273789976,30.0415,-80.4169,9.61,0,,,,,9,26.4,ok
TIC 38906005,69.4425,-60.5233,9.61,0,,,,,28,22.5,ok
TIC 238913750,93.8109,-53.7484,9.61,0,,,,,23,23.0,ok
TIC 113418343,293.0331,-41.0249,9.61,0,,,,,2,8.6,ok
TIC 350858219,90.209,-54.0207,9.61,0,,,,,25,20.3,ok
TIC 176872955,100.4989,-72.0338,9.61,0,,,,,34,22.7,ok
TIC 375055723,99.8157,-62.7932,9.61,0,,,,,39,19.7,ok
TIC 278779561,100.0768,-56.2234,9.61,0,,,,,21,20.3,ok
TIC 341461222,317.8391,-65.6292,9.61,0,,,,,7,20.0,ok
TIC 55760351,75.1536,-63.0448,9.61,0,,,,,34,20.2,ok
TIC 279572280,106.0719,-58.0806,9.61,0,,,,,21,18.9,ok
TIC 177161030,104.1882,-69.3582,9.62,0,,,,,34,20.7,ok
TIC 150142806,92.7114,-61.8752,9.62,0,,,,,36,19.8,ok
TIC 419666898,337.8915,-71.7717,9.62,0,,,,,2,8.7,ok
TIC 410132629,338.6902,-69.3112,9.62,0,,,,,6,17.7,ok
TIC 278732681,99.8715,-54.1414,9.62,0,,,,,21,25.1,ok
TIC 404268529,309.0738,-76.9532,9.62,0,,,,,1,5.0,ok
TIC 55481208,71.3831,-61.1235,9.62,0,,,,,22,18.7,ok
TIC 267094538,41.7377,-77.0132,9.62,0,,,,,8,17.0,ok
TIC 350823719,89.7464,-58.2687,9.62,0,,,,,44,18.3,ok
TIC 406342601,327.8738,-65.5437,9.62,0,,,,,6,10.9,ok
TIC 149935360,89.9261,-62.1421,9.62,0,,,,,42,21.7,ok
TIC 391926765,107.4839,-73.5738,9.62,0,,,,,21,21.6,ok
TIC 382160101,80.9364,-57.9821,9.62,0,,,,,33,20.6,ok
TIC 150429807,97.0606,-62.5284,9.62,0,,,,,27,22.9,ok
TIC 468185208,318.2653,-84.414,9.62,0,,,,,5,12.8,ok
TIC 254063071,285.5083,-37.1289,9.62,0,,,,,2,6.2,ok
TIC 469844770,314.4422,-48.0591,9.62,0,,,,,4,7.8,ok
TIC 396170777,298.8791,-71.2613,9.62,0,,,,,10,20.8,ok
TIC 287156968,118.1301,-83.8253,9.62,0,,,,,11,23.4,ok
TIC 284194837,105.6815,-67.7959,9.62,0,,16.3,rejete,variabilite_continue;eclipse_secondaire,33,25.5,ok
TIC 176956040,100.9044,-68.2471,9.62,0,,,,,33,29.1,ok
TIC 141805493,92.2592,-73.9811,9.62,0,,,,,33,30.8,ok
TIC 55523180,72.2065,-61.4013,9.62,0,,,,,21,22.5,ok
TIC 276304874,282.6855,-31.797,9.63,0,,,,,3,8.7,ok
TIC 300743667,116.3762,-70.4245,9.63,0,,,,,34,20.7,ok
TIC 38707757,66.5578,-61.7318,9.63,0,,,,,41,19.9,ok
TIC 261655502,19.7036,-83.4194,9.63,0,,,,,1,6.1,ok
TIC 55784567,75.5304,-65.891,9.63,0,,,,,7,15.8,ok
TIC 350929806,90.4027,-55.2179,9.63,0,,,,,23,22.3,ok
TIC 31233320,288.373,-30.9445,9.63,0,,,,,3,13.5,ok
TIC 294982222,72.2734,-66.8591,9.63,1,1.5471,103.8,rejete,variabilite_continue,7,19.1,ok
TIC 220428348,72.7666,-59.0025,9.63,0,,,,,21,23.0,ok
TIC 219305761,315.3704,-59.2715,9.63,0,,,,,8,18.7,ok
TIC 293267910,98.5768,-62.4849,9.63,0,,,,,30,20.0,ok
TIC 260368246,95.2999,-58.9595,9.63,0,,,,,33,19.8,ok
TIC 260079188,92.1202,-54.5807,9.63,0,,,,,35,24.8,ok
TIC 272187410,116.7745,-74.6175,9.63,0,,,,,19,20.0,ok
TIC 349644592,112.181,-60.849,9.63,0,,,,,21,19.4,ok
TIC 142019343,97.2278,-73.3264,9.63,0,,,,,41,20.4,ok
TIC 293935874,106.4893,-58.0017,9.64,0,,,,,21,19.3,ok
TIC 142017509,96.8427,-76.7369,9.64,0,,,,,33,19.8,ok
TIC 177167539,104.8788,-67.0995,9.64,0,,,,,29,19.7,ok
TIC 238185145,54.7776,-72.5133,9.64,0,,,,,22,23.8,ok
TIC 350297677,83.6672,-57.6969,9.64,0,,,,,34,19.9,ok
TIC 31266926,88.1558,-71.5154,9.64,0,,,,,30,19.6,ok
TIC 25118098,61.7916,-71.5135,9.64,0,,,,,31,22.5,ok
TIC 167795243,104.2787,-62.7768,9.64,0,,,,,18,18.1,ok
TIC 382160241,81.0092,-58.3723,9.64,0,,,,,20,19.8,ok
TIC 150429609,96.9986,-62.9539,9.64,0,,,,,21,18.9,ok
TIC 32089054,58.3193,-70.1738,9.64,0,,,,,22,20.0,ok
TIC 55652825,74.093,-63.1084,9.65,0,,,,,43,19.5,ok
TIC 141408295,83.7112,-71.9856,9.65,0,,,,,7,14.4,ok
TIC 279361150,104.7813,-57.524,9.65,0,,,,,30,18.4,ok
TIC 265284274,303.0977,-70.789,9.65,0,,,,,1,7.7,ok
TIC 316461487,280.2647,-41.0658,9.65,0,,,,,2,5.7,ok
TIC 348994088,106.9283,-65.7037,9.65,0,,,,,9,15.9,ok
TIC 279052764,102.2008,-58.0723,9.65,0,,,,,32,18.2,ok
TIC 350583319,87.1227,-59.5901,9.65,0,,,,,31,17.3,ok
TIC 33864178,65.4124,-72.9758,9.65,0,,,,,30,18.0,ok
TIC 350931523,90.7213,-56.0144,9.65,0,,,,,32,16.4,ok
TIC 373594903,80.9897,-66.3885,9.65,0,,,,,26,15.8,ok
TIC 38570700,63.1394,-63.4628,9.65,0,,,,,17,24.4,ok
TIC 272003260,114.956,-76.4611,9.65,0,,,,,25,22.0,ok
TIC 375089600,100.2806,-62.1622,9.65,0,,,,,31,29.3,ok
TIC 382145732,80.3535,-55.6882,9.65,0,,,,,20,23.2,ok
TIC 79172641,317.053,-53.0525,9.65,0,,,,,3,14.9,ok
TIC 300655891,114.729,-71.6791,9.65,0,,,,,21,21.3,ok
TIC 150141418,92.8363,-63.3183,9.66,0,,,,,29,27.2,ok
TIC 231744384,78.2222,-67.7433,9.66,0,,,,,28,20.6,ok
TIC 300381910,111.2891,-67.3426,9.66,0,,,,,34,23.2,ok
TIC 300442914,111.5859,-70.9906,9.66,0,,,,,20,22.7,ok
TIC 38607156,64.4748,-63.233,9.66,0,,,,,20,22.5,ok
TIC 25080435,60.791,-70.7598,9.66,0,,,,,21,21.3,ok
TIC 278776865,99.8601,-58.4599,9.66,0,,,,,45,22.8,ok
TIC 141811445,92.5599,-77.4696,9.66,0,,,,,33,23.2,ok
TIC 278684349,99.2294,-57.0118,9.66,0,,,,,33,19.5,ok
TIC 260003329,91.125,-57.6724,9.66,0,,,,,42,22.2,ok
TIC 276863693,83.68,-66.9023,9.66,0,,16.9,rejete,variabilite_continue,25,25.2,ok
TIC 369768787,144.3181,-84.696,9.66,0,,,,,9,21.3,ok
TIC 300290733,109.998,-71.3691,9.67,0,,,,,43,28.2,ok
TIC 370227778,85.5087,-75.2479,9.67,0,,,,,28,18.6,ok
TIC 29778239,64.8283,-66.0429,9.67,0,,,,,32,21.0,ok
TIC 149449888,85.0704,-62.1066,9.67,0,,,,,31,20.9,ok
TIC 300510333,112.2535,-70.239,9.67,0,,,,,41,22.3,ok
TIC 238229082,59.3635,-76.9635,9.67,0,,,,,27,23.3,ok
TIC 299943243,106.6418,-67.9757,9.67,0,,,,,21,19.2,ok
TIC 350743714,88.8862,-57.2909,9.67,1,7.7573,269.7,a_verifier,,28,23.4,ok
TIC 349766899,112.7895,-61.0066,9.67,0,,32.3,rejete,variabilite_continue;eclipse_secondaire,23,23.8,ok
TIC 421894914,339.2588,-76.9177,9.67,0,,,,,8,22.5,ok
TIC 279056085,102.5208,-56.1767,9.67,0,,,,,28,20.7,ok
TIC 150250236,94.4005,-63.2827,9.67,0,,,,,31,19.8,ok
TIC 149473171,85.1728,-61.2091,9.67,0,,,,,32,19.9,ok
TIC 278775323,99.6883,-55.6673,9.67,0,,,,,34,24.0,ok
TIC 294625561,70.5659,-71.6062,9.68,0,,,,,29,20.2,ok
TIC 300443382,111.7632,-70.2048,9.68,0,,,,,33,18.2,ok
TIC 382246231,82.0189,-54.3428,9.68,0,,,,,23,19.0,ok
TIC 220457103,74.3083,-58.9675,9.68,0,,,,,33,21.4,ok
TIC 167554898,101.3156,-61.0913,9.68,1,4.4535,292.9,a_verifier,,37,22.7,ok
TIC 141755414,91.3835,-76.4023,9.68,0,,,,,21,20.3,ok
TIC 141481311,86.8712,-73.4754,9.68,0,,,,,40,21.7,ok
TIC 280051821,45.5664,-73.1119,9.68,0,,,,,2,7.8,ok
TIC 177017653,101.9327,-71.3573,9.68,0,,,,,30,20.4,ok
TIC 141410789,84.0085,-73.2369,9.68,0,,,,,21,18.5,ok
TIC 55745232,74.7742,-63.4248,9.68,0,,,,,34,21.5,ok
TIC 277479242,283.6835,-31.2241,9.69,0,,,,,3,10.1,ok
TIC 29828884,66.1385,-70.4304,9.69,0,,,,,33,23.8,ok
TIC 349095214,107.9961,-65.3927,9.69,0,,,,,21,21.5,ok
TIC 31382009,88.7212,-71.6519,9.69,0,,,,,26,20.8,ok
TIC 300601639,113.1222,-71.4352,9.69,0,,,,,28,22.7,ok
TIC 260995329,78.9807,-81.5869,9.69,1,8.2968,23.0,rejete,variabilite_continue;eclipse_secondaire,9,24.3,ok
TIC 257720189,77.9634,-59.3927,9.69,0,,,,,32,21.6,ok
TIC 141606563,88.7589,-72.3186,9.69,0,,,,,15,22.0,ok
TIC 141412532,84.2288,-75.1595,9.69,0,,,,,31,22.4,ok
TIC 340791653,292.4175,-74.745,9.69,0,,,,,6,22.2,ok
TIC 279055252,102.3537,-57.5692,9.69,0,,,,,32,25.2,ok
TIC 220456328,74.3159,-56.4947,9.69,0,,,,,24,22.3,ok
TIC 253965771,284.304,-40.4806,9.69,0,,,,,3,7.8,ok
TIC 375056762,99.8522,-60.8686,9.69,0,,,,,30,26.3,ok
TIC 299802315,59.6478,-74.7465,9.69,0,,,,,21,23.1,ok
TIC 300939511,117.8534,-70.2321,9.69,0,,,,,34,23.1,ok
TIC 38425946,60.781,-63.1048,9.69,0,,,,,23,20.0,ok
TIC 382044382,79.3207,-55.5687,9.69,1,2.5594,12.8,rejete,variabilite_continue;eclipse_secondaire,21,24.8,ok
TIC 141471105,86.2727,-73.1343,9.7,0,,,,,31,18.9,ok
TIC 260127345,92.1269,-57.3208,9.7,0,,,,,21,21.8,ok
TIC 149930150,89.6929,-61.7036,9.7,0,,,,,32,20.5,ok
TIC 179246511,79.7948,-68.5809,9.7,0,,,,,24,23.3,ok
TIC 181447056,13.7576,-72.1138,9.7,0,,,,,4,9.9,ok
TIC 300293429,110.4811,-68.2587,9.7,0,,,,,20,16.6,ok
TIC 260075743,91.7826,-58.8013,9.7,0,,,,,21,16.5,ok
TIC 278862747,100.5876,-58.1816,9.7,0,,,,,29,19.7,ok
TIC 431479636,49.3959,-75.3209,9.7,0,,,,,7,17.5,ok
TIC 350840485,89.7783,-54.7256,9.7,0,,,,,20,18.1,ok
TIC 387114538,286.3849,-77.3653,9.7,0,,,,,1,4.4,ok
TIC 55746262,74.9044,-60.9541,9.7,0,,,,,?,5.2,erreur
TIC 382199165,81.5211,-57.8026,9.7,0,,,,,42,20.3,ok
TIC 33833443,63.5205,-75.3601,9.7,0,,,,,28,19.1,ok
TIC 390996644,287.0626,-31.3486,9.7,0,,,,,4,14.0,ok
TIC 237923988,57.5739,-65.2852,9.7,0,,,,,22,20.8,ok
TIC 350334901,84.1834,-58.8746,9.7,0,,,,,33,18.5,ok
TIC 32150672,59.1261,-68.4665,9.7,0,,,,,21,18.5,ok
TIC 141000877,78.4506,-73.737,9.7,0,,,,,28,19.9,ok
TIC 150441810,97.7121,-61.0892,9.71,0,,26.5,rejete,variabilite_continue;compagnon_trop_gros_2.7Rjup,20,26.6,ok
TIC 167011856,95.1469,-68.384,9.71,0,,,,,33,25.4,ok
TIC 31313111,88.2493,-68.4426,9.71,0,,,,,22,20.9,ok
TIC 372851851,98.1561,-64.0705,9.71,0,,,,,29,19.9,ok
TIC 253662884,281.4932,-41.3643,9.71,0,,,,,1,9.1,ok
TIC 406278631,325.9969,-65.4524,9.71,0,,,,,2,6.5,ok
TIC 293221711,98.3394,-63.3093,9.71,0,,,,,20,21.5,ok
TIC 25116119,61.2767,-66.8057,9.71,0,,,,,37,18.7,ok
TIC 260128434,92.2279,-59.7753,9.71,0,,,,,29,19.6,ok
TIC 167340438,98.561,-67.2201,9.71,0,,,,,7,14.8,ok
TIC 25117242,61.6394,-69.2699,9.71,0,,,,,20,18.7,ok
TIC 300039099,107.6994,-69.0835,9.71,0,,,,,33,21.4,ok
TIC 149603524,87.1397,-63.9883,9.71,0,,,,,38,22.6,ok
TIC 220436741,73.8134,-56.7744,9.72,0,,,,,27,22.1,ok
TIC 299899690,106.0722,-69.2684,9.72,0,,,,,32,19.6,ok
TIC 271575428,106.0027,-75.6943,9.72,0,,,,,21,20.4,ok
TIC 350480967,85.9233,-56.4626,9.72,0,,,,,20,21.5,ok
TIC 382159772,80.9053,-57.136,9.72,0,,,,,34,26.8,ok
TIC 30270183,74.1448,-68.828,9.72,0,,,,,42,21.4,ok
TIC 142149242,100.3327,-72.7774,9.72,0,,,,,33,20.5,ok
TIC 253623758,281.1389,-40.8154,9.72,0,,,,,1,4.2,ok
TIC 372303368,315.1737,-68.169,9.72,0,,,,,3,8.1,ok
TIC 281630486,115.9513,-63.4789,9.72,0,,,,,6,13.6,ok
TIC 55780996,75.4853,-60.5118,9.72,0,,,,,32,19.0,ok
TIC 372068581,310.419,-68.5708,9.72,0,,,,,2,7.0,ok
TIC 141608224,88.748,-74.0052,9.72,0,,,,,19,16.5,ok
TIC 270557943,99.6257,-79.7126,9.72,0,,,,,1,4.6,ok
TIC 150361489,96.4566,-63.8168,9.72,0,,,,,23,17.8,ok
TIC 41030783,90.2351,-71.9327,9.72,0,,,,,42,22.0,ok
TIC 387313667,312.5286,-56.0958,9.73,0,,,,,6,15.7,ok
TIC 339961200,112.555,-58.5395,9.73,0,,,,,29,19.5,ok
TIC 300159675,108.9999,-71.0529,9.73,0,,,,,21,23.4,ok
TIC 261104864,82.9871,-78.2906,9.73,0,,,,,20,20.4,ok
TIC 150320456,95.6675,-64.0463,9.73,0,,,,,29,19.9,ok
TIC 260540380,97.0324,-54.9877,9.73,0,,,,,27,20.6,ok
TIC 141826495,93.6174,-72.0785,9.73,0,,,,,32,20.1,ok
TIC 350716510,88.3361,-55.5098,9.73,0,,,,,3,8.9,ok
TIC 31929460,54.0059,-70.0044,9.73,0,,,,,1,7.6,ok
TIC 177309573,103.1378,-75.0751,9.73,0,,,,,26,19.3,ok
TIC 382160187,81.0474,-58.2127,9.73,0,,,,,43,19.1,ok
TIC 293937351,106.6333,-56.1395,9.73,0,,,,,23,20.4,ok
TIC 220458134,74.6683,-57.4269,9.73,0,,,,,31,20.6,ok
TIC 300444683,111.4942,-68.3011,9.73,0,,,,,21,19.1,ok
TIC 141978023,96.3005,-76.235,9.73,0,,,,,28,20.0,ok
TIC 278957489,101.3402,-59.0083,9.73,0,,,,,20,18.9,ok
TIC 167337533,98.4282,-71.3238,9.73,0,,,,,41,18.5,ok
TIC 149902366,88.0231,-61.271,9.73,0,,,,,30,18.1,ok
TIC 140997860,78.181,-76.1292,9.73,0,,,,,20,18.2,ok
TIC 350294979,83.5157,-57.302,9.74,0,,,,,32,18.8,ok
TIC 276834958,272.8158,-78.9875,9.74,0,,31.4,rejete,variabilite_continue;eclipse_secondaire,7,20.0,ok
TIC 391891312,115.401,-69.9074,9.74,0,,,,,32,20.1,ok
TIC 33877534,66.0393,-76.2803,9.74,0,,,,,30,17.4,ok
TIC 364588606,85.0679,-76.3861,9.74,0,,,,,33,23.1,ok
TIC 300602255,113.4344,-71.4476,9.74,0,,,,,21,20.0,ok
TIC 382518753,117.5556,-65.3582,9.74,0,,,,,21,18.7,ok
TIC 167751145,103.9712,-64.9971,9.74,0,,,,,34,18.1,ok
TIC 350560674,86.5545,-58.4865,9.74,0,,,,,20,18.2,ok
TIC 29832730,66.7112,-71.2046,9.74,0,,,,,20,18.3,ok
TIC 370037722,60.483,-68.9917,9.74,0,,,,,38,19.9,ok
TIC 271977529,114.4183,-72.166,9.74,0,,,,,31,16.7,ok
TIC 238192857,56.0407,-73.1485,9.74,0,,,,,23,17.7,ok
TIC 257721425,78.3156,-56.8194,9.75,0,,,,,29,21.3,ok
TIC 141480937,86.9666,-73.8818,9.75,0,,,,,29,17.9,ok
TIC 149625812,87.0407,-65.0391,9.75,0,,,,,26,17.3,ok
TIC 139371265,67.2903,-70.7757,9.75,0,,,,,21,23.2,ok
TIC 31962066,55.2303,-66.5228,9.75,0,,,,,19,19.0,ok
TIC 350335258,84.0255,-59.8576,9.75,0,,,,,32,18.4,ok
TIC 349194688,108.7847,-64.2294,9.75,0,,,,,33,18.6,ok
TIC 349971680,114.5865,-61.3455,9.75,0,,,,,20,20.5,ok
TIC 25155984,63.3166,-71.5565,9.75,0,,,,,34,24.9,ok
TIC 142085192,98.2176,-76.7889,9.75,0,,,,,33,18.9,ok
TIC 150359500,96.4834,-60.0567,9.75,0,,,,,42,18.4,ok
TIC 150034769,91.2472,-63.7834,9.75,0,,,,,2,5.4,ok
TIC 38827910,68.4859,-61.4878,9.75,0,,,,,41,16.9,ok
TIC 40717365,78.6196,-67.4735,9.75,1,2.0982,11.5,rejete,variabilite_continue;eclipse_secondaire,8,18.6,ok
TIC 325251252,318.5536,-76.5584,9.75,0,,,,,4,9.9,ok
TIC 409745228,288.8981,-65.3053,9.75,0,,,,,3,8.0,ok
TIC 350481129,86.0226,-56.1274,9.75,0,,,,,20,21.6,ok
TIC 38680230,65.527,-61.9163,9.76,0,,,,,30,18.4,ok
TIC 141413706,84.2094,-77.7357,9.76,0,,,,,20,18.7,ok
TIC 339546847,297.5471,-61.9172,9.76,0,,,,,1,3.1,ok
TIC 349765331,112.883,-62.8171,9.76,0,,,,,21,19.1,ok
TIC 350842838,89.913,-59.8265,9.76,0,,,,,39,19.6,ok
TIC 261154865,86.4282,-78.8004,9.76,0,,,,,35,20.0,ok
TIC 349097226,108.0564,-62.0467,9.76,0,,,,,21,21.9,ok
TIC 350560959,86.5005,-59.176,9.76,0,,,,,39,22.2,ok
TIC 149601451,87.1013,-60.1911,9.76,0,,,,,20,21.0,ok
TIC 300515248,112.6122,-67.8258,9.76,0,,,,,34,30.8,ok
TIC 150320610,95.6201,-63.6958,9.76,0,,,,,14,28.1,ok
TIC 149178462,81.7511,-64.0378,9.76,0,,,,,30,29.1,ok
TIC 33834068,63.5732,-73.8234,9.76,0,,,,,33,27.5,ok
TIC 309699051,79.4113,-63.2051,9.76,0,,,,,33,27.8,ok
TIC 349835272,113.8762,-63.8622,9.76,0,,,,,21,26.8,ok
TIC 260162101,92.7776,-56.1686,9.76,0,,,,,21,25.4,ok
TIC 33881153,66.2969,-76.1934,9.76,0,,,,,32,26.5,ok
TIC 38634014,65.0103,-62.5491,9.76,0,,,,,20,23.0,ok
TIC 141770592,92.0997,-77.6534,9.77,1,12.1255,22.2,rejete,variabilite_continue,24,28.0,ok
TIC 294328158,108.9131,-59.5581,9.77,0,,,,,21,31.2,ok
TIC 33879314,66.1659,-72.0886,9.77,0,,,,,32,31.9,ok
TIC 33879968,66.2988,-73.1186,9.77,0,,,,,22,37.8,ok
TIC 167812099,104.7628,-62.3537,9.77,0,,,,,32,35.8,ok
TIC 277301964,84.3969,-68.4326,9.77,0,,,,,35,32.9,ok
TIC 41172972,91.2881,-69.3016,9.77,0,,,,,24,21.0,ok
TIC 277774364,343.7848,-68.6996,9.77,0,,,,,2,10.8,ok
TIC 40511114,77.6985,-69.7517,9.77,0,,,,,30,27.7,ok
TIC 31105402,76.3771,-68.2561,9.77,0,,,,,30,27.0,ok
TIC 261260849,90.2757,-78.4012,9.77,0,,,,,19,30.7,ok
TIC 300243406,109.6837,-69.1195,9.77,0,,,,,32,25.1,ok
TIC 40795195,78.6316,-69.2315,9.77,0,,,,,29,23.6,ok
TIC 381924953,76.1736,-57.369,9.77,0,,,,,21,24.2,ok
TIC 142081674,97.649,-72.8333,9.77,0,,,,,27,23.4,ok
TIC 300808472,116.6116,-67.0067,9.77,0,,,,,21,25.3,ok
TIC 167602738,101.8456,-61.2151,9.77,0,,109.9,rejete,variabilite_continue;eclipse_secondaire,32,28.1,ok
TIC 30265037,74.0162,-70.6141,9.77,0,,,,,40,28.7,ok
TIC 350331962,83.778,-56.2832,9.78,0,,,,,21,24.9,ok
TIC 404123632,292.4873,-49.6897,9.78,0,,,,,5,19.1,ok
TIC 272189867,117.1232,-72.3987,9.78,0,,,,,41,24.2,ok
TIC 25080867,61.0908,-71.5587,9.78,0,,,,,31,25.9,ok
TIC 177117281,103.8049,-67.0176,9.78,0,,,,,38,24.4,ok
TIC 350343735,84.4225,-58.3252,9.78,0,,,,,25,25.9,ok
TIC 150275360,94.8529,-63.2057,9.78,0,,,,,31,28.1,ok
TIC 234345288,38.8877,-71.6243,9.78,1,11.7601,28.6,rejete,variabilite_continue,10,29.7,ok
TIC 167012000,95.168,-68.508,9.78,0,,,,,24,21.5,ok
TIC 30314282,74.4067,-67.1919,9.78,0,,,,,30,19.9,ok
TIC 167793452,104.2359,-65.7139,9.78,0,,,,,22,20.9,ok
TIC 349156098,108.1821,-64.7082,9.78,1,1.2019,307.3,rejete,variabilite_continue;eclipse_secondaire,42,23.8,ok
TIC 349374407,110.0853,-61.6536,9.78,0,,,,,33,20.4,ok
TIC 340175990,113.82,-59.6913,9.78,0,,,,,24,22.0,ok
TIC 391947542,108.1025,-75.0165,9.78,0,,,,,38,26.0,ok
TIC 260471066,96.1578,-58.9934,9.78,0,,,,,32,22.5,ok
TIC 142106374,99.0929,-73.2224,9.78,0,,,,,29,23.8,ok
TIC 50309953,30.1992,-77.6105,9.79,0,,47.6,rejete,variabilite_continue,5,15.2,ok
TIC 141910291,94.1845,-77.8941,9.79,0,,,,,21,21.9,ok
TIC 55659311,74.1176,-64.4873,9.79,0,,,,,26,18.2,ok
TIC 167417551,99.6084,-69.9153,9.79,0,,,,,20,19.6,ok
TIC 220422671,72.1324,-56.2814,9.79,0,,,,,20,20.4,ok
TIC 38586127,64.1215,-61.0837,9.79,0,,,,,24,23.1,ok
TIC 38601129,64.4595,-64.8508,9.79,0,,,,,21,22.5,ok
TIC 382148025,80.4806,-58.3762,9.79,0,,,,,33,28.4,ok
TIC 141822625,93.1734,-76.7694,9.79,0,,,,,21,21.6,ok
TIC 405253519,114.8484,-88.1053,9.79,0,,,,,1,5.3,ok
TIC 293220616,98.4253,-64.404,9.79,0,,,,,18,18.2,ok
TIC 294874367,71.8592,-67.1595,9.79,0,,,,,21,21.4,ok
TIC 167755378,104.2042,-62.1672,9.79,0,,,,,34,18.4,ok
TIC 278779927,100.0133,-55.5578,9.79,0,,,,,21,19.9,ok
TIC 141626783,89.683,-75.3956,9.8,0,,,,,20,23.5,ok
TIC 141622065,89.2288,-73.3425,9.8,0,,,,,26,25.5,ok
TIC 270677813,87.755,-52.6367,9.8,0,,,,,21,19.2,ok
TIC 167365279,98.9507,-67.3804,9.8,0,,,,,37,20.3,ok
TIC 55388535,77.6634,-63.3734,9.8,0,,,,,20,17.5,ok
TIC 38845336,68.9919,-61.0436,9.8,0,,,,,7,15.8,ok
TIC 300442687,111.5392,-71.3978,9.8,0,,,,,21,19.8,ok
TIC 142107922,98.8406,-75.9894,9.8,0,,,,,20,20.6,ok
TIC 149473839,85.1105,-62.5525,9.8,0,,,,,21,21.1,ok
TIC 38515807,62.7587,-63.8796,9.81,0,,,,,19,19.2,ok
TIC 271795905,111.1716,-73.5236,9.81,0,,,,,43,20.3,ok
TIC 349644606,112.1162,-60.8654,9.81,0,,,,,21,21.4,ok
TIC 294205605,107.9418,-58.7919,9.81,0,,,,,33,22.6,ok
TIC 324608535,312.9504,-79.3181,9.81,0,,,,,6,14.3,ok
TIC 348993992,106.9072,-65.5363,9.81,0,,,,,21,21.9,ok
TIC 277103752,84.078,-66.6765,9.81,0,,,,,19,22.2,ok
TIC 370228189,85.6731,-75.8607,9.81,0,,,,,29,19.7,ok
TIC 50312495,31.1797,-73.1265,9.81,0,,,,,11,21.4,ok
TIC 260132330,92.5969,-56.3778,9.81,1,8.6506,19.3,rejete,variabilite_continue,23,25.6,ok
TIC 253629284,281.3012,-41.2577,9.81,0,,,,,1,8.7,ok
TIC 279088003,102.5662,-55.6734,9.81,0,,,,,27,24.5,ok
TIC 149302744,83.3822,-62.109,9.81,0,,,,,41,19.8,ok
TIC 262609501,116.3091,-62.3532,9.81,0,,,,,20,19.3,ok
TIC 141153472,80.6895,-75.7171,9.82,0,,,,,20,21.5,ok
TIC 55455221,70.7872,-60.8817,9.82,0,,,,,32,22.3,ok
TIC 377017255,78.403,-78.309,9.82,0,,,,,25,19.6,ok
TIC 382101861,80.2408,-57.344,9.82,0,,,,,20,24.3,ok
TIC 150065244,91.6147,-63.3124,9.82,0,,,,,28,23.6,ok
TIC 300085109,107.6547,-70.8607,9.82,0,,,,,29,23.7,ok
TIC 350743723,88.7911,-57.2597,9.82,0,,,,,20,22.4,ok
TIC 300161002,109.3068,-70.6126,9.82,0,,,,,32,25.9,ok
TIC 300039564,107.6626,-69.8406,9.82,0,,,,,33,21.7,ok
TIC 382517717,117.5966,-64.0039,9.82,0,,,,,21,20.3,ok
TIC 303910626,22.7856,-74.1081,9.82,0,,,,,5,20.3,ok
TIC 141607553,88.7157,-73.2886,9.82,0,,,,,21,22.1,ok
TIC 167526485,100.5139,-60.6703,9.82,0,,95.9,rejete,eclipse_secondaire,37,27.1,ok
TIC 375059587,100.1043,-63.339,9.82,0,,,,,43,21.5,ok
TIC 177253314,101.9074,-72.7432,9.82,0,,,,,34,24.3,ok
TIC 350582439,86.9623,-58.3186,9.82,0,,,,,19,20.4,ok
TIC 149930009,89.6997,-61.3953,9.82,0,,,,,32,20.6,ok
TIC 382302322,83.1764,-58.4309,9.82,0,,,,,33,20.2,ok
TIC 167723503,103.6317,-59.9964,9.82,0,,,,,21,22.6,ok
TIC 176959991,101.3179,-69.5278,9.83,0,,,,,27,23.2,ok
TIC 453098772,115.9583,-70.7662,9.83,0,,,,,41,22.4,ok
TIC 177349901,104.2587,-72.0387,9.83,0,,,,,40,24.1,ok
TIC 389925842,87.7242,-71.9667,9.83,0,,,,,30,21.8,ok
TIC 348839459,98.6644,-56.9661,9.83,0,,,,,21,20.7,ok
TIC 350824257,89.7508,-57.096,9.83,0,,,,,21,22.3,ok
TIC 229808687,354.0795,-67.4382,9.83,0,,,,,1,10.4,ok
TIC 167793536,104.1072,-65.8709,9.83,0,,,,,21,24.2,ok
TIC 149573208,86.632,-60.5979,9.83,0,,,,,21,21.4,ok
TIC 406276748,326.0903,-60.2167,9.83,0,,,,,8,18.1,ok
TIC 373921198,81.8719,-69.3679,9.84,0,,,,,19,21.7,ok
TIC 177253429,101.8888,-72.8958,9.84,0,,,,,22,21.2,ok
TIC 142084306,98.1091,-74.9181,9.84,0,,,,,27,23.4,ok
TIC 29989691,72.7942,-65.9753,9.84,0,,,,,27,21.8,ok
TIC 348839116,98.8156,-56.3026,9.84,0,,,,,28,21.8,ok
TIC 38761440,67.3457,-64.7388,9.84,0,,,,,30,21.0,ok
TIC 38707949,66.4446,-62.2661,9.84,0,,,,,30,22.0,ok
TIC 466097559,294.7442,-66.2625,9.84,0,,,,,7,18.2,ok
TIC 370114946,70.0872,-69.168,9.84,0,,,,,29,21.8,ok
TIC 150249728,94.5411,-62.2817,9.84,0,,,,,31,22.2,ok
TIC 300327458,110.7336,-69.3944,9.84,0,,,,,24,23.0,ok
TIC 176954173,100.8141,-71.471,9.84,0,,,,,19,24.1,ok
TIC 270578038,86.8767,-53.302,9.84,0,,,,,20,23.9,ok
TIC 149272506,82.9514,-64.7416,9.84,0,,,,,35,22.7,ok
TIC 279160134,103.361,-58.9244,9.85,0,,,,,20,26.4,ok
TIC 149388662,84.1032,-64.7783,9.85,0,,,,,27,22.9,ok
TIC 390825985,280.6579,-33.674,9.85,0,,,,,1,7.5,ok
TIC 150361737,96.3123,-64.2616,9.85,0,,,,,28,21.2,ok
TIC 29829735,66.413,-68.1138,9.85,0,,,,,21,22.9,ok
TIC 31852980,52.5405,-70.3996,9.85,1,7.415,14.8,rejete,variabilite_continue,27,32.5,ok
TIC 40893005,78.8922,-70.5009,9.85,0,,,,,28,27.6,ok
TIC 271972256,113.8564,-75.211,9.85,0,,,,,34,28.7,ok
TIC 260046359,91.6716,-54.7259,9.85,0,,,,,34,30.1,ok
TIC 391946816,108.0417,-73.5418,9.85,0,,,,,27,29.1,ok
TIC 389923735,87.8559,-70.884,9.85,0,,,,,29,30.2,ok
TIC 349274787,109.2994,-65.4925,9.85,0,,,,,42,31.5,ok
TIC 150431859,97.4581,-61.1212,9.85,0,,,,,20,32.1,ok
TIC 261139167,84.7799,-80.6719,9.85,0,,,,,23,27.4,ok
TIC 271974753,114.3895,-76.2939,9.85,0,,,,,19,34.1,ok
TIC 149120602,80.8137,-62.3247,9.85,0,,,,,32,29.3,ok
TIC 348957793,106.2536,-63.1777,9.85,0,,,,,29,30.5,ok
TIC 32150270,59.0356,-69.7365,9.85,0,,,,,21,28.9,ok
TIC 25080787,61.1941,-71.8804,9.85,0,,,,,23,27.0,ok
TIC 142052826,97.6608,-76.8516,9.86,0,,,,,21,23.2,ok
TIC 167696452,102.927,-61.9312,9.86,0,,,,,33,23.8,ok
TIC 55452935,70.5614,-65.7975,9.86,0,,,,,21,27.3,ok
TIC 33734143,61.6714,-76.4053,9.86,0,,,,,31,32.5,ok
TIC 231670397,319.9498,-58.149,9.86,0,,60.4,rejete,variabilite_continue;eclipse_secondaire,8,28.2,ok
TIC 316692358,280.6408,-38.9591,9.86,0,,,,,1,12.5,ok
TIC 309658221,79.2538,-61.5145,9.86,0,,241.9,a_verifier,,30,34.0,ok
TIC 300808995,116.5684,-67.6023,9.86,0,,,,,20,20.3,ok
TIC 55758992,75.3133,-65.074,9.86,0,,,,,20,20.4,ok
TIC 260708696,98.4329,-58.2405,9.86,0,,,,,21,19.0,ok
TIC 271904892,113.4133,-73.5622,9.86,0,,,,,21,20.0,ok
TIC 300970772,118.1132,-67.9366,9.86,0,,,,,29,23.2,ok
TIC 260654610,98.1256,-57.8815,9.86,0,,,,,29,24.0,ok
TIC 30033581,73.1406,-70.398,9.86,0,,,,,20,22.4,ok
TIC 277015378,83.9482,-71.1038,9.86,0,,,,,26,22.9,ok
TIC 231746897,78.1923,-68.4372,9.86,0,,,,,31,22.9,ok
TIC 182734854,16.0541,-73.3183,9.86,0,,,,,2,12.7,ok
TIC 293165020,66.423,-59.7014,9.86,0,,,,,25,22.6,ok
TIC 220411843,70.9546,-58.5805,9.87,0,,,,,28,22.7,ok
TIC 350822079,89.4869,-57.976,9.87,0,,,,,42,21.3,ok
TIC 231075681,67.7039,-67.4236,9.87,0,,,,,17,20.4,ok
TIC 55398952,70.3931,-65.7815,9.87,0,,,,,21,23.1,ok
TIC 382030398,78.8175,-57.31,9.87,0,,,,,32,22.2,ok
TIC 55295368,76.6959,-61.3192,9.87,0,,,,,41,25.3,ok
TIC 382101770,80.1698,-57.0778,9.87,0,,,,,34,22.4,ok
TIC 55652594,74.022,-62.5842,9.87,0,,,,,21,27.0,ok
TIC 382265694,82.6216,-59.8672,9.87,0,,,,,34,25.7,ok
TIC 150250788,94.3191,-64.3044,9.87,0,,,,,29,29.0,ok
TIC 176871438,100.3908,-74.776,9.87,0,,,,,21,23.8,ok
TIC 278861826,100.6585,-56.5416,9.87,0,,140.1,rejete,variabilite_continue;eclipse_secondaire,24,27.1,ok
TIC 340637160,116.4793,-59.6004,9.87,0,,,,,19,23.6,ok
TIC 372849630,98.1133,-60.2924,9.87,0,,,,,21,22.3,ok
TIC 48788704,301.9526,-31.7634,9.88,0,,,,,5,17.8,ok
TIC 167419543,99.6602,-66.6078,9.88,0,,,,,33,22.1,ok
TIC 407662961,83.1277,-74.6909,9.88,0,,,,,27,22.2,ok
TIC 150167002,93.4287,-62.0196,9.88,0,,,,,29,21.8,ok
TIC 177354771,104.5412,-74.7497,9.88,0,,,,,33,22.8,ok
TIC 234282159,335.4276,-65.5248,9.88,0,,,,,7,16.1,ok
TIC 55649312,73.7578,-64.9617,9.88,0,,,,,20,20.8,ok
TIC 270341486,33.2437,-81.3997,9.88,0,,,,,8,15.8,ok
TIC 38696814,65.9411,-62.3673,9.88,0,,,,,31,22.6,ok
TIC 25117756,61.4765,-71.269,9.88,0,,,,,33,20.4,ok
TIC 393030869,65.3855,-78.3713,9.88,0,,,,,12,24.2,ok
TIC 177241128,101.2606,-75.9865,9.88,0,,,,,19,19.9,ok
TIC 349973650,114.595,-63.5009,9.88,0,,,,,35,18.5,ok
TIC 381925047,76.1769,-57.0538,9.88,0,,,,,6,12.5,ok
TIC 150101472,92.1062,-63.2542,9.88,1,3.2788,204.7,rejete,variabilite_continue,38,23.3,ok
TIC 183644824,20.0346,-76.7171,9.89,0,,,,,4,11.8,ok
TIC 387107961,283.9092,-62.4809,9.89,0,,,,,8,18.9,ok
TIC 358708829,72.4308,-65.965,9.89,0,,,,,19,21.0,ok
TIC 167416361,99.4338,-71.6826,9.89,0,,,,,33,21.3,ok
TIC 300710630,115.3171,-70.4987,9.89,0,,,,,20,19.7,ok
TIC 303975289,24.449,-77.8416,9.89,0,,,,,5,12.0,ok
TIC 38815302,67.8773,-62.9296,9.89,0,,,,,31,17.8,ok
TIC 260657440,98.3181,-54.9964,9.89,0,,,,,17,21.6,ok
TIC 176954188,100.7824,-71.435,9.89,0,,,,,32,17.9,ok
TIC 260190547,93.0755,-55.5077,9.89,0,,,,,23,19.2,ok
TIC 349642928,111.9667,-60.7271,9.89,0,,,,,34,26.9,ok
TIC 339668420,110.3487,-57.3434,9.89,0,,,,,26,19.8,ok
TIC 349371819,109.9706,-61.3671,9.89,0,,,,,21,17.7,ok
TIC 38710225,66.7384,-63.0775,9.89,0,,,,,33,19.0,ok
TIC 40666957,77.8432,-70.4344,9.89,0,,,,,31,18.8,ok
TIC 167571529,101.2285,-65.316,9.89,0,,,,,4,13.2,ok
TIC 38469800,62.0396,-63.7925,9.89,0,,,,,32,20.7,ok
TIC 364539740,71.2923,-72.3282,9.9,0,,,,,41,19.2,ok
TIC 150358147,96.1814,-62.4174,9.9,0,,,,,32,20.7,ok
TIC 254186884,287.3491,-37.595,9.9,0,,,,,2,7.5,ok
TIC 306574570,119.3876,-71.2482,9.9,0,,,,,?,5.0,erreur
TIC 231081634,68.0752,-66.3838,9.9,0,,,,,32,20.0,ok
TIC 293270903,98.8578,-63.8812,9.9,0,,,,,32,18.3,ok
TIC 349274292,109.2469,-64.7146,9.9,0,,,,,21,16.8,ok
TIC 32150333,59.0166,-69.5439,9.9,0,,,,,23,19.2,ok
TIC 167795033,104.439,-63.1508,9.9,0,,,,,41,21.2,ok
TIC 260659364,98.4145,-58.6457,9.91,0,,,,,33,18.4,ok
TIC 149346752,83.4199,-61.8408,9.91,0,,,,,30,17.6,ok
TIC 55526602,72.5195,-63.769,9.91,0,,,,,31,20.5,ok
TIC 38939536,69.8119,-60.6482,9.91,0,,,,,21,20.6,ok
TIC 349374765,110.2125,-62.1685,9.91,0,,,,,40,20.6,ok
TIC 25081091,61.0591,-70.8758,9.91,0,,,,,33,22.3,ok
TIC 300382665,111.447,-68.3009,9.91,0,,,,,21,17.1,ok
TIC 279361391,104.6825,-57.9094,9.91,0,,,,,20,18.4,ok
TIC 350295781,83.4119,-55.1448,9.91,0,,,,,20,19.0,ok
TIC 391902278,106.5484,-77.6907,9.91,0,,,,,26,21.3,ok
TIC 299945808,106.7618,-71.5238,9.91,0,,,,,32,17.9,ok
TIC 25064848,59.9063,-66.2474,9.91,0,,,,,21,18.3,ok
TIC 340006623,112.6976,-58.5419,9.91,0,,,,,22,21.6,ok
TIC 350843962,90.0404,-57.698,9.91,0,,,,,21,15.9,ok
TIC 294867833,71.5055,-70.1613,9.91,0,,,,,34,16.6,ok
TIC 150151262,92.9361,-65.8258,9.91,0,,,,,30,19.5,ok
TIC 350654290,87.7068,-59.022,9.91,0,,,,,30,22.0,ok
TIC 55451838,70.6679,-62.9963,9.91,0,,,,,21,22.7,ok
TIC 220433100,73.2572,-56.7283,9.91,0,,,,,31,19.9,ok
TIC 348843330,99.0371,-55.0378,9.91,0,,,,,29,21.9,ok
TIC 167751463,103.958,-64.3701,9.91,0,,,,,20,20.5,ok
TIC 350764082,89.0297,-56.3237,9.92,0,,,,,20,21.2,ok
TIC 684767045,74.7733,-63.4246,9.92,0,,,,,22,21.1,ok
TIC 220480450,75.95,-56.6047,9.92,0,,,,,31,20.9,ok
TIC 32052059,57.2114,-69.7854,9.92,0,,,,,5,13.9,ok
TIC 382099509,79.9374,-57.2482,9.92,0,,,,,33,23.8,ok
TIC 41594564,94.4476,-68.6084,9.92,0,,,,,18,19.0,ok
TIC 453081943,113.6881,-67.1331,9.92,0,,,,,21,19.0,ok
TIC 149902203,88.1983,-60.8819,9.92,0,,,,,31,18.8,ok
TIC 149302552,83.3914,-61.7623,9.93,0,,,,,43,19.5,ok
TIC 254051132,285.3953,-37.0159,9.93,0,,,,,2,7.7,ok
TIC 167722419,103.4024,-61.6849,9.93,0,,,,,33,19.9,ok
TIC 382099053,79.9712,-58.5755,9.93,0,,,,,32,19.3,ok
TIC 231120886,69.5122,-67.1209,9.93,0,,,,,20,21.0,ok
TIC 350478924,85.7939,-58.7594,9.93,0,,,,,26,18.6,ok
TIC 150394361,96.9424,-62.5998,9.93,0,,,,,28,21.0,ok
TIC 381950568,76.7177,-57.4653,9.93,0,,,,,21,22.3,ok
TIC 260003879,91.1751,-56.3573,9.93,0,,,,,33,18.5,ok
TIC 176959341,101.1247,-68.5462,9.93,0,,,,,31,19.8,ok
TIC 271597463,108.4937,-77.0991,9.93,0,,,,,20,19.3,ok
TIC 7018768,285.9087,-53.9447,9.93,0,,,,,1,5.7,ok
TIC 231084328,68.3337,-69.8572,9.93,0,,,,,25,19.9,ok
TIC 150361616,96.3024,-64.0551,9.93,0,,,,,37,23.3,ok
TIC 375032331,99.3993,-62.1271,9.93,0,,,,,17,22.8,ok
TIC 142148587,100.2569,-73.9738,9.93,0,,,,,27,21.2,ok
TIC 142109665,99.3643,-75.929,9.94,0,,,,,20,21.4,ok
TIC 271574619,106.211,-74.156,9.94,0,,,,,33,18.7,ok
TIC 292474331,281.7405,-71.4476,9.94,0,,44.6,rejete,variabilite_continue;eclipse_secondaire,6,14.2,ok
TIC 364424408,69.7567,-75.1027,9.94,0,,,,,15,19.0,ok
TIC 149037112,78.3994,-61.0782,9.94,0,,,,,33,17.8,ok
TIC 260074479,91.7963,-55.8578,9.94,0,,,,,21,18.4,ok
TIC 177351052,104.2677,-73.8285,9.94,0,,,,,33,19.9,ok
TIC 41226271,91.685,-70.8267,9.94,0,,,,,34,21.3,ok
TIC 38812501,67.6855,-64.0016,9.94,0,,,,,33,22.0,ok
TIC 294869549,71.8021,-69.0863,9.94,0,,,,,27,22.2,ok
TIC 31867858,52.9967,-68.9599,9.94,0,,,,,23,20.7,ok
TIC 220435980,73.701,-59.2986,9.94,0,,,,,33,21.2,ok
TIC 38763326,67.5075,-60.4437,9.94,0,,,,,20,20.6,ok
TIC 141606986,88.7528,-72.693,9.94,0,,,,,26,19.6,ok
TIC 55451697,70.7188,-62.6512,9.94,0,,,,,21,18.1,ok
TIC 139370537,67.1483,-69.2528,9.94,0,,,,,32,17.3,ok
TIC 309658086,79.1642,-61.8746,9.94,0,,,,,29,17.7,ok
TIC 38908257,69.6187,-65.708,9.94,0,,,,,21,17.0,ok
TIC 38908752,69.7207,-64.7102,9.94,0,,,,,33,19.1,ok
TIC 358402382,78.1774,-55.5993,9.94,0,,,,,22,19.8,ok
TIC 278683209,99.2284,-59.3396,9.95,0,,,,,30,17.6,ok
TIC 309756187,79.937,-61.9357,9.95,0,,,,,21,18.0,ok
TIC 55556732,72.8924,-62.1804,9.95,0,,,,,42,19.0,ok
TIC 140761239,74.1368,-76.5095,9.95,0,,,,,21,17.7,ok
TIC 382032987,78.9329,-57.7118,9.95,0,,,,,32,19.8,ok
TIC 300601006,113.1217,-70.4491,9.95,0,,,,,42,19.3,ok
TIC 323295479,130.8011,-83.0614,9.95,0,,,,,10,18.8,ok
TIC 300448674,111.7986,-68.6797,9.95,0,,,,,30,17.6,ok
TIC 218907007,297.9187,-31.0071,9.95,0,,,,,3,9.0,ok
TIC 220481259,76.1014,-59.1007,9.95,0,,,,,33,22.0,ok
TIC 31852073,52.3694,-70.7322,9.95,0,,,,,25,19.3,ok
TIC 260165092,93.0336,-57.8473,9.95,0,,,,,28,18.5,ok
TIC 150358772,96.1038,-61.1582,9.95,0,,,,,21,20.2,ok
TIC 293224564,98.3879,-60.5956,9.95,0,,,,,20,19.6,ok
TIC 177312459,103.6241,-75.247,9.96,0,,,,,21,17.5,ok
TIC 176937262,100.5768,-70.595,9.96,0,,,,,20,17.0,ok
TIC 311460665,317.2122,-73.8797,9.96,0,,,,,1,4.2,ok
TIC 141096229,79.6566,-75.1045,9.96,0,,,,,29,18.1,ok
TIC 179040607,79.0312,-68.2599,9.96,0,,,,,29,18.8,ok
TIC 382152480,285.8725,-67.0026,9.96,0,,,,,1,3.7,ok
TIC 25081575,61.3045,-69.1118,9.96,0,,,,,32,21.7,ok
TIC 355581695,323.0959,-56.4417,9.96,0,,,,,2,5.6,ok
TIC 300938910,117.7855,-69.4658,9.96,0,,,,,30,16.7,ok
TIC 41464376,93.0282,-69.2408,9.96,0,,,,,23,20.8,ok
TIC 142016119,96.825,-75.8239,9.96,0,,,,,33,16.7,ok
TIC 466177757,301.8515,-64.2458,9.96,0,,,,,2,6.2,ok
TIC 167204164,96.982,-70.8798,9.96,0,,,,,39,18.4,ok
TIC 382189151,81.2984,-55.6246,9.96,0,,,,,19,21.0,ok
TIC 350562028,86.7149,-58.3105,9.96,0,,,,,20,21.0,ok
TIC 350522060,86.3745,-56.0269,9.96,0,,,,,32,18.6,ok
TIC 279571746,106.1021,-58.9747,9.96,0,,,,,32,18.9,ok
TIC 350298948,83.9102,-58.747,9.96,0,,,,,30,16.1,ok
TIC 237927462,58.0119,-64.7945,9.97,0,,,,,21,18.8,ok
TIC 141096635,79.7786,-75.6372,9.97,0,,,,,?,1.9,erreur
TIC 391925969,107.7566,-75.168,9.97,0,,,,,25,17.0,ok
TIC 167045028,95.5191,-69.2732,9.97,0,,,,,42,18.7,ok
TIC 141757920,91.6359,-73.0224,9.97,0,,,,,33,18.3,ok
TIC 382159195,80.9028,-55.5634,9.97,0,,,,,31,16.6,ok
TIC 350336132,84.3447,-57.5134,9.97,0,,,,,20,16.0,ok
TIC 316460987,280.2646,-40.9829,9.97,0,,,,,2,4.3,ok
TIC 140636189,72.4756,-76.9329,9.97,0,,,,,33,19.3,ok
TIC 141335100,83.8697,-74.6859,9.97,0,,,,,30,16.6,ok
TIC 370041316,65.9047,-66.9119,9.97,0,,,,,20,17.5,ok
TIC 277772831,343.2791,-68.2529,9.97,0,,,,,1,4.3,ok
TIC 113677578,294.1051,-34.6945,9.97,0,,,,,1,4.1,ok
TIC 38697411,66.0633,-64.1873,9.97,0,,,,,28,17.8,ok
TIC 38508644,62.266,-64.7015,9.97,0,,,,,21,16.2,ok
TIC 280830660,44.6382,-70.5105,9.97,0,,,,,3,11.3,ok
TIC 55476806,71.1471,-60.4819,9.97,0,,,,,19,20.8,ok
TIC 352315516,300.5555,-70.8874,9.97,0,,,,,8,17.3,ok
TIC 61516388,288.2485,-47.161,9.97,0,,18.2,rejete,variabilite_continue;eclipse_secondaire,5,17.7,ok
TIC 149155360,81.353,-61.0065,9.98,0,,,,,20,19.3,ok
TIC 142054159,97.8048,-74.3523,9.98,0,,,,,31,18.7,ok
TIC 364324096,87.8745,-61.9898,9.98,0,,,,,21,19.0,ok
TIC 269721770,302.4456,-40.2606,9.98,0,,,,,1,6.4,ok
TIC 260608820,97.5088,-56.5464,9.98,0,,,,,34,18.1,ok
TIC 167249373,97.4996,-70.6206,9.98,0,,,,,20,23.7,ok
TIC 33836833,63.9922,-76.7461,9.98,0,,,,,31,17.6,ok
TIC 350709221,88.2368,-56.0087,9.98,0,,,,,31,19.2,ok
TIC 142105613,99.0206,-72.0288,9.98,0,,,,,33,17.4,ok
TIC 265179710,298.4882,-82.6784,9.98,0,,,,,10,19.7,ok
TIC 309755266,79.5389,-60.0898,9.98,0,,,,,21,19.1,ok
TIC 294098955,107.7108,-57.6129,9.98,0,,,,,39,16.8,ok
TIC 167601581,102.0418,-63.4443,9.98,0,,,,,20,17.1,ok
TIC 425561347,286.0731,-32.3543,9.98,0,,,,,4,8.9,ok
TIC 300867750,117.2899,-68.2518,9.99,0,,,,,34,18.3,ok
TIC 150428935,96.9948,-64.152,9.99,0,,,,,25,17.7,ok
TIC 149160359,81.4551,-64.9894,9.99,0,,,,,15,18.3,ok
TIC 6898578,285.4515,-50.0583,9.99,0,,,,,2,7.5,ok
TIC 350432306,84.8904,-59.3714,9.99,0,,,,,21,25.9,ok
TIC 40183989,76.8705,-71.1308,9.99,0,,,,,42,21.4,ok
TIC 300242150,109.7005,-71.1988,9.99,0,,,,,21,17.6,ok
TIC 406277015,326.1261,-60.9781,9.99,0,,,,,11,21.5,ok
TIC 272232849,117.5441,-75.9554,9.99,0,,,,,22,18.0,ok
TIC 176936142,100.6652,-68.7183,9.99,0,,,,,28,20.4,ok
TIC 141712654,90.5877,-72.3632,9.99,0,,,,,30,21.7,ok
TIC 234307050,34.8868,-70.1982,9.99,0,,,,,3,7.8,ok
TIC 350434130,85.0447,-55.9924,9.99,0,,,,,31,18.9,ok
TIC 150247721,94.2913,-61.4568,9.99,0,,,,,31,21.3,ok
TIC 350821292,89.5298,-56.2801,9.99,0,,,,,32,19.6,ok
TIC 32091784,58.8725,-67.0639,9.99,0,,,,,28,18.0,ok
TIC 150391118,96.5195,-63.306,9.99,0,,,,,39,19.3,ok
TIC 149601263,87.035,-60.115,9.99,0,,,,,25,17.9,ok
TIC 40802388,78.5535,-70.4543,9.99,0,,,,,33,20.4,ok
TIC 167121881,96.1945,-67.6948,10.0,0,,,,,20,20.8,ok
TIC 149970599,89.7476,-60.5274,10.0,0,,,,,21,18.9,ok
TIC 272357006,119.5304,-73.3127,10.0,0,,,,,19,18.5,ok
TIC 231721005,80.7402,-53.7646,10.0,0,,,,,10,21.4,ok
TIC 309616590,78.9368,-59.9952,10.0,0,,,,,21,18.7,ok
TIC 350654712,88.0212,-59.9702,10.0,1,1.0743,15.5,rejete,variabilite_continue;eclipse_secondaire,35,23.8,ok
TIC 358156337,70.2202,-72.8281,10.0,0,,,,,28,19.5,ok
TIC 271575759,106.1774,-76.3985,10.0,0,,,,,21,22.0,ok
TIC 112754799,291.8166,-31.1713,10.0,0,,,,,1,5.3,ok
TIC 287329267,109.7835,-59.302,10.0,0,,,,,29,17.0,ok
TIC 149303310,83.1953,-63.0125,10.0,0,,,,,31,18.8,ok
TIC 6667908,284.4045,-52.8506,10.0,0,,,,,4,8.0,ok
TIC 270428924,96.1434,-81.8158,10.0,0,,,,,1,4.9,ok
TIC 55664730,74.5776,-62.5096,10.0,0,,,,,21,16.7,ok
TIC 150323684,95.7808,-62.262,10.0,0,,,,,25,16.6,ok
TIC 382067804,79.4706,-54.1014,10.01,0,,,,,15,17.2,ok
TIC 179123560,79.2152,-71.6055,10.01,1,2.9597,41.3,rejete,variabilite_continue;eclipse_secondaire,33,20.6,ok
TIC 38696526,66.0294,-61.4406,10.01,0,,,,,4,9.0,ok
TIC 469810663,300.0468,-71.9668,10.01,0,,,,,5,8.9,ok
TIC 272468304,120.4236,-72.4816,10.01,0,,,,,20,15.9,ok
TIC 150098291,91.7666,-63.0924,10.01,0,,,,,36,18.2,ok
TIC 261258046,90.0488,-78.1112,10.01,0,,,,,20,17.5,ok
TIC 167341796,98.7103,-66.5953,10.01,0,,,,,31,16.5,ok
TIC 38846471,68.8813,-63.9161,10.01,0,,129.1,rejete,variabilite_continue;eclipse_secondaire,20,25.2,ok
TIC 281582156,115.9286,-61.1213,10.01,0,,,,,34,18.0,ok
TIC 79748331,296.0039,-47.5623,10.01,0,,,,,6,11.9,ok
TIC 280098265,47.2847,-74.6708,10.01,0,,,,,11,17.8,ok
TIC 349682044,112.591,-61.4984,10.01,0,,,,,22,16.3,ok
TIC 456611976,282.4547,-57.4481,10.01,0,,,,,4,8.6,ok
TIC 405425498,337.5177,-67.8501,10.01,0,,15.1,rejete,variabilite_continue,11,21.0,ok
TIC 350342224,84.4247,-54.432,10.01,0,,,,,23,19.2,ok
TIC 299940595,106.1824,-67.8513,10.01,1,1.4021,13.7,rejete,variabilite_continue;eclipse_secondaire,21,21.9,ok
TIC 167247946,97.6968,-68.6765,10.01,0,,,,,28,18.4,ok
TIC 167892002,105.4304,-61.6036,10.01,0,,,,,34,22.7,ok
TIC 220481295,76.0478,-59.2243,10.02,0,,,,,33,18.3,ok
TIC 220407801,70.3256,-58.9023,10.02,0,,,,,25,17.0,ok
TIC 55606568,73.4528,-65.0688,10.02,0,,,,,33,19.0,ok
TIC 220481181,75.9761,-58.8434,10.02,0,,,,,21,20.2,ok
TIC 150146216,93.0857,-61.6061,10.02,0,,,,,27,19.1,ok
TIC 25196278,63.8644,-70.8406,10.02,0,,,,,21,20.9,ok
TIC 271975549,114.3638,-74.9812,10.02,0,,,,,28,17.9,ok
TIC 299945285,106.665,-71.4469,10.02,0,,,,,43,17.4,ok
TIC 38708042,66.5045,-62.5508,10.02,0,,,,,31,18.7,ok
TIC 167719120,103.1195,-64.2376,10.02,0,,,,,28,16.0,ok
TIC 177253915,101.8065,-73.6474,10.03,0,,,,,32,20.1,ok
TIC 278779083,100.0245,-57.0781,10.03,0,,,,,33,17.6,ok
TIC 272189048,116.6648,-72.4772,10.03,0,,,,,21,18.3,ok
TIC 382198167,81.4449,-59.2582,10.03,0,,,,,19,18.3,ok
TIC 141482983,86.6859,-72.0072,10.03,0,,,,,28,18.0,ok
TIC 32052179,57.2587,-69.3436,10.03,0,,,,,27,19.8,ok
TIC 300035305,107.5552,-68.3047,10.03,0,,,,,20,16.9,ok
TIC 55367245,77.2247,-63.2209,10.03,0,,,,,20,17.8,ok
TIC 349908187,113.9944,-62.3883,10.03,0,,,,,20,19.2,ok
TIC 349972048,114.4547,-61.7108,10.03,0,,,,,32,19.3,ok
TIC 38633258,65.1902,-60.3025,10.03,0,,,,,24,18.1,ok
TIC 271697953,109.9934,-75.4246,10.03,0,,,,,32,18.0,ok
TIC 407616543,69.4338,-74.0009,10.03,0,,,,,4,6.6,ok
TIC 451606970,285.0501,-84.4482,10.03,0,,,,,?,12.2,erreur
TIC 267489655,9.4513,-77.18,10.03,0,,,,,2,8.1,ok
TIC 272288550,118.6421,-72.7378,10.03,0,,,,,31,20.5,ok
TIC 253844785,283.1093,-37.5107,10.04,0,,,,,2,7.0,ok
TIC 309792357,80.1061,-59.8953,10.04,0,,,,,42,20.5,ok
TIC 38905722,69.2829,-60.1327,10.04,0,,,,,21,18.0,ok
TIC 141756071,91.4723,-75.1744,10.04,0,,,,,39,18.4,ok
TIC 31107108,76.3627,-67.7204,10.04,1,4.0474,73.5,rejete,eclipse_secondaire;compagnon_trop_gros_9.8Rjup,19,22.5,ok
TIC 382160281,81.0479,-58.4683,10.04,0,,,,,27,17.9,ok
TIC 201169126,283.4195,-38.6189,10.04,0,,,,,2,5.6,ok
TIC 177113114,103.6651,-70.1298,10.04,0,,,,,19,18.8,ok
TIC 31512254,89.2532,-67.1068,10.04,0,,,,,15,18.0,ok
TIC 167342488,98.9429,-67.6232,10.04,0,,,,,29,18.0,ok
TIC 55662510,74.3699,-63.2039,10.04,0,,,,,21,20.1,ok
TIC 40404470,77.2942,-69.6034,10.04,0,,,,,33,20.8,ok
TIC 293345927,98.963,-61.1029,10.04,0,,120.0,rejete,variabilite_continue;eclipse_secondaire;compagnon_trop_gros_2.6Rjup,39,20.6,ok
TIC 176875749,101.1318,-76.9199,10.04,0,,,,,20,18.2,ok
TIC 41587424,93.9473,-69.6113,10.04,0,,,,,30,18.8,ok
TIC 149502950,85.8463,-64.716,10.04,0,,,,,28,18.6,ok
TIC 295072161,72.6796,-70.355,10.04,0,,,,,40,18.8,ok
TIC 55522986,72.0958,-60.9648,10.04,0,,,,,32,15.9,ok
TIC 382198859,81.6892,-58.7172,10.04,0,,,,,21,17.6,ok
TIC 167691903,102.7731,-62.9477,10.04,0,,,,,22,21.9,ok
TIC 150359212,96.0699,-60.3659,10.04,0,,,,,32,22.5,ok
TIC 300871545,117.6573,-70.5334,10.04,0,,80.0,rejete,variabilite_continue;eclipse_secondaire,29,25.1,ok
TIC 349484401,110.8375,-60.1004,10.04,0,,,,,39,17.7,ok
TIC 358106731,48.3415,-72.5023,10.04,0,,,,,6,16.4,ok
TIC 382190001,81.3287,-58.0829,10.05,0,,,,,21,17.8,ok
TIC 141757732,91.403,-73.2219,10.05,0,,,,,34,20.6,ok
TIC 141941684,95.1702,-75.7173,10.05,0,,,,,33,19.3,ok
TIC 55271188,76.2756,-60.1366,10.05,0,,,,,28,19.8,ok
TIC 300812741,116.9732,-71.0021,10.05,0,,,,,29,18.5,ok
TIC 279356185,104.5614,-57.2685,10.05,0,,,,,26,16.2,ok
TIC 278777620,99.7433,-59.8641,10.05,0,,,,,31,18.1,ok
TIC 149473074,85.1892,-60.9618,10.05,0,,,,,21,22.3,ok
TIC 350765777,88.9845,-59.9434,10.05,0,,,,,31,18.4,ok
TIC 272236113,117.9386,-72.3948,10.05,0,,,,,27,17.3,ok
TIC 220411221,70.7121,-59.0325,10.05,0,,,,,41,16.0,ok
TIC 31945363,54.653,-67.972,10.05,0,,,,,19,15.7,ok
TIC 260420562,95.9442,-59.5225,10.05,0,,,,,32,15.9,ok
TIC 177350828,103.9716,-73.4987,10.05,0,,,,,23,20.9,ok
TIC 279091106,102.8158,-59.2132,10.05,0,,,,,30,19.6,ok
TIC 38939558,69.6,-60.6014,10.05,0,,,,,21,18.3,ok
TIC 167656416,102.7545,-60.0084,10.06,0,,,,,20,17.6,ok
TIC 141870589,94.3869,-73.1224,10.06,0,,,,,20,17.0,ok
TIC 300087059,108.1211,-69.7212,10.06,0,,,,,29,17.9,ok
TIC 141280939,83.2636,-76.8902,10.06,0,,,,,21,19.3,ok
TIC 350342756,84.5622,-55.8207,10.06,0,,,,,32,19.1,ok
TIC 349095149,107.921,-65.5087,10.06,0,,,,,44,18.4,ok
TIC 279251034,103.9529,-59.6711,10.06,0,,,,,21,18.6,ok
TIC 372849495,98.0664,-60.0831,10.06,0,,,,,21,18.9,ok
TIC 382145909,80.4725,-55.128,10.06,0,,,,,5,14.5,ok
TIC 179308939,79.8182,-69.6556,10.06,0,,95.4,rejete,variabilite_continue;eclipse_secondaire,28,23.7,ok
TIC 293935083,106.6245,-59.1035,10.06,0,,,,,33,19.9,ok
TIC 374344761,299.8716,-67.2016,10.06,0,,,,,8,17.6,ok
TIC 30313682,74.1904,-66.891,10.06,0,,686.3,rejete,eclipse_secondaire;compagnon_trop_gros_4.9Rjup,27,26.7,ok
TIC 349767242,112.8573,-60.6638,10.06,0,,,,,31,17.2,ok
TIC 349832017,113.6968,-63.9582,10.06,0,,,,,21,17.3,ok
TIC 375034743,99.5167,-61.872,10.06,0,,,,,30,20.1,ok
TIC 382268257,83.0422,-55.2257,10.06,0,,,,,32,19.1,ok
TIC 407622480,70.8875,-74.1356,10.06,0,,,,,21,15.6,ok
TIC 176953878,100.6769,-71.8372,10.06,0,,,,,28,18.3,ok
TIC 150430044,97.0935,-62.0369,10.06,0,,,,,31,18.2,ok
TIC 31505975,88.8494,-71.434,10.06,0,,,,,33,17.7,ok
TIC 177258863,102.0094,-73.071,10.06,0,,,,,23,17.1,ok
TIC 141713593,91.1252,-72.3096,10.06,0,,,,,20,17.5,ok
TIC 25063986,60.0799,-68.9669,10.06,0,,,,,31,22.0,ok
TIC 349648510,112.1714,-65.7748,10.07,0,,,,,33,18.2,ok
TIC 254241941,288.2873,-39.0334,10.07,0,,,,,2,7.1,ok
TIC 149971754,90.0118,-61.8279,10.07,0,,,,,41,17.3,ok
TIC 293618282,359.9192,-73.1541,10.07,0,,,,,3,8.4,ok
TIC 177385193,104.3596,-73.8207,10.07,0,,,,,33,17.6,ok
TIC 425086652,82.9663,-66.1752,10.07,0,,,,,28,18.2,ok
TIC 261330662,91.5461,-81.5411,10.07,0,,,,,9,18.5,ok
TIC 182900321,282.1743,-46.7848,10.07,0,,,,,1,3.6,ok
TIC 149422364,84.5488,-63.1041,10.07,0,,,,,31,16.8,ok
TIC 177077336,103.2429,-70.6413,10.07,0,,,,,43,18.8,ok
TIC 300867605,117.3107,-68.0882,10.07,0,,,,,20,18.1,ok
TIC 55604222,73.3036,-60.0557,10.07,0,,,,,22,19.4,ok
TIC 407662059,83.1574,-73.0836,10.07,0,,,,,40,18.7,ok
TIC 381983065,284.0179,-69.3676,10.07,0,,,,,4,11.8,ok
TIC 271806644,111.8109,-77.5266,10.07,0,,,,,22,21.2,ok
TIC 382159282,80.9405,-55.7743,10.08,0,,,,,20,21.5,ok
TIC 349190958,108.4436,-60.9899,10.08,0,,,,,28,21.1,ok
TIC 257719472,77.8341,-57.1968,10.08,0,,,,,29,18.2,ok
TIC 348841768,98.9872,-58.1486,10.08,0,,,,,32,19.6,ok
TIC 348841685,98.8513,-58.3194,10.08,0,,,,,21,19.3,ok
TIC 294054503,107.1999,-59.9357,10.08,0,,,,,33,19.6,ok
TIC 253973690,284.3369,-36.7171,10.08,0,,,,,1,4.5,ok
TIC 294667110,70.6033,-67.2133,10.08,0,,,,,31,20.0,ok
TIC 279362204,104.793,-59.2302,10.08,0,,,,,43,17.9,ok
TIC 260268105,94.0726,-55.8,10.08,0,,,,,23,18.4,ok
TIC 150391436,96.581,-62.6489,10.08,0,,,,,31,18.1,ok
TIC 339770690,111.1972,-59.5367,10.08,0,,,,,28,18.3,ok
TIC 38468130,61.655,-62.8209,10.08,0,,,,,25,19.4,ok
TIC 394230860,47.8086,-74.0441,10.09,0,,,,,15,20.4,ok
TIC 370117386,70.2421,-71.389,10.09,0,,,,,21,25.6,ok
TIC 287408257,82.389,-69.4451,10.09,0,,,,,31,18.9,ok
TIC 141625087,89.4995,-73.366,10.09,0,,,,,26,21.3,ok
TIC 167342439,98.7295,-67.5373,10.09,0,,,,,37,18.4,ok
TIC 349835367,113.7454,-63.7343,10.09,0,,,,,20,19.6,ok
TIC 309613894,78.6956,-64.7003,10.09,0,,,,,31,19.1,ok
TIC 140858600,76.3942,-75.4629,10.09,0,,,,,21,17.3,ok
TIC 260043056,91.4035,-59.3929,10.09,0,,,,,21,18.4,ok
TIC 424796997,291.0685,-51.5,10.09,0,,,,,6,12.3,ok
TIC 149248932,82.5919,-65.7134,10.09,0,,,,,28,18.4,ok
TIC 424875114,291.3854,-48.961,10.09,0,,,,,4,12.5,ok
TIC 167123841,96.3015,-66.486,10.09,0,,,,,33,19.0,ok
TIC 149176503,81.703,-60.931,10.09,0,,,,,31,20.9,ok
TIC 140828333,75.304,-75.0967,10.09,0,,,,,34,17.4,ok
TIC 220407585,70.2643,-58.1177,10.1,0,,,,,24,18.6,ok
TIC 278726770,99.412,-57.0873,10.1,0,,,,,10,20.1,ok
TIC 350434027,85.06,-56.2389,10.1,0,,,,,32,18.2,ok
TIC 167718398,103.2071,-62.9632,10.1,0,,,,,24,16.5,ok
TIC 182235648,281.6691,-47.5337,10.1,0,,,,,2,9.6,ok
TIC 150359892,96.3311,-60.7936,10.1,0,,,,,33,21.7,ok
TIC 141480394,86.7996,-74.5161,10.1,0,,,,,23,16.7,ok
TIC 339858128,111.4719,-54.9966,10.1,0,,,,,3,7.9,ok
TIC 150441800,97.9489,-61.0696,10.1,0,,,,,31,17.5,ok
TIC 150274632,95.0033,-61.7731,10.1,0,,,,,32,16.4,ok
TIC 30317301,74.2836,-68.4201,10.1,0,,,,,43,17.8,ok
TIC 350518799,86.1816,-56.2978,10.1,0,,,,,20,19.4,ok
TIC 150148654,93.0695,-63.8602,10.1,0,,,,,3,7.2,ok
TIC 349307106,109.5836,-60.6086,10.11,0,,,,,28,16.7,ok
TIC 179206253,79.5077,-69.5605,10.11,0,,,,,31,17.3,ok
TIC 350708318,88.1244,-55.05,10.11,0,,,,,20,15.8,ok
TIC 142085649,98.2982,-77.7726,10.11,0,,,,,25,19.6,ok
TIC 260078169,91.9365,-55.3729,10.11,0,,,,,21,16.2,ok
TIC 382244430,81.9698,-59.4183,10.11,0,,,,,35,26.4,ok
TIC 382244825,82.0883,-58.285,10.11,0,,,,,33,18.5,ok
TIC 364590050,86.0975,-75.6295,10.11,0,,,,,33,17.6,ok
TIC 364589962,86.0695,-75.7944,10.11,0,,,,,20,17.1,ok
TIC 177034616,102.6836,-70.2646,10.11,0,,,,,31,20.2,ok
