nom,RA,Dec,Tmag,n_candidats,periodes,snr_max,verdict_auto,raisons_auto,n_secteurs,secondes,status
TIC 392834850,158.2028,9.3066,4.0,0,,,,,3,6.5,ok
TIC 26864144,112.453,27.916,4.08,0,,,,,7,12.2,ok
TIC 406325053,142.9858,11.2993,4.09,0,,,,,3,5.5,ok
TIC 407229678,144.3024,6.8358,4.09,0,,,,,5,9.2,ok
TIC 144198478,177.7768,-11.2079,4.09,0,,,,,6,10.8,ok
TIC 418149723,146.5419,6.7084,4.09,0,,,,,5,8.6,ok
TIC 363571931,171.9844,2.8562,4.1,0,,,,,2,3.9,ok
TIC 363496434,170.2836,6.0292,4.11,0,,,,,3,5.5,ok
TIC 332064718,133.119,28.2591,4.14,0,,,,,4,7.4,ok
TIC 283785572,134.6219,11.8575,4.17,0,,,,,4,6.9,ok
TIC 318184988,162.1689,-1.9588,4.18,0,,,,,7,12.3,ok
TIC 134911095,196.9743,-10.7405,4.18,0,,,,,2,3.8,ok
TIC 35283826,138.8075,14.9414,4.21,0,,,,,3,5.3,ok
TIC 366657979,133.9813,11.6259,4.23,0,,,,,4,7.2,ok
TIC 26693841,110.8683,25.0504,4.23,0,,,,,5,8.2,ok
TIC 290022685,192.4458,-15.0789,4.24,0,,,,,5,8.6,ok
TIC 349065534,185.2321,-13.5657,4.24,0,,,,,6,10.3,ok
TIC 240173727,168.9662,13.3075,4.25,0,,,,,5,9.0,ok
TIC 443616529,169.1647,-3.6518,4.26,0,,15.0,rejete,variabilite_continue;eclipse_secondaire;compagnon_trop_gros_2.6Rjup,5,12.7,ok
TIC 178268553,128.1768,20.4409,4.27,0,,,,,4,7.0,ok
TIC 392846336,158.6994,6.9541,4.27,0,,,,,3,5.3,ok
TIC 292113060,198.1906,-1.7585,4.29,0,,,,,2,4.2,ok
TIC 418159863,146.5971,11.8102,4.3,0,,,,,3,5.5,ok
TIC 903126673,166.2528,7.3358,4.3,0,,,,,3,5.7,ok
TIC 97600373,126.6152,27.8929,4.33,0,,,,,6,10.4,ok
TIC 386908527,137.3397,22.0455,4.33,0,,,,,4,7.3,ok
TIC 366439845,126.478,7.5644,4.34,0,,,,,6,10.3,ok
TIC 95431211,154.9325,19.4696,4.36,0,,,,,4,7.2,ok
TIC 82119509,197.4872,-5.5392,4.36,0,,,,,2,3.7,ok
TIC 126277076,133.9152,27.9273,4.39,0,,,,,5,8.4,ok
TIC 98662322,185.8283,-11.8122,4.39,0,,,,,6,10.5,ok
TIC 350347140,166.2502,7.3357,4.39,0,,,,,3,5.5,ok
TIC 239189268,113.7865,30.961,4.46,0,,,,,8,13.3,ok
TIC 70551630,115.2438,23.0185,4.49,0,,,,,5,8.5,ok
TIC 247119634,112.9519,17.0856,4.5,0,,,,,5,8.6,ok
TIC 366355413,125.98,10.6319,4.5,0,,,,,8,13.8,ok
TIC 19115867,120.197,17.3087,4.51,0,,,,,5,8.1,ok
TIC 312153698,140.8731,7.7135,4.52,0,,,,,4,7.1,ok
TIC 95819194,161.6029,18.8913,4.53,0,,,,,4,7.1,ok
TIC 397432966,180.2183,6.6141,4.54,0,,,,,3,5.3,ok
TIC 380675632,191.9642,3.5727,4.54,0,,,,,4,6.7,ok
TIC 134964762,197.4386,-10.3294,4.54,0,,,,,2,3.6,ok
TIC 257217126,137.1104,13.2201,4.54,0,,,,,4,7.0,ok
TIC 67505239,172.4242,15.413,4.55,0,,,,,5,8.5,ok
TIC 293462362,132.1646,12.5469,4.55,0,,,,,4,6.8,ok
TIC 134939034,197.1351,-8.9848,4.55,0,,,,,2,3.6,ok
TIC 308210818,198.0154,-16.2004,4.56,0,,,,,5,8.6,ok
TIC 363531747,171.0096,1.4078,4.57,0,,,,,3,5.6,ok
TIC 350440001,167.6531,11.3016,4.57,0,,,,,3,5.3,ok
TIC 114957880,200.8286,-4.9245,4.58,0,,,,,2,3.9,ok
TIC 234411236,113.3644,11.0116,4.63,0,,,,,6,9.9,ok
TIC 399057171,187.8391,7.6044,4.63,0,,,,,3,5.2,ok
TIC 14341652,163.4316,-2.1291,4.63,0,,,,,6,10.5,ok
TIC 301539114,166.7235,1.955,4.65,0,,,,,3,5.4,ok
TIC 47379607,162.7722,-3.0927,4.65,0,,,,,7,12.2,ok
TIC 302188141,125.016,27.2154,4.66,0,,,,,6,10.6,ok
TIC 184893591,130.8208,21.4683,4.68,0,,,,,4,7.2,ok
TIC 155177829,144.2607,16.4379,4.68,0,,,,,3,5.5,ok
TIC 397074306,198.7616,4.5174,4.69,0,,,,,4,6.7,ok
TIC 134968435,197.8364,-10.514,4.71,0,,,,,2,3.8,ok
TIC 358841370,161.6045,14.1942,4.71,0,,,,,3,5.6,ok
TIC 344952754,151.8888,0.9183,4.72,0,,,,,6,10.5,ok
TIC 96244566,181.3958,-5.8459,4.72,0,,,,,2,3.8,ok
TIC 18941926,119.2475,15.79,4.72,0,,,,,5,8.3,ok
TIC 78310428,177.7593,-5.3333,4.72,0,,,,,1,2.2,ok
TIC 396931486,176.3214,8.258,4.72,0,,,,,5,8.8,ok
TIC 277696329,153.2012,4.6146,4.73,0,,,,,4,7.0,ok
TIC 363516679,170.8245,0.132,4.74,0,,,,,3,5.5,ok
TIC 2489039,194.3027,-12.067,4.75,0,,,,,2,4.0,ok
TIC 380640135,178.7629,8.444,4.75,0,,,,,5,8.9,ok
TIC 185194540,173.198,-7.8275,4.75,0,,,,,6,10.5,ok
TIC 337749171,179.5581,3.482,4.76,0,,,,,2,4.0,ok
TIC 377098257,148.4926,10.2589,4.77,0,,,,,3,5.9,ok
TIC 60846097,111.9345,21.4445,4.79,0,,,,,3,5.7,ok
TIC 19002565,119.6311,16.5187,4.79,0,,,,,5,8.6,ok
TIC 6894441,125.6053,14.992,4.81,0,,,,,5,8.8,ok
TIC 1652548,188.3926,-12.8299,4.82,0,,,,,5,9.0,ok
TIC 97366116,123.6814,24.7347,4.82,0,,,,,5,9.1,ok
TIC 405800951,142.1214,8.1881,4.82,0,,,,,4,7.1,ok
TIC 264239035,108.6356,12.1157,4.83,0,,,,,8,13.9,ok
TIC 290946125,168.5079,8.06,4.83,0,,,,,3,6.0,ok
TIC 14454264,125.0878,20.7474,4.85,0,,,,,5,9.8,ok
TIC 17597783,117.2579,13.3718,4.85,0,,,,,7,12.3,ok
TIC 301627020,173.4016,2.4989,4.86,0,,,,,2,3.9,ok
TIC 377190057,185.5626,4.8549,4.86,0,,,,,4,6.9,ok
TIC 171303902,118.374,26.7656,4.87,0,,,,,5,8.8,ok
TIC 77072037,166.6836,17.7372,4.87,0,,,,,5,8.9,ok
TIC 350329445,165.1864,6.1013,4.87,0,,,,,2,4.0,ok
TIC 152738837,180.1858,-10.4491,4.87,0,,,,,5,8.8,ok
TIC 152775187,180.7151,-7.6835,4.87,0,,,,,4,7.1,ok
TIC 156838018,147.7584,13.0662,4.87,0,,,,,3,5.7,ok
TIC 377156334,149.5319,8.3139,4.87,0,,,,,3,5.9,ok
TIC 377129199,149.1079,8.9332,4.89,0,,,,,3,5.6,ok
TIC 286752363,143.4961,23.4534,4.89,0,,,,,5,9.0,ok
TIC 19064095,119.8959,13.2421,4.91,0,,,,,6,10.0,ok
TIC 380730403,192.9035,3.0569,4.92,0,,,,,4,7.3,ok
TIC 14325973,163.1504,-0.2018,4.92,0,,,,,5,8.9,ok
TIC 323523285,135.6867,7.2983,4.92,0,,,,,8,13.3,ok
TIC 144248958,178.1879,-7.5967,4.93,0,,,,,5,9.0,ok
TIC 390633441,191.4037,7.6734,4.93,0,,,,,4,7.1,ok
TIC 1008348,165.9021,-0.0008,4.93,0,,,,,3,5.5,ok
TIC 26861880,112.3349,28.118,4.98,0,,,,,7,12.3,ok
TIC 444009479,132.1544,10.4331,5.0,0,,,,,5,8.9,ok
TIC 366699517,182.4224,1.8968,5.0,0,,,,,2,3.9,ok
TIC 97255459,122.6128,25.5052,5.0,0,,,,,4,7.1,ok
TIC 16160380,115.1966,13.7712,5.01,0,,,,,5,9.1,ok
TIC 363459391,169.7288,1.6501,5.01,0,,,,,3,5.8,ok
TIC 7978123,156.6535,-0.988,5.02,0,,,,,6,10.3,ok
TIC 171526610,120.2329,25.3929,5.04,0,,,,,5,8.8,ok
TIC 70580781,115.2855,20.4289,5.04,0,,,,,4,7.6,ok
TIC 374350811,160.8373,4.7475,5.06,0,,,,,3,5.4,ok
TIC 82203007,147.971,24.3943,5.07,0,,,,,5,9.2,ok
TIC 386640465,195.1497,-3.3682,5.08,0,,,,,2,3.9,ok
TIC 63083608,117.9862,19.3249,5.08,0,,,,,5,9.0,ok
TIC 350068322,155.5589,8.9643,5.09,0,,,,,3,5.5,ok
TIC 51643362,189.6803,-4.3736,5.09,0,,,,,2,3.7,ok
TIC 301538580,166.5093,1.2106,5.1,0,,,,,3,5.6,ok
TIC 800823403,123.0538,17.6467,5.11,0,,,,,5,8.9,ok
TIC 437043977,134.3127,15.3229,5.12,0,,,,,4,7.4,ok
TIC 350068889,155.7518,6.542,5.13,0,,,,,3,5.8,ok
TIC 16327751,116.0401,14.1731,5.13,0,,,,,6,10.9,ok
TIC 51759683,190.9088,-1.5774,5.14,0,,,,,2,3.9,ok
TIC 270468682,135.3806,5.641,5.15,0,,,,,8,14.2,ok
TIC 1008931,165.9091,-3.2043,5.15,0,,,,,7,12.6,ok
TIC 156583079,190.4905,-7.5006,5.15,0,,,,,2,3.7,ok
TIC 333800160,130.8013,12.6809,5.16,0,,32.5,rejete,variabilite_continue;eclipse_secondaire;compagnon_trop_gros_6.1Rjup,4,9.9,ok
TIC 69295126,121.2685,13.1178,5.17,0,,,,,7,11.8,ok
TIC 393700571,200.5073,2.7572,5.17,0,,,,,4,6.8,ok
TIC 396936613,176.5262,7.1739,5.17,0,,,,,3,5.4,ok
TIC 178246799,127.9219,18.9876,5.17,0,,,,,4,7.4,ok
TIC 16326961,116.0585,12.86,5.18,0,,,,,6,10.8,ok
TIC 171598429,156.7516,19.3645,5.18,0,,,,,4,7.2,ok
TIC 152718189,179.789,-10.4757,5.18,0,,,,,6,10.4,ok
TIC 437052154,134.8619,13.0743,5.18,0,,,,,4,7.1,ok
TIC 125553052,145.4102,25.9127,5.18,0,,,,,4,7.2,ok
TIC 67445533,171.4006,16.4565,5.19,0,,,,,4,7.3,ok
TIC 247139895,113.4019,15.8266,5.19,0,,,,,5,8.6,ok
TIC 262685263,148.5278,4.9455,5.2,0,,,,,5,8.6,ok
TIC 27633149,123.2488,16.5142,5.21,0,,,,,5,8.9,ok
TIC 97253998,122.5545,25.8443,5.21,0,,,,,5,8.7,ok
TIC 275308895,149.7033,4.8083,5.21,0,,,,,5,8.7,ok
TIC 4300927,115.8741,32.4468,5.21,0,,,,,8,13.5,ok
TIC 332064670,133.1458,28.3294,5.21,0,,,,,4,7.1,ok
TIC 411171750,152.3809,9.5931,5.21,0,,,,,3,5.5,ok
TIC 8002833,157.5726,-0.6372,5.21,0,,,,,6,10.6,ok
TIC 405799481,142.1145,9.0568,5.22,0,,,,,3,5.5,ok
TIC 290022877,192.4403,-15.8833,5.23,0,,,,,5,8.6,ok
TIC 144124311,175.98,-6.6774,5.23,0,,,,,6,10.3,ok
TIC 374364375,161.2892,2.4879,5.23,0,,,,,3,5.3,ok
TIC 271096331,116.5673,10.7681,5.24,0,,18.0,rejete,variabilite_continue;eclipse_secondaire,7,16.2,ok
TIC 27511818,122.5037,17.0164,5.25,0,,,,,5,9.0,ok
TIC 35028593,180.2571,-1.7686,5.26,0,,,,,1,2.2,ok
TIC 85911344,137.5869,21.9964,5.26,0,,,,,4,7.0,ok
TIC 20537801,128.4375,13.257,5.27,0,,,,,4,6.8,ok
TIC 411250130,195.3768,1.5203,5.27,0,,,,,4,7.3,ok
TIC 173097832,171.9736,-1.6999,5.28,0,,,,,3,5.5,ok
TIC 130636421,187.9111,-5.0524,5.29,0,,,,,2,3.6,ok
TIC 366803974,198.4895,1.4562,5.29,0,,,,,4,7.3,ok
TIC 453189454,111.2423,11.6694,5.29,0,,,,,8,13.6,ok
TIC 377231810,186.0479,5.9714,5.29,0,,,,,4,6.9,ok
TIC 358670579,149.5556,12.4447,5.29,0,,,,,3,5.5,ok
TIC 234377281,112.7865,11.2029,5.29,0,,,,,7,12.6,ok
TIC 388906923,174.5406,8.8838,5.29,0,,,,,3,5.7,ok
TIC 393565194,162.3143,10.545,5.3,0,,,,,3,5.3,ok
TIC 135041655,198.6878,-10.3707,5.3,0,,,,,2,3.8,ok
TIC 323658126,136.9366,10.6681,5.31,0,,,,,4,7.1,ok
TIC 418148001,146.3694,10.2219,5.32,0,,,,,3,5.4,ok
TIC 14328047,163.3532,-2.2558,5.32,0,,,,,6,10.8,ok
TIC 95360514,154.3078,23.1056,5.32,0,,,,,3,5.5,ok
TIC 437043434,134.2843,17.1436,5.32,0,,,,,4,7.0,ok
TIC 49455402,174.6001,-2.4358,5.32,0,,,,,2,3.8,ok
TIC 26831522,112.1664,27.5531,5.32,0,,,,,5,9.0,ok
TIC 60948816,112.3258,22.7885,5.32,0,,,,,3,5.5,ok
TIC 455274792,146.598,1.7853,5.32,0,,,,,7,12.8,ok
TIC 165884459,131.3393,30.6977,5.33,0,,,,,4,7.5,ok
TIC 380543530,173.5903,3.0595,5.33,0,,,,,2,3.8,ok
TIC 350475665,176.9784,8.2459,5.34,0,,,,,5,9.0,ok
TIC 114960770,201.1393,-5.1642,5.35,0,,,,,2,3.7,ok
TIC 284992911,137.1963,26.6269,5.35,0,,,,,6,11.4,ok
TIC 149398459,139.8139,26.2517,5.35,0,,,,,6,10.6,ok
TIC 283768251,134.4251,9.3877,5.36,0,,,,,7,11.8,ok
TIC 95360265,154.1332,23.5033,5.36,0,,,,,3,5.8,ok
TIC 284768611,120.2005,19.8162,5.37,0,,,,,3,5.5,ok
TIC 376785713,179.987,3.6552,5.38,0,,,,,2,4.0,ok
TIC 95777124,160.9547,18.3127,5.38,0,,,,,3,5.8,ok
TIC 1629931,188.1491,-13.8594,5.39,0,,,,,5,8.6,ok
TIC 376851227,181.0785,4.9317,5.4,0,,,,,2,4.1,ok
TIC 344951025,151.6974,5.6114,5.4,0,,,,,2,3.9,ok
TIC 3699722,127.8766,24.0808,5.41,0,,,,,5,9.0,ok
TIC 82503161,122.8178,19.1485,5.41,0,,,,,3,5.6,ok
TIC 62736746,115.8423,22.3996,5.43,0,,,,,5,8.9,ok
TIC 366700717,182.5133,5.8071,5.43,0,,,,,2,4.1,ok
TIC 14781149,179.1116,14.1861,5.43,0,,,,,3,5.9,ok
TIC 277810712,156.0552,2.3679,5.43,0,,,,,5,8.7,ok
TIC 293279425,118.9161,19.8837,5.43,0,,,,,3,5.5,ok
TIC 126237874,133.5884,26.9236,5.43,0,,,,,5,8.8,ok
TIC 126368434,136.0934,29.2679,5.43,0,,,,,4,7.5,ok
TIC 172529247,142.7756,25.0471,5.43,0,,,,,6,10.7,ok
TIC 181862541,190.3168,-13.0149,5.43,0,,,,,5,9.2,ok
TIC 443589040,168.4395,-0.0695,5.43,0,,,,,3,5.4,ok
TIC 388769718,171.5751,8.6594,5.44,0,,,,,3,5.5,ok
TIC 393548551,161.5236,6.373,5.44,0,,,,,3,5.3,ok
TIC 26699907,111.1395,27.6379,5.44,0,,,,,5,8.6,ok
TIC 281746073,163.1893,2.1123,5.45,0,,,,,2,3.9,ok
TIC 175737776,194.6667,-2.9037,5.45,0,,,,,2,3.8,ok
TIC 411155869,152.3119,6.1709,5.45,0,,,,,3,5.5,ok
TIC 181915442,190.949,-12.0143,5.45,0,,,,,4,6.8,ok
TIC 134944251,197.309,-9.5381,5.45,0,,,,,2,3.9,ok
TIC 197247034,134.1672,19.8492,5.46,0,,,,,4,7.1,ok
TIC 366621826,128.1459,8.4889,5.46,0,,,,,8,14.2,ok
TIC 458589377,124.3818,8.8663,5.46,0,,,,,9,15.1,ok
TIC 181862539,190.3157,-13.0138,5.46,0,,,,,6,10.3,ok
TIC 169225390,160.3499,-1.7422,5.47,0,,26.2,rejete,variabilite_continue;eclipse_secondaire,7,20.1,ok
TIC 49419400,173.7452,-4.3616,5.47,0,,,,,4,7.4,ok
TIC 147696729,185.8142,-4.9747,5.48,0,,,,,2,3.8,ok
TIC 281794283,164.0438,0.4329,5.48,0,,,,,3,5.8,ok
TIC 297024200,187.0074,-14.4511,5.48,0,,,,,5,9.2,ok
TIC 55383079,141.3849,16.5854,5.49,0,,,,,3,5.5,ok
TIC 3716738,128.25,24.0845,5.49,0,,,,,5,9.2,ok
TIC 284766873,120.2531,23.5829,5.49,0,,,,,5,8.8,ok
TIC 32481154,190.287,-9.2455,5.49,0,,,,,1,2.2,ok
TIC 4285916,115.5805,30.1678,5.5,0,,,,,8,14.0,ok
TIC 126349649,135.6844,24.4529,5.5,0,,,,,6,10.7,ok
TIC 397436205,180.6461,8.0696,5.5,0,,,,,3,5.6,ok
TIC 800823400,123.0552,17.6476,5.5,0,,,,,5,8.8,ok
TIC 345942372,193.2448,-14.6207,5.5,0,,,,,5,8.6,ok
TIC 95340781,153.623,21.1676,5.51,0,,,,,4,7.0,ok
TIC 87956749,146.125,18.8631,5.51,0,,,,,3,5.4,ok
TIC 437046151,134.397,15.5814,5.51,0,,,,,4,7.4,ok
TIC 366406717,126.2543,9.4261,5.51,0,,,,,9,15.3,ok
TIC 115078869,202.3119,-1.3648,5.51,0,,,,,4,7.3,ok
TIC 53305883,193.4089,-4.2251,5.51,0,,,,,2,3.9,ok
TIC 56720514,181.4991,-3.1317,5.52,0,,,,,2,4.0,ok
TIC 357333525,152.0618,17.3584,5.52,0,,,,,3,5.7,ok
TIC 130611347,187.7092,-4.0608,5.52,0,,,,,2,4.0,ok
TIC 82597233,176.2972,14.2633,5.53,0,,,,,4,7.2,ok
TIC 325314978,177.2791,5.1825,5.53,0,,,,,3,5.4,ok
TIC 27654333,123.5874,13.0482,5.53,0,,,,,7,12.4,ok
TIC 458680872,129.8521,8.0174,5.54,0,,,,,8,13.7,ok
TIC 144189004,177.2949,-7.3606,5.54,0,,,,,5,8.6,ok
TIC 440752528,108.3489,13.7629,5.54,0,,,,,8,13.8,ok
TIC 376784600,179.8496,1.8265,5.54,0,,,,,2,3.7,ok
TIC 98591687,185.0889,-9.0,5.55,0,,,,,4,7.2,ok
TIC 281783940,163.9273,0.7369,5.55,0,,,,,3,5.3,ok
TIC 374238782,158.7753,2.2045,5.55,0,,,,,4,7.3,ok
TIC 393496422,160.5692,10.3554,5.56,0,,,,,3,5.4,ok
TIC 62820013,116.1336,23.3451,5.56,0,,,,,5,9.3,ok
TIC 389430238,186.9255,8.6103,5.56,0,,,,,4,7.1,ok
TIC 175262138,130.0265,20.0077,5.57,0,,,,,4,7.0,ok
TIC 87973248,146.4666,18.6835,5.57,0,,,,,3,5.8,ok
TIC 53210510,167.098,-0.8408,5.57,0,,,,,3,5.5,ok
TIC 171395112,119.0646,29.8521,5.57,0,,,,,8,14.0,ok
TIC 62976530,117.1401,23.141,5.57,0,,,,,5,8.9,ok
TIC 186850264,124.56,15.6779,5.58,0,,,,,5,8.8,ok
TIC 175262030,130.0918,19.6699,5.58,0,,,,,4,6.8,ok
TIC 323734694,137.8619,8.9758,5.58,0,,,,,6,10.0,ok
TIC 70375685,114.2729,20.1561,5.59,0,,,,,5,8.7,ok
TIC 366631971,130.1356,10.9241,5.59,0,,,,,6,10.3,ok
TIC 399118541,189.6245,6.9886,5.59,0,,,,,3,5.4,ok
TIC 88004283,146.8424,23.6477,5.59,0,,,,,5,9.1,ok
TIC 17661314,117.3846,12.8141,5.59,0,,,,,7,11.9,ok
TIC 156645559,192.8454,-10.3382,5.59,0,,,,,2,3.7,ok
TIC 149441973,140.8816,25.1828,5.6,0,,,,,5,8.6,ok
TIC 60946464,112.3782,19.6332,5.61,0,,,,,5,8.7,ok
TIC 323523846,135.8108,6.8161,5.61,0,,,,,8,13.6,ok
TIC 195212682,141.7361,14.3028,5.61,0,,,,,1,2.3,ok
TIC 60777774,111.7347,20.2575,5.61,0,,,,,5,8.9,ok
TIC 390628792,190.4875,6.8065,5.62,0,,,,,3,5.4,ok
TIC 176941311,183.7942,-10.3187,5.62,0,,,,,6,10.2,ok
TIC 411239923,195.0191,0.3074,5.62,0,,,,,4,6.8,ok
TIC 78273701,177.32,-3.3129,5.62,0,,,,,2,3.9,ok
TIC 397558535,183.3575,10.2623,5.63,0,,,,,3,5.4,ok
TIC 175739268,194.9144,-3.8119,5.63,0,,,,,2,3.7,ok
TIC 87958268,146.3112,23.4744,5.63,0,,,,,5,8.7,ok
TIC 1713457,155.8686,-0.9025,5.64,0,,,,,6,10.4,ok
TIC 84949953,164.6564,19.622,5.64,0,,,,,3,5.8,ok
TIC 35020566,179.8109,-3.3228,5.64,0,,,,,1,2.4,ok
TIC 374179414,157.9008,2.8446,5.64,0,,,,,3,5.5,ok
TIC 408555194,195.2947,-18.1225,5.64,0,,,,,5,9.3,ok
TIC 184893364,130.8215,20.6004,5.64,0,,,,,4,7.1,ok
TIC 365198355,204.4332,2.3822,5.64,0,,41.7,rejete,variabilite_continue;eclipse_secondaire;compagnon_trop_gros_15.9Rjup,4,9.1,ok
TIC 411255011,195.865,4.908,5.65,0,,,,,3,5.2,ok
TIC 55315415,140.3229,12.2425,5.65,0,,,,,3,5.4,ok
TIC 414968611,141.1883,19.7859,5.65,0,,,,,4,7.2,ok
TIC 462487317,111.5763,25.9544,5.66,0,,,,,5,8.5,ok
TIC 97312819,123.2869,29.6564,5.66,0,,,,,6,10.5,ok
TIC 247124446,112.9969,12.6611,5.66,0,,,,,6,10.4,ok
TIC 53304943,193.2949,-3.5531,5.66,0,,,,,2,3.8,ok
TIC 77071592,166.6831,15.1819,5.67,0,,,,,5,8.4,ok
TIC 6994727,126.4566,17.0453,5.67,0,,,,,5,8.9,ok
TIC 257216285,137.0266,14.0424,5.67,0,,,,,4,7.4,ok
TIC 67474187,171.9713,15.1468,5.67,0,,,,,5,9.5,ok
TIC 393672364,200.4232,2.0869,5.68,0,,,,,4,6.7,ok
TIC 6894990,125.6327,16.1624,5.68,0,,,,,5,8.6,ok
TIC 78272071,177.2541,-0.3187,5.68,0,,,,,2,3.9,ok
TIC 319405909,194.1794,-11.9438,5.68,0,,,,,2,4.1,ok
TIC 388018867,120.4614,8.9141,5.69,0,,,,,8,14.4,ok
TIC 443610011,168.6574,-1.271,5.69,0,,,,,3,5.4,ok
TIC 14724795,177.1606,14.2843,5.69,0,,,,,3,5.7,ok
TIC 444007256,131.8136,7.6092,5.69,0,,,,,7,12.2,ok
TIC 386743362,113.2108,22.8875,5.7,0,,,,,5,8.9,ok
TIC 181861664,190.15,-14.0998,5.7,0,,,,,6,10.8,ok
TIC 27037286,151.4951,18.1012,5.7,0,,,,,4,7.5,ok
TIC 60183119,121.3883,13.5041,5.71,0,,,,,7,11.9,ok
TIC 366485177,127.0109,11.7064,5.71,0,,,,,6,10.5,ok
TIC 468979699,128.5556,8.4521,5.71,0,,,,,8,14.2,ok
TIC 144168568,177.0972,-10.3138,5.71,0,,,,,5,9.0,ok
TIC 443995718,131.1876,10.0816,5.71,0,,,,,7,12.5,ok
TIC 14491415,110.9494,16.6751,5.71,0,,,,,5,9.0,ok
TIC 271135561,119.1386,11.0458,5.71,0,,,,,8,14.1,ok
TIC 173145178,172.8334,-4.2998,5.72,0,,,,,4,7.2,ok
TIC 55380019,141.1748,17.7105,5.73,0,,,,,3,5.7,ok
TIC 388873514,173.8833,11.1884,5.73,0,,,,,5,9.0,ok
TIC 437032207,132.4532,7.0147,5.73,0,,,,,7,12.1,ok
TIC 247136536,113.3525,15.6391,5.73,0,,,,,5,8.7,ok
TIC 458592857,124.42,9.1646,5.73,0,,,,,9,15.8,ok
TIC 87953721,145.8437,20.1931,5.74,0,,,,,5,9.0,ok
TIC 147682663,185.463,-4.3866,5.74,0,,,,,2,3.7,ok
TIC 66664300,184.6682,-0.7873,5.75,0,,,,,2,3.8,ok
TIC 458624619,125.1214,9.4,5.75,0,,,,,9,16.3,ok
TIC 149451450,141.0333,25.9181,5.75,0,,,,,5,8.8,ok
TIC 4164940,114.5864,33.1866,5.75,0,,,,,6,10.2,ok
TIC 348967149,183.9578,-13.8167,5.76,0,,,,,5,8.8,ok
TIC 288550345,191.8893,-6.302,5.76,0,,,,,1,2.2,ok
TIC 20420151,127.1555,14.2107,5.77,0,,,,,4,7.1,ok
TIC 95741538,122.3965,29.093,5.77,0,,,,,6,10.4,ok
TIC 411248496,195.1256,3.6044,5.77,0,,,,,3,5.6,ok
TIC 7980490,156.7245,-0.1487,5.77,0,,,,,6,10.4,ok
TIC 277812620,156.105,2.3931,5.77,0,,,,,4,7.2,ok
TIC 130591245,187.2912,-4.11,5.78,0,,,,,2,3.8,ok
TIC 56772858,182.8419,-2.6996,5.78,0,,,,,2,3.7,ok
TIC 63190066,156.6882,13.6263,5.78,0,,,,,3,5.4,ok
TIC 385354234,196.465,-14.1121,5.78,0,,,,,4,7.0,ok
TIC 425277901,111.788,11.955,5.78,0,,,,,8,13.8,ok
TIC 46297363,132.7554,15.3511,5.78,0,,,,,4,7.3,ok
TIC 377248190,186.31,0.7697,5.79,0,,,,,2,3.7,ok
TIC 175239935,129.9611,19.5407,5.79,0,,,,,4,8.1,ok
TIC 350440574,167.6283,7.8917,5.79,0,,,,,3,5.8,ok
TIC 294501689,122.1769,13.6408,5.79,0,,,,,7,12.0,ok
TIC 14567914,125.8407,18.332,5.79,0,,,,,4,7.5,ok
TIC 61312601,160.4049,13.9785,5.79,0,,,,,3,6.4,ok
TIC 392847757,158.7587,8.6504,5.79,0,,,,,3,5.5,ok
TIC 455305421,147.6244,4.3433,5.79,0,,,,,7,11.9,ok
TIC 35229531,138.0698,14.9975,5.8,0,,,,,4,7.6,ok
TIC 94920618,113.7471,24.2654,5.8,0,,,,,5,8.9,ok
TIC 270046250,114.7682,11.871,5.8,0,,,,,5,9.0,ok
TIC 4197458,114.9752,32.0094,5.8,0,,80.3,rejete,variabilite_continue;eclipse_secondaire,8,18.8,ok
TIC 363549733,171.6844,3.0142,5.8,0,,,,,2,4.3,ok
TIC 173103195,172.3508,-0.8488,5.8,0,,,,,3,5.6,ok
TIC 53210737,167.0706,-1.9032,5.8,0,,,,,5,9.2,ok
TIC 196682173,202.6075,-6.4702,5.8,0,,,,,2,3.8,ok
TIC 365071965,202.3067,3.8714,5.81,0,,,,,3,5.4,ok
TIC 144197711,177.7957,-7.9918,5.81,0,,,,,4,7.4,ok
TIC 130587035,186.9642,-4.6153,5.81,0,,,,,2,3.8,ok
TIC 293413685,131.733,12.1096,5.81,0,,,,,4,7.4,ok
TIC 70226317,113.4551,18.3327,5.82,0,,,,,5,9.3,ok
TIC 62819476,116.1784,22.4557,5.82,0,,,,,4,7.9,ok
TIC 3645269,127.1531,24.1446,5.82,0,,,,,5,9.0,ok
TIC 399088828,188.6286,7.7345,5.82,0,,,,,3,5.5,ok
TIC 134978237,197.9186,-11.2217,5.82,0,,,,,2,4.0,ok
TIC 115010633,201.5469,-1.1925,5.82,0,,,,,4,6.9,ok
TIC 393585091,162.785,11.5786,5.83,0,,,,,3,5.6,ok
TIC 67376975,120.9601,22.0708,5.83,0,,,,,5,9.0,ok
TIC 393494280,160.3476,8.5626,5.83,0,,,,,2,4.2,ok
TIC 377157247,149.6903,10.4587,5.83,0,,,,,3,5.9,ok
TIC 61048789,153.6326,16.1383,5.83,0,,,,,3,5.7,ok
TIC 175378869,189.1971,-5.832,5.84,0,,,,,2,4.0,ok
TIC 66780653,200.6229,-3.7757,5.84,0,,,,,2,4.0,ok
TIC 388083953,120.8104,9.9428,5.84,0,,,,,9,16.3,ok
TIC 330688292,136.5899,15.2745,5.84,0,,,,,4,8.0,ok
TIC 178943195,200.0825,-11.3042,5.84,0,,,,,2,4.0,ok
TIC 349065349,185.2124,-12.8533,5.84,0,,,,,5,8.9,ok
TIC 126324222,135.4531,27.9021,5.85,0,,,,,5,8.8,ok
TIC 458654855,129.2739,9.6556,5.85,0,,,,,7,12.1,ok
TIC 185191335,172.9857,-6.471,5.85,0,,,,,6,10.8,ok
TIC 26987416,150.7039,21.9492,5.85,0,,43.3,rejete,variabilite_continue;eclipse_secondaire,5,12.2,ok
TIC 82524347,175.2016,13.0781,5.86,0,,,,,5,9.0,ok
TIC 392770890,156.8007,11.3172,5.86,0,,,,,3,5.9,ok
TIC 17670470,117.5554,14.7307,5.86,0,,,,,6,10.6,ok
TIC 69292626,121.0241,13.6878,5.86,0,,,,,7,13.1,ok
TIC 406495077,143.1347,7.0634,5.86,0,,,,,4,7.0,ok
TIC 94916210,113.6316,28.6866,5.86,0,,,,,7,12.1,ok
TIC 468955101,118.7958,9.3499,5.86,0,,,,,9,15.3,ok
TIC 195240530,142.3872,17.6518,5.87,0,,,,,3,5.7,ok
TIC 149345278,138.616,25.0111,5.87,0,,,,,6,10.4,ok
TIC 178949188,200.1884,-11.4504,5.87,0,,,,,2,3.7,ok
TIC 175194486,129.6946,21.1595,5.87,0,,,,,4,7.2,ok
TIC 14447812,110.7557,15.359,5.87,0,,,,,7,12.1,ok
TIC 1008153,165.8105,-0.753,5.87,0,,,,,4,7.3,ok
TIC 88024537,147.4584,21.1793,5.87,1,1.5848,11.1,rejete,variabilite_continue;eclipse_secondaire,4,9.9,ok
TIC 386703603,188.8884,-12.0212,5.88,0,,,,,5,8.9,ok
TIC 367566696,121.0373,24.5081,5.88,0,,,,,5,9.0,ok
TIC 117160057,129.3423,28.2941,5.88,0,,,,,7,12.2,ok
TIC 297138738,187.5182,-13.3935,5.89,0,,,,,5,8.7,ok
TIC 301467670,166.0792,5.225,5.89,0,,,,,2,3.9,ok
TIC 77108968,167.1698,17.1998,5.9,0,,,,,5,8.6,ok
TIC 311987058,138.9846,6.5408,5.91,0,,,,,6,10.2,ok
TIC 91896134,141.9399,23.336,5.91,0,,,,,6,10.9,ok
TIC 377127938,148.9791,7.677,5.91,0,,,,,3,5.8,ok
TIC 291067334,177.8921,6.8767,5.91,0,,,,,3,5.7,ok
TIC 377247856,186.1695,1.384,5.92,0,,,,,2,3.7,ok
TIC 98581371,184.8341,-8.9148,5.92,0,,,,,4,6.9,ok
TIC 14714213,111.9166,14.6762,5.92,0,,,,,6,10.7,ok
TIC 2455538,193.7792,-13.4528,5.92,0,,,,,4,6.8,ok
TIC 114960997,201.1081,-4.3099,5.92,0,,,,,2,3.9,ok
TIC 4557666,117.7597,33.2337,5.93,0,,,,,5,9.1,ok
TIC 175709522,193.9099,0.0553,5.93,0,,,,,2,3.8,ok
TIC 399086787,188.2844,7.2502,5.93,0,,,,,3,5.3,ok
TIC 366525012,127.4016,8.4172,5.94,0,,,,,7,12.0,ok
TIC 56812358,183.1753,-2.473,5.94,0,,,,,2,3.8,ok
TIC 98670899,186.2986,-11.6108,5.95,0,,,,,6,10.1,ok
TIC 62947297,117.0943,18.3367,5.95,0,,,,,4,7.0,ok
TIC 377227654,185.6325,5.3051,5.95,0,,,,,4,6.7,ok
TIC 197219050,133.3357,19.3221,5.95,0,,,,,4,7.3,ok
TIC 62947786,117.2237,18.19,5.95,0,,,,,4,7.2,ok
TIC 27036617,151.5446,21.5147,5.95,0,,,,,5,9.4,ok
TIC 376813641,180.9342,5.5572,5.95,0,,,,,2,3.8,ok
TIC 263541024,144.5668,12.7363,5.95,0,,,,,3,5.5,ok
TIC 293460395,132.0266,17.3946,5.95,0,,,,,3,5.4,ok
TIC 393647871,200.0613,3.2875,5.96,0,,,,,4,7.4,ok
TIC 388897867,174.1417,6.1058,5.96,0,,,,,3,5.6,ok
TIC 393640688,199.7779,3.7228,5.96,0,,,,,4,6.7,ok
TIC 293252746,118.7057,18.1001,5.96,0,,,,,5,8.9,ok
TIC 319360031,193.5769,-11.6485,5.96,0,,,,,2,3.8,ok
TIC 339384573,197.8397,-13.9626,5.96,0,,,,,2,3.9,ok
TIC 421073709,112.3254,11.0246,5.97,0,,,,,6,10.5,ok
TIC 20423244,127.288,12.5519,5.97,0,,,,,5,8.8,ok
TIC 70179285,113.1438,21.4075,5.97,0,,,,,3,5.3,ok
TIC 333795367,169.2424,-7.1346,5.97,0,,,,,6,10.5,ok
TIC 307646965,152.9094,13.3549,5.97,0,,,,,3,5.7,ok
TIC 14701539,127.0298,21.1477,5.97,0,,,,,5,8.8,ok
TIC 422244222,191.1056,0.5368,5.97,0,,,,,2,3.6,ok
TIC 455269688,146.1585,3.3535,5.98,0,,,,,7,11.9,ok
TIC 130182403,117.4485,26.2638,5.98,0,,,,,4,7.2,ok
TIC 195238841,142.1389,12.3852,5.98,0,,,,,3,5.8,ok
TIC 302205701,125.1338,24.0222,5.98,0,,,,,5,8.8,ok
TIC 63218478,157.2017,14.3437,5.98,0,,,,,3,6.0,ok
TIC 376920428,205.5892,0.997,5.98,0,,,,,4,7.1,ok
TIC 86038419,139.44,23.0788,5.99,0,,,,,5,8.9,ok
TIC 21223063,129.0322,15.3135,5.99,0,,22.3,rejete,variabilite_continue;eclipse_secondaire,4,10.0,ok
TIC 992137,165.6532,-3.5127,5.99,0,,,,,6,10.7,ok
TIC 405663562,191.6259,-15.4405,5.99,0,,,,,5,8.8,ok
TIC 3576220,126.6961,26.9355,5.99,0,,13.5,rejete,variabilite_continue;eclipse_secondaire;compagnon_trop_gros_2.9Rjup,6,14.6,ok
TIC 459056725,133.0692,8.0615,5.99,0,,,,,7,12.4,ok
TIC 393743311,116.3839,25.9885,5.99,0,,,,,5,8.8,ok
TIC 197220087,133.4804,19.9671,6.0,0,,,,,4,7.5,ok
TIC 423124005,117.1201,28.7642,6.0,0,,,,,6,10.5,ok
TIC 21581018,151.42,15.7574,6.0,0,,,,,3,6.0,ok
TIC 117356522,131.7801,28.1615,6.01,0,,,,,5,8.9,ok
TIC 239208577,169.7499,14.2679,6.02,0,,,,,4,7.2,ok
TIC 19116828,120.3762,16.4553,6.02,0,,,,,5,8.6,ok
TIC 286055622,137.9812,5.4686,6.02,0,,,,,7,12.3,ok
TIC 363547543,171.4581,3.8599,6.02,0,,,,,2,3.9,ok
TIC 178956981,200.6285,-6.203,6.02,0,,,,,2,3.9,ok
TIC 95077078,114.5599,24.3606,6.04,0,,,,,5,8.8,ok
TIC 344890482,151.0347,3.2005,6.04,0,,,,,7,12.2,ok
TIC 60776796,111.7073,21.5355,6.04,0,,,,,3,5.7,ok
TIC 392794602,156.9125,9.7624,6.05,0,,,,,3,5.7,ok
TIC 183648073,179.4381,-8.5486,6.05,0,,,,,6,10.8,ok
TIC 277797530,155.8094,5.6938,6.07,0,,,,,3,5.7,ok
TIC 275249788,148.0496,2.4547,6.07,0,,,,,6,11.0,ok
TIC 175290697,130.4584,19.8741,6.08,0,,,,,4,6.9,ok
TIC 95779021,161.0599,19.7587,6.09,0,,,,,4,7.7,ok
TIC 330795902,144.4572,24.6702,6.09,0,,,,,5,8.7,ok
TIC 3576222,126.6951,26.9344,6.1,0,,13.4,rejete,variabilite_continue;eclipse_secondaire;compagnon_trop_gros_2.7Rjup,6,14.5,ok
TIC 365031229,164.9198,11.7061,6.1,0,,,,,3,5.9,ok
TIC 66715027,199.374,-0.6761,6.1,0,,,,,4,7.0,ok
TIC 27071443,152.3316,20.3323,6.1,0,,,,,3,5.6,ok
TIC 55276121,139.7444,17.7046,6.11,0,,,,,4,7.2,ok
TIC 397025357,178.4592,0.5521,6.11,0,,,,,2,3.9,ok
TIC 126275754,133.7335,26.1955,6.11,0,,,,,5,9.1,ok
TIC 14773776,177.7297,12.2792,6.12,1,1.0859,19.4,rejete,variabilite_continue;eclipse_secondaire,5,11.9,ok
TIC 77139286,167.9319,14.4001,6.12,0,,,,,5,9.2,ok
TIC 323710430,137.4432,11.564,6.12,0,,,,,4,7.5,ok
TIC 165852811,122.9075,32.4532,6.15,0,,,,,5,9.3,ok
TIC 175261992,130.1123,19.5447,6.15,0,,,,,4,7.2,ok
TIC 334411408,122.8191,9.8211,6.17,0,,,,,8,14.2,ok
TIC 263540687,144.5049,14.3468,6.17,0,,,,,3,5.5,ok
TIC 95126158,114.8,24.2225,6.17,0,,,,,5,9.0,ok
TIC 291038439,170.3598,6.6349,6.18,0,,,,,3,5.5,ok
TIC 2471579,193.9717,-15.327,6.18,0,,,,,4,7.3,ok
TIC 381726125,197.2131,5.2031,6.18,0,,,,,4,7.0,ok
TIC 70666489,155.4594,14.9757,6.18,0,,,,,3,5.8,ok
TIC 337631596,130.4078,16.33,6.18,0,,,,,3,6.0,ok
TIC 165967283,110.8671,22.9451,6.19,0,,,,,3,5.6,ok
TIC 418173094,146.858,11.5682,6.19,0,,,,,3,5.7,ok
TIC 160271830,159.7276,16.1273,6.2,0,,,,,4,7.4,ok
TIC 55315634,140.3269,13.111,6.2,0,,,,,3,5.3,ok
TIC 27652512,123.5464,17.676,6.21,0,,,,,5,8.8,ok
TIC 27543843,122.7452,14.6294,6.21,0,,,,,5,9.0,ok
TIC 368438895,186.9798,-8.6782,6.21,0,,,,,2,3.8,ok
TIC 374339239,160.6556,3.5833,6.22,0,,,,,3,5.7,ok
TIC 388803560,172.4166,7.5992,6.23,0,,,,,3,6.0,ok
TIC 16226539,115.2744,16.8734,6.24,0,,,,,4,7.1,ok
TIC 27550294,123.0537,17.647,6.24,0,,,,,5,8.8,ok
TIC 66630532,184.5398,-3.9487,6.24,0,,,,,2,3.9,ok
TIC 358089005,120.8689,12.181,6.25,0,,,,,9,15.8,ok
TIC 27108472,152.7865,20.6953,6.25,0,,,,,4,7.3,ok
TIC 149396581,139.473,28.5575,6.26,0,,,,,5,9.3,ok
TIC 262719749,149.2014,4.2418,6.26,0,,,,,7,13.7,ok
TIC 288529330,191.6268,-11.8122,6.26,0,,,,,4,7.5,ok
TIC 247052885,112.1969,15.1097,6.26,0,,,,,5,8.8,ok
TIC 383188202,142.4754,5.6558,6.26,0,,,,,5,9.0,ok
TIC 130181866,117.4793,27.3631,6.27,0,,,,,6,11.4,ok
TIC 234413502,113.5205,10.568,6.27,0,,,,,4,7.6,ok
TIC 96196913,179.2503,-4.7827,6.28,0,,,,,1,2.2,ok
TIC 363571250,171.8918,0.9556,6.28,0,,,,,2,4.0,ok
TIC 171523537,120.1327,29.2052,6.28,0,,,,,7,12.2,ok
TIC 281731306,163.0571,1.0249,6.28,0,,,,,2,4.4,ok
TIC 155012536,143.9701,14.3796,6.29,0,,,,,3,5.6,ok
TIC 365089053,202.4458,1.0947,6.29,0,,,,,3,5.4,ok
TIC 277227048,183.5639,-5.7159,6.3,0,,,,,1,2.4,ok
TIC 152803777,181.0013,-10.2961,6.3,0,,,,,2,3.9,ok
TIC 376851841,181.1791,3.5729,6.3,0,,,,,1,2.2,ok
TIC 392092958,120.4322,25.0895,6.31,0,,27.6,rejete,variabilite_continue;eclipse_secondaire,5,12.2,ok
TIC 380675208,191.7598,5.95,6.31,0,,,,,4,7.2,ok
TIC 393713800,200.9132,2.7245,6.32,0,,,,,4,7.5,ok
TIC 440795661,109.1855,16.1474,6.32,0,,,,,6,11.0,ok
TIC 172533278,143.1813,26.987,6.32,0,,,,,5,9.4,ok
TIC 277895096,157.425,1.4904,6.33,0,,,,,4,7.2,ok
TIC 176867792,182.6132,-7.7738,6.33,0,,,,,2,3.9,ok
TIC 344955457,152.172,1.1609,6.33,0,,,,,6,10.6,ok
TIC 397058826,189.5182,3.2824,6.33,0,,24.2,rejete,variabilite_continue;eclipse_secondaire,4,9.4,ok
TIC 312024505,139.4639,11.5011,6.33,0,,,,,3,5.4,ok
TIC 425217249,111.6156,10.6081,6.34,0,,,,,6,10.4,ok
TIC 165962902,110.7689,18.2731,6.35,0,,,,,5,9.1,ok
TIC 126278130,134.057,24.4473,6.35,0,,,,,5,9.1,ok
TIC 240173668,168.9906,12.8445,6.36,0,,,,,5,9.0,ok
TIC 149394965,139.3997,27.4222,6.36,0,,,,,5,8.8,ok
TIC 66693422,199.106,-1.3907,6.36,0,,,,,4,6.6,ok
TIC 175193677,129.6894,23.685,6.37,0,,,,,4,7.1,ok
TIC 135041892,198.731,-11.3713,6.39,0,,,,,1,2.3,ok
TIC 27626380,123.0923,14.0041,6.39,0,,,,,5,8.7,ok
TIC 425312220,168.4703,2.2682,6.4,0,,,,,3,5.6,ok
TIC 175239776,129.9275,19.7784,6.41,0,,,,,4,7.5,ok
TIC 275358524,149.9291,3.385,6.41,0,,,,,7,12.5,ok
TIC 238607159,132.6879,18.832,6.41,0,,,,,4,7.3,ok
TIC 233432588,147.5428,24.5623,6.42,0,,,,,5,9.0,ok
TIC 387337920,110.0285,15.1428,6.42,0,,,,,6,10.4,ok
TIC 388881037,173.9311,10.9112,6.43,0,,,,,5,8.7,ok
TIC 285930023,171.09,-5.9105,6.44,0,,,,,6,10.3,ok
TIC 388843945,173.5417,11.0238,6.44,0,,66.8,rejete,eclipse_secondaire,5,11.7,ok
TIC 85992252,138.4052,21.2831,6.46,0,,,,,4,7.2,ok
TIC 82289479,123.4235,23.1377,6.46,0,,34.5,rejete,variabilite_continue;eclipse_secondaire,5,14.4,ok
TIC 34947258,164.2824,-0.3122,6.46,0,,,,,4,7.3,ok
TIC 49418981,173.5884,-5.527,6.46,0,,,,,5,9.0,ok
TIC 61125572,154.587,12.6209,6.47,0,,,,,3,5.7,ok
TIC 366623694,128.1662,10.066,6.47,0,,,,,7,12.2,ok
TIC 411218105,194.3585,1.4278,6.47,0,,,,,3,5.3,ok
TIC 175378162,189.2794,-2.323,6.48,0,,,,,2,4.0,ok
TIC 341500777,145.147,13.0533,6.48,0,,,,,2,4.2,ok
TIC 389195658,145.8973,10.5181,6.49,0,,,,,3,5.7,ok
TIC 425216886,111.6717,11.0088,6.49,0,,,,,7,12.7,ok
TIC 386836188,121.6426,22.4565,6.49,0,,,,,5,8.8,ok
TIC 330637793,136.242,13.3438,6.49,0,,,,,3,5.9,ok
TIC 60992062,112.5978,19.8131,6.49,0,,,,,5,8.8,ok
TIC 46362941,133.2996,17.3683,6.49,0,,,,,4,7.3,ok
TIC 175261925,130.0837,19.3489,6.5,0,,,,,2,4.0,ok
TIC 70378124,114.3769,18.9173,6.5,0,,,,,3,5.6,ok
TIC 124614677,195.9765,-3.6634,6.51,0,,,,,2,3.8,ok
TIC 388802533,172.246,10.0381,6.51,0,,,,,5,8.9,ok
TIC 35018079,179.5275,-4.3701,6.52,0,,,,,1,2.3,ok
TIC 386865278,144.8213,13.3126,6.52,0,,,,,2,4.1,ok
TIC 27548343,122.9551,13.4451,6.52,0,,,,,7,12.4,ok
TIC 70231510,113.7976,23.0459,6.53,0,,,,,5,9.0,ok
TIC 307953612,148.7749,24.6365,6.53,0,,,,,4,7.4,ok
TIC 62822682,116.2888,20.316,6.53,0,,,,,3,5.5,ok
TIC 157838901,204.0597,-0.9313,6.53,0,,,,,4,7.1,ok
TIC 56773393,182.8402,-3.7793,6.54,0,,,,,2,4.0,ok
TIC 277839376,156.5384,3.9325,6.54,0,,,,,2,4.2,ok
TIC 422245101,193.8396,-4.5037,6.55,0,,,,,2,4.5,ok
TIC 156638998,192.52,-7.6321,6.55,0,,,,,2,3.7,ok
TIC 117355623,131.6664,28.7648,6.55,0,,,,,3,5.4,ok
TIC 291073912,177.8515,11.8052,6.56,0,,,,,4,7.4,ok
TIC 55316181,140.3137,15.3713,6.56,0,,,,,3,5.5,ok
TIC 458676830,129.5213,9.5745,6.56,0,,,,,7,12.5,ok
TIC 243245932,136.861,22.9809,6.56,0,,,,,6,11.1,ok
TIC 172529744,142.8222,27.3871,6.56,1,4.5057,21.1,rejete,variabilite_continue,5,12.6,ok
TIC 178924969,199.3633,-10.5462,6.56,0,,,,,1,2.3,ok
TIC 38114367,169.843,-1.6558,6.57,0,,,,,2,4.0,ok
TIC 66630526,184.5383,-3.954,6.58,0,,,,,2,3.6,ok
TIC 6953932,126.1892,17.181,6.58,0,,,,,5,8.7,ok
TIC 82546579,175.5166,12.2841,6.58,0,,,,,5,8.9,ok
TIC 130712175,202.9113,-2.3157,6.58,0,,,,,4,7.0,ok
TIC 366756898,188.8157,2.2613,6.59,0,,,,,2,3.8,ok
TIC 38086286,169.5966,-5.0682,6.59,0,,,,,5,9.1,ok
TIC 130160780,117.3277,24.4886,6.59,0,,,,,3,5.7,ok
TIC 393649078,200.173,2.9422,6.6,0,,,,,3,5.1,ok
TIC 60847893,111.9624,19.0444,6.6,0,,,,,5,8.8,ok
TIC 376876985,182.0024,0.6212,6.6,0,,,,,2,4.0,ok
TIC 175262127,130.0475,19.9711,6.6,0,,,,,4,7.4,ok
TIC 175264623,130.2343,19.5803,6.61,0,,,,,4,7.8,ok
TIC 357238930,169.5877,11.9842,6.62,0,,,,,5,9.2,ok
TIC 51778421,191.0461,-2.8426,6.62,0,,,,,1,2.2,ok
TIC 126368710,136.0411,27.8983,6.63,0,,,,,4,6.9,ok
TIC 374364247,161.2601,3.3065,6.63,0,,,,,3,5.5,ok
TIC 393639812,199.7127,3.6875,6.64,0,,32.0,rejete,eclipse_secondaire;compagnon_trop_gros_2.5Rjup,4,9.1,ok
TIC 239208476,169.7766,13.3908,6.64,0,,,,,5,9.1,ok
TIC 175264571,130.1798,19.7192,6.65,0,,,,,4,7.4,ok
TIC 443846457,121.126,9.268,6.66,0,,,,,9,15.3,ok
TIC 363549734,171.6884,3.0075,6.66,0,,,,,2,4.2,ok
TIC 181915184,190.9832,-13.142,6.66,0,,,,,3,5.5,ok
TIC 418147726,146.3192,8.8828,6.67,0,,,,,3,5.9,ok
TIC 62903306,167.3065,-1.3333,6.67,0,,,,,4,7.1,ok
TIC 91919464,144.0192,23.1908,6.67,0,,,,,5,8.8,ok
TIC 257218050,137.1424,16.7016,6.67,0,,,,,2,3.9,ok
TIC 14498757,111.1152,15.5172,6.67,0,,,,,7,12.0,ok
TIC 462512093,112.6646,27.9085,6.68,0,,,,,7,12.3,ok
TIC 169248301,160.7021,-2.1851,6.69,0,,,,,7,12.3,ok
TIC 149417907,140.2946,25.1623,6.69,0,,,,,5,9.1,ok
TIC 97599181,126.6655,24.5337,6.69,0,,,,,5,8.7,ok
TIC 418172476,146.8184,8.5703,6.7,0,,,,,2,4.1,ok
TIC 165820201,122.3768,32.2211,6.7,0,,,,,5,8.9,ok
TIC 95572273,121.4044,27.5297,6.71,0,,,,,7,11.9,ok
TIC 98663691,185.8646,-6.1185,6.71,0,,,,,2,4.1,ok
TIC 86036425,139.1119,18.8102,6.71,0,,,,,3,5.5,ok
TIC 277770282,155.2583,2.2897,6.73,0,,,,,4,7.3,ok
TIC 130637818,188.0184,-1.7721,6.73,0,,,,,2,3.9,ok
TIC 281909755,175.5292,4.7475,6.73,0,,,,,3,5.7,ok
TIC 377298679,187.3665,4.8385,6.73,0,,,,,3,5.2,ok
TIC 411120781,150.8883,9.8989,6.74,0,,,,,3,5.7,ok
TIC 293281206,119.0104,23.6918,6.74,0,,,,,5,9.0,ok
TIC 27549653,122.9547,16.5223,6.74,0,,,,,5,8.6,ok
TIC 95167130,115.2628,24.9649,6.74,0,,,,,5,8.7,ok
TIC 62740103,116.0584,20.2008,6.74,0,,,,,4,7.0,ok
TIC 32479528,190.1692,-8.4494,6.76,0,,,,,2,3.9,ok
TIC 437043345,134.1918,17.4812,6.76,0,,,,,2,3.8,ok
TIC 178920597,199.4339,-8.7336,6.76,0,,,,,2,4.0,ok
TIC 292113181,198.1816,-2.265,6.77,0,,,,,2,3.9,ok
TIC 14852106,114.2739,16.9042,6.77,0,,,,,5,8.7,ok
TIC 363573014,172.1036,2.7825,6.77,0,,,,,2,3.9,ok
TIC 94920145,113.7109,24.9523,6.79,0,,,,,5,9.1,ok
TIC 175711766,194.1108,-0.9551,6.79,0,,,,,1,2.3,ok
TIC 203286672,136.2491,22.8332,6.8,0,,,,,4,7.0,ok
TIC 77072856,166.8985,13.8595,6.8,0,,,,,5,9.1,ok
TIC 443965212,129.961,11.5196,6.8,0,,,,,6,10.4,ok
TIC 56812239,183.1165,-3.0819,6.8,0,,,,,2,3.7,ok
TIC 334515749,123.3925,10.8467,6.81,0,,,,,8,14.0,ok
TIC 319430799,194.3693,-9.7619,6.81,0,,,,,2,3.6,ok
TIC 171630603,158.4595,20.304,6.81,0,,,,,5,8.9,ok
TIC 366577510,127.977,9.814,6.81,0,,,,,6,10.5,ok
TIC 366712593,182.9176,4.056,6.82,0,,,,,1,2.3,ok
TIC 155232953,124.7279,26.3353,6.82,0,,,,,4,7.2,ok
TIC 115071316,202.0793,-0.8427,6.83,0,,,,,3,5.3,ok
TIC 61126912,154.7392,17.7058,6.83,0,,,,,3,5.6,ok
TIC 63219023,157.3563,12.1869,6.83,0,,,,,3,5.4,ok
TIC 61101374,154.0668,17.7404,6.84,0,,,,,4,7.2,ok
TIC 397558558,183.3731,10.0399,6.85,0,,,,,3,5.6,ok
TIC 444005166,131.6018,10.5918,6.85,0,,,,,6,10.7,ok
TIC 411123979,151.2688,7.9909,6.85,0,,,,,3,5.6,ok
TIC 77038207,166.1389,12.667,6.86,0,,,,,4,7.2,ok
TIC 458581443,124.1409,11.7262,6.86,0,,,,,9,15.8,ok
TIC 139268899,123.9557,32.1772,6.86,0,,,,,4,7.5,ok
TIC 239137106,112.2585,31.9949,6.86,0,,,,,8,13.4,ok
TIC 124612531,195.9557,-5.1632,6.86,0,,,,,2,3.7,ok
TIC 56762094,182.4487,-5.2257,6.86,0,,,,,1,2.3,ok
TIC 350400686,166.5388,7.1401,6.86,0,,,,,3,5.9,ok
TIC 126319262,134.7074,25.4041,6.87,0,,,,,5,9.1,ok
TIC 350428676,166.8054,10.2121,6.87,0,,,,,2,4.0,ok
TIC 247087539,112.609,13.8648,6.87,0,,,,,6,10.6,ok
TIC 293253336,118.7259,19.2336,6.87,0,,,,,5,8.9,ok
TIC 138708566,136.9715,25.6263,6.87,0,,,,,5,9.4,ok
TIC 63217246,157.109,15.7558,6.88,0,,,,,3,5.6,ok
TIC 70466751,114.8241,20.1486,6.88,0,,,,,5,8.9,ok
TIC 5969274,193.501,-18.0376,6.89,0,,,,,4,7.9,ok
TIC 17673971,117.6312,14.8414,6.89,0,,,,,5,8.5,ok
TIC 386883091,136.6784,20.5087,6.9,0,,,,,3,5.6,ok
TIC 117297589,131.3792,28.4454,6.9,0,,,,,5,9.1,ok
TIC 411121229,151.0349,11.6285,6.91,0,,10.7,rejete,variabilite_continue;eclipse_secondaire,2,5.7,ok
TIC 171371047,118.7841,28.3838,6.91,0,,,,,5,9.1,ok
TIC 243245935,136.8603,22.9789,6.91,0,,,,,6,10.8,ok
TIC 176910071,183.4047,-9.5136,6.92,0,,,,,4,7.4,ok
TIC 98797950,187.5073,-6.0238,6.93,0,,,,,1,2.3,ok
TIC 173102267,172.3105,-4.4522,6.93,0,,,,,5,8.8,ok
TIC 183651707,184.6336,-8.9049,6.94,0,,,,,4,6.9,ok
TIC 125530326,144.8034,25.3675,6.94,0,,,,,4,7.9,ok
TIC 88004994,146.9289,20.6047,6.94,0,,,,,5,8.7,ok
TIC 397558463,183.3047,10.818,6.95,0,,,,,2,4.0,ok
TIC 344988456,152.3464,2.371,6.95,0,,,,,6,10.4,ok
TIC 325254372,176.6941,3.4742,6.96,0,,,,,3,5.8,ok
TIC 312185839,141.118,6.3499,6.97,0,,,,,5,9.4,ok
TIC 14858698,118.7254,32.2844,6.97,0,,,,,7,12.7,ok
TIC 47336144,162.3216,-4.0239,6.97,0,,,,,7,12.8,ok
TIC 453059861,145.8638,2.6275,6.97,0,,,,,6,10.3,ok
TIC 46310554,133.099,13.2329,6.97,0,,,,,3,5.6,ok
TIC 468983199,128.7672,11.2834,6.97,0,,,,,5,9.1,ok
TIC 117162940,129.5346,26.0479,6.97,0,,,,,7,12.6,ok
TIC 77126172,167.516,15.9129,6.98,0,,,,,3,5.5,ok
TIC 421194567,178.7173,-1.4534,6.98,0,,,,,2,4.0,ok
TIC 290468468,138.7231,4.4429,6.98,0,,,,,5,9.1,ok
TIC 286098992,140.8152,3.5015,6.99,0,,,,,5,9.0,ok
TIC 62851247,116.5333,21.1219,7.0,0,,,,,3,5.4,ok
TIC 16328463,115.9728,15.2575,7.0,0,,,,,3,5.3,ok
TIC 388907349,174.7521,6.0572,7.0,0,,,,,3,5.8,ok
TIC 377169565,184.98,5.6717,7.0,0,,,,,3,5.4,ok
TIC 411249158,195.2836,4.3586,7.0,0,,,,,2,3.8,ok
TIC 381712731,196.9027,1.4743,7.01,0,,,,,4,7.0,ok
TIC 20537900,128.4029,13.5507,7.01,0,,,,,4,6.9,ok
TIC 366787795,198.1666,4.0682,7.02,0,,,,,3,5.2,ok
TIC 388818009,172.9159,7.8635,7.03,0,,,,,2,4.2,ok
TIC 19029864,119.8234,16.8189,7.03,0,,,,,5,8.7,ok
TIC 377024460,147.2202,8.3018,7.03,0,,,,,3,5.7,ok
TIC 458680441,129.7505,6.9536,7.03,0,,,,,6,10.8,ok
TIC 171303795,118.4391,26.5631,7.04,0,,,,,4,7.0,ok
TIC 380698607,192.3636,5.1717,7.04,0,,,,,4,6.5,ok
TIC 95431305,154.8979,19.8697,7.04,0,,,,,4,7.4,ok
TIC 67401721,171.1103,15.884,7.05,0,,,,,5,8.4,ok
TIC 27107372,152.5943,20.9456,7.05,0,,,,,3,5.7,ok
TIC 239205079,149.2577,19.7624,7.05,0,,,,,5,9.4,ok
TIC 462517326,170.1104,17.3112,7.05,0,,,,,2,4.4,ok
TIC 277696601,153.3049,3.0726,7.06,1,1.3673,22.0,rejete,variabilite_continue;eclipse_secondaire,4,9.4,ok
TIC 393630029,199.2159,1.2402,7.06,0,,,,,3,5.5,ok
TIC 349456601,184.0696,-3.236,7.06,0,,,,,1,2.2,ok
TIC 992800,165.6382,-0.0935,7.06,0,,,,,3,5.9,ok
TIC 126133774,110.0952,28.1222,7.07,0,,,,,3,5.3,ok
TIC 393640831,199.7764,2.9032,7.07,0,,,,,4,6.8,ok
TIC 365009834,164.8874,9.9308,7.08,0,,,,,2,4.0,ok
TIC 60724242,111.397,20.495,7.08,0,,,,,3,5.5,ok
TIC 49454591,174.4944,-1.5986,7.08,0,,,,,3,5.9,ok
TIC 386839075,122.0358,19.2154,7.08,0,,,,,4,6.9,ok
TIC 345078350,164.6987,1.7289,7.08,0,,,,,3,5.6,ok
TIC 372444661,165.2746,12.0457,7.08,0,,,,,3,5.9,ok
TIC 97465745,124.5273,26.4245,7.08,0,,34.4,rejete,variabilite_continue;eclipse_secondaire,4,10.1,ok
TIC 381712438,196.8315,0.5843,7.09,0,,,,,4,6.9,ok
TIC 397485094,181.7944,9.6629,7.09,0,,,,,2,3.8,ok
TIC 405647064,141.8185,6.2319,7.1,0,,,,,6,10.9,ok
TIC 288548104,191.7456,-7.8001,7.1,0,,,,,1,2.6,ok
TIC 302302173,126.2297,23.9457,7.1,0,,,,,5,8.9,ok
TIC 184916538,131.4588,20.0219,7.1,0,,,,,3,5.5,ok
TIC 27510756,122.5268,14.5074,7.1,0,,,,,3,5.7,ok
TIC 25996592,195.1053,-13.8921,7.11,0,,,,,3,5.5,ok
TIC 366722716,183.1242,3.4042,7.11,0,,,,,2,3.8,ok
TIC 67401178,170.9084,17.1421,7.11,0,,,,,4,7.5,ok
TIC 414965996,140.9452,20.3647,7.12,0,,,,,4,7.9,ok
TIC 60227635,121.5375,15.3467,7.12,0,,,,,5,9.0,ok
TIC 61029230,112.6621,20.4916,7.12,0,,,,,5,8.7,ok
TIC 152829041,181.9454,-8.4861,7.13,0,,,,,3,5.4,ok
TIC 81986423,176.0167,-4.8075,7.13,0,,,,,4,7.2,ok
TIC 396929658,171.3562,7.9526,7.13,0,,,,,2,4.4,ok
TIC 347751203,198.3364,-13.4715,7.13,0,,,,,1,2.2,ok
TIC 77042897,166.4574,12.565,7.13,0,,,,,4,7.2,ok
TIC 117414820,132.6917,26.8267,7.13,0,,,,,3,6.0,ok
TIC 86181296,180.7218,12.8073,7.13,0,,,,,4,7.1,ok
TIC 386956679,178.5298,12.0561,7.14,0,,,,,5,8.8,ok
TIC 374224757,158.6361,1.7605,7.14,0,,,,,4,7.4,ok
TIC 34944805,164.0208,-1.618,7.14,0,,,,,3,5.5,ok
TIC 277712053,153.5361,3.1488,7.14,0,,,,,5,8.7,ok
TIC 195216468,142.1112,12.6742,7.14,0,,,,,3,6.2,ok
TIC 396951614,172.8474,3.0627,7.15,0,,,,,2,4.0,ok
TIC 86120214,140.4459,18.7457,7.15,0,,,,,4,7.8,ok
TIC 26858637,112.1693,24.6482,7.15,0,,,,,5,23.3,ok
TIC 62857950,160.2936,-0.2765,7.15,0,,,,,4,21.9,ok
TIC 94941391,186.6989,-5.5923,7.16,0,,,,,1,7.8,ok
TIC 377157162,149.6641,10.9606,7.16,0,,,,,2,5.8,ok
TIC 285997978,172.7128,-6.719,7.16,0,,,,,6,11.9,ok
TIC 171598459,156.7259,19.5122,7.16,0,,,,,4,7.2,ok
TIC 292114660,198.3065,-2.5559,7.17,0,,,,,2,3.8,ok
TIC 281748843,163.259,4.962,7.17,0,,,,,3,5.5,ok
TIC 233168007,159.4411,17.2784,7.17,0,,,,,4,7.3,ok
TIC 455277613,146.8459,2.3152,7.17,0,,,,,7,12.6,ok
TIC 27001535,150.9695,18.9507,7.17,0,,,,,5,8.8,ok
TIC 345942287,193.2896,-14.9654,7.18,0,,,,,5,8.9,ok
TIC 97599183,126.6669,24.5347,7.18,0,,,,,5,8.7,ok
TIC 175239917,129.9852,19.5529,7.18,0,,,,,3,5.5,ok
TIC 399088589,188.5867,6.3781,7.18,0,,,,,3,5.8,ok
TIC 156850483,148.4517,14.7393,7.18,0,,,,,3,5.5,ok
TIC 380583259,175.1729,8.6721,7.18,0,,,,,4,7.2,ok
TIC 175233914,129.7752,19.6767,7.18,0,,,,,4,7.5,ok
TIC 95360749,154.2519,21.9129,7.19,0,,,,,4,7.6,ok
TIC 94925939,186.5348,-4.4807,7.2,0,,,,,1,2.3,ok
TIC 377168430,150.0541,6.2507,7.2,0,,,,,2,4.1,ok
TIC 349793180,143.4988,27.3534,7.2,0,,,,,4,7.6,ok
TIC 82155077,197.6761,-4.9419,7.21,0,,,,,1,2.3,ok
TIC 178246058,127.7517,18.9684,7.21,0,,,,,2,4.0,ok
TIC 283786963,134.8438,7.4141,7.21,0,,,,,8,13.9,ok
TIC 1727745,195.9119,-16.3368,7.22,0,,,,,4,7.5,ok
TIC 289944868,191.929,-12.5804,7.22,0,,,,,3,5.6,ok
TIC 397558016,183.241,10.0355,7.22,0,,,,,3,5.7,ok
TIC 38114366,169.8404,-1.6565,7.23,0,,,,,3,6.0,ok
TIC 144196917,177.5775,-7.376,7.23,0,,,,,4,7.5,ok
TIC 82071590,176.8809,-5.2639,7.23,0,,,,,2,4.0,ok
TIC 14898930,119.1025,31.6955,7.24,0,,,,,5,9.2,ok
TIC 374295326,159.6798,5.734,7.24,0,,,,,3,6.0,ok
TIC 275358959,149.9258,5.2216,7.24,0,,,,,5,8.7,ok
TIC 396936263,176.4524,6.9427,7.24,0,,,,,2,5.2,ok
TIC 468968754,128.4916,10.586,7.26,0,,,,,5,8.5,ok
TIC 290651666,141.1055,4.7649,7.26,0,,,,,4,7.3,ok
TIC 197221641,133.5772,22.21,7.26,0,,,,,4,7.5,ok
TIC 293367555,131.3319,15.0467,7.27,0,,,,,4,7.2,ok
TIC 60254295,124.806,14.2008,7.27,0,,,,,5,9.1,ok
TIC 176940023,183.7758,-7.2576,7.28,0,,,,,2,3.9,ok
TIC 365071278,202.3012,0.1192,7.28,0,,,,,3,5.4,ok
TIC 840170635,154.0668,17.7399,7.29,0,,,,,3,5.9,ok
TIC 95770266,160.7194,18.3822,7.29,0,,,,,3,5.5,ok
TIC 247161593,113.4474,13.4077,7.29,0,,,,,6,10.7,ok
TIC 14494641,110.9466,12.9621,7.29,0,,,,,8,14.1,ok
TIC 203283177,195.9039,-11.5832,7.3,0,,,,,2,4.5,ok
TIC 390587214,190.2255,8.8292,7.3,0,,,,,2,4.0,ok
TIC 1008352,166.0061,-0.0311,7.3,0,,,,,3,5.5,ok
TIC 66695166,199.1669,-5.5738,7.3,0,,,,,2,4.0,ok
TIC 281659343,161.6374,4.6447,7.31,0,,,,,3,5.7,ok
TIC 323494153,135.449,6.4971,7.31,0,,,,,8,14.4,ok
TIC 27073220,152.5319,18.1852,7.31,0,,,,,4,7.6,ok
TIC 350547262,190.2076,3.8695,7.32,0,,,,,3,5.5,ok
TIC 411187764,193.8135,5.3004,7.32,0,,,,,3,5.5,ok
TIC 350023032,154.8414,9.2129,7.32,0,,,,,3,5.9,ok
TIC 397024052,176.4251,2.8208,7.33,0,,,,,3,5.7,ok
TIC 389205189,145.9327,7.9526,7.33,0,,,,,3,5.6,ok
TIC 366623285,128.2703,11.268,7.33,0,,,,,4,7.2,ok
TIC 393584709,162.8075,9.2232,7.33,0,,,,,3,6.0,ok
TIC 175239931,129.9905,19.5414,7.33,0,,,,,3,5.6,ok
TIC 203280496,135.9338,20.0628,7.34,0,,,,,4,7.5,ok
TIC 171646087,158.8215,21.3784,7.34,0,,,,,4,7.3,ok
TIC 350499750,177.4353,6.5226,7.34,0,,,,,3,5.5,ok
TIC 357182997,153.0785,17.2978,7.34,0,,,,,2,4.1,ok
TIC 291007433,169.715,10.5964,7.34,0,,,,,2,3.9,ok
TIC 291156255,190.6621,2.5764,7.34,0,,,,,4,6.7,ok
TIC 388925039,187.8107,1.3269,7.34,0,,,,,1,2.2,ok
TIC 374365000,161.3719,1.0107,7.35,0,,,,,5,8.9,ok
TIC 195187986,128.9376,19.7711,7.35,0,,,,,5,9.1,ok
TIC 347753484,198.538,-14.2821,7.35,0,,,,,1,2.5,ok
TIC 437034806,132.5512,11.8568,7.35,0,,,,,3,5.6,ok
TIC 366632312,130.217,9.8241,7.35,0,,,,,5,9.8,ok
TIC 440802476,109.2977,13.8656,7.35,0,,,,,7,12.1,ok
TIC 95572271,121.4042,27.5306,7.36,0,,,,,6,10.6,ok
TIC 143406721,155.3425,-0.2203,7.36,0,,,,,6,11.1,ok
TIC 149438319,140.4299,28.5003,7.36,0,,,,,4,7.5,ok
TIC 397559597,183.4592,8.972,7.36,0,,,,,2,3.9,ok
TIC 143401309,154.9135,-0.21,7.36,0,,,,,4,7.4,ok
TIC 277799176,155.9304,2.6178,7.36,0,,,,,5,8.6,ok
TIC 38114675,169.8877,-0.1892,7.37,0,,,,,3,5.7,ok
TIC 195189483,129.0725,20.3414,7.37,0,,,,,5,8.9,ok
TIC 21285884,129.8151,12.9598,7.37,0,,,,,4,7.6,ok
TIC 184842717,110.0293,21.9812,7.37,0,,,,,2,4.0,ok
TIC 388940040,188.2844,1.0437,7.37,0,,,,,2,3.8,ok
TIC 155177867,144.2811,16.2255,7.37,0,,,,,3,5.9,ok
TIC 63189338,156.7208,17.2187,7.38,0,,,,,4,7.8,ok
TIC 156598845,190.9522,-9.7687,7.38,0,,,,,1,2.4,ok
TIC 95313240,153.2994,21.4197,7.38,0,,,,,4,7.4,ok
TIC 203234587,184.4719,-6.4313,7.38,0,,,,,1,2.2,ok
TIC 70676872,155.6188,17.5137,7.39,0,,,,,3,6.0,ok
TIC 388816947,172.7525,9.6196,7.4,0,,,,,3,5.9,ok
TIC 290644364,140.5339,5.5787,7.41,0,,,,,5,9.0,ok
TIC 66666079,184.8059,-3.3201,7.41,0,,,,,2,3.9,ok
TIC 323639134,136.7457,8.3288,7.41,0,,,,,8,14.1,ok
TIC 175261984,130.0752,19.5319,7.41,0,,,,,4,7.1,ok
TIC 91987762,144.5552,23.5467,7.41,0,,,,,5,9.2,ok
TIC 149400175,139.9568,24.4161,7.42,0,,,,,5,9.0,ok
TIC 239187696,113.6546,31.8689,7.42,0,,,,,8,14.0,ok
TIC 53178442,166.1854,-2.5133,7.42,0,,,,,5,9.4,ok
TIC 388925694,187.8434,5.053,7.42,0,,11.3,rejete,variabilite_continue;eclipse_secondaire,2,5.9,ok
TIC 165964524,110.765,20.5554,7.42,0,,,,,3,5.8,ok
TIC 386957947,178.6389,14.1511,7.42,0,,,,,3,5.5,ok
TIC 135070915,198.8784,-8.0548,7.42,0,,,,,2,3.8,ok
TIC 437029490,132.3712,8.8647,7.43,0,,,,,4,7.3,ok
TIC 126319605,134.689,23.9668,7.43,0,,,,,4,7.3,ok
TIC 374350738,160.85,4.3017,7.43,0,,,,,2,4.1,ok
TIC 293367451,131.3,15.342,7.43,0,,,,,4,7.4,ok
TIC 377231986,186.1639,5.0333,7.43,0,,,,,3,5.4,ok
TIC 38132321,170.3178,-4.3662,7.43,0,,,,,3,6.1,ok
TIC 366657610,130.32,11.0487,7.44,1,10.5505,13.8,rejete,variabilite_continue;eclipse_secondaire,4,9.9,ok
TIC 330690138,136.6908,15.216,7.44,0,,,,,3,5.9,ok
TIC 390628638,190.5664,8.0424,7.44,0,,,,,2,3.8,ok
TIC 390692143,193.4752,6.7635,7.45,0,,,,,4,7.0,ok
TIC 429301734,188.3971,-11.6214,7.45,0,,,,,4,7.5,ok
TIC 66672906,185.1629,-3.9956,7.45,0,,,,,1,2.7,ok
TIC 85998162,138.7883,23.3746,7.45,0,,,,,6,10.5,ok
TIC 801704554,122.3771,32.2219,7.46,0,,,,,5,9.2,ok
TIC 842320515,158.7589,8.6499,7.46,0,,,,,3,5.7,ok
TIC 288528647,191.5068,-9.3147,7.46,0,,,,,2,3.9,ok
TIC 94894075,186.2448,-4.2269,7.46,0,,,,,2,3.9,ok
TIC 96243602,181.2991,-1.5087,7.46,0,,,,,2,3.7,ok
TIC 365224537,204.8924,1.0881,7.46,0,,,,,4,7.1,ok
TIC 291074375,177.9855,8.8223,7.46,0,,,,,5,9.5,ok
TIC 149504043,164.407,15.7608,7.46,0,,,,,3,5.7,ok
TIC 56760791,182.3575,-0.7588,7.46,0,,,,,1,2.5,ok
TIC 82114912,197.1246,-2.6789,7.46,0,,,,,1,2.4,ok
TIC 203288519,136.373,19.4357,7.46,0,,,,,4,7.4,ok
TIC 270693260,137.4751,5.2033,7.46,0,,,,,7,12.5,ok
TIC 3699158,127.816,25.7402,7.46,0,,,,,5,9.9,ok
TIC 126319158,134.7342,25.9258,7.47,0,,,,,4,7.7,ok
TIC 337648733,138.9707,15.0086,7.47,0,,,,,3,5.4,ok
TIC 385349011,196.0795,-17.2371,7.47,0,,,,,3,6.0,ok
TIC 380699270,192.4363,1.1841,7.47,0,,,,,4,6.9,ok
TIC 195212627,141.7012,14.4938,7.48,0,,,,,1,2.3,ok
TIC 397482019,181.3641,10.9607,7.48,0,,,,,2,4.0,ok
TIC 366528716,127.4814,10.4712,7.48,0,,,,,6,10.5,ok
TIC 392771608,156.8555,7.2164,7.49,0,,,,,2,4.4,ok
TIC 399090479,188.7842,7.4422,7.49,0,,,,,1,2.2,ok
TIC 3960276,152.116,24.3087,7.49,0,,,,,3,5.6,ok
TIC 95745475,159.9949,18.0624,7.49,0,,,,,4,7.4,ok
TIC 349554423,192.026,-0.3593,7.49,0,,,,,1,2.4,ok
TIC 385352011,196.2585,-17.6787,7.49,0,,,,,4,7.4,ok
TIC 349948831,153.7398,9.211,7.5,0,,,,,3,5.6,ok
TIC 176940024,183.7739,-7.2578,7.5,0,,,,,2,3.8,ok
TIC 27064335,151.6694,17.8949,7.5,0,,,,,3,5.8,ok
TIC 376850010,181.0528,1.4619,7.5,0,,,,,1,2.3,ok
TIC 94920828,113.7561,23.9317,7.51,0,,,,,5,8.8,ok
TIC 46385533,134.0184,15.7236,7.51,0,,,,,4,7.3,ok
TIC 51738126,190.5737,-0.3079,7.51,0,,,,,1,2.2,ok
TIC 195193587,129.3602,20.4871,7.51,0,,,,,4,7.7,ok
TIC 386703605,188.931,-12.0248,7.52,0,,,,,4,7.2,ok
TIC 14677935,126.9744,18.0687,7.52,0,,,,,4,7.5,ok
TIC 293411838,131.6227,17.4957,7.52,0,,,,,3,5.5,ok
TIC 411089522,150.2521,8.9485,7.53,0,,,,,3,5.6,ok
TIC 291038205,170.2607,7.0641,7.54,0,,,,,3,6.2,ok
TIC 389347021,184.3627,6.6009,7.54,0,,,,,3,5.4,ok
TIC 397025949,178.7794,3.2186,7.54,0,,,,,1,2.4,ok
TIC 86070983,139.5704,18.7809,7.54,0,,,,,4,7.2,ok
TIC 70124139,113.1124,18.3661,7.54,0,,,,,5,9.0,ok
TIC 291007040,169.6459,10.6018,7.54,0,,,,,3,5.9,ok
TIC 1732730,156.2128,-0.402,7.55,0,,,,,5,9.3,ok
TIC 443585835,168.0686,-1.1882,7.55,0,,,,,3,5.6,ok
TIC 77107468,166.9142,13.4984,7.56,0,,,,,5,9.0,ok
TIC 277888583,157.2278,0.8365,7.56,0,,,,,6,10.9,ok
TIC 390651715,191.9888,8.5166,7.56,0,,,,,3,5.4,ok
TIC 358704029,150.1746,17.5684,7.57,0,,,,,3,5.6,ok
TIC 291109075,178.5946,10.0491,7.57,0,,,,,5,9.1,ok
TIC 386890011,136.9732,22.4566,7.57,0,,,,,4,7.0,ok
TIC 247056201,112.3275,12.4486,7.57,0,,,,,5,8.7,ok
TIC 165796397,121.9155,31.5511,7.58,0,,,,,7,12.1,ok
TIC 192982365,142.5983,12.9392,7.58,0,,,,,3,5.5,ok
TIC 363496775,170.3906,4.2083,7.59,0,,,,,3,6.0,ok
TIC 98720068,186.7448,-8.8295,7.59,0,,,,,1,2.3,ok
TIC 70333161,114.1025,18.1817,7.59,0,,,,,3,5.6,ok
TIC 412130425,184.0295,3.5599,7.59,0,,,,,1,2.3,ok
TIC 349888690,157.5273,20.8008,7.59,0,,,,,4,7.3,ok
TIC 63279199,158.0698,12.9192,7.59,0,,,,,2,4.0,ok
TIC 82605972,176.7113,15.002,7.59,0,,,,,3,5.7,ok
TIC 262687075,148.5971,3.3291,7.59,0,,,,,3,5.7,ok
TIC 138689744,137.0108,27.5587,7.59,0,,,,,6,10.6,ok
TIC 363517435,170.7603,4.1383,7.6,0,,,,,3,5.6,ok
TIC 307678414,129.4039,19.7328,7.6,1,5.9705,30.8,rejete,variabilite_continue,4,10.2,ok
TIC 399055600,187.6411,9.7154,7.6,0,,,,,4,7.1,ok
TIC 172933154,129.0063,30.018,7.6,0,,,,,7,12.3,ok
TIC 334476309,122.9362,11.1834,7.6,0,,,,,5,8.8,ok
TIC 407048413,144.14,7.1223,7.6,0,,,,,4,7.2,ok
TIC 239203024,148.8928,18.8209,7.6,0,,,,,3,5.6,ok
TIC 171301335,118.1979,25.9256,7.6,0,,,,,5,8.7,ok
TIC 277838596,156.3901,4.5721,7.6,0,,,,,3,5.4,ok
TIC 301553592,167.0841,4.4582,7.6,0,,,,,2,4.3,ok
TIC 195183116,128.6632,21.4929,7.61,0,,,,,4,7.6,ok
TIC 19064262,119.897,12.9828,7.61,0,,,,,5,8.7,ok
TIC 281883998,165.9952,3.6388,7.61,0,,,,,2,4.1,ok
TIC 171648677,158.9804,18.0452,7.61,0,,,,,5,9.2,ok
TIC 255829542,174.1604,12.1772,7.61,0,,,,,4,7.5,ok
TIC 357182384,152.6782,15.704,7.61,0,,,,,2,4.0,ok
TIC 458378143,109.7286,25.9411,7.61,0,,,,,3,5.5,ok
TIC 443614759,169.049,-3.4718,7.61,0,,,,,3,5.9,ok
TIC 4164713,114.6257,33.7117,7.61,0,,73.8,rejete,variabilite_continue;eclipse_secondaire,6,14.1,ok
TIC 393715853,201.0764,1.3997,7.62,1,1.7792,13.2,rejete,variabilite_continue;eclipse_secondaire,2,5.6,ok
TIC 117418168,137.635,29.07,7.62,0,,,,,5,8.8,ok
TIC 380667836,179.2217,10.5255,7.62,0,,,,,4,7.1,ok
TIC 388925453,187.8037,3.562,7.62,0,,,,,2,4.0,ok
TIC 56774275,182.8227,-5.9267,7.62,0,,,,,2,4.0,ok
TIC 323641347,136.9065,7.4847,7.62,0,,,,,6,10.5,ok
TIC 175239494,129.928,20.0862,7.62,0,,,,,3,5.5,ok
TIC 27679101,123.647,13.0234,7.62,0,,,,,7,12.0,ok
TIC 21276797,129.621,14.858,7.63,0,,,,,3,5.4,ok
TIC 380672646,191.5615,2.4642,7.63,0,,,,,3,5.1,ok
TIC 374350728,160.8945,4.2509,7.63,0,,,,,2,4.0,ok
TIC 4624167,118.393,30.5939,7.63,0,,,,,7,12.1,ok
TIC 4487675,117.0992,33.2724,7.63,0,,,,,5,8.8,ok
TIC 281795363,164.1288,5.2731,7.63,0,,,,,2,3.9,ok
TIC 34946881,164.1684,-1.169,7.63,0,,,,,3,5.9,ok
TIC 14342817,163.6418,-1.5187,7.63,0,,,,,3,5.5,ok
TIC 374349038,160.7901,4.6677,7.64,0,,,,,2,3.9,ok
TIC 381713571,196.8766,3.9367,7.64,0,,,,,3,5.5,ok
TIC 388923664,187.5467,5.8769,7.64,0,,,,,3,5.5,ok
TIC 27001676,150.9351,18.2197,7.64,0,,,,,3,5.7,ok
TIC 98628241,185.392,-9.4001,7.64,0,,,,,4,6.9,ok
TIC 377298461,187.2663,5.9607,7.64,0,,,,,2,3.8,ok
TIC 156638913,192.5076,-7.1983,7.65,0,,,,,1,2.2,ok
TIC 368439116,186.9989,-7.5682,7.65,0,,,,,1,2.3,ok
TIC 152701483,179.7541,-6.6535,7.65,0,,,,,2,3.9,ok
TIC 397481445,181.2701,9.2393,7.65,0,,,,,2,3.8,ok
TIC 301467567,166.077,5.796,7.66,0,,,,,3,5.7,ok
TIC 392795974,157.0437,6.7371,7.66,0,,,,,3,5.5,ok
TIC 110998425,188.9368,-7.4467,7.66,0,,,,,1,2.2,ok
TIC 63858490,162.7591,16.0536,7.66,0,,,,,3,5.8,ok
TIC 49431003,174.3626,-1.4851,7.67,0,,,,,3,6.2,ok
TIC 91987864,144.6471,23.0478,7.67,0,,,,,4,7.4,ok
TIC 386640300,195.1619,-2.5631,7.67,0,,,,,2,4.1,ok
TIC 377172768,185.3508,2.728,7.68,0,,,,,2,4.1,ok
TIC 159505299,167.9183,18.692,7.68,0,,,,,3,5.4,ok
TIC 440767223,108.5834,15.7593,7.68,0,,,,,5,8.9,ok
TIC 374272870,159.5722,1.2439,7.68,0,,,,,5,9.0,ok
TIC 335635637,199.3,-12.5263,7.68,0,,,,,1,2.4,ok
TIC 114982772,201.0873,-0.316,7.68,0,,,,,4,6.7,ok
TIC 156673329,193.0525,-6.0904,7.68,0,,,,,1,2.1,ok
TIC 393629033,199.0159,3.9643,7.68,0,,,,,4,7.0,ok
TIC 374199704,157.9614,4.9358,7.68,0,,,,,2,3.8,ok
TIC 302584410,133.5974,30.2178,7.69,0,,,,,3,5.7,ok
TIC 21287675,129.8812,17.478,7.69,0,,,,,2,4.0,ok
TIC 393546739,161.3284,6.9603,7.69,0,,,,,2,3.8,ok
TIC 95860701,162.8655,20.2747,7.7,0,,,,,3,5.8,ok
TIC 181823066,189.5732,-14.0596,7.7,0,,,,,3,5.5,ok
TIC 293379163,131.5476,14.062,7.7,0,,,,,3,5.5,ok
TIC 95433566,155.1989,19.539,7.71,0,,,,,3,5.6,ok
TIC 388813249,172.6045,9.1087,7.71,0,,,,,3,5.9,ok
TIC 350565696,190.5117,0.4952,7.71,0,,,,,1,2.2,ok
TIC 92023470,145.5104,23.3292,7.71,0,,,,,4,7.1,ok
TIC 95693534,122.0837,25.5528,7.71,0,,,,,5,8.5,ok
TIC 432195450,187.9706,-12.6797,7.72,0,,,,,3,5.6,ok
TIC 155557807,159.1909,14.0452,7.72,0,,,,,2,4.1,ok
TIC 376785420,180.0581,5.3627,7.72,0,,,,,2,4.0,ok
TIC 365203839,204.6298,1.255,7.72,0,,,,,3,5.4,ok
TIC 347715497,182.8102,-12.0973,7.72,0,,,,,3,5.5,ok
TIC 171394304,118.8639,29.1582,7.72,0,,,,,8,13.8,ok
TIC 176939067,183.6571,-8.9902,7.73,0,,,,,3,5.5,ok
TIC 381726635,197.2471,2.1599,7.73,0,,,,,3,5.4,ok
TIC 130158363,117.2536,28.5739,7.73,0,,141.8,rejete,compagnon_trop_gros_2.0Rjup,7,16.2,ok
TIC 10005000029,189.9979,-11.6231,7.73,0,,,,,1,2.4,ok
TIC 281776955,163.4742,3.7013,7.73,0,,,,,3,5.5,ok
TIC 247165103,113.5815,14.753,7.73,0,,,,,4,7.8,ok
TIC 21276042,129.6202,17.06,7.73,0,,,,,3,5.5,ok
TIC 97487213,165.4851,19.5062,7.74,0,,,,,3,5.8,ok
TIC 6994415,126.4783,17.8334,7.74,0,,,,,5,9.0,ok
TIC 321287183,137.4733,14.4569,7.74,0,,,,,4,7.1,ok
TIC 393649309,200.1793,4.1342,7.74,0,,,,,4,7.0,ok
TIC 337656919,139.0322,14.1243,7.75,0,,,,,4,7.2,ok
TIC 82605735,176.6317,13.6886,7.75,0,,,,,4,7.2,ok
TIC 286361842,191.1449,3.5322,7.75,0,,,,,4,7.4,ok
TIC 350449035,176.907,11.7081,7.75,0,,,,,5,8.9,ok
TIC 61036210,153.2475,16.5312,7.75,0,,,,,3,6.1,ok
TIC 126199030,110.5181,29.8377,7.75,0,,,,,5,8.8,ok
TIC 428714646,196.4419,-18.8259,7.75,0,,,,,5,8.6,ok
TIC 197248213,134.2385,20.1997,7.75,0,,,,,4,7.5,ok
TIC 371591108,173.812,12.6725,7.75,0,,,,,5,9.3,ok
TIC 49427341,173.9646,-4.7555,7.76,0,,,,,4,7.1,ok
TIC 149469656,141.68,26.3498,7.76,0,,,,,6,10.8,ok
TIC 301539700,166.6682,5.43,7.77,0,,,,,2,3.9,ok
TIC 2492183,194.3973,-12.8131,7.77,0,,,,,3,5.8,ok
TIC 239208866,169.6617,16.4642,7.77,0,,,,,2,3.9,ok
TIC 175291778,130.5268,19.4112,7.77,0,,,,,4,7.4,ok
TIC 126236473,133.4582,26.9132,7.77,0,,,,,5,8.8,ok
TIC 239207192,157.0757,18.9123,7.78,0,,,,,3,5.5,ok
TIC 243245686,136.5187,23.741,7.78,0,,,,,6,10.5,ok
TIC 124655388,196.5158,-5.1356,7.78,0,,,,,1,2.3,ok
TIC 311987975,138.9562,10.3739,7.78,0,,,,,2,4.1,ok
TIC 311992085,139.2824,7.2748,7.78,0,,,,,1,2.4,ok
TIC 171650901,159.4035,18.3487,7.79,0,,,,,5,9.0,ok
TIC 357239551,169.5574,15.9687,7.79,0,,,,,2,3.9,ok
TIC 60947457,112.2964,20.9394,7.79,1,10.5215,21.8,rejete,variabilite_continue,3,7.6,ok
TIC 178942840,199.8599,-11.1483,7.79,0,,,,,1,2.3,ok
TIC 429301837,188.2951,-11.1344,7.79,0,,,,,2,4.1,ok
TIC 27109999,152.9478,23.7557,7.8,0,,,,,4,7.4,ok
TIC 126234175,121.1779,24.3305,7.8,0,,,,,5,9.0,ok
TIC 95343276,153.9319,21.5293,7.8,0,,,,,3,5.6,ok
TIC 277876667,157.0231,3.3157,7.8,0,,,,,2,3.9,ok
TIC 411174001,152.6133,11.5749,7.8,0,,,,,2,4.0,ok
TIC 82605074,176.598,14.124,7.8,0,,,,,4,7.3,ok
TIC 195212514,141.706,14.9274,7.8,0,,,,,2,4.1,ok
TIC 437041591,134.1378,12.4318,7.81,0,,,,,4,7.3,ok
TIC 358790031,161.278,16.3375,7.81,0,,,,,4,7.6,ok
TIC 124655176,196.5551,-4.3111,7.81,0,,,,,1,2.3,ok
TIC 455273541,146.4301,3.5443,7.81,0,,,,,6,11.0,ok
TIC 38116878,170.0993,-1.7969,7.81,0,,,,,3,5.7,ok
TIC 95662068,121.9333,27.0133,7.81,0,,,,,3,5.5,ok
TIC 171600004,156.793,19.8123,7.82,0,,,,,4,7.5,ok
TIC 400728256,126.9001,30.55,7.82,0,,,,,4,7.3,ok
TIC 347695051,182.4919,-13.4354,7.82,0,,,,,3,5.5,ok
TIC 397485231,181.8165,10.5309,7.82,0,,,,,3,5.8,ok
TIC 393628412,198.9958,4.647,7.82,0,,,,,4,7.5,ok
TIC 21274791,129.5023,15.1346,7.82,0,,,,,4,7.5,ok
TIC 184916811,131.4436,19.0494,7.83,0,,,,,3,5.5,ok
TIC 130589557,187.1856,-4.2909,7.83,0,,,,,1,2.1,ok
TIC 156839513,147.9131,17.4747,7.83,0,,,,,3,5.5,ok
TIC 66716251,199.5739,-5.7893,7.83,0,,,,,1,2.2,ok
TIC 14547634,125.8805,23.5343,7.83,0,,,,,3,5.4,ok
TIC 56815166,183.4003,-1.2371,7.83,0,,,,,1,2.3,ok
TIC 380154966,172.4947,3.2049,7.84,0,,,,,2,3.9,ok
TIC 91900476,142.253,19.2887,7.84,0,,,,,2,4.0,ok
TIC 85243963,152.3329,24.5435,7.84,0,,,,,4,7.2,ok
TIC 247116238,112.7826,14.6124,7.84,0,,,,,5,9.1,ok
TIC 171628646,158.2722,19.5666,7.84,0,,,,,5,9.1,ok
TIC 277797912,155.7956,3.6518,7.84,0,,,,,3,5.5,ok
TIC 411122070,150.9998,7.176,7.85,0,,,,,3,5.7,ok
TIC 405630003,191.377,-15.5083,7.85,0,,,,,3,5.4,ok
TIC 14725898,177.2463,14.5077,7.85,0,,,,,2,3.9,ok
TIC 134880122,196.7967,-6.0821,7.85,0,,,,,1,2.4,ok
TIC 175262091,130.0975,19.8349,7.85,0,,,,,3,5.5,ok
TIC 366683267,178.1064,3.0944,7.85,0,,,,,2,3.8,ok
TIC 4136259,114.3796,31.6136,7.86,0,,,,,7,12.4,ok
TIC 63883507,163.3059,16.9751,7.86,0,,,,,4,7.7,ok
TIC 262719969,149.2833,3.33,7.86,0,,,,,5,9.2,ok
TIC 392817166,157.6506,6.6256,7.86,0,,,,,2,4.0,ok
TIC 301607476,168.9122,4.4771,7.86,0,,,,,2,3.9,ok
TIC 389357907,184.9779,10.4842,7.87,0,,,,,3,5.4,ok
TIC 380673719,191.6365,3.1687,7.87,0,,,,,4,7.2,ok
TIC 4162799,114.5411,33.7075,7.87,0,,,,,6,10.4,ok
TIC 386703601,188.9298,-12.0173,7.87,0,,,,,2,4.2,ok
TIC 171518076,119.8077,28.4942,7.88,0,,,,,7,11.9,ok
TIC 275156928,143.2737,4.1709,7.88,0,,,,,5,8.8,ok
TIC 271135942,119.1156,11.749,7.88,0,,,,,8,13.9,ok
TIC 46305289,132.8637,12.1277,7.88,1,2.9104,27.1,rejete,variabilite_continue,3,8.0,ok
TIC 16455179,116.7141,14.0559,7.88,0,,,,,7,12.4,ok
TIC 380729560,192.7128,3.512,7.88,0,,,,,4,6.9,ok
TIC 425283218,168.2148,0.2207,7.89,0,,,,,3,6.0,ok
TIC 149400010,139.8749,25.1823,7.89,0,,,,,5,9.3,ok
TIC 14434586,124.7159,18.3193,7.89,0,,,,,5,8.5,ok
TIC 337389888,110.2567,13.0791,7.89,0,,,,,4,7.2,ok
TIC 152828580,181.8412,-10.7395,7.89,0,,59.1,rejete,variabilite_continue;eclipse_secondaire,2,5.5,ok
TIC 323525804,135.9232,9.8926,7.89,0,,,,,5,8.7,ok
TIC 178277827,128.2629,19.0014,7.89,0,,,,,2,4.2,ok
TIC 381735321,197.4052,5.9796,7.9,0,,,,,3,5.3,ok
TIC 175262196,130.1112,20.1819,7.9,0,,,,,3,5.5,ok
TIC 114985116,201.3074,-2.2253,7.9,0,,,,,3,5.5,ok
TIC 468984206,128.8022,10.0212,7.9,0,,,,,7,12.1,ok
TIC 70710423,156.2437,12.7302,7.9,0,,,,,2,3.8,ok
TIC 443822950,121.068,10.8567,7.9,0,,,,,5,9.0,ok
TIC 262933010,184.5795,3.1011,7.9,0,,,,,1,2.1,ok
TIC 171601801,157.9956,22.0394,7.9,0,,,,,3,5.6,ok
TIC 185245495,174.7057,-7.6,7.91,0,,,,,4,7.2,ok
TIC 82354782,124.2362,21.9197,7.91,0,,,,,5,9.4,ok
TIC 82049203,176.1729,-4.5111,7.91,0,,,,,2,4.0,ok
TIC 171300311,118.3177,27.9146,7.91,0,,,,,5,8.8,ok
TIC 130639861,188.2448,-0.2731,7.91,0,,,,,1,2.3,ok
TIC 95006597,114.1623,29.7811,7.91,0,,,,,8,13.2,ok
TIC 262736216,149.3757,5.1033,7.91,0,,,,,4,7.2,ok
TIC 139203370,121.4807,32.4239,7.91,0,,,,,5,8.9,ok
TIC 126278565,134.0429,26.3608,7.91,0,,,,,4,7.2,ok
TIC 411151035,151.5772,7.9442,7.92,0,,,,,3,6.0,ok
TIC 366786599,198.0952,2.6538,7.92,0,,,,,3,5.5,ok
TIC 97466750,124.5604,29.0789,7.92,0,,,,,3,6.0,ok
TIC 6890706,125.4747,17.6009,7.92,0,,,,,3,5.4,ok
TIC 388924911,187.7255,0.6649,7.92,0,,,,,2,4.1,ok
TIC 56720647,181.4774,-2.4633,7.92,0,,,,,1,2.3,ok
TIC 60991400,112.6211,18.9586,7.93,0,,,,,5,8.7,ok
TIC 149495070,164.1843,13.5589,7.93,0,,,,,5,8.9,ok
TIC 247054165,112.1829,13.6283,7.93,0,,,,,5,8.6,ok
TIC 443585996,168.0431,-0.4097,7.93,0,,,,,2,3.9,ok
TIC 377227796,185.671,5.9149,7.93,0,,,,,3,5.3,ok
TIC 152701161,179.6721,-8.0081,7.93,0,,,,,4,6.9,ok
TIC 49465016,174.9828,-4.9621,7.93,0,,,,,4,7.3,ok
TIC 363477337,169.9354,3.6208,7.93,0,,,,,2,4.1,ok
TIC 47349943,162.3288,-2.7767,7.93,0,,,,,7,12.2,ok
TIC 345943668,193.4255,-13.6446,7.94,0,,,,,4,6.9,ok
TIC 14542297,125.4631,22.953,7.94,0,,,,,3,5.4,ok
TIC 388835820,173.2382,9.3814,7.94,0,,,,,2,4.0,ok
TIC 376865732,181.7369,5.8019,7.94,0,,,,,3,5.8,ok
TIC 66672050,185.0629,-0.1447,7.94,0,,,,,1,2.2,ok
TIC 462514237,124.8824,26.641,7.94,0,,,,,4,7.3,ok
TIC 49522108,175.3275,-1.7785,7.94,0,,,,,2,3.9,ok
TIC 388879731,173.9063,9.5806,7.94,0,,,,,5,8.9,ok
TIC 344858486,150.6312,1.8236,7.95,0,,,,,4,7.2,ok
TIC 344858028,150.5647,3.9303,7.95,0,,,,,6,10.7,ok
TIC 130642862,188.5554,-3.7215,7.95,0,,,,,1,2.4,ok
TIC 195217111,142.1053,15.1653,7.95,0,,,,,2,4.0,ok
TIC 183650182,184.1466,-10.3245,7.95,0,,,,,3,5.6,ok
TIC 17817323,118.3659,12.6848,7.96,0,,,,,7,12.4,ok
TIC 149443322,140.9772,27.8982,7.96,0,,,,,5,9.4,ok
TIC 406140101,142.8166,10.278,7.96,0,,,,,3,5.9,ok
TIC 291156675,190.7302,5.2658,7.96,0,,,,,3,5.4,ok
TIC 386939141,160.1053,14.9634,7.96,0,,,,,3,5.9,ok
TIC 377187862,185.3087,3.7076,7.96,0,,,,,1,2.3,ok
TIC 7983423,157.1008,-1.1237,7.96,0,,,,,3,5.6,ok
TIC 437059375,135.322,15.2638,7.96,0,,,,,4,7.1,ok
TIC 355216361,152.3968,15.3455,7.96,0,,,,,3,5.5,ok
TIC 443617661,169.1859,-3.9429,7.97,0,,,,,3,5.7,ok
TIC 117506254,138.0206,26.0508,7.97,0,,,,,6,10.9,ok
TIC 69370154,122.0934,14.8535,7.97,0,,,,,3,5.6,ok
TIC 350401824,166.655,9.9584,7.97,0,,,,,1,2.4,ok
TIC 175739449,194.9397,-4.4305,7.97,0,,,,,2,3.9,ok
TIC 175194881,129.6575,19.9897,7.97,0,,,,,4,7.0,ok
TIC 388768830,171.3734,8.9233,7.97,0,,,,,3,5.7,ok
TIC 425281171,168.1873,0.3478,7.97,0,,21.2,rejete,compagnon_trop_gros_3.2Rjup,3,7.8,ok
TIC 203227093,135.1995,21.4516,7.97,0,,,,,4,7.1,ok
TIC 233634965,145.845,24.6045,7.97,0,,,,,4,7.1,ok
TIC 126312524,134.0952,28.6674,7.97,0,,,,,5,8.6,ok
TIC 337749867,179.6979,4.8315,7.98,0,,,,,2,3.9,ok
TIC 67379567,121.1103,19.7973,7.98,0,,,,,3,5.6,ok
TIC 258673842,147.2491,12.0966,7.98,0,,,,,3,5.5,ok
TIC 380672669,191.5098,2.5925,7.98,0,,,,,3,5.3,ok
TIC 406865981,143.719,9.6768,7.98,0,,,,,2,4.0,ok
TIC 399057352,187.8119,8.8074,7.98,0,,,,,4,7.3,ok
TIC 397051747,183.5133,4.9949,7.99,0,,,,,1,2.2,ok
TIC 393648222,200.0084,1.6106,7.99,0,,,,,3,5.2,ok
TIC 87975890,146.6959,18.1154,7.99,0,,,,,3,5.5,ok
TIC 126369236,136.1046,25.3708,7.99,1,1.9822,27.7,rejete,variabilite_continue,4,9.9,ok
TIC 380196353,187.766,-9.7875,7.99,0,,,,,1,2.4,ok
TIC 88065220,148.0063,23.0029,7.99,0,,,,,4,7.3,ok
TIC 124653616,196.3639,-2.5576,7.99,0,,,,,1,2.2,ok
TIC 184939174,131.6202,22.3521,7.99,0,,,,,4,7.5,ok
TIC 444011015,133.2574,9.1835,8.0,0,,,,,4,7.5,ok
TIC 302261616,125.7656,26.7959,8.0,0,,,,,7,11.4,ok
TIC 357331856,151.848,13.9273,8.0,0,,,,,4,6.4,ok
TIC 239126929,111.1988,32.5889,8.0,0,,,,,9,14.9,ok
TIC 149441771,140.8917,24.3185,8.0,0,,,,,7,11.4,ok
TIC 14674075,126.7705,19.2535,8.0,0,,,,,3,5.6,ok
TIC 321285461,137.3101,15.241,8.0,0,,,,,4,7.0,ok
TIC 350440163,167.6857,10.3672,8.0,0,,,,,3,5.5,ok
TIC 95745234,160.0131,19.2401,8.0,0,,,,,4,7.3,ok
TIC 139346374,124.6487,30.3119,8.0,0,,,,,6,10.4,ok
TIC 366576742,127.8127,11.855,8.0,0,,,,,6,9.5,ok
TIC 377097611,148.499,6.9497,8.0,0,,,,,2,3.8,ok
TIC 397060207,189.6339,0.2173,8.0,0,,,,,2,3.7,ok
TIC 125551848,145.2575,26.6308,8.0,0,,,,,5,8.3,ok
TIC 345031474,152.7174,1.005,8.0,0,,,,,6,10.1,ok
TIC 349446655,183.8506,-0.2667,8.0,0,,,,,2,3.6,ok
TIC 59492462,109.0611,21.0937,8.0,0,,,,,6,9.8,ok
TIC 147678132,185.4124,-5.3804,8.0,0,,,,,2,3.8,ok
TIC 25995719,195.1693,-15.3586,8.01,0,,,,,4,7.5,ok
TIC 130691359,202.8573,-4.0069,8.01,0,,,,,2,3.8,ok
TIC 125528796,144.7475,25.9389,8.01,0,,,,,6,9.5,ok
TIC 283768729,134.4635,10.8143,8.01,0,,,,,6,11.0,ok
TIC 405946640,142.429,9.9271,8.01,0,,,,,4,6.7,ok
TIC 152806068,181.2559,-8.528,8.01,0,,,,,3,5.4,ok
TIC 349455996,183.8891,-5.9347,8.01,0,,,,,2,3.9,ok
TIC 427580984,165.432,17.3597,8.01,0,,,,,5,8.8,ok
TIC 175738529,194.9712,-0.2303,8.01,0,,,,,1,2.4,ok
TIC 290513411,139.5188,5.3124,8.01,0,,,,,5,8.3,ok
TIC 392850993,159.1804,11.0214,8.01,0,,,,,2,4.0,ok
TIC 184872959,130.6691,22.1089,8.01,0,,,,,5,8.3,ok
TIC 264597382,109.3992,10.8289,8.01,0,,,,,6,9.5,ok
TIC 281837386,165.2271,5.9716,8.01,0,,,,,1,2.3,ok
TIC 56754501,181.7432,-5.0657,8.01,0,,,,,2,3.8,ok
TIC 144107759,175.7027,-9.3418,8.01,0,,,,,4,7.5,ok
TIC 274143051,116.8203,11.7589,8.01,0,,,,,7,11.4,ok
TIC 291007570,169.7787,9.751,8.01,0,,,,,3,5.8,ok
TIC 98668837,185.9797,-8.3689,8.01,0,,,,,2,3.9,ok
TIC 97312259,123.1505,28.8201,8.01,0,,,,,6,9.8,ok
TIC 349987980,154.4389,6.4157,8.01,0,,,,,4,6.7,ok
TIC 323474457,135.1897,8.5492,8.01,0,,,,,8,13.4,ok
TIC 14564874,111.3474,13.4464,8.01,0,,,,,8,13.2,ok
TIC 38160330,171.3121,-5.869,8.01,0,,,,,6,10.4,ok
TIC 169228279,160.6367,-2.5218,8.01,0,,,,,6,10.8,ok
TIC 63188529,118.4492,22.6532,8.02,0,,,,,6,9.7,ok
TIC 126323918,135.4257,26.3905,8.02,0,,,,,4,7.1,ok
TIC 397519199,182.4019,11.2116,8.02,0,,,,,2,3.9,ok
TIC 47384065,162.9301,-2.4676,8.02,0,,,,,7,12.6,ok
TIC 301538356,166.5657,2.3986,8.02,0,,,,,3,5.4,ok
TIC 61109252,154.5743,17.3965,8.02,0,,,,,4,7.1,ok
TIC 291073790,177.8935,10.8708,8.02,0,,,,,5,8.5,ok
TIC 21221252,128.9439,13.5263,8.02,0,,,,,5,8.3,ok
TIC 355217542,152.485,15.0234,8.02,0,,,,,4,6.6,ok
TIC 27002591,151.1024,22.1543,8.02,0,,,,,6,9.9,ok
TIC 406141506,142.7728,8.6923,8.02,0,,,,,4,6.9,ok
TIC 195183115,128.7132,21.4935,8.02,0,,,,,5,8.0,ok
TIC 443860738,121.7011,9.7672,8.02,0,,,,,9,15.1,ok
TIC 95429991,154.7917,22.0439,8.02,0,,,,,5,9.0,ok
TIC 377061350,148.0487,8.1119,8.02,0,,,,,4,6.5,ok
TIC 184869646,110.329,19.9773,8.02,0,,,,,6,10.1,ok
TIC 277777486,155.6874,1.1513,8.02,0,,,,,6,10.6,ok
TIC 95764544,160.3547,20.5531,8.02,0,,,,,5,8.7,ok
TIC 1758607,197.2688,-17.6765,8.02,0,,,,,5,8.7,ok
TIC 2518982,194.5437,-16.7721,8.02,0,,,,,5,8.6,ok
TIC 3644468,127.076,26.1987,8.02,0,,,,,5,8.5,ok
TIC 363445699,169.4454,0.7908,8.02,0,,,,,2,4.1,ok
TIC 4135255,114.3474,33.6599,8.02,0,,,,,5,8.8,ok
TIC 366485026,126.8522,11.8252,8.02,0,,,,,7,11.3,ok
TIC 443912759,123.5556,10.7459,8.02,0,,,,,9,14.8,ok
TIC 144195545,177.5332,-11.045,8.02,0,,,,,5,8.8,ok
TIC 183650860,184.1538,-6.8378,8.02,0,,,,,2,3.6,ok
TIC 165325508,125.4895,24.0236,8.02,0,,,,,6,9.7,ok
TIC 437053131,134.8499,16.6649,8.02,0,,,,,4,6.4,ok
TIC 94916244,113.6415,28.7335,8.02,0,,,,,4,7.1,ok
TIC 374223757,158.6083,3.6179,8.03,0,,,,,3,5.3,ok
TIC 376797536,180.607,4.2203,8.03,0,,,,,2,3.8,ok
TIC 171649358,159.1694,21.6026,8.03,0,,,,,4,7.2,ok
TIC 181823402,189.5446,-15.5585,8.03,0,,,,,6,10.3,ok
TIC 171599440,156.7932,22.7658,8.03,0,,,,,3,5.6,ok
TIC 96197057,179.2921,-4.1268,8.03,0,,,,,1,2.5,ok
TIC 95310480,153.0829,22.2113,8.03,0,,,,,6,10.5,ok
TIC 405647212,141.982,8.2927,8.03,0,,,,,4,10.4,ok
TIC 240175574,169.1721,15.0453,8.03,0,,,,,3,5.7,ok
TIC 173163432,173.2759,-5.6078,8.03,0,,,,,5,9.8,ok
TIC 240173492,168.8397,12.3484,8.03,0,,,,,5,8.6,ok
TIC 389431041,186.9735,8.8988,8.03,0,,,,,4,7.8,ok
TIC 149362490,138.6624,25.7879,8.03,0,,,,,7,11.4,ok
TIC 389430433,186.8401,7.1485,8.03,0,,,,,4,7.4,ok
TIC 397053545,183.8238,4.9149,8.03,0,,,,,4,7.4,ok
TIC 388769987,171.6018,10.4228,8.03,0,,,,,4,9.3,ok
TIC 312090834,140.2206,8.2718,8.03,0,,,,,3,4.9,ok
TIC 349553016,191.8828,-5.8907,8.03,0,,,,,1,2.1,ok
TIC 380546881,173.9468,0.2095,8.03,0,,,,,3,6.3,ok
TIC 307678320,129.4194,19.5183,8.03,0,,,,,3,6.2,ok
TIC 117254702,130.5006,24.3566,8.03,0,,,,,5,8.1,ok
TIC 55378225,141.0,13.3882,8.03,0,,,,,4,10.3,ok
TIC 175712150,194.2357,-1.1035,8.03,0,,,,,1,2.2,ok
TIC 396951069,180.106,6.5032,8.03,0,,,,,2,4.0,ok
TIC 257320608,148.9831,17.5413,8.03,0,,,,,4,6.8,ok
TIC 4287299,115.6234,32.9171,8.04,0,,,,,8,13.3,ok
TIC 144297216,178.6727,-11.0496,8.04,0,,,,,5,13.0,ok
TIC 414966175,140.8443,21.3091,8.04,0,,,,,5,8.8,ok
TIC 393562667,162.0724,7.7637,8.04,0,,,,,3,5.4,ok
TIC 35062473,180.3589,-4.1989,8.04,0,,,,,2,3.6,ok
TIC 62979159,117.3104,20.2523,8.04,0,,,,,3,4.8,ok
TIC 82605331,176.4951,12.6432,8.04,0,,,,,4,7.4,ok
TIC 69368438,121.9872,16.8711,8.04,0,,,,,5,9.3,ok
TIC 203219548,134.7853,22.7989,8.04,0,,,,,4,6.6,ok
TIC 14770598,113.8661,17.2971,8.04,0,,,,,6,9.7,ok
TIC 82349219,123.9307,21.2916,8.04,0,,,,,6,9.8,ok
TIC 411279059,196.568,2.6989,8.04,0,,,,,4,7.8,ok
TIC 156584225,190.695,-11.1379,8.04,0,,,,,2,3.8,ok
TIC 350019774,154.5473,7.5203,8.04,0,,,,,4,7.1,ok
TIC 77139245,168.0234,14.3058,8.04,0,,,,,5,9.2,ok
TIC 411251837,195.5697,0.5535,8.04,0,,,,,4,7.0,ok
TIC 14367412,110.5021,14.6396,8.04,0,,,,,9,15.5,ok
TIC 406685261,143.4204,10.4616,8.04,0,,,,,4,6.5,ok
TIC 95162597,114.9928,29.8989,8.04,0,,,,,9,15.1,ok
TIC 94967465,114.0948,25.2819,8.04,0,,,,,6,29.3,ok
TIC 423086585,116.2341,24.3204,8.04,0,,,,,5,8.4,ok
TIC 380617567,175.7239,6.3829,8.04,0,,,,,3,5.6,ok
TIC 117357463,131.7682,24.9269,8.04,0,,,,,6,10.3,ok
TIC 277838707,156.3657,5.1061,8.04,0,,,,,3,5.6,ok
TIC 117410340,132.3672,26.0012,8.04,0,,,,,5,8.2,ok
TIC 363533094,171.171,2.9013,8.04,0,,,,,2,3.8,ok
TIC 16376918,116.046,17.4921,8.04,0,,,,,6,9.6,ok
TIC 388089018,120.9552,10.3983,8.04,0,,,,,9,14.6,ok
TIC 14636760,126.4419,23.6602,8.04,0,,,,,6,10.3,ok
TIC 292073174,198.0312,-4.1086,8.04,0,,,,,2,14.8,ok
TIC 393486127,159.8616,7.4271,8.04,0,,,,,2,4.0,ok
TIC 302187609,125.0731,25.4965,8.04,0,,,,,6,12.5,ok
TIC 323495408,135.5635,10.1056,8.04,0,,,,,6,9.6,ok
TIC 440851972,109.5878,17.0039,8.04,0,,,,,6,9.8,ok
TIC 356377788,170.2658,12.5572,8.04,0,,,,,5,8.9,ok
TIC 70337016,114.173,23.5959,8.05,0,,,,,6,9.9,ok
TIC 308180519,197.5759,-12.0986,8.05,0,,,,,2,3.7,ok
TIC 66767173,200.2524,-5.6657,8.05,0,,,,,2,3.9,ok
TIC 98717994,186.6169,-6.0407,8.05,0,,,,,2,4.2,ok
TIC 443886210,121.8312,10.9217,8.05,0,,,,,9,14.9,ok
TIC 363550117,171.6509,1.0551,8.05,0,,,,,2,4.2,ok
TIC 350043123,155.5121,8.4964,8.05,0,,,,,4,6.8,ok
TIC 139206081,123.1187,31.2504,8.05,0,,,,,7,11.7,ok
TIC 311927372,138.4331,7.6025,8.05,0,,,,,8,13.7,ok
TIC 110976041,188.5783,-10.8828,8.05,0,,,,,2,3.6,ok
TIC 277777807,155.6518,2.7965,8.05,0,,,,,4,7.9,ok
TIC 444039525,133.6626,6.2869,8.05,0,,,,,7,13.4,ok
TIC 437030566,132.51,11.9235,8.05,0,,,,,5,8.2,ok
TIC 7985934,157.1814,-0.3363,8.05,0,,,,,6,10.5,ok
TIC 462512815,112.7394,29.1615,8.05,0,,,,,7,11.4,ok
TIC 421128119,112.5235,11.8635,8.05,0,,,,,6,9.7,ok
TIC 458378916,109.8107,26.9997,8.05,1,1.3789,22.3,rejete,variabilite_continue;eclipse_secondaire,6,13.4,ok
TIC 264696007,109.74,11.8422,8.05,1,3.7254,10.9,rejete,variabilite_continue;eclipse_secondaire;compagnon_trop_gros_2.1Rjup,9,20.1,ok
TIC 49465491,174.8718,-2.7165,8.05,0,,,,,2,4.5,ok
TIC 70677155,155.6453,16.7412,8.05,0,,,,,5,8.5,ok
TIC 16134705,114.9071,17.4334,8.05,0,,,,,5,8.0,ok
TIC 46297520,132.7392,15.9009,8.05,0,,,,,5,9.1,ok
TIC 183638345,171.3245,-7.1813,8.05,0,,,,,6,10.9,ok
TIC 399044727,187.6636,7.1215,8.05,0,,,,,3,5.4,ok
TIC 458655349,129.3054,10.9521,8.05,0,,,,,6,10.1,ok
TIC 459056676,133.0963,8.208,8.05,0,,,,,8,13.3,ok
TIC 82509007,123.1326,18.5166,8.05,0,,,,,6,10.1,ok
TIC 70334007,114.1041,19.2371,8.05,0,,,,,6,9.5,ok
TIC 350328538,165.2,11.9703,8.06,0,,,,,3,5.6,ok
TIC 67402596,171.2618,13.0077,8.06,0,,,,,5,9.0,ok
TIC 56757372,181.9548,-3.1307,8.06,0,,,,,2,3.8,ok
TIC 203214233,134.6634,20.5457,8.06,0,,,,,3,5.6,ok
TIC 14901292,114.3616,13.9827,8.06,0,,,,,7,11.3,ok
TIC 144248654,178.243,-6.2379,8.06,0,,,,,2,4.0,ok
TIC 386830485,121.6338,22.0729,8.06,0,,,,,6,9.6,ok
TIC 366755138,188.5388,3.0776,8.06,0,,,,,3,5.6,ok
TIC 396956670,173.1512,1.34,8.06,0,,,,,3,5.6,ok
TIC 184783339,109.3801,18.0762,8.06,0,,,,,6,9.6,ok
TIC 397022757,176.2796,5.6755,8.06,0,,,,,2,4.0,ok
TIC 96194842,179.0053,-1.4424,8.06,0,,,,,1,2.8,ok
TIC 399089092,188.5792,9.6722,8.06,0,,,,,2,3.8,ok
TIC 46305204,132.8337,12.3029,8.06,0,,,,,1,2.3,ok
TIC 63882980,163.1677,16.3119,8.06,0,,,,,3,5.6,ok
TIC 130179119,117.2616,26.5551,8.06,0,,,,,5,7.7,ok
TIC 411237664,194.819,2.0115,8.06,0,,,,,3,5.4,ok
TIC 281726474,162.7886,0.786,8.06,0,,,,,4,7.1,ok
TIC 14858763,118.7156,32.4933,8.06,0,,,,,7,11.2,ok
TIC 443588780,168.2098,-0.902,8.06,0,,,,,3,6.0,ok
TIC 70467182,114.8651,20.8405,8.06,0,,,,,4,6.3,ok
TIC 91896462,142.0123,23.2848,8.07,0,,,,,4,7.2,ok
TIC 411154877,151.9233,6.2928,8.07,0,,,,,4,6.7,ok
TIC 426643352,120.3621,31.7328,8.07,0,,,,,8,13.4,ok
TIC 38143217,170.952,-2.6083,8.07,0,,,,,3,5.6,ok
TIC 117353757,131.5158,25.3529,8.07,0,,,,,4,8.3,ok
TIC 178219488,127.5847,20.8577,8.07,0,,,,,6,10.5,ok
TIC 350329200,165.2354,7.6176,8.07,0,,,,,2,3.9,ok
TIC 331989415,132.0997,20.6963,8.07,0,,,,,5,8.2,ok
TIC 337607213,130.3251,14.6665,8.07,0,,,,,5,8.2,ok
TIC 277776356,155.5961,4.432,8.07,0,,,,,4,6.7,ok
TIC 392798427,157.4604,8.0435,8.07,0,,,,,3,5.5,ok
TIC 17657588,117.2195,16.5622,8.07,0,,,,,6,9.6,ok
TIC 363547238,171.4293,5.7477,8.07,0,,,,,2,4.0,ok
TIC 440776326,108.7857,12.7642,8.07,0,,,,,6,11.1,ok
TIC 203276362,193.3061,-10.183,8.07,0,,,,,2,3.7,ok
TIC 344842326,150.3271,5.8503,8.07,0,,,,,2,4.1,ok
TIC 469347830,141.5102,4.2664,8.07,0,,,,,7,12.0,ok
TIC 425281404,168.1997,1.5365,8.07,0,,,,,3,5.8,ok
TIC 21580906,151.3221,16.4652,8.07,0,,,,,4,6.7,ok
TIC 469012915,144.6986,6.911,8.07,0,,,,,5,9.0,ok
TIC 20539250,128.4238,17.6458,8.07,0,,,,,5,8.5,ok
TIC 181915915,191.0882,-13.7058,8.07,0,,,,,5,9.1,ok
TIC 443582139,167.7865,-5.3217,8.07,0,,,,,5,9.0,ok
TIC 374364477,161.1972,1.8411,8.07,0,,,,,3,5.5,ok
TIC 286812930,164.5781,13.2783,8.07,0,,,,,4,7.7,ok
TIC 152720909,180.0866,-10.1848,8.08,0,,,,,5,9.2,ok
TIC 97386206,123.779,24.3379,8.08,0,,,,,6,9.7,ok
TIC 350516141,177.4646,7.5076,8.08,0,,,,,2,4.3,ok
TIC 308996534,150.5132,15.3602,8.08,0,,,,,4,7.1,ok
TIC 82119011,197.4275,-3.39,8.08,0,,,,,1,2.3,ok
TIC 365182876,204.2013,1.8852,8.08,0,,,,,3,5.3,ok
TIC 293252336,118.542,18.538,8.08,0,,,,,6,9.5,ok
TIC 98751953,187.255,-6.5919,8.08,0,,,,,2,3.8,ok
TIC 286751240,143.3616,18.2859,8.08,0,,,,,3,5.0,ok
TIC 453049832,145.0414,2.9648,8.08,0,,,,,7,11.4,ok
TIC 411239788,194.9998,1.2194,8.08,0,,,,,3,5.5,ok
TIC 291160321,190.9965,3.0671,8.08,0,,,,,4,7.1,ok
TIC 1695296,195.7243,-14.587,8.08,0,,,,,2,4.2,ok
TIC 311965240,138.5413,11.6562,8.08,0,,,,,5,8.3,ok
TIC 184917175,131.5486,18.1797,8.08,0,,,,,3,6.3,ok
TIC 134940427,197.2055,-5.9958,8.08,0,,,,,2,3.8,ok
TIC 444008093,132.1737,6.5759,8.08,0,,,,,5,8.3,ok
TIC 357333086,151.9284,16.2741,8.08,0,,,,,3,6.2,ok
TIC 60885255,112.1192,22.8721,8.08,0,,,,,4,6.6,ok
TIC 358116669,130.9705,13.6239,8.08,0,,,,,4,7.1,ok
TIC 286831320,166.0368,15.8526,8.09,0,,,,,5,9.7,ok
TIC 377263450,187.2251,1.1479,8.09,0,,,,,1,2.2,ok
TIC 455272199,146.3312,2.2967,8.09,0,,,,,7,11.5,ok
TIC 63079053,117.6863,23.7835,8.09,0,,,,,6,9.6,ok
TIC 6924828,125.8295,15.2717,8.09,0,,,,,3,5.2,ok
TIC 350542619,189.7439,2.9393,8.09,0,,,,,4,6.9,ok
TIC 363530852,170.9649,3.6182,8.09,0,,,,,2,4.0,ok
TIC 428699487,195.8457,-18.0921,8.09,0,,,,,5,9.4,ok
TIC 319404825,194.0505,-7.256,8.09,0,,,,,2,3.7,ok
TIC 149399573,139.9336,27.4221,8.09,0,,,,,6,10.5,ok
TIC 27065530,151.7905,23.605,8.09,0,,,,,6,10.0,ok
TIC 152774526,180.6879,-10.6493,8.09,0,,,,,5,9.1,ok
TIC 172844681,128.1343,30.834,8.09,0,,,,,4,6.7,ok
TIC 308150469,197.3368,-14.3713,8.09,0,,,,,3,5.5,ok
TIC 178280036,128.3905,23.6921,8.09,0,,,,,6,10.3,ok
TIC 95128211,114.9731,26.7214,8.09,0,,,,,5,9.2,ok
TIC 293460898,132.0629,15.7274,8.09,0,,,,,4,7.3,ok
TIC 350114531,156.7509,8.5266,8.09,0,,,,,4,6.5,ok
TIC 87955173,145.9791,22.0673,8.09,0,,,,,6,10.2,ok
TIC 197193542,132.9621,23.4567,8.09,0,,,,,5,8.4,ok
TIC 19064309,119.8347,12.8803,8.09,0,,,,,6,9.6,ok
TIC 62902271,116.9455,20.936,8.09,0,,,,,3,5.5,ok
TIC 323736000,138.0002,8.2812,8.09,0,,,,,7,11.6,ok
TIC 393564530,162.3421,6.7399,8.09,0,,,,,2,4.0,ok
TIC 345926308,193.0371,-14.036,8.09,0,,,,,5,9.6,ok
TIC 355124881,133.0423,29.134,8.09,0,,,,,6,10.1,ok
TIC 178972931,200.8552,-9.4072,8.09,0,,,,,2,3.9,ok
TIC 347752831,198.5404,-16.5596,8.09,0,,,,,5,9.2,ok
TIC 27543613,122.6903,14.0426,8.09,0,,,,,6,9.5,ok
TIC 325314899,177.2059,5.7691,8.09,0,,,,,3,5.7,ok
TIC 277838848,156.352,5.8655,8.1,0,,,,,2,4.2,ok
TIC 388768976,171.4065,8.0357,8.1,0,,,,,3,5.9,ok
TIC 70711549,156.3475,16.9202,8.1,0,,,,,5,8.4,ok
TIC 91966904,144.1086,18.9286,8.1,0,,,,,4,6.7,ok
TIC 125551393,145.1747,24.1042,8.1,0,,,,,4,6.6,ok
TIC 427536553,117.1677,9.4738,8.1,0,,,,,7,11.6,ok
TIC 46364199,133.4323,14.4091,8.1,0,,,,,5,7.8,ok
TIC 4427861,116.7925,31.9366,8.1,0,,,,,7,13.3,ok
TIC 95163954,115.1282,27.7261,8.1,0,,,,,7,10.8,ok
TIC 411090178,150.4342,7.0765,8.1,0,,,,,4,6.4,ok
TIC 462507471,111.7261,27.498,8.1,0,,,,,6,9.8,ok
TIC 443972004,131.0009,7.6995,8.1,0,,,,,7,11.1,ok
TIC 312025850,139.5868,7.0734,8.1,0,,,,,5,8.2,ok
TIC 374313274,160.0859,4.5401,8.1,0,,,,,3,5.7,ok
TIC 350566554,190.4955,5.4167,8.1,0,,,,,4,7.1,ok
TIC 86151814,180.4366,13.4103,8.1,0,,,,,2,3.9,ok
TIC 366788028,198.2426,5.4642,8.1,0,,,,,4,6.8,ok
TIC 345078444,164.7494,2.1949,8.1,0,,,,,3,5.5,ok
TIC 149361922,138.6848,24.2783,8.1,0,,,,,7,11.6,ok
TIC 389360640,185.2768,9.371,8.1,0,,,,,3,5.6,ok
TIC 155013086,144.0281,12.2251,8.1,0,,,,,4,6.7,ok
TIC 117298364,131.5345,28.9687,8.1,0,,,,,6,10.4,ok
TIC 345899372,192.8825,-15.0893,8.1,0,,,,,4,7.2,ok
TIC 82054628,176.6841,-4.6958,8.1,0,,,,,2,3.9,ok
TIC 3575432,126.768,29.5737,8.1,0,,,,,4,7.2,ok
TIC 373673992,174.0275,12.8553,8.1,0,,,,,5,9.1,ok
TIC 149366757,139.0371,26.4681,8.1,0,,,,,7,11.5,ok
TIC 197193147,133.0121,22.0074,8.1,0,,,,,5,8.6,ok
TIC 53258314,192.4259,-2.2894,8.1,0,,,,,2,3.7,ok
TIC 397490838,182.3204,11.2916,8.1,0,,,,,2,5.0,ok
TIC 286752664,164.5901,16.6047,8.1,0,,,,,4,7.5,ok
TIC 115008065,201.437,-0.4538,8.11,0,,,,,4,7.0,ok
TIC 393764964,116.7901,24.8689,8.11,0,,,,,5,8.3,ok
TIC 440777354,108.7859,13.7505,8.11,0,,,,,8,12.8,ok
TIC 389330682,184.1106,7.3556,8.11,0,,,,,3,5.5,ok
TIC 437061249,135.4468,13.6871,8.11,0,,,,,5,8.2,ok
TIC 428714603,196.3692,-18.9793,8.11,0,,,,,5,9.2,ok
TIC 350517150,177.5868,10.0672,8.11,0,,,,,5,12.0,ok
TIC 53208154,166.8636,-2.1791,8.11,0,,,,,5,10.9,ok
TIC 275294326,149.6594,2.5028,8.11,0,,,,,7,15.3,ok
TIC 290021816,192.2807,-12.1626,8.11,0,,,,,4,12.2,ok
TIC 88022677,147.3168,18.661,8.11,0,,,,,3,10.3,ok
TIC 330706082,141.7684,27.1337,8.11,0,,,,,6,9.8,ok
TIC 446668698,120.63,12.8204,8.11,0,,,,,7,18.5,ok
TIC 67514272,173.5346,14.8911,8.11,0,,,,,5,12.3,ok
TIC 388817227,172.7407,11.5235,8.11,0,,,,,5,12.4,ok
TIC 288551360,192.0165,-10.0396,8.11,0,,,,,2,9.3,ok
TIC 334992750,186.8843,-14.8504,8.11,0,,,,,4,9.1,ok
TIC 389194907,145.7887,10.4998,8.11,0,,,,,4,9.2,ok
TIC 125551177,145.0997,25.0219,8.11,0,,,,,6,9.7,ok
TIC 69367836,121.9705,15.4806,8.11,0,,,,,6,9.7,ok
TIC 380728049,192.5832,5.9362,8.12,0,,,,,4,6.9,ok
TIC 66769511,200.3737,-4.1029,8.12,0,,,,,2,3.8,ok
TIC 337649383,138.9572,17.4941,8.12,0,,,,,5,8.9,ok
TIC 397559612,183.491,9.0924,8.12,0,,,,,2,3.9,ok
TIC 344910094,151.4663,3.3891,8.12,0,,,,,8,13.7,ok
TIC 63015316,117.5436,19.4091,8.12,0,,,,,5,8.0,ok
TIC 355217875,152.4693,16.7808,8.12,0,,,,,4,6.5,ok
TIC 247130665,113.13,15.4863,8.12,0,,,,,7,11.2,ok
TIC 380584389,175.2733,10.8092,8.12,0,,,,,3,5.8,ok
TIC 367502982,109.5165,24.0774,8.12,0,,,,,3,5.6,ok
TIC 453051020,145.1808,4.3937,8.12,0,,,,,6,9.9,ok
TIC 366755654,188.6363,5.9656,8.12,0,,,,,1,2.3,ok
TIC 175234171,129.7647,19.9997,8.12,0,,,,,4,7.5,ok
TIC 366620082,127.9457,8.3459,8.12,0,,,,,9,15.0,ok
TIC 377064622,148.3234,6.5527,8.12,0,,,,,4,6.6,ok
TIC 265020268,115.8858,10.0673,8.12,0,,,,,7,11.5,ok
TIC 180277032,180.5777,-12.2518,8.12,0,,,,,5,9.6,ok
TIC 26827135,112.0127,25.0278,8.12,0,,,,,3,5.9,ok
TIC 443582101,167.8173,-5.4703,8.12,0,,,,,3,6.0,ok
TIC 47428090,165.0596,-5.8069,8.12,0,,,,,8,14.6,ok
TIC 117299081,131.5671,26.6838,8.12,0,,,,,5,8.3,ok
TIC 156851871,148.6904,16.1999,8.12,0,,,,,4,6.4,ok
TIC 258684002,147.5217,15.5059,8.12,0,,,,,4,6.6,ok
TIC 117413894,132.5596,24.5813,8.12,0,,,,,6,10.0,ok
TIC 363547889,171.4541,1.8722,8.12,0,,,,,3,5.4,ok
TIC 325253796,176.5855,4.8192,8.12,0,,,,,3,5.7,ok
TIC 26023045,195.4428,-13.1704,8.12,0,,,,,4,7.2,ok
TIC 421191545,178.3975,-5.0691,8.12,0,,,,,1,2.3,ok
TIC 323687462,137.2943,10.8207,8.12,0,,,,,3,5.5,ok
TIC 380618387,175.8515,10.985,8.13,0,,,,,4,7.6,ok
TIC 397436870,180.7425,8.7132,8.13,0,,,,,3,5.4,ok
TIC 323600000,136.5271,11.9429,8.13,0,,,,,5,8.1,ok
TIC 70679885,155.9465,14.8223,8.13,0,,,,,3,5.5,ok
TIC 281702731,162.0686,3.2592,8.13,0,,,,,3,5.5,ok
TIC 95663199,122.0253,24.7152,8.13,0,,,,,6,9.7,ok
TIC 130180024,117.3144,28.4804,8.13,0,,,,,7,11.4,ok
TIC 155013584,144.056,14.5964,8.13,0,,,,,2,4.1,ok
TIC 175265807,130.3072,19.9219,8.13,0,,,,,4,7.2,ok
TIC 4606456,117.9586,30.2463,8.13,0,,,,,8,13.0,ok
TIC 397000139,174.6854,4.4265,8.13,0,,,,,3,5.8,ok
TIC 149418073,140.3124,26.0129,8.13,0,,,,,7,11.6,ok
TIC 207309614,110.717,11.9049,8.13,0,,,,,9,14.6,ok
TIC 405663813,191.628,-14.5229,8.13,0,,,,,4,7.5,ok
TIC 3662563,127.2994,28.5802,8.13,0,,,,,6,9.7,ok
TIC 365126261,202.904,0.7879,8.13,0,,,,,4,7.1,ok
TIC 156838412,147.889,12.654,8.13,0,,,,,3,5.1,ok
TIC 178948633,200.0922,-9.0598,8.13,0,,,,,1,2.7,ok
TIC 178920657,199.4285,-9.0719,8.13,0,,,,,2,3.6,ok
TIC 63816551,162.3311,12.8427,8.13,0,,,,,3,5.7,ok
TIC 277869987,156.6644,6.0523,8.13,0,,,,,3,5.3,ok
TIC 319359178,193.6122,-7.6106,8.13,0,,,,,1,2.3,ok
TIC 197220159,133.5017,20.2304,8.13,0,,,,,5,8.3,ok
TIC 365071863,202.335,3.2455,8.13,0,,,,,3,5.4,ok
TIC 239204862,149.2327,20.7769,8.13,0,,,,,6,9.9,ok
TIC 243245859,136.7611,23.3264,8.13,0,,,,,7,11.7,ok
TIC 411252312,195.7003,2.0946,8.13,0,,,,,4,7.0,ok
TIC 392823370,157.8852,11.1681,8.13,0,,,,,2,4.1,ok
TIC 193015878,143.241,14.4072,8.14,0,,,,,4,6.7,ok
TIC 178956268,200.5219,-9.0604,8.14,0,,,,,1,2.3,ok
TIC 393494986,160.4234,10.7395,8.14,0,,,,,3,5.9,ok
TIC 277877407,157.1304,0.5242,8.14,0,,,,,6,10.9,ok
TIC 185240401,174.2163,-8.9214,8.14,0,,,,,6,10.5,ok
TIC 290644031,140.5932,4.3656,8.14,0,,,,,8,13.1,ok
TIC 94818399,113.1979,27.65,8.14,0,,,,,3,5.9,ok
TIC 4130556,114.0338,31.8446,8.14,0,,,,,1,2.2,ok
TIC 387235953,109.862,15.1856,8.14,0,,,,,8,13.1,ok
TIC 192985052,142.8161,12.987,8.14,0,,,,,4,6.8,ok
TIC 3797909,128.5488,27.413,8.14,0,,,,,7,12.9,ok
TIC 337630445,130.463,13.0558,8.14,0,,,,,5,8.5,ok
TIC 149367597,138.9926,28.2378,8.14,0,,,,,6,9.9,ok
TIC 312186429,141.1802,8.8272,8.14,0,,,,,5,8.9,ok
TIC 165884080,131.1786,30.8775,8.14,0,,,,,5,9.0,ok
TIC 97290954,123.0824,28.7573,8.14,0,,,,,5,8.9,ok
TIC 144105790,175.4663,-6.0415,8.14,0,,,,,4,7.4,ok
TIC 335639254,199.7063,-13.1962,8.14,0,,,,,2,3.8,ok
TIC 18913469,118.8502,16.5004,8.14,0,,,,,6,9.6,ok
TIC 94940081,186.7518,0.1195,8.14,0,,,,,2,4.1,ok
TIC 183654393,195.7169,-9.0019,8.14,0,,,,,2,4.2,ok
TIC 117280403,131.1132,28.4535,8.14,0,,,,,5,9.4,ok
TIC 6923492,125.7909,12.1869,8.14,0,,,,,7,11.7,ok
TIC 443581527,167.6493,-3.8756,8.14,0,,,,,5,8.8,ok
TIC 91968683,144.2962,22.6931,8.14,0,,,,,4,7.8,ok
TIC 117159134,129.2998,25.2655,8.14,0,,,,,6,10.4,ok
TIC 171601803,157.9972,22.0361,8.14,0,,,,,3,5.5,ok
TIC 263541534,144.664,13.5781,8.14,0,,,,,3,5.1,ok
TIC 18940647,119.2998,13.4119,8.14,0,,,,,8,13.1,ok
TIC 239145441,112.6844,31.5592,8.14,0,,,,,9,15.6,ok
TIC 60990022,112.5191,18.6147,8.14,0,,,,,3,5.5,ok
TIC 175395004,198.9896,-3.1137,8.14,0,,,,,1,3.0,ok
TIC 184917633,131.5642,19.7091,8.15,0,,,,,5,8.1,ok
TIC 444033547,133.3755,11.1516,8.15,0,,,,,5,8.8,ok
TIC 86017956,138.9617,18.7946,8.15,0,,,,,5,8.2,ok
TIC 70548321,115.0995,19.3572,8.15,0,,,,,6,9.7,ok
TIC 366700694,182.524,5.7186,8.15,0,,,,,2,3.9,ok
TIC 165796686,121.9015,30.6824,8.15,0,,,,,5,9.4,ok
TIC 319405096,194.0975,-8.496,8.15,0,,,,,2,3.9,ok
TIC 35243530,138.2269,17.476,8.15,0,,,,,3,6.9,ok
TIC 86120028,140.3437,19.44,8.15,0,,,,,5,8.3,ok
TIC 197191023,132.844,21.0803,8.15,0,,,,,5,8.2,ok
TIC 366756213,188.5792,2.393,8.15,0,,,,,2,4.4,ok
TIC 257740361,198.6283,-5.9597,8.15,0,,,,,2,3.9,ok
TIC 130714410,203.0485,-0.4992,8.15,0,,,,,4,7.1,ok
TIC 393584260,162.7969,6.7633,8.15,0,,,,,2,4.1,ok
TIC 393585237,162.9455,11.4642,8.15,0,,,,,2,3.8,ok
TIC 16489072,116.877,14.4752,8.15,0,,,,,8,13.4,ok
TIC 400637055,111.4545,33.5669,8.15,0,,,,,6,10.4,ok
TIC 990206,165.2954,-1.0502,8.15,0,,,,,2,4.3,ok
TIC 172533237,143.2479,27.1969,8.15,0,,,,,6,9.8,ok
TIC 56719971,181.4282,-5.689,8.15,0,,,,,2,3.7,ok
TIC 468988512,129.1308,11.7035,8.15,0,,,,,7,11.7,ok
TIC 27109020,152.9048,18.3173,8.15,0,,,,,5,8.3,ok
TIC 46309953,133.0863,14.1192,8.16,0,,,,,1,2.2,ok
TIC 67402041,171.1002,13.9537,8.16,0,,,,,5,8.9,ok
TIC 397436942,180.8526,9.2521,8.16,0,,,,,2,3.8,ok
TIC 149397312,139.5883,27.3106,8.16,0,,,,,5,9.4,ok
TIC 270468717,135.3943,5.5139,8.16,0,,,,,9,14.2,ok
TIC 390631460,191.0833,6.8546,8.16,0,,,,,4,6.7,ok
TIC 16052209,114.5035,12.8014,8.16,0,,,,,6,10.0,ok
TIC 350023518,154.8688,6.5827,8.16,0,,,,,3,5.9,ok
TIC 258674556,147.2314,15.566,8.16,0,,,,,2,3.9,ok
TIC 197249961,134.4549,20.8283,8.16,0,,,,,5,8.2,ok
TIC 380670192,179.4354,7.1862,8.16,0,,,,,3,6.1,ok
TIC 337710126,148.3791,16.9501,8.16,0,,,,,4,6.9,ok
TIC 397559697,183.44,9.7428,8.16,0,,,,,3,5.6,ok
TIC 203277284,195.4201,-9.6409,8.16,0,,,,,1,2.3,ok
TIC 380674682,191.7318,2.5929,8.16,0,,,,,4,7.2,ok
TIC 165796775,121.9644,30.4359,8.16,0,,,,,5,8.5,ok
TIC 171646022,158.7166,21.7096,8.16,0,,,,,4,6.8,ok
TIC 82154555,197.7408,-2.7289,8.16,0,,,,,2,3.7,ok
TIC 134880434,196.704,-7.2922,8.16,0,,,,,2,3.9,ok
TIC 289587343,127.9019,30.1388,8.16,0,,,,,7,11.3,ok
TIC 380667273,179.0659,9.9119,8.16,0,,,,,5,8.9,ok
TIC 178971186,200.7569,-10.6979,8.16,0,,,,,2,3.8,ok
TIC 67514307,173.5736,14.6957,8.17,0,,,,,4,7.3,ok
TIC 130203688,117.7399,25.1107,8.17,0,,,,,5,8.1,ok
TIC 38132458,170.2853,-3.7627,8.17,0,,,,,4,7.1,ok
TIC 285971448,172.5129,-6.8344,8.17,0,,,,,6,10.9,ok
TIC 124623231,196.2963,-1.1653,8.17,0,,,,,2,3.7,ok
TIC 152823977,181.6808,-9.4103,8.17,0,,,,,5,9.0,ok
TIC 411121720,151.0063,9.1209,8.17,0,,,,,3,4.8,ok
TIC 411122574,151.054,7.8514,8.17,0,,,,,4,7.1,ok
TIC 337648701,138.9982,14.884,8.17,0,,,,,4,6.6,ok
TIC 16159436,115.1246,15.1211,8.17,0,,,,,6,10.1,ok
TIC 46306609,133.0355,15.2895,8.17,0,,,,,1,2.4,ok
TIC 281907250,175.3886,3.8505,8.17,0,,,,,3,5.5,ok
TIC 85992345,138.3544,20.9081,8.17,0,,,,,5,7.8,ok
TIC 169250731,160.9425,-3.1879,8.17,0,,,,,6,10.3,ok
TIC 321296362,137.6775,14.2589,8.17,0,,,,,5,8.0,ok
TIC 469037731,145.5402,7.5902,8.17,0,,,,,2,3.9,ok
TIC 82202718,147.84,24.9587,8.17,0,,,,,6,9.8,ok
TIC 18941472,119.2196,14.9663,8.17,0,,,,,4,6.3,ok
TIC 195187789,128.9303,20.3302,8.17,0,,,,,3,5.6,ok
TIC 234375167,112.7065,10.5168,8.17,0,,,,,7,11.8,ok
TIC 149901064,110.4333,23.2574,8.17,0,,,,,6,9.5,ok
TIC 85990232,138.1965,19.2585,8.17,0,,,,,5,7.9,ok
TIC 86070453,139.6511,20.8134,8.17,0,,,,,5,8.4,ok
TIC 88114316,148.4321,18.9444,8.17,0,,,,,3,5.6,ok
TIC 14601264,126.1053,17.8942,8.17,0,,,,,6,9.9,ok
TIC 67503870,172.2956,15.1416,8.17,0,,,,,5,9.2,ok
TIC 115072732,202.1762,-4.4656,8.17,0,,,,,2,4.0,ok
TIC 262722576,138.4467,4.4203,8.17,0,,,,,2,3.8,ok
TIC 344859997,150.7656,5.6788,8.17,0,,,,,4,6.4,ok
TIC 349889569,157.5665,21.0805,8.18,0,,,,,3,5.7,ok
TIC 397073958,193.6056,5.5424,8.18,0,,,,,4,6.7,ok
TIC 143058593,167.8615,-6.7911,8.18,0,,,,,7,12.2,ok
TIC 388802013,172.3044,6.8032,8.18,0,,,,,3,5.6,ok
TIC 86019535,139.1656,22.9105,8.18,0,,,,,5,9.2,ok
TIC 468991292,129.1828,7.3716,8.18,0,,,,,9,15.1,ok
TIC 406325082,142.9361,11.6519,8.18,0,,,,,4,6.3,ok
TIC 386618107,123.9855,13.979,8.18,0,,,,,6,10.3,ok
TIC 27002462,151.1297,21.4587,8.18,0,,,,,6,10.3,ok
TIC 377045301,147.6068,7.4682,8.18,0,,,,,3,5.7,ok
TIC 185239953,174.2452,-6.818,8.18,0,,,,,6,10.5,ok
TIC 82325582,123.731,21.0802,8.18,0,,,,,3,5.6,ok
TIC 14451803,124.9319,20.9181,8.18,0,,,,,6,9.6,ok
TIC 144157814,176.7175,-10.2673,8.18,0,,,,,5,9.5,ok
TIC 348999460,184.3331,-12.2755,8.18,0,,,,,6,10.4,ok
TIC 95740667,122.428,27.1745,8.18,0,,,,,6,10.0,ok
TIC 286713054,142.7484,21.2917,8.18,0,,,,,5,8.3,ok
TIC 366353685,125.963,8.7044,8.18,0,,,,,10,16.6,ok
TIC 443611410,168.7094,-4.9631,8.18,0,,,,,6,10.7,ok
TIC 171579848,156.5616,21.8176,8.18,0,,,,,5,8.7,ok
TIC 411173622,152.5838,9.2143,8.18,0,,,,,1,2.4,ok
TIC 469015319,144.9903,9.5107,8.18,0,,,,,2,4.0,ok
TIC 26023263,195.4096,-12.3707,8.18,0,,,,,2,6.9,ok
TIC 195185351,128.8238,20.5645,8.18,0,,,,,5,8.2,ok
TIC 335659539,200.001,-12.4701,8.18,0,,,,,2,3.8,ok
TIC 458381402,120.4673,28.6335,8.18,0,,,,,7,11.0,ok
TIC 358116656,131.0828,13.6641,8.18,0,,,,,5,8.1,ok
TIC 469018636,145.2608,8.1789,8.18,0,,,,,3,5.5,ok
TIC 134984257,198.4668,-11.5547,8.18,0,,,,,2,3.7,ok
TIC 98629090,185.5896,-10.9451,8.18,0,,,,,4,7.8,ok
TIC 60887537,112.1864,21.6788,8.18,0,,,,,5,8.8,ok
TIC 26774737,111.8508,29.8711,8.18,0,,,,,9,14.6,ok
TIC 275251343,148.2139,2.9617,8.18,0,,,,,8,13.6,ok
TIC 377298500,187.461,6.0097,8.18,0,,,,,3,5.5,ok
TIC 374268503,159.038,0.6862,8.18,0,,,,,5,9.3,ok
TIC 20657638,119.7916,30.7201,8.19,0,,,,,8,13.1,ok
TIC 397101812,205.2616,2.0777,8.19,0,,,,,4,7.4,ok
TIC 26860040,112.2291,25.2683,8.19,0,,,,,6,9.9,ok
TIC 91845563,141.6057,20.4479,8.19,0,,,,,5,8.4,ok
TIC 233635264,146.0195,25.2992,8.19,0,,,,,5,8.6,ok
TIC 220594926,117.5847,11.5996,8.19,0,,,,,8,14.2,ok
TIC 139230733,123.3813,30.2049,8.19,0,,,,,7,11.4,ok
TIC 393638418,199.5868,3.6265,8.19,0,,,,,4,7.9,ok
TIC 344843690,150.4169,1.1311,8.19,0,,,,,8,13.1,ok
TIC 171579369,156.4175,23.1027,8.19,0,,,,,4,6.9,ok
TIC 86268645,181.8788,11.9408,8.19,0,,,,,2,3.9,ok
TIC 126349261,135.5023,25.4449,8.19,0,,,,,6,9.9,ok
TIC 386907084,137.2144,19.6348,8.19,0,,,,,5,8.3,ok
TIC 377129833,149.2688,6.3372,8.19,0,,,,,4,6.5,ok
TIC 323639597,136.7323,9.8731,8.19,0,,,,,7,11.2,ok
TIC 193017203,143.2785,15.7421,8.19,0,,,,,3,5.8,ok
TIC 4130926,114.1119,31.1089,8.19,0,,,,,1,2.3,ok
TIC 281725607,162.5796,4.3145,8.19,0,,,,,3,5.4,ok
TIC 344951004,151.6529,5.5231,8.19,0,,,,,4,7.0,ok
TIC 134908646,196.8909,-11.3899,8.19,0,,,,,2,4.3,ok
TIC 380584106,175.3612,9.0164,8.19,0,,,,,4,7.6,ok
TIC 157858731,204.4716,-2.0893,8.19,0,,,,,4,7.4,ok
TIC 389194474,145.7512,8.8091,8.19,0,,,,,4,7.6,ok
TIC 130725369,203.507,-2.8779,8.19,0,,,,,4,6.6,ok
TIC 380597525,175.6696,11.8642,8.19,0,,,,,4,7.3,ok
TIC 377188319,185.4731,5.5147,8.19,0,,,,,4,7.0,ok
TIC 321287484,137.4429,13.4939,8.19,0,,,,,4,7.4,ok
TIC 365032337,201.5334,2.8981,8.19,0,,,,,2,3.7,ok
TIC 87956715,146.1475,19.0026,8.2,0,,,,,3,6.0,ok
TIC 386864320,144.7844,17.4679,8.2,0,,,,,4,7.0,ok
TIC 366659915,177.5647,2.7601,8.2,0,,,,,2,4.0,ok
TIC 462484337,111.4438,26.6283,8.2,0,,,,,6,9.7,ok
TIC 85978176,137.9382,20.4274,8.2,0,,,,,3,5.7,ok
TIC 27680539,123.687,16.5878,8.2,0,,,,,6,9.7,ok
TIC 388816986,172.7228,9.8159,8.2,0,,,,,5,8.7,ok
TIC 330704922,137.2246,17.6767,8.2,0,,,,,3,5.4,ok
TIC 95213012,115.3396,28.4678,8.2,0,,,,,7,12.0,ok
TIC 444005282,131.6852,10.9513,8.2,0,,,,,7,11.3,ok
TIC 67377992,121.0893,23.3074,8.2,0,,,,,6,9.5,ok
TIC 308210738,198.0497,-15.8602,8.2,0,,,,,4,7.2,ok
TIC 171648433,159.0275,19.5199,8.2,0,,,,,6,10.4,ok
TIC 287175958,198.8372,-1.746,8.2,0,,,,,2,4.0,ok
TIC 397060242,193.4002,0.1115,8.2,0,,,,,1,2.4,ok
TIC 287347434,171.7038,-7.7921,8.2,0,,,,,7,13.3,ok
TIC 126193171,110.368,27.0688,8.2,0,,54.9,rejete,variabilite_continue;eclipse_secondaire,4,9.1,ok
TIC 35098725,180.9961,-4.763,8.2,0,,,,,2,4.2,ok
TIC 175712832,194.2047,-4.7055,8.2,0,,,,,2,4.0,ok
TIC 358804158,161.4102,12.4671,8.2,0,,,,,3,5.5,ok
TIC 4375457,116.1393,33.5652,8.2,0,,,,,6,10.5,ok
TIC 270532966,136.048,5.7773,8.2,0,,,,,8,13.3,ok
TIC 4247397,115.3273,30.5554,8.2,0,,,,,9,15.0,ok
TIC 95662410,121.9521,26.3654,8.2,0,,,,,7,11.2,ok
TIC 61100890,153.9997,15.3948,8.2,0,,,,,4,6.4,ok
TIC 389347908,184.4082,11.2155,8.2,0,,,,,1,2.2,ok
TIC 51738760,190.7325,-2.2508,8.2,0,,,,,1,2.7,ok
TIC 85996540,138.5658,18.2576,8.2,0,,,,,4,6.9,ok
TIC 3717225,128.1591,25.575,8.21,0,,,,,8,13.3,ok
TIC 283784587,134.7371,8.4717,8.21,0,,,,,6,10.2,ok
TIC 458617927,124.8262,11.5314,8.21,0,,,,,10,16.3,ok
TIC 291039094,170.3018,11.2443,8.21,0,,,,,5,9.8,ok
TIC 308182734,197.9949,-13.5875,8.21,0,,,,,2,4.1,ok
TIC 281746233,163.1854,1.7433,8.21,0,,,,,2,4.5,ok
TIC 98349223,167.7277,18.3723,8.21,0,,,,,4,7.4,ok
TIC 247081031,112.4399,17.3828,8.21,0,,,,,6,10.0,ok
TIC 171629424,158.4144,20.7484,8.21,0,,,,,6,10.0,ok
TIC 144298460,178.8359,-7.2263,8.21,0,,,,,4,7.2,ok
TIC 59627688,146.64,12.3786,8.21,0,,,,,3,5.5,ok
TIC 184782036,109.4221,19.5771,8.21,0,,,,,3,5.0,ok
TIC 38161301,171.3079,-1.6152,8.21,0,,,,,3,6.0,ok
TIC 240175569,169.28,15.0177,8.21,0,,,,,4,7.7,ok
TIC 421195580,178.8489,-3.5997,8.21,0,,,,,1,2.3,ok
TIC 393565065,162.267,9.7697,8.21,0,,,,,3,5.9,ok
TIC 21581490,151.4127,12.9621,8.21,0,,,,,2,4.5,ok
TIC 273726697,195.6326,-4.6346,8.21,0,,,,,2,4.1,ok
TIC 66695533,199.2521,-4.7261,8.21,0,,,,,2,3.7,ok
TIC 381756543,197.718,1.7252,8.21,0,,,,,4,7.4,ok
TIC 82524299,175.1488,12.8061,8.21,0,,,,,5,9.1,ok
TIC 312110145,140.4762,10.3289,8.21,0,,,,,3,5.6,ok
TIC 78273799,177.4003,-2.7456,8.21,0,,,,,2,4.2,ok
TIC 321286902,137.4491,15.4465,8.21,0,,,,,4,7.2,ok
TIC 388083155,120.8344,11.3487,8.21,0,,,,,4,7.8,ok
TIC 374312406,160.0589,0.1325,8.21,0,,,,,7,12.4,ok
TIC 14859021,118.6698,33.1491,8.21,0,,,,,4,7.0,ok
TIC 63795944,161.9446,15.5011,8.21,0,,,,,4,7.6,ok
TIC 18936960,119.1745,17.5363,8.21,0,,,,,6,9.8,ok
TIC 288548930,191.8098,-11.4753,8.22,0,,,,,1,2.5,ok
TIC 203220430,134.9301,21.9776,8.22,0,,,,,5,8.5,ok
TIC 318185293,162.1468,-3.436,8.22,0,,,,,7,12.8,ok
TIC 134979307,198.1116,-8.3188,8.22,0,,,,,2,3.9,ok
TIC 238606479,132.5607,19.2762,8.22,0,,,,,5,8.5,ok
TIC 392064455,110.5723,30.8672,8.22,0,,,,,7,12.6,ok
TIC 70333345,114.1,18.3867,8.22,0,,,,,6,9.9,ok
TIC 51735986,190.475,-2.0902,8.22,0,,,,,2,3.8,ok
TIC 126138121,110.315,26.4944,8.22,0,,,,,2,4.1,ok
TIC 171445683,119.4315,26.3185,8.22,0,,,,,6,9.7,ok
TIC 247092415,112.6313,16.0399,8.22,0,,,,,1,2.6,ok
TIC 27628872,123.2413,12.1793,8.22,0,,,,,8,13.1,ok
TIC 4431490,116.8668,31.7407,8.22,0,,,,,9,15.3,ok
TIC 16280850,115.6774,14.0522,8.22,0,,,,,7,11.4,ok
TIC 349125919,185.6973,-14.5992,8.22,0,,,,,6,11.4,ok
TIC 143033813,167.4099,-6.1668,8.22,0,,,,,6,11.1,ok
TIC 389357962,184.9174,10.0243,8.22,0,,,,,3,5.6,ok
TIC 365088941,202.3882,1.7079,8.22,0,,,,,4,6.8,ok
TIC 16326334,115.8627,11.8861,8.22,0,,,,,7,11.5,ok
TIC 294501296,122.2146,12.8693,8.22,0,,,,,8,12.9,ok
TIC 4491044,117.1848,30.9098,8.22,0,,,,,7,11.7,ok
TIC 284993556,137.3671,24.0054,8.22,0,,,,,7,11.8,ok
TIC 283767839,134.4543,7.9642,8.22,0,,,,,9,15.0,ok
TIC 468982358,128.6684,9.3701,8.22,0,,,,,5,9.0,ok
TIC 234442459,113.6422,11.5075,8.22,0,,,,,7,11.6,ok
TIC 337711122,150.6486,14.3393,8.22,0,,,,,4,6.8,ok
TIC 3800877,128.7992,29.7824,8.22,0,,,,,8,13.4,ok
TIC 139203468,121.4733,32.7044,8.22,0,,,,,5,8.6,ok
TIC 54234901,119.8829,20.468,8.22,0,,,,,3,5.5,ok
TIC 380675890,191.9188,1.6855,8.22,0,,,,,4,6.8,ok
TIC 26971116,149.8969,22.6757,8.23,0,,,,,3,5.2,ok
TIC 290947135,168.6779,10.9045,8.23,0,,,,,3,5.8,ok
TIC 337749353,179.5116,4.3533,8.23,0,,,,,2,4.1,ok
TIC 281883701,166.0,1.8328,8.23,0,,,,,3,5.5,ok
TIC 152828501,181.8952,-11.0946,8.23,0,,,,,4,7.1,ok
TIC 312089862,140.1162,11.5218,8.23,0,,,,,3,5.4,ok
TIC 358669725,149.4378,15.0529,8.23,0,,,,,4,6.4,ok
TIC 38133144,170.2807,-0.7615,8.23,0,,,,,3,5.6,ok
TIC 458613101,124.5483,9.1648,8.23,0,,,,,8,13.0,ok
TIC 3666477,127.5415,28.0812,8.23,0,,,,,4,6.9,ok
TIC 38204493,171.4503,-0.7669,8.23,0,,,,,3,5.7,ok
TIC 14369281,110.5428,16.7448,8.23,0,,,,,6,9.8,ok
TIC 70121434,112.9115,21.2067,8.23,0,,,,,3,5.4,ok
TIC 171397215,118.9963,27.6929,8.23,0,,,,,7,11.9,ok
TIC 376795976,180.556,4.8976,8.23,0,,,,,1,2.4,ok
TIC 138664273,136.4096,28.715,8.23,0,,,,,5,8.4,ok
TIC 393728149,201.3584,1.6405,8.23,0,,,,,3,5.3,ok
TIC 6951998,126.0816,13.5061,8.23,0,,,,,6,9.9,ok
TIC 49465009,174.9155,-4.9846,8.23,0,,,,,3,5.6,ok
TIC 62819593,116.1367,22.6372,8.23,0,,,,,5,8.4,ok
TIC 350499405,177.4115,8.5198,8.23,0,,,,,5,9.1,ok
TIC 366525772,127.3843,9.4361,8.23,0,,,,,8,13.2,ok
TIC 175264376,130.2184,20.2664,8.23,0,,,,,4,7.1,ok
TIC 14543565,125.5573,21.6031,8.23,0,,,,,6,9.7,ok
TIC 63309193,158.3786,17.6937,8.23,0,,,,,6,10.2,ok
TIC 1629601,188.1876,-12.7849,8.23,0,,,,,5,8.8,ok
TIC 14824171,179.214,12.2448,8.24,0,,,,,5,8.9,ok
TIC 139202399,121.3806,30.1177,8.24,0,,,,,8,12.9,ok
TIC 320536498,120.0442,9.8566,8.24,0,,,,,7,11.9,ok
TIC 380695498,191.8768,0.4385,8.24,0,,,,,2,3.7,ok
TIC 350542965,189.6959,4.7423,8.24,0,,,,,3,5.2,ok
TIC 183649782,179.635,-11.5756,8.24,0,,,,,6,10.6,ok
TIC 21273949,129.596,12.9336,8.24,0,,,,,5,8.4,ok
TIC 7060425,126.8782,13.7007,8.24,0,,,,,5,8.3,ok
TIC 97487469,165.6051,18.069,8.24,0,,,,,5,9.1,ok
TIC 468978884,128.6003,10.2948,8.24,0,,,,,9,15.6,ok
TIC 291157514,190.8541,1.1483,8.24,0,,,,,2,3.7,ok
TIC 290651893,141.0034,5.6062,8.24,0,,,,,6,9.8,ok
TIC 437061000,135.5099,14.5985,8.24,0,,,,,5,8.0,ok
TIC 126313893,134.192,25.0064,8.24,0,,,,,6,9.8,ok
TIC 197245821,134.0504,23.2438,8.24,0,,,,,5,8.0,ok
TIC 446670659,120.6239,16.821,8.24,0,,,,,5,8.1,ok
TIC 70676665,155.5414,16.4698,8.24,0,,,,,2,4.1,ok
TIC 325275315,176.9387,0.7971,8.24,0,,,,,1,2.6,ok
TIC 17591779,117.0106,15.4704,8.24,0,,,,,5,8.1,ok
TIC 53209334,166.8781,-4.6482,8.24,0,,,,,7,12.3,ok
TIC 458624242,125.0771,10.2535,8.24,0,,,,,9,15.1,ok
TIC 453055383,145.5073,2.0632,8.24,0,,,,,3,5.6,ok
TIC 94822717,113.303,26.1137,8.24,0,,,,,6,10.1,ok
TIC 21247104,129.3217,17.3283,8.24,0,,,,,5,8.0,ok
TIC 179009619,201.3378,-7.5843,8.24,0,,,,,1,2.3,ok
TIC 134969123,197.8123,-7.6802,8.24,0,,,,,2,3.6,ok
TIC 408826890,127.024,14.4506,8.24,0,,,,,5,8.1,ok
TIC 14673586,111.6921,12.3596,8.25,0,,,,,8,13.3,ok
TIC 277767839,154.1409,2.4029,8.25,0,,,,,7,12.7,ok
TIC 437049413,134.6613,15.3711,8.25,0,,,,,5,8.9,ok
TIC 365158631,203.5284,0.4987,8.25,0,,,,,4,6.8,ok
TIC 117417579,137.6035,26.4083,8.25,0,,,,,7,11.5,ok
TIC 66779265,200.496,-1.7842,8.25,0,,,,,4,6.8,ok
TIC 415671852,112.7627,28.7807,8.25,0,,,,,5,8.7,ok
TIC 203276684,193.317,-11.5154,8.25,0,,,,,2,3.8,ok
TIC 4560428,117.8458,32.4835,8.25,0,,,,,6,9.8,ok
TIC 20420892,127.2035,16.325,8.25,0,,,,,1,2.4,ok
TIC 155177741,144.3242,16.9239,8.25,0,,,,,4,6.4,ok
TIC 377046596,147.7367,10.8825,8.25,0,,,,,4,6.3,ok
TIC 98662202,185.6458,-11.5653,8.25,0,,,,,3,6.1,ok
TIC 175290605,130.4712,20.1594,8.25,0,,,,,4,7.1,ok
TIC 312092091,140.412,9.1009,8.25,0,,,,,3,5.0,ok
TIC 393701677,200.6202,3.3795,8.25,0,,,,,4,6.9,ok
TIC 388880271,173.8932,6.5213,8.25,0,,,,,2,4.0,ok
TIC 152803643,181.0553,-9.6854,8.25,0,,,,,2,4.0,ok
TIC 82329711,123.9767,18.5613,8.25,0,,,,,6,9.8,ok
TIC 337695328,145.5784,17.0821,8.25,1,2.5768,27.2,rejete,variabilite_continue,2,6.5,ok
TIC 366655618,130.1164,7.1434,8.25,0,,,,,8,13.1,ok
TIC 411174787,152.7269,7.6945,8.25,0,,,,,3,5.7,ok
TIC 178941970,199.8501,-7.0576,8.26,0,,,,,2,3.6,ok
TIC 178973308,200.8271,-11.0414,8.26,0,,,,,1,2.4,ok
TIC 82086541,196.7236,-0.1895,8.26,0,,,,,4,6.7,ok
TIC 293367040,131.2606,16.8066,8.26,0,,,,,5,8.0,ok
TIC 345032775,152.9022,5.1734,8.26,0,,,,,4,6.5,ok
TIC 3817616,170.2712,17.8714,8.26,0,,,,,2,3.8,ok
TIC 175233832,129.7877,19.5923,8.26,0,,,,,4,7.1,ok
TIC 184914505,131.3675,20.3953,8.26,0,,,,,4,7.2,ok
TIC 350400670,166.5308,7.0331,8.26,0,,,,,2,4.4,ok
TIC 14609933,111.3891,15.7152,8.26,0,,,,,7,11.7,ok
TIC 257241363,112.018,30.3215,8.26,0,,83.2,rejete,variabilite_continue,8,22.3,ok
TIC 450301404,144.4116,15.4584,8.26,0,,,,,4,6.8,ok
TIC 453032621,144.5922,3.5867,8.26,0,,,,,7,11.3,ok
TIC 269904149,114.3925,10.0364,8.26,0,,,,,4,6.5,ok
TIC 458654675,129.2654,9.1406,8.26,0,,,,,8,12.9,ok
TIC 414987859,141.4382,20.3805,8.26,0,,,,,4,7.0,ok
TIC 396916365,171.123,9.4901,8.26,0,,,,,3,5.9,ok
TIC 62706478,115.7902,20.1172,8.26,0,,,,,5,7.8,ok
TIC 365180657,203.9781,2.6818,8.26,0,,,,,4,7.1,ok
TIC 77041919,166.3326,16.7179,8.26,0,,,,,5,9.0,ok
TIC 286311250,170.4582,-7.0495,8.26,0,,,,,6,10.6,ok
TIC 437035863,132.7617,9.4175,8.26,0,,,,,8,12.9,ok
TIC 397481374,181.2292,8.716,8.26,0,,,,,2,3.9,ok
TIC 344842020,150.2788,4.6776,8.26,0,,,,,6,9.7,ok
TIC 95764634,160.339,20.3538,8.26,0,,,,,4,7.3,ok
TIC 88021514,147.2048,22.0439,8.27,0,,,,,6,9.7,ok
TIC 397075158,205.0333,0.7769,8.27,0,,,,,4,6.7,ok
TIC 392846090,158.4947,6.6306,8.27,0,,,,,3,5.4,ok
TIC 117378334,131.9759,27.9805,8.27,0,,,,,6,9.9,ok
TIC 172828460,126.3593,31.3674,8.27,0,,,,,5,8.3,ok
TIC 155233279,124.6966,27.3679,8.27,0,,,,,7,11.3,ok
TIC 16382777,116.2732,15.1494,8.27,0,,,,,5,8.1,ok
TIC 293376477,131.4249,12.8413,8.27,0,,,,,5,7.9,ok
TIC 269973375,114.6071,11.1435,8.27,0,,,,,6,9.9,ok
TIC 91987997,144.6624,22.5145,8.27,0,,,,,5,8.6,ok
TIC 67350962,120.8385,22.5627,8.27,0,,,,,6,9.7,ok
TIC 63859664,162.8832,13.6667,8.27,0,,,,,3,5.6,ok
TIC 321297169,137.8028,12.3909,8.27,0,,,,,5,7.9,ok
TIC 82070121,176.75,-1.6292,8.27,0,,,,,2,4.0,ok
TIC 289988529,192.1037,-12.5315,8.27,0,,,,,3,5.7,ok
TIC 350110959,156.4413,9.9174,8.27,0,,,,,4,6.9,ok
TIC 43105782,121.5904,30.8295,8.27,0,,,,,8,13.0,ok
TIC 443888124,121.9319,9.4385,8.27,0,,,,,4,7.3,ok
TIC 183651728,184.744,-9.0252,8.27,0,,,,,4,7.8,ok
TIC 320194871,121.2477,25.7816,8.27,0,,,,,6,9.7,ok
TIC 171525279,120.08,25.2866,8.27,0,,,,,6,9.9,ok
TIC 277768819,154.2282,2.4213,8.27,0,,,,,4,6.9,ok
TIC 203226437,135.2055,23.7791,8.27,0,,,,,4,7.1,ok
TIC 380199185,188.0059,-8.6119,8.27,0,,,,,2,4.0,ok
TIC 124575151,159.095,-1.7738,8.28,0,,,,,6,10.6,ok
TIC 3647181,127.3184,29.4692,8.28,0,,,,,3,5.4,ok
TIC 95430283,154.7936,20.5633,8.28,0,,,,,3,5.5,ok
TIC 98797704,187.52,-6.9932,8.28,0,,,,,1,2.3,ok
TIC 134875945,196.4238,-10.5019,8.28,0,,,,,2,3.8,ok
TIC 165819683,122.2916,30.5525,8.28,0,,,,,5,8.8,ok
TIC 134941568,197.2763,-8.5011,8.28,0,,,,,2,4.0,ok
TIC 6890482,125.3677,17.6615,8.28,0,,,,,5,8.1,ok
TIC 262687235,148.6979,4.0229,8.28,0,,,,,7,11.9,ok
TIC 14638646,126.6706,19.0372,8.28,0,,,,,4,7.3,ok
TIC 60253935,124.7999,15.0201,8.28,0,,,,,6,9.7,ok
TIC 138709216,137.1579,24.8559,8.28,0,,,,,7,11.2,ok
TIC 371814294,174.4369,15.1432,8.28,0,,,,,4,7.2,ok
TIC 386706518,189.0119,-12.2651,8.28,0,,,,,4,7.2,ok
TIC 468984353,128.8746,9.6876,8.28,0,,,,,4,6.8,ok
TIC 312111472,140.6572,7.0781,8.28,0,,,,,7,11.4,ok
TIC 55277388,139.7312,12.3177,8.28,0,,,,,4,6.6,ok
TIC 302206990,125.2782,28.0875,8.28,0,,,,,7,11.1,ok
TIC 286752222,143.5363,22.7468,8.28,0,,,,,6,10.0,ok
TIC 197245424,133.9955,21.6921,8.28,0,,,,,5,8.0,ok
TIC 311986089,138.8052,9.7594,8.29,0,,,,,4,6.5,ok
TIC 443616551,169.0684,-3.7617,8.29,0,,,,,4,7.2,ok
TIC 376788677,180.3734,2.362,8.29,0,,,,,1,2.4,ok
TIC 171393734,118.8857,28.521,8.29,0,,,,,7,12.0,ok
TIC 380698831,192.3946,3.8182,8.29,0,,,,,3,5.2,ok
TIC 63309772,158.3776,14.8976,8.29,0,,,,,4,6.8,ok
TIC 14880467,118.9229,30.3553,8.29,0,,,,,9,14.7,ok
TIC 366498259,127.1019,7.822,8.29,0,,,,,7,11.6,ok
TIC 386622354,124.2646,12.7359,8.29,0,,,,,8,13.1,ok
TIC 86039222,139.4083,19.8903,8.29,0,,,,,4,7.7,ok
TIC 27071736,152.3786,21.8026,8.29,0,,,,,6,10.6,ok
TIC 175194923,129.6426,19.8601,8.29,0,,,,,5,8.4,ok
TIC 59488686,108.8442,19.062,8.29,1,5.1235,38.4,rejete,variabilite_continue,3,7.9,ok
TIC 186852759,124.6785,14.2752,8.29,0,,,,,6,9.8,ok
TIC 281782495,163.8317,2.5984,8.29,0,,,,,2,4.0,ok
TIC 171650254,159.2425,20.9478,8.29,0,,,,,5,8.0,ok
TIC 88062671,147.7423,23.8598,8.29,0,,,,,5,9.0,ok
TIC 257788222,198.7506,-3.2354,8.29,0,,,,,2,4.0,ok
TIC 51643802,189.8103,-5.5488,8.29,0,,,,,1,2.4,ok
TIC 171653185,159.6368,19.6152,8.29,0,,,,,4,7.3,ok
TIC 446676165,179.3483,3.0502,8.29,0,,,,,2,3.9,ok
TIC 363549660,171.6245,3.4917,8.29,0,,,,,3,5.4,ok
TIC 344999162,152.5206,0.2232,8.29,0,,,,,8,13.3,ok
TIC 8053122,157.8766,-1.0339,8.29,0,,,,,6,10.7,ok
TIC 77113680,167.2021,16.8089,8.29,0,,,,,5,8.6,ok
TIC 97466778,124.4747,29.1718,8.29,0,,,,,6,10.4,ok
TIC 406495245,143.3176,9.1684,8.29,1,7.6006,18.5,rejete,variabilite_continue,4,8.8,ok
TIC 284866059,120.1483,32.9208,8.29,0,,,,,5,8.7,ok
TIC 350546966,190.2619,2.2999,8.29,0,,,,,4,6.9,ok
TIC 323492976,135.3448,10.7329,8.29,0,,,,,4,7.6,ok
TIC 176942888,183.9814,-9.2123,8.29,0,,,,,4,7.0,ok
TIC 21288946,129.9481,13.7299,8.3,0,,,,,5,8.2,ok
TIC 144166539,176.9431,-7.0036,8.3,0,,,,,3,5.8,ok
TIC 366525269,127.3646,8.7503,8.3,0,,,,,8,13.2,ok
TIC 444041368,134.9103,11.9317,8.3,0,,,,,5,8.0,ok
TIC 335638392,199.5414,-13.9796,8.3,0,,,,,2,3.7,ok
TIC 117218706,129.8774,29.5457,8.3,0,,,,,8,12.7,ok
TIC 17863112,118.5998,13.7859,8.3,0,,,,,8,13.4,ok
TIC 184873208,130.7102,21.2128,8.3,0,,,,,5,8.1,ok
TIC 70332785,114.0047,18.141,8.3,0,,,,,3,5.7,ok
TIC 247163878,113.588,13.2451,8.3,0,,,,,4,7.5,ok
TIC 319481327,195.3284,-8.4411,8.3,0,,,,,1,2.3,ok
TIC 358115069,120.8224,17.871,8.3,0,,,,,5,8.4,ok
TIC 349125090,185.6912,-13.1157,8.3,0,,,,,6,10.3,ok
TIC 386890203,136.8871,21.6291,8.3,0,,,,,5,8.3,ok
TIC 130640220,188.262,-2.2909,8.3,0,,,,,2,3.9,ok
TIC 399088196,188.5018,8.5911,8.3,0,,,,,3,5.4,ok
TIC 63220914,157.4498,14.1442,8.3,0,,,,,4,6.8,ok
TIC 392844605,158.4279,8.5866,8.3,0,,,,,2,4.0,ok
TIC 60286567,125.2231,15.8891,8.3,0,,,,,6,9.7,ok
TIC 67504616,172.4178,12.5062,8.3,0,,,,,5,8.5,ok
TIC 126322885,135.2542,26.2522,8.3,0,,,,,6,9.8,ok
TIC 363531411,170.8783,0.4599,8.3,0,,,,,3,5.4,ok
TIC 156670404,192.8102,-6.945,8.3,0,,,,,2,3.9,ok
TIC 397023140,176.2463,3.0713,8.3,0,,,,,3,5.7,ok
TIC 374269977,159.2562,4.7866,8.3,0,,,,,3,5.5,ok
TIC 302206442,125.3065,26.3257,8.3,0,,,,,4,7.7,ok
TIC 443610240,168.6053,-2.4281,8.3,0,,,,,5,8.8,ok
TIC 95006395,114.1543,29.459,8.31,0,,,,,9,14.5,ok
TIC 111013928,189.1418,-6.0655,8.31,0,,,,,2,3.9,ok
TIC 149398850,139.7299,28.2726,8.31,0,,,,,2,3.2,ok
TIC 63220680,157.4862,15.2672,8.31,0,,,,,4,6.8,ok
TIC 117167058,129.8519,27.6232,8.31,0,,,,,8,13.2,ok
TIC 412130601,184.0454,4.7106,8.31,0,,,,,2,3.9,ok
TIC 281906915,175.458,5.1379,8.31,0,,,,,2,4.0,ok
TIC 311965257,138.6069,11.6001,8.31,0,,,,,3,5.6,ok
TIC 14497339,111.0772,13.9393,8.31,0,,,,,4,7.2,ok
TIC 16140714,114.9021,12.8942,8.31,0,,,,,4,7.0,ok
TIC 318119611,161.8171,-1.8766,8.31,0,,,,,6,10.2,ok
TIC 14776551,178.1031,14.4587,8.31,0,,,,,3,5.6,ok
TIC 397483392,181.5253,10.4822,8.31,0,,,,,3,5.5,ok
TIC 114960911,201.1073,-4.6166,8.31,0,,,,,1,2.2,ok
TIC 95339414,153.5791,21.0738,8.31,0,,,,,3,5.6,ok
TIC 388084386,120.8555,9.1985,8.31,0,,,,,10,16.5,ok
TIC 366659217,133.9126,6.9919,8.31,0,,,,,7,11.4,ok
TIC 66666326,184.7809,-2.0402,8.31,0,,,,,2,3.5,ok
TIC 425281090,168.0224,0.2213,8.31,0,,,,,3,5.5,ok
TIC 82289083,123.4608,22.2797,8.31,0,,,,,6,9.5,ok
TIC 307648181,152.9493,17.2752,8.31,0,,,,,4,6.5,ok
TIC 134876569,196.3413,-8.1499,8.31,0,,,,,2,4.4,ok
TIC 284852092,124.0735,13.1677,8.31,0,,,,,5,9.1,ok
TIC 321294663,137.6153,15.5867,8.31,0,,,,,3,5.9,ok
TIC 270096501,115.0746,11.8209,8.31,0,,,,,7,11.1,ok
TIC 291109657,190.5208,3.7503,8.31,0,,,,,4,7.1,ok
TIC 8003653,157.6017,-2.4169,8.31,0,,,,,7,12.4,ok
TIC 197251137,134.4797,19.2843,8.31,0,,,,,5,7.9,ok
TIC 98661745,185.7012,-9.7614,8.31,0,,,,,4,6.9,ok
TIC 3714087,127.9473,27.1484,8.31,0,,,,,8,13.0,ok
TIC 82118422,197.5166,-0.6168,8.31,0,,,,,4,7.1,ok
TIC 247121919,112.9307,14.2242,8.31,0,,,,,7,12.5,ok
TIC 372444415,165.2709,14.035,8.32,0,,,,,5,8.8,ok
TIC 77113427,167.2356,15.2114,8.32,0,,,,,5,8.9,ok
TIC 291007254,169.7298,11.8806,8.32,0,,,,,4,7.1,ok
TIC 172516225,142.397,27.3939,8.32,0,,,,,5,9.4,ok
TIC 62941209,176.9442,-0.3324,8.32,0,,,,,2,3.8,ok
TIC 157839328,204.0774,-2.9388,8.32,0,,,,,4,7.4,ok
TIC 247134609,113.262,13.1853,8.32,0,,,,,7,11.4,ok
TIC 152719506,179.9787,-7.6418,8.32,0,,,,,4,7.0,ok
TIC 334971104,186.5449,-12.3111,8.32,0,,,,,5,9.0,ok
TIC 335589578,183.5386,-12.825,8.32,0,,,,,6,10.4,ok
TIC 62742239,116.1234,18.6014,8.32,0,,,,,3,5.0,ok
TIC 363497572,170.4873,0.0526,8.32,0,,,,,3,5.8,ok
TIC 286730911,143.2159,23.3602,8.32,0,,,,,4,7.7,ok
TIC 70330844,114.0184,20.6409,8.32,0,,,,,4,6.8,ok
TIC 149452916,141.1834,26.6831,8.32,0,,,,,6,9.7,ok
TIC 159507065,168.4443,18.5934,8.32,0,,,,,4,7.1,ok
TIC 376876650,181.9234,2.5031,8.32,0,,,,,1,2.1,ok
TIC 14342679,163.6554,-0.9247,8.32,0,,,,,4,7.5,ok
TIC 14566446,125.8808,21.8479,8.32,0,,,,,3,5.3,ok
TIC 377229624,185.8396,4.6712,8.32,0,,,,,2,4.1,ok
TIC 316172478,111.104,18.7112,8.32,0,,,,,6,9.7,ok
TIC 130203297,117.7924,25.9452,8.32,0,,,,,6,9.8,ok
TIC 350100503,156.1813,11.3559,8.33,0,,,,,2,3.8,ok
TIC 70547057,115.0677,18.3676,8.33,0,,,,,6,9.8,ok
TIC 59490344,108.9939,18.6915,8.33,0,,,,,5,9.0,ok
TIC 3753598,128.2864,28.3812,8.33,0,,,,,8,13.3,ok
TIC 350021090,154.5799,8.6822,8.33,0,,,,,4,6.6,ok
TIC 149415872,140.0165,27.1655,8.33,0,,,,,4,7.6,ok
TIC 156380534,159.8601,12.3101,8.33,0,,,,,3,5.6,ok
TIC 20483677,127.6504,15.2453,8.33,0,,,,,6,10.3,ok
TIC 46379347,133.6374,15.6819,8.33,0,,101.8,rejete,eclipse_secondaire;compagnon_trop_gros_5.1Rjup,4,13.9,ok
TIC 374356924,161.1388,4.0337,8.33,0,,,,,2,4.1,ok
TIC 396948660,179.8689,11.8508,8.33,0,,,,,5,8.5,ok
TIC 411090207,150.3194,7.211,8.33,0,,,,,2,4.5,ok
TIC 455278547,146.9067,5.5592,8.33,0,,,,,4,7.2,ok
TIC 62981320,117.4627,18.0343,8.33,0,,,,,6,9.6,ok
TIC 117125013,129.1972,26.3607,8.33,0,,,,,8,13.2,ok
TIC 455285205,147.5117,1.7935,8.33,0,,,,,8,13.6,ok
TIC 139304549,124.2255,32.4636,8.33,0,,,,,4,7.4,ok
TIC 281885681,175.0923,1.599,8.33,0,,,,,2,3.9,ok
TIC 173108898,172.6246,-4.6914,8.33,0,,,,,4,7.0,ok
TIC 243246445,136.7718,20.5991,8.33,0,,,,,5,8.5,ok
TIC 333801520,130.718,17.1337,8.33,0,,,,,3,5.8,ok
TIC 411102447,150.7329,7.1133,8.33,0,,,,,2,4.0,ok
TIC 171648585,159.0501,18.653,8.33,0,,,,,6,10.3,ok
TIC 345942762,193.2803,-13.3074,8.33,0,,,,,4,7.2,ok
TIC 17773579,118.164,15.8936,8.33,0,,,,,6,9.6,ok
TIC 377098621,148.6968,11.7657,8.34,0,,,,,3,5.4,ok
TIC 117252450,130.4933,28.8895,8.34,0,,,,,8,13.0,ok
TIC 286830450,165.6209,12.9712,8.34,0,,,,,5,8.8,ok
TIC 139254618,123.7823,31.8277,8.34,0,,,,,5,8.1,ok
TIC 307646256,145.289,13.2087,8.34,0,,,,,2,3.9,ok
TIC 92022144,145.3983,18.9493,8.34,0,,,,,4,6.5,ok
TIC 70655423,155.0908,16.1621,8.34,0,,,,,4,6.5,ok
TIC 385352681,196.4201,-15.852,8.34,0,,,,,5,9.0,ok
TIC 458581889,124.0598,10.8421,8.34,0,,,,,4,7.5,ok
TIC 14676672,126.8151,21.3115,8.34,0,,,,,6,9.9,ok
TIC 366484561,126.8981,10.5066,8.34,0,,,,,9,15.4,ok
TIC 14343100,163.7045,-2.8472,8.34,0,,,,,5,10.2,ok
TIC 323522418,135.6238,10.3115,8.34,0,,,,,4,6.8,ok
TIC 312187724,141.2051,9.5249,8.34,0,,,,,2,3.2,ok
TIC 443970140,130.9326,11.2623,8.34,0,,,,,7,11.5,ok
TIC 19029779,119.8346,16.9682,8.34,0,,,,,6,9.8,ok
TIC 323710162,137.4569,10.4902,8.34,0,,,,,4,7.3,ok
TIC 345035107,154.4529,4.6183,8.34,0,,,,,3,5.0,ok
TIC 302303498,126.2591,28.3565,8.34,0,,,,,7,11.3,ok
TIC 130609015,187.4261,-3.3364,8.34,0,,,,,1,3.4,ok
TIC 134968671,197.8284,-9.5805,8.34,0,,,,,2,3.8,ok
TIC 344859175,150.7215,1.4858,8.34,0,,,,,4,7.2,ok
TIC 4301593,115.8609,33.1339,8.34,0,,,,,5,8.8,ok
TIC 7059134,126.9274,17.3306,8.34,0,,,,,6,9.4,ok
TIC 134982188,198.3035,-8.9317,8.34,0,,,,,1,2.4,ok
TIC 233637097,159.5245,14.1225,8.34,0,,,,,4,6.6,ok
TIC 95857071,162.5233,18.7484,8.34,0,,,,,4,7.5,ok
TIC 376865822,181.6908,5.2992,8.34,0,,,,,2,3.9,ok
TIC 392850502,159.0986,8.1738,8.34,0,,,,,2,4.0,ok
TIC 458685648,132.0288,9.659,8.34,0,,,,,8,17.0,ok
TIC 455270045,146.1046,4.8692,8.35,0,,,,,7,15.5,ok
TIC 393742075,116.3623,28.7525,8.35,0,,,,,7,11.2,ok
TIC 455269708,146.0566,3.4408,8.35,0,,,,,8,13.5,ok
TIC 366721552,183.0328,1.1696,8.35,0,,,,,2,3.9,ok
TIC 264163872,108.4506,11.266,8.35,0,,,,,3,5.6,ok
TIC 399089938,188.6685,8.5609,8.35,0,,,,,2,3.8,ok
TIC 376757883,179.1245,4.0636,8.35,0,,,,,1,2.7,ok
TIC 82597920,176.4598,13.6188,8.35,0,,,,,4,7.5,ok
TIC 380639589,178.7315,11.695,8.35,0,,,,,4,7.3,ok
TIC 149364553,138.8864,27.9146,8.35,0,,,,,5,9.3,ok
TIC 38158652,171.0712,-1.53,8.35,0,,,,,3,5.8,ok
TIC 55276217,139.6525,17.2384,8.35,0,,,,,5,8.3,ok
TIC 405799268,142.0711,6.5204,8.35,0,,,,,7,11.4,ok
TIC 94963998,113.9654,27.5144,8.35,0,,,,,6,9.9,ok
TIC 72406779,178.8635,13.6172,8.35,0,,,,,4,7.3,ok
TIC 195192488,129.1667,18.4687,8.35,0,,,,,4,7.2,ok
TIC 440780341,108.7775,16.6734,8.35,0,,,,,1,2.3,ok
TIC 281729996,162.8009,6.0587,8.35,0,,,,,3,5.6,ok
TIC 376876965,181.9071,0.7084,8.35,0,,,,,1,2.3,ok
TIC 185191586,173.0308,-7.6179,8.35,0,,,,,6,10.7,ok
TIC 380639225,176.0133,10.3369,8.35,0,,,,,4,7.2,ok
TIC 325315797,177.3661,0.6091,8.35,0,,,,,1,2.3,ok
TIC 334939786,186.3613,-13.3376,8.35,0,,,,,5,9.2,ok
TIC 388798643,171.9799,11.0099,8.35,0,,,,,5,8.9,ok
TIC 82355125,124.2427,22.7623,8.35,0,,,,,6,9.6,ok
TIC 179000076,201.2557,-7.0922,8.35,0,,,,,2,3.7,ok
TIC 323736364,137.9919,9.7514,8.35,0,,,,,7,11.4,ok
TIC 344952707,151.9677,0.6979,8.35,0,,,,,7,11.9,ok
TIC 319480292,195.1399,-7.994,8.35,0,,,,,2,3.9,ok
TIC 374364923,161.3177,0.5272,8.35,0,,,,,5,8.9,ok
TIC 275250249,148.1091,4.422,8.35,0,,,,,8,12.9,ok
TIC 176869680,182.8852,-10.7494,8.36,0,,,,,5,9.2,ok
TIC 366711026,182.6977,2.3316,8.36,0,,,,,2,4.0,ok
TIC 388842417,173.3248,10.2135,8.36,0,,,,,5,8.9,ok
TIC 61082061,153.7334,17.6377,8.36,0,,,,,5,8.1,ok
TIC 380618779,175.8962,10.6944,8.36,0,,,,,4,7.3,ok
TIC 149398070,139.8348,24.4021,8.36,0,,,,,5,8.6,ok
TIC 453050688,145.1498,5.6444,8.36,0,,,,,7,11.5,ok
TIC 46306022,133.008,13.3905,8.36,0,,,,,5,8.2,ok
TIC 334415400,122.9634,8.6708,8.36,0,,,,,10,16.3,ok
TIC 156618366,191.059,-7.8587,8.36,0,,,,,1,2.3,ok
TIC 380727609,192.4596,3.3257,8.36,0,,,,,4,6.8,ok
TIC 377261391,186.9262,1.8375,8.36,0,,,,,2,3.8,ok
TIC 152802579,180.9713,-6.9287,8.36,0,,,,,2,4.3,ok
TIC 95620706,121.4684,24.0353,8.36,0,,,,,6,9.7,ok
TIC 377107272,148.722,7.1717,8.36,0,,,,,4,6.6,ok
TIC 77113143,167.2485,13.6775,8.36,0,,,,,5,9.2,ok
TIC 458587204,124.2216,10.5402,8.36,0,,,,,5,8.8,ok
TIC 411124820,151.2998,8.6523,8.37,0,,,,,2,3.9,ok
TIC 126318171,134.575,29.4587,8.37,0,,,,,4,6.4,ok
TIC 444001291,131.4904,11.4195,8.37,0,,,,,5,8.6,ok
TIC 115071805,202.233,-1.2717,8.37,0,,,,,4,10.1,ok
TIC 126367263,135.8553,24.7136,8.37,0,,,,,7,11.6,ok
TIC 293497226,132.1478,17.3283,8.37,0,,,,,4,7.3,ok
TIC 186814573,124.2841,17.2984,8.37,0,,,,,3,5.7,ok
TIC 366805552,198.5696,1.2232,8.37,0,,,,,4,7.2,ok
TIC 294501922,122.2597,14.0712,8.37,0,,,,,5,8.9,ok
TIC 143404311,155.1768,-1.4709,8.37,0,,,,,5,9.0,ok
TIC 97257029,122.6283,29.4612,8.37,0,,,,,6,10.6,ok
TIC 301627098,173.413,2.1199,8.37,0,,,,,2,4.0,ok
TIC 175378605,189.2885,-4.6512,8.37,0,,,,,2,4.5,ok
TIC 3695648,127.5011,24.7388,8.37,0,,,,,5,9.0,ok
TIC 387235455,109.8166,15.6643,8.37,0,,,,,5,9.0,ok
TIC 355125987,133.0394,24.3086,8.37,0,,,,,4,7.4,ok
TIC 345946172,193.5552,-13.9866,8.37,0,,,,,2,3.9,ok
TIC 98591877,185.016,-8.126,8.37,0,,,,,2,3.7,ok
TIC 55378703,141.0841,12.52,8.37,0,,,,,2,4.0,ok
TIC 175711266,194.1322,-3.5895,8.38,0,,,,,2,3.8,ok
TIC 277895116,157.4642,1.3569,8.38,0,,,,,6,10.6,ok
TIC 95436068,155.428,21.3936,8.38,0,,,,,5,8.2,ok
TIC 800279880,132.6758,7.8641,8.38,0,,,,,3,5.7,ok
TIC 203282742,195.5056,-10.453,8.38,0,,,,,2,3.9,ok
TIC 14776494,178.1591,14.2148,8.38,0,,,,,4,7.5,ok
TIC 207277093,110.433,10.7342,8.38,0,,,,,2,4.0,ok
TIC 94963260,114.0325,28.6293,8.38,0,,,,,8,13.7,ok
TIC 396827783,130.826,8.5401,8.38,0,,,,,8,13.4,ok
TIC 345036944,154.7127,1.0947,8.38,0,,,,,4,6.2,ok
TIC 271207053,119.59,11.595,8.38,0,,,,,8,14.2,ok
TIC 95362840,154.4597,23.8317,8.38,0,,,,,3,5.6,ok
TIC 337646897,131.1583,14.8851,8.38,0,,,,,5,8.6,ok
TIC 390686825,192.7827,7.4397,8.38,0,,,,,4,7.4,ok
TIC 443904556,122.3428,11.3902,8.38,0,,,,,2,3.9,ok
TIC 86018302,139.0186,20.0731,8.38,0,,,,,3,5.6,ok
TIC 397067918,193.4272,2.663,8.38,0,,,,,2,3.7,ok
TIC 415671357,112.7886,28.0014,8.38,0,,,,,8,12.9,ok
TIC 411187273,153.2552,9.7557,8.38,0,,,,,4,6.9,ok
TIC 203233637,184.461,-11.0097,8.38,0,,,,,6,10.2,ok
TIC 203233849,184.4605,-10.0734,8.38,0,,,,,5,8.9,ok
TIC 124611672,195.7509,-3.1585,8.38,0,,,,,2,3.7,ok
TIC 350428240,166.8411,7.5127,8.38,0,,,,,3,5.6,ok
TIC 66629486,184.3554,-3.3014,8.38,0,,,,,2,3.7,ok
TIC 411239619,195.0363,2.3839,8.38,0,,,,,3,5.3,ok
TIC 175370995,188.9504,-2.3417,8.38,0,,,,,1,2.3,ok
TIC 3645392,127.1261,24.5412,8.38,0,,,,,4,7.1,ok
TIC 184842090,109.9787,21.128,8.39,0,,,,,6,9.8,ok
TIC 468938969,118.6722,9.8602,8.39,0,,,,,4,7.6,ok
TIC 277799104,155.8641,2.2539,8.39,0,,,,,4,7.0,ok
TIC 130638249,188.0527,-4.1563,8.39,0,,,,,1,2.3,ok
TIC 186812304,124.2838,12.0374,8.39,0,,,,,6,9.8,ok
TIC 291067346,177.9146,6.9772,8.39,0,,,,,3,5.5,ok
TIC 290976435,169.225,7.4068,8.39,0,,,,,2,4.4,ok
TIC 197245782,134.0169,23.0714,8.39,0,,,,,3,5.6,ok
TIC 277697265,153.3754,0.4383,8.39,0,,,,,8,13.6,ok
TIC 156597813,190.7267,-9.4805,8.39,0,,,,,1,2.2,ok
TIC 63904026,163.3433,12.7462,8.39,0,,,,,2,4.2,ok
TIC 258684203,147.4912,16.5599,8.39,0,,,,,3,5.6,ok
TIC 319445012,194.5191,-11.7766,8.39,0,,,,,2,3.7,ok
TIC 355125800,133.0529,25.1589,8.39,0,,,,,6,9.8,ok
TIC 397027834,183.4098,3.9717,8.39,0,,,,,2,3.9,ok
TIC 374296925,159.9117,1.6367,8.39,0,,,,,5,9.4,ok
TIC 380672053,191.3891,0.9868,8.39,0,,,,,1,2.3,ok
TIC 16224960,115.31,14.3957,8.4,0,,,,,4,7.3,ok
TIC 61125923,154.6499,12.7938,8.4,0,,,,,4,7.5,ok
TIC 350448738,176.8335,10.4571,8.4,0,,,,,5,8.7,ok
TIC 393639580,199.6856,2.5798,8.4,0,,,,,3,5.4,ok
TIC 429302730,188.3753,-6.5585,8.4,0,,,,,2,3.7,ok
TIC 462486255,111.6472,24.3109,8.4,0,,,,,6,9.9,ok
TIC 388798594,172.037,10.7098,8.4,0,,,,,3,5.4,ok
TIC 291089690,178.2152,8.5037,8.4,0,,,,,5,9.0,ok
TIC 95293002,115.9958,29.406,8.4,0,,,,,9,15.4,ok
TIC 16279997,115.6802,15.2587,8.4,0,,,,,3,5.8,ok
TIC 293322132,119.0979,21.8363,8.4,0,,,,,5,8.5,ok
TIC 6925553,125.8033,16.8939,8.4,0,,,,,6,9.7,ok
TIC 155230872,124.6113,27.8157,8.4,0,,,,,6,11.1,ok
TIC 126351129,135.7816,28.1703,8.4,0,,,,,6,9.7,ok
TIC 98719868,186.7103,-9.6365,8.4,0,,,,,4,7.2,ok
TIC 38114294,169.8746,-1.9758,8.4,0,,,,,3,5.6,ok
TIC 397534549,182.7834,6.6786,8.4,0,,,,,2,3.9,ok
TIC 55268238,139.4521,13.6595,8.4,0,,,,,3,5.6,ok
TIC 56768359,182.5252,-4.1623,8.4,0,,,,,1,2.2,ok
TIC 56770412,182.7192,-3.1409,8.4,0,,,,,2,3.7,ok
TIC 172828351,126.369,31.0494,8.41,0,,,,,4,7.5,ok
TIC 17661643,117.3725,12.359,8.41,0,,,,,7,11.5,ok
TIC 345925114,193.0381,-17.8048,8.41,0,,,,,2,4.0,ok
TIC 176937977,183.5043,-10.136,8.41,0,,,,,6,10.8,ok
TIC 56758507,182.0792,-2.0904,8.41,0,,,,,2,3.9,ok
TIC 469015508,145.0465,8.738,8.41,0,,,,,2,4.1,ok
TIC 95435790,155.4737,19.793,8.41,1,2.2345,12.1,rejete,variabilite_continue;eclipse_secondaire,5,11.2,ok
TIC 19068998,120.0633,15.6839,8.41,0,,,,,6,10.0,ok
TIC 396931548,176.3105,8.6721,8.41,0,,,,,4,7.1,ok
TIC 350075301,156.0873,7.8376,8.41,0,,,,,3,5.6,ok
TIC 386774215,119.7895,19.4839,8.41,0,,,,,6,10.2,ok
TIC 312065539,139.8141,11.2144,8.41,0,,,,,4,6.6,ok
TIC 366396388,125.9786,8.0193,8.41,0,,,,,3,5.9,ok
TIC 302265618,126.091,26.4657,8.41,0,,,,,4,7.2,ok
TIC 16053808,114.4686,15.0813,8.41,0,,,,,5,9.0,ok
TIC 49427853,173.9115,-2.434,8.41,0,,,,,3,7.8,ok
TIC 381715275,197.0025,3.2561,8.41,0,,,,,4,7.2,ok
TIC 286831376,166.0211,16.2566,8.41,0,,,,,3,6.0,ok
TIC 285005062,138.4245,25.2542,8.41,0,,,,,5,9.3,ok
TIC 307678515,129.3907,20.0136,8.41,0,,,,,3,5.5,ok
TIC 165818533,122.2347,32.8187,8.41,0,,,,,5,9.3,ok
TIC 126319269,134.6636,25.3802,8.41,0,,,,,3,5.7,ok
TIC 347679062,182.3622,-12.2381,8.41,0,,,,,6,10.5,ok
TIC 98724701,186.9077,-11.7101,8.41,0,,,,,6,10.6,ok
TIC 220586581,117.3468,11.0664,8.41,0,,,,,9,14.8,ok
TIC 195215030,141.9854,16.9832,8.41,0,,,,,4,6.7,ok
TIC 14396716,124.6089,22.2203,8.41,0,,15.4,rejete,variabilite_continue;eclipse_secondaire,3,8.2,ok
TIC 157858229,204.3764,-0.2214,8.41,0,,,,,4,6.8,ok
TIC 77041747,166.3467,17.6627,8.42,0,,,,,5,8.8,ok
TIC 349824640,143.8795,26.354,8.42,0,,,,,6,9.9,ok
TIC 740324148,111.0368,21.4574,8.42,0,,,,,3,5.4,ok
TIC 124611625,195.821,-2.9642,8.42,0,,,,,1,2.4,ok
TIC 176911223,183.4531,-8.1239,8.42,0,,,,,3,5.5,ok
TIC 301626494,173.3759,5.8622,8.42,0,,,,,3,5.6,ok
TIC 14565522,111.3,14.2004,8.42,0,,,,,9,14.6,ok
TIC 156379904,159.9003,16.4468,8.42,0,,,,,4,7.1,ok
TIC 130725832,203.5893,-0.8665,8.42,0,,,,,4,7.0,ok
TIC 20486796,127.8756,12.7512,8.42,0,,,,,5,8.6,ok
TIC 437029488,132.3218,8.8627,8.42,0,,,,,6,10.5,ok
TIC 255829768,174.2385,14.013,8.42,0,,,,,5,8.9,ok
TIC 383398488,166.6969,19.132,8.42,0,,,,,4,7.3,ok
TIC 95165436,115.0631,25.4432,8.42,0,,,,,5,8.1,ok
TIC 393762755,116.6794,27.7807,8.42,0,,,,,7,11.6,ok
TIC 27541442,122.5672,14.8351,8.42,0,,,,,5,8.5,ok
TIC 366777934,189.0914,1.045,8.42,0,,,,,2,4.0,ok
TIC 283784881,134.6535,9.4572,8.42,0,,,,,7,12.4,ok
TIC 7023421,126.72,15.2477,8.42,0,,,,,5,8.7,ok
TIC 94821061,113.2351,24.0002,8.42,0,,,,,6,9.7,ok
TIC 262713845,148.9982,2.7987,8.42,0,,,,,8,13.2,ok
TIC 411255357,196.0197,5.189,8.43,0,,,,,2,3.8,ok
TIC 20493653,128.0805,16.2128,8.43,0,,,,,2,4.2,ok
TIC 291110033,190.6218,1.3288,8.43,0,,,,,1,2.3,ok
TIC 14709809,111.8508,15.6595,8.43,0,,,,,7,12.4,ok
TIC 77145361,168.2814,13.2483,8.43,0,,,,,3,5.8,ok
TIC 14706030,127.2818,22.242,8.43,0,,,,,6,10.8,ok
TIC 144124621,176.0921,-6.5584,8.43,0,,,,,4,7.6,ok
TIC 95436267,155.4329,22.8027,8.43,0,,,,,4,6.6,ok
TIC 86268761,181.8997,12.6491,8.43,0,,,,,1,2.4,ok
TIC 91898529,142.1843,20.7072,8.43,0,,,,,2,4.1,ok
TIC 363496365,170.3689,5.6319,8.43,0,,,,,3,5.7,ok
TIC 397481780,181.2544,11.3354,8.43,0,,,,,2,3.8,ok
TIC 95076851,114.5899,24.6877,8.43,0,,,,,6,10.0,ok
TIC 366660259,177.5741,4.9547,8.43,0,,,,,2,4.1,ok
TIC 184787070,109.5051,22.1786,8.43,0,,,,,3,5.9,ok
TIC 49429338,174.109,-4.9892,8.43,0,,,,,4,7.8,ok
TIC 175264491,130.237,19.9348,8.43,0,,,,,4,7.2,ok
TIC 389360050,185.2314,6.5719,8.43,0,,,,,4,7.3,ok
TIC 344926632,151.5997,2.029,8.43,0,,,,,8,13.0,ok
TIC 275179888,143.4756,4.2596,8.44,0,,,,,4,7.1,ok
TIC 32481280,190.324,-8.7762,8.44,0,,,,,2,3.7,ok
TIC 14342121,163.4234,-4.3043,8.44,0,,,,,6,10.7,ok
TIC 263541228,144.7051,12.0512,8.44,0,,,,,3,5.5,ok
TIC 70721551,156.6316,14.2512,8.44,0,,,,,4,6.6,ok
TIC 171520453,119.9697,24.0745,8.44,0,,,,,6,9.7,ok
TIC 414987053,141.2639,18.7487,8.44,0,,,,,4,6.9,ok
TIC 117164031,129.584,29.6324,8.44,0,,,,,5,8.9,ok
TIC 377248803,186.376,4.8988,8.44,0,,,,,2,4.0,ok
TIC 414968122,141.022,18.1851,8.44,0,,,,,3,5.5,ok
TIC 60945261,112.3768,18.084,8.44,0,,,,,3,5.5,ok
TIC 61048261,153.5197,16.8435,8.44,0,,,,,4,6.7,ok
TIC 193016883,143.3575,17.1309,8.44,0,,,,,4,6.9,ok
TIC 171389624,118.8808,24.3631,8.44,0,,,,,6,9.9,ok
TIC 344951838,151.7365,2.9638,8.44,0,,,,,4,7.1,ok
TIC 397486494,182.0341,7.4072,8.44,0,,,,,3,5.5,ok
TIC 443615567,168.9756,-0.1004,8.44,0,,,,,3,5.4,ok
TIC 176867428,182.6033,-9.5275,8.44,0,,,,,4,7.2,ok
TIC 95743867,159.9337,21.4156,8.44,0,,,,,4,7.5,ok
TIC 365008413,164.3745,8.0293,8.44,0,,,,,3,5.7,ok
TIC 363459149,169.6571,3.1386,8.44,0,,,,,2,4.0,ok
TIC 60285843,125.23,14.0697,8.44,0,,,,,3,5.9,ok
TIC 388933131,188.0161,3.8937,8.44,0,,,,,3,5.9,ok
TIC 3643547,126.9646,29.0883,8.44,0,,,,,4,7.7,ok
TIC 374268136,159.0245,2.5255,8.44,0,,,,,3,5.5,ok
TIC 86016650,138.9013,22.2162,8.44,0,,,,,7,11.9,ok
TIC 374209949,158.4967,1.4464,8.44,0,,,,,4,6.9,ok
TIC 21247080,129.3038,17.2539,8.44,0,,,,,3,5.7,ok
TIC 412130349,183.9918,3.0198,8.45,0,,,,,2,3.9,ok
TIC 350516184,177.4608,7.7676,8.45,0,,,,,5,9.0,ok
TIC 14677359,126.8159,19.2961,8.45,0,,,,,3,5.8,ok
TIC 281930597,177.5311,4.9062,8.45,0,,,,,1,2.4,ok
TIC 281661013,161.6734,4.4509,8.45,0,,,,,3,5.6,ok
TIC 17816303,118.3324,14.5132,8.45,0,,,,,6,10.9,ok
TIC 144197765,177.7844,-8.2337,8.45,0,,,,,5,8.9,ok
TIC 358703337,149.9748,14.8776,8.45,0,,,,,2,4.0,ok
TIC 291058634,170.8441,6.3505,8.45,0,,,,,2,4.1,ok
TIC 77042943,166.5333,12.8039,8.45,0,,,,,5,9.0,ok
TIC 234410419,113.3857,10.1779,8.45,0,,,,,4,7.3,ok
TIC 366325029,125.7797,10.9325,8.45,0,,,,,9,15.4,ok
TIC 334382424,122.7569,10.6895,8.45,0,,,,,8,14.5,ok
TIC 181877779,190.7047,-15.4641,8.45,0,,,,,6,10.5,ok
TIC 98628827,185.3845,-11.7819,8.45,0,,32.1,rejete,variabilite_continue;eclipse_secondaire,6,14.7,ok
TIC 367504360,109.6824,25.5948,8.45,0,,,,,6,18.4,ok
TIC 390654115,192.6456,8.0922,8.45,0,,,,,4,7.3,ok
TIC 14675571,126.7603,23.3652,8.45,0,,,,,3,5.6,ok
TIC 366410730,126.5287,10.941,8.45,0,,,,,8,13.7,ok
TIC 458685167,131.9809,8.2084,8.45,0,,,,,8,14.1,ok
TIC 144146013,176.5382,-7.7692,8.45,0,,,,,3,5.8,ok
TIC 458681751,129.7772,10.4109,8.45,0,,,,,8,13.9,ok
TIC 397000421,174.7539,5.7855,8.45,0,,,,,3,5.7,ok
TIC 1628320,188.0407,-15.2713,8.45,0,,,,,5,9.0,ok
TIC 59582833,145.7976,17.7664,8.45,0,,15.8,rejete,variabilite_continue,2,7.0,ok
TIC 444004895,131.6507,9.8727,8.45,0,,,,,3,5.8,ok
TIC 271135370,119.1212,10.6992,8.46,0,,,,,10,16.4,ok
TIC 172824973,125.8682,30.1759,8.46,0,,,,,7,11.3,ok
TIC 34945262,164.0789,-3.8557,8.46,0,,,,,5,9.0,ok
TIC 35020891,179.7635,-4.7786,8.46,0,,,,,1,2.3,ok
TIC 171557790,156.247,20.7259,8.46,0,,,,,5,8.4,ok
TIC 286036860,205.9269,1.9583,8.46,0,,,,,4,6.8,ok
TIC 130641082,188.4518,-5.2423,8.46,0,,,,,2,3.8,ok
TIC 144296830,178.7166,-9.4079,8.46,0,,,,,6,11.1,ok
TIC 238609739,137.4994,18.9542,8.46,0,,,,,5,8.8,ok
TIC 388924717,187.6192,0.5744,8.46,0,,,,,2,4.3,ok
TIC 98593869,185.2851,-11.4759,8.46,0,,,,,2,4.1,ok
TIC 386840591,122.1637,19.7707,8.46,0,,,,,3,5.4,ok
TIC 16325702,115.9272,12.9813,8.46,0,,,,,4,8.2,ok
TIC 397074492,198.8519,3.2188,8.46,0,,,,,3,5.3,ok
TIC 293414051,131.9367,12.8871,8.46,0,,,,,4,7.3,ok
TIC 14799928,113.935,12.8734,8.46,0,,,,,4,7.2,ok
TIC 407050144,143.9517,9.8677,8.46,0,,,,,4,6.6,ok
TIC 139201656,121.3609,31.9909,8.46,0,,,,,7,11.3,ok
TIC 82604903,176.4783,15.0208,8.46,0,,,,,4,8.2,ok
TIC 358115804,131.0303,15.9306,8.46,0,,,,,3,5.6,ok
TIC 358657504,149.0693,12.8183,8.46,0,,,,,2,3.9,ok
TIC 366443426,126.6157,10.0804,8.46,0,,,,,8,14.1,ok
TIC 14726505,177.3857,12.7703,8.46,0,,,,,4,7.2,ok
TIC 281749463,163.4713,5.4976,8.46,0,,,,,3,5.6,ok
TIC 63307809,158.1403,12.7305,8.46,0,,,,,4,6.9,ok
TIC 389347399,184.3239,9.173,8.46,0,,,,,2,3.9,ok
TIC 2518007,194.4554,-13.1344,8.46,0,,,,,2,4.0,ok
TIC 27066380,151.7211,18.8925,8.46,0,,,,,5,8.4,ok
TIC 350498608,177.2156,10.6839,8.46,0,,,,,4,7.5,ok
TIC 286098424,140.8638,5.7861,8.46,0,,,,,4,7.2,ok
TIC 53189262,166.5032,-5.3814,8.46,0,,,,,7,12.8,ok
TIC 95430203,154.827,20.9592,8.46,0,,,,,4,6.5,ok
TIC 411217372,194.2919,5.8128,8.46,0,,,,,4,7.1,ok
TIC 77114803,167.3483,12.9323,8.46,0,,,,,4,7.2,ok
TIC 385357389,196.6862,-13.9901,8.46,0,,,,,4,7.1,ok
TIC 21289550,129.9405,11.9911,8.46,0,,,,,7,11.9,ok
TIC 350545305,189.9749,5.4455,8.46,0,,,,,2,4.0,ok
TIC 277831766,156.1437,3.5318,8.47,0,,,,,3,5.4,ok
TIC 81988659,176.1891,-0.0867,8.47,0,,,,,2,3.9,ok
TIC 344840363,150.1064,3.1191,8.47,0,,,,,8,13.2,ok
TIC 357308607,151.9045,17.7354,8.47,0,,,,,2,4.5,ok
TIC 363497583,170.5365,0.1231,8.47,0,,,,,2,4.1,ok
TIC 192983952,142.6866,17.8518,8.47,0,,,,,4,6.6,ok
TIC 149451912,141.068,28.116,8.47,0,,,,,6,9.8,ok
TIC 165428646,173.1512,13.7253,8.47,0,,,,,4,7.4,ok
TIC 115019940,201.9613,-5.7504,8.47,0,,,,,2,4.1,ok
TIC 160272005,159.7209,17.011,8.47,0,,,,,4,6.5,ok
TIC 95359428,154.1867,19.8912,8.47,0,,,,,5,8.1,ok
TIC 14722818,176.9663,13.4563,8.47,0,,,,,4,7.1,ok
TIC 366757147,188.7813,4.0422,8.47,0,,,,,3,5.2,ok
TIC 367515262,120.7643,27.4501,8.47,0,,,,,7,11.5,ok
TIC 38160002,171.1143,-4.4485,8.47,0,,,,,5,8.9,ok
TIC 284868879,132.1049,30.4359,8.47,0,,,,,4,7.4,ok
TIC 14394483,124.4579,19.8354,8.47,0,,,,,3,5.8,ok
TIC 14503989,125.4595,19.489,8.47,0,,,,,5,8.8,ok
TIC 301559178,167.1919,4.9925,8.47,0,,,,,2,4.0,ok
TIC 437048043,134.458,13.4231,8.47,0,,,,,5,8.0,ok
TIC 443994884,131.124,8.0789,8.47,1,2.9394,25.0,rejete,variabilite_continue,4,10.2,ok
TIC 380667823,179.1919,10.612,8.47,0,,,,,5,9.2,ok
TIC 59599335,146.1428,16.4136,8.47,0,,,,,3,4.9,ok
TIC 307931131,148.4677,26.2924,8.47,0,,,,,5,8.6,ok
TIC 345073704,155.0682,0.3067,8.47,0,,,,,6,10.7,ok
TIC 323713019,137.7168,10.6976,8.47,0,,,,,3,5.0,ok
TIC 377170528,185.1067,0.5834,8.47,0,,,,,2,3.7,ok
TIC 388914416,174.8518,8.9407,8.48,0,,,,,4,8.2,ok
TIC 53279678,192.6832,-3.7071,8.48,0,,,,,1,2.3,ok
TIC 61107777,154.3602,12.2903,8.48,0,,,,,2,4.0,ok
TIC 139229977,123.3717,32.6131,8.48,0,,,,,4,7.4,ok
TIC 380671557,191.3731,3.998,8.48,0,,,,,4,7.2,ok
TIC 4560045,117.8443,31.6511,8.48,0,,,,,8,12.9,ok
TIC 257216118,136.9463,14.6682,8.48,0,,,,,5,8.3,ok
TIC 286729054,143.1356,20.5948,8.48,0,,,,,4,6.7,ok
TIC 91901300,142.3803,20.1361,8.48,0,,,,,4,6.5,ok
TIC 386774854,119.7628,18.3259,8.48,0,,,,,6,9.6,ok
TIC 371210625,111.5213,32.109,8.48,0,,,,,4,7.2,ok
TIC 38131518,170.2559,-3.9964,8.48,0,,,,,4,7.4,ok
TIC 91988288,144.6635,21.1521,8.48,0,,,,,5,9.2,ok
TIC 344859368,150.6823,2.5126,8.48,0,,,,,8,13.1,ok
TIC 49428993,174.112,-3.1702,8.48,0,,,,,2,4.3,ok
TIC 17773194,118.0789,16.6634,8.48,0,,,,,6,10.1,ok
TIC 126194583,110.3597,24.957,8.48,0,,,,,6,10.2,ok
TIC 156584396,190.7108,-10.4442,8.48,0,,,,,1,2.3,ok
TIC 453035387,144.8254,2.4769,8.49,0,,,,,4,7.4,ok
TIC 55288009,140.0194,15.4615,8.49,0,,,,,5,8.4,ok
TIC 178269181,128.1359,22.411,8.49,0,,,,,5,9.1,ok
TIC 281816260,164.2098,5.6313,8.49,0,,,,,3,6.0,ok
TIC 341500617,145.1602,13.6946,8.49,0,,,,,2,4.0,ok
TIC 14674533,126.7384,20.5274,8.49,0,,,,,6,10.0,ok
TIC 97471250,164.7022,18.5665,8.49,0,,,,,3,5.7,ok
TIC 319481076,195.2311,-7.3223,8.49,0,,,,,1,2.3,ok
TIC 406867596,143.7668,11.1548,8.49,0,,,,,4,6.6,ok
TIC 350347911,166.3077,9.5643,8.49,0,,,,,2,3.9,ok
TIC 47352608,162.6237,-2.6959,8.49,0,,,,,5,8.6,ok
TIC 144124011,175.9338,-8.0445,8.49,0,,,,,4,7.0,ok
TIC 60847587,111.8945,19.4409,8.49,0,,,,,6,9.9,ok
TIC 138663357,136.3414,26.742,8.49,0,,,,,7,11.5,ok
TIC 139227185,123.2364,30.4432,8.49,0,,,,,4,7.1,ok
TIC 262734863,149.3601,2.107,8.49,0,,,,,3,5.5,ok
TIC 302584473,133.5531,30.1233,8.49,0,,,,,3,5.7,ok
TIC 393495516,160.5206,7.5098,8.49,0,,,,,2,3.8,ok
TIC 38133324,170.4492,0.0168,8.49,0,,,,,2,3.9,ok
TIC 443965709,130.0191,11.0531,8.5,0,,,,,7,11.8,ok
TIC 94924945,186.4251,-3.1094,8.5,0,,,,,2,3.7,ok
TIC 443969553,130.9182,9.6874,8.5,0,,,,,8,13.7,ok
TIC 365060682,201.7543,1.2298,8.5,0,,,,,3,5.6,ok
TIC 55277054,139.7025,13.6527,8.5,0,,,,,4,6.7,ok
TIC 171518846,119.7976,26.9976,8.5,0,,,,,7,12.1,ok
TIC 393496107,160.6201,8.3331,8.5,0,,,,,3,5.9,ok
TIC 444037843,133.7595,11.5322,8.5,0,,,,,4,7.3,ok
TIC 437039060,132.8228,11.7563,8.5,0,,,,,3,5.6,ok
TIC 126198850,110.5658,29.5477,8.5,0,,,,,8,13.1,ok
TIC 144169473,177.1011,-6.3285,8.5,0,,,,,3,5.7,ok
TIC 270648846,136.7497,5.4888,8.5,0,,,,,8,13.4,ok
TIC 388082772,120.661,11.8647,8.5,0,,,,,6,10.4,ok
TIC 333788312,169.0156,-7.4862,8.5,0,,,,,6,10.8,ok
TIC 330708033,141.9245,25.6648,8.5,0,,,,,7,11.5,ok
TIC 95361769,154.3831,18.7931,8.5,0,,,,,5,8.7,ok
TIC 144274437,178.5543,-7.4911,8.51,0,,,,,3,5.8,ok
TIC 14828703,179.845,12.8954,8.51,0,,,,,4,7.0,ok
TIC 390690555,193.3012,6.5959,8.51,0,,,,,4,7.0,ok
TIC 55381995,141.2973,14.7249,8.51,0,,,,,3,5.1,ok
TIC 149492941,163.9119,12.5598,8.51,0,,,,,3,5.6,ok
TIC 350440013,167.6962,11.219,8.51,0,,,,,2,3.7,ok
TIC 390607326,190.4045,7.785,8.51,0,,,,,3,5.3,ok
TIC 421193363,178.5544,-4.3702,8.51,0,,,,,1,2.2,ok
TIC 144196884,177.6397,-7.4968,8.51,0,,,,,5,9.0,ok
TIC 98662363,185.7353,-11.6421,8.51,0,,,,,2,3.8,ok
TIC 55288685,140.1867,17.5519,8.51,0,,,,,3,5.7,ok
TIC 3799869,128.7738,26.5565,8.51,0,,,,,5,8.8,ok
TIC 62896437,116.7988,23.7113,8.51,0,,,,,5,8.2,ok
TIC 82225122,151.0612,25.2237,8.51,0,,,,,2,3.3,ok
TIC 397486342,182.0086,6.3375,8.51,0,,,,,3,5.8,ok
TIC 350073501,155.8604,6.9559,8.51,0,,,,,4,6.7,ok
TIC 443615199,169.0419,-1.747,8.51,0,,,,,3,5.5,ok
TIC 95777046,160.8066,17.9452,8.51,0,,,,,2,4.1,ok
TIC 46381039,133.6919,13.5614,8.51,0,,,,,4,7.1,ok
TIC 186812948,124.3413,13.5632,8.52,0,,,,,3,5.8,ok
TIC 185247985,174.9172,-6.608,8.52,0,,,,,3,5.8,ok
TIC 149472657,163.7276,16.3891,8.52,0,,,,,4,7.3,ok
TIC 386909365,159.0458,15.8706,8.52,0,,,,,3,6.8,ok
TIC 35063948,180.4919,-2.2385,8.52,0,,,,,2,3.9,ok
TIC 302264864,126.0723,28.7508,8.52,0,,,,,4,7.5,ok
TIC 389402278,185.9624,8.3439,8.52,0,,,,,4,6.9,ok
TIC 156645202,192.8329,-11.8452,8.52,0,,,,,1,2.4,ok
TIC 195190206,128.9937,22.4877,8.52,0,,,,,1,2.1,ok
TIC 95471903,155.9772,19.5851,8.52,0,,,,,3,5.5,ok
TIC 312189478,141.3946,10.1906,8.52,0,,,,,2,3.9,ok
TIC 312186905,141.1833,10.9408,8.52,0,,,,,2,3.2,ok
TIC 35028572,180.2597,-1.5929,8.52,0,,,,,1,2.3,ok
TIC 34987098,164.4408,-2.9274,8.52,0,,,,,6,10.8,ok
TIC 443586295,168.1017,-0.7909,8.52,0,,,,,2,4.3,ok
TIC 21247931,129.4393,15.9816,8.52,0,,,,,1,2.3,ok
TIC 95312926,153.2717,22.8689,8.52,0,,,,,6,10.4,ok
TIC 319428809,194.2409,-10.8831,8.52,0,,,,,2,3.7,ok
TIC 389357014,184.8557,6.9919,8.52,0,,,,,3,5.8,ok
TIC 290928277,168.2507,8.5934,8.52,0,,,,,3,5.4,ok
TIC 95618424,121.4938,26.2813,8.52,0,,,,,3,5.5,ok
TIC 203224956,135.0706,18.9311,8.52,0,,,,,3,5.0,ok
TIC 175737896,194.7088,-3.5331,8.52,0,,,,,1,2.2,ok
TIC 380598154,175.6792,8.3125,8.52,0,,,,,3,5.8,ok
TIC 3575626,126.796,28.9328,8.53,0,,,,,4,7.1,ok
TIC 381727125,197.3835,0.7435,8.53,0,,,,,4,7.2,ok
TIC 377131516,149.3618,8.6068,8.53,0,,,,,4,6.9,ok
TIC 62977466,117.2791,23.1193,8.53,0,,,,,6,10.0,ok
TIC 293327462,119.2855,23.0085,8.53,0,,,,,6,10.4,ok
TIC 345944735,193.4392,-17.1976,8.53,0,,,,,5,8.7,ok
TIC 386953414,157.6933,18.6504,8.53,0,,,,,6,9.9,ok
TIC 380640924,178.8629,9.1289,8.53,0,,,,,5,8.8,ok
TIC 95657884,121.6535,24.1465,8.53,0,,,,,3,5.5,ok
TIC 203279234,135.76,23.079,8.53,0,,,,,4,6.9,ok
TIC 195190867,129.2317,23.246,8.53,0,,,,,2,4.0,ok
TIC 258682426,147.419,16.3703,8.53,0,,,,,2,3.9,ok
TIC 175262134,130.0637,19.9942,8.53,0,,,,,4,7.3,ok
TIC 397484315,181.6628,7.4982,8.53,0,,,,,2,4.0,ok
TIC 181915477,191.0385,-11.9363,8.53,0,,,,,3,5.9,ok
TIC 53178352,166.1761,-2.9722,8.53,0,,,,,6,10.5,ok
TIC 66670666,184.9056,-5.8512,8.53,0,,,,,1,2.2,ok
TIC 184873310,130.7209,20.8192,8.53,0,,,,,4,7.4,ok
TIC 27107006,152.6329,18.9041,8.53,0,,,,,3,5.7,ok
TIC 62736953,115.8966,22.7133,8.53,0,,,,,3,6.0,ok
TIC 160325016,159.748,15.9833,8.53,0,,,,,4,6.9,ok
TIC 385349183,196.0859,-16.6553,8.53,0,,,,,5,8.9,ok
TIC 389195331,145.8471,11.7052,8.53,0,,,,,3,5.6,ok
TIC 366723262,183.2704,0.2403,8.53,0,,,,,2,3.9,ok
TIC 70677123,155.6708,16.9308,8.53,0,,,,,3,6.0,ok
TIC 88022184,147.138,19.3155,8.53,0,,,,,2,4.0,ok
TIC 365203795,204.6388,1.471,8.53,0,,,,,3,5.4,ok
TIC 16277271,115.4736,16.1192,8.53,0,,,,,5,8.1,ok
TIC 320193143,121.2285,20.0905,8.54,0,,,,,3,5.4,ok
TIC 60947224,112.3311,20.6462,8.54,0,,,,,6,9.9,ok
TIC 60943781,112.1406,19.6515,8.54,0,,,,,5,8.8,ok
TIC 380698919,192.386,3.1625,8.54,0,,,,,3,5.3,ok
TIC 181859143,190.0482,-12.6676,8.54,0,,,,,6,10.5,ok
TIC 389357426,184.857,9.8763,8.54,0,,,,,3,5.7,ok
TIC 203252824,135.6484,20.1255,8.54,0,,,,,3,5.6,ok
TIC 95778953,161.088,20.1161,8.54,0,,,,,5,8.5,ok
TIC 19002460,119.6688,16.7286,8.54,0,,,,,3,5.3,ok
TIC 334476329,122.9332,11.2394,8.54,0,,,,,5,8.1,ok
TIC 323474347,135.2295,9.0509,8.54,0,,,,,4,7.1,ok
TIC 4555425,117.5657,33.1995,8.54,0,,,,,5,8.8,ok
TIC 21182637,128.6911,16.7356,8.54,0,,,,,5,8.4,ok
TIC 406139776,142.7372,6.5467,8.54,0,,,,,3,4.8,ok
TIC 337632760,130.671,15.9528,8.54,0,,,,,5,8.3,ok
TIC 437047223,134.5498,16.3797,8.54,0,,,,,3,5.5,ok
TIC 407048693,144.0905,10.5672,8.54,0,,,,,2,4.3,ok
TIC 366354149,125.9657,9.8916,8.54,0,,,,,8,13.8,ok
TIC 95128920,114.8736,27.8395,8.54,0,,,,,5,9.5,ok
TIC 366683294,178.1179,3.3032,8.54,0,,,,,2,3.8,ok
TIC 350340307,166.0314,6.2963,8.54,0,,,,,2,3.9,ok
TIC 440848102,109.5978,13.0798,8.54,0,,,,,7,11.1,ok
TIC 376758035,179.2132,4.9881,8.54,0,,,,,2,3.9,ok
TIC 443906265,122.5114,9.4567,8.55,0,,,,,8,13.2,ok
TIC 172519123,142.7267,24.8716,8.55,0,,,,,7,11.1,ok
TIC 458646226,125.2856,9.0521,8.55,0,,,,,9,15.1,ok
TIC 62900999,116.8962,19.0449,8.55,0,,,,,4,6.4,ok
TIC 40557961,185.5201,-13.4904,8.55,0,,,,,3,5.5,ok
TIC 411238492,194.9856,3.0651,8.55,0,,,,,3,5.6,ok
TIC 393641326,199.7264,0.5055,8.55,0,,,,,3,5.2,ok
TIC 203279636,135.9604,23.2311,8.55,0,,,,,4,7.4,ok
TIC 46384178,133.8986,12.3635,8.55,0,,,,,5,8.8,ok
TIC 53208435,166.7869,-3.3256,8.55,0,,,,,6,11.1,ok
TIC 67443458,171.1661,16.3202,8.55,0,,,,,4,7.3,ok
TIC 175406554,204.8976,-1.2244,8.55,0,,,,,4,7.0,ok
TIC 411184727,152.9436,6.2077,8.55,0,,,,,4,6.9,ok
TIC 94822213,113.2782,25.3859,8.55,0,,,,,6,9.9,ok
TIC 247045319,112.0905,12.1797,8.55,0,,,,,3,5.7,ok
TIC 389330000,183.9519,9.3406,8.55,0,,,,,2,4.0,ok
TIC 126137581,110.2637,25.6688,8.55,0,,,,,3,6.2,ok
TIC 393485704,159.7286,7.3571,8.55,0,,,,,3,5.5,ok
TIC 396901751,168.9005,-6.1531,8.55,0,,,,,5,8.8,ok
TIC 358670067,149.4,13.6177,8.55,0,,,,,3,5.9,ok
TIC 20423289,127.3637,12.3844,8.55,0,,,,,4,8.1,ok
TIC 61108900,154.5204,16.6996,8.55,0,,,,,4,6.5,ok
TIC 389204556,145.8723,6.2076,8.55,0,,,,,3,5.7,ok
TIC 178920164,199.4048,-6.3966,8.55,0,,,,,2,3.8,ok
TIC 377060642,147.9389,7.3859,8.55,0,,,,,4,6.5,ok
TIC 175740589,195.0659,-2.7047,8.55,0,,,,,1,3.0,ok
TIC 1732212,156.2039,-2.0043,8.56,0,,,,,2,4.1,ok
TIC 56815340,183.4725,-0.3934,8.56,0,,,,,2,3.6,ok
TIC 126318788,134.7588,27.6351,8.56,0,,,,,6,10.0,ok
TIC 70338051,114.2603,22.5831,8.56,0,,,,,1,2.3,ok
TIC 411089203,150.2718,10.7676,8.56,0,,,,,4,6.4,ok
TIC 366775709,188.9119,3.4151,8.56,0,,,,,1,2.4,ok
TIC 51760565,190.8937,-5.2727,8.56,0,,,,,2,3.6,ok
TIC 388802260,172.2331,8.3296,8.56,0,,,,,3,5.6,ok
TIC 60288640,132.23,13.6245,8.56,0,,,,,5,9.0,ok
TIC 396846792,130.7413,10.3573,8.56,0,,,,,8,13.0,ok
TIC 175737593,194.7179,-1.946,8.56,0,,,,,2,3.8,ok
TIC 270982836,116.1118,10.8556,8.56,0,,,,,8,13.3,ok
TIC 390631258,191.0716,8.2165,8.56,0,,,,,4,6.7,ok
TIC 117160089,129.3028,28.3859,8.56,0,,,,,8,13.4,ok
TIC 78290210,177.5847,-1.2522,8.56,0,,,,,2,4.1,ok
TIC 47384311,162.9519,-3.5368,8.57,0,,,,,5,9.1,ok
TIC 95169589,115.1722,28.8312,8.57,0,,,,,4,7.5,ok
TIC 95837065,161.8296,20.7867,8.57,0,,,,,4,6.8,ok
TIC 386881849,122.5056,19.0472,8.57,0,,,,,5,8.4,ok
TIC 366406603,126.2862,9.7371,8.57,0,,,,,5,8.8,ok
TIC 330636319,136.1133,15.9093,8.57,0,,,,,4,6.5,ok
TIC 392091144,120.3627,29.5972,8.57,0,,,,,8,13.2,ok
TIC 290975757,169.1971,11.843,8.57,0,,,,,4,7.6,ok
TIC 301627780,175.7422,2.0549,8.57,0,,,,,2,3.9,ok
TIC 388905644,174.4506,6.6831,8.57,0,,,,,1,2.5,ok
TIC 388898699,174.178,11.6697,8.57,0,,,,,5,8.8,ok
TIC 152868789,182.4141,-8.5598,8.57,0,,,,,2,3.8,ok
TIC 374210257,158.4842,2.9669,8.57,0,,,,,3,5.6,ok
TIC 86106388,140.2007,21.6713,8.57,0,,,,,5,8.4,ok
TIC 468939260,118.7179,9.4787,8.57,0,,,,,9,15.7,ok
TIC 97485878,165.3243,19.4201,8.57,0,,,,,3,6.2,ok
TIC 14341492,163.4157,-1.354,8.57,0,,,,,5,9.1,ok
TIC 26985721,150.4186,19.226,8.57,0,,,,,6,10.2,ok
TIC 380696392,192.0444,5.1373,8.57,0,,,,,3,5.4,ok
TIC 397434167,180.3862,10.3503,8.57,0,,,,,3,5.8,ok
TIC 350336963,165.5634,8.8696,8.58,0,,,,,3,5.8,ok
TIC 411186416,153.1509,7.6774,8.58,0,,,,,4,6.5,ok
TIC 388898328,174.2006,8.9969,8.58,0,,,,,2,4.4,ok
TIC 82605966,176.6407,14.9631,8.58,0,,,,,4,7.6,ok
TIC 443864870,121.7429,8.8081,8.58,0,,,,,8,14.2,ok
TIC 437042409,134.1865,15.1048,8.58,0,,,,,3,6.1,ok
TIC 61323255,160.6352,16.4306,8.58,0,,,,,4,7.0,ok
TIC 301500949,166.3914,4.8815,8.58,0,,,,,2,3.9,ok
TIC 377262228,187.0715,3.2708,8.58,0,,,,,2,3.8,ok
TIC 59612085,146.5114,13.45,8.58,0,,,,,2,4.0,ok
TIC 323659587,137.1639,7.6196,8.58,0,,,,,4,7.2,ok
TIC 389357370,184.8482,9.4647,8.58,0,,,,,2,4.1,ok
TIC 14611330,111.4826,14.0863,8.58,0,,,,,7,12.0,ok
TIC 443618125,169.2717,-2.0115,8.58,0,,,,,3,5.7,ok
TIC 16160873,115.1776,13.0838,8.58,0,,,,,3,5.4,ok
TIC 388834760,173.1131,9.3806,8.58,0,,,,,2,4.0,ok
TIC 386836993,122.0504,23.6882,8.58,0,,,,,3,5.6,ok
TIC 444037016,133.5645,9.8076,8.59,0,,,,,6,9.8,ok
TIC 38116129,170.0226,-5.2333,8.59,0,,,,,3,5.6,ok
TIC 77109256,167.1333,15.7653,8.59,0,,,,,4,7.7,ok
TIC 32425957,189.6394,-11.5381,8.59,0,,,,,1,2.6,ok
TIC 3699611,127.814,24.4102,8.59,0,,,,,3,5.7,ok
TIC 17747626,117.9587,13.505,8.59,0,,,,,5,9.0,ok
TIC 63080937,117.8285,20.8368,8.59,0,,,,,4,7.0,ok
TIC 389400554,185.6258,8.0508,8.59,0,,,,,3,5.3,ok
TIC 379924049,116.3928,11.7437,8.59,0,,,,,5,9.3,ok
TIC 115019225,201.9506,-3.173,8.59,0,,,,,2,3.8,ok
TIC 286751033,143.3593,19.1051,8.59,0,,,,,3,4.9,ok
TIC 415007431,164.4252,17.9429,8.59,0,,21.7,rejete,variabilite_continue;eclipse_secondaire,2,6.7,ok
TIC 411253103,195.7175,5.955,8.59,0,,,,,3,6.0,ok
TIC 176878268,182.9953,-11.8336,8.59,0,,,,,6,10.7,ok
TIC 233167694,159.3991,15.0743,8.59,0,,,,,4,6.8,ok
TIC 397026345,178.8671,5.82,8.59,0,,,,,2,4.2,ok
TIC 61083537,153.9556,13.4681,8.59,0,,,,,3,5.3,ok
TIC 323601021,136.6499,8.2239,8.59,0,,,,,8,13.0,ok
TIC 4557781,117.8044,32.98,8.59,0,,,,,4,7.1,ok
TIC 288604481,192.0646,-10.9766,8.59,0,,,,,2,3.9,ok
TIC 393647691,200.0121,4.2717,8.59,0,,,,,4,6.9,ok
TIC 95858607,162.5421,20.5719,8.59,0,,,,,3,5.7,ok
TIC 87954268,146.0026,17.9729,8.59,0,,,,,2,3.9,ok
TIC 46259631,132.6526,17.6889,8.59,0,,,,,2,4.0,ok
TIC 380641507,178.9541,11.2538,8.6,0,,,,,5,9.5,ok
TIC 183640653,179.3156,-6.976,8.6,0,,,,,3,5.7,ok
TIC 377230617,185.9105,1.5229,8.6,0,,,,,1,2.5,ok
TIC 290555569,139.986,5.1312,8.6,0,,,,,5,8.6,ok
TIC 376856149,181.4611,1.3057,8.6,0,,,,,1,2.4,ok
TIC 393563250,162.1006,11.1072,8.6,0,,,,,3,5.9,ok
TIC 175239414,129.993,20.1582,8.6,0,,,,,4,7.3,ok
TIC 124622519,196.1432,-2.0565,8.6,0,,,,,2,3.8,ok
TIC 53286796,192.8259,-2.9001,8.6,0,,,,,1,2.3,ok
TIC 330692386,136.9149,12.7263,8.6,0,,,,,5,8.3,ok
TIC 1735983,197.165,-16.1688,8.6,0,,,,,3,5.4,ok
TIC 277875776,156.9339,4.4721,8.6,0,,,,,3,5.4,ok
TIC 61322111,160.4859,13.7574,8.6,0,,,,,3,5.7,ok
TIC 349949021,153.8428,10.4682,8.6,0,,,,,3,5.1,ok
TIC 262686764,148.6109,1.927,8.6,0,,,,,8,13.3,ok
TIC 414964448,140.7755,22.3046,8.6,0,,,,,5,8.9,ok
TIC 293462404,132.158,12.6645,8.6,0,,,,,5,8.0,ok
TIC 126191604,110.4322,29.652,8.6,0,,,,,7,12.3,ok
TIC 171397608,119.0006,27.2352,8.6,0,,,,,5,9.1,ok
TIC 38133638,170.4294,-1.5218,8.61,0,,,,,3,5.7,ok
TIC 94924019,186.3246,-1.0699,8.61,0,,,,,2,3.8,ok
TIC 455281688,147.2086,2.5807,8.61,0,,,,,8,13.7,ok
TIC 290023243,192.3602,-17.1906,8.61,0,,,,,5,8.8,ok
TIC 388779750,171.827,8.1995,8.61,0,,,,,2,4.3,ok
TIC 239196353,146.5409,26.0538,8.61,0,,,,,4,6.6,ok
TIC 440801931,109.3716,13.492,8.61,0,,,,,4,7.5,ok
TIC 183670435,196.0498,-6.6624,8.61,0,,,,,1,2.2,ok
TIC 192981927,142.6212,14.9168,8.61,0,,,,,2,3.9,ok
TIC 17676722,117.7975,13.7417,8.61,0,,,,,5,9.0,ok
TIC 70550166,115.1028,22.3195,8.61,0,,,,,1,2.2,ok
TIC 233635280,146.0478,25.3527,8.61,0,,,,,4,7.4,ok
TIC 349527991,191.3825,-1.3259,8.61,0,,,,,2,3.8,ok
TIC 422275711,194.6539,7.0955,8.61,0,,,,,4,6.9,ok
TIC 349824800,143.8854,27.1161,8.61,0,,,,,4,7.2,ok
TIC 95079507,114.668,26.8984,8.61,0,,,,,6,9.6,ok
TIC 366696833,178.0417,5.6272,8.61,0,,,,,2,4.0,ok
TIC 59627557,146.7071,13.1009,8.61,0,,,,,2,4.1,ok
TIC 285927327,170.7548,-6.3303,8.61,0,,,,,3,5.7,ok
TIC 323596501,136.2043,11.555,8.61,0,,,,,3,5.5,ok
TIC 67474339,171.9964,15.866,8.61,0,,,,,5,8.7,ok
TIC 59610893,146.4574,16.4875,8.61,0,,,,,3,5.5,ok
TIC 383190331,142.6666,2.8311,8.61,0,,,,,2,3.9,ok
TIC 307648737,153.0118,14.877,8.62,0,,,,,3,6.3,ok
TIC 291008747,169.8966,9.9325,8.62,0,,,,,2,4.1,ok
TIC 389235352,146.1839,7.1518,8.62,0,,,,,5,8.0,ok
TIC 126276225,133.8439,28.1141,8.62,0,,,,,6,10.1,ok
TIC 144105557,175.4312,-7.2214,8.62,0,,,,,6,11.2,ok
TIC 82287167,123.2839,17.9614,8.62,0,,,,,3,5.6,ok
TIC 95121594,114.6129,28.3171,8.62,0,,,,,5,8.9,ok
TIC 366786341,198.1454,4.3113,8.62,0,,,,,4,6.8,ok
TIC 399105537,189.2033,7.9332,8.62,0,,,,,3,5.2,ok
TIC 437036751,132.7006,6.8527,8.62,0,,,,,3,5.0,ok
TIC 3960259,152.1577,24.4494,8.62,0,,,,,5,8.2,ok
TIC 134875553,196.3726,-11.8796,8.62,0,,,,,2,3.7,ok
TIC 61049008,153.5798,15.0713,8.62,0,,,,,2,4.2,ok
TIC 386689034,188.8071,-14.6526,8.62,0,,,,,6,10.9,ok
TIC 388769827,171.5901,9.3703,8.62,0,,,,,2,4.2,ok
TIC 96243486,181.3657,-0.9719,8.62,0,,,,,1,2.3,ok
TIC 88024328,147.4754,21.9505,8.62,0,,,,,5,9.3,ok
TIC 377156950,149.47,11.7677,8.62,0,,,,,3,6.2,ok
TIC 66665023,184.6397,-4.0682,8.62,0,,,,,2,6.6,ok
TIC 422246023,193.6908,7.2599,8.62,0,,,,,3,5.5,ok
TIC 60991669,112.6358,19.2946,8.62,0,,,,,6,9.9,ok
TIC 26924482,112.5927,29.3794,8.62,0,,,,,5,9.3,ok
TIC 363478353,170.0617,1.6469,8.62,0,,,,,3,5.6,ok
TIC 126314637,134.371,26.1158,8.62,0,,,,,6,10.2,ok
TIC 70435054,114.5914,18.2909,8.62,0,,,,,3,7.1,ok
TIC 385353606,196.4278,-12.3702,8.62,0,,,,,1,5.4,ok
TIC 274141894,116.7504,10.1156,8.62,0,,,,,8,10.0,ok
TIC 26773454,111.1935,27.8836,8.63,0,,,,,3,8.3,ok
TIC 376786691,180.166,2.4145,8.63,0,,,,,2,6.5,ok
TIC 366697406,178.147,3.152,8.63,0,,,,,1,6.4,ok
TIC 1027928,154.0425,24.3385,8.63,0,,,,,4,5.8,ok
TIC 117160476,129.252,29.782,8.63,0,,,,,5,8.8,ok
TIC 95694834,122.1594,28.4945,8.63,0,,,,,7,10.8,ok
TIC 95239288,115.7031,25.9755,8.63,0,,,,,3,5.9,ok
TIC 130589291,187.1344,-5.6033,8.63,0,,,,,1,4.0,ok
TIC 70123698,113.0032,18.0865,8.63,0,,,,,6,10.5,ok
TIC 386836640,121.5842,23.3592,8.63,0,,,,,3,6.3,ok
TIC 115017837,201.805,-2.3154,8.63,0,,,,,4,5.6,ok
TIC 95164895,115.0172,26.2612,8.63,0,,,,,5,6.6,ok
TIC 350033431,155.0693,9.821,8.63,0,,,,,3,4.8,ok
TIC 377156587,149.5025,9.6944,8.63,0,,,,,3,7.4,ok
TIC 281930439,177.4849,3.8561,8.63,0,,,,,2,4.7,ok
TIC 95926498,163.228,18.2907,8.63,0,,,,,4,6.9,ok
TIC 6860042,125.3413,13.6431,8.63,0,,,,,3,4.8,ok
TIC 414988379,141.4089,22.6323,8.63,0,,,,,6,7.5,ok
TIC 367518278,120.9678,27.7931,8.63,0,,,,,4,6.0,ok
TIC 88024068,147.4569,23.1281,8.63,0,,,,,2,6.8,ok
TIC 240174511,169.1576,16.7534,8.63,0,,,,,5,6.2,ok
TIC 462511589,112.6803,26.9517,8.63,0,,,,,6,5.9,ok
TIC 26982875,150.2671,21.5788,8.63,0,,,,,6,8.7,ok
TIC 358703623,149.9831,16.1688,8.63,0,,,,,4,5.3,ok
TIC 60183785,121.3097,14.7548,8.63,0,,,,,5,5.2,ok
TIC 67458178,171.5579,13.0509,8.63,0,,,,,4,7.1,ok
TIC 130713772,203.0469,-3.129,8.63,0,,,,,2,4.7,ok
TIC 363515857,170.6498,4.2396,8.64,0,,,,,2,3.2,ok
TIC 38064734,169.3035,-1.9819,8.64,0,,,,,3,4.8,ok
TIC 397432190,180.2031,12.0272,8.64,0,,,,,3,6.2,ok
TIC 126322004,134.9358,24.6226,8.64,0,,,,,6,6.9,ok
TIC 239205113,149.1801,19.5919,8.64,0,,,,,4,4.0,ok
TIC 396972026,173.2264,4.8713,8.64,0,,,,,3,5.0,ok
TIC 240175460,169.1833,14.1055,8.64,0,,,,,4,7.0,ok
TIC 97487520,165.7009,18.3481,8.64,0,,,,,4,6.7,ok
TIC 1711128,155.7606,-0.3556,8.64,0,,,,,6,8.0,ok
TIC 399105936,189.3265,6.8632,8.64,0,,,,,2,5.9,ok
TIC 55361621,140.7157,17.2907,8.64,0,,,,,5,5.1,ok
TIC 293251665,118.608,19.8463,8.64,0,,,,,5,7.2,ok
TIC 135041464,198.6786,-9.556,8.64,0,,,,,2,4.7,ok
TIC 126350675,135.6741,29.3751,8.64,0,,,,,5,6.9,ok
TIC 95620229,121.416,24.486,8.64,0,,,,,3,5.3,ok
TIC 124521330,158.1827,-0.8668,8.64,0,,,,,5,7.7,ok
TIC 171580104,156.5491,20.2759,8.64,0,,,,,3,6.9,ok
TIC 3755225,128.4494,24.779,8.64,0,,,,,6,10.4,ok
TIC 203281195,136.0922,18.279,8.64,0,,,,,5,11.3,ok
TIC 376814040,181.0235,3.3372,8.64,0,,,,,1,8.6,ok
TIC 157838641,203.8534,-0.388,8.65,0,,,,,4,10.2,ok
TIC 91918204,143.863,18.3857,8.65,0,,,,,2,6.7,ok
TIC 388769411,171.5548,6.7842,8.65,0,,,,,3,4.5,ok
TIC 437058314,135.2644,12.5442,8.65,0,,,,,5,7.3,ok
TIC 96195878,179.1712,-2.7792,8.65,0,,,,,1,4.1,ok
TIC 374355593,161.047,3.4229,8.65,0,,,,,3,4.9,ok
TIC 144274572,178.599,-6.7811,8.65,0,,,,,3,7.2,ok
TIC 55382018,141.289,14.8096,8.65,0,,,,,2,6.5,ok
TIC 7980206,156.8023,-1.5311,8.65,0,,,,,6,8.1,ok
TIC 14803231,113.9746,15.578,8.65,0,,,,,5,6.4,ok
TIC 301467897,166.0219,3.7895,8.65,0,,,,,3,8.1,ok
TIC 302264415,126.022,29.7208,8.65,0,,,,,4,9.2,ok
TIC 38065672,169.456,-2.5563,8.65,0,,,,,3,14.0,ok
TIC 286812599,164.5426,15.4771,8.65,0,,,,,5,10.5,ok
TIC 335790805,158.7353,13.6146,8.66,0,,,,,4,7.0,ok
TIC 82525789,175.3045,13.7851,8.66,0,,,,,5,9.6,ok
TIC 363445435,169.4436,2.2578,8.66,0,,,,,3,6.5,ok
TIC 275295023,149.7422,0.479,8.66,0,,,,,6,11.4,ok
TIC 175401406,204.6016,-1.0002,8.66,0,,,,,3,8.8,ok
TIC 367564774,121.094,29.1524,8.66,0,,,,,7,9.4,ok
TIC 53303458,193.0852,-3.6974,8.66,0,,,,,1,7.2,ok
TIC 374209678,158.4976,0.08,8.66,0,,,,,6,12.8,ok
TIC 51758734,190.8404,-2.7154,8.66,0,,,,,1,6.6,ok
TIC 257739641,195.2905,-2.5415,8.66,0,,,,,2,6.7,ok
TIC 411151138,151.6364,8.5616,8.66,0,,,,,1,6.5,ok
TIC 302263606,125.9212,27.2167,8.66,0,,,,,4,9.5,ok
TIC 171598173,156.7842,18.0617,8.66,0,,,,,3,7.8,ok
TIC 345075919,164.4345,0.2899,8.66,0,,,,,3,6.3,ok
TIC 178924936,199.4121,-10.4236,8.66,0,,,,,2,6.6,ok
TIC 380196425,187.6958,-9.4049,8.66,0,,,,,2,6.9,ok
TIC 26925959,149.4398,18.3524,8.66,0,,,,,3,9.1,ok
TIC 357240182,169.8412,13.7749,8.66,0,,,,,4,12.2,ok
TIC 290948642,168.8629,9.3026,8.66,0,,,,,3,12.0,ok
TIC 172824770,125.7563,30.5398,8.66,0,,,,,4,13.1,ok
TIC 462512239,112.7183,28.1318,8.66,0,,,,,5,14.1,ok
TIC 173145389,172.835,-5.2594,8.66,0,,,,,3,8.6,ok
TIC 285005105,138.4061,25.4336,8.66,0,,,,,4,10.3,ok
TIC 152869669,182.5637,-7.0531,8.67,0,,,,,2,8.8,ok
TIC 32447980,189.761,-8.2919,8.67,0,,,,,2,7.6,ok
TIC 350340622,166.0535,8.1685,8.67,0,,,,,1,7.2,ok
TIC 87976570,146.8289,20.8507,8.67,0,,,,,6,14.8,ok
TIC 380642488,179.1345,7.2972,8.67,1,1.1178,49.0,rejete,eclipse_secondaire;compagnon_trop_gros_2.6Rjup,3,9.2,ok
TIC 27550965,123.1069,15.9433,8.67,0,,,,,6,8.2,ok
TIC 144105665,175.4364,-6.6847,8.67,0,,,,,3,8.2,ok
TIC 292115251,198.5013,-0.0817,8.67,0,,,,,4,5.5,ok
TIC 411091340,150.4456,10.2157,8.67,0,,,,,2,6.3,ok
TIC 393639320,199.6067,1.0461,8.67,0,,,,,4,10.1,ok
TIC 283745924,134.2693,11.645,8.67,0,,,,,3,6.0,ok
TIC 286712787,142.786,20.0192,8.67,0,,,,,3,6.7,ok
TIC 66692839,199.064,-3.867,8.67,0,,,,,1,6.1,ok
TIC 1713395,155.8943,-1.1493,8.67,0,,,,,6,9.8,ok
TIC 350041695,155.3986,11.7767,8.67,0,,,,,3,8.6,ok
TIC 134982399,198.3167,-7.9333,8.67,0,,,,,1,5.3,ok
TIC 135071553,198.8982,-11.0029,8.67,0,,,,,1,4.0,ok
TIC 293459117,131.8887,14.1608,8.67,0,,,,,3,4.5,ok
TIC 374200065,158.0453,5.2038,8.67,0,,,,,3,7.6,ok
TIC 388925004,187.8131,1.1248,8.67,0,,,,,1,5.1,ok
TIC 95436062,155.458,21.3469,8.67,0,,,,,3,4.8,ok
TIC 350042168,155.3538,8.7909,8.68,0,,,,,2,7.8,ok
TIC 175195060,129.6954,19.5008,8.68,0,,,,,3,6.9,ok
TIC 6890541,125.3017,17.8449,8.68,0,,,,,5,6.7,ok
TIC 380584899,175.4804,9.8285,8.68,0,,,,,4,5.9,ok
TIC 349888880,157.4696,22.0672,8.68,0,,,,,4,6.5,ok
TIC 286829282,165.1748,15.4529,8.68,0,,,,,4,7.5,ok
TIC 285972223,172.639,-8.8351,8.68,0,,,,,6,11.0,ok
TIC 152719858,179.9269,-6.2349,8.68,0,,,,,1,3.4,ok
TIC 437030651,132.4867,11.6925,8.68,0,,,,,3,5.5,ok
TIC 397479479,181.0768,7.399,8.68,0,,,,,2,5.2,ok
TIC 291007504,169.7305,10.2051,8.68,0,,,,,2,5.9,ok
TIC 117279680,131.1129,26.0281,8.68,0,,,,,6,7.6,ok
TIC 95623162,121.5542,26.2317,8.68,0,,,,,3,5.8,ok
TIC 63308672,158.2695,15.6985,8.68,0,,,,,6,9.8,ok
TIC 374267586,158.9964,5.6633,8.68,0,,,,,3,8.3,ok
TIC 308015862,149.8425,25.4946,8.68,0,,,,,4,6.8,ok
TIC 389355807,184.5549,9.8683,8.69,0,,12.2,rejete,variabilite_continue;eclipse_secondaire,2,5.4,ok
TIC 47378646,162.6916,-4.7385,8.69,0,,,,,3,7.4,ok
TIC 117294757,131.2723,28.6163,8.69,0,,,,,4,8.2,ok
TIC 181913586,190.8311,-16.5135,8.69,0,,,,,6,7.7,ok
TIC 155233426,124.7003,27.8059,8.69,0,,,,,4,7.1,ok
TIC 283767872,134.468,8.0797,8.69,0,,,,,4,8.6,ok
TIC 277734546,153.6905,5.1471,8.69,0,,,,,4,7.4,ok
TIC 405464422,141.7593,7.6463,8.69,0,,,,,3,5.3,ok
TIC 399074645,188.1905,9.0936,8.69,0,,,,,2,5.2,ok
TIC 165428428,173.2052,12.1736,8.69,0,,,,,4,9.3,ok
TIC 440780049,108.8591,16.3953,8.69,0,,,,,3,5.4,ok
TIC 396734013,130.4427,11.9746,8.69,0,,,,,5,7.7,ok
TIC 171598174,156.7824,18.0621,8.7,0,,,,,3,5.7,ok
TIC 429146102,123.5189,11.0036,8.7,0,,,,,5,8.7,ok
TIC 334515275,123.3774,11.7006,8.7,0,,,,,8,12.2,ok
TIC 92022892,145.5541,20.3381,8.7,0,,,,,6,12.2,ok
TIC 322733324,171.8073,-6.6249,8.7,0,,,,,7,11.7,ok
TIC 26984489,150.3348,21.9898,8.7,0,,,,,4,8.6,ok
TIC 411123436,151.1848,11.0359,8.7,0,,,,,3,7.8,ok
TIC 312069532,140.1796,6.4524,8.7,0,,,,,7,14.8,ok
TIC 77171562,168.455,13.2316,8.7,0,,,,,3,6.8,ok
TIC 67474368,171.9246,16.0101,8.7,0,,,,,3,11.3,ok
TIC 277894804,157.4903,3.0671,8.7,0,,,,,3,8.5,ok
TIC 175265773,130.2943,19.8295,8.7,0,,,,,4,8.4,ok
TIC 2519257,194.503,-17.6811,8.7,0,,,,,5,7.4,ok
TIC 32450063,190.0454,-11.8295,8.7,0,,,,,3,5.6,ok
TIC 400730914,127.0813,31.6211,8.7,0,,,,,4,7.5,ok
TIC 418185047,147.1068,9.3567,8.7,0,,,,,4,5.4,ok
TIC 124611259,195.7381,-1.5071,8.7,0,,,,,1,7.4,ok
TIC 380546716,173.9388,1.1901,8.7,0,,,,,3,5.1,ok
TIC 425279401,167.8811,2.0613,8.7,0,,,,,2,7.5,ok
TIC 38088661,169.8406,-5.9391,8.7,0,,,,,4,8.6,ok
TIC 94926525,186.5753,-1.7383,8.7,0,,,,,2,6.8,ok
TIC 95926000,163.1606,20.1756,8.71,0,,,,,?,4.8,erreur
TIC 366659625,177.612,1.0068,8.71,0,,,,,1,8.0,ok
TIC 144168571,177.1207,-10.3028,8.71,0,,,,,1,5.3,ok
TIC 365009262,164.4815,9.6712,8.71,0,,,,,3,6.7,ok
TIC 392850811,159.1861,10.0141,8.71,0,,,,,3,6.7,ok
TIC 60724619,111.4031,20.0482,8.71,0,,,,,6,9.7,ok
TIC 6011181,194.0529,-18.2447,8.71,0,,,,,3,6.7,ok
TIC 126325291,135.4809,26.6894,8.71,0,,,,,5,9.4,ok
TIC 184898660,131.1975,19.4266,8.71,0,,,,,4,7.7,ok
TIC 63883753,163.2404,15.8171,8.71,0,,,,,4,7.8,ok
TIC 60228799,121.5381,13.1475,8.71,0,,,,,3,7.6,ok
TIC 275250511,148.0784,5.6156,8.71,0,,,,,6,7.5,ok
TIC 350448584,176.8143,9.568,8.71,0,,,,,4,7.1,ok
TIC 365009416,164.4407,10.6544,8.71,0,,,,,3,9.3,ok
TIC 67397496,170.8714,12.8358,8.71,0,,,,,4,8.8,ok
TIC 56810606,183.0078,-1.0983,8.71,0,,,,,1,8.5,ok
TIC 293460056,131.8387,17.2802,8.71,0,,,,,3,9.4,ok
TIC 247119405,112.8835,17.3565,8.71,0,,,,,3,7.6,ok
TIC 381712994,196.8929,2.1515,8.71,0,,,,,3,5.2,ok
TIC 35243587,138.2225,17.2493,8.71,0,,,,,3,10.7,ok
TIC 286728437,143.0677,23.2557,8.71,0,,,,,4,10.6,ok
TIC 149897871,110.4686,19.1897,8.71,0,,,,,3,7.6,ok
TIC 91987394,144.4925,22.5223,8.71,0,,,,,4,8.1,ok
TIC 337283924,164.0414,18.8279,8.71,0,,,,,4,7.6,ok
TIC 91894584,141.7956,18.3141,8.71,0,,,,,3,10.7,ok
TIC 374367058,164.9481,1.0785,8.71,0,,,,,3,7.3,ok
TIC 377167338,149.9192,11.6077,8.71,0,,,,,2,7.1,ok
TIC 377167168,149.751,11.434,8.71,0,,,,,2,8.0,ok
TIC 443950508,123.6513,9.5913,8.72,0,,,,,10,13.6,ok
TIC 117123201,129.0247,27.4493,8.72,0,,,,,7,12.2,ok
TIC 21552732,150.6808,14.8124,8.72,0,,,,,2,7.7,ok
TIC 371591005,173.7871,13.1534,8.72,0,,,,,3,8.7,ok
TIC 144158127,176.6645,-8.7062,8.72,0,,,,,5,9.3,ok
TIC 393529287,160.8302,10.1109,8.72,0,,,,,3,9.3,ok
TIC 311987495,138.9582,8.2269,8.72,0,,,,,6,11.3,ok
TIC 320194569,121.2488,25.0741,8.72,0,,,,,3,8.3,ok
TIC 95661771,121.9917,27.6089,8.72,0,,,,,6,12.0,ok
TIC 101547006,129.5996,30.8293,8.72,0,,,,,6,12.4,ok
TIC 134968266,197.8223,-11.1059,8.72,0,,,,,1,8.1,ok
TIC 344844269,150.5179,3.8819,8.72,0,,,,,4,9.4,ok
TIC 66630250,184.5133,-5.1396,8.72,0,,,,,2,7.3,ok
TIC 4298296,115.7306,32.0099,8.72,0,,,,,5,9.9,ok
TIC 91899310,142.1783,23.8058,8.72,0,,,,,6,12.7,ok
TIC 14326336,163.1487,-2.1158,8.72,0,,,,,3,10.4,ok
TIC 77069991,166.6115,16.8731,8.72,0,,,,,3,8.6,ok
TIC 247086935,112.5677,13.1329,8.72,0,,,,,5,11.7,ok
TIC 26022019,195.3675,-16.8622,8.73,0,,,,,5,11.3,ok
TIC 169249207,160.8989,-1.7995,8.73,0,,,,,6,13.0,ok
TIC 88049977,147.7945,20.8882,8.73,0,,,,,5,10.1,ok
TIC 178958100,200.5986,-11.5337,8.73,0,,,,,1,8.6,ok
TIC 363548040,171.4292,1.1002,8.73,0,,,,,3,7.3,ok
TIC 312153883,140.8414,8.3563,8.73,0,,,,,2,9.0,ok
TIC 238610279,160.8567,13.3943,8.73,0,,,,,2,8.8,ok
TIC 82507583,123.0737,20.9508,8.73,0,,,,,2,9.4,ok
TIC 46385881,134.0602,16.8087,8.73,0,,,,,4,11.4,ok
TIC 130636723,187.9234,-3.7131,8.73,0,,,,,2,10.8,ok
TIC 377249308,186.4485,3.8475,8.73,0,,,,,3,11.0,ok
TIC 271207085,119.5409,11.6461,8.73,0,,,,,7,14.0,ok
TIC 443963743,129.9586,7.903,8.73,0,,,,,9,12.9,ok
TIC 290513013,139.3712,5.4564,8.74,0,,,,,2,10.6,ok
TIC 67474119,171.9943,14.8318,8.74,0,,,,,5,10.4,ok
TIC 247124452,113.0963,12.6667,8.74,0,,,,,3,12.7,ok
TIC 307954002,148.9235,25.2159,8.74,0,,,,,5,13.4,ok
TIC 405948244,142.5034,10.7658,8.74,0,,,,,4,10.4,ok
TIC 392845929,158.4863,7.5102,8.74,0,,,,,3,9.9,ok
TIC 195193262,129.2582,19.6047,8.74,0,,,,,3,13.0,ok
TIC 19065942,119.9626,14.1704,8.74,0,,,,,6,14.3,ok
TIC 376876807,181.9157,1.6012,8.74,0,,,,,1,8.8,ok
TIC 125528903,144.6385,26.5442,8.74,0,,,,,3,12.8,ok
TIC 171392291,118.9203,27.0116,8.74,0,,,,,4,12.2,ok
TIC 361951010,126.5162,30.8615,8.74,0,,,,,6,16.0,ok
TIC 319326436,193.4254,-8.7407,8.74,0,,,,,1,11.0,ok
TIC 318120169,161.9655,-1.2257,8.74,0,,,,,5,13.1,ok
TIC 374349398,160.7313,2.5992,8.74,0,,,,,3,14.5,ok
TIC 399092411,189.0205,9.2294,8.74,0,,,,,3,9.8,ok
TIC 239205761,149.3408,19.6039,8.74,0,,,,,4,11.3,ok
TIC 393672270,200.3477,1.5858,8.74,0,,,,,4,15.2,ok
TIC 149397282,139.6176,27.4931,8.74,0,,,,,5,15.2,ok
TIC 380641758,178.986,9.8472,8.74,0,,,,,5,13.8,ok
TIC 392848973,158.8558,10.9327,8.75,0,,,,,3,7.1,ok
TIC 323597889,136.3381,7.4326,8.75,0,,,,,8,8.3,ok
TIC 195216530,142.0291,12.8691,8.75,0,,,,,4,5.2,ok
TIC 195214876,141.9814,17.6535,8.75,0,,,,,4,4.4,ok
TIC 364981377,163.9124,6.9622,8.75,0,,,,,2,8.4,ok
TIC 149952437,184.2818,1.7126,8.75,0,,,,,1,4.6,ok
TIC 386777016,120.1718,21.5664,8.75,0,,,,,1,3.0,ok
TIC 388880008,173.8357,7.886,8.75,0,,,,,3,3.8,ok
TIC 130590642,187.2563,-0.9016,8.75,0,,,,,2,2.9,ok
TIC 335635854,199.5347,-12.1029,8.75,0,,,,,1,1.9,ok
TIC 385309578,181.2893,-12.0815,8.75,0,,,,,4,5.9,ok
TIC 1009252,165.9143,-4.7903,8.75,0,,,,,8,8.9,ok
TIC 453453815,169.8428,-7.5736,8.75,0,,,,,4,5.5,ok
TIC 183653496,195.686,-6.8953,8.75,0,,,,,1,2.1,ok
TIC 350429483,166.9554,8.3787,8.75,0,,,,,3,5.0,ok
TIC 350020859,154.6711,10.1288,8.75,1,11.8152,16.6,rejete,variabilite_continue,2,7.6,ok
TIC 429302623,188.2994,-7.2686,8.75,0,,,,,2,4.7,ok
TIC 70722297,156.5516,17.9332,8.75,0,,,,,3,5.4,ok
TIC 70585928,115.4114,23.6144,8.75,0,,,,,5,7.7,ok
TIC 376850415,181.1644,0.7596,8.75,0,,,,,1,5.9,ok
TIC 165326412,125.4605,27.4379,8.75,0,,,,,3,5.4,ok
TIC 425283742,168.398,2.7687,8.75,0,,,,,2,5.5,ok
TIC 62892583,161.3085,-0.7823,8.75,0,,,,,6,7.5,ok
TIC 291038255,170.1661,6.7583,8.75,0,,,,,3,4.3,ok
TIC 289513921,180.1591,-5.1207,8.75,0,,,,,2,4.8,ok
TIC 27001291,150.9807,20.143,8.75,0,,,,,6,7.3,ok
TIC 393713403,200.9057,0.5188,8.75,0,,,,,3,4.8,ok
TIC 14546161,125.7356,20.5694,8.75,0,,,,,5,6.9,ok
TIC 301499498,166.2746,3.6451,8.76,0,,,,,2,5.6,ok
TIC 440855605,109.6621,15.0152,8.76,0,,,,,4,4.7,ok
TIC 293362029,119.323,21.7088,8.76,0,,,,,3,5.1,ok
TIC 423089601,116.9921,29.16,8.76,0,,,,,5,6.0,ok
TIC 247077079,112.2504,13.7049,8.76,0,,,,,7,9.3,ok
TIC 156840251,148.0457,14.4827,8.76,0,,,,,4,4.8,ok
TIC 85979054,137.9685,23.6308,8.76,0,,,,,7,7.9,ok
TIC 17103554,163.9104,19.9998,8.76,0,,,,,3,4.9,ok
TIC 380673275,191.716,5.7902,8.76,0,,,,,4,4.5,ok
TIC 1693561,195.6815,-16.0243,8.76,0,,,,,4,5.2,ok
TIC 390650238,191.8032,6.6114,8.76,0,,,,,4,7.9,ok
TIC 366658248,133.9083,10.5414,8.76,0,,,,,4,7.0,ok
TIC 97491170,165.8397,18.8058,8.76,0,,,,,4,5.5,ok
TIC 281908127,175.4252,0.9934,8.76,0,,,,,2,4.4,ok
TIC 152870109,182.4438,-8.8208,8.76,0,,,,,2,5.4,ok
TIC 308211090,197.9674,-17.1591,8.76,0,,,,,5,6.3,ok
TIC 176940306,183.7372,-8.6225,8.76,0,,,,,2,5.2,ok
TIC 277832595,156.2166,4.5184,8.76,0,,,,,2,3.3,ok
TIC 53304435,193.2751,-1.1662,8.76,0,,,,,2,3.7,ok
TIC 247052668,112.14,15.3615,8.76,0,,,,,6,8.5,ok
TIC 396950864,180.1037,7.9433,8.76,0,,,,,3,5.2,ok
TIC 165980070,110.9312,20.4149,8.76,0,,,,,5,6.3,ok
TIC 270693127,137.4233,4.7778,8.76,0,,,,,4,5.7,ok
TIC 149470459,163.487,17.1064,8.76,0,,,,,3,4.2,ok
TIC 376866131,181.6772,3.3602,8.77,0,,,,,1,2.4,ok
TIC 175193904,129.7181,22.8911,8.77,0,,,,,2,3.1,ok
TIC 16154774,115.0745,13.5415,8.77,0,,,,,6,8.1,ok
TIC 1729933,196.8512,-12.6689,8.77,0,,,,,1,3.7,ok
TIC 180203870,188.8363,-4.0654,8.77,0,,,,,2,3.4,ok
TIC 14722804,176.8599,13.3863,8.77,0,,,,,3,4.6,ok
TIC 350475312,176.9481,6.1574,8.77,0,,,,,2,4.9,ok
TIC 183648827,179.5232,-6.9658,8.77,0,,,,,4,5.7,ok
TIC 335590214,183.6586,-13.6103,8.77,0,,,,,3,7.1,ok
TIC 415007972,164.4754,13.3345,8.77,0,,,,,5,6.7,ok
TIC 350338821,165.8119,8.1851,8.77,0,,,,,2,4.0,ok
TIC 397479763,181.0711,9.1933,8.77,0,,,,,2,3.2,ok
TIC 156673381,193.2738,-6.023,8.77,0,,,,,2,3.0,ok
TIC 16379292,116.1447,14.3291,8.77,0,,,,,5,6.0,ok
TIC 301628587,178.5416,4.9949,8.77,0,,,,,2,2.8,ok
TIC 139227189,123.1601,30.459,8.77,0,,,,,4,6.3,ok
TIC 181878236,190.6124,-13.525,8.77,0,,,,,3,6.8,ok
TIC 181856591,189.8582,-14.788,8.77,0,,,,,6,9.1,ok
TIC 4371941,116.0756,33.2328,8.77,0,,,,,5,5.9,ok
TIC 411123657,151.2286,9.8457,8.77,0,,,,,4,4.7,ok
TIC 165965459,110.7759,21.9706,8.77,0,,,,,1,3.4,ok
TIC 82053561,176.5671,-0.1719,8.77,0,,,,,1,1.9,ok
TIC 374209692,158.5013,0.1699,8.77,0,,,,,3,5.2,ok
TIC 197249083,134.2661,23.3625,8.78,0,,,,,3,3.5,ok
TIC 179020819,201.9215,-7.8676,8.78,0,,,,,2,5.5,ok
TIC 88064062,148.0438,18.1034,8.78,0,,,,,2,3.4,ok
TIC 82410885,122.3296,20.1187,8.78,0,,,,,5,6.5,ok
TIC 149496466,164.3004,14.032,8.78,0,,,,,5,7.1,ok
TIC 349974345,153.9252,6.9257,8.78,0,,,,,3,4.3,ok
TIC 175240820,129.9564,18.3474,8.78,0,,,,,4,7.0,ok
TIC 56810421,183.0625,-0.1234,8.78,0,,,,,1,2.0,ok
TIC 143401454,155.0002,-0.8288,8.78,0,,,,,6,7.4,ok
TIC 91967987,144.2864,21.94,8.78,0,,,,,5,5.7,ok
TIC 14342109,163.3663,-4.2674,8.78,0,,,,,3,5.9,ok
TIC 377298247,187.2733,4.613,8.78,0,,,,,3,5.3,ok
TIC 117419209,137.738,25.6771,8.78,0,,,,,7,8.2,ok
TIC 175265061,130.2137,18.2499,8.78,0,,,,,4,4.9,ok
TIC 4164712,114.6255,33.7126,8.78,0,,,,,4,7.2,ok
TIC 49429194,174.0265,-4.1259,8.78,0,,,,,3,4.8,ok
TIC 55286694,140.0027,14.3001,8.79,0,,,,,4,5.5,ok
TIC 288605211,192.1181,-8.0454,8.79,0,,,,,1,4.3,ok
TIC 402136542,192.2242,7.5494,8.79,0,,,,,3,6.1,ok
TIC 14773497,177.7217,13.5874,8.79,0,,,,,4,12.2,ok
TIC 66717042,199.5165,-2.3449,8.79,0,,,,,2,6.2,ok
TIC 411251143,195.5864,4.6122,8.79,0,,,,,3,4.4,ok
TIC 82349337,123.9905,21.5838,8.79,0,,,,,3,5.6,ok
TIC 396999129,174.5391,1.9262,8.79,0,,,,,2,3.7,ok
TIC 53304448,193.2226,-1.2517,8.79,0,,,,,1,3.2,ok
TIC 281730518,162.8908,3.3896,8.79,0,,,,,3,4.0,ok
TIC 95618351,121.4975,26.3422,8.79,0,,,,,3,5.6,ok
TIC 165834598,122.7232,31.9835,8.79,0,,,,,5,5.2,ok
TIC 247172198,113.6465,11.9397,8.79,0,,,,,3,9.0,ok
TIC 264755665,115.1886,9.7803,8.79,0,,,,,4,6.9,ok
TIC 377170669,185.1418,1.5148,8.79,0,,,,,2,4.6,ok
TIC 4298680,115.7811,31.2432,8.79,0,,,,,4,5.5,ok
TIC 171578696,156.5165,19.4014,8.79,0,,,,,5,6.6,ok
TIC 363477221,169.9468,4.4315,8.79,0,,,,,3,5.5,ok
TIC 344989909,152.5609,2.7098,8.79,0,,,,,1,3.2,ok
TIC 453027060,144.1392,5.0555,8.79,0,,,,,6,7.5,ok
TIC 331988641,132.1203,23.4119,8.79,0,,,,,5,7.3,ok
TIC 380619220,175.9229,7.6731,8.79,0,,,,,1,4.7,ok
TIC 62847299,160.0597,-0.8951,8.79,0,,,,,7,10.7,ok
TIC 49428453,174.0306,-0.69,8.79,0,,,,,3,6.6,ok
TIC 175292843,130.5798,22.9716,8.8,0,,,,,5,8.7,ok
TIC 380164732,175.8584,-0.945,8.8,0,,,,,2,11.0,ok
TIC 20538109,128.4554,14.0998,8.8,0,,,,,4,6.7,ok
TIC 3576767,126.8087,25.1568,8.8,0,,,,,5,8.1,ok
TIC 374313430,160.1597,5.4661,8.8,0,,,,,2,6.6,ok
TIC 70466509,114.8634,19.7804,8.8,0,,,,,5,7.6,ok
TIC 462515547,119.282,31.1347,8.8,0,,21.2,rejete,variabilite_continue;eclipse_secondaire,5,11.7,ok
TIC 149399420,139.9162,28.2776,8.8,0,,,,,5,9.9,ok
TIC 21184505,128.8522,12.0112,8.8,0,,,,,6,10.5,ok
TIC 35246763,138.4319,16.197,8.8,0,,,,,4,6.3,ok
TIC 411251270,195.5316,3.8486,8.8,0,,,,,2,4.6,ok
TIC 149363045,138.718,27.2528,8.8,0,,,,,7,10.4,ok
TIC 184793487,109.8316,18.236,8.8,0,,,,,3,7.8,ok
TIC 130610137,187.5814,-1.9427,8.8,0,,,,,2,13.1,ok
TIC 358788684,161.0784,12.9983,8.8,0,,,,,2,4.7,ok
TIC 67505563,172.4936,16.9853,8.8,0,,,,,3,11.1,ok
TIC 357181475,152.6434,12.9213,8.8,0,,,,,4,7.8,ok
TIC 239207521,157.2803,18.9388,8.8,0,,,,,3,5.6,ok
TIC 389245609,152.0882,7.5733,8.8,0,,,,,4,8.1,ok
TIC 392795018,156.9835,12.0798,8.8,0,,,,,4,8.9,ok
TIC 380673156,191.5669,5.5308,8.81,0,,,,,3,6.0,ok
TIC 186850614,124.5266,16.5108,8.81,0,,,,,6,11.1,ok
TIC 156671159,193.0169,-8.5236,8.81,0,,,,,1,5.3,ok
TIC 91987487,144.5281,22.9552,8.81,0,,,,,5,13.1,ok
TIC 281817288,165.1522,0.3786,8.81,0,,,,,3,10.5,ok
TIC 96198667,181.0985,-3.1574,8.81,0,,,,,2,16.0,ok
TIC 422274217,194.6064,7.2856,8.81,0,,,,,3,11.2,ok
TIC 388013899,120.3051,11.0078,8.81,0,,,,,9,18.2,ok
TIC 66733462,199.7301,-2.5317,8.81,0,,,,,1,3.4,ok
TIC 70581313,115.2106,19.5883,8.81,0,,,,,3,8.9,ok
TIC 27000631,151.0285,23.5937,8.81,0,,,,,6,12.6,ok
TIC 70722212,156.5963,17.4383,8.81,0,,,,,3,11.4,ok
TIC 277798104,155.8098,2.6096,8.81,0,,,,,3,15.3,ok
TIC 281839249,165.4253,5.102,8.81,0,,,,,3,12.3,ok
TIC 95311933,153.1547,20.4824,8.81,0,,,,,5,11.1,ok
TIC 334514325,123.279,10.4509,8.81,0,,,,,4,6.9,ok
TIC 366409831,126.3963,10.4893,8.82,0,,,,,8,17.3,ok
TIC 301626781,173.3531,4.1341,8.82,0,,,,,3,7.8,ok
TIC 318093257,161.7347,-2.139,8.82,0,,,,,2,7.4,ok
TIC 95363895,154.5684,18.9754,8.82,0,,,,,3,9.8,ok
TIC 320536397,120.0397,10.0241,8.82,0,,,,,5,12.6,ok
TIC 335638244,199.555,-14.5831,8.82,0,,,,,1,10.7,ok
TIC 197216343,133.2003,18.5732,8.82,0,,,,,2,6.6,ok
TIC 114958965,200.9295,-0.7193,8.82,0,,,,,2,5.5,ok
TIC 95008247,114.2772,27.5591,8.82,0,,,,,3,10.3,ok
TIC 358657253,149.1589,13.8331,8.82,0,,,,,2,8.3,ok
TIC 277696592,153.2015,3.1094,8.82,0,,,,,4,18.9,ok
TIC 366527933,127.4669,11.5988,8.83,0,,,,,4,14.9,ok
TIC 423089280,116.9096,29.8845,8.83,0,,,,,8,17.6,ok
TIC 124598686,159.3994,-0.5981,8.83,0,,,,,7,13.7,ok
TIC 301467985,166.1004,3.1633,8.83,0,,,,,3,19.1,ok
TIC 139254453,123.716,31.2939,8.83,0,,,,,4,10.4,ok
TIC 156620955,191.2828,-6.9524,8.83,0,,,,,1,6.3,ok
TIC 26699664,111.0984,27.9911,8.83,0,,,,,6,17.7,ok
TIC 277713012,153.6024,1.4682,8.83,0,,,,,8,16.6,ok
TIC 82522698,174.8718,14.3696,8.83,0,,,,,5,17.4,ok
TIC 66666726,184.7156,0.01,8.83,0,,,,,2,7.0,ok
TIC 63861265,163.0311,14.7654,8.83,0,,,,,4,18.0,ok
TIC 377061028,148.0329,6.4712,8.83,0,,,,,3,9.0,ok
TIC 991159,165.4193,-3.8141,8.83,0,,,,,7,18.8,ok
TIC 70678586,155.8124,14.2453,8.84,0,,,,,3,8.4,ok
TIC 38141638,170.8401,-5.1255,8.84,0,,,,,6,12.3,ok
TIC 175233942,129.7615,19.7246,8.84,0,,,,,4,9.5,ok
TIC 126349936,135.6268,25.8883,8.84,0,,,,,4,8.8,ok
TIC 388916285,175.0683,9.5115,8.84,0,,,,,?,3.7,erreur
TIC 47391193,164.8088,-2.2477,8.84,0,,,,,5,14.7,ok
TIC 358841813,161.6363,16.8692,8.84,0,,,,,4,7.6,ok
TIC 130181828,117.4686,27.4435,8.84,0,,,,,7,11.2,ok
TIC 51641684,189.5711,-3.9693,8.84,0,,,,,1,7.2,ok
TIC 195211959,141.675,17.1125,8.84,0,,,,,2,6.5,ok
TIC 16325269,115.9273,13.6689,8.84,0,,,,,4,8.5,ok
TIC 396949887,179.9166,8.6407,8.84,0,,,,,3,6.7,ok
TIC 172531019,142.9083,25.7915,8.84,0,,,,,7,16.5,ok
TIC 96198313,181.1464,-1.3091,8.84,0,,,,,1,3.0,ok
TIC 14768149,113.8169,14.9315,8.84,0,,,,,4,6.7,ok
TIC 299650234,117.7664,11.9017,8.84,0,,,,,5,9.2,ok
TIC 376787964,180.2466,1.8741,8.84,0,,,,,1,5.1,ok
TIC 411249819,195.3158,0.4997,8.84,0,,,,,3,6.5,ok
TIC 95123244,114.8111,28.7768,8.84,0,,,,,5,7.7,ok
TIC 388880132,173.8445,7.1736,8.85,0,,,,,2,9.0,ok
TIC 27650470,123.4758,13.117,8.85,0,,,,,8,12.3,ok
TIC 95694880,122.0727,28.5972,8.85,0,,,,,4,8.9,ok
TIC 144306618,179.1953,-8.9953,8.85,0,,,,,1,15.0,ok
TIC 138688761,136.8476,28.1206,8.85,0,,,,,6,18.1,ok
TIC 371815187,174.4908,15.7769,8.85,0,,,,,4,7.8,ok
TIC 63858354,162.7273,16.639,8.85,0,,,,,3,7.4,ok
TIC 126198317,110.5144,28.6419,8.85,0,,,,,6,14.2,ok
TIC 345036059,154.6025,2.9382,8.85,0,,,,,2,11.4,ok
TIC 350033870,155.0726,7.2734,8.85,0,,,,,3,18.0,ok
TIC 175239543,129.9959,20.0313,8.85,0,,,,,4,9.4,ok
TIC 124600892,159.5218,-2.2363,8.85,0,,,,,4,12.3,ok
TIC 27037204,151.5373,18.468,8.85,0,,,,,3,11.5,ok
TIC 155231697,124.5688,25.4078,8.85,0,,,,,3,7.8,ok
TIC 203236776,135.4507,21.1889,8.85,0,,,,,2,10.1,ok
TIC 176869165,182.7899,-10.7077,8.85,0,,,,,3,6.3,ok
TIC 175292047,130.5898,20.1816,8.85,0,,,,,5,13.3,ok
TIC 157839442,204.0431,-3.4844,8.85,0,,,,,3,9.5,ok
TIC 397486212,181.9246,6.7708,8.85,0,,,,,2,8.4,ok
TIC 247048887,112.0855,15.9875,8.85,0,,,,,3,12.1,ok
TIC 77128346,167.7378,15.2582,8.86,0,,,,,4,15.9,ok
TIC 389427799,186.4584,10.6417,8.86,0,,,,,3,12.5,ok
TIC 349888635,157.5297,20.4619,8.86,0,,,,,?,143.5,timeout
TIC 388898592,174.2768,10.8915,8.86,0,,,,,4,10.9,ok
TIC 147684115,185.7044,-0.2498,8.86,0,,,,,2,7.0,ok
TIC 386865432,144.7487,12.7054,8.86,0,,,,,4,6.7,ok
TIC 111012936,189.0354,-10.3841,8.86,0,,,,,1,5.3,ok
TIC 175262405,130.0963,20.8259,8.86,0,,,,,3,9.1,ok
TIC 392835008,158.202,10.2908,8.86,0,,,,,2,5.2,ok
TIC 171557156,156.0493,18.5387,8.86,0,,,,,5,11.4,ok
TIC 281707868,162.3168,1.3888,8.86,0,,,,,3,6.9,ok
TIC 14569596,125.9811,21.3741,8.86,0,,,,,3,8.3,ok
TIC 357183251,153.1142,15.87,8.86,0,,,,,2,6.6,ok
TIC 178948552,200.165,-8.7409,8.86,0,,,,,1,3.6,ok
TIC 14704611,127.196,18.3689,8.86,0,,,,,4,8.9,ok
TIC 63238629,157.5792,16.5015,8.87,0,,,,,6,14.2,ok
TIC 20484294,127.6191,17.0568,8.87,0,,,,,5,9.5,ok
TIC 281908132,175.3662,0.9502,8.87,0,,,,,2,6.2,ok
TIC 397068927,193.6468,4.0606,8.87,0,,,,,4,9.9,ok
TIC 130258285,117.9547,24.8569,8.87,0,,,,,3,11.3,ok
TIC 98591111,185.0409,-11.3868,8.87,0,,,,,3,11.9,ok
TIC 35088625,180.711,-1.4344,8.87,0,,,,,1,7.7,ok
TIC 16140464,114.9333,13.0814,8.87,0,,,,,4,8.0,ok
TIC 371816362,174.6856,14.6521,8.87,0,,,,,3,9.7,ok
TIC 67444478,171.3655,13.5882,8.87,0,,,,,5,12.1,ok
TIC 27066958,151.8737,19.7708,8.87,0,,,,,5,13.2,ok
TIC 383185164,142.3002,5.0578,8.87,0,,,,,6,9.2,ok
TIC 275309731,149.9012,3.8713,8.87,0,,,,,8,16.0,ok
TIC 376850849,181.0584,2.9009,8.87,0,,,,,1,7.2,ok
TIC 344956162,152.1634,4.5088,8.87,0,,,,,6,9.4,ok
TIC 347811204,198.9218,-13.6377,8.87,0,,,,,2,5.9,ok
TIC 38116680,170.1334,-2.8982,8.87,0,,,,,3,15.6,ok
TIC 70710315,156.2287,13.2533,8.87,0,,,,,4,8.5,ok
TIC 62705915,115.7973,20.9036,8.87,0,,,,,3,8.3,ok
TIC 70679261,155.8014,17.7372,8.87,0,,,,,5,9.5,ok
TIC 95817181,161.3379,18.2412,8.88,0,,,,,3,14.5,ok
TIC 277893735,157.3817,3.8949,8.88,0,,,,,2,4.6,ok
TIC 95770165,160.6758,18.0771,8.88,0,,,,,5,15.7,ok
TIC 149492640,163.8026,13.1774,8.88,0,,,,,2,5.7,ok
TIC 55363324,140.7788,14.167,8.88,0,,,,,2,7.6,ok
TIC 275251117,148.2114,3.8934,8.88,0,,,,,3,10.7,ok
TIC 393487149,159.9658,10.3288,8.88,0,,,,,2,5.7,ok
TIC 239208767,169.7084,15.5974,8.88,0,,,,,4,8.9,ok
TIC 330693698,137.205,16.4172,8.88,0,,,,,2,9.3,ok
TIC 377024566,147.2617,7.8186,8.88,0,,,,,2,8.3,ok
TIC 27073153,152.5285,18.4808,8.88,0,,,,,3,10.0,ok
TIC 239180753,113.3584,33.6832,8.88,0,,,,,1,11.6,ok
TIC 262687961,148.7287,4.8612,8.88,0,,,,,6,10.8,ok
TIC 185221114,173.7141,-7.9272,8.88,0,,,,,6,13.0,ok
TIC 173165274,173.3174,-3.0528,8.88,0,,,,,1,3.8,ok
TIC 363517259,170.8052,3.1591,8.88,0,,,,,2,5.0,ok
TIC 233432812,147.5809,25.9596,8.88,0,,,,,5,7.6,ok
TIC 301677118,178.6735,3.7753,8.88,0,,,,,2,7.7,ok
TIC 393583621,162.6755,9.1787,8.88,0,,,,,3,7.1,ok
TIC 61312087,160.3216,12.9275,8.89,0,,,,,3,5.9,ok
TIC 82071923,196.6467,-5.4133,8.89,0,,,,,2,9.0,ok
TIC 70676790,155.5659,17.1197,8.89,0,,,,,3,10.2,ok
TIC 179000059,201.2648,-7.1584,8.89,0,,,,,1,8.4,ok
TIC 396901914,168.8349,-7.0182,8.89,0,,,,,3,8.1,ok
TIC 55315929,140.339,14.3678,8.89,0,,,,,2,6.5,ok
TIC 14770012,113.732,17.6632,8.89,0,,,,,3,6.1,ok
TIC 386940097,157.7802,21.2606,8.89,0,,,,,5,16.4,ok
TIC 86119217,140.4254,22.8095,8.89,0,,,,,6,10.3,ok
TIC 350516717,177.5277,11.0335,8.89,0,,,,,4,12.0,ok
TIC 385355452,196.6443,-17.46,8.89,0,,,,,2,8.0,ok
TIC 400711585,125.9769,31.311,8.89,0,,,,,4,8.5,ok
TIC 179019202,201.8732,-9.1928,8.89,0,,,,,2,12.5,ok
TIC 396948277,179.6702,9.3494,8.9,0,,,,,3,9.6,ok
TIC 139254713,123.7369,32.1491,8.9,0,,,,,4,16.2,ok
TIC 63078056,117.7341,22.1385,8.9,0,,,,,2,10.3,ok
TIC 203288475,136.3529,19.2789,8.9,0,,,,,5,11.1,ok
TIC 307677463,152.9464,13.3976,8.9,0,,,,,2,9.9,ok
TIC 38133173,170.289,-0.6315,8.9,0,,,,,2,8.8,ok
TIC 332023477,132.221,22.2027,8.9,0,,,,,4,18.1,ok
TIC 380695888,192.0454,1.7674,8.9,0,,,,,3,6.5,ok
TIC 25962259,194.7979,-14.1307,8.9,0,,,,,4,13.2,ok
TIC 345074754,155.1401,5.363,8.9,0,,,,,4,14.9,ok
TIC 1694373,195.7102,-17.4218,8.9,0,,,,,1,14.4,ok
TIC 117505857,138.1041,27.8844,8.9,0,,,,,6,20.4,ok
TIC 46379719,133.5929,14.4296,8.9,0,,,,,3,10.9,ok
TIC 35010167,179.4585,-5.1711,8.9,0,,,,,2,15.4,ok
TIC 455273515,146.5036,3.6206,8.9,0,,,,,3,21.3,ok
TIC 67503862,172.2762,15.1878,8.9,0,,,,,5,20.9,ok
TIC 126236689,133.4366,25.8999,8.9,0,,,,,?,285.6,timeout
TIC 63306978,158.145,16.9105,8.91,0,,,,,?,143.3,timeout
TIC 196685368,202.8263,-6.1775,8.91,0,,,,,2,3.7,ok
TIC 134878970,196.6204,-10.4617,8.91,0,,,,,1,10.5,ok
TIC 312112393,140.6934,11.2727,8.91,0,,,,,1,8.8,ok
TIC 35260516,138.4838,13.1326,8.91,0,,,,,4,58.9,ok
TIC 95657209,121.7388,25.5331,8.91,0,,,,,3,32.7,ok
TIC 399121828,189.9295,6.1167,8.91,0,,,,,3,14.6,ok
TIC 437044288,134.214,14.3757,8.91,0,,,,,3,18.1,ok
TIC 411185524,153.0542,10.5552,8.91,0,,,,,3,9.9,ok
TIC 59611522,146.3369,13.2727,8.91,0,,,,,2,7.2,ok
TIC 152829236,181.8472,-7.5255,8.91,0,,,,,3,15.6,ok
TIC 393562504,162.0537,6.7902,8.91,0,,,,,2,12.0,ok
TIC 301629281,178.538,0.9802,8.91,0,,,,,1,14.2,ok
TIC 53257631,192.4015,-5.1299,8.91,0,,,,,1,8.4,ok
TIC 144198170,177.797,-9.8629,8.91,0,,,,,6,19.8,ok
TIC 82088773,196.8194,-1.6859,8.91,0,,,,,2,7.8,ok
TIC 63309085,158.3572,17.5742,8.91,0,,,,,5,13.8,ok
TIC 239142966,112.5796,32.7074,8.91,0,,,,,4,7.6,ok
TIC 270000502,138.5644,4.8254,8.91,0,,,,,6,13.3,ok
TIC 293193257,118.5465,23.8806,8.92,0,,,,,2,14.3,ok
TIC 152803574,181.0772,-9.3583,8.92,0,,,,,2,15.7,ok
TIC 443894764,122.1908,10.609,8.92,0,,,,,5,15.8,ok
TIC 49545325,175.6585,-2.4348,8.92,0,,,,,2,11.4,ok
TIC 134865084,196.0946,-11.699,8.92,0,,,,,1,12.8,ok
TIC 82233323,123.3087,23.5116,8.92,0,,,,,1,16.5,ok
TIC 415593787,109.8385,23.9827,8.92,0,,,,,2,6.9,ok
TIC 281782020,163.676,0.4546,8.92,0,,,,,3,18.3,ok
TIC 388799527,172.1139,7.5098,8.92,0,,,,,2,12.3,ok
TIC 337390696,110.2783,12.4295,8.92,0,,,,,4,15.9,ok
TIC 421195365,178.8166,-2.5412,8.92,0,,,,,1,9.8,ok
TIC 387341198,110.1902,12.1564,8.92,0,,,,,4,8.6,ok
TIC 155178029,144.2865,15.4819,8.92,0,,,,,2,10.0,ok
TIC 335662202,151.2853,17.5721,8.92,0,,,,,4,12.4,ok
TIC 330708494,141.9049,26.8234,8.92,0,,,,,4,11.4,ok
TIC 275178067,143.3606,2.6474,8.92,0,,,,,5,16.4,ok
TIC 124536233,158.8591,-3.0412,8.92,0,,,,,2,14.2,ok
TIC 169248465,160.7753,-1.4783,8.92,0,,,,,3,7.3,ok
TIC 32449785,189.8686,-11.1693,8.92,0,,,,,2,15.5,ok
TIC 51641420,189.5795,-5.3587,8.92,0,,,,,2,7.7,ok
TIC 455283535,147.3371,6.0279,8.92,0,,,,,6,19.8,ok
TIC 411235882,194.5847,0.3245,8.92,0,,,,,3,11.5,ok
TIC 178245478,127.7343,20.6479,8.92,0,,,,,3,11.2,ok
TIC 61313136,160.4314,17.1985,8.92,0,,,,,1,15.8,ok
TIC 98725027,187.1446,-7.3513,8.92,0,,,,,2,17.7,ok
TIC 348999211,184.3832,-13.2144,8.92,0,,,,,6,22.1,ok
TIC 312189805,141.3638,11.4853,8.93,0,,,,,?,2.8,erreur
TIC 94916203,113.5502,28.6735,8.93,0,,,,,5,10.8,ok
TIC 63838705,162.5701,12.4249,8.93,0,,,,,3,15.4,ok
TIC 462518996,170.4728,15.1936,8.93,0,,,,,4,13.1,ok
TIC 1728462,196.8466,-17.0793,8.93,0,,,,,2,4.0,ok
TIC 318184956,162.142,-1.804,8.93,0,,,,,5,10.0,ok
TIC 289987480,192.0338,-15.0907,8.93,0,,,,,5,12.8,ok
TIC 98720114,186.7121,-8.6341,8.93,0,,,,,2,7.2,ok
TIC 51758060,190.7884,-5.7414,8.93,0,,,,,1,4.8,ok
TIC 239157484,113.2339,30.7408,8.93,0,,,,,8,14.2,ok
TIC 297075622,187.3939,-15.6107,8.93,0,,,,,5,14.6,ok
TIC 388799790,172.3066,6.0982,8.93,0,,,,,3,15.2,ok
TIC 126316755,134.4529,24.4929,8.93,0,,,,,4,25.8,ok
TIC 418149094,146.436,8.4698,8.93,0,,,,,4,9.1,ok
TIC 302262896,125.9459,24.8196,8.93,0,,,,,6,13.3,ok
TIC 144299262,178.9274,-8.204,8.93,0,,,,,6,10.6,ok
TIC 323657240,137.0046,7.4365,8.93,0,,,,,5,10.0,ok
TIC 323522406,135.5922,10.3902,8.93,0,,,,,4,6.8,ok
TIC 26693554,110.8525,25.5162,8.93,0,,,,,5,7.5,ok
TIC 240173922,168.9839,14.7034,8.93,0,,,,,3,8.1,ok
TIC 425282309,168.2456,5.2353,8.93,0,,,,,2,7.0,ok
TIC 14499717,125.2637,20.7891,8.94,0,,,,,3,6.3,ok
TIC 63882570,163.1191,14.0668,8.94,0,,,,,3,5.5,ok
TIC 307646022,145.2732,14.126,8.94,0,,,,,2,4.6,ok
TIC 302265446,126.1004,26.9663,8.94,0,,,,,4,7.0,ok
TIC 16487861,116.9009,16.4454,8.94,0,,,,,2,6.0,ok
TIC 283770570,134.5018,7.1337,8.94,0,,,,,6,10.2,ok
TIC 437039689,133.0085,11.2269,8.94,0,,,,,5,8.1,ok
TIC 82350426,124.1153,23.6636,8.94,0,,,,,?,3.1,erreur
TIC 323734748,137.782,8.7263,8.94,0,,,,,4,8.0,ok
TIC 302922773,132.391,20.508,8.94,0,,,,,4,9.7,ok
TIC 397480543,181.223,9.1724,8.94,0,,,,,2,5.8,ok
TIC 17818887,118.5596,13.8657,8.94,0,,,,,4,11.7,ok
TIC 393630230,199.2204,2.1872,8.94,0,,,,,3,5.8,ok
TIC 35019521,179.6968,-1.0334,8.94,0,,,,,1,5.5,ok
TIC 135042984,198.7753,-7.9728,8.94,0,,,,,2,5.1,ok
TIC 374295898,159.7391,3.7638,8.94,0,,,,,3,7.4,ok
TIC 372445204,165.4728,12.6433,8.94,0,,,,,2,4.2,ok
TIC 4487243,116.987,32.3205,8.94,0,,,,,4,10.2,ok
TIC 377228187,185.7544,3.4573,8.94,0,,,,,2,5.3,ok
TIC 393545161,161.0903,9.3726,8.94,0,,,,,2,9.9,ok
TIC 440801822,109.3828,13.3952,8.94,0,,,,,?,145.1,timeout
TIC 396932137,176.4815,11.3708,8.94,0,,,,,5,10.9,ok
TIC 286363219,191.347,4.3586,8.94,0,,,,,3,7.2,ok
TIC 111014703,189.1618,-9.7012,8.95,0,,,,,1,4.5,ok
TIC 444037955,133.6972,11.1556,8.95,0,,,,,4,11.8,ok
TIC 440735957,108.391,13.0743,8.95,0,,,,,4,8.0,ok
TIC 86263305,181.6335,12.4288,8.95,0,,,,,2,4.4,ok
TIC 175239084,129.9761,20.5601,8.95,0,,,,,4,7.3,ok
TIC 172517513,142.5125,26.7039,8.95,0,,,,,5,8.3,ok
TIC 389403325,186.0684,10.2919,8.95,0,,,,,3,5.9,ok
TIC 366499366,127.1788,10.8352,8.95,0,,,,,4,10.8,ok
TIC 281702181,161.9474,5.7106,8.95,0,,,,,3,6.5,ok
TIC 366630780,128.4056,9.382,8.95,0,,,,,5,9.8,ok
TIC 95339054,153.5429,22.7843,8.95,0,,,,,3,4.7,ok
TIC 175262465,130.0319,21.0626,8.95,0,,,,,4,6.0,ok
TIC 374180449,157.9961,2.9764,8.95,0,,,,,2,5.7,ok
TIC 377251396,186.747,2.6734,8.95,0,,,,,1,4.9,ok
TIC 77146088,168.2691,16.7682,8.95,0,,,,,5,10.7,ok
TIC 397559459,183.51,7.9729,8.95,0,,,,,2,5.5,ok
TIC 157836797,203.8319,-2.4797,8.95,0,,,,,3,6.3,ok
TIC 32423308,189.5511,-11.3515,8.96,0,,,,,2,4.0,ok
TIC 402136616,192.2777,7.1869,8.96,0,,,,,3,5.4,ok
TIC 349062076,184.9462,-12.5671,8.96,0,,,,,3,6.5,ok
TIC 349793704,143.4913,24.8733,8.96,0,,,,,4,6.4,ok
TIC 38064016,169.4032,-5.3792,8.96,0,,,,,3,8.3,ok
TIC 91894612,141.7737,18.2311,8.96,0,,,,,2,9.0,ok
TIC 117379429,132.1111,28.1131,8.96,0,,,,,1,3.7,ok
TIC 269918709,192.4826,-1.5333,8.96,0,,,,,1,3.7,ok
TIC 149453731,141.3874,25.126,8.96,0,,,,,5,8.4,ok
TIC 27065991,151.692,21.0333,8.96,0,,,,,6,10.1,ok
TIC 95695075,122.1294,28.9976,8.96,0,,,,,4,7.8,ok
TIC 376788063,180.2536,1.2279,8.96,0,,,,,1,5.6,ok
TIC 175734936,194.4755,-2.0526,8.96,0,,,,,1,3.9,ok
TIC 87950691,145.6151,21.7885,8.96,0,,,,,4,12.8,ok
TIC 344926451,151.6066,2.8334,8.96,0,,,,,3,5.4,ok
TIC 291108565,178.6298,6.5062,8.96,0,,,,,2,5.4,ok
TIC 175264089,130.1718,21.2277,8.96,0,,,,,3,6.1,ok
TIC 468992949,129.1499,11.4867,8.96,0,,,,,4,6.7,ok
TIC 181915646,191.1,-12.6509,8.96,0,,,,,4,8.2,ok
TIC 149366050,138.9643,24.5222,8.96,0,,,,,4,9.2,ok
TIC 277771579,155.391,3.963,8.97,0,,,,,2,5.4,ok
TIC 197214850,133.1483,22.3834,8.97,0,,,,,3,6.5,ok
TIC 325273746,176.918,0.6138,8.97,0,,,,,1,4.3,ok
TIC 70376105,114.2537,19.6038,8.97,0,,,,,3,5.5,ok
TIC 277871039,156.7078,0.876,8.97,0,,,,,3,5.3,ok
TIC 393672417,200.3443,2.3544,8.97,0,,,,,4,8.2,ok
TIC 393584005,162.7115,6.8031,8.97,0,,,,,2,8.4,ok
TIC 70654137,154.9661,14.9199,8.97,0,,,,,2,8.1,ok
TIC 387338903,110.068,14.1043,8.97,0,,,,,4,8.1,ok
TIC 273726823,195.6067,-4.0006,8.97,0,,,,,1,4.2,ok
TIC 4248151,115.3542,32.0761,8.97,0,,,,,9,12.7,ok
TIC 277838176,156.3507,2.6473,8.97,0,,,,,3,4.7,ok
TIC 91896516,142.1181,23.1099,8.97,0,,,,,7,9.1,ok
TIC 285005362,138.4016,26.4486,8.97,0,,,,,4,6.7,ok
TIC 377169726,185.0162,4.7425,8.97,0,,,,,3,4.2,ok
TIC 376786113,179.996,1.2112,8.97,0,,,,,?,147.0,timeout
TIC 95659796,121.8916,27.8286,8.97,0,,,,,4,9.6,ok
TIC 27071433,152.3952,20.3024,8.97,0,,,,,5,7.2,ok
TIC 437045728,134.4003,14.2143,8.97,0,,,,,4,10.0,ok
TIC 21183243,128.6965,15.0968,8.97,0,,,,,?,250.4,timeout
TIC 374349739,160.73,0.8761,8.97,0,,,,,4,23.0,ok
TIC 443613801,168.868,-4.5847,8.97,0,,,,,4,19.0,ok
TIC 349945948,153.4086,8.409,8.97,0,,,,,4,21.7,ok
TIC 27654669,123.522,12.269,8.97,0,,,,,4,15.5,ok
TIC 275252382,148.3249,0.9847,8.97,0,,,,,2,8.2,ok
TIC 286813838,164.6487,16.1158,8.97,0,,,,,?,4.5,erreur
TIC 86102798,139.7639,23.742,8.98,0,,,,,3,8.7,ok
TIC 62891798,161.2418,-2.2385,8.98,0,,,,,3,8.0,ok
TIC 77558785,152.5091,-0.089,8.98,0,,,,,4,12.6,ok
TIC 337749437,179.5155,4.7385,8.98,0,,,,,?,3.6,erreur
TIC 175262042,130.1087,19.6864,8.98,1,7.2206,17.8,rejete,variabilite_continue,3,12.4,ok
TIC 459055617,133.0689,11.3273,8.98,0,,,,,3,16.0,ok
TIC 440788366,109.0983,12.4516,8.98,0,,,,,9,18.9,ok
TIC 393546594,161.1997,6.0377,8.98,0,,,,,3,8.5,ok
TIC 397479446,181.0335,7.183,8.98,0,,,,,3,7.8,ok
TIC 115070878,202.0888,-2.3633,8.98,0,,,,,4,12.3,ok
TIC 388818722,172.9703,8.5057,8.98,0,,,,,3,8.6,ok
TIC 46296380,132.7385,12.6222,8.98,0,,,,,3,18.0,ok
TIC 397584077,183.7577,9.9878,8.98,0,,,,,2,10.2,ok
TIC 66779495,200.4728,-0.8736,8.98,0,,,,,3,10.9,ok
TIC 19065987,119.9415,14.2791,8.98,0,,,,,2,12.6,ok
TIC 67459023,171.7091,15.2938,8.98,0,,,,,4,11.3,ok
TIC 400637445,111.4202,32.8376,8.99,0,,,,,3,8.1,ok
TIC 117507448,138.1308,27.6745,8.99,0,,,,,5,14.0,ok
TIC 67352276,120.8397,19.8136,8.99,0,,,,,3,12.5,ok
TIC 377064488,148.1423,6.2673,8.99,0,,,,,4,11.6,ok
TIC 67459122,171.7342,15.9708,8.99,0,,,,,4,9.7,ok
TIC 126237828,133.5203,26.731,8.99,0,,,,,6,15.4,ok
TIC 399119724,189.6785,8.7695,8.99,0,,,,,3,11.5,ok
TIC 397584078,183.7643,9.9908,8.99,0,,,,,2,7.4,ok
TIC 262934305,184.7277,4.6454,8.99,0,,,,,4,9.2,ok
TIC 165832314,122.6222,32.4014,8.99,0,,,,,4,10.9,ok
TIC 371230165,111.6072,33.3967,8.99,0,,,,,6,14.5,ok
TIC 21186295,128.7895,17.2627,8.99,0,,,,,4,9.9,ok
TIC 408815167,121.0505,13.9765,8.99,0,,,,,?,3.7,erreur
TIC 97466973,124.4868,29.7246,8.99,0,,,,,4,9.4,ok
TIC 281726456,162.7991,0.675,8.99,0,,,,,2,5.9,ok
TIC 77127762,167.7051,12.2515,8.99,0,,,,,2,9.3,ok
TIC 2471507,193.9952,-14.9922,8.99,0,,,,,4,10.5,ok
TIC 82114451,197.0733,-4.7098,8.99,0,,,,,2,5.2,ok
TIC 323523528,135.6112,6.4524,8.99,0,,,,,8,20.8,ok
TIC 171428839,119.1937,29.3316,8.99,0,,12.2,rejete,variabilite_continue;eclipse_secondaire,8,23.9,ok
TIC 275157760,143.3725,4.6656,9.0,0,,,,,3,7.9,ok
TIC 399087412,188.3118,9.0223,9.0,0,,,,,2,7.2,ok
TIC 149416090,140.0266,28.2488,9.0,0,,,,,4,12.0,ok
TIC 356657660,165.4572,19.05,9.0,0,,,,,2,9.0,ok
TIC 286750366,143.3129,22.175,9.0,0,,,,,4,10.4,ok
TIC 363445210,169.464,3.396,9.0,0,,,,,3,10.0,ok
TIC 294504478,122.3241,16.3088,9.0,0,,,,,3,12.0,ok
TIC 14773730,177.7491,12.4974,9.0,0,,,,,5,15.8,ok
TIC 275293184,149.4669,4.8081,9.0,0,,,,,6,17.0,ok
TIC 175234289,129.7716,20.1171,9.0,0,,,,,?,3.2,erreur
TIC 462485290,111.4227,24.9899,9.0,0,,,,,4,12.1,ok
TIC 95847829,162.3814,20.0095,9.0,0,,,,,3,10.3,ok
TIC 95846542,162.2446,19.7942,9.0,0,,,,,3,12.0,ok
TIC 82411788,122.3027,18.1334,9.0,0,,,,,6,18.2,ok
TIC 323687876,137.309,9.2985,9.0,0,,,,,7,16.2,ok
TIC 335628517,199.1792,-12.4401,9.0,0,,,,,2,6.9,ok
TIC 361920093,127.2895,30.2105,9.0,0,,,,,4,13.6,ok
TIC 95624322,121.6416,27.425,9.01,0,,,,,4,12.9,ok
TIC 185247048,174.7768,-9.5692,9.01,0,,,,,2,10.7,ok
TIC 291108910,178.6526,8.9491,9.01,0,,,,,4,12.9,ok
TIC 377131224,149.4279,9.9777,9.01,0,,,,,2,8.5,ok
TIC 377065643,148.362,11.645,9.01,0,,,,,2,11.6,ok
TIC 414967716,140.9741,19.9303,9.01,0,,,,,5,20.0,ok
TIC 67400529,170.9914,13.1779,9.01,0,,,,,4,21.0,ok
TIC 411249229,195.314,3.9662,9.01,0,,,,,2,13.2,ok
TIC 365065567,201.9136,3.0242,9.01,0,,,,,2,15.9,ok
TIC 396931006,176.2293,7.0564,9.01,0,,,,,3,15.1,ok
TIC 114985216,201.3228,-1.8473,9.01,0,,,,,4,15.9,ok
TIC 38160654,171.2405,-4.4782,9.01,0,,,,,4,21.8,ok
TIC 361919884,127.3212,30.7902,9.01,0,,,,,4,17.2,ok
TIC 388842913,173.3252,7.216,9.01,0,,,,,3,11.3,ok
TIC 126321778,134.9244,25.6885,9.01,0,,,,,4,10.9,ok
TIC 347809018,198.8183,-14.2949,9.01,0,,,,,1,6.5,ok
TIC 301559023,167.206,4.1828,9.01,0,,,,,3,14.6,ok
TIC 46362156,133.232,14.8164,9.01,0,,,,,3,18.2,ok
TIC 172533774,143.2481,24.6751,9.01,0,,,,,5,14.6,ok
TIC 366741208,183.3227,3.0265,9.01,0,,,,,2,8.4,ok
TIC 98592252,185.1005,-6.557,9.01,0,,,,,2,12.7,ok
TIC 397435662,180.6248,11.5072,9.01,0,,,,,4,13.5,ok
TIC 389041242,142.0214,5.819,9.01,0,,,,,7,18.3,ok
TIC 358713436,150.3496,17.605,9.01,0,,,,,4,13.7,ok
TIC 380698768,192.3336,4.2178,9.01,0,,,,,4,11.8,ok
TIC 6893917,125.6174,13.7353,9.02,0,,,,,?,1023.7,timeout
TIC 152869501,182.4469,-6.3345,9.02,0,,,,,2,23.1,ok
TIC 14326003,163.1761,-0.401,9.02,0,,,,,4,25.4,ok
TIC 320417762,118.0042,10.2493,9.02,0,,,,,8,29.8,ok
TIC 323596192,136.2694,10.4897,9.02,0,,,,,3,21.7,ok
TIC 82087188,196.7708,-3.3024,9.02,0,,,,,1,18.0,ok
TIC 301467704,166.1022,5.0529,9.02,0,,,,,2,15.6,ok
TIC 82120025,197.6344,-4.1591,9.02,0,,,,,1,14.4,ok
TIC 396948814,179.8882,10.6777,9.02,0,,,,,4,21.7,ok
TIC 385354129,196.5503,-13.7493,9.02,0,,,,,2,18.7,ok
TIC 257787524,198.5248,-0.2565,9.02,0,,,,,2,13.6,ok
TIC 239193209,114.0215,32.8398,9.02,0,,,,,2,12.5,ok
TIC 275185500,147.7919,1.7639,9.02,0,,,,,4,17.9,ok
TIC 34946049,164.1662,-4.8027,9.02,0,,,,,5,29.1,ok
TIC 312111203,140.5397,6.1114,9.02,0,,,,,3,20.4,ok
TIC 376877573,182.0697,3.0855,9.03,0,,,,,1,15.2,ok
TIC 380583159,175.2537,9.2869,9.03,0,,,,,2,20.7,ok
TIC 176938494,183.6237,-11.586,9.03,0,,,,,3,18.8,ok
TIC 247160794,113.4309,14.3774,9.03,0,,,,,4,19.8,ok
TIC 70655601,155.1036,17.2114,9.03,0,,,,,5,18.7,ok
TIC 239199224,146.8913,26.2296,9.03,0,,,,,3,11.8,ok
TIC 97412475,124.1037,28.0757,9.03,0,,,,,1,13.6,ok
TIC 388803608,172.439,7.2063,9.03,0,,,,,2,20.5,ok
TIC 330688926,136.6468,13.0551,9.03,0,,,,,3,22.5,ok
TIC 277711975,153.5286,3.5546,9.03,0,,,,,6,21.5,ok
TIC 97385021,123.8692,27.1214,9.03,0,,,,,5,19.8,ok
TIC 377230972,186.0775,0.7286,9.03,0,,,,,2,19.4,ok
TIC 60227953,121.4975,14.7265,9.03,0,,,,,3,22.0,ok
TIC 381715082,197.0531,3.7765,9.03,0,,,,,3,22.1,ok
TIC 330755009,144.1767,24.3056,9.03,0,,,,,4,23.3,ok
TIC 366756533,188.6405,0.1887,9.03,0,,,,,2,16.3,ok
TIC 165831070,122.4661,31.3786,9.04,0,,,,,7,24.9,ok
TIC 262712028,148.9289,1.1874,9.04,0,,,,,4,18.5,ok
TIC 334411605,122.8375,9.5118,9.04,0,,,,,?,159.9,timeout
TIC 14455755,125.2046,18.7387,9.04,0,,,,,4,17.9,ok
TIC 149492620,163.7057,13.2776,9.04,0,,,,,2,15.1,ok
TIC 350339471,165.9192,11.4849,9.04,0,,,,,3,20.0,ok
TIC 350069135,155.762,7.9209,9.04,0,,,,,2,21.8,ok
TIC 47351457,162.4984,-4.2638,9.04,0,,,,,4,20.7,ok
TIC 16135628,114.9395,16.6594,9.04,0,,,,,6,21.7,ok
TIC 171652125,159.5006,22.0742,9.04,0,,,,,1,14.3,ok
TIC 297026259,187.0348,-14.0452,9.04,0,,,,,1,14.1,ok
TIC 171601691,158.048,22.6614,9.04,0,,,,,2,15.4,ok
TIC 399056583,187.7095,8.4453,9.04,0,,,,,4,19.5,ok
TIC 115018287,201.8724,-0.3772,9.04,0,,,,,2,14.8,ok
TIC 147678484,185.3626,-3.5384,9.04,0,,,,,2,15.1,ok
TIC 455278748,146.9391,4.6104,9.04,0,,,,,7,25.7,ok
TIC 95362836,154.4309,23.8093,9.04,0,,,,,3,15.2,ok
TIC 393717026,201.2299,4.2426,9.04,0,,,,,4,18.2,ok
TIC 319404852,194.0753,-7.408,9.04,0,,,,,1,13.0,ok
TIC 97466549,124.4624,28.4976,9.05,0,,,,,4,17.3,ok
TIC 443999796,131.3718,8.5503,9.05,0,,,,,5,21.0,ok
TIC 14344965,163.7662,-0.8051,9.05,0,,,,,4,13.5,ok
TIC 95779880,161.1667,20.7051,9.05,0,,,,,4,15.8,ok
TIC 26983230,150.2243,19.9483,9.05,0,,,,,6,24.3,ok
TIC 14366040,110.5481,13.1723,9.05,0,,,,,1,12.1,ok
TIC 332110930,129.9273,30.7171,9.05,0,,,,,5,17.9,ok
TIC 87958113,146.2547,22.8072,9.05,0,,,,,6,21.7,ok
TIC 67402493,171.2047,12.3255,9.05,0,,,,,3,14.5,ok
TIC 455274775,146.6245,1.7036,9.05,0,,,,,2,16.4,ok
TIC 363459649,169.769,0.1468,9.05,0,,,,,1,14.0,ok
TIC 126135768,110.1559,24.9791,9.05,0,,,,,3,20.1,ok
TIC 411187242,153.2892,9.5921,9.05,0,,,,,2,18.7,ok
TIC 376865408,181.5584,4.1952,9.05,0,,,,,1,13.3,ok
TIC 77126610,167.5693,17.6977,9.05,0,,,,,3,15.3,ok
TIC 186851960,124.6894,16.0287,9.05,0,,,,,3,21.1,ok
TIC 397519538,182.4257,8.697,9.06,0,,,,,2,15.8,ok
TIC 275248435,147.889,3.1543,9.06,0,,,,,3,20.0,ok
TIC 286830958,166.0415,13.7329,9.06,0,,,,,5,18.4,ok
TIC 98663961,185.9321,-7.3239,9.06,0,,,,,2,18.6,ok
TIC 399121687,189.9242,7.061,9.06,0,,,,,3,21.3,ok
TIC 389346891,184.2387,6.2231,9.06,0,,,,,4,23.8,ok
TIC 70435557,114.6382,18.9989,9.06,0,,,,,3,18.3,ok
TIC 277839386,156.5324,3.9007,9.06,0,,,,,2,13.7,ok
TIC 330636083,136.133,16.8344,9.06,0,,,,,5,17.9,ok
TIC 406323309,142.9635,7.2951,9.06,0,,,,,4,16.2,ok
TIC 405801241,142.3348,10.796,9.06,0,,,,,2,15.4,ok
TIC 46365528,133.4913,13.3107,9.06,0,,,,,3,15.1,ok
TIC 63189442,156.6745,16.7647,9.06,0,,,,,3,14.8,ok
TIC 386883040,136.6905,20.3342,9.06,0,,,,,3,16.0,ok
TIC 63816126,162.2661,14.7758,9.06,0,,,,,4,18.8,ok
TIC 82118592,197.4778,-1.4037,9.06,0,,,,,2,24.4,ok
TIC 388939353,188.1166,3.3406,9.06,0,,,,,2,26.0,ok
TIC 35019784,179.6373,0.0386,9.06,0,,,,,1,16.7,ok
TIC 389331001,184.0486,9.6457,9.06,0,,,,,2,15.0,ok
TIC 247087176,112.5901,13.417,9.06,0,,,,,3,18.7,ok
TIC 94924490,186.4608,-1.1111,9.06,0,,,,,1,12.3,ok
TIC 363479514,170.1611,3.6192,9.06,0,,,,,2,13.2,ok
TIC 95339553,153.5877,20.4359,9.06,0,,,,,3,18.9,ok
TIC 392797582,157.3024,9.2723,9.06,0,,,,,4,14.9,ok
TIC 94894052,186.268,-4.0427,9.06,0,,,,,2,11.9,ok
TIC 77128654,167.7245,17.0631,9.06,0,,,,,4,15.4,ok
TIC 91966786,144.084,19.4417,9.06,0,,,,,1,10.2,ok
TIC 149969346,184.8914,2.7266,9.06,0,,,,,2,14.0,ok
TIC 318092905,161.7101,-0.1556,9.07,0,,,,,3,13.8,ok
TIC 46363406,133.3774,16.9885,9.07,0,,,,,3,16.7,ok
TIC 60992183,112.5249,19.9802,9.07,0,,,,,3,18.0,ok
TIC 440798853,109.2598,13.2275,9.07,0,,,,,4,21.9,ok
TIC 345899735,192.8703,-16.162,9.07,0,,,,,4,17.9,ok
TIC 2453945,193.6834,-16.2713,9.07,0,,,,,3,20.2,ok
TIC 389356912,184.8718,6.2277,9.07,0,,,,,3,20.9,ok
TIC 325254679,176.7862,1.5099,9.07,0,,,,,2,17.8,ok
TIC 366622444,128.1158,10.2303,9.07,0,,,,,4,21.7,ok
TIC 181913714,190.7812,-16.9968,9.07,0,,,,,2,20.0,ok
TIC 95436972,155.5541,21.1339,9.07,0,,,,,3,21.2,ok
TIC 239204271,149.1343,23.7626,9.07,0,,,,,2,23.5,ok
TIC 349947062,153.5513,10.5079,9.07,0,,,,,2,21.6,ok
TIC 110995893,188.6748,-8.0574,9.07,0,,,,,1,19.9,ok
TIC 363478902,170.0935,4.6044,9.07,0,,,,,1,19.8,ok
TIC 143024848,166.7903,-6.1059,9.07,0,,,,,4,21.4,ok
TIC 124608700,159.6714,-2.9911,9.07,0,,,,,7,28.6,ok
TIC 77172908,168.6027,15.5144,9.07,0,,,,,4,23.4,ok
TIC 281906892,175.4399,5.1937,9.07,0,,,,,3,20.5,ok
TIC 372444180,165.2588,15.966,9.07,0,,,,,5,25.3,ok
TIC 392817970,157.7146,11.2577,9.07,0,,,,,4,27.6,ok
TIC 77147403,168.3244,12.2447,9.07,0,,,,,3,19.6,ok
TIC 55398484,141.5249,16.4748,9.07,0,,,,,3,20.4,ok
TIC 173163387,173.2039,-5.7935,9.07,0,,,,,4,18.5,ok
TIC 437056457,135.1563,16.5657,9.07,0,,,,,3,22.2,ok
TIC 275251307,148.1628,3.13,9.08,0,,,,,4,20.6,ok
TIC 87958303,146.232,23.6073,9.08,0,,,,,6,23.7,ok
TIC 277713348,153.5736,3.2165,9.08,0,,,,,3,17.1,ok
TIC 115070119,202.0991,-5.2411,9.08,0,,,,,1,12.4,ok
TIC 178950822,200.3931,-6.6807,9.08,0,,,,,1,12.9,ok
TIC 239207628,157.2441,19.5779,9.08,0,,,,,4,17.4,ok
TIC 422336247,196.6681,6.4452,9.08,0,,,,,3,13.9,ok
TIC 365066081,201.9411,0.28,9.08,0,,,,,4,18.2,ok
TIC 386825419,120.4308,23.7068,9.08,0,,,,,3,13.8,ok
TIC 330691413,136.7974,16.3461,9.08,0,,,,,3,16.6,ok
TIC 366697891,178.2569,0.0508,9.08,0,,,,,1,12.0,ok
TIC 376876309,181.9325,4.8213,9.08,0,,,,,1,11.4,ok
TIC 380766769,193.2689,0.3335,9.08,0,,,,,1,10.7,ok
TIC 152827142,181.7153,-6.7009,9.08,0,,,,,2,18.8,ok
TIC 96197975,179.3502,0.1133,9.08,0,,,,,1,12.0,ok
TIC 247117382,112.8418,15.9327,9.09,0,,,,,3,16.0,ok
TIC 344889939,151.0974,6.0111,9.09,0,,,,,2,14.0,ok
TIC 124624070,196.32,-4.6754,9.09,0,,,,,2,15.4,ok
TIC 425276653,111.767,10.581,9.09,0,,,,,7,23.0,ok
TIC 14368430,110.5276,15.7569,9.09,0,,,,,6,26.4,ok
TIC 335628205,183.7273,-12.6277,9.09,0,,,,,3,18.7,ok
TIC 366700537,182.6282,4.7499,9.09,0,,,,,1,12.1,ok
TIC 197193616,133.0545,23.7272,9.09,0,,,,,3,19.1,ok
TIC 173098606,172.1332,-2.0525,9.09,0,,,,,3,17.6,ok
TIC 392798140,157.378,6.3341,9.09,0,,,,,3,14.2,ok
TIC 387278384,109.9556,13.3731,9.09,0,,,,,?,151.2,timeout
TIC 349793830,143.4548,24.2626,9.09,0,,,,,5,18.9,ok
TIC 397535026,182.703,10.0826,9.09,0,,,,,3,17.1,ok
TIC 239187687,113.6494,31.8882,9.09,0,,,,,4,22.0,ok
TIC 17814414,118.3091,17.6792,9.09,0,,,,,3,20.6,ok
TIC 38211847,171.6934,-2.9831,9.09,0,,,,,5,20.4,ok
TIC 411101290,150.5866,10.1007,9.09,0,,,,,2,13.0,ok
TIC 397025787,178.8592,2.2847,9.09,0,,,,,2,13.3,ok
TIC 184914665,131.3109,20.9975,9.09,0,,,,,4,14.2,ok
TIC 290948489,168.8343,8.2249,9.09,0,,,,,2,10.3,ok
TIC 144297476,178.8053,-11.675,9.09,0,,,,,3,12.9,ok
TIC 1695058,195.7315,-15.3616,9.09,0,,,,,2,11.9,ok
TIC 294502240,122.2476,14.7038,9.1,0,,,,,3,13.0,ok
TIC 443852330,121.428,11.7829,9.1,0,,,,,5,17.4,ok
TIC 290949483,168.9658,8.1462,9.1,0,,,,,3,16.6,ok
TIC 302263382,125.9928,26.4319,9.1,0,,,,,4,17.0,ok
TIC 8071657,158.0484,-1.9263,9.1,0,,,,,4,16.3,ok
TIC 319404561,193.983,-6.0668,9.1,0,,,,,1,14.8,ok
TIC 49546773,175.8289,-4.9783,9.1,0,,,,,4,16.0,ok
TIC 70124220,113.117,18.4815,9.1,0,,,,,3,9.9,ok
TIC 155012122,143.8877,16.285,9.1,0,,,,,4,14.6,ok
TIC 94967032,114.1676,24.638,9.1,0,,,,,3,12.6,ok
TIC 266475877,138.2886,9.269,9.1,0,,,,,4,18.7,ok
TIC 277913951,157.6544,0.2277,9.1,0,,,,,1,9.7,ok
TIC 87952511,145.8035,22.2121,9.1,0,,,,,3,15.2,ok
TIC 397483348,181.5107,10.1348,9.1,0,,,,,2,13.0,ok
TIC 337284132,164.0593,20.0629,9.1,0,,,,,2,10.6,ok
TIC 14343469,163.7046,-4.542,9.1,0,,,,,3,12.8,ok
TIC 396929378,171.3476,6.1082,9.11,0,,,,,3,12.1,ok
TIC 239132512,112.0898,31.1225,9.11,0,,,,,5,16.1,ok
TIC 95342829,153.901,19.2391,9.11,0,,,,,3,14.8,ok
TIC 239136340,112.2337,33.4544,9.11,0,,,,,5,17.9,ok
TIC 138660880,136.321,25.6276,9.11,0,,,,,7,22.0,ok
TIC 323595442,136.2409,7.825,9.11,0,,,,,4,13.9,ok
TIC 172830698,127.4636,31.3756,9.11,0,,,,,4,15.5,ok
TIC 429302445,188.2997,-8.1906,9.11,0,,,,,1,8.8,ok
TIC 143453503,155.5963,-1.1475,9.11,0,,,,,4,14.2,ok
TIC 283746609,134.3486,9.4276,9.11,0,,,,,4,14.3,ok
TIC 134979752,198.0954,-6.5006,9.11,0,,,,,2,9.7,ok
TIC 320419323,118.1326,11.3275,9.11,0,,,,,8,25.4,ok
TIC 381755762,197.5765,6.013,9.11,0,,,,,2,11.1,ok
TIC 302262138,125.8882,25.1495,9.11,0,,,,,3,12.3,ok
TIC 411100754,150.6494,7.0163,9.11,0,,,,,2,11.2,ok
TIC 380546841,173.9913,0.4199,9.11,0,,,,,2,9.4,ok
TIC 277697636,153.3088,2.4192,9.11,0,,,,,1,8.7,ok
TIC 458656973,129.4425,8.8673,9.11,0,,,,,5,16.1,ok
TIC 361919590,127.2649,31.7926,9.12,0,,,,,4,13.4,ok
TIC 173098868,172.1619,-3.3774,9.12,0,,,,,3,16.2,ok
TIC 130724900,203.5618,-4.9572,9.12,0,,,,,2,14.4,ok
TIC 345031273,152.7127,1.7722,9.12,0,,,,,1,10.0,ok
TIC 271135925,119.0698,11.7246,9.12,0,,,,,5,15.6,ok
TIC 405464399,141.7554,7.177,9.12,0,,,,,4,12.0,ok
TIC 38212086,171.6258,-3.98,9.12,0,,,,,4,17.1,ok
TIC 308179673,197.6318,-15.1713,9.12,0,,,,,4,15.8,ok
TIC 388769962,171.5565,10.2778,9.12,0,,,,,5,18.4,ok
TIC 903463899,165.9502,14.6033,9.12,0,,,,,5,19.0,ok
TIC 453453566,169.8811,-6.2428,9.12,0,,,,,6,28.1,ok
TIC 397553666,183.0303,9.5564,9.12,0,,,,,2,14.8,ok
TIC 91902076,142.3864,23.7608,9.12,0,,,,,4,13.5,ok
TIC 178925381,199.5937,-11.5181,9.12,0,,,,,2,16.1,ok
TIC 66672266,185.1696,-1.1254,9.12,0,,,,,1,9.8,ok
TIC 185218559,173.5316,-9.0859,9.12,0,,,,,3,16.6,ok
TIC 392847184,158.5999,11.8588,9.12,0,,,,,4,15.4,ok
TIC 376758233,179.8892,0.1643,9.12,0,,,,,1,13.9,ok
TIC 377229313,185.8761,2.8518,9.12,0,,,,,1,13.0,ok
TIC 396949276,179.7792,7.5834,9.12,0,,,,,2,15.0,ok
TIC 85979461,138.0585,22.8025,9.13,0,,,,,7,20.9,ok
TIC 344926234,151.5576,3.9465,9.13,0,,,,,5,19.2,ok
TIC 453051486,145.1809,2.4869,9.13,0,,,,,4,16.3,ok
TIC 77644776,154.0721,-0.6416,9.13,0,,,,,6,22.1,ok
TIC 358789714,161.1115,17.6471,9.13,0,,,,,2,12.6,ok
TIC 26986611,150.6206,21.3184,9.13,0,,,,,4,17.0,ok
TIC 26986790,150.6065,22.2672,9.13,0,,,,,4,15.5,ok
TIC 95625368,121.5135,28.5143,9.13,0,,,,,5,20.5,ok
TIC 374312260,160.0067,0.8699,9.13,0,,,,,5,15.1,ok
TIC 82120205,197.5726,-3.4554,9.13,0,,,,,2,17.7,ok
TIC 20496343,128.1266,15.8234,9.13,0,,,,,3,15.0,ok
TIC 195212925,141.6883,13.3718,9.13,0,,,,,1,12.2,ok
TIC 366399958,126.2518,10.9175,9.13,0,,,,,2,14.7,ok
TIC 172753130,125.1713,32.3956,9.13,0,,,,,?,291.7,timeout
TIC 393495855,160.6251,6.6699,9.13,0,,,,,3,9.4,ok
TIC 393546540,161.157,6.3334,9.13,0,,,,,3,10.4,ok
TIC 377167828,149.9393,9.0886,9.13,0,,,,,4,22.1,ok
TIC 380154286,172.3146,0.7295,9.13,0,,,,,3,22.9,ok
TIC 172516274,142.4799,27.1638,9.14,0,,,,,4,18.0,ok
TIC 203236966,135.4843,20.5393,9.14,0,,,,,1,13.5,ok
TIC 95837527,161.8242,18.2941,9.14,0,,,,,4,21.2,ok
TIC 82328652,123.799,19.6211,9.14,0,,,,,4,26.3,ok
TIC 53206460,166.7352,-5.5879,9.14,0,,,,,4,19.8,ok
TIC 96243779,181.3688,-2.3299,9.14,0,,,,,2,15.0,ok
TIC 51689149,190.2544,-4.7565,9.14,0,,,,,2,16.1,ok
TIC 171300396,118.232,27.7466,9.14,0,,,,,5,16.7,ok
TIC 17819466,118.4697,14.877,9.14,0,,,,,3,17.1,ok
TIC 70667124,155.5834,12.1457,9.14,0,,,,,3,11.8,ok
TIC 335813325,183.2768,11.938,9.14,0,,,,,2,16.3,ok
TIC 26920594,112.4146,24.5218,9.14,0,,,,,5,18.2,ok
TIC 446672588,178.2351,-1.2709,9.14,0,,,,,2,10.2,ok
TIC 67445097,171.4545,13.993,9.14,0,,,,,4,16.5,ok
TIC 374311938,159.9822,2.5049,9.15,0,,,,,2,15.5,ok
TIC 27066925,151.866,19.5965,9.15,0,,,,,3,15.6,ok
TIC 96195837,179.2163,-2.5769,9.15,0,,,,,1,10.8,ok
TIC 175264729,130.1918,19.3095,9.15,0,,,,,3,12.8,ok
TIC 366399025,126.1522,10.5236,9.15,0,,,,,3,10.9,ok
TIC 393746575,116.5432,28.973,9.15,0,,,,,?,1028.4,timeout
TIC 203226475,135.1263,23.6404,9.15,0,,,,,6,19.0,ok
TIC 173165643,173.3832,-4.688,9.15,0,,,,,3,13.8,ok
TIC 14803242,114.0721,15.5922,9.15,0,,,,,3,14.3,ok
TIC 147696746,185.793,-4.9119,9.15,0,,,,,1,11.7,ok
TIC 239157790,113.2779,31.2857,9.15,0,,,,,5,17.9,ok
TIC 38065794,169.502,-3.1926,9.15,0,,,,,5,18.7,ok
TIC 361977960,143.9851,24.0344,9.15,0,,,,,3,16.5,ok
TIC 171578492,156.5123,18.3495,9.15,0,,,,,3,15.5,ok
TIC 239181476,113.3793,32.2889,9.15,0,,,,,9,25.1,ok
TIC 134978856,198.0934,-10.1197,9.15,0,,,,,1,13.2,ok
TIC 1695088,195.7949,-15.2711,9.15,0,,,,,3,21.4,ok
TIC 176869838,182.8508,-10.0924,9.15,0,,,,,2,16.5,ok
TIC 95470426,155.7714,23.2187,9.15,0,,,,,3,14.6,ok
TIC 381726880,197.2557,0.6557,9.15,0,,,,,3,15.7,ok
TIC 17660071,117.3627,14.7898,9.15,0,,,,,5,18.6,ok
TIC 311965988,138.6249,8.3753,9.15,0,,,,,4,17.0,ok
TIC 14502672,125.3437,19.4773,9.16,0,,,,,3,16.0,ok
TIC 389431097,187.0235,9.3311,9.16,0,,,,,2,13.1,ok
TIC 443965249,129.9738,11.6114,9.16,0,,,,,5,19.0,ok
TIC 171578259,156.3818,18.7523,9.16,0,,,,,3,15.1,ok
TIC 350074673,156.0797,11.4486,9.16,0,,,,,2,15.0,ok
TIC 350546371,190.1244,0.7587,9.16,0,,,,,2,15.2,ok
TIC 157858555,204.5636,-1.2876,9.16,0,,,,,3,17.4,ok
TIC 66767745,200.2417,-3.2728,9.16,0,,,,,1,12.9,ok
TIC 345072855,155.0801,4.2914,9.16,0,,,,,2,17.0,ok
TIC 49522116,175.3538,-1.8243,9.16,0,,,,,2,13.0,ok
TIC 7060775,126.921,12.7689,9.16,0,,,,,?,159.5,timeout
TIC 468927421,118.2793,10.7031,9.16,0,,,,,?,285.9,timeout
TIC 366698658,178.3282,4.6958,9.16,0,,,,,1,16.3,ok
TIC 366484980,126.8968,11.6674,9.16,0,,,,,7,26.3,ok
TIC 86268770,181.8639,12.668,9.16,0,,,,,2,18.2,ok
TIC 405464469,141.5746,8.3281,9.16,0,,,,,3,17.2,ok
TIC 134944229,197.3704,-9.5989,9.16,0,,,,,1,13.5,ok
TIC 301500194,166.465,0.6075,9.16,0,,,,,1,17.1,ok
TIC 175290766,130.426,19.6605,9.16,0,,,,,4,19.7,ok
TIC 82071641,176.8828,-5.459,9.17,0,,,,,3,19.6,ok
TIC 385350679,196.2939,-12.7812,9.17,0,,,,,1,11.5,ok
TIC 86119420,140.4337,21.9608,9.17,0,,,,,5,18.0,ok
TIC 376866848,181.8043,0.8999,9.17,0,,,,,1,16.1,ok
TIC 78310494,177.7337,-5.6021,9.17,0,,,,,3,20.1,ok
TIC 444013584,133.3496,10.2617,9.17,0,,,,,4,20.4,ok
TIC 344891153,151.015,0.1721,9.17,0,,,,,4,18.8,ok
TIC 308182684,197.9583,-13.4536,9.17,0,,,,,1,12.2,ok
TIC 377249704,186.3955,1.2811,9.17,0,,,,,1,13.2,ok
TIC 392835285,158.272,12.0058,9.17,0,,,,,1,16.1,ok
TIC 380155275,172.4516,5.3321,9.17,0,,,,,3,18.1,ok
TIC 281930198,177.4539,2.3594,9.17,0,,,,,1,14.3,ok
TIC 130589524,187.165,-4.439,9.17,0,,,,,2,14.1,ok
TIC 171558482,156.3712,23.3605,9.18,0,,,,,2,14.4,ok
TIC 34987653,164.3579,-0.2472,9.18,0,,,,,3,16.5,ok
TIC 88006931,147.052,23.6714,9.18,0,,,,,4,20.1,ok
TIC 270044725,114.7574,10.0638,9.18,0,,,,,3,16.5,ok
TIC 165427762,173.056,16.395,9.18,0,,,,,4,19.4,ok
TIC 349947867,153.6177,8.6198,9.18,0,,,,,2,16.3,ok
TIC 126233371,121.1934,26.6199,9.18,0,,,,,6,19.1,ok
TIC 366528617,127.5237,10.6164,9.18,0,,,,,3,20.1,ok
TIC 172518755,142.7434,26.5399,9.18,0,,,,,?,11.4,erreur
TIC 126276880,133.9679,28.9593,9.18,0,,,,,5,19.5,ok
TIC 393487946,160.0594,6.6167,9.18,0,,,,,3,20.0,ok
TIC 156850170,148.4813,16.377,9.18,0,,,,,2,16.6,ok
TIC 396956371,173.0488,0.7205,9.18,0,,,,,3,17.3,ok
TIC 117122321,128.9497,24.7461,9.18,0,,,,,3,18.0,ok
TIC 38086090,169.4414,-5.8576,9.18,0,,,,,?,561.0,timeout
TIC 85994482,138.4646,22.3502,9.18,0,,,,,?,293.1,timeout
TIC 301628546,178.6087,5.2159,9.19,0,,,,,1,18.6,ok
TIC 91989397,144.6833,19.8625,9.19,0,,,,,3,19.0,ok
TIC 350073677,155.9716,6.2841,9.19,0,,,,,3,17.7,ok
TIC 176878208,183.0433,-11.5595,9.19,0,,,,,2,14.2,ok
TIC 144196547,177.5857,-9.1902,9.19,0,,,,,3,17.1,ok
TIC 63101291,117.8849,23.4012,9.19,0,,,,,2,15.2,ok
TIC 287482568,164.6723,9.1752,9.19,0,,,,,2,19.9,ok
TIC 277914391,157.6264,2.3279,9.19,0,,,,,3,21.6,ok
TIC 77147338,168.3641,12.5493,9.19,0,,,,,3,25.4,ok
TIC 331988850,132.0458,22.6143,9.19,0,,,,,4,22.2,ok
TIC 293254152,118.6913,20.8442,9.19,0,,,,,4,19.7,ok
TIC 56721871,181.576,-3.8459,9.19,0,,,,,1,16.2,ok
TIC 70721788,156.5542,15.4105,9.19,0,,,,,3,13.9,ok
TIC 61109239,154.5657,17.4535,9.19,0,,,,,3,20.1,ok
TIC 82050693,176.2435,-0.8151,9.19,0,,,,,1,12.5,ok
TIC 302305072,126.4056,26.3048,9.19,0,,,,,4,21.5,ok
TIC 393716163,201.0675,2.9978,9.2,0,,,,,3,18.7,ok
TIC 377128872,149.171,10.7637,9.2,0,,,,,4,18.9,ok
TIC 301499224,166.2874,5.2152,9.2,0,,,,,2,16.8,ok
TIC 95363736,154.5511,19.7172,9.2,0,,,,,3,19.1,ok
TIC 411186006,153.1421,10.2974,9.2,0,,,,,2,14.2,ok
TIC 67401283,170.9877,17.6268,9.2,0,,,,,3,17.6,ok
TIC 415640398,112.8491,24.9187,9.2,0,,,,,3,19.6,ok
TIC 3578290,126.9123,27.5643,9.2,0,,,,,4,20.0,ok
TIC 239200020,148.743,23.0157,9.2,0,,,,,2,17.2,ok
TIC 138660798,136.3248,25.2962,9.2,0,,,,,5,23.2,ok
TIC 98753217,187.3761,-10.6405,9.2,0,,,,,3,18.2,ok
TIC 186812530,124.3203,12.6013,9.2,0,,,,,?,569.9,timeout
TIC 55286896,139.9107,13.4837,9.2,0,,,,,?,541.6,timeout
TIC 98581715,184.8391,-7.3981,9.21,0,,,,,?,540.7,timeout
TIC 458681989,129.8202,11.1493,9.21,0,,,,,?,540.7,timeout
TIC 374223799,158.612,3.4473,9.21,0,,,,,?,540.7,timeout
TIC 70655868,155.2333,17.2061,9.21,0,,,,,?,540.7,timeout
TIC 364980235,163.8092,9.9745,9.21,0,,,,,?,540.7,timeout
TIC 386640303,195.1722,-2.5904,9.21,0,,,,,?,540.7,timeout
TIC 238610462,160.9427,14.6738,9.21,0,,,,,?,540.7,timeout
TIC 291156094,190.6573,1.625,9.21,0,,,,,?,540.7,timeout
TIC 60228133,121.4697,14.3552,9.21,0,,,,,?,540.7,timeout
TIC 393486195,159.8884,7.8227,9.21,0,,,,,?,540.7,timeout
TIC 66780347,200.6556,-2.5902,9.21,0,,,,,?,418.8,timeout
TIC 377248942,186.3432,5.9081,9.21,0,,,,,3,20.2,ok
TIC 155558917,159.2696,14.173,9.21,0,,,,,1,15.5,ok
TIC 3799975,128.7831,26.9438,9.21,0,,,,,5,22.5,ok
TIC 95360141,154.1649,22.9436,9.21,0,,,,,4,22.5,ok
TIC 171598367,156.7165,19.0124,9.21,0,,,,,3,14.3,ok
TIC 98629601,185.5489,-8.8779,9.21,0,,,,,1,12.2,ok
TIC 345037098,154.7324,1.8372,9.21,0,,,,,2,10.8,ok
TIC 349794296,143.6272,25.8411,9.21,0,,,,,5,15.3,ok
TIC 124613550,195.9098,-1.1287,9.21,0,,,,,1,10.1,ok
TIC 347756438,198.7739,-16.2484,9.21,0,,,,,2,16.5,ok
TIC 86281656,182.6745,12.2798,9.22,0,,,,,1,11.5,ok
TIC 126234598,133.2692,25.0535,9.22,0,,,,,4,18.5,ok
TIC 126322311,135.2473,29.2345,9.22,0,,,,,4,15.4,ok
TIC 376917988,205.4095,1.2904,9.22,0,,,,,2,12.7,ok
TIC 366755707,188.6917,5.6966,9.22,0,,,,,3,14.5,ok
TIC 63816143,162.2812,14.7016,9.22,0,,,,,2,13.5,ok
TIC 95747150,160.3051,21.2471,9.22,0,,,,,5,16.2,ok
TIC 366484437,126.8506,10.1975,9.22,0,,,,,5,28.9,ok
TIC 344891044,151.0113,0.592,9.22,0,,,,,4,19.8,ok
TIC 175291987,130.5836,20.0365,9.22,0,,,,,2,12.2,ok
TIC 175290433,130.4165,20.6721,9.22,0,,,,,4,14.2,ok
TIC 134879211,196.6707,-9.5724,9.22,0,,,,,2,15.3,ok
TIC 277775869,155.4702,5.3408,9.22,0,,,,,2,19.0,ok
TIC 307678344,129.3662,19.5625,9.22,0,,,,,2,12.1,ok
TIC 389430889,187.0092,7.9385,9.22,0,,,,,4,15.2,ok
TIC 152701708,179.7717,-6.1952,9.22,0,,,,,1,11.8,ok
TIC 380545382,173.7859,2.8495,9.23,0,,,,,2,11.8,ok
TIC 323569120,135.9838,7.6827,9.23,0,,,,,5,16.6,ok
TIC 171578851,156.4935,20.3487,9.23,0,,,,,3,12.2,ok
TIC 14490935,110.937,17.263,9.23,0,,,,,3,12.8,ok
TIC 51662749,189.853,-4.1892,9.23,0,,,,,1,10.5,ok
TIC 374171597,157.7326,2.2123,9.23,0,,,,,4,15.2,ok
TIC 350441239,167.7837,8.0467,9.23,0,,,,,2,12.7,ok
TIC 350545368,189.9727,5.8692,9.23,0,,,,,2,14.2,ok
TIC 193017935,143.3587,12.8107,9.23,0,,,,,2,16.4,ok
TIC 388817627,172.9255,10.0801,9.23,0,,,,,4,14.6,ok
TIC 389236848,152.0314,11.2808,9.23,0,,,,,4,16.4,ok
TIC 173164345,173.1854,-1.4467,9.23,0,,,,,3,15.2,ok
TIC 358711466,150.0816,14.4463,9.23,0,,,,,2,8.4,ok
TIC 411249281,195.26,3.6941,9.23,0,,,,,2,11.1,ok
TIC 345078585,164.7038,2.9869,9.23,0,,,,,1,14.0,ok
TIC 3642856,126.8356,28.4234,9.23,0,,,,,4,14.7,ok
TIC 51759194,190.7751,-0.5383,9.23,0,,,,,2,19.3,ok
TIC 53210174,166.9387,-0.6001,9.23,0,,,,,2,12.6,ok
TIC 312023873,139.4488,8.8566,9.23,0,,,,,5,21.5,ok
TIC 293463168,132.0931,14.8959,9.23,0,,,,,3,20.5,ok
TIC 88098077,148.364,21.8121,9.23,0,,,,,2,18.4,ok
TIC 374239639,158.9505,2.5547,9.24,0,,,,,2,23.2,ok
TIC 59582395,145.8081,15.7506,9.24,0,,,,,4,22.0,ok
TIC 380546037,173.997,5.1505,9.24,0,,,,,3,16.1,ok
TIC 388844000,173.5408,11.4143,9.24,0,,,,,3,21.3,ok
TIC 333523082,126.1736,31.5851,9.24,0,,,,,4,21.3,ok
TIC 458689266,169.3178,17.5709,9.24,0,,,,,4,23.5,ok
TIC 178924764,199.4063,-9.6621,9.24,0,,,,,1,19.3,ok
TIC 389356268,184.7135,10.6268,9.24,0,,,,,1,14.1,ok
TIC 184917131,131.5847,18.0357,9.24,0,,,,,3,24.4,ok
TIC 62895461,116.631,22.5465,9.24,0,,,,,3,18.8,ok
TIC 393565079,162.2588,9.8511,9.24,0,,,,,2,20.4,ok
TIC 365158924,203.4776,1.8498,9.24,0,,,,,2,20.3,ok
TIC 117409235,132.2234,29.5088,9.25,0,,,,,5,21.8,ok
TIC 437033506,132.5806,8.3867,9.25,0,,,,,4,22.5,ok
TIC 20572714,128.5343,12.6131,9.25,0,,,,,2,15.0,ok
TIC 389195908,145.9084,9.5746,9.25,0,,,,,3,17.5,ok
TIC 95856949,162.4412,18.086,9.25,0,,,,,2,19.0,ok
TIC 396931970,176.2522,11.5407,9.25,0,,,,,3,19.2,ok
TIC 406867344,143.7212,8.5046,9.25,0,,,,,1,19.3,ok
TIC 286098249,138.2929,5.4838,9.25,0,,,,,7,30.2,ok
TIC 393545461,161.0899,11.3356,9.25,0,,,,,3,24.0,ok
TIC 175735063,194.397,-2.7601,9.25,0,,,,,2,21.0,ok
TIC 349065087,185.054,-12.0098,9.25,0,,,,,3,18.3,ok
TIC 440758929,108.4317,15.6799,9.25,0,,,,,2,22.8,ok
TIC 269919151,194.7805,-0.4284,9.25,0,,,,,2,22.2,ok
TIC 397435272,180.4982,9.5784,9.25,0,,,,,2,20.2,ok
TIC 440790477,109.0738,14.3897,9.25,0,,,,,7,28.2,ok
TIC 397056436,183.7387,1.0488,9.25,0,,,,,2,23.2,ok
TIC 376813027,180.8408,3.2251,9.25,0,,,,,2,25.8,ok
TIC 171579692,156.5446,22.7288,9.25,0,,,,,3,25.8,ok
TIC 185247253,174.8836,-8.6902,9.25,0,,,,,6,29.8,ok
TIC 14701843,126.992,22.102,9.25,0,,,,,3,15.2,ok
TIC 323601584,136.6346,6.2598,9.26,0,,,,,4,28.5,ok
TIC 95340106,153.6401,17.8895,9.26,0,,,,,3,21.3,ok
TIC 289945444,191.8811,-14.7445,9.26,0,,,,,3,17.7,ok
TIC 27072924,152.5464,19.4835,9.26,0,,,,,5,23.1,ok
TIC 26984298,150.3359,20.9974,9.26,0,,,,,4,24.5,ok
TIC 363532690,171.2218,5.3992,9.26,0,,,,,3,24.3,ok
TIC 350448363,176.7886,8.013,9.26,0,,,,,5,27.5,ok
TIC 171521630,119.918,26.5183,9.26,0,,,,,3,27.3,ok
TIC 365031277,164.9604,11.9043,9.26,0,,,,,2,25.2,ok
TIC 312187846,141.2423,8.9776,9.26,0,,,,,2,20.8,ok
TIC 443899993,122.3032,9.6877,9.26,0,,,,,5,18.0,ok
TIC 175262180,130.0052,20.1355,9.26,0,,,,,4,15.1,ok
TIC 270510839,135.7127,6.0084,9.26,0,,,,,5,20.1,ok
TIC 14437086,124.8807,23.2968,9.26,0,,,,,6,18.1,ok
TIC 462514427,124.8605,25.9993,9.26,0,,,,,4,14.5,ok
TIC 262735814,149.4332,4.26,9.26,0,,,,,3,12.9,ok
TIC 130611274,187.6187,-4.4276,9.26,0,,,,,1,9.7,ok
TIC 97387549,124.0106,27.0141,9.26,0,,,,,4,12.1,ok
TIC 277810148,156.0472,3.83,9.26,0,,,,,2,9.8,ok
TIC 172518510,142.6908,27.9296,9.26,0,,,,,1,13.8,ok
TIC 344989156,152.4167,5.7202,9.26,0,,,,,4,17.3,ok
TIC 397436255,180.6198,7.7212,9.26,0,,,,,2,12.6,ok
TIC 393629370,199.104,2.1199,9.27,0,,,,,3,11.3,ok
TIC 440736236,108.3859,13.3009,9.27,0,,,,,5,16.7,ok
TIC 70466620,114.9116,19.9518,9.27,0,,,,,3,11.1,ok
TIC 396901952,168.8222,-7.2086,9.27,0,,,,,3,10.4,ok
TIC 144272751,178.5245,-8.7051,9.27,0,,,,,3,9.4,ok
TIC 399073086,188.043,7.6389,9.27,0,,,,,2,14.1,ok
TIC 184892072,130.6848,19.5799,9.27,0,,,,,4,13.1,ok
TIC 95740304,122.3803,26.3355,9.27,0,,,,,4,14.8,ok
TIC 62823554,116.3073,19.0506,9.27,0,,,,,3,14.0,ok
TIC 376852910,181.3189,1.7067,9.27,0,,,,,1,9.4,ok
TIC 26925183,149.4515,21.8784,9.27,0,,,,,5,18.3,ok
TIC 95342953,153.9398,19.8487,9.27,0,,,,,3,10.4,ok
TIC 82157640,197.9218,-4.0067,9.27,0,,,,,1,4.5,ok
TIC 405464416,141.7927,7.4597,9.27,0,,,,,2,14.2,ok
TIC 14803581,114.074,16.1198,9.27,0,,,,,3,16.4,ok
TIC 374314923,160.4229,1.2341,9.27,0,,,,,4,14.2,ok
TIC 388916424,175.0881,8.536,9.27,0,,,,,2,8.6,ok
TIC 277886841,157.1024,2.652,9.27,0,,,,,5,15.7,ok
TIC 364954609,162.9781,8.4349,9.27,0,,,,,2,10.7,ok
TIC 3576581,126.8127,25.7252,9.27,0,,,,,4,15.3,ok
TIC 458622541,124.936,9.7208,9.27,0,,,,,4,17.5,ok
TIC 387338576,110.0573,14.4401,9.28,0,,,,,3,8.4,ok
TIC 333523953,126.1346,30.1128,9.28,0,,,,,?,546.2,timeout
TIC 297140643,187.6349,-14.6744,9.28,0,,,,,5,8.0,ok
TIC 14675072,126.7538,21.957,9.28,1,1.4659,14.2,rejete,variabilite_continue,3,23.3,ok
TIC 192985630,142.9302,13.3577,9.28,0,,,,,2,5.4,ok
TIC 386893106,137.1532,22.4019,9.28,0,,,,,3,11.3,ok
TIC 281707057,162.3407,5.7088,9.28,0,,,,,2,8.6,ok
TIC 411278329,196.4114,4.8123,9.28,0,,,,,3,15.4,ok
TIC 78274082,177.4073,-1.3722,9.28,0,,,,,2,15.8,ok
TIC 389401529,185.7515,10.4488,9.28,0,,,,,3,18.1,ok
TIC 350023782,154.9657,7.2122,9.28,0,,,,,2,15.1,ok
TIC 365006789,164.0968,6.9981,9.28,0,,,,,3,9.6,ok
TIC 380730695,192.8384,1.4339,9.28,0,,,,,3,16.5,ok
TIC 443950840,123.628,8.9904,9.28,0,,,,,5,14.4,ok
TIC 319361376,193.7315,-6.3397,9.28,0,,,,,1,7.1,ok
TIC 14823999,179.2079,13.3764,9.28,0,,,,,4,7.9,ok
TIC 350337157,165.5729,10.1433,9.28,0,,,,,3,6.6,ok
TIC 3960336,152.0637,23.9385,9.28,0,,,,,4,7.5,ok
TIC 247047673,111.9976,14.6229,9.28,0,,,,,7,9.7,ok
TIC 134983602,198.5012,-8.812,9.28,0,,,,,1,16.8,ok
TIC 240175544,169.1805,14.7798,9.28,0,,,,,3,14.3,ok
TIC 117166209,129.8049,24.7663,9.29,0,,,,,3,12.6,ok
TIC 134866321,196.1029,-6.8782,9.29,0,,,,,2,12.4,ok
TIC 178247570,127.8472,21.3907,9.29,0,,,,,3,9.7,ok
TIC 165428216,173.1156,13.2966,9.29,0,,,,,4,16.7,ok
TIC 389040650,142.0157,3.5945,9.29,0,,,,,3,18.2,ok
TIC 277696341,153.3042,4.5553,9.29,0,,,,,5,20.0,ok
TIC 290905024,168.0183,9.8742,9.29,0,,,,,2,22.3,ok
TIC 86131557,140.5814,22.5364,9.29,0,,,,,5,12.0,ok
TIC 302261834,125.8519,26.2181,9.29,0,,,,,4,7.6,ok
TIC 38138098,170.4574,-2.2874,9.29,0,,,,,2,11.0,ok
TIC 469012379,144.6324,8.9001,9.29,0,,,,,2,5.4,ok
TIC 185223400,174.0018,-6.0871,9.29,0,,,,,6,10.5,ok
TIC 53188203,166.2732,-1.8008,9.29,0,,,,,2,10.1,ok
TIC 337633551,130.6106,13.5512,9.29,0,,,,,3,8.5,ok
TIC 195191362,129.1444,21.7986,9.29,0,,,,,2,13.9,ok
TIC 66604041,184.2608,-4.2514,9.29,0,,,,,1,4.9,ok
TIC 35065753,180.6353,-1.5747,9.29,0,,,,,1,4.7,ok
TIC 380697365,192.1846,1.1246,9.29,0,,,,,1,88.4,ok
TIC 286715585,142.9634,19.9949,9.29,0,,,,,2,5.8,ok
TIC 95339936,153.4871,18.8801,9.29,0,,,,,4,13.6,ok
TIC 396915485,170.9295,8.5647,9.29,0,,,,,2,7.5,ok
TIC 55287061,139.9456,12.7255,9.29,0,,,,,2,9.9,ok
TIC 101546875,129.6821,31.411,9.29,0,,,,,5,11.7,ok
TIC 40557939,185.4158,-13.6245,9.29,0,,,,,3,7.7,ok
TIC 302264267,126.0079,29.2467,9.3,0,,,,,4,10.6,ok
TIC 53206790,166.7296,-4.08,9.3,0,,,,,4,12.0,ok
TIC 347809209,198.907,-14.9828,9.3,0,,,,,4,10.7,ok
TIC 311967072,138.6303,8.0921,9.3,0,,,,,3,8.8,ok
TIC 95311815,153.1104,19.8921,9.3,0,,,,,3,10.2,ok
TIC 392090647,120.4393,23.0932,9.3,0,,,,,3,13.4,ok
TIC 95361265,154.2778,19.5584,9.3,0,,,,,4,11.0,ok
TIC 239198426,146.8419,26.3013,9.3,0,,,,,4,16.6,ok
TIC 365152613,203.1908,2.096,9.3,0,,,,,1,24.2,ok
TIC 95742888,159.7992,19.0343,9.3,0,,,,,6,27.4,ok
TIC 86069152,139.5211,21.7707,9.3,0,,,,,1,15.0,ok
TIC 257740556,198.6016,-5.0275,9.3,0,,,,,1,17.3,ok
TIC 405464313,141.7905,6.1547,9.3,0,,,,,3,20.4,ok
TIC 55381688,141.2638,13.4412,9.3,0,,,,,2,19.7,ok
TIC 361950907,126.5232,31.1358,9.3,0,,,,,4,24.5,ok
TIC 289446753,180.0117,-2.2433,9.31,0,,,,,1,18.0,ok
TIC 286036831,205.9967,2.1515,9.31,0,,17.9,rejete,variabilite_continue;eclipse_secondaire,3,19.0,ok
TIC 126317519,134.531,26.5638,9.31,0,,,,,3,16.9,ok
TIC 389038310,141.8417,5.34,9.31,0,,,,,7,18.2,ok
TIC 130635386,187.7912,-2.0669,9.31,0,,,,,1,9.7,ok
TIC 203280489,135.9014,20.1021,9.31,0,,,,,5,5.0,ok
TIC 95857383,162.4678,20.4913,9.31,0,,,,,3,6.2,ok
TIC 389356232,184.6413,10.8686,9.31,0,,,,,1,8.5,ok
TIC 397479483,181.0728,7.4055,9.31,0,,,,,2,13.5,ok
TIC 46362977,133.2878,17.5267,9.31,0,,,,,1,13.3,ok
TIC 421194234,178.6904,-3.0828,9.31,0,,,,,1,6.6,ok
TIC 181861865,190.2042,-13.3773,9.31,0,,,,,5,10.1,ok
TIC 397553250,182.9588,6.9376,9.32,0,,,,,2,9.7,ok
TIC 341500076,145.1772,16.2943,9.32,0,,,,,4,4.8,ok
TIC 453027266,144.1939,4.2877,9.32,0,,,,,6,11.1,ok
TIC 63168763,118.3123,23.2138,9.32,0,,,,,2,9.7,ok
TIC 355184905,147.4141,25.6028,9.32,0,,,,,4,13.3,ok
TIC 95436086,155.4364,21.4993,9.32,0,,,,,3,11.6,ok
TIC 345926304,192.9688,-14.0587,9.32,0,,,,,2,12.6,ok
TIC 56813183,183.3467,-1.4452,9.32,0,,,,,1,12.6,ok
TIC 26020723,195.2126,-14.5272,9.32,0,,,,,2,9.1,ok
TIC 178957250,200.6612,-7.5398,9.32,0,,,,,2,10.1,ok
TIC 196685221,202.8039,-6.8247,9.32,0,,,,,1,2.8,ok
TIC 389346864,184.2529,6.3896,9.32,0,,,,,2,5.7,ok
TIC 66692851,199.1082,-3.7973,9.32,0,,,,,1,7.6,ok
TIC 397520091,182.5333,6.7556,9.32,0,,,,,1,9.2,ok
TIC 393713584,200.836,1.4104,9.32,0,,,,,3,8.3,ok
TIC 157838982,204.0192,-1.3496,9.32,0,,,,,1,10.0,ok
TIC 388813612,172.6125,6.8443,9.32,0,,,,,2,14.8,ok
TIC 337606348,130.2479,17.2933,9.32,0,,,,,3,12.2,ok
TIC 14768025,113.7342,14.7645,9.33,0,,,,,4,12.7,ok
TIC 399089737,188.7502,9.8265,9.33,0,,,,,2,14.2,ok
TIC 117418155,137.6054,29.0372,9.33,0,,,,,1,13.0,ok
TIC 117419234,137.8234,25.5271,9.33,0,,,,,5,9.4,ok
TIC 66716111,199.4701,-5.5233,9.33,0,,,,,2,6.0,ok
TIC 323474731,135.208,7.2434,9.33,0,,,,,4,5.8,ok
TIC 95360348,154.1664,23.9541,9.33,0,,,,,3,8.1,ok
TIC 95628487,121.7648,27.8541,9.33,0,,,,,1,7.0,ok
TIC 97466072,124.4432,27.1686,9.33,0,,,,,4,7.3,ok
TIC 63239324,157.7276,15.9052,9.33,0,,,,,4,8.2,ok
TIC 14344831,163.8207,-1.4247,9.33,0,,,,,3,7.5,ok
TIC 32481722,190.2391,-7.1827,9.33,0,,,,,1,8.3,ok
TIC 14441939,110.7331,15.0224,9.33,0,,,,,4,8.4,ok
TIC 422246362,193.8052,7.0981,9.33,0,,,,,3,12.0,ok
TIC 95162390,114.8866,29.5597,9.34,0,,,,,4,31.4,ok
TIC 386824923,120.0687,23.079,9.34,0,,,,,4,15.5,ok
TIC 390645559,191.6111,6.1483,9.34,0,,,,,3,9.3,ok
TIC 77071867,166.7567,16.76,9.34,0,,,,,4,14.3,ok
TIC 27066495,151.737,18.2717,9.34,0,,,,,3,9.8,ok
TIC 49503763,175.0522,-1.9229,9.34,0,,,,,1,4.7,ok
TIC 363574025,172.402,2.3779,9.34,0,,,,,2,6.6,ok
TIC 125528227,144.5493,25.171,9.34,0,,,,,4,4.2,ok
TIC 425312588,168.5277,0.3159,9.34,0,,,,,2,8.9,ok
TIC 363618496,172.7256,3.3102,9.34,0,,,,,1,11.5,ok
TIC 183640381,171.4194,-6.2574,9.34,0,,,,,3,7.3,ok
TIC 349823921,143.7579,24.9042,9.34,0,,,,,3,12.2,ok
TIC 181860009,190.0615,-15.9997,9.34,0,,,,,3,13.6,ok
TIC 366567382,127.5703,8.9945,9.34,0,,,,,4,17.9,ok
TIC 302203338,125.0176,28.4701,9.35,0,,,,,4,13.8,ok
TIC 396950361,180.0307,11.8703,9.35,0,,,,,4,8.4,ok
TIC 130182439,117.457,26.202,9.35,0,,,,,3,7.4,ok
TIC 7977666,156.5233,-0.8631,9.35,0,,,,,6,15.5,ok
TIC 165914991,131.7426,30.6957,9.35,0,,,,,2,11.9,ok
TIC 247128235,113.0106,17.3183,9.35,0,,,,,2,5.9,ok
TIC 377098059,148.5102,9.3083,9.35,0,,,,,2,11.1,ok
TIC 56757936,181.9862,-0.6604,9.35,0,,,,,1,15.2,ok
TIC 184893020,130.7745,19.4375,9.35,0,,,,,4,10.1,ok
TIC 169251938,161.123,-2.3384,9.35,0,,,,,5,14.6,ok
TIC 19067842,120.0072,17.8281,9.35,0,,,,,3,12.9,ok
TIC 184892083,130.6694,19.5431,9.35,0,,,,,4,13.2,ok
TIC 330754178,144.1756,26.5924,9.35,0,,,,,4,12.2,ok
TIC 173146721,172.9794,0.0068,9.35,0,,,,,2,5.0,ok
TIC 363496745,170.462,4.3436,9.35,0,,,,,1,10.2,ok
TIC 358656344,149.1363,17.5032,9.35,0,,,,,2,9.7,ok
TIC 365095075,202.7806,2.3521,9.35,0,,,,,3,15.6,ok
TIC 203232564,184.3127,-7.8125,9.35,0,,,,,1,12.5,ok
TIC 149968200,184.5179,2.5854,9.35,0,,,,,1,10.4,ok
TIC 239209273,170.3415,16.4366,9.35,0,,,,,4,14.0,ok
TIC 453210422,117.9196,10.9305,9.35,0,,,,,4,16.0,ok
TIC 142986251,166.7225,-6.5312,9.35,0,,,,,6,12.2,ok
TIC 344926404,151.5257,3.0492,9.36,0,,,,,4,21.8,ok
TIC 21275457,129.532,17.0506,9.36,0,,,,,4,9.6,ok
TIC 386706160,189.0239,-13.8899,9.36,0,,,,,5,16.8,ok
TIC 356377303,170.1811,15.5695,9.36,0,,,,,3,12.2,ok
TIC 175262052,130.0202,19.7292,9.36,0,,,,,4,11.9,ok
TIC 149365500,138.7889,25.0202,9.36,0,,,,,5,12.6,ok
TIC 388924665,187.7114,0.8544,9.36,0,,,,,1,3.3,ok
TIC 19027824,119.6827,14.6828,9.36,0,,,,,3,16.4,ok
TIC 397479031,180.9179,7.5258,9.36,0,,,,,2,11.6,ok
TIC 377168746,150.0058,7.954,9.36,0,,,,,2,14.0,ok
TIC 82604982,176.482,14.6163,9.36,0,,,,,4,13.3,ok
TIC 3577245,126.891,24.2922,9.36,0,,,,,3,15.4,ok
TIC 357239630,169.5804,16.4679,9.36,0,,,,,1,10.6,ok
TIC 440782279,108.9071,17.0881,9.36,0,,,,,3,17.8,ok
TIC 422273960,194.3895,6.4874,9.36,0,,,,,3,16.8,ok
TIC 176878358,183.1248,-11.7667,9.36,0,,,,,3,10.6,ok
TIC 411154046,151.9558,10.8341,9.36,0,,,,,2,14.2,ok
TIC 173104166,172.3401,-5.7533,9.37,0,,,,,5,17.5,ok
TIC 1735435,197.1209,-17.9085,9.37,0,,,,,3,12.7,ok
TIC 364974921,163.6238,10.0706,9.37,0,,,,,2,19.1,ok
TIC 392852067,159.2103,6.6213,9.37,0,,,,,2,12.4,ok
TIC 175299533,151.7638,-0.1088,9.37,0,,,,,2,4.2,ok
TIC 38141337,170.7143,-5.418,9.37,0,,,,,3,3.6,ok
TIC 374238953,158.755,1.2179,9.37,0,,,,,3,11.1,ok
TIC 349456864,184.0436,-1.7605,9.37,0,,,,,2,9.0,ok
TIC 82070469,176.8283,0.1039,9.37,0,,,,,1,6.9,ok
TIC 165851903,122.8588,31.0123,9.37,0,,,,,4,11.4,ok
TIC 82200884,147.676,24.3152,9.37,0,,,,,4,5.1,ok
TIC 181861059,190.2102,-16.3423,9.37,0,,,,,3,8.4,ok
TIC 440765193,108.6304,13.8602,9.38,0,,,,,4,11.4,ok
TIC 397436810,180.8328,8.3089,9.38,0,,,,,2,5.1,ok
TIC 344955926,152.1719,3.2913,9.38,0,,,,,3,6.3,ok
TIC 239122485,111.0254,30.8626,9.38,0,,,,,6,11.5,ok
TIC 275309132,149.7329,5.8004,9.38,0,,,,,3,3.8,ok
TIC 277797438,155.6207,5.907,9.38,0,,,,,2,10.1,ok
TIC 365155073,203.4465,1.7212,9.38,0,,,,,3,6.7,ok
TIC 117166213,129.838,24.7791,9.38,0,,,,,3,7.6,ok
TIC 290023608,192.5485,-17.3799,9.38,0,,,,,2,11.4,ok
TIC 381726504,197.2636,3.0072,9.38,0,,,,,3,3.9,ok
TIC 388916333,175.1279,9.1281,9.38,0,,,,,3,7.3,ok
TIC 425279013,167.7819,0.3252,9.38,0,,,,,2,12.1,ok
TIC 307679747,129.3754,23.5616,9.38,0,,,,,5,14.7,ok
TIC 46364022,133.4319,14.9692,9.38,0,,,,,3,7.5,ok
TIC 98753239,187.4164,-10.7386,9.39,0,,,,,2,9.3,ok
TIC 77146794,168.3948,15.2059,9.39,0,,,,,3,15.7,ok
TIC 281746741,163.1645,0.4837,9.39,0,,,,,3,13.3,ok
TIC 388089814,120.9411,11.8494,9.39,0,,,,,4,13.4,ok
TIC 380642662,179.1319,8.3871,9.39,0,,,,,2,10.7,ok
TIC 345035899,154.5699,3.6356,9.39,0,,,,,4,23.0,ok
TIC 312186526,141.0666,9.1988,9.39,0,,,,,2,14.0,ok
TIC 411155140,152.2425,10.4197,9.39,0,,,,,3,16.0,ok
TIC 184847294,110.1391,19.7835,9.39,0,,,,,3,21.8,ok
TIC 355215987,152.4119,17.5811,9.39,0,,43.0,rejete,eclipse_secondaire;compagnon_trop_gros_3.2Rjup,2,22.7,ok
TIC 97487557,165.6809,18.542,9.39,0,,,,,4,13.5,ok
TIC 175265687,130.3622,19.5424,9.39,0,,,,,4,4.1,ok
TIC 49504803,175.1327,-5.1532,9.39,0,,,,,3,13.8,ok
TIC 367566704,121.0013,24.4911,9.39,0,,,,,3,8.2,ok
TIC 70677593,155.7598,14.5343,9.39,0,,,,,2,17.4,ok
TIC 374209868,158.422,0.9794,9.39,0,,,,,5,19.4,ok
TIC 186815932,124.3983,15.3102,9.4,0,,,,,3,9.2,ok
TIC 277839967,156.527,1.1474,9.4,0,,,,,3,8.6,ok
TIC 443616717,169.1138,-4.3789,9.4,0,,,,,4,12.5,ok
TIC 70711508,156.339,16.6878,9.4,0,,,,,3,11.1,ok
TIC 117280404,131.1198,28.4562,9.4,0,,,,,3,8.8,ok
TIC 184914555,131.3768,20.5901,9.4,0,,,,,4,11.1,ok
TIC 77108848,167.092,17.9127,9.4,0,,,,,4,7.0,ok
TIC 266475677,138.2806,8.2368,9.4,0,,,,,3,6.3,ok
TIC 350429235,166.9358,10.1129,9.4,0,,,,,1,6.2,ok
TIC 1008254,165.8249,-0.2893,9.4,0,,,,,2,7.2,ok
TIC 192985024,142.8423,13.092,9.4,0,,,,,2,10.8,ok
TIC 149471914,163.6618,14.9855,9.4,0,,,,,3,8.6,ok
TIC 397559297,183.4719,6.9198,9.4,0,,,,,2,8.4,ok
TIC 397056804,183.8455,1.4922,9.4,0,,,,,1,8.3,ok
TIC 405662503,191.5652,-16.732,9.4,0,,,,,5,14.7,ok
TIC 291007291,169.6736,11.656,9.4,0,,,,,4,9.6,ok
TIC 175263871,130.245,22.0245,9.4,0,,,,,3,14.4,ok
TIC 312066002,139.8378,9.0496,9.4,0,,,,,3,10.0,ok
TIC 4286080,115.6429,30.5091,9.4,0,,,,,4,17.0,ok
TIC 14500602,125.2521,23.0717,9.4,0,,,,,3,14.3,ok
TIC 437048411,134.5346,12.1046,9.4,0,,,,,3,8.4,ok
TIC 175261968,130.1062,19.4757,9.41,0,,,,,4,17.4,ok
TIC 389430109,186.8792,9.1365,9.41,0,,,,,3,7.9,ok
TIC 366527016,127.3975,11.1693,9.41,0,,,,,4,13.5,ok
TIC 443892394,122.0439,9.1747,9.41,0,,,,,5,13.6,ok
TIC 397519448,182.4243,9.2915,9.41,0,,,,,3,10.3,ok
TIC 97387277,124.029,26.2566,9.41,0,,,,,4,16.9,ok
TIC 414963768,140.6442,22.5919,9.41,0,,,,,4,10.7,ok
TIC 95360588,154.2512,22.7496,9.41,0,,,,,3,9.1,ok
TIC 411255693,196.0475,3.2076,9.41,0,,,,,3,5.1,ok
TIC 374201548,158.2222,2.911,9.41,0,,,,,2,5.0,ok
TIC 21339102,130.1369,13.5555,9.41,0,,,,,3,15.7,ok
TIC 156621857,191.2217,-10.7963,9.41,0,,,,,1,3.2,ok
TIC 281745225,163.1895,4.2459,9.41,0,,,,,3,8.7,ok
TIC 88023519,147.2725,22.1737,9.41,0,,,,,4,12.0,ok
TIC 366398310,126.1739,8.694,9.41,0,,,,,5,12.5,ok
TIC 411256274,196.1338,0.252,9.41,0,,,,,3,4.3,ok
TIC 124521773,158.2236,-2.7847,9.41,0,,,,,3,14.1,ok
TIC 156596729,190.6046,-7.611,9.41,0,,,,,1,6.1,ok
TIC 345075197,164.4325,4.2215,9.41,0,,,,,2,3.7,ok
TIC 290546136,139.6672,3.8435,9.41,0,,,,,6,12.6,ok
TIC 397027494,183.4177,1.7775,9.41,0,,,,,2,7.1,ok
TIC 312025272,139.599,9.2981,9.41,0,,,,,3,6.3,ok
TIC 175262019,130.0511,19.6395,9.42,0,,,,,4,10.7,ok
TIC 70710151,156.2176,14.0933,9.42,0,,,,,2,9.4,ok
TIC 19026006,119.6016,12.8026,9.42,0,,,,,4,7.5,ok
TIC 70711610,156.2699,17.152,9.42,0,,,,,2,6.5,ok
TIC 178246326,127.8038,18.1536,9.42,0,,,,,2,4.4,ok
TIC 422322927,195.8535,6.047,9.42,0,,,,,2,2.2,ok
TIC 397519113,182.4304,11.8941,9.42,0,,,,,2,5.6,ok
TIC 455282754,147.3353,2.3694,9.42,0,,,,,4,11.2,ok
TIC 364981962,163.9517,8.5696,9.42,0,,,,,3,8.4,ok
TIC 175262077,130.0732,19.7875,9.42,0,,,,,3,6.3,ok
TIC 147683350,185.5467,-3.776,9.42,0,,,,,1,5.0,ok
TIC 14451930,125.0159,21.1985,9.42,0,,,,,3,6.8,ok
TIC 469011556,144.549,11.7335,9.42,0,,,,,?,4.3,erreur
TIC 388933266,188.0507,4.6476,9.42,0,,,,,2,7.6,ok
TIC 291057494,170.5857,10.4059,9.42,0,,,,,2,6.4,ok
TIC 95357816,154.0964,23.301,9.42,0,,,,,3,6.6,ok
TIC 97290026,122.8664,28.7528,9.43,0,,,,,3,8.8,ok
TIC 62707956,115.7985,18.1756,9.43,0,,,,,3,9.8,ok
TIC 281886167,175.0789,4.3705,9.43,0,,,,,2,5.3,ok
TIC 91916343,143.7197,21.2016,9.43,0,,,,,6,7.7,ok
TIC 51736116,190.4289,-2.6832,9.43,0,,,,,1,7.5,ok
TIC 26985807,150.4673,18.8739,9.43,0,,,,,4,7.4,ok
TIC 86281608,182.5598,11.874,9.43,0,,,,,2,23.7,ok
TIC 178884728,199.0433,-8.8169,9.43,0,,,,,1,10.3,ok
TIC 350347181,166.1557,7.1634,9.43,0,,,,,2,13.0,ok
TIC 63215570,156.9316,16.3516,9.43,0,,,,,3,10.0,ok
TIC 380583182,175.239,9.14,9.43,0,,,,,4,11.5,ok
TIC 903457221,166.6322,14.2603,9.43,0,,,,,2,10.5,ok
TIC 69365250,121.8742,12.5398,9.44,0,,,,,5,11.5,ok
TIC 341526362,130.0803,30.0476,9.44,0,,,,,4,10.1,ok
TIC 27542451,122.567,12.515,9.44,0,,,,,5,9.9,ok
TIC 364974792,163.7004,10.9018,9.44,0,,,,,3,6.6,ok
TIC 443614071,168.8204,-5.6185,9.44,0,,,,,3,10.5,ok
TIC 443616599,169.078,-3.9351,9.44,0,,,,,5,10.7,ok
TIC 175291856,130.5643,19.6876,9.44,0,,,,,4,13.8,ok
TIC 334481781,123.186,8.8943,9.44,0,,,,,5,12.8,ok
TIC 386639979,195.2337,-1.0975,9.44,0,,,,,1,12.8,ok
TIC 94892918,186.0424,-1.2435,9.44,0,,,,,1,7.9,ok
TIC 130635403,187.7974,-2.1441,9.44,0,,,,,1,5.0,ok
TIC 6925800,125.7616,17.5451,9.44,0,,,,,3,9.4,ok
TIC 62904024,167.299,-4.6076,9.44,0,,,,,4,8.2,ok
TIC 149400218,139.9039,24.2571,9.44,0,,,,,3,12.6,ok
TIC 95240949,115.7789,28.7749,9.44,0,,,,,4,12.2,ok
TIC 171601730,158.0467,22.4527,9.44,0,,,,,2,7.0,ok
TIC 239155253,113.163,33.1966,9.44,0,,,,,5,18.1,ok
TIC 4386686,116.4975,31.08,9.44,0,,,,,1,8.3,ok
TIC 60254972,124.8294,12.6453,9.44,0,,,,,4,17.6,ok
TIC 264824268,115.3154,11.268,9.44,0,,,,,5,16.1,ok
TIC 130716281,203.2838,-4.9805,9.44,0,,,,,1,16.6,ok
TIC 411235649,194.5446,1.7725,9.45,0,,,,,2,9.7,ok
TIC 130714470,203.0275,-0.2234,9.45,0,,,,,3,14.0,ok
TIC 302204604,125.1182,27.1965,9.45,0,,,,,4,14.1,ok
TIC 67396996,170.8723,15.8076,9.45,0,,,,,4,15.8,ok
TIC 275293375,149.4519,5.6384,9.45,0,,,,,3,19.1,ok
TIC 171630971,158.5385,18.2783,9.45,0,,,,,4,10.6,ok
TIC 262712435,148.8697,3.0165,9.45,0,,,,,3,20.2,ok
TIC 393494603,160.3983,10.6051,9.45,0,,,,,2,13.7,ok
TIC 95431846,154.8811,22.6171,9.46,0,,,,,3,17.8,ok
TIC 397489217,182.0916,6.6221,9.46,0,,,,,2,14.1,ok
TIC 180204128,188.8585,-5.3223,9.46,0,,,,,1,9.0,ok
TIC 397583219,183.5884,8.2026,9.46,0,,,,,2,12.6,ok
TIC 385354464,196.5441,-14.9608,9.46,0,,,,,3,15.8,ok
TIC 393585642,162.9025,9.0906,9.46,0,,,,,2,15.3,ok
TIC 95289992,116.0047,24.456,9.46,0,,,,,5,12.3,ok
TIC 350114627,156.7596,8.7708,9.46,0,,,,,2,10.1,ok
TIC 171651453,159.4209,21.6819,9.46,0,,,,,4,18.7,ok
TIC 390652279,192.1206,7.288,9.46,0,,,,,3,16.0,ok
TIC 66716968,199.5078,-2.6516,9.46,0,,,,,1,14.1,ok
TIC 95311556,153.0953,18.6716,9.46,0,,,,,3,12.6,ok
TIC 425170941,111.3007,10.7127,9.46,0,,,,,3,17.9,ok
TIC 377045566,147.6324,8.8489,9.46,0,,,,,3,7.9,ok
TIC 144144831,176.3911,-9.4133,9.46,0,,,,,2,6.3,ok
TIC 98674680,186.2921,-7.5557,9.46,0,,,,,1,7.4,ok
TIC 427586728,165.9035,13.6393,9.46,0,,,,,4,12.1,ok
TIC 291039388,170.4193,10.5235,9.46,0,,,,,3,15.4,ok
TIC 26639877,108.1744,12.8561,9.46,0,,,,,1,11.0,ok
TIC 389041036,142.0692,4.976,9.46,0,,,,,4,13.4,ok
TIC 56773499,182.799,-3.9779,9.46,0,,,,,1,14.1,ok
TIC 171429067,119.2173,29.8224,9.47,0,,,,,5,6.3,ok
TIC 301609739,169.0017,1.4824,9.47,0,,,,,3,7.0,ok
TIC 397519206,182.3998,11.1919,9.47,0,,,,,2,11.7,ok
TIC 95006869,114.2376,29.6854,9.47,0,,,,,5,10.6,ok
TIC 62964860,177.1697,-3.1872,9.47,0,,,,,1,9.2,ok
TIC 98720535,186.7521,-6.4619,9.47,0,,,,,1,2.6,ok
TIC 130711786,202.9499,-0.8638,9.47,0,,,,,3,3.9,ok
TIC 95167074,115.1995,24.8633,9.47,0,,,,,3,10.7,ok
TIC 165884497,131.2614,30.8605,9.47,0,,,,,5,11.4,ok
TIC 275293658,149.5824,5.2186,9.47,0,,,,,3,14.9,ok
TIC 399105896,189.3155,6.5751,9.47,0,,,,,3,12.2,ok
TIC 411171921,152.3255,10.6829,9.47,0,,,,,2,2.5,ok
TIC 302206656,125.2518,26.9526,9.47,0,,,,,4,8.5,ok
TIC 176944546,184.0952,-6.6327,9.47,0,,,,,1,10.6,ok
TIC 82506675,122.9957,23.3942,9.47,0,,,,,3,13.1,ok
TIC 302304679,126.3677,27.492,9.47,0,,,,,4,4.1,ok
TIC 458650736,125.5952,11.2626,9.47,0,,,,,2,3.0,ok
TIC 14676022,126.8591,23.1454,9.48,0,,,,,3,11.0,ok
TIC 270045863,114.6738,11.4261,9.48,0,,,,,3,9.5,ok
TIC 62945931,117.0777,20.3621,9.48,0,,,,,3,7.3,ok
TIC 381715963,196.9607,1.2961,9.48,0,,,,,3,6.0,ok
TIC 290949019,168.998,11.605,9.48,0,,,,,3,8.7,ok
TIC 186815144,124.513,17.2751,9.48,0,,,,,3,8.4,ok
TIC 195191388,129.1859,21.7221,9.48,0,,,,,2,6.0,ok
TIC 94924597,186.4081,-1.6137,9.48,0,,,,,1,4.4,ok
TIC 192984396,142.8233,16.0271,9.48,0,,,,,1,9.2,ok
TIC 319404094,193.9468,-8.1849,9.48,0,,,,,1,6.0,ok
TIC 96194989,179.0248,-0.7984,9.48,0,,,,,2,5.8,ok
TIC 172529457,142.8082,25.9951,9.48,0,,,,,4,9.3,ok
TIC 281796385,164.2259,1.0629,9.48,0,,,,,3,6.6,ok
TIC 14561070,111.2083,14.6452,9.48,0,,,,,4,14.8,ok
TIC 411184031,152.9745,10.9076,9.48,0,,,,,3,7.8,ok
TIC 169252305,161.0958,-3.9923,9.48,0,,,,,5,10.9,ok
TIC 358115130,131.0496,17.9021,9.48,0,,,,,4,9.9,ok
TIC 165796533,121.9772,31.1793,9.48,0,,,,,4,8.8,ok
TIC 387278116,109.9678,13.1349,9.48,0,,,,,4,8.5,ok
TIC 366657411,130.2351,10.4225,9.49,0,,,,,5,10.6,ok
TIC 397075526,204.9839,2.6698,9.49,0,,,,,4,10.7,ok
TIC 405799308,142.097,7.0064,9.49,0,,,,,4,5.8,ok
TIC 397489535,182.2873,6.6897,9.49,0,,,,,1,5.4,ok
TIC 302303562,126.2569,28.5652,9.49,0,,,,,4,8.0,ok
TIC 4198454,114.9626,29.9764,9.49,0,,,,,4,8.0,ok
TIC 367435273,111.3278,30.7218,9.49,0,,,,,4,8.1,ok
TIC 365070726,202.2506,2.9796,9.49,0,,,,,2,8.4,ok
TIC 411174974,152.6435,6.5317,9.49,0,,,,,2,6.7,ok
TIC 385348466,195.9858,-16.7638,9.49,0,,,,,2,11.5,ok
TIC 376758183,179.1218,5.8707,9.49,0,,,,,1,12.6,ok
TIC 134880413,196.7441,-7.1945,9.49,0,,,,,1,5.5,ok
TIC 381726173,197.2157,4.8933,9.49,0,,,,,4,5.7,ok
TIC 98675287,186.4436,-6.9854,9.49,0,,,,,1,14.4,ok
TIC 149453594,141.3572,24.5001,9.49,0,,,,,4,12.2,ok
TIC 172903369,128.826,31.1922,9.49,0,,,,,2,10.4,ok
TIC 155579804,158.8432,12.6125,9.49,0,,,,,3,13.5,ok
TIC 87951068,145.6436,19.9671,9.49,0,,,,,2,9.8,ok
TIC 393717210,201.2241,3.181,9.49,0,,,,,3,13.8,ok
TIC 95951850,163.4878,19.8407,9.49,0,,,,,2,11.0,ok
TIC 66670087,184.8222,-3.2998,9.5,0,,,,,1,11.5,ok
TIC 293460515,131.9697,16.9922,9.5,0,,,,,3,12.2,ok
TIC 126350298,135.6108,27.5034,9.5,0,,,,,4,9.0,ok
TIC 443582221,167.7962,-4.9862,9.5,0,,,,,3,14.0,ok
TIC 381726736,197.2634,1.5493,9.5,0,,,,,3,11.3,ok
TIC 462506995,111.7632,28.2768,9.5,0,,,,,4,10.9,ok
TIC 374268399,159.0822,1.2302,9.5,0,,,,,4,9.7,ok
TIC 468984838,128.8809,8.5793,9.5,0,,,,,4,73.3,ok
TIC 397433232,180.3155,7.3562,9.5,0,,,,,2,4.7,ok
TIC 337607946,130.3218,12.6155,9.51,0,,,,,3,12.5,ok
TIC 27035832,151.363,21.8544,9.51,0,,,,,4,10.7,ok
TIC 289946105,191.8621,-17.2501,9.51,0,,,,,2,11.4,ok
TIC 66766144,200.1122,-2.1215,9.51,0,,,,,1,8.9,ok
TIC 402136851,192.3547,6.2918,9.51,0,,,,,3,12.3,ok
TIC 374270467,159.3289,2.0111,9.51,0,,,,,3,12.1,ok
TIC 32449963,189.9382,-11.6474,9.51,0,,,,,3,14.6,ok
TIC 203288622,136.3311,19.8263,9.51,0,,,,,3,9.2,ok
TIC 469012896,144.6364,6.9662,9.51,0,,,,,4,11.0,ok
TIC 458657218,129.3963,8.1739,9.51,0,,,,,5,13.9,ok
TIC 462537423,170.575,14.4456,9.51,0,,,,,4,15.9,ok
TIC 365182768,204.3033,1.3136,9.51,0,,,,,3,13.0,ok
TIC 47350711,162.4965,-0.7917,9.51,0,,,,,6,19.3,ok
TIC 364974351,163.5683,10.3448,9.51,0,,,,,2,6.3,ok
TIC 117413144,132.5655,27.4084,9.51,0,,,,,4,11.7,ok
TIC 388799523,172.101,7.5402,9.51,0,,,,,2,16.1,ok
TIC 70679061,155.7909,16.5748,9.51,0,,,,,2,10.8,ok
TIC 281816379,165.1606,5.7263,9.51,0,,,,,2,5.0,ok
TIC 365126728,203.018,0.9538,9.51,0,,,,,3,5.1,ok
TIC 3647213,127.349,29.3527,9.51,0,,,,,3,6.6,ok
TIC 397075453,204.9314,2.3119,9.51,0,,,,,3,9.4,ok
TIC 175194122,129.6236,22.2595,9.51,0,,,,,3,7.2,ok
TIC 155011963,143.9689,17.0242,9.51,0,,,,,2,4.5,ok
TIC 130691335,202.776,-4.1055,9.51,0,,,,,1,7.2,ok
TIC 383188391,142.486,4.8996,9.51,0,,,,,3,11.6,ok
TIC 97413127,124.1413,26.542,9.51,0,,,,,4,6.3,ok
TIC 144146577,176.5946,-10.0034,9.51,0,,,,,3,10.2,ok
TIC 138659277,136.2002,28.7287,9.51,0,,,,,3,8.6,ok
TIC 149493120,163.9335,13.6648,9.52,0,,,,,4,6.7,ok
TIC 302206337,125.2573,25.962,9.52,0,,,,,3,13.6,ok
TIC 381726724,197.2515,1.6627,9.52,0,,,,,3,5.4,ok
TIC 86119442,140.4244,21.8492,9.52,0,,,,,5,8.5,ok
TIC 178245299,127.7776,21.2246,9.52,0,,,,,3,6.0,ok
TIC 176909679,183.3164,-11.4558,9.52,0,,,,,3,5.3,ok
TIC 14880038,118.8038,31.435,9.52,0,,,,,9,10.2,ok
TIC 179012148,201.6334,-6.3306,9.52,0,,,,,2,7.1,ok
TIC 173144767,172.8396,-2.2911,9.52,0,,,,,2,7.5,ok
TIC 95343217,153.8595,21.2367,9.52,0,,,,,5,9.7,ok
TIC 14434331,124.5796,17.9694,9.52,0,,,,,3,7.9,ok
TIC 185217684,173.3583,-6.4991,9.52,0,,,,,3,8.3,ok
TIC 98751019,187.2197,-10.6635,9.52,0,,,,,4,9.3,ok
TIC 14571434,126.1375,21.7393,9.52,0,,,,,5,7.1,ok
TIC 301625607,169.403,0.7376,9.52,0,,,,,3,6.3,ok
TIC 366324773,125.8394,11.6196,9.52,0,,,,,3,6.9,ok
TIC 97256847,122.6034,28.9636,9.53,0,,,,,4,4.7,ok
TIC 397484757,181.7348,7.3417,9.53,0,,,,,2,11.2,ok
TIC 388925203,187.7579,2.2904,9.53,0,,,,,2,9.8,ok
TIC 455304563,147.5995,3.7254,9.53,0,,,,,8,11.2,ok
TIC 172517178,142.5904,25.1117,9.53,0,,,,,4,6.9,ok
TIC 203277075,195.3796,-10.5261,9.53,0,,,,,1,7.7,ok
TIC 284768274,120.2029,20.463,9.53,0,,,,,3,8.1,ok
TIC 377188969,185.471,1.9113,9.53,0,,,,,1,6.2,ok
TIC 114959700,200.9921,-2.3313,9.53,0,,,,,3,5.3,ok
TIC 468987434,128.914,9.4991,9.53,0,,,,,4,10.8,ok
TIC 95235818,115.6025,27.3885,9.53,0,,,,,3,6.4,ok
TIC 184870774,110.2293,21.4741,9.53,0,,,,,3,7.9,ok
TIC 66670807,184.9651,-5.4034,9.53,0,,,,,1,5.1,ok
TIC 455277453,146.8192,1.5787,9.53,0,,,,,4,7.2,ok
TIC 149952273,184.3283,0.5625,9.53,0,,,,,2,6.0,ok
TIC 117298176,131.5665,29.5762,9.53,0,,,,,3,6.4,ok
TIC 297140213,187.7313,-13.7172,9.53,0,,,,,4,8.7,ok
TIC 197250601,134.374,18.4053,9.53,0,,,,,2,7.2,ok
TIC 97290352,122.8515,29.515,9.53,0,,,,,4,10.2,ok
TIC 139254215,123.8003,30.6643,9.53,0,,,,,4,9.6,ok
TIC 450301657,144.4577,16.5665,9.53,0,,,,,2,7.7,ok
TIC 302306950,126.5507,27.5508,9.53,0,,,,,6,10.8,ok
TIC 392846055,158.513,6.8429,9.53,0,,,,,2,6.6,ok
TIC 377064495,148.185,6.216,9.53,1,10.7797,15.3,rejete,variabilite_continue,5,11.6,ok
TIC 357308670,151.9001,17.3113,9.54,0,,,,,2,6.5,ok
TIC 262780787,141.3923,5.1216,9.54,0,,,,,6,8.0,ok
TIC 458586556,124.1569,9.3362,9.54,0,,,,,3,9.6,ok
TIC 66692945,199.0225,-3.3561,9.54,0,,,,,1,10.8,ok
TIC 63167717,118.2478,22.556,9.54,0,,,,,2,12.7,ok
TIC 307960254,149.1831,26.0317,9.54,0,,,,,3,10.9,ok
TIC 400640332,111.7048,31.6023,9.54,0,,,,,3,12.1,ok
TIC 14899021,119.0797,31.4739,9.54,0,,,,,5,9.1,ok
TIC 95471682,156.0104,18.3305,9.54,0,,,,,3,12.3,ok
TIC 125527977,144.5465,26.6627,9.54,0,,,,,3,13.0,ok
TIC 172830702,127.4594,31.3697,9.55,0,,,,,4,11.6,ok
TIC 275358283,150.0396,2.3966,9.55,0,,,,,5,13.8,ok
TIC 197192663,133.0478,20.1425,9.55,0,,,,,3,14.5,ok
TIC 388834500,173.1405,10.9018,9.55,0,,,,,4,11.6,ok
TIC 70580892,115.2694,20.2661,9.55,0,,,,,3,10.4,ok
TIC 95857425,162.4269,20.759,9.55,0,,,,,3,48.8,ok
TIC 134881327,196.7927,-10.8451,9.55,0,,,,,1,5.7,ok
TIC 26773447,111.1593,27.8753,9.55,0,,,,,3,11.7,ok
TIC 291016777,169.9279,6.2603,9.55,0,,,,,2,13.4,ok
TIC 16053550,114.4904,14.7071,9.55,0,,,,,4,7.7,ok
TIC 110998317,188.9953,-6.8769,9.55,0,,,,,1,9.7,ok
TIC 366631208,128.3543,10.5768,9.55,0,,,,,4,13.5,ok
TIC 195214439,141.8385,16.4993,9.55,0,,,,,2,6.9,ok
TIC 20572817,128.4853,12.3587,9.55,0,,,,,4,11.7,ok
TIC 297140152,187.6707,-13.6043,9.55,0,,,,,3,9.9,ok
TIC 293462042,132.052,12.3226,9.55,0,,,,,3,6.1,ok
TIC 312111347,140.6509,6.5931,9.55,0,,,,,3,4.7,ok
TIC 70119743,112.9285,23.6593,9.55,0,,,,,3,6.7,ok
TIC 390686998,192.7337,6.2658,9.55,0,,,,,3,7.5,ok
TIC 4248446,115.3005,32.6322,9.55,0,,,,,5,14.1,ok
TIC 302303136,126.193,27.1204,9.55,0,,,,,4,18.8,ok
TIC 411172790,152.4214,7.5956,9.55,0,,,,,2,14.8,ok
TIC 262688468,148.761,2.5585,9.55,0,,,,,4,11.3,ok
TIC 95361427,154.2858,18.8034,9.56,0,,,,,3,16.2,ok
TIC 95310318,153.0061,22.9792,9.56,0,,,,,4,9.8,ok
TIC 17672038,117.5551,17.552,9.56,0,,,,,3,8.9,ok
TIC 408816267,121.0945,12.1168,9.56,0,,,,,7,16.8,ok
TIC 376876117,181.9575,6.0145,9.56,0,,,,,1,8.0,ok
TIC 60989414,112.5184,19.421,9.56,0,,,,,3,7.9,ok
TIC 366722312,183.1859,6.1265,9.56,0,,,,,2,15.6,ok
TIC 53280799,192.7302,-1.7204,9.56,0,,,,,1,7.0,ok
TIC 425282091,168.181,5.4173,9.56,0,,,,,1,12.3,ok
TIC 1735019,197.0284,-16.6772,9.56,0,,,,,2,12.0,ok
TIC 27064468,151.6597,18.634,9.56,1,5.46,15.0,rejete,variabilite_continue,4,12.7,ok
TIC 325254474,176.6992,2.8737,9.56,0,,,,,1,5.2,ok
TIC 126324434,135.4123,28.9666,9.56,0,,,,,3,7.2,ok
TIC 396742364,130.719,9.5494,9.56,0,,,,,7,17.7,ok
TIC 54235947,119.8828,18.4181,9.56,0,,,,,3,5.8,ok
TIC 281701069,161.8759,0.5665,9.56,0,,,,,4,27.6,ok
TIC 444010359,133.1798,11.1232,9.56,0,,,,,4,5.5,ok
TIC 16487771,116.9333,16.6226,9.56,0,,,,,2,9.7,ok
TIC 367435286,111.3226,30.7465,9.56,0,,,,,5,11.1,ok
TIC 325252838,176.5434,1.6867,9.56,0,,,,,1,5.5,ok
TIC 149496165,164.2968,15.6241,9.56,0,,,,,3,10.2,ok
TIC 455251131,145.9656,2.0556,9.56,0,,,,,4,7.9,ok
TIC 334516730,123.3537,9.1499,9.56,0,,,,,5,9.3,ok
TIC 399044587,187.6385,6.0421,9.57,0,,,,,2,6.4,ok
TIC 400640577,111.7613,31.9375,9.57,0,,,,,4,13.5,ok
TIC 193014884,143.104,13.9022,9.57,0,,,,,2,18.7,ok
TIC 173165359,173.3192,-3.403,9.57,0,,,,,2,4.5,ok
TIC 16126786,114.7706,12.8795,9.57,0,,,,,4,15.7,ok
TIC 290928291,168.249,8.5217,9.57,0,,,,,2,10.5,ok
TIC 388932530,188.0836,0.4388,9.57,0,,,,,1,8.5,ok
TIC 117219284,129.9709,27.6316,9.57,0,,,,,5,7.8,ok
TIC 98751018,187.2189,-10.6641,9.57,0,,,,,2,17.8,ok
TIC 380671691,191.4379,3.1192,9.57,0,,,,,3,3.2,ok
TIC 355216639,152.3886,13.8761,9.57,0,,,,,2,18.6,ok
TIC 257217497,137.1137,14.5236,9.57,0,,,,,3,15.8,ok
TIC 372444455,165.2324,13.6694,9.57,0,,,,,4,78.6,ok
TIC 368439284,187.0047,-6.6621,9.57,0,,,,,1,7.9,ok
TIC 332023914,132.2739,23.9525,9.57,0,,,,,3,10.1,ok
TIC 70634335,154.9566,17.1138,9.57,0,,,,,3,7.0,ok
TIC 323600771,136.6269,9.0525,9.57,0,,13.8,rejete,variabilite_continue;eclipse_secondaire,5,16.4,ok
TIC 95659095,121.8803,26.2599,9.57,0,,,,,3,9.0,ok
TIC 114960194,201.0303,-4.2047,9.57,0,,,,,2,7.3,ok
TIC 376785528,180.0767,4.8267,9.57,0,,,,,1,7.1,ok
TIC 388842534,173.4142,9.3953,9.57,0,,,,,3,9.3,ok
TIC 63217826,157.1449,17.459,9.57,0,,,,,5,9.6,ok
TIC 458583401,124.0608,8.0521,9.58,0,,,,,2,12.1,ok
TIC 63219866,157.3658,16.5063,9.58,0,,,,,3,8.2,ok
TIC 389404289,186.176,6.6314,9.58,0,,,,,3,14.3,ok
TIC 96177906,178.911,-0.0781,9.58,0,,,,,1,9.8,ok
TIC 16418427,116.3288,13.8782,9.58,0,,,,,5,17.4,ok
TIC 365065461,201.9432,3.6592,9.58,0,,,,,1,11.7,ok
TIC 415007873,164.4418,14.2288,9.58,0,,,,,4,15.1,ok
TIC 156850446,148.5222,14.962,9.58,0,,,,,2,5.7,ok
TIC 95617587,121.4932,27.1579,9.58,0,,,,,4,11.4,ok
TIC 126238229,133.5033,28.5014,9.58,0,,,,,4,11.8,ok
TIC 377262118,187.0432,2.5369,9.58,0,,,,,1,6.9,ok
TIC 171600490,156.9717,18.4798,9.58,0,,,,,3,7.1,ok
TIC 376797098,180.6484,1.622,9.58,0,,,,,1,1.4,ok
TIC 247170070,113.6283,14.5415,9.58,0,,,,,3,11.7,ok
TIC 115017960,201.8981,-1.8386,9.58,0,,,,,3,8.5,ok
TIC 396949069,179.8345,9.0096,9.58,0,,,,,2,6.9,ok
TIC 176869913,182.9145,-9.7227,9.58,0,,,,,2,11.0,ok
TIC 21246336,129.2824,15.1238,9.58,0,,,,,3,9.3,ok
TIC 26988056,150.7223,18.7272,9.58,0,,,,,4,12.8,ok
TIC 46384262,133.8524,12.1266,9.59,0,,,,,3,15.9,ok
TIC 49454698,174.4885,-1.0417,9.59,0,,,,,2,14.8,ok
TIC 411156146,152.3353,7.7814,9.59,0,,,,,2,13.5,ok
TIC 312092092,140.3658,9.1151,9.59,0,,,,,2,11.0,ok
TIC 318092775,161.6032,-0.3735,9.59,0,,,,,5,14.4,ok
TIC 98369737,147.1284,25.1748,9.59,0,,,,,5,13.5,ok
TIC 440784116,109.0052,15.2521,9.59,0,,,,,6,12.6,ok
TIC 366804290,198.3992,3.295,9.59,0,,,,,3,8.9,ok
TIC 77173197,168.5882,14.0745,9.59,0,,,,,2,38.7,ok
TIC 458381145,120.5011,29.3124,9.59,0,,,,,4,7.7,ok
TIC 55316887,140.4987,17.1595,9.59,0,,,,,3,11.1,ok
TIC 77611827,153.1256,-0.6388,9.59,0,,,,,4,11.4,ok
TIC 117409109,132.2362,28.9804,9.59,0,,,,,4,13.0,ok
TIC 285972083,172.6721,-8.0937,9.59,0,,,,,5,15.3,ok
TIC 152851459,181.9603,-11.0202,9.59,0,,,,,2,14.5,ok
TIC 411277846,196.38,1.7999,9.59,0,,,,,3,15.2,ok
TIC 70634234,154.9233,17.7203,9.59,0,,,,,3,17.8,ok
TIC 377098477,148.5985,11.4365,9.59,0,,,,,3,9.0,ok
TIC 173098993,172.1192,-4.116,9.59,0,,,,,3,11.1,ok
TIC 138666152,136.5439,27.6615,9.59,0,,,,,5,13.2,ok
TIC 82072306,196.5755,-3.6432,9.59,0,,,,,2,9.0,ok
TIC 134876060,196.37,-10.1149,9.59,0,,,,,1,12.4,ok
TIC 380670147,179.4067,7.5378,9.59,0,,,,,2,11.7,ok
TIC 385309326,181.1699,-12.8269,9.59,0,,,,,2,6.9,ok
TIC 56760449,182.2225,-0.7589,9.59,0,,,,,1,6.7,ok
TIC 377061016,148.0376,6.4377,9.59,0,,,,,4,12.5,ok
TIC 14768903,113.7489,15.9979,9.59,0,,,,,3,13.9,ok
TIC 386955505,172.7794,13.0204,9.59,0,,,,,4,12.1,ok
TIC 386775587,120.0814,18.7983,9.6,0,,,,,3,14.8,ok
TIC 302241857,125.7167,26.6834,9.6,0,,,,,4,12.5,ok
TIC 95359965,154.2263,22.1242,9.6,0,,,,,3,7.6,ok
TIC 415008568,165.5803,16.5072,9.6,0,,,,,3,9.1,ok
TIC 125529054,144.6512,27.3703,9.6,0,,,,,3,6.9,ok
TIC 130718055,203.4727,-2.2355,9.6,0,,,,,4,6.8,ok
TIC 175739403,194.9977,-4.3081,9.6,0,,,,,2,11.1,ok
TIC 51736165,190.4507,-2.891,9.6,0,,,,,1,7.9,ok
TIC 240175453,169.2203,14.0735,9.6,0,,,,,4,9.8,ok
TIC 462518038,170.0346,13.4927,9.6,0,,,,,3,5.5,ok
TIC 350447798,167.8959,7.6935,9.6,0,,,,,3,6.7,ok
TIC 117165030,129.7418,26.8774,9.6,0,,,,,5,12.1,ok
TIC 61082332,153.7891,16.7878,9.6,0,,,,,2,6.4,ok
TIC 1729645,196.915,-13.5915,9.6,0,,,,,1,6.8,ok
TIC 97382175,123.7444,25.5031,9.6,0,,,,,3,8.5,ok
TIC 323658927,137.1101,10.2692,9.6,0,,,,,3,6.3,ok
TIC 397436439,180.6574,6.4763,9.6,0,,,,,1,3.9,ok
TIC 397558092,183.2891,10.594,9.6,0,,,,,3,5.7,ok
TIC 397067521,193.5343,5.1342,9.6,0,,,,,3,10.4,ok
TIC 155178494,144.2493,13.5198,9.6,0,,,,,2,11.8,ok
TIC 61035476,153.2731,12.7472,9.61,0,,,,,2,9.5,ok
TIC 171524985,120.1455,25.8923,9.61,0,,,,,3,9.1,ok
TIC 197190848,132.8539,21.7819,9.61,0,,,,,3,12.0,ok
TIC 366655320,130.207,7.9849,9.61,0,,,,,6,19.4,ok
TIC 286311568,170.6111,-6.139,9.61,0,,,,,3,14.8,ok
TIC 357332379,152.0222,12.6517,9.61,0,,,,,2,18.8,ok
TIC 319403830,193.9716,-9.5199,9.61,0,,,,,2,11.7,ok
TIC 183648559,179.5035,-6.1277,9.61,0,,,,,1,5.2,ok
TIC 56769661,182.6565,-4.9188,9.61,0,,,,,1,9.9,ok
TIC 320419382,118.1388,11.2471,9.61,0,,,,,2,11.1,ok
TIC 156638270,192.344,-7.4583,9.61,0,,,,,1,12.6,ok
TIC 3699708,127.7797,24.1196,9.61,0,,,,,3,7.4,ok
TIC 377261174,186.9063,3.1073,9.61,0,,,,,1,9.2,ok
TIC 406139894,142.775,8.0188,9.61,0,,,,,3,10.3,ok
TIC 21244210,129.1407,14.4619,9.61,0,,,,,4,13.1,ok
TIC 175262171,130.0927,20.1067,9.61,0,,,,,4,9.3,ok
TIC 149395927,139.5344,25.2771,9.61,0,,,,,4,14.1,ok
TIC 27510008,122.5262,12.7543,9.61,0,,,,,5,10.7,ok
TIC 380671112,179.5615,11.0108,9.61,0,,,,,4,13.5,ok
TIC 183649871,184.2217,-11.8143,9.61,0,,,,,3,12.4,ok
TIC 95359732,154.2206,21.1766,9.61,0,,,,,3,13.9,ok
TIC 14672694,111.7235,13.358,9.61,0,,,,,4,18.6,ok
TIC 290653531,141.2478,5.9896,9.62,0,,,,,5,11.7,ok
TIC 165818534,122.2306,32.8167,9.62,0,,,,,5,12.1,ok
TIC 155579981,158.7713,13.6991,9.62,0,,,,,2,15.3,ok
TIC 96199292,181.1108,-5.7508,9.62,0,,,,,2,14.9,ok
TIC 386621229,124.1461,15.0059,9.62,0,,,,,5,13.7,ok
TIC 195187769,128.9268,20.3733,9.62,0,,,,,5,16.6,ok
TIC 172824651,125.7078,30.9719,9.62,0,,,,,4,14.1,ok
TIC 291089514,178.2147,9.963,9.62,0,,,,,4,16.7,ok
TIC 290025862,192.5056,-13.1756,9.62,0,,,,,3,13.6,ok
TIC 20658929,120.558,32.5883,9.62,0,,,,,5,16.1,ok
TIC 356377050,170.1581,16.9846,9.62,0,,,,,3,13.2,ok
TIC 126214266,110.6988,28.8551,9.62,0,,,,,5,9.7,ok
TIC 14722732,176.9401,12.901,9.62,0,,,,,4,7.7,ok
TIC 184892429,130.6531,18.3888,9.62,0,,,,,4,10.0,ok
TIC 374208810,158.3439,4.3815,9.62,0,,,,,2,8.9,ok
TIC 233635503,145.9778,26.9684,9.62,0,,,,,4,13.3,ok
TIC 396930701,176.1344,8.8926,9.62,0,,,,,3,8.1,ok
TIC 349088467,185.3318,-14.0624,9.62,0,,11.8,rejete,variabilite_continue,5,15.7,ok
TIC 380675528,191.9256,4.1655,9.62,0,,,,,3,9.0,ok
TIC 363618150,172.8033,1.0717,9.62,0,,,,,2,8.9,ok
TIC 32423493,189.6213,-10.5453,9.62,0,,,,,1,7.3,ok
TIC 27654734,123.5229,12.1254,9.62,0,,,,,4,12.3,ok
TIC 247134330,113.2367,12.8829,9.62,0,,,,,3,11.5,ok
TIC 95778799,161.0275,20.9031,9.62,0,,,,,5,10.9,ok
TIC 389195477,145.8781,11.1758,9.62,0,,,,,2,5.8,ok
TIC 262712617,148.9076,3.8295,9.62,0,,,,,5,13.3,ok
TIC 60670705,111.3287,18.061,9.62,0,,,,,3,10.0,ok
TIC 258670435,146.8688,17.3537,9.62,0,,,,,1,4.0,ok
TIC 117220401,130.013,24.1581,9.63,0,,,,,3,8.3,ok
TIC 446671649,178.0323,-3.4383,9.63,0,,,,,2,9.9,ok
TIC 35227918,137.9202,15.09,9.63,0,,,,,3,7.6,ok
TIC 172900988,128.6617,31.5539,9.63,0,,,,,4,12.7,ok
TIC 411216150,194.0531,0.835,9.63,0,,,,,1,3.9,ok
TIC 377156187,149.5112,7.6123,9.63,0,,,,,4,5.7,ok
TIC 281701644,161.9452,2.6877,9.63,0,,,,,2,5.5,ok
TIC 8001557,157.4486,-2.5821,9.63,0,,,,,4,7.0,ok
TIC 95338753,153.3666,23.5464,9.63,0,,,,,3,10.4,ok
TIC 367517787,120.9578,26.5368,9.63,0,,,,,4,7.4,ok
TIC 175265668,130.2915,19.5088,9.63,0,,,,,4,11.3,ok
TIC 397483270,181.5414,9.7224,9.63,0,,,,,3,8.5,ok
TIC 297025961,187.1028,-15.1966,9.63,0,,,,,2,5.9,ok
TIC 27070841,152.2154,18.4606,9.63,0,,,,,3,8.3,ok
TIC 169226822,160.5588,-3.835,9.63,0,,48.3,rejete,variabilite_continue;eclipse_secondaire,6,90.2,ok
TIC 301626940,173.3158,3.0434,9.63,0,,,,,2,10.5,ok
TIC 396955365,172.8323,5.0542,9.63,0,,,,,2,10.9,ok
TIC 411091235,150.5479,10.8102,9.63,0,,,,,2,9.1,ok
TIC 291008631,169.871,9.1655,9.63,0,,,,,2,10.1,ok
TIC 366496361,127.0094,8.8673,9.63,0,,,,,4,9.9,ok
TIC 16324260,115.935,15.3484,9.63,0,,,,,3,10.7,ok
TIC 51640878,189.504,-3.8834,9.63,0,,,,,1,7.1,ok
TIC 95472085,155.9614,20.635,9.63,0,,,,,3,13.5,ok
TIC 458382239,120.4602,26.5369,9.63,0,,,,,3,17.6,ok
TIC 301605687,168.8927,3.1536,9.63,0,,,,,2,10.4,ok
TIC 94924543,186.4858,-1.4048,9.63,0,,,,,2,9.3,ok
TIC 390632932,191.2562,7.9513,9.64,0,,26.5,rejete,variabilite_continue;eclipse_secondaire;compagnon_trop_gros_3.0Rjup,3,8.6,ok
TIC 95341130,153.6877,23.001,9.64,0,,,,,3,9.3,ok
TIC 291037759,170.2557,9.8555,9.64,0,,,,,2,9.6,ok
TIC 55317231,140.4958,15.5814,9.64,0,,,,,2,8.9,ok
TIC 183640356,171.373,-6.4107,9.64,0,,,,,4,10.8,ok
TIC 95343543,153.8874,22.8457,9.64,0,,,,,3,8.1,ok
TIC 130640065,188.3034,-1.4386,9.64,0,,,,,1,9.2,ok
TIC 290023187,192.3759,-17.0298,9.64,0,,,,,2,7.4,ok
TIC 95360006,154.2192,22.321,9.64,0,,,,,3,9.9,ok
TIC 397478979,180.9173,7.9075,9.64,0,,,,,2,4.3,ok
TIC 312067038,139.9492,7.4301,9.64,0,,,,,2,9.0,ok
TIC 70681527,156.1201,17.3784,9.64,0,,,,,3,5.4,ok
TIC 800452592,132.8643,12.1278,9.64,1,2.9075,26.7,rejete,variabilite_continue,3,8.9,ok
TIC 367565108,121.0278,28.3186,9.64,0,,,,,4,9.7,ok
TIC 288550966,191.9742,-8.3083,9.64,0,,,,,2,5.3,ok
TIC 143024819,166.7498,-6.2516,9.65,0,,,,,3,8.3,ok
TIC 46380693,133.6909,12.5041,9.65,0,,,,,3,9.8,ok
TIC 350439797,167.498,11.667,9.65,0,,,,,1,3.5,ok
TIC 366787553,198.1622,2.723,9.65,0,,,,,3,5.5,ok
TIC 330636181,136.1303,16.4157,9.65,0,,,,,3,5.5,ok
TIC 349566642,192.1517,-5.8927,9.65,0,,,,,1,11.6,ok
TIC 14571584,126.0946,21.332,9.65,0,,,,,3,10.0,ok
TIC 335789718,158.5148,16.4563,9.65,0,,,,,5,15.0,ok
TIC 115016684,201.7682,-4.9799,9.65,0,,,,,1,12.1,ok
TIC 95360400,154.2563,23.6467,9.65,0,,,,,3,11.8,ok
TIC 366658466,133.9869,9.7202,9.65,0,,,,,4,16.7,ok
TIC 275183297,143.996,5.0237,9.65,0,,,,,4,17.3,ok
TIC 323598445,136.4537,6.5728,9.65,0,,,,,6,16.2,ok
TIC 374239277,158.9133,0.6436,9.65,0,,,,,4,12.2,ok
TIC 183652752,195.6208,-10.2645,9.65,0,,,,,1,13.7,ok
TIC 203284223,195.8347,-7.3368,9.65,0,,,,,1,14.2,ok
TIC 175239511,129.9792,20.0649,9.65,0,,,,,4,16.9,ok
TIC 59457529,108.7818,19.7127,9.65,0,,,,,3,16.7,ok
TIC 184895186,130.8978,20.1895,9.65,0,,,,,4,13.3,ok
TIC 16417643,116.4207,15.286,9.65,0,,,,,2,10.6,ok
TIC 285930184,171.0232,-6.7193,9.65,0,,,,,4,15.3,ok
TIC 61109200,154.5775,17.6763,9.65,0,,,,,3,11.7,ok
TIC 377249143,186.4191,5.0459,9.65,0,,,,,2,9.9,ok
TIC 66628676,184.3185,-0.7131,9.65,0,,,,,1,13.7,ok
TIC 277736010,153.9057,2.339,9.66,0,,,,,5,15.1,ok
TIC 291091020,178.5427,10.7966,9.66,0,,,,,4,17.8,ok
TIC 55397034,141.4553,13.4652,9.66,0,,,,,1,12.2,ok
TIC 178920609,199.477,-8.7882,9.66,0,,,,,1,13.5,ok
TIC 388940613,188.2717,4.5246,9.66,0,,,,,3,12.2,ok
TIC 4299199,115.7073,30.337,9.66,0,,,,,8,28.7,ok
TIC 95436960,155.5902,21.1817,9.66,0,,,,,3,12.2,ok
TIC 319432043,194.4272,-8.7136,9.66,0,,,,,1,16.0,ok
TIC 335659115,199.8971,-13.2373,9.66,0,,,,,1,7.0,ok
TIC 95628771,121.6583,27.5454,9.66,0,,,,,3,16.8,ok
TIC 61048314,153.4127,17.0933,9.66,0,,,,,2,15.6,ok
TIC 149952211,184.3133,0.1763,9.66,0,,,,,1,11.2,ok
TIC 385347072,181.8416,-12.4267,9.66,0,,,,,3,16.4,ok
TIC 290609291,140.4837,5.6833,9.66,0,,,,,3,4.9,ok
TIC 144167463,176.9744,-9.0638,9.66,0,,,,,3,7.4,ok
TIC 444039979,134.9323,7.1071,9.66,0,,,,,6,15.0,ok
TIC 339384405,197.9058,-14.5709,9.66,0,,,,,3,13.9,ok
TIC 361920076,127.2702,30.283,9.66,0,,,,,4,10.2,ok
TIC 455283567,147.4756,5.9642,9.66,0,,,,,4,11.0,ok
TIC 240173854,168.9921,14.2794,9.66,0,,,,,3,7.1,ok
TIC 27540908,122.5503,16.2182,9.66,0,,,,,3,9.2,ok
TIC 393546792,161.2987,7.2975,9.66,0,,,,,2,11.2,ok
TIC 323735258,137.8623,6.6945,9.66,0,,,,,7,11.0,ok
TIC 371590967,173.8601,13.3352,9.66,0,,,,,4,7.1,ok
TIC 95338547,153.408,22.6174,9.66,0,,,,,3,7.7,ok
TIC 27108641,152.7868,19.6495,9.66,0,,,,,3,7.5,ok
TIC 277870839,156.7354,1.78,9.67,0,,,,,5,14.6,ok
TIC 444008364,132.1493,7.2639,9.67,0,,,,,4,10.1,ok
TIC 243244680,136.5743,19.402,9.67,1,9.747,11.4,rejete,variabilite_continue,4,18.0,ok
TIC 96198073,181.1633,-0.2811,9.67,0,,,,,1,8.8,ok
TIC 149395354,139.4188,25.616,9.67,0,,,,,5,15.7,ok
TIC 411249015,195.3196,5.0739,9.67,0,,,,,2,5.9,ok
TIC 94923274,186.3199,-4.507,9.67,0,,,,,1,7.3,ok
TIC 56811718,183.1443,-5.5224,9.67,0,,,,,2,5.4,ok
TIC 172824505,125.7348,31.4546,9.67,0,,,,,4,8.8,ok
TIC 27002565,151.1273,21.9948,9.67,0,,,,,4,6.3,ok
TIC 66782242,200.7574,-1.5131,9.67,0,,,,,3,6.3,ok
TIC 77115661,167.4468,15.5219,9.67,0,,,,,3,11.3,ok
TIC 277812894,156.0974,3.0915,9.67,0,,,,,4,8.2,ok
TIC 56720262,181.5207,-4.2756,9.67,0,,,,,1,4.7,ok
TIC 393742747,116.3796,27.2343,9.67,0,,,,,3,9.3,ok
TIC 443999190,131.3799,6.9236,9.68,0,,,,,1,12.0,ok
TIC 422217920,191.0087,5.225,9.68,0,,,,,3,10.5,ok
TIC 172518675,142.7298,26.9655,9.68,0,,,,,5,9.2,ok
TIC 380667435,179.0836,11.0289,9.68,0,,,,,5,7.1,ok
TIC 318120596,161.9957,-3.3093,9.68,0,,,,,3,10.6,ok
TIC 63278891,157.8915,12.6213,9.68,0,,,,,2,8.4,ok
TIC 155231013,124.575,27.4084,9.68,0,,,,,4,8.6,ok
TIC 397012320,175.8412,4.3832,9.68,0,,,,,2,6.7,ok
TIC 393565400,162.2601,11.7717,9.68,0,,,,,2,6.9,ok
TIC 376886138,182.1835,0.5729,9.68,0,,,,,1,3.1,ok
TIC 411121069,150.8923,11.4303,9.68,0,,,,,2,6.4,ok
TIC 130690119,188.7498,-2.5365,9.68,0,,,,,1,3.8,ok
TIC 130642387,188.5466,-1.3054,9.68,0,,,,,2,5.8,ok
TIC 14614034,111.5953,12.8777,9.68,0,,,,,6,7.6,ok
TIC 98797251,187.5082,-8.903,9.68,0,,,,,1,5.1,ok
TIC 173090065,171.7308,-4.8557,9.68,0,,,,,5,15.8,ok
TIC 175290894,130.4393,19.2672,9.69,0,,,,,3,7.7,ok
TIC 337388469,110.369,14.4123,9.69,0,,,,,4,11.0,ok
TIC 240173995,169.0011,15.2515,9.69,0,,,,,2,9.1,ok
TIC 173090530,171.8165,-2.1355,9.69,0,,,,,2,8.2,ok
TIC 149398323,139.7257,25.6555,9.69,0,,,,,5,11.6,ok
TIC 392846198,158.6608,6.1162,9.69,0,,,,,2,3.8,ok
TIC 85978411,137.9509,21.1123,9.69,0,,,,,3,6.9,ok
TIC 406141509,142.706,8.748,9.69,0,,,,,2,4.1,ok
TIC 14393834,124.4325,18.4158,9.69,0,,,,,3,8.8,ok
TIC 323710333,137.4555,11.1416,9.69,0,,,,,3,3.9,ok
TIC 130634938,187.626,-0.11,9.69,0,,,,,1,3.7,ok
TIC 277914126,157.6387,1.0307,9.69,0,,,,,3,10.1,ok
TIC 14502774,125.3069,19.2717,9.69,0,,,,,3,6.6,ok
TIC 345928764,193.268,-17.4006,9.69,0,,,,,2,3.7,ok
TIC 97413190,124.1512,26.3692,9.69,0,,,,,4,9.1,ok
TIC 159524345,168.6113,18.0684,9.69,0,,,,,4,9.9,ok
TIC 16159175,115.0972,15.5224,9.69,0,,,,,2,5.0,ok
TIC 312185418,141.0522,7.6001,9.69,0,,,,,2,5.3,ok
TIC 414964447,140.7748,22.3068,9.69,0,,,,,5,10.7,ok
TIC 175377586,189.1628,-0.335,9.69,0,,,,,1,5.2,ok
TIC 455275368,146.618,4.2881,9.69,0,,,,,4,7.7,ok
TIC 415008569,165.575,16.5083,9.69,0,,,,,3,5.1,ok
TIC 197214944,133.1308,22.0016,9.69,0,,,,,3,6.5,ok
TIC 350545133,189.9974,4.4584,9.69,0,,,,,3,6.3,ok
TIC 388083114,120.8186,11.4225,9.69,0,,,,,5,7.8,ok
TIC 66766055,200.1047,-1.6591,9.69,0,,,,,3,5.9,ok
TIC 365152575,203.1824,2.258,9.69,0,,,,,3,9.0,ok
TIC 350475519,177.0543,7.2848,9.69,0,,,,,2,7.0,ok
TIC 393529566,160.8854,11.7092,9.69,0,,,,,2,6.9,ok
TIC 323736379,137.9982,9.8353,9.69,0,,,,,4,11.6,ok
TIC 95122614,114.7919,29.9077,9.69,0,,,,,5,9.1,ok
TIC 337695449,145.4885,17.616,9.7,0,,,,,2,8.7,ok
TIC 347756351,198.7272,-16.4642,9.7,0,,,,,2,10.2,ok
TIC 149397420,139.6913,26.7509,9.7,0,,,,,5,12.2,ok
TIC 377187995,185.3091,4.614,9.7,0,,,,,3,7.5,ok
TIC 239207978,157.2,21.6339,9.7,0,,,,,3,10.4,ok
TIC 426643322,120.3756,31.6388,9.7,0,,,,,5,10.6,ok
TIC 149442280,140.8235,26.6971,9.7,0,,,,,4,6.3,ok
TIC 462518592,170.4289,12.9857,9.7,0,,,,,5,14.7,ok
TIC 366698964,182.4949,5.4541,9.7,0,,,,,1,11.4,ok
TIC 312185037,141.0247,9.0851,9.7,0,,,,,2,15.4,ok
TIC 233431029,145.5988,25.5594,9.7,0,,,,,3,13.6,ok
TIC 374201566,158.2248,3.0316,9.7,0,,,,,2,9.4,ok
TIC 302203479,125.0173,28.9808,9.7,0,,,,,4,13.7,ok
TIC 67459798,171.777,16.8016,9.7,0,,,,,4,10.2,ok
TIC 397067758,193.5268,3.664,9.7,0,,,,,3,12.3,ok
TIC 87975508,146.6393,19.7108,9.7,0,,,,,2,5.7,ok
TIC 330658824,136.5173,13.6072,9.7,0,,,,,3,6.5,ok
TIC 330689684,136.6975,13.5151,9.7,0,,,,,3,12.0,ok
TIC 27682159,123.7831,15.0385,9.7,0,,,,,3,6.4,ok
TIC 149398786,139.7617,27.9337,9.7,0,,,,,5,17.2,ok
TIC 400709314,119.5257,33.2756,9.7,0,,,,,5,11.9,ok
TIC 203217864,134.685,18.5733,9.7,0,,,,,3,7.5,ok
TIC 172774724,125.4683,31.0071,9.7,0,,,,,3,6.5,ok
TIC 66768011,200.2473,-2.1281,9.7,0,,,,,1,6.7,ok
TIC 366681477,177.8133,3.4046,9.7,0,,,,,1,6.7,ok
TIC 183640546,179.3069,-6.4165,9.7,0,,,,,3,16.7,ok
TIC 386772317,119.709,23.3366,9.7,0,,,,,3,6.2,ok
TIC 38161157,171.2982,-2.4147,9.7,0,,,,,2,4.0,ok
TIC 115011008,201.7237,-0.2549,9.7,0,,,,,3,14.9,ok
TIC 51760003,190.9588,-2.9585,9.7,0,,,,,1,9.9,ok
TIC 406140096,142.6978,10.2746,9.71,0,,,,,2,17.6,ok
TIC 47385285,163.0319,-4.3331,9.71,0,,,,,3,16.5,ok
TIC 95340179,153.6385,18.3299,9.71,0,,,,,4,14.1,ok
TIC 95341586,153.8449,22.4796,9.71,0,,,,,2,15.0,ok
TIC 281794572,164.0535,2.0576,9.71,0,,,,,2,12.9,ok
TIC 14724857,177.1217,14.6713,9.71,0,,,,,3,13.6,ok
TIC 389432928,187.2266,9.9882,9.71,0,,,,,4,19.4,ok
TIC 432195393,187.9563,-12.4687,9.71,0,,,,,1,14.1,ok
TIC 175239508,129.8765,20.069,9.71,0,,,,,4,21.7,ok
TIC 144250882,178.316,-7.3775,9.71,0,,,,,3,28.9,ok
TIC 371814109,174.4443,14.0647,9.71,0,,,,,4,14.9,ok
TIC 7060666,126.9812,13.0466,9.71,0,,,,,3,18.3,ok
TIC 397481655,181.3206,10.5782,9.71,0,,,,,1,11.2,ok
TIC 21224042,129.156,17.6595,9.71,0,,,,,3,25.9,ok
TIC 374180523,158.0097,3.3152,9.71,0,,,,,2,14.3,ok
TIC 453035945,144.7778,4.7615,9.71,0,,,,,5,16.5,ok
TIC 82506275,122.9455,23.2932,9.71,0,,,,,3,17.9,ok
TIC 56761708,182.2752,-5.0248,9.71,0,,,,,1,10.3,ok
TIC 455278250,146.8731,5.1551,9.71,0,,,,,4,12.1,ok
TIC 86181285,180.7028,12.8831,9.71,0,,,,,4,13.5,ok
TIC 91968520,144.3316,23.4067,9.71,0,,,,,5,17.5,ok
TIC 66781902,200.7289,-2.9301,9.71,0,,,,,1,3.4,ok
TIC 366741406,183.3583,4.4215,9.71,0,,,,,1,2.9,ok
TIC 14501053,125.356,23.6596,9.71,0,,,,,3,6.2,ok
TIC 97599655,126.6571,25.8467,9.71,0,,,,,4,5.7,ok
TIC 82507552,123.0111,21.0596,9.71,0,,,,,2,6.3,ok
TIC 3646799,127.1623,29.1215,9.71,0,,,,,3,6.1,ok
TIC 366712245,182.8067,5.9153,9.71,0,,,,,2,6.9,ok
TIC 297025967,187.0967,-15.1626,9.72,0,,,,,2,6.2,ok
TIC 61048846,153.6393,15.8559,9.72,0,,,,,2,13.0,ok
TIC 411237397,194.7736,3.4876,9.72,0,,,,,2,11.9,ok
TIC 380165961,175.8725,-3.9504,9.72,0,,,,,2,13.1,ok
TIC 14881940,119.047,33.1029,9.72,0,,,,,5,20.9,ok
TIC 397480778,181.1382,7.4289,9.72,0,,,,,2,11.7,ok
TIC 203226768,135.2092,22.5839,9.72,0,,,,,3,10.9,ok
TIC 53178040,166.1825,-4.3645,9.72,0,,,,,4,11.0,ok
TIC 6891142,125.4381,16.4058,9.72,0,,,,,3,15.7,ok
TIC 399088994,188.5772,9.0097,9.72,0,,,,,2,10.3,ok
TIC 117272097,130.5408,25.0416,9.72,0,,,,,4,7.4,ok
TIC 411120757,150.8668,9.7382,9.72,0,,,,,2,14.0,ok
TIC 95819409,161.697,17.9528,9.72,0,,,,,3,6.4,ok
TIC 175741554,195.3992,-1.5288,9.72,0,,,,,1,4.2,ok
TIC 7024526,126.706,12.5367,9.72,0,,,,,3,11.8,ok
TIC 82326160,123.6484,22.3307,9.72,0,,,,,3,10.9,ok
TIC 357240689,169.9004,16.7907,9.72,0,,,,,2,7.8,ok
TIC 302263865,126.0149,27.9842,9.72,0,,,,,3,10.4,ok
TIC 350329490,165.3039,6.2851,9.72,0,,,,,1,6.7,ok
TIC 97599606,126.6327,25.7074,9.72,0,,,,,4,11.7,ok
TIC 149438774,140.4295,26.2651,9.73,0,,,,,4,12.9,ok
TIC 350401499,166.573,11.9248,9.73,0,,,,,2,7.3,ok
TIC 345073108,155.1052,3.1643,9.73,0,,,,,1,10.0,ok
TIC 312025328,139.5048,9.128,9.73,0,,,,,3,14.4,ok
TIC 281661322,161.7956,5.8942,9.73,0,,,,,2,11.0,ok
TIC 70375439,114.2332,20.5548,9.73,0,,,,,3,16.7,ok
TIC 411278907,196.5186,3.6664,9.73,0,,,,,2,13.9,ok
TIC 258670920,146.9453,14.8106,9.73,0,,,,,2,12.4,ok
TIC 363550521,171.726,1.2889,9.73,0,,,,,2,16.6,ok
TIC 117420341,137.8709,28.0195,9.73,0,,,,,5,19.6,ok
TIC 389206849,146.0938,9.6658,9.73,0,,,,,2,6.2,ok
TIC 374364893,161.4104,0.397,9.73,0,,,,,4,11.8,ok
TIC 117420343,137.8734,28.0204,9.73,0,,,,,5,10.2,ok
TIC 302203885,125.1011,29.5229,9.73,0,,,,,4,14.9,ok
TIC 412130596,184.045,4.6979,9.73,0,,,,,1,4.7,ok
TIC 411187534,153.3442,11.2728,9.73,0,,,,,1,4.1,ok
TIC 134877482,196.539,-7.3806,9.73,0,,,,,1,5.5,ok
TIC 171599510,156.8301,22.3339,9.73,0,,,,,3,18.8,ok
TIC 366699386,182.4718,2.7993,9.73,0,,,,,1,9.5,ok
TIC 239197028,146.6261,25.6663,9.73,0,,,,,4,11.6,ok
TIC 67445324,171.4246,15.2157,9.73,0,,,,,4,6.7,ok
TIC 70655619,155.1069,17.3236,9.73,0,,,,,3,11.5,ok
TIC 20496537,128.1162,16.4911,9.73,0,,,,,3,10.8,ok
TIC 197245552,134.032,22.1502,9.73,0,,,,,3,8.4,ok
TIC 437062984,135.6225,16.4456,9.73,0,,,,,3,11.1,ok
TIC 297138950,187.5249,-12.9789,9.73,0,,,,,1,7.7,ok
TIC 117278634,131.0673,25.0758,9.73,0,,,,,3,8.5,ok
TIC 440767849,108.6412,16.4243,9.73,0,,,,,3,7.6,ok
TIC 63837443,162.418,17.6737,9.73,0,,,,,4,11.9,ok
TIC 193018802,143.3947,14.7028,9.73,0,,,,,2,7.3,ok
TIC 372445820,165.7299,13.9415,9.73,0,,,,,4,15.9,ok
TIC 392795116,157.019,11.4161,9.73,0,,,,,2,10.8,ok
TIC 149470723,163.4552,15.6772,9.73,1,1.7356,34.6,rejete,variabilite_continue;eclipse_secondaire,4,21.4,ok
TIC 47425894,164.9403,-5.3703,9.73,0,,,,,6,8.9,ok
TIC 88062735,147.8596,23.6572,9.73,0,,,,,3,6.3,ok
TIC 366568842,127.7974,10.5848,9.74,0,,,,,4,18.3,ok
TIC 262746281,141.1078,5.766,9.74,1,8.0908,15.6,rejete,variabilite_continue,5,17.0,ok
TIC 86263232,181.579,11.9126,9.74,0,,,,,1,12.2,ok
TIC 366682451,177.9988,2.3033,9.74,0,,,,,1,13.8,ok
TIC 82089581,197.0369,-1.9753,9.74,0,,,,,1,15.2,ok
TIC 27548079,122.9966,12.8319,9.74,0,,,,,2,12.6,ok
TIC 291016155,170.0154,10.3546,9.74,0,,,,,2,19.3,ok
TIC 334968376,186.4006,-13.1117,9.74,0,,,,,3,14.8,ok
TIC 349554460,192.0804,-0.4892,9.74,0,,,,,1,9.5,ok
TIC 393744821,116.4725,25.2021,9.74,0,,,,,3,8.1,ok
TIC 319479144,195.0463,-11.2463,9.74,0,,,,,2,6.5,ok
TIC 130159683,117.1831,25.7144,9.74,0,,,,,3,10.1,ok
TIC 63309709,158.3874,15.2132,9.74,0,,,,,3,5.8,ok
TIC 290947243,168.5775,11.7738,9.74,0,,,,,4,10.4,ok
TIC 302301663,126.0809,25.464,9.74,0,,,,,3,6.3,ok
TIC 455283356,147.3817,5.1975,9.74,0,,,,,6,9.3,ok
TIC 98627328,185.2542,-6.5237,9.74,0,,,,,1,6.9,ok
TIC 349947158,153.5246,11.0901,9.74,0,,,,,2,5.6,ok
TIC 19024584,119.6208,15.4531,9.75,0,,,,,3,8.7,ok
TIC 97463797,124.3253,26.3681,9.75,0,,,,,4,9.0,ok
TIC 173165388,173.4041,-3.5331,9.75,0,,,,,2,6.6,ok
TIC 82202854,147.8673,24.3174,9.75,0,,,,,3,13.1,ok
TIC 175232797,129.7955,18.1759,9.75,0,,,,,4,11.1,ok
TIC 425282375,168.2155,4.9566,9.75,0,,,,,2,13.4,ok
TIC 66769676,200.4424,-4.8293,9.75,0,,,,,1,8.0,ok
TIC 443846647,121.2208,8.9759,9.75,0,,,,,4,8.3,ok
TIC 27546438,122.8264,14.8214,9.75,0,,,,,3,5.8,ok
TIC 437050264,134.8012,17.3677,9.75,0,,,,,1,11.4,ok
TIC 411239444,195.0765,3.4725,9.75,0,,,,,2,11.2,ok
TIC 95311089,153.0019,19.3778,9.75,0,,,,,3,13.0,ok
TIC 98369493,147.0731,24.0035,9.75,0,,,,,4,10.6,ok
TIC 277713070,153.5636,1.7416,9.75,0,,,,,4,13.9,ok
TIC 405466100,141.769,10.1202,9.75,0,,,,,2,12.2,ok
TIC 172531946,143.026,26.4452,9.75,0,,,,,5,19.3,ok
TIC 17748599,117.9786,15.255,9.75,0,,,,,3,9.5,ok
TIC 14826051,179.5275,13.9101,9.75,0,,,,,3,17.3,ok
TIC 397434424,180.4476,8.6134,9.75,0,,,,,2,8.3,ok
TIC 3646548,127.1826,28.3106,9.75,0,,,,,4,18.3,ok
TIC 82522655,174.9552,14.149,9.76,0,,,,,4,8.4,ok
TIC 307647967,152.8337,17.7615,9.76,0,,,,,3,9.7,ok
TIC 4166514,114.6429,29.9195,9.76,0,,,,,5,7.3,ok
TIC 86229068,181.2972,12.1602,9.76,0,,,,,3,14.2,ok
TIC 374210599,158.5091,4.8429,9.76,0,,,,,2,8.3,ok
TIC 94967850,114.1749,25.8588,9.76,0,,,,,3,6.3,ok
TIC 312067021,139.9207,7.3498,9.76,0,,,,,2,12.5,ok
TIC 302306402,126.5496,25.8254,9.76,0,,,,,4,5.9,ok
TIC 130588576,187.0566,-2.9331,9.76,0,,,,,1,5.0,ok
TIC 397482899,181.5683,7.129,9.76,0,,,,,2,9.2,ok
TIC 275254541,148.3682,2.0572,9.76,0,,,,,6,14.5,ok
TIC 290653420,141.2276,5.5363,9.76,0,,,,,3,7.2,ok
TIC 19024319,119.6174,15.9606,9.76,0,,,,,3,10.4,ok
TIC 281782143,163.7719,0.4831,9.76,0,,,,,2,8.8,ok
TIC 7058524,126.8207,16.6812,9.76,0,,,,,3,8.7,ok
TIC 373673853,174.0775,11.9989,9.76,0,,,,,4,10.4,ok
TIC 380584228,175.3055,9.9796,9.76,0,,,,,3,12.7,ok
TIC 440856708,109.6966,13.9171,9.76,0,,,,,6,6.5,ok
TIC 1757499,197.2165,-14.1499,9.76,0,,,,,3,5.5,ok
TIC 380641969,178.9683,8.4541,9.76,0,,,,,4,4.1,ok
TIC 344841520,150.2678,2.421,9.76,0,,,,,4,19.0,ok
TIC 358711501,150.168,14.274,9.76,0,,,,,2,2.8,ok
TIC 86017083,138.8896,20.4415,9.76,0,,,,,3,5.3,ok
TIC 178247340,127.9353,20.6637,9.76,1,3.6964,17.2,a_verifier,,3,16.9,ok
TIC 275357817,149.9351,0.354,9.77,0,,,,,3,7.7,ok
TIC 14455839,125.2081,18.9304,9.77,0,,,,,3,5.7,ok
TIC 130643422,188.6357,-5.2144,9.77,0,,,,,1,4.7,ok
TIC 453209979,117.9302,11.5758,9.77,0,,,,,4,6.1,ok
TIC 388881105,174.0101,11.3642,9.77,0,,,,,4,9.4,ok
TIC 27680228,123.7346,15.8224,9.77,0,,,,,3,6.1,ok
TIC 285926984,170.7556,-8.0445,9.77,0,,,,,2,6.5,ok
TIC 393742163,116.4018,28.5437,9.77,0,,,,,3,4.2,ok
TIC 14435997,124.7073,21.8074,9.77,0,,,,,3,5.2,ok
TIC 400641712,111.6998,34.0838,9.77,0,,,,,4,8.1,ok
TIC 34988057,164.4453,-1.7206,9.77,0,,,,,3,6.1,ok
TIC 26924603,112.5188,29.5838,9.77,0,,,,,4,6.2,ok
TIC 800537158,135.0526,15.8251,9.77,0,,,,,2,18.9,ok
TIC 247130069,113.2042,16.2332,9.77,0,,,,,3,4.0,ok
TIC 344888598,150.8055,0.3111,9.77,0,,,,,6,19.3,ok
TIC 247115660,112.8568,13.9078,9.77,0,,,,,3,12.8,ok
TIC 88022860,147.3424,19.4885,9.77,0,,,,,2,8.2,ok
TIC 94941066,186.7097,-4.1616,9.77,0,,,,,1,4.5,ok
TIC 95471106,155.8483,20.8346,9.77,0,,,,,3,7.7,ok
TIC 357333876,152.0708,15.7369,9.78,0,,,,,2,12.1,ok
TIC 95310775,153.0873,20.905,9.78,0,,,,,2,3.0,ok
TIC 389316662,183.7943,7.599,9.78,0,,,,,2,2.9,ok
TIC 312069272,139.9756,6.7816,9.78,0,,,,,3,5.6,ok
TIC 312111256,140.6639,6.2387,9.78,0,,,,,5,9.3,ok
TIC 397023174,176.2888,2.8316,9.78,0,,,,,2,9.4,ok
TIC 405464625,141.5773,10.1698,9.78,0,,,,,2,5.7,ok
TIC 63189838,156.726,14.8614,9.78,0,,,,,2,5.0,ok
TIC 277887463,157.1118,5.8143,9.78,0,,,,,2,6.9,ok
TIC 344989503,152.516,4.5725,9.78,0,,,,,3,8.2,ok
TIC 86102657,139.7879,23.1355,9.78,0,,,,,4,8.4,ok
TIC 34946699,164.1347,-1.9907,9.78,0,,,,,3,11.5,ok
TIC 55379684,141.1222,16.7465,9.78,0,,,,,2,8.4,ok
TIC 281702099,161.9577,5.2429,9.78,0,,,,,2,5.7,ok
TIC 388802530,172.3003,10.0052,9.78,0,,,,,4,8.6,ok
TIC 98718910,186.5907,-10.0828,9.78,0,,,,,3,14.4,ok
TIC 366660338,177.6058,5.4839,9.78,0,,,,,2,16.5,ok
TIC 289446034,180.0809,-5.684,9.78,0,,,,,1,6.2,ok
TIC 319443462,194.3948,-7.0638,9.78,0,,,,,1,6.1,ok
TIC 14342208,163.4452,-4.6311,9.78,0,,,,,3,11.4,ok
TIC 363547835,171.4689,2.1697,9.78,0,,,,,2,11.4,ok
TIC 393529758,161.0199,11.2009,9.78,0,,,,,2,10.1,ok
TIC 138664813,136.5134,26.1691,9.78,0,,,,,4,10.5,ok
TIC 173144396,172.8642,-0.3133,9.78,0,,,,,2,11.3,ok
TIC 3697165,127.7432,27.7461,9.78,0,,,,,5,17.0,ok
TIC 26640624,108.236,13.4301,9.78,0,,,,,4,12.2,ok
TIC 95339436,153.4878,20.9708,9.78,0,,,,,3,16.7,ok
TIC 388940264,188.2228,2.4148,9.78,0,,,,,1,13.3,ok
TIC 366776497,189.0115,1.7238,9.78,0,,,,,2,19.6,ok
TIC 46362501,133.2384,16.0059,9.79,0,,,,,3,12.3,ok
TIC 16129402,114.7692,14.6706,9.79,0,,,,,4,6.4,ok
TIC 195187836,128.8666,20.1963,9.79,0,,,,,5,23.1,ok
TIC 350043680,155.447,11.4055,9.79,0,,,,,2,10.2,ok
TIC 14342616,163.7002,-0.5897,9.79,0,,,,,3,11.7,ok
TIC 26956972,149.6267,19.5122,9.79,0,,,,,4,13.6,ok
TIC 380695446,191.926,0.6872,9.79,0,,,,,1,13.9,ok
TIC 392833602,158.08,10.3552,9.79,0,,,,,1,15.7,ok
TIC 388881647,174.1104,8.9543,9.79,0,,,,,2,17.6,ok
TIC 67445501,171.5057,16.2526,9.79,0,,,,,4,10.4,ok
TIC 418184368,147.0891,6.4171,9.79,0,,,,,4,8.6,ok
TIC 49426665,173.8075,-4.0151,9.79,0,,,,,3,13.3,ok
TIC 94925311,186.4841,-4.6139,9.79,0,,,,,1,8.4,ok
TIC 281779074,163.6597,3.3293,9.79,0,,,,,1,11.5,ok
TIC 444002676,131.5277,7.7014,9.79,0,,,,,4,10.0,ok
TIC 21186648,128.9007,17.5524,9.79,0,,,,,3,14.7,ok
TIC 302263174,125.9631,25.6919,9.79,0,,,,,4,4.3,ok
TIC 255829929,174.1264,15.2514,9.79,0,,,,,4,9.7,ok
TIC 437045706,134.358,14.1471,9.79,0,,,,,3,6.1,ok
TIC 453059451,145.874,4.3183,9.79,0,,,,,4,9.1,ok
TIC 38141956,170.864,-3.6913,9.79,0,,,,,4,7.9,ok
TIC 77138358,167.9527,12.084,9.79,0,,,,,2,13.3,ok
TIC 270710395,137.7917,5.0635,9.79,0,,,,,5,7.2,ok
TIC 337606393,130.2964,17.1698,9.79,0,,,,,3,8.9,ok
TIC 344950993,151.6286,5.458,9.79,0,,,,,2,10.1,ok
TIC 446005940,121.9269,23.5289,9.79,0,,,,,3,8.2,ok
TIC 117419188,137.7963,25.7832,9.79,0,,,,,4,12.8,ok
TIC 61126873,154.7085,17.4959,9.79,0,,,,,3,14.5,ok
TIC 61106707,154.3477,17.5102,9.79,0,,,,,3,8.1,ok
TIC 95340650,153.6999,20.3455,9.79,0,,,,,3,6.8,ok
TIC 377259453,186.7497,1.5642,9.79,0,,,,,1,6.9,ok
TIC 247134285,113.3104,12.8285,9.79,0,,,,,3,7.6,ok
TIC 84927683,164.5526,19.6041,9.79,0,,,,,3,7.4,ok
TIC 262719068,149.1817,5.0141,9.79,0,,,,,4,12.7,ok
TIC 393546005,161.1687,9.5772,9.79,0,,,,,2,11.8,ok
TIC 374273630,159.6248,2.8204,9.8,0,,,,,2,5.6,ok
TIC 277840120,156.5346,0.4965,9.8,0,,,,,3,11.4,ok
TIC 4299179,115.8295,30.3651,9.8,0,,,,,4,8.4,ok
TIC 289988650,192.1627,-13.0467,9.8,0,,,,,3,8.2,ok
TIC 175394764,198.9644,-2.0813,9.8,0,,,,,1,8.9,ok
TIC 284767398,120.1783,22.3766,9.8,0,,,,,3,7.8,ok
TIC 390633134,191.2967,6.6316,9.8,0,,,,,3,8.4,ok
TIC 38144328,171.0946,-4.0502,9.8,0,,,,,4,15.9,ok
TIC 95432943,155.0225,19.4175,9.8,0,,,,,2,21.9,ok
TIC 323735668,138.016,6.8962,9.8,0,,,,,4,9.9,ok
TIC 171598162,156.7686,18.001,9.8,0,,,,,3,5.7,ok
TIC 453030789,144.4079,3.211,9.8,0,,,,,4,5.3,ok
TIC 388897937,174.1971,6.5119,9.8,0,,,,,2,11.7,ok
TIC 399092478,189.0728,9.7169,9.8,0,,,,,2,4.2,ok
TIC 117418911,137.7456,27.1982,9.8,0,,,,,7,13.9,ok
TIC 63860721,163.0761,17.2602,9.8,0,,,,,4,6.5,ok
TIC 149951666,184.186,3.0618,9.8,0,,,,,1,4.8,ok
TIC 397520415,182.5569,9.0278,9.8,0,,,,,2,5.1,ok
TIC 407232115,144.1236,9.8268,9.8,0,,,,,2,6.7,ok
TIC 437029535,132.3965,9.0155,9.8,0,,,,,4,12.3,ok
TIC 62851699,116.5388,20.4357,9.8,0,,,,,3,5.4,ok
TIC 443584494,167.8442,-5.0013,9.8,0,,,,,4,10.4,ok
TIC 240174336,168.9885,17.8248,9.8,0,,,,,4,11.6,ok
TIC 397482384,181.4431,8.5317,9.81,0,,,,,2,6.5,ok
TIC 390587255,190.1335,9.1549,9.81,0,,,,,2,4.9,ok
TIC 319464457,194.8768,-6.3972,9.81,0,,,,,1,3.2,ok
TIC 175262081,130.0024,19.8065,9.81,0,,,,,4,9.9,ok
TIC 366787464,198.1682,2.259,9.81,0,,,,,3,6.8,ok
TIC 149417730,140.3215,24.3337,9.81,0,,,,,3,9.7,ok
TIC 418148831,146.476,9.754,9.81,0,,,,,2,6.8,ok
TIC 277776527,155.6018,3.6202,9.81,0,,,,,4,4.7,ok
TIC 277673440,153.1561,1.883,9.81,0,,,,,3,3.3,ok
TIC 437026717,132.2778,10.8158,9.81,0,,,,,2,3.5,ok
TIC 411253418,195.7263,4.4466,9.81,0,,,,,1,4.7,ok
TIC 388880635,173.9595,8.061,9.81,0,,,,,2,6.7,ok
TIC 175264659,130.2186,19.4831,9.81,0,,,,,4,4.9,ok
TIC 14440714,110.6877,16.3918,9.81,0,,,,,3,4.4,ok
TIC 3666051,127.6133,29.3341,9.81,0,,,,,4,5.8,ok
TIC 239205645,149.3595,19.0209,9.81,0,,,,,4,7.2,ok
TIC 67396880,170.8576,16.47,9.81,0,,,,,3,5.9,ok
TIC 380669453,179.3824,11.8292,9.81,0,,,,,3,9.0,ok
TIC 380154967,172.495,3.2061,9.81,0,,,,,2,8.9,ok
TIC 247049666,112.0707,16.8429,9.81,0,,,,,3,5.1,ok
TIC 397534989,182.6999,9.7464,9.81,0,,,,,2,7.6,ok
TIC 171600242,156.8482,18.5739,9.81,0,,,,,2,5.2,ok
TIC 396873189,134.2321,10.7372,9.81,0,,,,,4,6.5,ok
TIC 152775253,180.7131,-7.427,9.81,0,,,,,3,6.3,ok
TIC 443910815,122.5859,9.5876,9.81,0,,,,,6,11.4,ok
TIC 455270228,146.1186,5.6115,9.81,0,,,,,3,4.9,ok
TIC 386883297,136.7075,21.3838,9.81,0,,,,,3,5.4,ok
TIC 437039750,132.9527,11.0559,9.81,0,,,,,4,5.0,ok
TIC 172843253,127.7681,31.3745,9.81,0,,,,,4,6.9,ok
TIC 4196732,114.8981,33.4615,9.81,0,,,,,4,8.9,ok
TIC 21247068,129.3424,17.2234,9.81,0,,,,,3,6.7,ok
TIC 82157882,198.023,-4.9704,9.81,0,,,,,1,5.6,ok
TIC 61102228,154.1499,13.4415,9.81,0,,,,,2,5.1,ok
TIC 3696356,127.711,25.1516,9.82,0,,,,,5,6.2,ok
TIC 358788470,161.0759,14.3209,9.82,0,,,,,2,7.3,ok
TIC 402136768,192.2472,6.3119,9.82,0,,,,,3,10.8,ok
TIC 3645378,127.0939,24.4997,9.82,0,,,,,3,11.8,ok
TIC 197243640,133.8914,20.5919,9.82,0,,,,,3,12.5,ok
TIC 323657993,137.0203,10.1952,9.82,0,,,,,3,14.7,ok
TIC 291074366,177.98,8.8791,9.82,0,,,,,4,19.1,ok
TIC 126313421,134.2006,27.0753,9.82,0,,,,,4,17.5,ok
TIC 289587855,127.9075,31.754,9.82,0,,,,,4,11.7,ok
TIC 126217758,118.0953,24.4753,9.82,0,,,,,2,13.4,ok
TIC 374336663,160.449,3.3628,9.82,0,,,,,2,14.9,ok
TIC 96244333,181.4085,-4.7418,9.82,0,,,,,1,12.5,ok
TIC 427582227,165.8331,15.9391,9.82,0,,,,,4,17.7,ok
TIC 350329809,165.3708,8.1956,9.82,0,,,,,2,6.0,ok
TIC 332024745,132.5313,20.9757,9.82,0,,,,,3,6.2,ok
TIC 312110218,140.5585,10.0368,9.82,0,,,,,1,10.7,ok
TIC 397486673,182.0329,8.2527,9.82,0,,,,,2,11.4,ok
TIC 126321892,134.9513,25.1464,9.83,0,,,,,3,11.3,ok
TIC 392071145,110.6733,31.7306,9.83,0,,,,,2,8.9,ok
TIC 27070163,152.2477,21.9686,9.83,0,,,,,4,9.9,ok
TIC 399044025,187.5321,10.0983,9.83,0,,,,,3,7.6,ok
TIC 290927507,168.1469,9.6887,9.83,0,,,,,2,16.9,ok
TIC 239144596,112.6618,30.0497,9.83,0,,,,,4,11.7,ok
TIC 444038485,133.7387,9.4547,9.83,0,,,,,4,5.2,ok
TIC 293376344,131.4185,12.3751,9.83,0,,,,,3,5.5,ok
TIC 386747803,119.6353,18.8896,9.83,0,,,,,3,6.1,ok
TIC 95740270,122.3555,26.2712,9.83,0,,,,,3,6.6,ok
TIC 171600711,156.9912,19.6843,9.83,0,,,,,3,7.4,ok
TIC 323710959,137.595,10.1658,9.83,0,,,,,3,6.3,ok
TIC 462519191,170.5032,16.3452,9.83,0,,,,,4,11.5,ok
TIC 203219663,134.8282,23.2074,9.83,0,,,,,3,6.5,ok
TIC 325274708,176.9532,4.9872,9.83,0,,,,,2,3.8,ok
TIC 32423285,189.6222,-11.4465,9.83,0,,,,,1,12.8,ok
TIC 345946023,193.5642,-14.4627,9.83,0,,,,,3,5.1,ok
TIC 415641261,112.764,26.2103,9.83,0,,,,,3,8.3,ok
TIC 363517606,170.7792,5.2408,9.83,0,,,,,2,7.5,ok
TIC 26859216,112.2843,24.0736,9.83,0,,,,,3,6.6,ok
TIC 301579330,167.6659,4.7687,9.83,0,,,,,2,8.2,ok
TIC 345037580,154.6984,4.2463,9.83,0,,,,,2,5.6,ok
TIC 144167304,177.015,-8.3143,9.83,0,,,,,4,13.2,ok
TIC 273727634,195.6109,-0.1938,9.83,0,,,,,1,3.3,ok
TIC 139206183,123.1285,30.9306,9.84,0,,,,,4,8.9,ok
TIC 337389951,110.285,13.0274,9.84,0,,,,,4,7.9,ok
TIC 389354652,184.4455,10.2653,9.84,0,,,,,2,5.2,ok
TIC 97463987,124.3256,25.8839,9.84,0,,,,,4,7.5,ok
TIC 376887132,182.3093,5.4698,9.84,0,,,,,1,3.6,ok
TIC 32449128,189.9818,-8.5788,9.84,0,,,,,1,3.7,ok
TIC 117508077,138.2689,28.9651,9.84,0,,,,,4,5.6,ok
TIC 66670337,184.8842,-4.5424,9.84,0,,,,,1,5.5,ok
TIC 453211000,117.8857,10.1011,9.84,0,,,,,5,7.5,ok
TIC 291066480,177.7071,10.8871,9.84,0,,,,,4,10.1,ok
TIC 418148459,146.4939,11.5074,9.84,0,,,,,2,9.1,ok
TIC 152828677,181.9288,-10.3114,9.84,0,,,,,2,12.6,ok
TIC 350329349,165.2238,6.6256,9.84,0,,,,,1,9.0,ok
TIC 98751772,187.1919,-7.5133,9.84,0,,,,,?,259.2,timeout
TIC 70333274,114.062,18.3147,9.84,0,,,,,3,8.5,ok
TIC 393628308,198.9347,4.0007,9.84,0,,,,,4,7.3,ok
TIC 203279847,135.9185,22.4387,9.84,0,,,,,?,259.8,timeout
TIC 3696177,127.7023,24.6524,9.84,0,,,,,3,11.9,ok
TIC 344890019,151.1013,5.6065,9.84,0,,,,,2,9.4,ok
TIC 59627439,146.589,13.6399,9.84,0,,,,,2,9.3,ok
TIC 97385864,123.8653,25.1532,9.84,0,,,,,3,6.7,ok
TIC 171579728,156.5914,22.479,9.84,0,,,,,3,7.2,ok
TIC 397481327,181.2945,8.3973,9.84,0,,,,,2,13.6,ok
TIC 70679428,155.9554,17.2801,9.84,0,,,,,3,10.8,ok
TIC 35028591,180.2765,-1.7303,9.84,0,,,,,1,1.8,ok
TIC 396827620,130.7677,8.0521,9.84,0,,,,,4,11.8,ok
TIC 21183892,128.7099,13.3063,9.84,0,,,,,2,12.4,ok
TIC 397520335,182.5163,8.3199,9.84,0,,,,,2,16.1,ok
TIC 27108656,152.8111,19.5392,9.85,0,,,,,3,13.2,ok
TIC 67474582,171.9314,17.0303,9.85,0,,,,,4,15.8,ok
TIC 2455329,193.742,-12.708,9.85,0,,,,,4,13.2,ok
TIC 27067557,151.8902,22.7164,9.85,0,,,,,3,15.5,ok
TIC 397554173,183.1435,10.7718,9.85,0,,,,,2,10.0,ok
TIC 453050040,145.0057,3.8008,9.85,0,,,,,4,9.7,ok
TIC 26987570,150.6953,20.9665,9.85,0,,,,,4,14.2,ok
TIC 418185281,147.1369,10.487,9.85,0,,,,,2,8.0,ok
TIC 130158361,117.2535,28.5762,9.85,0,,,,,7,16.8,ok
TIC 27654882,123.7096,12.0604,9.85,0,,,,,6,20.1,ok
TIC 286363398,191.2597,5.3712,9.85,0,,,,,3,7.4,ok
TIC 139206118,122.998,31.1299,9.85,0,,,,,3,11.6,ok
TIC 82597567,176.2974,12.3941,9.85,0,,,,,3,7.3,ok
TIC 38138083,170.4077,-2.1906,9.85,0,,,,,2,12.5,ok
TIC 16381609,116.2126,13.251,9.85,0,,,,,4,7.7,ok
TIC 411255069,195.9088,5.2405,9.85,0,,,,,2,7.8,ok
TIC 440824234,109.3475,16.323,9.85,0,,,,,3,5.8,ok
TIC 172830643,127.3543,31.6158,9.85,0,,,,,4,7.1,ok
TIC 406866039,143.7109,10.3511,9.85,0,,,,,2,7.8,ok
TIC 397520470,182.4746,9.4086,9.85,0,,,,,2,14.1,ok
TIC 117416525,132.8046,26.0665,9.85,0,,,,,4,9.1,ok
TIC 414987008,141.2474,18.9499,9.85,0,,,,,3,3.2,ok
TIC 277810159,156.0227,3.7996,9.85,0,,,,,2,4.5,ok
TIC 55398536,141.5364,16.6825,9.85,0,,,,,2,11.8,ok
TIC 311990231,139.1963,8.2382,9.85,0,,,,,2,11.8,ok
TIC 86037189,139.272,19.8431,9.85,0,,,,,3,8.7,ok
TIC 393495747,160.5775,6.0553,9.85,0,,,,,2,3.5,ok
TIC 366696886,178.0401,5.9561,9.85,0,,,,,1,3.9,ok
TIC 285009393,146.295,26.9089,9.85,0,,,,,1,4.3,ok
TIC 247117942,112.8209,16.5936,9.85,0,,,,,3,6.8,ok
TIC 60284204,125.0401,13.4752,9.86,0,,,,,6,6.3,ok
TIC 60778526,111.7053,19.2813,9.86,0,,,,,3,12.2,ok
TIC 149496548,164.2176,13.5213,9.86,0,,,,,4,8.9,ok
TIC 270683332,137.3118,4.9411,9.86,0,,,,,4,10.8,ok
TIC 302261563,125.8001,26.95,9.86,0,,,,,4,7.8,ok
TIC 418147807,146.3709,9.2382,9.86,0,,,,,2,11.5,ok
TIC 17815880,118.4218,15.2998,9.86,0,,,,,3,6.8,ok
TIC 293460749,131.9747,16.1964,9.86,0,,,,,3,4.6,ok
TIC 16488877,116.9152,14.7952,9.86,0,,,,,6,8.8,ok
TIC 277672905,152.9473,0.8307,9.86,0,,,,,5,11.7,ok
TIC 124536246,158.8423,-2.9866,9.86,0,,,,,4,10.4,ok
TIC 26973750,150.1501,23.6557,9.86,0,,,,,4,8.2,ok
TIC 61285245,160.1669,15.1176,9.86,0,,,,,4,11.8,ok
TIC 149417705,140.346,24.2686,9.86,0,,,,,3,14.9,ok
TIC 325274622,176.9917,5.6297,9.86,0,,,,,2,12.2,ok
TIC 171600738,156.9878,19.8291,9.86,0,,,,,3,10.0,ok
TIC 366657286,130.2826,9.9909,9.86,0,,,,,5,13.1,ok
TIC 149400471,140.0266,24.856,9.86,0,,,,,3,9.6,ok
TIC 139193206,121.1444,30.8696,9.86,0,,,,,5,6.1,ok
TIC 380698660,192.4404,4.8228,9.86,0,,,,,3,3.5,ok
TIC 203249683,190.4114,-9.324,9.86,0,,,,,1,3.2,ok
TIC 337657227,139.107,12.9339,9.86,0,,,,,3,4.4,ok
TIC 458689102,169.2989,16.6575,9.87,0,,,,,3,5.9,ok
TIC 290513249,139.4373,5.833,9.87,0,,,,,1,4.1,ok
TIC 14500663,125.2513,23.2388,9.87,0,,,,,3,9.0,ok
TIC 425279925,167.9537,4.9491,9.87,0,,,,,2,7.7,ok
TIC 173108636,172.6247,-3.4787,9.87,0,,,,,3,7.9,ok
TIC 197249089,134.2361,23.3885,9.87,0,,,,,3,4.5,ok
TIC 134911653,197.1212,-10.9963,9.87,0,,,,,1,5.5,ok
TIC 117167344,129.8459,28.6436,9.87,0,,,,,5,10.9,ok
TIC 61098812,205.4542,-0.1282,9.87,1,3.6935,38.1,rejete,variabilite_continue,4,11.6,ok
TIC 239152963,113.0346,33.8752,9.87,0,,,,,5,9.0,ok
TIC 139253947,123.5656,29.9863,9.87,0,,,,,3,9.1,ok
TIC 389346391,184.1538,9.6273,9.87,0,,,,,2,5.0,ok
TIC 374180120,157.9299,1.2078,9.87,0,,,,,4,9.2,ok
TIC 220587790,117.5138,11.0901,9.87,0,,,,,4,8.5,ok
TIC 389355054,184.3943,7.6221,9.87,0,,,,,3,5.6,ok
TIC 323496222,135.6832,10.6752,9.87,0,,,,,3,6.1,ok
TIC 66693528,199.0777,-0.969,9.87,0,,,,,4,6.7,ok
TIC 397485574,181.8433,11.1767,9.87,0,,,,,2,6.5,ok
TIC 367566371,121.0546,25.2902,9.87,0,,,,,3,4.8,ok
TIC 152803012,181.0684,-6.9506,9.87,0,,,,,1,2.6,ok
TIC 46378581,133.4563,17.4691,9.88,0,,,,,3,5.2,ok
TIC 95858936,162.5995,18.5671,9.88,0,,,,,3,4.8,ok
TIC 176938510,183.5467,-11.5141,9.88,0,,,,,2,4.4,ok
TIC 184898422,131.2674,20.3577,9.88,0,,,,,4,7.9,ok
TIC 60230508,121.5762,14.0465,9.88,0,,,,,4,11.2,ok
TIC 59456592,108.7903,18.6867,9.88,0,,,,,3,10.5,ok
TIC 414966330,140.9396,21.9691,9.88,0,,,,,5,10.7,ok
TIC 203226151,135.0923,22.8954,9.88,0,,,,,3,11.2,ok
TIC 149951549,184.1712,3.8271,9.88,0,,,,,1,8.9,ok
TIC 49546777,175.7589,-4.993,9.88,0,,,,,3,9.7,ok
TIC 286311770,170.5748,-6.9541,9.88,0,,,,,4,11.9,ok
TIC 62894313,167.1557,-4.2336,9.88,0,,,,,3,15.2,ok
TIC 452735401,195.6347,-18.7209,9.88,0,,,,,2,13.5,ok
TIC 130690031,188.7104,-2.0795,9.88,0,,,,,1,10.5,ok
TIC 172897053,128.1976,31.1647,9.88,0,,,,,4,10.7,ok
TIC 363618234,172.8068,1.5681,9.88,0,,,,,3,12.2,ok
TIC 292113611,198.2382,-4.2749,9.88,0,,,,,1,4.8,ok
TIC 363533033,171.153,3.2714,9.88,0,,,,,2,4.6,ok
TIC 458624342,125.0801,10.0362,9.88,0,,,,,4,7.3,ok
TIC 14726370,177.3458,12.145,9.88,0,,,,,4,9.8,ok
TIC 286814627,164.7947,15.1142,9.88,0,,,,,4,11.1,ok
TIC 26988601,150.8006,19.8388,9.88,0,,,,,4,11.7,ok
TIC 63883453,163.2693,17.1964,9.88,0,,,,,3,4.6,ok
TIC 97386170,123.795,24.4009,9.88,0,,,,,3,7.5,ok
TIC 239208097,157.2205,22.4453,9.88,0,,,,,3,6.8,ok
TIC 91846873,141.7245,20.058,9.88,0,,,,,2,11.7,ok
TIC 349887661,157.3596,21.8127,9.88,0,,,,,2,11.9,ok
TIC 330692794,137.2083,12.9208,9.88,0,,,,,3,7.8,ok
TIC 97471475,164.9314,18.6109,9.88,0,,,,,3,12.2,ok
TIC 3642664,126.9152,27.8416,9.88,0,,,,,4,12.5,ok
TIC 344840733,150.1162,1.3051,9.88,0,,,,,3,9.2,ok
TIC 366699704,182.4563,0.9545,9.88,0,,,,,1,8.4,ok
TIC 51688029,190.0477,-0.5819,9.89,0,,,,,1,9.5,ok
TIC 97311996,123.1619,28.1366,9.89,0,,,,,3,7.9,ok
TIC 243242972,136.4858,23.563,9.89,0,,,,,5,13.1,ok
TIC 82160224,148.8453,17.3357,9.89,0,,,,,2,11.7,ok
TIC 397480334,181.207,10.8324,9.89,0,,,,,2,9.0,ok
TIC 425312331,168.4811,1.6355,9.89,0,,,,,2,9.9,ok
TIC 63838426,162.5564,13.7867,9.89,0,,,,,2,10.8,ok
TIC 275248334,147.9768,3.5514,9.89,0,,,,,4,9.0,ok
TIC 155234034,124.7517,29.9153,9.89,0,,,,,3,11.0,ok
TIC 374366829,162.7111,0.5282,9.89,0,,20.0,rejete,variabilite_continue,3,10.7,ok
TIC 156671199,192.9386,-8.7241,9.89,0,,,,,1,11.6,ok
TIC 21184455,128.6357,11.9784,9.89,0,,,,,4,9.6,ok
TIC 117414377,132.7192,25.0381,9.89,0,,,,,5,7.9,ok
TIC 396847707,134.1159,10.5208,9.89,0,,,,,4,7.6,ok
TIC 312069344,139.9772,6.5474,9.89,0,,,,,4,13.1,ok
TIC 21289217,129.9571,12.9795,9.89,0,,,,,3,10.2,ok
TIC 117220805,130.0277,25.523,9.89,0,,,,,2,5.6,ok
TIC 1630438,188.1353,-15.523,9.89,0,,,,,3,5.3,ok
TIC 389346150,184.203,11.4986,9.89,0,,,,,2,6.1,ok
TIC 207242868,110.2584,11.6059,9.9,0,,,,,3,11.5,ok
TIC 183655984,196.025,-8.0745,9.9,1,2.31,15.4,a_verifier,,2,8.3,ok
TIC 446673941,178.3859,-3.5578,9.9,0,,,,,1,15.1,ok
TIC 155012162,143.9196,16.0973,9.9,0,,,,,3,16.0,ok
TIC 411255256,196.0378,5.7329,9.9,0,,,,,2,9.4,ok
TIC 388798338,172.0679,9.1604,9.9,0,,,,,2,8.1,ok
TIC 345036823,154.7517,0.5487,9.9,0,,,,,5,17.0,ok
TIC 134963687,197.5051,-6.0487,9.9,0,,,,,1,8.5,ok
TIC 325274397,176.907,5.0199,9.9,0,,,,,2,8.7,ok
TIC 98629896,185.4931,-7.7184,9.9,0,,,,,1,9.4,ok
TIC 418173646,147.0121,9.9835,9.9,0,,,,,2,11.9,ok
TIC 288550165,191.9174,-7.1389,9.9,0,,,,,1,11.9,ok
TIC 350020298,154.4669,10.5455,9.9,0,,,,,2,8.5,ok
TIC 192982532,142.5988,12.2009,9.9,0,,,,,2,10.2,ok
TIC 393729007,201.3227,3.7642,9.9,0,,,,,3,7.4,ok
TIC 319428730,194.2022,-11.2486,9.9,0,,,,,1,7.4,ok
TIC 14435003,124.6886,19.3018,9.9,0,,,,,3,10.5,ok
TIC 349887692,157.3281,21.5538,9.9,0,,,,,3,10.8,ok
TIC 286815361,164.8754,12.8012,9.9,0,,,,,2,10.1,ok
TIC 95364604,154.6411,20.2339,9.9,0,,,,,4,7.8,ok
TIC 173108596,172.6007,-3.2701,9.9,0,,,,,3,10.8,ok
TIC 405947884,142.4319,6.7303,9.9,0,,,,,4,5.5,ok
TIC 35262775,138.6801,14.9232,9.9,0,,,,,3,5.9,ok
TIC 149394777,139.4056,28.2983,9.9,0,,,,,5,10.7,ok
TIC 366699652,182.5108,1.1899,9.91,0,,,,,1,5.1,ok
TIC 157857827,204.3985,-2.3106,9.91,0,,,,,3,4.9,ok
TIC 307680078,129.5371,23.2761,9.91,0,,,,,2,5.3,ok
TIC 390633196,191.3118,6.235,9.91,0,,,,,3,5.6,ok
TIC 47428347,165.2283,-4.7791,9.91,0,,,,,4,10.8,ok
TIC 366788394,198.3539,4.5217,9.91,0,,,,,3,16.0,ok
TIC 95629251,121.7101,27.0115,9.91,0,,,,,4,10.9,ok
TIC 345926866,192.9746,-12.0004,9.91,0,,,,,1,9.7,ok
TIC 114959887,201.0049,-3.2011,9.91,0,,,,,2,7.3,ok
TIC 366483817,126.8785,8.621,9.91,0,,,,,4,13.2,ok
TIC 125551571,145.2169,25.1737,9.91,0,,,,,4,8.5,ok
TIC 149968530,184.4608,4.4697,9.91,0,,,,,1,11.4,ok
TIC 349446030,183.8261,-2.6252,9.91,0,,,,,1,9.5,ok
TIC 393672713,200.3937,3.7651,9.91,0,,,,,3,13.1,ok
TIC 380674301,191.8393,0.3219,9.91,0,,,,,1,6.6,ok
TIC 371590963,173.8273,13.3638,9.91,0,,,,,4,5.8,ok
TIC 365009656,164.8554,11.3672,9.91,0,,,,,2,14.2,ok
TIC 396948151,179.6518,8.4369,9.91,0,,,,,2,9.2,ok
TIC 444000733,131.3603,10.9127,9.91,0,,,,,4,18.4,ok
TIC 82073040,196.6215,0.0508,9.91,0,,,,,3,13.4,ok
TIC 311965377,138.5874,11.0932,9.91,0,,,,,3,13.8,ok
TIC 239151722,113.0255,31.5803,9.91,0,,,,,6,16.9,ok
TIC 35029242,180.2459,-4.5945,9.91,0,,,,,1,13.4,ok
TIC 155557815,159.136,14.0645,9.91,0,,,,,2,13.3,ok
TIC 21287871,129.9126,16.8446,9.91,0,,,,,3,10.4,ok
TIC 1711443,155.7999,-1.6809,9.92,0,,,,,2,16.9,ok
TIC 172753606,125.1846,30.6586,9.92,0,,,,,3,14.7,ok
TIC 376785066,179.9618,4.5595,9.92,0,,,,,1,13.8,ok
TIC 281887316,175.2064,0.9233,9.92,0,,,,,2,13.0,ok
TIC 126236560,133.4261,26.4985,9.92,0,,,,,4,11.5,ok
TIC 197249654,134.3748,22.1028,9.92,0,,,,,3,22.0,ok
TIC 70331549,113.9343,19.686,9.92,0,,,,,3,22.3,ok
TIC 374314328,160.2851,1.9624,9.92,0,,,,,2,8.2,ok
TIC 55266834,139.2954,15.9758,9.92,0,,,,,3,8.3,ok
TIC 173090785,171.7311,-0.5283,9.92,0,,,,,2,6.8,ok
TIC 95310409,152.9949,22.4592,9.92,0,,,,,4,18.9,ok
TIC 363547876,171.3865,1.9676,9.92,0,,,,,2,12.9,ok
TIC 389354693,184.4814,10.0606,9.92,0,,,,,2,14.4,ok
TIC 386908722,137.3843,22.8271,9.92,0,,,,,5,12.7,ok
TIC 175233735,129.8538,19.4593,9.92,0,,,,,3,11.0,ok
TIC 437035834,132.7331,9.4935,9.92,0,,,,,4,14.6,ok
TIC 397487355,182.0745,10.6976,9.92,0,,,,,2,11.1,ok
TIC 82115322,197.1268,-0.8832,9.92,0,,,,,1,11.1,ok
TIC 43110864,126.9538,31.8413,9.92,0,,,,,3,14.8,ok
TIC 149504025,164.3761,15.6523,9.92,0,,,,,3,17.0,ok
TIC 138687224,136.6735,26.0565,9.92,0,,,,,5,21.2,ok
TIC 95470173,155.6521,21.8899,9.93,0,,,,,3,9.6,ok
TIC 361950692,126.5591,31.7815,9.93,0,,,,,4,12.9,ok
TIC 55268857,139.5975,13.082,9.93,0,,,,,2,10.8,ok
TIC 56773361,182.8328,-3.732,9.93,0,,,,,1,9.3,ok
TIC 311967253,138.7405,8.8806,9.93,0,,,,,4,11.9,ok
TIC 47379491,162.7473,-3.624,9.93,0,,,,,4,10.3,ok
TIC 397484710,181.7949,7.0764,9.93,0,,,,,2,9.0,ok
TIC 366787324,198.2467,1.465,9.93,0,,,,,3,8.3,ok
TIC 344890340,151.0596,3.9187,9.93,0,,,,,2,8.2,ok
TIC 3577548,126.9371,25.2427,9.93,0,,,,,3,4.4,ok
TIC 85993728,138.5123,19.6673,9.93,0,,,,,3,4.8,ok
TIC 405647232,141.8396,8.547,9.93,0,,,,,2,4.4,ok
TIC 171556398,156.0446,22.8324,9.93,0,,,,,2,8.5,ok
TIC 60284171,125.0918,13.542,9.93,0,,,,,3,8.8,ok
TIC 152774654,180.6616,-10.152,9.93,0,,,,,2,9.7,ok
TIC 387351465,110.2366,17.6976,9.93,0,,,,,3,14.4,ok
TIC 289945966,191.9429,-16.7697,9.93,0,,,,,3,11.8,ok
TIC 95362186,154.4331,20.8601,9.93,0,,,,,2,15.1,ok
TIC 156818310,147.704,16.1452,9.93,0,,,,,?,259.5,timeout
TIC 172530781,143.0179,27.161,9.93,0,,,,,5,10.8,ok
TIC 337388617,110.287,14.2664,9.93,0,,,,,6,13.9,ok
TIC 124621113,196.052,-3.9751,9.93,0,,,,,1,7.6,ok
TIC 21183716,128.684,13.7879,9.93,0,,,,,3,9.2,ok
TIC 134875683,196.3305,-11.3954,9.93,0,,,,,1,4.4,ok
TIC 380584731,175.4947,10.8593,9.93,0,,,,,3,4.6,ok
TIC 396949058,179.7842,9.1402,9.93,0,,,,,2,10.0,ok
TIC 363546593,171.2435,2.4744,9.94,0,,,,,2,8.2,ok
TIC 86151737,180.3241,12.989,9.94,0,,,,,4,11.7,ok
TIC 302265118,126.1506,27.956,9.94,0,,,,,4,7.4,ok
TIC 95660224,121.8425,28.7918,9.94,0,,,,,4,7.0,ok
TIC 365199282,204.4648,2.3465,9.94,0,,,,,2,5.3,ok
TIC 152851965,182.1025,-10.5991,9.94,0,,,,,2,5.0,ok
TIC 14775954,178.0163,12.4392,9.94,0,,,,,4,9.4,ok
TIC 376865766,181.7666,5.5723,9.94,0,,,,,1,4.9,ok
TIC 60233165,124.8094,16.0695,9.94,0,,,,,3,6.0,ok
TIC 46385120,134.0404,14.3549,9.94,0,,,,,3,6.6,ok
TIC 331955298,131.6762,23.0803,9.94,0,,,,,3,5.7,ok
TIC 397432867,180.2147,7.2087,9.94,0,,,,,2,6.6,ok
TIC 157858244,204.4112,-0.1658,9.94,0,,,,,3,8.1,ok
TIC 144191563,177.485,-5.9942,9.94,0,,,,,3,10.7,ok
TIC 98627347,185.355,-6.4373,9.94,0,,,,,1,7.4,ok
TIC 388768777,171.4878,9.1926,9.94,0,,,,,2,11.3,ok
TIC 84913064,164.1288,19.2294,9.94,0,,,,,2,6.3,ok
TIC 18915591,118.9131,12.669,9.94,0,,,,,6,9.2,ok
TIC 95122775,114.7447,29.596,9.95,0,,,,,4,8.5,ok
TIC 7023481,126.7114,15.0754,9.95,0,,,,,2,7.3,ok
TIC 350429151,166.8798,10.7049,9.95,0,,,,,1,3.6,ok
TIC 184893654,130.8438,21.6716,9.95,0,,,,,4,8.9,ok
TIC 149451816,141.1061,27.6555,9.95,0,,,,,4,8.5,ok
TIC 397482736,181.4373,6.0896,9.95,0,,,,,2,11.3,ok
TIC 294501647,122.2448,13.5617,9.95,0,,,,,7,17.2,ok
TIC 66734016,199.7682,-0.0949,9.95,0,,,,,4,13.4,ok
TIC 302301636,126.0795,25.56,9.95,0,,,,,3,9.0,ok
TIC 312189011,141.3612,7.9067,9.95,0,,,,,2,12.1,ok
TIC 411151453,151.6041,10.4298,9.95,0,,,,,2,11.4,ok
TIC 98724161,186.8893,-9.3878,9.95,0,,,,,1,10.0,ok
TIC 95429605,154.6878,23.8446,9.95,0,,,,,3,6.0,ok
TIC 323688675,137.3262,6.2386,9.95,0,,,,,7,9.9,ok
TIC 184898581,131.1541,19.7108,9.95,0,,,,,4,4.8,ok
TIC 468991785,129.2431,8.5194,9.95,0,,,,,5,7.7,ok
TIC 171601198,157.0242,22.5086,9.95,0,,,,,3,7.3,ok
TIC 388834770,173.1091,9.3201,9.95,0,,,,,2,4.7,ok
TIC 366786018,197.9205,5.6169,9.95,0,,,,,3,4.8,ok
TIC 334476447,123.0166,11.5209,9.95,0,,,,,3,6.5,ok
TIC 171650934,159.3725,18.5161,9.95,0,,,,,4,14.6,ok
TIC 423088276,116.2693,27.8143,9.95,0,,,,,3,9.4,ok
TIC 281930454,177.4675,3.9428,9.95,0,,,,,1,9.1,ok
TIC 374210369,158.5113,3.6658,9.95,0,,,,,2,8.1,ok
TIC 173108058,172.6863,-0.3122,9.95,0,,,,,2,5.2,ok
TIC 387233373,109.8752,17.7965,9.95,0,,,,,3,6.0,ok
TIC 82200888,147.7853,24.3206,9.95,0,,,,,4,8.7,ok
TIC 239207526,157.1951,18.979,9.95,0,,,,,3,9.6,ok
TIC 95237106,115.5477,25.3032,9.95,0,,,,,3,9.8,ok
TIC 77146872,168.3917,14.704,9.96,0,,,,,1,7.3,ok
TIC 374223468,158.521,5.0567,9.96,0,,,,,2,6.5,ok
TIC 430244187,135.1092,8.7509,9.96,0,,,,,4,8.8,ok
TIC 95628583,121.7583,27.7708,9.96,0,,,,,3,9.2,ok
TIC 349887892,157.3869,20.2354,9.96,0,,,,,3,8.3,ok
TIC 61048003,153.4344,15.4213,9.96,0,,,,,2,7.1,ok
TIC 397479576,181.103,8.0475,9.96,0,,,,,2,18.0,ok
TIC 366655412,130.1665,7.7417,9.96,0,,,,,4,9.5,ok
TIC 381725296,197.1635,1.7747,9.96,0,,,,,3,7.6,ok
TIC 70584323,115.4428,20.9079,9.96,0,,,,,3,8.2,ok
TIC 293376162,131.2272,12.1297,9.96,0,,,,,3,6.9,ok
TIC 374338009,160.6443,0.3067,9.96,0,,,,,4,8.3,ok
TIC 397012203,175.919,3.4663,9.96,0,,,,,2,7.6,ok
TIC 275248504,147.986,2.7985,9.96,0,,,,,4,8.3,ok
TIC 61081536,153.719,14.7292,9.96,0,,,,,3,5.2,ok
TIC 117505846,138.0098,27.9038,9.96,0,,,,,3,6.5,ok
TIC 393648467,200.0521,0.3079,9.96,0,,,,,3,7.5,ok
TIC 165851863,122.9279,30.9733,9.96,0,,,,,4,8.8,ok
TIC 366855531,198.7289,5.4335,9.96,0,,,,,3,9.2,ok
TIC 275250721,148.1946,5.6626,9.96,0,,,,,4,7.8,ok
TIC 149365161,138.8192,26.0099,9.96,0,,,,,5,12.7,ok
TIC 67402936,171.1496,14.9134,9.96,0,,,,,4,5.4,ok
TIC 358703028,149.9568,13.4513,9.96,0,,,,,2,5.7,ok
TIC 350330236,165.322,10.7869,9.96,0,,,,,2,6.2,ok
TIC 175240013,129.9302,19.4189,9.96,0,,,,,2,10.2,ok
TIC 365128383,203.1207,2.7535,9.96,0,,,,,4,10.2,ok
TIC 400731218,127.1057,30.5592,9.96,0,,,,,3,6.6,ok
TIC 455271061,146.2669,2.7401,9.96,0,,,,,?,260.1,timeout
TIC 95776575,160.781,20.347,9.96,0,,,,,4,10.7,ok
TIC 377172330,185.2105,0.2748,9.96,0,,,,,1,4.0,ok
TIC 455271271,146.2826,1.8036,9.96,0,,,,,4,6.4,ok
TIC 397486195,181.8824,6.9129,9.96,0,,,,,2,11.3,ok
TIC 286055732,138.0792,5.8314,9.96,0,,,,,?,255.8,timeout
TIC 1750038,156.3679,-0.0966,9.96,0,,,,,3,4.7,ok
TIC 281731203,163.0323,0.4931,9.96,1,5.8168,30.1,rejete,variabilite_continue,5,11.8,ok
TIC 380577448,174.3389,4.7588,9.96,0,,,,,2,7.2,ok
TIC 344954383,152.0414,3.5841,9.96,0,,,,,3,6.8,ok
TIC 239205895,149.336,20.3416,9.96,0,,,,,4,12.7,ok
TIC 307645531,145.3076,16.1739,9.96,0,,,,,?,256.3,timeout
TIC 345896766,192.8263,-17.5876,9.97,0,,,,,2,15.8,ok
TIC 117158460,129.1008,24.8098,9.97,0,,,,,4,11.8,ok
TIC 21273383,129.3628,12.4717,9.97,0,,,,,3,10.5,ok
TIC 97600051,126.5939,26.9959,9.97,0,,,,,7,11.7,ok
TIC 172828543,126.4402,31.6878,9.97,0,,,,,4,12.2,ok
TIC 247121789,112.9268,14.3583,9.97,0,,,,,3,10.0,ok
TIC 97314759,123.2946,25.0522,9.97,0,,,,,3,9.8,ok
TIC 411122991,151.1033,10.3226,9.97,0,,,,,2,19.2,ok
TIC 281884003,165.9462,3.6697,9.97,0,,,,,2,11.8,ok
TIC 393629268,199.0017,2.6528,9.97,0,,,,,3,11.7,ok
TIC 46296617,132.793,13.2597,9.97,0,,,,,1,14.3,ok
TIC 239132906,112.126,31.7532,9.97,0,,,,,4,10.8,ok
TIC 468955089,118.8437,9.3314,9.97,0,,,,,4,15.1,ok
TIC 94917386,113.8016,29.3102,9.97,0,,,,,5,8.2,ok
TIC 239197159,146.7088,26.3787,9.97,0,,,,,3,4.8,ok
TIC 53206818,166.6793,-3.9487,9.97,0,,,,,4,10.7,ok
TIC 178269772,128.2314,23.4935,9.97,0,,,,,3,5.7,ok
TIC 165818644,122.1738,32.4843,9.97,0,,,,,5,10.7,ok
TIC 26831281,112.1719,28.0241,9.97,0,,,,,5,7.3,ok
TIC 392834664,158.1982,8.1533,9.97,0,,,,,2,3.8,ok
TIC 175770542,195.5187,-3.3129,9.97,0,,,,,1,3.7,ok
TIC 405645863,141.944,10.1355,9.97,0,,,,,2,6.9,ok
TIC 87955121,145.9574,21.8322,9.97,0,,,,,4,12.2,ok
TIC 458381175,120.5173,29.2252,9.97,0,,,,,5,9.7,ok
TIC 397483196,181.4859,9.2094,9.97,0,,,,,2,6.8,ok
TIC 86270653,182.0517,12.6185,9.97,0,,,,,2,6.2,ok
TIC 175290574,130.4323,20.2268,9.97,0,,,,,4,6.9,ok
TIC 173090545,171.775,-2.0455,9.97,0,,,,,2,7.2,ok
TIC 67402489,171.1551,12.2934,9.97,0,,,,,2,6.8,ok
TIC 63217169,157.0422,15.4534,9.97,0,,,,,3,5.9,ok
TIC 139365340,125.0764,31.5061,9.97,0,,,,,3,6.9,ok
TIC 381713528,196.8953,3.8178,9.97,0,,,,,3,5.7,ok
TIC 350020775,154.5894,10.6197,9.97,0,,,,,2,5.0,ok
TIC 290651376,141.0193,3.7127,9.97,0,,,,,4,5.6,ok
TIC 115010251,201.5635,-2.7368,9.98,0,,,,,1,10.5,ok
TIC 302307264,126.4974,28.5597,9.98,0,,,,,4,4.5,ok
TIC 77072058,166.7251,17.8082,9.98,0,,,,,4,10.3,ok
TIC 176910080,183.3467,-9.4818,9.98,1,1.8575,51.3,rejete,compagnon_trop_gros_2.4Rjup,2,5.5,ok
TIC 358712530,150.2947,14.0097,9.98,0,,,,,2,4.7,ok
TIC 117121960,128.8618,24.2603,9.98,0,,,,,2,6.0,ok
TIC 86183713,181.0797,12.2826,9.98,0,,,,,3,8.7,ok
TIC 458689249,169.2969,17.4906,9.98,0,,,,,4,7.7,ok
TIC 126239032,133.6711,27.7016,9.98,0,,,,,?,261.2,timeout
TIC 390628648,190.4971,7.9756,9.98,0,,,,,2,8.5,ok
TIC 32425773,189.685,-10.8029,9.98,0,,,,,2,3.5,ok
TIC 82605698,176.65,13.4721,9.98,0,,,,,3,5.6,ok
TIC 97413337,124.0613,25.9935,9.98,0,,,,,3,3.6,ok
TIC 139254844,123.7112,32.502,9.98,0,,,,,4,5.9,ok
TIC 114983428,201.1773,-2.7093,9.98,0,,,,,?,255.8,timeout
TIC 286097964,138.2729,4.5068,9.98,0,,,,,6,10.6,ok
TIC 115018224,201.8558,-0.734,9.98,0,,,,,3,9.0,ok
TIC 381756617,197.7404,1.2649,9.98,0,,,,,3,6.7,ok
TIC 287415947,205.6914,1.9687,9.98,0,,,,,2,5.0,ok
TIC 334481463,123.2745,8.3483,9.98,0,,,,,3,5.9,ok
TIC 344890674,151.1277,2.3607,9.98,0,,,,,3,7.6,ok
TIC 377260518,186.8307,4.9736,9.98,0,,,,,2,2.6,ok
TIC 186813332,124.285,14.5216,9.98,0,,,,,3,4.7,ok
TIC 21244578,129.1471,13.4818,9.98,0,,,,,3,3.9,ok
TIC 175406480,204.9047,-1.5964,9.98,0,,,,,3,3.4,ok
TIC 344956233,152.1888,4.8367,9.98,0,,,,,3,5.3,ok
TIC 143070393,168.3158,-7.2019,9.98,0,,,,,3,6.0,ok
TIC 43132255,127.0468,31.2791,9.98,0,,,,,3,8.1,ok
TIC 180203207,188.8199,-0.5638,9.98,0,,,,,1,3.0,ok
TIC 319463486,194.9422,-10.497,9.98,0,,,,,1,3.5,ok
TIC 397433200,180.3195,7.1422,9.99,0,,,,,1,8.0,ok
TIC 171516998,119.7458,28.9957,9.99,0,,,,,3,5.0,ok
TIC 440764030,108.5924,12.8277,9.99,0,,,,,4,8.8,ok
TIC 411089386,150.2492,9.6789,9.99,0,,,,,2,8.7,ok
TIC 440767881,108.5385,16.4499,9.99,0,,,,,3,6.2,ok
TIC 88006518,147.0074,21.8315,9.99,0,,,,,4,9.8,ok
TIC 77137976,167.9162,12.9305,9.99,0,,,,,2,8.3,ok
TIC 374209934,158.3977,1.3681,9.99,0,,,,,3,7.3,ok
TIC 55378375,140.9886,12.8031,9.99,0,,,,,2,5.7,ok
TIC 26988307,150.853,18.3755,9.99,0,,,,,4,15.1,ok
TIC 197247759,134.296,18.5813,9.99,0,,,,,3,5.1,ok
TIC 87957938,146.2394,21.9331,9.99,0,,,,,4,5.1,ok
TIC 397535784,182.9197,8.4214,9.99,0,,,,,2,4.7,ok
TIC 312188512,141.2962,6.3091,9.99,0,,,,,5,5.8,ok
TIC 59577450,109.2588,20.3231,9.99,0,,,,,3,5.3,ok
TIC 95661386,121.9861,28.4544,9.99,0,,,,,4,5.2,ok
TIC 169227379,160.5306,-1.5452,9.99,0,,,,,3,4.4,ok
TIC 397074446,198.7934,3.4926,9.99,0,,,,,3,4.7,ok
TIC 176869686,182.8178,-10.7245,9.99,0,,,,,3,7.3,ok
TIC 115083276,202.7058,-3.3492,9.99,0,,,,,1,7.1,ok
TIC 348988584,184.0924,-13.7835,9.99,0,,,,,2,10.7,ok
TIC 332109475,135.0757,24.9283,9.99,0,,,,,4,16.2,ok
TIC 126321081,135.0155,29.0407,10.0,0,,,,,3,10.6,ok
TIC 60771967,111.5802,19.6051,10.0,0,,,,,3,14.5,ok
TIC 152702442,179.8611,-9.3434,10.0,0,,,,,3,10.7,ok
TIC 60230900,121.5586,14.791,10.0,0,,,,,3,10.9,ok
TIC 6953523,126.1266,17.4689,10.0,0,,,,,?,257.6,timeout
TIC 292073853,198.1306,-0.8996,10.0,0,,,,,3,15.8,ok
TIC 399073041,187.9692,7.9565,10.0,0,,,,,?,255.2,timeout
TIC 20536293,128.2934,15.1857,10.0,0,,,,,3,4.5,ok
TIC 144197027,177.6617,-6.8795,10.0,0,,,,,?,261.8,timeout
TIC 49505943,175.2516,-0.0365,10.0,0,,,,,?,264.5,timeout
TIC 98581389,184.8272,-8.8409,10.0,0,,,,,3,5.8,ok
TIC 61311257,160.2859,17.8885,10.0,0,,,,,3,6.1,ok
TIC 139227480,123.2486,31.2632,10.0,0,,,,,2,3.6,ok
TIC 247094456,112.6391,13.7184,10.0,0,,,,,3,7.1,ok
TIC 152719838,179.9623,-6.3146,10.01,0,,,,,1,10.9,ok
TIC 173108449,172.6415,-2.4529,10.01,0,,,,,2,16.1,ok
TIC 337630790,130.3617,14.0206,10.01,0,,,,,3,8.2,ok
TIC 389245726,152.1235,6.9974,10.01,0,,,,,2,6.9,ok
TIC 196670888,202.4737,-6.3511,10.01,0,,,,,1,3.7,ok
TIC 171598708,156.7594,20.8632,10.01,0,,,,,3,5.0,ok
TIC 59582240,145.8274,15.0039,10.01,0,,,,,3,6.1,ok
TIC 411218092,194.3675,1.5133,10.01,0,,,,,1,2.3,ok
TIC 117275244,130.7151,24.2095,10.01,0,,,,,3,4.5,ok
TIC 389400890,185.7985,6.1242,10.01,0,,,,,3,4.5,ok
TIC 418172501,146.8462,8.6929,10.01,0,,,,,2,4.9,ok
TIC 389347526,184.3559,10.1347,10.01,0,,,,,1,5.2,ok
TIC 173090104,171.745,-4.6444,10.01,0,,,,,4,5.5,ok
TIC 1749937,156.3782,-0.5322,10.01,0,,,,,3,3.5,ok
TIC 458646186,125.3351,9.1223,10.01,0,,,,,4,8.0,ok
TIC 307733361,129.601,20.106,10.01,0,,,,,4,5.2,ok
TIC 402133480,190.9595,8.6871,10.01,0,,,,,2,3.6,ok
TIC 97312767,123.301,29.782,10.01,0,,,,,4,5.4,ok
TIC 63858257,162.7808,17.0919,10.01,0,,,,,3,5.4,ok
TIC 95846277,162.1519,18.4548,10.01,0,,,,,2,3.9,ok
TIC 393494810,160.4507,12.11,10.01,0,,,,,2,4.6,ok
TIC 281816910,165.1654,2.7589,10.01,0,,,,,2,4.8,ok
TIC 344859392,150.7521,2.6457,10.01,0,,,,,3,6.0,ok
TIC 19027921,119.7691,14.8643,10.01,0,,,,,3,6.5,ok
TIC 393629726,199.0605,0.3428,10.01,0,,,,,3,4.9,ok
TIC 311965731,138.6201,9.4856,10.01,0,,,,,3,4.2,ok
TIC 25956214,194.7027,-13.2742,10.01,0,,,,,2,4.8,ok
TIC 349065160,185.1813,-12.1205,10.02,0,,,,,1,3.4,ok
TIC 411121991,151.0365,7.5126,10.02,0,,,,,2,3.5,ok
TIC 411102693,150.8104,6.382,10.02,0,,,,,2,3.6,ok
TIC 61035800,153.2362,14.529,10.02,0,,,,,2,6.8,ok
TIC 286815357,164.8571,12.7889,10.02,0,,,,,2,6.9,ok
TIC 363532568,171.1778,6.0776,10.02,0,,,,,2,3.4,ok
TIC 374312723,160.0892,1.5767,10.02,0,,,,,3,4.7,ok
TIC 51690905,190.4531,-0.9324,10.02,0,,,,,1,2.5,ok
TIC 117353976,131.4879,24.739,10.02,0,,,,,4,6.1,ok
TIC 149396248,139.4831,26.882,10.02,0,,,,,4,13.8,ok
TIC 165850840,122.7659,30.3144,10.02,0,,,,,4,9.6,ok
TIC 110976871,188.6143,-7.1982,10.02,0,,,,,1,6.0,ok
TIC 291109194,178.6634,10.8789,10.02,0,,,,,4,8.8,ok
TIC 139230877,123.4166,30.1591,10.02,0,,,,,4,9.2,ok
TIC 392843895,158.3093,7.7731,10.02,0,,,,,2,6.7,ok
TIC 35283782,138.7769,14.747,10.02,0,,,,,3,5.9,ok
TIC 10005000289,184.8469,5.8247,10.02,0,,,,,2,4.7,ok
TIC 97312835,123.2606,29.6289,10.02,0,,,,,3,4.6,ok
TIC 397482448,181.4325,8.111,10.02,0,,,,,2,4.6,ok
TIC 388932955,188.041,2.9489,10.02,0,,,,,1,5.8,ok
TIC 46259521,132.5059,17.8745,10.02,0,,,,,3,5.7,ok
TIC 397434766,180.3881,6.2786,10.02,0,,,,,1,6.9,ok
TIC 17862577,118.6773,14.6899,10.02,0,,,,,5,10.5,ok
TIC 95311190,153.0589,18.9598,10.02,0,,,,,3,6.3,ok
TIC 366628607,128.1734,8.7768,10.02,0,,,,,6,7.7,ok
TIC 114985049,201.3229,-2.5473,10.03,0,,,,,1,4.5,ok
TIC 27108283,152.7526,21.733,10.03,0,,,,,4,11.2,ok
TIC 392798578,157.4222,8.9335,10.03,0,,,,,?,255.2,timeout
TIC 117162434,129.6054,24.4882,10.03,0,,,,,2,3.9,ok
TIC 87952264,145.7175,20.9832,10.03,0,,,,,4,5.3,ok
TIC 27626711,123.1362,13.6885,10.03,0,,,,,6,13.5,ok
TIC 393648775,200.108,1.4836,10.03,0,,,,,3,6.1,ok
TIC 239126726,111.1652,32.9244,10.03,0,,,,,4,7.7,ok
TIC 458657448,129.4289,7.6053,10.03,0,,,,,4,6.7,ok
TIC 418149361,146.455,7.2107,10.03,0,,,,,2,8.6,ok
TIC 302303532,126.2211,28.4616,10.03,0,,,,,4,10.0,ok
TIC 184914843,131.3662,21.6535,10.03,0,,,,,4,10.9,ok
TIC 332110142,135.1722,27.6106,10.03,0,,,,,3,8.0,ok
TIC 270511006,135.8329,5.6509,10.03,0,,,,,4,10.3,ok
TIC 171646100,158.799,21.287,10.03,0,,,,,4,9.1,ok
TIC 95859008,162.5365,18.1578,10.03,0,,,,,3,5.9,ok
TIC 411101281,150.575,10.033,10.03,0,,,,,2,15.3,ok
TIC 239209005,169.7021,17.6736,10.03,0,,,,,3,6.7,ok
TIC 178266267,128.073,22.0057,10.03,0,,,,,5,8.7,ok
TIC 397074135,198.7999,5.5548,10.03,0,,,,,3,5.0,ok
TIC 178245246,127.7771,21.398,10.03,0,,,,,3,6.2,ok
TIC 277671968,152.9711,5.3071,10.03,0,,,,,3,4.3,ok
TIC 63882438,163.1855,13.5092,10.03,0,,,,,2,6.4,ok
TIC 458623703,125.052,11.4623,10.03,0,,,,,3,9.9,ok
TIC 97414954,124.2084,25.7197,10.03,0,,,,,3,14.7,ok
TIC 240175632,169.2593,15.4444,10.03,0,,,,,2,6.8,ok
TIC 175406737,204.8607,-0.3843,10.03,0,,,,,3,7.6,ok
TIC 172896896,128.2298,31.7158,10.03,0,,,,,4,7.2,ok
TIC 350437467,167.3261,8.9914,10.04,0,,,,,2,7.8,ok
TIC 286311137,170.5037,-7.5673,10.04,0,,,,,4,12.0,ok
TIC 349088480,185.2986,-14.0024,10.04,0,,,,,3,7.7,ok
TIC 357239872,169.8306,11.9843,10.04,0,,,,,4,14.0,ok
TIC 408817018,127.0865,13.4451,10.04,0,,,,,3,14.4,ok
TIC 377107502,148.83,6.1513,10.04,0,,,,,3,12.2,ok
TIC 366395801,125.9914,9.4492,10.04,0,,,,,5,8.9,ok
TIC 393717302,201.2288,2.7033,10.04,0,,,,,3,5.2,ok
TIC 389358253,184.9405,8.0244,10.04,0,,,,,?,261.7,timeout
TIC 88049933,147.8528,20.7545,10.04,0,,,,,3,5.0,ok
TIC 389361561,185.4708,8.1128,10.04,0,,,,,3,13.9,ok
